06/08/2021 16:44:11	Get Local Settings
06/08/2021 16:44:11	Start Change Local Settings
06/08/2021 16:44:11	Change short date format
06/08/2021 16:44:11	Change Long date format
06/08/2021 16:44:11	Finish Change Local Settings
06/08/2021 16:44:11	Registry Read: Path=SOFTWARE\WEHA\Aplikasi\3
06/08/2021 16:44:11	Registry Read/Write
06/08/2021 16:44:11	Registry Read: Path=SOFTWARE\WEHA\Aplikasi\3
06/08/2021 16:44:11	Create DB Object
06/08/2021 16:44:11	Init DB
06/08/2021 16:44:11	Finish Init DB
06/08/2021 16:44:11	Get File Version
06/08/2021 16:44:11	Change  Caption
06/08/2021 16:44:11	Init Shortkey
06/08/2021 16:44:12	Create DB Object
06/08/2021 16:44:13	Init DB
06/08/2021 16:44:13	Finish Init DB
06/08/2021 16:44:14	Update new version check
06/08/2021 16:44:14	Open DB Connection
06/08/2021 16:44:18	SQL :
06/08/2021 16:44:19	Update check version
06/08/2021 16:44:19	Open DB Connection
06/08/2021 16:44:19	SQL :SELECT version FROM wh_application WHERE application_id=(SELECT MAX(application_id) FROM wh_application);
06/08/2021 16:44:19	Start Login
06/08/2021 16:44:19	Open DB Connection
06/08/2021 16:44:19	SQL :EXEC AuthenticateUser 'pramudyono hadi','6f2b8366efa56f0c06dd6b31fcff8a73';
06/08/2021 16:44:20	SQL :INSERT INTO wh_log (user_id,app_date,app_version,app_version_svr,location_id,company_id,department_id,host_name,ip_address)  VALUES ('pramudyono hadi','06/08/2021','6.1.3.10','6.1.3.10',6,2,13,'DESKTOP-S1PD9OD','192.168.25.214');
06/08/2021 16:44:20	Open DB Connection
06/08/2021 16:44:20	SQL :EXEC GetUserMenu 'pramudyono hadi';
06/08/2021 16:44:20	SQL :EXEC GetUserSubMenu 'pramudyono hadi','11';
06/08/2021 16:44:20	SQL :EXEC GetUserTreeMenu 'pramudyono hadi','1101',@CompanyId=2;
06/08/2021 16:44:20	SQL :EXEC GetUserTreeMenu 'pramudyono hadi','1102',@CompanyId=2;
06/08/2021 16:44:20	SQL :EXEC GetUserTreeMenu 'pramudyono hadi','1103',@CompanyId=2;
06/08/2021 16:44:20	SQL :EXEC GetUserTreeMenu 'pramudyono hadi','1104',@CompanyId=2;
06/08/2021 16:44:20	SQL :EXEC GetUserTreeMenu 'pramudyono hadi','1105',@CompanyId=2;
06/08/2021 16:44:20	SQL :EXEC GetUserTreeMenu 'pramudyono hadi','1106',@CompanyId=2;
06/08/2021 16:44:20	SQL :EXEC GetUserTreeMenu 'pramudyono hadi','1107',@CompanyId=2;
06/08/2021 16:44:20	SQL :EXEC GetUserTreeMenu 'pramudyono hadi','1108',@CompanyId=2;
06/08/2021 16:44:20	SQL :EXEC GetUserTreeMenu 'pramudyono hadi','1109',@CompanyId=2;
06/08/2021 16:44:20	SQL :EXEC GetUserTreeMenu 'pramudyono hadi','1110',@CompanyId=2;
06/08/2021 16:44:20	SQL :EXEC GetUserTreeMenu 'pramudyono hadi','1111',@CompanyId=2;
06/08/2021 16:44:20	SQL :EXEC GetUserTreeMenu 'pramudyono hadi','1112',@CompanyId=2;
06/08/2021 16:44:20	SQL :EXEC GetUserTreeMenu 'pramudyono hadi','1113',@CompanyId=2;
06/08/2021 16:44:20	SQL :EXEC GetUserTreeMenu 'pramudyono hadi','1114',@CompanyId=2;
06/08/2021 16:44:20	SQL :EXEC GetUserTreeMenu 'pramudyono hadi','1115',@CompanyId=2;
06/08/2021 16:44:20	SQL :EXEC GetUserTreeMenu 'pramudyono hadi','1116',@CompanyId=2;
06/08/2021 16:44:20	SQL :EXEC GetUserTreeMenu 'pramudyono hadi','1117',@CompanyId=2;
06/08/2021 16:44:20	SQL :EXEC GetUserTreeMenu 'pramudyono hadi','1198',@CompanyId=2;
06/08/2021 16:44:20	SQL :EXEC GetUserTreeMenu 'pramudyono hadi','1199',@CompanyId=2;
06/08/2021 16:44:21	SQL :EXEC GetUserSubMenu 'pramudyono hadi','12';
06/08/2021 16:44:21	SQL :EXEC GetUserTreeMenu 'pramudyono hadi','1201',@CompanyId=2;
06/08/2021 16:44:21	SQL :EXEC GetUserTreeMenu 'pramudyono hadi','1202',@CompanyId=2;
06/08/2021 16:44:21	SQL :EXEC GetUserTreeMenu 'pramudyono hadi','1203',@CompanyId=2;
06/08/2021 16:44:21	SQL :EXEC GetUserTreeMenu 'pramudyono hadi','1204',@CompanyId=2;
06/08/2021 16:44:21	SQL :EXEC GetUserTreeMenu 'pramudyono hadi','1205',@CompanyId=2;
06/08/2021 16:44:21	SQL :EXEC GetUserTreeMenu 'pramudyono hadi','1206',@CompanyId=2;
06/08/2021 16:44:21	SQL :EXEC GetUserTreeMenu 'pramudyono hadi','1207',@CompanyId=2;
06/08/2021 16:44:21	SQL :EXEC GetUserSubMenu 'pramudyono hadi','13';
06/08/2021 16:44:21	SQL :EXEC GetUserTreeMenu 'pramudyono hadi','1301',@CompanyId=2;
06/08/2021 16:44:21	SQL :EXEC GetUserTreeMenu 'pramudyono hadi','1302',@CompanyId=2;
06/08/2021 16:44:21	SQL :EXEC GetUserTreeMenu 'pramudyono hadi','1303',@CompanyId=2;
06/08/2021 16:44:21	SQL :EXEC GetUserTreeMenu 'pramudyono hadi','1304',@CompanyId=2;
06/08/2021 16:44:21	SQL :EXEC GetUserTreeMenu 'pramudyono hadi','1305',@CompanyId=2;
06/08/2021 16:44:21	SQL :EXEC GetUserTreeMenu 'pramudyono hadi','1306',@CompanyId=2;
06/08/2021 16:44:21	SQL :EXEC GetUserTreeMenu 'pramudyono hadi','1307',@CompanyId=2;
06/08/2021 16:44:21	SQL :EXEC GetUserTreeMenu 'pramudyono hadi','1308',@CompanyId=2;
06/08/2021 16:44:21	SQL :EXEC GetUserTreeMenu 'pramudyono hadi','1309',@CompanyId=2;
06/08/2021 16:44:21	SQL :EXEC GetUserTreeMenu 'pramudyono hadi','1310',@CompanyId=2;
06/08/2021 16:44:21	SQL :EXEC GetUserTreeMenu 'pramudyono hadi','1311',@CompanyId=2;
06/08/2021 16:44:21	SQL :EXEC GetUserTreeMenu 'pramudyono hadi','1312',@CompanyId=2;
06/08/2021 16:44:21	SQL :EXEC GetUserTreeMenu 'pramudyono hadi','1313',@CompanyId=2;
06/08/2021 16:44:21	SQL :EXEC GetUserTreeMenu 'pramudyono hadi','1314',@CompanyId=2;
06/08/2021 16:44:21	SQL :EXEC GetUserTreeMenu 'pramudyono hadi','1315',@CompanyId=2;
06/08/2021 16:44:21	SQL :EXEC GetUserTreeMenu 'pramudyono hadi','1316',@CompanyId=2;
06/08/2021 16:44:21	SQL :EXEC GetUserTreeMenu 'pramudyono hadi','1317',@CompanyId=2;
06/08/2021 16:44:21	SQL :EXEC GetUserTreeMenu 'pramudyono hadi','1318',@CompanyId=2;
06/08/2021 16:44:21	SQL :EXEC GetUserTreeMenu 'pramudyono hadi','1319',@CompanyId=2;
06/08/2021 16:44:21	SQL :EXEC GetUserTreeMenu 'pramudyono hadi','1320',@CompanyId=2;
06/08/2021 16:44:21	SQL :EXEC GetUserTreeMenu 'pramudyono hadi','1321',@CompanyId=2;
06/08/2021 16:44:21	SQL :EXEC GetUserSubMenu 'pramudyono hadi','14';
06/08/2021 16:44:21	SQL :EXEC GetUserTreeMenu 'pramudyono hadi','1401',@CompanyId=2;
06/08/2021 16:44:21	SQL :EXEC GetUserTreeMenu 'pramudyono hadi','1402',@CompanyId=2;
06/08/2021 16:44:22	SQL :EXEC GetUserTreeMenu 'pramudyono hadi','1403',@CompanyId=2;
06/08/2021 16:44:22	SQL :EXEC GetUserTreeMenu 'pramudyono hadi','1404',@CompanyId=2;
06/08/2021 16:44:22	SQL :EXEC GetUserTreeMenu 'pramudyono hadi','1406',@CompanyId=2;
06/08/2021 16:44:22	SQL :EXEC GetUserTreeMenu 'pramudyono hadi','1408',@CompanyId=2;
06/08/2021 16:44:22	SQL :EXEC GetUserTreeMenu 'pramudyono hadi','1410',@CompanyId=2;
06/08/2021 16:44:22	SQL :EXEC GetUserTreeMenu 'pramudyono hadi','1411',@CompanyId=2;
06/08/2021 16:44:22	SQL :EXEC GetUserTreeMenu 'pramudyono hadi','1412',@CompanyId=2;
06/08/2021 16:44:22	SQL :EXEC GetUserTreeMenu 'pramudyono hadi','1413',@CompanyId=2;
06/08/2021 16:44:22	SQL :EXEC GetUserTreeMenu 'pramudyono hadi','1414',@CompanyId=2;
06/08/2021 16:44:22	SQL :EXEC GetUserSubMenu 'pramudyono hadi','15';
06/08/2021 16:44:22	SQL :EXEC GetUserTreeMenu 'pramudyono hadi','1501',@CompanyId=2;
06/08/2021 16:44:22	SQL :EXEC GetUserTreeMenu 'pramudyono hadi','1502',@CompanyId=2;
06/08/2021 16:44:22	SQL :EXEC GetUserTreeMenu 'pramudyono hadi','1503',@CompanyId=2;
06/08/2021 16:44:22	SQL :EXEC GetUserTreeMenu 'pramudyono hadi','1504',@CompanyId=2;
06/08/2021 16:44:22	SQL :EXEC GetUserTreeMenu 'pramudyono hadi','1505',@CompanyId=2;
06/08/2021 16:44:22	SQL :EXEC GetUserTreeMenu 'pramudyono hadi','1506',@CompanyId=2;
06/08/2021 16:44:22	SQL :EXEC GetUserTreeMenu 'pramudyono hadi','1507',@CompanyId=2;
06/08/2021 16:44:22	SQL :EXEC GetUserTreeMenu 'pramudyono hadi','1508',@CompanyId=2;
06/08/2021 16:44:22	SQL :EXEC GetUserTreeMenu 'pramudyono hadi','1509',@CompanyId=2;
06/08/2021 16:44:22	SQL :EXEC GetUserTreeMenu 'pramudyono hadi','1510',@CompanyId=2;
06/08/2021 16:44:22	SQL :EXEC GetUserTreeMenu 'pramudyono hadi','1511',@CompanyId=2;
06/08/2021 16:44:22	SQL :EXEC GetUserSubMenu 'pramudyono hadi','16';
06/08/2021 16:44:22	SQL :EXEC GetUserTreeMenu 'pramudyono hadi','1601',@CompanyId=2;
06/08/2021 16:44:22	SQL :EXEC GetUserTreeMenu 'pramudyono hadi','1602',@CompanyId=2;
06/08/2021 16:44:22	SQL :EXEC GetUserTreeMenu 'pramudyono hadi','1603',@CompanyId=2;
06/08/2021 16:44:22	SQL :EXEC GetUserTreeMenu 'pramudyono hadi','1604',@CompanyId=2;
06/08/2021 16:44:22	SQL :EXEC GetUserTreeMenu 'pramudyono hadi','1605',@CompanyId=2;
06/08/2021 16:44:22	SQL :EXEC GetUserTreeMenu 'pramudyono hadi','1606',@CompanyId=2;
06/08/2021 16:44:22	SQL :EXEC GetUserTreeMenu 'pramudyono hadi','1607',@CompanyId=2;
06/08/2021 16:44:22	SQL :EXEC GetUserTreeMenu 'pramudyono hadi','1608',@CompanyId=2;
06/08/2021 16:44:22	SQL :EXEC GetUserTreeMenu 'pramudyono hadi','1609',@CompanyId=2;
06/08/2021 16:44:22	SQL :EXEC GetUserTreeMenu 'pramudyono hadi','1610',@CompanyId=2;
06/08/2021 16:44:22	SQL :EXEC GetUserTreeMenu 'pramudyono hadi','1611',@CompanyId=2;
06/08/2021 16:44:23	SQL :EXEC GetUserTreeMenu 'pramudyono hadi','1612',@CompanyId=2;
06/08/2021 16:44:23	SQL :EXEC GetUserTreeMenu 'pramudyono hadi','1613',@CompanyId=2;
06/08/2021 16:44:23	SQL :EXEC GetUserTreeMenu 'pramudyono hadi','1614',@CompanyId=2;
06/08/2021 16:44:23	SQL :EXEC GetUserTreeMenu 'pramudyono hadi','1615',@CompanyId=2;
06/08/2021 16:44:23	SQL :EXEC GetUserTreeMenu 'pramudyono hadi','1616',@CompanyId=2;
06/08/2021 16:44:23	SQL :EXEC GetUserTreeMenu 'pramudyono hadi','1619',@CompanyId=2;
06/08/2021 16:44:23	SQL :EXEC GetUserTreeMenu 'pramudyono hadi','1620',@CompanyId=2;
06/08/2021 16:44:23	SQL :EXEC GetUserSubMenu 'pramudyono hadi','17';
06/08/2021 16:44:23	SQL :EXEC GetUserTreeMenu 'pramudyono hadi','1701',@CompanyId=2;
06/08/2021 16:44:23	SQL :EXEC GetUserTreeMenu 'pramudyono hadi','1702',@CompanyId=2;
06/08/2021 16:44:23	SQL :EXEC GetUserTreeMenu 'pramudyono hadi','1703',@CompanyId=2;
06/08/2021 16:44:23	SQL :EXEC GetUserTreeMenu 'pramudyono hadi','1704',@CompanyId=2;
06/08/2021 16:44:23	SQL :EXEC GetUserTreeMenu 'pramudyono hadi','1705',@CompanyId=2;
06/08/2021 16:44:23	SQL :EXEC GetUserTreeMenu 'pramudyono hadi','1706',@CompanyId=2;
06/08/2021 16:44:23	SQL :EXEC GetUserTreeMenu 'pramudyono hadi','1707',@CompanyId=2;
06/08/2021 16:44:23	SQL :EXEC GetUserTreeMenu 'pramudyono hadi','1708',@CompanyId=2;
06/08/2021 16:44:23	SQL :EXEC GetUserTreeMenu 'pramudyono hadi','1709',@CompanyId=2;
06/08/2021 16:44:23	SQL :EXEC GetUserTreeMenu 'pramudyono hadi','1710',@CompanyId=2;
06/08/2021 16:44:23	SQL :EXEC GetUserTreeMenu 'pramudyono hadi','1711',@CompanyId=2;
06/08/2021 16:44:23	SQL :EXEC GetUserTreeMenu 'pramudyono hadi','1712',@CompanyId=2;
06/08/2021 16:44:23	SQL :EXEC GetUserTreeMenu 'pramudyono hadi','1713',@CompanyId=2;
06/08/2021 16:44:23	SQL :EXEC GetUserTreeMenu 'pramudyono hadi','1714',@CompanyId=2;
06/08/2021 16:44:23	SQL :EXEC GetUserTreeMenu 'pramudyono hadi','1715',@CompanyId=2;
06/08/2021 16:44:23	SQL :EXEC GetUserTreeMenu 'pramudyono hadi','1716',@CompanyId=2;
06/08/2021 16:44:23	SQL :EXEC GetUserTreeMenu 'pramudyono hadi','1717',@CompanyId=2;
06/08/2021 16:44:23	SQL :EXEC GetUserSubMenu 'pramudyono hadi','18';
06/08/2021 16:44:23	SQL :EXEC GetUserTreeMenu 'pramudyono hadi','1801',@CompanyId=2;
06/08/2021 16:44:23	SQL :EXEC GetUserSubMenu 'pramudyono hadi','19';
06/08/2021 16:44:23	SQL :EXEC GetUserTreeMenu 'pramudyono hadi','1901',@CompanyId=2;
06/08/2021 16:44:23	SQL :EXEC GetUserTreeMenu 'pramudyono hadi','1902',@CompanyId=2;
06/08/2021 16:44:23	SQL :EXEC GetUserTreeMenu 'pramudyono hadi','1903',@CompanyId=2;
06/08/2021 16:44:23	SQL :EXEC GetUserTreeMenu 'pramudyono hadi','1904',@CompanyId=2;
06/08/2021 16:44:23	SQL :EXEC GetUserTreeMenu 'pramudyono hadi','1905',@CompanyId=2;
06/08/2021 16:44:23	SQL :EXEC GetUserTreeMenu 'pramudyono hadi','1906',@CompanyId=2;
06/08/2021 16:44:24	SQL :EXEC GetUserTreeMenu 'pramudyono hadi','1907',@CompanyId=2;
06/08/2021 16:44:24	SQL :EXEC GetUserTreeMenu 'pramudyono hadi','1908',@CompanyId=2;
06/08/2021 16:44:24	SQL :EXEC GetUserTreeMenu 'pramudyono hadi','1909',@CompanyId=2;
06/08/2021 16:44:24	SQL :EXEC GetUserTreeMenu 'pramudyono hadi','1910',@CompanyId=2;
06/08/2021 16:44:24	SQL :EXEC GetUserTreeMenu 'pramudyono hadi','1911',@CompanyId=2;
06/08/2021 16:44:24	SQL :EXEC GetUserTreeMenu 'pramudyono hadi','1912',@CompanyId=2;
06/08/2021 16:44:24	SQL :SELECT CONVERT(VARCHAR(8),GETDATE(),108) AS hour_minute;
06/08/2021 16:44:24	SQL :SELECT CONVERT(VARCHAR(10),GETDATE(),103) AS date_time;
06/08/2021 16:44:24	Loading Setting
06/08/2021 16:44:24	Open DB Connection
06/08/2021 16:44:24	SQL :SELECT * FROM wh_setting WHERE setting_name='Hold_Less_Deposit';
06/08/2021 16:44:24	SQL :SELECT * FROM wh_setting WHERE setting_name='Max_Less_Deposit';
06/08/2021 16:44:24	SQL :SELECT * FROM wh_setting WHERE setting_name='Dashboard_2';
06/08/2021 16:44:24	Finish Logging
06/08/2021 16:44:24	SQL :SELECT value_string FROM wh_setting WHERE (setting_name='Interval_CheckInDate') AND (active=1);
06/08/2021 16:44:24	SQL :SELECT value_string FROM wh_setting WHERE (setting_name='Interval_CheckInTime') AND (active=1);
06/08/2021 16:44:24	SQL :SELECT value_string FROM wh_setting WHERE (setting_name='ChatEnable') and (active=1);
06/08/2021 16:44:25	Message:Port Check
06/08/2021 16:44:25	Message:Open DB Connection
06/08/2021 16:44:25	SQL :EXEC GetMessage '01','pramudyono hadi';
06/08/2021 16:44:25	SQL :SELECT CONVERT(VARCHAR(8),GETDATE(),108) AS hour_minute;
06/08/2021 16:44:25	SQL :SELECT CONVERT(VARCHAR(10),GETDATE(),103) AS date_time;
06/08/2021 16:44:28	Open Menu :190507
06/08/2021 16:44:28	Open DB Connection
06/08/2021 16:44:28	SQL :EXEC AuthMenu 'pramudyono hadi',190507;
06/08/2021 16:44:28	Form Check :BusRunningDaysminiRpt
06/08/2021 16:44:28	Form Open: BusRunningDaysMiniRpt=,0
06/08/2021 16:44:28	Open DB Connection
06/08/2021 16:44:28	SQL :EXEC GetCompanyLocationList
06/08/2021 16:44:28	SQL :EXEC GetUserRDLocationList @UserName='pramudyono hadi' ;
06/08/2021 16:44:28	SQL :EXEC GetGroup 2;
06/08/2021 16:44:28	Open DB Connection
06/08/2021 16:44:34	Open DB Connection
06/08/2021 16:44:36	Open DB Connection
06/08/2021 16:44:36	SQL :SELECT * FROM wh_setting WHERE (setting_name='ServiceBerkala_as_PKB_2') AND (active=1);
06/08/2021 16:44:36	Open DB Connection
06/08/2021 16:44:36	SQL :EXEC GetVhcList 6,@CompanyId=2,@BatchId=10,@OrderBy='h.vhc_batch_id,seat,license_plate',@ShowBatch=1,@Dates='2021/08/31';
06/08/2021 16:44:36	SQL :EXEC GetRunningDaysDetail 'BS220010001',@FromDate='2021-08-01',@ToDate='2021-08-31', @CompanyId=2;
06/08/2021 16:44:36	SQL :EXEC GetRunningDaysDetail 'BS220010002',@FromDate='2021-08-01',@ToDate='2021-08-31', @CompanyId=2;
06/08/2021 16:44:36	SQL :EXEC GetRunningDaysDetail 'BS220010003',@FromDate='2021-08-01',@ToDate='2021-08-31', @CompanyId=2;
06/08/2021 16:44:37	SQL :EXEC GetRunningDaysDetail 'BS220010004',@FromDate='2021-08-01',@ToDate='2021-08-31', @CompanyId=2;
06/08/2021 16:44:37	SQL :EXEC GetRunningDaysDetail 'BS220010005',@FromDate='2021-08-01',@ToDate='2021-08-31', @CompanyId=2;
06/08/2021 16:44:37	SQL :EXEC GetRunningDaysDetail 'BU13090054',@FromDate='2021-08-01',@ToDate='2021-08-31', @CompanyId=2;
06/08/2021 16:44:37	SQL :EXEC GetRunningDaysDetail 'BU13090057',@FromDate='2021-08-01',@ToDate='2021-08-31', @CompanyId=2;
06/08/2021 16:44:38	SQL :EXEC GetRunningDaysDetail 'BS14050001',@FromDate='2021-08-01',@ToDate='2021-08-31', @CompanyId=2;
06/08/2021 16:44:38	SQL :EXEC GetRunningDaysDetail 'BU13090044',@FromDate='2021-08-01',@ToDate='2021-08-31', @CompanyId=2;
06/08/2021 16:44:38	SQL :EXEC GetRunningDaysDetail 'BU13090046',@FromDate='2021-08-01',@ToDate='2021-08-31', @CompanyId=2;
06/08/2021 16:44:39	SQL :EXEC GetRunningDaysDetail 'BU13090047',@FromDate='2021-08-01',@ToDate='2021-08-31', @CompanyId=2;
06/08/2021 16:44:39	SQL :EXEC GetRunningDaysDetail 'BU13090048',@FromDate='2021-08-01',@ToDate='2021-08-31', @CompanyId=2;
06/08/2021 16:44:39	SQL :EXEC GetRunningDaysDetail 'BU13090051',@FromDate='2021-08-01',@ToDate='2021-08-31', @CompanyId=2;
06/08/2021 16:44:40	SQL :EXEC GetRunningDaysDetail 'BU13090056',@FromDate='2021-08-01',@ToDate='2021-08-31', @CompanyId=2;
06/08/2021 16:44:41	SQL :EXEC GetRunningDaysDetail 'BS14050005',@FromDate='2021-08-01',@ToDate='2021-08-31', @CompanyId=2;
06/08/2021 16:44:41	SQL :EXEC GetRunningDaysDetail 'BS14050002',@FromDate='2021-08-01',@ToDate='2021-08-31', @CompanyId=2;
06/08/2021 16:44:42	SQL :EXEC GetRunningDaysDetail 'BS14050003',@FromDate='2021-08-01',@ToDate='2021-08-31', @CompanyId=2;
06/08/2021 16:44:43	SQL :EXEC GetRunningDaysDetail 'BS14050004',@FromDate='2021-08-01',@ToDate='2021-08-31', @CompanyId=2;
06/08/2021 16:44:43	SQL :EXEC GetRunningDaysDetail 'BS14050008',@FromDate='2021-08-01',@ToDate='2021-08-31', @CompanyId=2;
06/08/2021 16:44:44	SQL :EXEC GetRunningDaysDetail 'BS14050006',@FromDate='2021-08-01',@ToDate='2021-08-31', @CompanyId=2;
06/08/2021 16:45:41	Open DB Connection
06/08/2021 16:45:41	SQL :SELECT * FROM wh_setting WHERE (setting_name='ServiceBerkala_as_PKB_2') AND (active=1);
06/08/2021 16:45:41	Open DB Connection
06/08/2021 16:45:41	SQL :EXEC GetVhcList 6,@CompanyId=2,@BatchId=10,@OrderBy='h.vhc_batch_id,seat,license_plate',@ShowBatch=1,@Dates='2021/08/31';
06/08/2021 16:45:42	SQL :EXEC GetRunningDaysDetail 'BS220010001',@FromDate='2021-08-01',@ToDate='2021-08-31', @CompanyId=2;
06/08/2021 16:45:42	SQL :EXEC GetRunningDaysDetail 'BS220010002',@FromDate='2021-08-01',@ToDate='2021-08-31', @CompanyId=2;
06/08/2021 16:45:42	SQL :EXEC GetRunningDaysDetail 'BS220010003',@FromDate='2021-08-01',@ToDate='2021-08-31', @CompanyId=2;
06/08/2021 16:45:42	SQL :EXEC GetRunningDaysDetail 'BS220010004',@FromDate='2021-08-01',@ToDate='2021-08-31', @CompanyId=2;
06/08/2021 16:45:42	SQL :EXEC GetRunningDaysDetail 'BS220010005',@FromDate='2021-08-01',@ToDate='2021-08-31', @CompanyId=2;
06/08/2021 16:45:42	SQL :EXEC GetRunningDaysDetail 'BU13090054',@FromDate='2021-08-01',@ToDate='2021-08-31', @CompanyId=2;
06/08/2021 16:45:43	SQL :EXEC GetRunningDaysDetail 'BU13090057',@FromDate='2021-08-01',@ToDate='2021-08-31', @CompanyId=2;
06/08/2021 16:45:43	SQL :EXEC GetRunningDaysDetail 'BS14050001',@FromDate='2021-08-01',@ToDate='2021-08-31', @CompanyId=2;
06/08/2021 16:45:44	SQL :EXEC GetRunningDaysDetail 'BU13090044',@FromDate='2021-08-01',@ToDate='2021-08-31', @CompanyId=2;
06/08/2021 16:45:44	SQL :EXEC GetRunningDaysDetail 'BU13090046',@FromDate='2021-08-01',@ToDate='2021-08-31', @CompanyId=2;
06/08/2021 16:45:45	SQL :EXEC GetRunningDaysDetail 'BU13090047',@FromDate='2021-08-01',@ToDate='2021-08-31', @CompanyId=2;
06/08/2021 16:45:45	SQL :EXEC GetRunningDaysDetail 'BU13090048',@FromDate='2021-08-01',@ToDate='2021-08-31', @CompanyId=2;
06/08/2021 16:45:46	SQL :EXEC GetRunningDaysDetail 'BU13090051',@FromDate='2021-08-01',@ToDate='2021-08-31', @CompanyId=2;
06/08/2021 16:45:46	SQL :EXEC GetRunningDaysDetail 'BU13090056',@FromDate='2021-08-01',@ToDate='2021-08-31', @CompanyId=2;
06/08/2021 16:45:46	SQL :EXEC GetRunningDaysDetail 'BS14050005',@FromDate='2021-08-01',@ToDate='2021-08-31', @CompanyId=2;
06/08/2021 16:45:47	SQL :EXEC GetRunningDaysDetail 'BS14050002',@FromDate='2021-08-01',@ToDate='2021-08-31', @CompanyId=2;
06/08/2021 16:45:48	SQL :EXEC GetRunningDaysDetail 'BS14050003',@FromDate='2021-08-01',@ToDate='2021-08-31', @CompanyId=2;
06/08/2021 16:45:48	SQL :EXEC GetRunningDaysDetail 'BS14050004',@FromDate='2021-08-01',@ToDate='2021-08-31', @CompanyId=2;
06/08/2021 16:45:49	SQL :EXEC GetRunningDaysDetail 'BS14050008',@FromDate='2021-08-01',@ToDate='2021-08-31', @CompanyId=2;
06/08/2021 16:45:49	SQL :EXEC GetRunningDaysDetail 'BS14050006',@FromDate='2021-08-01',@ToDate='2021-08-31', @CompanyId=2;
06/08/2021 16:46:12	Open Menu :110105
06/08/2021 16:46:12	Open DB Connection
06/08/2021 16:46:12	SQL :EXEC AuthMenu 'pramudyono hadi',110105;
06/08/2021 16:46:12	Open DB Connection
06/08/2021 16:46:13	Open DB Connection
06/08/2021 16:46:14	Open DB Connection
06/08/2021 16:46:14	Open DB Connection
06/08/2021 16:46:14	Open DB Connection
06/08/2021 16:46:26	Open Menu :110104
06/08/2021 16:46:26	Open DB Connection
06/08/2021 16:46:26	SQL :EXEC AuthMenu 'pramudyono hadi',110104;
06/08/2021 16:46:26	Open DB Connection
06/08/2021 16:46:28	Open DB Connection
06/08/2021 16:46:28	Open DB Connection
06/08/2021 16:46:29	Open DB Connection
06/08/2021 16:46:29	Open DB Connection
06/08/2021 16:46:31	Open DB Connection
06/08/2021 16:46:31	Open DB Connection
06/08/2021 16:47:11	Open DB Connection
06/08/2021 16:47:12	Open DB Connection
06/08/2021 16:47:12	Open DB Connection
06/08/2021 16:47:15	Open DB Connection
06/08/2021 16:47:15	Open DB Connection
06/08/2021 16:47:21	Open DB Connection
06/08/2021 16:47:21	Open DB Connection
06/08/2021 16:47:22	Open DB Connection
06/08/2021 16:47:22	Open DB Connection
06/08/2021 16:47:22	Open DB Connection
06/08/2021 16:47:22	Open DB Connection
06/08/2021 16:47:23	Open DB Connection
06/08/2021 16:47:23	Open DB Connection
06/08/2021 16:47:24	Open DB Connection
06/08/2021 16:47:25	Open DB Connection
06/08/2021 16:47:51	Open DB Connection
06/08/2021 16:47:51	SQL :SELECT * FROM wh_setting WHERE (setting_name='ServiceBerkala_as_PKB_2') AND (active=1);
06/08/2021 16:47:51	Open DB Connection
06/08/2021 16:47:51	SQL :EXEC GetVhcList 6,@CompanyId=2,@BatchId=10,@OrderBy='h.vhc_batch_id,seat,license_plate',@ShowBatch=1,@Dates='2021/08/31';
06/08/2021 16:47:51	SQL :EXEC GetRunningDaysDetail 'BS220010001',@FromDate='2021-08-01',@ToDate='2021-08-31', @CompanyId=2;
06/08/2021 16:47:51	SQL :EXEC GetRunningDaysDetail 'BS220010002',@FromDate='2021-08-01',@ToDate='2021-08-31', @CompanyId=2;
06/08/2021 16:47:51	SQL :EXEC GetRunningDaysDetail 'BS220010003',@FromDate='2021-08-01',@ToDate='2021-08-31', @CompanyId=2;
06/08/2021 16:47:52	SQL :EXEC GetRunningDaysDetail 'BS220010004',@FromDate='2021-08-01',@ToDate='2021-08-31', @CompanyId=2;
06/08/2021 16:47:52	SQL :EXEC GetRunningDaysDetail 'BS220010005',@FromDate='2021-08-01',@ToDate='2021-08-31', @CompanyId=2;
06/08/2021 16:47:52	SQL :EXEC GetRunningDaysDetail 'BU13090054',@FromDate='2021-08-01',@ToDate='2021-08-31', @CompanyId=2;
06/08/2021 16:47:52	SQL :EXEC GetRunningDaysDetail 'BU13090057',@FromDate='2021-08-01',@ToDate='2021-08-31', @CompanyId=2;
06/08/2021 16:47:53	SQL :EXEC GetRunningDaysDetail 'BS14050001',@FromDate='2021-08-01',@ToDate='2021-08-31', @CompanyId=2;
06/08/2021 16:47:53	SQL :EXEC GetRunningDaysDetail 'BU13090044',@FromDate='2021-08-01',@ToDate='2021-08-31', @CompanyId=2;
06/08/2021 16:47:53	SQL :EXEC GetRunningDaysDetail 'BU13090046',@FromDate='2021-08-01',@ToDate='2021-08-31', @CompanyId=2;
06/08/2021 16:47:54	SQL :EXEC GetRunningDaysDetail 'BU13090047',@FromDate='2021-08-01',@ToDate='2021-08-31', @CompanyId=2;
06/08/2021 16:47:54	SQL :EXEC GetRunningDaysDetail 'BU13090048',@FromDate='2021-08-01',@ToDate='2021-08-31', @CompanyId=2;
06/08/2021 16:47:54	SQL :EXEC GetRunningDaysDetail 'BU13090051',@FromDate='2021-08-01',@ToDate='2021-08-31', @CompanyId=2;
06/08/2021 16:47:55	SQL :EXEC GetRunningDaysDetail 'BU13090056',@FromDate='2021-08-01',@ToDate='2021-08-31', @CompanyId=2;
06/08/2021 16:47:55	SQL :EXEC GetRunningDaysDetail 'BS14050005',@FromDate='2021-08-01',@ToDate='2021-08-31', @CompanyId=2;
06/08/2021 16:47:56	SQL :EXEC GetRunningDaysDetail 'BS14050002',@FromDate='2021-08-01',@ToDate='2021-08-31', @CompanyId=2;
06/08/2021 16:47:58	SQL :EXEC GetRunningDaysDetail 'BS14050003',@FromDate='2021-08-01',@ToDate='2021-08-31', @CompanyId=2;
06/08/2021 16:47:59	SQL :EXEC GetRunningDaysDetail 'BS14050004',@FromDate='2021-08-01',@ToDate='2021-08-31', @CompanyId=2;
06/08/2021 16:47:59	SQL :EXEC GetRunningDaysDetail 'BS14050008',@FromDate='2021-08-01',@ToDate='2021-08-31', @CompanyId=2;
06/08/2021 16:48:00	SQL :EXEC GetRunningDaysDetail 'BS14050006',@FromDate='2021-08-01',@ToDate='2021-08-31', @CompanyId=2;
06/08/2021 16:48:59	Open DB Connection
06/08/2021 16:48:59	SQL :SELECT * FROM wh_setting WHERE (setting_name='ServiceBerkala_as_PKB_2') AND (active=1);
06/08/2021 16:48:59	Open DB Connection
06/08/2021 16:48:59	SQL :EXEC GetVhcList 6,@CompanyId=2,@BatchId=10,@OrderBy='h.vhc_batch_id,seat,license_plate',@ShowBatch=1,@Dates='2021/08/31';
06/08/2021 16:48:59	SQL :EXEC GetRunningDaysDetail 'BS220010001',@FromDate='2021-08-01',@ToDate='2021-08-31', @CompanyId=2;
06/08/2021 16:48:59	SQL :EXEC GetRunningDaysDetail 'BS220010002',@FromDate='2021-08-01',@ToDate='2021-08-31', @CompanyId=2;
06/08/2021 16:49:00	SQL :EXEC GetRunningDaysDetail 'BS220010003',@FromDate='2021-08-01',@ToDate='2021-08-31', @CompanyId=2;
06/08/2021 16:49:00	SQL :EXEC GetRunningDaysDetail 'BS220010004',@FromDate='2021-08-01',@ToDate='2021-08-31', @CompanyId=2;
06/08/2021 16:49:00	SQL :EXEC GetRunningDaysDetail 'BS220010005',@FromDate='2021-08-01',@ToDate='2021-08-31', @CompanyId=2;
06/08/2021 16:49:00	SQL :EXEC GetRunningDaysDetail 'BU13090054',@FromDate='2021-08-01',@ToDate='2021-08-31', @CompanyId=2;
06/08/2021 16:49:01	SQL :EXEC GetRunningDaysDetail 'BU13090057',@FromDate='2021-08-01',@ToDate='2021-08-31', @CompanyId=2;
06/08/2021 16:49:01	SQL :EXEC GetRunningDaysDetail 'BS14050001',@FromDate='2021-08-01',@ToDate='2021-08-31', @CompanyId=2;
06/08/2021 16:49:02	SQL :EXEC GetRunningDaysDetail 'BU13090044',@FromDate='2021-08-01',@ToDate='2021-08-31', @CompanyId=2;
06/08/2021 16:49:02	SQL :EXEC GetRunningDaysDetail 'BU13090046',@FromDate='2021-08-01',@ToDate='2021-08-31', @CompanyId=2;
06/08/2021 16:49:03	SQL :EXEC GetRunningDaysDetail 'BU13090047',@FromDate='2021-08-01',@ToDate='2021-08-31', @CompanyId=2;
06/08/2021 16:49:03	SQL :EXEC GetRunningDaysDetail 'BU13090048',@FromDate='2021-08-01',@ToDate='2021-08-31', @CompanyId=2;
06/08/2021 16:49:04	SQL :EXEC GetRunningDaysDetail 'BU13090051',@FromDate='2021-08-01',@ToDate='2021-08-31', @CompanyId=2;
06/08/2021 16:49:04	SQL :EXEC GetRunningDaysDetail 'BU13090056',@FromDate='2021-08-01',@ToDate='2021-08-31', @CompanyId=2;
06/08/2021 16:49:05	SQL :EXEC GetRunningDaysDetail 'BS14050005',@FromDate='2021-08-01',@ToDate='2021-08-31', @CompanyId=2;
06/08/2021 16:49:05	SQL :EXEC GetRunningDaysDetail 'BS14050002',@FromDate='2021-08-01',@ToDate='2021-08-31', @CompanyId=2;
06/08/2021 16:49:07	SQL :EXEC GetRunningDaysDetail 'BS14050003',@FromDate='2021-08-01',@ToDate='2021-08-31', @CompanyId=2;
06/08/2021 16:49:08	SQL :EXEC GetRunningDaysDetail 'BS14050004',@FromDate='2021-08-01',@ToDate='2021-08-31', @CompanyId=2;
06/08/2021 16:49:08	SQL :EXEC GetRunningDaysDetail 'BS14050008',@FromDate='2021-08-01',@ToDate='2021-08-31', @CompanyId=2;
06/08/2021 16:49:06/08/2021 16:50:20	Get Local Settings
06/08/2021 16:50:20	Start Change Local Settings
06/08/2021 16:50:20	Change short date format
06/08/2021 16:50:20	Change Long date format
06/08/2021 16:50:20	Finish Change Local Settings
06/08/2021 16:50:20	Registry Read: Path=SOFTWARE\WEHA\Aplikasi\3
06/08/2021 16:50:20	Registry Read/Write
06/08/2021 16:50:20	Registry Read: Path=SOFTWARE\WEHA\Aplikasi\3
06/08/2021 16:50:20	Create DB Object
06/08/2021 16:50:20	Init DB
06/08/2021 16:50:20	Finish Init DB
06/08/2021 16:50:20	Get File Version
06/08/2021 16:50:20	Change  Caption
06/08/2021 16:50:20	Init Shortkey
06/08/2021 16:50:22	Create DB Object
06/08/2021 16:50:22	Init DB
06/08/2021 16:50:22	Finish Init DB
06/08/2021 16:50:24	Update new version check
06/08/2021 16:50:24	Open DB Connection
06/08/2021 16:50:28	SQL :
06/08/2021 16:50:28	Update check version
06/08/2021 16:50:28	Open DB Connection
06/08/2021 16:50:28	SQL :SELECT version FROM wh_application WHERE application_id=(SELECT MAX(application_id) FROM wh_application);
06/08/2021 16:50:28	Start Login
06/08/2021 16:50:28	Open DB Connection
06/08/2021 16:50:28	SQL :EXEC AuthenticateUser 'pramudyono hadi','6f2b8366efa56f0c06dd6b31fcff8a73';
06/08/2021 16:50:29	SQL :INSERT INTO wh_log (user_id,app_date,app_version,app_version_svr,location_id,company_id,department_id,host_name,ip_address)  VALUES ('pramudyono hadi','06/08/2021','6.1.3.10','6.1.3.10',6,2,13,'DESKTOP-S1PD9OD','192.168.25.214');
06/08/2021 16:50:29	Open DB Connection
06/08/2021 16:50:29	SQL :EXEC GetUserMenu 'pramudyono hadi';
06/08/2021 16:50:29	SQL :EXEC GetUserSubMenu 'pramudyono hadi','11';
06/08/2021 16:50:29	SQL :EXEC GetUserTreeMenu 'pramudyono hadi','1101',@CompanyId=2;
06/08/2021 16:50:29	SQL :EXEC GetUserTreeMenu 'pramudyono hadi','1102',@CompanyId=2;
06/08/2021 16:50:29	SQL :EXEC GetUserTreeMenu 'pramudyono hadi','1103',@CompanyId=2;
06/08/2021 16:50:29	SQL :EXEC GetUserTreeMenu 'pramudyono hadi','1104',@CompanyId=2;
06/08/2021 16:50:29	SQL :EXEC GetUserTreeMenu 'pramudyono hadi','1105',@CompanyId=2;
06/08/2021 16:50:29	SQL :EXEC GetUserTreeMenu 'pramudyono hadi','1106',@CompanyId=2;
06/08/2021 16:50:29	SQL :EXEC GetUserTreeMenu 'pramudyono hadi','1107',@CompanyId=2;
06/08/2021 16:50:29	SQL :EXEC GetUserTreeMenu 'pramudyono hadi','1108',@CompanyId=2;
06/08/2021 16:50:29	SQL :EXEC GetUserTreeMenu 'pramudyono hadi','1109',@CompanyId=2;
06/08/2021 16:50:29	SQL :EXEC GetUserTreeMenu 'pramudyono hadi','1110',@CompanyId=2;
06/08/2021 16:50:29	SQL :EXEC GetUserTreeMenu 'pramudyono hadi','1111',@CompanyId=2;
06/08/2021 16:50:29	SQL :EXEC GetUserTreeMenu 'pramudyono hadi','1112',@CompanyId=2;
06/08/2021 16:50:29	SQL :EXEC GetUserTreeMenu 'pramudyono hadi','1113',@CompanyId=2;
06/08/2021 16:50:29	SQL :EXEC GetUserTreeMenu 'pramudyono hadi','1114',@CompanyId=2;
06/08/2021 16:50:29	SQL :EXEC GetUserTreeMenu 'pramudyono hadi','1115',@CompanyId=2;
06/08/2021 16:50:29	SQL :EXEC GetUserTreeMenu 'pramudyono hadi','1116',@CompanyId=2;
06/08/2021 16:50:29	SQL :EXEC GetUserTreeMenu 'pramudyono hadi','1117',@CompanyId=2;
06/08/2021 16:50:29	SQL :EXEC GetUserTreeMenu 'pramudyono hadi','1198',@CompanyId=2;
06/08/2021 16:50:29	SQL :EXEC GetUserTreeMenu 'pramudyono hadi','1199',@CompanyId=2;
06/08/2021 16:50:29	SQL :EXEC GetUserSubMenu 'pramudyono hadi','12';
06/08/2021 16:50:29	SQL :EXEC GetUserTreeMenu 'pramudyono hadi','1201',@CompanyId=2;
06/08/2021 16:50:29	SQL :EXEC GetUserTreeMenu 'pramudyono hadi','1202',@CompanyId=2;
06/08/2021 16:50:29	SQL :EXEC GetUserTreeMenu 'pramudyono hadi','1203',@CompanyId=2;
06/08/2021 16:50:29	SQL :EXEC GetUserTreeMenu 'pramudyono hadi','1204',@CompanyId=2;
06/08/2021 16:50:29	SQL :EXEC GetUserTreeMenu 'pramudyono hadi','1205',@CompanyId=2;
06/08/2021 16:50:29	SQL :EXEC GetUserTreeMenu 'pramudyono hadi','1206',@CompanyId=2;
06/08/2021 16:50:29	SQL :EXEC GetUserTreeMenu 'pramudyono hadi','1207',@CompanyId=2;
06/08/2021 16:50:29	SQL :EXEC GetUserSubMenu 'pramudyono hadi','13';
06/08/2021 16:50:29	SQL :EXEC GetUserTreeMenu 'pramudyono hadi','1301',@CompanyId=2;
06/08/2021 16:50:29	SQL :EXEC GetUserTreeMenu 'pramudyono hadi','1302',@CompanyId=2;
06/08/2021 16:50:29	SQL :EXEC GetUserTreeMenu 'pramudyono hadi','1303',@CompanyId=2;
06/08/2021 16:50:29	SQL :EXEC GetUserTreeMenu 'pramudyono hadi','1304',@CompanyId=2;
06/08/2021 16:50:29	SQL :EXEC GetUserTreeMenu 'pramudyono hadi','1305',@CompanyId=2;
06/08/2021 16:50:29	SQL :EXEC GetUserTreeMenu 'pramudyono hadi','1306',@CompanyId=2;
06/08/2021 16:50:29	SQL :EXEC GetUserTreeMenu 'pramudyono hadi','1307',@CompanyId=2;
06/08/2021 16:50:29	SQL :EXEC GetUserTreeMenu 'pramudyono hadi','1308',@CompanyId=2;
06/08/2021 16:50:29	SQL :EXEC GetUserTreeMenu 'pramudyono hadi','1309',@CompanyId=2;
06/08/2021 16:50:29	SQL :EXEC GetUserTreeMenu 'pramudyono hadi','1310',@CompanyId=2;
06/08/2021 16:50:29	SQL :EXEC GetUserTreeMenu 'pramudyono hadi','1311',@CompanyId=2;
06/08/2021 16:50:29	SQL :EXEC GetUserTreeMenu 'pramudyono hadi','1312',@CompanyId=2;
06/08/2021 16:50:29	SQL :EXEC GetUserTreeMenu 'pramudyono hadi','1313',@CompanyId=2;
06/08/2021 16:50:29	SQL :EXEC GetUserTreeMenu 'pramudyono hadi','1314',@CompanyId=2;
06/08/2021 16:50:29	SQL :EXEC GetUserTreeMenu 'pramudyono hadi','1315',@CompanyId=2;
06/08/2021 16:50:29	SQL :EXEC GetUserTreeMenu 'pramudyono hadi','1316',@CompanyId=2;
06/08/2021 16:50:29	SQL :EXEC GetUserTreeMenu 'pramudyono hadi','1317',@CompanyId=2;
06/08/2021 16:50:30	SQL :EXEC GetUserTreeMenu 'pramudyono hadi','1318',@CompanyId=2;
06/08/2021 16:50:30	SQL :EXEC GetUserTreeMenu 'pramudyono hadi','1319',@CompanyId=2;
06/08/2021 16:50:30	SQL :EXEC GetUserTreeMenu 'pramudyono hadi','1320',@CompanyId=2;
06/08/2021 16:50:30	SQL :EXEC GetUserTreeMenu 'pramudyono hadi','1321',@CompanyId=2;
06/08/2021 16:50:30	SQL :EXEC GetUserSubMenu 'pramudyono hadi','14';
06/08/2021 16:50:30	SQL :EXEC GetUserTreeMenu 'pramudyono hadi','1401',@CompanyId=2;
06/08/2021 16:50:30	SQL :EXEC GetUserTreeMenu 'pramudyono hadi','1402',@CompanyId=2;
06/08/2021 16:50:30	SQL :EXEC GetUserTreeMenu 'pramudyono hadi','1403',@CompanyId=2;
06/08/2021 16:50:30	SQL :EXEC GetUserTreeMenu 'pramudyono hadi','1404',@CompanyId=2;
06/08/2021 16:50:30	SQL :EXEC GetUserTreeMenu 'pramudyono hadi','1406',@CompanyId=2;
06/08/2021 16:50:30	SQL :EXEC GetUserTreeMenu 'pramudyono hadi','1408',@CompanyId=2;
06/08/2021 16:50:30	SQL :EXEC GetUserTreeMenu 'pramudyono hadi','1410',@CompanyId=2;
06/08/2021 16:50:30	SQL :EXEC GetUserTreeMenu 'pramudyono hadi','1411',@CompanyId=2;
06/08/2021 16:50:30	SQL :EXEC GetUserTreeMenu 'pramudyono hadi','1412',@CompanyId=2;
06/08/2021 16:50:30	SQL :EXEC GetUserTreeMenu 'pramudyono hadi','1413',@CompanyId=2;
06/08/2021 16:50:30	SQL :EXEC GetUserTreeMenu 'pramudyono hadi','1414',@CompanyId=2;
06/08/2021 16:50:30	SQL :EXEC GetUserSubMenu 'pramudyono hadi','15';
06/08/2021 16:50:30	SQL :EXEC GetUserTreeMenu 'pramudyono hadi','1501',@CompanyId=2;
06/08/2021 16:50:30	SQL :EXEC GetUserTreeMenu 'pramudyono hadi','1502',@CompanyId=2;
06/08/2021 16:50:30	SQL :EXEC GetUserTreeMenu 'pramudyono hadi','1503',@CompanyId=2;
06/08/2021 16:50:30	SQL :EXEC GetUserTreeMenu 'pramudyono hadi','1504',@CompanyId=2;
06/08/2021 16:50:30	SQL :EXEC GetUserTreeMenu 'pramudyono hadi','1505',@CompanyId=2;
06/08/2021 16:50:30	SQL :EXEC GetUserTreeMenu 'pramudyono hadi','1506',@CompanyId=2;
06/08/2021 16:50:30	SQL :EXEC GetUserTreeMenu 'pramudyono hadi','1507',@CompanyId=2;
06/08/2021 16:50:30	SQL :EXEC GetUserTreeMenu 'pramudyono hadi','1508',@CompanyId=2;
06/08/2021 16:50:30	SQL :EXEC GetUserTreeMenu 'pramudyono hadi','1509',@CompanyId=2;
06/08/2021 16:50:30	SQL :EXEC GetUserTreeMenu 'pramudyono hadi','1510',@CompanyId=2;
06/08/2021 16:50:30	SQL :EXEC GetUserTreeMenu 'pramudyono hadi','1511',@CompanyId=2;
06/08/2021 16:50:30	SQL :EXEC GetUserSubMenu 'pramudyono hadi','16';
06/08/2021 16:50:30	SQL :EXEC GetUserTreeMenu 'pramudyono hadi','1601',@CompanyId=2;
06/08/2021 16:50:30	SQL :EXEC GetUserTreeMenu 'pramudyono hadi','1602',@CompanyId=2;
06/08/2021 16:50:30	SQL :EXEC GetUserTreeMenu 'pramudyono hadi','1603',@CompanyId=2;
06/08/2021 16:50:30	SQL :EXEC GetUserTreeMenu 'pramudyono hadi','1604',@CompanyId=2;
06/08/2021 16:50:30	SQL :EXEC GetUserTreeMenu 'pramudyono hadi','1605',@CompanyId=2;
06/08/2021 16:50:30	SQL :EXEC GetUserTreeMenu 'pramudyono hadi','1606',@CompanyId=2;
06/08/2021 16:50:30	SQL :EXEC GetUserTreeMenu 'pramudyono hadi','1607',@CompanyId=2;
06/08/2021 16:50:30	SQL :EXEC GetUserTreeMenu 'pramudyono hadi','1608',@CompanyId=2;
06/08/2021 16:50:30	SQL :EXEC GetUserTreeMenu 'pramudyono hadi','1609',@CompanyId=2;
06/08/2021 16:50:30	SQL :EXEC GetUserTreeMenu 'pramudyono hadi','1610',@CompanyId=2;
06/08/2021 16:50:30	SQL :EXEC GetUserTreeMenu 'pramudyono hadi','1611',@CompanyId=2;
06/08/2021 16:50:30	SQL :EXEC GetUserTreeMenu 'pramudyono hadi','1612',@CompanyId=2;
06/08/2021 16:50:30	SQL :EXEC GetUserTreeMenu 'pramudyono hadi','1613',@CompanyId=2;
06/08/2021 16:50:30	SQL :EXEC GetUserTreeMenu 'pramudyono hadi','1614',@CompanyId=2;
06/08/2021 16:50:30	SQL :EXEC GetUserTreeMenu 'pramudyono hadi','1615',@CompanyId=2;
06/08/2021 16:50:30	SQL :EXEC GetUserTreeMenu 'pramudyono hadi','1616',@CompanyId=2;
06/08/2021 16:50:30	SQL :EXEC GetUserTreeMenu 'pramudyono hadi','1619',@CompanyId=2;
06/08/2021 16:50:30	SQL :EXEC GetUserTreeMenu 'pramudyono hadi','1620',@CompanyId=2;
06/08/2021 16:50:30	SQL :EXEC GetUserSubMenu 'pramudyono hadi','17';
06/08/2021 16:50:30	SQL :EXEC GetUserTreeMenu 'pramudyono hadi','1701',@CompanyId=2;
06/08/2021 16:50:30	SQL :EXEC GetUserTreeMenu 'pramudyono hadi','1702',@CompanyId=2;
06/08/2021 16:50:30	SQL :EXEC GetUserTreeMenu 'pramudyono hadi','1703',@CompanyId=2;
06/08/2021 16:50:30	SQL :EXEC GetUserTreeMenu 'pramudyono hadi','1704',@CompanyId=2;
06/08/2021 16:50:30	SQL :EXEC GetUserTreeMenu 'pramudyono hadi','1705',@CompanyId=2;
06/08/2021 16:50:30	SQL :EXEC GetUserTreeMenu 'pramudyono hadi','1706',@CompanyId=2;
06/08/2021 16:50:30	SQL :EXEC GetUserTreeMenu 'pramudyono hadi','1707',@CompanyId=2;
06/08/2021 16:50:30	SQL :EXEC GetUserTreeMenu 'pramudyono hadi','1708',@CompanyId=2;
06/08/2021 16:50:30	SQL :EXEC GetUserTreeMenu 'pramudyono hadi','1709',@CompanyId=2;
06/08/2021 16:50:30	SQL :EXEC GetUserTreeMenu 'pramudyono hadi','1710',@CompanyId=2;
06/08/2021 16:50:30	SQL :EXEC GetUserTreeMenu 'pramudyono hadi','1711',@CompanyId=2;
06/08/2021 16:50:30	SQL :EXEC GetUserTreeMenu 'pramudyono hadi','1712',@CompanyId=2;
06/08/2021 16:50:30	SQL :EXEC GetUserTreeMenu 'pramudyono hadi','1713',@CompanyId=2;
06/08/2021 16:50:30	SQL :EXEC GetUserTreeMenu 'pramudyono hadi','1714',@CompanyId=2;
06/08/2021 16:50:30	SQL :EXEC GetUserTreeMenu 'pramudyono hadi','1715',@CompanyId=2;
06/08/2021 16:50:30	SQL :EXEC GetUserTreeMenu 'pramudyono hadi','1716',@CompanyId=2;
06/08/2021 16:50:30	SQL :EXEC GetUserTreeMenu 'pramudyono hadi','1717',@CompanyId=2;
06/08/2021 16:50:30	SQL :EXEC GetUserSubMenu 'pramudyono hadi','18';
06/08/2021 16:50:30	SQL :EXEC GetUserTreeMenu 'pramudyono hadi','1801',@CompanyId=2;
06/08/2021 16:50:30	SQL :EXEC GetUserSubMenu 'pramudyono hadi','19';
06/08/2021 16:50:30	SQL :EXEC GetUserTreeMenu 'pramudyono hadi','1901',@CompanyId=2;
06/08/2021 16:50:30	SQL :EXEC GetUserTreeMenu 'pramudyono hadi','1902',@CompanyId=2;
06/08/2021 16:50:30	SQL :EXEC GetUserTreeMenu 'pramudyono hadi','1903',@CompanyId=2;
06/08/2021 16:50:30	SQL :EXEC GetUserTreeMenu 'pramudyono hadi','1904',@CompanyId=2;
06/08/2021 16:50:30	SQL :EXEC GetUserTreeMenu 'pramudyono hadi','1905',@CompanyId=2;
06/08/2021 16:50:30	SQL :EXEC GetUserTreeMenu 'pramudyono hadi','1906',@CompanyId=2;
06/08/2021 16:50:30	SQL :EXEC GetUserTreeMenu 'pramudyono hadi','1907',@CompanyId=2;
06/08/2021 16:50:30	SQL :EXEC GetUserTreeMenu 'pramudyono hadi','1908',@CompanyId=2;
06/08/2021 16:50:30	SQL :EXEC GetUserTreeMenu 'pramudyono hadi','1909',@CompanyId=2;
06/08/2021 16:50:30	SQL :EXEC GetUserTreeMenu 'pramudyono hadi','1910',@CompanyId=2;
06/08/2021 16:50:30	SQL :EXEC GetUserTreeMenu 'pramudyono hadi','1911',@CompanyId=2;
06/08/2021 16:50:30	SQL :EXEC GetUserTreeMenu 'pramudyono hadi','1912',@CompanyId=2;
06/08/2021 16:50:30	SQL :SELECT CONVERT(VARCHAR(8),GETDATE(),108) AS hour_minute;
06/08/2021 16:50:30	SQL :SELECT CONVERT(VARCHAR(10),GETDATE(),103) AS date_time;
06/08/2021 16:50:30	Loading Setting
06/08/2021 16:50:30	Open DB Connection
06/08/2021 16:50:30	SQL :SELECT * FROM wh_setting WHERE setting_name='Hold_Less_Deposit';
06/08/2021 16:50:30	SQL :SELECT * FROM wh_setting WHERE setting_name='Max_Less_Deposit';
06/08/2021 16:50:30	SQL :SELECT * FROM wh_setting WHERE setting_name='Dashboard_2';
06/08/2021 16:50:31	Finish Logging
06/08/2021 16:50:31	SQL :SELECT value_string FROM wh_setting WHERE (setting_name='Interval_CheckInDate') AND (active=1);
06/08/2021 16:50:31	SQL :SELECT value_string FROM wh_setting WHERE (setting_name='Interval_CheckInTime') AND (active=1);
06/08/2021 16:50:31	SQL :SELECT value_string FROM wh_setting WHERE (setting_name='ChatEnable') and (active=1);
06/08/2021 16:50:31	Message:Port Check
06/08/2021 16:50:31	Message:Open DB Connection
06/08/2021 16:50:31	SQL :EXEC GetMessage '01','pramudyono hadi';
06/08/2021 16:50:31	SQL :SELECT CONVERT(VARCHAR(8),GETDATE(),108) AS hour_minute;
06/08/2021 16:50:31	SQL :SELECT CONVERT(VARCHAR(10),GETDATE(),103) AS date_time;
06/08/2021 16:50:36	Open Menu :190507
06/08/2021 16:50:36	Open DB Connection
06/08/2021 16:50:36	SQL :EXEC AuthMenu 'pramudyono hadi',190507;
06/08/2021 16:50:36	Form Check :BusRunningDaysminiRpt
06/08/2021 16:50:36	Form Open: BusRunningDaysMiniRpt=,0
06/08/2021 16:50:36	Open DB Connection
06/08/2021 16:50:36	SQL :EXEC GetCompanyLocationList
06/08/2021 16:50:37	SQL :EXEC GetUserRDLocationList @UserName='pramudyono hadi' ;
06/08/2021 16:50:37	SQL :EXEC GetGroup 2;
06/08/2021 16:50:37	Open DB Connection
06/08/2021 16:50:40	Open DB Connection
06/08/2021 16:50:41	Open DB Connection
06/08/2021 16:50:41	SQL :SELECT * FROM wh_setting WHERE (setting_name='ServiceBerkala_as_PKB_2') AND (active=1);
06/08/2021 16:50:41	Open DB Connection
06/08/2021 16:50:41	SQL :EXEC GetVhcList 6,@CompanyId=2,@BatchId=10,@OrderBy='h.vhc_batch_id,seat,license_plate',@ShowBatch=1,@Dates='2021/08/31';
06/08/2021 16:50:41	SQL :EXEC GetRunningDaysDetail 'BS220010001',@FromDate='2021-08-01',@ToDate='2021-08-31', @CompanyId=2;
06/08/2021 16:50:41	SQL :EXEC GetRunningDaysDetail 'BS220010002',@FromDate='2021-08-01',@ToDate='2021-08-31', @CompanyId=2;
06/08/2021 16:50:42	SQL :EXEC GetRunningDaysDetail 'BS220010003',@FromDate='2021-08-01',@ToDate='2021-08-31', @CompanyId=2;
06/08/2021 16:50:42	SQL :EXEC GetRunningDaysDetail 'BS220010004',@FromDate='2021-08-01',@ToDate='2021-08-31', @CompanyId=2;
06/08/2021 16:50:42	SQL :EXEC GetRunningDaysDetail 'BS220010005',@FromDate='2021-08-01',@ToDate='2021-08-31', @CompanyId=2;
06/08/2021 16:50:42	SQL :EXEC GetRunningDaysDetail 'BU13090054',@FromDate='2021-08-01',@ToDate='2021-08-31', @CompanyId=2;
06/08/2021 16:50:42	SQL :EXEC GetRunningDaysDetail 'BU13090057',@FromDate='2021-08-01',@ToDate='2021-08-31', @CompanyId=2;
06/08/2021 16:50:43	SQL :EXEC GetRunningDaysDetail 'BS14050001',@FromDate='2021-08-01',@ToDate='2021-08-31', @CompanyId=2;
06/08/2021 16:50:43	SQL :EXEC GetRunningDaysDetail 'BU13090044',@FromDate='2021-08-01',@ToDate='2021-08-31', @CompanyId=2;
06/08/2021 16:50:43	SQL :EXEC GetRunningDaysDetail 'BU13090046',@FromDate='2021-08-01',@ToDate='2021-08-31', @CompanyId=2;
06/08/2021 16:50:44	SQL :EXEC GetRunningDaysDetail 'BU13090047',@FromDate='2021-08-01',@ToDate='2021-08-31', @CompanyId=2;
06/08/2021 16:50:44	SQL :EXEC GetRunningDaysDetail 'BU13090048',@FromDate='2021-08-01',@ToDate='2021-08-31', @CompanyId=2;
06/08/2021 16:50:44	SQL :EXEC GetRunningDaysDetail 'BU13090051',@FromDate='2021-08-01',@ToDate='2021-08-31', @CompanyId=2;
06/08/2021 16:50:45	SQL :EXEC GetRunningDaysDetail 'BU13090056',@FromDate='2021-08-01',@ToDate='2021-08-31', @CompanyId=2;
06/08/2021 16:50:45	SQL :EXEC GetRunningDaysDetail 'BS14050005',@FromDate='2021-08-01',@ToDate='2021-08-31', @CompanyId=2;
06/08/2021 16:50:45	SQL :EXEC GetRunningDaysDetail 'BS14050002',@FromDate='2021-08-01',@ToDate='2021-08-31', @CompanyId=2;
06/08/2021 16:50:46	SQL :EXEC GetRunningDaysDetail 'BS14050003',@FromDate='2021-08-01',@ToDate='2021-08-31', @CompanyId=2;
06/08/2021 16:50:47	SQL :EXEC GetRunningDaysDetail 'BS14050004',@FromDate='2021-08-01',@ToDate='2021-08-31', @CompanyId=2;
06/08/2021 16:50:47	SQL :EXEC GetRunningDaysDetail 'BS14050008',@FromDate='2021-08-01',@ToDate='2021-08-31', @CompanyId=2;
06/08/2021 106/08/2021 16:51:31	Get Local Settings
06/08/2021 16:51:31	Start Change Local Settings
06/08/2021 16:51:31	Change short date format
06/08/2021 16:51:31	Change Long date format
06/08/2021 16:51:31	Finish Change Local Settings
06/08/2021 16:51:31	Registry Read: Path=SOFTWARE\WEHA\Aplikasi\3
06/08/2021 16:51:31	Registry Read/Write
06/08/2021 16:51:31	Registry Read: Path=SOFTWARE\WEHA\Aplikasi\3
06/08/2021 16:51:31	Create DB Object
06/08/2021 16:51:31	Init DB
06/08/2021 16:51:31	Finish Init DB
06/08/2021 16:51:31	Get File Version
06/08/2021 16:51:31	Change  Caption
06/08/2021 16:51:31	Init Shortkey
06/08/2021 16:51:42	Create DB Object
06/08/2021 16:51:42	Init DB
06/08/2021 16:51:42	Finish Init DB
06/08/2021 16:51:44	Update new version check
06/08/2021 16:51:44	Open DB Connection
06/08/2021 16:51:48	SQL :
06/08/2021 16:51:48	Update check version
06/08/2021 16:51:48	Open DB Connection
06/08/2021 16:51:48	SQL :SELECT version FROM wh_application WHERE application_id=(SELECT MAX(application_id) FROM wh_application);
06/08/2021 16:51:48	Start Login
06/08/2021 16:51:48	Open DB Connection
06/08/2021 16:51:48	SQL :EXEC AuthenticateUser 'pramudyono hadi','6f2b8366efa56f0c06dd6b31fcff8a73';
06/08/2021 16:51:49	SQL :INSERT INTO wh_log (user_id,app_date,app_version,app_version_svr,location_id,company_id,department_id,host_name,ip_address)  VALUES ('pramudyono hadi','06/08/2021','6.1.3.10','6.1.3.10',6,2,13,'DESKTOP-S1PD9OD','192.168.25.214');
06/08/2021 16:51:49	Open DB Connection
06/08/2021 16:51:49	SQL :EXEC GetUserMenu 'pramudyono hadi';
06/08/2021 16:51:49	SQL :EXEC GetUserSubMenu 'pramudyono hadi','11';
06/08/2021 16:51:49	SQL :EXEC GetUserTreeMenu 'pramudyono hadi','1101',@CompanyId=2;
06/08/2021 16:51:49	SQL :EXEC GetUserTreeMenu 'pramudyono hadi','1102',@CompanyId=2;
06/08/2021 16:51:49	SQL :EXEC GetUserTreeMenu 'pramudyono hadi','1103',@CompanyId=2;
06/08/2021 16:51:49	SQL :EXEC GetUserTreeMenu 'pramudyono hadi','1104',@CompanyId=2;
06/08/2021 16:51:50	SQL :EXEC GetUserTreeMenu 'pramudyono hadi','1105',@CompanyId=2;
06/08/2021 16:51:50	SQL :EXEC GetUserTreeMenu 'pramudyono hadi','1106',@CompanyId=2;
06/08/2021 16:51:50	SQL :EXEC GetUserTreeMenu 'pramudyono hadi','1107',@CompanyId=2;
06/08/2021 16:51:50	SQL :EXEC GetUserTreeMenu 'pramudyono hadi','1108',@CompanyId=2;
06/08/2021 16:51:50	SQL :EXEC GetUserTreeMenu 'pramudyono hadi','1109',@CompanyId=2;
06/08/2021 16:51:50	SQL :EXEC GetUserTreeMenu 'pramudyono hadi','1110',@CompanyId=2;
06/08/2021 16:51:50	SQL :EXEC GetUserTreeMenu 'pramudyono hadi','1111',@CompanyId=2;
06/08/2021 16:51:50	SQL :EXEC GetUserTreeMenu 'pramudyono hadi','1112',@CompanyId=2;
06/08/2021 16:51:50	SQL :EXEC GetUserTreeMenu 'pramudyono hadi','1113',@CompanyId=2;
06/08/2021 16:51:50	SQL :EXEC GetUserTreeMenu 'pramudyono hadi','1114',@CompanyId=2;
06/08/2021 16:51:50	SQL :EXEC GetUserTreeMenu 'pramudyono hadi','1115',@CompanyId=2;
06/08/2021 16:51:50	SQL :EXEC GetUserTreeMenu 'pramudyono hadi','1116',@CompanyId=2;
06/08/2021 16:51:50	SQL :EXEC GetUserTreeMenu 'pramudyono hadi','1117',@CompanyId=2;
06/08/2021 16:51:50	SQL :EXEC GetUserTreeMenu 'pramudyono hadi','1198',@CompanyId=2;
06/08/2021 16:51:50	SQL :EXEC GetUserTreeMenu 'pramudyono hadi','1199',@CompanyId=2;
06/08/2021 16:51:50	SQL :EXEC GetUserSubMenu 'pramudyono hadi','12';
06/08/2021 16:51:50	SQL :EXEC GetUserTreeMenu 'pramudyono hadi','1201',@CompanyId=2;
06/08/2021 16:51:50	SQL :EXEC GetUserTreeMenu 'pramudyono hadi','1202',@CompanyId=2;
06/08/2021 16:51:50	SQL :EXEC GetUserTreeMenu 'pramudyono hadi','1203',@CompanyId=2;
06/08/2021 16:51:50	SQL :EXEC GetUserTreeMenu 'pramudyono hadi','1204',@CompanyId=2;
06/08/2021 16:51:50	SQL :EXEC GetUserTreeMenu 'pramudyono hadi','1205',@CompanyId=2;
06/08/2021 16:51:50	SQL :EXEC GetUserTreeMenu 'pramudyono hadi','1206',@CompanyId=2;
06/08/2021 16:51:50	SQL :EXEC GetUserTreeMenu 'pramudyono hadi','1207',@CompanyId=2;
06/08/2021 16:51:50	SQL :EXEC GetUserSubMenu 'pramudyono hadi','13';
06/08/2021 16:51:50	SQL :EXEC GetUserTreeMenu 'pramudyono hadi','1301',@CompanyId=2;
06/08/2021 16:51:50	SQL :EXEC GetUserTreeMenu 'pramudyono hadi','1302',@CompanyId=2;
06/08/2021 16:51:50	SQL :EXEC GetUserTreeMenu 'pramudyono hadi','1303',@CompanyId=2;
06/08/2021 16:51:50	SQL :EXEC GetUserTreeMenu 'pramudyono hadi','1304',@CompanyId=2;
06/08/2021 16:51:50	SQL :EXEC GetUserTreeMenu 'pramudyono hadi','1305',@CompanyId=2;
06/08/2021 16:51:50	SQL :EXEC GetUserTreeMenu 'pramudyono hadi','1306',@CompanyId=2;
06/08/2021 16:51:50	SQL :EXEC GetUserTreeMenu 'pramudyono hadi','1307',@CompanyId=2;
06/08/2021 16:51:50	SQL :EXEC GetUserTreeMenu 'pramudyono hadi','1308',@CompanyId=2;
06/08/2021 16:51:50	SQL :EXEC GetUserTreeMenu 'pramudyono hadi','1309',@CompanyId=2;
06/08/2021 16:51:50	SQL :EXEC GetUserTreeMenu 'pramudyono hadi','1310',@CompanyId=2;
06/08/2021 16:51:50	SQL :EXEC GetUserTreeMenu 'pramudyono hadi','1311',@CompanyId=2;
06/08/2021 16:51:50	SQL :EXEC GetUserTreeMenu 'pramudyono hadi','1312',@CompanyId=2;
06/08/2021 16:51:50	SQL :EXEC GetUserTreeMenu 'pramudyono hadi','1313',@CompanyId=2;
06/08/2021 16:51:50	SQL :EXEC GetUserTreeMenu 'pramudyono hadi','1314',@CompanyId=2;
06/08/2021 16:51:50	SQL :EXEC GetUserTreeMenu 'pramudyono hadi','1315',@CompanyId=2;
06/08/2021 16:51:50	SQL :EXEC GetUserTreeMenu 'pramudyono hadi','1316',@CompanyId=2;
06/08/2021 16:51:50	SQL :EXEC GetUserTreeMenu 'pramudyono hadi','1317',@CompanyId=2;
06/08/2021 16:51:50	SQL :EXEC GetUserTreeMenu 'pramudyono hadi','1318',@CompanyId=2;
06/08/2021 16:51:50	SQL :EXEC GetUserTreeMenu 'pramudyono hadi','1319',@CompanyId=2;
06/08/2021 16:51:50	SQL :EXEC GetUserTreeMenu 'pramudyono hadi','1320',@CompanyId=2;
06/08/2021 16:51:50	SQL :EXEC GetUserTreeMenu 'pramudyono hadi','1321',@CompanyId=2;
06/08/2021 16:51:50	SQL :EXEC GetUserSubMenu 'pramudyono hadi','14';
06/08/2021 16:51:50	SQL :EXEC GetUserTreeMenu 'pramudyono hadi','1401',@CompanyId=2;
06/08/2021 16:51:50	SQL :EXEC GetUserTreeMenu 'pramudyono hadi','1402',@CompanyId=2;
06/08/2021 16:51:50	SQL :EXEC GetUserTreeMenu 'pramudyono hadi','1403',@CompanyId=2;
06/08/2021 16:51:50	SQL :EXEC GetUserTreeMenu 'pramudyono hadi','1404',@CompanyId=2;
06/08/2021 16:51:50	SQL :EXEC GetUserTreeMenu 'pramudyono hadi','1406',@CompanyId=2;
06/08/2021 16:51:50	SQL :EXEC GetUserTreeMenu 'pramudyono hadi','1408',@CompanyId=2;
06/08/2021 16:51:50	SQL :EXEC GetUserTreeMenu 'pramudyono hadi','1410',@CompanyId=2;
06/08/2021 16:51:50	SQL :EXEC GetUserTreeMenu 'pramudyono hadi','1411',@CompanyId=2;
06/08/2021 16:51:50	SQL :EXEC GetUserTreeMenu 'pramudyono hadi','1412',@CompanyId=2;
06/08/2021 16:51:50	SQL :EXEC GetUserTreeMenu 'pramudyono hadi','1413',@CompanyId=2;
06/08/2021 16:51:50	SQL :EXEC GetUserTreeMenu 'pramudyono hadi','1414',@CompanyId=2;
06/08/2021 16:51:50	SQL :EXEC GetUserSubMenu 'pramudyono hadi','15';
06/08/2021 16:51:50	SQL :EXEC GetUserTreeMenu 'pramudyono hadi','1501',@CompanyId=2;
06/08/2021 16:51:50	SQL :EXEC GetUserTreeMenu 'pramudyono hadi','1502',@CompanyId=2;
06/08/2021 16:51:50	SQL :EXEC GetUserTreeMenu 'pramudyono hadi','1503',@CompanyId=2;
06/08/2021 16:51:50	SQL :EXEC GetUserTreeMenu 'pramudyono hadi','1504',@CompanyId=2;
06/08/2021 16:51:50	SQL :EXEC GetUserTreeMenu 'pramudyono hadi','1505',@CompanyId=2;
06/08/2021 16:51:50	SQL :EXEC GetUserTreeMenu 'pramudyono hadi','1506',@CompanyId=2;
06/08/2021 16:51:50	SQL :EXEC GetUserTreeMenu 'pramudyono hadi','1507',@CompanyId=2;
06/08/2021 16:51:50	SQL :EXEC GetUserTreeMenu 'pramudyono hadi','1508',@CompanyId=2;
06/08/2021 16:51:50	SQL :EXEC GetUserTreeMenu 'pramudyono hadi','1509',@CompanyId=2;
06/08/2021 16:51:50	SQL :EXEC GetUserTreeMenu 'pramudyono hadi','1510',@CompanyId=2;
06/08/2021 16:51:50	SQL :EXEC GetUserTreeMenu 'pramudyono hadi','1511',@CompanyId=2;
06/08/2021 16:51:50	SQL :EXEC GetUserSubMenu 'pramudyono hadi','16';
06/08/2021 16:51:50	SQL :EXEC GetUserTreeMenu 'pramudyono hadi','1601',@CompanyId=2;
06/08/2021 16:51:50	SQL :EXEC GetUserTreeMenu 'pramudyono hadi','1602',@CompanyId=2;
06/08/2021 16:51:50	SQL :EXEC GetUserTreeMenu 'pramudyono hadi','1603',@CompanyId=2;
06/08/2021 16:51:50	SQL :EXEC GetUserTreeMenu 'pramudyono hadi','1604',@CompanyId=2;
06/08/2021 16:51:50	SQL :EXEC GetUserTreeMenu 'pramudyono hadi','1605',@CompanyId=2;
06/08/2021 16:51:50	SQL :EXEC GetUserTreeMenu 'pramudyono hadi','1606',@CompanyId=2;
06/08/2021 16:51:50	SQL :EXEC GetUserTreeMenu 'pramudyono hadi','1607',@CompanyId=2;
06/08/2021 16:51:50	SQL :EXEC GetUserTreeMenu 'pramudyono hadi','1608',@CompanyId=2;
06/08/2021 16:51:50	SQL :EXEC GetUserTreeMenu 'pramudyono hadi','1609',@CompanyId=2;
06/08/2021 16:51:50	SQL :EXEC GetUserTreeMenu 'pramudyono hadi','1610',@CompanyId=2;
06/08/2021 16:51:50	SQL :EXEC GetUserTreeMenu 'pramudyono hadi','1611',@CompanyId=2;
06/08/2021 16:51:50	SQL :EXEC GetUserTreeMenu 'pramudyono hadi','1612',@CompanyId=2;
06/08/2021 16:51:50	SQL :EXEC GetUserTreeMenu 'pramudyono hadi','1613',@CompanyId=2;
06/08/2021 16:51:50	SQL :EXEC GetUserTreeMenu 'pramudyono hadi','1614',@CompanyId=2;
06/08/2021 16:51:50	SQL :EXEC GetUserTreeMenu 'pramudyono hadi','1615',@CompanyId=2;
06/08/2021 16:51:50	SQL :EXEC GetUserTreeMenu 'pramudyono hadi','1616',@CompanyId=2;
06/08/2021 16:51:50	SQL :EXEC GetUserTreeMenu 'pramudyono hadi','1619',@CompanyId=2;
06/08/2021 16:51:50	SQL :EXEC GetUserTreeMenu 'pramudyono hadi','1620',@CompanyId=2;
06/08/2021 16:51:50	SQL :EXEC GetUserSubMenu 'pramudyono hadi','17';
06/08/2021 16:51:50	SQL :EXEC GetUserTreeMenu 'pramudyono hadi','1701',@CompanyId=2;
06/08/2021 16:51:50	SQL :EXEC GetUserTreeMenu 'pramudyono hadi','1702',@CompanyId=2;
06/08/2021 16:51:50	SQL :EXEC GetUserTreeMenu 'pramudyono hadi','1703',@CompanyId=2;
06/08/2021 16:51:50	SQL :EXEC GetUserTreeMenu 'pramudyono hadi','1704',@CompanyId=2;
06/08/2021 16:51:50	SQL :EXEC GetUserTreeMenu 'pramudyono hadi','1705',@CompanyId=2;
06/08/2021 16:51:50	SQL :EXEC GetUserTreeMenu 'pramudyono hadi','1706',@CompanyId=2;
06/08/2021 16:51:50	SQL :EXEC GetUserTreeMenu 'pramudyono hadi','1707',@CompanyId=2;
06/08/2021 16:51:50	SQL :EXEC GetUserTreeMenu 'pramudyono hadi','1708',@CompanyId=2;
06/08/2021 16:51:50	SQL :EXEC GetUserTreeMenu 'pramudyono hadi','1709',@CompanyId=2;
06/08/2021 16:51:51	SQL :EXEC GetUserTreeMenu 'pramudyono hadi','1710',@CompanyId=2;
06/08/2021 16:51:51	SQL :EXEC GetUserTreeMenu 'pramudyono hadi','1711',@CompanyId=2;
06/08/2021 16:51:51	SQL :EXEC GetUserTreeMenu 'pramudyono hadi','1712',@CompanyId=2;
06/08/2021 16:51:51	SQL :EXEC GetUserTreeMenu 'pramudyono hadi','1713',@CompanyId=2;
06/08/2021 16:51:51	SQL :EXEC GetUserTreeMenu 'pramudyono hadi','1714',@CompanyId=2;
06/08/2021 16:51:51	SQL :EXEC GetUserTreeMenu 'pramudyono hadi','1715',@CompanyId=2;
06/08/2021 16:51:51	SQL :EXEC GetUserTreeMenu 'pramudyono hadi','1716',@CompanyId=2;
06/08/2021 16:51:51	SQL :EXEC GetUserTreeMenu 'pramudyono hadi','1717',@CompanyId=2;
06/08/2021 16:51:51	SQL :EXEC GetUserSubMenu 'pramudyono hadi','18';
06/08/2021 16:51:51	SQL :EXEC GetUserTreeMenu 'pramudyono hadi','1801',@CompanyId=2;
06/08/2021 16:51:51	SQL :EXEC GetUserSubMenu 'pramudyono hadi','19';
06/08/2021 16:51:51	SQL :EXEC GetUserTreeMenu 'pramudyono hadi','1901',@CompanyId=2;
06/08/2021 16:51:51	SQL :EXEC GetUserTreeMenu 'pramudyono hadi','1902',@CompanyId=2;
06/08/2021 16:51:51	SQL :EXEC GetUserTreeMenu 'pramudyono hadi','1903',@CompanyId=2;
06/08/2021 16:51:51	SQL :EXEC GetUserTreeMenu 'pramudyono hadi','1904',@CompanyId=2;
06/08/2021 16:51:51	SQL :EXEC GetUserTreeMenu 'pramudyono hadi','1905',@CompanyId=2;
06/08/2021 16:51:51	SQL :EXEC GetUserTreeMenu 'pramudyono hadi','1906',@CompanyId=2;
06/08/2021 16:51:51	SQL :EXEC GetUserTreeMenu 'pramudyono hadi','1907',@CompanyId=2;
06/08/2021 16:51:51	SQL :EXEC GetUserTreeMenu 'pramudyono hadi','1908',@CompanyId=2;
06/08/2021 16:51:51	SQL :EXEC GetUserTreeMenu 'pramudyono hadi','1909',@CompanyId=2;
06/08/2021 16:51:51	SQL :EXEC GetUserTreeMenu 'pramudyono hadi','1910',@CompanyId=2;
06/08/2021 16:51:51	SQL :EXEC GetUserTreeMenu 'pramudyono hadi','1911',@CompanyId=2;
06/08/2021 16:51:51	SQL :EXEC GetUserTreeMenu 'pramudyono hadi','1912',@CompanyId=2;
06/08/2021 16:51:51	SQL :SELECT CONVERT(VARCHAR(8),GETDATE(),108) AS hour_minute;
06/08/2021 16:51:51	SQL :SELECT CONVERT(VARCHAR(10),GETDATE(),103) AS date_time;
06/08/2021 16:51:51	Loading Setting
06/08/2021 16:51:51	Open DB Connection
06/08/2021 16:51:51	SQL :SELECT * FROM wh_setting WHERE setting_name='Hold_Less_Deposit';
06/08/2021 16:51:51	SQL :SELECT * FROM wh_setting WHERE setting_name='Max_Less_Deposit';
06/08/2021 16:51:51	SQL :SELECT * FROM wh_setting WHERE setting_name='Dashboard_2';
06/08/2021 16:51:51	Finish Logging
06/08/2021 16:51:51	SQL :SELECT value_string FROM wh_setting WHERE (setting_name='Interval_CheckInDate') AND (active=1);
06/08/2021 16:51:51	SQL :SELECT value_string FROM wh_setting WHERE (setting_name='Interval_CheckInTime') AND (active=1);
06/08/2021 16:51:51	SQL :SELECT value_string FROM wh_setting WHERE (setting_name='ChatEnable') and (active=1);
06/08/2021 16:51:52	Message:Port Check
06/08/2021 16:51:52	Message:Open DB Connection
06/08/2021 16:51:52	SQL :EXEC GetMessage '01','pramudyono hadi';
06/08/2021 16:51:52	SQL :SELECT CONVERT(VARCHAR(8),GETDATE(),108) AS hour_minute;
06/08/2021 16:51:52	SQL :SELECT CONVERT(VARCHAR(10),GETDATE(),103) AS date_time;
06/08/2021 16:52:04	Open Menu :190507
06/08/2021 16:52:04	Open DB Connection
06/08/2021 16:52:04	SQL :EXEC AuthMenu 'pramudyono hadi',190507;
06/08/2021 16:52:04	Form Check :BusRunningDaysminiRpt
06/08/2021 16:52:04	Form Open: BusRunningDaysMiniRpt=,0
06/08/2021 16:52:04	Open DB Connection
06/08/2021 16:52:04	SQL :EXEC GetCompanyLocationList
06/08/2021 16:52:04	SQL :EXEC GetUserRDLocationList @UserName='pramudyono hadi' ;
06/08/2021 16:52:04	SQL :EXEC GetGroup 2;
06/08/2021 16:52:04	Open DB Connection
06/08/2021 16:52:09	Open DB Connection
06/08/2021 16:52:10	Open DB Connection
06/08/2021 16:52:10	SQL :SELECT * FROM wh_setting WHERE (setting_name='ServiceBerkala_as_PKB_2') AND (active=1);
06/08/2021 16:52:10	Open DB Connection
06/08/2021 16:52:10	SQL :EXEC GetVhcList 6,@CompanyId=2,@BatchId=10,@OrderBy='h.vhc_batch_id,seat,license_plate',@ShowBatch=1,@Dates='2021/08/31';
06/08/2021 16:52:10	SQL :EXEC GetRunningDaysDetail 'BS220010001',@FromDate='2021-08-01',@ToDate='2021-08-31', @CompanyId=2;
06/08/2021 16:52:10	SQL :EXEC GetRunningDaysDetail 'BS220010002',@FromDate='2021-08-01',@ToDate='2021-08-31', @CompanyId=2;
06/08/2021 16:52:11	SQL :EXEC GetRunningDaysDetail 'BS220010003',@FromDate='2021-08-01',@ToDate='2021-08-31', @CompanyId=2;
06/08/2021 16:52:11	SQL :EXEC GetRunningDaysDetail 'BS220010004',@FromDate='2021-08-01',@ToDate='2021-08-31', @CompanyId=2;
06/08/2021 16:52:11	SQL :EXEC GetRunningDaysDetail 'BS220010005',@FromDate='2021-08-01',@ToDate='2021-08-31', @CompanyId=2;
06/08/2021 16:52:11	SQL :EXEC GetRunningDaysDetail 'BU13090054',@FromDate='2021-08-01',@ToDate='2021-08-31', @CompanyId=2;
06/08/2021 16:52:12	SQL :EXEC GetRunningDaysDetail 'BU13090057',@FromDate='2021-08-01',@ToDate='2021-08-31', @CompanyId=2;
06/08/2021 16:52:12	SQL :EXEC GetRunningDaysDetail 'BS14050001',@FromDate='2021-08-01',@ToDate='2021-08-31', @CompanyId=2;
06/08/2021 16:52:12	SQL :EXEC GetRunningDaysDetail 'BU13090044',@FromDate='2021-08-01',@ToDate='2021-08-31', @CompanyId=2;
06/08/2021 16:52:13	SQL :EXEC GetRunningDaysDetail 'BU13090046',@FromDate='2021-08-01',@ToDate='2021-08-31', @CompanyId=2;
06/08/2021 16:52:13	SQL :EXEC GetRunningDaysDetail 'BU13090047',@FromDate='2021-08-01',@ToDate='2021-08-31', @CompanyId=2;
06/08/2021 16:52:13	SQL :EXEC GetRunningDaysDetail 'BU13090048',@FromDate='2021-08-01',@ToDate='2021-08-31', @CompanyId=2;
06/08/2021 16:52:13	SQL :EXEC GetRunningDaysDetail 'BU13090051',@FromDate='2021-08-01',@ToDate='2021-08-31', @CompanyId=2;
06/08/2021 16:52:14	SQL :EXEC GetRunningDaysDetail 'BU13090056',@FromDate='2021-08-01',@ToDate='2021-08-31', @CompanyId=2;
06/08/2021 16:52:14	SQL :EXEC GetRunningDaysDetail 'BS14050005',@FromDate='2021-08-01',@ToDate='2021-08-31', @CompanyId=2;
06/08/2021 16:52:14	SQL :EXEC GetRunningDaysDetail 'BS14050002',@FromDate='2021-08-01',@ToDate='2021-08-31', @CompanyId=2;
06/08/2021 16:52:15	SQL :EXEC GetRunningDaysDetail 'BS14050003',@FromDate='2021-08-01',@ToDate='2021-08-31', @CompanyId=2;
06/08/2021 16:52:16	SQL :EXEC GetRunningDaysDetail 'BS14050004',@FromDate='2021-08-01',@ToDate='2021-08-31', @CompanyId=2;
06/08/2021 16:52:16	SQL :EXEC GetRunningDaysDetail 'BS14050008',@FromDate='2021-08-01',@ToDate='2021-08-31', @CompanyId=2;
06/08/2021 106/08/2021 16:56:06	Get Local Settings
06/08/2021 16:56:06	Start Change Local Settings
06/08/2021 16:56:06	Change short date format
06/08/2021 16:56:06	Change Long date format
06/08/2021 16:56:06	Finish Change Local Settings
06/08/2021 16:56:06	Registry Read: Path=SOFTWARE\WEHA\Aplikasi\3
06/08/2021 16:56:06	Registry Read/Write
06/08/2021 16:56:06	Registry Read: Path=SOFTWARE\WEHA\Aplikasi\3
06/08/2021 16:56:06	Create DB Object
06/08/2021 16:56:06	Init DB
06/08/2021 16:56:06	Finish Init DB
06/08/2021 16:56:06	Get File Version
06/08/2021 16:56:06	Change  Caption
06/08/2021 16:56:06	Init Shortkey
06/08/2021 16:56:08	Create DB Object
06/08/2021 16:56:08	Init DB
06/08/2021 16:56:08	Finish Init DB
06/08/2021 16:56:09	Update new version check
06/08/2021 16:56:09	Open DB Connection
06/08/2021 16:56:13	SQL :
06/08/2021 16:56:13	Update check version
06/08/2021 16:56:13	Open DB Connection
06/08/2021 16:56:13	SQL :SELECT version FROM wh_application WHERE application_id=(SELECT MAX(application_id) FROM wh_application);
06/08/2021 16:56:13	Start Login
06/08/2021 16:56:13	Open DB Connection
06/08/2021 16:56:13	SQL :EXEC AuthenticateUser 'pramudyono hadi','6f2b8366efa56f0c06dd6b31fcff8a73';
06/08/2021 16:56:14	SQL :INSERT INTO wh_log (user_id,app_date,app_version,app_version_svr,location_id,company_id,department_id,host_name,ip_address)  VALUES ('pramudyono hadi','06/08/2021','6.1.3.10','6.1.3.10',6,2,13,'DESKTOP-S1PD9OD','192.168.25.214');
06/08/2021 16:56:14	Open DB Connection
06/08/2021 16:56:14	SQL :EXEC GetUserMenu 'pramudyono hadi';
06/08/2021 16:56:14	SQL :EXEC GetUserSubMenu 'pramudyono hadi','11';
06/08/2021 16:56:14	SQL :EXEC GetUserTreeMenu 'pramudyono hadi','1101',@CompanyId=2;
06/08/2021 16:56:14	SQL :EXEC GetUserTreeMenu 'pramudyono hadi','1102',@CompanyId=2;
06/08/2021 16:56:14	SQL :EXEC GetUserTreeMenu 'pramudyono hadi','1103',@CompanyId=2;
06/08/2021 16:56:14	SQL :EXEC GetUserTreeMenu 'pramudyono hadi','1104',@CompanyId=2;
06/08/2021 16:56:14	SQL :EXEC GetUserTreeMenu 'pramudyono hadi','1105',@CompanyId=2;
06/08/2021 16:56:14	SQL :EXEC GetUserTreeMenu 'pramudyono hadi','1106',@CompanyId=2;
06/08/2021 16:56:14	SQL :EXEC GetUserTreeMenu 'pramudyono hadi','1107',@CompanyId=2;
06/08/2021 16:56:14	SQL :EXEC GetUserTreeMenu 'pramudyono hadi','1108',@CompanyId=2;
06/08/2021 16:56:15	SQL :EXEC GetUserTreeMenu 'pramudyono hadi','1109',@CompanyId=2;
06/08/2021 16:56:15	SQL :EXEC GetUserTreeMenu 'pramudyono hadi','1110',@CompanyId=2;
06/08/2021 16:56:15	SQL :EXEC GetUserTreeMenu 'pramudyono hadi','1111',@CompanyId=2;
06/08/2021 16:56:15	SQL :EXEC GetUserTreeMenu 'pramudyono hadi','1112',@CompanyId=2;
06/08/2021 16:56:15	SQL :EXEC GetUserTreeMenu 'pramudyono hadi','1113',@CompanyId=2;
06/08/2021 16:56:15	SQL :EXEC GetUserTreeMenu 'pramudyono hadi','1114',@CompanyId=2;
06/08/2021 16:56:15	SQL :EXEC GetUserTreeMenu 'pramudyono hadi','1115',@CompanyId=2;
06/08/2021 16:56:15	SQL :EXEC GetUserTreeMenu 'pramudyono hadi','1116',@CompanyId=2;
06/08/2021 16:56:15	SQL :EXEC GetUserTreeMenu 'pramudyono hadi','1117',@CompanyId=2;
06/08/2021 16:56:15	SQL :EXEC GetUserTreeMenu 'pramudyono hadi','1198',@CompanyId=2;
06/08/2021 16:56:15	SQL :EXEC GetUserTreeMenu 'pramudyono hadi','1199',@CompanyId=2;
06/08/2021 16:56:15	SQL :EXEC GetUserSubMenu 'pramudyono hadi','12';
06/08/2021 16:56:15	SQL :EXEC GetUserTreeMenu 'pramudyono hadi','1201',@CompanyId=2;
06/08/2021 16:56:15	SQL :EXEC GetUserTreeMenu 'pramudyono hadi','1202',@CompanyId=2;
06/08/2021 16:56:15	SQL :EXEC GetUserTreeMenu 'pramudyono hadi','1203',@CompanyId=2;
06/08/2021 16:56:15	SQL :EXEC GetUserTreeMenu 'pramudyono hadi','1204',@CompanyId=2;
06/08/2021 16:56:15	SQL :EXEC GetUserTreeMenu 'pramudyono hadi','1205',@CompanyId=2;
06/08/2021 16:56:15	SQL :EXEC GetUserTreeMenu 'pramudyono hadi','1206',@CompanyId=2;
06/08/2021 16:56:15	SQL :EXEC GetUserTreeMenu 'pramudyono hadi','1207',@CompanyId=2;
06/08/2021 16:56:15	SQL :EXEC GetUserSubMenu 'pramudyono hadi','13';
06/08/2021 16:56:15	SQL :EXEC GetUserTreeMenu 'pramudyono hadi','1301',@CompanyId=2;
06/08/2021 16:56:15	SQL :EXEC GetUserTreeMenu 'pramudyono hadi','1302',@CompanyId=2;
06/08/2021 16:56:15	SQL :EXEC GetUserTreeMenu 'pramudyono hadi','1303',@CompanyId=2;
06/08/2021 16:56:15	SQL :EXEC GetUserTreeMenu 'pramudyono hadi','1304',@CompanyId=2;
06/08/2021 16:56:15	SQL :EXEC GetUserTreeMenu 'pramudyono hadi','1305',@CompanyId=2;
06/08/2021 16:56:15	SQL :EXEC GetUserTreeMenu 'pramudyono hadi','1306',@CompanyId=2;
06/08/2021 16:56:15	SQL :EXEC GetUserTreeMenu 'pramudyono hadi','1307',@CompanyId=2;
06/08/2021 16:56:15	SQL :EXEC GetUserTreeMenu 'pramudyono hadi','1308',@CompanyId=2;
06/08/2021 16:56:15	SQL :EXEC GetUserTreeMenu 'pramudyono hadi','1309',@CompanyId=2;
06/08/2021 16:56:15	SQL :EXEC GetUserTreeMenu 'pramudyono hadi','1310',@CompanyId=2;
06/08/2021 16:56:15	SQL :EXEC GetUserTreeMenu 'pramudyono hadi','1311',@CompanyId=2;
06/08/2021 16:56:15	SQL :EXEC GetUserTreeMenu 'pramudyono hadi','1312',@CompanyId=2;
06/08/2021 16:56:15	SQL :EXEC GetUserTreeMenu 'pramudyono hadi','1313',@CompanyId=2;
06/08/2021 16:56:15	SQL :EXEC GetUserTreeMenu 'pramudyono hadi','1314',@CompanyId=2;
06/08/2021 16:56:15	SQL :EXEC GetUserTreeMenu 'pramudyono hadi','1315',@CompanyId=2;
06/08/2021 16:56:15	SQL :EXEC GetUserTreeMenu 'pramudyono hadi','1316',@CompanyId=2;
06/08/2021 16:56:15	SQL :EXEC GetUserTreeMenu 'pramudyono hadi','1317',@CompanyId=2;
06/08/2021 16:56:15	SQL :EXEC GetUserTreeMenu 'pramudyono hadi','1318',@CompanyId=2;
06/08/2021 16:56:15	SQL :EXEC GetUserTreeMenu 'pramudyono hadi','1319',@CompanyId=2;
06/08/2021 16:56:15	SQL :EXEC GetUserTreeMenu 'pramudyono hadi','1320',@CompanyId=2;
06/08/2021 16:56:15	SQL :EXEC GetUserTreeMenu 'pramudyono hadi','1321',@CompanyId=2;
06/08/2021 16:56:15	SQL :EXEC GetUserSubMenu 'pramudyono hadi','14';
06/08/2021 16:56:15	SQL :EXEC GetUserTreeMenu 'pramudyono hadi','1401',@CompanyId=2;
06/08/2021 16:56:15	SQL :EXEC GetUserTreeMenu 'pramudyono hadi','1402',@CompanyId=2;
06/08/2021 16:56:15	SQL :EXEC GetUserTreeMenu 'pramudyono hadi','1403',@CompanyId=2;
06/08/2021 16:56:15	SQL :EXEC GetUserTreeMenu 'pramudyono hadi','1404',@CompanyId=2;
06/08/2021 16:56:15	SQL :EXEC GetUserTreeMenu 'pramudyono hadi','1406',@CompanyId=2;
06/08/2021 16:56:15	SQL :EXEC GetUserTreeMenu 'pramudyono hadi','1408',@CompanyId=2;
06/08/2021 16:56:15	SQL :EXEC GetUserTreeMenu 'pramudyono hadi','1410',@CompanyId=2;
06/08/2021 16:56:15	SQL :EXEC GetUserTreeMenu 'pramudyono hadi','1411',@CompanyId=2;
06/08/2021 16:56:15	SQL :EXEC GetUserTreeMenu 'pramudyono hadi','1412',@CompanyId=2;
06/08/2021 16:56:15	SQL :EXEC GetUserTreeMenu 'pramudyono hadi','1413',@CompanyId=2;
06/08/2021 16:56:15	SQL :EXEC GetUserTreeMenu 'pramudyono hadi','1414',@CompanyId=2;
06/08/2021 16:56:15	SQL :EXEC GetUserSubMenu 'pramudyono hadi','15';
06/08/2021 16:56:15	SQL :EXEC GetUserTreeMenu 'pramudyono hadi','1501',@CompanyId=2;
06/08/2021 16:56:15	SQL :EXEC GetUserTreeMenu 'pramudyono hadi','1502',@CompanyId=2;
06/08/2021 16:56:15	SQL :EXEC GetUserTreeMenu 'pramudyono hadi','1503',@CompanyId=2;
06/08/2021 16:56:15	SQL :EXEC GetUserTreeMenu 'pramudyono hadi','1504',@CompanyId=2;
06/08/2021 16:56:15	SQL :EXEC GetUserTreeMenu 'pramudyono hadi','1505',@CompanyId=2;
06/08/2021 16:56:15	SQL :EXEC GetUserTreeMenu 'pramudyono hadi','1506',@CompanyId=2;
06/08/2021 16:56:15	SQL :EXEC GetUserTreeMenu 'pramudyono hadi','1507',@CompanyId=2;
06/08/2021 16:56:15	SQL :EXEC GetUserTreeMenu 'pramudyono hadi','1508',@CompanyId=2;
06/08/2021 16:56:15	SQL :EXEC GetUserTreeMenu 'pramudyono hadi','1509',@CompanyId=2;
06/08/2021 16:56:15	SQL :EXEC GetUserTreeMenu 'pramudyono hadi','1510',@CompanyId=2;
06/08/2021 16:56:15	SQL :EXEC GetUserTreeMenu 'pramudyono hadi','1511',@CompanyId=2;
06/08/2021 16:56:15	SQL :EXEC GetUserSubMenu 'pramudyono hadi','16';
06/08/2021 16:56:15	SQL :EXEC GetUserTreeMenu 'pramudyono hadi','1601',@CompanyId=2;
06/08/2021 16:56:15	SQL :EXEC GetUserTreeMenu 'pramudyono hadi','1602',@CompanyId=2;
06/08/2021 16:56:15	SQL :EXEC GetUserTreeMenu 'pramudyono hadi','1603',@CompanyId=2;
06/08/2021 16:56:15	SQL :EXEC GetUserTreeMenu 'pramudyono hadi','1604',@CompanyId=2;
06/08/2021 16:56:15	SQL :EXEC GetUserTreeMenu 'pramudyono hadi','1605',@CompanyId=2;
06/08/2021 16:56:15	SQL :EXEC GetUserTreeMenu 'pramudyono hadi','1606',@CompanyId=2;
06/08/2021 16:56:15	SQL :EXEC GetUserTreeMenu 'pramudyono hadi','1607',@CompanyId=2;
06/08/2021 16:56:15	SQL :EXEC GetUserTreeMenu 'pramudyono hadi','1608',@CompanyId=2;
06/08/2021 16:56:15	SQL :EXEC GetUserTreeMenu 'pramudyono hadi','1609',@CompanyId=2;
06/08/2021 16:56:15	SQL :EXEC GetUserTreeMenu 'pramudyono hadi','1610',@CompanyId=2;
06/08/2021 16:56:15	SQL :EXEC GetUserTreeMenu 'pramudyono hadi','1611',@CompanyId=2;
06/08/2021 16:56:15	SQL :EXEC GetUserTreeMenu 'pramudyono hadi','1612',@CompanyId=2;
06/08/2021 16:56:15	SQL :EXEC GetUserTreeMenu 'pramudyono hadi','1613',@CompanyId=2;
06/08/2021 16:56:15	SQL :EXEC GetUserTreeMenu 'pramudyono hadi','1614',@CompanyId=2;
06/08/2021 16:56:15	SQL :EXEC GetUserTreeMenu 'pramudyono hadi','1615',@CompanyId=2;
06/08/2021 16:56:15	SQL :EXEC GetUserTreeMenu 'pramudyono hadi','1616',@CompanyId=2;
06/08/2021 16:56:15	SQL :EXEC GetUserTreeMenu 'pramudyono hadi','1619',@CompanyId=2;
06/08/2021 16:56:15	SQL :EXEC GetUserTreeMenu 'pramudyono hadi','1620',@CompanyId=2;
06/08/2021 16:56:15	SQL :EXEC GetUserSubMenu 'pramudyono hadi','17';
06/08/2021 16:56:15	SQL :EXEC GetUserTreeMenu 'pramudyono hadi','1701',@CompanyId=2;
06/08/2021 16:56:15	SQL :EXEC GetUserTreeMenu 'pramudyono hadi','1702',@CompanyId=2;
06/08/2021 16:56:15	SQL :EXEC GetUserTreeMenu 'pramudyono hadi','1703',@CompanyId=2;
06/08/2021 16:56:15	SQL :EXEC GetUserTreeMenu 'pramudyono hadi','1704',@CompanyId=2;
06/08/2021 16:56:15	SQL :EXEC GetUserTreeMenu 'pramudyono hadi','1705',@CompanyId=2;
06/08/2021 16:56:15	SQL :EXEC GetUserTreeMenu 'pramudyono hadi','1706',@CompanyId=2;
06/08/2021 16:56:15	SQL :EXEC GetUserTreeMenu 'pramudyono hadi','1707',@CompanyId=2;
06/08/2021 16:56:15	SQL :EXEC GetUserTreeMenu 'pramudyono hadi','1708',@CompanyId=2;
06/08/2021 16:56:15	SQL :EXEC GetUserTreeMenu 'pramudyono hadi','1709',@CompanyId=2;
06/08/2021 16:56:15	SQL :EXEC GetUserTreeMenu 'pramudyono hadi','1710',@CompanyId=2;
06/08/2021 16:56:15	SQL :EXEC GetUserTreeMenu 'pramudyono hadi','1711',@CompanyId=2;
06/08/2021 16:56:15	SQL :EXEC GetUserTreeMenu 'pramudyono hadi','1712',@CompanyId=2;
06/08/2021 16:56:15	SQL :EXEC GetUserTreeMenu 'pramudyono hadi','1713',@CompanyId=2;
06/08/2021 16:56:15	SQL :EXEC GetUserTreeMenu 'pramudyono hadi','1714',@CompanyId=2;
06/08/2021 16:56:15	SQL :EXEC GetUserTreeMenu 'pramudyono hadi','1715',@CompanyId=2;
06/08/2021 16:56:15	SQL :EXEC GetUserTreeMenu 'pramudyono hadi','1716',@CompanyId=2;
06/08/2021 16:56:15	SQL :EXEC GetUserTreeMenu 'pramudyono hadi','1717',@CompanyId=2;
06/08/2021 16:56:15	SQL :EXEC GetUserSubMenu 'pramudyono hadi','18';
06/08/2021 16:56:15	SQL :EXEC GetUserTreeMenu 'pramudyono hadi','1801',@CompanyId=2;
06/08/2021 16:56:15	SQL :EXEC GetUserSubMenu 'pramudyono hadi','19';
06/08/2021 16:56:15	SQL :EXEC GetUserTreeMenu 'pramudyono hadi','1901',@CompanyId=2;
06/08/2021 16:56:15	SQL :EXEC GetUserTreeMenu 'pramudyono hadi','1902',@CompanyId=2;
06/08/2021 16:56:15	SQL :EXEC GetUserTreeMenu 'pramudyono hadi','1903',@CompanyId=2;
06/08/2021 16:56:15	SQL :EXEC GetUserTreeMenu 'pramudyono hadi','1904',@CompanyId=2;
06/08/2021 16:56:15	SQL :EXEC GetUserTreeMenu 'pramudyono hadi','1905',@CompanyId=2;
06/08/2021 16:56:15	SQL :EXEC GetUserTreeMenu 'pramudyono hadi','1906',@CompanyId=2;
06/08/2021 16:56:16	SQL :EXEC GetUserTreeMenu 'pramudyono hadi','1907',@CompanyId=2;
06/08/2021 16:56:16	SQL :EXEC GetUserTreeMenu 'pramudyono hadi','1908',@CompanyId=2;
06/08/2021 16:56:16	SQL :EXEC GetUserTreeMenu 'pramudyono hadi','1909',@CompanyId=2;
06/08/2021 16:56:16	SQL :EXEC GetUserTreeMenu 'pramudyono hadi','1910',@CompanyId=2;
06/08/2021 16:56:16	SQL :EXEC GetUserTreeMenu 'pramudyono hadi','1911',@CompanyId=2;
06/08/2021 16:56:16	SQL :EXEC GetUserTreeMenu 'pramudyono hadi','1912',@CompanyId=2;
06/08/2021 16:56:16	SQL :SELECT CONVERT(VARCHAR(8),GETDATE(),108) AS hour_minute;
06/08/2021 16:56:16	SQL :SELECT CONVERT(VARCHAR(10),GETDATE(),103) AS date_time;
06/08/2021 16:56:16	Loading Setting
06/08/2021 16:56:16	Open DB Connection
06/08/2021 16:56:16	SQL :SELECT * FROM wh_setting WHERE setting_name='Hold_Less_Deposit';
06/08/2021 16:56:16	SQL :SELECT * FROM wh_setting WHERE setting_name='Max_Less_Deposit';
06/08/2021 16:56:16	SQL :SELECT * FROM wh_setting WHERE setting_name='Dashboard_2';
06/08/2021 16:56:16	Finish Logging
06/08/2021 16:56:16	SQL :SELECT value_string FROM wh_setting WHERE (setting_name='Interval_CheckInDate') AND (active=1);
06/08/2021 16:56:16	SQL :SELECT value_string FROM wh_setting WHERE (setting_name='Interval_CheckInTime') AND (active=1);
06/08/2021 16:56:16	SQL :SELECT value_string FROM wh_setting WHERE (setting_name='ChatEnable') and (active=1);
06/08/2021 16:56:17	Message:Port Check
06/08/2021 16:56:17	Message:Open DB Connection
06/08/2021 16:56:17	SQL :EXEC GetMessage '01','pramudyono hadi';
06/08/2021 16:56:17	SQL :SELECT CONVERT(VARCHAR(8),GETDATE(),108) AS hour_minute;
06/08/2021 16:56:17	SQL :SELECT CONVERT(VARCHAR(10),GETDATE(),103) AS date_time;
06/08/2021 16:56:20	Open Menu :190507
06/08/2021 16:56:20	Open DB Connection
06/08/2021 16:56:20	SQL :EXEC AuthMenu 'pramudyono hadi',190507;
06/08/2021 16:56:20	Form Check :BusRunningDaysminiRpt
06/08/2021 16:56:20	Form Open: BusRunningDaysMiniRpt=,0
06/08/2021 16:56:20	Open DB Connection
06/08/2021 16:56:20	SQL :EXEC GetCompanyLocationList
06/08/2021 16:56:20	SQL :EXEC GetUserRDLocationList @UserName='pramudyono hadi' ;
06/08/2021 16:56:20	SQL :EXEC GetGroup 2;
06/08/2021 16:56:20	Open DB Connection
06/08/2021 16:56:23	Open DB Connection
06/08/2021 16:56:25	Open DB Connection
06/08/2021 16:56:25	Open DB Connection
06/08/2021 16:56:25	SQL :SELECT * FROM wh_setting WHERE (setting_name='ServiceBerkala_as_PKB_2') AND (active=1);
06/08/2021 16:56:26	Open DB Connection
06/08/2021 16:56:26	SQL :EXEC GetVhcList 6,@CompanyId=2,@BatchId=10,@OrderBy='h.vhc_batch_id,seat,license_plate',@ShowBatch=1,@Dates='2021/08/31';
06/08/2021 16:56:26	SQL :EXEC GetRunningDaysDetail 'BS220010001',@FromDate='2021-08-01',@ToDate='2021-08-31', @CompanyId=2;
06/08/2021 16:56:26	SQL :EXEC GetRunningDaysDetail 'BS220010002',@FromDate='2021-08-01',@ToDate='2021-08-31', @CompanyId=2;
06/08/2021 16:56:26	SQL :EXEC GetRunningDaysDetail 'BS220010003',@FromDate='2021-08-01',@ToDate='2021-08-31', @CompanyId=2;
06/08/2021 16:56:26	SQL :EXEC GetRunningDaysDetail 'BS220010004',@FromDate='2021-08-01',@ToDate='2021-08-31', @CompanyId=2;
06/08/2021 16:56:26	SQL :EXEC GetRunningDaysDetail 'BS220010005',@FromDate='2021-08-01',@ToDate='2021-08-31', @CompanyId=2;
06/08/2021 16:56:27	SQL :EXEC GetRunningDaysDetail 'BU13090054',@FromDate='2021-08-01',@ToDate='2021-08-31', @CompanyId=2;
06/08/2021 16:56:27	SQL :EXEC GetRunningDaysDetail 'BU13090057',@FromDate='2021-08-01',@ToDate='2021-08-31', @CompanyId=2;
06/08/2021 16:56:27	SQL :EXEC GetRunningDaysDetail 'BS14050001',@FromDate='2021-08-01',@ToDate='2021-08-31', @CompanyId=2;
06/08/2021 16:56:28	SQL :EXEC GetRunningDaysDetail 'BU13090044',@FromDate='2021-08-01',@ToDate='2021-08-31', @CompanyId=2;
06/08/2021 16:56:28	SQL :EXEC GetRunningDaysDetail 'BU13090046',@FromDate='2021-08-01',@ToDate='2021-08-31', @CompanyId=2;
06/08/2021 16:56:28	SQL :EXEC GetRunningDaysDetail 'BU13090047',@FromDate='2021-08-01',@ToDate='2021-08-31', @CompanyId=2;
06/08/2021 16:56:29	SQL :EXEC GetRunningDaysDetail 'BU13090048',@FromDate='2021-08-01',@ToDate='2021-08-31', @CompanyId=2;
06/08/2021 16:56:29	SQL :EXEC GetRunningDaysDetail 'BU13090051',@FromDate='2021-08-01',@ToDate='2021-08-31', @CompanyId=2;
06/08/2021 16:56:29	SQL :EXEC GetRunningDaysDetail 'BU13090056',@FromDate='2021-08-01',@ToDate='2021-08-31', @CompanyId=2;
06/08/2021 16:56:30	SQL :EXEC GetRunningDaysDetail 'BS14050005',@FromDate='2021-08-01',@ToDate='2021-08-31', @CompanyId=2;
06/08/2021 16:56:30	SQL :EXEC GetRunningDaysDetail 'BS14050002',@FromDate='2021-08-01',@ToDate='2021-08-31', @CompanyId=2;
06/08/2021 16:56:31	SQL :EXEC GetRunningDaysDetail 'BS14050003',@FromDate='2021-08-01',@ToDate='2021-08-31', @CompanyId=2;
06/08/2021 16:56:31	SQL :EXEC GetRunningDaysDetail 'BS14050004',@FromDate='2021-08-01',@ToDate='2021-08-31', @CompanyId=2;
06/08/2021 16:56:32	SQL :EXEC GetRunningDaysDetail 'BS14050008',@FromDate='2021-08-01',@ToDate='2021-08-31', @CompanyId=2;
06/08/2021 16:56:32	SQL :EXEC GetRunningDaysDetail 'BS14050006',@FromDate='2021-08-01',@ToDate='2021-08-31', @CompanyId=2;
06/08/2021 16:57:01	Open DB Connection
06/08/2021 16:57:01	SQL :SELECT * FROM wh_setting WHERE (setting_name='ServiceBerkala_as_PKB_2') AND (active=1);
06/08/2021 16:57:02	Open DB Connection
06/08/2021 16:57:02	SQL :EXEC GetVhcList 6,@CompanyId=2,@BatchId=10,@OrderBy='h.vhc_batch_id,seat,license_plate',@ShowBatch=1,@Dates='2021/08/31';
06/08/2021 16:57:02	SQL :EXEC GetRunningDaysDetail 'BS220010001',@FromDate='2021-08-01',@ToDate='2021-08-31', @CompanyId=2;
06/08/2021 16:57:02	SQL :EXEC GetRunningDaysDetail 'BS220010002',@FromDate='2021-08-01',@ToDate='2021-08-31', @CompanyId=2;
06/08/2021 16:57:02	SQL :EXEC GetRunningDaysDetail 'BS220010003',@FromDate='2021-08-01',@ToDate='2021-08-31', @CompanyId=2;
06/08/2021 16:57:02	SQL :EXEC GetRunningDaysDetail 'BS220010004',@FromDate='2021-08-01',@ToDate='2021-08-31', @CompanyId=2;
06/08/2021 16:57:02	SQL :EXEC GetRunningDaysDetail 'BS220010005',@FromDate='2021-08-01',@ToDate='2021-08-31', @CompanyId=2;
06/08/2021 16:57:03	SQL :EXEC GetRunningDaysDetail 'BU13090054',@FromDate='2021-08-01',@ToDate='2021-08-31', @CompanyId=2;
06/08/2021 16:57:03	SQL :EXEC GetRunn06/08/2021 16:58:16	Get Local Settings
06/08/2021 16:58:16	Start Change Local Settings
06/08/2021 16:58:16	Change short date format
06/08/2021 16:58:16	Change Long date format
06/08/2021 16:58:16	Finish Change Local Settings
06/08/2021 16:58:16	Registry Read: Path=SOFTWARE\WEHA\Aplikasi\3
06/08/2021 16:58:16	Registry Read/Write
06/08/2021 16:58:16	Registry Read: Path=SOFTWARE\WEHA\Aplikasi\3
06/08/2021 16:58:16	Create DB Object
06/08/2021 16:58:16	Init DB
06/08/2021 16:58:16	Finish Init DB
06/08/2021 16:58:16	Get File Version
06/08/2021 16:58:16	Change  Caption
06/08/2021 16:58:16	Init Shortkey
06/08/2021 16:58:22	Create DB Object
06/08/2021 16:58:22	Init DB
06/08/2021 16:58:22	Finish Init DB
06/08/2021 16:58:23	Update new version check
06/08/2021 16:58:23	Open DB Connection
06/08/2021 16:58:26	SQL :
06/08/2021 16:58:27	Update check version
06/08/2021 16:58:27	Open DB Connection
06/08/2021 16:58:27	SQL :SELECT version FROM wh_application WHERE application_id=(SELECT MAX(application_id) FROM wh_application);
06/08/2021 16:58:27	Start Login
06/08/2021 16:58:27	Open DB Connection
06/08/2021 16:58:27	SQL :EXEC AuthenticateUser 'pramudyono hadi','6f2b8366efa56f0c06dd6b31fcff8a73';
06/08/2021 16:58:28	SQL :INSERT INTO wh_log (user_id,app_date,app_version,app_version_svr,location_id,company_id,department_id,host_name,ip_address)  VALUES ('pramudyono hadi','06/08/2021','6.1.3.10','6.1.3.10',6,2,13,'DESKTOP-S1PD9OD','192.168.25.214');
06/08/2021 16:58:28	Open DB Connection
06/08/2021 16:58:28	SQL :EXEC GetUserMenu 'pramudyono hadi';
06/08/2021 16:58:28	SQL :EXEC GetUserSubMenu 'pramudyono hadi','11';
06/08/2021 16:58:28	SQL :EXEC GetUserTreeMenu 'pramudyono hadi','1101',@CompanyId=2;
06/08/2021 16:58:28	SQL :EXEC GetUserTreeMenu 'pramudyono hadi','1102',@CompanyId=2;
06/08/2021 16:58:28	SQL :EXEC GetUserTreeMenu 'pramudyono hadi','1103',@CompanyId=2;
06/08/2021 16:58:28	SQL :EXEC GetUserTreeMenu 'pramudyono hadi','1104',@CompanyId=2;
06/08/2021 16:58:28	SQL :EXEC GetUserTreeMenu 'pramudyono hadi','1105',@CompanyId=2;
06/08/2021 16:58:28	SQL :EXEC GetUserTreeMenu 'pramudyono hadi','1106',@CompanyId=2;
06/08/2021 16:58:28	SQL :EXEC GetUserTreeMenu 'pramudyono hadi','1107',@CompanyId=2;
06/08/2021 16:58:28	SQL :EXEC GetUserTreeMenu 'pramudyono hadi','1108',@CompanyId=2;
06/08/2021 16:58:28	SQL :EXEC GetUserTreeMenu 'pramudyono hadi','1109',@CompanyId=2;
06/08/2021 16:58:28	SQL :EXEC GetUserTreeMenu 'pramudyono hadi','1110',@CompanyId=2;
06/08/2021 16:58:28	SQL :EXEC GetUserTreeMenu 'pramudyono hadi','1111',@CompanyId=2;
06/08/2021 16:58:28	SQL :EXEC GetUserTreeMenu 'pramudyono hadi','1112',@CompanyId=2;
06/08/2021 16:58:28	SQL :EXEC GetUserTreeMenu 'pramudyono hadi','1113',@CompanyId=2;
06/08/2021 16:58:28	SQL :EXEC GetUserTreeMenu 'pramudyono hadi','1114',@CompanyId=2;
06/08/2021 16:58:28	SQL :EXEC GetUserTreeMenu 'pramudyono hadi','1115',@CompanyId=2;
06/08/2021 16:58:28	SQL :EXEC GetUserTreeMenu 'pramudyono hadi','1116',@CompanyId=2;
06/08/2021 16:58:28	SQL :EXEC GetUserTreeMenu 'pramudyono hadi','1117',@CompanyId=2;
06/08/2021 16:58:28	SQL :EXEC GetUserTreeMenu 'pramudyono hadi','1198',@CompanyId=2;
06/08/2021 16:58:28	SQL :EXEC GetUserTreeMenu 'pramudyono hadi','1199',@CompanyId=2;
06/08/2021 16:58:28	SQL :EXEC GetUserSubMenu 'pramudyono hadi','12';
06/08/2021 16:58:28	SQL :EXEC GetUserTreeMenu 'pramudyono hadi','1201',@CompanyId=2;
06/08/2021 16:58:28	SQL :EXEC GetUserTreeMenu 'pramudyono hadi','1202',@CompanyId=2;
06/08/2021 16:58:28	SQL :EXEC GetUserTreeMenu 'pramudyono hadi','1203',@CompanyId=2;
06/08/2021 16:58:28	SQL :EXEC GetUserTreeMenu 'pramudyono hadi','1204',@CompanyId=2;
06/08/2021 16:58:28	SQL :EXEC GetUserTreeMenu 'pramudyono hadi','1205',@CompanyId=2;
06/08/2021 16:58:28	SQL :EXEC GetUserTreeMenu 'pramudyono hadi','1206',@CompanyId=2;
06/08/2021 16:58:28	SQL :EXEC GetUserTreeMenu 'pramudyono hadi','1207',@CompanyId=2;
06/08/2021 16:58:28	SQL :EXEC GetUserSubMenu 'pramudyono hadi','13';
06/08/2021 16:58:28	SQL :EXEC GetUserTreeMenu 'pramudyono hadi','1301',@CompanyId=2;
06/08/2021 16:58:28	SQL :EXEC GetUserTreeMenu 'pramudyono hadi','1302',@CompanyId=2;
06/08/2021 16:58:28	SQL :EXEC GetUserTreeMenu 'pramudyono hadi','1303',@CompanyId=2;
06/08/2021 16:58:28	SQL :EXEC GetUserTreeMenu 'pramudyono hadi','1304',@CompanyId=2;
06/08/2021 16:58:28	SQL :EXEC GetUserTreeMenu 'pramudyono hadi','1305',@CompanyId=2;
06/08/2021 16:58:28	SQL :EXEC GetUserTreeMenu 'pramudyono hadi','1306',@CompanyId=2;
06/08/2021 16:58:28	SQL :EXEC GetUserTreeMenu 'pramudyono hadi','1307',@CompanyId=2;
06/08/2021 16:58:28	SQL :EXEC GetUserTreeMenu 'pramudyono hadi','1308',@CompanyId=2;
06/08/2021 16:58:28	SQL :EXEC GetUserTreeMenu 'pramudyono hadi','1309',@CompanyId=2;
06/08/2021 16:58:28	SQL :EXEC GetUserTreeMenu 'pramudyono hadi','1310',@CompanyId=2;
06/08/2021 16:58:28	SQL :EXEC GetUserTreeMenu 'pramudyono hadi','1311',@CompanyId=2;
06/08/2021 16:58:28	SQL :EXEC GetUserTreeMenu 'pramudyono hadi','1312',@CompanyId=2;
06/08/2021 16:58:28	SQL :EXEC GetUserTreeMenu 'pramudyono hadi','1313',@CompanyId=2;
06/08/2021 16:58:28	SQL :EXEC GetUserTreeMenu 'pramudyono hadi','1314',@CompanyId=2;
06/08/2021 16:58:28	SQL :EXEC GetUserTreeMenu 'pramudyono hadi','1315',@CompanyId=2;
06/08/2021 16:58:28	SQL :EXEC GetUserTreeMenu 'pramudyono hadi','1316',@CompanyId=2;
06/08/2021 16:58:28	SQL :EXEC GetUserTreeMenu 'pramudyono hadi','1317',@CompanyId=2;
06/08/2021 16:58:28	SQL :EXEC GetUserTreeMenu 'pramudyono hadi','1318',@CompanyId=2;
06/08/2021 16:58:28	SQL :EXEC GetUserTreeMenu 'pramudyono hadi','1319',@CompanyId=2;
06/08/2021 16:58:28	SQL :EXEC GetUserTreeMenu 'pramudyono hadi','1320',@CompanyId=2;
06/08/2021 16:58:28	SQL :EXEC GetUserTreeMenu 'pramudyono hadi','1321',@CompanyId=2;
06/08/2021 16:58:28	SQL :EXEC GetUserSubMenu 'pramudyono hadi','14';
06/08/2021 16:58:28	SQL :EXEC GetUserTreeMenu 'pramudyono hadi','1401',@CompanyId=2;
06/08/2021 16:58:28	SQL :EXEC GetUserTreeMenu 'pramudyono hadi','1402',@CompanyId=2;
06/08/2021 16:58:28	SQL :EXEC GetUserTreeMenu 'pramudyono hadi','1403',@CompanyId=2;
06/08/2021 16:58:28	SQL :EXEC GetUserTreeMenu 'pramudyono hadi','1404',@CompanyId=2;
06/08/2021 16:58:28	SQL :EXEC GetUserTreeMenu 'pramudyono hadi','1406',@CompanyId=2;
06/08/2021 16:58:28	SQL :EXEC GetUserTreeMenu 'pramudyono hadi','1408',@CompanyId=2;
06/08/2021 16:58:28	SQL :EXEC GetUserTreeMenu 'pramudyono hadi','1410',@CompanyId=2;
06/08/2021 16:58:28	SQL :EXEC GetUserTreeMenu 'pramudyono hadi','1411',@CompanyId=2;
06/08/2021 16:58:28	SQL :EXEC GetUserTreeMenu 'pramudyono hadi','1412',@CompanyId=2;
06/08/2021 16:58:28	SQL :EXEC GetUserTreeMenu 'pramudyono hadi','1413',@CompanyId=2;
06/08/2021 16:58:28	SQL :EXEC GetUserTreeMenu 'pramudyono hadi','1414',@CompanyId=2;
06/08/2021 16:58:28	SQL :EXEC GetUserSubMenu 'pramudyono hadi','15';
06/08/2021 16:58:28	SQL :EXEC GetUserTreeMenu 'pramudyono hadi','1501',@CompanyId=2;
06/08/2021 16:58:28	SQL :EXEC GetUserTreeMenu 'pramudyono hadi','1502',@CompanyId=2;
06/08/2021 16:58:28	SQL :EXEC GetUserTreeMenu 'pramudyono hadi','1503',@CompanyId=2;
06/08/2021 16:58:28	SQL :EXEC GetUserTreeMenu 'pramudyono hadi','1504',@CompanyId=2;
06/08/2021 16:58:28	SQL :EXEC GetUserTreeMenu 'pramudyono hadi','1505',@CompanyId=2;
06/08/2021 16:58:28	SQL :EXEC GetUserTreeMenu 'pramudyono hadi','1506',@CompanyId=2;
06/08/2021 16:58:28	SQL :EXEC GetUserTreeMenu 'pramudyono hadi','1507',@CompanyId=2;
06/08/2021 16:58:28	SQL :EXEC GetUserTreeMenu 'pramudyono hadi','1508',@CompanyId=2;
06/08/2021 16:58:28	SQL :EXEC GetUserTreeMenu 'pramudyono hadi','1509',@CompanyId=2;
06/08/2021 16:58:28	SQL :EXEC GetUserTreeMenu 'pramudyono hadi','1510',@CompanyId=2;
06/08/2021 16:58:28	SQL :EXEC GetUserTreeMenu 'pramudyono hadi','1511',@CompanyId=2;
06/08/2021 16:58:28	SQL :EXEC GetUserSubMenu 'pramudyono hadi','16';
06/08/2021 16:58:28	SQL :EXEC GetUserTreeMenu 'pramudyono hadi','1601',@CompanyId=2;
06/08/2021 16:58:28	SQL :EXEC GetUserTreeMenu 'pramudyono hadi','1602',@CompanyId=2;
06/08/2021 16:58:28	SQL :EXEC GetUserTreeMenu 'pramudyono hadi','1603',@CompanyId=2;
06/08/2021 16:58:28	SQL :EXEC GetUserTreeMenu 'pramudyono hadi','1604',@CompanyId=2;
06/08/2021 16:58:28	SQL :EXEC GetUserTreeMenu 'pramudyono hadi','1605',@CompanyId=2;
06/08/2021 16:58:28	SQL :EXEC GetUserTreeMenu 'pramudyono hadi','1606',@CompanyId=2;
06/08/2021 16:58:28	SQL :EXEC GetUserTreeMenu 'pramudyono hadi','1607',@CompanyId=2;
06/08/2021 16:58:28	SQL :EXEC GetUserTreeMenu 'pramudyono hadi','1608',@CompanyId=2;
06/08/2021 16:58:28	SQL :EXEC GetUserTreeMenu 'pramudyono hadi','1609',@CompanyId=2;
06/08/2021 16:58:28	SQL :EXEC GetUserTreeMenu 'pramudyono hadi','1610',@CompanyId=2;
06/08/2021 16:58:28	SQL :EXEC GetUserTreeMenu 'pramudyono hadi','1611',@CompanyId=2;
06/08/2021 16:58:28	SQL :EXEC GetUserTreeMenu 'pramudyono hadi','1612',@CompanyId=2;
06/08/2021 16:58:28	SQL :EXEC GetUserTreeMenu 'pramudyono hadi','1613',@CompanyId=2;
06/08/2021 16:58:29	SQL :EXEC GetUserTreeMenu 'pramudyono hadi','1614',@CompanyId=2;
06/08/2021 16:58:29	SQL :EXEC GetUserTreeMenu 'pramudyono hadi','1615',@CompanyId=2;
06/08/2021 16:58:29	SQL :EXEC GetUserTreeMenu 'pramudyono hadi','1616',@CompanyId=2;
06/08/2021 16:58:29	SQL :EXEC GetUserTreeMenu 'pramudyono hadi','1619',@CompanyId=2;
06/08/2021 16:58:29	SQL :EXEC GetUserTreeMenu 'pramudyono hadi','1620',@CompanyId=2;
06/08/2021 16:58:29	SQL :EXEC GetUserSubMenu 'pramudyono hadi','17';
06/08/2021 16:58:29	SQL :EXEC GetUserTreeMenu 'pramudyono hadi','1701',@CompanyId=2;
06/08/2021 16:58:29	SQL :EXEC GetUserTreeMenu 'pramudyono hadi','1702',@CompanyId=2;
06/08/2021 16:58:29	SQL :EXEC GetUserTreeMenu 'pramudyono hadi','1703',@CompanyId=2;
06/08/2021 16:58:29	SQL :EXEC GetUserTreeMenu 'pramudyono hadi','1704',@CompanyId=2;
06/08/2021 16:58:29	SQL :EXEC GetUserTreeMenu 'pramudyono hadi','1705',@CompanyId=2;
06/08/2021 16:58:29	SQL :EXEC GetUserTreeMenu 'pramudyono hadi','1706',@CompanyId=2;
06/08/2021 16:58:29	SQL :EXEC GetUserTreeMenu 'pramudyono hadi','1707',@CompanyId=2;
06/08/2021 16:58:29	SQL :EXEC GetUserTreeMenu 'pramudyono hadi','1708',@CompanyId=2;
06/08/2021 16:58:29	SQL :EXEC GetUserTreeMenu 'pramudyono hadi','1709',@CompanyId=2;
06/08/2021 16:58:29	SQL :EXEC GetUserTreeMenu 'pramudyono hadi','1710',@CompanyId=2;
06/08/2021 16:58:29	SQL :EXEC GetUserTreeMenu 'pramudyono hadi','1711',@CompanyId=2;
06/08/2021 16:58:29	SQL :EXEC GetUserTreeMenu 'pramudyono hadi','1712',@CompanyId=2;
06/08/2021 16:58:29	SQL :EXEC GetUserTreeMenu 'pramudyono hadi','1713',@CompanyId=2;
06/08/2021 16:58:29	SQL :EXEC GetUserTreeMenu 'pramudyono hadi','1714',@CompanyId=2;
06/08/2021 16:58:29	SQL :EXEC GetUserTreeMenu 'pramudyono hadi','1715',@CompanyId=2;
06/08/2021 16:58:29	SQL :EXEC GetUserTreeMenu 'pramudyono hadi','1716',@CompanyId=2;
06/08/2021 16:58:29	SQL :EXEC GetUserTreeMenu 'pramudyono hadi','1717',@CompanyId=2;
06/08/2021 16:58:29	SQL :EXEC GetUserSubMenu 'pramudyono hadi','18';
06/08/2021 16:58:29	SQL :EXEC GetUserTreeMenu 'pramudyono hadi','1801',@CompanyId=2;
06/08/2021 16:58:29	SQL :EXEC GetUserSubMenu 'pramudyono hadi','19';
06/08/2021 16:58:29	SQL :EXEC GetUserTreeMenu 'pramudyono hadi','1901',@CompanyId=2;
06/08/2021 16:58:29	SQL :EXEC GetUserTreeMenu 'pramudyono hadi','1902',@CompanyId=2;
06/08/2021 16:58:29	SQL :EXEC GetUserTreeMenu 'pramudyono hadi','1903',@CompanyId=2;
06/08/2021 16:58:29	SQL :EXEC GetUserTreeMenu 'pramudyono hadi','1904',@CompanyId=2;
06/08/2021 16:58:29	SQL :EXEC GetUserTreeMenu 'pramudyono hadi','1905',@CompanyId=2;
06/08/2021 16:58:29	SQL :EXEC GetUserTreeMenu 'pramudyono hadi','1906',@CompanyId=2;
06/08/2021 16:58:29	SQL :EXEC GetUserTreeMenu 'pramudyono hadi','1907',@CompanyId=2;
06/08/2021 16:58:29	SQL :EXEC GetUserTreeMenu 'pramudyono hadi','1908',@CompanyId=2;
06/08/2021 16:58:29	SQL :EXEC GetUserTreeMenu 'pramudyono hadi','1909',@CompanyId=2;
06/08/2021 16:58:29	SQL :EXEC GetUserTreeMenu 'pramudyono hadi','1910',@CompanyId=2;
06/08/2021 16:58:29	SQL :EXEC GetUserTreeMenu 'pramudyono hadi','1911',@CompanyId=2;
06/08/2021 16:58:29	SQL :EXEC GetUserTreeMenu 'pramudyono hadi','1912',@CompanyId=2;
06/08/2021 16:58:29	SQL :SELECT CONVERT(VARCHAR(8),GETDATE(),108) AS hour_minute;
06/08/2021 16:58:29	SQL :SELECT CONVERT(VARCHAR(10),GETDATE(),103) AS date_time;
06/08/2021 16:58:29	Loading Setting
06/08/2021 16:58:29	Open DB Connection
06/08/2021 16:58:29	SQL :SELECT * FROM wh_setting WHERE setting_name='Hold_Less_Deposit';
06/08/2021 16:58:29	SQL :SELECT * FROM wh_setting WHERE setting_name='Max_Less_Deposit';
06/08/2021 16:58:29	SQL :SELECT * FROM wh_setting WHERE setting_name='Dashboard_2';
06/08/2021 16:58:29	Finish Logging
06/08/2021 16:58:29	SQL :SELECT value_string FROM wh_setting WHERE (setting_name='Interval_CheckInDate') AND (active=1);
06/08/2021 16:58:29	SQL :SELECT value_string FROM wh_setting WHERE (setting_name='Interval_CheckInTime') AND (active=1);
06/08/2021 16:58:29	SQL :SELECT value_string FROM wh_setting WHERE (setting_name='ChatEnable') and (active=1);
06/08/2021 16:58:30	Message:Port Check
06/08/2021 16:58:30	Message:Open DB Connection
06/08/2021 16:58:30	SQL :EXEC GetMessage '01','pramudyono hadi';
06/08/2021 16:58:30	SQL :SELECT CONVERT(VARCHAR(8),GETDATE(),108) AS hour_minute;
06/08/2021 16:58:30	SQL :SELECT CONVERT(VARCHAR(10),GETDATE(),103) AS date_time;
06/08/2021 16:59:51	Open Menu :190507
06/08/2021 16:59:51	Open DB Connection
06/08/2021 16:59:51	SQL :EXEC AuthMenu 'pramudyono hadi',190507;
06/08/2021 16:59:51	Form Check :BusRunningDaysminiRpt
06/08/2021 16:59:51	Form Open: BusRunningDaysMiniRpt=,0
06/08/2021 16:59:51	Open DB Connection
06/08/2021 16:59:51	SQL :EXEC GetCompanyLocationList
06/08/2021 16:59:52	SQL :EXEC GetUserRDLocationList @UserName='pramudyono hadi' ;
06/08/2021 16:59:52	SQL :EXEC GetGroup 2;
06/08/2021 16:59:52	Open DB Connection
06/08/2021 16:59:53	Open DB Connection
06/08/2021 16:59:55	Open DB Connection
06/08/2021 16:59:55	Open DB Connection
06/08/2021 16:59:55	SQL :SELECT * FROM wh_setting WHERE (setting_name='ServiceBerkala_as_PKB_2') AND (active=1);
06/08/2021 16:59:56	Open DB Connection
06/08/2021 16:59:56	SQL :EXEC GetVhcList 6,@CompanyId=2,@BatchId=10,@OrderBy='h.vhc_batch_id,seat,license_plate',@ShowBatch=1,@Dates='2021/08/31';
06/08/2021 16:59:56	SQL :EXEC GetRunningDaysDetail 'BS220010001',@FromDate='2021-08-01',@ToDate='2021-08-31', @CompanyId=2;
06/08/2021 16:59:56	SQL :EXEC GetRunningDaysDetail 'BS220010002',@FromDate='2021-08-01',@ToDate='2021-08-31', @CompanyId=2;
06/08/2021 16:59:56	SQL :EXEC GetRunningDaysDetail 'BS220010003',@FromDate='2021-08-01',@ToDate='2021-08-31', @CompanyId=2;
06/08/2021 16:59:57	SQL :EXEC GetRunningDaysDetail 'BS220010004',@FromDate='2021-08-01',@ToDate='2021-08-31', @CompanyId=2;
06/08/2021 16:59:57	SQL :EXEC GetRunningDaysDetail 'BS220010005',@FromDate='2021-08-01',@ToDate='2021-08-31', @CompanyId=2;
06/08/2021 16:59:57	SQL :EXEC GetRunningDaysDetail 'BU13090054',@FromDate='2021-08-01',@ToDate='2021-08-31', @CompanyId=2;
06/08/2021 16:59:57	SQL :EXEC GetRunningDaysDetail 'BU13090057',@FromDate='2021-08-01',@ToDate='2021-08-31', @CompanyId=2;
06/08/2021 16:59:57	SQL :EXEC GetRunningDaysDetail 'BS14050001',@FromDate='2021-08-01',@ToDate='2021-08-31', @CompanyId=2;
06/08/2021 16:59:58	SQL :EXEC GetRunningDaysDetail 'BU13090044',@FromDate='2021-08-01',@ToDate='2021-08-31', @CompanyId=2;
06/08/2021 16:59:58	SQL :EXEC GetRunningDaysDetail 'BU13090046',@FromDate='2021-08-01',@ToDate='2021-08-31', @CompanyId=2;
06/08/2021 16:59:58	SQL :EXEC GetRunningDaysDetail 'BU13090047',@FromDate='2021-08-01',@ToDate='2021-08-31', @CompanyId=2;
06/08/2021 16:59:59	SQL :EXEC GetRunningDaysDetail 'BU13090048',@FromDate='2021-08-01',@ToDate='2021-08-31', @CompanyId=2;
06/08/2021 16:59:59	SQL :EXEC GetRunningDaysDetail 'BU13090051',@FromDate='2021-08-01',@ToDate='2021-08-31', @CompanyId=2;
06/08/2021 16:59:59	SQL :EXEC GetRunningDaysDetail 'BU13090056',@FromDate='2021-08-01',@ToDate='2021-08-31', @CompanyId=2;
06/08/2021 17:00:00	SQL :EXEC GetRunningDaysDetail 'BS14050005',@FromDate='2021-08-01',@ToDate='2021-08-31', @CompanyId=2;
06/08/2021 17:00:00	SQL :EXEC GetRunningDaysDetail 'BS14050002',@FromDate='2021-08-01',@ToDate='2021-08-31', @CompanyId=2;
06/08/2021 17:00:01	SQL :EXEC GetRunningDaysDetail 'BS14050003',@FromDate='2021-08-01',@ToDate='2021-08-31', @CompanyId=2;
06/08/2021 17:00:01	SQL :EXEC GetRunningDaysDetail 'BS14050004',@FromDate='2021-08-01',@ToDate='2021-08-31', @CompanyId=2;
06/08/2021 17:00:02	SQL :EXEC GetRunningDaysDetail 'BS14050008',@FromDate='2021-08-01',@ToDate='2021-08-31', @CompanyId=2;
06/08/2021 17:00:02	SQL :EXEC GetRunningDaysDetail 'BS14050006',@FromDate='2021-08-01',@ToDate='202106/08/2021 17:01:58	Get Local Settings
06/08/2021 17:01:58	Start Change Local Settings
06/08/2021 17:01:58	Change short date format
06/08/2021 17:01:58	Change Long date format
06/08/2021 17:01:58	Finish Change Local Settings
06/08/2021 17:01:58	Registry Read: Path=SOFTWARE\WEHA\Aplikasi\3
06/08/2021 17:01:58	Registry Read/Write
06/08/2021 17:01:58	Registry Read: Path=SOFTWARE\WEHA\Aplikasi\3
06/08/2021 17:01:58	Create DB Object
06/08/2021 17:01:58	Init DB
06/08/2021 17:01:58	Finish Init DB
06/08/2021 17:01:58	Get File Version
06/08/2021 17:01:58	Change  Caption
06/08/2021 17:01:58	Init Shortkey
06/08/2021 17:02:04	Create DB Object
06/08/2021 17:02:04	Init DB
06/08/2021 17:02:04	Finish Init DB
06/08/2021 17:02:06	Update new version check
06/08/2021 17:02:06	Open DB Connection
06/08/2021 17:02:10	SQL :
06/08/2021 17:02:11	Update check version
06/08/2021 17:02:11	Open DB Connection
06/08/2021 17:02:11	SQL :SELECT version FROM wh_application WHERE application_id=(SELECT MAX(application_id) FROM wh_application);
06/08/2021 17:02:11	Start Login
06/08/2021 17:02:11	Open DB Connection
06/08/2021 17:02:11	SQL :EXEC AuthenticateUser 'pramudyono hadi','6f2b8366efa56f0c06dd6b31fcff8a73';
06/08/2021 17:02:12	SQL :INSERT INTO wh_log (user_id,app_date,app_version,app_version_svr,location_id,company_id,department_id,host_name,ip_address)  VALUES ('pramudyono hadi','06/08/2021','6.1.3.10','6.1.3.10',6,2,13,'DESKTOP-S1PD9OD','192.168.25.214');
06/08/2021 17:02:12	Open DB Connection
06/08/2021 17:02:12	SQL :EXEC GetUserMenu 'pramudyono hadi';
06/08/2021 17:02:12	SQL :EXEC GetUserSubMenu 'pramudyono hadi','11';
06/08/2021 17:02:12	SQL :EXEC GetUserTreeMenu 'pramudyono hadi','1101',@CompanyId=2;
06/08/2021 17:02:12	SQL :EXEC GetUserTreeMenu 'pramudyono hadi','1102',@CompanyId=2;
06/08/2021 17:02:12	SQL :EXEC GetUserTreeMenu 'pramudyono hadi','1103',@CompanyId=2;
06/08/2021 17:02:12	SQL :EXEC GetUserTreeMenu 'pramudyono hadi','1104',@CompanyId=2;
06/08/2021 17:02:12	SQL :EXEC GetUserTreeMenu 'pramudyono hadi','1105',@CompanyId=2;
06/08/2021 17:02:12	SQL :EXEC GetUserTreeMenu 'pramudyono hadi','1106',@CompanyId=2;
06/08/2021 17:02:12	SQL :EXEC GetUserTreeMenu 'pramudyono hadi','1107',@CompanyId=2;
06/08/2021 17:02:12	SQL :EXEC GetUserTreeMenu 'pramudyono hadi','1108',@CompanyId=2;
06/08/2021 17:02:12	SQL :EXEC GetUserTreeMenu 'pramudyono hadi','1109',@CompanyId=2;
06/08/2021 17:02:12	SQL :EXEC GetUserTreeMenu 'pramudyono hadi','1110',@CompanyId=2;
06/08/2021 17:02:12	SQL :EXEC GetUserTreeMenu 'pramudyono hadi','1111',@CompanyId=2;
06/08/2021 17:02:12	SQL :EXEC GetUserTreeMenu 'pramudyono hadi','1112',@CompanyId=2;
06/08/2021 17:02:12	SQL :EXEC GetUserTreeMenu 'pramudyono hadi','1113',@CompanyId=2;
06/08/2021 17:02:12	SQL :EXEC GetUserTreeMenu 'pramudyono hadi','1114',@CompanyId=2;
06/08/2021 17:02:12	SQL :EXEC GetUserTreeMenu 'pramudyono hadi','1115',@CompanyId=2;
06/08/2021 17:02:12	SQL :EXEC GetUserTreeMenu 'pramudyono hadi','1116',@CompanyId=2;
06/08/2021 17:02:12	SQL :EXEC GetUserTreeMenu 'pramudyono hadi','1117',@CompanyId=2;
06/08/2021 17:02:12	SQL :EXEC GetUserTreeMenu 'pramudyono hadi','1198',@CompanyId=2;
06/08/2021 17:02:12	SQL :EXEC GetUserTreeMenu 'pramudyono hadi','1199',@CompanyId=2;
06/08/2021 17:02:12	SQL :EXEC GetUserSubMenu 'pramudyono hadi','12';
06/08/2021 17:02:12	SQL :EXEC GetUserTreeMenu 'pramudyono hadi','1201',@CompanyId=2;
06/08/2021 17:02:12	SQL :EXEC GetUserTreeMenu 'pramudyono hadi','1202',@CompanyId=2;
06/08/2021 17:02:12	SQL :EXEC GetUserTreeMenu 'pramudyono hadi','1203',@CompanyId=2;
06/08/2021 17:02:12	SQL :EXEC GetUserTreeMenu 'pramudyono hadi','1204',@CompanyId=2;
06/08/2021 17:02:12	SQL :EXEC GetUserTreeMenu 'pramudyono hadi','1205',@CompanyId=2;
06/08/2021 17:02:12	SQL :EXEC GetUserTreeMenu 'pramudyono hadi','1206',@CompanyId=2;
06/08/2021 17:02:12	SQL :EXEC GetUserTreeMenu 'pramudyono hadi','1207',@CompanyId=2;
06/08/2021 17:02:12	SQL :EXEC GetUserSubMenu 'pramudyono hadi','13';
06/08/2021 17:02:12	SQL :EXEC GetUserTreeMenu 'pramudyono hadi','1301',@CompanyId=2;
06/08/2021 17:02:12	SQL :EXEC GetUserTreeMenu 'pramudyono hadi','1302',@CompanyId=2;
06/08/2021 17:02:12	SQL :EXEC GetUserTreeMenu 'pramudyono hadi','1303',@CompanyId=2;
06/08/2021 17:02:12	SQL :EXEC GetUserTreeMenu 'pramudyono hadi','1304',@CompanyId=2;
06/08/2021 17:02:12	SQL :EXEC GetUserTreeMenu 'pramudyono hadi','1305',@CompanyId=2;
06/08/2021 17:02:12	SQL :EXEC GetUserTreeMenu 'pramudyono hadi','1306',@CompanyId=2;
06/08/2021 17:02:12	SQL :EXEC GetUserTreeMenu 'pramudyono hadi','1307',@CompanyId=2;
06/08/2021 17:02:12	SQL :EXEC GetUserTreeMenu 'pramudyono hadi','1308',@CompanyId=2;
06/08/2021 17:02:12	SQL :EXEC GetUserTreeMenu 'pramudyono hadi','1309',@CompanyId=2;
06/08/2021 17:02:12	SQL :EXEC GetUserTreeMenu 'pramudyono hadi','1310',@CompanyId=2;
06/08/2021 17:02:12	SQL :EXEC GetUserTreeMenu 'pramudyono hadi','1311',@CompanyId=2;
06/08/2021 17:02:12	SQL :EXEC GetUserTreeMenu 'pramudyono hadi','1312',@CompanyId=2;
06/08/2021 17:02:12	SQL :EXEC GetUserTreeMenu 'pramudyono hadi','1313',@CompanyId=2;
06/08/2021 17:02:12	SQL :EXEC GetUserTreeMenu 'pramudyono hadi','1314',@CompanyId=2;
06/08/2021 17:02:12	SQL :EXEC GetUserTreeMenu 'pramudyono hadi','1315',@CompanyId=2;
06/08/2021 17:02:12	SQL :EXEC GetUserTreeMenu 'pramudyono hadi','1316',@CompanyId=2;
06/08/2021 17:02:12	SQL :EXEC GetUserTreeMenu 'pramudyono hadi','1317',@CompanyId=2;
06/08/2021 17:02:12	SQL :EXEC GetUserTreeMenu 'pramudyono hadi','1318',@CompanyId=2;
06/08/2021 17:02:12	SQL :EXEC GetUserTreeMenu 'pramudyono hadi','1319',@CompanyId=2;
06/08/2021 17:02:12	SQL :EXEC GetUserTreeMenu 'pramudyono hadi','1320',@CompanyId=2;
06/08/2021 17:02:12	SQL :EXEC GetUserTreeMenu 'pramudyono hadi','1321',@CompanyId=2;
06/08/2021 17:02:12	SQL :EXEC GetUserSubMenu 'pramudyono hadi','14';
06/08/2021 17:02:12	SQL :EXEC GetUserTreeMenu 'pramudyono hadi','1401',@CompanyId=2;
06/08/2021 17:02:12	SQL :EXEC GetUserTreeMenu 'pramudyono hadi','1402',@CompanyId=2;
06/08/2021 17:02:12	SQL :EXEC GetUserTreeMenu 'pramudyono hadi','1403',@CompanyId=2;
06/08/2021 17:02:12	SQL :EXEC GetUserTreeMenu 'pramudyono hadi','1404',@CompanyId=2;
06/08/2021 17:02:12	SQL :EXEC GetUserTreeMenu 'pramudyono hadi','1406',@CompanyId=2;
06/08/2021 17:02:12	SQL :EXEC GetUserTreeMenu 'pramudyono hadi','1408',@CompanyId=2;
06/08/2021 17:02:12	SQL :EXEC GetUserTreeMenu 'pramudyono hadi','1410',@CompanyId=2;
06/08/2021 17:02:12	SQL :EXEC GetUserTreeMenu 'pramudyono hadi','1411',@CompanyId=2;
06/08/2021 17:02:12	SQL :EXEC GetUserTreeMenu 'pramudyono hadi','1412',@CompanyId=2;
06/08/2021 17:02:12	SQL :EXEC GetUserTreeMenu 'pramudyono hadi','1413',@CompanyId=2;
06/08/2021 17:02:12	SQL :EXEC GetUserTreeMenu 'pramudyono hadi','1414',@CompanyId=2;
06/08/2021 17:02:12	SQL :EXEC GetUserSubMenu 'pramudyono hadi','15';
06/08/2021 17:02:12	SQL :EXEC GetUserTreeMenu 'pramudyono hadi','1501',@CompanyId=2;
06/08/2021 17:02:12	SQL :EXEC GetUserTreeMenu 'pramudyono hadi','1502',@CompanyId=2;
06/08/2021 17:02:12	SQL :EXEC GetUserTreeMenu 'pramudyono hadi','1503',@CompanyId=2;
06/08/2021 17:02:12	SQL :EXEC GetUserTreeMenu 'pramudyono hadi','1504',@CompanyId=2;
06/08/2021 17:02:12	SQL :EXEC GetUserTreeMenu 'pramudyono hadi','1505',@CompanyId=2;
06/08/2021 17:02:12	SQL :EXEC GetUserTreeMenu 'pramudyono hadi','1506',@CompanyId=2;
06/08/2021 17:02:12	SQL :EXEC GetUserTreeMenu 'pramudyono hadi','1507',@CompanyId=2;
06/08/2021 17:02:12	SQL :EXEC GetUserTreeMenu 'pramudyono hadi','1508',@CompanyId=2;
06/08/2021 17:02:12	SQL :EXEC GetUserTreeMenu 'pramudyono hadi','1509',@CompanyId=2;
06/08/2021 17:02:12	SQL :EXEC GetUserTreeMenu 'pramudyono hadi','1510',@CompanyId=2;
06/08/2021 17:02:12	SQL :EXEC GetUserTreeMenu 'pramudyono hadi','1511',@CompanyId=2;
06/08/2021 17:02:12	SQL :EXEC GetUserSubMenu 'pramudyono hadi','16';
06/08/2021 17:02:12	SQL :EXEC GetUserTreeMenu 'pramudyono hadi','1601',@CompanyId=2;
06/08/2021 17:02:12	SQL :EXEC GetUserTreeMenu 'pramudyono hadi','1602',@CompanyId=2;
06/08/2021 17:02:12	SQL :EXEC GetUserTreeMenu 'pramudyono hadi','1603',@CompanyId=2;
06/08/2021 17:02:12	SQL :EXEC GetUserTreeMenu 'pramudyono hadi','1604',@CompanyId=2;
06/08/2021 17:02:12	SQL :EXEC GetUserTreeMenu 'pramudyono hadi','1605',@CompanyId=2;
06/08/2021 17:02:12	SQL :EXEC GetUserTreeMenu 'pramudyono hadi','1606',@CompanyId=2;
06/08/2021 17:02:12	SQL :EXEC GetUserTreeMenu 'pramudyono hadi','1607',@CompanyId=2;
06/08/2021 17:02:12	SQL :EXEC GetUserTreeMenu 'pramudyono hadi','1608',@CompanyId=2;
06/08/2021 17:02:12	SQL :EXEC GetUserTreeMenu 'pramudyono hadi','1609',@CompanyId=2;
06/08/2021 17:02:12	SQL :EXEC GetUserTreeMenu 'pramudyono hadi','1610',@CompanyId=2;
06/08/2021 17:02:12	SQL :EXEC GetUserTreeMenu 'pramudyono hadi','1611',@CompanyId=2;
06/08/2021 17:02:12	SQL :EXEC GetUserTreeMenu 'pramudyono hadi','1612',@CompanyId=2;
06/08/2021 17:02:12	SQL :EXEC GetUserTreeMenu 'pramudyono hadi','1613',@CompanyId=2;
06/08/2021 17:02:12	SQL :EXEC GetUserTreeMenu 'pramudyono hadi','1614',@CompanyId=2;
06/08/2021 17:02:12	SQL :EXEC GetUserTreeMenu 'pramudyono hadi','1615',@CompanyId=2;
06/08/2021 17:02:12	SQL :EXEC GetUserTreeMenu 'pramudyono hadi','1616',@CompanyId=2;
06/08/2021 17:02:12	SQL :EXEC GetUserTreeMenu 'pramudyono hadi','1619',@CompanyId=2;
06/08/2021 17:02:12	SQL :EXEC GetUserTreeMenu 'pramudyono hadi','1620',@CompanyId=2;
06/08/2021 17:02:12	SQL :EXEC GetUserSubMenu 'pramudyono hadi','17';
06/08/2021 17:02:12	SQL :EXEC GetUserTreeMenu 'pramudyono hadi','1701',@CompanyId=2;
06/08/2021 17:02:12	SQL :EXEC GetUserTreeMenu 'pramudyono hadi','1702',@CompanyId=2;
06/08/2021 17:02:12	SQL :EXEC GetUserTreeMenu 'pramudyono hadi','1703',@CompanyId=2;
06/08/2021 17:02:12	SQL :EXEC GetUserTreeMenu 'pramudyono hadi','1704',@CompanyId=2;
06/08/2021 17:02:13	SQL :EXEC GetUserTreeMenu 'pramudyono hadi','1705',@CompanyId=2;
06/08/2021 17:02:13	SQL :EXEC GetUserTreeMenu 'pramudyono hadi','1706',@CompanyId=2;
06/08/2021 17:02:13	SQL :EXEC GetUserTreeMenu 'pramudyono hadi','1707',@CompanyId=2;
06/08/2021 17:02:13	SQL :EXEC GetUserTreeMenu 'pramudyono hadi','1708',@CompanyId=2;
06/08/2021 17:02:13	SQL :EXEC GetUserTreeMenu 'pramudyono hadi','1709',@CompanyId=2;
06/08/2021 17:02:13	SQL :EXEC GetUserTreeMenu 'pramudyono hadi','1710',@CompanyId=2;
06/08/2021 17:02:13	SQL :EXEC GetUserTreeMenu 'pramudyono hadi','1711',@CompanyId=2;
06/08/2021 17:02:13	SQL :EXEC GetUserTreeMenu 'pramudyono hadi','1712',@CompanyId=2;
06/08/2021 17:02:13	SQL :EXEC GetUserTreeMenu 'pramudyono hadi','1713',@CompanyId=2;
06/08/2021 17:02:13	SQL :EXEC GetUserTreeMenu 'pramudyono hadi','1714',@CompanyId=2;
06/08/2021 17:02:13	SQL :EXEC GetUserTreeMenu 'pramudyono hadi','1715',@CompanyId=2;
06/08/2021 17:02:13	SQL :EXEC GetUserTreeMenu 'pramudyono hadi','1716',@CompanyId=2;
06/08/2021 17:02:13	SQL :EXEC GetUserTreeMenu 'pramudyono hadi','1717',@CompanyId=2;
06/08/2021 17:02:13	SQL :EXEC GetUserSubMenu 'pramudyono hadi','18';
06/08/2021 17:02:13	SQL :EXEC GetUserTreeMenu 'pramudyono hadi','1801',@CompanyId=2;
06/08/2021 17:02:13	SQL :EXEC GetUserSubMenu 'pramudyono hadi','19';
06/08/2021 17:02:13	SQL :EXEC GetUserTreeMenu 'pramudyono hadi','1901',@CompanyId=2;
06/08/2021 17:02:13	SQL :EXEC GetUserTreeMenu 'pramudyono hadi','1902',@CompanyId=2;
06/08/2021 17:02:13	SQL :EXEC GetUserTreeMenu 'pramudyono hadi','1903',@CompanyId=2;
06/08/2021 17:02:13	SQL :EXEC GetUserTreeMenu 'pramudyono hadi','1904',@CompanyId=2;
06/08/2021 17:02:13	SQL :EXEC GetUserTreeMenu 'pramudyono hadi','1905',@CompanyId=2;
06/08/2021 17:02:13	SQL :EXEC GetUserTreeMenu 'pramudyono hadi','1906',@CompanyId=2;
06/08/2021 17:02:13	SQL :EXEC GetUserTreeMenu 'pramudyono hadi','1907',@CompanyId=2;
06/08/2021 17:02:13	SQL :EXEC GetUserTreeMenu 'pramudyono hadi','1908',@CompanyId=2;
06/08/2021 17:02:13	SQL :EXEC GetUserTreeMenu 'pramudyono hadi','1909',@CompanyId=2;
06/08/2021 17:02:13	SQL :EXEC GetUserTreeMenu 'pramudyono hadi','1910',@CompanyId=2;
06/08/2021 17:02:13	SQL :EXEC GetUserTreeMenu 'pramudyono hadi','1911',@CompanyId=2;
06/08/2021 17:02:13	SQL :EXEC GetUserTreeMenu 'pramudyono hadi','1912',@CompanyId=2;
06/08/2021 17:02:13	SQL :SELECT CONVERT(VARCHAR(8),GETDATE(),108) AS hour_minute;
06/08/2021 17:02:13	SQL :SELECT CONVERT(VARCHAR(10),GETDATE(),103) AS date_time;
06/08/2021 17:02:13	Loading Setting
06/08/2021 17:02:13	Open DB Connection
06/08/2021 17:02:13	SQL :SELECT * FROM wh_setting WHERE setting_name='Hold_Less_Deposit';
06/08/2021 17:02:13	SQL :SELECT * FROM wh_setting WHERE setting_name='Max_Less_Deposit';
06/08/2021 17:02:13	SQL :SELECT * FROM wh_setting WHERE setting_name='Dashboard_2';
06/08/2021 17:02:13	Finish Logging
06/08/2021 17:02:13	SQL :SELECT value_string FROM wh_setting WHERE (setting_name='Interval_CheckInDate') AND (active=1);
06/08/2021 17:02:13	SQL :SELECT value_string FROM wh_setting WHERE (setting_name='Interval_CheckInTime') AND (active=1);
06/08/2021 17:02:13	SQL :SELECT value_string FROM wh_setting WHERE (setting_name='ChatEnable') and (active=1);
06/08/2021 17:02:14	Message:Port Check
06/08/2021 17:02:14	Message:Open DB Connection
06/08/2021 17:02:14	SQL :EXEC GetMessage '01','pramudyono hadi';
06/08/2021 17:02:14	SQL :SELECT CONVERT(VARCHAR(8),GETDATE(),108) AS hour_minute;
06/08/2021 17:02:14	SQL :SELECT CONVERT(VARCHAR(10),GETDATE(),103) AS date_time;
06/08/2021 17:02:17	Open Menu :190507
06/08/2021 17:02:17	Open DB Connection
06/08/2021 17:02:17	SQL :EXEC AuthMenu 'pramudyono hadi',190507;
06/08/2021 17:02:17	Form Check :BusRunningDaysminiRpt
06/08/2021 17:02:17	Form Open: BusRunningDaysMiniRpt=,0
06/08/2021 17:02:17	Open DB Connection
06/08/2021 17:02:17	SQL :EXEC GetCompanyLocationList
06/08/2021 17:02:17	SQL :EXEC GetUserRDLocationList @UserName='pramudyono hadi' ;
06/08/2021 17:02:17	SQL :EXEC GetGroup 2;
06/08/2021 17:02:17	Open DB Connection
06/08/2021 17:02:22	Open DB Connection
06/08/2021 17:02:23	Open DB Connection
06/08/2021 17:02:31	Open DB Connection
06/08/2021 17:02:31	SQL :SELECT * FROM wh_setting WHERE (setting_name='ServiceBerkala_as_PKB_2') AND (active=1);
06/08/2021 17:02:31	Open DB Connection
06/08/2021 17:02:31	SQL :EXEC GetVhcList 6,@CompanyId=2,@BatchId=10,@OrderBy='h.vhc_batch_id,seat,license_plate',@ShowBatch=1,@Dates='2021/08/31';
06/08/2021 17:02:32	SQL :EXEC GetRunningDaysDetail 'BS220010001',@FromDate='2021-08-01',@ToDate='2021-08-31', @CompanyId=2;
06/08/2021 17:02:32	SQL :EXEC GetRunningDaysDetail 'BS220010002',@FromDate='2021-08-01',@ToDate='2021-08-31', @CompanyId=2;
06/08/2021 17:02:32	SQL :EXEC GetRunningDaysDetail 'BS220010003',@FromDate='2021-08-01',@ToDate='2021-08-31', @CompanyId=2;
06/08/2021 17:02:32	SQL :EXEC GetRunningDaysDetail 'BS220010004',@FromDate='2021-08-01',@ToDate='2021-08-31', @CompanyId=2;
06/08/2021 17:02:32	SQL :EXEC GetRunningDaysDetail 'BS220010005',@FromDate='2021-08-01',@ToDate='2021-08-31', @CompanyId=2;
06/08/2021 17:02:32	SQL :EXEC GetRunningDaysDetail 'BU13090054',@FromDate='2021-08-01',@ToDate='2021-08-31', @CompanyId=2;
06/08/2021 17:02:33	SQL :EXEC GetRunningDaysDetail 'BU13090057',@FromDate='2021-08-01',@ToDate='2021-08-31', @CompanyId=2;
06/08/2021 17:02:33	SQL :EXEC GetRunningDaysDetail 'BS14050001',@FromDate='2021-08-01',@ToDate='2021-08-31', @CompanyId=2;
06/08/2021 17:02:33	SQL :EXEC GetRunningDaysDetail 'BU13090044',@FromDate='2021-08-01',@ToDate='2021-08-31', @CompanyId=2;
06/08/2021 17:02:34	SQL :EXEC GetRunningDaysDetail 'BU13090046',@FromDate='2021-08-01',@ToDate='2021-08-31', @CompanyId=2;
06/08/2021 17:02:34	SQL :EXEC GetRunningDaysDetail 'BU13090047',@FromDate='2021-08-01',@ToDate='2021-08-31', @CompanyId=2;
06/08/2021 17:02:34	SQL :EXEC GetRunningDaysDetail 'BU13090048',@FromDate='2021-08-01',@ToDate='2021-08-31', @CompanyId=2;
06/08/2021 17:02:34	SQL :EXEC GetRunningDaysDetail 'BU13090051',@FromDate='2021-08-01',@ToDate='2021-08-31', @CompanyId=2;
06/08/2021 17:02:35	SQL :EXEC GetRunningDaysDetail 'BU13090056',@FromDate='2021-08-01',@ToDate='2021-08-31', @CompanyId=2;
06/08/2021 17:02:35	SQL :EXEC GetRunningDaysDetail 'BS14050005',@FromDate='2021-08-01',@ToDate='2021-08-31', @CompanyId=2;
06/08/2021 17:02:35	SQL :EXEC GetRunningDaysDetail 'BS14050002',@FromDate='2021-08-01',@ToDate='2021-08-31', @CompanyId=2;
06/08/2021 17:02:36	SQL :EXEC GetRunningDaysDetail 'BS14050003',@FromDate='2021-08-01',@ToDate='2021-08-31', @CompanyId=2;
06/08/2021 17:02:37	SQL :EXEC GetRunningDaysDetail 'BS14050004',@FromDate='2021-08-01',@ToDate='2021-08-31', @CompanyId=2;
06/08/2021 17:02:37	SQL :EXEC GetRunningDaysDetail 'BS14050008',@FromDate='2021-08-01',@ToDate='2021-08-31', @CompanyId=2;
06/08/2021 17:02:38	SQL :EXEC GetRunningDaysDetail 'BS14050006',@FromDate='2021-08-01',@ToDate='202106/08/2021 17:05:25	Get Local Settings
06/08/2021 17:05:25	Start Change Local Settings
06/08/2021 17:05:25	Change short date format
06/08/2021 17:05:25	Change Long date format
06/08/2021 17:05:25	Finish Change Local Settings
06/08/2021 17:05:25	Registry Read: Path=SOFTWARE\WEHA\Aplikasi\3
06/08/2021 17:05:25	Registry Read/Write
06/08/2021 17:05:25	Registry Read: Path=SOFTWARE\WEHA\Aplikasi\3
06/08/2021 17:05:25	Create DB Object
06/08/2021 17:05:25	Init DB
06/08/2021 17:05:25	Finish Init DB
06/08/2021 17:05:25	Get File Version
06/08/2021 17:05:25	Change  Caption
06/08/2021 17:05:25	Init Shortkey
06/08/2021 17:05:29	Create DB Object
06/08/2021 17:05:29	Init DB
06/08/2021 17:05:29	Finish Init DB
06/08/2021 17:05:31	Update new version check
06/08/2021 17:05:31	Open DB Connection
06/08/2021 17:05:35	SQL :
06/08/2021 17:05:35	Update check version
06/08/2021 17:05:35	Open DB Connection
06/08/2021 17:05:35	SQL :SELECT version FROM wh_application WHERE application_id=(SELECT MAX(application_id) FROM wh_application);
06/08/2021 17:05:35	Start Login
06/08/2021 17:05:35	Open DB Connection
06/08/2021 17:05:35	SQL :EXEC AuthenticateUser 'pramudyono hadi','6f2b8366efa56f0c06dd6b31fcff8a73';
06/08/2021 17:05:37	SQL :INSERT INTO wh_log (user_id,app_date,app_version,app_version_svr,location_id,company_id,department_id,host_name,ip_address)  VALUES ('pramudyono hadi','06/08/2021','6.1.3.10','6.1.3.10',6,2,13,'DESKTOP-S1PD9OD','192.168.25.214');
06/08/2021 17:05:37	Open DB Connection
06/08/2021 17:05:37	SQL :EXEC GetUserMenu 'pramudyono hadi';
06/08/2021 17:05:37	SQL :EXEC GetUserSubMenu 'pramudyono hadi','11';
06/08/2021 17:05:37	SQL :EXEC GetUserTreeMenu 'pramudyono hadi','1101',@CompanyId=2;
06/08/2021 17:05:37	SQL :EXEC GetUserTreeMenu 'pramudyono hadi','1102',@CompanyId=2;
06/08/2021 17:05:37	SQL :EXEC GetUserTreeMenu 'pramudyono hadi','1103',@CompanyId=2;
06/08/2021 17:05:37	SQL :EXEC GetUserTreeMenu 'pramudyono hadi','1104',@CompanyId=2;
06/08/2021 17:05:37	SQL :EXEC GetUserTreeMenu 'pramudyono hadi','1105',@CompanyId=2;
06/08/2021 17:05:37	SQL :EXEC GetUserTreeMenu 'pramudyono hadi','1106',@CompanyId=2;
06/08/2021 17:05:37	SQL :EXEC GetUserTreeMenu 'pramudyono hadi','1107',@CompanyId=2;
06/08/2021 17:05:37	SQL :EXEC GetUserTreeMenu 'pramudyono hadi','1108',@CompanyId=2;
06/08/2021 17:05:37	SQL :EXEC GetUserTreeMenu 'pramudyono hadi','1109',@CompanyId=2;
06/08/2021 17:05:37	SQL :EXEC GetUserTreeMenu 'pramudyono hadi','1110',@CompanyId=2;
06/08/2021 17:05:37	SQL :EXEC GetUserTreeMenu 'pramudyono hadi','1111',@CompanyId=2;
06/08/2021 17:05:37	SQL :EXEC GetUserTreeMenu 'pramudyono hadi','1112',@CompanyId=2;
06/08/2021 17:05:37	SQL :EXEC GetUserTreeMenu 'pramudyono hadi','1113',@CompanyId=2;
06/08/2021 17:05:37	SQL :EXEC GetUserTreeMenu 'pramudyono hadi','1114',@CompanyId=2;
06/08/2021 17:05:37	SQL :EXEC GetUserTreeMenu 'pramudyono hadi','1115',@CompanyId=2;
06/08/2021 17:05:37	SQL :EXEC GetUserTreeMenu 'pramudyono hadi','1116',@CompanyId=2;
06/08/2021 17:05:37	SQL :EXEC GetUserTreeMenu 'pramudyono hadi','1117',@CompanyId=2;
06/08/2021 17:05:37	SQL :EXEC GetUserTreeMenu 'pramudyono hadi','1198',@CompanyId=2;
06/08/2021 17:05:37	SQL :EXEC GetUserTreeMenu 'pramudyono hadi','1199',@CompanyId=2;
06/08/2021 17:05:37	SQL :EXEC GetUserSubMenu 'pramudyono hadi','12';
06/08/2021 17:05:37	SQL :EXEC GetUserTreeMenu 'pramudyono hadi','1201',@CompanyId=2;
06/08/2021 17:05:37	SQL :EXEC GetUserTreeMenu 'pramudyono hadi','1202',@CompanyId=2;
06/08/2021 17:05:37	SQL :EXEC GetUserTreeMenu 'pramudyono hadi','1203',@CompanyId=2;
06/08/2021 17:05:37	SQL :EXEC GetUserTreeMenu 'pramudyono hadi','1204',@CompanyId=2;
06/08/2021 17:05:37	SQL :EXEC GetUserTreeMenu 'pramudyono hadi','1205',@CompanyId=2;
06/08/2021 17:05:37	SQL :EXEC GetUserTreeMenu 'pramudyono hadi','1206',@CompanyId=2;
06/08/2021 17:05:37	SQL :EXEC GetUserTreeMenu 'pramudyono hadi','1207',@CompanyId=2;
06/08/2021 17:05:37	SQL :EXEC GetUserSubMenu 'pramudyono hadi','13';
06/08/2021 17:05:37	SQL :EXEC GetUserTreeMenu 'pramudyono hadi','1301',@CompanyId=2;
06/08/2021 17:05:37	SQL :EXEC GetUserTreeMenu 'pramudyono hadi','1302',@CompanyId=2;
06/08/2021 17:05:37	SQL :EXEC GetUserTreeMenu 'pramudyono hadi','1303',@CompanyId=2;
06/08/2021 17:05:37	SQL :EXEC GetUserTreeMenu 'pramudyono hadi','1304',@CompanyId=2;
06/08/2021 17:05:37	SQL :EXEC GetUserTreeMenu 'pramudyono hadi','1305',@CompanyId=2;
06/08/2021 17:05:37	SQL :EXEC GetUserTreeMenu 'pramudyono hadi','1306',@CompanyId=2;
06/08/2021 17:05:37	SQL :EXEC GetUserTreeMenu 'pramudyono hadi','1307',@CompanyId=2;
06/08/2021 17:05:37	SQL :EXEC GetUserTreeMenu 'pramudyono hadi','1308',@CompanyId=2;
06/08/2021 17:05:37	SQL :EXEC GetUserTreeMenu 'pramudyono hadi','1309',@CompanyId=2;
06/08/2021 17:05:37	SQL :EXEC GetUserTreeMenu 'pramudyono hadi','1310',@CompanyId=2;
06/08/2021 17:05:37	SQL :EXEC GetUserTreeMenu 'pramudyono hadi','1311',@CompanyId=2;
06/08/2021 17:05:37	SQL :EXEC GetUserTreeMenu 'pramudyono hadi','1312',@CompanyId=2;
06/08/2021 17:05:37	SQL :EXEC GetUserTreeMenu 'pramudyono hadi','1313',@CompanyId=2;
06/08/2021 17:05:37	SQL :EXEC GetUserTreeMenu 'pramudyono hadi','1314',@CompanyId=2;
06/08/2021 17:05:37	SQL :EXEC GetUserTreeMenu 'pramudyono hadi','1315',@CompanyId=2;
06/08/2021 17:05:37	SQL :EXEC GetUserTreeMenu 'pramudyono hadi','1316',@CompanyId=2;
06/08/2021 17:05:37	SQL :EXEC GetUserTreeMenu 'pramudyono hadi','1317',@CompanyId=2;
06/08/2021 17:05:37	SQL :EXEC GetUserTreeMenu 'pramudyono hadi','1318',@CompanyId=2;
06/08/2021 17:05:37	SQL :EXEC GetUserTreeMenu 'pramudyono hadi','1319',@CompanyId=2;
06/08/2021 17:05:37	SQL :EXEC GetUserTreeMenu 'pramudyono hadi','1320',@CompanyId=2;
06/08/2021 17:05:37	SQL :EXEC GetUserTreeMenu 'pramudyono hadi','1321',@CompanyId=2;
06/08/2021 17:05:37	SQL :EXEC GetUserSubMenu 'pramudyono hadi','14';
06/08/2021 17:05:37	SQL :EXEC GetUserTreeMenu 'pramudyono hadi','1401',@CompanyId=2;
06/08/2021 17:05:37	SQL :EXEC GetUserTreeMenu 'pramudyono hadi','1402',@CompanyId=2;
06/08/2021 17:05:37	SQL :EXEC GetUserTreeMenu 'pramudyono hadi','1403',@CompanyId=2;
06/08/2021 17:05:37	SQL :EXEC GetUserTreeMenu 'pramudyono hadi','1404',@CompanyId=2;
06/08/2021 17:05:37	SQL :EXEC GetUserTreeMenu 'pramudyono hadi','1406',@CompanyId=2;
06/08/2021 17:05:37	SQL :EXEC GetUserTreeMenu 'pramudyono hadi','1408',@CompanyId=2;
06/08/2021 17:05:37	SQL :EXEC GetUserTreeMenu 'pramudyono hadi','1410',@CompanyId=2;
06/08/2021 17:05:37	SQL :EXEC GetUserTreeMenu 'pramudyono hadi','1411',@CompanyId=2;
06/08/2021 17:05:37	SQL :EXEC GetUserTreeMenu 'pramudyono hadi','1412',@CompanyId=2;
06/08/2021 17:05:37	SQL :EXEC GetUserTreeMenu 'pramudyono hadi','1413',@CompanyId=2;
06/08/2021 17:05:37	SQL :EXEC GetUserTreeMenu 'pramudyono hadi','1414',@CompanyId=2;
06/08/2021 17:05:37	SQL :EXEC GetUserSubMenu 'pramudyono hadi','15';
06/08/2021 17:05:37	SQL :EXEC GetUserTreeMenu 'pramudyono hadi','1501',@CompanyId=2;
06/08/2021 17:05:37	SQL :EXEC GetUserTreeMenu 'pramudyono hadi','1502',@CompanyId=2;
06/08/2021 17:05:37	SQL :EXEC GetUserTreeMenu 'pramudyono hadi','1503',@CompanyId=2;
06/08/2021 17:05:37	SQL :EXEC GetUserTreeMenu 'pramudyono hadi','1504',@CompanyId=2;
06/08/2021 17:05:37	SQL :EXEC GetUserTreeMenu 'pramudyono hadi','1505',@CompanyId=2;
06/08/2021 17:05:37	SQL :EXEC GetUserTreeMenu 'pramudyono hadi','1506',@CompanyId=2;
06/08/2021 17:05:37	SQL :EXEC GetUserTreeMenu 'pramudyono hadi','1507',@CompanyId=2;
06/08/2021 17:05:37	SQL :EXEC GetUserTreeMenu 'pramudyono hadi','1508',@CompanyId=2;
06/08/2021 17:05:37	SQL :EXEC GetUserTreeMenu 'pramudyono hadi','1509',@CompanyId=2;
06/08/2021 17:05:37	SQL :EXEC GetUserTreeMenu 'pramudyono hadi','1510',@CompanyId=2;
06/08/2021 17:05:37	SQL :EXEC GetUserTreeMenu 'pramudyono hadi','1511',@CompanyId=2;
06/08/2021 17:05:37	SQL :EXEC GetUserSubMenu 'pramudyono hadi','16';
06/08/2021 17:05:37	SQL :EXEC GetUserTreeMenu 'pramudyono hadi','1601',@CompanyId=2;
06/08/2021 17:05:37	SQL :EXEC GetUserTreeMenu 'pramudyono hadi','1602',@CompanyId=2;
06/08/2021 17:05:37	SQL :EXEC GetUserTreeMenu 'pramudyono hadi','1603',@CompanyId=2;
06/08/2021 17:05:37	SQL :EXEC GetUserTreeMenu 'pramudyono hadi','1604',@CompanyId=2;
06/08/2021 17:05:37	SQL :EXEC GetUserTreeMenu 'pramudyono hadi','1605',@CompanyId=2;
06/08/2021 17:05:37	SQL :EXEC GetUserTreeMenu 'pramudyono hadi','1606',@CompanyId=2;
06/08/2021 17:05:37	SQL :EXEC GetUserTreeMenu 'pramudyono hadi','1607',@CompanyId=2;
06/08/2021 17:05:37	SQL :EXEC GetUserTreeMenu 'pramudyono hadi','1608',@CompanyId=2;
06/08/2021 17:05:37	SQL :EXEC GetUserTreeMenu 'pramudyono hadi','1609',@CompanyId=2;
06/08/2021 17:05:37	SQL :EXEC GetUserTreeMenu 'pramudyono hadi','1610',@CompanyId=2;
06/08/2021 17:05:37	SQL :EXEC GetUserTreeMenu 'pramudyono hadi','1611',@CompanyId=2;
06/08/2021 17:05:37	SQL :EXEC GetUserTreeMenu 'pramudyono hadi','1612',@CompanyId=2;
06/08/2021 17:05:37	SQL :EXEC GetUserTreeMenu 'pramudyono hadi','1613',@CompanyId=2;
06/08/2021 17:05:37	SQL :EXEC GetUserTreeMenu 'pramudyono hadi','1614',@CompanyId=2;
06/08/2021 17:05:37	SQL :EXEC GetUserTreeMenu 'pramudyono hadi','1615',@CompanyId=2;
06/08/2021 17:05:37	SQL :EXEC GetUserTreeMenu 'pramudyono hadi','1616',@CompanyId=2;
06/08/2021 17:05:37	SQL :EXEC GetUserTreeMenu 'pramudyono hadi','1619',@CompanyId=2;
06/08/2021 17:05:37	SQL :EXEC GetUserTreeMenu 'pramudyono hadi','1620',@CompanyId=2;
06/08/2021 17:05:37	SQL :EXEC GetUserSubMenu 'pramudyono hadi','17';
06/08/2021 17:05:37	SQL :EXEC GetUserTreeMenu 'pramudyono hadi','1701',@CompanyId=2;
06/08/2021 17:05:37	SQL :EXEC GetUserTreeMenu 'pramudyono hadi','1702',@CompanyId=2;
06/08/2021 17:05:38	SQL :EXEC GetUserTreeMenu 'pramudyono hadi','1703',@CompanyId=2;
06/08/2021 17:05:38	SQL :EXEC GetUserTreeMenu 'pramudyono hadi','1704',@CompanyId=2;
06/08/2021 17:05:38	SQL :EXEC GetUserTreeMenu 'pramudyono hadi','1705',@CompanyId=2;
06/08/2021 17:05:38	SQL :EXEC GetUserTreeMenu 'pramudyono hadi','1706',@CompanyId=2;
06/08/2021 17:05:38	SQL :EXEC GetUserTreeMenu 'pramudyono hadi','1707',@CompanyId=2;
06/08/2021 17:05:38	SQL :EXEC GetUserTreeMenu 'pramudyono hadi','1708',@CompanyId=2;
06/08/2021 17:05:38	SQL :EXEC GetUserTreeMenu 'pramudyono hadi','1709',@CompanyId=2;
06/08/2021 17:05:38	SQL :EXEC GetUserTreeMenu 'pramudyono hadi','1710',@CompanyId=2;
06/08/2021 17:05:38	SQL :EXEC GetUserTreeMenu 'pramudyono hadi','1711',@CompanyId=2;
06/08/2021 17:05:38	SQL :EXEC GetUserTreeMenu 'pramudyono hadi','1712',@CompanyId=2;
06/08/2021 17:05:38	SQL :EXEC GetUserTreeMenu 'pramudyono hadi','1713',@CompanyId=2;
06/08/2021 17:05:38	SQL :EXEC GetUserTreeMenu 'pramudyono hadi','1714',@CompanyId=2;
06/08/2021 17:05:38	SQL :EXEC GetUserTreeMenu 'pramudyono hadi','1715',@CompanyId=2;
06/08/2021 17:05:38	SQL :EXEC GetUserTreeMenu 'pramudyono hadi','1716',@CompanyId=2;
06/08/2021 17:05:38	SQL :EXEC GetUserTreeMenu 'pramudyono hadi','1717',@CompanyId=2;
06/08/2021 17:05:38	SQL :EXEC GetUserSubMenu 'pramudyono hadi','18';
06/08/2021 17:05:38	SQL :EXEC GetUserTreeMenu 'pramudyono hadi','1801',@CompanyId=2;
06/08/2021 17:05:38	SQL :EXEC GetUserSubMenu 'pramudyono hadi','19';
06/08/2021 17:05:38	SQL :EXEC GetUserTreeMenu 'pramudyono hadi','1901',@CompanyId=2;
06/08/2021 17:05:38	SQL :EXEC GetUserTreeMenu 'pramudyono hadi','1902',@CompanyId=2;
06/08/2021 17:05:38	SQL :EXEC GetUserTreeMenu 'pramudyono hadi','1903',@CompanyId=2;
06/08/2021 17:05:38	SQL :EXEC GetUserTreeMenu 'pramudyono hadi','1904',@CompanyId=2;
06/08/2021 17:05:38	SQL :EXEC GetUserTreeMenu 'pramudyono hadi','1905',@CompanyId=2;
06/08/2021 17:05:38	SQL :EXEC GetUserTreeMenu 'pramudyono hadi','1906',@CompanyId=2;
06/08/2021 17:05:38	SQL :EXEC GetUserTreeMenu 'pramudyono hadi','1907',@CompanyId=2;
06/08/2021 17:05:38	SQL :EXEC GetUserTreeMenu 'pramudyono hadi','1908',@CompanyId=2;
06/08/2021 17:05:38	SQL :EXEC GetUserTreeMenu 'pramudyono hadi','1909',@CompanyId=2;
06/08/2021 17:05:38	SQL :EXEC GetUserTreeMenu 'pramudyono hadi','1910',@CompanyId=2;
06/08/2021 17:05:38	SQL :EXEC GetUserTreeMenu 'pramudyono hadi','1911',@CompanyId=2;
06/08/2021 17:05:38	SQL :EXEC GetUserTreeMenu 'pramudyono hadi','1912',@CompanyId=2;
06/08/2021 17:05:38	SQL :SELECT CONVERT(VARCHAR(8),GETDATE(),108) AS hour_minute;
06/08/2021 17:05:38	SQL :SELECT CONVERT(VARCHAR(10),GETDATE(),103) AS date_time;
06/08/2021 17:05:38	Loading Setting
06/08/2021 17:05:38	Open DB Connection
06/08/2021 17:05:38	SQL :SELECT * FROM wh_setting WHERE setting_name='Hold_Less_Deposit';
06/08/2021 17:05:38	SQL :SELECT * FROM wh_setting WHERE setting_name='Max_Less_Deposit';
06/08/2021 17:05:38	SQL :SELECT * FROM wh_setting WHERE setting_name='Dashboard_2';
06/08/2021 17:05:38	Finish Logging
06/08/2021 17:05:38	SQL :SELECT value_string FROM wh_setting WHERE (setting_name='Interval_CheckInDate') AND (active=1);
06/08/2021 17:05:38	SQL :SELECT value_string FROM wh_setting WHERE (setting_name='Interval_CheckInTime') AND (active=1);
06/08/2021 17:05:38	SQL :SELECT value_string FROM wh_setting WHERE (setting_name='ChatEnable') and (active=1);
06/08/2021 17:05:39	Message:Port Check
06/08/2021 17:05:39	Message:Open DB Connection
06/08/2021 17:05:39	SQL :EXEC GetMessage '01','pramudyono hadi';
06/08/2021 17:05:39	SQL :SELECT CONVERT(VARCHAR(8),GETDATE(),108) AS hour_minute;
06/08/2021 17:05:39	SQL :SELECT CONVERT(VARCHAR(10),GETDATE(),103) AS date_time;
06/08/2021 17:05:40	Open Menu :190507
06/08/2021 17:05:40	Open DB Connection
06/08/2021 17:05:40	SQL :EXEC AuthMenu 'pramudyono hadi',190507;
06/08/2021 17:05:40	Form Check :BusRunningDaysminiRpt
06/08/2021 17:05:40	Form Open: BusRunningDaysMiniRpt=,0
06/08/2021 17:05:40	Open DB Connection
06/08/2021 17:05:40	SQL :EXEC GetCompanyLocationList
06/08/2021 17:05:41	SQL :EXEC GetUserRDLocationList @UserName='pramudyono hadi' ;
06/08/2021 17:05:41	SQL :EXEC GetGroup 2;
06/08/2021 17:05:41	Open DB Connection
06/08/2021 17:05:44	Open DB Connection
06/08/2021 17:05:47	Open DB Connection
06/08/2021 17:06:55	Open DB Connection
06/08/2021 17:06:55	SQL :SELECT * FROM wh_setting WHERE (setting_name='ServiceBerkala_as_PKB_2') AND (active=1);
06/08/2021 17:06:55	Open DB Connection
06/08/2021 17:06:55	SQL :EXEC GetVhcList 6,@CompanyId=2,@BatchId=10,@OrderBy='h.vhc_batch_id,seat,license_plate',@ShowBatch=1,@Dates='2021/08/31';
06/08/2021 17:07:04	SQL :EXEC GetRunningDaysDetail 'BS220010001',@FromDate='2021-08-01',@ToDate='2021-08-31', @CompanyId=2;
06/08/2021 17:07:30	SQL :EXEC GetRunningDaysDetail 'BS220010002',@FromDate='2021-08-01',@ToDate='2021-08-31', @CompanyId=2;
06/08/2021 17:07:37	SQL :EXEC GetRunningDaysDetail 'BS220010003',@FromDate='2021-08-01',@ToDate='2021-08-31', @CompanyId=2;
06/08/2021 17:07:47	SQL :EXEC GetRunningDaysDetail 'BS220010004',@FromDate='2021-08-01',@ToDate='2021-08-31', @CompanyId=2;
06/08/2021 17:08:13	SQL :EXEC GetRunningDaysDetail 'BS220010005',@FromDate='2021-08-01',@ToDate='2021-08-31', @CompanyId=2;
06/08/2021 17:08:14	SQL :EXEC GetRunningDaysDetail 'BU13090054',@FromDate='2021-08-01',@ToDate='2021-08-31', @CompanyId=2;
06/08/2021 17:08:15	SQL :EXEC GetRunningDaysDeta06/08/2021 17:11:45	Get Local Settings
06/08/2021 17:11:45	Start Change Local Settings
06/08/2021 17:11:45	Change short date format
06/08/2021 17:11:45	Change Long date format
06/08/2021 17:11:45	Finish Change Local Settings
06/08/2021 17:11:45	Registry Read: Path=SOFTWARE\WEHA\Aplikasi\3
06/08/2021 17:11:45	Registry Read/Write
06/08/2021 17:11:45	Registry Read: Path=SOFTWARE\WEHA\Aplikasi\3
06/08/2021 17:11:45	Create DB Object
06/08/2021 17:11:45	Init DB
06/08/2021 17:11:45	Finish Init DB
06/08/2021 17:11:45	Get File Version
06/08/2021 17:11:45	Change  Caption
06/08/2021 17:11:45	Init Shortkey
06/08/2021 17:11:47	Create DB Object
06/08/2021 17:11:47	Init DB
06/08/2021 17:11:47	Finish Init DB
06/08/2021 17:11:49	Update new version check
06/08/2021 17:11:49	Open DB Connection
06/08/2021 17:11:49	SQL :
06/08/2021 17:11:49	Update check version
06/08/2021 17:11:49	Open DB Connection
06/08/2021 17:11:49	SQL :SELECT version FROM wh_application WHERE application_id=(SELECT MAX(application_id) FROM wh_application);
06/08/2021 17:11:49	Start Login
06/08/2021 17:11:49	Open DB Connection
06/08/2021 17:11:49	SQL :EXEC AuthenticateUser 'pramudyono hadi','6f2b8366efa56f0c06dd6b31fcff8a73';
06/08/2021 17:11:49	SQL :INSERT INTO wh_log (user_id,app_date,app_version,app_version_svr,location_id,company_id,department_id,host_name,ip_address)  VALUES ('pramudyono hadi','06/08/2021','6.1.3.10','6.1.3.10',6,2,13,'DESKTOP-S1PD9OD','192.168.25.214');
06/08/2021 17:11:49	Open DB Connection
06/08/2021 17:11:49	SQL :EXEC GetUserMenu 'pramudyono hadi';
06/08/2021 17:11:49	SQL :EXEC GetUserSubMenu 'pramudyono hadi','11';
06/08/2021 17:11:49	SQL :EXEC GetUserTreeMenu 'pramudyono hadi','1101',@CompanyId=2;
06/08/2021 17:11:49	SQL :EXEC GetUserTreeMenu 'pramudyono hadi','1102',@CompanyId=2;
06/08/2021 17:11:49	SQL :EXEC GetUserTreeMenu 'pramudyono hadi','1103',@CompanyId=2;
06/08/2021 17:11:49	SQL :EXEC GetUserTreeMenu 'pramudyono hadi','1104',@CompanyId=2;
06/08/2021 17:11:49	SQL :EXEC GetUserTreeMenu 'pramudyono hadi','1105',@CompanyId=2;
06/08/2021 17:11:49	SQL :EXEC GetUserTreeMenu 'pramudyono hadi','1106',@CompanyId=2;
06/08/2021 17:11:49	SQL :EXEC GetUserTreeMenu 'pramudyono hadi','1107',@CompanyId=2;
06/08/2021 17:11:49	SQL :EXEC GetUserTreeMenu 'pramudyono hadi','1108',@CompanyId=2;
06/08/2021 17:11:49	SQL :EXEC GetUserTreeMenu 'pramudyono hadi','1109',@CompanyId=2;
06/08/2021 17:11:49	SQL :EXEC GetUserTreeMenu 'pramudyono hadi','1110',@CompanyId=2;
06/08/2021 17:11:49	SQL :EXEC GetUserTreeMenu 'pramudyono hadi','1111',@CompanyId=2;
06/08/2021 17:11:49	SQL :EXEC GetUserTreeMenu 'pramudyono hadi','1112',@CompanyId=2;
06/08/2021 17:11:49	SQL :EXEC GetUserTreeMenu 'pramudyono hadi','1113',@CompanyId=2;
06/08/2021 17:11:49	SQL :EXEC GetUserTreeMenu 'pramudyono hadi','1114',@CompanyId=2;
06/08/2021 17:11:49	SQL :EXEC GetUserTreeMenu 'pramudyono hadi','1115',@CompanyId=2;
06/08/2021 17:11:49	SQL :EXEC GetUserTreeMenu 'pramudyono hadi','1116',@CompanyId=2;
06/08/2021 17:11:49	SQL :EXEC GetUserTreeMenu 'pramudyono hadi','1117',@CompanyId=2;
06/08/2021 17:11:49	SQL :EXEC GetUserTreeMenu 'pramudyono hadi','1198',@CompanyId=2;
06/08/2021 17:11:49	SQL :EXEC GetUserTreeMenu 'pramudyono hadi','1199',@CompanyId=2;
06/08/2021 17:11:49	SQL :EXEC GetUserSubMenu 'pramudyono hadi','12';
06/08/2021 17:11:49	SQL :EXEC GetUserTreeMenu 'pramudyono hadi','1201',@CompanyId=2;
06/08/2021 17:11:49	SQL :EXEC GetUserTreeMenu 'pramudyono hadi','1202',@CompanyId=2;
06/08/2021 17:11:49	SQL :EXEC GetUserTreeMenu 'pramudyono hadi','1203',@CompanyId=2;
06/08/2021 17:11:49	SQL :EXEC GetUserTreeMenu 'pramudyono hadi','1204',@CompanyId=2;
06/08/2021 17:11:49	SQL :EXEC GetUserTreeMenu 'pramudyono hadi','1205',@CompanyId=2;
06/08/2021 17:11:49	SQL :EXEC GetUserTreeMenu 'pramudyono hadi','1206',@CompanyId=2;
06/08/2021 17:11:49	SQL :EXEC GetUserTreeMenu 'pramudyono hadi','1207',@CompanyId=2;
06/08/2021 17:11:50	SQL :EXEC GetUserSubMenu 'pramudyono hadi','13';
06/08/2021 17:11:50	SQL :EXEC GetUserTreeMenu 'pramudyono hadi','1301',@CompanyId=2;
06/08/2021 17:11:50	SQL :EXEC GetUserTreeMenu 'pramudyono hadi','1302',@CompanyId=2;
06/08/2021 17:11:50	SQL :EXEC GetUserTreeMenu 'pramudyono hadi','1303',@CompanyId=2;
06/08/2021 17:11:50	SQL :EXEC GetUserTreeMenu 'pramudyono hadi','1304',@CompanyId=2;
06/08/2021 17:11:50	SQL :EXEC GetUserTreeMenu 'pramudyono hadi','1305',@CompanyId=2;
06/08/2021 17:11:50	SQL :EXEC GetUserTreeMenu 'pramudyono hadi','1306',@CompanyId=2;
06/08/2021 17:11:50	SQL :EXEC GetUserTreeMenu 'pramudyono hadi','1307',@CompanyId=2;
06/08/2021 17:11:50	SQL :EXEC GetUserTreeMenu 'pramudyono hadi','1308',@CompanyId=2;
06/08/2021 17:11:50	SQL :EXEC GetUserTreeMenu 'pramudyono hadi','1309',@CompanyId=2;
06/08/2021 17:11:50	SQL :EXEC GetUserTreeMenu 'pramudyono hadi','1310',@CompanyId=2;
06/08/2021 17:11:50	SQL :EXEC GetUserTreeMenu 'pramudyono hadi','1311',@CompanyId=2;
06/08/2021 17:11:50	SQL :EXEC GetUserTreeMenu 'pramudyono hadi','1312',@CompanyId=2;
06/08/2021 17:11:50	SQL :EXEC GetUserTreeMenu 'pramudyono hadi','1313',@CompanyId=2;
06/08/2021 17:11:50	SQL :EXEC GetUserTreeMenu 'pramudyono hadi','1314',@CompanyId=2;
06/08/2021 17:11:50	SQL :EXEC GetUserTreeMenu 'pramudyono hadi','1315',@CompanyId=2;
06/08/2021 17:11:50	SQL :EXEC GetUserTreeMenu 'pramudyono hadi','1316',@CompanyId=2;
06/08/2021 17:11:50	SQL :EXEC GetUserTreeMenu 'pramudyono hadi','1317',@CompanyId=2;
06/08/2021 17:11:50	SQL :EXEC GetUserTreeMenu 'pramudyono hadi','1318',@CompanyId=2;
06/08/2021 17:11:50	SQL :EXEC GetUserTreeMenu 'pramudyono hadi','1319',@CompanyId=2;
06/08/2021 17:11:50	SQL :EXEC GetUserTreeMenu 'pramudyono hadi','1320',@CompanyId=2;
06/08/2021 17:11:50	SQL :EXEC GetUserTreeMenu 'pramudyono hadi','1321',@CompanyId=2;
06/08/2021 17:11:50	SQL :EXEC GetUserSubMenu 'pramudyono hadi','14';
06/08/2021 17:11:50	SQL :EXEC GetUserTreeMenu 'pramudyono hadi','1401',@CompanyId=2;
06/08/2021 17:11:50	SQL :EXEC GetUserTreeMenu 'pramudyono hadi','1402',@CompanyId=2;
06/08/2021 17:11:50	SQL :EXEC GetUserTreeMenu 'pramudyono hadi','1403',@CompanyId=2;
06/08/2021 17:11:50	SQL :EXEC GetUserTreeMenu 'pramudyono hadi','1404',@CompanyId=2;
06/08/2021 17:11:50	SQL :EXEC GetUserTreeMenu 'pramudyono hadi','1406',@CompanyId=2;
06/08/2021 17:11:50	SQL :EXEC GetUserTreeMenu 'pramudyono hadi','1408',@CompanyId=2;
06/08/2021 17:11:50	SQL :EXEC GetUserTreeMenu 'pramudyono hadi','1410',@CompanyId=2;
06/08/2021 17:11:50	SQL :EXEC GetUserTreeMenu 'pramudyono hadi','1411',@CompanyId=2;
06/08/2021 17:11:50	SQL :EXEC GetUserTreeMenu 'pramudyono hadi','1412',@CompanyId=2;
06/08/2021 17:11:50	SQL :EXEC GetUserTreeMenu 'pramudyono hadi','1413',@CompanyId=2;
06/08/2021 17:11:50	SQL :EXEC GetUserTreeMenu 'pramudyono hadi','1414',@CompanyId=2;
06/08/2021 17:11:50	SQL :EXEC GetUserSubMenu 'pramudyono hadi','15';
06/08/2021 17:11:50	SQL :EXEC GetUserTreeMenu 'pramudyono hadi','1501',@CompanyId=2;
06/08/2021 17:11:50	SQL :EXEC GetUserTreeMenu 'pramudyono hadi','1502',@CompanyId=2;
06/08/2021 17:11:50	SQL :EXEC GetUserTreeMenu 'pramudyono hadi','1503',@CompanyId=2;
06/08/2021 17:11:50	SQL :EXEC GetUserTreeMenu 'pramudyono hadi','1504',@CompanyId=2;
06/08/2021 17:11:50	SQL :EXEC GetUserTreeMenu 'pramudyono hadi','1505',@CompanyId=2;
06/08/2021 17:11:50	SQL :EXEC GetUserTreeMenu 'pramudyono hadi','1506',@CompanyId=2;
06/08/2021 17:11:50	SQL :EXEC GetUserTreeMenu 'pramudyono hadi','1507',@CompanyId=2;
06/08/2021 17:11:50	SQL :EXEC GetUserTreeMenu 'pramudyono hadi','1508',@CompanyId=2;
06/08/2021 17:11:50	SQL :EXEC GetUserTreeMenu 'pramudyono hadi','1509',@CompanyId=2;
06/08/2021 17:11:50	SQL :EXEC GetUserTreeMenu 'pramudyono hadi','1510',@CompanyId=2;
06/08/2021 17:11:50	SQL :EXEC GetUserTreeMenu 'pramudyono hadi','1511',@CompanyId=2;
06/08/2021 17:11:50	SQL :EXEC GetUserSubMenu 'pramudyono hadi','16';
06/08/2021 17:11:50	SQL :EXEC GetUserTreeMenu 'pramudyono hadi','1601',@CompanyId=2;
06/08/2021 17:11:50	SQL :EXEC GetUserTreeMenu 'pramudyono hadi','1602',@CompanyId=2;
06/08/2021 17:11:50	SQL :EXEC GetUserTreeMenu 'pramudyono hadi','1603',@CompanyId=2;
06/08/2021 17:11:50	SQL :EXEC GetUserTreeMenu 'pramudyono hadi','1604',@CompanyId=2;
06/08/2021 17:11:50	SQL :EXEC GetUserTreeMenu 'pramudyono hadi','1605',@CompanyId=2;
06/08/2021 17:11:50	SQL :EXEC GetUserTreeMenu 'pramudyono hadi','1606',@CompanyId=2;
06/08/2021 17:11:50	SQL :EXEC GetUserTreeMenu 'pramudyono hadi','1607',@CompanyId=2;
06/08/2021 17:11:50	SQL :EXEC GetUserTreeMenu 'pramudyono hadi','1608',@CompanyId=2;
06/08/2021 17:11:50	SQL :EXEC GetUserTreeMenu 'pramudyono hadi','1609',@CompanyId=2;
06/08/2021 17:11:50	SQL :EXEC GetUserTreeMenu 'pramudyono hadi','1610',@CompanyId=2;
06/08/2021 17:11:50	SQL :EXEC GetUserTreeMenu 'pramudyono hadi','1611',@CompanyId=2;
06/08/2021 17:11:50	SQL :EXEC GetUserTreeMenu 'pramudyono hadi','1612',@CompanyId=2;
06/08/2021 17:11:50	SQL :EXEC GetUserTreeMenu 'pramudyono hadi','1613',@CompanyId=2;
06/08/2021 17:11:50	SQL :EXEC GetUserTreeMenu 'pramudyono hadi','1614',@CompanyId=2;
06/08/2021 17:11:50	SQL :EXEC GetUserTreeMenu 'pramudyono hadi','1615',@CompanyId=2;
06/08/2021 17:11:50	SQL :EXEC GetUserTreeMenu 'pramudyono hadi','1616',@CompanyId=2;
06/08/2021 17:11:50	SQL :EXEC GetUserTreeMenu 'pramudyono hadi','1619',@CompanyId=2;
06/08/2021 17:11:50	SQL :EXEC GetUserTreeMenu 'pramudyono hadi','1620',@CompanyId=2;
06/08/2021 17:11:50	SQL :EXEC GetUserSubMenu 'pramudyono hadi','17';
06/08/2021 17:11:50	SQL :EXEC GetUserTreeMenu 'pramudyono hadi','1701',@CompanyId=2;
06/08/2021 17:11:50	SQL :EXEC GetUserTreeMenu 'pramudyono hadi','1702',@CompanyId=2;
06/08/2021 17:11:50	SQL :EXEC GetUserTreeMenu 'pramudyono hadi','1703',@CompanyId=2;
06/08/2021 17:11:50	SQL :EXEC GetUserTreeMenu 'pramudyono hadi','1704',@CompanyId=2;
06/08/2021 17:11:50	SQL :EXEC GetUserTreeMenu 'pramudyono hadi','1705',@CompanyId=2;
06/08/2021 17:11:50	SQL :EXEC GetUserTreeMenu 'pramudyono hadi','1706',@CompanyId=2;
06/08/2021 17:11:50	SQL :EXEC GetUserTreeMenu 'pramudyono hadi','1707',@CompanyId=2;
06/08/2021 17:11:50	SQL :EXEC GetUserTreeMenu 'pramudyono hadi','1708',@CompanyId=2;
06/08/2021 17:11:50	SQL :EXEC GetUserTreeMenu 'pramudyono hadi','1709',@CompanyId=2;
06/08/2021 17:11:50	SQL :EXEC GetUserTreeMenu 'pramudyono hadi','1710',@CompanyId=2;
06/08/2021 17:11:50	SQL :EXEC GetUserTreeMenu 'pramudyono hadi','1711',@CompanyId=2;
06/08/2021 17:11:50	SQL :EXEC GetUserTreeMenu 'pramudyono hadi','1712',@CompanyId=2;
06/08/2021 17:11:50	SQL :EXEC GetUserTreeMenu 'pramudyono hadi','1713',@CompanyId=2;
06/08/2021 17:11:50	SQL :EXEC GetUserTreeMenu 'pramudyono hadi','1714',@CompanyId=2;
06/08/2021 17:11:50	SQL :EXEC GetUserTreeMenu 'pramudyono hadi','1715',@CompanyId=2;
06/08/2021 17:11:50	SQL :EXEC GetUserTreeMenu 'pramudyono hadi','1716',@CompanyId=2;
06/08/2021 17:11:50	SQL :EXEC GetUserTreeMenu 'pramudyono hadi','1717',@CompanyId=2;
06/08/2021 17:11:50	SQL :EXEC GetUserSubMenu 'pramudyono hadi','18';
06/08/2021 17:11:50	SQL :EXEC GetUserTreeMenu 'pramudyono hadi','1801',@CompanyId=2;
06/08/2021 17:11:50	SQL :EXEC GetUserSubMenu 'pramudyono hadi','19';
06/08/2021 17:11:50	SQL :EXEC GetUserTreeMenu 'pramudyono hadi','1901',@CompanyId=2;
06/08/2021 17:11:50	SQL :EXEC GetUserTreeMenu 'pramudyono hadi','1902',@CompanyId=2;
06/08/2021 17:11:50	SQL :EXEC GetUserTreeMenu 'pramudyono hadi','1903',@CompanyId=2;
06/08/2021 17:11:50	SQL :EXEC GetUserTreeMenu 'pramudyono hadi','1904',@CompanyId=2;
06/08/2021 17:11:50	SQL :EXEC GetUserTreeMenu 'pramudyono hadi','1905',@CompanyId=2;
06/08/2021 17:11:50	SQL :EXEC GetUserTreeMenu 'pramudyono hadi','1906',@CompanyId=2;
06/08/2021 17:11:50	SQL :EXEC GetUserTreeMenu 'pramudyono hadi','1907',@CompanyId=2;
06/08/2021 17:11:50	SQL :EXEC GetUserTreeMenu 'pramudyono hadi','1908',@CompanyId=2;
06/08/2021 17:11:50	SQL :EXEC GetUserTreeMenu 'pramudyono hadi','1909',@CompanyId=2;
06/08/2021 17:11:50	SQL :EXEC GetUserTreeMenu 'pramudyono hadi','1910',@CompanyId=2;
06/08/2021 17:11:50	SQL :EXEC GetUserTreeMenu 'pramudyono hadi','1911',@CompanyId=2;
06/08/2021 17:11:50	SQL :EXEC GetUserTreeMenu 'pramudyono hadi','1912',@CompanyId=2;
06/08/2021 17:11:50	SQL :SELECT CONVERT(VARCHAR(8),GETDATE(),108) AS hour_minute;
06/08/2021 17:11:50	SQL :SELECT CONVERT(VARCHAR(10),GETDATE(),103) AS date_time;
06/08/2021 17:11:51	Loading Setting
06/08/2021 17:11:51	Open DB Connection
06/08/2021 17:11:51	SQL :SELECT * FROM wh_setting WHERE setting_name='Hold_Less_Deposit';
06/08/2021 17:11:51	SQL :SELECT * FROM wh_setting WHERE setting_name='Max_Less_Deposit';
06/08/2021 17:11:51	SQL :SELECT * FROM wh_setting WHERE setting_name='Dashboard_2';
06/08/2021 17:11:51	Finish Logging
06/08/2021 17:11:51	SQL :SELECT value_string FROM wh_setting WHERE (setting_name='Interval_CheckInDate') AND (active=1);
06/08/2021 17:11:51	SQL :SELECT value_string FROM wh_setting WHERE (setting_name='Interval_CheckInTime') AND (active=1);
06/08/2021 17:11:51	SQL :SELECT value_string FROM wh_setting WHERE (setting_name='ChatEnable') and (active=1);
06/08/2021 17:11:51	Message:Port Check
06/08/2021 17:11:52	Message:Open DB Connection
06/08/2021 17:11:52	SQL :EXEC GetMessage '01','pramudyono hadi';
06/08/2021 17:11:52	SQL :SELECT CONVERT(VARCHAR(8),GETDATE(),108) AS hour_minute;
06/08/2021 17:11:52	SQL :SELECT CONVERT(VARCHAR(10),GETDATE(),103) AS date_time;
06/08/2021 17:11:54	Open Menu :190507
06/08/2021 17:11:54	Open DB Connection
06/08/2021 17:11:54	SQL :EXEC AuthMenu 'pramudyono hadi',190507;
06/08/2021 17:11:54	Form Check :BusRunningDaysminiRpt
06/08/2021 17:11:54	Form Open: BusRunningDaysMiniRpt=,0
06/08/2021 17:11:54	Open DB Connection
06/08/2021 17:11:54	SQL :EXEC GetCompanyLocationList
06/08/2021 17:11:54	SQL :EXEC GetUserRDLocationList @UserName='pramudyono hadi' ;
06/08/2021 17:11:54	SQL :EXEC GetGroup 2;
06/08/2021 17:11:54	Open DB Connection
06/08/2021 17:11:57	Open DB Connection
06/08/2021 17:11:59	Open DB Connection
06/08/2021 17:12:00	Open DB Connection
06/08/2021 17:12:00	SQL :SELECT * FROM wh_setting WHERE (setting_name='ServiceBerkala_as_PKB_2') AND (active=1);
06/08/2021 17:12:00	Open DB Connection
06/08/2021 17:12:00	SQL :EXEC GetVhcList 6,@CompanyId=2,@BatchId=10,@OrderBy='h.vhc_batch_id,seat,license_plate',@ShowBatch=1,@Dates='2021/08/31';
06/08/2021 17:12:05	SQL :EXEC GetRunningDaysDetail 'BS220010001',@FromDate='2021-08-01',@ToDate='2021-08-31', @CompanyId=2;
06/08/2021 17:12:06	SQL :EXEC GetRunningDaysDetail 'BS220010002',@FromDate='2021-08-01',@ToDate='2021-08-31', @CompanyId=2;
06/08/2021 17:12:06	SQL :EXEC GetRunningDaysDetail 'BS220010003',@FromDate='2021-08-01',@ToDate='2021-08-31', @CompanyId=2;
06/08/2021 17:12:06	SQL :EXEC GetRunningDaysDetail 'BS220010004',@FromDate='2021-08-01',@ToDate='2021-08-31', @CompanyId=2;
06/08/2021 17:12:06	SQL :EXEC GetRunningDaysDetail 'BS220010005',@FromDate='2021-08-01',@ToDate='2021-08-31', @CompanyId=2;
06/08/2021 17:12:06	SQL :EXEC GetRunningDaysDetail 'BU13090054',@FromDate='2021-08-01',@ToDate='2021-08-31', @CompanyId=2;
06/08/2021 17:12:07	SQL :EXEC GetRunningDaysDetail 'BU13090057',@FromDate='2021-08-01',@ToDate='2021-08-31', @CompanyId=2;
06/08/2021 17:12:10	SQL :EXEC GetRunningDaysDetail 'BS14050001',@FromDate='2021-08-01',@ToDate='2021-08-31', @CompanyId=2;
06/08/2021 17:12:10	SQL :EXEC GetRunningDaysDetail 'BU13090044',@FromDate='2021-08-01',@ToDate='2021-08-31', @CompanyId=2;
06/08/2021 17:12:11	SQL :EXEC GetRunningDaysDetail 'BU13090046',@FromDate='2021-08-01',@ToDate='2021-08-31', @CompanyId=2;
06/08/2021 17:12:11	SQL :EXEC GetRunningDaysDetail 'BU13090047',@FromDate='2021-08-01',@ToDate='2021-08-31', @CompanyId=2;
06/08/2021 17:12:11	SQL :EXEC GetRunningDaysDetail 'BU13090048',@FromDate='2021-08-01',@ToDate='2021-08-31', @CompanyId=2;
06/08/2021 17:12:11	SQL :EXEC GetRunningDaysDetail 'BU13090051',@FromDate='2021-08-01',@ToDate='2021-08-31', @CompanyId=2;
06/08/2021 17:12:12	SQL :EXEC GetRunningDaysDetail 'BU13090056',@FromDate='2021-08-01',@ToDate='2021-08-31', @CompanyId=2;
06/08/2021 17:12:12	SQL :EXEC GetRunningDaysDetail 'BS14050005',@FromDate='2021-08-01',@ToDate='2021-08-31', @CompanyId=2;
06/08/2021 17:12:13	SQL :EXEC GetRunningDaysDetail 'BS14050002',@FromDate='2021-08-01',@ToDate='2021-08-31', @CompanyId=2;
06/08/2021 17:12:13	SQL :EXEC GetRunningDaysDetail 'BS14050003',@FromDate='2021-08-01',@ToDate='2021-08-31', @CompanyId=2;
06/08/2021 17:12:14	SQL :EXEC GetRunningDaysDetail 'BS14050004',@FromDate='2021-08-01',@ToDate='2021-08-31', @CompanyId=2;
06/08/2021 17:12:14	SQL :EXEC GetRunningDaysDetail 'BS14050008',@FromDate='2021-08-01',@ToDate='2021-08-31', @CompanyId=2;
06/08/2021 17:12:15	SQL :EXEC GetRunningDaysDetail 'BS14050006',@FromDate='2021-08-01',@ToDate='202106/08/2021 17:14:03	Get Local Settings
06/08/2021 17:14:03	Start Change Local Settings
06/08/2021 17:14:03	Change short date format
06/08/2021 17:14:03	Change Long date format
06/08/2021 17:14:03	Finish Change Local Settings
06/08/2021 17:14:03	Registry Read: Path=SOFTWARE\WEHA\Aplikasi\3
06/08/2021 17:14:03	Registry Read/Write
06/08/2021 17:14:03	Registry Read: Path=SOFTWARE\WEHA\Aplikasi\3
06/08/2021 17:14:03	Create DB Object
06/08/2021 17:14:03	Init DB
06/08/2021 17:14:03	Finish Init DB
06/08/2021 17:14:03	Get File Version
06/08/2021 17:14:03	Change  Caption
06/08/2021 17:14:03	Init Shortkey
06/08/2021 17:14:10	Create DB Object
06/08/2021 17:14:10	Init DB
06/08/2021 17:14:10	Finish Init DB
06/08/2021 17:14:12	Update new version check
06/08/2021 17:14:12	Open DB Connection
06/08/2021 17:14:13	SQL :
06/08/2021 17:14:13	Update check version
06/08/2021 17:14:13	Open DB Connection
06/08/2021 17:14:13	SQL :SELECT version FROM wh_application WHERE application_id=(SELECT MAX(application_id) FROM wh_application);
06/08/2021 17:14:13	Start Login
06/08/2021 17:14:13	Open DB Connection
06/08/2021 17:14:13	SQL :EXEC AuthenticateUser 'pramudyono hadi','6f2b8366efa56f0c06dd6b31fcff8a73';
06/08/2021 17:14:13	SQL :INSERT INTO wh_log (user_id,app_date,app_version,app_version_svr,location_id,company_id,department_id,host_name,ip_address)  VALUES ('pramudyono hadi','06/08/2021','6.1.3.10','6.1.3.10',6,2,13,'DESKTOP-S1PD9OD','192.168.25.214');
06/08/2021 17:14:13	Open DB Connection
06/08/2021 17:14:13	SQL :EXEC GetUserMenu 'pramudyono hadi';
06/08/2021 17:14:13	SQL :EXEC GetUserSubMenu 'pramudyono hadi','11';
06/08/2021 17:14:13	SQL :EXEC GetUserTreeMenu 'pramudyono hadi','1101',@CompanyId=2;
06/08/2021 17:14:13	SQL :EXEC GetUserTreeMenu 'pramudyono hadi','1102',@CompanyId=2;
06/08/2021 17:14:13	SQL :EXEC GetUserTreeMenu 'pramudyono hadi','1103',@CompanyId=2;
06/08/2021 17:14:13	SQL :EXEC GetUserTreeMenu 'pramudyono hadi','1104',@CompanyId=2;
06/08/2021 17:14:13	SQL :EXEC GetUserTreeMenu 'pramudyono hadi','1105',@CompanyId=2;
06/08/2021 17:14:13	SQL :EXEC GetUserTreeMenu 'pramudyono hadi','1106',@CompanyId=2;
06/08/2021 17:14:13	SQL :EXEC GetUserTreeMenu 'pramudyono hadi','1107',@CompanyId=2;
06/08/2021 17:14:13	SQL :EXEC GetUserTreeMenu 'pramudyono hadi','1108',@CompanyId=2;
06/08/2021 17:14:13	SQL :EXEC GetUserTreeMenu 'pramudyono hadi','1109',@CompanyId=2;
06/08/2021 17:14:13	SQL :EXEC GetUserTreeMenu 'pramudyono hadi','1110',@CompanyId=2;
06/08/2021 17:14:13	SQL :EXEC GetUserTreeMenu 'pramudyono hadi','1111',@CompanyId=2;
06/08/2021 17:14:13	SQL :EXEC GetUserTreeMenu 'pramudyono hadi','1112',@CompanyId=2;
06/08/2021 17:14:13	SQL :EXEC GetUserTreeMenu 'pramudyono hadi','1113',@CompanyId=2;
06/08/2021 17:14:13	SQL :EXEC GetUserTreeMenu 'pramudyono hadi','1114',@CompanyId=2;
06/08/2021 17:14:13	SQL :EXEC GetUserTreeMenu 'pramudyono hadi','1115',@CompanyId=2;
06/08/2021 17:14:13	SQL :EXEC GetUserTreeMenu 'pramudyono hadi','1116',@CompanyId=2;
06/08/2021 17:14:13	SQL :EXEC GetUserTreeMenu 'pramudyono hadi','1117',@CompanyId=2;
06/08/2021 17:14:13	SQL :EXEC GetUserTreeMenu 'pramudyono hadi','1198',@CompanyId=2;
06/08/2021 17:14:13	SQL :EXEC GetUserTreeMenu 'pramudyono hadi','1199',@CompanyId=2;
06/08/2021 17:14:13	SQL :EXEC GetUserSubMenu 'pramudyono hadi','12';
06/08/2021 17:14:13	SQL :EXEC GetUserTreeMenu 'pramudyono hadi','1201',@CompanyId=2;
06/08/2021 17:14:13	SQL :EXEC GetUserTreeMenu 'pramudyono hadi','1202',@CompanyId=2;
06/08/2021 17:14:13	SQL :EXEC GetUserTreeMenu 'pramudyono hadi','1203',@CompanyId=2;
06/08/2021 17:14:13	SQL :EXEC GetUserTreeMenu 'pramudyono hadi','1204',@CompanyId=2;
06/08/2021 17:14:13	SQL :EXEC GetUserTreeMenu 'pramudyono hadi','1205',@CompanyId=2;
06/08/2021 17:14:13	SQL :EXEC GetUserTreeMenu 'pramudyono hadi','1206',@CompanyId=2;
06/08/2021 17:14:13	SQL :EXEC GetUserTreeMenu 'pramudyono hadi','1207',@CompanyId=2;
06/08/2021 17:14:13	SQL :EXEC GetUserSubMenu 'pramudyono hadi','13';
06/08/2021 17:14:13	SQL :EXEC GetUserTreeMenu 'pramudyono hadi','1301',@CompanyId=2;
06/08/2021 17:14:13	SQL :EXEC GetUserTreeMenu 'pramudyono hadi','1302',@CompanyId=2;
06/08/2021 17:14:13	SQL :EXEC GetUserTreeMenu 'pramudyono hadi','1303',@CompanyId=2;
06/08/2021 17:14:13	SQL :EXEC GetUserTreeMenu 'pramudyono hadi','1304',@CompanyId=2;
06/08/2021 17:14:13	SQL :EXEC GetUserTreeMenu 'pramudyono hadi','1305',@CompanyId=2;
06/08/2021 17:14:13	SQL :EXEC GetUserTreeMenu 'pramudyono hadi','1306',@CompanyId=2;
06/08/2021 17:14:13	SQL :EXEC GetUserTreeMenu 'pramudyono hadi','1307',@CompanyId=2;
06/08/2021 17:14:13	SQL :EXEC GetUserTreeMenu 'pramudyono hadi','1308',@CompanyId=2;
06/08/2021 17:14:13	SQL :EXEC GetUserTreeMenu 'pramudyono hadi','1309',@CompanyId=2;
06/08/2021 17:14:13	SQL :EXEC GetUserTreeMenu 'pramudyono hadi','1310',@CompanyId=2;
06/08/2021 17:14:13	SQL :EXEC GetUserTreeMenu 'pramudyono hadi','1311',@CompanyId=2;
06/08/2021 17:14:13	SQL :EXEC GetUserTreeMenu 'pramudyono hadi','1312',@CompanyId=2;
06/08/2021 17:14:13	SQL :EXEC GetUserTreeMenu 'pramudyono hadi','1313',@CompanyId=2;
06/08/2021 17:14:13	SQL :EXEC GetUserTreeMenu 'pramudyono hadi','1314',@CompanyId=2;
06/08/2021 17:14:13	SQL :EXEC GetUserTreeMenu 'pramudyono hadi','1315',@CompanyId=2;
06/08/2021 17:14:13	SQL :EXEC GetUserTreeMenu 'pramudyono hadi','1316',@CompanyId=2;
06/08/2021 17:14:13	SQL :EXEC GetUserTreeMenu 'pramudyono hadi','1317',@CompanyId=2;
06/08/2021 17:14:13	SQL :EXEC GetUserTreeMenu 'pramudyono hadi','1318',@CompanyId=2;
06/08/2021 17:14:13	SQL :EXEC GetUserTreeMenu 'pramudyono hadi','1319',@CompanyId=2;
06/08/2021 17:14:13	SQL :EXEC GetUserTreeMenu 'pramudyono hadi','1320',@CompanyId=2;
06/08/2021 17:14:13	SQL :EXEC GetUserTreeMenu 'pramudyono hadi','1321',@CompanyId=2;
06/08/2021 17:14:13	SQL :EXEC GetUserSubMenu 'pramudyono hadi','14';
06/08/2021 17:14:13	SQL :EXEC GetUserTreeMenu 'pramudyono hadi','1401',@CompanyId=2;
06/08/2021 17:14:13	SQL :EXEC GetUserTreeMenu 'pramudyono hadi','1402',@CompanyId=2;
06/08/2021 17:14:13	SQL :EXEC GetUserTreeMenu 'pramudyono hadi','1403',@CompanyId=2;
06/08/2021 17:14:13	SQL :EXEC GetUserTreeMenu 'pramudyono hadi','1404',@CompanyId=2;
06/08/2021 17:14:13	SQL :EXEC GetUserTreeMenu 'pramudyono hadi','1406',@CompanyId=2;
06/08/2021 17:14:13	SQL :EXEC GetUserTreeMenu 'pramudyono hadi','1408',@CompanyId=2;
06/08/2021 17:14:13	SQL :EXEC GetUserTreeMenu 'pramudyono hadi','1410',@CompanyId=2;
06/08/2021 17:14:13	SQL :EXEC GetUserTreeMenu 'pramudyono hadi','1411',@CompanyId=2;
06/08/2021 17:14:13	SQL :EXEC GetUserTreeMenu 'pramudyono hadi','1412',@CompanyId=2;
06/08/2021 17:14:13	SQL :EXEC GetUserTreeMenu 'pramudyono hadi','1413',@CompanyId=2;
06/08/2021 17:14:13	SQL :EXEC GetUserTreeMenu 'pramudyono hadi','1414',@CompanyId=2;
06/08/2021 17:14:13	SQL :EXEC GetUserSubMenu 'pramudyono hadi','15';
06/08/2021 17:14:13	SQL :EXEC GetUserTreeMenu 'pramudyono hadi','1501',@CompanyId=2;
06/08/2021 17:14:13	SQL :EXEC GetUserTreeMenu 'pramudyono hadi','1502',@CompanyId=2;
06/08/2021 17:14:13	SQL :EXEC GetUserTreeMenu 'pramudyono hadi','1503',@CompanyId=2;
06/08/2021 17:14:13	SQL :EXEC GetUserTreeMenu 'pramudyono hadi','1504',@CompanyId=2;
06/08/2021 17:14:13	SQL :EXEC GetUserTreeMenu 'pramudyono hadi','1505',@CompanyId=2;
06/08/2021 17:14:13	SQL :EXEC GetUserTreeMenu 'pramudyono hadi','1506',@CompanyId=2;
06/08/2021 17:14:13	SQL :EXEC GetUserTreeMenu 'pramudyono hadi','1507',@CompanyId=2;
06/08/2021 17:14:13	SQL :EXEC GetUserTreeMenu 'pramudyono hadi','1508',@CompanyId=2;
06/08/2021 17:14:13	SQL :EXEC GetUserTreeMenu 'pramudyono hadi','1509',@CompanyId=2;
06/08/2021 17:14:13	SQL :EXEC GetUserTreeMenu 'pramudyono hadi','1510',@CompanyId=2;
06/08/2021 17:14:13	SQL :EXEC GetUserTreeMenu 'pramudyono hadi','1511',@CompanyId=2;
06/08/2021 17:14:13	SQL :EXEC GetUserSubMenu 'pramudyono hadi','16';
06/08/2021 17:14:13	SQL :EXEC GetUserTreeMenu 'pramudyono hadi','1601',@CompanyId=2;
06/08/2021 17:14:13	SQL :EXEC GetUserTreeMenu 'pramudyono hadi','1602',@CompanyId=2;
06/08/2021 17:14:13	SQL :EXEC GetUserTreeMenu 'pramudyono hadi','1603',@CompanyId=2;
06/08/2021 17:14:13	SQL :EXEC GetUserTreeMenu 'pramudyono hadi','1604',@CompanyId=2;
06/08/2021 17:14:13	SQL :EXEC GetUserTreeMenu 'pramudyono hadi','1605',@CompanyId=2;
06/08/2021 17:14:13	SQL :EXEC GetUserTreeMenu 'pramudyono hadi','1606',@CompanyId=2;
06/08/2021 17:14:13	SQL :EXEC GetUserTreeMenu 'pramudyono hadi','1607',@CompanyId=2;
06/08/2021 17:14:13	SQL :EXEC GetUserTreeMenu 'pramudyono hadi','1608',@CompanyId=2;
06/08/2021 17:14:13	SQL :EXEC GetUserTreeMenu 'pramudyono hadi','1609',@CompanyId=2;
06/08/2021 17:14:13	SQL :EXEC GetUserTreeMenu 'pramudyono hadi','1610',@CompanyId=2;
06/08/2021 17:14:13	SQL :EXEC GetUserTreeMenu 'pramudyono hadi','1611',@CompanyId=2;
06/08/2021 17:14:14	SQL :EXEC GetUserTreeMenu 'pramudyono hadi','1612',@CompanyId=2;
06/08/2021 17:14:14	SQL :EXEC GetUserTreeMenu 'pramudyono hadi','1613',@CompanyId=2;
06/08/2021 17:14:14	SQL :EXEC GetUserTreeMenu 'pramudyono hadi','1614',@CompanyId=2;
06/08/2021 17:14:14	SQL :EXEC GetUserTreeMenu 'pramudyono hadi','1615',@CompanyId=2;
06/08/2021 17:14:14	SQL :EXEC GetUserTreeMenu 'pramudyono hadi','1616',@CompanyId=2;
06/08/2021 17:14:14	SQL :EXEC GetUserTreeMenu 'pramudyono hadi','1619',@CompanyId=2;
06/08/2021 17:14:14	SQL :EXEC GetUserTreeMenu 'pramudyono hadi','1620',@CompanyId=2;
06/08/2021 17:14:14	SQL :EXEC GetUserSubMenu 'pramudyono hadi','17';
06/08/2021 17:14:14	SQL :EXEC GetUserTreeMenu 'pramudyono hadi','1701',@CompanyId=2;
06/08/2021 17:14:14	SQL :EXEC GetUserTreeMenu 'pramudyono hadi','1702',@CompanyId=2;
06/08/2021 17:14:14	SQL :EXEC GetUserTreeMenu 'pramudyono hadi','1703',@CompanyId=2;
06/08/2021 17:14:14	SQL :EXEC GetUserTreeMenu 'pramudyono hadi','1704',@CompanyId=2;
06/08/2021 17:14:14	SQL :EXEC GetUserTreeMenu 'pramudyono hadi','1705',@CompanyId=2;
06/08/2021 17:14:14	SQL :EXEC GetUserTreeMenu 'pramudyono hadi','1706',@CompanyId=2;
06/08/2021 17:14:14	SQL :EXEC GetUserTreeMenu 'pramudyono hadi','1707',@CompanyId=2;
06/08/2021 17:14:14	SQL :EXEC GetUserTreeMenu 'pramudyono hadi','1708',@CompanyId=2;
06/08/2021 17:14:14	SQL :EXEC GetUserTreeMenu 'pramudyono hadi','1709',@CompanyId=2;
06/08/2021 17:14:14	SQL :EXEC GetUserTreeMenu 'pramudyono hadi','1710',@CompanyId=2;
06/08/2021 17:14:14	SQL :EXEC GetUserTreeMenu 'pramudyono hadi','1711',@CompanyId=2;
06/08/2021 17:14:14	SQL :EXEC GetUserTreeMenu 'pramudyono hadi','1712',@CompanyId=2;
06/08/2021 17:14:14	SQL :EXEC GetUserTreeMenu 'pramudyono hadi','1713',@CompanyId=2;
06/08/2021 17:14:14	SQL :EXEC GetUserTreeMenu 'pramudyono hadi','1714',@CompanyId=2;
06/08/2021 17:14:14	SQL :EXEC GetUserTreeMenu 'pramudyono hadi','1715',@CompanyId=2;
06/08/2021 17:14:14	SQL :EXEC GetUserTreeMenu 'pramudyono hadi','1716',@CompanyId=2;
06/08/2021 17:14:14	SQL :EXEC GetUserTreeMenu 'pramudyono hadi','1717',@CompanyId=2;
06/08/2021 17:14:14	SQL :EXEC GetUserSubMenu 'pramudyono hadi','18';
06/08/2021 17:14:14	SQL :EXEC GetUserTreeMenu 'pramudyono hadi','1801',@CompanyId=2;
06/08/2021 17:14:14	SQL :EXEC GetUserSubMenu 'pramudyono hadi','19';
06/08/2021 17:14:14	SQL :EXEC GetUserTreeMenu 'pramudyono hadi','1901',@CompanyId=2;
06/08/2021 17:14:14	SQL :EXEC GetUserTreeMenu 'pramudyono hadi','1902',@CompanyId=2;
06/08/2021 17:14:14	SQL :EXEC GetUserTreeMenu 'pramudyono hadi','1903',@CompanyId=2;
06/08/2021 17:14:14	SQL :EXEC GetUserTreeMenu 'pramudyono hadi','1904',@CompanyId=2;
06/08/2021 17:14:14	SQL :EXEC GetUserTreeMenu 'pramudyono hadi','1905',@CompanyId=2;
06/08/2021 17:14:14	SQL :EXEC GetUserTreeMenu 'pramudyono hadi','1906',@CompanyId=2;
06/08/2021 17:14:14	SQL :EXEC GetUserTreeMenu 'pramudyono hadi','1907',@CompanyId=2;
06/08/2021 17:14:14	SQL :EXEC GetUserTreeMenu 'pramudyono hadi','1908',@CompanyId=2;
06/08/2021 17:14:14	SQL :EXEC GetUserTreeMenu 'pramudyono hadi','1909',@CompanyId=2;
06/08/2021 17:14:14	SQL :EXEC GetUserTreeMenu 'pramudyono hadi','1910',@CompanyId=2;
06/08/2021 17:14:14	SQL :EXEC GetUserTreeMenu 'pramudyono hadi','1911',@CompanyId=2;
06/08/2021 17:14:14	SQL :EXEC GetUserTreeMenu 'pramudyono hadi','1912',@CompanyId=2;
06/08/2021 17:14:14	SQL :SELECT CONVERT(VARCHAR(8),GETDATE(),108) AS hour_minute;
06/08/2021 17:14:14	SQL :SELECT CONVERT(VARCHAR(10),GETDATE(),103) AS date_time;
06/08/2021 17:14:14	Loading Setting
06/08/2021 17:14:14	Open DB Connection
06/08/2021 17:14:14	SQL :SELECT * FROM wh_setting WHERE setting_name='Hold_Less_Deposit';
06/08/2021 17:14:14	SQL :SELECT * FROM wh_setting WHERE setting_name='Max_Less_Deposit';
06/08/2021 17:14:14	SQL :SELECT * FROM wh_setting WHERE setting_name='Dashboard_2';
06/08/2021 17:14:14	Finish Logging
06/08/2021 17:14:14	SQL :SELECT value_string FROM wh_setting WHERE (setting_name='Interval_CheckInDate') AND (active=1);
06/08/2021 17:14:14	SQL :SELECT value_string FROM wh_setting WHERE (setting_name='Interval_CheckInTime') AND (active=1);
06/08/2021 17:14:14	SQL :SELECT value_string FROM wh_setting WHERE (setting_name='ChatEnable') and (active=1);
06/08/2021 17:14:15	Message:Port Check
06/08/2021 17:14:15	Message:Open DB Connection
06/08/2021 17:14:15	SQL :EXEC GetMessage '01','pramudyono hadi';
06/08/2021 17:14:15	SQL :SELECT CONVERT(VARCHAR(8),GETDATE(),108) AS hour_minute;
06/08/2021 17:14:15	SQL :SELECT CONVERT(VARCHAR(10),GETDATE(),103) AS date_time;
06/08/2021 17:14:17	Open Menu :190507
06/08/2021 17:14:17	Open DB Connection
06/08/2021 17:14:17	SQL :EXEC AuthMenu 'pramudyono hadi',190507;
06/08/2021 17:14:17	Form Check :BusRunningDaysminiRpt
06/08/2021 17:14:17	Form Open: BusRunningDaysMiniRpt=,0
06/08/2021 17:14:17	Open DB Connection
06/08/2021 17:14:17	SQL :EXEC GetCompanyLocationList
06/08/2021 17:14:17	SQL :EXEC GetUserRDLocationList @UserName='pramudyono hadi' ;
06/08/2021 17:14:17	SQL :EXEC GetGroup 2;
06/08/2021 17:14:17	Open DB Connection
06/08/2021 17:14:19	Open DB Connection
06/08/2021 17:14:21	Open DB Connection
06/08/2021 17:14:22	Open DB Connection
06/08/2021 17:14:22	SQL :SELECT * FROM wh_setting WHERE (setting_name='ServiceBerkala_as_PKB_2') AND (active=1);
06/08/2021 17:14:22	Open DB Connection
06/08/2021 17:14:22	SQL :EXEC GetVhcList 6,@CompanyId=2,@BatchId=10,@OrderBy='h.vhc_batch_id,seat,license_plate',@ShowBatch=1,@Dates='2021/08/31';
06/08/2021 17:14:22	SQL :EXEC GetRunningDaysDetail 'BS220010001',@FromDate='2021-08-01',@ToDate='2021-08-31', @CompanyId=2;
06/08/2021 17:14:22	SQL :EXEC GetRunningDaysDetail 'BS220010002',@FromDate='2021-08-01',@ToDate='2021-08-31', @CompanyId=2;
06/08/2021 17:14:23	SQL :EXEC GetRunningDaysDetail 'BS220010003',@FromDate='2021-08-01',@ToDate='2021-08-31', @CompanyId=2;
06/08/2021 17:14:23	SQL :EXEC GetRunningDaysDetail 'BS220010004',@FromDate='2021-08-01',@ToDate='2021-08-31', @CompanyId=2;
06/08/2021 17:14:23	SQL :EXEC GetRunningDaysDetail 'BS220010005',@FromDate='2021-08-01',@ToDate='2021-08-31', @CompanyId=2;
06/08/2021 17:14:23	SQL :EXEC GetRunningDaysDetail 'BU13090054',@FromDate='2021-08-01',@ToDate='2021-08-31', @CompanyId=2;
06/08/2021 17:14:23	SQL :EXEC GetRunningDaysDetail 'BU13090057',@FromDate='2021-08-01',@ToDate='2021-08-31', @CompanyId=2;
06/08/2021 17:14:24	SQL :EXEC GetRunningDaysDetail 'BS14050001',@FromDate='2021-08-01',@ToDate='2021-08-31', @CompanyId=2;
06/08/2021 17:14:24	SQL :EXEC GetRunningDaysDetail 'BU13090044',@FromDate='2021-08-01',@ToDate='2021-08-31', @CompanyId=2;
06/08/2021 17:14:24	SQL :EXEC GetRunningDaysDetail 'BU13090046',@FromDate='2021-08-01',@ToDate='2021-08-31', @CompanyId=2;
06/08/2021 17:14:25	SQL :EXEC GetRunningDaysDetail 'BU13090047',@FromDate='2021-08-01',@ToDate='2021-08-31', @CompanyId=2;
06/08/2021 17:14:25	SQL :EXEC GetRunningDaysDetail 'BU13090048',@FromDate='2021-08-01',@ToDate='2021-08-31', @CompanyId=2;
06/08/2021 17:14:25	SQL :EXEC GetRunningDaysDetail 'BU13090051',@FromDate='2021-08-01',@ToDate='2021-08-31', @CompanyId=2;
06/08/2021 17:14:26	SQL :EXEC GetRunningDaysDetail 'BU13090056',@FromDate='2021-08-01',@ToDate='2021-08-31', @CompanyId=2;
06/08/2021 17:14:26	SQL :EXEC GetRunningDaysDetail 'BS14050005',@FromDate='2021-08-01',@ToDate='2021-08-31', @CompanyId=2;
06/08/2021 17:14:26	SQL :EXEC GetRunningDaysDetail 'BS14050002',@FromDate='2021-08-01',@ToDate='2021-08-31', @CompanyId=2;
06/08/2021 17:14:27	SQL :EXEC GetRunningDaysDetail 'BS14050003',@FromDate='2021-08-01',@ToDate='2021-08-31', @CompanyId=2;
06/08/2021 17:14:28	SQL :EXEC GetRunningDaysDetail 'BS14050004',@FromDate='2021-08-01',@ToDate='2021-08-31', @CompanyId=2;
06/08/2021 17:14:28	SQL :EXEC GetRunningDaysDetail 'BS14050008',@FromDate='2021-08-01',@ToDate='2021-08-31', @CompanyId=2;
06/08/2021 17:14:29	SQL :EXEC GetRunningDaysDetail 'BS14050006',@FromDate='2021-08-01',@ToDate='2021-08-31', @CompanyId=2;
09/08/2021 09:15:42	Get Local Settings
09/08/2021 09:15:42	Start Change Local Settings
09/08/2021 09:15:42	Change short date format
09/08/2021 09:15:42	Change Long date format
09/08/2021 09:15:42	Finish Change Local Settings
09/08/2021 09:15:42	Registry Read: Path=SOFTWARE\WEHA\Aplikasi\3
09/08/2021 09:15:42	Registry Read/Write
09/08/2021 09:15:42	Registry Read: Path=SOFTWARE\WEHA\Aplikasi\3
09/08/2021 09:15:42	Create DB Object
09/08/2021 09:15:42	Init DB
09/08/2021 09:15:42	Finish Init DB
09/08/2021 09:15:42	Get File Version
09/08/2021 09:15:42	Change  Caption
09/08/2021 09:15:42	Init Shortkey
09/08/2021 09:15:50	Create DB Object
09/08/2021 09:15:50	Init DB
09/08/2021 09:15:50	Finish Init DB
09/08/2021 09:15:51	Update new version check
09/08/2021 09:15:52	Open DB Connection
09/08/2021 09:15:55	SQL :
09/08/2021 09:15:56	Update check version
09/08/2021 09:15:56	Open DB Connection
09/08/2021 09:15:56	SQL :SELECT version FROM wh_application WHERE application_id=(SELECT MAX(application_id) FROM wh_application);
09/08/2021 09:15:56	Start Login
09/08/2021 09:15:56	Open DB Connection
09/08/2021 09:15:56	SQL :EXEC AuthenticateUser 'pramudyono hadi','6f2b8366efa56f0c06dd6b31fcff8a73';
09/08/2021 09:15:56	SQL :INSERT INTO wh_log (user_id,app_date,app_version,app_version_svr,location_id,company_id,department_id,host_name,ip_address)  VALUES ('pramudyono hadi','09/08/2021','6.1.3.11','6.1.3.10',6,2,13,'DESKTOP-S1PD9OD','192.168.25.214');
09/08/2021 09:15:56	Open DB Connection
09/08/2021 09:15:56	SQL :EXEC GetUserMenu 'pramudyono hadi';
09/08/2021 09:15:56	SQL :EXEC GetUserSubMenu 'pramudyono hadi','11';
09/08/2021 09:15:57	SQL :EXEC GetUserTreeMenu 'pramudyono hadi','1101',@CompanyId=2;
09/08/2021 09:15:57	SQL :EXEC GetUserTreeMenu 'pramudyono hadi','1102',@CompanyId=2;
09/08/2021 09:15:57	SQL :EXEC GetUserTreeMenu 'pramudyono hadi','1103',@CompanyId=2;
09/08/2021 09:15:57	SQL :EXEC GetUserTreeMenu 'pramudyono hadi','1104',@CompanyId=2;
09/08/2021 09:15:57	SQL :EXEC GetUserTreeMenu 'pramudyono hadi','1105',@CompanyId=2;
09/08/2021 09:15:57	SQL :EXEC GetUserTreeMenu 'pramudyono hadi','1106',@CompanyId=2;
09/08/2021 09:15:57	SQL :EXEC GetUserTreeMenu 'pramudyono hadi','1107',@CompanyId=2;
09/08/2021 09:15:57	SQL :EXEC GetUserTreeMenu 'pramudyono hadi','1108',@CompanyId=2;
09/08/2021 09:15:57	SQL :EXEC GetUserTreeMenu 'pramudyono hadi','1109',@CompanyId=2;
09/08/2021 09:15:57	SQL :EXEC GetUserTreeMenu 'pramudyono hadi','1110',@CompanyId=2;
09/08/2021 09:15:57	SQL :EXEC GetUserTreeMenu 'pramudyono hadi','1111',@CompanyId=2;
09/08/2021 09:15:57	SQL :EXEC GetUserTreeMenu 'pramudyono hadi','1112',@CompanyId=2;
09/08/2021 09:15:57	SQL :EXEC GetUserTreeMenu 'pramudyono hadi','1113',@CompanyId=2;
09/08/2021 09:15:57	SQL :EXEC GetUserTreeMenu 'pramudyono hadi','1114',@CompanyId=2;
09/08/2021 09:15:57	SQL :EXEC GetUserTreeMenu 'pramudyono hadi','1115',@CompanyId=2;
09/08/2021 09:15:57	SQL :EXEC GetUserTreeMenu 'pramudyono hadi','1116',@CompanyId=2;
09/08/2021 09:15:57	SQL :EXEC GetUserTreeMenu 'pramudyono hadi','1117',@CompanyId=2;
09/08/2021 09:15:57	SQL :EXEC GetUserTreeMenu 'pramudyono hadi','1198',@CompanyId=2;
09/08/2021 09:15:57	SQL :EXEC GetUserTreeMenu 'pramudyono hadi','1199',@CompanyId=2;
09/08/2021 09:15:57	SQL :EXEC GetUserSubMenu 'pramudyono hadi','12';
09/08/2021 09:15:57	SQL :EXEC GetUserTreeMenu 'pramudyono hadi','1201',@CompanyId=2;
09/08/2021 09:15:57	SQL :EXEC GetUserTreeMenu 'pramudyono hadi','1202',@CompanyId=2;
09/08/2021 09:15:57	SQL :EXEC GetUserTreeMenu 'pramudyono hadi','1203',@CompanyId=2;
09/08/2021 09:15:57	SQL :EXEC GetUserTreeMenu 'pramudyono hadi','1204',@CompanyId=2;
09/08/2021 09:15:57	SQL :EXEC GetUserTreeMenu 'pramudyono hadi','1205',@CompanyId=2;
09/08/2021 09:15:57	SQL :EXEC GetUserTreeMenu 'pramudyono hadi','1206',@CompanyId=2;
09/08/2021 09:15:58	SQL :EXEC GetUserTreeMenu 'pramudyono hadi','1207',@CompanyId=2;
09/08/2021 09:15:58	SQL :EXEC GetUserSubMenu 'pramudyono hadi','13';
09/08/2021 09:15:58	SQL :EXEC GetUserTreeMenu 'pramudyono hadi','1301',@CompanyId=2;
09/08/2021 09:15:58	SQL :EXEC GetUserTreeMenu 'pramudyono hadi','1302',@CompanyId=2;
09/08/2021 09:15:58	SQL :EXEC GetUserTreeMenu 'pramudyono hadi','1303',@CompanyId=2;
09/08/2021 09:15:58	SQL :EXEC GetUserTreeMenu 'pramudyono hadi','1304',@CompanyId=2;
09/08/2021 09:15:58	SQL :EXEC GetUserTreeMenu 'pramudyono hadi','1305',@CompanyId=2;
09/08/2021 09:15:58	SQL :EXEC GetUserTreeMenu 'pramudyono hadi','1306',@CompanyId=2;
09/08/2021 09:15:58	SQL :EXEC GetUserTreeMenu 'pramudyono hadi','1307',@CompanyId=2;
09/08/2021 09:15:58	SQL :EXEC GetUserTreeMenu 'pramudyono hadi','1308',@CompanyId=2;
09/08/2021 09:15:58	SQL :EXEC GetUserTreeMenu 'pramudyono hadi','1309',@CompanyId=2;
09/08/2021 09:15:58	SQL :EXEC GetUserTreeMenu 'pramudyono hadi','1310',@CompanyId=2;
09/08/2021 09:15:58	SQL :EXEC GetUserTreeMenu 'pramudyono hadi','1311',@CompanyId=2;
09/08/2021 09:15:58	SQL :EXEC GetUserTreeMenu 'pramudyono hadi','1312',@CompanyId=2;
09/08/2021 09:15:58	SQL :EXEC GetUserTreeMenu 'pramudyono hadi','1313',@CompanyId=2;
09/08/2021 09:15:58	SQL :EXEC GetUserTreeMenu 'pramudyono hadi','1314',@CompanyId=2;
09/08/2021 09:15:58	SQL :EXEC GetUserTreeMenu 'pramudyono hadi','1315',@CompanyId=2;
09/08/2021 09:15:58	SQL :EXEC GetUserTreeMenu 'pramudyono hadi','1316',@CompanyId=2;
09/08/2021 09:15:58	SQL :EXEC GetUserTreeMenu 'pramudyono hadi','1317',@CompanyId=2;
09/08/2021 09:15:58	SQL :EXEC GetUserTreeMenu 'pramudyono hadi','1318',@CompanyId=2;
09/08/2021 09:15:58	SQL :EXEC GetUserTreeMenu 'pramudyono hadi','1319',@CompanyId=2;
09/08/2021 09:15:58	SQL :EXEC GetUserTreeMenu 'pramudyono hadi','1320',@CompanyId=2;
09/08/2021 09:15:58	SQL :EXEC GetUserTreeMenu 'pramudyono hadi','1321',@CompanyId=2;
09/08/2021 09:15:58	SQL :EXEC GetUserSubMenu 'pramudyono hadi','14';
09/08/2021 09:15:58	SQL :EXEC GetUserTreeMenu 'pramudyono hadi','1401',@CompanyId=2;
09/08/2021 09:15:58	SQL :EXEC GetUserTreeMenu 'pramudyono hadi','1402',@CompanyId=2;
09/08/2021 09:15:58	SQL :EXEC GetUserTreeMenu 'pramudyono hadi','1403',@CompanyId=2;
09/08/2021 09:15:58	SQL :EXEC GetUserTreeMenu 'pramudyono hadi','1404',@CompanyId=2;
09/08/2021 09:15:58	SQL :EXEC GetUserTreeMenu 'pramudyono hadi','1406',@CompanyId=2;
09/08/2021 09:15:58	SQL :EXEC GetUserTreeMenu 'pramudyono hadi','1408',@CompanyId=2;
09/08/2021 09:15:58	SQL :EXEC GetUserTreeMenu 'pramudyono hadi','1410',@CompanyId=2;
09/08/2021 09:15:58	SQL :EXEC GetUserTreeMenu 'pramudyono hadi','1411',@CompanyId=2;
09/08/2021 09:15:58	SQL :EXEC GetUserTreeMenu 'pramudyono hadi','1412',@CompanyId=2;
09/08/2021 09:15:58	SQL :EXEC GetUserTreeMenu 'pramudyono hadi','1413',@CompanyId=2;
09/08/2021 09:15:58	SQL :EXEC GetUserTreeMenu 'pramudyono hadi','1414',@CompanyId=2;
09/08/2021 09:15:58	SQL :EXEC GetUserSubMenu 'pramudyono hadi','15';
09/08/2021 09:15:58	SQL :EXEC GetUserTreeMenu 'pramudyono hadi','1501',@CompanyId=2;
09/08/2021 09:15:59	SQL :EXEC GetUserTreeMenu 'pramudyono hadi','1502',@CompanyId=2;
09/08/2021 09:15:59	SQL :EXEC GetUserTreeMenu 'pramudyono hadi','1503',@CompanyId=2;
09/08/2021 09:15:59	SQL :EXEC GetUserTreeMenu 'pramudyono hadi','1504',@CompanyId=2;
09/08/2021 09:15:59	SQL :EXEC GetUserTreeMenu 'pramudyono hadi','1505',@CompanyId=2;
09/08/2021 09:15:59	SQL :EXEC GetUserTreeMenu 'pramudyono hadi','1506',@CompanyId=2;
09/08/2021 09:15:59	SQL :EXEC GetUserTreeMenu 'pramudyono hadi','1507',@CompanyId=2;
09/08/2021 09:15:59	SQL :EXEC GetUserTreeMenu 'pramudyono hadi','1508',@CompanyId=2;
09/08/2021 09:15:59	SQL :EXEC GetUserTreeMenu 'pramudyono hadi','1509',@CompanyId=2;
09/08/2021 09:15:59	SQL :EXEC GetUserTreeMenu 'pramudyono hadi','1510',@CompanyId=2;
09/08/2021 09:15:59	SQL :EXEC GetUserTreeMenu 'pramudyono hadi','1511',@CompanyId=2;
09/08/2021 09:15:59	SQL :EXEC GetUserSubMenu 'pramudyono hadi','16';
09/08/2021 09:15:59	SQL :EXEC GetUserTreeMenu 'pramudyono hadi','1601',@CompanyId=2;
09/08/2021 09:15:59	SQL :EXEC GetUserTreeMenu 'pramudyono hadi','1602',@CompanyId=2;
09/08/2021 09:15:59	SQL :EXEC GetUserTreeMenu 'pramudyono hadi','1603',@CompanyId=2;
09/08/2021 09:15:59	SQL :EXEC GetUserTreeMenu 'pramudyono hadi','1604',@CompanyId=2;
09/08/2021 09:15:59	SQL :EXEC GetUserTreeMenu 'pramudyono hadi','1605',@CompanyId=2;
09/08/2021 09:15:59	SQL :EXEC GetUserTreeMenu 'pramudyono hadi','1606',@CompanyId=2;
09/08/2021 09:15:59	SQL :EXEC GetUserTreeMenu 'pramudyono hadi','1607',@CompanyId=2;
09/08/2021 09:15:59	SQL :EXEC GetUserTreeMenu 'pramudyono hadi','1608',@CompanyId=2;
09/08/2021 09:15:59	SQL :EXEC GetUserTreeMenu 'pramudyono hadi','1609',@CompanyId=2;
09/08/2021 09:15:59	SQL :EXEC GetUserTreeMenu 'pramudyono hadi','1610',@CompanyId=2;
09/08/2021 09:15:59	SQL :EXEC GetUserTreeMenu 'pramudyono hadi','1611',@CompanyId=2;
09/08/2021 09:15:59	SQL :EXEC GetUserTreeMenu 'pramudyono hadi','1612',@CompanyId=2;
09/08/2021 09:15:59	SQL :EXEC GetUserTreeMenu 'pramudyono hadi','1613',@CompanyId=2;
09/08/2021 09:15:59	SQL :EXEC GetUserTreeMenu 'pramudyono hadi','1614',@CompanyId=2;
09/08/2021 09:15:59	SQL :EXEC GetUserTreeMenu 'pramudyono hadi','1615',@CompanyId=2;
09/08/2021 09:15:59	SQL :EXEC GetUserTreeMenu 'pramudyono hadi','1616',@CompanyId=2;
09/08/2021 09:15:59	SQL :EXEC GetUserTreeMenu 'pramudyono hadi','1619',@CompanyId=2;
09/08/2021 09:15:59	SQL :EXEC GetUserTreeMenu 'pramudyono hadi','1620',@CompanyId=2;
09/08/2021 09:15:59	SQL :EXEC GetUserSubMenu 'pramudyono hadi','17';
09/08/2021 09:15:59	SQL :EXEC GetUserTreeMenu 'pramudyono hadi','1701',@CompanyId=2;
09/08/2021 09:15:59	SQL :EXEC GetUserTreeMenu 'pramudyono hadi','1702',@CompanyId=2;
09/08/2021 09:15:59	SQL :EXEC GetUserTreeMenu 'pramudyono hadi','1703',@CompanyId=2;
09/08/2021 09:15:59	SQL :EXEC GetUserTreeMenu 'pramudyono hadi','1704',@CompanyId=2;
09/08/2021 09:15:59	SQL :EXEC GetUserTreeMenu 'pramudyono hadi','1705',@CompanyId=2;
09/08/2021 09:15:59	SQL :EXEC GetUserTreeMenu 'pramudyono hadi','1706',@CompanyId=2;
09/08/2021 09:15:59	SQL :EXEC GetUserTreeMenu 'pramudyono hadi','1707',@CompanyId=2;
09/08/2021 09:16:00	SQL :EXEC GetUserTreeMenu 'pramudyono hadi','1708',@CompanyId=2;
09/08/2021 09:16:00	SQL :EXEC GetUserTreeMenu 'pramudyono hadi','1709',@CompanyId=2;
09/08/2021 09:16:00	SQL :EXEC GetUserTreeMenu 'pramudyono hadi','1710',@CompanyId=2;
09/08/2021 09:16:00	SQL :EXEC GetUserTreeMenu 'pramudyono hadi','1711',@CompanyId=2;
09/08/2021 09:16:00	SQL :EXEC GetUserTreeMenu 'pramudyono hadi','1712',@CompanyId=2;
09/08/2021 09:16:00	SQL :EXEC GetUserTreeMenu 'pramudyono hadi','1713',@CompanyId=2;
09/08/2021 09:16:00	SQL :EXEC GetUserTreeMenu 'pramudyono hadi','1714',@CompanyId=2;
09/08/2021 09:16:00	SQL :EXEC GetUserTreeMenu 'pramudyono hadi','1715',@CompanyId=2;
09/08/2021 09:16:00	SQL :EXEC GetUserTreeMenu 'pramudyono hadi','1716',@CompanyId=2;
09/08/2021 09:16:00	SQL :EXEC GetUserTreeMenu 'pramudyono hadi','1717',@CompanyId=2;
09/08/2021 09:16:00	SQL :EXEC GetUserSubMenu 'pramudyono hadi','18';
09/08/2021 09:16:00	SQL :EXEC GetUserTreeMenu 'pramudyono hadi','1801',@CompanyId=2;
09/08/2021 09:16:00	SQL :EXEC GetUserSubMenu 'pramudyono hadi','19';
09/08/2021 09:16:00	SQL :EXEC GetUserTreeMenu 'pramudyono hadi','1901',@CompanyId=2;
09/08/2021 09:16:00	SQL :EXEC GetUserTreeMenu 'pramudyono hadi','1902',@CompanyId=2;
09/08/2021 09:16:00	SQL :EXEC GetUserTreeMenu 'pramudyono hadi','1903',@CompanyId=2;
09/08/2021 09:16:00	SQL :EXEC GetUserTreeMenu 'pramudyono hadi','1904',@CompanyId=2;
09/08/2021 09:16:00	SQL :EXEC GetUserTreeMenu 'pramudyono hadi','1905',@CompanyId=2;
09/08/2021 09:16:00	SQL :EXEC GetUserTreeMenu 'pramudyono hadi','1906',@CompanyId=2;
09/08/2021 09:16:00	SQL :EXEC GetUserTreeMenu 'pramudyono hadi','1907',@CompanyId=2;
09/08/2021 09:16:00	SQL :EXEC GetUserTreeMenu 'pramudyono hadi','1908',@CompanyId=2;
09/08/2021 09:16:00	SQL :EXEC GetUserTreeMenu 'pramudyono hadi','1909',@CompanyId=2;
09/08/2021 09:16:00	SQL :EXEC GetUserTreeMenu 'pramudyono hadi','1910',@CompanyId=2;
09/08/2021 09:16:00	SQL :EXEC GetUserTreeMenu 'pramudyono hadi','1911',@CompanyId=2;
09/08/2021 09:16:00	SQL :EXEC GetUserTreeMenu 'pramudyono hadi','1912',@CompanyId=2;
09/08/2021 09:16:00	SQL :SELECT CONVERT(VARCHAR(8),GETDATE(),108) AS hour_minute;
09/08/2021 09:16:00	SQL :SELECT CONVERT(VARCHAR(10),GETDATE(),103) AS date_time;
09/08/2021 09:16:01	Loading Setting
09/08/2021 09:16:01	Open DB Connection
09/08/2021 09:16:01	SQL :SELECT * FROM wh_setting WHERE setting_name='Hold_Less_Deposit';
09/08/2021 09:16:01	SQL :SELECT * FROM wh_setting WHERE setting_name='Max_Less_Deposit';
09/08/2021 09:16:01	SQL :SELECT * FROM wh_setting WHERE setting_name='Dashboard_2';
09/08/2021 09:16:01	Finish Logging
09/08/2021 09:16:01	SQL :SELECT value_string FROM wh_setting WHERE (setting_name='Interval_CheckInDate') AND (active=1);
09/08/2021 09:16:01	SQL :SELECT value_string FROM wh_setting WHERE (setting_name='Interval_CheckInTime') AND (active=1);
09/08/2021 09:16:01	SQL :SELECT value_string FROM wh_setting WHERE (setting_name='ChatEnable') and (active=1);
09/08/2021 09:16:01	Message:Port Check
09/08/2021 09:16:02	Message:Open DB Connection
09/08/2021 09:16:02	SQL :EXEC GetMessage '01','pramudyono hadi';
09/08/2021 09:16:02	SQL :SELECT CONVERT(VARCHAR(8),GETDATE(),108) AS hour_minute;
09/08/2021 09:16:02	SQL :SELECT CONVERT(VARCHAR(10),GETDATE(),103) AS date_time;
09/08/2021 09:17:36	Open Menu :190507
09/08/2021 09:17:36	Open DB Connection
09/08/2021 09:17:36	SQL :EXEC AuthMenu 'pramudyono hadi',190507;
09/08/2021 09:17:36	Form Check :BusRunningDaysminiRpt
09/08/2021 09:17:36	Form Open: BusRunningDaysMiniRpt=,0
09/08/2021 09:17:36	Open DB Connection
09/08/2021 09:17:36	SQL :EXEC GetCompanyLocationList
09/08/2021 09:17:36	SQL :EXEC GetUserRDLocationList @UserName='pramudyono hadi' ;
09/08/2021 09:17:36	SQL :EXEC GetGroup 2;
09/08/2021 09:17:36	Open DB Connection
09/08/2021 09:17:38	Open DB Connection
09/08/2021 09:17:38	SQL :SELECT * FROM wh_setting WHERE (setting_name='ServiceBerkala_as_PKB_2') AND (active=1);
09/08/2021 09:17:38	Open DB Connection
09/08/2021 09:17:38	SQL :EXEC GetVhcList 6,@CompanyId=2,@OrderBy='h.vhc_batch_id,seat,license_plate',@ShowBatch=1,@Dates='2021/08/31';
09/08/2021 09:17:39	SQL :EXEC GetRunningDaysDetail 'BS15070005',@FromDate='2021-08-01',@ToDate='2021-08-31', @CompanyId=2;
09/08/2021 09:17:39	SQL :EXEC GetRunningDaysDetail 'BS15100003',@FromDate='2021-08-01',@ToDate='2021-08-31', @CompanyId=2;
09/08/2021 09:17:39	SQL :EXEC GetRunningDaysDetail 'BS15070004',@FromDate='2021-08-01',@ToDate='2021-08-31', @CompanyId=2;
09/08/2021 09:17:40	SQL :EXEC GetRunningDaysDetail 'BU13090145',@FromDate='2021-08-01',@ToDate='2021-08-31', @CompanyId=2;
09/08/2021 09:17:40	SQL :EXEC GetRunningDaysDetail 'BU13090079',@FromDate='2021-08-01',@ToDate='2021-08-31', @CompanyId=2;
09/08/2021 09:17:41	SQL :EXEC GetRunningDaysDetail 'BS14070003',@FromDate='2021-08-01',@ToDate='2021-08-31', @CompanyId=2;
09/08/2021 09:17:42	SQL :EXEC GetRunningDaysDetail 'BU13090081',@FromDate='2021-08-01',@ToDate='2021-08-31', @CompanyId=2;
09/08/2021 09:17:42	SQL :EXEC GetRunningDaysDetail 'GL1218020002',@FromDate='2021-08-01',@ToDate='2021-08-31', @CompanyId=2;
09/08/2021 09:17:43	SQL :EXEC GetRunningDaysDetail 'BS14070001',@FromDate='2021-08-01',@ToDate='2021-08-31', @CompanyId=2;
09/08/2021 09:17:44	SQL :EXEC GetRunningDaysDetail 'BU13090083',@FromDate='2021-08-01',@ToDate='2021-08-31', @CompanyId=2;
09/08/2021 09:17:44	SQL :EXEC GetRunningDaysDetail 'BS14070004',@FromDate='2021-08-01',@ToDate='2021-08-31', @CompanyId=2;
09/08/2021 09:17:44	SQL :EXEC GetRunningDaysDetail 'GL1218020001',@FromDate='2021-08-01',@ToDate='2021-08-31', @CompanyId=2;
09/08/2021 09:17:44	SQL :EXEC GetRunningDaysDetail 'BS15070006',@FromDate='2021-08-01',@ToDate='2021-08-31', @CompanyId=2;
09/08/2021 09:17:45	SQL :EXEC GetRunningDaysDetail 'BU13090086',@FromDate='2021-08-01',@ToDate='2021-08-31', @CompanyId=2;
09/08/2021 09:17:45	SQL :EXEC GetRunningDaysDetail 'BU13090087',@FromDate='2021-08-01',@ToDate='2021-08-31', @CompanyId=2;
09/08/2021 09:17:45	SQL :EXEC GetRunningDaysDetail 'BU13090088',@FromDate='2021-08-01',@ToDate='2021-08-31', @CompanyId=2;
09/08/2021 09:17:46	SQL :EXEC GetRunningDaysDetail 'BU13090089',@FromDate='2021-08-01',@ToDate='2021-08-31', @CompanyId=2;
09/08/2021 09:17:46	SQL :EXEC GetRunningDaysDetail 'BU13090090',@FromDate='2021-08-01',@ToDate='2021-08-31', @CompanyId=2;
09/08/2021 09:17:47	SQL :EXEC GetRunningDaysDetail 'BU13090091',@FromDate='2021-08-01',@ToDate='2021-08-31', @CompanyId=2;
09/08/2021 09:17:47	SQL :EXEC GetRunningDaysDetail 'BU13090093',@FromDate='2021-08-01',@ToDate='2021-08-31', @CompanyId=2;
09/08/2021 09:17:48	SQL :EXEC GetRunningDaysDetail 'BU13090094',@FromDate='2021-08-01',@ToDate='2021-08-31', @CompanyId=2;
09/08/2021 09:17:48	SQL :EXEC GetRunningDaysDetail 'BU13090072',@FromDate='2021-08-01',@ToDate='2021-08-31', @CompanyId=2;
09/08/2021 09:17:49	SQL :EXEC GetRunningDaysDetail 'BS15090014',@FromDate='2021-08-01',@ToDate='2021-08-31', @CompanyId=2;
09/08/2021 09:17:50	SQL :EXEC GetRunningDaysDetail 'BS15090022',@FromDate='2021-08-01',@ToDate='2021-08-31', @CompanyId=2;
09/08/2021 09:17:51	SQL :EXEC GetRunningDaysDetail 'BS220010001',@FromDate='2021-08-01',@ToDate='2021-08-31', @CompanyId=2;
09/08/2021 09:17:51	SQL :EXEC GetRunningDaysDetail 'BS220010002',@FromDate='2021-08-01',@ToDate='2021-08-31', @CompanyId=2;
09/08/2021 09:17:52	SQL :EXEC GetRunningDaysDetail 'BS220010003',@FromDate='2021-08-01',@ToDate='2021-08-31', @CompanyId=2;
09/08/2021 09:17:52	SQL :EXEC GetRunningDaysDetail 'BS220010004',@FromDate='2021-08-01',@ToDate='2021-08-31', @CompanyId=2;
09/08/2021 09:17:52	SQL :EXEC GetRunningDaysDetail 'BS220010005',@FromDate='2021-08-01',@ToDate='2021-08-31', @CompanyId=2;
09/08/2021 09:17:52	SQL :EXEC GetRunningDaysDetail 'BU13090054',@FromDate='2021-08-01',@ToDate='2021-08-31', @CompanyId=2;
09/08/2021 09:17:53	SQL :EXEC GetRunningDaysDetail 'BU13090057',@FromDate='2021-08-01',@ToDate='2021-08-31', @CompanyId=2;
09/08/2021 09:17:54	SQL :EXEC GetRunningDaysDetail 'BS14050001',@FromDate='2021-08-01',@ToDate='2021-08-31', @CompanyId=2;
09/08/2021 09:17:54	SQL :EXEC GetRunningDaysDetail 'BU13090044',@FromDate='2021-08-01',@ToDate='2021-08-31', @CompanyId=2;
09/08/2021 09:17:55	SQL :EXEC GetRunningDaysDetail 'BU13090046',@FromDate='2021-08-01',@ToDate='2021-08-31', @CompanyId=2;
09/08/2021 09:17:56	SQL :EXEC GetRunningDaysDetail 'BU13090047',@FromDate='2021-08-01',@ToDate='2021-08-31', @CompanyId=2;
09/08/2021 09:17:56	SQL :EXEC GetRunningDaysDetail 'BU13090048',@FromDate='2021-08-01',@ToDate='2021-08-31', @CompanyId=2;
09/08/2021 09:17:56	SQL :EXEC GetRunningDaysDetail 'BU13090051',@FromDate='2021-08-01',@ToDate='2021-08-31', @CompanyId=2;
09/08/2021 09:17:57	SQL :EXEC GetRunningDaysDetail 'BU13090056',@FromDate='2021-08-01',@ToDate='2021-08-31', @CompanyId=2;
09/08/2021 09:17:57	SQL :EXEC GetRunningDaysDetail 'BS14050005',@FromDate='2021-08-01',@ToDate='2021-08-31', @CompanyId=2;
09/08/2021 09:17:58	SQL :EXEC GetRunningDaysDetail 'BS14050002',@FromDate='2021-08-01',@ToDate='2021-08-31', @CompanyId=2;
09/08/2021 09:17:59	SQL :EXEC GetRunningDaysDetail 'BS14050003',@FromDate='2021-08-01',@ToDate='2021-08-31', @CompanyId=2;
09/08/2021 09:18:00	SQL :EXEC GetRunningDaysDetail 'BS14050004',@FromDate='2021-08-01',@ToDate='2021-08-31', @CompanyId=2;
09/08/2021 09:18:01	SQL :EXEC GetRunningDaysDetail 'BS14050008',@FromDate='2021-08-01',@ToDate='2021-08-31', @CompanyId=2;
09/08/2021 09:18:01	SQL :EXEC GetRunningDaysDetail 'BS14050006',@FromDate='2021-08-01',@ToDate='2021-08-31', @CompanyId=2;
09/08/2021 09:18:03	SQL :EXEC GetRunningDaysDetail 'BS14110001',@FromDate='2021-08-01',@ToDate='2021-08-31', @CompanyId=2;
09/08/2021 09:18:03	SQL :EXEC GetRunningDaysDetail 'BS14110002',@FromDate='2021-08-01',@ToDate='2021-08-31', @CompanyId=2;
09/08/2021 09:18:04	SQL :EXEC GetRunningDaysDetail 'BS17100020',@FromDate='2021-08-01',@ToDate='2021-08-31', @CompanyId=2;
09/08/2021 09:18:04	SQL :EXEC GetRunningDaysDetail 'BS216050001',@FromDate='2021-08-01',@ToDate='2021-08-31', @CompanyId=2;
09/08/2021 09:18:06	SQL :EXEC GetRunningDaysDetail 'BS216050002',@FromDate='2021-08-01',@ToDate='2021-08-31', @CompanyId=2;
09/08/2021 09:18:07	SQL :EXEC GetRunningDaysDetail 'BS17100017',@FromDate='2021-08-01',@ToDate='2021-08-31', @CompanyId=2;
09/08/2021 09:18:08	SQL :EXEC GetRunningDaysDetail 'BS17100016',@FromDate='2021-08-01',@ToDate='2021-08-31', @CompanyId=2;
09/08/2021 09:18:09	SQL :EXEC GetRunningDaysDetail 'BS1118070003',@FromDate='2021-08-01',@ToDate='2021-08-31', @CompanyId=2;
09/08/2021 09:18:09	SQL :EXEC GetRunningDaysDetail 'BS918060001',@FromDate='2021-08-01',@ToDate='2021-08-31', @CompanyId=2;
09/08/2021 09:18:10	SQL :EXEC GetRunningDaysDetail 'BS218050002',@FromDate='2021-08-01',@ToDate='2021-08-31', @CompanyId=2;
09/08/2021 09:18:11	SQL :EXEC GetRunningDaysDetail 'BS218050001',@FromDate='2021-08-01',@ToDate='2021-08-31', @CompanyId=2;
09/08/2021 09:18:12	SQL :EXEC GetRunningDaysDetail 'BS218090002',@FromDate='2021-08-01',@ToDate='2021-08-31', @CompanyId=2;
09/08/2021 09:18:12	SQL :EXEC GetRunningDaysDetail 'BS218090003',@FromDate='2021-08-01',@ToDate='2021-08-31', @CompanyId=2;
09/08/2021 09:18:13	SQL :EXEC GetRunningDaysDetail 'BS218110003',@FromDate='2021-08-01',@ToDate='2021-08-31', @CompanyId=2;
09/08/2021 09:18:14	SQL :EXEC GetRunningDaysDetail 'BS218110001',@FromDate='2021-08-01',@ToDate='2021-08-31', @CompanyId=2;
09/08/2021 09:18:14	SQL :EXEC GetRunningDaysDetail 'BS217010007',@FromDate='2021-08-01',@ToDate='2021-08-31', @CompanyId=2;
09/08/2021 09:18:16	SQL :EXEC GetRunningDaysDetail 'BS217020001',@FromDate='2021-08-01',@ToDate='2021-08-31', @CompanyId=2;
09/08/2021 09:18:18	SQL :EXEC GetRunningDaysDetail 'BS217020002',@FromDate='2021-08-01',@ToDate='2021-08-31', @CompanyId=2;
09/08/2021 09:18:20	SQL :EXEC GetRunningDaysDetail 'BS217060004',@FromDate='2021-08-01',@ToDate='2021-08-31', @CompanyId=2;
09/08/2021 09:18:22	SQL :EXEC GetRunningDaysDetail 'BS217060003',@FromDate='2021-08-01',@ToDate='2021-08-31', @CompanyId=2;
09/08/2021 09:18:24	SQL :EXEC GetRunningDaysDetail 'BS917080001',@FromDate='2021-08-01',@ToDate='2021-08-31', @CompanyId=2;
09/08/2021 09:18:26	SQL :EXEC GetRunningDaysDetail 'BS917080002',@FromDate='2021-08-01',@ToDate='2021-08-31', @CompanyId=2;
09/08/2021 09:18:29	SQL :EXEC GetRunningDaysDetail 'BS218070003',@FromDate='2021-08-01',@ToDate='2021-08-31', @CompanyId=2;
09/08/2021 09:18:30	SQL :EXEC GetRunningDaysDetail 'BS218070001',@FromDate='2021-08-01',@ToDate='2021-08-31', @CompanyId=2;
09/08/2021 09:18:34	SQL :EXEC GetRunningDaysDetail 'BS218070004',@FromDate='2021-08-01',@ToDate='2021-08-31', @CompanyId=2;
09/08/2021 09:18:36	SQL :EXEC GetRunningDaysDetail 'BS219100004',@FromDate='2021-08-01',@ToDate='2021-08-31', @CompanyId=2;
09/08/2021 09:18:37	SQL :EXEC GetRunningDaysDetail 'BS219100003',@FromDate='2021-08-01',@ToDate='2021-08-31', @CompanyId=2;
09/08/2021 09:18:38	SQL :EXEC GetRunningDaysDetail 'BS217010001',@FromDate='2021-08-01',@ToDate='2021-08-31', @CompanyId=2;
09/08/2021 09:18:39	SQL :EXEC GetRunningDaysDetail 'BS217010002',@FromDate='2021-08-01',@ToDate='2021-08-31', @CompanyId=2;
09/08/2021 09:18:39	SQL :EXEC GetRunningDaysDetail 'BS218090001',@FromDate='2021-08-01',@ToDate='2021-08-31', @CompanyId=2;
09/08/2021 09:18:40	SQL :EXEC GetRunningDaysDetail 'BS217080003',@FromDate='2021-08-01',@ToDate='2021-08-31', @CompanyId=2;
09/08/2021 09:18:40	SQL :EXEC GetRunningDaysDetail 'BS217080004',@FromDate='2021-08-01',@ToDate='2021-08-31', @CompanyId=2;
09/08/2021 09:18:40	SQL :EXEC GetRunningDaysDetail 'BS217080006',@FromDate='2021-08-01',@ToDate='2021-08-31', @CompanyId=2;
09/08/2021 09:18:41	SQL :EXEC GetRunningDaysDetail 'BS1218020001',@FromDate='2021-08-01',@ToDate='2021-08-31', @CompanyId=2;
09/08/2021 09:18:41	SQL :EXEC GetRunningDaysDetail 'BS218050003',@FromDate='2021-08-01',@ToDate='2021-08-31', @CompanyId=2;
09/08/2021 09:18:42	SQL :EXEC GetRunningDaysDetail 'BS217080001',@FromDate='2021-08-01',@ToDate='2021-08-31', @CompanyId=2;
09/08/2021 09:18:42	SQL :EXEC GetRunningDaysDetail 'BS217080002',@FromDate='2021-08-01',@ToDate='2021-08-31', @CompanyId=2;
09/08/2021 09:18:43	SQL :EXEC GetRunningDaysDetail 'BS217020006',@FromDate='2021-08-01',@ToDate='2021-08-31', @CompanyId=2;
09/08/2021 09:18:43	SQL :EXEC GetRunningDaysDetail 'BS220100001',@FromDate='2021-08-01',@ToDate='2021-08-31', @CompanyId=2;
09/08/2021 09:18:43	SQL :EXEC GetRunningDaysDetail 'BS219090002',@FromDate='2021-08-01',@ToDate='2021-08-31', @CompanyId=2;
09/08/2021 09:18:44	SQL :EXEC GetRunningDaysDetail 'BS221040001',@FromDate='2021-08-01',@ToDate='2021-08-31', @CompanyId=2;
09/08/2021 09:18:44	SQL :EXEC GetRunningDaysDetail 'BS221040002',@FromDate='2021-08-01',@ToDate='2021-08-31', @CompanyId=2;
09/08/2021 09:18:44	SQL :EXEC GetRunningDaysDetail 'BS220110001',@FromDate='2021-08-01',@ToDate='2021-08-31', @CompanyId=2;
09/08/2021 09:18:44	SQL :EXEC GetRunningDaysDetail 'BS220110004',@FromDate='2021-08-01',@ToDate='2021-08-31', @CompanyId=2;
09/08/2021 09:18:45	SQL :EXEC GetRunningDaysDetail 'BS220110005',@FromDate='2021-08-01',@ToDate='2021-08-31', @CompanyId=2;
09/08/2021 09:18:45	SQL :EXEC GetRunningDaysDetail 'BS1118070005',@FromDate='2021-08-01',@ToDate='2021-08-31', @CompanyId=2;
09/08/2021 09:18:46	SQL :EXEC GetRunningDaysDetail 'BS221060001',@FromDate='2021-08-01',@ToDate='2021-08-31', @CompanyId=2;
09/08/2021 09:18:47	SQL :EXEC GetRunningDaysDetail 'BS221010001',@FromDate='2021-08-01',@ToDate='2021-08-31', @CompanyId=2;
09/08/2021 09:18:47	SQL :EXEC GetRunningDaysDetail 'BS221010002',@FromDate='2021-08-01',@ToDate='2021-08-31', @CompanyId=2;
09/08/2021 09:18:47	SQL :EXEC GetRunningDaysDetail 'BS221060004',@FromDate='2021-08-01',@ToDate='2021-08-31', @CompanyId=2;
09/08/2021 09:18:47	SQL :EXEC GetRunningDaysDetail 'BS221020002',@FromDate='2021-08-01',@ToDate='2021-08-31', @CompanyId=2;
09/08/2021 09:18:49	SQL :EXEC GetRunningDaysDetail 'BS221070008',@FromDate='2021-08-01',@ToDate='2021-08-31', @CompanyId=2;
09/08/2021 09:18:50	SQL :EXEC GetRunningDaysDetail 'BS221070009',@FromDate='2021-08-01',@ToDate='2021-08-31', @CompanyId=2;
09/08/2021 09:18:52	SQL :EXEC GetRunningDaysDetail 'BS221020001',@FromDate='2021-08-01',@ToDate='2021-08-31', @CompanyId=2;
09/08/2021 09:18:52	SQL :EXEC GetRunningDaysDetail 'BS221070072',@FromDate='2021-08-01',@ToDate='2021-08-31', @CompanyId=2;
09/08/2021 09:18:53	SQL :EXEC GetRunningDaysDetail 'BS220080001',@FromDate='2021-08-01',@ToDate='2021-08-31', @CompanyId=2;
09/08/2021 09:18:54	SQL :EXEC GetRunningDaysDetail 'BS220080003',@FromDate='2021-08-01',@ToDate='2021-08-31', @CompanyId=2;
09/08/2021 09:18:54	SQL :EXEC GetRunningDaysDetail 'BS220080004',@FromDate='2021-08-01',@ToDate='2021-08-31', @CompanyId=2;
09/08/2021 09:18:55	SQL :EXEC GetRunningDaysDetail 'BS220080005',@FromDate='2021-08-01',@ToDate='2021-08-31', @CompanyId=2;
09/08/2021 09:18:57	SQL :EXEC GetRunningDaysDetail 'BS220070002',@FromDate='2021-08-01',@ToDate='2021-08-31', @CompanyId=2;
09/08/2021 09:18:57	SQL :EXEC GetRunningDaysDetail 'BS220070001',@FromDate='2021-08-01',@ToDate='2021-08-31', @CompanyId=2;
09/08/2021 09:18:58	SQL :EXEC GetRunningDaysDetail 'BS221060002',@FromDate='2021-08-01',@ToDate='2021-08-31', @CompanyId=2;
09/08/2021 09:18:58	SQL :EXEC GetRunningDaysDetail 'BS220110002',@FromDate='2021-08-01',@ToDate='2021-08-31', @CompanyId=2;
09/08/2021 09:18:59	SQL :EXEC GetRunningDaysDetail 'BS220110003',@FromDate='2021-08-01',@ToDate='2021-08-31', @CompanyId=2;
09/08/2021 09:19:00	SQL :EXEC GetRunningDaysDetail 'BS221020003',@FromDate='2021-08-01',@ToDate='2021-08-31', @CompanyId=2;
09/08/2021 09:19:01	SQL :EXEC GetRunningDaysDetail 'BS221020004',@FromDate='2021-08-01',@ToDate='2021-08-31', @CompanyId=2;
09/08/2021 09:19:01	SQL :EXEC GetRunningDaysDetail 'BS220010006',@FromDate='2021-08-01',@ToDate='2021-08-31', @CompanyId=2;
09/08/2021 09:19:02	SQL :EXEC GetRunningDaysDetail 'BS221080002',@FromDate='2021-08-01',@ToDate='2021-08-31', @CompanyId=2;
09/08/2021 09:19:02	SQL :EXEC GetRunningDaysDetail 'BS221080001',@FromDate='2021-08-01',@ToDate='2021-08-31', @CompanyId=2;
09/08/2021 09:19:02	SQL :EXEC GetRunningDaysDetail 'BS221070074',@FromDate='2021-08-01',@ToDate='2021-08-31', @CompanyId=2;
09/08/2021 09:19:03	SQL :EXEC GetRunningDaysDetail 'BS221070073',@FromDate='2021-08-01',@ToDate='2021-08-31', @CompanyId=2;
09/08/2021 09:19:04	SQL :EXEC GetRunningDaysDetail 'BS218050004',@FromDate='2021-08-01',@ToDate='2021-08-31', @CompanyId=2;
09/08/2021 09:19:04	SQL :EXEC GetRunningDaysDetail 'BS218070005',@FromDate='2021-08-01',@ToDate='2021-08-31', @CompanyId=2;
09/08/2021 09:19:05	SQL :EXEC GetRunningDaysDetail 'BS221040003',@FromDate='2021-08-01',@ToDate='2021-08-31', @CompanyId=2;
09/08/2021 09:19:05	SQL :EXEC GetRunningDaysDetail 'BS218070007',@FromDate='2021-08-01',@ToDate='2021-08-31', @CompanyId=2;
09/08/2021 09:19:06	SQL :EXEC GetRunningDaysDetail 'BS218070006',@FromDate='2021-08-01',@ToDate='2021-08-31', @CompanyId=2;
09/08/2021 09:19:06	SQL :EXEC GetRunningDaysDetail 'BS219090001',@FromDate='2021-08-01',@ToDate='2021-08-31', @CompanyId=2;
09/08/2021 09:19:07	SQL :EXEC GetRunningDaysDetail 'BS219110001',@FromDate='2021-08-01',@ToDate='2021-08-31', @CompanyId=2;
09/08/2021 09:19:08	SQL :EXEC GetRunningDaysDetail 'BU13090043',@FromDate='2021-08-01',@ToDate='2021-08-31', @CompanyId=2;
09/08/2021 09:19:09	SQL :EXEC GetRunningDaysDetail 'BS14050007',@FromDate='2021-08-01',@ToDate='2021-08-31', @CompanyId=2;
09/08/2021 09:19:11	SQL :EXEC GetRunningDaysDetail 'BU13090049',@FromDate='2021-08-01',@ToDate='2021-08-31', @CompanyId=2;
09/08/2021 09:19:12	SQL :EXEC GetRunningDaysDetail 'BS221060003',@FromDate='2021-08-01',@ToDate='2021-08-31', @CompanyId=2;
09/08/2021 09:19:13	SQL :EXEC GetRunningDaysDetail 'BS221070042',@FromDate='2021-08-01',@ToDate='2021-08-31', @CompanyId=2;
09/08/2021 09:19:14	SQL :EXEC GetRunningDaysDetail 'BS221070043',@FromDate='2021-08-01',@ToDate='2021-08-31', @CompanyId=2;
09/08/2021 09:19:14	SQL :EXEC GetRunningDaysDetail 'BS221070046',@FromDate='2021-08-01',@ToDate='2021-08-31', @CompanyId=2;
09/08/2021 09:19:14	SQL :EXEC GetRunningDaysDetail 'BS221070047',@FromDate='2021-08-01',@ToDate='2021-08-31', @CompanyId=2;
09/08/2021 09:19:14	SQL :EXEC GetRunningDaysDetail 'BS221070048',@FromDate='2021-08-01',@ToDate='2021-08-31', @CompanyId=2;
09/08/2021 09:19:14	SQL :EXEC GetRunningDaysDetail 'BS221070049',@FromDate='2021-08-01',@ToDate='2021-08-31', @CompanyId=2;
09/08/2021 09:19:15	SQL :EXEC GetRunningDaysDetail 'BS221070044',@FromDate='2021-08-01',@ToDate='2021-08-31', @CompanyId=2;
09/08/2021 09:19:15	SQL :EXEC GetRunningDaysDetail 'BS221070050',@FromDate='2021-08-01',@ToDate='2021-08-31', @CompanyId=2;
09/08/2021 09:19:15	SQL :EXEC GetRunningDaysDetail 'BS221070051',@FromDate='2021-08-01',@ToDate='2021-08-31', @CompanyId=2;
09/08/2021 09:19:15	SQL :EXEC GetRunningDaysDetail 'BS221070052',@FromDate='2021-08-01',@ToDate='2021-08-31', @CompanyId=2;
09/08/2021 09:19:15	SQL :EXEC GetRunningDaysDetail 'BS221070053',@FromDate='2021-08-01',@ToDate='2021-08-31', @CompanyId=2;
09/08/2021 09:19:16	SQL :EXEC GetRunningDaysDetail 'BS221070054',@FromDate='2021-08-01',@ToDate='2021-08-31', @CompanyId=2;
09/08/2021 09:19:16	SQL :EXEC GetRunningDaysDetail 'BS221070055',@FromDate='2021-08-01',@ToDate='2021-08-31', @CompanyId=2;
09/08/2021 09:19:16	SQL :EXEC GetRunningDaysDetail 'BS221070056',@FromDate='2021-08-01',@ToDate='2021-08-31', @CompanyId=2;
09/08/2021 09:19:16	SQL :EXEC GetRunningDaysDetail 'BS221070057',@FromDate='2021-08-01',@ToDate='2021-08-31', @CompanyId=2;
09/08/2021 09:19:17	SQL :EXEC GetRunningDaysDetail 'BS221070058',@FromDate='2021-08-01',@ToDate='2021-08-31', @CompanyId=2;
09/08/2021 09:19:17	SQL :EXEC GetRunningDaysDetail 'BS221070045',@FromDate='2021-08-01',@ToDate='2021-08-31', @CompanyId=2;
09/08/2021 09:19:17	SQL :EXEC GetRunningDaysDetail 'BS221070006',@FromDate='2021-08-01',@ToDate='2021-08-31', @CompanyId=2;
09/08/2021 09:19:17	SQL :EXEC GetRunningDaysDetail 'BS221070026',@FromDate='2021-08-01',@ToDate='2021-08-31', @CompanyId=2;
09/08/2021 09:19:18	SQL :EXEC GetRunningDaysDetail 'BS221070027',@FromDate='2021-08-01',@ToDate='2021-08-31', @CompanyId=2;
09/08/2021 09:19:18	SQL :EXEC GetRunningDaysDetail 'BS221070028',@FromDate='2021-08-01',@ToDate='2021-08-31', @CompanyId=2;
09/08/2021 09:19:18	SQL :EXEC GetRunningDaysDetail 'BS221070029',@FromDate='2021-08-01',@ToDate='2021-08-31', @CompanyId=2;
09/08/2021 09:19:18	SQL :EXEC GetRunningDaysDetail 'BS221070030',@FromDate='2021-08-01',@ToDate='2021-08-31', @CompanyId=2;
09/08/2021 09:19:18	SQL :EXEC GetRunningDaysDetail 'BS221070031',@FromDate='2021-08-01',@ToDate='2021-08-31', @CompanyId=2;
09/08/2021 09:19:19	SQL :EXEC GetRunningDaysDetail 'BS221070032',@FromDate='2021-08-01',@ToDate='2021-08-31', @CompanyId=2;
09/08/2021 09:19:19	SQL :EXEC GetRunningDaysDetail 'BS221070033',@FromDate='2021-08-01',@ToDate='2021-08-31', @CompanyId=2;
09/08/2021 09:19:19	SQL :EXEC GetRunningDaysDetail 'BS221070034',@FromDate='2021-08-01',@ToDate='2021-08-31', @CompanyId=2;
09/08/2021 09:19:19	SQL :EXEC GetRunningDaysDetail 'BS221070035',@FromDate='2021-08-01',@ToDate='2021-08-31', @CompanyId=2;
09/08/2021 09:19:19	SQL :EXEC GetRunningDaysDetail 'BS221070036',@FromDate='2021-08-01',@ToDate='2021-08-31', @CompanyId=2;
09/08/2021 09:19:20	SQL :EXEC GetRunningDaysDetail 'BS221070037',@FromDate='2021-08-01',@ToDate='2021-08-31', @CompanyId=2;
09/08/2021 09:19:20	SQL :EXEC GetRunningDaysDetail 'BS221070038',@FromDate='2021-08-01',@ToDate='2021-08-31', @CompanyId=2;
09/08/2021 09:19:20	SQL :EXEC GetRunningDaysDetail 'BS221070039',@FromDate='2021-08-01',@ToDate='2021-08-31', @CompanyId=2;
09/08/2021 09:19:20	SQL :EXEC GetRunningDaysDetail 'BS221070040',@FromDate='2021-08-01',@ToDate='2021-08-31', @CompanyId=2;
09/08/2021 09:19:21	SQL :EXEC GetRunningDaysDetail 'BS221070059',@FromDate='2021-08-01',@ToDate='2021-08-31', @CompanyId=2;
09/08/2021 09:19:21	SQL :EXEC GetRunningDaysDetail 'BS221070014',@FromDate='2021-08-01',@ToDate='2021-08-31', @CompanyId=2;
09/08/2021 09:19:21	SQL :EXEC GetRunningDaysDetail 'BS221070015',@FromDate='2021-08-01',@ToDate='2021-08-31', @CompanyId=2;
09/08/2021 09:19:21	SQL :EXEC GetRunningDaysDetail 'BS221070001',@FromDate='2021-08-01',@ToDate='2021-08-31', @CompanyId=2;
09/08/2021 09:19:21	SQL :EXEC GetRunningDaysDetail 'BS221070002',@FromDate='2021-08-01',@ToDate='2021-08-31', @CompanyId=2;
09/08/2021 09:19:22	SQL :EXEC GetRunningDaysDetail 'BS221070003',@FromDate='2021-08-01',@ToDate='2021-08-31', @CompanyId=2;
09/08/2021 09:19:22	SQL :EXEC GetRunningDaysDetail 'BS221070004',@FromDate='2021-08-01',@ToDate='2021-08-31', @CompanyId=2;
09/08/2021 09:19:22	SQL :EXEC GetRunningDaysDetail 'BS221070005',@FromDate='2021-08-01',@ToDate='2021-08-31', @CompanyId=2;
09/08/2021 09:19:22	SQL :EXEC GetRunningDaysDetail 'BS221070007',@FromDate='2021-08-01',@ToDate='2021-08-31', @CompanyId=2;
09/08/2021 09:19:22	SQL :EXEC GetRunningDaysDetail 'BS221070010',@FromDate='2021-08-01',@ToDate='2021-08-31', @CompanyId=2;
09/08/2021 09:19:23	SQL :EXEC GetRunningDaysDetail 'BS221070011',@FromDate='2021-08-01',@ToDate='2021-08-31', @CompanyId=2;
09/08/2021 09:19:23	SQL :EXEC GetRunningDaysDetail 'BS221070012',@FromDate='2021-08-01',@ToDate='2021-08-31', @CompanyId=2;
09/08/2021 09:19:23	SQL :EXEC GetRunningDaysDetail 'BS221070013',@FromDate='2021-08-01',@ToDate='2021-08-31', @CompanyId=2;
09/08/2021 09:19:23	SQL :EXEC GetRunningDaysDetail 'BS221070016',@FromDate='2021-08-01',@ToDate='2021-08-31', @CompanyId=2;
09/08/2021 09:19:23	SQL :EXEC GetRunningDaysDetail 'BS221070017',@FromDate='2021-08-01',@ToDate='2021-08-31', @CompanyId=2;
09/08/2021 09:19:24	SQL :EXEC GetRunningDaysDetail 'BS221070018',@FromDate='2021-08-01',@ToDate='2021-08-31', @CompanyId=2;
09/08/2021 09:19:24	SQL :EXEC GetRunningDaysDetail 'BS221070019',@FromDate='2021-08-01',@ToDate='2021-08-31', @CompanyId=2;
09/08/2021 09:19:24	SQL :EXEC GetRunningDaysDetail 'BS221070020',@FromDate='2021-08-01',@ToDate='2021-08-31', @CompanyId=2;
09/08/2021 09:19:24	SQL :EXEC GetRunningDaysDetail 'BS221070021',@FromDate='2021-08-01',@ToDate='2021-08-31', @CompanyId=2;
09/08/2021 09:19:24	SQL :EXEC GetRunningDaysDetail 'BS221070022',@FromDate='2021-08-01',@ToDate='2021-08-31', @CompanyId=2;
09/08/2021 09:19:25	SQL :EXEC GetRunningDaysDetail 'BS221070023',@FromDate='2021-08-01',@ToDate='2021-08-31', @CompanyId=2;
09/08/2021 09:19:25	SQL :EXEC GetRunningDaysDetail 'BS221070024',@FromDate='2021-08-01',@ToDate='2021-08-31', @CompanyId=2;
09/08/2021 09:19:25	SQL :EXEC GetRunningDaysDetail 'BS221070025',@FromDate='2021-08-01',@ToDate='2021-08-31', @CompanyId=2;
09/08/2021 09:19:25	SQL :EXEC GetRunningDaysDetail 'BS221070063',@FromDate='2021-08-01',@ToDate='2021-08-31', @CompanyId=2;
09/08/2021 09:19:26	SQL :EXEC GetRunningDaysDetail 'BS221070064',@FromDate='2021-08-01',@ToDate='2021-08-31', @CompanyId=2;
09/08/2021 09:19:27	SQL :EXEC GetRunningDaysDetail 'BS221070069',@FromDate='2021-08-01',@ToDate='2021-08-31', @CompanyId=2;
09/08/2021 09:19:28	SQL :EXEC GetRunningDaysDetail 'BS221070070',@FromDate='2021-08-01',@ToDate='2021-08-31', @CompanyId=2;
09/08/2021 09:19:29	SQL :EXEC GetRunningDaysDetail 'BS221070066',@FromDate='2021-08-01',@ToDate='2021-08-31', @CompanyId=2;
09/08/2021 09:19:30	SQL :EXEC GetRunningDaysDetail 'BS221070067',@FromDate='2021-08-01',@ToDate='2021-08-31', @CompanyId=2;
09/08/2021 09:19:31	SQL :EXEC GetRunningDaysDetail 'BS221070065',@FromDate='2021-08-01',@ToDate='2021-08-31', @CompanyId=2;
09/08/2021 09:19:32	SQL :EXEC GetRunningDaysDetail 'BS221070060',@FromDate='2021-08-01',@ToDate='2021-08-31', @CompanyId=2;
09/08/2021 09:19:33	SQL :EXEC GetRunningDaysDetail 'BS220080008',@FromDate='2021-08-01',@ToDate='2021-08-31', @CompanyId=2;
09/08/2021 09:19:34	SQL :EXEC GetRunningDaysDetail 'BS220080009',@FromDate='2021-08-01',@ToDate='2021-08-31', @CompanyId=2;
09/08/2021 09:19:35	SQL :EXEC GetRunningDaysDetail 'BS221070061',@FromDate='2021-08-01',@ToDate='2021-08-31', @CompanyId=2;
09/08/2021 09:19:37	SQL :EXEC GetRunningDaysDetail 'BS221070041',@FromDate='2021-08-01',@ToDate='2021-08-31', @CompanyId=2;
09/08/2021 09:19:38	SQL :EXEC GetRunningDaysDetail 'BS220080007',@FromDate='2021-08-01',@ToDate='2021-08-31', @CompanyId=2;
09/08/2021 09:19:39	SQL :EXEC GetRunningDaysDetail 'BS220080006',@FromDate='2021-08-01',@ToDate='2021-08-31', @CompanyId=2;
09/08/2021 09:19:39	SQL :EXEC GetRunningDaysDetail 'BS220080010',@FromDate='2021-08-01',@ToDate='2021-08-31', @CompanyId=2;
09/08/2021 09:19:40	SQL :EXEC GetRunningDaysDetail 'BS221070068',@FromDate='2021-08-01',@ToDate='2021-08-31', @CompanyId=2;
09/08/2021 09:19:41	SQL :EXEC GetRunningDaysDetail 'BS221070071',@FromDate='2021-08-01',@ToDate='2021-08-31', @CompanyId=2;
09/08/2021 09:19:42	SQL :EXEC GetRunningDaysDetail 'BS221070062',@FromDate='2021-08-01',@ToDate='2021-08-31', @CompanyId=2;
09/08/2021 09:19:43	SQL :EXEC GetRunningDaysDetail 'BU00000001',@FromDate='2021-08-01',@ToDate='2021-08-31', @CompanyId=2;
09/08/2021 09:19:44	Open DB Connection
09/08/2021 09:19:44	SQL :SELECT value FROM wh_dashboard WHERE (name='persen_utilisasi')AND(company_id=2)AND(location_id=6)AND(month=8)AND(year=2021);
09/08/2021 09:19:45	SQL :UPDATE wh_dashboard SET value='16 %',update_time=GETDATE(),update_user='pramudyono hadi' WHERE (name='persen_utilisasi')AND(company_id=2)AND(location_id=6)AND(month=8) AND (year=2021);
09/08/2021 09:36:22	Get Local Settings
09/08/2021 09:36:22	Start Change Local Settings
09/08/2021 09:36:22	Change short date format
09/08/2021 09:36:22	Change Long date format
09/08/2021 09:36:22	Finish Change Local Settings
09/08/2021 09:36:22	Registry Read: Path=SOFTWARE\WEHA\Aplikasi\3
09/08/2021 09:36:22	Registry Read/Write
09/08/2021 09:36:22	Registry Read: Path=SOFTWARE\WEHA\Aplikasi\3
09/08/2021 09:36:22	Create DB Object
09/08/2021 09:36:23	Init DB
09/08/2021 09:36:23	Finish Init DB
09/08/2021 09:36:23	Get File Version
09/08/2021 09:36:23	Change  Caption
09/08/2021 09:36:23	Init Shortkey
09/08/2021 09:36:25	Create DB Object
09/08/2021 09:36:25	Init DB
09/08/2021 09:36:25	Finish Init DB
09/08/2021 09:36:27	Update new version check
09/08/2021 09:36:27	Open DB Connection
09/08/2021 09:36:31	SQL :
09/08/2021 09:36:32	Update check version
09/08/2021 09:36:32	Open DB Connection
09/08/2021 09:36:32	SQL :SELECT version FROM wh_application WHERE application_id=(SELECT MAX(application_id) FROM wh_application);
09/08/2021 09:36:32	Start Login
09/08/2021 09:36:32	Open DB Connection
09/08/2021 09:36:32	SQL :EXEC AuthenticateUser 'pramudyono hadi','6f2b8366efa56f0c06dd6b31fcff8a73';
09/08/2021 09:36:33	SQL :INSERT INTO wh_log (user_id,app_date,app_version,app_version_svr,location_id,company_id,department_id,host_name,ip_address)  VALUES ('pramudyono hadi','09/08/2021','6.1.3.11','6.1.3.10',6,2,13,'DESKTOP-S1PD9OD','192.168.25.214');
09/08/2021 09:36:33	Open DB Connection
09/08/2021 09:36:33	SQL :EXEC GetUserMenu 'pramudyono hadi';
09/08/2021 09:36:33	SQL :EXEC GetUserSubMenu 'pramudyono hadi','11';
09/08/2021 09:36:33	SQL :EXEC GetUserTreeMenu 'pramudyono hadi','1101',@CompanyId=2;
09/08/2021 09:36:33	SQL :EXEC GetUserTreeMenu 'pramudyono hadi','1102',@CompanyId=2;
09/08/2021 09:36:33	SQL :EXEC GetUserTreeMenu 'pramudyono hadi','1103',@CompanyId=2;
09/08/2021 09:36:33	SQL :EXEC GetUserTreeMenu 'pramudyono hadi','1104',@CompanyId=2;
09/08/2021 09:36:33	SQL :EXEC GetUserTreeMenu 'pramudyono hadi','1105',@CompanyId=2;
09/08/2021 09:36:33	SQL :EXEC GetUserTreeMenu 'pramudyono hadi','1106',@CompanyId=2;
09/08/2021 09:36:33	SQL :EXEC GetUserTreeMenu 'pramudyono hadi','1107',@CompanyId=2;
09/08/2021 09:36:33	SQL :EXEC GetUserTreeMenu 'pramudyono hadi','1108',@CompanyId=2;
09/08/2021 09:36:33	SQL :EXEC GetUserTreeMenu 'pramudyono hadi','1109',@CompanyId=2;
09/08/2021 09:36:33	SQL :EXEC GetUserTreeMenu 'pramudyono hadi','1110',@CompanyId=2;
09/08/2021 09:36:33	SQL :EXEC GetUserTreeMenu 'pramudyono hadi','1111',@CompanyId=2;
09/08/2021 09:36:33	SQL :EXEC GetUserTreeMenu 'pramudyono hadi','1112',@CompanyId=2;
09/08/2021 09:36:33	SQL :EXEC GetUserTreeMenu 'pramudyono hadi','1113',@CompanyId=2;
09/08/2021 09:36:33	SQL :EXEC GetUserTreeMenu 'pramudyono hadi','1114',@CompanyId=2;
09/08/2021 09:36:33	SQL :EXEC GetUserTreeMenu 'pramudyono hadi','1115',@CompanyId=2;
09/08/2021 09:36:33	SQL :EXEC GetUserTreeMenu 'pramudyono hadi','1116',@CompanyId=2;
09/08/2021 09:36:33	SQL :EXEC GetUserTreeMenu 'pramudyono hadi','1117',@CompanyId=2;
09/08/2021 09:36:33	SQL :EXEC GetUserTreeMenu 'pramudyono hadi','1198',@CompanyId=2;
09/08/2021 09:36:33	SQL :EXEC GetUserTreeMenu 'pramudyono hadi','1199',@CompanyId=2;
09/08/2021 09:36:33	SQL :EXEC GetUserSubMenu 'pramudyono hadi','12';
09/08/2021 09:36:33	SQL :EXEC GetUserTreeMenu 'pramudyono hadi','1201',@CompanyId=2;
09/08/2021 09:36:33	SQL :EXEC GetUserTreeMenu 'pramudyono hadi','1202',@CompanyId=2;
09/08/2021 09:36:33	SQL :EXEC GetUserTreeMenu 'pramudyono hadi','1203',@CompanyId=2;
09/08/2021 09:36:33	SQL :EXEC GetUserTreeMenu 'pramudyono hadi','1204',@CompanyId=2;
09/08/2021 09:36:33	SQL :EXEC GetUserTreeMenu 'pramudyono hadi','1205',@CompanyId=2;
09/08/2021 09:36:33	SQL :EXEC GetUserTreeMenu 'pramudyono hadi','1206',@CompanyId=2;
09/08/2021 09:36:33	SQL :EXEC GetUserTreeMenu 'pramudyono hadi','1207',@CompanyId=2;
09/08/2021 09:36:33	SQL :EXEC GetUserSubMenu 'pramudyono hadi','13';
09/08/2021 09:36:33	SQL :EXEC GetUserTreeMenu 'pramudyono hadi','1301',@CompanyId=2;
09/08/2021 09:36:33	SQL :EXEC GetUserTreeMenu 'pramudyono hadi','1302',@CompanyId=2;
09/08/2021 09:36:33	SQL :EXEC GetUserTreeMenu 'pramudyono hadi','1303',@CompanyId=2;
09/08/2021 09:36:33	SQL :EXEC GetUserTreeMenu 'pramudyono hadi','1304',@CompanyId=2;
09/08/2021 09:36:33	SQL :EXEC GetUserTreeMenu 'pramudyono hadi','1305',@CompanyId=2;
09/08/2021 09:36:33	SQL :EXEC GetUserTreeMenu 'pramudyono hadi','1306',@CompanyId=2;
09/08/2021 09:36:33	SQL :EXEC GetUserTreeMenu 'pramudyono hadi','1307',@CompanyId=2;
09/08/2021 09:36:33	SQL :EXEC GetUserTreeMenu 'pramudyono hadi','1308',@CompanyId=2;
09/08/2021 09:36:34	SQL :EXEC GetUserTreeMenu 'pramudyono hadi','1309',@CompanyId=2;
09/08/2021 09:36:34	SQL :EXEC GetUserTreeMenu 'pramudyono hadi','1310',@CompanyId=2;
09/08/2021 09:36:34	SQL :EXEC GetUserTreeMenu 'pramudyono hadi','1311',@CompanyId=2;
09/08/2021 09:36:34	SQL :EXEC GetUserTreeMenu 'pramudyono hadi','1312',@CompanyId=2;
09/08/2021 09:36:34	SQL :EXEC GetUserTreeMenu 'pramudyono hadi','1313',@CompanyId=2;
09/08/2021 09:36:34	SQL :EXEC GetUserTreeMenu 'pramudyono hadi','1314',@CompanyId=2;
09/08/2021 09:36:34	SQL :EXEC GetUserTreeMenu 'pramudyono hadi','1315',@CompanyId=2;
09/08/2021 09:36:34	SQL :EXEC GetUserTreeMenu 'pramudyono hadi','1316',@CompanyId=2;
09/08/2021 09:36:34	SQL :EXEC GetUserTreeMenu 'pramudyono hadi','1317',@CompanyId=2;
09/08/2021 09:36:34	SQL :EXEC GetUserTreeMenu 'pramudyono hadi','1318',@CompanyId=2;
09/08/2021 09:36:34	SQL :EXEC GetUserTreeMenu 'pramudyono hadi','1319',@CompanyId=2;
09/08/2021 09:36:34	SQL :EXEC GetUserTreeMenu 'pramudyono hadi','1320',@CompanyId=2;
09/08/2021 09:36:34	SQL :EXEC GetUserTreeMenu 'pramudyono hadi','1321',@CompanyId=2;
09/08/2021 09:36:34	SQL :EXEC GetUserSubMenu 'pramudyono hadi','14';
09/08/2021 09:36:34	SQL :EXEC GetUserTreeMenu 'pramudyono hadi','1401',@CompanyId=2;
09/08/2021 09:36:34	SQL :EXEC GetUserTreeMenu 'pramudyono hadi','1402',@CompanyId=2;
09/08/2021 09:36:34	SQL :EXEC GetUserTreeMenu 'pramudyono hadi','1403',@CompanyId=2;
09/08/2021 09:36:34	SQL :EXEC GetUserTreeMenu 'pramudyono hadi','1404',@CompanyId=2;
09/08/2021 09:36:34	SQL :EXEC GetUserTreeMenu 'pramudyono hadi','1406',@CompanyId=2;
09/08/2021 09:36:34	SQL :EXEC GetUserTreeMenu 'pramudyono hadi','1408',@CompanyId=2;
09/08/2021 09:36:34	SQL :EXEC GetUserTreeMenu 'pramudyono hadi','1410',@CompanyId=2;
09/08/2021 09:36:34	SQL :EXEC GetUserTreeMenu 'pramudyono hadi','1411',@CompanyId=2;
09/08/2021 09:36:34	SQL :EXEC GetUserTreeMenu 'pramudyono hadi','1412',@CompanyId=2;
09/08/2021 09:36:34	SQL :EXEC GetUserTreeMenu 'pramudyono hadi','1413',@CompanyId=2;
09/08/2021 09:36:34	SQL :EXEC GetUserTreeMenu 'pramudyono hadi','1414',@CompanyId=2;
09/08/2021 09:36:34	SQL :EXEC GetUserSubMenu 'pramudyono hadi','15';
09/08/2021 09:36:34	SQL :EXEC GetUserTreeMenu 'pramudyono hadi','1501',@CompanyId=2;
09/08/2021 09:36:34	SQL :EXEC GetUserTreeMenu 'pramudyono hadi','1502',@CompanyId=2;
09/08/2021 09:36:34	SQL :EXEC GetUserTreeMenu 'pramudyono hadi','1503',@CompanyId=2;
09/08/2021 09:36:34	SQL :EXEC GetUserTreeMenu 'pramudyono hadi','1504',@CompanyId=2;
09/08/2021 09:36:34	SQL :EXEC GetUserTreeMenu 'pramudyono hadi','1505',@CompanyId=2;
09/08/2021 09:36:34	SQL :EXEC GetUserTreeMenu 'pramudyono hadi','1506',@CompanyId=2;
09/08/2021 09:36:34	SQL :EXEC GetUserTreeMenu 'pramudyono hadi','1507',@CompanyId=2;
09/08/2021 09:36:34	SQL :EXEC GetUserTreeMenu 'pramudyono hadi','1508',@CompanyId=2;
09/08/2021 09:36:34	SQL :EXEC GetUserTreeMenu 'pramudyono hadi','1509',@CompanyId=2;
09/08/2021 09:36:34	SQL :EXEC GetUserTreeMenu 'pramudyono hadi','1510',@CompanyId=2;
09/08/2021 09:36:34	SQL :EXEC GetUserTreeMenu 'pramudyono hadi','1511',@CompanyId=2;
09/08/2021 09:36:34	SQL :EXEC GetUserSubMenu 'pramudyono hadi','16';
09/08/2021 09:36:34	SQL :EXEC GetUserTreeMenu 'pramudyono hadi','1601',@CompanyId=2;
09/08/2021 09:36:34	SQL :EXEC GetUserTreeMenu 'pramudyono hadi','1602',@CompanyId=2;
09/08/2021 09:36:34	SQL :EXEC GetUserTreeMenu 'pramudyono hadi','1603',@CompanyId=2;
09/08/2021 09:36:34	SQL :EXEC GetUserTreeMenu 'pramudyono hadi','1604',@CompanyId=2;
09/08/2021 09:36:34	SQL :EXEC GetUserTreeMenu 'pramudyono hadi','1605',@CompanyId=2;
09/08/2021 09:36:34	SQL :EXEC GetUserTreeMenu 'pramudyono hadi','1606',@CompanyId=2;
09/08/2021 09:36:34	SQL :EXEC GetUserTreeMenu 'pramudyono hadi','1607',@CompanyId=2;
09/08/2021 09:36:34	SQL :EXEC GetUserTreeMenu 'pramudyono hadi','1608',@CompanyId=2;
09/08/2021 09:36:34	SQL :EXEC GetUserTreeMenu 'pramudyono hadi','1609',@CompanyId=2;
09/08/2021 09:36:34	SQL :EXEC GetUserTreeMenu 'pramudyono hadi','1610',@CompanyId=2;
09/08/2021 09:36:34	SQL :EXEC GetUserTreeMenu 'pramudyono hadi','1611',@CompanyId=2;
09/08/2021 09:36:34	SQL :EXEC GetUserTreeMenu 'pramudyono hadi','1612',@CompanyId=2;
09/08/2021 09:36:34	SQL :EXEC GetUserTreeMenu 'pramudyono hadi','1613',@CompanyId=2;
09/08/2021 09:36:34	SQL :EXEC GetUserTreeMenu 'pramudyono hadi','1614',@CompanyId=2;
09/08/2021 09:36:34	SQL :EXEC GetUserTreeMenu 'pramudyono hadi','1615',@CompanyId=2;
09/08/2021 09:36:34	SQL :EXEC GetUserTreeMenu 'pramudyono hadi','1616',@CompanyId=2;
09/08/2021 09:36:34	SQL :EXEC GetUserTreeMenu 'pramudyono hadi','1619',@CompanyId=2;
09/08/2021 09:36:34	SQL :EXEC GetUserTreeMenu 'pramudyono hadi','1620',@CompanyId=2;
09/08/2021 09:36:34	SQL :EXEC GetUserSubMenu 'pramudyono hadi','17';
09/08/2021 09:36:34	SQL :EXEC GetUserTreeMenu 'pramudyono hadi','1701',@CompanyId=2;
09/08/2021 09:36:34	SQL :EXEC GetUserTreeMenu 'pramudyono hadi','1702',@CompanyId=2;
09/08/2021 09:36:34	SQL :EXEC GetUserTreeMenu 'pramudyono hadi','1703',@CompanyId=2;
09/08/2021 09:36:34	SQL :EXEC GetUserTreeMenu 'pramudyono hadi','1704',@CompanyId=2;
09/08/2021 09:36:34	SQL :EXEC GetUserTreeMenu 'pramudyono hadi','1705',@CompanyId=2;
09/08/2021 09:36:34	SQL :EXEC GetUserTreeMenu 'pramudyono hadi','1706',@CompanyId=2;
09/08/2021 09:36:34	SQL :EXEC GetUserTreeMenu 'pramudyono hadi','1707',@CompanyId=2;
09/08/2021 09:36:34	SQL :EXEC GetUserTreeMenu 'pramudyono hadi','1708',@CompanyId=2;
09/08/2021 09:36:34	SQL :EXEC GetUserTreeMenu 'pramudyono hadi','1709',@CompanyId=2;
09/08/2021 09:36:34	SQL :EXEC GetUserTreeMenu 'pramudyono hadi','1710',@CompanyId=2;
09/08/2021 09:36:34	SQL :EXEC GetUserTreeMenu 'pramudyono hadi','1711',@CompanyId=2;
09/08/2021 09:36:34	SQL :EXEC GetUserTreeMenu 'pramudyono hadi','1712',@CompanyId=2;
09/08/2021 09:36:34	SQL :EXEC GetUserTreeMenu 'pramudyono hadi','1713',@CompanyId=2;
09/08/2021 09:36:34	SQL :EXEC GetUserTreeMenu 'pramudyono hadi','1714',@CompanyId=2;
09/08/2021 09:36:34	SQL :EXEC GetUserTreeMenu 'pramudyono hadi','1715',@CompanyId=2;
09/08/2021 09:36:34	SQL :EXEC GetUserTreeMenu 'pramudyono hadi','1716',@CompanyId=2;
09/08/2021 09:36:34	SQL :EXEC GetUserTreeMenu 'pramudyono hadi','1717',@CompanyId=2;
09/08/2021 09:36:34	SQL :EXEC GetUserSubMenu 'pramudyono hadi','18';
09/08/2021 09:36:34	SQL :EXEC GetUserTreeMenu 'pramudyono hadi','1801',@CompanyId=2;
09/08/2021 09:36:34	SQL :EXEC GetUserSubMenu 'pramudyono hadi','19';
09/08/2021 09:36:34	SQL :EXEC GetUserTreeMenu 'pramudyono hadi','1901',@CompanyId=2;
09/08/2021 09:36:34	SQL :EXEC GetUserTreeMenu 'pramudyono hadi','1902',@CompanyId=2;
09/08/2021 09:36:34	SQL :EXEC GetUserTreeMenu 'pramudyono hadi','1903',@CompanyId=2;
09/08/2021 09:36:34	SQL :EXEC GetUserTreeMenu 'pramudyono hadi','1904',@CompanyId=2;
09/08/2021 09:36:34	SQL :EXEC GetUserTreeMenu 'pramudyono hadi','1905',@CompanyId=2;
09/08/2021 09:36:34	SQL :EXEC GetUserTreeMenu 'pramudyono hadi','1906',@CompanyId=2;
09/08/2021 09:36:34	SQL :EXEC GetUserTreeMenu 'pramudyono hadi','1907',@CompanyId=2;
09/08/2021 09:36:34	SQL :EXEC GetUserTreeMenu 'pramudyono hadi','1908',@CompanyId=2;
09/08/2021 09:36:34	SQL :EXEC GetUserTreeMenu 'pramudyono hadi','1909',@CompanyId=2;
09/08/2021 09:36:34	SQL :EXEC GetUserTreeMenu 'pramudyono hadi','1910',@CompanyId=2;
09/08/2021 09:36:35	SQL :EXEC GetUserTreeMenu 'pramudyono hadi','1911',@CompanyId=2;
09/08/2021 09:36:35	SQL :EXEC GetUserTreeMenu 'pramudyono hadi','1912',@CompanyId=2;
09/08/2021 09:36:35	SQL :SELECT CONVERT(VARCHAR(8),GETDATE(),108) AS hour_minute;
09/08/2021 09:36:35	SQL :SELECT CONVERT(VARCHAR(10),GETDATE(),103) AS date_time;
09/08/2021 09:36:35	Loading Setting
09/08/2021 09:36:35	Open DB Connection
09/08/2021 09:36:35	SQL :SELECT * FROM wh_setting WHERE setting_name='Hold_Less_Deposit';
09/08/2021 09:36:35	SQL :SELECT * FROM wh_setting WHERE setting_name='Max_Less_Deposit';
09/08/2021 09:36:35	SQL :SELECT * FROM wh_setting WHERE setting_name='Dashboard_2';
09/08/2021 09:36:35	Finish Logging
09/08/2021 09:36:35	SQL :SELECT value_string FROM wh_setting WHERE (setting_name='Interval_CheckInDate') AND (active=1);
09/08/2021 09:36:35	SQL :SELECT value_string FROM wh_setting WHERE (setting_name='Interval_CheckInTime') AND (active=1);
09/08/2021 09:36:35	SQL :SELECT value_string FROM wh_setting WHERE (setting_name='ChatEnable') and (active=1);
09/08/2021 09:36:36	Message:Port Check
09/08/2021 09:36:36	Message:Open DB Connection
09/08/2021 09:36:36	SQL :EXEC GetMessage '01','pramudyono hadi';
09/08/2021 09:36:36	SQL :SELECT CONVERT(VARCHAR(8),GETDATE(),108) AS hour_minute;
09/08/2021 09:36:36	SQL :SELECT CONVERT(VARCHAR(10),GETDATE(),103) AS date_time;
09/08/2021 09:36:38	Open Menu :190507
09/08/2021 09:36:38	Open DB Connection
09/08/2021 09:36:38	SQL :EXEC AuthMenu 'pramudyono hadi',190507;
09/08/2021 09:36:38	Form Check :BusRunningDaysminiRpt
09/08/2021 09:36:38	Form Open: BusRunningDaysMiniRpt=,0
09/08/2021 09:36:38	Open DB Connection
09/08/2021 09:36:38	SQL :EXEC GetCompanyLocationList
09/08/2021 09:36:38	SQL :EXEC GetUserRDLocationList @UserName='pramudyono hadi' ;
09/08/2021 09:36:38	SQL :EXEC GetGroup 2;
09/08/2021 09:36:38	Open DB Connection
09/08/2021 09:36:39	Open DB Connection
09/08/2021 09:36:39	SQL :SELECT * FROM wh_setting WHERE (setting_name='ServiceBerkala_as_PKB_2') AND (active=1);
09/08/2021 09:36:40	Open DB Connection
09/08/2021 09:36:40	SQL :EXEC GetVhcList 6,@CompanyId=2,@OrderBy='h.vhc_batch_id,seat,license_plate',@ShowBatch=1,@Dates='2021/08/31';
09/08/2021 09:36:40	SQL :EXEC GetRunningDaysDetail 'BS15070005',@FromDate='2021-08-01',@ToDate='2021-08-31', @CompanyId=2;
09/08/2021 09:36:41	SQL :EXEC GetRunningDaysDetail 'BS15100003',@FromDate='2021-08-01',@ToDate='2021-08-31', @CompanyId=2;
09/08/2021 09:36:41	SQL :EXEC GetRunningDaysDetail 'BS15070004',@FromDate='2021-08-01',@ToDate='2021-08-31', @CompanyId=2;
09/08/2021 09:36:42	SQL :EXEC GetRunningDaysDetail 'BU13090145',@FromDate='2021-08-01',@ToDate='2021-08-31', @CompanyId=2;
09/08/2021 09:36:43	SQL :EXEC GetRunningDaysDetail 'BU13090079',@FromDate='2021-08-01',@ToDate='2021-08-31', @CompanyId=2;
09/08/2021 09:36:45	SQL :EXEC GetRunningDaysDetail 'BS14070003',@FromDate='2021-08-01',@ToDate='2021-08-31', @CompanyId=2;
09/08/2021 09:36:45	SQL :EXEC GetRunningDaysDetail 'BU13090081',@FromDate='2021-08-01',@ToDate='2021-08-31', @CompanyId=2;
09/08/2021 09:36:45	SQL :EXEC GetRunningDaysDetail 'GL1218020002',@FromDate='2021-08-01',@ToDate='2021-08-31', @CompanyId=2;
09/08/2021 09:36:46	SQL :EXEC GetRunningDaysDetail 'BS14070001',@FromDate='2021-08-01',@ToDate='2021-08-31', @CompanyId=2;
09/08/2021 09:36:47	SQL :EXEC GetRunningDaysDetail 'BU13090083',@FromDate='2021-08-01',@ToDate='2021-08-31', @CompanyId=2;
09/08/2021 09:36:47	SQL :EXEC GetRunningDaysDetail 'BS14070004',@FromDate='2021-08-01',@ToDate='2021-08-31', @CompanyId=2;
09/08/2021 09:36:47	SQL :EXEC GetRunningDaysDetail 'GL1218020001',@FromDate='2021-08-01',@ToDate='2021-08-31', @CompanyId=2;
09/08/2021 09:36:48	SQL :EXEC GetRunningDaysDetail 'BS15070006',@FromDate='2021-08-01',@ToDate='2021-08-31', @CompanyId=2;
09/08/2021 09:36:48	SQL :EXEC GetRunningDaysDetail 'BU13090086',@FromDate='2021-08-01',@ToDate='2021-08-31', @CompanyId=2;
09/08/2021 09:36:48	SQL :EXEC GetRunningDaysDetail 'BU13090087',@FromDate='2021-08-01',@ToDate='2021-08-31', @CompanyId=2;
09/08/2021 09:36:48	SQL :EXEC GetRunningDaysDetail 'BU13090088',@FromDate='2021-08-01',@ToDate='2021-08-31', @CompanyId=2;
09/08/2021 09:36:48	SQL :EXEC GetRunningDaysDetail 'BU13090089',@FromDate='2021-08-01',@ToDate='2021-08-31', @CompanyId=2;
09/08/2021 09:36:49	SQL :EXEC GetRunningDaysDetail 'BU13090090',@FromDate='2021-08-01',@ToDate='2021-08-31', @CompanyId=2;
09/08/2021 09:36:49	SQL :EXEC GetRunningDaysDetail 'BU13090091',@FromDate='2021-08-01',@ToDate='2021-08-31', @CompanyId=2;
09/08/2021 09:36:50	SQL :EXEC GetRunningDaysDetail 'BU13090093',@FromDate='2021-08-01',@ToDate='2021-08-31', @CompanyId=2;
09/08/2021 09:36:50	SQL :EXEC GetRunningDaysDetail 'BU13090094',@FromDate='2021-08-01',@ToDate='2021-08-31', @CompanyId=2;
09/08/2021 09:36:51	SQL :EXEC GetRunningDaysDetail 'BU13090072',@FromDate='2021-08-01',@ToDate='2021-08-31', @CompanyId=2;
09/08/2021 09:36:51	SQL :EXEC GetRunningDaysDetail 'BS15090014',@FromDate='2021-08-01',@ToDate='2021-08-31', @CompanyId=2;
09/08/2021 09:36:53	SQL :EXEC GetRunningDaysDetail 'BS15090022',@FromDate='2021-08-01',@ToDate='2021-08-31', @CompanyId=2;
09/08/2021 09:36:54	SQL :EXEC GetRunningDaysDetail 'BS220010001',@FromDate='2021-08-01',@ToDate='2021-08-31', @CompanyId=2;
09/08/2021 09:36:54	SQL :EXEC GetRunningDaysDetail 'BS220010002',@FromDate='2021-08-01',@ToDate='2021-08-31', @CompanyId=2;
09/08/2021 09:36:55	SQL :EXEC GetRunningDaysDetail 'BS220010003',@FromDate='2021-08-01',@ToDate='2021-08-31', @CompanyId=2;
09/08/2021 09:36:55	SQL :EXEC GetRunningDaysDetail 'BS220010004',@FromDate='2021-08-01',@ToDate='2021-08-31', @CompanyId=2;
09/08/2021 09:36:55	SQL :EXEC GetRunningDaysDetail 'BS220010005',@FromDate='2021-08-01',@ToDate='2021-08-31', @CompanyId=2;
09/08/2021 09:36:56	SQL :EXEC GetRunningDaysDetail 'BU13090054',@FromDate='2021-08-01',@ToDate='2021-08-31', @CompanyId=2;
09/08/2021 09:36:57	SQL :EXEC GetRunningDaysDetail 'BU13090057',@FromDate='2021-08-01',@ToDate='2021-08-31', @CompanyId=2;
09/08/2021 09:36:58	SQL :EXEC GetRunningDaysDetail 'BS14050001',@FromDate='2021-08-01',@ToDate='2021-08-31', @CompanyId=2;
09/08/2021 09:36:59	SQL :EXEC GetRunningDaysDetail 'BU13090044',@FromDate='2021-08-01',@ToDate='2021-08-31', @CompanyId=2;
09/08/2021 09:36:59	SQL :EXEC GetRunningDaysDetail 'BU13090046',@FromDate='2021-08-01',@ToDate='2021-08-31', @CompanyId=2;
09/08/2021 09:37:00	SQL :EXEC GetRunningDaysDetail 'BU13090047',@FromDate='2021-08-01',@ToDate='2021-08-31', @CompanyId=2;
09/08/2021 09:37:01	SQL :EXEC GetRunningDaysDetail 'BU13090048',@FromDate='2021-08-01',@ToDate='2021-08-31', @CompanyId=2;
09/08/2021 09:37:01	SQL :EXEC GetRunningDaysDetail 'BU13090051',@FromDate='2021-08-01',@ToDate='2021-08-31', @CompanyId=2;
09/08/2021 09:37:02	SQL :EXEC GetRunningDaysDetail 'BU13090056',@FromDate='2021-08-01',@ToDate='2021-08-31', @CompanyId=2;
09/08/2021 09:37:03	SQL :EXEC GetRunningDaysDetail 'BS14050005',@FromDate='2021-08-01',@ToDate='2021-08-31', @CompanyId=2;
09/08/2021 09:37:03	SQL :EXEC GetRunningDaysDetail 'BS14050002',@FromDate='2021-08-01',@ToDate='2021-08-31', @CompanyId=2;
09/08/2021 09:37:05	SQL :EXEC GetRunningDaysDetail 'BS14050003',@FromDate='2021-08-01',@ToDate='2021-08-31', @CompanyId=2;
09/08/2021 09:37:05	SQL :EXEC GetRunningDaysDetail 'BS14050004',@FromDate='2021-08-01',@ToDate='2021-08-31', @CompanyId=2;
09/08/2021 09:37:06	SQL :EXEC GetRunningDaysDetail 'BS14050008',@FromDate='2021-08-01',@ToDate='2021-08-31', @CompanyId=2;
09/08/2021 09:37:07	SQL :EXEC GetRunningDaysDetail 'BS14050006',@FromDate='2021-08-01',@ToDate='2021-08-31', @CompanyId=2;
09/08/2021 09:37:08	SQL :EXEC GetRunningDaysDetail 'BS14110001',@FromDate='2021-08-01',@ToDate='2021-08-31', @CompanyId=2;
09/08/2021 09:37:09	SQL :EXEC GetRunningDaysDetail 'BS14110002',@FromDate='2021-08-01',@ToDate='2021-08-31', @CompanyId=2;
09/08/2021 09:37:09	SQL :EXEC GetRunningDaysDetail 'BS17100020',@FromDate='2021-08-01',@ToDate='2021-08-31', @CompanyId=2;
09/08/2021 09:37:09	SQL :EXEC GetRunningDaysDetail 'BS216050001',@FromDate='2021-08-01',@ToDate='2021-08-31', @CompanyId=2;
09/08/2021 09:37:11	SQL :EXEC GetRunningDaysDetail 'BS216050002',@FromDate='2021-08-01',@ToDate='2021-08-31', @CompanyId=2;
09/08/2021 09:37:12	SQL :EXEC GetRunningDaysDetail 'BS17100017',@FromDate='2021-08-01',@ToDate='2021-08-31', @CompanyId=2;
09/08/2021 09:37:13	SQL :EXEC GetRunningDaysDetail 'BS17100016',@FromDate='2021-08-01',@ToDate='2021-08-31', @CompanyId=2;
09/08/2021 09:37:14	SQL :EXEC GetRunningDaysDetail 'BS1118070003',@FromDate='2021-08-01',@ToDate='2021-08-31', @CompanyId=2;
09/08/2021 09:37:16	SQL :EXEC GetRunningDaysDetail 'BS918060001',@FromDate='2021-08-01',@ToDate='2021-08-31', @CompanyId=2;
09/08/2021 09:37:17	SQL :EXEC GetRunningDaysDetail 'BS218050002',@FromDate='2021-08-01',@ToDate='2021-08-31', @CompanyId=2;
09/08/2021 09:37:19	SQL :EXEC GetRunningDaysDetail 'BS218050001',@FromDate='2021-08-01',@ToDate='2021-08-31', @CompanyId=2;
09/08/2021 09:37:19	SQL :EXEC GetRunningDaysDetail 'BS218090002',@FromDate='2021-08-01',@ToDate='2021-08-31', @CompanyId=2;
09/08/2021 09:37:20	SQL :EXEC GetRunningDaysDetail 'BS218090003',@FromDate='2021-08-01',@ToDate='2021-08-31', @CompanyId=2;
09/08/2021 09:37:21	SQL :EXEC GetRunningDaysDetail 'BS218110003',@FromDate='2021-08-01',@ToDate='2021-08-31', @CompanyId=2;
09/08/2021 09:37:22	SQL :EXEC GetRunningDaysDetail 'BS218110001',@FromDate='2021-08-01',@ToDate='2021-08-31', @CompanyId=2;
09/08/2021 09:37:22	SQL :EXEC GetRunningDaysDetail 'BS217010007',@FromDate='2021-08-01',@ToDate='2021-08-31', @CompanyId=2;
09/08/2021 09:37:24	SQL :EXEC GetRunningDaysDetail 'BS217020001',@FromDate='2021-08-01',@ToDate='2021-08-31', @CompanyId=2;
09/08/2021 09:37:26	SQL :EXEC GetRunningDaysDetail 'BS217020002',@FromDate='2021-08-01',@ToDate='2021-08-31', @CompanyId=2;
09/08/2021 09:37:28	SQL :EXEC GetRunningDaysDetail 'BS217060004',@FromDate='2021-08-01',@ToDate='2021-08-31', @CompanyId=2;
09/08/2021 09:37:32	SQL :EXEC GetRunningDaysDetail 'BS217060003',@FromDate='2021-08-01',@ToDate='2021-08-31', @CompanyId=2;
09/08/2021 09:37:36	SQL :EXEC GetRunningDaysDetail 'BS917080001',@FromDate='2021-08-01',@ToDate='2021-08-31', @CompanyId=2;
09/08/2021 09:37:41	SQL :EXEC GetRunningDaysDetail 'BS917080002',@FromDate='2021-08-01',@ToDate='2021-08-31', @CompanyId=2;
09/08/2021 09:37:44	SQL :EXEC GetRunningDaysDetail 'BS218070003',@FromDate='2021-08-01',@ToDate='2021-08-31', @CompanyId=2;
09/08/2021 09:37:45	SQL :EXEC GetRunningDaysDetail 'BS218070001',@FromDate='2021-08-01',@ToDate='2021-08-31', @CompanyId=2;
09/08/2021 09:37:49	SQL :EXEC GetRunningDaysDetail 'BS218070004',@FromDate='2021-08-01',@ToDate='2021-08-31', @CompanyId=2;
09/08/2021 09:37:51	SQL :EXEC GetRunningDaysDetail 'BS219100004',@FromDate='2021-08-01',@ToDate='2021-08-31', @CompanyId=2;
09/08/2021 09:37:51	SQL :EXEC GetRunningDaysDetail 'BS219100003',@FromDate='2021-08-01',@ToDate='2021-08-31', @CompanyId=2;
09/08/2021 09:37:53	SQL :EXEC GetRunningDaysDetail 'BS217010001',@FromDate='2021-08-01',@ToDate='2021-08-31', @CompanyId=2;
09/08/2021 09:37:53	SQL :EXEC GetRunningDaysDetail 'BS217010002',@FromDate='2021-08-01',@ToDate='2021-08-31', @CompanyId=2;
09/08/2021 09:37:53	SQL :EXEC GetRunningDaysDetail 'BS218090001',@FromDate='2021-08-01',@ToDate='2021-08-31', @CompanyId=2;
09/08/2021 09:37:54	SQL :EXEC GetRunningDaysDetail 'BS217080003',@FromDate='2021-08-01',@ToDate='2021-08-31', @CompanyId=2;
09/08/2021 09:37:54	SQL :EXEC GetRunningDaysDetail 'BS217080004',@FromDate='2021-08-01',@ToDate='2021-08-31', @CompanyId=2;
09/08/2021 09:37:55	SQL :EXEC GetRunningDaysDetail 'BS217080006',@FromDate='2021-08-01',@ToDate='2021-08-31', @CompanyId=2;
09/08/2021 09:37:55	SQL :EXEC GetRunningDaysDetail 'BS1218020001',@FromDate='2021-08-01',@ToDate='2021-08-31', @CompanyId=2;
09/08/2021 09:37:55	SQL :EXEC GetRunningDaysDetail 'BS218050003',@FromDate='2021-08-01',@ToDate='2021-08-31', @CompanyId=2;
09/08/2021 09:37:56	SQL :EXEC GetRunningDaysDetail 'BS217080001',@FromDate='2021-08-01',@ToDate='2021-08-31', @CompanyId=2;
09/08/2021 09:37:57	SQL :EXEC GetRunningDaysDetail 'BS217080002',@FromDate='2021-08-01',@ToDate='2021-08-31', @CompanyId=2;
09/08/2021 09:37:57	SQL :EXEC GetRunningDaysDetail 'BS217020006',@FromDate='2021-08-01',@ToDate='2021-08-31', @CompanyId=2;
09/08/2021 09:37:57	SQL :EXEC GetRunningDaysDetail 'BS220100001',@FromDate='2021-08-01',@ToDate='2021-08-31', @CompanyId=2;
09/08/2021 09:37:57	SQL :EXEC GetRunningDaysDetail 'BS219090002',@FromDate='2021-08-01',@ToDate='2021-08-31', @CompanyId=2;
09/08/2021 09:37:58	SQL :EXEC GetRunningDaysDetail 'BS221040001',@FromDate='2021-08-01',@ToDate='2021-08-31', @CompanyId=2;
09/08/2021 09:37:58	SQL :EXEC GetRunningDaysDetail 'BS221040002',@FromDate='2021-08-01',@ToDate='2021-08-31', @CompanyId=2;
09/08/2021 09:37:58	SQL :EXEC GetRunningDaysDetail 'BS220110001',@FromDate='2021-08-01',@ToDate='2021-08-31', @CompanyId=2;
09/08/2021 09:37:58	SQL :EXEC GetRunningDaysDetail 'BS220110004',@FromDate='2021-08-01',@ToDate='2021-08-31', @CompanyId=2;
09/08/2021 09:37:59	SQL :EXEC GetRunningDaysDetail 'BS220110005',@FromDate='2021-08-01',@ToDate='2021-08-31', @CompanyId=2;
09/08/2021 09:37:59	SQL :EXEC GetRunningDaysDetail 'BS1118070005',@FromDate='2021-08-01',@ToDate='2021-08-31', @CompanyId=2;
09/08/2021 09:38:00	SQL :EXEC GetRunningDaysDetail 'BS221060001',@FromDate='2021-08-01',@ToDate='2021-08-31', @CompanyId=2;
09/08/2021 09:38:00	SQL :EXEC GetRunningDaysDetail 'BS221010001',@FromDate='2021-08-01',@ToDate='2021-08-31', @CompanyId=2;
09/08/2021 09:38:01	SQL :EXEC GetRunningDaysDetail 'BS221010002',@FromDate='2021-08-01',@ToDate='2021-08-31', @CompanyId=2;
09/08/2021 09:38:01	SQL :EXEC GetRunningDaysDetail 'BS221060004',@FromDate='2021-08-01',@ToDate='2021-08-31', @CompanyId=2;
09/08/2021 09:38:01	SQL :EXEC GetRunningDaysDetail 'BS221020002',@FromDate='2021-08-01',@ToDate='2021-08-31', @CompanyId=2;
09/08/2021 09:38:02	SQL :EXEC GetRunningDaysDetail 'BS221070008',@FromDate='2021-08-01',@ToDate='2021-08-31', @CompanyId=2;
09/08/2021 09:38:03	SQL :EXEC GetRunningDaysDetail 'BS221070009',@FromDate='2021-08-01',@ToDate='2021-08-31', @CompanyId=2;
09/08/2021 09:38:05	SQL :EXEC GetRunningDaysDetail 'BS221020001',@FromDate='2021-08-01',@ToDate='2021-08-31', @CompanyId=2;
09/08/2021 09:38:06	SQL :EXEC GetRunningDaysDetail 'BS221070072',@FromDate='2021-08-01',@ToDate='2021-08-31', @CompanyId=2;
09/08/2021 09:38:06	SQL :EXEC GetRunningDaysDetail 'BS220080001',@FromDate='2021-08-01',@ToDate='2021-08-31', @CompanyId=2;
09/08/2021 09:38:07	SQL :EXEC GetRunningDaysDetail 'BS220080003',@FromDate='2021-08-01',@ToDate='2021-08-31', @CompanyId=2;
09/08/2021 09:38:07	SQL :EXEC GetRunningDaysDetail 'BS220080004',@FromDate='2021-08-01',@ToDate='2021-08-31', @CompanyId=2;
09/08/2021 09:38:08	SQL :EXEC GetRunningDaysDetail 'BS220080005',@FromDate='2021-08-01',@ToDate='2021-08-31', @CompanyId=2;
09/08/2021 09:38:10	SQL :EXEC GetRunningDaysDetail 'BS220070002',@FromDate='2021-08-01',@ToDate='2021-08-31', @CompanyId=2;
09/08/2021 09:38:10	SQL :EXEC GetRunningDaysDetail 'BS220070001',@FromDate='2021-08-01',@ToDate='2021-08-31', @CompanyId=2;
09/08/2021 09:38:11	SQL :EXEC GetRunningDaysDetail 'BS221060002',@FromDate='2021-08-01',@ToDate='2021-08-31', @CompanyId=2;
09/08/2021 09:38:11	SQL :EXEC GetRunningDaysDetail 'BS220110002',@FromDate='2021-08-01',@ToDate='2021-08-31', @CompanyId=2;
09/08/2021 09:38:12	SQL :EXEC GetRunningDaysDetail 'BS220110003',@FromDate='2021-08-01',@ToDate='2021-08-31', @CompanyId=2;
09/08/2021 09:38:13	SQL :EXEC GetRunningDaysDetail 'BS221020003',@FromDate='2021-08-01',@ToDate='2021-08-31', @CompanyId=2;
09/08/2021 09:38:14	SQL :EXEC GetRunningDaysDetail 'BS221020004',@FromDate='2021-08-01',@ToDate='2021-08-31', @CompanyId=2;
09/08/2021 09:38:14	SQL :EXEC GetRunningDaysDetail 'BS220010006',@FromDate='2021-08-01',@ToDate='2021-08-31', @CompanyId=2;
09/08/2021 09:38:14	SQL :EXEC GetRunningDaysDetail 'BS221080002',@FromDate='2021-08-01',@ToDate='2021-08-31', @CompanyId=2;
09/08/2021 09:38:15	SQL :EXEC GetRunningDaysDetail 'BS221080001',@FromDate='2021-08-01',@ToDate='2021-08-31', @CompanyId=2;
09/08/2021 09:38:15	SQL :EXEC GetRunningDaysDetail 'BS221070074',@FromDate='2021-08-01',@ToDate='2021-08-31', @CompanyId=2;
09/08/2021 09:38:16	SQL :EXEC GetRunningDaysDetail 'BS221070073',@FromDate='2021-08-01',@ToDate='2021-08-31', @CompanyId=2;
09/08/2021 09:38:16	SQL :EXEC GetRunningDaysDetail 'BS218050004',@FromDate='2021-08-01',@ToDate='2021-08-31', @CompanyId=2;
09/08/2021 09:38:16	SQL :EXEC GetRunningDaysDetail 'BS218070005',@FromDate='2021-08-01',@ToDate='2021-08-31', @CompanyId=2;
09/08/2021 09:38:17	SQL :EXEC GetRunningDaysDetail 'BS221040003',@FromDate='2021-08-01',@ToDate='2021-08-31', @CompanyId=2;
09/08/2021 09:38:17	SQL :EXEC GetRunningDaysDetail 'BS218070007',@FromDate='2021-08-01',@ToDate='2021-08-31', @CompanyId=2;
09/08/2021 09:38:17	SQL :EXEC GetRunningDaysDetail 'BS218070006',@FromDate='2021-08-01',@ToDate='2021-08-31', @CompanyId=2;
09/08/2021 09:38:18	SQL :EXEC GetRunningDaysDetail 'BS219090001',@FromDate='2021-08-01',@ToDate='2021-08-31', @CompanyId=2;
09/08/2021 09:38:18	SQL :EXEC GetRunningDaysDetail 'BS219110001',@FromDate='2021-08-01',@ToDate='2021-08-31', @CompanyId=2;
09/08/2021 09:38:18	SQL :EXEC GetRunningDaysDetail 'BU13090043',@FromDate='2021-08-01',@ToDate='2021-08-31', @CompanyId=2;
09/08/2021 09:38:19	SQL :EXEC GetRunningDaysDetail 'BS14050007',@FromDate='2021-08-01',@ToDate='2021-08-31', @CompanyId=2;
09/08/2021 09:38:20	SQL :EXEC GetRunningDaysDetail 'BU13090049',@FromDate='2021-08-01',@ToDate='2021-08-31', @CompanyId=2;
09/08/2021 09:38:20	SQL 09/08/2021 09:38:26	Get Local Settings
09/08/2021 09:38:26	Start Change Local Settings
09/08/2021 09:38:26	Change short date format
09/08/2021 09:38:26	Change Long date format
09/08/2021 09:38:26	Finish Change Local Settings
09/08/2021 09:38:26	Registry Read: Path=SOFTWARE\WEHA\Aplikasi\3
09/08/2021 09:38:26	Registry Read/Write
09/08/2021 09:38:26	Registry Read: Path=SOFTWARE\WEHA\Aplikasi\3
09/08/2021 09:38:26	Create DB Object
09/08/2021 09:38:26	Init DB
09/08/2021 09:38:26	Finish Init DB
09/08/2021 09:38:26	Get File Version
09/08/2021 09:38:26	Change  Caption
09/08/2021 09:38:26	Init Shortkey
09/08/2021 09:38:28	Create DB Object
09/08/2021 09:38:28	Init DB
09/08/2021 09:38:28	Finish Init DB
09/08/2021 09:38:30	Update new version check
09/08/2021 09:38:30	Open DB Connection
09/08/2021 09:38:30	SQL :
09/08/2021 09:38:30	Update check version
09/08/2021 09:38:30	Open DB Connection
09/08/2021 09:38:30	SQL :SELECT version FROM wh_application WHERE application_id=(SELECT MAX(application_id) FROM wh_application);
09/08/2021 09:38:30	Start Login
09/08/2021 09:38:30	Open DB Connection
09/08/2021 09:38:30	SQL :EXEC AuthenticateUser 'pramudyono hadi','6f2b8366efa56f0c06dd6b31fcff8a73';
09/08/2021 09:38:30	SQL :INSERT INTO wh_log (user_id,app_date,app_version,app_version_svr,location_id,company_id,department_id,host_name,ip_address)  VALUES ('pramudyono hadi','09/08/2021','6.1.3.11','6.1.3.10',6,2,13,'DESKTOP-S1PD9OD','192.168.25.214');
09/08/2021 09:38:30	Open DB Connection
09/08/2021 09:38:30	SQL :EXEC GetUserMenu 'pramudyono hadi';
09/08/2021 09:38:30	SQL :EXEC GetUserSubMenu 'pramudyono hadi','11';
09/08/2021 09:38:30	SQL :EXEC GetUserTreeMenu 'pramudyono hadi','1101',@CompanyId=2;
09/08/2021 09:38:30	SQL :EXEC GetUserTreeMenu 'pramudyono hadi','1102',@CompanyId=2;
09/08/2021 09:38:30	SQL :EXEC GetUserTreeMenu 'pramudyono hadi','1103',@CompanyId=2;
09/08/2021 09:38:30	SQL :EXEC GetUserTreeMenu 'pramudyono hadi','1104',@CompanyId=2;
09/08/2021 09:38:30	SQL :EXEC GetUserTreeMenu 'pramudyono hadi','1105',@CompanyId=2;
09/08/2021 09:38:30	SQL :EXEC GetUserTreeMenu 'pramudyono hadi','1106',@CompanyId=2;
09/08/2021 09:38:30	SQL :EXEC GetUserTreeMenu 'pramudyono hadi','1107',@CompanyId=2;
09/08/2021 09:38:30	SQL :EXEC GetUserTreeMenu 'pramudyono hadi','1108',@CompanyId=2;
09/08/2021 09:38:30	SQL :EXEC GetUserTreeMenu 'pramudyono hadi','1109',@CompanyId=2;
09/08/2021 09:38:30	SQL :EXEC GetUserTreeMenu 'pramudyono hadi','1110',@CompanyId=2;
09/08/2021 09:38:30	SQL :EXEC GetUserTreeMenu 'pramudyono hadi','1111',@CompanyId=2;
09/08/2021 09:38:30	SQL :EXEC GetUserTreeMenu 'pramudyono hadi','1112',@CompanyId=2;
09/08/2021 09:38:30	SQL :EXEC GetUserTreeMenu 'pramudyono hadi','1113',@CompanyId=2;
09/08/2021 09:38:30	SQL :EXEC GetUserTreeMenu 'pramudyono hadi','1114',@CompanyId=2;
09/08/2021 09:38:30	SQL :EXEC GetUserTreeMenu 'pramudyono hadi','1115',@CompanyId=2;
09/08/2021 09:38:30	SQL :EXEC GetUserTreeMenu 'pramudyono hadi','1116',@CompanyId=2;
09/08/2021 09:38:30	SQL :EXEC GetUserTreeMenu 'pramudyono hadi','1117',@CompanyId=2;
09/08/2021 09:38:31	SQL :EXEC GetUserTreeMenu 'pramudyono hadi','1198',@CompanyId=2;
09/08/2021 09:38:31	SQL :EXEC GetUserTreeMenu 'pramudyono hadi','1199',@CompanyId=2;
09/08/2021 09:38:31	SQL :EXEC GetUserSubMenu 'pramudyono hadi','12';
09/08/2021 09:38:31	SQL :EXEC GetUserTreeMenu 'pramudyono hadi','1201',@CompanyId=2;
09/08/2021 09:38:31	SQL :EXEC GetUserTreeMenu 'pramudyono hadi','1202',@CompanyId=2;
09/08/2021 09:38:31	SQL :EXEC GetUserTreeMenu 'pramudyono hadi','1203',@CompanyId=2;
09/08/2021 09:38:31	SQL :EXEC GetUserTreeMenu 'pramudyono hadi','1204',@CompanyId=2;
09/08/2021 09:38:31	SQL :EXEC GetUserTreeMenu 'pramudyono hadi','1205',@CompanyId=2;
09/08/2021 09:38:31	SQL :EXEC GetUserTreeMenu 'pramudyono hadi','1206',@CompanyId=2;
09/08/2021 09:38:31	SQL :EXEC GetUserTreeMenu 'pramudyono hadi','1207',@CompanyId=2;
09/08/2021 09:38:31	SQL :EXEC GetUserSubMenu 'pramudyono hadi','13';
09/08/2021 09:38:31	SQL :EXEC GetUserTreeMenu 'pramudyono hadi','1301',@CompanyId=2;
09/08/2021 09:38:31	SQL :EXEC GetUserTreeMenu 'pramudyono hadi','1302',@CompanyId=2;
09/08/2021 09:38:31	SQL :EXEC GetUserTreeMenu 'pramudyono hadi','1303',@CompanyId=2;
09/08/2021 09:38:31	SQL :EXEC GetUserTreeMenu 'pramudyono hadi','1304',@CompanyId=2;
09/08/2021 09:38:31	SQL :EXEC GetUserTreeMenu 'pramudyono hadi','1305',@CompanyId=2;
09/08/2021 09:38:31	SQL :EXEC GetUserTreeMenu 'pramudyono hadi','1306',@CompanyId=2;
09/08/2021 09:38:31	SQL :EXEC GetUserTreeMenu 'pramudyono hadi','1307',@CompanyId=2;
09/08/2021 09:38:31	SQL :EXEC GetUserTreeMenu 'pramudyono hadi','1308',@CompanyId=2;
09/08/2021 09:38:31	SQL :EXEC GetUserTreeMenu 'pramudyono hadi','1309',@CompanyId=2;
09/08/2021 09:38:31	SQL :EXEC GetUserTreeMenu 'pramudyono hadi','1310',@CompanyId=2;
09/08/2021 09:38:31	SQL :EXEC GetUserTreeMenu 'pramudyono hadi','1311',@CompanyId=2;
09/08/2021 09:38:31	SQL :EXEC GetUserTreeMenu 'pramudyono hadi','1312',@CompanyId=2;
09/08/2021 09:38:31	SQL :EXEC GetUserTreeMenu 'pramudyono hadi','1313',@CompanyId=2;
09/08/2021 09:38:31	SQL :EXEC GetUserTreeMenu 'pramudyono hadi','1314',@CompanyId=2;
09/08/2021 09:38:31	SQL :EXEC GetUserTreeMenu 'pramudyono hadi','1315',@CompanyId=2;
09/08/2021 09:38:31	SQL :EXEC GetUserTreeMenu 'pramudyono hadi','1316',@CompanyId=2;
09/08/2021 09:38:31	SQL :EXEC GetUserTreeMenu 'pramudyono hadi','1317',@CompanyId=2;
09/08/2021 09:38:31	SQL :EXEC GetUserTreeMenu 'pramudyono hadi','1318',@CompanyId=2;
09/08/2021 09:38:31	SQL :EXEC GetUserTreeMenu 'pramudyono hadi','1319',@CompanyId=2;
09/08/2021 09:38:31	SQL :EXEC GetUserTreeMenu 'pramudyono hadi','1320',@CompanyId=2;
09/08/2021 09:38:31	SQL :EXEC GetUserTreeMenu 'pramudyono hadi','1321',@CompanyId=2;
09/08/2021 09:38:31	SQL :EXEC GetUserSubMenu 'pramudyono hadi','14';
09/08/2021 09:38:31	SQL :EXEC GetUserTreeMenu 'pramudyono hadi','1401',@CompanyId=2;
09/08/2021 09:38:31	SQL :EXEC GetUserTreeMenu 'pramudyono hadi','1402',@CompanyId=2;
09/08/2021 09:38:31	SQL :EXEC GetUserTreeMenu 'pramudyono hadi','1403',@CompanyId=2;
09/08/2021 09:38:31	SQL :EXEC GetUserTreeMenu 'pramudyono hadi','1404',@CompanyId=2;
09/08/2021 09:38:31	SQL :EXEC GetUserTreeMenu 'pramudyono hadi','1406',@CompanyId=2;
09/08/2021 09:38:31	SQL :EXEC GetUserTreeMenu 'pramudyono hadi','1408',@CompanyId=2;
09/08/2021 09:38:31	SQL :EXEC GetUserTreeMenu 'pramudyono hadi','1410',@CompanyId=2;
09/08/2021 09:38:31	SQL :EXEC GetUserTreeMenu 'pramudyono hadi','1411',@CompanyId=2;
09/08/2021 09:38:31	SQL :EXEC GetUserTreeMenu 'pramudyono hadi','1412',@CompanyId=2;
09/08/2021 09:38:31	SQL :EXEC GetUserTreeMenu 'pramudyono hadi','1413',@CompanyId=2;
09/08/2021 09:38:31	SQL :EXEC GetUserTreeMenu 'pramudyono hadi','1414',@CompanyId=2;
09/08/2021 09:38:31	SQL :EXEC GetUserSubMenu 'pramudyono hadi','15';
09/08/2021 09:38:31	SQL :EXEC GetUserTreeMenu 'pramudyono hadi','1501',@CompanyId=2;
09/08/2021 09:38:31	SQL :EXEC GetUserTreeMenu 'pramudyono hadi','1502',@CompanyId=2;
09/08/2021 09:38:31	SQL :EXEC GetUserTreeMenu 'pramudyono hadi','1503',@CompanyId=2;
09/08/2021 09:38:31	SQL :EXEC GetUserTreeMenu 'pramudyono hadi','1504',@CompanyId=2;
09/08/2021 09:38:31	SQL :EXEC GetUserTreeMenu 'pramudyono hadi','1505',@CompanyId=2;
09/08/2021 09:38:31	SQL :EXEC GetUserTreeMenu 'pramudyono hadi','1506',@CompanyId=2;
09/08/2021 09:38:31	SQL :EXEC GetUserTreeMenu 'pramudyono hadi','1507',@CompanyId=2;
09/08/2021 09:38:31	SQL :EXEC GetUserTreeMenu 'pramudyono hadi','1508',@CompanyId=2;
09/08/2021 09:38:31	SQL :EXEC GetUserTreeMenu 'pramudyono hadi','1509',@CompanyId=2;
09/08/2021 09:38:31	SQL :EXEC GetUserTreeMenu 'pramudyono hadi','1510',@CompanyId=2;
09/08/2021 09:38:31	SQL :EXEC GetUserTreeMenu 'pramudyono hadi','1511',@CompanyId=2;
09/08/2021 09:38:31	SQL :EXEC GetUserSubMenu 'pramudyono hadi','16';
09/08/2021 09:38:31	SQL :EXEC GetUserTreeMenu 'pramudyono hadi','1601',@CompanyId=2;
09/08/2021 09:38:31	SQL :EXEC GetUserTreeMenu 'pramudyono hadi','1602',@CompanyId=2;
09/08/2021 09:38:31	SQL :EXEC GetUserTreeMenu 'pramudyono hadi','1603',@CompanyId=2;
09/08/2021 09:38:31	SQL :EXEC GetUserTreeMenu 'pramudyono hadi','1604',@CompanyId=2;
09/08/2021 09:38:31	SQL :EXEC GetUserTreeMenu 'pramudyono hadi','1605',@CompanyId=2;
09/08/2021 09:38:31	SQL :EXEC GetUserTreeMenu 'pramudyono hadi','1606',@CompanyId=2;
09/08/2021 09:38:31	SQL :EXEC GetUserTreeMenu 'pramudyono hadi','1607',@CompanyId=2;
09/08/2021 09:38:31	SQL :EXEC GetUserTreeMenu 'pramudyono hadi','1608',@CompanyId=2;
09/08/2021 09:38:31	SQL :EXEC GetUserTreeMenu 'pramudyono hadi','1609',@CompanyId=2;
09/08/2021 09:38:31	SQL :EXEC GetUserTreeMenu 'pramudyono hadi','1610',@CompanyId=2;
09/08/2021 09:38:31	SQL :EXEC GetUserTreeMenu 'pramudyono hadi','1611',@CompanyId=2;
09/08/2021 09:38:31	SQL :EXEC GetUserTreeMenu 'pramudyono hadi','1612',@CompanyId=2;
09/08/2021 09:38:31	SQL :EXEC GetUserTreeMenu 'pramudyono hadi','1613',@CompanyId=2;
09/08/2021 09:38:31	SQL :EXEC GetUserTreeMenu 'pramudyono hadi','1614',@CompanyId=2;
09/08/2021 09:38:31	SQL :EXEC GetUserTreeMenu 'pramudyono hadi','1615',@CompanyId=2;
09/08/2021 09:38:31	SQL :EXEC GetUserTreeMenu 'pramudyono hadi','1616',@CompanyId=2;
09/08/2021 09:38:31	SQL :EXEC GetUserTreeMenu 'pramudyono hadi','1619',@CompanyId=2;
09/08/2021 09:38:31	SQL :EXEC GetUserTreeMenu 'pramudyono hadi','1620',@CompanyId=2;
09/08/2021 09:38:31	SQL :EXEC GetUserSubMenu 'pramudyono hadi','17';
09/08/2021 09:38:31	SQL :EXEC GetUserTreeMenu 'pramudyono hadi','1701',@CompanyId=2;
09/08/2021 09:38:31	SQL :EXEC GetUserTreeMenu 'pramudyono hadi','1702',@CompanyId=2;
09/08/2021 09:38:31	SQL :EXEC GetUserTreeMenu 'pramudyono hadi','1703',@CompanyId=2;
09/08/2021 09:38:31	SQL :EXEC GetUserTreeMenu 'pramudyono hadi','1704',@CompanyId=2;
09/08/2021 09:38:31	SQL :EXEC GetUserTreeMenu 'pramudyono hadi','1705',@CompanyId=2;
09/08/2021 09:38:31	SQL :EXEC GetUserTreeMenu 'pramudyono hadi','1706',@CompanyId=2;
09/08/2021 09:38:31	SQL :EXEC GetUserTreeMenu 'pramudyono hadi','1707',@CompanyId=2;
09/08/2021 09:38:31	SQL :EXEC GetUserTreeMenu 'pramudyono hadi','1708',@CompanyId=2;
09/08/2021 09:38:31	SQL :EXEC GetUserTreeMenu 'pramudyono hadi','1709',@CompanyId=2;
09/08/2021 09:38:31	SQL :EXEC GetUserTreeMenu 'pramudyono hadi','1710',@CompanyId=2;
09/08/2021 09:38:31	SQL :EXEC GetUserTreeMenu 'pramudyono hadi','1711',@CompanyId=2;
09/08/2021 09:38:31	SQL :EXEC GetUserTreeMenu 'pramudyono hadi','1712',@CompanyId=2;
09/08/2021 09:38:31	SQL :EXEC GetUserTreeMenu 'pramudyono hadi','1713',@CompanyId=2;
09/08/2021 09:38:31	SQL :EXEC GetUserTreeMenu 'pramudyono hadi','1714',@CompanyId=2;
09/08/2021 09:38:31	SQL :EXEC GetUserTreeMenu 'pramudyono hadi','1715',@CompanyId=2;
09/08/2021 09:38:31	SQL :EXEC GetUserTreeMenu 'pramudyono hadi','1716',@CompanyId=2;
09/08/2021 09:38:31	SQL :EXEC GetUserTreeMenu 'pramudyono hadi','1717',@CompanyId=2;
09/08/2021 09:38:31	SQL :EXEC GetUserSubMenu 'pramudyono hadi','18';
09/08/2021 09:38:31	SQL :EXEC GetUserTreeMenu 'pramudyono hadi','1801',@CompanyId=2;
09/08/2021 09:38:31	SQL :EXEC GetUserSubMenu 'pramudyono hadi','19';
09/08/2021 09:38:31	SQL :EXEC GetUserTreeMenu 'pramudyono hadi','1901',@CompanyId=2;
09/08/2021 09:38:31	SQL :EXEC GetUserTreeMenu 'pramudyono hadi','1902',@CompanyId=2;
09/08/2021 09:38:31	SQL :EXEC GetUserTreeMenu 'pramudyono hadi','1903',@CompanyId=2;
09/08/2021 09:38:31	SQL :EXEC GetUserTreeMenu 'pramudyono hadi','1904',@CompanyId=2;
09/08/2021 09:38:31	SQL :EXEC GetUserTreeMenu 'pramudyono hadi','1905',@CompanyId=2;
09/08/2021 09:38:31	SQL :EXEC GetUserTreeMenu 'pramudyono hadi','1906',@CompanyId=2;
09/08/2021 09:38:31	SQL :EXEC GetUserTreeMenu 'pramudyono hadi','1907',@CompanyId=2;
09/08/2021 09:38:31	SQL :EXEC GetUserTreeMenu 'pramudyono hadi','1908',@CompanyId=2;
09/08/2021 09:38:32	SQL :EXEC GetUserTreeMenu 'pramudyono hadi','1909',@CompanyId=2;
09/08/2021 09:38:32	SQL :EXEC GetUserTreeMenu 'pramudyono hadi','1910',@CompanyId=2;
09/08/2021 09:38:32	SQL :EXEC GetUserTreeMenu 'pramudyono hadi','1911',@CompanyId=2;
09/08/2021 09:38:32	SQL :EXEC GetUserTreeMenu 'pramudyono hadi','1912',@CompanyId=2;
09/08/2021 09:38:32	SQL :SELECT CONVERT(VARCHAR(8),GETDATE(),108) AS hour_minute;
09/08/2021 09:38:32	SQL :SELECT CONVERT(VARCHAR(10),GETDATE(),103) AS date_time;
09/08/2021 09:38:32	Loading Setting
09/08/2021 09:38:32	Open DB Connection
09/08/2021 09:38:32	SQL :SELECT * FROM wh_setting WHERE setting_name='Hold_Less_Deposit';
09/08/2021 09:38:32	SQL :SELECT * FROM wh_setting WHERE setting_name='Max_Less_Deposit';
09/08/2021 09:38:32	SQL :SELECT * FROM wh_setting WHERE setting_name='Dashboard_2';
09/08/2021 09:38:32	Finish Logging
09/08/2021 09:38:32	SQL :SELECT value_string FROM wh_setting WHERE (setting_name='Interval_CheckInDate') AND (active=1);
09/08/2021 09:38:32	SQL :SELECT value_string FROM wh_setting WHERE (setting_name='Interval_CheckInTime') AND (active=1);
09/08/2021 09:38:32	SQL :SELECT value_string FROM wh_setting WHERE (setting_name='ChatEnable') and (active=1);
09/08/2021 09:38:33	Message:Port Check
09/08/2021 09:38:33	Message:Open DB Connection
09/08/2021 09:38:33	SQL :EXEC GetMessage '01','pramudyono hadi';
09/08/2021 09:38:33	SQL :SELECT CONVERT(VARCHAR(8),GETDATE(),108) AS hour_minute;
09/08/2021 09:38:33	SQL :SELECT CONVERT(VARCHAR(10),GETDATE(),103) AS date_time;
09/08/2021 09:38:35	Open Menu :190507
09/08/2021 09:38:35	Open DB Connection
09/08/2021 09:38:35	SQL :EXEC AuthMenu 'pramudyono hadi',190507;
09/08/2021 09:38:35	Form Check :BusRunningDaysminiRpt
09/08/2021 09:38:35	Form Open: BusRunningDaysMiniRpt=,0
09/08/2021 09:38:35	Open DB Connection
09/08/2021 09:38:35	SQL :EXEC GetCompanyLocationList
09/08/2021 09:38:35	SQL :EXEC GetUserRDLocationList @UserName='pramudyono hadi' ;
09/08/2021 09:38:35	SQL :EXEC GetGroup 2;
09/08/2021 09:38:35	Open DB Connection
09/08/2021 09:38:39	Open DB Connection
09/08/2021 09:38:39	SQL :SELECT * FROM wh_setting WHERE (setting_name='ServiceBerkala_as_PKB_2') AND (active=1);
09/08/2021 09:38:39	Open DB Connection
09/08/2021 09:38:39	SQL :EXEC GetVhcList 6,@CompanyId=2,@OrderBy='h.vhc_batch_id,seat,license_plate',@ShowBatch=1,@Dates='2021/08/31';
09/08/2021 09:38:40	SQL :EXEC GetRunningDaysDetail 'BS15070005',@FromDate='2021-08-01',@ToDate='2021-08-31', @CompanyId=2;
09/08/2021 09:38:41	SQL :EXEC GetRunningDaysDetail 'BS15100003',@FromDate='2021-08-01',@ToDate='2021-08-31', @CompanyId=2;
09/08/2021 09:38:41	SQL :EXEC GetRunningDaysDetail 'BS15070004',@FromDate='2021-08-01',@ToDate='2021-08-31', @CompanyId=2;
09/08/2021 09:38:42	SQL :EXEC GetRunningDaysDetail 'BU13090145',@FromDate='2021-08-01',@ToDate='2021-08-31', @CompanyId=2;
09/08/2021 09:38:42	SQL :EXEC GetRunningDaysDetail 'BU13090079',@FromDate='2021-08-01',@ToDate='2021-08-31', @CompanyId=2;
09/08/2021 09:38:44	SQL :EXEC GetRunningDaysDetail 'BS14070003',@FromDate='2021-08-01',@ToDate='2021-08-31', @CompanyId=2;
09/08/2021 09:38:45	SQL :EXEC GetRunningDaysDetail 'BU13090081',@FromDate='2021-08-01',@ToDate='2021-08-31', @CompanyId=2;
09/08/2021 09:38:45	SQL :EXEC GetRunningDaysDetail 'GL1218020002',@FromDate='2021-08-01',@ToDate='2021-08-31', @CompanyId=2;
09/08/2021 09:38:46	SQL :EXEC GetRunningDaysDetail 'BS14070001',@FromDate='2021-08-01',@ToDate='2021-08-31', @CompanyId=2;
09/08/2021 09:38:48	SQL :EXEC GetRunningDaysDetail 'BU13090083',@FromDate='2021-08-01',@ToDate='2021-08-31', @CompanyId=2;
09/08/2021 09:38:48	SQL :EXEC GetRunningDaysDetail 'BS14070004',@FromDate='2021-08-01',@ToDate='2021-08-31', @CompanyId=2;
09/08/2021 09:38:49	SQL :EXEC GetRunningDaysDetail 'GL1218020001',@FromDate='2021-08-01',@ToDate='2021-08-31', @CompanyId=2;
09/08/2021 09:38:49	SQL :EXEC GetRunningDaysDetail 'BS15070006',@FromDate='2021-08-01',@ToDate='2021-08-31', @CompanyId=2;
09/08/2021 09:38:49	SQL :EXEC GetRunningDaysDetail 'BU13090086',@FromDate='2021-08-01',@ToDate='2021-08-31', @CompanyId=2;
09/08/2021 09:38:49	SQL :EXEC GetRunningDaysDetail 'BU13090087',@FromDate='2021-08-01',@ToDate='2021-08-31', @CompanyId=2;
09/08/2021 09:38:50	SQL :EXEC GetRunningDaysDetail 'BU13090088',@FromDate='2021-08-01',@ToDate='2021-08-31', @CompanyId=2;
09/08/2021 09:38:50	SQL :EXEC GetRunningDaysDetail 'BU13090089',@FromDate='2021-08-01',@ToDate='2021-08-31', @CompanyId=2;
09/08/2021 09:38:50	SQL :EXEC GetRunningDaysDetail 'BU13090090',@FromDate='2021-08-01',@ToDate='2021-08-31', @CompanyId=2;
09/08/2021 09:38:51	SQL :EXEC GetRunningDaysDetail 'BU13090091',@FromDate='2021-08-01',@ToDate='2021-08-31', @CompanyId=2;
09/08/2021 09:38:51	SQL :EXEC GetRunningDaysDetail 'BU13090093',@FromDate='2021-08-01',@ToDate='2021-08-31', @CompanyId=2;
09/08/2021 09:38:52	SQL :EXEC GetRunningDaysDetail 'BU13090094',@FromDate='2021-08-01',@ToDate='2021-08-31', @CompanyId=2;
09/08/2021 09:38:52	SQL :EXEC GetRunningDaysDetail 'BU13090072',@FromDate='2021-08-01',@ToDate='2021-08-31', @CompanyId=2;
09/08/2021 09:38:53	SQL :EXEC GetRunningDaysDetail 'BS15090014',@FromDate='2021-08-01',@ToDate='2021-08-31', @CompanyId=2;
09/08/2021 09:38:54	SQL :EXEC GetRunningDaysDetail 'BS15090022',@FromDate='2021-08-01',@ToDate='2021-08-31', @CompanyId=2;
09/08/2021 09:38:55	SQL :EXEC GetRunningDaysDetail 'BS220010001',@FromDate='2021-08-01',@ToDate='2021-08-31', @CompanyId=2;
09/08/2021 09:38:55	SQL :EXEC GetRunningDaysDetail 'BS220010002',@FromDate='2021-08-01',@ToDate='2021-08-31', @CompanyId=2;
09/08/2021 09:38:55	SQL :EXEC GetRunningDaysDetail 'BS220010003',@FromDate='2021-08-01',@ToDate='2021-08-31', @CompanyId=2;
09/08/2021 09:38:56	SQL :EXEC GetRunningDaysDetail 'BS220010004',@FromDate='2021-08-01',@ToDate='2021-08-31', @CompanyId=2;
09/08/2021 09:38:56	SQL :EXEC GetRunningDaysDetail 'BS220010005',@FromDate='2021-08-01',@ToDate='2021-08-31', @CompanyId=2;
09/08/2021 09:38:56	SQL :EXEC GetRunningDaysDetail 'BU13090054',@FromDate='2021-08-01',@ToDate='2021-08-31', @CompanyId=2;
09/08/2021 09:38:57	SQL :EXEC GetRunningDaysDetail 'BU13090057',@FromDate='2021-08-01',@ToDate='2021-08-31', @CompanyId=2;
09/08/2021 09:38:57	SQL :EXEC GetRunningDaysDetail 'BS14050001',@FromDate='2021-08-01',@ToDate='2021-08-31', @CompanyId=2;
09/08/2021 09:38:58	SQL :EXEC GetRunningDaysDetail 'BU13090044',@FromDate='2021-08-01',@ToDate='2021-08-31', @CompanyId=2;
09/08/2021 09:38:58	SQL :EXEC GetRunningDaysDetail 'BU13090046',@FromDate='2021-08-01',@ToDate='2021-08-31', @CompanyId=2;
09/08/2021 09:38:59	SQL :EXEC GetRunningDaysDetail 'BU13090047',@FromDate='2021-08-01',@ToDate='2021-08-31', @CompanyId=2;
09/08/2021 09:38:59	SQL :EXEC GetRunningDaysDetail 'BU13090048',@FromDate='2021-08-01',@ToDate='2021-08-31', @CompanyId=2;
09/08/2021 09:39:00	SQL :EXEC GetRunningDaysDetail 'BU13090051',@FromDate='2021-08-01',@ToDate='2021-08-31', @CompanyId=2;
09/08/2021 09:39:01	SQL :EXEC GetRunningDaysDetail 'BU13090056',@FromDate='2021-08-01',@ToDate='2021-08-31', @CompanyId=2;
09/08/2021 09:39:02	SQL :EXEC GetRunningDaysDetail 'BS14050005',@FromDate='2021-08-01',@ToDate='2021-08-31', @CompanyId=2;
09/08/2021 09:39:02	SQL :EXEC GetRunningDaysDetail 'BS14050002',@FromDate='2021-08-01',@ToDate='2021-08-31', @CompanyId=2;
09/08/2021 09:39:05	SQL :EXEC GetRunningDaysDetail 'BS14050003',@FromDate='2021-08-01',@ToDate='2021-08-31', @CompanyId=2;
09/08/2021 09:39:06	SQL :EXEC GetRunningDaysDetail 'BS14050004',@FromDate='2021-08-01',@ToDate='2021-08-31', @CompanyId=2;
09/08/2021 09:39:06	SQL :EXEC GetRunningDaysDetail 'BS14050008',@FromDate='2021-08-01',@ToDate='2021-08-31', @CompanyId=2;
09/08/2021 09:39:07	SQL :EXEC GetRunningDaysDetail 'BS14050006',@FromDate='2021-08-01',@ToDate='2021-08-31', @CompanyId=2;
09/08/2021 09:39:08	SQL :EXEC GetRunningDaysDetail 'BS14110001',@FromDate='2021-08-01',@ToDate='2021-08-31', @CompanyId=2;
09/08/2021 09:39:09	SQL :EXEC GetRunningDaysDetail 'BS14110002',@FromDate='2021-08-01',@ToDate='2021-08-31', @CompanyId=2;
09/08/2021 09:39:09	SQL :EXEC GetRunningDaysDetail 'BS17100020',@FromDate='2021-08-01',@ToDate='2021-08-31', @CompanyId=2;
09/08/2021 09:39:10	SQL :EXEC GetRunningDaysDetail 'BS216050001',@FromDate='2021-08-01',@ToDate='2021-08-31', @CompanyId=2;
09/08/2021 09:39:11	SQL :EXEC GetRunningDaysDetail 'BS216050002',@FromDate='2021-08-01',@ToDate='2021-08-31', @CompanyId=2;
09/08/2021 09:39:12	SQL :EXEC GetRunningDaysDetail 'BS17100017',@FromDate='2021-08-01',@ToDate='2021-08-31', @CompanyId=2;
09/08/2021 09:39:13	SQL :EXEC GetRunningDaysDetail 'BS17100016',@FromDate='2021-08-01',@ToDate='2021-08-31', @CompanyId=2;
09/08/2021 09:39:15	SQL :EXEC GetRunningDaysDetail 'BS1118070003',@FromDate='2021-08-01',@ToDate='2021-08-31', @CompanyId=2;
09/08/2021 09:39:16	SQL :EXEC GetRunningDaysDetail 'BS918060001',@FromDate='2021-08-01',@ToDate='2021-08-31', @CompanyId=2;
09/08/2021 09:39:17	SQL :EXEC GetRunningDaysDetail 'BS218050002',@FromDate='2021-08-01',@ToDate='2021-08-31', @CompanyId=2;
09/08/2021 09:39:19	SQL :EXEC GetRunningDaysDetail 'BS218050001',@FromDate='2021-08-01',@ToDate='2021-08-31', @CompanyId=2;
09/08/2021 09:39:19	SQL :EXEC GetRunningDaysDetail 'BS218090002',@FromDate='2021-08-01',@ToDate='2021-08-31', @CompanyId=2;
09/08/2021 09:39:20	SQL :EXEC GetRunningDaysDetail 'BS218090003',@FromDate='2021-08-01',@ToDate='2021-08-31', @CompanyId=2;
09/08/2021 09:39:22	SQL :EXEC GetRunningDaysDetail 'BS218110003',@FromDate='2021-08-01',@ToDate='2021-08-31', @CompanyId=2;
09/08/2021 09:39:23	SQL :EXEC GetRunningDaysDetail 'BS218110001',@FromDate='2021-08-01',@ToDate='2021-08-31', @CompanyId=2;
09/08/2021 09:39:24	SQL :EXEC GetRunningDaysDetail 'BS217010007',@FromDate='2021-08-01',@ToDate='2021-08-31', @CompanyId=2;
09/08/2021 09:39:27	SQL :EXEC GetRunningDaysDetail 'BS217020001',@FromDate='2021-08-01',@ToDate='2021-08-31', @CompanyId=2;
09/08/2021 09:39:28	SQL :EXEC GetRunningDaysDetail 'BS217020002',@FromDate='2021-08-01',@ToDate='2021-08-31', @CompanyId=2;
09/08/2021 09:39:31	SQL :EXEC GetRunningDaysDetail 'BS217060004',@FromDate='2021-08-01',@ToDate='2021-08-31', @CompanyId=2;
09/08/2021 09:39:33	SQL :EXEC GetRunningDaysDetail 'BS217060003',@FromDate='2021-08-01',@ToDate='2021-08-31', @CompanyId=2;
09/08/2021 09:39:35	SQL :EXEC GetRunningDaysDetail 'BS917080001',@FromDate='2021-08-01',@ToDate='2021-08-31', @CompanyId=2;
09/08/2021 09:39:40	SQL :EXEC GetRunningDaysDetail 'BS917080002',@FromDate='2021-08-01',@ToDate='2021-08-31', @CompanyId=2;
09/08/2021 09:39:45	SQL :EXEC GetRunningDaysDetail 'BS218070003',@FromDate='2021-08-01',@ToDate='2021-08-31', @CompanyId=2;
09/08/2021 09:39:46	SQL :EXEC GetRunningDaysDetail 'BS218070001',@FromDate='2021-08-01',@ToDate='2021-08-31', @CompanyId=2;
09/08/2021 09:39:50	SQL :EXEC GetRunningDaysDetail 'BS218070004',@FromDate='2021-08-01',@ToDate='2021-08-31', @CompanyId=2;
09/08/2021 09:39:52	SQL :EXEC GetRunningDaysDetail 'BS219100004',@FromDate='2021-08-01',@ToDate='2021-08-31', @CompanyId=2;
09/08/2021 09:39:53	SQL :EXEC GetRunningDaysDetail 'BS219100003',@FromDate='2021-08-01',@ToDate='2021-08-31', @CompanyId=2;
09/08/2021 09:39:55	SQL :EXEC GetRunningDaysDetail 'BS217010001',@FromDate='2021-08-01',@ToDate='2021-08-31', @CompanyId=2;
09/08/2021 09:39:56	SQL :EXEC GetRunningDaysDetail 'BS217010002',@FromDate='2021-08-01',@ToDate='2021-08-31', @CompanyId=2;
09/08/2021 09:39:56	SQL :EXEC GetRunningDaysDetail 'BS218090001',@FromDate='2021-08-01',@ToDate='2021-08-31', @CompanyId=2;
09/08/2021 09:39:57	SQL :EXEC GetRunningDaysDetail 'BS217080003',@FromDate='2021-08-01',@ToDate='2021-08-31', @CompanyId=2;
09/08/2021 09:39:57	SQL :EXEC GetRunningDaysDetail 'BS217080004',@FromDate='2021-08-01',@ToDate='2021-08-31', @CompanyId=2;
09/08/2021 09:39:58	SQL :EXEC GetRunningDaysDetail 'BS217080006',@FromDate='2021-08-01',@ToDate='2021-08-31', @CompanyId=2;
09/08/2021 09:39:59	SQL :EXEC GetRunningDaysDetail 'BS1218020001',@FromDate='2021-08-01',@ToDate='2021-08-31', @CompanyId=2;
09/08/2021 09:39:59	SQL :EXEC GetRunningDaysDetail 'BS218050003',@FromDate='2021-08-01',@ToDate='2021-08-31', @CompanyId=2;
09/08/2021 09:40:00	SQL :EXEC GetRunningDaysDetail 'BS217080001',@FromDate='2021-08-01',@ToDate='2021-08-31', @CompanyId=2;
09/08/2021 09:40:01	SQL :EXEC GetRunningDaysDetail 'BS217080002',@FromDate='2021-08-01',@ToDate='2021-08-31', @CompanyId=2;
09/08/2021 09:40:01	SQL :EXEC GetRunningDaysDetail 'BS217020006',@FromDate='2021-08-01',@ToDate='2021-08-31', @CompanyId=2;
09/08/2021 09:40:01	SQL :EXEC GetRunningDaysDetail 'BS220100001',@FromDate='2021-08-01',@ToDate='2021-08-31', @CompanyId=2;
09/08/2021 09:40:02	SQL :EXEC GetRunningDaysDetail 'BS219090002',@FromDate='2021-08-01',@ToDate='2021-08-31', @CompanyId=2;
09/08/2021 09:40:02	SQL :EXEC GetRunningDaysDetail 'BS221040001',@FromDate='2021-08-01',@ToDate='2021-08-31', @CompanyId=2;
09/08/2021 09:40:02	SQL :EXEC GetRunningDaysDetail 'BS221040002',@FromDate='2021-08-01',@ToDate='2021-08-31', @CompanyId=2;
09/08/2021 09:40:02	SQL :EXEC GetRunningDaysDetail 'BS220110001',@FromDate='2021-08-01',@ToDate='2021-08-31', @CompanyId=2;
09/08/2021 09:40:03	SQL :EXEC GetRunningDaysDetail 'BS220110004',@FromDate='2021-08-01',@ToDate='2021-08-31', @CompanyId=2;
09/08/2021 09:40:03	SQL :EXEC GetRunningDaysDetail 'BS220110005',@FromDate='2021-08-01',@ToDate='2021-08-31', @CompanyId=2;
09/08/2021 09:40:03	SQL :EXEC GetRunningDaysDetail 'BS1118070005',@FromDate='2021-08-01',@ToDate='2021-08-31', @CompanyId=2;
09/08/2021 09:40:05	SQL :EXEC GetRunningDaysDetail 'BS221060001',@FromDate='2021-08-01',@ToDate='2021-08-31', @CompanyId=2;
09/08/2021 09:40:05	SQL :EXEC GetRunningDaysDetail 'BS221010001',@FromDate='2021-08-01',@ToDate='2021-08-31', @CompanyId=2;
09/08/2021 09:40:05	SQL :EXEC GetRunningDaysDetail 'BS221010002',@FromDate='2021-08-01',@ToDate='2021-08-31', @CompanyId=2;
09/08/2021 09:40:05	SQL :EXEC GetRunningDaysDetail 'BS221060004',@FromDate='2021-08-01',@ToDate='2021-08-31', @CompanyId=2;
09/08/2021 09:40:06	SQL :EXEC GetRunningDaysDetail 'BS221020002',@FromDate='2021-08-01',@ToDate='2021-08-31', @CompanyId=2;
09/08/2021 09:40:07	SQL :EXEC GetRunningDaysDetail 'BS221070008',@FromDate='2021-08-01',@ToDate='2021-08-31', @CompanyId=2;
09/08/2021 09:40:08	SQL :EXEC GetRunningDaysDetail 'BS221070009',@FromDate='2021-08-01',@ToDate='2021-08-31', @CompanyId=2;
09/08/2021 09:40:10	SQL :EXEC GetRunningDaysDetail 'BS221020001',@FromDate='2021-08-01',@ToDate='2021-08-31', @CompanyId=2;
09/08/2021 09:40:10	SQL :EXEC GetRunningDaysDetail 'BS221070072',@FromDate='2021-08-01',@ToDate='2021-08-31', @CompanyId=2;
09/08/2021 09:40:11	SQL :EXEC GetRunningDaysDetail 'BS220080001',@FromDate='2021-08-01',@ToDate='2021-08-31', @CompanyId=2;
09/08/2021 09:40:11	SQL :EXEC GetRunningDaysDetail 'BS220080003',@FromDate='2021-08-01',@ToDate='2021-08-31', @CompanyId=2;
09/08/2021 09:40:12	SQL :EXEC GetRunningDaysDetail 'BS220080004',@FromDate='2021-08-01',@ToDate='2021-08-31', @CompanyId=2;
09/08/2021 09:40:13	SQL :EXEC GetRunningDaysDetail 'BS220080005',@FromDate='2021-08-01',@ToDate='2021-08-31', @CompanyId=2;
09/08/2021 09:40:15	SQL :EXEC GetRunningDaysDetail 'BS220070002',@FromDate='2021-08-01',@ToDate='2021-08-31', @CompanyId=2;
09/08/2021 09:40:15	SQL :EXEC GetRunningDaysDetail 'BS220070001',@FromDate='2021-08-01',@ToDate='2021-08-31', @CompanyId=2;
09/08/2021 09:40:16	SQL :EXEC GetRunningDaysDetail 'BS221060002',@FromDate='2021-08-01',@ToDate='2021-08-31', @CompanyId=2;
09/08/2021 09:40:16	SQL :EXEC GetRunningDaysDetail 'BS220110002',@FromDate='2021-08-01',@ToDate='2021-08-31', @CompanyId=2;
09/08/2021 09:40:17	SQL :EXEC GetRunningDaysDetail 'BS220110003',@FromDate='2021-08-01',@ToDate='2021-08-31', @CompanyId=2;
09/08/2021 09:40:17	SQL :EXEC GetRunningDaysDetail 'BS221020003',@FromDate='2021-08-01',@ToDate='2021-08-31', @CompanyId=2;
09/08/2021 09:40:18	SQL :EXEC GetRunningDaysDetail 'BS221020004',@FromDate='2021-08-01',@ToDate='2021-08-31', @CompanyId=2;
09/08/2021 09:40:19	SQL :EXEC GetRunningDaysDetail 'BS220010006',@FromDate='2021-08-01',@ToDate='2021-08-31', @CompanyId=2;
09/08/2021 09:40:19	SQL :EXEC GetRunningDaysDetail 'BS221080002',@FromDate='2021-08-01',@ToDate='2021-08-31', @CompanyId=2;
09/08/2021 09:40:19	SQL :EXEC GetRunningDaysDetail 'BS221080001',@FromDate='2021-08-01',@ToDate='2021-08-31', @CompanyId=2;
09/08/2021 09:40:20	SQL :EXEC GetRunningDaysDetail 'BS221070074',@FromDate='2021-08-01',@ToDate='2021-08-31', @CompanyId=2;
09/08/2021 09:40:20	SQL :EXEC GetRunningDaysDetail 'BS221070073',@FromDate='2021-08-01',@ToDate='2021-08-31', @CompanyId=2;
09/08/2021 09:40:21	SQL :EXEC GetRunningDaysDetail 'BS218050004',@FromDate='2021-08-01',@ToDate='2021-08-31', @CompanyId=2;
09/08/2021 09:40:21	SQL :EXEC GetRunningDaysDetail 'BS218070005',@FromDate='2021-08-01',@ToDate='2021-08-31', @CompanyId=2;
09/08/2021 09:40:21	SQL :EXEC GetRunningDaysDetail 'BS221040003',@FromDate='2021-08-01',@ToDate='2021-08-31', @CompanyId=2;
09/08/2021 09:40:21	SQL :EXEC GetRunningDaysDetail 'BS218070007',@FromDate='2021-08-01',@ToDate='2021-08-31', @CompanyId=2;
09/08/2021 09:40:22	SQL :EXEC GetRunningDaysDetail 'BS218070006',@FromDate='2021-08-01',@ToDate='2021-08-31', @CompanyId=2;
09/08/2021 09:40:22	SQL :EXEC GetRunningDaysDetail 'BS219090001',@FromDate='2021-08-01',@ToDate='2021-08-31', @CompanyId=2;
09/08/2021 09:40:22	SQL :EXEC GetRunningDaysDetail 'BS219110001',@FromDate='2021-08-01',@ToDate='2021-08-31', @CompanyId=2;
09/08/2021 09:40:23	SQL :EXEC GetRunningDaysDetail 'BU13090043',@FromDate='2021-08-01',@ToDate='2021-08-31', @CompanyId=2;
09/08/2021 09:40:23	SQL :EXEC GetRunningDaysDetail 'BS14050007',@FromDate='2021-08-01',@ToDate='2021-08-31', @CompanyId=2;
09/08/2021 09:40:23	SQL :EXEC GetRunningDaysDetail 'BU13090049',@FromDate='2021-08-01',@ToDate='2021-08-31', @CompanyId=2;
09/08/2021 09:40:24	SQL :EXEC GetRunningDaysDetail 'BS221060003',@FromDate='2021-08-01',@ToDate='2021-08-31', @CompanyId=2;
09/08/2021 09:40:25	SQL :EXEC GetRunningDaysDetail 'BS221070042',@FromDate='2021-08-01',@ToDate='2021-08-31', @CompanyId=2;
09/08/2021 09:40:25	SQL :EXEC GetRunningDaysDetail 'BS221070043',@FromDate='2021-08-01',@ToDate='2021-08-31', @CompanyId=2;
09/08/2021 09:40:25	SQL :EXEC GetRunningDaysDetail 'BS221070046',@FromDate='2021-08-01',@ToDate='2021-08-31', @CompanyId=2;
09/08/2021 09:40:25	SQL :EXEC GetRunningDaysDetail 'BS221070047',@FromDate='2021-08-01',@ToDate='2021-08-31', @CompanyId=2;
09/08/2021 09:40:25	SQL :EXEC GetRunningDaysDetail 'BS221070048',@FromDate='2021-08-01',@ToDate='2021-08-31', @CompanyId=2;
09/08/2021 09:40:25	SQL :EXEC GetRunningDaysDetail 'BS221070049',@FromDate='2021-08-01',@ToDate='2021-08-31', @CompanyId=2;
09/08/2021 09:40:26	SQL :EXEC GetRunningDaysDetail 'BS221070044',@FromDate='2021-08-01',@ToDate='2021-08-31', @CompanyId=2;
09/08/2021 09:40:26	SQL :EXEC GetRunningDaysDetail 'BS221070050',@FromDate='2021-08-01',@ToDate='2021-08-31', @CompanyId=2;
09/08/2021 09:40:26	SQL :EXEC GetRunningDaysDetail 'BS221070051',@FromDate='2021-08-01',@ToDate='2021-08-31', @CompanyId=2;
09/08/2021 09:40:26	SQL :EXEC GetRunningDaysDetail 'BS221070052',@FromDate='2021-08-01',@ToDate='2021-08-31', @CompanyId=2;
09/08/2021 09:40:26	SQL :EXEC GetRunningDaysDetail 'BS221070053',@FromDate='2021-08-01',@ToDate='2021-08-31', @CompanyId=2;
09/08/2021 09:40:26	SQL :EXEC GetRunningDaysDetail 'BS221070054',@FromDate='2021-08-01',@ToDate='2021-08-31', @CompanyId=2;
09/08/2021 09:40:27	SQL :EXEC GetRunningDaysDetail 'BS221070055',@FromDate='2021-08-01',@ToDate='2021-08-31', @CompanyId=2;
09/08/2021 09:40:27	SQL :EXEC GetRunningDaysDetail 'BS221070056',@FromDate='2021-08-01',@ToDate='2021-08-31', @CompanyId=2;
09/08/2021 09:40:27	SQL :EXEC GetRunningDaysDetail 'BS221070057',@FromDate='2021-08-01',@ToDate='2021-08-31', @CompanyId=2;
09/08/2021 09:40:27	SQL :EXEC GetRunningDaysDetail 'BS221070058',@FromDate='2021-08-01',@ToDate='2021-08-31', @CompanyId=2;
09/08/2021 09:40:27	SQL :EXEC GetRunningDaysDetail 'BS221070045',@FromDate='2021-08-01',@ToDate='2021-08-31', @CompanyId=2;
09/08/2021 09:40:28	SQL :EXEC GetRunningDaysDetail 'BS221070006',@FromDate='2021-08-01',@ToDate='2021-08-31', @CompanyId=2;
09/08/2021 09:40:28	SQL :EXEC GetRunningDaysDetail 'BS221070026',@FromDate='2021-08-01',@ToDate='2021-08-31', @CompanyId=2;
09/08/2021 09:40:28	SQL :EXEC GetRunningDaysDetail 'BS221070027',@FromDate='2021-08-01',@ToDate='2021-08-31', @CompanyId=2;
09/08/2021 09:40:28	SQL :EXEC GetRunningDaysDetail 'BS221070028',@FromDate='2021-08-01',@ToDate='2021-08-31', @CompanyId=2;
09/08/2021 09:40:28	SQL :EXEC GetRunningDaysDetail 'BS221070029',@FromDate='2021-08-01',@ToDate='2021-08-31', @CompanyId=2;
09/08/2021 09:40:29	SQL :EXEC GetRunningDaysDetail 'BS221070030',@FromDate='2021-08-01',@ToDate='2021-08-31', @CompanyId=2;
09/08/2021 09:40:29	SQL :EXEC GetRunningDaysDetail 'BS221070031',@FromDate='2021-08-01',@ToDate='2021-08-31', @CompanyId=2;
09/08/2021 09:40:29	SQL :EXEC GetRunningDaysDetail 'BS221070032',@FromDate='2021-08-01',@ToDate='2021-08-31', @CompanyId=2;
09/08/2021 09:40:29	SQL :EXEC GetRunningDaysDetail 'BS221070033',@FromDate='2021-08-01',@ToDate='2021-08-31', @CompanyId=2;
09/08/2021 09:40:29	SQL :EXEC GetRunningDaysDetail 'BS221070034',@FromDate='2021-08-01',@ToDate='2021-08-31', @CompanyId=2;
09/08/2021 09:40:30	SQL :EXEC GetRunningDaysDetail 'BS221070035',@FromDate='2021-08-01',@ToDate='2021-08-31', @CompanyId=2;
09/08/2021 09:40:30	SQL :EXEC GetRunningDaysDetail 'BS221070036',@FromDate='2021-08-01',@ToDate='2021-08-31', @CompanyId=2;
09/08/2021 09:40:30	SQL :EXEC GetRunningDaysDetail 'BS221070037',@FromDate='2021-08-01',@ToDate='2021-08-31', @CompanyId=2;
09/08/2021 09:40:30	SQL :EXEC GetRunningDaysDetail 'BS221070038',@FromDate='2021-08-01',@ToDate='2021-08-31', @CompanyId=2;
09/08/2021 09:40:30	SQL :EXEC GetRunningDaysDetail 'BS221070039',@FromDate='2021-08-01',@ToDate='2021-08-31', @CompanyId=2;
09/08/2021 09:40:31	SQL :EXEC GetRunningDaysDetail 'BS221070040',@FromDate='2021-08-01',@ToDate='2021-08-31', @CompanyId=2;
09/08/2021 09:40:31	SQL :EXEC GetRunningDaysDetail 'BS221070059',@FromDate='2021-08-01',@ToDate='2021-08-31', @CompanyId=2;
09/08/2021 09:40:31	SQL :EXEC GetRunningDaysDetail 'BS221070014',@FromDate='2021-08-01',@ToDate='2021-08-31', @CompanyId=2;
09/08/2021 09:40:31	SQL :EXEC GetRunningDaysDetail 'BS221070015',@FromDate='2021-08-01',@ToDate='2021-08-31', @CompanyId=2;
09/08/2021 09:40:31	SQL :EXEC GetRunningDaysDetail 'BS221070001',@FromDate='2021-08-01',@ToDate='2021-08-31', @CompanyId=2;
09/08/2021 09:40:32	SQL :EXEC GetRunningDaysDetail 'BS221070002',@FromDate='2021-08-01',@ToDate='2021-08-31', @CompanyId=2;
09/08/2021 09:40:32	SQL :EXEC GetRunningDaysDetail 'BS221070003',@FromDate='2021-08-01',@ToDate='2021-08-31', @CompanyId=2;
09/08/2021 09:40:32	SQL :EXEC GetRunningDaysDetail 'BS221070004',@FromDate='2021-08-01',@ToDate='2021-08-31', @CompanyId=2;
09/08/2021 09:40:32	SQL :EXEC GetRunningDaysDetail 'BS221070005',@FromDate='2021-08-01',@ToDate='2021-08-31', @CompanyId=2;
09/08/2021 09:40:33	SQL :EXEC GetRunningDaysDetail 'BS221070007',@FromDate='2021-08-01',@ToDate='2021-08-31', @CompanyId=2;
09/08/2021 09:40:33	SQL :EXEC GetRunningDaysDetail 'BS221070010',@FromDate='2021-08-01',@ToDate='2021-08-31', @CompanyId=2;
09/08/2021 09:40:33	SQL :EXEC GetRunningDaysDetail 'BS221070011',@FromDate='2021-08-01',@ToDate='2021-08-31', @CompanyId=2;
09/08/2021 09:40:33	SQL :EXEC GetRunningDaysDetail 'BS221070012',@FromDate='2021-08-01',@ToDate='2021-08-31', @CompanyId=2;
09/08/2021 09:40:33	SQL :EXEC GetRunningDaysDetail 'BS221070013',@FromDate='2021-08-01',@ToDate='2021-08-31', @CompanyId=2;
09/08/2021 09:40:34	SQL :EXEC GetRunningDaysDetail 'BS221070016',@FromDate='2021-08-01',@ToDate='2021-08-31', @CompanyId=2;
09/08/2021 09:40:34	SQL :EXEC GetRunningDaysDetail 'BS221070017',@FromDate='2021-08-01',@ToDate='2021-08-31', @CompanyId=2;
09/08/2021 09:40:34	SQL :EXEC GetRunningDaysDetail 'BS221070018',@FromDate='2021-08-01',@ToDate='2021-08-31', @CompanyId=2;
09/08/2021 09:40:34	SQL :EXEC GetRunningDaysDetail 'BS221070019',@FromDate='2021-08-01',@ToDate='2021-08-31', @CompanyId=2;
09/08/2021 09:40:34	SQL :EXEC GetRunningDaysDetail 'BS221070020',@FromDate='2021-08-01',@ToDate='2021-08-31', @CompanyId=2;
09/08/2021 09:40:35	SQL :EXEC GetRunningDaysDetail 'BS221070021',@FromDate='2021-08-01',@ToDate='2021-08-31', @CompanyId=2;
09/08/2021 09:40:35	SQL :EXEC GetRunningDaysDetail 'BS221070022',@FromDate='2021-08-01',@ToDate='2021-08-31', @CompanyId=2;
09/08/2021 09:40:35	SQL :EXEC GetRunningDaysDetail 'BS221070023',@FromDate='2021-08-01',@ToDate='2021-08-31', @CompanyId=2;
09/08/2021 09:40:35	SQL :EXEC GetRunningDaysDetail 'BS221070024',@FromDate='2021-08-01',@ToDate='2021-08-31', @CompanyId=2;
09/08/2021 09:40:35	SQL :EXEC GetRunningDaysDetail 'BS221070025',@FromDate='2021-08-01',@ToDate='2021-08-31', @CompanyId=2;
09/08/2021 09:40:36	SQL :EXEC GetRunningDaysDetail 'BS221070063',@FromDate='2021-08-01',@ToDate='2021-08-31', @CompanyId=2;
09/08/2021 09:40:36	SQL :EXEC GetRunningDaysDetail 'BS221070064',@FromDate='2021-08-01',@ToDate='2021-08-31', @CompanyId=2;
09/08/2021 09:40:36	SQL :EXEC GetRunningDaysDetail 'BS221070069',@FromDate='2021-08-01',@ToDate='2021-08-31', @CompanyId=2;
09/08/2021 09:40:36	SQL :EXEC GetRunningDaysDetail 'BS221070070',@FromDate='2021-08-01',@ToDate='2021-08-31', @CompanyId=2;
09/08/2021 09:40:36	SQL :EXEC GetRunningDaysDetail 'BS221070066',@FromDate='2021-08-01',@ToDate='2021-08-31', @CompanyId=2;
09/08/2021 09:40:37	SQL :EXEC GetRunningDaysDetail 'BS221070067',@FromDate='2021-08-01',@ToDate='2021-08-31', @CompanyId=2;
09/08/2021 09:40:37	SQL :EXEC GetRunningDaysDetail 'BS221070065',@FromDate='2021-08-01',@ToDate='2021-08-31', @CompanyId=2;
09/08/2021 09:40:37	SQL :EXEC GetRunningDaysDetail 'BS221070060',@FromDate='2021-08-01',@ToDate='2021-08-31', @CompanyId=2;
09/08/2021 09:40:37	SQL :EXEC GetRunningDaysDetail 'BS220080008',@FromDate='2021-08-01',@ToDate='2021-08-31', @CompanyId=2;
09/08/2021 09:40:39	SQL :EXEC GetRunningDaysDetail 'BS220080009',@FromDate='2021-08-01',@ToDate='2021-08-31', @CompanyId=2;
09/08/2021 09:40:40	SQL :EXEC GetRunningDaysDetail 'BS221070061',@FromDate='2021-08-01',@ToDate='2021-08-31', @CompanyId=2;
09/08/2021 09:40:40	SQL :EXEC GetRunningDaysDetail 'BS221070041',@FromDate='2021-08-01',@ToDate='2021-08-31', @CompanyId=2;
09/08/2021 09:40:42	SQL :EXEC GetRunningDaysDetail 'BS220080007',@FromDate='2021-08-01',@ToDate='2021-08-31', @CompanyId=2;
09/08/2021 09:40:42	SQL :EXEC GetRunningDaysDetail 'BS220080006',@FromDate='2021-08-01',@ToDate='2021-08-31', @CompanyId=2;
09/08/2021 09:40:43	SQL :EXEC GetRunningDaysDetail 'BS220080010',@FromDate='2021-08-01',@ToDate='2021-08-31', @CompanyId=2;
09/08/2021 09:40:44	SQL :EXEC GetRunningDaysDetail 'BS221070068',@FromDate='2021-08-01',@ToDate='2021-08-31', @CompanyId=2;
09/08/2021 09:40:44	SQL :EXEC GetRunningDaysDetail 'BS221070071',@FromDate='2021-08-01',@ToDate='2021-08-31', @CompanyId=2;
09/08/2021 09:40:44	SQL :EXEC GetRunningDaysDetail 'BS221070062',@FromDate='2021-08-01',@ToDate='2021-08-31', @CompanyId=2;
09/08/2021 09:40:45	SQL :EXEC GetRunningDaysDetail 'BU00000001',@FromDate='2021-08-01',@ToDate='2021-08-31', @CompanyId=2;
09/08/2021 09:40:46	Open DB Connection
09/08/2021 09:40:46	SQL :SELECT value FROM wh_dashboard WHERE (name='persen_utilisasi')AND(company_id=2)AND(location_id=6)AND(month=8)AND(year=2021);
09/08/2021 09:40:46	SQL :UPDATE wh_dashboard SET value='16 %',update_time=GETDATE(),update_user='pramudyono hadi' WHERE (name='persen_utilisasi')AND(company_id=2)AND(location_id=6)AND(month=09/08/2021 09:46:48	Get Local Settings
09/08/2021 09:46:48	Start Change Local Settings
09/08/2021 09:46:48	Change short date format
09/08/2021 09:46:48	Change Long date format
09/08/2021 09:46:48	Finish Change Local Settings
09/08/2021 09:46:48	Registry Read: Path=SOFTWARE\WEHA\Aplikasi\3
09/08/2021 09:46:48	Registry Read/Write
09/08/2021 09:46:48	Registry Read: Path=SOFTWARE\WEHA\Aplikasi\3
09/08/2021 09:46:48	Create DB Object
09/08/2021 09:46:48	Init DB
09/08/2021 09:46:48	Finish Init DB
09/08/2021 09:46:48	Get File Version
09/08/2021 09:46:48	Change  Caption
09/08/2021 09:46:48	Init Shortkey
09/08/2021 09:46:50	Create DB Object
09/08/2021 09:46:50	Init DB
09/08/2021 09:46:50	Finish Init DB
09/08/2021 09:46:53	Update new version check
09/08/2021 09:46:53	Open DB Connection
09/08/2021 09:46:57	SQL :
09/08/2021 09:46:57	Update check version
09/08/2021 09:46:57	Open DB Connection
09/08/2021 09:46:57	SQL :SELECT version FROM wh_application WHERE application_id=(SELECT MAX(application_id) FROM wh_application);
09/08/2021 09:46:57	Start Login
09/08/2021 09:46:57	Open DB Connection
09/08/2021 09:46:57	SQL :EXEC AuthenticateUser 'pramudyono hadi','6f2b8366efa56f0c06dd6b31fcff8a73';
09/08/2021 09:46:58	SQL :INSERT INTO wh_log (user_id,app_date,app_version,app_version_svr,location_id,company_id,department_id,host_name,ip_address)  VALUES ('pramudyono hadi','09/08/2021','6.1.3.11','6.1.3.10',6,2,13,'DESKTOP-S1PD9OD','192.168.25.214');
09/08/2021 09:46:58	Open DB Connection
09/08/2021 09:46:58	SQL :EXEC GetUserMenu 'pramudyono hadi';
09/08/2021 09:46:58	SQL :EXEC GetUserSubMenu 'pramudyono hadi','11';
09/08/2021 09:46:58	SQL :EXEC GetUserTreeMenu 'pramudyono hadi','1101',@CompanyId=2;
09/08/2021 09:46:58	SQL :EXEC GetUserTreeMenu 'pramudyono hadi','1102',@CompanyId=2;
09/08/2021 09:46:58	SQL :EXEC GetUserTreeMenu 'pramudyono hadi','1103',@CompanyId=2;
09/08/2021 09:46:59	SQL :EXEC GetUserTreeMenu 'pramudyono hadi','1104',@CompanyId=2;
09/08/2021 09:46:59	SQL :EXEC GetUserTreeMenu 'pramudyono hadi','1105',@CompanyId=2;
09/08/2021 09:46:59	SQL :EXEC GetUserTreeMenu 'pramudyono hadi','1106',@CompanyId=2;
09/08/2021 09:46:59	SQL :EXEC GetUserTreeMenu 'pramudyono hadi','1107',@CompanyId=2;
09/08/2021 09:46:59	SQL :EXEC GetUserTreeMenu 'pramudyono hadi','1108',@CompanyId=2;
09/08/2021 09:46:59	SQL :EXEC GetUserTreeMenu 'pramudyono hadi','1109',@CompanyId=2;
09/08/2021 09:46:59	SQL :EXEC GetUserTreeMenu 'pramudyono hadi','1110',@CompanyId=2;
09/08/2021 09:46:59	SQL :EXEC GetUserTreeMenu 'pramudyono hadi','1111',@CompanyId=2;
09/08/2021 09:46:59	SQL :EXEC GetUserTreeMenu 'pramudyono hadi','1112',@CompanyId=2;
09/08/2021 09:46:59	SQL :EXEC GetUserTreeMenu 'pramudyono hadi','1113',@CompanyId=2;
09/08/2021 09:46:59	SQL :EXEC GetUserTreeMenu 'pramudyono hadi','1114',@CompanyId=2;
09/08/2021 09:46:59	SQL :EXEC GetUserTreeMenu 'pramudyono hadi','1115',@CompanyId=2;
09/08/2021 09:46:59	SQL :EXEC GetUserTreeMenu 'pramudyono hadi','1116',@CompanyId=2;
09/08/2021 09:46:59	SQL :EXEC GetUserTreeMenu 'pramudyono hadi','1117',@CompanyId=2;
09/08/2021 09:46:59	SQL :EXEC GetUserTreeMenu 'pramudyono hadi','1198',@CompanyId=2;
09/08/2021 09:46:59	SQL :EXEC GetUserTreeMenu 'pramudyono hadi','1199',@CompanyId=2;
09/08/2021 09:46:59	SQL :EXEC GetUserSubMenu 'pramudyono hadi','12';
09/08/2021 09:46:59	SQL :EXEC GetUserTreeMenu 'pramudyono hadi','1201',@CompanyId=2;
09/08/2021 09:46:59	SQL :EXEC GetUserTreeMenu 'pramudyono hadi','1202',@CompanyId=2;
09/08/2021 09:46:59	SQL :EXEC GetUserTreeMenu 'pramudyono hadi','1203',@CompanyId=2;
09/08/2021 09:46:59	SQL :EXEC GetUserTreeMenu 'pramudyono hadi','1204',@CompanyId=2;
09/08/2021 09:46:59	SQL :EXEC GetUserTreeMenu 'pramudyono hadi','1205',@CompanyId=2;
09/08/2021 09:46:59	SQL :EXEC GetUserTreeMenu 'pramudyono hadi','1206',@CompanyId=2;
09/08/2021 09:46:59	SQL :EXEC GetUserTreeMenu 'pramudyono hadi','1207',@CompanyId=2;
09/08/2021 09:46:59	SQL :EXEC GetUserSubMenu 'pramudyono hadi','13';
09/08/2021 09:46:59	SQL :EXEC GetUserTreeMenu 'pramudyono hadi','1301',@CompanyId=2;
09/08/2021 09:46:59	SQL :EXEC GetUserTreeMenu 'pramudyono hadi','1302',@CompanyId=2;
09/08/2021 09:46:59	SQL :EXEC GetUserTreeMenu 'pramudyono hadi','1303',@CompanyId=2;
09/08/2021 09:46:59	SQL :EXEC GetUserTreeMenu 'pramudyono hadi','1304',@CompanyId=2;
09/08/2021 09:46:59	SQL :EXEC GetUserTreeMenu 'pramudyono hadi','1305',@CompanyId=2;
09/08/2021 09:46:59	SQL :EXEC GetUserTreeMenu 'pramudyono hadi','1306',@CompanyId=2;
09/08/2021 09:46:59	SQL :EXEC GetUserTreeMenu 'pramudyono hadi','1307',@CompanyId=2;
09/08/2021 09:46:59	SQL :EXEC GetUserTreeMenu 'pramudyono hadi','1308',@CompanyId=2;
09/08/2021 09:46:59	SQL :EXEC GetUserTreeMenu 'pramudyono hadi','1309',@CompanyId=2;
09/08/2021 09:46:59	SQL :EXEC GetUserTreeMenu 'pramudyono hadi','1310',@CompanyId=2;
09/08/2021 09:46:59	SQL :EXEC GetUserTreeMenu 'pramudyono hadi','1311',@CompanyId=2;
09/08/2021 09:46:59	SQL :EXEC GetUserTreeMenu 'pramudyono hadi','1312',@CompanyId=2;
09/08/2021 09:46:59	SQL :EXEC GetUserTreeMenu 'pramudyono hadi','1313',@CompanyId=2;
09/08/2021 09:46:59	SQL :EXEC GetUserTreeMenu 'pramudyono hadi','1314',@CompanyId=2;
09/08/2021 09:46:59	SQL :EXEC GetUserTreeMenu 'pramudyono hadi','1315',@CompanyId=2;
09/08/2021 09:46:59	SQL :EXEC GetUserTreeMenu 'pramudyono hadi','1316',@CompanyId=2;
09/08/2021 09:46:59	SQL :EXEC GetUserTreeMenu 'pramudyono hadi','1317',@CompanyId=2;
09/08/2021 09:46:59	SQL :EXEC GetUserTreeMenu 'pramudyono hadi','1318',@CompanyId=2;
09/08/2021 09:46:59	SQL :EXEC GetUserTreeMenu 'pramudyono hadi','1319',@CompanyId=2;
09/08/2021 09:46:59	SQL :EXEC GetUserTreeMenu 'pramudyono hadi','1320',@CompanyId=2;
09/08/2021 09:46:59	SQL :EXEC GetUserTreeMenu 'pramudyono hadi','1321',@CompanyId=2;
09/08/2021 09:46:59	SQL :EXEC GetUserSubMenu 'pramudyono hadi','14';
09/08/2021 09:46:59	SQL :EXEC GetUserTreeMenu 'pramudyono hadi','1401',@CompanyId=2;
09/08/2021 09:46:59	SQL :EXEC GetUserTreeMenu 'pramudyono hadi','1402',@CompanyId=2;
09/08/2021 09:46:59	SQL :EXEC GetUserTreeMenu 'pramudyono hadi','1403',@CompanyId=2;
09/08/2021 09:46:59	SQL :EXEC GetUserTreeMenu 'pramudyono hadi','1404',@CompanyId=2;
09/08/2021 09:46:59	SQL :EXEC GetUserTreeMenu 'pramudyono hadi','1406',@CompanyId=2;
09/08/2021 09:46:59	SQL :EXEC GetUserTreeMenu 'pramudyono hadi','1408',@CompanyId=2;
09/08/2021 09:46:59	SQL :EXEC GetUserTreeMenu 'pramudyono hadi','1410',@CompanyId=2;
09/08/2021 09:46:59	SQL :EXEC GetUserTreeMenu 'pramudyono hadi','1411',@CompanyId=2;
09/08/2021 09:46:59	SQL :EXEC GetUserTreeMenu 'pramudyono hadi','1412',@CompanyId=2;
09/08/2021 09:46:59	SQL :EXEC GetUserTreeMenu 'pramudyono hadi','1413',@CompanyId=2;
09/08/2021 09:46:59	SQL :EXEC GetUserTreeMenu 'pramudyono hadi','1414',@CompanyId=2;
09/08/2021 09:46:59	SQL :EXEC GetUserSubMenu 'pramudyono hadi','15';
09/08/2021 09:46:59	SQL :EXEC GetUserTreeMenu 'pramudyono hadi','1501',@CompanyId=2;
09/08/2021 09:46:59	SQL :EXEC GetUserTreeMenu 'pramudyono hadi','1502',@CompanyId=2;
09/08/2021 09:46:59	SQL :EXEC GetUserTreeMenu 'pramudyono hadi','1503',@CompanyId=2;
09/08/2021 09:46:59	SQL :EXEC GetUserTreeMenu 'pramudyono hadi','1504',@CompanyId=2;
09/08/2021 09:46:59	SQL :EXEC GetUserTreeMenu 'pramudyono hadi','1505',@CompanyId=2;
09/08/2021 09:46:59	SQL :EXEC GetUserTreeMenu 'pramudyono hadi','1506',@CompanyId=2;
09/08/2021 09:46:59	SQL :EXEC GetUserTreeMenu 'pramudyono hadi','1507',@CompanyId=2;
09/08/2021 09:46:59	SQL :EXEC GetUserTreeMenu 'pramudyono hadi','1508',@CompanyId=2;
09/08/2021 09:46:59	SQL :EXEC GetUserTreeMenu 'pramudyono hadi','1509',@CompanyId=2;
09/08/2021 09:46:59	SQL :EXEC GetUserTreeMenu 'pramudyono hadi','1510',@CompanyId=2;
09/08/2021 09:46:59	SQL :EXEC GetUserTreeMenu 'pramudyono hadi','1511',@CompanyId=2;
09/08/2021 09:46:59	SQL :EXEC GetUserSubMenu 'pramudyono hadi','16';
09/08/2021 09:46:59	SQL :EXEC GetUserTreeMenu 'pramudyono hadi','1601',@CompanyId=2;
09/08/2021 09:46:59	SQL :EXEC GetUserTreeMenu 'pramudyono hadi','1602',@CompanyId=2;
09/08/2021 09:46:59	SQL :EXEC GetUserTreeMenu 'pramudyono hadi','1603',@CompanyId=2;
09/08/2021 09:46:59	SQL :EXEC GetUserTreeMenu 'pramudyono hadi','1604',@CompanyId=2;
09/08/2021 09:46:59	SQL :EXEC GetUserTreeMenu 'pramudyono hadi','1605',@CompanyId=2;
09/08/2021 09:46:59	SQL :EXEC GetUserTreeMenu 'pramudyono hadi','1606',@CompanyId=2;
09/08/2021 09:46:59	SQL :EXEC GetUserTreeMenu 'pramudyono hadi','1607',@CompanyId=2;
09/08/2021 09:46:59	SQL :EXEC GetUserTreeMenu 'pramudyono hadi','1608',@CompanyId=2;
09/08/2021 09:46:59	SQL :EXEC GetUserTreeMenu 'pramudyono hadi','1609',@CompanyId=2;
09/08/2021 09:46:59	SQL :EXEC GetUserTreeMenu 'pramudyono hadi','1610',@CompanyId=2;
09/08/2021 09:46:59	SQL :EXEC GetUserTreeMenu 'pramudyono hadi','1611',@CompanyId=2;
09/08/2021 09:46:59	SQL :EXEC GetUserTreeMenu 'pramudyono hadi','1612',@CompanyId=2;
09/08/2021 09:46:59	SQL :EXEC GetUserTreeMenu 'pramudyono hadi','1613',@CompanyId=2;
09/08/2021 09:46:59	SQL :EXEC GetUserTreeMenu 'pramudyono hadi','1614',@CompanyId=2;
09/08/2021 09:46:59	SQL :EXEC GetUserTreeMenu 'pramudyono hadi','1615',@CompanyId=2;
09/08/2021 09:46:59	SQL :EXEC GetUserTreeMenu 'pramudyono hadi','1616',@CompanyId=2;
09/08/2021 09:46:59	SQL :EXEC GetUserTreeMenu 'pramudyono hadi','1619',@CompanyId=2;
09/08/2021 09:46:59	SQL :EXEC GetUserTreeMenu 'pramudyono hadi','1620',@CompanyId=2;
09/08/2021 09:46:59	SQL :EXEC GetUserSubMenu 'pramudyono hadi','17';
09/08/2021 09:46:59	SQL :EXEC GetUserTreeMenu 'pramudyono hadi','1701',@CompanyId=2;
09/08/2021 09:46:59	SQL :EXEC GetUserTreeMenu 'pramudyono hadi','1702',@CompanyId=2;
09/08/2021 09:46:59	SQL :EXEC GetUserTreeMenu 'pramudyono hadi','1703',@CompanyId=2;
09/08/2021 09:46:59	SQL :EXEC GetUserTreeMenu 'pramudyono hadi','1704',@CompanyId=2;
09/08/2021 09:46:59	SQL :EXEC GetUserTreeMenu 'pramudyono hadi','1705',@CompanyId=2;
09/08/2021 09:46:59	SQL :EXEC GetUserTreeMenu 'pramudyono hadi','1706',@CompanyId=2;
09/08/2021 09:46:59	SQL :EXEC GetUserTreeMenu 'pramudyono hadi','1707',@CompanyId=2;
09/08/2021 09:46:59	SQL :EXEC GetUserTreeMenu 'pramudyono hadi','1708',@CompanyId=2;
09/08/2021 09:46:59	SQL :EXEC GetUserTreeMenu 'pramudyono hadi','1709',@CompanyId=2;
09/08/2021 09:46:59	SQL :EXEC GetUserTreeMenu 'pramudyono hadi','1710',@CompanyId=2;
09/08/2021 09:46:59	SQL :EXEC GetUserTreeMenu 'pramudyono hadi','1711',@CompanyId=2;
09/08/2021 09:46:59	SQL :EXEC GetUserTreeMenu 'pramudyono hadi','1712',@CompanyId=2;
09/08/2021 09:46:59	SQL :EXEC GetUserTreeMenu 'pramudyono hadi','1713',@CompanyId=2;
09/08/2021 09:46:59	SQL :EXEC GetUserTreeMenu 'pramudyono hadi','1714',@CompanyId=2;
09/08/2021 09:46:59	SQL :EXEC GetUserTreeMenu 'pramudyono hadi','1715',@CompanyId=2;
09/08/2021 09:47:00	SQL :EXEC GetUserTreeMenu 'pramudyono hadi','1716',@CompanyId=2;
09/08/2021 09:47:00	SQL :EXEC GetUserTreeMenu 'pramudyono hadi','1717',@CompanyId=2;
09/08/2021 09:47:00	SQL :EXEC GetUserSubMenu 'pramudyono hadi','18';
09/08/2021 09:47:00	SQL :EXEC GetUserTreeMenu 'pramudyono hadi','1801',@CompanyId=2;
09/08/2021 09:47:00	SQL :EXEC GetUserSubMenu 'pramudyono hadi','19';
09/08/2021 09:47:00	SQL :EXEC GetUserTreeMenu 'pramudyono hadi','1901',@CompanyId=2;
09/08/2021 09:47:00	SQL :EXEC GetUserTreeMenu 'pramudyono hadi','1902',@CompanyId=2;
09/08/2021 09:47:00	SQL :EXEC GetUserTreeMenu 'pramudyono hadi','1903',@CompanyId=2;
09/08/2021 09:47:00	SQL :EXEC GetUserTreeMenu 'pramudyono hadi','1904',@CompanyId=2;
09/08/2021 09:47:00	SQL :EXEC GetUserTreeMenu 'pramudyono hadi','1905',@CompanyId=2;
09/08/2021 09:47:00	SQL :EXEC GetUserTreeMenu 'pramudyono hadi','1906',@CompanyId=2;
09/08/2021 09:47:00	SQL :EXEC GetUserTreeMenu 'pramudyono hadi','1907',@CompanyId=2;
09/08/2021 09:47:00	SQL :EXEC GetUserTreeMenu 'pramudyono hadi','1908',@CompanyId=2;
09/08/2021 09:47:00	SQL :EXEC GetUserTreeMenu 'pramudyono hadi','1909',@CompanyId=2;
09/08/2021 09:47:00	SQL :EXEC GetUserTreeMenu 'pramudyono hadi','1910',@CompanyId=2;
09/08/2021 09:47:00	SQL :EXEC GetUserTreeMenu 'pramudyono hadi','1911',@CompanyId=2;
09/08/2021 09:47:00	SQL :EXEC GetUserTreeMenu 'pramudyono hadi','1912',@CompanyId=2;
09/08/2021 09:47:00	SQL :SELECT CONVERT(VARCHAR(8),GETDATE(),108) AS hour_minute;
09/08/2021 09:47:00	SQL :SELECT CONVERT(VARCHAR(10),GETDATE(),103) AS date_time;
09/08/2021 09:47:00	Loading Setting
09/08/2021 09:47:00	Open DB Connection
09/08/2021 09:47:00	SQL :SELECT * FROM wh_setting WHERE setting_name='Hold_Less_Deposit';
09/08/2021 09:47:00	SQL :SELECT * FROM wh_setting WHERE setting_name='Max_Less_Deposit';
09/08/2021 09:47:00	SQL :SELECT * FROM wh_setting WHERE setting_name='Dashboard_2';
09/08/2021 09:47:00	Finish Logging
09/08/2021 09:47:00	SQL :SELECT value_string FROM wh_setting WHERE (setting_name='Interval_CheckInDate') AND (active=1);
09/08/2021 09:47:00	SQL :SELECT value_string FROM wh_setting WHERE (setting_name='Interval_CheckInTime') AND (active=1);
09/08/2021 09:47:00	SQL :SELECT value_string FROM wh_setting WHERE (setting_name='ChatEnable') and (active=1);
09/08/2021 09:47:01	Message:Port Check
09/08/2021 09:47:01	Message:Open DB Connection
09/08/2021 09:47:01	SQL :EXEC GetMessage '01','pramudyono hadi';
09/08/2021 09:47:01	SQL :SELECT CONVERT(VARCHAR(8),GETDATE(),108) AS hour_minute;
09/08/2021 09:47:01	SQL :SELECT CONVERT(VARCHAR(10),GETDATE(),103) AS date_time;
09/08/2021 09:47:04	Open Menu :190507
09/08/2021 09:47:04	Open DB Connection
09/08/2021 09:47:04	SQL :EXEC AuthMenu 'pramudyono hadi',190507;
09/08/2021 09:47:04	Form Check :BusRunningDaysminiRpt
09/08/2021 09:47:04	Form Open: BusRunningDaysMiniRpt=,0
09/08/2021 09:47:04	Open DB Connection
09/08/2021 09:47:04	SQL :EXEC GetCompanyLocationList
09/08/2021 09:47:04	SQL :EXEC GetUserRDLocationList @UserName='pramudyono hadi' ;
09/08/2021 09:47:04	SQL :EXEC GetGroup 2;
09/08/2021 09:47:04	Open DB Connection
09/08/2021 09:47:05	Open DB Connection
09/08/2021 09:47:05	SQL :SELECT * FROM wh_setting WHERE (setting_name='ServiceBerkala_as_PKB_2') AND (active=1);
09/08/2021 09:47:05	Open DB Connection
09/08/2021 09:47:05	SQL :EXEC GetVhcList 6,@CompanyId=2,@OrderBy='h.vhc_batch_id,seat,license_plate',@ShowBatch=1,@Dates='2021/08/31';
09/08/2021 09:47:06	SQL :EXEC GetRunningDaysDetail 'BS15070005',@FromDate='2021-08-01',@ToDate='2021-08-31', @CompanyId=2;
09/08/2021 09:47:07	SQL :EXEC GetRunningDaysDetail 'BS15100003',@FromDate='2021-08-01',@ToDate='2021-08-31', @CompanyId=2;
09/08/2021 09:47:07	SQL :EXEC GetRunningDaysDetail 'BS15070004',@FromDate='2021-08-01',@ToDate='2021-08-31', @CompanyId=2;
09/08/2021 09:47:07	SQL :EXEC GetRunningDaysDetail 'BU13090145',@FromDate='2021-08-01',@ToDate='2021-08-31', @CompanyId=2;
09/08/2021 09:47:08	SQL :EXEC GetRunningDaysDetail 'BU13090079',@FromDate='2021-08-01',@ToDate='2021-08-31', @CompanyId=2;
09/08/2021 09:47:09	SQL :EXEC GetRunningDaysDetail 'BS14070003',@FromDate='2021-08-01',@ToDate='2021-08-31', @CompanyId=2;
09/08/2021 09:47:09	SQL :EXEC GetRunningDaysDetail 'BU13090081',@FromDate='2021-08-01',@ToDate='2021-08-31', @CompanyId=2;
09/08/2021 09:47:09	SQL :EXEC GetRunningDaysDetail 'GL1218020002',@FromDate='2021-08-01',@ToDate='2021-08-31', @CompanyId=2;
09/08/2021 09:47:10	SQL :EXEC GetRunningDaysDetail 'BS14070001',@FromDate='2021-08-01',@ToDate='2021-08-31', @CompanyId=2;
09/08/2021 09:47:11	SQL :EXEC GetRunningDaysDetail 'BU13090083',@FromDate='2021-08-01',@ToDate='2021-08-31', @CompanyId=2;
09/08/2021 09:47:11	SQL :EXEC GetRunningDaysDetail 'BS14070004',@FromDate='2021-08-01',@ToDate='2021-08-31', @CompanyId=2;
09/08/2021 09:47:12	SQL :EXEC GetRunningDaysDetail 'GL1218020001',@FromDate='2021-08-01',@ToDate='2021-08-31', @CompanyId=2;
09/08/2021 09:47:12	SQL :EXEC GetRunningDaysDetail 'BS15070006',@FromDate='2021-08-01',@ToDate='2021-08-31', @CompanyId=2;
09/08/2021 09:47:12	SQL :EXEC GetRunningDaysDetail 'BU13090086',@FromDate='2021-08-01',@ToDate='2021-08-31', @CompanyId=2;
09/08/2021 09:47:12	SQL :EXEC GetRunningDaysDetail 'BU13090087',@FromDate='2021-08-01',@ToDate='2021-08-31', @CompanyId=2;
09/08/2021 09:47:12	SQL :EXEC GetRunningDaysDetail 'BU13090088',@FromDate='2021-08-01',@ToDate='2021-08-31', @CompanyId=2;
09/08/2021 09:47:13	SQL :EXEC GetRunningDaysDetail 'BU13090089',@FromDate='2021-08-01',@ToDate='2021-08-31', @CompanyId=2;
09/08/2021 09:47:13	SQL :EXEC GetRunningDaysDetail 'BU13090090',@FromDate='2021-08-01',@ToDate='2021-08-31', @CompanyId=2;
09/08/2021 09:47:14	SQL :EXEC GetRunningDaysDetail 'BU13090091',@FromDate='2021-08-01',@ToDate='2021-08-31', @CompanyId=2;
09/08/2021 09:47:14	SQL :EXEC GetRunningDaysDetail 'BU13090093',@FromDate='2021-08-01',@ToDate='2021-08-31', @CompanyId=2;
09/08/2021 09:47:14	SQL :EXEC GetRunningDaysDetail 'BU13090094',@FromDate='2021-08-01',@ToDate='2021-08-31', @CompanyId=2;
09/08/2021 09:47:15	SQL :EXEC GetRunningDaysDetail 'BU13090072',@FromDate='2021-08-01',@ToDate='2021-08-31', @CompanyId=2;
09/08/2021 09:47:15	SQL :EXEC GetRunningDaysDetail 'BS15090014',@FromDate='2021-08-01',@ToDate='2021-08-31', @CompanyId=2;
09/08/2021 09:47:17	SQL :EXEC GetRunningDaysDetail 'BS15090022',@FromDate='2021-08-01',@ToDate='2021-08-31', @CompanyId=2;
09/08/2021 09:47:17	SQL :EXEC GetRunningDaysDetail 'BS220010001',@FromDate='2021-08-01',@ToDate='2021-08-31', @CompanyId=2;
09/08/2021 09:47:18	SQL :EXEC GetRunningDaysDetail 'BS220010002',@FromDate='2021-08-01',@ToDate='2021-08-31', @CompanyId=2;
09/08/2021 09:47:18	SQL :EXEC GetRunningDaysDetail 'BS220010003',@FromDate='2021-08-01',@ToDate='2021-08-31', @CompanyId=2;
09/08/2021 09:47:18	SQL :EXEC GetRunningDaysDetail 'BS220010004',@FromDate='2021-08-01',@ToDate='2021-08-31', @CompanyId=2;
09/08/2021 09:47:18	SQL :EXEC GetRunningDaysDetail 'BS220010005',@FromDate='2021-08-01',@ToDate='2021-08-31', @CompanyId=2;
09/08/2021 09:47:19	SQL :EXEC GetRunningDaysDetail 'BU13090054',@FromDate='2021-08-01',@ToDate='2021-08-31', @CompanyId=2;
09/08/2021 09:47:20	SQL :EXEC GetRunningDaysDetail 'BU13090057',@FromDate='2021-08-01',@ToDate='2021-08-31', @CompanyId=2;
09/08/2021 09:47:20	SQL :EXEC GetRunningDaysDetail 'BS14050001',@FromDate='2021-08-01',@ToDate='2021-08-31', @CompanyId=2;
09/08/2021 09:47:21	SQL :EXEC GetRunningDaysDetail 'BU13090044',@FromDate='2021-08-01',@ToDate='2021-08-31', @CompanyId=2;
09/08/2021 09:47:21	SQL :EXEC GetRunningDaysDetail 'BU13090046',@FromDate='2021-08-01',@ToDate='2021-08-31', @CompanyId=2;
09/08/2021 09:47:22	SQL :EXEC GetRunningDaysDetail 'BU13090047',@FromDate='2021-08-01',@ToDate='2021-08-31', @CompanyId=2;
09/08/2021 09:47:22	SQL :EXEC GetRunningDaysDetail 'BU13090048',@FromDate='2021-08-01',@ToDate='2021-08-31', @CompanyId=2;
09/08/2021 09:47:23	SQL :EXEC GetRunningDaysDetail 'BU13090051',@FromDate='2021-08-01',@ToDate='2021-08-31', @CompanyId=2;
09/08/2021 09:47:23	SQL :EXEC GetRunningDaysDetail 'BU13090056',@FromDate='2021-08-01',@ToDate='2021-08-31', @CompanyId=2;
09/08/2021 09:47:24	SQL :EXEC GetRunningDaysDetail 'BS14050005',@FromDate='2021-08-01',@ToDate='2021-08-31', @CompanyId=2;
09/08/2021 09:47:24	SQL :EXEC GetRunningDaysDetail 'BS14050002',@FromDate='2021-08-01',@ToDate='2021-08-31', @CompanyId=2;
09/08/2021 09:47:25	SQL :EXEC GetRunningDaysDetail 'BS14050003',@FromDate='2021-08-01',@ToDate='2021-08-31', @CompanyId=2;
09/08/2021 09:47:26	SQL :EXEC GetRunningDaysDetail 'BS14050004',@FromDate='2021-08-01',@ToDate='2021-08-31', @CompanyId=2;
09/08/2021 09:47:27	SQL :EXEC GetRunningDaysDetail 'BS14050008',@FromDate='2021-08-01',@ToDate='2021-08-31', @CompanyId=2;
09/08/2021 09:47:28	SQL :EXEC GetRunningDaysDetail 'BS14050006',@FromDate='2021-08-01',@ToDate='2021-08-31', @CompanyId=2;
09/08/2021 09:47:29	SQL :EXEC GetRunningDaysDetail 'BS14110001',@FromDate='2021-08-01',@ToDate='2021-08-31', @CompanyId=2;
09/08/2021 09:47:30	SQL :EXEC GetRunningDaysDetail 'BS14110002',@FromDate='2021-08-01',@ToDate='2021-08-31', @CompanyId=2;
09/08/2021 09:47:30	SQL :EXEC GetRunningDaysDetail 'BS17100020',@FromDate='2021-08-01',@ToDate='2021-08-31', @CompanyId=2;
09/08/2021 09:47:30	SQL :EXEC GetRunningDaysDetail 'BS216050001',@FromDate='2021-08-01',@ToDate='2021-08-31', @CompanyId=2;
09/08/2021 09:47:32	SQL :EXEC GetRunningDaysDetail 'BS216050002',@FromDate='2021-08-01',@ToDate='2021-08-31', @CompanyId=2;
09/08/2021 09:47:33	SQL :EXEC GetRunningDaysDetail 'BS17100017',@FromDate='2021-08-01',@ToDate='2021-08-31', @CompanyId=2;
09/08/2021 09:47:34	SQL :EXEC GetRunningDaysDetail 'BS17100016',@FromDate='2021-08-01',@ToDate='2021-08-31', @CompanyId=2;
09/08/2021 09:47:35	SQL :EXEC GetRunningDaysDetail 'BS1118070003',@FromDate='2021-08-01',@ToDate='2021-08-31', @CompanyId=2;
09/08/2021 09:47:36	SQL :EXEC GetRunningDaysDetail 'BS918060001',@FromDate='2021-08-01',@ToDate='2021-08-31', @CompanyId=2;
09/08/2021 09:47:36	SQL :EXEC GetRunningDaysDetail 'BS218050002',@FromDate='2021-08-01',@ToDate='2021-08-31', @CompanyId=2;
09/08/2021 09:47:37	SQL :EXEC GetRunningDaysDetail 'BS218050001',@FromDate='2021-08-01',@ToDate='2021-08-31', @CompanyId=2;
09/08/2021 09:47:38	SQL :EXEC GetRunningDaysDetail 'BS218090002',@FromDate='2021-08-01',@ToDate='2021-08-31', @CompanyId=2;
09/08/2021 09:47:38	SQL :EXEC GetRunningDaysDetail 'BS218090003',@FromDate='2021-08-01',@ToDate='2021-08-31', @CompanyId=2;
09/08/2021 09:47:39	SQL :EXEC GetRunningDaysDetail 'BS218110003',@FromDate='2021-08-01',@ToDate='2021-08-31', @CompanyId=2;
09/08/2021 09:47:40	SQL :EXEC GetRunningDaysDetail 'BS218110001',@FromDate='2021-08-01',@ToDate='2021-08-31', @CompanyId=2;
09/08/2021 09:47:41	SQL :EXEC GetRunningDaysDetail 'BS217010007',@FromDate='2021-08-01',@ToDate='2021-08-31', @CompanyId=2;
09/08/2021 09:47:43	SQL :EXEC GetRunningDaysDetail 'BS217020001',@FromDate='2021-08-01',@ToDate='2021-08-31', @CompanyId=2;
09/08/2021 09:47:45	SQL :EXEC GetRunningDaysDetail 'BS217020002',@FromDate='2021-08-01',@ToDate='2021-08-31', @CompanyId=2;
09/08/2021 09:47:47	SQL :EXEC GetRunningDaysDetail 'BS217060004',@FromDate='2021-08-01',@ToDate='2021-08-31', @CompanyId=2;
09/08/2021 09:47:49	SQL :EXEC GetRunningDaysDetail 'BS217060003',@FromDate='2021-08-01',@ToDate='2021-08-31', @CompanyId=2;
09/08/2021 09:47:51	SQL :EXEC GetRunningDaysDetail 'BS917080001',@FromDate='2021-08-01',@ToDate='2021-08-31', @CompanyId=2;
09/08/2021 09:47:54	SQL :EXEC GetRunningDaysDetail 'BS917080002',@FromDate='2021-08-01',@ToDate='2021-08-31', @CompanyId=2;
09/08/2021 09:47:57	SQL :EXEC GetRunningDaysDetail 'BS218070003',@FromDate='2021-08-01',@ToDate='2021-08-31', @CompanyId=2;
09/08/2021 09:47:58	SQL :EXEC GetRunningDaysDetail 'BS218070001',@FromDate='2021-08-01',@ToDate='2021-08-31', @CompanyId=2;
09/08/2021 09:48:02	SQL :EXEC GetRunningDaysDetail 'BS218070004',@FromDate='2021-08-01',@ToDate='2021-08-31', @CompanyId=2;
09/08/2021 09:48:04	SQL :EXEC GetRunningDaysDetail 'BS219100004',@FromDate='2021-08-01',@ToDate='2021-08-31', @CompanyId=2;
09/08/2021 09:48:05	SQL :EXEC GetRunningDaysDetail 'BS219100003',@FromDate='2021-08-01',@ToDate='2021-08-31', @CompanyId=2;
09/08/2021 09:48:06	SQL :EXEC GetRunningDaysDetail 'BS217010001',@FromDate='2021-08-01',@ToDate='2021-08-31', @CompanyId=2;
09/08/2021 09:48:06	SQL :EXEC GetRunningDaysDetail 'BS217010002',@FromDate='2021-08-01',@ToDate='2021-08-31', @CompanyId=2;
09/08/2021 09:48:07	SQL :EXEC GetRunningDaysDetail 'BS218090001',@FromDate='2021-08-01',@ToDate='2021-08-31', @CompanyId=2;
09/08/2021 09:48:07	SQL :EXEC GetRunningDaysDetail 'BS217080003',@FromDate='2021-08-01',@ToDate='2021-08-31', @CompanyId=2;
09/08/2021 09:48:08	SQL :EXEC GetRunningDaysDetail 'BS217080004',@FromDate='2021-08-01',@ToDate='2021-08-31', @CompanyId=2;
09/08/2021 09:48:08	SQL :EXEC GetRunningDaysDetail 'BS217080006',@FromDate='2021-08-01',@ToDate='2021-08-31', @CompanyId=2;
09/08/2021 09:48:09	SQL :EXEC GetRunningDaysDetail 'BS1218020001',@FromDate='2021-08-01',@ToDate='2021-08-31', @CompanyId=2;
09/08/2021 09:48:09	SQL :EXEC GetRunningDaysDetail 'BS218050003',@FromDate='2021-08-01',@ToDate='2021-08-31', @CompanyId=2;
09/08/2021 09:48:10	SQL :EXEC GetRunningDaysDetail 'BS217080001',@FromDate='2021-08-01',@ToDate='2021-08-31', @CompanyId=2;
09/08/2021 09:48:10	SQL :EXEC GetRunningDaysDetail 'BS217080002',@FromDate='2021-08-01',@ToDate='2021-08-31', @CompanyId=2;
09/08/2021 09:48:11	SQL :EXEC GetRunningDaysDetail 'BS217020006',@FromDate='2021-08-01',@ToDate='2021-08-31', @CompanyId=2;
09/08/2021 09:48:11	SQL :EXEC GetRunningDaysDetail 'BS220100001',@FromDate='2021-08-01',@ToDate='2021-08-31', @CompanyId=2;
09/08/2021 09:48:11	SQL :EXEC GetRunningDaysDetail 'BS219090002',@FromDate='2021-08-01',@ToDate='2021-08-31', @CompanyId=2;
09/08/2021 09:48:11	SQL :EXEC GetRunningDaysDetail 'BS221040001',@FromDate='2021-08-01',@ToDate='2021-08-31', @CompanyId=2;
09/08/2021 09:48:12	SQL :EXEC GetRunningDaysDetail 'BS221040002',@FromDate='2021-08-01',@ToDate='2021-08-31', @CompanyId=2;
09/08/2021 09:48:12	SQL :EXEC GetRunningDaysDetail 'BS220110001',@FromDate='2021-08-01',@ToDate='2021-08-31', @CompanyId=2;
09/08/2021 09:48:12	SQL :EXEC GetRunningDaysDetail 'BS220110004',@FromDate='2021-08-01',@ToDate='2021-08-31', @CompanyId=2;
09/08/2021 09:48:12	SQL :EXEC GetRunningDaysDetail 'BS220110005',@FromDate='2021-08-01',@ToDate='2021-08-31', @CompanyId=2;
09/08/2021 09:48:13	SQL :EXEC GetRunningDaysDetail 'BS1118070005',@FromDate='2021-08-01',@ToDate='2021-08-31', @CompanyId=2;
09/08/2021 09:48:14	SQL :EXEC GetRunningDaysDetail 'BS221060001',@FromDate='2021-08-01',@ToDate='2021-08-31', @CompanyId=2;
09/08/2021 09:48:14	SQL :EXEC GetRunningDaysDetail 'BS221010001',@FromDate='2021-08-01',@ToDate='2021-08-31', @CompanyId=2;
09/08/2021 09:48:15	SQL :EXEC GetRunningDaysDetail 'BS221010002',@FromDate='2021-08-01',@ToDate='2021-08-31', @CompanyId=2;
09/08/2021 09:48:15	SQL :EXEC GetRunningDaysDetail 'BS221060004',@FromDate='2021-08-01',@ToDate='2021-08-31', @CompanyId=2;
09/08/2021 09:48:15	SQL :EXEC GetRunningDaysDetail 'BS221020002',@FromDate='2021-08-01',@ToDate='2021-08-31', @CompanyId=2;
09/08/2021 09:48:16	SQL :EXEC GetRunningDaysDetail 'BS221070008',@FromDate='2021-08-01',@ToDate='2021-08-31', @CompanyId=2;
09/08/2021 09:48:18	SQL :EXEC GetRunningDaysDetail 'BS221070009',@FromDate='2021-08-01',@ToDate='2021-08-31', @CompanyId=2;
09/08/2021 09:48:19	SQL :EXEC GetRunningDaysDetail 'BS221020001',@FromDate='2021-08-01',@ToDate='2021-08-31', @CompanyId=2;
09/08/2021 09:48:20	SQL :EXEC GetRunningDaysDetail 'BS221070072',@FromDate='2021-08-01',@ToDate='2021-08-31', @CompanyId=2;
09/08/2021 09:48:21	SQL :EXEC GetRunningDaysDetail 'BS220080001',@FromDate='2021-08-01',@ToDate='2021-08-31', @CompanyId=2;
09/08/2021 09:48:21	SQL :EXEC GetRunningDaysDetail 'BS220080003',@FromDate='2021-08-01',@ToDate='2021-08-31', @CompanyId=2;
09/08/2021 09:48:22	SQL :EXEC GetRunningDaysDetail 'BS220080004',@FromDate='2021-08-01',@ToDate='2021-08-31', @CompanyId=2;
09/08/2021 09:48:23	SQL :EXEC GetRunningDaysDetail 'BS220080005',@FromDate='2021-08-01',@ToDate='2021-08-31', @CompanyId=2;
09/08/2021 09:48:25	SQL :EXEC GetRunningDaysDetail 'BS220070002',@FromDate='2021-08-01',@ToDate='2021-08-31', @CompanyId=2;
09/08/2021 09:48:25	SQL :EXEC GetRunningDaysDetail 'BS220070001',@FromDate='2021-08-01',@ToDate='2021-08-31', @CompanyId=2;
09/08/2021 09:48:26	SQL :EXEC GetRunningDaysDetail 'BS221060002',@FromDate='2021-08-01',@ToDate='2021-08-31', @CompanyId=2;
09/08/2021 09:48:26	SQL :EXEC GetRunningDaysDetail 'BS220110002',@FromDate='2021-08-01',@ToDate='2021-08-31', @CompanyId=2;
09/08/2021 09:48:27	SQL :EXEC GetRunningDaysDetail 'BS220110003',@FromDate='2021-08-01',@ToDate='2021-08-31', @CompanyId=2;
09/08/2021 09:48:27	SQL :EXEC GetRunningDaysDetail 'BS221020003',@FromDate='2021-08-01',@ToDate='2021-08-31', @CompanyId=2;
09/08/2021 09:48:28	SQL :EXEC GetRunningDaysDetail 'BS221020004',@FromDate='2021-08-01',@ToDate='2021-08-31', @CompanyId=2;
09/08/2021 09:48:29	SQL :EXEC GetRunningDaysDetail 'BS220010006',@FromDate='2021-08-01',@ToDate='2021-08-31', @CompanyId=2;
09/08/2021 09:48:29	SQL :EXEC GetRunningDaysDetail 'BS221080002',@FromDate='2021-08-01',@ToDate='2021-08-31', @CompanyId=2;
09/08/2021 09:48:31	SQL :EXEC GetRunningDaysDetail 'BS221080001',@FromDate='2021-08-01',@ToDate='2021-08-31', @CompanyId=2;
09/08/2021 09:48:32	SQL :EXEC GetRunningDaysDetail 'BS221070074',@FromDate='2021-08-01',@ToDate='2021-08-31', @CompanyId=2;
09/08/2021 09:48:32	SQL :EXEC GetRunningDaysDetail 'BS221070073',@FromDate='2021-08-01',@ToDate='2021-08-31', @CompanyId=2;
09/08/2021 09:48:33	SQL :EXEC GetRunningDaysDetail 'BS218050004',@FromDate='2021-08-01',@ToDate='2021-08-31', @CompanyId=2;
09/08/2021 09:48:33	SQL :EXEC GetRunningDaysDetail 'BS218070005',@FromDate='2021-08-01',@ToDate='2021-08-31', @CompanyId=2;
09/08/2021 09:48:34	SQL :EXEC GetRunningDaysDetail 'BS221040003',@FromDate='2021-08-01',@ToDate='2021-08-31', @CompanyId=2;
09/08/2021 09:48:34	SQL :EXEC GetRunningDaysDetail 'BS218070007',@FromDate='2021-08-01',@ToDate='2021-08-31', @CompanyId=2;
09/08/2021 09:48:35	SQL :EXEC GetRunningDaysDetail 'BS218070006',@FromDate='2021-08-01',@ToDate='2021-08-31', @CompanyId=2;
09/08/2021 09:48:35	SQL :EXEC GetRunningDaysDetail 'BS219090001',@FromDate='2021-08-01',@ToDate='2021-08-31', @CompanyId=2;
09/08/2021 09:48:35	SQL :EXEC GetRunningDaysDetail 'BS219110001',@FromDate='2021-08-01',@ToDate='2021-08-31', @CompanyId=2;
09/08/2021 09:48:36	SQL :EXEC GetRunningDaysDetail 'BU13090043',@FromDate='2021-08-01',@ToDate='2021-08-31', @CompanyId=2;
09/08/2021 09:48:36	SQL :EXEC GetRunningDaysDetail 'BS14050007',@FromDate='2021-08-01',@ToDate='2021-08-31', @CompanyId=2;
09/08/2021 09:48:36	SQL :EXEC GetRunningDaysDetail 'BU13090049',@FromDate='2021-08-01',@ToDate='2021-08-31', @CompanyId=2;
09/08/2021 09:48:37	SQL :EXEC GetRunningDaysDetail 'BS221060003',@FromDate='2021-08-01',@ToDate='2021-08-31', @CompanyId=2;
09/08/2021 09:48:38	SQL :EXEC GetRunningDaysDetail 'BS221070042',@FromDate='2021-08-01',@ToDate='2021-08-31', @CompanyId=2;
09/08/2021 09:48:38	SQL :EXEC GetRunningDaysDetail 'BS221070043',@FromDate='2021-08-01',@ToDate='2021-08-31', @CompanyId=2;
09/08/2021 09:48:39	SQL :EXEC GetRunningDaysDetail 'BS221070046',@FromDate='2021-08-01',@ToDate='2021-08-31', @CompanyId=2;
09/08/2021 09:48:39	SQL :EXEC GetRunningDaysDetail 'BS221070047',@FromDate='2021-08-01',@ToDate='2021-08-31', @CompanyId=2;
09/08/2021 09:48:39	SQL :EXEC GetRunningDaysDetail 'BS221070048',@FromDate='2021-08-01',@ToDate='2021-08-31', @CompanyId=2;
09/08/2021 09:48:39	SQL :EXEC GetRunningDaysDetail 'BS221070049',@FromDate='2021-08-01',@ToDate='2021-08-31', @CompanyId=2;
09/08/2021 09:48:39	SQL :EXEC GetRunningDaysDetail 'BS221070044',@FromDate='2021-08-01',@ToDate='2021-08-31', @CompanyId=2;
09/08/2021 09:48:40	SQL :EXEC GetRunningDaysDetail 'BS221070050',@FromDate='2021-08-01',@ToDate='2021-08-31', @CompanyId=2;
09/08/2021 09:48:40	SQL :EXEC GetRunningDaysDetail 'BS221070051',@FromDate='2021-08-01',@ToDate='2021-08-31', @CompanyId=2;
09/08/2021 09:48:40	SQL :EXEC GetRunningDaysDetail 'BS221070052',@FromDate='2021-08-01',@ToDate='2021-08-31', @CompanyId=2;
09/08/2021 09:48:40	SQL :EXEC GetRunningDaysDetail 'BS221070053',@FromDate='2021-08-01',@ToDate='2021-08-31', @CompanyId=2;
09/08/2021 09:48:40	SQL :EXEC GetRunningDaysDetail 'BS221070054',@FromDate='2021-08-01',@ToDate='2021-08-31', @CompanyId=2;
09/08/2021 09:48:41	SQL :EXEC GetRunningDaysDetail 'BS221070055',@FromDate='2021-08-01',@ToDate='2021-08-31', @CompanyId=2;
09/08/2021 09:48:41	SQL :EXEC GetRunningDaysDetail 'BS221070056',@FromDate='2021-08-01',@ToDate='2021-08-31', @CompanyId=2;
09/08/2021 09:48:41	SQL :EXEC GetRunningDaysDetail 'BS221070057',@FromDate='2021-08-01',@ToDate='2021-08-31', @CompanyId=2;
09/08/2021 09:48:41	SQL :EXEC GetRunningDaysDetail 'BS221070058',@FromDate='2021-08-01',@ToDate='2021-08-31', @CompanyId=2;
09/08/2021 09:48:41	SQL :EXEC GetRunningDaysDetail 'BS221070045',@FromDate='2021-08-01',@ToDate='2021-08-31', @CompanyId=2;
09/08/2021 09:48:42	SQL :EXEC GetRunningDaysDetail 'BS221070006',@FromDate='2021-08-01',@ToDate='2021-08-31', @CompanyId=2;
09/08/2021 09:48:42	SQL :EXEC GetRunningDaysDetail 'BS221070026',@FromDate='2021-08-01',@ToDate='2021-08-31', @CompanyId=2;
09/08/2021 09:48:42	SQL :EXEC GetRunningDaysDetail 'BS221070027',@FromDate='2021-08-01',@ToDate='2021-08-31', @CompanyId=2;
09/08/2021 09:48:42	SQL :EXEC GetRunningDaysDetail 'BS221070028',@FromDate='2021-08-01',@ToDate='2021-08-31', @CompanyId=2;
09/08/2021 09:48:43	SQL :EXEC GetRunningDaysDetail 'BS221070029',@FromDate='2021-08-01',@ToDate='2021-08-31', @CompanyId=2;
09/08/2021 09:48:43	SQL :EXEC GetRunningDaysDetail 'BS221070030',@FromDate='2021-08-01',@ToDate='2021-08-31', @CompanyId=2;
09/08/2021 09:48:43	SQL :EXEC GetRunningDaysDetail 'BS221070031',@FromDate='2021-08-01',@ToDate='2021-08-31', @CompanyId=2;
09/08/2021 09:48:43	SQL :EXEC GetRunningDaysDetail 'BS221070032',@FromDate='2021-08-01',@ToDate='2021-08-31', @CompanyId=2;
09/08/2021 09:48:43	SQL :EXEC GetRunningDaysDetail 'BS221070033',@FromDate='2021-08-01',@ToDate='2021-08-31', @CompanyId=2;
09/08/2021 09:48:44	SQL :EXEC GetRunningDaysDetail 'BS221070034',@FromDate='2021-08-01',@ToDate='2021-08-31', @CompanyId=2;
09/08/2021 09:48:44	SQL :EXEC GetRunningDaysDetail 'BS221070035',@FromDate='2021-08-01',@ToDate='2021-08-31', @CompanyId=2;
09/08/2021 09:48:44	SQL :EXEC GetRunningDaysDetail 'BS221070036',@FromDate='2021-08-01',@ToDate='2021-08-31', @CompanyId=2;
09/08/2021 09:48:44	SQL :EXEC GetRunningDaysDetail 'BS221070037',@FromDate='2021-08-01',@ToDate='2021-08-31', @CompanyId=2;
09/08/2021 09:48:44	SQL :EXEC GetRunningDaysDetail 'BS221070038',@FromDate='2021-08-01',@ToDate='2021-08-31', @CompanyId=2;
09/08/2021 09:48:45	SQL :EXEC GetRunningDaysDetail 'BS221070039',@FromDate='2021-08-01',@ToDate='2021-08-31', @CompanyId=2;
09/08/2021 09:48:45	SQL :EXEC GetRunningDaysDetail 'BS221070040',@FromDate='2021-08-01',@ToDate='2021-08-31', @CompanyId=2;
09/08/2021 09:48:45	SQL :EXEC GetRunningDaysDetail 'BS221070059',@FromDate='2021-08-01',@ToDate='2021-08-31', @CompanyId=2;
09/08/2021 09:48:45	SQL :EXEC GetRunningDaysDetail 'BS221070014',@FromDate='2021-08-01',@ToDate='2021-08-31', @CompanyId=2;
09/08/2021 09:48:45	SQL :EXEC GetRunningDaysDetail 'BS221070015',@FromDate='2021-08-01',@ToDate='2021-08-31', @CompanyId=2;
09/08/2021 09:48:46	SQL :EXEC GetRunningDaysDetail 'BS221070001',@FromDate='2021-08-01',@ToDate='2021-08-31', @CompanyId=2;
09/08/2021 09:48:46	SQL :EXEC GetRunningDaysDetail 'BS221070002',@FromDate='2021-08-01',@ToDate='2021-08-31', @CompanyId=2;
09/08/2021 09:48:46	SQL :EXEC GetRunningDaysDetail 'BS221070003',@FromDate='2021-08-01',@ToDate='2021-08-31', @CompanyId=2;
09/08/2021 09:48:46	SQL :EXEC GetRunningDaysDetail 'BS221070004',@FromDate='2021-08-01',@ToDate='2021-08-31', @CompanyId=2;
09/08/2021 09:48:47	SQL :EXEC GetRunningDaysDetail 'BS221070005',@FromDate='2021-08-01',@ToDate='2021-08-31', @CompanyId=2;
09/08/2021 09:48:47	SQL :EXEC GetRunningDaysDetail 'BS221070007',@FromDate='2021-08-01',@ToDate='2021-08-31', @CompanyId=2;
09/08/2021 09:48:47	SQL :EXEC GetRunningDaysDetail 'BS221070010',@FromDate='2021-08-01',@ToDate='2021-08-31', @CompanyId=2;
09/08/2021 09:48:47	SQL :EXEC GetRunningDaysDetail 'BS221070011',@FromDate='2021-08-01',@ToDate='2021-08-31', @CompanyId=2;
09/08/2021 09:48:47	SQL :EXEC GetRunningDaysDetail 'BS221070012',@FromDate='2021-08-01',@ToDate='2021-08-31', @CompanyId=2;
09/08/2021 09:48:48	SQL :EXEC GetRunningDaysDetail 'BS221070013',@FromDate='2021-08-01',@ToDate='2021-08-31', @CompanyId=2;
09/08/2021 09:48:48	SQL :EXEC GetRunningDaysDetail 'BS221070016',@FromDate='2021-08-01',@ToDate='2021-08-31', @CompanyId=2;
09/08/2021 09:48:48	SQL :EXEC GetRunningDaysDetail 'BS221070017',@FromDate='2021-08-01',@ToDate='2021-08-31', @CompanyId=2;
09/08/2021 09:48:48	SQL :EXEC GetRunningDaysDetail 'BS221070018',@FromDate='2021-08-01',@ToDate='2021-08-31', @CompanyId=2;
09/08/2021 09:48:48	SQL :EXEC GetRunningDaysDetail 'BS221070019',@FromDate='2021-08-01',@ToDate='2021-08-31', @CompanyId=2;
09/08/2021 09:48:49	SQL :EXEC GetRunningDaysDetail 'BS221070020',@FromDate='2021-08-01',@ToDate='2021-08-31', @CompanyId=2;
09/08/2021 09:48:49	SQL :EXEC GetRunningDaysDetail 'BS221070021',@FromDate='2021-08-01',@ToDate='2021-08-31', @CompanyId=2;
09/08/2021 09:48:49	SQL :EXEC GetRunningDaysDetail 'BS221070022',@FromDate='2021-08-01',@ToDate='2021-08-31', @CompanyId=2;
09/08/2021 09:48:49	SQL :EXEC GetRunningDaysDetail 'BS221070023',@FromDate='2021-08-01',@ToDate='2021-08-31', @CompanyId=2;
09/08/2021 09:48:50	SQL :EXEC GetRunningDaysDetail 'BS221070024',@FromDate='2021-08-01',@ToDate='2021-08-31', @CompanyId=2;
09/08/2021 09:48:50	SQL :EXEC GetRunningDaysDetail 'BS221070025',@FromDate='2021-08-01',@ToDate='2021-08-31', @CompanyId=2;
09/08/2021 09:48:50	SQL :EXEC GetRunningDaysDetail 'BS221070063',@FromDate='2021-08-01',@ToDate='2021-08-31', @CompanyId=2;
09/08/2021 09:48:50	SQL :EXEC GetRunningDaysDetail 'BS221070064',@FromDate='2021-08-01',@ToDate='2021-08-31', @CompanyId=2;
09/08/2021 09:48:51	SQL :EXEC GetRunningDaysDetail 'BS221070069',@FromDate='2021-08-01',@ToDate='2021-08-31', @CompanyId=2;
09/08/2021 09:48:51	SQL :EXEC GetRunningDaysDetail 'BS221070070',@FromDate='2021-08-01',@ToDate='2021-08-31', @CompanyId=2;
09/08/2021 09:48:51	SQL :EXEC GetRunningDaysDetail 'BS221070066',@FromDate='2021-08-01',@ToDate='2021-08-31', @CompanyId=2;
09/08/2021 09:48:51	SQL :EXEC GetRunningDaysDetail 'BS221070067',@FromDate='2021-08-01',@ToDate='2021-08-31', @CompanyId=2;
09/08/2021 09:48:51	SQL :EXEC GetRunningDaysDetail 'BS221070065',@FromDate='2021-08-01',@ToDate='2021-08-31', @CompanyId=2;
09/08/2021 09:48:52	SQL :EXEC GetRunningDaysDetail 'BS221070060',@FromDate='2021-08-01',@ToDate='2021-08-31', @CompanyId=2;
09/08/2021 09:48:52	SQL :EXEC GetRunningDaysDetail 'BS220080008',@FromDate='2021-08-01',@ToDate='2021-08-31', @CompanyId=2;
09/08/2021 09:48:53	SQL :EXEC GetRunningDaysDetail 'BS220080009',@FromDate='2021-08-01',@ToDate='2021-08-31', @CompanyId=2;
09/08/2021 09:48:55	SQL :EXEC GetRunningDaysDetail 'BS221070061',@FromDate='2021-08-01',@ToDate='2021-08-31', @CompanyId=2;
09/08/2021 09:48:55	SQL :EXEC GetRunningDaysDetail 'BS221070041',@FromDate='2021-08-01',@ToDate='2021-08-31', @CompanyId=2;
09/08/2021 09:48:57	SQL :EXEC GetRunningDaysDetail 'BS220080007',@FromDate='2021-08-01',@ToDate='2021-08-31', @CompanyId=2;
09/08/2021 09:48:57	SQL :EXEC GetRunningDaysDetail 'BS220080006',@FromDate='2021-08-01',@ToDate='2021-08-31', @CompanyId=2;
09/08/2021 09:48:57	SQL :EXEC GetRunningDaysDetail 'BS220080010',@FromDate='2021-08-01',@ToDate='2021-08-31', @CompanyId=2;
09/08/2021 09:48:59	SQL :EXEC GetRunningDaysDetail 'BS221070068',@FromDate='2021-08-01',@ToDate='2021-08-31', @CompanyId=2;
09/08/2021 09:48:59	SQL :EXEC GetRunningDaysDetail 'BS221070071',@FromDate='2021-08-01',@ToDate='2021-08-31', @CompanyId=2;
09/08/2021 09:48:59	SQL :EXEC GetRunningDaysDetail 'BS221070062',@FromDate='2021-08-01',@ToDate='2021-08-31', @CompanyId=2;
09/08/2021 09:48:59	SQL :EXEC GetRunningDaysDetail 'BU00000001',@FromDate='2021-08-01',@ToDate='2021-08-31', @CompanyId=2;
09/08/2021 09:49:00	Open DB Connection
09/08/2021 09:49:00	SQL :SELECT value FROM wh_dashboard WHERE (name='persen_utilisasi')AND(company_id=2)AND(location_id=6)AND(month=8)AND(year=2021);
09/08/2021 09:49:00	SQL :UPDATE wh_dashboard SET value='16 %',update_time=GETDATE(),update_user='pramudyono hadi' WHERE (name='persen_utilisasi')AND(company_id=2)AND(location_id=6)AND(month=8) AND (year=2021);
09/08/2021 09:57:40	Message:Port Check
09/08/2021 09:57:40	Message:Open DB Connection
09/08/2021 09:57:40	SQL :EXEC GetMessage '01','pramudyono hadi';
09/08/2021 09:57:40	SQL :SELECT CONVERT(VARCHAR(8),GETDATE(),108) AS hour_minute;
09/08/2021 09:57:41	SQL :SELECT CONVERT(VARCHAR(10),GETDATE(),103) AS date_time;
09/08/2021 10:07:48	Message:Port Check
09/08/2021 10:07:48	Message:Open DB Connection
09/08/2021 10:07:48	SQL :EXEC GetMessage '01','pramudyono hadi';
09/08/2021 10:07:48	SQL :SELECT CONVERT(VARCHAR(8),GETDATE(),108) AS hour_minute;
09/08/2021 10:07:48	SQL :SELECT CONVERT(VARCHAR(10),GETDATE(),103) AS date_time;
09/08/2021 10:17:55	Message:Port Check
09/08/2021 10:17:55	Message:Open DB Connection
09/08/2021 10:17:55	SQL :EXEC GetMessage '01','pramudyono hadi';
09/08/2021 10:17:55	SQL :SELECT CONVERT(VARCHAR(8),GETDATE(),108) AS hour_minute;
09/08/2021 10:17:55	SQL :SELECT CONVERT(VARCHAR(10),GETDATE(),103) AS date_time;
09/08/2021 10:28:03	Message:Port Check
09/08/2021 10:28:03	Message:Open DB Connection
09/08/2021 10:28:03	SQL :EXEC GetMessage '01','pramudyono hadi';
09/08/2021 10:28:03	SQL :SELECT CONVERT(VARCHAR(8),GETDATE(),108) AS hour_minute;
09/08/2021 10:28:03	SQL :SELECT CONVERT(VARCHAR(10),GETDATE(),103) AS date_time;
09/08/2021 10:38:10	Message:Port Check
09/08/2021 10:38:10	Message:Open DB Connection
09/08/2021 10:38:10	SQL :EXEC GetMessage '01','pramudyono hadi';
09/08/2021 10:38:10	SQL :SELECT CONVERT(VARCHAR(8),GETDATE(),108) AS hour_minute;
09/08/2021 10:38:10	SQL :SELECT CONVERT(VARCHAR(10),GETDATE(),103) AS date_time;
09/08/2021 10:45:28	Open DB Connection
09/08/2021 10:45:28	SQL :SELECT * FROM wh_setting WHERE (setting_name='ServiceBerkala_as_PKB_2') AND (active=1);
09/08/2021 10:45:29	Open DB Connection
09/08/2021 10:45:29	SQL :EXEC GetVhcList 6,@CompanyId=2,@OrderBy='h.vhc_batch_id,seat,license_plate',@ShowBatch=1,@Dates='2021/08/31';
09/08/2021 10:45:29	SQL :EXEC GetRunningDaysDetail 'BS15070005',@FromDate='2021-08-01',@ToDate='2021-08-31', @CompanyId=2;
09/08/2021 10:45:30	SQL :EXEC GetRunningDaysDetail 'BS15100003',@FromDate='2021-08-01',@ToDate='2021-08-31', @CompanyId=2;
09/08/2021 10:45:30	SQL :EXEC GetRunningDaysDetail 'BS15070004',@FromDate='2021-08-01',@ToDate='2021-08-31', @CompanyId=2;
09/08/2021 10:45:30	SQL :EXEC GetRunningDaysDetail 'BU13090145',@FromDate='2021-08-01',@ToDate='2021-08-31', @CompanyId=2;
09/08/2021 10:45:31	SQL :EXEC GetRunningDaysDetail 'BU13090079',@FromDate='2021-08-01',@ToDate='2021-08-31', @CompanyId=2;
09/08/2021 10:45:32	SQL :EXEC GetRunningDaysDetail 'BS14070003',@FromDate='2021-08-01',@ToDate='2021-08-31', @CompanyId=2;
09/08/2021 10:45:32	SQL :EXEC GetRunningDaysDetail 'BU13090081',@FromDate='2021-08-01',@ToDate='2021-08-31', @CompanyId=2;
09/08/2021 10:45:32	SQL :EXEC GetRunningDaysDetail 'GL1218020002',@FromDate='2021-08-01',@ToDate='2021-08-31', @CompanyId=2;
09/08/2021 10:45:33	SQL :EXEC GetRunningDaysDetail 'BS14070001',@FromDate='2021-08-01',@ToDate='2021-08-31', @CompanyId=2;
09/08/2021 10:45:34	SQL :EXEC GetRunningDaysDetail 'BU13090083',@FromDate='2021-08-01',@ToDate='2021-08-31', @CompanyId=2;
09/08/2021 10:45:34	SQL :EXEC GetRunningDaysDetail 'BS14070004',@FromDate='2021-08-01',@ToDate='2021-08-31', @CompanyId=2;
09/08/2021 10:45:34	SQL :EXEC GetRunningDaysDetail 'GL1218020001',@FromDate='2021-08-01',@ToDate='2021-08-31', @CompanyId=2;
09/08/2021 10:45:34	SQL :EXEC GetRunningDaysDetail 'BS15070006',@FromDate='2021-08-01',@ToDate='2021-08-31', @CompanyId=2;
09/08/2021 10:45:35	SQL :EXEC GetRunningDaysDetail 'BU13090086',@FromDate='2021-08-01',@ToDate='2021-08-31', @CompanyId=2;
09/08/2021 10:45:35	SQL :EXEC GetRunningDaysDetail 'BU13090087',@FromDate='2021-08-01',@ToDate='2021-08-31', @CompanyId=2;
09/08/2021 10:45:35	SQL :EXEC GetRunningDaysDetail 'BU13090088',@FromDate='2021-08-01',@ToDate='2021-08-31', @CompanyId=2;
09/08/2021 10:45:35	SQL :EXEC GetRunningDaysDetail 'BU13090089',@FromDate='2021-08-01',@ToDate='2021-08-31', @CompanyId=2;
09/08/2021 10:45:36	SQL :EXEC GetRunningDaysDetail 'BU13090090',@FromDate='2021-08-01',@ToDate='2021-08-31', @CompanyId=2;
09/08/2021 10:45:36	SQL :EXEC GetRunningDaysDetail 'BU13090091',@FromDate='2021-08-01',@ToDate='2021-08-31', @CompanyId=2;
09/08/2021 10:45:37	SQL :EXEC GetRunningDaysDetail 'BU13090093',@FromDate='2021-08-01',@ToDate='2021-08-31', @CompanyId=2;
09/08/2021 10:45:37	SQL :EXEC GetRunningDaysDetail 'BU13090094',@FromDate='2021-08-01',@ToDate='2021-08-31', @CompanyId=2;
09/08/2021 10:45:38	SQL :EXEC GetRunningDaysDetail 'BU13090072',@FromDate='2021-08-01',@ToDate='2021-08-31', @CompanyId=2;
09/08/2021 10:45:38	SQL :EXEC GetRunningDaysDetail 'BS15090014',@FromDate='2021-08-01',@ToDate='2021-08-31', @CompanyId=2;
09/08/2021 10:45:39	SQL :EXEC GetRunningDaysDetail 'BS15090022',@FromDate='2021-08-01',@ToDate='2021-08-31', @CompanyId=2;
09/08/2021 10:45:40	SQL :EXEC GetRunningDaysDetail 'BS220010001',@FromDate='2021-08-01',@ToDate='2021-08-31', @CompanyId=2;
09/08/2021 10:45:40	SQL :EXEC GetRunningDaysDetail 'BS220010002',@FromDate='2021-08-01',@ToDate='2021-08-31', @CompanyId=2;
09/08/2021 10:45:41	SQL :EXEC GetRunningDaysDetail 'BS220010003',@FromDate='2021-08-01',@ToDate='2021-08-31', @CompanyId=2;
09/08/2021 10:45:41	SQL :EXEC GetRunningDaysDetail 'BS220010004',@FromDate='2021-08-01',@ToDate='2021-08-31', @CompanyId=2;
09/08/2021 10:45:41	SQL :EXEC GetRunningDaysDetail 'BS220010005',@FromDate='2021-08-01',@ToDate='2021-08-31', @CompanyId=2;
09/08/2021 10:45:42	SQL :EXEC GetRunningDaysDetail 'BU13090054',@FromDate='2021-08-01',@ToDate='2021-08-31', @CompanyId=2;
09/08/2021 10:45:42	SQL :EXEC GetRunningDaysDetail 'BU13090057',@FromDate='2021-08-01',@ToDate='2021-08-31', @CompanyId=2;
09/08/2021 10:45:43	SQL :EXEC GetRunningDaysDetail 'BS14050001',@FromDate='2021-08-01',@ToDate='2021-08-31', @CompanyId=2;
09/08/2021 10:45:43	SQL :EXEC GetRunningDaysDetail 'BU13090044',@FromDate='2021-08-01',@ToDate='2021-08-31', @CompanyId=2;
09/08/2021 10:45:44	SQL :EXEC GetRunningDaysDetail 'BU13090046',@FromDate='2021-08-01',@ToDate='2021-08-31', @CompanyId=2;
09/08/2021 10:45:44	SQL :EXEC GetRunningDaysDetail 'BU13090047',@FromDate='2021-08-01',@ToDate='2021-08-31', @CompanyId=2;
09/08/2021 10:45:45	SQL :EXEC GetRunningDaysDetail 'BU13090048',@FromDate='2021-08-01',@ToDate='2021-08-31', @CompanyId=2;
09/08/2021 10:45:45	SQL :EXEC GetRunningDaysDetail 'BU13090051',@FromDate='2021-08-01',@ToDate='2021-08-31', @CompanyId=2;
09/08/2021 10:45:46	SQL :EXEC GetRunningDaysDetail 'BU13090056',@FromDate='2021-08-01',@ToDate='2021-08-31', @CompanyId=2;
09/08/2021 10:45:46	SQL :EXEC GetRunningDaysDetail 'BS14050005',@FromDate='2021-08-01',@ToDate='2021-08-31', @CompanyId=2;
09/08/2021 10:45:47	SQL :EXEC GetRunningDaysDetail 'BS14050002',@FromDate='2021-08-01',@ToDate='2021-08-31', @CompanyId=2;
09/08/2021 10:45:48	SQL :EXEC GetRunningDaysDetail 'BS14050003',@FromDate='2021-08-01',@ToDate='2021-08-31', @CompanyId=2;
09/08/2021 10:45:49	SQL :EXEC GetRunningDaysDetail 'BS14050004',@FromDate='2021-08-01',@ToDate='2021-08-31', @CompanyId=2;
09/08/2021 10:45:50	SQL :EXEC GetRunningDaysDetail 'BS14050008',@FromDate='2021-08-01',@ToDate='2021-08-31', @CompanyId=2;
09/08/2021 10:45:51	SQL :EXEC GetRunningDaysDetail 'BS14050006',@FromDate='2021-08-01',@ToDate='2021-08-31', @CompanyId=2;
09/08/2021 10:45:52	SQL :EXEC GetRunningDaysDetail 'BS14110001',@FromDate='2021-08-01',@ToDate='2021-08-31', @CompanyId=2;
09/08/2021 10:45:52	SQL :EXEC GetRunningDaysDetail 'BS14110002',@FromDate='2021-08-01',@ToDate='2021-08-31', @CompanyId=2;
09/08/2021 10:45:53	SQL :EXEC GetRunningDaysDetail 'BS17100020',@FromDate='2021-08-01',@ToDate='2021-08-31', @CompanyId=2;
09/08/2021 10:45:53	SQL :EXEC GetRunningDaysDetail 'BS216050001',@FromDate='2021-08-01',@ToDate='2021-08-31', @CompanyId=2;
09/08/2021 10:45:55	SQL :EXEC GetRunningDaysDetail 'BS216050002',@FromDate='2021-08-01',@ToDate='2021-08-31', @CompanyId=2;
09/08/2021 10:45:56	SQL :EXEC GetRunningDaysDetail 'BS17100017',@FromDate='2021-08-01',@ToDate='2021-08-31', @CompanyId=2;
09/08/2021 10:45:57	SQL :EXEC GetRunningDaysDetail 'BS17100016',@FromDate='2021-08-01',@ToDate='2021-08-31', @CompanyId=2;
09/08/2021 10:45:58	SQL :EXEC GetRunningDaysDetail 'BS1118070003',@FromDate='2021-08-01',@ToDate='2021-08-31', @CompanyId=2;
09/08/2021 10:45:58	SQL :EXEC GetRunningDaysDetail 'BS918060001',@FromDate='2021-08-01',@ToDate='2021-08-31', @CompanyId=2;
09/08/2021 10:45:59	SQL :EXEC GetRunningDaysDetail 'BS218050002',@FromDate='2021-08-01',@ToDate='2021-08-31', @CompanyId=2;
09/08/2021 10:46:00	SQL :EXEC GetRunningDaysDetail 'BS218050001',@FromDate='2021-08-01',@ToDate='2021-08-31', @CompanyId=2;
09/08/2021 10:46:01	SQL :EXEC GetRunningDaysDetail 'BS218090002',@FromDate='2021-08-01',@ToDate='2021-08-31', @CompanyId=2;
09/08/2021 10:46:01	SQL :EXEC GetRunningDaysDetail 'BS218090003',@FromDate='2021-08-01',@ToDate='2021-08-31', @CompanyId=2;
09/08/2021 10:46:02	SQL :EXEC GetRunningDaysDetail 'BS218110003',@FromDate='2021-08-01',@ToDate='2021-08-31', @CompanyId=2;
09/08/2021 10:46:03	SQL :EXEC GetRunningDaysDetail 'BS218110001',@FromDate='2021-08-01',@ToDate='2021-08-31', @CompanyId=2;
09/08/2021 10:46:03	SQL :EXEC GetRunningDaysDetail 'BS217010007',@FromDate='2021-08-01',@ToDate='2021-08-31', @CompanyId=2;
09/08/2021 10:46:05	SQL :EXEC GetRunningDaysDetail 'BS217020001',@FromDate='2021-08-01',@ToDate='2021-08-31', @CompanyId=2;
09/08/2021 10:46:07	SQL :EXEC GetRunningDaysDetail 'BS217020002',@FromDate='2021-08-01',@ToDate='2021-08-31', @CompanyId=2;
09/08/2021 10:46:09	SQL :EXEC GetRunningDaysDetail 'BS217060004',@FromDate='2021-08-01',@ToDate='2021-08-31', @CompanyId=2;
09/08/2021 10:46:11	SQL :EXEC GetRunningDaysDetail 'BS217060003',@FromDate='2021-08-01',@ToDate='2021-08-31', @CompanyId=2;
09/08/2021 10:46:14	SQL :EXEC GetRunningDaysDetail 'BS917080001',@FromDate='2021-08-01',@ToDate='2021-08-31', @CompanyId=2;
09/08/2021 10:46:16	SQL :EXEC GetRunningDaysDetail 'BS917080002',@FromDate='2021-08-01',@ToDate='2021-08-31', @CompanyId=2;
09/08/2021 10:46:19	SQL :EXEC GetRunningDaysDetail 'BS218070003',@FromDate='2021-08-01',@ToDate='2021-08-31', @CompanyId=2;
09/08/2021 10:46:20	SQL :EXEC GetRunningDaysDetail 'BS218070001',@FromDate='2021-08-01',@ToDate='2021-08-31', @CompanyId=2;
09/08/2021 10:46:24	SQL :EXEC GetRunningDaysDetail 'BS218070004',@FromDate='2021-08-01',@ToDate='2021-08-31', @CompanyId=2;
09/08/2021 10:46:26	SQL :EXEC GetRunningDaysDetail 'BS219100004',@FromDate='2021-08-01',@ToDate='2021-08-31', @CompanyId=2;
09/08/2021 10:46:26	SQL :EXEC GetRunningDaysDetail 'BS219100003',@FromDate='2021-08-01',@ToDate='2021-08-31', @CompanyId=2;
09/08/2021 10:46:28	SQL :EXEC GetRunningDaysDetail 'BS217010001',@FromDate='2021-08-01',@ToDate='2021-08-31', @CompanyId=2;
09/08/2021 10:46:28	SQL :EXEC GetRunningDaysDetail 'BS217010002',@FromDate='2021-08-01',@ToDate='2021-08-31', @CompanyId=2;
09/08/2021 10:46:28	SQL :EXEC GetRunningDaysDetail 'BS218090001',@FromDate='2021-08-01',@ToDate='2021-08-31', @CompanyId=2;
09/08/2021 10:46:29	SQL :EXEC GetRunningDaysDetail 'BS217080003',@FromDate='2021-08-01',@ToDate='2021-08-31', @CompanyId=2;
09/08/2021 10:46:29	SQL :EXEC GetRunningDaysDetail 'BS217080004',@FromDate='2021-08-01',@ToDate='2021-08-31', @CompanyId=2;
09/08/2021 10:46:30	SQL :EXEC GetRunningDaysDetail 'BS217080006',@FromDate='2021-08-01',@ToDate='2021-08-31', @CompanyId=2;
09/08/2021 10:46:30	SQL :EXEC GetRunningDaysDetail 'BS1218020001',@FromDate='2021-08-01',@ToDate='2021-08-31', @CompanyId=2;
09/08/2021 10:46:31	SQL :EXEC GetRunningDaysDetail 'BS218050003',@FromDate='2021-08-01',@ToDate='2021-08-31', @CompanyId=2;
09/08/2021 10:46:31	SQL :EXEC GetRunningDaysDetail 'BS217080001',@FromDate='2021-08-01',@ToDate='2021-08-31', @CompanyId=2;
09/08/2021 10:46:32	SQL :EXEC GetRunningDaysDetail 'BS217080002',@FromDate='2021-08-01',@ToDate='2021-08-31', @CompanyId=2;
09/08/2021 10:46:32	SQL :EXEC GetRunningDaysDetail 'BS217020006',@FromDate='2021-08-01',@ToDate='2021-08-31', @CompanyId=2;
09/08/2021 10:46:33	SQL :EXEC GetRunningDaysDetail 'BS220100001',@FromDate='2021-08-01',@ToDate='2021-08-31', @CompanyId=2;
09/08/2021 10:46:33	SQL :EXEC GetRunningDaysDetail 'BS219090002',@FromDate='2021-08-01',@ToDate='2021-08-31', @CompanyId=2;
09/08/2021 10:46:33	SQL :EXEC GetRunningDaysDetail 'BS221040001',@FromDate='2021-08-01',@ToDate='2021-08-31', @CompanyId=2;
09/08/2021 10:46:34	SQL :EXEC GetRunningDaysDetail 'BS221040002',@FromDate='2021-08-01',@ToDate='2021-08-31', @CompanyId=2;
09/08/2021 10:46:34	SQL :EXEC GetRunningDaysDetail 'BS220110001',@FromDate='2021-08-01',@ToDate='2021-08-31', @CompanyId=2;
09/08/2021 10:46:34	SQL :EXEC GetRunningDaysDetail 'BS220110004',@FromDate='2021-08-01',@ToDate='2021-08-31', @CompanyId=2;
09/08/2021 10:46:34	SQL :EXEC GetRunningDaysDetail 'BS220110005',@FromDate='2021-08-01',@ToDate='2021-08-31', @CompanyId=2;
09/08/2021 10:46:35	SQL :EXEC GetRunningDaysDetail 'BS1118070005',@FromDate='2021-08-01',@ToDate='2021-08-31', @CompanyId=2;
09/08/2021 10:46:36	SQL :EXEC GetRunningDaysDetail 'BS221060001',@FromDate='2021-08-01',@ToDate='2021-08-31', @CompanyId=2;
09/08/2021 10:46:36	SQL :EXEC GetRunningDaysDetail 'BS221010001',@FromDate='2021-08-01',@ToDate='2021-08-31', @CompanyId=2;
09/08/2021 10:46:36	SQL :EXEC GetRunningDaysDetail 'BS221010002',@FromDate='2021-08-01',@ToDate='2021-08-31', @CompanyId=2;
09/08/2021 10:46:37	SQL :EXEC GetRunningDaysDetail 'BS221060004',@FromDate='2021-08-01',@ToDate='2021-08-31', @CompanyId=2;
09/08/2021 10:46:37	SQL :EXEC GetRunningDaysDetail 'BS221020002',@FromDate='2021-08-01',@ToDate='2021-08-31', @CompanyId=2;
09/08/2021 10:46:38	SQL :EXEC GetRunningDaysDetail 'BS221070008',@FromDate='2021-08-01',@ToDate='2021-08-31', @CompanyId=2;
09/08/2021 10:46:39	SQL :EXEC GetRunningDaysDetail 'BS221070009',@FromDate='2021-08-01',@ToDate='2021-08-31', @CompanyId=2;
09/08/2021 10:46:41	SQL :EXEC GetRunningDaysDetail 'BS221020001',@FromDate='2021-08-01',@ToDate='2021-08-31', @CompanyId=2;
09/08/2021 10:46:42	SQL :EXEC GetRunningDaysDetail 'BS221070072',@FromDate='2021-08-01',@ToDate='2021-08-31', @CompanyId=2;
09/08/2021 10:46:43	SQL :EXEC GetRunningDaysDetail 'BS220080001',@FromDate='2021-08-01',@ToDate='2021-08-31', @CompanyId=2;
09/08/2021 10:46:44	SQL :EXEC GetRunningDaysDetail 'BS220080003',@FromDate='2021-08-01',@ToDate='2021-08-31', @CompanyId=2;
09/08/2021 10:46:44	SQL :EXEC GetRunningDaysDetail 'BS220080004',@FromDate='2021-08-01',@ToDate='2021-08-31', @CompanyId=2;
09/08/2021 10:46:45	SQL :EXEC GetRunningDaysDetail 'BS220080005',@FromDate='2021-08-01',@ToDate='2021-08-31', @CompanyId=2;
09/08/2021 10:46:47	SQL :EXEC GetRunningDaysDetail 'BS220070002',@FromDate='2021-08-01',@ToDate='2021-08-31', @CompanyId=2;
09/08/2021 10:46:48	SQL :EXEC GetRunningDaysDetail 'BS220070001',@FromDate='2021-08-01',@ToDate='2021-08-31', @CompanyId=2;
09/08/2021 10:46:48	SQL :EXEC GetRunningDaysDetail 'BS221060002',@FromDate='2021-08-01',@ToDate='2021-08-31', @CompanyId=2;
09/08/2021 10:46:48	SQL :EXEC GetRunningDaysDetail 'BS220110002',@FromDate='2021-08-01',@ToDate='2021-08-31', @CompanyId=2;
09/08/2021 10:46:49	SQL :EXEC GetRunningDaysDetail 'BS220110003',@FromDate='2021-08-01',@ToDate='2021-08-31', @CompanyId=2;
09/08/2021 10:46:50	SQL :EXEC GetRunningDaysDetail 'BS221020003',@FromDate='2021-08-01',@ToDate='2021-08-31', @CompanyId=2;
09/08/2021 10:46:51	SQL :EXEC GetRunningDaysDetail 'BS221020004',@FromDate='2021-08-01',@ToDate='2021-08-31', @CompanyId=2;
09/08/2021 10:46:52	SQL :EXEC GetRunningDaysDetail 'BS220010006',@FromDate='2021-08-01',@ToDate='2021-08-31', @CompanyId=2;
09/08/2021 10:46:52	SQL :EXEC GetRunningDaysDetail 'BS221080002',@FromDate='2021-08-01',@ToDate='2021-08-31', @CompanyId=2;
09/08/2021 10:46:52	SQL :EXEC GetRunningDaysDetail 'BS221080001',@FromDate='2021-08-01',@ToDate='2021-08-31', @CompanyId=2;
09/08/2021 10:46:52	SQL :EXEC GetRunningDaysDetail 'BS221070074',@FromDate='2021-08-01',@ToDate='2021-08-31', @CompanyId=2;
09/08/2021 10:46:53	SQL :EXEC GetRunningDaysDetail 'BS221070073',@FromDate='2021-08-01',@ToDate='2021-08-31', @CompanyId=2;
09/08/2021 10:46:54	SQL :EXEC GetRunningDaysDetail 'BS218050004',@FromDate='2021-08-01',@ToDate='2021-08-31', @CompanyId=2;
09/08/2021 10:46:54	SQL :EXEC GetRunningDaysDetail 'BS218070005',@FromDate='2021-08-01',@ToDate='2021-08-31', @CompanyId=2;
09/08/2021 10:46:55	SQL :EXEC GetRunningDaysDetail 'BS221040003',@FromDate='2021-08-01',@ToDate='2021-08-31', @CompanyId=2;
09/08/2021 10:46:55	SQL :EXEC GetRunningDaysDetail 'BS218070007',@FromDate='2021-08-01',@ToDate='2021-08-31', @CompanyId=2;
09/08/2021 10:46:55	SQL :EXEC GetRunningDaysDetail 'BS218070006',@FromDate='2021-08-01',@ToDate='2021-08-31', @CompanyId=2;
09/08/2021 10:46:56	SQL :EXEC GetRunningDaysDetail 'BS219090001',@FromDate='2021-08-01',@ToDate='2021-08-31', @CompanyId=2;
09/08/2021 10:46:56	SQL :EXEC GetRunningDaysDetail 'BS219110001',@FromDate='2021-08-01',@ToDate='2021-08-31', @CompanyId=2;
09/08/2021 10:46:56	SQL :EXEC GetRunningDaysDetail 'BU13090043',@FromDate='2021-08-01',@ToDate='2021-08-31', @CompanyId=2;
09/08/2021 10:46:57	SQL :EXEC GetRunningDaysDetail 'BS14050007',@FromDate='2021-08-01',@ToDate='2021-08-31', @CompanyId=2;
09/08/2021 10:46:57	SQL :EXEC GetRunningDaysDetail 'BU13090049',@FromDate='2021-08-01',@ToDate='2021-08-31', @CompanyId=2;
09/08/2021 10:46:58	SQL :EXEC GetRunningDaysDetail 'BS221060003',@FromDate='2021-08-01',@ToDate='2021-08-31', @CompanyId=2;
09/08/2021 10:46:59	SQL :EXEC GetRunningDaysDetail 'BS221070042',@FromDate='2021-08-01',@ToDate='2021-08-31', @CompanyId=2;
09/08/2021 10:46:59	SQL :EXEC GetRunningDaysDetail 'BS221070043',@FromDate='2021-08-01',@ToDate='2021-08-31', @CompanyId=2;
09/08/2021 10:47:00	SQL :EXEC GetRunningDaysDetail 'BS221070046',@FromDate='2021-08-01',@ToDate='2021-08-31', @CompanyId=2;
09/08/2021 10:47:00	SQL :EXEC GetRunningDaysDetail 'BS221070047',@FromDate='2021-08-01',@ToDate='2021-08-31', @CompanyId=2;
09/08/2021 10:47:00	SQL :EXEC GetRunningDaysDetail 'BS221070048',@FromDate='2021-08-01',@ToDate='2021-08-31', @CompanyId=2;
09/08/2021 10:47:00	SQL :EXEC GetRunningDaysDetail 'BS221070049',@FromDate='2021-08-01',@ToDate='2021-08-31', @CompanyId=2;
09/08/2021 10:47:00	SQL :EXEC GetRunningDaysDetail 'BS221070044',@FromDate='2021-08-01',@ToDate='2021-08-31', @CompanyId=2;
09/08/2021 10:47:01	SQL :EXEC GetRunningDaysDetail 'BS221070050',@FromDate='2021-08-01',@ToDate='2021-08-31', @CompanyId=2;
09/08/2021 10:47:01	SQL :EXEC GetRunningDaysDetail 'BS221070051',@FromDate='2021-08-01',@ToDate='2021-08-31', @CompanyId=2;
09/08/2021 10:47:01	SQL :EXEC GetRunningDaysDetail 'BS221070052',@FromDate='2021-08-01',@ToDate='2021-08-31', @CompanyId=2;
09/08/2021 10:47:01	SQL :EXEC GetRunningDaysDetail 'BS221070053',@FromDate='2021-08-01',@ToDate='2021-08-31', @CompanyId=2;
09/08/2021 10:47:01	SQL :EXEC GetRunningDaysDetail 'BS221070054',@FromDate='2021-08-01',@ToDate='2021-08-31', @CompanyId=2;
09/08/2021 10:47:02	SQL :EXEC GetRunningDaysDetail 'BS221070055',@FromDate='2021-08-01',@ToDate='2021-08-31', @CompanyId=2;
09/08/2021 10:47:02	SQL :EXEC GetRunningDaysDetail 'BS221070056',@FromDate='2021-08-01',@ToDate='2021-08-31', @CompanyId=2;
09/08/2021 10:47:02	SQL :EXEC GetRunningDaysDetail 'BS221070057',@FromDate='2021-08-01',@ToDate='2021-08-31', @CompanyId=2;
09/08/2021 10:47:02	SQL :EXEC GetRunningDaysDetail 'BS221070058',@FromDate='2021-08-01',@ToDate='2021-08-31', @CompanyId=2;
09/08/2021 10:47:02	SQL :EXEC GetRunningDaysDetail 'BS221070045',@FromDate='2021-08-01',@ToDate='2021-08-31', @CompanyId=2;
09/08/2021 10:47:03	SQL :EXEC GetRunningDaysDetail 'BS221070006',@FromDate='2021-08-01',@ToDate='2021-08-31', @CompanyId=2;
09/08/2021 10:47:03	SQL :EXEC GetRunningDaysDetail 'BS221070026',@FromDate='2021-08-01',@ToDate='2021-08-31', @CompanyId=2;
09/08/2021 10:47:03	SQL :EXEC GetRunningDaysDetail 'BS221070027',@FromDate='2021-08-01',@ToDate='2021-08-31', @CompanyId=2;
09/08/2021 10:47:03	SQL :EXEC GetRunningDaysDetail 'BS221070028',@FromDate='2021-08-01',@ToDate='2021-08-31', @CompanyId=2;
09/08/2021 10:47:04	SQL :EXEC GetRunningDaysDetail 'BS221070029',@FromDate='2021-08-01',@ToDate='2021-08-31', @CompanyId=2;
09/08/2021 10:47:04	SQL :EXEC GetRunningDaysDetail 'BS221070030',@FromDate='2021-08-01',@ToDate='2021-08-31', @CompanyId=2;
09/08/2021 10:47:04	SQL :EXEC GetRunningDaysDetail 'BS221070031',@FromDate='2021-08-01',@ToDate='2021-08-31', @CompanyId=2;
09/08/2021 10:47:04	SQL :EXEC GetRunningDaysDetail 'BS221070032',@FromDate='2021-08-01',@ToDate='2021-08-31', @CompanyId=2;
09/08/2021 10:47:04	SQL :EXEC GetRunningDaysDetail 'BS221070033',@FromDate='2021-08-01',@ToDate='2021-08-31', @CompanyId=2;
09/08/2021 10:47:05	SQL :EXEC GetRunningDaysDetail 'BS221070034',@FromDate='2021-08-01',@ToDate='2021-08-31', @CompanyId=2;
09/08/2021 10:47:05	SQL :EXEC GetRunningDaysDetail 'BS221070035',@FromDate='2021-08-01',@ToDate='2021-08-31', @CompanyId=2;
09/08/2021 10:47:05	SQL :EXEC GetRunningDaysDetail 'BS221070036',@FromDate='2021-08-01',@ToDate='2021-08-31', @CompanyId=2;
09/08/2021 10:47:05	SQL :EXEC GetRunningDaysDetail 'BS221070037',@FromDate='2021-08-01',@ToDate='2021-08-31', @CompanyId=2;
09/08/2021 10:47:05	SQL :EXEC GetRunningDaysDetail 'BS221070038',@FromDate='2021-08-01',@ToDate='2021-08-31', @CompanyId=2;
09/08/2021 10:47:06	SQL :EXEC GetRunningDaysDetail 'BS221070039',@FromDate='2021-08-01',@ToDate='2021-08-31', @CompanyId=2;
09/08/2021 10:47:06	SQL :EXEC GetRunningDaysDetail 'BS221070040',@FromDate='2021-08-01',@ToDate='2021-08-31', @CompanyId=2;
09/08/2021 10:47:06	SQL :EXEC GetRunningDaysDetail 'BS221070059',@FromDate='2021-08-01',@ToDate='2021-08-31', @CompanyId=2;
09/08/2021 10:47:06	SQL :EXEC GetRunningDaysDetail 'BS221070014',@FromDate='2021-08-01',@ToDate='2021-08-31', @CompanyId=2;
09/08/2021 10:47:06	SQL :EXEC GetRunningDaysDetail 'BS221070015',@FromDate='2021-08-01',@ToDate='2021-08-31', @CompanyId=2;
09/08/2021 10:47:07	SQL :EXEC GetRunningDaysDetail 'BS221070001',@FromDate='2021-08-01',@ToDate='2021-08-31', @CompanyId=2;
09/08/2021 10:47:07	SQL :EXEC GetRunningDaysDetail 'BS221070002',@FromDate='2021-08-01',@ToDate='2021-08-31', @CompanyId=2;
09/08/2021 10:47:07	SQL :EXEC GetRunningDaysDetail 'BS221070003',@FromDate='2021-08-01',@ToDate='2021-08-31', @CompanyId=2;
09/08/2021 10:47:07	SQL :EXEC GetRunningDaysDetail 'BS221070004',@FromDate='2021-08-01',@ToDate='2021-08-31', @CompanyId=2;
09/08/2021 10:47:08	SQL :EXEC GetRunningDaysDetail 'BS221070005',@FromDate='2021-08-01',@ToDate='2021-08-31', @CompanyId=2;
09/08/2021 10:47:08	SQL :EXEC GetRunningDaysDetail 'BS221070007',@FromDate='2021-08-01',@ToDate='2021-08-31', @CompanyId=2;
09/08/2021 10:47:08	SQL :EXEC GetRunningDaysDetail 'BS221070010',@FromDate='2021-08-01',@ToDate='2021-08-31', @CompanyId=2;
09/08/2021 10:47:08	SQL :EXEC GetRunningDaysDetail 'BS221070011',@FromDate='2021-08-01',@ToDate='2021-08-31', @CompanyId=2;
09/08/2021 10:47:08	SQL :EXEC GetRunningDaysDetail 'BS221070012',@FromDate='2021-08-01',@ToDate='2021-08-31', @CompanyId=2;
09/08/2021 10:47:09	SQL :EXEC GetRunningDaysDetail 'BS221070013',@FromDate='2021-08-01',@ToDate='2021-08-31', @CompanyId=2;
09/08/2021 10:47:09	SQL :EXEC GetRunningDaysDetail 'BS221070016',@FromDate='2021-08-01',@ToDate='2021-08-31', @CompanyId=2;
09/08/2021 10:47:09	SQL :EXEC GetRunningDaysDetail 'BS221070017',@FromDate='2021-08-01',@ToDate='2021-08-31', @CompanyId=2;
09/08/2021 10:47:09	SQL :EXEC GetRunningDaysDetail 'BS221070018',@FromDate='2021-08-01',@ToDate='2021-08-31', @CompanyId=2;
09/08/2021 10:47:10	SQL :EXEC GetRunningDaysDetail 'BS221070019',@FromDate='2021-08-01',@ToDate='2021-08-31', @CompanyId=2;
09/08/2021 10:47:10	SQL :EXEC GetRunningDaysDetail 'BS221070020',@FromDate='2021-08-01',@ToDate='2021-08-31', @CompanyId=2;
09/08/2021 10:47:10	SQL :EXEC GetRunningDaysDetail 'BS221070021',@FromDate='2021-08-01',@ToDate='2021-08-31', @CompanyId=2;
09/08/2021 10:47:10	SQL :EXEC GetRunningDaysDetail 'BS221070022',@FromDate='2021-08-01',@ToDate='2021-08-31', @CompanyId=2;
09/08/2021 10:47:10	SQL :EXEC GetRunningDaysDetail 'BS221070023',@FromDate='2021-08-01',@ToDate='2021-08-31', @CompanyId=2;
09/08/2021 10:47:10	SQL :EXEC GetRunningDaysDetail 'BS221070024',@FromDate='2021-08-01',@ToDate='2021-08-31', @CompanyId=2;
09/08/2021 10:47:11	SQL :EXEC GetRunningDaysDetail 'BS221070025',@FromDate='2021-08-01',@ToDate='2021-08-31', @CompanyId=2;
09/08/2021 10:47:11	SQL :EXEC GetRunningDaysDetail 'BS221070063',@FromDate='2021-08-01',@ToDate='2021-08-31', @CompanyId=2;
09/08/2021 10:47:11	SQL :EXEC GetRunningDaysDetail 'BS221070064',@FromDate='2021-08-01',@ToDate='2021-08-31', @CompanyId=2;
09/08/2021 10:47:11	SQL :EXEC GetRunningDaysDetail 'BS221070069',@FromDate='2021-08-01',@ToDate='2021-08-31', @CompanyId=2;
09/08/2021 10:47:12	SQL :EXEC GetRunningDaysDetail 'BS221070070',@FromDate='2021-08-01',@ToDate='2021-08-31', @CompanyId=2;
09/08/2021 10:47:12	SQL :EXEC GetRunningDaysDetail 'BS221070066',@FromDate='2021-08-01',@ToDate='2021-08-31', @CompanyId=2;
09/08/2021 10:47:13	SQL :EXEC GetRunningDaysDetail 'BS221070067',@FromDate='2021-08-01',@ToDate='2021-08-31', @CompanyId=2;
09/08/2021 10:47:13	SQL :EXEC GetRunningDaysDetail 'BS221070065',@FromDate='2021-08-01',@ToDate='2021-08-31', @CompanyId=2;
09/08/2021 10:47:14	SQL :EXEC GetRunningDaysDetail 'BS221070060',@FromDate='2021-08-01',@ToDate='2021-08-31', @CompanyId=2;
09/08/2021 10:47:15	SQL :EXEC GetRunningDaysDetail 'BS220080008',@FromDate='2021-08-01',@ToDate='2021-08-31', @CompanyId=2;
09/08/2021 10:47:16	SQL :EXEC GetRunningDaysDetail 'BS220080009',@FromDate='2021-08-01',@ToDate='2021-08-31', @CompanyId=2;
09/08/2021 10:47:18	SQL :EXEC GetRunningDaysDetail 'BS221070061',@FromDate='2021-08-01',@ToDate='2021-08-31', @CompanyId=2;
09/08/2021 10:47:19	SQL :EXEC GetRunningDaysDetail 'BS221070041',@FromDate='2021-08-01',@ToDate='2021-08-31', @CompanyId=2;
09/08/2021 10:47:21	SQL :EXEC GetRunningDaysDetail 'BS220080007',@FromDate='2021-08-01',@ToDate='2021-08-31', @CompanyId=2;
09/08/2021 10:47:21	SQL :EXEC GetRunningDaysDetail 'BS220080006',@FromDate='2021-08-01',@ToDate='2021-08-31', @CompanyId=2;
09/08/2021 10:47:21	SQL :EXEC GetRunningDaysDetail 'BS220080010',@FromDate='2021-08-01',@ToDate='2021-08-31', @CompanyId=2;
09/08/2021 10:47:23	SQL :EXEC GetRunningDaysDetail 'BS221070068',@FromDate='2021-08-01',@ToDate='2021-08-31', @CompanyId=2;
09/08/2021 10:47:23	SQL :EXEC GetRunningDaysDetail 'BS221070071',@FromDate='2021-08-01',@ToDate='2021-08-31', @CompanyId=2;
09/08/2021 10:47:24	SQL :EXEC GetRunningDaysDetail 'BS221070062',@FromDate='2021-08-01',@ToDate='2021-08-31', @CompanyId=2;
09/08/2021 10:47:25	SQL :EXEC GetRunningDaysDetail 'BU00000001',@FromDate='2021-08-01',@ToDate='2021-08-31', @CompanyId=2;
09/08/2021 10:47:26	Open DB Connection
09/08/2021 10:47:26	SQL :SELECT value FROM wh_dashboard WHERE (name='persen_utilisasi')AND(company_id=2)AND(location_id=6)AND(month=8)AND(year=2021);
09/08/2021 10:47:26	SQL :UPDATE wh_dashboard SET value='16 %',update_time=GETDATE(),update_user='pramudyono hadi' WHERE (name='persen_utilisasi')AND(company_id=2)AND(location_id=6)AND(month=8) AND (year=2021);
09/08/2021 10:48:49	Message:Port Check
09/08/2021 10:48:49	Message:Open DB Connection
09/08/2021 10:48:49	SQL :EXEC GetMessage '01','pramudyono hadi';
09/08/2021 10:48:49	SQL :SELECT CONVERT(VARCHAR(8),GETDATE(),108) AS hour_minute;
09/08/2021 10:48:49	SQL :SELECT CONVERT(VARCHAR(10),GETDATE(),103) AS date_time;
09/08/2021 10:58:57	Message:Port Check
09/08/2021 10:58:57	Message:Open DB Connection
09/08/2021 10:58:57	SQL :EXEC GetMessage '01','pramudyono hadi';
09/08/2021 10:58:57	SQL :SELECT CONVERT(VARCHAR(8),GETDATE(),108) AS hour_minute;
09/08/2021 10:58:57	SQL :SELECT CONVERT(VARCHAR(10),GETDATE(),103) AS date_time;
09/08/2021 11:09:04	Message:Port Check
09/08/2021 11:09:04	Message:Open DB Connection
09/08/2021 11:09:04	SQL :EXEC GetMessage '01','pramudyono hadi';
09/08/2021 11:09:05	SQL :SELECT CONVERT(VARCHAR(8),GETDATE(),108) AS hour_minute;
09/08/2021 11:09:05	SQL :SELECT CONVERT(VARCHAR(10),GETDATE(),103) AS date_time;
09/08/2021 11:19:11	Message:Port Check
09/08/2021 11:19:11	Message:Open DB Connection
09/08/2021 11:19:11	SQL :EXEC GetMessage '01','pramudyono hadi';
09/08/2021 11:19:11	SQL :SELECT CONVERT(VARCHAR(8),GETDATE(),108) AS hour_minute;
09/08/2021 11:19:11	SQL :SELECT CONVERT(VARCHAR(10),GETDATE(),103) AS date_time;
09/08/2021 11:29:17	Message:Port Check
09/08/2021 11:29:17	Message:Open DB Connection
09/08/2021 11:29:17	SQL :EXEC GetMessage '01','pramudyono hadi';
09/08/2021 11:29:17	SQL :SELECT CONVERT(VARCHAR(8),GETDATE(),108) AS hour_minute;
09/08/2021 11:29:17	SQL :SELECT CONVERT(VARCHAR(10),GETDATE(),103) AS date_time;
09/08/2021 11:39:23	Message:Port Check
09/08/2021 11:39:23	Message:Open DB Connection
09/08/2021 11:39:23	SQL :EXEC GetMessage '01','pramudyono hadi';
09/08/2021 11:39:23	SQL :SELECT CONVERT(VARCHAR(8),GETDATE(),108) AS hour_minute;
09/08/2021 11:39:23	SQL :SELECT CONVERT(VARCHAR(10),GETDATE(),103) AS date_time;
09/08/2021 11:49:30	Message:Port Check
09/08/2021 11:49:30	Message:Open DB Connection
09/08/2021 11:49:30	SQL :EXEC GetMessage '01','pramudyono hadi';
09/08/2021 11:49:30	SQL :SELECT CONVERT(VARCHAR(8),GETDATE(),108) AS hour_minute;
09/08/2021 11:49:30	SQL :SELECT CONVERT(VARCHAR(10),GETDATE(),103) AS date_time;
09/08/2021 11:59:37	Message:Port Check
09/08/2021 11:59:37	Message:Open DB Connection
09/08/2021 11:59:37	SQL :EXEC GetMessage '01','pramudyono hadi';
09/08/2021 11:59:38	SQL :SELECT CONVERT(VARCHAR(8),GETDATE(),108) AS hour_minute;
09/08/2021 11:59:38	SQL :SELECT CONVERT(VARCHAR(10),GETDATE(),103) AS date_time;
09/08/2021 12:09:44	Message:Port Check
09/08/2021 12:09:44	Message:Open DB Connection
09/08/2021 12:09:44	SQL :EXEC GetMessage '01','pramudyono hadi';
09/08/2021 12:09:44	SQL :SELECT CONVERT(VARCHAR(8),GETDATE(),108) AS hour_minute;
09/08/2021 12:09:44	SQL :SELECT CONVERT(VARCHAR(10),GETDATE(),103) AS date_time;
09/08/2021 12:19:52	Message:Port Check
09/08/2021 12:19:52	Message:Open DB Connection
09/08/2021 12:19:52	SQL :EXEC GetMessage '01','pramudyono hadi';
09/08/2021 12:19:52	SQL :SELECT CONVERT(VARCHAR(8),GETDATE(),108) AS hour_minute;
09/08/2021 12:19:52	SQL :SELECT CONVERT(VARCHAR(10),GETDATE(),103) AS date_time;
09/08/2021 12:29:58	Message:Port Check
09/08/2021 12:29:58	Message:Open DB Connection
09/08/2021 12:29:58	SQL :EXEC GetMessage '01','pramudyono hadi';
09/08/2021 12:29:58	SQL :SELECT CONVERT(VARCHAR(8),GETDATE(),108) AS hour_minute;
09/08/2021 12:29:58	SQL :SELECT CONVERT(VARCHAR(10),GETDATE(),103) AS date_time;
09/08/2021 12:40:05	Message:Port Check
09/08/2021 12:40:05	Message:Open DB Connection
09/08/2021 12:40:05	SQL :EXEC GetMessage '01','pramudyono hadi';
09/08/2021 12:40:05	SQL :SELECT CONVERT(VARCHAR(8),GETDATE(),108) AS hour_minute;
09/08/2021 12:40:05	SQL :SELECT CONVERT(VARCHAR(10),GETDATE(),103) AS date_time;
09/08/2021 12:50:09	Message:Port Check
09/08/2021 12:50:09	Message:Open DB Connection
09/08/2021 12:50:09	SQL :EXEC GetMessage '01','pramudyono hadi';
09/08/2021 12:50:09	SQL :SELECT CONVERT(VARCHAR(8),GETDATE(),108) AS hour_minute;
09/08/2021 12:50:09	SQL :SELECT CONVERT(VARCHAR(10),GETDATE(),103) AS date_time;
09/08/2021 13:00:17	Message:Port Check
09/08/2021 13:00:17	Message:Open DB Connection
09/08/2021 13:00:17	SQL :EXEC GetMessage '01','pramudyono hadi';
09/08/2021 13:00:17	SQL :SELECT CONVERT(VARCHAR(8),GETDATE(),108) AS hour_minute;
09/08/2021 13:00:17	SQL :SELECT CONVERT(VARCHAR(10),GETDATE(),103) AS date_time;
09/08/2021 13:10:24	Message:Port Check
09/08/2021 13:10:24	Message:Open DB Connection
09/08/2021 13:10:24	SQL :EXEC GetMessage '01','pramudyono hadi';
09/08/2021 13:10:24	SQL :SELECT CONVERT(VARCHAR(8),GETDATE(),108) AS hour_minute;
09/08/2021 13:10:24	SQL :SELECT CONVERT(VARCHAR(10),GETDATE(),103) AS date_time;
09/08/2021 13:28:18	Message:Port Check
09/08/2021 13:28:18	Message:Open DB Connection
09/08/2021 13:28:18	SQL :EXEC GetMessage '01','pramudyono hadi';
09/08/2021 13:28:18	SQL :SELECT CONVERT(VARCHAR(8),GETDATE(),108) AS hour_minute;
09/08/2021 13:28:18	SQL :SELECT CONVERT(VARCHAR(10),GETDATE(),103) AS date_time;
09/08/2021 13:38:24	Message:Port Check
09/08/2021 13:38:24	Message:Open DB Connection
09/08/2021 13:38:24	SQL :EXEC GetMessage '01','pramudyono hadi';
09/08/2021 13:38:24	SQL :SELECT CONVERT(VARCHAR(8),GETDATE(),108) AS hour_minute;
09/08/2021 13:38:24	SQL :SELECT CONVERT(VARCHAR(10),GETDATE(),103) AS date_time;
09/08/2021 13:48:30	Message:Port Check
09/08/2021 13:48:30	Message:Open DB Connection
09/08/2021 13:48:30	SQL :EXEC GetMessage '01','pramudyono hadi';
09/08/2021 13:48:30	SQL :SELECT CONVERT(VARCHAR(8),GETDATE(),108) AS hour_minute;
09/08/2021 13:48:30	SQL :SELECT CONVERT(VARCHAR(10),GETDATE(),103) AS date_time;
09/08/2021 13:48:33	Open Menu :190505
09/08/2021 13:48:33	Open DB Connection
09/08/2021 13:48:33	SQL :EXEC AuthMenu 'pramudyono hadi',190505;
09/08/2021 13:48:33	Form Check :DailyOrderFeeRpt
09/08/2021 13:48:33	Open DB Connection
09/08/2021 13:48:33	SQL :EXEC GetCompanyLocationList
09/08/2021 13:58:44	Form Check :Setting
09/08/2021 13:58:44	Form Open: Setting
10/08/2021 16:13:59	Get Local Settings
10/08/2021 16:13:59	Start Change Local Settings
10/08/2021 16:13:59	Change short date format
10/08/2021 16:13:59	Change Long date format
10/08/2021 16:13:59	Finish Change Local Settings
10/08/2021 16:13:59	Registry Read: Path=SOFTWARE\WEHA\Aplikasi\3
10/08/2021 16:13:59	Registry Read/Write
10/08/2021 16:13:59	Registry Read: Path=SOFTWARE\WEHA\Aplikasi\3
10/08/2021 16:13:59	Create DB Object
10/08/2021 16:13:59	Init DB
10/08/2021 16:13:59	Finish Init DB
10/08/2021 16:13:59	Get File Version
10/08/2021 16:13:59	Change  Caption
10/08/2021 16:13:59	Init Shortkey
10/08/2021 16:29:26	Create DB Object
10/08/2021 16:29:26	Init DB
10/08/2021 16:29:26	Finish Init DB
10/08/2021 16:29:28	Update new version check
10/08/2021 16:29:28	Open DB Connection
10/08/2021 16:29:32	SQL :
10/08/2021 16:29:32	Update check version
10/08/2021 16:29:32	Open DB Connection
10/08/2021 16:29:32	SQL :SELECT version FROM wh_application WHERE application_id=(SELECT MAX(application_id) FROM wh_application);
10/08/2021 16:29:32	Start Login
10/08/2021 16:29:32	Open DB Connection
10/08/2021 16:29:32	SQL :EXEC AuthenticateUser 'pramudyono hadi','6f2b8366efa56f0c06dd6b31fcff8a73';
10/08/2021 16:29:33	SQL :INSERT INTO wh_log (user_id,app_date,app_version,app_version_svr,location_id,company_id,department_id,host_name,ip_address)  VALUES ('pramudyono hadi','10/08/2021','6.1.3.11','6.1.3.11',6,2,13,'DESKTOP-S1PD9OD','192.168.25.214');
10/08/2021 16:29:33	Open DB Connection
10/08/2021 16:29:33	SQL :EXEC GetUserMenu 'pramudyono hadi';
10/08/2021 16:29:33	SQL :EXEC GetUserSubMenu 'pramudyono hadi','11';
10/08/2021 16:29:33	SQL :EXEC GetUserTreeMenu 'pramudyono hadi','1101',@CompanyId=2;
10/08/2021 16:29:33	SQL :EXEC GetUserTreeMenu 'pramudyono hadi','1102',@CompanyId=2;
10/08/2021 16:29:33	SQL :EXEC GetUserTreeMenu 'pramudyono hadi','1103',@CompanyId=2;
10/08/2021 16:29:33	SQL :EXEC GetUserTreeMenu 'pramudyono hadi','1104',@CompanyId=2;
10/08/2021 16:29:33	SQL :EXEC GetUserTreeMenu 'pramudyono hadi','1105',@CompanyId=2;
10/08/2021 16:29:33	SQL :EXEC GetUserTreeMenu 'pramudyono hadi','1106',@CompanyId=2;
10/08/2021 16:29:33	SQL :EXEC GetUserTreeMenu 'pramudyono hadi','1107',@CompanyId=2;
10/08/2021 16:29:33	SQL :EXEC GetUserTreeMenu 'pramudyono hadi','1108',@CompanyId=2;
10/08/2021 16:29:33	SQL :EXEC GetUserTreeMenu 'pramudyono hadi','1109',@CompanyId=2;
10/08/2021 16:29:33	SQL :EXEC GetUserTreeMenu 'pramudyono hadi','1110',@CompanyId=2;
10/08/2021 16:29:33	SQL :EXEC GetUserTreeMenu 'pramudyono hadi','1111',@CompanyId=2;
10/08/2021 16:29:33	SQL :EXEC GetUserTreeMenu 'pramudyono hadi','1112',@CompanyId=2;
10/08/2021 16:29:33	SQL :EXEC GetUserTreeMenu 'pramudyono hadi','1113',@CompanyId=2;
10/08/2021 16:29:33	SQL :EXEC GetUserTreeMenu 'pramudyono hadi','1114',@CompanyId=2;
10/08/2021 16:29:33	SQL :EXEC GetUserTreeMenu 'pramudyono hadi','1115',@CompanyId=2;
10/08/2021 16:29:33	SQL :EXEC GetUserTreeMenu 'pramudyono hadi','1116',@CompanyId=2;
10/08/2021 16:29:33	SQL :EXEC GetUserTreeMenu 'pramudyono hadi','1117',@CompanyId=2;
10/08/2021 16:29:33	SQL :EXEC GetUserTreeMenu 'pramudyono hadi','1198',@CompanyId=2;
10/08/2021 16:29:33	SQL :EXEC GetUserTreeMenu 'pramudyono hadi','1199',@CompanyId=2;
10/08/2021 16:29:33	SQL :EXEC GetUserSubMenu 'pramudyono hadi','12';
10/08/2021 16:29:33	SQL :EXEC GetUserTreeMenu 'pramudyono hadi','1201',@CompanyId=2;
10/08/2021 16:29:33	SQL :EXEC GetUserTreeMenu 'pramudyono hadi','1202',@CompanyId=2;
10/08/2021 16:29:33	SQL :EXEC GetUserTreeMenu 'pramudyono hadi','1203',@CompanyId=2;
10/08/2021 16:29:33	SQL :EXEC GetUserTreeMenu 'pramudyono hadi','1204',@CompanyId=2;
10/08/2021 16:29:33	SQL :EXEC GetUserTreeMenu 'pramudyono hadi','1205',@CompanyId=2;
10/08/2021 16:29:33	SQL :EXEC GetUserTreeMenu 'pramudyono hadi','1206',@CompanyId=2;
10/08/2021 16:29:33	SQL :EXEC GetUserTreeMenu 'pramudyono hadi','1207',@CompanyId=2;
10/08/2021 16:29:33	SQL :EXEC GetUserSubMenu 'pramudyono hadi','13';
10/08/2021 16:29:33	SQL :EXEC GetUserTreeMenu 'pramudyono hadi','1301',@CompanyId=2;
10/08/2021 16:29:33	SQL :EXEC GetUserTreeMenu 'pramudyono hadi','1302',@CompanyId=2;
10/08/2021 16:29:33	SQL :EXEC GetUserTreeMenu 'pramudyono hadi','1303',@CompanyId=2;
10/08/2021 16:29:33	SQL :EXEC GetUserTreeMenu 'pramudyono hadi','1304',@CompanyId=2;
10/08/2021 16:29:33	SQL :EXEC GetUserTreeMenu 'pramudyono hadi','1305',@CompanyId=2;
10/08/2021 16:29:33	SQL :EXEC GetUserTreeMenu 'pramudyono hadi','1306',@CompanyId=2;
10/08/2021 16:29:33	SQL :EXEC GetUserTreeMenu 'pramudyono hadi','1307',@CompanyId=2;
10/08/2021 16:29:33	SQL :EXEC GetUserTreeMenu 'pramudyono hadi','1308',@CompanyId=2;
10/08/2021 16:29:33	SQL :EXEC GetUserTreeMenu 'pramudyono hadi','1309',@CompanyId=2;
10/08/2021 16:29:33	SQL :EXEC GetUserTreeMenu 'pramudyono hadi','1310',@CompanyId=2;
10/08/2021 16:29:33	SQL :EXEC GetUserTreeMenu 'pramudyono hadi','1311',@CompanyId=2;
10/08/2021 16:29:33	SQL :EXEC GetUserTreeMenu 'pramudyono hadi','1312',@CompanyId=2;
10/08/2021 16:29:33	SQL :EXEC GetUserTreeMenu 'pramudyono hadi','1313',@CompanyId=2;
10/08/2021 16:29:33	SQL :EXEC GetUserTreeMenu 'pramudyono hadi','1314',@CompanyId=2;
10/08/2021 16:29:33	SQL :EXEC GetUserTreeMenu 'pramudyono hadi','1315',@CompanyId=2;
10/08/2021 16:29:33	SQL :EXEC GetUserTreeMenu 'pramudyono hadi','1316',@CompanyId=2;
10/08/2021 16:29:33	SQL :EXEC GetUserTreeMenu 'pramudyono hadi','1317',@CompanyId=2;
10/08/2021 16:29:33	SQL :EXEC GetUserTreeMenu 'pramudyono hadi','1318',@CompanyId=2;
10/08/2021 16:29:34	SQL :EXEC GetUserTreeMenu 'pramudyono hadi','1319',@CompanyId=2;
10/08/2021 16:29:34	SQL :EXEC GetUserTreeMenu 'pramudyono hadi','1320',@CompanyId=2;
10/08/2021 16:29:34	SQL :EXEC GetUserTreeMenu 'pramudyono hadi','1321',@CompanyId=2;
10/08/2021 16:29:34	SQL :EXEC GetUserSubMenu 'pramudyono hadi','14';
10/08/2021 16:29:34	SQL :EXEC GetUserTreeMenu 'pramudyono hadi','1401',@CompanyId=2;
10/08/2021 16:29:34	SQL :EXEC GetUserTreeMenu 'pramudyono hadi','1402',@CompanyId=2;
10/08/2021 16:29:34	SQL :EXEC GetUserTreeMenu 'pramudyono hadi','1403',@CompanyId=2;
10/08/2021 16:29:34	SQL :EXEC GetUserTreeMenu 'pramudyono hadi','1404',@CompanyId=2;
10/08/2021 16:29:34	SQL :EXEC GetUserTreeMenu 'pramudyono hadi','1406',@CompanyId=2;
10/08/2021 16:29:34	SQL :EXEC GetUserTreeMenu 'pramudyono hadi','1408',@CompanyId=2;
10/08/2021 16:29:34	SQL :EXEC GetUserTreeMenu 'pramudyono hadi','1410',@CompanyId=2;
10/08/2021 16:29:34	SQL :EXEC GetUserTreeMenu 'pramudyono hadi','1411',@CompanyId=2;
10/08/2021 16:29:34	SQL :EXEC GetUserTreeMenu 'pramudyono hadi','1412',@CompanyId=2;
10/08/2021 16:29:34	SQL :EXEC GetUserTreeMenu 'pramudyono hadi','1413',@CompanyId=2;
10/08/2021 16:29:34	SQL :EXEC GetUserTreeMenu 'pramudyono hadi','1414',@CompanyId=2;
10/08/2021 16:29:34	SQL :EXEC GetUserSubMenu 'pramudyono hadi','15';
10/08/2021 16:29:34	SQL :EXEC GetUserTreeMenu 'pramudyono hadi','1501',@CompanyId=2;
10/08/2021 16:29:34	SQL :EXEC GetUserTreeMenu 'pramudyono hadi','1502',@CompanyId=2;
10/08/2021 16:29:34	SQL :EXEC GetUserTreeMenu 'pramudyono hadi','1503',@CompanyId=2;
10/08/2021 16:29:34	SQL :EXEC GetUserTreeMenu 'pramudyono hadi','1504',@CompanyId=2;
10/08/2021 16:29:34	SQL :EXEC GetUserTreeMenu 'pramudyono hadi','1505',@CompanyId=2;
10/08/2021 16:29:34	SQL :EXEC GetUserTreeMenu 'pramudyono hadi','1506',@CompanyId=2;
10/08/2021 16:29:34	SQL :EXEC GetUserTreeMenu 'pramudyono hadi','1507',@CompanyId=2;
10/08/2021 16:29:34	SQL :EXEC GetUserTreeMenu 'pramudyono hadi','1508',@CompanyId=2;
10/08/2021 16:29:34	SQL :EXEC GetUserTreeMenu 'pramudyono hadi','1509',@CompanyId=2;
10/08/2021 16:29:34	SQL :EXEC GetUserTreeMenu 'pramudyono hadi','1510',@CompanyId=2;
10/08/2021 16:29:34	SQL :EXEC GetUserTreeMenu 'pramudyono hadi','1511',@CompanyId=2;
10/08/2021 16:29:34	SQL :EXEC GetUserSubMenu 'pramudyono hadi','16';
10/08/2021 16:29:34	SQL :EXEC GetUserTreeMenu 'pramudyono hadi','1601',@CompanyId=2;
10/08/2021 16:29:34	SQL :EXEC GetUserTreeMenu 'pramudyono hadi','1602',@CompanyId=2;
10/08/2021 16:29:34	SQL :EXEC GetUserTreeMenu 'pramudyono hadi','1603',@CompanyId=2;
10/08/2021 16:29:34	SQL :EXEC GetUserTreeMenu 'pramudyono hadi','1604',@CompanyId=2;
10/08/2021 16:29:34	SQL :EXEC GetUserTreeMenu 'pramudyono hadi','1605',@CompanyId=2;
10/08/2021 16:29:34	SQL :EXEC GetUserTreeMenu 'pramudyono hadi','1606',@CompanyId=2;
10/08/2021 16:29:34	SQL :EXEC GetUserTreeMenu 'pramudyono hadi','1607',@CompanyId=2;
10/08/2021 16:29:34	SQL :EXEC GetUserTreeMenu 'pramudyono hadi','1608',@CompanyId=2;
10/08/2021 16:29:34	SQL :EXEC GetUserTreeMenu 'pramudyono hadi','1609',@CompanyId=2;
10/08/2021 16:29:34	SQL :EXEC GetUserTreeMenu 'pramudyono hadi','1610',@CompanyId=2;
10/08/2021 16:29:34	SQL :EXEC GetUserTreeMenu 'pramudyono hadi','1611',@CompanyId=2;
10/08/2021 16:29:34	SQL :EXEC GetUserTreeMenu 'pramudyono hadi','1612',@CompanyId=2;
10/08/2021 16:29:34	SQL :EXEC GetUserTreeMenu 'pramudyono hadi','1613',@CompanyId=2;
10/08/2021 16:29:34	SQL :EXEC GetUserTreeMenu 'pramudyono hadi','1614',@CompanyId=2;
10/08/2021 16:29:34	SQL :EXEC GetUserTreeMenu 'pramudyono hadi','1615',@CompanyId=2;
10/08/2021 16:29:34	SQL :EXEC GetUserTreeMenu 'pramudyono hadi','1616',@CompanyId=2;
10/08/2021 16:29:34	SQL :EXEC GetUserTreeMenu 'pramudyono hadi','1619',@CompanyId=2;
10/08/2021 16:29:34	SQL :EXEC GetUserTreeMenu 'pramudyono hadi','1620',@CompanyId=2;
10/08/2021 16:29:34	SQL :EXEC GetUserSubMenu 'pramudyono hadi','17';
10/08/2021 16:29:34	SQL :EXEC GetUserTreeMenu 'pramudyono hadi','1701',@CompanyId=2;
10/08/2021 16:29:34	SQL :EXEC GetUserTreeMenu 'pramudyono hadi','1702',@CompanyId=2;
10/08/2021 16:29:34	SQL :EXEC GetUserTreeMenu 'pramudyono hadi','1703',@CompanyId=2;
10/08/2021 16:29:34	SQL :EXEC GetUserTreeMenu 'pramudyono hadi','1704',@CompanyId=2;
10/08/2021 16:29:34	SQL :EXEC GetUserTreeMenu 'pramudyono hadi','1705',@CompanyId=2;
10/08/2021 16:29:34	SQL :EXEC GetUserTreeMenu 'pramudyono hadi','1706',@CompanyId=2;
10/08/2021 16:29:34	SQL :EXEC GetUserTreeMenu 'pramudyono hadi','1707',@CompanyId=2;
10/08/2021 16:29:34	SQL :EXEC GetUserTreeMenu 'pramudyono hadi','1708',@CompanyId=2;
10/08/2021 16:29:34	SQL :EXEC GetUserTreeMenu 'pramudyono hadi','1709',@CompanyId=2;
10/08/2021 16:29:34	SQL :EXEC GetUserTreeMenu 'pramudyono hadi','1710',@CompanyId=2;
10/08/2021 16:29:34	SQL :EXEC GetUserTreeMenu 'pramudyono hadi','1711',@CompanyId=2;
10/08/2021 16:29:34	SQL :EXEC GetUserTreeMenu 'pramudyono hadi','1712',@CompanyId=2;
10/08/2021 16:29:34	SQL :EXEC GetUserTreeMenu 'pramudyono hadi','1713',@CompanyId=2;
10/08/2021 16:29:34	SQL :EXEC GetUserTreeMenu 'pramudyono hadi','1714',@CompanyId=2;
10/08/2021 16:29:34	SQL :EXEC GetUserTreeMenu 'pramudyono hadi','1715',@CompanyId=2;
10/08/2021 16:29:34	SQL :EXEC GetUserTreeMenu 'pramudyono hadi','1716',@CompanyId=2;
10/08/2021 16:29:34	SQL :EXEC GetUserTreeMenu 'pramudyono hadi','1717',@CompanyId=2;
10/08/2021 16:29:34	SQL :EXEC GetUserSubMenu 'pramudyono hadi','18';
10/08/2021 16:29:34	SQL :EXEC GetUserTreeMenu 'pramudyono hadi','1801',@CompanyId=2;
10/08/2021 16:29:34	SQL :EXEC GetUserSubMenu 'pramudyono hadi','19';
10/08/2021 16:29:34	SQL :EXEC GetUserTreeMenu 'pramudyono hadi','1901',@CompanyId=2;
10/08/2021 16:29:34	SQL :EXEC GetUserTreeMenu 'pramudyono hadi','1902',@CompanyId=2;
10/08/2021 16:29:34	SQL :EXEC GetUserTreeMenu 'pramudyono hadi','1903',@CompanyId=2;
10/08/2021 16:29:34	SQL :EXEC GetUserTreeMenu 'pramudyono hadi','1904',@CompanyId=2;
10/08/2021 16:29:34	SQL :EXEC GetUserTreeMenu 'pramudyono hadi','1905',@CompanyId=2;
10/08/2021 16:29:34	SQL :EXEC GetUserTreeMenu 'pramudyono hadi','1906',@CompanyId=2;
10/08/2021 16:29:34	SQL :EXEC GetUserTreeMenu 'pramudyono hadi','1907',@CompanyId=2;
10/08/2021 16:29:34	SQL :EXEC GetUserTreeMenu 'pramudyono hadi','1908',@CompanyId=2;
10/08/2021 16:29:34	SQL :EXEC GetUserTreeMenu 'pramudyono hadi','1909',@CompanyId=2;
10/08/2021 16:29:34	SQL :EXEC GetUserTreeMenu 'pramudyono hadi','1910',@CompanyId=2;
10/08/2021 16:29:34	SQL :EXEC GetUserTreeMenu 'pramudyono hadi','1911',@CompanyId=2;
10/08/2021 16:29:34	SQL :EXEC GetUserTreeMenu 'pramudyono hadi','1912',@CompanyId=2;
10/08/2021 16:29:34	SQL :SELECT CONVERT(VARCHAR(8),GETDATE(),108) AS hour_minute;
10/08/2021 16:29:34	SQL :SELECT CONVERT(VARCHAR(10),GETDATE(),103) AS date_time;
10/08/2021 16:29:35	Loading Setting
10/08/2021 16:29:35	Open DB Connection
10/08/2021 16:29:35	SQL :SELECT * FROM wh_setting WHERE setting_name='Hold_Less_Deposit';
10/08/2021 16:29:35	SQL :SELECT * FROM wh_setting WHERE setting_name='Max_Less_Deposit';
10/08/2021 16:29:35	SQL :SELECT * FROM wh_setting WHERE setting_name='Dashboard_2';
10/08/2021 16:29:35	Finish Logging
10/08/2021 16:29:35	SQL :SELECT value_string FROM wh_setting WHERE (setting_name='Interval_CheckInDate') AND (active=1);
10/08/2021 16:29:35	SQL :SELECT value_string FROM wh_setting WHERE (setting_name='Interval_CheckInTime') AND (active=1);
10/08/2021 16:29:35	SQL :SELECT value_string FROM wh_setting WHERE (setting_name='ChatEnable') and (active=1);
10/08/2021 16:29:35	Message:Port Check
10/08/2021 16:29:35	Message:Open DB Connection
10/08/2021 16:29:35	SQL :EXEC GetMessage '01','pramudyono hadi';
10/08/2021 16:29:35	SQL :SELECT CONVERT(VARCHAR(8),GETDATE(),108) AS hour_minute;
10/08/2021 16:29:35	SQL :SELECT CONVERT(VARCHAR(10),GETDATE(),103) AS date_time;
10/08/2021 16:29:42	Open Menu :130102
10/08/2021 16:29:42	Open DB Connection
10/08/2021 16:29:42	SQL :EXEC AuthMenu 'pramudyono hadi',130102;
10/08/2021 16:29:42	Form Check :VehicleList
10/08/2021 16:29:42	Form Check :VehicleList
10/08/2021 16:29:42	Form Open: VehicleList=Bus,FormRequest=
10/08/2021 16:29:42	Open DB Connection
10/08/2021 16:29:42	SQL :EXEC GetCompanyLocationList
10/08/2021 16:29:42	SQL :EXEC GetGroup 2;
10/08/2021 16:29:42	Open DB Connection
10/08/2021 16:29:42	SQL :EXEC GetVhcList 6,0,@CompanyId=2;
10/08/2021 16:29:44	Form Check :VehicleForm
10/08/2021 16:29:44	Open DB Connection
10/08/2021 16:29:44	SQL :EXEC GetCompanyLocationList
10/08/2021 16:29:44	Open DB Connection
10/08/2021 16:29:44	Open DB Connection
10/08/2021 16:29:44	Open DB Connection
10/08/2021 16:29:44	Open DB Connection
10/08/2021 16:30:27	Get Local Settings
10/08/2021 16:30:27	Start Change Local Settings
10/08/2021 16:30:28	Change short date format
10/08/2021 16:30:28	Change Long date format
10/08/2021 16:30:28	Finish Change Local Settings
10/08/2021 16:30:28	Registry Read: Path=SOFTWARE\WEHA\Aplikasi\3
10/08/2021 16:30:28	Registry Read/Write
10/08/2021 16:30:28	Registry Read: Path=SOFTWARE\WEHA\Aplikasi\3
10/08/2021 16:30:28	Create DB Object
10/08/2021 16:30:28	Init DB
10/08/2021 16:30:28	Finish Init DB
10/08/2021 16:30:28	Get File Version
10/08/2021 16:30:28	Change  Caption
10/08/2021 16:30:28	Init Shortkey
10/08/2021 16:30:34	Create DB Object
10/08/2021 16:30:34	Init DB
10/08/2021 16:30:34	Finish Init DB
10/08/2021 16:30:35	Update new version check
10/08/2021 16:30:35	Open DB Connection
10/08/2021 16:30:35	SQL :
10/08/2021 16:30:35	Update check version
10/08/2021 16:30:35	Open DB Connection
10/08/2021 16:30:35	SQL :SELECT version FROM wh_application WHERE application_id=(SELECT MAX(application_id) FROM wh_application);
10/08/2021 16:30:35	Start Login
10/08/2021 16:30:35	Open DB Connection
10/08/2021 16:30:35	SQL :EXEC AuthenticateUser 'pramudyono hadi','6f2b8366efa56f0c06dd6b31fcff8a73';
10/08/2021 16:30:35	SQL :INSERT INTO wh_log (user_id,app_date,app_version,app_version_svr,location_id,company_id,department_id,host_name,ip_address)  VALUES ('pramudyono hadi','10/08/2021','6.1.3.11','6.1.3.11',6,2,13,'DESKTOP-S1PD9OD','192.168.25.214');
10/08/2021 16:30:35	Open DB Connection
10/08/2021 16:30:35	SQL :EXEC GetUserMenu 'pramudyono hadi';
10/08/2021 16:30:35	SQL :EXEC GetUserSubMenu 'pramudyono hadi','11';
10/08/2021 16:30:35	SQL :EXEC GetUserTreeMenu 'pramudyono hadi','1101',@CompanyId=2;
10/08/2021 16:30:35	SQL :EXEC GetUserTreeMenu 'pramudyono hadi','1102',@CompanyId=2;
10/08/2021 16:30:35	SQL :EXEC GetUserTreeMenu 'pramudyono hadi','1103',@CompanyId=2;
10/08/2021 16:30:35	SQL :EXEC GetUserTreeMenu 'pramudyono hadi','1104',@CompanyId=2;
10/08/2021 16:30:35	SQL :EXEC GetUserTreeMenu 'pramudyono hadi','1105',@CompanyId=2;
10/08/2021 16:30:35	SQL :EXEC GetUserTreeMenu 'pramudyono hadi','1106',@CompanyId=2;
10/08/2021 16:30:35	SQL :EXEC GetUserTreeMenu 'pramudyono hadi','1107',@CompanyId=2;
10/08/2021 16:30:35	SQL :EXEC GetUserTreeMenu 'pramudyono hadi','1108',@CompanyId=2;
10/08/2021 16:30:35	SQL :EXEC GetUserTreeMenu 'pramudyono hadi','1109',@CompanyId=2;
10/08/2021 16:30:35	SQL :EXEC GetUserTreeMenu 'pramudyono hadi','1110',@CompanyId=2;
10/08/2021 16:30:35	SQL :EXEC GetUserTreeMenu 'pramudyono hadi','1111',@CompanyId=2;
10/08/2021 16:30:35	SQL :EXEC GetUserTreeMenu 'pramudyono hadi','1112',@CompanyId=2;
10/08/2021 16:30:35	SQL :EXEC GetUserTreeMenu 'pramudyono hadi','1113',@CompanyId=2;
10/08/2021 16:30:36	SQL :EXEC GetUserTreeMenu 'pramudyono hadi','1114',@CompanyId=2;
10/08/2021 16:30:36	SQL :EXEC GetUserTreeMenu 'pramudyono hadi','1115',@CompanyId=2;
10/08/2021 16:30:36	SQL :EXEC GetUserTreeMenu 'pramudyono hadi','1116',@CompanyId=2;
10/08/2021 16:30:36	SQL :EXEC GetUserTreeMenu 'pramudyono hadi','1117',@CompanyId=2;
10/08/2021 16:30:36	SQL :EXEC GetUserTreeMenu 'pramudyono hadi','1198',@CompanyId=2;
10/08/2021 16:30:36	SQL :EXEC GetUserTreeMenu 'pramudyono hadi','1199',@CompanyId=2;
10/08/2021 16:30:36	SQL :EXEC GetUserSubMenu 'pramudyono hadi','12';
10/08/2021 16:30:36	SQL :EXEC GetUserTreeMenu 'pramudyono hadi','1201',@CompanyId=2;
10/08/2021 16:30:36	SQL :EXEC GetUserTreeMenu 'pramudyono hadi','1202',@CompanyId=2;
10/08/2021 16:30:36	SQL :EXEC GetUserTreeMenu 'pramudyono hadi','1203',@CompanyId=2;
10/08/2021 16:30:36	SQL :EXEC GetUserTreeMenu 'pramudyono hadi','1204',@CompanyId=2;
10/08/2021 16:30:36	SQL :EXEC GetUserTreeMenu 'pramudyono hadi','1205',@CompanyId=2;
10/08/2021 16:30:36	SQL :EXEC GetUserTreeMenu 'pramudyono hadi','1206',@CompanyId=2;
10/08/2021 16:30:36	SQL :EXEC GetUserTreeMenu 'pramudyono hadi','1207',@CompanyId=2;
10/08/2021 16:30:36	SQL :EXEC GetUserSubMenu 'pramudyono hadi','13';
10/08/2021 16:30:36	SQL :EXEC GetUserTreeMenu 'pramudyono hadi','1301',@CompanyId=2;
10/08/2021 16:30:36	SQL :EXEC GetUserTreeMenu 'pramudyono hadi','1302',@CompanyId=2;
10/08/2021 16:30:36	SQL :EXEC GetUserTreeMenu 'pramudyono hadi','1303',@CompanyId=2;
10/08/2021 16:30:36	SQL :EXEC GetUserTreeMenu 'pramudyono hadi','1304',@CompanyId=2;
10/08/2021 16:30:36	SQL :EXEC GetUserTreeMenu 'pramudyono hadi','1305',@CompanyId=2;
10/08/2021 16:30:36	SQL :EXEC GetUserTreeMenu 'pramudyono hadi','1306',@CompanyId=2;
10/08/2021 16:30:36	SQL :EXEC GetUserTreeMenu 'pramudyono hadi','1307',@CompanyId=2;
10/08/2021 16:30:36	SQL :EXEC GetUserTreeMenu 'pramudyono hadi','1308',@CompanyId=2;
10/08/2021 16:30:36	SQL :EXEC GetUserTreeMenu 'pramudyono hadi','1309',@CompanyId=2;
10/08/2021 16:30:36	SQL :EXEC GetUserTreeMenu 'pramudyono hadi','1310',@CompanyId=2;
10/08/2021 16:30:36	SQL :EXEC GetUserTreeMenu 'pramudyono hadi','1311',@CompanyId=2;
10/08/2021 16:30:36	SQL :EXEC GetUserTreeMenu 'pramudyono hadi','1312',@CompanyId=2;
10/08/2021 16:30:36	SQL :EXEC GetUserTreeMenu 'pramudyono hadi','1313',@CompanyId=2;
10/08/2021 16:30:36	SQL :EXEC GetUserTreeMenu 'pramudyono hadi','1314',@CompanyId=2;
10/08/2021 16:30:36	SQL :EXEC GetUserTreeMenu 'pramudyono hadi','1315',@CompanyId=2;
10/08/2021 16:30:36	SQL :EXEC GetUserTreeMenu 'pramudyono hadi','1316',@CompanyId=2;
10/08/2021 16:30:36	SQL :EXEC GetUserTreeMenu 'pramudyono hadi','1317',@CompanyId=2;
10/08/2021 16:30:36	SQL :EXEC GetUserTreeMenu 'pramudyono hadi','1318',@CompanyId=2;
10/08/2021 16:30:36	SQL :EXEC GetUserTreeMenu 'pramudyono hadi','1319',@CompanyId=2;
10/08/2021 16:30:36	SQL :EXEC GetUserTreeMenu 'pramudyono hadi','1320',@CompanyId=2;
10/08/2021 16:30:36	SQL :EXEC GetUserTreeMenu 'pramudyono hadi','1321',@CompanyId=2;
10/08/2021 16:30:36	SQL :EXEC GetUserSubMenu 'pramudyono hadi','14';
10/08/2021 16:30:36	SQL :EXEC GetUserTreeMenu 'pramudyono hadi','1401',@CompanyId=2;
10/08/2021 16:30:36	SQL :EXEC GetUserTreeMenu 'pramudyono hadi','1402',@CompanyId=2;
10/08/2021 16:30:36	SQL :EXEC GetUserTreeMenu 'pramudyono hadi','1403',@CompanyId=2;
10/08/2021 16:30:36	SQL :EXEC GetUserTreeMenu 'pramudyono hadi','1404',@CompanyId=2;
10/08/2021 16:30:36	SQL :EXEC GetUserTreeMenu 'pramudyono hadi','1406',@CompanyId=2;
10/08/2021 16:30:36	SQL :EXEC GetUserTreeMenu 'pramudyono hadi','1408',@CompanyId=2;
10/08/2021 16:30:36	SQL :EXEC GetUserTreeMenu 'pramudyono hadi','1410',@CompanyId=2;
10/08/2021 16:30:36	SQL :EXEC GetUserTreeMenu 'pramudyono hadi','1411',@CompanyId=2;
10/08/2021 16:30:36	SQL :EXEC GetUserTreeMenu 'pramudyono hadi','1412',@CompanyId=2;
10/08/2021 16:30:36	SQL :EXEC GetUserTreeMenu 'pramudyono hadi','1413',@CompanyId=2;
10/08/2021 16:30:36	SQL :EXEC GetUserTreeMenu 'pramudyono hadi','1414',@CompanyId=2;
10/08/2021 16:30:36	SQL :EXEC GetUserSubMenu 'pramudyono hadi','15';
10/08/2021 16:30:36	SQL :EXEC GetUserTreeMenu 'pramudyono hadi','1501',@CompanyId=2;
10/08/2021 16:30:36	SQL :EXEC GetUserTreeMenu 'pramudyono hadi','1502',@CompanyId=2;
10/08/2021 16:30:36	SQL :EXEC GetUserTreeMenu 'pramudyono hadi','1503',@CompanyId=2;
10/08/2021 16:30:36	SQL :EXEC GetUserTreeMenu 'pramudyono hadi','1504',@CompanyId=2;
10/08/2021 16:30:36	SQL :EXEC GetUserTreeMenu 'pramudyono hadi','1505',@CompanyId=2;
10/08/2021 16:30:36	SQL :EXEC GetUserTreeMenu 'pramudyono hadi','1506',@CompanyId=2;
10/08/2021 16:30:36	SQL :EXEC GetUserTreeMenu 'pramudyono hadi','1507',@CompanyId=2;
10/08/2021 16:30:36	SQL :EXEC GetUserTreeMenu 'pramudyono hadi','1508',@CompanyId=2;
10/08/2021 16:30:36	SQL :EXEC GetUserTreeMenu 'pramudyono hadi','1509',@CompanyId=2;
10/08/2021 16:30:36	SQL :EXEC GetUserTreeMenu 'pramudyono hadi','1510',@CompanyId=2;
10/08/2021 16:30:36	SQL :EXEC GetUserTreeMenu 'pramudyono hadi','1511',@CompanyId=2;
10/08/2021 16:30:36	SQL :EXEC GetUserSubMenu 'pramudyono hadi','16';
10/08/2021 16:30:36	SQL :EXEC GetUserTreeMenu 'pramudyono hadi','1601',@CompanyId=2;
10/08/2021 16:30:36	SQL :EXEC GetUserTreeMenu 'pramudyono hadi','1602',@CompanyId=2;
10/08/2021 16:30:36	SQL :EXEC GetUserTreeMenu 'pramudyono hadi','1603',@CompanyId=2;
10/08/2021 16:30:36	SQL :EXEC GetUserTreeMenu 'pramudyono hadi','1604',@CompanyId=2;
10/08/2021 16:30:36	SQL :EXEC GetUserTreeMenu 'pramudyono hadi','1605',@CompanyId=2;
10/08/2021 16:30:36	SQL :EXEC GetUserTreeMenu 'pramudyono hadi','1606',@CompanyId=2;
10/08/2021 16:30:36	SQL :EXEC GetUserTreeMenu 'pramudyono hadi','1607',@CompanyId=2;
10/08/2021 16:30:36	SQL :EXEC GetUserTreeMenu 'pramudyono hadi','1608',@CompanyId=2;
10/08/2021 16:30:36	SQL :EXEC GetUserTreeMenu 'pramudyono hadi','1609',@CompanyId=2;
10/08/2021 16:30:36	SQL :EXEC GetUserTreeMenu 'pramudyono hadi','1610',@CompanyId=2;
10/08/2021 16:30:36	SQL :EXEC GetUserTreeMenu 'pramudyono hadi','1611',@CompanyId=2;
10/08/2021 16:30:36	SQL :EXEC GetUserTreeMenu 'pramudyono hadi','1612',@CompanyId=2;
10/08/2021 16:30:36	SQL :EXEC GetUserTreeMenu 'pramudyono hadi','1613',@CompanyId=2;
10/08/2021 16:30:36	SQL :EXEC GetUserTreeMenu 'pramudyono hadi','1614',@CompanyId=2;
10/08/2021 16:30:36	SQL :EXEC GetUserTreeMenu 'pramudyono hadi','1615',@CompanyId=2;
10/08/2021 16:30:36	SQL :EXEC GetUserTreeMenu 'pramudyono hadi','1616',@CompanyId=2;
10/08/2021 16:30:36	SQL :EXEC GetUserTreeMenu 'pramudyono hadi','1619',@CompanyId=2;
10/08/2021 16:30:36	SQL :EXEC GetUserTreeMenu 'pramudyono hadi','1620',@CompanyId=2;
10/08/2021 16:30:36	SQL :EXEC GetUserSubMenu 'pramudyono hadi','17';
10/08/2021 16:30:36	SQL :EXEC GetUserTreeMenu 'pramudyono hadi','1701',@CompanyId=2;
10/08/2021 16:30:36	SQL :EXEC GetUserTreeMenu 'pramudyono hadi','1702',@CompanyId=2;
10/08/2021 16:30:36	SQL :EXEC GetUserTreeMenu 'pramudyono hadi','1703',@CompanyId=2;
10/08/2021 16:30:36	SQL :EXEC GetUserTreeMenu 'pramudyono hadi','1704',@CompanyId=2;
10/08/2021 16:30:36	SQL :EXEC GetUserTreeMenu 'pramudyono hadi','1705',@CompanyId=2;
10/08/2021 16:30:36	SQL :EXEC GetUserTreeMenu 'pramudyono hadi','1706',@CompanyId=2;
10/08/2021 16:30:36	SQL :EXEC GetUserTreeMenu 'pramudyono hadi','1707',@CompanyId=2;
10/08/2021 16:30:36	SQL :EXEC GetUserTreeMenu 'pramudyono hadi','1708',@CompanyId=2;
10/08/2021 16:30:36	SQL :EXEC GetUserTreeMenu 'pramudyono hadi','1709',@CompanyId=2;
10/08/2021 16:30:36	SQL :EXEC GetUserTreeMenu 'pramudyono hadi','1710',@CompanyId=2;
10/08/2021 16:30:36	SQL :EXEC GetUserTreeMenu 'pramudyono hadi','1711',@CompanyId=2;
10/08/2021 16:30:36	SQL :EXEC GetUserTreeMenu 'pramudyono hadi','1712',@CompanyId=2;
10/08/2021 16:30:36	SQL :EXEC GetUserTreeMenu 'pramudyono hadi','1713',@CompanyId=2;
10/08/2021 16:30:36	SQL :EXEC GetUserTreeMenu 'pramudyono hadi','1714',@CompanyId=2;
10/08/2021 16:30:36	SQL :EXEC GetUserTreeMenu 'pramudyono hadi','1715',@CompanyId=2;
10/08/2021 16:30:36	SQL :EXEC GetUserTreeMenu 'pramudyono hadi','1716',@CompanyId=2;
10/08/2021 16:30:36	SQL :EXEC GetUserTreeMenu 'pramudyono hadi','1717',@CompanyId=2;
10/08/2021 16:30:36	SQL :EXEC GetUserSubMenu 'pramudyono hadi','18';
10/08/2021 16:30:36	SQL :EXEC GetUserTreeMenu 'pramudyono hadi','1801',@CompanyId=2;
10/08/2021 16:30:37	SQL :EXEC GetUserSubMenu 'pramudyono hadi','19';
10/08/2021 16:30:37	SQL :EXEC GetUserTreeMenu 'pramudyono hadi','1901',@CompanyId=2;
10/08/2021 16:30:37	SQL :EXEC GetUserTreeMenu 'pramudyono hadi','1902',@CompanyId=2;
10/08/2021 16:30:37	SQL :EXEC GetUserTreeMenu 'pramudyono hadi','1903',@CompanyId=2;
10/08/2021 16:30:37	SQL :EXEC GetUserTreeMenu 'pramudyono hadi','1904',@CompanyId=2;
10/08/2021 16:30:37	SQL :EXEC GetUserTreeMenu 'pramudyono hadi','1905',@CompanyId=2;
10/08/2021 16:30:37	SQL :EXEC GetUserTreeMenu 'pramudyono hadi','1906',@CompanyId=2;
10/08/2021 16:30:37	SQL :EXEC GetUserTreeMenu 'pramudyono hadi','1907',@CompanyId=2;
10/08/2021 16:30:37	SQL :EXEC GetUserTreeMenu 'pramudyono hadi','1908',@CompanyId=2;
10/08/2021 16:30:37	SQL :EXEC GetUserTreeMenu 'pramudyono hadi','1909',@CompanyId=2;
10/08/2021 16:30:37	SQL :EXEC GetUserTreeMenu 'pramudyono hadi','1910',@CompanyId=2;
10/08/2021 16:30:37	SQL :EXEC GetUserTreeMenu 'pramudyono hadi','1911',@CompanyId=2;
10/08/2021 16:30:37	SQL :EXEC GetUserTreeMenu 'pramudyono hadi','1912',@CompanyId=2;
10/08/2021 16:30:37	SQL :SELECT CONVERT(VARCHAR(8),GETDATE(),108) AS hour_minute;
10/08/2021 16:30:37	SQL :SELECT CONVERT(VARCHAR(10),GETDATE(),103) AS date_time;
10/08/2021 16:30:37	Loading Setting
10/08/2021 16:30:37	Open DB Connection
10/08/2021 16:30:37	SQL :SELECT * FROM wh_setting WHERE setting_name='Hold_Less_Deposit';
10/08/2021 16:30:37	SQL :SELECT * FROM wh_setting WHERE setting_name='Max_Less_Deposit';
10/08/2021 16:30:37	SQL :SELECT * FROM wh_setting WHERE setting_name='Dashboard_2';
10/08/2021 16:30:37	Finish Logging
10/08/2021 16:30:37	SQL :SELECT value_string FROM wh_setting WHERE (setting_name='Interval_CheckInDate') AND (active=1);
10/08/2021 16:30:37	SQL :SELECT value_string FROM wh_setting WHERE (setting_name='Interval_CheckInTime') AND (active=1);
10/08/2021 16:30:37	SQL :SELECT value_string FROM wh_setting WHERE (setting_name='ChatEnable') and (active=1);
10/08/2021 16:30:38	Message:Port Check
10/08/2021 16:30:38	Message:Open DB Connection
10/08/2021 16:30:38	SQL :EXEC GetMessage '01','pramudyono hadi';
10/08/2021 16:30:38	SQL :SELECT CONVERT(VARCHAR(8),GETDATE(),108) AS hour_minute;
10/08/2021 16:30:38	SQL :SELECT CONVERT(VARCHAR(10),GETDATE(),103) AS date_time;
10/08/2021 16:30:39	Open Menu :130102
10/08/2021 16:30:39	Open DB Connection
10/08/2021 16:30:39	SQL :EXEC AuthMenu 'pramudyono hadi',130102;
10/08/2021 16:30:39	Form Check :VehicleList
10/08/2021 16:30:39	Form Check :VehicleList
10/08/2021 16:30:39	Form Open: VehicleList=Bus,FormRequest=
10/08/2021 16:30:39	Open DB Connection
10/08/2021 16:30:39	SQL :EXEC GetCompanyLocationList
10/08/2021 16:30:39	SQL :EXEC GetGroup 2;
10/08/2021 16:30:39	Open DB Connection
10/08/2021 16:30:39	SQL :EXEC GetVhcList 6,0,@CompanyId=2;
10/08/2021 16:30:40	Form Check :VehicleForm
10/08/2021 16:30:40	Open DB Connection
10/08/2021 16:30:40	SQL :EXEC GetCompanyLocationList
10/08/2021 16:30:40	Open DB Connection
10/08/2021 16:31:11	Open DB Connection
10/08/2021 16:31:11	Open DB Connection
10/08/2021 16:31:11	Open DB Connection
10/08/2021 16:32:13	Form Check :VehicleForm
10/08/2021 16:32:13	Open DB Connection
10/08/2021 16:32:13	SQL :EXEC GetCompanyLocationLis10/08/2021 16:33:53	Get Local Settings
10/08/2021 16:33:53	Start Change Local Settings
10/08/2021 16:33:53	Change short date format
10/08/2021 16:33:53	Change Long date format
10/08/2021 16:33:53	Finish Change Local Settings
10/08/2021 16:33:53	Registry Read: Path=SOFTWARE\WEHA\Aplikasi\3
10/08/2021 16:33:53	Registry Read/Write
10/08/2021 16:33:53	Registry Read: Path=SOFTWARE\WEHA\Aplikasi\3
10/08/2021 16:33:53	Create DB Object
10/08/2021 16:33:53	Init DB
10/08/2021 16:33:53	Finish Init DB
10/08/2021 16:33:53	Get File Version
10/08/2021 16:33:53	Change  Caption
10/08/2021 16:33:53	Init Shortkey
10/08/2021 16:33:55	Create DB Object
10/08/2021 16:33:55	Init DB
10/08/2021 16:33:55	Finish Init DB
10/08/2021 16:33:56	Update new version check
10/08/2021 16:33:56	Open DB Connection
10/08/2021 16:33:57	SQL :
10/08/2021 16:33:57	Update check version
10/08/2021 16:33:57	Open DB Connection
10/08/2021 16:33:57	SQL :SELECT version FROM wh_application WHERE application_id=(SELECT MAX(application_id) FROM wh_application);
10/08/2021 16:33:57	Start Login
10/08/2021 16:33:57	Open DB Connection
10/08/2021 16:33:57	SQL :EXEC AuthenticateUser 'pramudyono hadi','6f2b8366efa56f0c06dd6b31fcff8a73';
10/08/2021 16:33:57	SQL :INSERT INTO wh_log (user_id,app_date,app_version,app_version_svr,location_id,company_id,department_id,host_name,ip_address)  VALUES ('pramudyono hadi','10/08/2021','6.1.3.11','6.1.3.11',6,2,13,'DESKTOP-S1PD9OD','192.168.25.214');
10/08/2021 16:33:57	Open DB Connection
10/08/2021 16:33:57	SQL :EXEC GetUserMenu 'pramudyono hadi';
10/08/2021 16:33:57	SQL :EXEC GetUserSubMenu 'pramudyono hadi','11';
10/08/2021 16:33:57	SQL :EXEC GetUserTreeMenu 'pramudyono hadi','1101',@CompanyId=2;
10/08/2021 16:33:57	SQL :EXEC GetUserTreeMenu 'pramudyono hadi','1102',@CompanyId=2;
10/08/2021 16:33:57	SQL :EXEC GetUserTreeMenu 'pramudyono hadi','1103',@CompanyId=2;
10/08/2021 16:33:57	SQL :EXEC GetUserTreeMenu 'pramudyono hadi','1104',@CompanyId=2;
10/08/2021 16:33:57	SQL :EXEC GetUserTreeMenu 'pramudyono hadi','1105',@CompanyId=2;
10/08/2021 16:33:57	SQL :EXEC GetUserTreeMenu 'pramudyono hadi','1106',@CompanyId=2;
10/08/2021 16:33:57	SQL :EXEC GetUserTreeMenu 'pramudyono hadi','1107',@CompanyId=2;
10/08/2021 16:33:57	SQL :EXEC GetUserTreeMenu 'pramudyono hadi','1108',@CompanyId=2;
10/08/2021 16:33:57	SQL :EXEC GetUserTreeMenu 'pramudyono hadi','1109',@CompanyId=2;
10/08/2021 16:33:57	SQL :EXEC GetUserTreeMenu 'pramudyono hadi','1110',@CompanyId=2;
10/08/2021 16:33:57	SQL :EXEC GetUserTreeMenu 'pramudyono hadi','1111',@CompanyId=2;
10/08/2021 16:33:57	SQL :EXEC GetUserTreeMenu 'pramudyono hadi','1112',@CompanyId=2;
10/08/2021 16:33:57	SQL :EXEC GetUserTreeMenu 'pramudyono hadi','1113',@CompanyId=2;
10/08/2021 16:33:57	SQL :EXEC GetUserTreeMenu 'pramudyono hadi','1114',@CompanyId=2;
10/08/2021 16:33:57	SQL :EXEC GetUserTreeMenu 'pramudyono hadi','1115',@CompanyId=2;
10/08/2021 16:33:57	SQL :EXEC GetUserTreeMenu 'pramudyono hadi','1116',@CompanyId=2;
10/08/2021 16:33:57	SQL :EXEC GetUserTreeMenu 'pramudyono hadi','1117',@CompanyId=2;
10/08/2021 16:33:57	SQL :EXEC GetUserTreeMenu 'pramudyono hadi','1198',@CompanyId=2;
10/08/2021 16:33:57	SQL :EXEC GetUserTreeMenu 'pramudyono hadi','1199',@CompanyId=2;
10/08/2021 16:33:57	SQL :EXEC GetUserSubMenu 'pramudyono hadi','12';
10/08/2021 16:33:57	SQL :EXEC GetUserTreeMenu 'pramudyono hadi','1201',@CompanyId=2;
10/08/2021 16:33:57	SQL :EXEC GetUserTreeMenu 'pramudyono hadi','1202',@CompanyId=2;
10/08/2021 16:33:57	SQL :EXEC GetUserTreeMenu 'pramudyono hadi','1203',@CompanyId=2;
10/08/2021 16:33:57	SQL :EXEC GetUserTreeMenu 'pramudyono hadi','1204',@CompanyId=2;
10/08/2021 16:33:57	SQL :EXEC GetUserTreeMenu 'pramudyono hadi','1205',@CompanyId=2;
10/08/2021 16:33:57	SQL :EXEC GetUserTreeMenu 'pramudyono hadi','1206',@CompanyId=2;
10/08/2021 16:33:57	SQL :EXEC GetUserTreeMenu 'pramudyono hadi','1207',@CompanyId=2;
10/08/2021 16:33:57	SQL :EXEC GetUserSubMenu 'pramudyono hadi','13';
10/08/2021 16:33:57	SQL :EXEC GetUserTreeMenu 'pramudyono hadi','1301',@CompanyId=2;
10/08/2021 16:33:57	SQL :EXEC GetUserTreeMenu 'pramudyono hadi','1302',@CompanyId=2;
10/08/2021 16:33:57	SQL :EXEC GetUserTreeMenu 'pramudyono hadi','1303',@CompanyId=2;
10/08/2021 16:33:57	SQL :EXEC GetUserTreeMenu 'pramudyono hadi','1304',@CompanyId=2;
10/08/2021 16:33:57	SQL :EXEC GetUserTreeMenu 'pramudyono hadi','1305',@CompanyId=2;
10/08/2021 16:33:57	SQL :EXEC GetUserTreeMenu 'pramudyono hadi','1306',@CompanyId=2;
10/08/2021 16:33:57	SQL :EXEC GetUserTreeMenu 'pramudyono hadi','1307',@CompanyId=2;
10/08/2021 16:33:57	SQL :EXEC GetUserTreeMenu 'pramudyono hadi','1308',@CompanyId=2;
10/08/2021 16:33:57	SQL :EXEC GetUserTreeMenu 'pramudyono hadi','1309',@CompanyId=2;
10/08/2021 16:33:58	SQL :EXEC GetUserTreeMenu 'pramudyono hadi','1310',@CompanyId=2;
10/08/2021 16:33:58	SQL :EXEC GetUserTreeMenu 'pramudyono hadi','1311',@CompanyId=2;
10/08/2021 16:33:58	SQL :EXEC GetUserTreeMenu 'pramudyono hadi','1312',@CompanyId=2;
10/08/2021 16:33:58	SQL :EXEC GetUserTreeMenu 'pramudyono hadi','1313',@CompanyId=2;
10/08/2021 16:33:58	SQL :EXEC GetUserTreeMenu 'pramudyono hadi','1314',@CompanyId=2;
10/08/2021 16:33:58	SQL :EXEC GetUserTreeMenu 'pramudyono hadi','1315',@CompanyId=2;
10/08/2021 16:33:58	SQL :EXEC GetUserTreeMenu 'pramudyono hadi','1316',@CompanyId=2;
10/08/2021 16:33:58	SQL :EXEC GetUserTreeMenu 'pramudyono hadi','1317',@CompanyId=2;
10/08/2021 16:33:58	SQL :EXEC GetUserTreeMenu 'pramudyono hadi','1318',@CompanyId=2;
10/08/2021 16:33:58	SQL :EXEC GetUserTreeMenu 'pramudyono hadi','1319',@CompanyId=2;
10/08/2021 16:33:58	SQL :EXEC GetUserTreeMenu 'pramudyono hadi','1320',@CompanyId=2;
10/08/2021 16:33:58	SQL :EXEC GetUserTreeMenu 'pramudyono hadi','1321',@CompanyId=2;
10/08/2021 16:33:58	SQL :EXEC GetUserSubMenu 'pramudyono hadi','14';
10/08/2021 16:33:58	SQL :EXEC GetUserTreeMenu 'pramudyono hadi','1401',@CompanyId=2;
10/08/2021 16:33:58	SQL :EXEC GetUserTreeMenu 'pramudyono hadi','1402',@CompanyId=2;
10/08/2021 16:33:58	SQL :EXEC GetUserTreeMenu 'pramudyono hadi','1403',@CompanyId=2;
10/08/2021 16:33:58	SQL :EXEC GetUserTreeMenu 'pramudyono hadi','1404',@CompanyId=2;
10/08/2021 16:33:58	SQL :EXEC GetUserTreeMenu 'pramudyono hadi','1406',@CompanyId=2;
10/08/2021 16:33:58	SQL :EXEC GetUserTreeMenu 'pramudyono hadi','1408',@CompanyId=2;
10/08/2021 16:33:58	SQL :EXEC GetUserTreeMenu 'pramudyono hadi','1410',@CompanyId=2;
10/08/2021 16:33:58	SQL :EXEC GetUserTreeMenu 'pramudyono hadi','1411',@CompanyId=2;
10/08/2021 16:33:58	SQL :EXEC GetUserTreeMenu 'pramudyono hadi','1412',@CompanyId=2;
10/08/2021 16:33:58	SQL :EXEC GetUserTreeMenu 'pramudyono hadi','1413',@CompanyId=2;
10/08/2021 16:33:58	SQL :EXEC GetUserTreeMenu 'pramudyono hadi','1414',@CompanyId=2;
10/08/2021 16:33:58	SQL :EXEC GetUserSubMenu 'pramudyono hadi','15';
10/08/2021 16:33:58	SQL :EXEC GetUserTreeMenu 'pramudyono hadi','1501',@CompanyId=2;
10/08/2021 16:33:58	SQL :EXEC GetUserTreeMenu 'pramudyono hadi','1502',@CompanyId=2;
10/08/2021 16:33:58	SQL :EXEC GetUserTreeMenu 'pramudyono hadi','1503',@CompanyId=2;
10/08/2021 16:33:58	SQL :EXEC GetUserTreeMenu 'pramudyono hadi','1504',@CompanyId=2;
10/08/2021 16:33:58	SQL :EXEC GetUserTreeMenu 'pramudyono hadi','1505',@CompanyId=2;
10/08/2021 16:33:58	SQL :EXEC GetUserTreeMenu 'pramudyono hadi','1506',@CompanyId=2;
10/08/2021 16:33:58	SQL :EXEC GetUserTreeMenu 'pramudyono hadi','1507',@CompanyId=2;
10/08/2021 16:33:58	SQL :EXEC GetUserTreeMenu 'pramudyono hadi','1508',@CompanyId=2;
10/08/2021 16:33:58	SQL :EXEC GetUserTreeMenu 'pramudyono hadi','1509',@CompanyId=2;
10/08/2021 16:33:58	SQL :EXEC GetUserTreeMenu 'pramudyono hadi','1510',@CompanyId=2;
10/08/2021 16:33:58	SQL :EXEC GetUserTreeMenu 'pramudyono hadi','1511',@CompanyId=2;
10/08/2021 16:33:58	SQL :EXEC GetUserSubMenu 'pramudyono hadi','16';
10/08/2021 16:33:58	SQL :EXEC GetUserTreeMenu 'pramudyono hadi','1601',@CompanyId=2;
10/08/2021 16:33:58	SQL :EXEC GetUserTreeMenu 'pramudyono hadi','1602',@CompanyId=2;
10/08/2021 16:33:58	SQL :EXEC GetUserTreeMenu 'pramudyono hadi','1603',@CompanyId=2;
10/08/2021 16:33:58	SQL :EXEC GetUserTreeMenu 'pramudyono hadi','1604',@CompanyId=2;
10/08/2021 16:33:58	SQL :EXEC GetUserTreeMenu 'pramudyono hadi','1605',@CompanyId=2;
10/08/2021 16:33:58	SQL :EXEC GetUserTreeMenu 'pramudyono hadi','1606',@CompanyId=2;
10/08/2021 16:33:58	SQL :EXEC GetUserTreeMenu 'pramudyono hadi','1607',@CompanyId=2;
10/08/2021 16:33:58	SQL :EXEC GetUserTreeMenu 'pramudyono hadi','1608',@CompanyId=2;
10/08/2021 16:33:58	SQL :EXEC GetUserTreeMenu 'pramudyono hadi','1609',@CompanyId=2;
10/08/2021 16:33:58	SQL :EXEC GetUserTreeMenu 'pramudyono hadi','1610',@CompanyId=2;
10/08/2021 16:33:58	SQL :EXEC GetUserTreeMenu 'pramudyono hadi','1611',@CompanyId=2;
10/08/2021 16:33:58	SQL :EXEC GetUserTreeMenu 'pramudyono hadi','1612',@CompanyId=2;
10/08/2021 16:33:58	SQL :EXEC GetUserTreeMenu 'pramudyono hadi','1613',@CompanyId=2;
10/08/2021 16:33:58	SQL :EXEC GetUserTreeMenu 'pramudyono hadi','1614',@CompanyId=2;
10/08/2021 16:33:58	SQL :EXEC GetUserTreeMenu 'pramudyono hadi','1615',@CompanyId=2;
10/08/2021 16:33:58	SQL :EXEC GetUserTreeMenu 'pramudyono hadi','1616',@CompanyId=2;
10/08/2021 16:33:58	SQL :EXEC GetUserTreeMenu 'pramudyono hadi','1619',@CompanyId=2;
10/08/2021 16:33:58	SQL :EXEC GetUserTreeMenu 'pramudyono hadi','1620',@CompanyId=2;
10/08/2021 16:33:58	SQL :EXEC GetUserSubMenu 'pramudyono hadi','17';
10/08/2021 16:33:58	SQL :EXEC GetUserTreeMenu 'pramudyono hadi','1701',@CompanyId=2;
10/08/2021 16:33:58	SQL :EXEC GetUserTreeMenu 'pramudyono hadi','1702',@CompanyId=2;
10/08/2021 16:33:58	SQL :EXEC GetUserTreeMenu 'pramudyono hadi','1703',@CompanyId=2;
10/08/2021 16:33:58	SQL :EXEC GetUserTreeMenu 'pramudyono hadi','1704',@CompanyId=2;
10/08/2021 16:33:58	SQL :EXEC GetUserTreeMenu 'pramudyono hadi','1705',@CompanyId=2;
10/08/2021 16:33:58	SQL :EXEC GetUserTreeMenu 'pramudyono hadi','1706',@CompanyId=2;
10/08/2021 16:33:58	SQL :EXEC GetUserTreeMenu 'pramudyono hadi','1707',@CompanyId=2;
10/08/2021 16:33:58	SQL :EXEC GetUserTreeMenu 'pramudyono hadi','1708',@CompanyId=2;
10/08/2021 16:33:58	SQL :EXEC GetUserTreeMenu 'pramudyono hadi','1709',@CompanyId=2;
10/08/2021 16:33:58	SQL :EXEC GetUserTreeMenu 'pramudyono hadi','1710',@CompanyId=2;
10/08/2021 16:33:58	SQL :EXEC GetUserTreeMenu 'pramudyono hadi','1711',@CompanyId=2;
10/08/2021 16:33:58	SQL :EXEC GetUserTreeMenu 'pramudyono hadi','1712',@CompanyId=2;
10/08/2021 16:33:58	SQL :EXEC GetUserTreeMenu 'pramudyono hadi','1713',@CompanyId=2;
10/08/2021 16:33:58	SQL :EXEC GetUserTreeMenu 'pramudyono hadi','1714',@CompanyId=2;
10/08/2021 16:33:58	SQL :EXEC GetUserTreeMenu 'pramudyono hadi','1715',@CompanyId=2;
10/08/2021 16:33:58	SQL :EXEC GetUserTreeMenu 'pramudyono hadi','1716',@CompanyId=2;
10/08/2021 16:33:58	SQL :EXEC GetUserTreeMenu 'pramudyono hadi','1717',@CompanyId=2;
10/08/2021 16:33:58	SQL :EXEC GetUserSubMenu 'pramudyono hadi','18';
10/08/2021 16:33:58	SQL :EXEC GetUserTreeMenu 'pramudyono hadi','1801',@CompanyId=2;
10/08/2021 16:33:58	SQL :EXEC GetUserSubMenu 'pramudyono hadi','19';
10/08/2021 16:33:58	SQL :EXEC GetUserTreeMenu 'pramudyono hadi','1901',@CompanyId=2;
10/08/2021 16:33:58	SQL :EXEC GetUserTreeMenu 'pramudyono hadi','1902',@CompanyId=2;
10/08/2021 16:33:58	SQL :EXEC GetUserTreeMenu 'pramudyono hadi','1903',@CompanyId=2;
10/08/2021 16:33:58	SQL :EXEC GetUserTreeMenu 'pramudyono hadi','1904',@CompanyId=2;
10/08/2021 16:33:58	SQL :EXEC GetUserTreeMenu 'pramudyono hadi','1905',@CompanyId=2;
10/08/2021 16:33:58	SQL :EXEC GetUserTreeMenu 'pramudyono hadi','1906',@CompanyId=2;
10/08/2021 16:33:58	SQL :EXEC GetUserTreeMenu 'pramudyono hadi','1907',@CompanyId=2;
10/08/2021 16:33:58	SQL :EXEC GetUserTreeMenu 'pramudyono hadi','1908',@CompanyId=2;
10/08/2021 16:33:58	SQL :EXEC GetUserTreeMenu 'pramudyono hadi','1909',@CompanyId=2;
10/08/2021 16:33:58	SQL :EXEC GetUserTreeMenu 'pramudyono hadi','1910',@CompanyId=2;
10/08/2021 16:33:58	SQL :EXEC GetUserTreeMenu 'pramudyono hadi','1911',@CompanyId=2;
10/08/2021 16:33:58	SQL :EXEC GetUserTreeMenu 'pramudyono hadi','1912',@CompanyId=2;
10/08/2021 16:33:58	SQL :SELECT CONVERT(VARCHAR(8),GETDATE(),108) AS hour_minute;
10/08/2021 16:33:58	SQL :SELECT CONVERT(VARCHAR(10),GETDATE(),103) AS date_time;
10/08/2021 16:33:59	Loading Setting
10/08/2021 16:33:59	Open DB Connection
10/08/2021 16:33:59	SQL :SELECT * FROM wh_setting WHERE setting_name='Hold_Less_Deposit';
10/08/2021 16:33:59	SQL :SELECT * FROM wh_setting WHERE setting_name='Max_Less_Deposit';
10/08/2021 16:33:59	SQL :SELECT * FROM wh_setting WHERE setting_name='Dashboard_2';
10/08/2021 16:33:59	Finish Logging
10/08/2021 16:33:59	SQL :SELECT value_string FROM wh_setting WHERE (setting_name='Interval_CheckInDate') AND (active=1);
10/08/2021 16:33:59	SQL :SELECT value_string FROM wh_setting WHERE (setting_name='Interval_CheckInTime') AND (active=1);
10/08/2021 16:33:59	SQL :SELECT value_string FROM wh_setting WHERE (setting_name='ChatEnable') and (active=1);
10/08/2021 16:34:00	Message:Port Check
10/08/2021 16:34:00	Message:Open DB Connection
10/08/2021 16:34:00	SQL :EXEC GetMessage '01','pramudyono hadi';
10/08/2021 16:34:00	SQL :SELECT CONVERT(VARCHAR(8),GETDATE(),108) AS hour_minute;
10/08/2021 16:34:00	SQL :SELECT CONVERT(VARCHAR(10),GETDATE(),103) AS date_time;
10/08/2021 16:34:01	Open Menu :130102
10/08/2021 16:34:01	Open DB Connection
10/08/2021 16:34:01	SQL :EXEC AuthMenu 'pramudyono hadi',130102;
10/08/2021 16:34:01	Form Check :VehicleList
10/08/2021 16:34:01	Form Check :VehicleList
10/08/2021 16:34:01	Form Open: VehicleList=Bus,FormRequest=
10/08/2021 16:34:01	Open DB Connection
10/08/2021 16:34:01	SQL :EXEC GetCompanyLocationList
10/08/2021 16:34:01	SQL :EXEC GetGroup 2;
10/08/2021 16:34:01	Open DB Connection
10/08/2021 16:34:01	SQL :EXEC GetVhcList 6,0,@CompanyId=2;
10/08/2021 16:34:02	Form Check :VehicleForm
10/08/2021 16:34:03	Open DB Connection
10/08/2021 16:34:03	SQL :EXEC GetCompanyLocationList
10/08/2021 16:34:03	Open DB Connection
10/08/2021 16:34:06	Open DB Connection
10/08/2021 16:34:10	Open DB Connection
10/08/2021 16:34:10	Open DB Connection
10/08/2021 16:34:17	Form Check :VehicleForm
10/08/2021 16:34:17	Open DB Connection
10/08/2021 16:34:17	SQL :EXEC GetCompanyLocationList
10/08/2021 16:34:17	Open DB Connection
10/08/2021 16:34:17	Open DB Connection
10/08/2021 16:34:18	Open DB Connection
10/08/2021 16:34:18	Open DB Connection
10/08/2021 16:34:29	Form Check :VehicleForm
10/08/2021 16:34:29	Open DB Connection
10/08/2021 16:34:29	SQL :EXEC GetCompanyLocationList
10/08/2021 16:34:29	Open DB Connection
10/08/2021 16:34:29	Open DB Connection
10/08/2021 16:34:30	Open DB Connection
10/08/2021 16:34:30	Open DB Connection
13/08/2021 14:59:04	Get Local Settings
13/08/2021 14:59:04	Start Change Local Settings
13/08/2021 14:59:04	Change short date format
13/08/2021 14:59:04	Change Long date format
13/08/2021 14:59:04	Finish Change Local Settings
13/08/2021 14:59:04	Registry Read: Path=SOFTWARE\WEHA\Aplikasi\3
13/08/2021 14:59:04	Registry Read/Write
13/08/2021 14:59:04	Registry Read: Path=SOFTWARE\WEHA\Aplikasi\3
13/08/2021 14:59:04	Create DB Object
13/08/2021 14:59:04	Init DB
13/08/2021 14:59:04	Finish Init DB
13/08/2021 14:59:04	Get File Version
13/08/2021 14:59:04	Change  Caption
13/08/2021 14:59:04	Init Shortkey
13/08/2021 14:59:06	Create DB Object
13/08/2021 14:59:06	Init DB
13/08/2021 14:59:06	Finish Init DB
13/08/2021 14:59:07	Update new version check
13/08/2021 14:59:08	Open DB Connection
13/08/2021 14:59:12	SQL :
13/08/2021 14:59:12	Update check version
13/08/2021 14:59:12	Open DB Connection
13/08/2021 14:59:12	SQL :SELECT version FROM wh_application WHERE application_id=(SELECT MAX(application_id) FROM wh_application);
13/08/2021 14:59:12	Start Login
13/08/2021 14:59:12	Open DB Connection
13/08/2021 14:59:12	SQL :EXEC AuthenticateUser 'pramudyono hadi','6f2b8366efa56f0c06dd6b31fcff8a73';
13/08/2021 14:59:13	SQL :INSERT INTO wh_log (user_id,app_date,app_version,app_version_svr,location_id,company_id,department_id,host_name,ip_address)  VALUES ('pramudyono hadi','13/08/2021','6.1.3.12','6.1.3.11',6,2,13,'DESKTOP-S1PD9OD','192.168.25.214');
13/08/2021 14:59:13	Open DB Connection
13/08/2021 14:59:13	SQL :EXEC GetUserMenu 'pramudyono hadi';
13/08/2021 14:59:13	SQL :EXEC GetUserSubMenu 'pramudyono hadi','11';
13/08/2021 14:59:13	SQL :EXEC GetUserTreeMenu 'pramudyono hadi','1101',@CompanyId=2;
13/08/2021 14:59:14	SQL :EXEC GetUserTreeMenu 'pramudyono hadi','1102',@CompanyId=2;
13/08/2021 14:59:14	SQL :EXEC GetUserTreeMenu 'pramudyono hadi','1103',@CompanyId=2;
13/08/2021 14:59:14	SQL :EXEC GetUserTreeMenu 'pramudyono hadi','1104',@CompanyId=2;
13/08/2021 14:59:14	SQL :EXEC GetUserTreeMenu 'pramudyono hadi','1105',@CompanyId=2;
13/08/2021 14:59:14	SQL :EXEC GetUserTreeMenu 'pramudyono hadi','1106',@CompanyId=2;
13/08/2021 14:59:14	SQL :EXEC GetUserTreeMenu 'pramudyono hadi','1107',@CompanyId=2;
13/08/2021 14:59:14	SQL :EXEC GetUserTreeMenu 'pramudyono hadi','1108',@CompanyId=2;
13/08/2021 14:59:14	SQL :EXEC GetUserTreeMenu 'pramudyono hadi','1109',@CompanyId=2;
13/08/2021 14:59:14	SQL :EXEC GetUserTreeMenu 'pramudyono hadi','1110',@CompanyId=2;
13/08/2021 14:59:14	SQL :EXEC GetUserTreeMenu 'pramudyono hadi','1111',@CompanyId=2;
13/08/2021 14:59:14	SQL :EXEC GetUserTreeMenu 'pramudyono hadi','1112',@CompanyId=2;
13/08/2021 14:59:14	SQL :EXEC GetUserTreeMenu 'pramudyono hadi','1113',@CompanyId=2;
13/08/2021 14:59:14	SQL :EXEC GetUserTreeMenu 'pramudyono hadi','1114',@CompanyId=2;
13/08/2021 14:59:14	SQL :EXEC GetUserTreeMenu 'pramudyono hadi','1115',@CompanyId=2;
13/08/2021 14:59:14	SQL :EXEC GetUserTreeMenu 'pramudyono hadi','1116',@CompanyId=2;
13/08/2021 14:59:14	SQL :EXEC GetUserTreeMenu 'pramudyono hadi','1117',@CompanyId=2;
13/08/2021 14:59:14	SQL :EXEC GetUserTreeMenu 'pramudyono hadi','1198',@CompanyId=2;
13/08/2021 14:59:14	SQL :EXEC GetUserTreeMenu 'pramudyono hadi','1199',@CompanyId=2;
13/08/2021 14:59:14	SQL :EXEC GetUserSubMenu 'pramudyono hadi','12';
13/08/2021 14:59:14	SQL :EXEC GetUserTreeMenu 'pramudyono hadi','1201',@CompanyId=2;
13/08/2021 14:59:14	SQL :EXEC GetUserTreeMenu 'pramudyono hadi','1202',@CompanyId=2;
13/08/2021 14:59:14	SQL :EXEC GetUserTreeMenu 'pramudyono hadi','1203',@CompanyId=2;
13/08/2021 14:59:14	SQL :EXEC GetUserTreeMenu 'pramudyono hadi','1204',@CompanyId=2;
13/08/2021 14:59:14	SQL :EXEC GetUserTreeMenu 'pramudyono hadi','1205',@CompanyId=2;
13/08/2021 14:59:14	SQL :EXEC GetUserTreeMenu 'pramudyono hadi','1206',@CompanyId=2;
13/08/2021 14:59:14	SQL :EXEC GetUserTreeMenu 'pramudyono hadi','1207',@CompanyId=2;
13/08/2021 14:59:14	SQL :EXEC GetUserSubMenu 'pramudyono hadi','13';
13/08/2021 14:59:14	SQL :EXEC GetUserTreeMenu 'pramudyono hadi','1301',@CompanyId=2;
13/08/2021 14:59:14	SQL :EXEC GetUserTreeMenu 'pramudyono hadi','1302',@CompanyId=2;
13/08/2021 14:59:14	SQL :EXEC GetUserTreeMenu 'pramudyono hadi','1303',@CompanyId=2;
13/08/2021 14:59:14	SQL :EXEC GetUserTreeMenu 'pramudyono hadi','1304',@CompanyId=2;
13/08/2021 14:59:14	SQL :EXEC GetUserTreeMenu 'pramudyono hadi','1305',@CompanyId=2;
13/08/2021 14:59:14	SQL :EXEC GetUserTreeMenu 'pramudyono hadi','1306',@CompanyId=2;
13/08/2021 14:59:14	SQL :EXEC GetUserTreeMenu 'pramudyono hadi','1307',@CompanyId=2;
13/08/2021 14:59:14	SQL :EXEC GetUserTreeMenu 'pramudyono hadi','1308',@CompanyId=2;
13/08/2021 14:59:14	SQL :EXEC GetUserTreeMenu 'pramudyono hadi','1309',@CompanyId=2;
13/08/2021 14:59:14	SQL :EXEC GetUserTreeMenu 'pramudyono hadi','1310',@CompanyId=2;
13/08/2021 14:59:14	SQL :EXEC GetUserTreeMenu 'pramudyono hadi','1311',@CompanyId=2;
13/08/2021 14:59:14	SQL :EXEC GetUserTreeMenu 'pramudyono hadi','1312',@CompanyId=2;
13/08/2021 14:59:14	SQL :EXEC GetUserTreeMenu 'pramudyono hadi','1313',@CompanyId=2;
13/08/2021 14:59:14	SQL :EXEC GetUserTreeMenu 'pramudyono hadi','1314',@CompanyId=2;
13/08/2021 14:59:14	SQL :EXEC GetUserTreeMenu 'pramudyono hadi','1315',@CompanyId=2;
13/08/2021 14:59:14	SQL :EXEC GetUserTreeMenu 'pramudyono hadi','1316',@CompanyId=2;
13/08/2021 14:59:14	SQL :EXEC GetUserTreeMenu 'pramudyono hadi','1317',@CompanyId=2;
13/08/2021 14:59:14	SQL :EXEC GetUserTreeMenu 'pramudyono hadi','1318',@CompanyId=2;
13/08/2021 14:59:14	SQL :EXEC GetUserTreeMenu 'pramudyono hadi','1319',@CompanyId=2;
13/08/2021 14:59:14	SQL :EXEC GetUserTreeMenu 'pramudyono hadi','1320',@CompanyId=2;
13/08/2021 14:59:14	SQL :EXEC GetUserTreeMenu 'pramudyono hadi','1321',@CompanyId=2;
13/08/2021 14:59:14	SQL :EXEC GetUserSubMenu 'pramudyono hadi','14';
13/08/2021 14:59:14	SQL :EXEC GetUserTreeMenu 'pramudyono hadi','1401',@CompanyId=2;
13/08/2021 14:59:14	SQL :EXEC GetUserTreeMenu 'pramudyono hadi','1402',@CompanyId=2;
13/08/2021 14:59:14	SQL :EXEC GetUserTreeMenu 'pramudyono hadi','1403',@CompanyId=2;
13/08/2021 14:59:14	SQL :EXEC GetUserTreeMenu 'pramudyono hadi','1404',@CompanyId=2;
13/08/2021 14:59:14	SQL :EXEC GetUserTreeMenu 'pramudyono hadi','1406',@CompanyId=2;
13/08/2021 14:59:14	SQL :EXEC GetUserTreeMenu 'pramudyono hadi','1408',@CompanyId=2;
13/08/2021 14:59:14	SQL :EXEC GetUserTreeMenu 'pramudyono hadi','1410',@CompanyId=2;
13/08/2021 14:59:14	SQL :EXEC GetUserTreeMenu 'pramudyono hadi','1411',@CompanyId=2;
13/08/2021 14:59:14	SQL :EXEC GetUserTreeMenu 'pramudyono hadi','1412',@CompanyId=2;
13/08/2021 14:59:14	SQL :EXEC GetUserTreeMenu 'pramudyono hadi','1413',@CompanyId=2;
13/08/2021 14:59:14	SQL :EXEC GetUserTreeMenu 'pramudyono hadi','1414',@CompanyId=2;
13/08/2021 14:59:14	SQL :EXEC GetUserSubMenu 'pramudyono hadi','15';
13/08/2021 14:59:14	SQL :EXEC GetUserTreeMenu 'pramudyono hadi','1501',@CompanyId=2;
13/08/2021 14:59:14	SQL :EXEC GetUserTreeMenu 'pramudyono hadi','1502',@CompanyId=2;
13/08/2021 14:59:14	SQL :EXEC GetUserTreeMenu 'pramudyono hadi','1503',@CompanyId=2;
13/08/2021 14:59:14	SQL :EXEC GetUserTreeMenu 'pramudyono hadi','1504',@CompanyId=2;
13/08/2021 14:59:14	SQL :EXEC GetUserTreeMenu 'pramudyono hadi','1505',@CompanyId=2;
13/08/2021 14:59:14	SQL :EXEC GetUserTreeMenu 'pramudyono hadi','1506',@CompanyId=2;
13/08/2021 14:59:14	SQL :EXEC GetUserTreeMenu 'pramudyono hadi','1507',@CompanyId=2;
13/08/2021 14:59:14	SQL :EXEC GetUserTreeMenu 'pramudyono hadi','1508',@CompanyId=2;
13/08/2021 14:59:14	SQL :EXEC GetUserTreeMenu 'pramudyono hadi','1509',@CompanyId=2;
13/08/2021 14:59:14	SQL :EXEC GetUserTreeMenu 'pramudyono hadi','1510',@CompanyId=2;
13/08/2021 14:59:14	SQL :EXEC GetUserTreeMenu 'pramudyono hadi','1511',@CompanyId=2;
13/08/2021 14:59:14	SQL :EXEC GetUserSubMenu 'pramudyono hadi','16';
13/08/2021 14:59:14	SQL :EXEC GetUserTreeMenu 'pramudyono hadi','1601',@CompanyId=2;
13/08/2021 14:59:14	SQL :EXEC GetUserTreeMenu 'pramudyono hadi','1602',@CompanyId=2;
13/08/2021 14:59:14	SQL :EXEC GetUserTreeMenu 'pramudyono hadi','1603',@CompanyId=2;
13/08/2021 14:59:14	SQL :EXEC GetUserTreeMenu 'pramudyono hadi','1604',@CompanyId=2;
13/08/2021 14:59:14	SQL :EXEC GetUserTreeMenu 'pramudyono hadi','1605',@CompanyId=2;
13/08/2021 14:59:14	SQL :EXEC GetUserTreeMenu 'pramudyono hadi','1606',@CompanyId=2;
13/08/2021 14:59:14	SQL :EXEC GetUserTreeMenu 'pramudyono hadi','1607',@CompanyId=2;
13/08/2021 14:59:14	SQL :EXEC GetUserTreeMenu 'pramudyono hadi','1608',@CompanyId=2;
13/08/2021 14:59:14	SQL :EXEC GetUserTreeMenu 'pramudyono hadi','1609',@CompanyId=2;
13/08/2021 14:59:14	SQL :EXEC GetUserTreeMenu 'pramudyono hadi','1610',@CompanyId=2;
13/08/2021 14:59:14	SQL :EXEC GetUserTreeMenu 'pramudyono hadi','1611',@CompanyId=2;
13/08/2021 14:59:14	SQL :EXEC GetUserTreeMenu 'pramudyono hadi','1612',@CompanyId=2;
13/08/2021 14:59:14	SQL :EXEC GetUserTreeMenu 'pramudyono hadi','1613',@CompanyId=2;
13/08/2021 14:59:14	SQL :EXEC GetUserTreeMenu 'pramudyono hadi','1614',@CompanyId=2;
13/08/2021 14:59:14	SQL :EXEC GetUserTreeMenu 'pramudyono hadi','1615',@CompanyId=2;
13/08/2021 14:59:14	SQL :EXEC GetUserTreeMenu 'pramudyono hadi','1616',@CompanyId=2;
13/08/2021 14:59:14	SQL :EXEC GetUserTreeMenu 'pramudyono hadi','1619',@CompanyId=2;
13/08/2021 14:59:14	SQL :EXEC GetUserTreeMenu 'pramudyono hadi','1620',@CompanyId=2;
13/08/2021 14:59:15	SQL :EXEC GetUserSubMenu 'pramudyono hadi','17';
13/08/2021 14:59:15	SQL :EXEC GetUserTreeMenu 'pramudyono hadi','1701',@CompanyId=2;
13/08/2021 14:59:15	SQL :EXEC GetUserTreeMenu 'pramudyono hadi','1702',@CompanyId=2;
13/08/2021 14:59:15	SQL :EXEC GetUserTreeMenu 'pramudyono hadi','1703',@CompanyId=2;
13/08/2021 14:59:15	SQL :EXEC GetUserTreeMenu 'pramudyono hadi','1704',@CompanyId=2;
13/08/2021 14:59:15	SQL :EXEC GetUserTreeMenu 'pramudyono hadi','1705',@CompanyId=2;
13/08/2021 14:59:15	SQL :EXEC GetUserTreeMenu 'pramudyono hadi','1706',@CompanyId=2;
13/08/2021 14:59:15	SQL :EXEC GetUserTreeMenu 'pramudyono hadi','1707',@CompanyId=2;
13/08/2021 14:59:15	SQL :EXEC GetUserTreeMenu 'pramudyono hadi','1708',@CompanyId=2;
13/08/2021 14:59:15	SQL :EXEC GetUserTreeMenu 'pramudyono hadi','1709',@CompanyId=2;
13/08/2021 14:59:15	SQL :EXEC GetUserTreeMenu 'pramudyono hadi','1710',@CompanyId=2;
13/08/2021 14:59:15	SQL :EXEC GetUserTreeMenu 'pramudyono hadi','1711',@CompanyId=2;
13/08/2021 14:59:15	SQL :EXEC GetUserTreeMenu 'pramudyono hadi','1712',@CompanyId=2;
13/08/2021 14:59:15	SQL :EXEC GetUserTreeMenu 'pramudyono hadi','1713',@CompanyId=2;
13/08/2021 14:59:15	SQL :EXEC GetUserTreeMenu 'pramudyono hadi','1714',@CompanyId=2;
13/08/2021 14:59:15	SQL :EXEC GetUserTreeMenu 'pramudyono hadi','1715',@CompanyId=2;
13/08/2021 14:59:15	SQL :EXEC GetUserTreeMenu 'pramudyono hadi','1716',@CompanyId=2;
13/08/2021 14:59:15	SQL :EXEC GetUserTreeMenu 'pramudyono hadi','1717',@CompanyId=2;
13/08/2021 14:59:15	SQL :EXEC GetUserSubMenu 'pramudyono hadi','18';
13/08/2021 14:59:15	SQL :EXEC GetUserTreeMenu 'pramudyono hadi','1801',@CompanyId=2;
13/08/2021 14:59:15	SQL :EXEC GetUserSubMenu 'pramudyono hadi','19';
13/08/2021 14:59:15	SQL :EXEC GetUserTreeMenu 'pramudyono hadi','1901',@CompanyId=2;
13/08/2021 14:59:15	SQL :EXEC GetUserTreeMenu 'pramudyono hadi','1902',@CompanyId=2;
13/08/2021 14:59:15	SQL :EXEC GetUserTreeMenu 'pramudyono hadi','1903',@CompanyId=2;
13/08/2021 14:59:15	SQL :EXEC GetUserTreeMenu 'pramudyono hadi','1904',@CompanyId=2;
13/08/2021 14:59:15	SQL :EXEC GetUserTreeMenu 'pramudyono hadi','1905',@CompanyId=2;
13/08/2021 14:59:15	SQL :EXEC GetUserTreeMenu 'pramudyono hadi','1906',@CompanyId=2;
13/08/2021 14:59:15	SQL :EXEC GetUserTreeMenu 'pramudyono hadi','1907',@CompanyId=2;
13/08/2021 14:59:15	SQL :EXEC GetUserTreeMenu 'pramudyono hadi','1908',@CompanyId=2;
13/08/2021 14:59:15	SQL :EXEC GetUserTreeMenu 'pramudyono hadi','1909',@CompanyId=2;
13/08/2021 14:59:15	SQL :EXEC GetUserTreeMenu 'pramudyono hadi','1910',@CompanyId=2;
13/08/2021 14:59:15	SQL :EXEC GetUserTreeMenu 'pramudyono hadi','1911',@CompanyId=2;
13/08/2021 14:59:15	SQL :EXEC GetUserTreeMenu 'pramudyono hadi','1912',@CompanyId=2;
13/08/2021 14:59:15	SQL :SELECT CONVERT(VARCHAR(8),GETDATE(),108) AS hour_minute;
13/08/2021 14:59:15	SQL :SELECT CONVERT(VARCHAR(10),GETDATE(),103) AS date_time;
13/08/2021 14:59:15	Loading Setting
13/08/2021 14:59:15	Open DB Connection
13/08/2021 14:59:15	SQL :SELECT * FROM wh_setting WHERE setting_name='Hold_Less_Deposit';
13/08/2021 14:59:15	SQL :SELECT * FROM wh_setting WHERE setting_name='Max_Less_Deposit';
13/08/2021 14:59:15	SQL :SELECT * FROM wh_setting WHERE setting_name='Dashboard_2';
13/08/2021 14:59:15	Finish Logging
13/08/2021 14:59:15	SQL :SELECT value_string FROM wh_setting WHERE (setting_name='Interval_CheckInDate') AND (active=1);
13/08/2021 14:59:15	SQL :SELECT value_string FROM wh_setting WHERE (setting_name='Interval_CheckInTime') AND (active=1);
13/08/2021 14:59:15	SQL :SELECT value_string FROM wh_setting WHERE (setting_name='ChatEnable') and (active=1);
13/08/2021 14:59:16	Message:Port Check
13/08/2021 14:59:16	Message:Open DB Connection
13/08/2021 14:59:16	SQL :EXEC GetMessage '01','pramudyono hadi';
13/08/2021 14:59:16	SQL :SELECT CONVERT(VARCHAR(8),GETDATE(),108) AS hour_minute;
13/08/2021 14:59:16	SQL :SELECT CONVERT(VARCHAR(10),GETDATE(),103) AS date_time;
13/08/2021 14:59:44	Open Menu :141404
13/08/2021 14:59:44	Open DB Connection
13/08/2021 14:59:44	SQL :EXEC AuthMenu 'pramudyono hadi',141404;
13/08/2021 14:59:49	Open Menu :141401
13/08/2021 14:59:49	Open DB Connection
13/08/2021 14:59:49	SQL :EXEC AuthMenu 'pramudyono hadi',141401;
13/08/2021 14:59:54	Open Menu :141101
13/08/2021 14:59:54	Open DB Connection
13/08/2021 14:59:54	SQL :EXEC AuthMenu 'pramudyono hadi',141101;
13/08/2021 14:59:54	Form Check :COAAdd
13/08/2021 15:00:06	Open Menu :141104
13/08/2021 15:00:06	Open DB Connection
13/08/2021 15:00:06	SQL :EXEC AuthMenu 'pramudyono hadi',141104;
13/08/2021 15:00:06	Form Check :COAList
13/08/2021 15:00:06	Open DB Connection
13/08/2021 15:00:16	Open Menu :141102
13/08/2021 15:00:16	Open DB Connection
13/08/2021 15:00:16	SQL :EXEC AuthMenu 'pramudyono hadi',141102;
13/08/2021 15:00:16	Form Check :COAList
13/08/2021 15:00:16	Open DB Connection
13/08/2021 15:00:17	Form Check :COAAdd
13/08/2021 15:00:17	Open DB Connection
13/08/2021 15:00:21	Form Check :COAAdd
13/08/2021 15:00:21	Open DB Connection
13/08/2021 15:00:23	Open DB Connection
13/08/2021 15:00:23	Form Check :COAList
13/08/2021 15:00:23	Open DB Connection
13/08/2021 15:00:28	Form Check :COAAdd
13/08/2021 15:00:28	Open DB Connection
13/08/2021 15:00:29	Open DB Connection
13/08/2021 15:00:29	Form Check :COAList
13/08/2021 15:00:29	Open DB Connection
13/08/2021 15:00:33	Open DB Connection
13/08/2021 15:00:33	Form Check :COAList
13/08/2021 15:00:33	Open DB Connection
13/08/2021 15:00:35	Open DB Connection
13/08/2021 15:00:35	Form Check :COAList
13/08/2021 15:00:35	Open DB Connection
13/08/2021 15:01:07	Open Menu :110501
13/08/2021 15:01:07	Open DB Connection
13/08/2021 15:01:07	SQL :EXEC AuthMenu 'pramudyono hadi',110501;
13/08/2021 15:01:08	Open DB Connection
13/08/2021 15:01:09	Open DB Connection
13/08/2021 15:01:11	Open DB Connection
13/08/2021 15:01:11	SQL :SELECT * FROM wh_tree_sub_menu WHERE sub_menu_id='1301';
13/08/2021 15:01:19	Open DB Connection
13/08/2021 15:01:19	SQL :SELECT RIGHT(MAX(tree_sub_menu_id),2) AS max_id FROM wh_tree_sub_menu WHERE sub_menu_id='1301';
13/08/2021 15:01:19	SQL :INSERT INTO wh_tree_sub_menu (tree_sub_menu_id,sub_menu_id,tree_menu,tree_menu_description,active) VALUES ('130129','1301','-','',1);
13/08/2021 15:01:21	Form Check :TreeMenuList
13/08/2021 15:01:23	Open DB Connection
13/08/2021 15:01:24	Open DB Connection
13/08/2021 15:01:26	Open DB Connection
13/08/2021 15:01:26	SQL :SELECT * FROM wh_tree_sub_menu WHERE sub_menu_id='1301';
13/08/2021 15:01:40	Open DB Connection
13/08/2021 15:01:40	SQL :SELECT RIGHT(MAX(tree_sub_menu_id),2) AS max_id FROM wh_tree_sub_menu WHERE sub_menu_id='1301';
13/08/2021 15:01:40	SQL :INSERT INTO wh_tree_sub_menu (tree_sub_menu_id,sub_menu_id,tree_menu,tree_menu_description,active) VALUES ('130130','1301','Tambah Asuransi','',1);
13/08/2021 15:01:41	Form Check :TreeMenuList
13/08/2021 15:01:42	Open DB Connection
13/08/2021 15:01:43	Open DB Connection
13/08/2021 15:01:46	Open DB Connection
13/08/2021 15:01:46	SQL :SELECT * FROM wh_tree_sub_menu WHERE sub_menu_id='1301';
13/08/2021 15:02:20	Open DB Connection
13/08/2021 15:02:20	SQL :SELECT RIGHT(MAX(tree_sub_menu_id),2) AS max_id FROM wh_tree_sub_menu WHERE sub_menu_id='1301';
13/08/2021 15:02:20	SQL :INSERT INTO wh_tree_sub_menu (tree_sub_menu_id,sub_menu_id,tree_menu,tree_menu_description,active) VALUES ('130131','1301','Ubah Asuransi Kendaraan','',1);
13/08/2021 15:02:20	Form Check :TreeMenuList
13/08/2021 15:02:21	Open DB Connection
13/08/2021 15:02:23	Open DB Connection
13/08/2021 15:02:24	Open DB Connection
13/08/2021 15:02:24	SQL :SELECT * FROM wh_tree_sub_menu WHERE sub_menu_id='1301';
13/08/2021 15:02:31	Open DB Connection
13/08/2021 15:02:31	SQL :SELECT RIGHT(MAX(tree_sub_menu_id),2) AS max_id FROM wh_tree_sub_menu WHERE sub_menu_id='1301';
13/08/2021 15:02:32	SQL :INSERT INTO wh_tree_sub_menu (tree_sub_menu_id,sub_menu_id,tree_menu,tree_menu_description,active) VALUES ('130132','1301','Daftar Asuransi Kendaraan','',1);
13/08/2021 15:02:32	Form Check :TreeMenuList
13/08/2021 15:02:35	Open Menu :110901
13/08/2021 15:02:35	Open DB Connection
13/08/2021 15:02:35	SQL :EXEC AuthMenu 'pramudyono hadi',110901;
13/08/2021 15:02:35	Open DB Connection
13/08/2021 15:02:38	Open DB Connection
13/08/2021 15:02:39	Open DB Connection
13/08/2021 15:02:41	Open DB Connection
13/08/2021 15:02:44	Open DB Connection
13/08/2021 15:02:44	Open DB Connection
13/08/2021 15:02:44	Form Check :UserGroupTreeMenuList
13/08/2021 15:02:46	Open DB Connection
13/08/2021 15:02:47	Open DB Connection
13/08/2021 15:02:49	Open DB Connection
13/08/2021 15:02:52	Open DB Connection
13/08/2021 15:02:53	Open DB Connection
13/08/2021 15:02:53	Form Check :UserGroupTreeMenuList
13/08/2021 15:02:54	Open DB Connection
13/08/2021 15:02:56	Open DB Connection
13/08/2021 15:02:59	Open DB Connection
13/08/2021 15:03:02	Open DB Connection
13/08/2021 15:03:02	Open DB Connection
13/08/2021 15:03:02	Form Check :UserGroupTreeMenuList
13/08/2021 15:03:04	Open DB Connection
13/08/2021 15:03:06	Open DB Connection
13/08/2021 15:03:08	Open DB Connection
13/08/2021 15:03:10	Open DB Connection
13/08/2021 15:03:11	Open DB Connection
13/08/2021 15:03:11	Form Check :UserGroupTreeMenuList
13/08/2021 15:03:13	Form Check :ChatClient
13/08/2021 15:03:14	Form Check :AuthorizedForm
13/08/2021 15:03:14	Form Check :RePrintForm
13/08/2021 15:03:14	Form Check :EmployeeSearch
13/08/2021 15:03:14	Form Check :TimeInputForm
13/08/2021 15:03:14	Log Out
13/08/2021 15:03:15	Create DB Object
13/08/2021 15:03:15	Init DB
13/08/2021 15:03:15	Finish Init DB
13/08/2021 15:03:25	Update new version check
13/08/2021 15:03:25	Open DB Connection
13/08/2021 15:03:25	SQL :
13/08/2021 15:03:25	Update check version
13/08/2021 15:03:25	Open DB Connection
13/08/2021 15:03:25	SQL :SELECT version FROM wh_application WHERE application_id=(SELECT MAX(application_id) FROM wh_application);
13/08/2021 15:03:25	Start Login
13/08/2021 15:03:25	Open DB Connection
13/08/2021 15:03:25	SQL :EXEC AuthenticateUser 'pramudyono hadi','6f2b8366efa56f0c06dd6b31fcff8a73';
13/08/2021 15:03:25	SQL :INSERT INTO wh_log (user_id,app_date,app_version,app_version_svr,location_id,company_id,department_id,host_name,ip_address)  VALUES ('pramudyono hadi','13/08/2021','6.1.3.12','6.1.3.11',6,2,13,'DESKTOP-S1PD9OD','192.168.25.214');
13/08/2021 15:03:25	Open DB Connection
13/08/2021 15:03:25	SQL :EXEC GetUserMenu 'pramudyono hadi';
13/08/2021 15:03:25	SQL :EXEC GetUserSubMenu 'pramudyono hadi','11';
13/08/2021 15:03:25	SQL :EXEC GetUserTreeMenu 'pramudyono hadi','1101',@CompanyId=2;
13/08/2021 15:03:25	SQL :EXEC GetUserTreeMenu 'pramudyono hadi','1102',@CompanyId=2;
13/08/2021 15:03:25	SQL :EXEC GetUserTreeMenu 'pramudyono hadi','1103',@CompanyId=2;
13/08/2021 15:03:25	SQL :EXEC GetUserTreeMenu 'pramudyono hadi','1104',@CompanyId=2;
13/08/2021 15:03:25	SQL :EXEC GetUserTreeMenu 'pramudyono hadi','1105',@CompanyId=2;
13/08/2021 15:03:25	SQL :EXEC GetUserTreeMenu 'pramudyono hadi','1106',@CompanyId=2;
13/08/2021 15:03:25	SQL :EXEC GetUserTreeMenu 'pramudyono hadi','1107',@CompanyId=2;
13/08/2021 15:03:25	SQL :EXEC GetUserTreeMenu 'pramudyono hadi','1108',@CompanyId=2;
13/08/2021 15:03:25	SQL :EXEC GetUserTreeMenu 'pramudyono hadi','1109',@CompanyId=2;
13/08/2021 15:03:25	SQL :EXEC GetUserTreeMenu 'pramudyono hadi','1110',@CompanyId=2;
13/08/2021 15:03:25	SQL :EXEC GetUserTreeMenu 'pramudyono hadi','1111',@CompanyId=2;
13/08/2021 15:03:25	SQL :EXEC GetUserTreeMenu 'pramudyono hadi','1112',@CompanyId=2;
13/08/2021 15:03:25	SQL :EXEC GetUserTreeMenu 'pramudyono hadi','1113',@CompanyId=2;
13/08/2021 15:03:25	SQL :EXEC GetUserTreeMenu 'pramudyono hadi','1114',@CompanyId=2;
13/08/2021 15:03:25	SQL :EXEC GetUserTreeMenu 'pramudyono hadi','1115',@CompanyId=2;
13/08/2021 15:03:25	SQL :EXEC GetUserTreeMenu 'pramudyono hadi','1116',@CompanyId=2;
13/08/2021 15:03:25	SQL :EXEC GetUserTreeMenu 'pramudyono hadi','1117',@CompanyId=2;
13/08/2021 15:03:25	SQL :EXEC GetUserTreeMenu 'pramudyono hadi','1198',@CompanyId=2;
13/08/2021 15:03:25	SQL :EXEC GetUserTreeMenu 'pramudyono hadi','1199',@CompanyId=2;
13/08/2021 15:03:25	SQL :EXEC GetUserSubMenu 'pramudyono hadi','12';
13/08/2021 15:03:25	SQL :EXEC GetUserTreeMenu 'pramudyono hadi','1201',@CompanyId=2;
13/08/2021 15:03:25	SQL :EXEC GetUserTreeMenu 'pramudyono hadi','1202',@CompanyId=2;
13/08/2021 15:03:25	SQL :EXEC GetUserTreeMenu 'pramudyono hadi','1203',@CompanyId=2;
13/08/2021 15:03:25	SQL :EXEC GetUserTreeMenu 'pramudyono hadi','1204',@CompanyId=2;
13/08/2021 15:03:25	SQL :EXEC GetUserTreeMenu 'pramudyono hadi','1205',@CompanyId=2;
13/08/2021 15:03:25	SQL :EXEC GetUserTreeMenu 'pramudyono hadi','1206',@CompanyId=2;
13/08/2021 15:03:25	SQL :EXEC GetUserTreeMenu 'pramudyono hadi','1207',@CompanyId=2;
13/08/2021 15:03:25	SQL :EXEC GetUserSubMenu 'pramudyono hadi','13';
13/08/2021 15:03:25	SQL :EXEC GetUserTreeMenu 'pramudyono hadi','1301',@CompanyId=2;
13/08/2021 15:03:25	SQL :EXEC GetUserTreeMenu 'pramudyono hadi','1302',@CompanyId=2;
13/08/2021 15:03:26	SQL :EXEC GetUserTreeMenu 'pramudyono hadi','1303',@CompanyId=2;
13/08/2021 15:03:26	SQL :EXEC GetUserTreeMenu 'pramudyono hadi','1304',@CompanyId=2;
13/08/2021 15:03:26	SQL :EXEC GetUserTreeMenu 'pramudyono hadi','1305',@CompanyId=2;
13/08/2021 15:03:26	SQL :EXEC GetUserTreeMenu 'pramudyono hadi','1306',@CompanyId=2;
13/08/2021 15:03:26	SQL :EXEC GetUserTreeMenu 'pramudyono hadi','1307',@CompanyId=2;
13/08/2021 15:03:26	SQL :EXEC GetUserTreeMenu 'pramudyono hadi','1308',@CompanyId=2;
13/08/2021 15:03:26	SQL :EXEC GetUserTreeMenu 'pramudyono hadi','1309',@CompanyId=2;
13/08/2021 15:03:26	SQL :EXEC GetUserTreeMenu 'pramudyono hadi','1310',@CompanyId=2;
13/08/2021 15:03:26	SQL :EXEC GetUserTreeMenu 'pramudyono hadi','1311',@CompanyId=2;
13/08/2021 15:03:26	SQL :EXEC GetUserTreeMenu 'pramudyono hadi','1312',@CompanyId=2;
13/08/2021 15:03:26	SQL :EXEC GetUserTreeMenu 'pramudyono hadi','1313',@CompanyId=2;
13/08/2021 15:03:26	SQL :EXEC GetUserTreeMenu 'pramudyono hadi','1314',@CompanyId=2;
13/08/2021 15:03:26	SQL :EXEC GetUserTreeMenu 'pramudyono hadi','1315',@CompanyId=2;
13/08/2021 15:03:26	SQL :EXEC GetUserTreeMenu 'pramudyono hadi','1316',@CompanyId=2;
13/08/2021 15:03:26	SQL :EXEC GetUserTreeMenu 'pramudyono hadi','1317',@CompanyId=2;
13/08/2021 15:03:26	SQL :EXEC GetUserTreeMenu 'pramudyono hadi','1318',@CompanyId=2;
13/08/2021 15:03:26	SQL :EXEC GetUserTreeMenu 'pramudyono hadi','1319',@CompanyId=2;
13/08/2021 15:03:26	SQL :EXEC GetUserTreeMenu 'pramudyono hadi','1320',@CompanyId=2;
13/08/2021 15:03:26	SQL :EXEC GetUserTreeMenu 'pramudyono hadi','1321',@CompanyId=2;
13/08/2021 15:03:26	SQL :EXEC GetUserSubMenu 'pramudyono hadi','14';
13/08/2021 15:03:26	SQL :EXEC GetUserTreeMenu 'pramudyono hadi','1401',@CompanyId=2;
13/08/2021 15:03:26	SQL :EXEC GetUserTreeMenu 'pramudyono hadi','1402',@CompanyId=2;
13/08/2021 15:03:26	SQL :EXEC GetUserTreeMenu 'pramudyono hadi','1403',@CompanyId=2;
13/08/2021 15:03:26	SQL :EXEC GetUserTreeMenu 'pramudyono hadi','1404',@CompanyId=2;
13/08/2021 15:03:26	SQL :EXEC GetUserTreeMenu 'pramudyono hadi','1406',@CompanyId=2;
13/08/2021 15:03:26	SQL :EXEC GetUserTreeMenu 'pramudyono hadi','1408',@CompanyId=2;
13/08/2021 15:03:26	SQL :EXEC GetUserTreeMenu 'pramudyono hadi','1410',@CompanyId=2;
13/08/2021 15:03:26	SQL :EXEC GetUserTreeMenu 'pramudyono hadi','1411',@CompanyId=2;
13/08/2021 15:03:26	SQL :EXEC GetUserTreeMenu 'pramudyono hadi','1412',@CompanyId=2;
13/08/2021 15:03:26	SQL :EXEC GetUserTreeMenu 'pramudyono hadi','1413',@CompanyId=2;
13/08/2021 15:03:26	SQL :EXEC GetUserTreeMenu 'pramudyono hadi','1414',@CompanyId=2;
13/08/2021 15:03:26	SQL :EXEC GetUserSubMenu 'pramudyono hadi','15';
13/08/2021 15:03:26	SQL :EXEC GetUserTreeMenu 'pramudyono hadi','1501',@CompanyId=2;
13/08/2021 15:03:26	SQL :EXEC GetUserTreeMenu 'pramudyono hadi','1502',@CompanyId=2;
13/08/2021 15:03:26	SQL :EXEC GetUserTreeMenu 'pramudyono hadi','1503',@CompanyId=2;
13/08/2021 15:03:26	SQL :EXEC GetUserTreeMenu 'pramudyono hadi','1504',@CompanyId=2;
13/08/2021 15:03:26	SQL :EXEC GetUserTreeMenu 'pramudyono hadi','1505',@CompanyId=2;
13/08/2021 15:03:26	SQL :EXEC GetUserTreeMenu 'pramudyono hadi','1506',@CompanyId=2;
13/08/2021 15:03:26	SQL :EXEC GetUserTreeMenu 'pramudyono hadi','1507',@CompanyId=2;
13/08/2021 15:03:26	SQL :EXEC GetUserTreeMenu 'pramudyono hadi','1508',@CompanyId=2;
13/08/2021 15:03:26	SQL :EXEC GetUserTreeMenu 'pramudyono hadi','1509',@CompanyId=2;
13/08/2021 15:03:26	SQL :EXEC GetUserTreeMenu 'pramudyono hadi','1510',@CompanyId=2;
13/08/2021 15:03:26	SQL :EXEC GetUserTreeMenu 'pramudyono hadi','1511',@CompanyId=2;
13/08/2021 15:03:26	SQL :EXEC GetUserSubMenu 'pramudyono hadi','16';
13/08/2021 15:03:26	SQL :EXEC GetUserTreeMenu 'pramudyono hadi','1601',@CompanyId=2;
13/08/2021 15:03:26	SQL :EXEC GetUserTreeMenu 'pramudyono hadi','1602',@CompanyId=2;
13/08/2021 15:03:26	SQL :EXEC GetUserTreeMenu 'pramudyono hadi','1603',@CompanyId=2;
13/08/2021 15:03:26	SQL :EXEC GetUserTreeMenu 'pramudyono hadi','1604',@CompanyId=2;
13/08/2021 15:03:26	SQL :EXEC GetUserTreeMenu 'pramudyono hadi','1605',@CompanyId=2;
13/08/2021 15:03:26	SQL :EXEC GetUserTreeMenu 'pramudyono hadi','1606',@CompanyId=2;
13/08/2021 15:03:26	SQL :EXEC GetUserTreeMenu 'pramudyono hadi','1607',@CompanyId=2;
13/08/2021 15:03:26	SQL :EXEC GetUserTreeMenu 'pramudyono hadi','1608',@CompanyId=2;
13/08/2021 15:03:26	SQL :EXEC GetUserTreeMenu 'pramudyono hadi','1609',@CompanyId=2;
13/08/2021 15:03:26	SQL :EXEC GetUserTreeMenu 'pramudyono hadi','1610',@CompanyId=2;
13/08/2021 15:03:26	SQL :EXEC GetUserTreeMenu 'pramudyono hadi','1611',@CompanyId=2;
13/08/2021 15:03:26	SQL :EXEC GetUserTreeMenu 'pramudyono hadi','1612',@CompanyId=2;
13/08/2021 15:03:26	SQL :EXEC GetUserTreeMenu 'pramudyono hadi','1613',@CompanyId=2;
13/08/2021 15:03:26	SQL :EXEC GetUserTreeMenu 'pramudyono hadi','1614',@CompanyId=2;
13/08/2021 15:03:26	SQL :EXEC GetUserTreeMenu 'pramudyono hadi','1615',@CompanyId=2;
13/08/2021 15:03:26	SQL :EXEC GetUserTreeMenu 'pramudyono hadi','1616',@CompanyId=2;
13/08/2021 15:03:26	SQL :EXEC GetUserTreeMenu 'pramudyono hadi','1619',@CompanyId=2;
13/08/2021 15:03:26	SQL :EXEC GetUserTreeMenu 'pramudyono hadi','1620',@CompanyId=2;
13/08/2021 15:03:26	SQL :EXEC GetUserSubMenu 'pramudyono hadi','17';
13/08/2021 15:03:26	SQL :EXEC GetUserTreeMenu 'pramudyono hadi','1701',@CompanyId=2;
13/08/2021 15:03:26	SQL :EXEC GetUserTreeMenu 'pramudyono hadi','1702',@CompanyId=2;
13/08/2021 15:03:26	SQL :EXEC GetUserTreeMenu 'pramudyono hadi','1703',@CompanyId=2;
13/08/2021 15:03:26	SQL :EXEC GetUserTreeMenu 'pramudyono hadi','1704',@CompanyId=2;
13/08/2021 15:03:26	SQL :EXEC GetUserTreeMenu 'pramudyono hadi','1705',@CompanyId=2;
13/08/2021 15:03:26	SQL :EXEC GetUserTreeMenu 'pramudyono hadi','1706',@CompanyId=2;
13/08/2021 15:03:26	SQL :EXEC GetUserTreeMenu 'pramudyono hadi','1707',@CompanyId=2;
13/08/2021 15:03:26	SQL :EXEC GetUserTreeMenu 'pramudyono hadi','1708',@CompanyId=2;
13/08/2021 15:03:26	SQL :EXEC GetUserTreeMenu 'pramudyono hadi','1709',@CompanyId=2;
13/08/2021 15:03:26	SQL :EXEC GetUserTreeMenu 'pramudyono hadi','1710',@CompanyId=2;
13/08/2021 15:03:26	SQL :EXEC GetUserTreeMenu 'pramudyono hadi','1711',@CompanyId=2;
13/08/2021 15:03:26	SQL :EXEC GetUserTreeMenu 'pramudyono hadi','1712',@CompanyId=2;
13/08/2021 15:03:26	SQL :EXEC GetUserTreeMenu 'pramudyono hadi','1713',@CompanyId=2;
13/08/2021 15:03:26	SQL :EXEC GetUserTreeMenu 'pramudyono hadi','1714',@CompanyId=2;
13/08/2021 15:03:26	SQL :EXEC GetUserTreeMenu 'pramudyono hadi','1715',@CompanyId=2;
13/08/2021 15:03:26	SQL :EXEC GetUserTreeMenu 'pramudyono hadi','1716',@CompanyId=2;
13/08/2021 15:03:26	SQL :EXEC GetUserTreeMenu 'pramudyono hadi','1717',@CompanyId=2;
13/08/2021 15:03:26	SQL :EXEC GetUserSubMenu 'pramudyono hadi','18';
13/08/2021 15:03:26	SQL :EXEC GetUserTreeMenu 'pramudyono hadi','1801',@CompanyId=2;
13/08/2021 15:03:26	SQL :EXEC GetUserSubMenu 'pramudyono hadi','19';
13/08/2021 15:03:26	SQL :EXEC GetUserTreeMenu 'pramudyono hadi','1901',@CompanyId=2;
13/08/2021 15:03:26	SQL :EXEC GetUserTreeMenu 'pramudyono hadi','1902',@CompanyId=2;
13/08/2021 15:03:26	SQL :EXEC GetUserTreeMenu 'pramudyono hadi','1903',@CompanyId=2;
13/08/2021 15:03:26	SQL :EXEC GetUserTreeMenu 'pramudyono hadi','1904',@CompanyId=2;
13/08/2021 15:03:26	SQL :EXEC GetUserTreeMenu 'pramudyono hadi','1905',@CompanyId=2;
13/08/2021 15:03:26	SQL :EXEC GetUserTreeMenu 'pramudyono hadi','1906',@CompanyId=2;
13/08/2021 15:03:26	SQL :EXEC GetUserTreeMenu 'pramudyono hadi','1907',@CompanyId=2;
13/08/2021 15:03:26	SQL :EXEC GetUserTreeMenu 'pramudyono hadi','1908',@CompanyId=2;
13/08/2021 15:03:26	SQL :EXEC GetUserTreeMenu 'pramudyono hadi','1909',@CompanyId=2;
13/08/2021 15:03:26	SQL :EXEC GetUserTreeMenu 'pramudyono hadi','1910',@CompanyId=2;
13/08/2021 15:03:27	SQL :EXEC GetUserTreeMenu 'pramudyono hadi','1911',@CompanyId=2;
13/08/2021 15:03:27	SQL :EXEC GetUserTreeMenu 'pramudyono hadi','1912',@CompanyId=2;
13/08/2021 15:03:27	SQL :SELECT CONVERT(VARCHAR(8),GETDATE(),108) AS hour_minute;
13/08/2021 15:03:27	SQL :SELECT CONVERT(VARCHAR(10),GETDATE(),103) AS date_time;
13/08/2021 15:03:27	Loading Setting
13/08/2021 15:03:27	Open DB Connection
13/08/2021 15:03:27	SQL :SELECT * FROM wh_setting WHERE setting_name='Hold_Less_Deposit';
13/08/2021 15:03:27	SQL :SELECT * FROM wh_setting WHERE setting_name='Max_Less_Deposit';
13/08/2021 15:03:27	SQL :SELECT * FROM wh_setting WHERE setting_name='Dashboard_2';
13/08/2021 15:03:27	Finish Logging
13/08/2021 15:03:27	SQL :SELECT value_string FROM wh_setting WHERE (setting_name='Interval_CheckInDate') AND (active=1);
13/08/2021 15:03:27	SQL :SELECT value_string FROM wh_setting WHERE (setting_name='Interval_CheckInTime') AND (active=1);
13/08/2021 15:03:27	SQL :SELECT value_string FROM wh_setting WHERE (setting_name='ChatEnable') and (active=1);
13/08/2021 15:03:28	Message:Port Check
13/08/2021 15:03:28	Message:Open DB Connection
13/08/2021 15:03:28	SQL :EXEC GetMessage '01','pramudyono hadi';
13/08/2021 15:03:28	SQL :SELECT CONVERT(VARCHAR(8),GETDATE(),108) AS hour_minute;
13/08/2021 15:03:28	SQL :SELECT CONVERT(VARCHAR(10),GETDATE(),103) AS date_time;
13/08/2021 15:03:44	Open Menu :110502
13/08/2021 15:03:44	Open DB Connection
13/08/2021 15:03:44	SQL :EXEC AuthMenu 'pramudyono hadi',110502;
13/08/2021 15:03:44	Open DB Connection
13/08/2021 15:03:44	SQL :SELECT * FROM wh_tree_sub_menu a INNER JOIN wh_sub_menu b ON b.sub_menu_id=a.sub_menu_id
13/08/2021 15:32:46	Get Local Settings
13/08/2021 15:32:46	Start Change Local Settings
13/08/2021 15:32:46	Change short date format
13/08/2021 15:32:46	Change Long date format
13/08/2021 15:32:46	Finish Change Local Settings
13/08/2021 15:32:46	Registry Read: Path=SOFTWARE\WEHA\Aplikasi\3
13/08/2021 15:32:46	Registry Read/Write
13/08/2021 15:32:46	Registry Read: Path=SOFTWARE\WEHA\Aplikasi\3
13/08/2021 15:32:46	Create DB Object
13/08/2021 15:32:46	Init DB
13/08/2021 15:32:46	Finish Init DB
13/08/2021 15:32:46	Get File Version
13/08/2021 15:32:46	Change  Caption
13/08/2021 15:32:46	Init Shortkey
13/08/2021 15:32:48	Create DB Object
13/08/2021 15:32:48	Init DB
13/08/2021 15:32:48	Finish Init DB
13/08/2021 15:32:50	Update new version check
13/08/2021 15:32:50	Open DB Connection
13/08/2021 15:32:50	SQL :
13/08/2021 15:32:50	Update check version
13/08/2021 15:32:50	Open DB Connection
13/08/2021 15:32:50	SQL :SELECT version FROM wh_application WHERE application_id=(SELECT MAX(application_id) FROM wh_application);
13/08/2021 15:32:50	Start Login
13/08/2021 15:32:50	Open DB Connection
13/08/2021 15:32:50	SQL :EXEC AuthenticateUser 'pramudyono hadi','6f2b8366efa56f0c06dd6b31fcff8a73';
13/08/2021 15:32:50	SQL :INSERT INTO wh_log (user_id,app_date,app_version,app_version_svr,location_id,company_id,department_id,host_name,ip_address)  VALUES ('pramudyono hadi','13/08/2021','6.1.3.12','6.1.3.11',6,2,13,'DESKTOP-S1PD9OD','192.168.25.214');
13/08/2021 15:32:50	Open DB Connection
13/08/2021 15:32:50	SQL :EXEC GetUserMenu 'pramudyono hadi';
13/08/2021 15:32:50	SQL :EXEC GetUserSubMenu 'pramudyono hadi','11';
13/08/2021 15:32:50	SQL :EXEC GetUserTreeMenu 'pramudyono hadi','1101',@CompanyId=2;
13/08/2021 15:32:50	SQL :EXEC GetUserTreeMenu 'pramudyono hadi','1102',@CompanyId=2;
13/08/2021 15:32:50	SQL :EXEC GetUserTreeMenu 'pramudyono hadi','1103',@CompanyId=2;
13/08/2021 15:32:50	SQL :EXEC GetUserTreeMenu 'pramudyono hadi','1104',@CompanyId=2;
13/08/2021 15:32:50	SQL :EXEC GetUserTreeMenu 'pramudyono hadi','1105',@CompanyId=2;
13/08/2021 15:32:50	SQL :EXEC GetUserTreeMenu 'pramudyono hadi','1106',@CompanyId=2;
13/08/2021 15:32:50	SQL :EXEC GetUserTreeMenu 'pramudyono hadi','1107',@CompanyId=2;
13/08/2021 15:32:50	SQL :EXEC GetUserTreeMenu 'pramudyono hadi','1108',@CompanyId=2;
13/08/2021 15:32:50	SQL :EXEC GetUserTreeMenu 'pramudyono hadi','1109',@CompanyId=2;
13/08/2021 15:32:50	SQL :EXEC GetUserTreeMenu 'pramudyono hadi','1110',@CompanyId=2;
13/08/2021 15:32:50	SQL :EXEC GetUserTreeMenu 'pramudyono hadi','1111',@CompanyId=2;
13/08/2021 15:32:50	SQL :EXEC GetUserTreeMenu 'pramudyono hadi','1112',@CompanyId=2;
13/08/2021 15:32:50	SQL :EXEC GetUserTreeMenu 'pramudyono hadi','1113',@CompanyId=2;
13/08/2021 15:32:50	SQL :EXEC GetUserTreeMenu 'pramudyono hadi','1114',@CompanyId=2;
13/08/2021 15:32:50	SQL :EXEC GetUserTreeMenu 'pramudyono hadi','1115',@CompanyId=2;
13/08/2021 15:32:50	SQL :EXEC GetUserTreeMenu 'pramudyono hadi','1116',@CompanyId=2;
13/08/2021 15:32:50	SQL :EXEC GetUserTreeMenu 'pramudyono hadi','1117',@CompanyId=2;
13/08/2021 15:32:50	SQL :EXEC GetUserTreeMenu 'pramudyono hadi','1198',@CompanyId=2;
13/08/2021 15:32:50	SQL :EXEC GetUserTreeMenu 'pramudyono hadi','1199',@CompanyId=2;
13/08/2021 15:32:50	SQL :EXEC GetUserSubMenu 'pramudyono hadi','12';
13/08/2021 15:32:50	SQL :EXEC GetUserTreeMenu 'pramudyono hadi','1201',@CompanyId=2;
13/08/2021 15:32:50	SQL :EXEC GetUserTreeMenu 'pramudyono hadi','1202',@CompanyId=2;
13/08/2021 15:32:50	SQL :EXEC GetUserTreeMenu 'pramudyono hadi','1203',@CompanyId=2;
13/08/2021 15:32:50	SQL :EXEC GetUserTreeMenu 'pramudyono hadi','1204',@CompanyId=2;
13/08/2021 15:32:50	SQL :EXEC GetUserTreeMenu 'pramudyono hadi','1205',@CompanyId=2;
13/08/2021 15:32:50	SQL :EXEC GetUserTreeMenu 'pramudyono hadi','1206',@CompanyId=2;
13/08/2021 15:32:50	SQL :EXEC GetUserTreeMenu 'pramudyono hadi','1207',@CompanyId=2;
13/08/2021 15:32:50	SQL :EXEC GetUserSubMenu 'pramudyono hadi','13';
13/08/2021 15:32:50	SQL :EXEC GetUserTreeMenu 'pramudyono hadi','1301',@CompanyId=2;
13/08/2021 15:32:50	SQL :EXEC GetUserTreeMenu 'pramudyono hadi','1302',@CompanyId=2;
13/08/2021 15:32:50	SQL :EXEC GetUserTreeMenu 'pramudyono hadi','1303',@CompanyId=2;
13/08/2021 15:32:50	SQL :EXEC GetUserTreeMenu 'pramudyono hadi','1304',@CompanyId=2;
13/08/2021 15:32:50	SQL :EXEC GetUserTreeMenu 'pramudyono hadi','1305',@CompanyId=2;
13/08/2021 15:32:50	SQL :EXEC GetUserTreeMenu 'pramudyono hadi','1306',@CompanyId=2;
13/08/2021 15:32:50	SQL :EXEC GetUserTreeMenu 'pramudyono hadi','1307',@CompanyId=2;
13/08/2021 15:32:50	SQL :EXEC GetUserTreeMenu 'pramudyono hadi','1308',@CompanyId=2;
13/08/2021 15:32:50	SQL :EXEC GetUserTreeMenu 'pramudyono hadi','1309',@CompanyId=2;
13/08/2021 15:32:50	SQL :EXEC GetUserTreeMenu 'pramudyono hadi','1310',@CompanyId=2;
13/08/2021 15:32:50	SQL :EXEC GetUserTreeMenu 'pramudyono hadi','1311',@CompanyId=2;
13/08/2021 15:32:50	SQL :EXEC GetUserTreeMenu 'pramudyono hadi','1312',@CompanyId=2;
13/08/2021 15:32:50	SQL :EXEC GetUserTreeMenu 'pramudyono hadi','1313',@CompanyId=2;
13/08/2021 15:32:50	SQL :EXEC GetUserTreeMenu 'pramudyono hadi','1314',@CompanyId=2;
13/08/2021 15:32:50	SQL :EXEC GetUserTreeMenu 'pramudyono hadi','1315',@CompanyId=2;
13/08/2021 15:32:50	SQL :EXEC GetUserTreeMenu 'pramudyono hadi','1316',@CompanyId=2;
13/08/2021 15:32:50	SQL :EXEC GetUserTreeMenu 'pramudyono hadi','1317',@CompanyId=2;
13/08/2021 15:32:50	SQL :EXEC GetUserTreeMenu 'pramudyono hadi','1318',@CompanyId=2;
13/08/2021 15:32:50	SQL :EXEC GetUserTreeMenu 'pramudyono hadi','1319',@CompanyId=2;
13/08/2021 15:32:50	SQL :EXEC GetUserTreeMenu 'pramudyono hadi','1320',@CompanyId=2;
13/08/2021 15:32:50	SQL :EXEC GetUserTreeMenu 'pramudyono hadi','1321',@CompanyId=2;
13/08/2021 15:32:50	SQL :EXEC GetUserSubMenu 'pramudyono hadi','14';
13/08/2021 15:32:50	SQL :EXEC GetUserTreeMenu 'pramudyono hadi','1401',@CompanyId=2;
13/08/2021 15:32:50	SQL :EXEC GetUserTreeMenu 'pramudyono hadi','1402',@CompanyId=2;
13/08/2021 15:32:50	SQL :EXEC GetUserTreeMenu 'pramudyono hadi','1403',@CompanyId=2;
13/08/2021 15:32:50	SQL :EXEC GetUserTreeMenu 'pramudyono hadi','1404',@CompanyId=2;
13/08/2021 15:32:50	SQL :EXEC GetUserTreeMenu 'pramudyono hadi','1406',@CompanyId=2;
13/08/2021 15:32:50	SQL :EXEC GetUserTreeMenu 'pramudyono hadi','1408',@CompanyId=2;
13/08/2021 15:32:50	SQL :EXEC GetUserTreeMenu 'pramudyono hadi','1410',@CompanyId=2;
13/08/2021 15:32:50	SQL :EXEC GetUserTreeMenu 'pramudyono hadi','1411',@CompanyId=2;
13/08/2021 15:32:50	SQL :EXEC GetUserTreeMenu 'pramudyono hadi','1412',@CompanyId=2;
13/08/2021 15:32:51	SQL :EXEC GetUserTreeMenu 'pramudyono hadi','1413',@CompanyId=2;
13/08/2021 15:32:51	SQL :EXEC GetUserTreeMenu 'pramudyono hadi','1414',@CompanyId=2;
13/08/2021 15:32:51	SQL :EXEC GetUserSubMenu 'pramudyono hadi','15';
13/08/2021 15:32:51	SQL :EXEC GetUserTreeMenu 'pramudyono hadi','1501',@CompanyId=2;
13/08/2021 15:32:51	SQL :EXEC GetUserTreeMenu 'pramudyono hadi','1502',@CompanyId=2;
13/08/2021 15:32:51	SQL :EXEC GetUserTreeMenu 'pramudyono hadi','1503',@CompanyId=2;
13/08/2021 15:32:51	SQL :EXEC GetUserTreeMenu 'pramudyono hadi','1504',@CompanyId=2;
13/08/2021 15:32:51	SQL :EXEC GetUserTreeMenu 'pramudyono hadi','1505',@CompanyId=2;
13/08/2021 15:32:51	SQL :EXEC GetUserTreeMenu 'pramudyono hadi','1506',@CompanyId=2;
13/08/2021 15:32:51	SQL :EXEC GetUserTreeMenu 'pramudyono hadi','1507',@CompanyId=2;
13/08/2021 15:32:51	SQL :EXEC GetUserTreeMenu 'pramudyono hadi','1508',@CompanyId=2;
13/08/2021 15:32:51	SQL :EXEC GetUserTreeMenu 'pramudyono hadi','1509',@CompanyId=2;
13/08/2021 15:32:51	SQL :EXEC GetUserTreeMenu 'pramudyono hadi','1510',@CompanyId=2;
13/08/2021 15:32:51	SQL :EXEC GetUserTreeMenu 'pramudyono hadi','1511',@CompanyId=2;
13/08/2021 15:32:51	SQL :EXEC GetUserSubMenu 'pramudyono hadi','16';
13/08/2021 15:32:51	SQL :EXEC GetUserTreeMenu 'pramudyono hadi','1601',@CompanyId=2;
13/08/2021 15:32:51	SQL :EXEC GetUserTreeMenu 'pramudyono hadi','1602',@CompanyId=2;
13/08/2021 15:32:51	SQL :EXEC GetUserTreeMenu 'pramudyono hadi','1603',@CompanyId=2;
13/08/2021 15:32:51	SQL :EXEC GetUserTreeMenu 'pramudyono hadi','1604',@CompanyId=2;
13/08/2021 15:32:51	SQL :EXEC GetUserTreeMenu 'pramudyono hadi','1605',@CompanyId=2;
13/08/2021 15:32:51	SQL :EXEC GetUserTreeMenu 'pramudyono hadi','1606',@CompanyId=2;
13/08/2021 15:32:51	SQL :EXEC GetUserTreeMenu 'pramudyono hadi','1607',@CompanyId=2;
13/08/2021 15:32:51	SQL :EXEC GetUserTreeMenu 'pramudyono hadi','1608',@CompanyId=2;
13/08/2021 15:32:51	SQL :EXEC GetUserTreeMenu 'pramudyono hadi','1609',@CompanyId=2;
13/08/2021 15:32:51	SQL :EXEC GetUserTreeMenu 'pramudyono hadi','1610',@CompanyId=2;
13/08/2021 15:32:51	SQL :EXEC GetUserTreeMenu 'pramudyono hadi','1611',@CompanyId=2;
13/08/2021 15:32:51	SQL :EXEC GetUserTreeMenu 'pramudyono hadi','1612',@CompanyId=2;
13/08/2021 15:32:51	SQL :EXEC GetUserTreeMenu 'pramudyono hadi','1613',@CompanyId=2;
13/08/2021 15:32:51	SQL :EXEC GetUserTreeMenu 'pramudyono hadi','1614',@CompanyId=2;
13/08/2021 15:32:51	SQL :EXEC GetUserTreeMenu 'pramudyono hadi','1615',@CompanyId=2;
13/08/2021 15:32:51	SQL :EXEC GetUserTreeMenu 'pramudyono hadi','1616',@CompanyId=2;
13/08/2021 15:32:51	SQL :EXEC GetUserTreeMenu 'pramudyono hadi','1619',@CompanyId=2;
13/08/2021 15:32:51	SQL :EXEC GetUserTreeMenu 'pramudyono hadi','1620',@CompanyId=2;
13/08/2021 15:32:51	SQL :EXEC GetUserSubMenu 'pramudyono hadi','17';
13/08/2021 15:32:51	SQL :EXEC GetUserTreeMenu 'pramudyono hadi','1701',@CompanyId=2;
13/08/2021 15:32:51	SQL :EXEC GetUserTreeMenu 'pramudyono hadi','1702',@CompanyId=2;
13/08/2021 15:32:51	SQL :EXEC GetUserTreeMenu 'pramudyono hadi','1703',@CompanyId=2;
13/08/2021 15:32:51	SQL :EXEC GetUserTreeMenu 'pramudyono hadi','1704',@CompanyId=2;
13/08/2021 15:32:51	SQL :EXEC GetUserTreeMenu 'pramudyono hadi','1705',@CompanyId=2;
13/08/2021 15:32:51	SQL :EXEC GetUserTreeMenu 'pramudyono hadi','1706',@CompanyId=2;
13/08/2021 15:32:51	SQL :EXEC GetUserTreeMenu 'pramudyono hadi','1707',@CompanyId=2;
13/08/2021 15:32:51	SQL :EXEC GetUserTreeMenu 'pramudyono hadi','1708',@CompanyId=2;
13/08/2021 15:32:51	SQL :EXEC GetUserTreeMenu 'pramudyono hadi','1709',@CompanyId=2;
13/08/2021 15:32:51	SQL :EXEC GetUserTreeMenu 'pramudyono hadi','1710',@CompanyId=2;
13/08/2021 15:32:51	SQL :EXEC GetUserTreeMenu 'pramudyono hadi','1711',@CompanyId=2;
13/08/2021 15:32:51	SQL :EXEC GetUserTreeMenu 'pramudyono hadi','1712',@CompanyId=2;
13/08/2021 15:32:51	SQL :EXEC GetUserTreeMenu 'pramudyono hadi','1713',@CompanyId=2;
13/08/2021 15:32:51	SQL :EXEC GetUserTreeMenu 'pramudyono hadi','1714',@CompanyId=2;
13/08/2021 15:32:51	SQL :EXEC GetUserTreeMenu 'pramudyono hadi','1715',@CompanyId=2;
13/08/2021 15:32:51	SQL :EXEC GetUserTreeMenu 'pramudyono hadi','1716',@CompanyId=2;
13/08/2021 15:32:51	SQL :EXEC GetUserTreeMenu 'pramudyono hadi','1717',@CompanyId=2;
13/08/2021 15:32:51	SQL :EXEC GetUserSubMenu 'pramudyono hadi','18';
13/08/2021 15:32:51	SQL :EXEC GetUserTreeMenu 'pramudyono hadi','1801',@CompanyId=2;
13/08/2021 15:32:51	SQL :EXEC GetUserSubMenu 'pramudyono hadi','19';
13/08/2021 15:32:52	SQL :EXEC GetUserTreeMenu 'pramudyono hadi','1901',@CompanyId=2;
13/08/2021 15:32:52	SQL :EXEC GetUserTreeMenu 'pramudyono hadi','1902',@CompanyId=2;
13/08/2021 15:32:52	SQL :EXEC GetUserTreeMenu 'pramudyono hadi','1903',@CompanyId=2;
13/08/2021 15:32:52	SQL :EXEC GetUserTreeMenu 'pramudyono hadi','1904',@CompanyId=2;
13/08/2021 15:32:52	SQL :EXEC GetUserTreeMenu 'pramudyono hadi','1905',@CompanyId=2;
13/08/2021 15:32:52	SQL :EXEC GetUserTreeMenu 'pramudyono hadi','1906',@CompanyId=2;
13/08/2021 15:32:52	SQL :EXEC GetUserTreeMenu 'pramudyono hadi','1907',@CompanyId=2;
13/08/2021 15:32:52	SQL :EXEC GetUserTreeMenu 'pramudyono hadi','1908',@CompanyId=2;
13/08/2021 15:32:52	SQL :EXEC GetUserTreeMenu 'pramudyono hadi','1909',@CompanyId=2;
13/08/2021 15:32:52	SQL :EXEC GetUserTreeMenu 'pramudyono hadi','1910',@CompanyId=2;
13/08/2021 15:32:52	SQL :EXEC GetUserTreeMenu 'pramudyono hadi','1911',@CompanyId=2;
13/08/2021 15:32:52	SQL :EXEC GetUserTreeMenu 'pramudyono hadi','1912',@CompanyId=2;
13/08/2021 15:32:52	SQL :SELECT CONVERT(VARCHAR(8),GETDATE(),108) AS hour_minute;
13/08/2021 15:32:52	SQL :SELECT CONVERT(VARCHAR(10),GETDATE(),103) AS date_time;
13/08/2021 15:32:52	Loading Setting
13/08/2021 15:32:52	Open DB Connection
13/08/2021 15:32:52	SQL :SELECT * FROM wh_setting WHERE setting_name='Hold_Less_Deposit';
13/08/2021 15:32:52	SQL :SELECT * FROM wh_setting WHERE setting_name='Max_Less_Deposit';
13/08/2021 15:32:52	SQL :SELECT * FROM wh_setting WHERE setting_name='Dashboard_2';
13/08/2021 15:32:52	Finish Logging
13/08/2021 15:32:52	SQL :SELECT value_string FROM wh_setting WHERE (setting_name='Interval_CheckInDate') AND (active=1);
13/08/2021 15:32:52	SQL :SELECT value_string FROM wh_setting WHERE (setting_name='Interval_CheckInTime') AND (active=1);
13/08/2021 15:32:52	SQL :SELECT value_string FROM wh_setting WHERE (setting_name='ChatEnable') and (active=1);
13/08/2021 15:32:53	Message:Port Check
13/08/2021 15:32:53	Message:Open DB Connection
13/08/2021 15:32:53	SQL :EXEC GetMessage '01','pramudyono hadi';
13/08/2021 15:32:53	SQL :SELECT CONVERT(VARCHAR(8),GETDATE(),108) AS hour_minute;
13/08/2021 15:32:53	SQL :SELECT CONVERT(VARCHAR(10),GETDATE(),103) AS date_time;
13/08/2021 15:32:54	Open Menu :130130
13/08/2021 15:32:54	Open DB Connection
13/08/2021 15:32:54	SQL :EXEC AuthMenu 'pramudyono hadi',130130;
13/08/2021 15:32:54	Form Check :VehicleInsurance
13/08/2021 15:32:54	Form Open: VehicleList=Bus,FormRequest=
13/08/2021 15:33:15	Open Menu :130130
13/08/2021 15:33:15	Open DB Connection
13/08/2021 15:33:15	SQL :EXEC AuthMenu 'pramudyono hadi',130130;
13/08/2021 15:33:27	Form Check :VehicleInsurance
13/08/2021 15:33:41	Open Menu :130130
13/08/2021 15:33:41	Open DB Connection
13/08/2021 15:33:41	SQL :EXEC AuthMenu 'pramudyono had13/08/2021 15:33:49	Get Local Settings
13/08/2021 15:33:49	Start Change Local Settings
13/08/2021 15:33:49	Change short date format
13/08/2021 15:33:49	Change Long date format
13/08/2021 15:33:49	Finish Change Local Settings
13/08/2021 15:33:49	Registry Read: Path=SOFTWARE\WEHA\Aplikasi\3
13/08/2021 15:33:49	Registry Read/Write
13/08/2021 15:33:49	Registry Read: Path=SOFTWARE\WEHA\Aplikasi\3
13/08/2021 15:33:49	Create DB Object
13/08/2021 15:33:49	Init DB
13/08/2021 15:33:49	Finish Init DB
13/08/2021 15:33:49	Get File Version
13/08/2021 15:33:49	Change  Caption
13/08/2021 15:33:49	Init Shortkey
13/08/2021 15:37:51	Create DB Object
13/08/2021 15:37:51	Init DB
13/08/2021 15:37:51	Finish Init DB
13/08/2021 15:37:52	Update new version check
13/08/2021 15:37:52	Open DB Connection
13/08/2021 15:37:52	SQL :
13/08/2021 15:37:53	Update check version
13/08/2021 15:37:53	Open DB Connection
13/08/2021 15:37:53	SQL :SELECT version FROM wh_application WHERE application_id=(SELECT MAX(application_id) FROM wh_application);
13/08/2021 15:37:53	Start Login
13/08/2021 15:37:53	Open DB Connection
13/08/2021 15:37:53	SQL :EXEC AuthenticateUser 'pramudyono hadi','6f2b8366efa56f0c06dd6b31fcff8a73';
13/08/2021 15:37:53	SQL :INSERT INTO wh_log (user_id,app_date,app_version,app_version_svr,location_id,company_id,department_id,host_name,ip_address)  VALUES ('pramudyono hadi','13/08/2021','6.1.3.12','6.1.3.11',6,2,13,'DESKTOP-S1PD9OD','192.168.25.214');
13/08/2021 15:37:53	Open DB Connection
13/08/2021 15:37:53	SQL :EXEC GetUserMenu 'pramudyono hadi';
13/08/2021 15:37:53	SQL :EXEC GetUserSubMenu 'pramudyono hadi','11';
13/08/2021 15:37:53	SQL :EXEC GetUserTreeMenu 'pramudyono hadi','1101',@CompanyId=2;
13/08/2021 15:37:53	SQL :EXEC GetUserTreeMenu 'pramudyono hadi','1102',@CompanyId=2;
13/08/2021 15:37:53	SQL :EXEC GetUserTreeMenu 'pramudyono hadi','1103',@CompanyId=2;
13/08/2021 15:37:53	SQL :EXEC GetUserTreeMenu 'pramudyono hadi','1104',@CompanyId=2;
13/08/2021 15:37:53	SQL :EXEC GetUserTreeMenu 'pramudyono hadi','1105',@CompanyId=2;
13/08/2021 15:37:53	SQL :EXEC GetUserTreeMenu 'pramudyono hadi','1106',@CompanyId=2;
13/08/2021 15:37:53	SQL :EXEC GetUserTreeMenu 'pramudyono hadi','1107',@CompanyId=2;
13/08/2021 15:37:53	SQL :EXEC GetUserTreeMenu 'pramudyono hadi','1108',@CompanyId=2;
13/08/2021 15:37:53	SQL :EXEC GetUserTreeMenu 'pramudyono hadi','1109',@CompanyId=2;
13/08/2021 15:37:53	SQL :EXEC GetUserTreeMenu 'pramudyono hadi','1110',@CompanyId=2;
13/08/2021 15:37:53	SQL :EXEC GetUserTreeMenu 'pramudyono hadi','1111',@CompanyId=2;
13/08/2021 15:37:53	SQL :EXEC GetUserTreeMenu 'pramudyono hadi','1112',@CompanyId=2;
13/08/2021 15:37:53	SQL :EXEC GetUserTreeMenu 'pramudyono hadi','1113',@CompanyId=2;
13/08/2021 15:37:53	SQL :EXEC GetUserTreeMenu 'pramudyono hadi','1114',@CompanyId=2;
13/08/2021 15:37:53	SQL :EXEC GetUserTreeMenu 'pramudyono hadi','1115',@CompanyId=2;
13/08/2021 15:37:53	SQL :EXEC GetUserTreeMenu 'pramudyono hadi','1116',@CompanyId=2;
13/08/2021 15:37:53	SQL :EXEC GetUserTreeMenu 'pramudyono hadi','1117',@CompanyId=2;
13/08/2021 15:37:53	SQL :EXEC GetUserTreeMenu 'pramudyono hadi','1198',@CompanyId=2;
13/08/2021 15:37:53	SQL :EXEC GetUserTreeMenu 'pramudyono hadi','1199',@CompanyId=2;
13/08/2021 15:37:53	SQL :EXEC GetUserSubMenu 'pramudyono hadi','12';
13/08/2021 15:37:53	SQL :EXEC GetUserTreeMenu 'pramudyono hadi','1201',@CompanyId=2;
13/08/2021 15:37:53	SQL :EXEC GetUserTreeMenu 'pramudyono hadi','1202',@CompanyId=2;
13/08/2021 15:37:53	SQL :EXEC GetUserTreeMenu 'pramudyono hadi','1203',@CompanyId=2;
13/08/2021 15:37:53	SQL :EXEC GetUserTreeMenu 'pramudyono hadi','1204',@CompanyId=2;
13/08/2021 15:37:53	SQL :EXEC GetUserTreeMenu 'pramudyono hadi','1205',@CompanyId=2;
13/08/2021 15:37:53	SQL :EXEC GetUserTreeMenu 'pramudyono hadi','1206',@CompanyId=2;
13/08/2021 15:37:53	SQL :EXEC GetUserTreeMenu 'pramudyono hadi','1207',@CompanyId=2;
13/08/2021 15:37:53	SQL :EXEC GetUserSubMenu 'pramudyono hadi','13';
13/08/2021 15:37:53	SQL :EXEC GetUserTreeMenu 'pramudyono hadi','1301',@CompanyId=2;
13/08/2021 15:37:53	SQL :EXEC GetUserTreeMenu 'pramudyono hadi','1302',@CompanyId=2;
13/08/2021 15:37:53	SQL :EXEC GetUserTreeMenu 'pramudyono hadi','1303',@CompanyId=2;
13/08/2021 15:37:53	SQL :EXEC GetUserTreeMenu 'pramudyono hadi','1304',@CompanyId=2;
13/08/2021 15:37:53	SQL :EXEC GetUserTreeMenu 'pramudyono hadi','1305',@CompanyId=2;
13/08/2021 15:37:53	SQL :EXEC GetUserTreeMenu 'pramudyono hadi','1306',@CompanyId=2;
13/08/2021 15:37:53	SQL :EXEC GetUserTreeMenu 'pramudyono hadi','1307',@CompanyId=2;
13/08/2021 15:37:53	SQL :EXEC GetUserTreeMenu 'pramudyono hadi','1308',@CompanyId=2;
13/08/2021 15:37:53	SQL :EXEC GetUserTreeMenu 'pramudyono hadi','1309',@CompanyId=2;
13/08/2021 15:37:53	SQL :EXEC GetUserTreeMenu 'pramudyono hadi','1310',@CompanyId=2;
13/08/2021 15:37:53	SQL :EXEC GetUserTreeMenu 'pramudyono hadi','1311',@CompanyId=2;
13/08/2021 15:37:53	SQL :EXEC GetUserTreeMenu 'pramudyono hadi','1312',@CompanyId=2;
13/08/2021 15:37:53	SQL :EXEC GetUserTreeMenu 'pramudyono hadi','1313',@CompanyId=2;
13/08/2021 15:37:53	SQL :EXEC GetUserTreeMenu 'pramudyono hadi','1314',@CompanyId=2;
13/08/2021 15:37:53	SQL :EXEC GetUserTreeMenu 'pramudyono hadi','1315',@CompanyId=2;
13/08/2021 15:37:53	SQL :EXEC GetUserTreeMenu 'pramudyono hadi','1316',@CompanyId=2;
13/08/2021 15:37:53	SQL :EXEC GetUserTreeMenu 'pramudyono hadi','1317',@CompanyId=2;
13/08/2021 15:37:53	SQL :EXEC GetUserTreeMenu 'pramudyono hadi','1318',@CompanyId=2;
13/08/2021 15:37:53	SQL :EXEC GetUserTreeMenu 'pramudyono hadi','1319',@CompanyId=2;
13/08/2021 15:37:53	SQL :EXEC GetUserTreeMenu 'pramudyono hadi','1320',@CompanyId=2;
13/08/2021 15:37:53	SQL :EXEC GetUserTreeMenu 'pramudyono hadi','1321',@CompanyId=2;
13/08/2021 15:37:53	SQL :EXEC GetUserSubMenu 'pramudyono hadi','14';
13/08/2021 15:37:53	SQL :EXEC GetUserTreeMenu 'pramudyono hadi','1401',@CompanyId=2;
13/08/2021 15:37:53	SQL :EXEC GetUserTreeMenu 'pramudyono hadi','1402',@CompanyId=2;
13/08/2021 15:37:53	SQL :EXEC GetUserTreeMenu 'pramudyono hadi','1403',@CompanyId=2;
13/08/2021 15:37:53	SQL :EXEC GetUserTreeMenu 'pramudyono hadi','1404',@CompanyId=2;
13/08/2021 15:37:53	SQL :EXEC GetUserTreeMenu 'pramudyono hadi','1406',@CompanyId=2;
13/08/2021 15:37:53	SQL :EXEC GetUserTreeMenu 'pramudyono hadi','1408',@CompanyId=2;
13/08/2021 15:37:53	SQL :EXEC GetUserTreeMenu 'pramudyono hadi','1410',@CompanyId=2;
13/08/2021 15:37:53	SQL :EXEC GetUserTreeMenu 'pramudyono hadi','1411',@CompanyId=2;
13/08/2021 15:37:53	SQL :EXEC GetUserTreeMenu 'pramudyono hadi','1412',@CompanyId=2;
13/08/2021 15:37:53	SQL :EXEC GetUserTreeMenu 'pramudyono hadi','1413',@CompanyId=2;
13/08/2021 15:37:53	SQL :EXEC GetUserTreeMenu 'pramudyono hadi','1414',@CompanyId=2;
13/08/2021 15:37:53	SQL :EXEC GetUserSubMenu 'pramudyono hadi','15';
13/08/2021 15:37:53	SQL :EXEC GetUserTreeMenu 'pramudyono hadi','1501',@CompanyId=2;
13/08/2021 15:37:53	SQL :EXEC GetUserTreeMenu 'pramudyono hadi','1502',@CompanyId=2;
13/08/2021 15:37:53	SQL :EXEC GetUserTreeMenu 'pramudyono hadi','1503',@CompanyId=2;
13/08/2021 15:37:53	SQL :EXEC GetUserTreeMenu 'pramudyono hadi','1504',@CompanyId=2;
13/08/2021 15:37:53	SQL :EXEC GetUserTreeMenu 'pramudyono hadi','1505',@CompanyId=2;
13/08/2021 15:37:53	SQL :EXEC GetUserTreeMenu 'pramudyono hadi','1506',@CompanyId=2;
13/08/2021 15:37:53	SQL :EXEC GetUserTreeMenu 'pramudyono hadi','1507',@CompanyId=2;
13/08/2021 15:37:53	SQL :EXEC GetUserTreeMenu 'pramudyono hadi','1508',@CompanyId=2;
13/08/2021 15:37:53	SQL :EXEC GetUserTreeMenu 'pramudyono hadi','1509',@CompanyId=2;
13/08/2021 15:37:53	SQL :EXEC GetUserTreeMenu 'pramudyono hadi','1510',@CompanyId=2;
13/08/2021 15:37:53	SQL :EXEC GetUserTreeMenu 'pramudyono hadi','1511',@CompanyId=2;
13/08/2021 15:37:53	SQL :EXEC GetUserSubMenu 'pramudyono hadi','16';
13/08/2021 15:37:53	SQL :EXEC GetUserTreeMenu 'pramudyono hadi','1601',@CompanyId=2;
13/08/2021 15:37:53	SQL :EXEC GetUserTreeMenu 'pramudyono hadi','1602',@CompanyId=2;
13/08/2021 15:37:53	SQL :EXEC GetUserTreeMenu 'pramudyono hadi','1603',@CompanyId=2;
13/08/2021 15:37:53	SQL :EXEC GetUserTreeMenu 'pramudyono hadi','1604',@CompanyId=2;
13/08/2021 15:37:53	SQL :EXEC GetUserTreeMenu 'pramudyono hadi','1605',@CompanyId=2;
13/08/2021 15:37:54	SQL :EXEC GetUserTreeMenu 'pramudyono hadi','1606',@CompanyId=2;
13/08/2021 15:37:54	SQL :EXEC GetUserTreeMenu 'pramudyono hadi','1607',@CompanyId=2;
13/08/2021 15:37:54	SQL :EXEC GetUserTreeMenu 'pramudyono hadi','1608',@CompanyId=2;
13/08/2021 15:37:54	SQL :EXEC GetUserTreeMenu 'pramudyono hadi','1609',@CompanyId=2;
13/08/2021 15:37:54	SQL :EXEC GetUserTreeMenu 'pramudyono hadi','1610',@CompanyId=2;
13/08/2021 15:37:54	SQL :EXEC GetUserTreeMenu 'pramudyono hadi','1611',@CompanyId=2;
13/08/2021 15:37:54	SQL :EXEC GetUserTreeMenu 'pramudyono hadi','1612',@CompanyId=2;
13/08/2021 15:37:54	SQL :EXEC GetUserTreeMenu 'pramudyono hadi','1613',@CompanyId=2;
13/08/2021 15:37:54	SQL :EXEC GetUserTreeMenu 'pramudyono hadi','1614',@CompanyId=2;
13/08/2021 15:37:54	SQL :EXEC GetUserTreeMenu 'pramudyono hadi','1615',@CompanyId=2;
13/08/2021 15:37:54	SQL :EXEC GetUserTreeMenu 'pramudyono hadi','1616',@CompanyId=2;
13/08/2021 15:37:54	SQL :EXEC GetUserTreeMenu 'pramudyono hadi','1619',@CompanyId=2;
13/08/2021 15:37:54	SQL :EXEC GetUserTreeMenu 'pramudyono hadi','1620',@CompanyId=2;
13/08/2021 15:37:54	SQL :EXEC GetUserSubMenu 'pramudyono hadi','17';
13/08/2021 15:37:54	SQL :EXEC GetUserTreeMenu 'pramudyono hadi','1701',@CompanyId=2;
13/08/2021 15:37:54	SQL :EXEC GetUserTreeMenu 'pramudyono hadi','1702',@CompanyId=2;
13/08/2021 15:37:54	SQL :EXEC GetUserTreeMenu 'pramudyono hadi','1703',@CompanyId=2;
13/08/2021 15:37:54	SQL :EXEC GetUserTreeMenu 'pramudyono hadi','1704',@CompanyId=2;
13/08/2021 15:37:54	SQL :EXEC GetUserTreeMenu 'pramudyono hadi','1705',@CompanyId=2;
13/08/2021 15:37:54	SQL :EXEC GetUserTreeMenu 'pramudyono hadi','1706',@CompanyId=2;
13/08/2021 15:37:54	SQL :EXEC GetUserTreeMenu 'pramudyono hadi','1707',@CompanyId=2;
13/08/2021 15:37:54	SQL :EXEC GetUserTreeMenu 'pramudyono hadi','1708',@CompanyId=2;
13/08/2021 15:37:54	SQL :EXEC GetUserTreeMenu 'pramudyono hadi','1709',@CompanyId=2;
13/08/2021 15:37:54	SQL :EXEC GetUserTreeMenu 'pramudyono hadi','1710',@CompanyId=2;
13/08/2021 15:37:54	SQL :EXEC GetUserTreeMenu 'pramudyono hadi','1711',@CompanyId=2;
13/08/2021 15:37:54	SQL :EXEC GetUserTreeMenu 'pramudyono hadi','1712',@CompanyId=2;
13/08/2021 15:37:54	SQL :EXEC GetUserTreeMenu 'pramudyono hadi','1713',@CompanyId=2;
13/08/2021 15:37:54	SQL :EXEC GetUserTreeMenu 'pramudyono hadi','1714',@CompanyId=2;
13/08/2021 15:37:54	SQL :EXEC GetUserTreeMenu 'pramudyono hadi','1715',@CompanyId=2;
13/08/2021 15:37:54	SQL :EXEC GetUserTreeMenu 'pramudyono hadi','1716',@CompanyId=2;
13/08/2021 15:37:54	SQL :EXEC GetUserTreeMenu 'pramudyono hadi','1717',@CompanyId=2;
13/08/2021 15:37:54	SQL :EXEC GetUserSubMenu 'pramudyono hadi','18';
13/08/2021 15:37:54	SQL :EXEC GetUserTreeMenu 'pramudyono hadi','1801',@CompanyId=2;
13/08/2021 15:37:54	SQL :EXEC GetUserSubMenu 'pramudyono hadi','19';
13/08/2021 15:37:54	SQL :EXEC GetUserTreeMenu 'pramudyono hadi','1901',@CompanyId=2;
13/08/2021 15:37:54	SQL :EXEC GetUserTreeMenu 'pramudyono hadi','1902',@CompanyId=2;
13/08/2021 15:37:54	SQL :EXEC GetUserTreeMenu 'pramudyono hadi','1903',@CompanyId=2;
13/08/2021 15:37:54	SQL :EXEC GetUserTreeMenu 'pramudyono hadi','1904',@CompanyId=2;
13/08/2021 15:37:54	SQL :EXEC GetUserTreeMenu 'pramudyono hadi','1905',@CompanyId=2;
13/08/2021 15:37:54	SQL :EXEC GetUserTreeMenu 'pramudyono hadi','1906',@CompanyId=2;
13/08/2021 15:37:54	SQL :EXEC GetUserTreeMenu 'pramudyono hadi','1907',@CompanyId=2;
13/08/2021 15:37:54	SQL :EXEC GetUserTreeMenu 'pramudyono hadi','1908',@CompanyId=2;
13/08/2021 15:37:54	SQL :EXEC GetUserTreeMenu 'pramudyono hadi','1909',@CompanyId=2;
13/08/2021 15:37:54	SQL :EXEC GetUserTreeMenu 'pramudyono hadi','1910',@CompanyId=2;
13/08/2021 15:37:54	SQL :EXEC GetUserTreeMenu 'pramudyono hadi','1911',@CompanyId=2;
13/08/2021 15:37:54	SQL :EXEC GetUserTreeMenu 'pramudyono hadi','1912',@CompanyId=2;
13/08/2021 15:37:54	SQL :SELECT CONVERT(VARCHAR(8),GETDATE(),108) AS hour_minute;
13/08/2021 15:37:54	SQL :SELECT CONVERT(VARCHAR(10),GETDATE(),103) AS date_time;
13/08/2021 15:37:54	Loading Setting
13/08/2021 15:37:54	Open DB Connection
13/08/2021 15:37:54	SQL :SELECT * FROM wh_setting WHERE setting_name='Hold_Less_Deposit';
13/08/2021 15:37:54	SQL :SELECT * FROM wh_setting WHERE setting_name='Max_Less_Deposit';
13/08/2021 15:37:54	SQL :SELECT * FROM wh_setting WHERE setting_name='Dashboard_2';
13/08/2021 15:37:54	Finish Logging
13/08/2021 15:37:54	SQL :SELECT value_string FROM wh_setting WHERE (setting_name='Interval_CheckInDate') AND (active=1);
13/08/2021 15:37:54	SQL :SELECT value_string FROM wh_setting WHERE (setting_name='Interval_CheckInTime') AND (active=1);
13/08/2021 15:37:54	SQL :SELECT value_string FROM wh_setting WHERE (setting_name='ChatEnable') and (active=1);
13/08/2021 15:37:55	Message:Port Check
13/08/2021 15:37:55	Message:Open DB Connection
13/08/2021 15:37:55	SQL :EXEC GetMessage '01','pramudyono hadi';
13/08/2021 15:37:55	SQL :SELECT CONVERT(VARCHAR(8),GETDATE(),108) AS hour_minute;
13/08/2021 15:37:55	SQL :SELECT CONVERT(VARCHAR(10),GETDATE(),103) AS date_time;
13/08/2021 15:37:57	Open Menu :130130
13/08/2021 15:37:57	Open DB Connection
13/08/2021 15:37:57	SQL :EXEC AuthMenu 'pramudyono hadi',130130;
13/08/2021 15:38:02	Form Check :VehicleInsurance
13/0813/08/2021 15:39:01	Get Local Settings
13/08/2021 15:39:01	Start Change Local Settings
13/08/2021 15:39:01	Change short date format
13/08/2021 15:39:01	Change Long date format
13/08/2021 15:39:01	Finish Change Local Settings
13/08/2021 15:39:01	Registry Read: Path=SOFTWARE\WEHA\Aplikasi\3
13/08/2021 15:39:01	Registry Read/Write
13/08/2021 15:39:01	Registry Read: Path=SOFTWARE\WEHA\Aplikasi\3
13/08/2021 15:39:01	Create DB Object
13/08/2021 15:39:01	Init DB
13/08/2021 15:39:01	Finish Init DB
13/08/2021 15:39:01	Get File Version
13/08/2021 15:39:01	Change  Caption
13/08/2021 15:39:01	Init Shortkey
13/08/2021 15:39:04	Create DB Object
13/08/2021 15:39:04	Init DB
13/08/2021 15:39:04	Finish Init DB
13/08/2021 15:39:05	Update new version check
13/08/2021 15:39:05	Open DB Connection
13/08/2021 15:39:05	SQL :
13/08/2021 15:39:05	Update check version
13/08/2021 15:39:05	Open DB Connection
13/08/2021 15:39:05	SQL :SELECT version FROM wh_application WHERE application_id=(SELECT MAX(application_id) FROM wh_application);
13/08/2021 15:39:05	Start Login
13/08/2021 15:39:05	Open DB Connection
13/08/2021 15:39:05	SQL :EXEC AuthenticateUser 'pramudyono hadi','6f2b8366efa56f0c06dd6b31fcff8a73';
13/08/2021 15:39:05	SQL :INSERT INTO wh_log (user_id,app_date,app_version,app_version_svr,location_id,company_id,department_id,host_name,ip_address)  VALUES ('pramudyono hadi','13/08/2021','6.1.3.12','6.1.3.11',6,2,13,'DESKTOP-S1PD9OD','192.168.25.214');
13/08/2021 15:39:05	Open DB Connection
13/08/2021 15:39:05	SQL :EXEC GetUserMenu 'pramudyono hadi';
13/08/2021 15:39:05	SQL :EXEC GetUserSubMenu 'pramudyono hadi','11';
13/08/2021 15:39:05	SQL :EXEC GetUserTreeMenu 'pramudyono hadi','1101',@CompanyId=2;
13/08/2021 15:39:05	SQL :EXEC GetUserTreeMenu 'pramudyono hadi','1102',@CompanyId=2;
13/08/2021 15:39:05	SQL :EXEC GetUserTreeMenu 'pramudyono hadi','1103',@CompanyId=2;
13/08/2021 15:39:05	SQL :EXEC GetUserTreeMenu 'pramudyono hadi','1104',@CompanyId=2;
13/08/2021 15:39:05	SQL :EXEC GetUserTreeMenu 'pramudyono hadi','1105',@CompanyId=2;
13/08/2021 15:39:05	SQL :EXEC GetUserTreeMenu 'pramudyono hadi','1106',@CompanyId=2;
13/08/2021 15:39:05	SQL :EXEC GetUserTreeMenu 'pramudyono hadi','1107',@CompanyId=2;
13/08/2021 15:39:05	SQL :EXEC GetUserTreeMenu 'pramudyono hadi','1108',@CompanyId=2;
13/08/2021 15:39:05	SQL :EXEC GetUserTreeMenu 'pramudyono hadi','1109',@CompanyId=2;
13/08/2021 15:39:05	SQL :EXEC GetUserTreeMenu 'pramudyono hadi','1110',@CompanyId=2;
13/08/2021 15:39:05	SQL :EXEC GetUserTreeMenu 'pramudyono hadi','1111',@CompanyId=2;
13/08/2021 15:39:05	SQL :EXEC GetUserTreeMenu 'pramudyono hadi','1112',@CompanyId=2;
13/08/2021 15:39:05	SQL :EXEC GetUserTreeMenu 'pramudyono hadi','1113',@CompanyId=2;
13/08/2021 15:39:05	SQL :EXEC GetUserTreeMenu 'pramudyono hadi','1114',@CompanyId=2;
13/08/2021 15:39:05	SQL :EXEC GetUserTreeMenu 'pramudyono hadi','1115',@CompanyId=2;
13/08/2021 15:39:05	SQL :EXEC GetUserTreeMenu 'pramudyono hadi','1116',@CompanyId=2;
13/08/2021 15:39:05	SQL :EXEC GetUserTreeMenu 'pramudyono hadi','1117',@CompanyId=2;
13/08/2021 15:39:05	SQL :EXEC GetUserTreeMenu 'pramudyono hadi','1198',@CompanyId=2;
13/08/2021 15:39:05	SQL :EXEC GetUserTreeMenu 'pramudyono hadi','1199',@CompanyId=2;
13/08/2021 15:39:05	SQL :EXEC GetUserSubMenu 'pramudyono hadi','12';
13/08/2021 15:39:05	SQL :EXEC GetUserTreeMenu 'pramudyono hadi','1201',@CompanyId=2;
13/08/2021 15:39:05	SQL :EXEC GetUserTreeMenu 'pramudyono hadi','1202',@CompanyId=2;
13/08/2021 15:39:05	SQL :EXEC GetUserTreeMenu 'pramudyono hadi','1203',@CompanyId=2;
13/08/2021 15:39:05	SQL :EXEC GetUserTreeMenu 'pramudyono hadi','1204',@CompanyId=2;
13/08/2021 15:39:05	SQL :EXEC GetUserTreeMenu 'pramudyono hadi','1205',@CompanyId=2;
13/08/2021 15:39:05	SQL :EXEC GetUserTreeMenu 'pramudyono hadi','1206',@CompanyId=2;
13/08/2021 15:39:05	SQL :EXEC GetUserTreeMenu 'pramudyono hadi','1207',@CompanyId=2;
13/08/2021 15:39:05	SQL :EXEC GetUserSubMenu 'pramudyono hadi','13';
13/08/2021 15:39:05	SQL :EXEC GetUserTreeMenu 'pramudyono hadi','1301',@CompanyId=2;
13/08/2021 15:39:05	SQL :EXEC GetUserTreeMenu 'pramudyono hadi','1302',@CompanyId=2;
13/08/2021 15:39:05	SQL :EXEC GetUserTreeMenu 'pramudyono hadi','1303',@CompanyId=2;
13/08/2021 15:39:05	SQL :EXEC GetUserTreeMenu 'pramudyono hadi','1304',@CompanyId=2;
13/08/2021 15:39:05	SQL :EXEC GetUserTreeMenu 'pramudyono hadi','1305',@CompanyId=2;
13/08/2021 15:39:05	SQL :EXEC GetUserTreeMenu 'pramudyono hadi','1306',@CompanyId=2;
13/08/2021 15:39:05	SQL :EXEC GetUserTreeMenu 'pramudyono hadi','1307',@CompanyId=2;
13/08/2021 15:39:05	SQL :EXEC GetUserTreeMenu 'pramudyono hadi','1308',@CompanyId=2;
13/08/2021 15:39:05	SQL :EXEC GetUserTreeMenu 'pramudyono hadi','1309',@CompanyId=2;
13/08/2021 15:39:06	SQL :EXEC GetUserTreeMenu 'pramudyono hadi','1310',@CompanyId=2;
13/08/2021 15:39:06	SQL :EXEC GetUserTreeMenu 'pramudyono hadi','1311',@CompanyId=2;
13/08/2021 15:39:06	SQL :EXEC GetUserTreeMenu 'pramudyono hadi','1312',@CompanyId=2;
13/08/2021 15:39:06	SQL :EXEC GetUserTreeMenu 'pramudyono hadi','1313',@CompanyId=2;
13/08/2021 15:39:06	SQL :EXEC GetUserTreeMenu 'pramudyono hadi','1314',@CompanyId=2;
13/08/2021 15:39:06	SQL :EXEC GetUserTreeMenu 'pramudyono hadi','1315',@CompanyId=2;
13/08/2021 15:39:06	SQL :EXEC GetUserTreeMenu 'pramudyono hadi','1316',@CompanyId=2;
13/08/2021 15:39:06	SQL :EXEC GetUserTreeMenu 'pramudyono hadi','1317',@CompanyId=2;
13/08/2021 15:39:06	SQL :EXEC GetUserTreeMenu 'pramudyono hadi','1318',@CompanyId=2;
13/08/2021 15:39:06	SQL :EXEC GetUserTreeMenu 'pramudyono hadi','1319',@CompanyId=2;
13/08/2021 15:39:06	SQL :EXEC GetUserTreeMenu 'pramudyono hadi','1320',@CompanyId=2;
13/08/2021 15:39:06	SQL :EXEC GetUserTreeMenu 'pramudyono hadi','1321',@CompanyId=2;
13/08/2021 15:39:06	SQL :EXEC GetUserSubMenu 'pramudyono hadi','14';
13/08/2021 15:39:06	SQL :EXEC GetUserTreeMenu 'pramudyono hadi','1401',@CompanyId=2;
13/08/2021 15:39:06	SQL :EXEC GetUserTreeMenu 'pramudyono hadi','1402',@CompanyId=2;
13/08/2021 15:39:06	SQL :EXEC GetUserTreeMenu 'pramudyono hadi','1403',@CompanyId=2;
13/08/2021 15:39:06	SQL :EXEC GetUserTreeMenu 'pramudyono hadi','1404',@CompanyId=2;
13/08/2021 15:39:06	SQL :EXEC GetUserTreeMenu 'pramudyono hadi','1406',@CompanyId=2;
13/08/2021 15:39:06	SQL :EXEC GetUserTreeMenu 'pramudyono hadi','1408',@CompanyId=2;
13/08/2021 15:39:06	SQL :EXEC GetUserTreeMenu 'pramudyono hadi','1410',@CompanyId=2;
13/08/2021 15:39:06	SQL :EXEC GetUserTreeMenu 'pramudyono hadi','1411',@CompanyId=2;
13/08/2021 15:39:06	SQL :EXEC GetUserTreeMenu 'pramudyono hadi','1412',@CompanyId=2;
13/08/2021 15:39:06	SQL :EXEC GetUserTreeMenu 'pramudyono hadi','1413',@CompanyId=2;
13/08/2021 15:39:06	SQL :EXEC GetUserTreeMenu 'pramudyono hadi','1414',@CompanyId=2;
13/08/2021 15:39:06	SQL :EXEC GetUserSubMenu 'pramudyono hadi','15';
13/08/2021 15:39:06	SQL :EXEC GetUserTreeMenu 'pramudyono hadi','1501',@CompanyId=2;
13/08/2021 15:39:06	SQL :EXEC GetUserTreeMenu 'pramudyono hadi','1502',@CompanyId=2;
13/08/2021 15:39:06	SQL :EXEC GetUserTreeMenu 'pramudyono hadi','1503',@CompanyId=2;
13/08/2021 15:39:06	SQL :EXEC GetUserTreeMenu 'pramudyono hadi','1504',@CompanyId=2;
13/08/2021 15:39:06	SQL :EXEC GetUserTreeMenu 'pramudyono hadi','1505',@CompanyId=2;
13/08/2021 15:39:06	SQL :EXEC GetUserTreeMenu 'pramudyono hadi','1506',@CompanyId=2;
13/08/2021 15:39:06	SQL :EXEC GetUserTreeMenu 'pramudyono hadi','1507',@CompanyId=2;
13/08/2021 15:39:06	SQL :EXEC GetUserTreeMenu 'pramudyono hadi','1508',@CompanyId=2;
13/08/2021 15:39:06	SQL :EXEC GetUserTreeMenu 'pramudyono hadi','1509',@CompanyId=2;
13/08/2021 15:39:06	SQL :EXEC GetUserTreeMenu 'pramudyono hadi','1510',@CompanyId=2;
13/08/2021 15:39:06	SQL :EXEC GetUserTreeMenu 'pramudyono hadi','1511',@CompanyId=2;
13/08/2021 15:39:06	SQL :EXEC GetUserSubMenu 'pramudyono hadi','16';
13/08/2021 15:39:06	SQL :EXEC GetUserTreeMenu 'pramudyono hadi','1601',@CompanyId=2;
13/08/2021 15:39:06	SQL :EXEC GetUserTreeMenu 'pramudyono hadi','1602',@CompanyId=2;
13/08/2021 15:39:06	SQL :EXEC GetUserTreeMenu 'pramudyono hadi','1603',@CompanyId=2;
13/08/2021 15:39:06	SQL :EXEC GetUserTreeMenu 'pramudyono hadi','1604',@CompanyId=2;
13/08/2021 15:39:06	SQL :EXEC GetUserTreeMenu 'pramudyono hadi','1605',@CompanyId=2;
13/08/2021 15:39:06	SQL :EXEC GetUserTreeMenu 'pramudyono hadi','1606',@CompanyId=2;
13/08/2021 15:39:06	SQL :EXEC GetUserTreeMenu 'pramudyono hadi','1607',@CompanyId=2;
13/08/2021 15:39:06	SQL :EXEC GetUserTreeMenu 'pramudyono hadi','1608',@CompanyId=2;
13/08/2021 15:39:06	SQL :EXEC GetUserTreeMenu 'pramudyono hadi','1609',@CompanyId=2;
13/08/2021 15:39:06	SQL :EXEC GetUserTreeMenu 'pramudyono hadi','1610',@CompanyId=2;
13/08/2021 15:39:06	SQL :EXEC GetUserTreeMenu 'pramudyono hadi','1611',@CompanyId=2;
13/08/2021 15:39:06	SQL :EXEC GetUserTreeMenu 'pramudyono hadi','1612',@CompanyId=2;
13/08/2021 15:39:06	SQL :EXEC GetUserTreeMenu 'pramudyono hadi','1613',@CompanyId=2;
13/08/2021 15:39:06	SQL :EXEC GetUserTreeMenu 'pramudyono hadi','1614',@CompanyId=2;
13/08/2021 15:39:06	SQL :EXEC GetUserTreeMenu 'pramudyono hadi','1615',@CompanyId=2;
13/08/2021 15:39:06	SQL :EXEC GetUserTreeMenu 'pramudyono hadi','1616',@CompanyId=2;
13/08/2021 15:39:06	SQL :EXEC GetUserTreeMenu 'pramudyono hadi','1619',@CompanyId=2;
13/08/2021 15:39:06	SQL :EXEC GetUserTreeMenu 'pramudyono hadi','1620',@CompanyId=2;
13/08/2021 15:39:06	SQL :EXEC GetUserSubMenu 'pramudyono hadi','17';
13/08/2021 15:39:06	SQL :EXEC GetUserTreeMenu 'pramudyono hadi','1701',@CompanyId=2;
13/08/2021 15:39:06	SQL :EXEC GetUserTreeMenu 'pramudyono hadi','1702',@CompanyId=2;
13/08/2021 15:39:06	SQL :EXEC GetUserTreeMenu 'pramudyono hadi','1703',@CompanyId=2;
13/08/2021 15:39:06	SQL :EXEC GetUserTreeMenu 'pramudyono hadi','1704',@CompanyId=2;
13/08/2021 15:39:06	SQL :EXEC GetUserTreeMenu 'pramudyono hadi','1705',@CompanyId=2;
13/08/2021 15:39:06	SQL :EXEC GetUserTreeMenu 'pramudyono hadi','1706',@CompanyId=2;
13/08/2021 15:39:06	SQL :EXEC GetUserTreeMenu 'pramudyono hadi','1707',@CompanyId=2;
13/08/2021 15:39:06	SQL :EXEC GetUserTreeMenu 'pramudyono hadi','1708',@CompanyId=2;
13/08/2021 15:39:06	SQL :EXEC GetUserTreeMenu 'pramudyono hadi','1709',@CompanyId=2;
13/08/2021 15:39:06	SQL :EXEC GetUserTreeMenu 'pramudyono hadi','1710',@CompanyId=2;
13/08/2021 15:39:06	SQL :EXEC GetUserTreeMenu 'pramudyono hadi','1711',@CompanyId=2;
13/08/2021 15:39:06	SQL :EXEC GetUserTreeMenu 'pramudyono hadi','1712',@CompanyId=2;
13/08/2021 15:39:06	SQL :EXEC GetUserTreeMenu 'pramudyono hadi','1713',@CompanyId=2;
13/08/2021 15:39:06	SQL :EXEC GetUserTreeMenu 'pramudyono hadi','1714',@CompanyId=2;
13/08/2021 15:39:06	SQL :EXEC GetUserTreeMenu 'pramudyono hadi','1715',@CompanyId=2;
13/08/2021 15:39:06	SQL :EXEC GetUserTreeMenu 'pramudyono hadi','1716',@CompanyId=2;
13/08/2021 15:39:06	SQL :EXEC GetUserTreeMenu 'pramudyono hadi','1717',@CompanyId=2;
13/08/2021 15:39:06	SQL :EXEC GetUserSubMenu 'pramudyono hadi','18';
13/08/2021 15:39:06	SQL :EXEC GetUserTreeMenu 'pramudyono hadi','1801',@CompanyId=2;
13/08/2021 15:39:06	SQL :EXEC GetUserSubMenu 'pramudyono hadi','19';
13/08/2021 15:39:06	SQL :EXEC GetUserTreeMenu 'pramudyono hadi','1901',@CompanyId=2;
13/08/2021 15:39:06	SQL :EXEC GetUserTreeMenu 'pramudyono hadi','1902',@CompanyId=2;
13/08/2021 15:39:06	SQL :EXEC GetUserTreeMenu 'pramudyono hadi','1903',@CompanyId=2;
13/08/2021 15:39:06	SQL :EXEC GetUserTreeMenu 'pramudyono hadi','1904',@CompanyId=2;
13/08/2021 15:39:06	SQL :EXEC GetUserTreeMenu 'pramudyono hadi','1905',@CompanyId=2;
13/08/2021 15:39:07	SQL :EXEC GetUserTreeMenu 'pramudyono hadi','1906',@CompanyId=2;
13/08/2021 15:39:07	SQL :EXEC GetUserTreeMenu 'pramudyono hadi','1907',@CompanyId=2;
13/08/2021 15:39:07	SQL :EXEC GetUserTreeMenu 'pramudyono hadi','1908',@CompanyId=2;
13/08/2021 15:39:07	SQL :EXEC GetUserTreeMenu 'pramudyono hadi','1909',@CompanyId=2;
13/08/2021 15:39:07	SQL :EXEC GetUserTreeMenu 'pramudyono hadi','1910',@CompanyId=2;
13/08/2021 15:39:07	SQL :EXEC GetUserTreeMenu 'pramudyono hadi','1911',@CompanyId=2;
13/08/2021 15:39:07	SQL :EXEC GetUserTreeMenu 'pramudyono hadi','1912',@CompanyId=2;
13/08/2021 15:39:07	SQL :SELECT CONVERT(VARCHAR(8),GETDATE(),108) AS hour_minute;
13/08/2021 15:39:07	SQL :SELECT CONVERT(VARCHAR(10),GETDATE(),103) AS date_time;
13/08/2021 15:39:07	Loading Setting
13/08/2021 15:39:07	Open DB Connection
13/08/2021 15:39:07	SQL :SELECT * FROM wh_setting WHERE setting_name='Hold_Less_Deposit';
13/08/2021 15:39:07	SQL :SELECT * FROM wh_setting WHERE setting_name='Max_Less_Deposit';
13/08/2021 15:39:07	SQL :SELECT * FROM wh_setting WHERE setting_name='Dashboard_2';
13/08/2021 15:39:07	Finish Logging
13/08/2021 15:39:07	SQL :SELECT value_string FROM wh_setting WHERE (setting_name='Interval_CheckInDate') AND (active=1);
13/08/2021 15:39:07	SQL :SELECT value_string FROM wh_setting WHERE (setting_name='Interval_CheckInTime') AND (active=1);
13/08/2021 15:39:07	SQL :SELECT value_string FROM wh_setting WHERE (setting_name='ChatEnable') and (active=1);
13/08/2021 15:39:08	Message:Port Check
13/08/2021 15:39:08	Message:Open DB Connection
13/08/2021 15:39:08	SQL :EXEC GetMessage '01','pramudyono hadi';
13/08/2021 15:39:08	SQL :SELECT CONVERT(VARCHAR(8),GETDATE(),108) AS hour_minute;
13/08/2021 15:39:08	SQL :SELECT CONVERT(VARCHAR(10),GETDATE(),103) AS date_time;
13/08/2021 15:39:10	Open Menu :130130
13/08/2021 15:39:10	Open DB Connection
13/08/2021 15:39:10	SQL :EXEC AuthMenu 'pramudyono hadi',130130;
13/08/2021 15:39:13	Form Check :VehicleInsurance
13/08/2021 15:39:14	Form Open: VehicleList=Bus,FormRequest=
13/08/2021 15:39:16	Open DB Connection
13/08/2021 15:39:16	SQL :EXEC Ge13/08/2021 15:42:46	Get Local Settings
13/08/2021 15:42:46	Start Change Local Settings
13/08/2021 15:42:46	Change short date format
13/08/2021 15:42:46	Change Long date format
13/08/2021 15:42:46	Finish Change Local Settings
13/08/2021 15:42:46	Registry Read: Path=SOFTWARE\WEHA\Aplikasi\3
13/08/2021 15:42:46	Registry Read/Write
13/08/2021 15:42:46	Registry Read: Path=SOFTWARE\WEHA\Aplikasi\3
13/08/2021 15:42:46	Create DB Object
13/08/2021 15:42:46	Init DB
13/08/2021 15:42:46	Finish Init DB
13/08/2021 15:42:46	Get File Version
13/08/2021 15:42:46	Change  Caption
13/08/2021 15:42:46	Init Shortkey
13/08/2021 15:43:05	Create DB Object
13/08/2021 15:43:05	Init DB
13/08/2021 15:43:05	Finish Init DB
13/08/2021 15:43:06	Update new version check
13/08/2021 15:43:06	Open DB Connection
13/08/2021 15:43:07	SQL :
13/08/2021 15:43:07	Update check version
13/08/2021 15:43:07	Open DB Connection
13/08/2021 15:43:07	SQL :SELECT version FROM wh_application WHERE application_id=(SELECT MAX(application_id) FROM wh_application);
13/08/2021 15:43:07	Start Login
13/08/2021 15:43:07	Open DB Connection
13/08/2021 15:43:07	SQL :EXEC AuthenticateUser 'pramudyono hadi','6f2b8366efa56f0c06dd6b31fcff8a73';
13/08/2021 15:43:07	SQL :INSERT INTO wh_log (user_id,app_date,app_version,app_version_svr,location_id,company_id,department_id,host_name,ip_address)  VALUES ('pramudyono hadi','13/08/2021','6.1.3.12','6.1.3.11',6,2,13,'DESKTOP-S1PD9OD','192.168.25.214');
13/08/2021 15:43:07	Open DB Connection
13/08/2021 15:43:07	SQL :EXEC GetUserMenu 'pramudyono hadi';
13/08/2021 15:43:07	SQL :EXEC GetUserSubMenu 'pramudyono hadi','11';
13/08/2021 15:43:07	SQL :EXEC GetUserTreeMenu 'pramudyono hadi','1101',@CompanyId=2;
13/08/2021 15:43:07	SQL :EXEC GetUserTreeMenu 'pramudyono hadi','1102',@CompanyId=2;
13/08/2021 15:43:07	SQL :EXEC GetUserTreeMenu 'pramudyono hadi','1103',@CompanyId=2;
13/08/2021 15:43:07	SQL :EXEC GetUserTreeMenu 'pramudyono hadi','1104',@CompanyId=2;
13/08/2021 15:43:07	SQL :EXEC GetUserTreeMenu 'pramudyono hadi','1105',@CompanyId=2;
13/08/2021 15:43:07	SQL :EXEC GetUserTreeMenu 'pramudyono hadi','1106',@CompanyId=2;
13/08/2021 15:43:07	SQL :EXEC GetUserTreeMenu 'pramudyono hadi','1107',@CompanyId=2;
13/08/2021 15:43:07	SQL :EXEC GetUserTreeMenu 'pramudyono hadi','1108',@CompanyId=2;
13/08/2021 15:43:07	SQL :EXEC GetUserTreeMenu 'pramudyono hadi','1109',@CompanyId=2;
13/08/2021 15:43:07	SQL :EXEC GetUserTreeMenu 'pramudyono hadi','1110',@CompanyId=2;
13/08/2021 15:43:07	SQL :EXEC GetUserTreeMenu 'pramudyono hadi','1111',@CompanyId=2;
13/08/2021 15:43:07	SQL :EXEC GetUserTreeMenu 'pramudyono hadi','1112',@CompanyId=2;
13/08/2021 15:43:07	SQL :EXEC GetUserTreeMenu 'pramudyono hadi','1113',@CompanyId=2;
13/08/2021 15:43:07	SQL :EXEC GetUserTreeMenu 'pramudyono hadi','1114',@CompanyId=2;
13/08/2021 15:43:07	SQL :EXEC GetUserTreeMenu 'pramudyono hadi','1115',@CompanyId=2;
13/08/2021 15:43:07	SQL :EXEC GetUserTreeMenu 'pramudyono hadi','1116',@CompanyId=2;
13/08/2021 15:43:07	SQL :EXEC GetUserTreeMenu 'pramudyono hadi','1117',@CompanyId=2;
13/08/2021 15:43:07	SQL :EXEC GetUserTreeMenu 'pramudyono hadi','1198',@CompanyId=2;
13/08/2021 15:43:07	SQL :EXEC GetUserTreeMenu 'pramudyono hadi','1199',@CompanyId=2;
13/08/2021 15:43:07	SQL :EXEC GetUserSubMenu 'pramudyono hadi','12';
13/08/2021 15:43:07	SQL :EXEC GetUserTreeMenu 'pramudyono hadi','1201',@CompanyId=2;
13/08/2021 15:43:07	SQL :EXEC GetUserTreeMenu 'pramudyono hadi','1202',@CompanyId=2;
13/08/2021 15:43:07	SQL :EXEC GetUserTreeMenu 'pramudyono hadi','1203',@CompanyId=2;
13/08/2021 15:43:07	SQL :EXEC GetUserTreeMenu 'pramudyono hadi','1204',@CompanyId=2;
13/08/2021 15:43:07	SQL :EXEC GetUserTreeMenu 'pramudyono hadi','1205',@CompanyId=2;
13/08/2021 15:43:07	SQL :EXEC GetUserTreeMenu 'pramudyono hadi','1206',@CompanyId=2;
13/08/2021 15:43:07	SQL :EXEC GetUserTreeMenu 'pramudyono hadi','1207',@CompanyId=2;
13/08/2021 15:43:07	SQL :EXEC GetUserSubMenu 'pramudyono hadi','13';
13/08/2021 15:43:07	SQL :EXEC GetUserTreeMenu 'pramudyono hadi','1301',@CompanyId=2;
13/08/2021 15:43:07	SQL :EXEC GetUserTreeMenu 'pramudyono hadi','1302',@CompanyId=2;
13/08/2021 15:43:07	SQL :EXEC GetUserTreeMenu 'pramudyono hadi','1303',@CompanyId=2;
13/08/2021 15:43:07	SQL :EXEC GetUserTreeMenu 'pramudyono hadi','1304',@CompanyId=2;
13/08/2021 15:43:07	SQL :EXEC GetUserTreeMenu 'pramudyono hadi','1305',@CompanyId=2;
13/08/2021 15:43:07	SQL :EXEC GetUserTreeMenu 'pramudyono hadi','1306',@CompanyId=2;
13/08/2021 15:43:07	SQL :EXEC GetUserTreeMenu 'pramudyono hadi','1307',@CompanyId=2;
13/08/2021 15:43:07	SQL :EXEC GetUserTreeMenu 'pramudyono hadi','1308',@CompanyId=2;
13/08/2021 15:43:07	SQL :EXEC GetUserTreeMenu 'pramudyono hadi','1309',@CompanyId=2;
13/08/2021 15:43:07	SQL :EXEC GetUserTreeMenu 'pramudyono hadi','1310',@CompanyId=2;
13/08/2021 15:43:07	SQL :EXEC GetUserTreeMenu 'pramudyono hadi','1311',@CompanyId=2;
13/08/2021 15:43:07	SQL :EXEC GetUserTreeMenu 'pramudyono hadi','1312',@CompanyId=2;
13/08/2021 15:43:07	SQL :EXEC GetUserTreeMenu 'pramudyono hadi','1313',@CompanyId=2;
13/08/2021 15:43:07	SQL :EXEC GetUserTreeMenu 'pramudyono hadi','1314',@CompanyId=2;
13/08/2021 15:43:07	SQL :EXEC GetUserTreeMenu 'pramudyono hadi','1315',@CompanyId=2;
13/08/2021 15:43:07	SQL :EXEC GetUserTreeMenu 'pramudyono hadi','1316',@CompanyId=2;
13/08/2021 15:43:07	SQL :EXEC GetUserTreeMenu 'pramudyono hadi','1317',@CompanyId=2;
13/08/2021 15:43:07	SQL :EXEC GetUserTreeMenu 'pramudyono hadi','1318',@CompanyId=2;
13/08/2021 15:43:07	SQL :EXEC GetUserTreeMenu 'pramudyono hadi','1319',@CompanyId=2;
13/08/2021 15:43:07	SQL :EXEC GetUserTreeMenu 'pramudyono hadi','1320',@CompanyId=2;
13/08/2021 15:43:07	SQL :EXEC GetUserTreeMenu 'pramudyono hadi','1321',@CompanyId=2;
13/08/2021 15:43:07	SQL :EXEC GetUserSubMenu 'pramudyono hadi','14';
13/08/2021 15:43:07	SQL :EXEC GetUserTreeMenu 'pramudyono hadi','1401',@CompanyId=2;
13/08/2021 15:43:07	SQL :EXEC GetUserTreeMenu 'pramudyono hadi','1402',@CompanyId=2;
13/08/2021 15:43:07	SQL :EXEC GetUserTreeMenu 'pramudyono hadi','1403',@CompanyId=2;
13/08/2021 15:43:07	SQL :EXEC GetUserTreeMenu 'pramudyono hadi','1404',@CompanyId=2;
13/08/2021 15:43:07	SQL :EXEC GetUserTreeMenu 'pramudyono hadi','1406',@CompanyId=2;
13/08/2021 15:43:07	SQL :EXEC GetUserTreeMenu 'pramudyono hadi','1408',@CompanyId=2;
13/08/2021 15:43:07	SQL :EXEC GetUserTreeMenu 'pramudyono hadi','1410',@CompanyId=2;
13/08/2021 15:43:07	SQL :EXEC GetUserTreeMenu 'pramudyono hadi','1411',@CompanyId=2;
13/08/2021 15:43:07	SQL :EXEC GetUserTreeMenu 'pramudyono hadi','1412',@CompanyId=2;
13/08/2021 15:43:07	SQL :EXEC GetUserTreeMenu 'pramudyono hadi','1413',@CompanyId=2;
13/08/2021 15:43:07	SQL :EXEC GetUserTreeMenu 'pramudyono hadi','1414',@CompanyId=2;
13/08/2021 15:43:07	SQL :EXEC GetUserSubMenu 'pramudyono hadi','15';
13/08/2021 15:43:07	SQL :EXEC GetUserTreeMenu 'pramudyono hadi','1501',@CompanyId=2;
13/08/2021 15:43:07	SQL :EXEC GetUserTreeMenu 'pramudyono hadi','1502',@CompanyId=2;
13/08/2021 15:43:07	SQL :EXEC GetUserTreeMenu 'pramudyono hadi','1503',@CompanyId=2;
13/08/2021 15:43:07	SQL :EXEC GetUserTreeMenu 'pramudyono hadi','1504',@CompanyId=2;
13/08/2021 15:43:07	SQL :EXEC GetUserTreeMenu 'pramudyono hadi','1505',@CompanyId=2;
13/08/2021 15:43:07	SQL :EXEC GetUserTreeMenu 'pramudyono hadi','1506',@CompanyId=2;
13/08/2021 15:43:07	SQL :EXEC GetUserTreeMenu 'pramudyono hadi','1507',@CompanyId=2;
13/08/2021 15:43:07	SQL :EXEC GetUserTreeMenu 'pramudyono hadi','1508',@CompanyId=2;
13/08/2021 15:43:07	SQL :EXEC GetUserTreeMenu 'pramudyono hadi','1509',@CompanyId=2;
13/08/2021 15:43:07	SQL :EXEC GetUserTreeMenu 'pramudyono hadi','1510',@CompanyId=2;
13/08/2021 15:43:07	SQL :EXEC GetUserTreeMenu 'pramudyono hadi','1511',@CompanyId=2;
13/08/2021 15:43:07	SQL :EXEC GetUserSubMenu 'pramudyono hadi','16';
13/08/2021 15:43:07	SQL :EXEC GetUserTreeMenu 'pramudyono hadi','1601',@CompanyId=2;
13/08/2021 15:43:07	SQL :EXEC GetUserTreeMenu 'pramudyono hadi','1602',@CompanyId=2;
13/08/2021 15:43:07	SQL :EXEC GetUserTreeMenu 'pramudyono hadi','1603',@CompanyId=2;
13/08/2021 15:43:08	SQL :EXEC GetUserTreeMenu 'pramudyono hadi','1604',@CompanyId=2;
13/08/2021 15:43:08	SQL :EXEC GetUserTreeMenu 'pramudyono hadi','1605',@CompanyId=2;
13/08/2021 15:43:08	SQL :EXEC GetUserTreeMenu 'pramudyono hadi','1606',@CompanyId=2;
13/08/2021 15:43:08	SQL :EXEC GetUserTreeMenu 'pramudyono hadi','1607',@CompanyId=2;
13/08/2021 15:43:08	SQL :EXEC GetUserTreeMenu 'pramudyono hadi','1608',@CompanyId=2;
13/08/2021 15:43:08	SQL :EXEC GetUserTreeMenu 'pramudyono hadi','1609',@CompanyId=2;
13/08/2021 15:43:08	SQL :EXEC GetUserTreeMenu 'pramudyono hadi','1610',@CompanyId=2;
13/08/2021 15:43:08	SQL :EXEC GetUserTreeMenu 'pramudyono hadi','1611',@CompanyId=2;
13/08/2021 15:43:08	SQL :EXEC GetUserTreeMenu 'pramudyono hadi','1612',@CompanyId=2;
13/08/2021 15:43:08	SQL :EXEC GetUserTreeMenu 'pramudyono hadi','1613',@CompanyId=2;
13/08/2021 15:43:08	SQL :EXEC GetUserTreeMenu 'pramudyono hadi','1614',@CompanyId=2;
13/08/2021 15:43:08	SQL :EXEC GetUserTreeMenu 'pramudyono hadi','1615',@CompanyId=2;
13/08/2021 15:43:08	SQL :EXEC GetUserTreeMenu 'pramudyono hadi','1616',@CompanyId=2;
13/08/2021 15:43:08	SQL :EXEC GetUserTreeMenu 'pramudyono hadi','1619',@CompanyId=2;
13/08/2021 15:43:08	SQL :EXEC GetUserTreeMenu 'pramudyono hadi','1620',@CompanyId=2;
13/08/2021 15:43:08	SQL :EXEC GetUserSubMenu 'pramudyono hadi','17';
13/08/2021 15:43:08	SQL :EXEC GetUserTreeMenu 'pramudyono hadi','1701',@CompanyId=2;
13/08/2021 15:43:08	SQL :EXEC GetUserTreeMenu 'pramudyono hadi','1702',@CompanyId=2;
13/08/2021 15:43:08	SQL :EXEC GetUserTreeMenu 'pramudyono hadi','1703',@CompanyId=2;
13/08/2021 15:43:08	SQL :EXEC GetUserTreeMenu 'pramudyono hadi','1704',@CompanyId=2;
13/08/2021 15:43:08	SQL :EXEC GetUserTreeMenu 'pramudyono hadi','1705',@CompanyId=2;
13/08/2021 15:43:08	SQL :EXEC GetUserTreeMenu 'pramudyono hadi','1706',@CompanyId=2;
13/08/2021 15:43:08	SQL :EXEC GetUserTreeMenu 'pramudyono hadi','1707',@CompanyId=2;
13/08/2021 15:43:08	SQL :EXEC GetUserTreeMenu 'pramudyono hadi','1708',@CompanyId=2;
13/08/2021 15:43:08	SQL :EXEC GetUserTreeMenu 'pramudyono hadi','1709',@CompanyId=2;
13/08/2021 15:43:08	SQL :EXEC GetUserTreeMenu 'pramudyono hadi','1710',@CompanyId=2;
13/08/2021 15:43:08	SQL :EXEC GetUserTreeMenu 'pramudyono hadi','1711',@CompanyId=2;
13/08/2021 15:43:08	SQL :EXEC GetUserTreeMenu 'pramudyono hadi','1712',@CompanyId=2;
13/08/2021 15:43:08	SQL :EXEC GetUserTreeMenu 'pramudyono hadi','1713',@CompanyId=2;
13/08/2021 15:43:08	SQL :EXEC GetUserTreeMenu 'pramudyono hadi','1714',@CompanyId=2;
13/08/2021 15:43:08	SQL :EXEC GetUserTreeMenu 'pramudyono hadi','1715',@CompanyId=2;
13/08/2021 15:43:08	SQL :EXEC GetUserTreeMenu 'pramudyono hadi','1716',@CompanyId=2;
13/08/2021 15:43:08	SQL :EXEC GetUserTreeMenu 'pramudyono hadi','1717',@CompanyId=2;
13/08/2021 15:43:08	SQL :EXEC GetUserSubMenu 'pramudyono hadi','18';
13/08/2021 15:43:08	SQL :EXEC GetUserTreeMenu 'pramudyono hadi','1801',@CompanyId=2;
13/08/2021 15:43:08	SQL :EXEC GetUserSubMenu 'pramudyono hadi','19';
13/08/2021 15:43:08	SQL :EXEC GetUserTreeMenu 'pramudyono hadi','1901',@CompanyId=2;
13/08/2021 15:43:08	SQL :EXEC GetUserTreeMenu 'pramudyono hadi','1902',@CompanyId=2;
13/08/2021 15:43:08	SQL :EXEC GetUserTreeMenu 'pramudyono hadi','1903',@CompanyId=2;
13/08/2021 15:43:08	SQL :EXEC GetUserTreeMenu 'pramudyono hadi','1904',@CompanyId=2;
13/08/2021 15:43:08	SQL :EXEC GetUserTreeMenu 'pramudyono hadi','1905',@CompanyId=2;
13/08/2021 15:43:08	SQL :EXEC GetUserTreeMenu 'pramudyono hadi','1906',@CompanyId=2;
13/08/2021 15:43:08	SQL :EXEC GetUserTreeMenu 'pramudyono hadi','1907',@CompanyId=2;
13/08/2021 15:43:08	SQL :EXEC GetUserTreeMenu 'pramudyono hadi','1908',@CompanyId=2;
13/08/2021 15:43:08	SQL :EXEC GetUserTreeMenu 'pramudyono hadi','1909',@CompanyId=2;
13/08/2021 15:43:08	SQL :EXEC GetUserTreeMenu 'pramudyono hadi','1910',@CompanyId=2;
13/08/2021 15:43:08	SQL :EXEC GetUserTreeMenu 'pramudyono hadi','1911',@CompanyId=2;
13/08/2021 15:43:08	SQL :EXEC GetUserTreeMenu 'pramudyono hadi','1912',@CompanyId=2;
13/08/2021 15:43:08	SQL :SELECT CONVERT(VARCHAR(8),GETDATE(),108) AS hour_minute;
13/08/2021 15:43:08	SQL :SELECT CONVERT(VARCHAR(10),GETDATE(),103) AS date_time;
13/08/2021 15:43:08	Loading Setting
13/08/2021 15:43:08	Open DB Connection
13/08/2021 15:43:08	SQL :SELECT * FROM wh_setting WHERE setting_name='Hold_Less_Deposit';
13/08/2021 15:43:08	SQL :SELECT * FROM wh_setting WHERE setting_name='Max_Less_Deposit';
13/08/2021 15:43:08	SQL :SELECT * FROM wh_setting WHERE setting_name='Dashboard_2';
13/08/2021 15:43:08	Finish Logging
13/08/2021 15:43:08	SQL :SELECT value_string FROM wh_setting WHERE (setting_name='Interval_CheckInDate') AND (active=1);
13/08/2021 15:43:08	SQL :SELECT value_string FROM wh_setting WHERE (setting_name='Interval_CheckInTime') AND (active=1);
13/08/2021 15:43:08	SQL :SELECT value_string FROM wh_setting WHERE (setting_name='ChatEnable') and (active=1);
13/08/2021 15:43:09	Message:Port Check
13/08/2021 15:43:09	Message:Open DB Connection
13/08/2021 15:43:09	SQL :EXEC GetMessage '01','pramudyono hadi';
13/08/2021 15:43:09	SQL :SELECT CONVERT(VARCHAR(8),GETDATE(),108) AS hour_minute;
13/08/2021 15:43:09	SQL :SELECT CONVERT(VARCHAR(10),GETDATE(),103) AS date_time;
13/08/2021 15:44:13	Open Menu :130130
13/08/2021 15:44:13	Open DB Connection
13/08/2021 15:44:13	SQL :EXEC AuthMenu 'pramudyono hadi',130130;
13/08/2021 15:44:13	Form Check :VehicleInsurance
13/08/2021 15:44:13	Form Open: VehicleList=Bus,FormRequest=
13/08/2021 15:44:14	Open DB Connection
13/08/2021 15:44:14	SQL :EXEC GetCompanyLocationList
13/08/2021 15:44:14	Open DB Connection
13/08/2021 15:44:14	SQL :EXEC GetVhcList 6,0,@CompanyId=2;
13/08/2021 15:55:47	Get Local Settings
13/08/2021 15:55:47	Start Change Local Settings
13/08/2021 15:55:47	Change short date format
13/08/2021 15:55:47	Change Long date format
13/08/2021 15:55:47	Finish Change Local Settings
13/08/2021 15:55:47	Registry Read: Path=SOFTWARE\WEHA\Aplikasi\3
13/08/2021 15:55:47	Registry Read/Write
13/08/2021 15:55:47	Registry Read: Path=SOFTWARE\WEHA\Aplikasi\3
13/08/2021 15:55:47	Create DB Object
13/08/2021 15:55:47	Init DB
13/08/2021 15:55:47	Finish Init DB
13/08/2021 15:55:47	Get File Version
13/08/2021 15:55:47	Change  Caption
13/08/2021 15:55:47	Init Shortkey
13/08/2021 15:55:49	Create DB Object
13/08/2021 15:55:49	Init DB
13/08/2021 15:55:49	Finish Init DB
13/08/2021 15:55:50	Update new version check
13/08/2021 15:55:50	Open DB Connection
13/08/2021 15:55:50	SQL :
13/08/2021 15:55:50	Update check version
13/08/2021 15:55:50	Open DB Connection
13/08/2021 15:55:50	SQL :SELECT version FROM wh_application WHERE application_id=(SELECT MAX(application_id) FROM wh_application);
13/08/2021 15:55:50	Start Login
13/08/2021 15:55:50	Open DB Connection
13/08/2021 15:55:50	SQL :EXEC AuthenticateUser 'pramudyono hadi','6f2b8366efa56f0c06dd6b31fcff8a73';
13/08/2021 15:55:50	SQL :INSERT INTO wh_log (user_id,app_date,app_version,app_version_svr,location_id,company_id,department_id,host_name,ip_address)  VALUES ('pramudyono hadi','13/08/2021','6.1.3.12','6.1.3.11',6,2,13,'DESKTOP-S1PD9OD','192.168.25.214');
13/08/2021 15:55:51	Open DB Connection
13/08/2021 15:55:51	SQL :EXEC GetUserMenu 'pramudyono hadi';
13/08/2021 15:55:51	SQL :EXEC GetUserSubMenu 'pramudyono hadi','11';
13/08/2021 15:55:51	SQL :EXEC GetUserTreeMenu 'pramudyono hadi','1101',@CompanyId=2;
13/08/2021 15:55:51	SQL :EXEC GetUserTreeMenu 'pramudyono hadi','1102',@CompanyId=2;
13/08/2021 15:55:51	SQL :EXEC GetUserTreeMenu 'pramudyono hadi','1103',@CompanyId=2;
13/08/2021 15:55:51	SQL :EXEC GetUserTreeMenu 'pramudyono hadi','1104',@CompanyId=2;
13/08/2021 15:55:51	SQL :EXEC GetUserTreeMenu 'pramudyono hadi','1105',@CompanyId=2;
13/08/2021 15:55:51	SQL :EXEC GetUserTreeMenu 'pramudyono hadi','1106',@CompanyId=2;
13/08/2021 15:55:51	SQL :EXEC GetUserTreeMenu 'pramudyono hadi','1107',@CompanyId=2;
13/08/2021 15:55:51	SQL :EXEC GetUserTreeMenu 'pramudyono hadi','1108',@CompanyId=2;
13/08/2021 15:55:51	SQL :EXEC GetUserTreeMenu 'pramudyono hadi','1109',@CompanyId=2;
13/08/2021 15:55:51	SQL :EXEC GetUserTreeMenu 'pramudyono hadi','1110',@CompanyId=2;
13/08/2021 15:55:51	SQL :EXEC GetUserTreeMenu 'pramudyono hadi','1111',@CompanyId=2;
13/08/2021 15:55:51	SQL :EXEC GetUserTreeMenu 'pramudyono hadi','1112',@CompanyId=2;
13/08/2021 15:55:51	SQL :EXEC GetUserTreeMenu 'pramudyono hadi','1113',@CompanyId=2;
13/08/2021 15:55:51	SQL :EXEC GetUserTreeMenu 'pramudyono hadi','1114',@CompanyId=2;
13/08/2021 15:55:51	SQL :EXEC GetUserTreeMenu 'pramudyono hadi','1115',@CompanyId=2;
13/08/2021 15:55:51	SQL :EXEC GetUserTreeMenu 'pramudyono hadi','1116',@CompanyId=2;
13/08/2021 15:55:51	SQL :EXEC GetUserTreeMenu 'pramudyono hadi','1117',@CompanyId=2;
13/08/2021 15:55:51	SQL :EXEC GetUserTreeMenu 'pramudyono hadi','1198',@CompanyId=2;
13/08/2021 15:55:51	SQL :EXEC GetUserTreeMenu 'pramudyono hadi','1199',@CompanyId=2;
13/08/2021 15:55:51	SQL :EXEC GetUserSubMenu 'pramudyono hadi','12';
13/08/2021 15:55:51	SQL :EXEC GetUserTreeMenu 'pramudyono hadi','1201',@CompanyId=2;
13/08/2021 15:55:51	SQL :EXEC GetUserTreeMenu 'pramudyono hadi','1202',@CompanyId=2;
13/08/2021 15:55:51	SQL :EXEC GetUserTreeMenu 'pramudyono hadi','1203',@CompanyId=2;
13/08/2021 15:55:51	SQL :EXEC GetUserTreeMenu 'pramudyono hadi','1204',@CompanyId=2;
13/08/2021 15:55:51	SQL :EXEC GetUserTreeMenu 'pramudyono hadi','1205',@CompanyId=2;
13/08/2021 15:55:51	SQL :EXEC GetUserTreeMenu 'pramudyono hadi','1206',@CompanyId=2;
13/08/2021 15:55:51	SQL :EXEC GetUserTreeMenu 'pramudyono hadi','1207',@CompanyId=2;
13/08/2021 15:55:51	SQL :EXEC GetUserSubMenu 'pramudyono hadi','13';
13/08/2021 15:55:51	SQL :EXEC GetUserTreeMenu 'pramudyono hadi','1301',@CompanyId=2;
13/08/2021 15:55:51	SQL :EXEC GetUserTreeMenu 'pramudyono hadi','1302',@CompanyId=2;
13/08/2021 15:55:51	SQL :EXEC GetUserTreeMenu 'pramudyono hadi','1303',@CompanyId=2;
13/08/2021 15:55:51	SQL :EXEC GetUserTreeMenu 'pramudyono hadi','1304',@CompanyId=2;
13/08/2021 15:55:51	SQL :EXEC GetUserTreeMenu 'pramudyono hadi','1305',@CompanyId=2;
13/08/2021 15:55:51	SQL :EXEC GetUserTreeMenu 'pramudyono hadi','1306',@CompanyId=2;
13/08/2021 15:55:51	SQL :EXEC GetUserTreeMenu 'pramudyono hadi','1307',@CompanyId=2;
13/08/2021 15:55:51	SQL :EXEC GetUserTreeMenu 'pramudyono hadi','1308',@CompanyId=2;
13/08/2021 15:55:51	SQL :EXEC GetUserTreeMenu 'pramudyono hadi','1309',@CompanyId=2;
13/08/2021 15:55:51	SQL :EXEC GetUserTreeMenu 'pramudyono hadi','1310',@CompanyId=2;
13/08/2021 15:55:51	SQL :EXEC GetUserTreeMenu 'pramudyono hadi','1311',@CompanyId=2;
13/08/2021 15:55:51	SQL :EXEC GetUserTreeMenu 'pramudyono hadi','1312',@CompanyId=2;
13/08/2021 15:55:51	SQL :EXEC GetUserTreeMenu 'pramudyono hadi','1313',@CompanyId=2;
13/08/2021 15:55:51	SQL :EXEC GetUserTreeMenu 'pramudyono hadi','1314',@CompanyId=2;
13/08/2021 15:55:51	SQL :EXEC GetUserTreeMenu 'pramudyono hadi','1315',@CompanyId=2;
13/08/2021 15:55:51	SQL :EXEC GetUserTreeMenu 'pramudyono hadi','1316',@CompanyId=2;
13/08/2021 15:55:51	SQL :EXEC GetUserTreeMenu 'pramudyono hadi','1317',@CompanyId=2;
13/08/2021 15:55:51	SQL :EXEC GetUserTreeMenu 'pramudyono hadi','1318',@CompanyId=2;
13/08/2021 15:55:51	SQL :EXEC GetUserTreeMenu 'pramudyono hadi','1319',@CompanyId=2;
13/08/2021 15:55:51	SQL :EXEC GetUserTreeMenu 'pramudyono hadi','1320',@CompanyId=2;
13/08/2021 15:55:51	SQL :EXEC GetUserTreeMenu 'pramudyono hadi','1321',@CompanyId=2;
13/08/2021 15:55:51	SQL :EXEC GetUserSubMenu 'pramudyono hadi','14';
13/08/2021 15:55:51	SQL :EXEC GetUserTreeMenu 'pramudyono hadi','1401',@CompanyId=2;
13/08/2021 15:55:51	SQL :EXEC GetUserTreeMenu 'pramudyono hadi','1402',@CompanyId=2;
13/08/2021 15:55:51	SQL :EXEC GetUserTreeMenu 'pramudyono hadi','1403',@CompanyId=2;
13/08/2021 15:55:51	SQL :EXEC GetUserTreeMenu 'pramudyono hadi','1404',@CompanyId=2;
13/08/2021 15:55:51	SQL :EXEC GetUserTreeMenu 'pramudyono hadi','1406',@CompanyId=2;
13/08/2021 15:55:51	SQL :EXEC GetUserTreeMenu 'pramudyono hadi','1408',@CompanyId=2;
13/08/2021 15:55:51	SQL :EXEC GetUserTreeMenu 'pramudyono hadi','1410',@CompanyId=2;
13/08/2021 15:55:51	SQL :EXEC GetUserTreeMenu 'pramudyono hadi','1411',@CompanyId=2;
13/08/2021 15:55:51	SQL :EXEC GetUserTreeMenu 'pramudyono hadi','1412',@CompanyId=2;
13/08/2021 15:55:51	SQL :EXEC GetUserTreeMenu 'pramudyono hadi','1413',@CompanyId=2;
13/08/2021 15:55:51	SQL :EXEC GetUserTreeMenu 'pramudyono hadi','1414',@CompanyId=2;
13/08/2021 15:55:51	SQL :EXEC GetUserSubMenu 'pramudyono hadi','15';
13/08/2021 15:55:51	SQL :EXEC GetUserTreeMenu 'pramudyono hadi','1501',@CompanyId=2;
13/08/2021 15:55:51	SQL :EXEC GetUserTreeMenu 'pramudyono hadi','1502',@CompanyId=2;
13/08/2021 15:55:51	SQL :EXEC GetUserTreeMenu 'pramudyono hadi','1503',@CompanyId=2;
13/08/2021 15:55:51	SQL :EXEC GetUserTreeMenu 'pramudyono hadi','1504',@CompanyId=2;
13/08/2021 15:55:51	SQL :EXEC GetUserTreeMenu 'pramudyono hadi','1505',@CompanyId=2;
13/08/2021 15:55:51	SQL :EXEC GetUserTreeMenu 'pramudyono hadi','1506',@CompanyId=2;
13/08/2021 15:55:51	SQL :EXEC GetUserTreeMenu 'pramudyono hadi','1507',@CompanyId=2;
13/08/2021 15:55:51	SQL :EXEC GetUserTreeMenu 'pramudyono hadi','1508',@CompanyId=2;
13/08/2021 15:55:51	SQL :EXEC GetUserTreeMenu 'pramudyono hadi','1509',@CompanyId=2;
13/08/2021 15:55:51	SQL :EXEC GetUserTreeMenu 'pramudyono hadi','1510',@CompanyId=2;
13/08/2021 15:55:51	SQL :EXEC GetUserTreeMenu 'pramudyono hadi','1511',@CompanyId=2;
13/08/2021 15:55:51	SQL :EXEC GetUserSubMenu 'pramudyono hadi','16';
13/08/2021 15:55:51	SQL :EXEC GetUserTreeMenu 'pramudyono hadi','1601',@CompanyId=2;
13/08/2021 15:55:51	SQL :EXEC GetUserTreeMenu 'pramudyono hadi','1602',@CompanyId=2;
13/08/2021 15:55:51	SQL :EXEC GetUserTreeMenu 'pramudyono hadi','1603',@CompanyId=2;
13/08/2021 15:55:51	SQL :EXEC GetUserTreeMenu 'pramudyono hadi','1604',@CompanyId=2;
13/08/2021 15:55:51	SQL :EXEC GetUserTreeMenu 'pramudyono hadi','1605',@CompanyId=2;
13/08/2021 15:55:51	SQL :EXEC GetUserTreeMenu 'pramudyono hadi','1606',@CompanyId=2;
13/08/2021 15:55:51	SQL :EXEC GetUserTreeMenu 'pramudyono hadi','1607',@CompanyId=2;
13/08/2021 15:55:51	SQL :EXEC GetUserTreeMenu 'pramudyono hadi','1608',@CompanyId=2;
13/08/2021 15:55:51	SQL :EXEC GetUserTreeMenu 'pramudyono hadi','1609',@CompanyId=2;
13/08/2021 15:55:51	SQL :EXEC GetUserTreeMenu 'pramudyono hadi','1610',@CompanyId=2;
13/08/2021 15:55:51	SQL :EXEC GetUserTreeMenu 'pramudyono hadi','1611',@CompanyId=2;
13/08/2021 15:55:51	SQL :EXEC GetUserTreeMenu 'pramudyono hadi','1612',@CompanyId=2;
13/08/2021 15:55:51	SQL :EXEC GetUserTreeMenu 'pramudyono hadi','1613',@CompanyId=2;
13/08/2021 15:55:51	SQL :EXEC GetUserTreeMenu 'pramudyono hadi','1614',@CompanyId=2;
13/08/2021 15:55:51	SQL :EXEC GetUserTreeMenu 'pramudyono hadi','1615',@CompanyId=2;
13/08/2021 15:55:51	SQL :EXEC GetUserTreeMenu 'pramudyono hadi','1616',@CompanyId=2;
13/08/2021 15:55:51	SQL :EXEC GetUserTreeMenu 'pramudyono hadi','1619',@CompanyId=2;
13/08/2021 15:55:51	SQL :EXEC GetUserTreeMenu 'pramudyono hadi','1620',@CompanyId=2;
13/08/2021 15:55:51	SQL :EXEC GetUserSubMenu 'pramudyono hadi','17';
13/08/2021 15:55:51	SQL :EXEC GetUserTreeMenu 'pramudyono hadi','1701',@CompanyId=2;
13/08/2021 15:55:51	SQL :EXEC GetUserTreeMenu 'pramudyono hadi','1702',@CompanyId=2;
13/08/2021 15:55:51	SQL :EXEC GetUserTreeMenu 'pramudyono hadi','1703',@CompanyId=2;
13/08/2021 15:55:51	SQL :EXEC GetUserTreeMenu 'pramudyono hadi','1704',@CompanyId=2;
13/08/2021 15:55:51	SQL :EXEC GetUserTreeMenu 'pramudyono hadi','1705',@CompanyId=2;
13/08/2021 15:55:51	SQL :EXEC GetUserTreeMenu 'pramudyono hadi','1706',@CompanyId=2;
13/08/2021 15:55:51	SQL :EXEC GetUserTreeMenu 'pramudyono hadi','1707',@CompanyId=2;
13/08/2021 15:55:51	SQL :EXEC GetUserTreeMenu 'pramudyono hadi','1708',@CompanyId=2;
13/08/2021 15:55:51	SQL :EXEC GetUserTreeMenu 'pramudyono hadi','1709',@CompanyId=2;
13/08/2021 15:55:51	SQL :EXEC GetUserTreeMenu 'pramudyono hadi','1710',@CompanyId=2;
13/08/2021 15:55:51	SQL :EXEC GetUserTreeMenu 'pramudyono hadi','1711',@CompanyId=2;
13/08/2021 15:55:52	SQL :EXEC GetUserTreeMenu 'pramudyono hadi','1712',@CompanyId=2;
13/08/2021 15:55:52	SQL :EXEC GetUserTreeMenu 'pramudyono hadi','1713',@CompanyId=2;
13/08/2021 15:55:52	SQL :EXEC GetUserTreeMenu 'pramudyono hadi','1714',@CompanyId=2;
13/08/2021 15:55:52	SQL :EXEC GetUserTreeMenu 'pramudyono hadi','1715',@CompanyId=2;
13/08/2021 15:55:52	SQL :EXEC GetUserTreeMenu 'pramudyono hadi','1716',@CompanyId=2;
13/08/2021 15:55:52	SQL :EXEC GetUserTreeMenu 'pramudyono hadi','1717',@CompanyId=2;
13/08/2021 15:55:52	SQL :EXEC GetUserSubMenu 'pramudyono hadi','18';
13/08/2021 15:55:52	SQL :EXEC GetUserTreeMenu 'pramudyono hadi','1801',@CompanyId=2;
13/08/2021 15:55:52	SQL :EXEC GetUserSubMenu 'pramudyono hadi','19';
13/08/2021 15:55:52	SQL :EXEC GetUserTreeMenu 'pramudyono hadi','1901',@CompanyId=2;
13/08/2021 15:55:52	SQL :EXEC GetUserTreeMenu 'pramudyono hadi','1902',@CompanyId=2;
13/08/2021 15:55:52	SQL :EXEC GetUserTreeMenu 'pramudyono hadi','1903',@CompanyId=2;
13/08/2021 15:55:52	SQL :EXEC GetUserTreeMenu 'pramudyono hadi','1904',@CompanyId=2;
13/08/2021 15:55:52	SQL :EXEC GetUserTreeMenu 'pramudyono hadi','1905',@CompanyId=2;
13/08/2021 15:55:52	SQL :EXEC GetUserTreeMenu 'pramudyono hadi','1906',@CompanyId=2;
13/08/2021 15:55:52	SQL :EXEC GetUserTreeMenu 'pramudyono hadi','1907',@CompanyId=2;
13/08/2021 15:55:52	SQL :EXEC GetUserTreeMenu 'pramudyono hadi','1908',@CompanyId=2;
13/08/2021 15:55:52	SQL :EXEC GetUserTreeMenu 'pramudyono hadi','1909',@CompanyId=2;
13/08/2021 15:55:52	SQL :EXEC GetUserTreeMenu 'pramudyono hadi','1910',@CompanyId=2;
13/08/2021 15:55:52	SQL :EXEC GetUserTreeMenu 'pramudyono hadi','1911',@CompanyId=2;
13/08/2021 15:55:52	SQL :EXEC GetUserTreeMenu 'pramudyono hadi','1912',@CompanyId=2;
13/08/2021 15:55:52	SQL :SELECT CONVERT(VARCHAR(8),GETDATE(),108) AS hour_minute;
13/08/2021 15:55:52	SQL :SELECT CONVERT(VARCHAR(10),GETDATE(),103) AS date_time;
13/08/2021 15:55:52	Loading Setting
13/08/2021 15:55:52	Open DB Connection
13/08/2021 15:55:52	SQL :SELECT * FROM wh_setting WHERE setting_name='Hold_Less_Deposit';
13/08/2021 15:55:52	SQL :SELECT * FROM wh_setting WHERE setting_name='Max_Less_Deposit';
13/08/2021 15:55:52	SQL :SELECT * FROM wh_setting WHERE setting_name='Dashboard_2';
13/08/2021 15:55:52	Finish Logging
13/08/2021 15:55:52	SQL :SELECT value_string FROM wh_setting WHERE (setting_name='Interval_CheckInDate') AND (active=1);
13/08/2021 15:55:52	SQL :SELECT value_string FROM wh_setting WHERE (setting_name='Interval_CheckInTime') AND (active=1);
13/08/2021 15:55:52	SQL :SELECT value_string FROM wh_setting WHERE (setting_name='ChatEnable') and (active=1);
13/08/2021 15:55:53	Message:Port Check
13/08/2021 15:55:53	Message:Open DB Connection
13/08/2021 15:55:53	SQL :EXEC GetMessage '01','pramudyono hadi';
13/08/2021 15:55:53	SQL :SELECT CONVERT(VARCHAR(8),GETDATE(),108) AS hour_minute;
13/08/2021 15:55:53	SQL :SELECT CONVERT(VARCHAR(10),GETDATE(),103) AS date_time;
13/08/2021 15:55:54	Open Menu :130130
13/08/2021 15:55:54	Open DB Connection
13/08/2021 15:55:54	SQL :EXEC AuthMenu 'pramudyono hadi',130130;
13/08/2021 15:55:54	Form Check :VehicleInsurance
13/08/2021 15:55:54	Form Open: VehicleList=Bus,FormRequest=
13/08/2021 15:55:54	Open DB Connection
13/08/2021 15:55:54	SQL :EXEC GetCompanyLocationList
13/08/2021 15:55:54	Open DB Connection
13/08/2021 15:55:54	SQL :EXEC GetVhcList 6,0,@CompanyId=2;
16/08/2021 09:37:20	Get Local Settings
16/08/2021 09:37:20	Start Change Local Settings
16/08/2021 09:37:20	Change short date format
16/08/2021 09:37:20	Change Long date format
16/08/2021 09:37:20	Finish Change Local Settings
16/08/2021 09:37:20	Registry Read: Path=SOFTWARE\WEHA\Aplikasi\3
16/08/2021 09:37:20	Registry Read/Write
16/08/2021 09:37:20	Registry Read: Path=SOFTWARE\WEHA\Aplikasi\3
16/08/2021 09:37:20	Create DB Object
16/08/2021 09:37:20	Init DB
16/08/2021 09:37:20	Finish Init DB
16/08/2021 09:37:20	Get File Version
16/08/2021 09:37:20	Change  Caption
16/08/2021 09:37:20	Init Shortkey
16/08/2021 09:37:21	Create DB Object
16/08/2021 09:37:21	Init DB
16/08/2021 09:37:21	Finish Init DB
16/08/2021 09:37:23	Update new version check
16/08/2021 09:37:23	Open DB Connection
16/08/2021 09:37:23	SQL :
16/08/2021 09:37:23	Update check version
16/08/2021 09:37:23	Open DB Connection
16/08/2021 09:37:23	SQL :SELECT version FROM wh_application WHERE application_id=(SELECT MAX(application_id) FROM wh_application);
16/08/2021 09:37:23	Start Login
16/08/2021 09:37:23	Open DB Connection
16/08/2021 09:37:23	SQL :EXEC AuthenticateUser 'pramudyono hadi','6f2b8366efa56f0c06dd6b31fcff8a73';
16/08/2021 09:37:23	SQL :INSERT INTO wh_log (user_id,app_date,app_version,app_version_svr,location_id,company_id,department_id,host_name,ip_address)  VALUES ('pramudyono hadi','16/08/2021','6.1.3.12','6.1.3.11',6,2,13,'DESKTOP-S1PD9OD','192.168.25.214');
16/08/2021 09:37:23	Open DB Connection
16/08/2021 09:37:23	SQL :EXEC GetUserMenu 'pramudyono hadi';
16/08/2021 09:37:23	SQL :EXEC GetUserSubMenu 'pramudyono hadi','11';
16/08/2021 09:37:23	SQL :EXEC GetUserTreeMenu 'pramudyono hadi','1101',@CompanyId=2;
16/08/2021 09:37:23	SQL :EXEC GetUserTreeMenu 'pramudyono hadi','1102',@CompanyId=2;
16/08/2021 09:37:23	SQL :EXEC GetUserTreeMenu 'pramudyono hadi','1103',@CompanyId=2;
16/08/2021 09:37:23	SQL :EXEC GetUserTreeMenu 'pramudyono hadi','1104',@CompanyId=2;
16/08/2021 09:37:23	SQL :EXEC GetUserTreeMenu 'pramudyono hadi','1105',@CompanyId=2;
16/08/2021 09:37:23	SQL :EXEC GetUserTreeMenu 'pramudyono hadi','1106',@CompanyId=2;
16/08/2021 09:37:23	SQL :EXEC GetUserTreeMenu 'pramudyono hadi','1107',@CompanyId=2;
16/08/2021 09:37:23	SQL :EXEC GetUserTreeMenu 'pramudyono hadi','1108',@CompanyId=2;
16/08/2021 09:37:23	SQL :EXEC GetUserTreeMenu 'pramudyono hadi','1109',@CompanyId=2;
16/08/2021 09:37:23	SQL :EXEC GetUserTreeMenu 'pramudyono hadi','1110',@CompanyId=2;
16/08/2021 09:37:23	SQL :EXEC GetUserTreeMenu 'pramudyono hadi','1111',@CompanyId=2;
16/08/2021 09:37:24	SQL :EXEC GetUserTreeMenu 'pramudyono hadi','1112',@CompanyId=2;
16/08/2021 09:37:24	SQL :EXEC GetUserTreeMenu 'pramudyono hadi','1113',@CompanyId=2;
16/08/2021 09:37:24	SQL :EXEC GetUserTreeMenu 'pramudyono hadi','1114',@CompanyId=2;
16/08/2021 09:37:24	SQL :EXEC GetUserTreeMenu 'pramudyono hadi','1115',@CompanyId=2;
16/08/2021 09:37:24	SQL :EXEC GetUserTreeMenu 'pramudyono hadi','1116',@CompanyId=2;
16/08/2021 09:37:24	SQL :EXEC GetUserTreeMenu 'pramudyono hadi','1117',@CompanyId=2;
16/08/2021 09:37:24	SQL :EXEC GetUserTreeMenu 'pramudyono hadi','1198',@CompanyId=2;
16/08/2021 09:37:24	SQL :EXEC GetUserTreeMenu 'pramudyono hadi','1199',@CompanyId=2;
16/08/2021 09:37:24	SQL :EXEC GetUserSubMenu 'pramudyono hadi','12';
16/08/2021 09:37:24	SQL :EXEC GetUserTreeMenu 'pramudyono hadi','1201',@CompanyId=2;
16/08/2021 09:37:24	SQL :EXEC GetUserTreeMenu 'pramudyono hadi','1202',@CompanyId=2;
16/08/2021 09:37:24	SQL :EXEC GetUserTreeMenu 'pramudyono hadi','1203',@CompanyId=2;
16/08/2021 09:37:24	SQL :EXEC GetUserTreeMenu 'pramudyono hadi','1204',@CompanyId=2;
16/08/2021 09:37:24	SQL :EXEC GetUserTreeMenu 'pramudyono hadi','1205',@CompanyId=2;
16/08/2021 09:37:24	SQL :EXEC GetUserTreeMenu 'pramudyono hadi','1206',@CompanyId=2;
16/08/2021 09:37:24	SQL :EXEC GetUserTreeMenu 'pramudyono hadi','1207',@CompanyId=2;
16/08/2021 09:37:24	SQL :EXEC GetUserSubMenu 'pramudyono hadi','13';
16/08/2021 09:37:24	SQL :EXEC GetUserTreeMenu 'pramudyono hadi','1301',@CompanyId=2;
16/08/2021 09:37:24	SQL :EXEC GetUserTreeMenu 'pramudyono hadi','1302',@CompanyId=2;
16/08/2021 09:37:24	SQL :EXEC GetUserTreeMenu 'pramudyono hadi','1303',@CompanyId=2;
16/08/2021 09:37:24	SQL :EXEC GetUserTreeMenu 'pramudyono hadi','1304',@CompanyId=2;
16/08/2021 09:37:24	SQL :EXEC GetUserTreeMenu 'pramudyono hadi','1305',@CompanyId=2;
16/08/2021 09:37:24	SQL :EXEC GetUserTreeMenu 'pramudyono hadi','1306',@CompanyId=2;
16/08/2021 09:37:24	SQL :EXEC GetUserTreeMenu 'pramudyono hadi','1307',@CompanyId=2;
16/08/2021 09:37:24	SQL :EXEC GetUserTreeMenu 'pramudyono hadi','1308',@CompanyId=2;
16/08/2021 09:37:24	SQL :EXEC GetUserTreeMenu 'pramudyono hadi','1309',@CompanyId=2;
16/08/2021 09:37:24	SQL :EXEC GetUserTreeMenu 'pramudyono hadi','1310',@CompanyId=2;
16/08/2021 09:37:24	SQL :EXEC GetUserTreeMenu 'pramudyono hadi','1311',@CompanyId=2;
16/08/2021 09:37:24	SQL :EXEC GetUserTreeMenu 'pramudyono hadi','1312',@CompanyId=2;
16/08/2021 09:37:24	SQL :EXEC GetUserTreeMenu 'pramudyono hadi','1313',@CompanyId=2;
16/08/2021 09:37:24	SQL :EXEC GetUserTreeMenu 'pramudyono hadi','1314',@CompanyId=2;
16/08/2021 09:37:24	SQL :EXEC GetUserTreeMenu 'pramudyono hadi','1315',@CompanyId=2;
16/08/2021 09:37:24	SQL :EXEC GetUserTreeMenu 'pramudyono hadi','1316',@CompanyId=2;
16/08/2021 09:37:24	SQL :EXEC GetUserTreeMenu 'pramudyono hadi','1317',@CompanyId=2;
16/08/2021 09:37:24	SQL :EXEC GetUserTreeMenu 'pramudyono hadi','1318',@CompanyId=2;
16/08/2021 09:37:24	SQL :EXEC GetUserTreeMenu 'pramudyono hadi','1319',@CompanyId=2;
16/08/2021 09:37:24	SQL :EXEC GetUserTreeMenu 'pramudyono hadi','1320',@CompanyId=2;
16/08/2021 09:37:24	SQL :EXEC GetUserTreeMenu 'pramudyono hadi','1321',@CompanyId=2;
16/08/2021 09:37:24	SQL :EXEC GetUserSubMenu 'pramudyono hadi','14';
16/08/2021 09:37:24	SQL :EXEC GetUserTreeMenu 'pramudyono hadi','1401',@CompanyId=2;
16/08/2021 09:37:24	SQL :EXEC GetUserTreeMenu 'pramudyono hadi','1402',@CompanyId=2;
16/08/2021 09:37:24	SQL :EXEC GetUserTreeMenu 'pramudyono hadi','1403',@CompanyId=2;
16/08/2021 09:37:24	SQL :EXEC GetUserTreeMenu 'pramudyono hadi','1404',@CompanyId=2;
16/08/2021 09:37:24	SQL :EXEC GetUserTreeMenu 'pramudyono hadi','1406',@CompanyId=2;
16/08/2021 09:37:24	SQL :EXEC GetUserTreeMenu 'pramudyono hadi','1408',@CompanyId=2;
16/08/2021 09:37:24	SQL :EXEC GetUserTreeMenu 'pramudyono hadi','1410',@CompanyId=2;
16/08/2021 09:37:24	SQL :EXEC GetUserTreeMenu 'pramudyono hadi','1411',@CompanyId=2;
16/08/2021 09:37:24	SQL :EXEC GetUserTreeMenu 'pramudyono hadi','1412',@CompanyId=2;
16/08/2021 09:37:24	SQL :EXEC GetUserTreeMenu 'pramudyono hadi','1413',@CompanyId=2;
16/08/2021 09:37:24	SQL :EXEC GetUserTreeMenu 'pramudyono hadi','1414',@CompanyId=2;
16/08/2021 09:37:24	SQL :EXEC GetUserSubMenu 'pramudyono hadi','15';
16/08/2021 09:37:24	SQL :EXEC GetUserTreeMenu 'pramudyono hadi','1501',@CompanyId=2;
16/08/2021 09:37:24	SQL :EXEC GetUserTreeMenu 'pramudyono hadi','1502',@CompanyId=2;
16/08/2021 09:37:24	SQL :EXEC GetUserTreeMenu 'pramudyono hadi','1503',@CompanyId=2;
16/08/2021 09:37:24	SQL :EXEC GetUserTreeMenu 'pramudyono hadi','1504',@CompanyId=2;
16/08/2021 09:37:24	SQL :EXEC GetUserTreeMenu 'pramudyono hadi','1505',@CompanyId=2;
16/08/2021 09:37:24	SQL :EXEC GetUserTreeMenu 'pramudyono hadi','1506',@CompanyId=2;
16/08/2021 09:37:24	SQL :EXEC GetUserTreeMenu 'pramudyono hadi','1507',@CompanyId=2;
16/08/2021 09:37:24	SQL :EXEC GetUserTreeMenu 'pramudyono hadi','1508',@CompanyId=2;
16/08/2021 09:37:24	SQL :EXEC GetUserTreeMenu 'pramudyono hadi','1509',@CompanyId=2;
16/08/2021 09:37:24	SQL :EXEC GetUserTreeMenu 'pramudyono hadi','1510',@CompanyId=2;
16/08/2021 09:37:24	SQL :EXEC GetUserTreeMenu 'pramudyono hadi','1511',@CompanyId=2;
16/08/2021 09:37:24	SQL :EXEC GetUserSubMenu 'pramudyono hadi','16';
16/08/2021 09:37:24	SQL :EXEC GetUserTreeMenu 'pramudyono hadi','1601',@CompanyId=2;
16/08/2021 09:37:24	SQL :EXEC GetUserTreeMenu 'pramudyono hadi','1602',@CompanyId=2;
16/08/2021 09:37:24	SQL :EXEC GetUserTreeMenu 'pramudyono hadi','1603',@CompanyId=2;
16/08/2021 09:37:24	SQL :EXEC GetUserTreeMenu 'pramudyono hadi','1604',@CompanyId=2;
16/08/2021 09:37:24	SQL :EXEC GetUserTreeMenu 'pramudyono hadi','1605',@CompanyId=2;
16/08/2021 09:37:24	SQL :EXEC GetUserTreeMenu 'pramudyono hadi','1606',@CompanyId=2;
16/08/2021 09:37:24	SQL :EXEC GetUserTreeMenu 'pramudyono hadi','1607',@CompanyId=2;
16/08/2021 09:37:24	SQL :EXEC GetUserTreeMenu 'pramudyono hadi','1608',@CompanyId=2;
16/08/2021 09:37:24	SQL :EXEC GetUserTreeMenu 'pramudyono hadi','1609',@CompanyId=2;
16/08/2021 09:37:24	SQL :EXEC GetUserTreeMenu 'pramudyono hadi','1610',@CompanyId=2;
16/08/2021 09:37:24	SQL :EXEC GetUserTreeMenu 'pramudyono hadi','1611',@CompanyId=2;
16/08/2021 09:37:24	SQL :EXEC GetUserTreeMenu 'pramudyono hadi','1612',@CompanyId=2;
16/08/2021 09:37:24	SQL :EXEC GetUserTreeMenu 'pramudyono hadi','1613',@CompanyId=2;
16/08/2021 09:37:24	SQL :EXEC GetUserTreeMenu 'pramudyono hadi','1614',@CompanyId=2;
16/08/2021 09:37:24	SQL :EXEC GetUserTreeMenu 'pramudyono hadi','1615',@CompanyId=2;
16/08/2021 09:37:24	SQL :EXEC GetUserTreeMenu 'pramudyono hadi','1616',@CompanyId=2;
16/08/2021 09:37:24	SQL :EXEC GetUserTreeMenu 'pramudyono hadi','1619',@CompanyId=2;
16/08/2021 09:37:24	SQL :EXEC GetUserTreeMenu 'pramudyono hadi','1620',@CompanyId=2;
16/08/2021 09:37:24	SQL :EXEC GetUserSubMenu 'pramudyono hadi','17';
16/08/2021 09:37:24	SQL :EXEC GetUserTreeMenu 'pramudyono hadi','1701',@CompanyId=2;
16/08/2021 09:37:24	SQL :EXEC GetUserTreeMenu 'pramudyono hadi','1702',@CompanyId=2;
16/08/2021 09:37:24	SQL :EXEC GetUserTreeMenu 'pramudyono hadi','1703',@CompanyId=2;
16/08/2021 09:37:24	SQL :EXEC GetUserTreeMenu 'pramudyono hadi','1704',@CompanyId=2;
16/08/2021 09:37:24	SQL :EXEC GetUserTreeMenu 'pramudyono hadi','1705',@CompanyId=2;
16/08/2021 09:37:24	SQL :EXEC GetUserTreeMenu 'pramudyono hadi','1706',@CompanyId=2;
16/08/2021 09:37:24	SQL :EXEC GetUserTreeMenu 'pramudyono hadi','1707',@CompanyId=2;
16/08/2021 09:37:24	SQL :EXEC GetUserTreeMenu 'pramudyono hadi','1708',@CompanyId=2;
16/08/2021 09:37:24	SQL :EXEC GetUserTreeMenu 'pramudyono hadi','1709',@CompanyId=2;
16/08/2021 09:37:24	SQL :EXEC GetUserTreeMenu 'pramudyono hadi','1710',@CompanyId=2;
16/08/2021 09:37:25	SQL :EXEC GetUserTreeMenu 'pramudyono hadi','1711',@CompanyId=2;
16/08/2021 09:37:25	SQL :EXEC GetUserTreeMenu 'pramudyono hadi','1712',@CompanyId=2;
16/08/2021 09:37:25	SQL :EXEC GetUserTreeMenu 'pramudyono hadi','1713',@CompanyId=2;
16/08/2021 09:37:25	SQL :EXEC GetUserTreeMenu 'pramudyono hadi','1714',@CompanyId=2;
16/08/2021 09:37:25	SQL :EXEC GetUserTreeMenu 'pramudyono hadi','1715',@CompanyId=2;
16/08/2021 09:37:25	SQL :EXEC GetUserTreeMenu 'pramudyono hadi','1716',@CompanyId=2;
16/08/2021 09:37:25	SQL :EXEC GetUserTreeMenu 'pramudyono hadi','1717',@CompanyId=2;
16/08/2021 09:37:25	SQL :EXEC GetUserSubMenu 'pramudyono hadi','18';
16/08/2021 09:37:25	SQL :EXEC GetUserTreeMenu 'pramudyono hadi','1801',@CompanyId=2;
16/08/2021 09:37:25	SQL :EXEC GetUserSubMenu 'pramudyono hadi','19';
16/08/2021 09:37:25	SQL :EXEC GetUserTreeMenu 'pramudyono hadi','1901',@CompanyId=2;
16/08/2021 09:37:25	SQL :EXEC GetUserTreeMenu 'pramudyono hadi','1902',@CompanyId=2;
16/08/2021 09:37:25	SQL :EXEC GetUserTreeMenu 'pramudyono hadi','1903',@CompanyId=2;
16/08/2021 09:37:25	SQL :EXEC GetUserTreeMenu 'pramudyono hadi','1904',@CompanyId=2;
16/08/2021 09:37:25	SQL :EXEC GetUserTreeMenu 'pramudyono hadi','1905',@CompanyId=2;
16/08/2021 09:37:25	SQL :EXEC GetUserTreeMenu 'pramudyono hadi','1906',@CompanyId=2;
16/08/2021 09:37:25	SQL :EXEC GetUserTreeMenu 'pramudyono hadi','1907',@CompanyId=2;
16/08/2021 09:37:25	SQL :EXEC GetUserTreeMenu 'pramudyono hadi','1908',@CompanyId=2;
16/08/2021 09:37:25	SQL :EXEC GetUserTreeMenu 'pramudyono hadi','1909',@CompanyId=2;
16/08/2021 09:37:25	SQL :EXEC GetUserTreeMenu 'pramudyono hadi','1910',@CompanyId=2;
16/08/2021 09:37:25	SQL :EXEC GetUserTreeMenu 'pramudyono hadi','1911',@CompanyId=2;
16/08/2021 09:37:25	SQL :EXEC GetUserTreeMenu 'pramudyono hadi','1912',@CompanyId=2;
16/08/2021 09:37:25	SQL :SELECT CONVERT(VARCHAR(8),GETDATE(),108) AS hour_minute;
16/08/2021 09:37:25	SQL :SELECT CONVERT(VARCHAR(10),GETDATE(),103) AS date_time;
16/08/2021 09:37:25	Loading Setting
16/08/2021 09:37:25	Open DB Connection
16/08/2021 09:37:25	SQL :SELECT * FROM wh_setting WHERE setting_name='Hold_Less_Deposit';
16/08/2021 09:37:25	SQL :SELECT * FROM wh_setting WHERE setting_name='Max_Less_Deposit';
16/08/2021 09:37:25	SQL :SELECT * FROM wh_setting WHERE setting_name='Dashboard_2';
16/08/2021 09:37:25	Finish Logging
16/08/2021 09:37:25	SQL :SELECT value_string FROM wh_setting WHERE (setting_name='Interval_CheckInDate') AND (active=1);
16/08/2021 09:37:25	SQL :SELECT value_string FROM wh_setting WHERE (setting_name='Interval_CheckInTime') AND (active=1);
16/08/2021 09:37:25	SQL :SELECT value_string FROM wh_setting WHERE (setting_name='ChatEnable') and (active=1);
16/08/2021 09:37:26	Message:Port Check
16/08/2021 09:37:26	Message:Open DB Connection
16/08/2021 09:37:26	SQL :EXEC GetMessage '01','pramudyono hadi';
16/08/2021 09:37:26	SQL :SELECT CONVERT(VARCHAR(8),GETDATE(),108) AS hour_minute;
16/08/2021 09:37:26	SQL :SELECT CONVERT(VARCHAR(10),GETDATE(),103) AS date_time;
16/08/2021 09:37:33	Open Menu :190506
16/08/2021 09:37:33	Open DB Connection
16/08/2021 09:37:33	SQL :EXEC AuthMenu 'pramudyono hadi',190506;
16/08/2021 09:37:33	Form Check :DailyCheckRpt
16/08/2021 09:37:33	Form Open: DailyCheckRpt=Bus,,,6
16/08/2021 09:37:33	Open DB Connection
16/08/2021 09:37:33	SQL :EXEC GetCompanyLocationList
16/08/2021 09:37:37	Open DB Connection
16/08/2021 09:37:37	SQL :EXEC GetCustomerOrderList 2,@OutDates='2021/08/15',@LocationId=6,@Finish=6,@ListType=1,@isQuick=1;
16/08/2021 09:37:43	SQL :EXEC GetReservedOrderDetailDetail @CustomerOrderDetailId='CORWDC2107002195',@SJDetail=1;
16/08/2021 09:37:43	SQL :EXEC GetReservedOrderDetailDetail @CustomerOrderDetailId='CORWDC2108001203',@SJDetail=1;
16/08/2021 09:37:43	SQL :EXEC GetReservedOrderDetailDetail @CustomerOrderDetailId='CORWDC2108002880',@SJDetail=1;
16/08/2021 09:37:43	SQL :EXEC GetReservedOrderDetailDetail @CustomerOrderDetailId='CORWDC2108002971',@SJDetail=1;
16/08/2021 09:37:43	SQL :EXEC GetReservedOrderDetailDetail @CustomerOrderDetailId='CORWDC2108002978',@SJDetail=1;
16/08/2021 09:37:43	SQL :EXEC GetReservedOrderDetailDetail @CustomerOrderDetailId='CORWDC2108003211',@SJDetail=1;
16/08/2021 09:37:43	SQL :EXEC GetReservedOrderDetailDetail @CustomerOrderDetailId='CORWDC2108003185',@SJDetail=1;
16/08/2021 09:37:43	SQL :EXEC GetReservedOrderDetailDetail @CustomerOrderDetailId='CORWDC2108003186',@SJDetail=1;
16/08/2021 09:37:43	SQL :EXEC GetReservedOrderDetailDetail @CustomerOrderDetailId='CORWDC2108003187',@SJDetail=1;
16/08/2021 09:37:43	SQL :EXEC GetReservedOrderDetailDetail @CustomerOrderDetailId='CORWDC2108003188',@SJDetail=1;
16/08/2021 09:37:43	SQL :EXEC GetReservedOrderDetailDetail @CustomerOrderDetailId='CORWDC2108003190',@SJDetail=1;
16/08/2021 09:37:43	SQL :EXEC GetReservedOrderDetailDetail @CustomerOrderDetailId='CORWDC2108003191',@SJDetail=1;
16/08/2021 09:37:43	SQL :EXEC GetReservedOrderDetailDetail @CustomerOrderDetailId='CORWDC2108003192',@SJDetail=1;
16/08/2021 09:37:43	SQL :EXEC GetReservedOrderDetailDetail @CustomerOrderDetailId='CORWDC2108003193',@SJDetail=1;
16/08/2021 09:37:43	SQL :EXEC GetReservedOrderDetailDetail @CustomerOrderDetailId='CORWDC2108003194',@SJDetail=1;
16/08/2021 09:37:43	SQL :EXEC GetReservedOrderDetailDetail @CustomerOrderDetailId='CORWDC2108003215',@SJDetail=1;
16/08/2021 09:37:43	SQL :EXEC GetReservedOrderDetailDetail @CustomerOrderDetailId='CORWDC2108003225',@SJDetail=1;
16/08/2021 09:37:43	SQL :EXEC GetReservedOrderDetailDetail @CustomerOrderDetailId='CORWDC2108003228',@SJDetail=1;
16/08/2021 09:37:43	SQL :EXEC GetReservedOrderDetailDetail @CustomerOrderDetailId='CORWDC2108003231',@SJDetail=1;
16/08/2021 09:37:43	SQL :EXEC GetReservedOrderDetailDetail @CustomerOrderDetailId='CORWDC2108003233',@SJDetail=1;
16/08/2021 09:37:43	SQL :EXEC GetReservedOrderDetailDetail @CustomerOrderDetailId='CORWDC2108003234',@SJDetail=1;
16/08/2021 09:37:43	SQL :EXEC GetReservedOrderDetailDetail @CustomerOrderDetailId='CORWDC2108003235',@SJDetail=1;
16/08/2021 09:37:43	SQL :EXEC GetReservedOrderDetailDetail @CustomerOrderDetailId='CORWDC2108003237',@SJDetail=1;
16/08/2021 09:37:43	SQL :EXEC GetReservedOrderDetailDetail @CustomerOrderDetailId='CORWDC2108003239',@SJDetail=1;
16/08/2021 09:37:43	SQL :EXEC GetReservedOrderDetailDetail @CustomerOrderDetailId='CORWDC2108003241',@SJDetail=1;
16/08/2021 09:37:43	SQL :EXEC GetReservedOrderDetailDetail @CustomerOrderDetailId='CORWDC2108003253',@SJDetail=1;
16/08/2021 09:37:43	SQL :EXEC GetReservedOrderDetailDetail @CustomerOrderDetailId='CORWDC2108003250',@SJDetail=1;
16/08/2021 09:37:43	SQL :EXEC GetReservedOrderDetailDetail @CustomerOrderDetailId='CORWDC2108003252',@SJDetail=1;
16/08/2021 09:37:43	SQL :EXEC GetReservedOrderDetailDetail @CustomerOrderDetailId='CORWDC2108003255',@SJDetail=1;
16/08/2021 09:37:43	SQL :EXEC GetReservedOrderDetailDetail @CustomerOrderDetailId='CORWDC2108003257',@SJDetail=1;
16/08/2021 09:37:43	SQL :EXEC GetReservedOrderDetailDetail @CustomerOrderDetailId='CORWDC2108003259',@SJDetail=1;
16/08/2021 09:37:43	SQL :EXEC GetReservedOrderDetailDetail @CustomerOrderDetailId='CORWDC2108003261',@SJDetail=1;
16/08/2021 09:37:43	SQL :EXEC GetReservedOrderDetailDetail @CustomerOrderDetailId='CORWDC2108003569',@SJDetail=1;
16/08/2021 09:37:48	Open DB Connection
16/08/2021 09:37:48	SQL :EXEC GetCustomerOrderList 2,@OutDates='2021/08/15',@LocationId=6,@Finish=6,@ListType=1,@isQuick=1;
16/08/2021 09:37:51	SQL :EXEC GetReservedOrderDetailDetail @CustomerOrderDetailId='CORWDC2107002195',@SJDetail=1;
16/08/2021 09:37:51	SQL :EXEC GetReservedOrderDetailDetail @CustomerOrderDetailId='CORWDC2108001203',@SJDetail=1;
16/08/2021 09:37:51	SQL :EXEC GetReservedOrderDetailDetail @CustomerOrderDetailId='CORWDC2108002880',@SJDetail=1;
16/08/2021 09:37:51	SQL :EXEC GetReservedOrderDetailDetail @CustomerOrderDetailId='CORWDC2108002971',@SJDetail=1;
16/08/2021 09:37:51	SQL :EXEC GetReservedOrderDetailDetail @CustomerOrderDetailId='CORWDC2108002978',@SJDetail=1;
16/08/2021 09:37:51	SQL :EXEC GetReservedOrderDetailDetail @CustomerOrderDetailId='CORWDC2108003211',@SJDetail=1;
16/08/2021 09:37:51	SQL :EXEC GetReservedOrderDetailDetail @CustomerOrderDetailId='CORWDC2108003185',@SJDetail=1;
16/08/2021 09:37:51	SQL :EXEC GetReservedOrderDetailDetail @CustomerOrderDetailId='CORWDC2108003186',@SJDetail=1;
16/08/2021 09:37:51	SQL :EXEC GetReservedOrderDetailDetail @CustomerOrderDetailId='CORWDC2108003187',@SJDetail=1;
16/08/2021 09:37:51	SQL :EXEC GetReservedOrderDetailDetail @CustomerOrderDetailId='CORWDC2108003188',@SJDetail=1;
16/08/2021 09:37:51	SQL :EXEC GetReservedOrderDetailDetail @CustomerOrderDetailId='CORWDC2108003190',@SJDetail=1;
16/08/2021 09:37:51	SQL :EXEC GetReservedOrderDetailDetail @CustomerOrderDetailId='CORWDC2108003191',@SJDetail=1;
16/08/2021 09:37:51	SQL :EXEC GetReservedOrderDetailDetail @CustomerOrderDetailId='CORWDC2108003192',@SJDetail=1;
16/08/2021 09:37:51	SQL :EXEC GetReservedOrderDetailDetail @CustomerOrderDetailId='CORWDC2108003193',@SJDetail=1;
16/08/2021 09:37:51	SQL :EXEC GetReservedOrderDetailDetail @CustomerOrderDetailId='CORWDC2108003194',@SJDetail=1;
16/08/2021 09:37:51	SQL :EXEC GetReservedOrderDetailDetail @CustomerOrderDetailId='CORWDC2108003215',@SJDetail=1;
16/08/2021 09:37:51	SQL :EXEC GetReservedOrderDetailDetail @CustomerOrderDetailId='CORWDC2108003225',@SJDetail=1;
16/08/2021 09:37:51	SQL :EXEC GetReservedOrderDetailDetail @CustomerOrderDetailId='CORWDC2108003228',@SJDetail=1;
16/08/2021 09:37:51	SQL :EXEC GetReservedOrderDetailDetail @CustomerOrderDetailId='CORWDC2108003231',@SJDetail=1;
16/08/2021 09:37:51	SQL :EXEC GetReservedOrderDetailDetail @CustomerOrderDetailId='CORWDC2108003233',@SJDetail=1;
16/08/2021 09:37:51	SQL :EXEC GetReservedOrderDetailDetail @CustomerOrderDetailId='CORWDC2108003234',@SJDetail=1;
16/08/2021 09:37:51	SQL :EXEC GetReservedOrderDetailDetail @CustomerOrderDetailId='CORWDC2108003235',@SJDetail=1;
16/08/2021 09:37:51	SQL :EXEC GetReservedOrderDetailDetail @CustomerOrderDetailId='CORWDC2108003237',@SJDetail=1;
16/08/2021 09:37:51	SQL :EXEC GetReservedOrderDetailDetail @CustomerOrderDetailId='CORWDC2108003239',@SJDetail=1;
16/08/2021 09:37:51	SQL :EXEC GetReservedOrderDetailDetail @CustomerOrderDetailId='CORWDC2108003241',@SJDetail=1;
16/08/2021 09:37:51	SQL :EXEC GetReservedOrderDetailDetail @CustomerOrderDetailId='CORWDC2108003253',@SJDetail=1;
16/08/2021 09:37:51	SQL :EXEC GetReservedOrderDetailDetail @CustomerOrderDetailId='CORWDC2108003250',@SJDetail=1;
16/08/2021 09:37:51	SQL :EXEC GetReservedOrderDetailDetail @CustomerOrderDetailId='CORWDC2108003252',@SJDetail=1;
16/08/2021 09:37:51	SQL :EXEC GetReservedOrderDetailDetail @CustomerOrderDetailId='CORWDC2108003255',@SJDetail=1;
16/08/2021 09:37:51	SQL :EXEC GetReservedOrderDetailDetail @CustomerOrderDetailId='CORWDC2108003257',@SJDetail=1;
16/08/2021 09:37:51	SQL :EXEC GetReservedOrderDetailDetail @CustomerOrderDetailId='CORWDC2108003259',@SJDetail=1;
16/08/2021 09:37:51	SQL :EXEC GetReservedOrderDetailDetail @CustomerOrderDetailId='CORWDC2108003261',@SJDetail=1;
16/08/2021 09:37:51	SQL :EXEC GetReservedOrderDetailDetail @CustomerOrderDetailId='CORWDC2108003569',@SJDetail=1;
16/08/2021 09:45:30	Open Menu :131105
16/08/2021 09:45:30	Open DB Connection
16/08/2021 09:45:30	SQL :EXEC AuthMenu 'pramudyono hadi',131105;
16/08/2021 09:45:30	Form Check :BookingList
16/08/2021 09:45:30	Form Open: BookingList=Bus,,,9,,0
16/08/2021 09:45:30	Open DB Connection
16/08/2021 09:45:30	SQL :EXEC GetCompanyLocationList
16/08/2021 09:45:30	Open DB Connection
16/08/2021 09:45:30	SQL :EXEC GetReservedOrderList 2,@LocationId=6,@Finish=9,@PaymentDetail=2;
16/08/2021 09:47:43	Open DB Connection
16/08/2021 09:47:43	SQL :EXEC GetCustomerOrderList 2,@OutDates='2021/09/15',@LocationId=6,@Finish=6,@ListType=1,@isQuick=1;
16/08/2021 09:47:45	SQL :EXEC GetReservedOrderDetailDetail @CustomerOrderDetailId='CORWDC2103002561',@SJDetail=1;
16/08/2021 09:47:45	SQL :EXEC GetReservedOrderDetailDetail @CustomerOrderDetailId='CORWDC2108001330',@SJDetail=1;
16/08/2021 09:47:45	SQL :EXEC GetReservedOrderDetailDetail @CustomerOrderDetailId='CORWDC2108001352',@SJDetail=1;
16/08/2021 09:47:46	SQL :EXEC GetReservedOrderDetailDetail @CustomerOrderDetailId='CORWDC2108001374',@SJDetail=1;
16/08/2021 09:47:46	SQL :EXEC GetReservedOrderDetailDetail @CustomerOrderDetailId='CORWDC2108003051',@SJDetail=1;
16/08/2021 09:47:46	SQL :EXEC GetReservedOrderDetailDetail @CustomerOrderDetailId='CORWDC2108003189',@SJDetail=1;
16/08/2021 09:47:57	Message:Port Check
16/08/2021 09:47:57	Message:Open DB Connection
16/08/2021 09:47:57	SQL :EXEC GetMessage '01','pramudyono hadi';
16/08/2021 09:47:57	SQL :SELECT CONVERT(VARCHAR(8),GETDATE(),108) AS hour_minute;
16/08/2021 09:47:57	SQL :SELECT CONVERT(VARCHAR(10),GETDATE(),103) AS date_time;
16/08/2021 09:49:33	Open Menu :131105
16/08/2021 09:49:33	Open DB Connection
16/08/2021 09:49:33	SQL :EXEC AuthMenu 'pramudyono hadi',131105;
16/08/2021 09:49:33	Form Check :BookingList
16/08/2021 09:49:33	Form Open: BookingList=Bus,,,9,,0
16/08/2021 09:49:33	Open DB Connection
16/08/2021 09:49:33	SQL :EXEC GetCompanyLocationList
16/08/2021 09:49:33	Open DB Connection
16/08/2021 09:49:33	SQL :EXEC GetReservedOrderList 2,@LocationId=6,@Finish=9,@PaymentDetail=2;
16/08/2021 09:53:44	Open Menu :130502
16/08/2021 09:53:44	Open DB Connection
16/08/2021 09:53:44	SQL :EXEC AuthMenu 'pramudyono hadi',130502;
16/08/2021 09:53:44	Form Open: ProductPriceList=Main-Change,0,-1,0
16/08/2021 09:53:44	Open DB Connection
16/08/2021 09:53:44	SQL :EXEC GetCompanyLocationList
16/08/2021 09:53:44	Open DB Connection
16/08/2021 09:53:44	SQL :EXEC GetVhcOutList2 6,1,2,@AllFoward=2;
16/08/2021 09:54:04	Open DB Connection
16/08/2021 09:54:04	SQL :EXEC GetVhcOutList2 6,1,2,@AllFoward=-2;
16/08/2021 09:54:09	Open DB Connection
16/08/2021 09:54:09	SQL :EXEC GetVhcOutList2 6,1,2,@AllFoward=-1;
16/08/2021 09:58:22	Message:Port Check
16/08/2021 09:58:22	Message:Open DB Connection
16/08/2021 09:58:22	SQL :EXEC GetMessage '01','pramudyono hadi';
16/08/2021 09:58:22	SQL :SELECT CONVERT(VARCHAR(8),GETDATE(),108) AS hour_minute;
16/08/2021 09:58:22	SQL :SELECT CONVERT(VARCHAR(10),GETDATE(),103) AS date_time;
16/08/2021 10:06:08	Open Menu :131102
16/08/2021 10:06:08	Open DB Connection
16/08/2021 10:06:08	SQL :EXEC AuthMenu 'pramudyono hadi',131102;
16/08/2021 10:06:08	Form Check :BookingList
16/08/2021 10:06:08	Form Open: BookingList=Bus,,Main-Change,0,,0
16/08/2021 10:06:08	Open DB Connection
16/08/2021 10:06:08	SQL :EXEC GetCompanyLocationList
16/08/2021 10:06:08	Open DB Connection
16/08/2021 10:06:08	SQL :EXEC GetReservedOrderList 2,@LocationId=6,@Finish=0,@PaymentDetail=2;
16/08/2021 10:06:29	Form Check :BookingForm
16/08/2021 10:06:29	Form Open: BookingForm=RESWDC21080269,,-1,
16/08/2021 10:06:29	Open DB Connection
16/08/2021 10:06:29	SQL :SELECT * FROM wh_setting WHERE (setting_name='PostingData_API_CompanyId_2') AND (active=1);
16/08/2021 10:06:29	Open DB Connection
16/08/2021 10:06:29	SQL :EXEC GetReservedOrderDetail 'RESWDC21080269';
16/08/2021 10:06:30	Open DB Connection
16/08/2021 10:06:30	SQL :EXEC GetReservedOrderDetailList 'RESWDC21080269';
16/08/2021 10:06:30	SQL :EXEC GetCustomerOrderServiceList 'COWDC21080266';
16/08/2021 10:06:32	Open DB Connection
16/08/2021 10:06:32	SQL :exec GetWebServiceURL 3
16/08/2021 10:06:32	SQL :UPDATE wh_reserved_order SET status=1,field_contact=NULL,field_contact_cellular_no=NULL,group_name=NULL,daily_package=NULL,lock_order=0,isFix=0,update_time=GETDATE(),update_user='pramudyono hadi' WHERE reserved_order_id='RESWDC21080269'; UPDATE wh_reserved_order_detail SET status=0  WHERE (reserved_order_id='RESWDC21080269') AND (status=1) ; UPDATE wh_reserved_order_detail_detail SET status=0  WHERE (reserved_order_id='RESWDC21080269') AND (status=1); UPDATE wh_reserved_order_detail_package SET status=0  WHERE (reserved_order_id='RESWDC21080269') AND (status=1);
16/08/2021 10:06:32	SQL :SELECT RIGHT(MAX(reserved_order_detail_id),5) AS max_id FROM wh_reserved_order_detail WHERE reserved_order_detail_id  LIKE 'RESR2108_____';
16/08/2021 10:06:32	SQL :INSERT INTO wh_reserved_order_detail (reserved_order_detail_id,reserved_order_id,product_price_id,from_date,to_date,from_time,to_time,standby_time,route,pickup_point,vehicle_id,employee_id,employee_id2,vhc_trans_id,full_day,remark,remark_change,update_user) VALUES ('RESR210805650','RESWDC21080269','PP16120011','2021-08-15','2021-08-15','11:00','11:00','11:00','grogol transit tebet - cihampelas, bandung / pp','Grogol Transit Tebet','BS14050002','BS14090001',NULL,NULL,0,'tol dari wh ',NULL,'pramudyono hadi');INSERT INTO wh_reserved_order_detail_detail (reserved_order_detail_id,reserved_order_id,customer_order_detail_id,update_user) VALUES ('RESR210805650','RESWDC21080269','CORWDC2108003574','pramudyono hadi');
16/08/2021 10:06:32	SQL :INSERT INTO wh_reserved_order_detail (reserved_order_detail_id,reserved_order_id,product_price_id,from_date,to_date,from_time,to_time,standby_time,route,pickup_point,vehicle_id,employee_id,employee_id2,vhc_trans_id,full_day,remark,remark_change,update_user) VALUES ('RESR210805651','RESWDC21080269','PP16120010','2021-08-15','2021-08-15','10:00','10:00','10:00','dipatiukur, bandung / pp','Atrium Plaza','BS220010002','BU13090014',NULL,'SJBRB21080702',0,'tol dari wh ',NULL,'pramudyono hadi');INSERT INTO wh_reserved_order_detail_detail (reserved_order_detail_id,reserved_order_id,customer_order_detail_id,update_user) VALUES ('RESR210805651','RESWDC21080269','CORWDC2108003570','pramudyono hadi');
16/08/2021 10:06:32	SQL :INSERT INTO wh_reserved_order_detail (reserved_order_detail_id,reserved_order_id,product_price_id,from_date,to_date,from_time,to_time,standby_time,route,pickup_point,vehicle_id,employee_id,employee_id2,vhc_trans_id,full_day,remark,remark_change,update_user) VALUES ('RESR210805652','RESWDC21080269','PP16120010','2021-08-15','2021-08-15','13:00','13:00','13:00','dipatiukur, bandung / pp','Atrium Plaza','BU13090054','BU13090025',NULL,'SJBRB21080703',0,'tol dari wh ',NULL,'pramudyono hadi');INSERT INTO wh_reserved_order_detail_detail (reserved_order_detail_id,reserved_order_id,customer_order_detail_id,update_user) VALUES ('RESR210805652','RESWDC21080269','CORWDC2108003571','pramudyono hadi');
16/08/2021 10:06:32	SQL :INSERT INTO wh_reserved_order_detail (reserved_order_detail_id,reserved_order_id,product_price_id,from_date,to_date,from_time,to_time,standby_time,route,pickup_point,vehicle_id,employee_id,employee_id2,vhc_trans_id,full_day,remark,remark_change,update_user) VALUES ('RESR210805653','RESWDC21080269','PP16120010','2021-08-15','2021-08-15','10:00','10:00','10:00','dipatiukur, bandung / pp','Binus','BS14050006','BU13090024',NULL,'SJBRB21080704',0,'tol dari wh ',NULL,'pramudyono hadi');INSERT INTO wh_reserved_order_detail_detail (reserved_order_detail_id,reserved_order_id,customer_order_detail_id,update_user) VALUES ('RESR210805653','RESWDC21080269','CORWDC2108003572','pramudyono hadi');
16/08/2021 10:06:32	SQL :INSERT INTO wh_reserved_order_detail (reserved_order_detail_id,reserved_order_id,product_price_id,from_date,to_date,from_time,to_time,standby_time,route,pickup_point,vehicle_id,employee_id,employee_id2,vhc_trans_id,full_day,remark,remark_change,update_user) VALUES ('RESR210805654','RESWDC21080269','PP16120010','2021-08-15','2021-08-15','13:30','13:30','13:30','dipatiukur, bandung / pp','Binus','BU13090057','BU13090003',NULL,'SJBRB21080705',0,'tol dari wh ',NULL,'pramudyono hadi');INSERT INTO wh_reserved_order_detail_detail (reserved_order_detail_id,reserved_order_id,customer_order_detail_id,update_user) VALUES ('RESR210805654','RESWDC21080269','CORWDC2108003573','pramudyono hadi');
16/08/2021 10:06:32	SQL :INSERT INTO wh_reserved_order_detail (reserved_order_detail_id,reserved_order_id,product_price_id,from_date,to_date,from_time,to_time,standby_time,route,pickup_point,vehicle_id,employee_id,employee_id2,vhc_trans_id,full_day,remark,remark_change,update_user) VALUES ('RESR210805655','RESWDC21080269','PP16120011','2021-08-15','2021-08-15','09:00','09:00','09:00','dipatiukur, bandung / pp','Lippo Puri','BS14050004','BS10070001',NULL,'SJBRB21080706',0,'tol dari wh ',NULL,'pramudyono hadi');INSERT INTO wh_reserved_order_detail_detail (reserved_order_detail_id,reserved_order_id,customer_order_detail_id,update_user) VALUES ('RESR210805655','RESWDC21080269','CORWDC2108003575','pramudyono hadi');
16/08/2021 10:06:32	SQL :INSERT INTO wh_reserved_order_detail (reserved_order_detail_id,reserved_order_id,product_price_id,from_date,to_date,from_time,to_time,standby_time,route,pickup_point,vehicle_id,employee_id,employee_id2,vhc_trans_id,full_day,remark,remark_change,update_user) VALUES ('RESR210805656','RESWDC21080269','PP16120011','2021-08-15','2021-08-15','11:00','11:00','11:00','dipatiukur, bandung / pp','Lippo Puri','BU13090044','BU13090060',NULL,'SJBRB21080707',0,'tol dari wh ',NULL,'pramudyono hadi');INSERT INTO wh_reserved_order_detail_detail (reserved_order_detail_id,reserved_order_id,customer_order_detail_id,update_user) VALUES ('RESR210805656','RESWDC21080269','CORWDC2108003576','pramudyono hadi');
16/08/2021 10:06:32	SQL :INSERT INTO wh_reserved_order_detail (reserved_order_detail_id,reserved_order_id,product_price_id,from_date,to_date,from_time,to_time,standby_time,route,pickup_point,vehicle_id,employee_id,employee_id2,vhc_trans_id,full_day,remark,remark_change,update_user) VALUES ('RESR210805657','RESWDC21080269','PP16120011','2021-08-15','2021-08-15','07:00','07:00','07:00','cihampelas, bandung / pp','Tangerang City','BS217080003','BU13090004',NULL,'SJBRB21080708',0,'tol dari wh ',NULL,'pramudyono hadi');INSERT INTO wh_reserved_order_detail_detail (reserved_order_detail_id,reserved_order_id,customer_order_detail_id,update_user) VALUES ('RESR210805657','RESWDC21080269','CORWDC2108003577','pramudyono hadi');
16/08/2021 10:06:32	SQL :INSERT INTO wh_reserved_order_detail (reserved_order_detail_id,reserved_order_id,product_price_id,from_date,to_date,from_time,to_time,standby_time,route,pickup_point,vehicle_id,employee_id,employee_id2,vhc_trans_id,full_day,remark,remark_change,update_user) VALUES ('RESR210805658','RESWDC21080269','PP16120011','2021-08-15','2021-08-15','11:00','11:00','11:00','cihampelas, bandung / pp','Tangerang City','BS221070012','BS21070004',NULL,'SJBRB21080709',0,'tol dari wh ',NULL,'pramudyono hadi');INSERT INTO wh_reserved_order_detail_detail (reserved_order_detail_id,reserved_order_id,customer_order_detail_id,update_user) VALUES ('RESR210805658','RESWDC21080269','CORWDC2108003578','pramudyono hadi');
16/08/2021 10:06:32	SQL :INSERT INTO wh_reserved_order_detail (reserved_order_detail_id,reserved_order_id,product_price_id,from_date,to_date,from_time,to_time,standby_time,route,pickup_point,vehicle_id,employee_id,employee_id2,vhc_trans_id,full_day,remark,remark_change,update_user) VALUES ('RESR210805659','RESWDC21080269','PP16120011','2021-08-15','2021-08-15','09:00','09:00','09:00','dipatiukur dan cihampelas, bandung / pp','Bekasi','BS14050008','BU13090088',NULL,'SJBRB21080710',0,'tol dari wh ',NULL,'pramudyono hadi');INSERT INTO wh_reserved_order_detail_detail (reserved_order_detail_id,reserved_order_id,customer_order_detail_id,update_user) VALUES ('RESR210805659','RESWDC21080269','CORWDC2108003579','pramudyono hadi');
16/08/2021 10:06:32	SQL :SELECT * FROM wh_setting WHERE (setting_name='Allow_WL_Less_Unit_CompanyId_2') AND (active=1);
16/08/2021 10:06:32	SQL :SELECT (SELECT COUNT(*) FROM wh_reserved_order_detail_detail aa   LEFT JOIn wh_reserved_order ab ON ab.reserved_order_id=aa.reserved_order_id  WHERE ((aa.customer_order_detail_id=a.customer_order_detail_id) AND (aa.status=1)) AND (ab.status=1) ) AS reserved_units,* FROM wh_customer_order_detail a  WHERE (customer_order_id='COWDC21080266') AND (a.status=1) ;
16/08/2021 10:06:32	SQL :UPDATE wh_customer_order SET complete=1 WHERE customer_order_id='COWDC21080266';
16/08/2021 10:06:32	SQL :SELECT * FROM wh_setting WHERE (setting_name='PostingData_WehaOnline') AND (active=1);
16/08/2021 10:06:32	Open DB Connection
16/08/2021 10:06:32	SQL :Insert Into wh_api_intersys_log (methode, param_in, result, user_id) Values ( 'Penjadwalan - ChangeVehicleReservedCode', 'StrReqOrderNo=COWDC21080266; ParamJsonRsvId=[{"OldWehaReservedCode"="RESR210805628", "NewWehaReservedCode" = "RESR210805650", "NewDriverName" = "Ahmad Hasani", "NewDriverPhone" = "085774724546", "NewVehiclePlateNo" = "B 7746 IZ", "StandByTime" = "2021-08-15 11=00"}, {"OldWehaReservedCode"="RESR210805629", "NewWehaReservedCode" = "RESR210805651", "NewDriverName" = "Karyudi", "NewDriverPhone" = "081314505332  /081298326256", "NewVehiclePlateNo" = "B 7048 SGA", "StandByTime" = "2021-08-15 10=00"}, {"OldWehaReservedCode"="RESR210805630", "NewWehaReservedCode" = "RESR210805652", "NewDriverName" = "Rismanto", "NewDriverPhone" = "085280088804", "NewVehiclePlateNo" = "B 7713 IZ", "StandByTime" = "2021-08-15 13=00"}, {"OldWehaReservedCode"="RESR210805631", "NewWehaReservedCode" = "RESR210805653", "NewDriverName" = "Kusmana", "NewDriverPhone" = "/  081318237306", "NewVehiclePlateNo" = "B 7750 IZ", "StandByTime" = "2021-08-15 10=00"}, {"OldWehaReservedCode"="RESR210805632", "NewWehaReservedCode" = "RESR210805654", "NewDriverName" = "Ai Farid", "NewDriverPhone" = "081210474241", "NewVehiclePlateNo" = "B 7716 IZ", "StandByTime" = "2021-08-15 13=30"}, {"OldWehaReservedCode"="RESR210805633", "NewWehaReservedCode" = "RESR210805655", "NewDriverName" = "Anang Luqman Al Hakim", "NewDriverPhone" = "081313727281  /081316964821", "NewVehiclePlateNo" = "B 7748 IZ", "StandByTime" = "2021-08-15 09=00"}, {"OldWehaReservedCode"="RESR210805634", "NewWehaReservedCode" = "RESR210805656", "NewDriverName" = "Nanang Rahmat", "NewDriverPhone" = "082123076751", "NewVehiclePlateNo" = "B 7703 IZ", "StandByTime" = "2021-08-15 11=00"}, {"OldWehaReservedCode"="RESR210805635", "NewWehaReservedCode" = "RESR210805657", "NewDriverName" = "Supriatin Ismail", "NewDriverPhone" = "081314505357", "NewVehiclePlateNo" = "B 7058 PGA", "StandByTime" = "2021-08-15 07=00"}, {"OldWehaReservedCode"="RESR210805636", "NewWehaReservedCode" = "RESR210805658", "NewDriverName" = "Beni Santoso", "NewDriverPhone" = "082124262409", "NewVehiclePlateNo" = "B 7794 IZ", "StandByTime" = "2021-08-15 11=00"}, {"OldWehaReservedCode"="RESR210805637", "NewWehaReservedCode" = "RESR210805659", "NewDriverName" = "Ence Solihin", "NewDriverPhone" = "082145108107", "NewVehiclePlateNo" = "B 7749 IZ", "StandByTime" = "2021-08-15 09=00"}, ]; IsFixed=0', 'Mulai', 'pramudyono hadi')
16/08/2021 10:06:34	Open DB Connection
16/08/2021 10:06:34	SQL :Insert Into wh_api_intersys_log (methode, param_in, result, user_id) Values ( 'Penjadwalan - ChangeVehicleReservedCode', 'StrReqOrderNo=COWDC21080266; ParamJsonRsvId=[{"OldWehaReservedCode"="RESR210805628", "NewWehaReservedCode" = "RESR210805650", "NewDriverName" = "Ahmad Hasani", "NewDriverPhone" = "085774724546", "NewVehiclePlateNo" = "B 7746 IZ", "StandByTime" = "2021-08-15 11=00"}, {"OldWehaReservedCode"="RESR210805629", "NewWehaReservedCode" = "RESR210805651", "NewDriverName" = "Karyudi", "NewDriverPhone" = "081314505332  /081298326256", "NewVehiclePlateNo" = "B 7048 SGA", "StandByTime" = "2021-08-15 10=00"}, {"OldWehaReservedCode"="RESR210805630", "NewWehaReservedCode" = "RESR210805652", "NewDriverName" = "Rismanto", "NewDriverPhone" = "085280088804", "NewVehiclePlateNo" = "B 7713 IZ", "StandByTime" = "2021-08-15 13=00"}, {"OldWehaReservedCode"="RESR210805631", "NewWehaReservedCode" = "RESR210805653", "NewDriverName" = "Kusmana", "NewDriverPhone" = "/  081318237306", "NewVehiclePlateNo" = "B 7750 IZ", "StandByTime" = "2021-08-15 10=00"}, {"OldWehaReservedCode"="RESR210805632", "NewWehaReservedCode" = "RESR210805654", "NewDriverName" = "Ai Farid", "NewDriverPhone" = "081210474241", "NewVehiclePlateNo" = "B 7716 IZ", "StandByTime" = "2021-08-15 13=30"}, {"OldWehaReservedCode"="RESR210805633", "NewWehaReservedCode" = "RESR210805655", "NewDriverName" = "Anang Luqman Al Hakim", "NewDriverPhone" = "081313727281  /081316964821", "NewVehiclePlateNo" = "B 7748 IZ", "StandByTime" = "2021-08-15 09=00"}, {"OldWehaReservedCode"="RESR210805634", "NewWehaReservedCode" = "RESR210805656", "NewDriverName" = "Nanang Rahmat", "NewDriverPhone" = "082123076751", "NewVehiclePlateNo" = "B 7703 IZ", "StandByTime" = "2021-08-15 11=00"}, {"OldWehaReservedCode"="RESR210805635", "NewWehaReservedCode" = "RESR210805657", "NewDriverName" = "Supriatin Ismail", "NewDriverPhone" = "081314505357", "NewVehiclePlateNo" = "B 7058 PGA", "StandByTime" = "2021-08-15 07=00"}, {"OldWehaReservedCode"="RESR210805636", "NewWehaReservedCode" = "RESR210805658", "NewDriverName" = "Beni Santoso", "NewDriverPhone" = "082124262409", "NewVehiclePlateNo" = "B 7794 IZ", "StandByTime" = "2021-08-15 11=00"}, {"OldWehaReservedCode"="RESR210805637", "NewWehaReservedCode" = "RESR210805659", "NewDriverName" = "Ence Solihin", "NewDriverPhone" = "082145108107", "NewVehiclePlateNo" = "B 7749 IZ", "StandByTime" = "2021-08-15 09=00"}, ]; IsFixed=0', 'Success
', 'pramudyono hadi')
16/08/2021 10:08:34	Message:Port Check
16/08/2021 10:08:34	Message:Open DB Connection
16/08/2021 10:08:34	SQL :EXEC GetMessage '01','pramudyono hadi';
16/08/2021 10:08:34	SQL :SELECT CONVERT(VARCHAR(8),GETDATE(),108) AS hour_minute;
16/08/2021 10:08:34	SQL :SELECT CONVERT(VARCHAR(10),GETDATE(),103) AS date_time;
16/08/2021 10:18:40	Message:Port Check
16/08/2021 10:18:40	Message:Open DB Connection
16/08/2021 10:18:40	SQL :EXEC GetMessage '01','pramudyono hadi';
16/08/2021 10:18:40	SQL :SELECT CONVERT(VARCHAR(8),GETDATE(),108) AS hour_minute;
16/08/2021 10:18:40	SQL :SELECT CONVERT(VARCHAR(10),GETDATE(),103) AS date_time;
16/08/2021 10:28:46	Message:Port Check
16/08/2021 10:28:46	Message:Open DB Connection
16/08/2021 10:28:46	SQL :EXEC GetMessage '01','pramudyono hadi';
16/08/2021 10:28:46	SQL :SELECT CONVERT(VARCHAR(8),GETDATE(),108) AS hour_minute;
16/08/2021 10:28:46	SQL :SELECT CONVERT(VARCHAR(10),GETDATE(),103) AS date_time;
16/08/2021 10:38:50	Message:Port Check
16/08/2021 10:38:50	Message:Open DB Connection
16/08/2021 10:38:50	SQL :EXEC GetMessage '01','pramudyono hadi';
16/08/2021 10:38:50	SQL :SELECT CONVERT(VARCHAR(8),GETDATE(),108) AS hour_minute;
16/08/2021 10:38:50	SQL :SELECT CONVERT(VARCHAR(10),GETDATE(),103) AS date_time;
16/08/2021 10:48:55	Message:Port Check
16/08/2021 10:48:55	Message:Open DB Connection
16/08/2021 10:48:55	SQL :EXEC GetMessage '01','pramudyono hadi';
16/08/2021 10:48:55	SQL :SELECT CONVERT(VARCHAR(8),GETDATE(),108) AS hour_minute;
16/08/2021 10:48:55	SQL :SELECT CONVERT(VARCHAR(10),GETDATE(),103) AS date_time;
16/08/2021 10:59:02	Message:Port Check
16/08/2021 10:59:02	Message:Open DB Connection
16/08/2021 10:59:02	SQL :EXEC GetMessage '01','pramudyono hadi';
16/08/2021 10:59:02	SQL :SELECT CONVERT(VARCHAR(8),GETDATE(),108) AS hour_minute;
16/08/2021 10:59:02	SQL :SELECT CONVERT(VARCHAR(10),GETDATE(),103) AS date_time;
16/08/2021 11:09:09	Message:Port Check
16/08/2021 11:09:09	Message:Open DB Connection
16/08/2021 11:09:09	SQL :EXEC GetMessage '01','pramudyono hadi';
16/08/2021 11:09:09	SQL :SELECT CONVERT(VARCHAR(8),GETDATE(),108) AS hour_minute;
16/08/2021 11:09:09	SQL :SELECT CONVERT(VARCHAR(10),GETDATE(),103) AS date_time;
16/08/2021 11:19:15	Message:Port Check
16/08/2021 11:19:15	Message:Open DB Connection
16/08/2021 11:19:15	SQL :EXEC GetMessage '01','pramudyono hadi';
16/08/2021 11:19:16	SQL :SELECT CONVERT(VARCHAR(8),GETDATE(),108) AS hour_minute;
16/08/2021 11:19:16	SQL :SELECT CONVERT(VARCHAR(10),GETDATE(),103) AS date_time;
16/08/2021 11:29:22	Message:Port Check
16/08/2021 11:29:22	Message:Open DB Connection
16/08/2021 11:29:22	SQL :EXEC GetMessage '01','pramudyono hadi';
16/08/2021 11:29:22	SQL :SELECT CONVERT(VARCHAR(8),GETDATE(),108) AS hour_minute;
16/08/2021 11:29:22	SQL :SELECT CONVERT(VARCHAR(10),GETDATE(),103) AS date_time;
16/08/2021 11:39:29	Message:Port Check
16/08/2021 11:39:29	Message:Open DB Connection
16/08/2021 11:39:29	SQL :EXEC GetMessage '01','pramudyono hadi';
16/08/2021 11:39:29	SQL :SELECT CONVERT(VARCHAR(8),GETDATE(),108) AS hour_minute;
16/08/2021 11:39:29	SQL :SELECT CONVERT(VARCHAR(10),GETDATE(),103) AS date_time;
16/08/2021 11:49:35	Message:Port Check
16/08/2021 11:49:36	Message:Open DB Connection
16/08/2021 11:49:36	SQL :EXEC GetMessage '01','pramudyono hadi';
16/08/2021 11:49:36	SQL :SELECT CONVERT(VARCHAR(8),GETDATE(),108) AS hour_minute;
16/08/2021 11:49:36	SQL :SELECT CONVERT(VARCHAR(10),GETDATE(),103) AS date_time;
16/08/2021 11:59:42	Message:Port Check
16/08/2021 11:59:42	Message:Open DB Connection
16/08/2021 11:59:42	SQL :EXEC GetMessage '01','pramudyono hadi';
16/08/2021 11:59:42	SQL :SELECT CONVERT(VARCHAR(8),GETDATE(),108) AS hour_minute;
16/08/2021 11:59:42	SQL :SELECT CONVERT(VARCHAR(10),GETDATE(),103) AS date_time;
16/08/2021 12:09:49	Message:Port Check
16/08/2021 12:09:49	Message:Open DB Connection
16/08/2021 12:09:49	SQL :EXEC GetMessage '01','pramudyono hadi';
16/08/2021 12:09:49	SQL :SELECT CONVERT(VARCHAR(8),GETDATE(),108) AS hour_minute;
16/08/2021 12:09:49	SQL :SELECT CONVERT(VARCHAR(10),GETDATE(),103) AS date_time;
16/08/2021 12:19:56	Message:Port Check
16/08/2021 12:19:56	Message:Open DB Connection
16/08/2021 12:19:56	SQL :EXEC GetMessage '01','pramudyono hadi';
16/08/2021 12:19:56	SQL :SELECT CONVERT(VARCHAR(8),GETDATE(),108) AS hour_minute;
16/08/2021 12:19:56	SQL :SELECT CONVERT(VARCHAR(10),GETDATE(),103) AS date_time;
16/08/2021 12:30:04	Message:Port Check
16/08/2021 12:30:04	Message:Open DB Connection
16/08/2021 12:30:04	SQL :EXEC GetMessage '01','pramudyono hadi';
16/08/2021 12:30:04	SQL :SELECT CONVERT(VARCHAR(8),GETDATE(),108) AS hour_minute;
16/08/2021 12:30:04	SQL :SELECT CONVERT(VARCHAR(10),GETDATE(),103) AS date_time;
16/08/2021 12:40:09	Message:Port Check
16/08/2021 12:40:09	Message:Open DB Connection
16/08/2021 12:40:09	SQL :EXEC GetMessage '01','pramudyono hadi';
16/08/2021 12:40:09	SQL :SELECT CONVERT(VARCHAR(8),GETDATE(),108) AS hour_minute;
16/08/2021 12:40:09	SQL :SELECT CONVERT(VARCHAR(10),GETDATE(),103) AS date_time;
16/08/2021 12:50:14	Message:Port Check
16/08/2021 12:50:14	Message:Open DB Connection
16/08/2021 12:50:14	SQL :EXEC GetMessage '01','pramudyono hadi';
16/08/2021 12:50:14	SQL :SELECT CONVERT(VARCHAR(8),GETDATE(),108) AS hour_minute;
16/08/2021 12:50:14	SQL :SELECT CONVERT(VARCHAR(10),GETDATE(),103) AS date_time;
16/08/2021 13:02:45	Message:Port Check
16/08/2021 13:02:45	Message:Open DB Connection
16/08/2021 13:02:45	SQL :EXEC GetMessage '01','pramudyono hadi';
16/08/2021 13:02:45	SQL :SELECT CONVERT(VARCHAR(8),GETDATE(),108) AS hour_minute;
16/08/2021 13:02:45	SQL :SELECT CONVERT(VARCHAR(10),GETDATE(),103) AS date_time;
16/08/2021 13:12:52	Message:Port Check
16/08/2021 13:12:52	Message:Open DB Connection
16/08/2021 13:12:52	SQL :EXEC GetMessage '01','pramudyono hadi';
16/08/2021 13:12:53	SQL :SELECT CONVERT(VARCHAR(8),GETDATE(),108) AS hour_minute;
16/08/2021 13:12:53	SQL :SELECT CONVERT(VARCHAR(10),GETDATE(),103) AS date_time;
16/08/2021 13:22:59	Message:Port Check
16/08/2021 13:22:59	Message:Open DB Connection
16/08/2021 13:22:59	SQL :EXEC GetMessage '01','pramudyono hadi';
16/08/2021 13:23:00	SQL :SELECT CONVERT(VARCHAR(8),GETDATE(),108) AS hour_minute;
16/08/2021 13:23:00	SQL :SELECT CONVERT(VARCHAR(10),GETDATE(),103) AS date_time;
16/08/2021 13:33:06	Message:Port Check
16/08/2021 13:33:06	Message:Open DB Connection
16/08/2021 13:33:06	SQL :EXEC GetMessage '01','pramudyono hadi';
16/08/2021 13:33:06	SQL :SELECT CONVERT(VARCHAR(8),GETDATE(),108) AS hour_minute;
16/08/2021 13:33:06	SQL :SELECT CONVERT(VARCHAR(10),GETDATE(),103) AS 16/08/2021 14:44:20	Get Local Settings
16/08/2021 14:44:20	Start Change Local Settings
16/08/2021 14:44:20	Change short date format
16/08/2021 14:44:20	Change Long date format
16/08/2021 14:44:20	Finish Change Local Settings
16/08/2021 14:44:20	Registry Read: Path=SOFTWARE\WEHA\Aplikasi\3
16/08/2021 14:44:20	Registry Read/Write
16/08/2021 14:44:20	Registry Read: Path=SOFTWARE\WEHA\Aplikasi\3
16/08/2021 14:44:20	Create DB Object
16/08/2021 14:44:20	Init DB
16/08/2021 14:44:20	Finish Init DB
16/08/2021 14:44:21	Get File Version
16/08/2021 14:44:21	Change  Caption
16/08/2021 14:44:21	Init Shortkey
16/08/2021 14:44:23	Create DB Object
16/08/2021 14:44:23	Init DB
16/08/2021 14:44:23	Finish Init DB
16/08/2021 14:44:24	Update new version check
16/08/2021 14:44:24	Open DB Connection
16/08/2021 14:44:29	SQL :
16/08/2021 14:44:29	Update check version
16/08/2021 14:44:29	Open DB Connection
16/08/2021 14:44:29	SQL :SELECT version FROM wh_application WHERE application_id=(SELECT MAX(application_id) FROM wh_application);
16/08/2021 14:44:29	Start Login
16/08/2021 14:44:29	Open DB Connection
16/08/2021 14:44:29	SQL :EXEC AuthenticateUser 'pramudyono hadi','6f2b8366efa56f0c06dd6b31fcff8a73';
16/08/2021 14:44:30	SQL :INSERT INTO wh_log (user_id,app_date,app_version,app_version_svr,location_id,company_id,department_id,host_name,ip_address)  VALUES ('pramudyono hadi','16/08/2021','6.1.3.12','6.1.3.11',6,2,13,'DESKTOP-S1PD9OD','192.168.25.214');
16/08/2021 14:44:30	Open DB Connection
16/08/2021 14:44:30	SQL :EXEC GetUserMenu 'pramudyono hadi';
16/08/2021 14:44:30	SQL :EXEC GetUserSubMenu 'pramudyono hadi','11';
16/08/2021 14:44:30	SQL :EXEC GetUserTreeMenu 'pramudyono hadi','1101',@CompanyId=2;
16/08/2021 14:44:30	SQL :EXEC GetUserTreeMenu 'pramudyono hadi','1102',@CompanyId=2;
16/08/2021 14:44:30	SQL :EXEC GetUserTreeMenu 'pramudyono hadi','1103',@CompanyId=2;
16/08/2021 14:44:30	SQL :EXEC GetUserTreeMenu 'pramudyono hadi','1104',@CompanyId=2;
16/08/2021 14:44:30	SQL :EXEC GetUserTreeMenu 'pramudyono hadi','1105',@CompanyId=2;
16/08/2021 14:44:30	SQL :EXEC GetUserTreeMenu 'pramudyono hadi','1106',@CompanyId=2;
16/08/2021 14:44:30	SQL :EXEC GetUserTreeMenu 'pramudyono hadi','1107',@CompanyId=2;
16/08/2021 14:44:31	SQL :EXEC GetUserTreeMenu 'pramudyono hadi','1108',@CompanyId=2;
16/08/2021 14:44:31	SQL :EXEC GetUserTreeMenu 'pramudyono hadi','1109',@CompanyId=2;
16/08/2021 14:44:31	SQL :EXEC GetUserTreeMenu 'pramudyono hadi','1110',@CompanyId=2;
16/08/2021 14:44:31	SQL :EXEC GetUserTreeMenu 'pramudyono hadi','1111',@CompanyId=2;
16/08/2021 14:44:31	SQL :EXEC GetUserTreeMenu 'pramudyono hadi','1112',@CompanyId=2;
16/08/2021 14:44:31	SQL :EXEC GetUserTreeMenu 'pramudyono hadi','1113',@CompanyId=2;
16/08/2021 14:44:31	SQL :EXEC GetUserTreeMenu 'pramudyono hadi','1114',@CompanyId=2;
16/08/2021 14:44:31	SQL :EXEC GetUserTreeMenu 'pramudyono hadi','1115',@CompanyId=2;
16/08/2021 14:44:31	SQL :EXEC GetUserTreeMenu 'pramudyono hadi','1116',@CompanyId=2;
16/08/2021 14:44:31	SQL :EXEC GetUserTreeMenu 'pramudyono hadi','1117',@CompanyId=2;
16/08/2021 14:44:31	SQL :EXEC GetUserTreeMenu 'pramudyono hadi','1198',@CompanyId=2;
16/08/2021 14:44:31	SQL :EXEC GetUserTreeMenu 'pramudyono hadi','1199',@CompanyId=2;
16/08/2021 14:44:31	SQL :EXEC GetUserSubMenu 'pramudyono hadi','12';
16/08/2021 14:44:31	SQL :EXEC GetUserTreeMenu 'pramudyono hadi','1201',@CompanyId=2;
16/08/2021 14:44:31	SQL :EXEC GetUserTreeMenu 'pramudyono hadi','1202',@CompanyId=2;
16/08/2021 14:44:31	SQL :EXEC GetUserTreeMenu 'pramudyono hadi','1203',@CompanyId=2;
16/08/2021 14:44:31	SQL :EXEC GetUserTreeMenu 'pramudyono hadi','1204',@CompanyId=2;
16/08/2021 14:44:31	SQL :EXEC GetUserTreeMenu 'pramudyono hadi','1205',@CompanyId=2;
16/08/2021 14:44:31	SQL :EXEC GetUserTreeMenu 'pramudyono hadi','1206',@CompanyId=2;
16/08/2021 14:44:31	SQL :EXEC GetUserTreeMenu 'pramudyono hadi','1207',@CompanyId=2;
16/08/2021 14:44:31	SQL :EXEC GetUserSubMenu 'pramudyono hadi','13';
16/08/2021 14:44:31	SQL :EXEC GetUserTreeMenu 'pramudyono hadi','1301',@CompanyId=2;
16/08/2021 14:44:31	SQL :EXEC GetUserTreeMenu 'pramudyono hadi','1302',@CompanyId=2;
16/08/2021 14:44:31	SQL :EXEC GetUserTreeMenu 'pramudyono hadi','1303',@CompanyId=2;
16/08/2021 14:44:31	SQL :EXEC GetUserTreeMenu 'pramudyono hadi','1304',@CompanyId=2;
16/08/2021 14:44:31	SQL :EXEC GetUserTreeMenu 'pramudyono hadi','1305',@CompanyId=2;
16/08/2021 14:44:31	SQL :EXEC GetUserTreeMenu 'pramudyono hadi','1306',@CompanyId=2;
16/08/2021 14:44:31	SQL :EXEC GetUserTreeMenu 'pramudyono hadi','1307',@CompanyId=2;
16/08/2021 14:44:31	SQL :EXEC GetUserTreeMenu 'pramudyono hadi','1308',@CompanyId=2;
16/08/2021 14:44:32	SQL :EXEC GetUserTreeMenu 'pramudyono hadi','1309',@CompanyId=2;
16/08/2021 14:44:32	SQL :EXEC GetUserTreeMenu 'pramudyono hadi','1310',@CompanyId=2;
16/08/2021 14:44:32	SQL :EXEC GetUserTreeMenu 'pramudyono hadi','1311',@CompanyId=2;
16/08/2021 14:44:32	SQL :EXEC GetUserTreeMenu 'pramudyono hadi','1312',@CompanyId=2;
16/08/2021 14:44:32	SQL :EXEC GetUserTreeMenu 'pramudyono hadi','1313',@CompanyId=2;
16/08/2021 14:44:32	SQL :EXEC GetUserTreeMenu 'pramudyono hadi','1314',@CompanyId=2;
16/08/2021 14:44:32	SQL :EXEC GetUserTreeMenu 'pramudyono hadi','1315',@CompanyId=2;
16/08/2021 14:44:32	SQL :EXEC GetUserTreeMenu 'pramudyono hadi','1316',@CompanyId=2;
16/08/2021 14:44:32	SQL :EXEC GetUserTreeMenu 'pramudyono hadi','1317',@CompanyId=2;
16/08/2021 14:44:32	SQL :EXEC GetUserTreeMenu 'pramudyono hadi','1318',@CompanyId=2;
16/08/2021 14:44:32	SQL :EXEC GetUserTreeMenu 'pramudyono hadi','1319',@CompanyId=2;
16/08/2021 14:44:32	SQL :EXEC GetUserTreeMenu 'pramudyono hadi','1320',@CompanyId=2;
16/08/2021 14:44:32	SQL :EXEC GetUserTreeMenu 'pramudyono hadi','1321',@CompanyId=2;
16/08/2021 14:44:32	SQL :EXEC GetUserSubMenu 'pramudyono hadi','14';
16/08/2021 14:44:32	SQL :EXEC GetUserTreeMenu 'pramudyono hadi','1401',@CompanyId=2;
16/08/2021 14:44:32	SQL :EXEC GetUserTreeMenu 'pramudyono hadi','1402',@CompanyId=2;
16/08/2021 14:44:32	SQL :EXEC GetUserTreeMenu 'pramudyono hadi','1403',@CompanyId=2;
16/08/2021 14:44:32	SQL :EXEC GetUserTreeMenu 'pramudyono hadi','1404',@CompanyId=2;
16/08/2021 14:44:32	SQL :EXEC GetUserTreeMenu 'pramudyono hadi','1406',@CompanyId=2;
16/08/2021 14:44:32	SQL :EXEC GetUserTreeMenu 'pramudyono hadi','1408',@CompanyId=2;
16/08/2021 14:44:32	SQL :EXEC GetUserTreeMenu 'pramudyono hadi','1410',@CompanyId=2;
16/08/2021 14:44:32	SQL :EXEC GetUserTreeMenu 'pramudyono hadi','1411',@CompanyId=2;
16/08/2021 14:44:32	SQL :EXEC GetUserTreeMenu 'pramudyono hadi','1412',@CompanyId=2;
16/08/2021 14:44:32	SQL :EXEC GetUserTreeMenu 'pramudyono hadi','1413',@CompanyId=2;
16/08/2021 14:44:32	SQL :EXEC GetUserTreeMenu 'pramudyono hadi','1414',@CompanyId=2;
16/08/2021 14:44:32	SQL :EXEC GetUserSubMenu 'pramudyono hadi','15';
16/08/2021 14:44:32	SQL :EXEC GetUserTreeMenu 'pramudyono hadi','1501',@CompanyId=2;
16/08/2021 14:44:32	SQL :EXEC GetUserTreeMenu 'pramudyono hadi','1502',@CompanyId=2;
16/08/2021 14:44:32	SQL :EXEC GetUserTreeMenu 'pramudyono hadi','1503',@CompanyId=2;
16/08/2021 14:44:32	SQL :EXEC GetUserTreeMenu 'pramudyono hadi','1504',@CompanyId=2;
16/08/2021 14:44:32	SQL :EXEC GetUserTreeMenu 'pramudyono hadi','1505',@CompanyId=2;
16/08/2021 14:44:32	SQL :EXEC GetUserTreeMenu 'pramudyono hadi','1506',@CompanyId=2;
16/08/2021 14:44:32	SQL :EXEC GetUserTreeMenu 'pramudyono hadi','1507',@CompanyId=2;
16/08/2021 14:44:32	SQL :EXEC GetUserTreeMenu 'pramudyono hadi','1508',@CompanyId=2;
16/08/2021 14:44:32	SQL :EXEC GetUserTreeMenu 'pramudyono hadi','1509',@CompanyId=2;
16/08/2021 14:44:33	SQL :EXEC GetUserTreeMenu 'pramudyono hadi','1510',@CompanyId=2;
16/08/2021 14:44:33	SQL :EXEC GetUserTreeMenu 'pramudyono hadi','1511',@CompanyId=2;
16/08/2021 14:44:33	SQL :EXEC GetUserSubMenu 'pramudyono hadi','16';
16/08/2021 14:44:33	SQL :EXEC GetUserTreeMenu 'pramudyono hadi','1601',@CompanyId=2;
16/08/2021 14:44:33	SQL :EXEC GetUserTreeMenu 'pramudyono hadi','1602',@CompanyId=2;
16/08/2021 14:44:33	SQL :EXEC GetUserTreeMenu 'pramudyono hadi','1603',@CompanyId=2;
16/08/2021 14:44:33	SQL :EXEC GetUserTreeMenu 'pramudyono hadi','1604',@CompanyId=2;
16/08/2021 14:44:33	SQL :EXEC GetUserTreeMenu 'pramudyono hadi','1605',@CompanyId=2;
16/08/2021 14:44:33	SQL :EXEC GetUserTreeMenu 'pramudyono hadi','1606',@CompanyId=2;
16/08/2021 14:44:33	SQL :EXEC GetUserTreeMenu 'pramudyono hadi','1607',@CompanyId=2;
16/08/2021 14:44:33	SQL :EXEC GetUserTreeMenu 'pramudyono hadi','1608',@CompanyId=2;
16/08/2021 14:44:33	SQL :EXEC GetUserTreeMenu 'pramudyono hadi','1609',@CompanyId=2;
16/08/2021 14:44:33	SQL :EXEC GetUserTreeMenu 'pramudyono hadi','1610',@CompanyId=2;
16/08/2021 14:44:33	SQL :EXEC GetUserTreeMenu 'pramudyono hadi','1611',@CompanyId=2;
16/08/2021 14:44:33	SQL :EXEC GetUserTreeMenu 'pramudyono hadi','1612',@CompanyId=2;
16/08/2021 14:44:33	SQL :EXEC GetUserTreeMenu 'pramudyono hadi','1613',@CompanyId=2;
16/08/2021 14:44:33	SQL :EXEC GetUserTreeMenu 'pramudyono hadi','1614',@CompanyId=2;
16/08/2021 14:44:33	SQL :EXEC GetUserTreeMenu 'pramudyono hadi','1615',@CompanyId=2;
16/08/2021 14:44:33	SQL :EXEC GetUserTreeMenu 'pramudyono hadi','1616',@CompanyId=2;
16/08/2021 14:44:33	SQL :EXEC GetUserTreeMenu 'pramudyono hadi','1619',@CompanyId=2;
16/08/2021 14:44:33	SQL :EXEC GetUserTreeMenu 'pramudyono hadi','1620',@CompanyId=2;
16/08/2021 14:44:33	SQL :EXEC GetUserSubMenu 'pramudyono hadi','17';
16/08/2021 14:44:33	SQL :EXEC GetUserTreeMenu 'pramudyono hadi','1701',@CompanyId=2;
16/08/2021 14:44:33	SQL :EXEC GetUserTreeMenu 'pramudyono hadi','1702',@CompanyId=2;
16/08/2021 14:44:33	SQL :EXEC GetUserTreeMenu 'pramudyono hadi','1703',@CompanyId=2;
16/08/2021 14:44:33	SQL :EXEC GetUserTreeMenu 'pramudyono hadi','1704',@CompanyId=2;
16/08/2021 14:44:33	SQL :EXEC GetUserTreeMenu 'pramudyono hadi','1705',@CompanyId=2;
16/08/2021 14:44:33	SQL :EXEC GetUserTreeMenu 'pramudyono hadi','1706',@CompanyId=2;
16/08/2021 14:44:33	SQL :EXEC GetUserTreeMenu 'pramudyono hadi','1707',@CompanyId=2;
16/08/2021 14:44:33	SQL :EXEC GetUserTreeMenu 'pramudyono hadi','1708',@CompanyId=2;
16/08/2021 14:44:34	SQL :EXEC GetUserTreeMenu 'pramudyono hadi','1709',@CompanyId=2;
16/08/2021 14:44:34	SQL :EXEC GetUserTreeMenu 'pramudyono hadi','1710',@CompanyId=2;
16/08/2021 14:44:34	SQL :EXEC GetUserTreeMenu 'pramudyono hadi','1711',@CompanyId=2;
16/08/2021 14:44:34	SQL :EXEC GetUserTreeMenu 'pramudyono hadi','1712',@CompanyId=2;
16/08/2021 14:44:34	SQL :EXEC GetUserTreeMenu 'pramudyono hadi','1713',@CompanyId=2;
16/08/2021 14:44:34	SQL :EXEC GetUserTreeMenu 'pramudyono hadi','1714',@CompanyId=2;
16/08/2021 14:44:34	SQL :EXEC GetUserTreeMenu 'pramudyono hadi','1715',@CompanyId=2;
16/08/2021 14:44:34	SQL :EXEC GetUserTreeMenu 'pramudyono hadi','1716',@CompanyId=2;
16/08/2021 14:44:34	SQL :EXEC GetUserTreeMenu 'pramudyono hadi','1717',@CompanyId=2;
16/08/2021 14:44:34	SQL :EXEC GetUserSubMenu 'pramudyono hadi','18';
16/08/2021 14:44:34	SQL :EXEC GetUserTreeMenu 'pramudyono hadi','1801',@CompanyId=2;
16/08/2021 14:44:34	SQL :EXEC GetUserSubMenu 'pramudyono hadi','19';
16/08/2021 14:44:34	SQL :EXEC GetUserTreeMenu 'pramudyono hadi','1901',@CompanyId=2;
16/08/2021 14:44:34	SQL :EXEC GetUserTreeMenu 'pramudyono hadi','1902',@CompanyId=2;
16/08/2021 14:44:34	SQL :EXEC GetUserTreeMenu 'pramudyono hadi','1903',@CompanyId=2;
16/08/2021 14:44:34	SQL :EXEC GetUserTreeMenu 'pramudyono hadi','1904',@CompanyId=2;
16/08/2021 14:44:34	SQL :EXEC GetUserTreeMenu 'pramudyono hadi','1905',@CompanyId=2;
16/08/2021 14:44:34	SQL :EXEC GetUserTreeMenu 'pramudyono hadi','1906',@CompanyId=2;
16/08/2021 14:44:34	SQL :EXEC GetUserTreeMenu 'pramudyono hadi','1907',@CompanyId=2;
16/08/2021 14:44:34	SQL :EXEC GetUserTreeMenu 'pramudyono hadi','1908',@CompanyId=2;
16/08/2021 14:44:34	SQL :EXEC GetUserTreeMenu 'pramudyono hadi','1909',@CompanyId=2;
16/08/2021 14:44:34	SQL :EXEC GetUserTreeMenu 'pramudyono hadi','1910',@CompanyId=2;
16/08/2021 14:44:34	SQL :EXEC GetUserTreeMenu 'pramudyono hadi','1911',@CompanyId=2;
16/08/2021 14:44:34	SQL :EXEC GetUserTreeMenu 'pramudyono hadi','1912',@CompanyId=2;
16/08/2021 14:44:34	SQL :SELECT CONVERT(VARCHAR(8),GETDATE(),108) AS hour_minute;
16/08/2021 14:44:34	SQL :SELECT CONVERT(VARCHAR(10),GETDATE(),103) AS date_time;
16/08/2021 14:44:34	Loading Setting
16/08/2021 14:44:34	Open DB Connection
16/08/2021 14:44:34	SQL :SELECT * FROM wh_setting WHERE setting_name='Hold_Less_Deposit';
16/08/2021 14:44:35	SQL :SELECT * FROM wh_setting WHERE setting_name='Max_Less_Deposit';
16/08/2021 14:44:35	SQL :SELECT * FROM wh_setting WHERE setting_name='Dashboard_2';
16/08/2021 14:44:35	Finish Logging
16/08/2021 14:44:35	SQL :SELECT value_string FROM wh_setting WHERE (setting_name='Interval_CheckInDate') AND (active=1);
16/08/2021 14:44:35	SQL :SELECT value_string FROM wh_setting WHERE (setting_name='Interval_CheckInTime') AND (active=1);
16/08/2021 14:44:35	SQL :SELECT value_string FROM wh_setting WHERE (setting_name='ChatEnable') and (active=1);
16/08/2021 14:44:35	Message:Port Check
16/08/2021 14:44:35	Message:Open DB Connection
16/08/2021 14:44:35	SQL :EXEC GetMessage '01','pramudyono hadi';
16/08/2021 14:44:35	SQL :SELECT CONVERT(VARCHAR(8),GETDATE(),108) AS hour_minute;
16/08/2021 14:44:35	SQL :SELECT CONVERT(VARCHAR(10),GETDATE(),103) AS date_time;
16/08/2021 14:44:42	Open Menu :130130
16/08/2021 14:44:42	Open DB Connection
16/08/2021 14:44:42	SQL :EXEC AuthMenu 'pramudyono hadi',130130;
16/08/2021 14:44:42	Form Check :VehicleInsurance
16/08/2021 14:44:42	Form Open: VehicleList=Bus,FormRequest=
16/08/2021 14:44:42	Open DB Connection
16/08/2021 14:44:42	SQL :EXEC GetCompanyLocationList
16/08/2021 14:44:42	Open DB Connection
16/08/2021 14:44:42	SQL :EXEC GetVhcList 6,0,@CompanyId=2;
19/08/2021 09:37:54	Get Local Settings
19/08/2021 09:37:54	Start Change Local Settings
19/08/2021 09:37:54	Change short date format
19/08/2021 09:37:54	Change Long date format
19/08/2021 09:37:54	Finish Change Local Settings
19/08/2021 09:37:54	Registry Read: Path=SOFTWARE\WEHA\Aplikasi\3
19/08/2021 09:37:54	Registry Read/Write
19/08/2021 09:37:54	Registry Read: Path=SOFTWARE\WEHA\Aplikasi\3
19/08/2021 09:37:54	Create DB Object
19/08/2021 09:37:54	Init DB
19/08/2021 09:37:54	Finish Init DB
19/08/2021 09:37:54	Get File Version
19/08/2021 09:37:54	Change  Caption
19/08/2021 09:37:54	Init Shortkey
19/08/2021 09:37:56	Create DB Object
19/08/2021 09:37:56	Init DB
19/08/2021 09:37:56	Finish Init DB
19/08/2021 09:37:58	Update new version check
19/08/2021 09:37:58	Open DB Connection
19/08/2021 09:38:02	SQL :
19/08/2021 09:38:02	Update check version
19/08/2021 09:38:02	Open DB Connection
19/08/2021 09:38:02	SQL :SELECT version FROM wh_application WHERE application_id=(SELECT MAX(application_id) FROM wh_application);
19/08/2021 09:38:02	Start Login
19/08/2021 09:38:02	Open DB Connection
19/08/2021 09:38:02	SQL :EXEC AuthenticateUser 'pramudyono hadi','6f2b8366efa56f0c06dd6b31fcff8a73';
19/08/2021 09:38:03	SQL :INSERT INTO wh_log (user_id,app_date,app_version,app_version_svr,location_id,company_id,department_id,host_name,ip_address)  VALUES ('pramudyono hadi','19/08/2021','6.1.3.12','6.1.3.11',6,2,13,'DESKTOP-S1PD9OD','192.168.25.214');
19/08/2021 09:38:03	Open DB Connection
19/08/2021 09:38:03	SQL :EXEC GetUserMenu 'pramudyono hadi';
19/08/2021 09:38:03	SQL :EXEC GetUserSubMenu 'pramudyono hadi','11';
19/08/2021 09:38:03	SQL :EXEC GetUserTreeMenu 'pramudyono hadi','1101',@CompanyId=2;
19/08/2021 09:38:03	SQL :EXEC GetUserTreeMenu 'pramudyono hadi','1102',@CompanyId=2;
19/08/2021 09:38:03	SQL :EXEC GetUserTreeMenu 'pramudyono hadi','1103',@CompanyId=2;
19/08/2021 09:38:03	SQL :EXEC GetUserTreeMenu 'pramudyono hadi','1104',@CompanyId=2;
19/08/2021 09:38:03	SQL :EXEC GetUserTreeMenu 'pramudyono hadi','1105',@CompanyId=2;
19/08/2021 09:38:03	SQL :EXEC GetUserTreeMenu 'pramudyono hadi','1106',@CompanyId=2;
19/08/2021 09:38:03	SQL :EXEC GetUserTreeMenu 'pramudyono hadi','1107',@CompanyId=2;
19/08/2021 09:38:03	SQL :EXEC GetUserTreeMenu 'pramudyono hadi','1108',@CompanyId=2;
19/08/2021 09:38:04	SQL :EXEC GetUserTreeMenu 'pramudyono hadi','1109',@CompanyId=2;
19/08/2021 09:38:04	SQL :EXEC GetUserTreeMenu 'pramudyono hadi','1110',@CompanyId=2;
19/08/2021 09:38:04	SQL :EXEC GetUserTreeMenu 'pramudyono hadi','1111',@CompanyId=2;
19/08/2021 09:38:04	SQL :EXEC GetUserTreeMenu 'pramudyono hadi','1112',@CompanyId=2;
19/08/2021 09:38:04	SQL :EXEC GetUserTreeMenu 'pramudyono hadi','1113',@CompanyId=2;
19/08/2021 09:38:04	SQL :EXEC GetUserTreeMenu 'pramudyono hadi','1114',@CompanyId=2;
19/08/2021 09:38:04	SQL :EXEC GetUserTreeMenu 'pramudyono hadi','1115',@CompanyId=2;
19/08/2021 09:38:04	SQL :EXEC GetUserTreeMenu 'pramudyono hadi','1116',@CompanyId=2;
19/08/2021 09:38:04	SQL :EXEC GetUserTreeMenu 'pramudyono hadi','1117',@CompanyId=2;
19/08/2021 09:38:04	SQL :EXEC GetUserTreeMenu 'pramudyono hadi','1198',@CompanyId=2;
19/08/2021 09:38:04	SQL :EXEC GetUserTreeMenu 'pramudyono hadi','1199',@CompanyId=2;
19/08/2021 09:38:04	SQL :EXEC GetUserSubMenu 'pramudyono hadi','12';
19/08/2021 09:38:04	SQL :EXEC GetUserTreeMenu 'pramudyono hadi','1201',@CompanyId=2;
19/08/2021 09:38:04	SQL :EXEC GetUserTreeMenu 'pramudyono hadi','1202',@CompanyId=2;
19/08/2021 09:38:04	SQL :EXEC GetUserTreeMenu 'pramudyono hadi','1203',@CompanyId=2;
19/08/2021 09:38:04	SQL :EXEC GetUserTreeMenu 'pramudyono hadi','1204',@CompanyId=2;
19/08/2021 09:38:04	SQL :EXEC GetUserTreeMenu 'pramudyono hadi','1205',@CompanyId=2;
19/08/2021 09:38:04	SQL :EXEC GetUserTreeMenu 'pramudyono hadi','1206',@CompanyId=2;
19/08/2021 09:38:04	SQL :EXEC GetUserTreeMenu 'pramudyono hadi','1207',@CompanyId=2;
19/08/2021 09:38:04	SQL :EXEC GetUserSubMenu 'pramudyono hadi','13';
19/08/2021 09:38:04	SQL :EXEC GetUserTreeMenu 'pramudyono hadi','1301',@CompanyId=2;
19/08/2021 09:38:04	SQL :EXEC GetUserTreeMenu 'pramudyono hadi','1302',@CompanyId=2;
19/08/2021 09:38:04	SQL :EXEC GetUserTreeMenu 'pramudyono hadi','1303',@CompanyId=2;
19/08/2021 09:38:04	SQL :EXEC GetUserTreeMenu 'pramudyono hadi','1304',@CompanyId=2;
19/08/2021 09:38:04	SQL :EXEC GetUserTreeMenu 'pramudyono hadi','1305',@CompanyId=2;
19/08/2021 09:38:04	SQL :EXEC GetUserTreeMenu 'pramudyono hadi','1306',@CompanyId=2;
19/08/2021 09:38:04	SQL :EXEC GetUserTreeMenu 'pramudyono hadi','1307',@CompanyId=2;
19/08/2021 09:38:04	SQL :EXEC GetUserTreeMenu 'pramudyono hadi','1308',@CompanyId=2;
19/08/2021 09:38:04	SQL :EXEC GetUserTreeMenu 'pramudyono hadi','1309',@CompanyId=2;
19/08/2021 09:38:04	SQL :EXEC GetUserTreeMenu 'pramudyono hadi','1310',@CompanyId=2;
19/08/2021 09:38:04	SQL :EXEC GetUserTreeMenu 'pramudyono hadi','1311',@CompanyId=2;
19/08/2021 09:38:04	SQL :EXEC GetUserTreeMenu 'pramudyono hadi','1312',@CompanyId=2;
19/08/2021 09:38:04	SQL :EXEC GetUserTreeMenu 'pramudyono hadi','1313',@CompanyId=2;
19/08/2021 09:38:04	SQL :EXEC GetUserTreeMenu 'pramudyono hadi','1314',@CompanyId=2;
19/08/2021 09:38:05	SQL :EXEC GetUserTreeMenu 'pramudyono hadi','1315',@CompanyId=2;
19/08/2021 09:38:05	SQL :EXEC GetUserTreeMenu 'pramudyono hadi','1316',@CompanyId=2;
19/08/2021 09:38:05	SQL :EXEC GetUserTreeMenu 'pramudyono hadi','1317',@CompanyId=2;
19/08/2021 09:38:05	SQL :EXEC GetUserTreeMenu 'pramudyono hadi','1318',@CompanyId=2;
19/08/2021 09:38:05	SQL :EXEC GetUserTreeMenu 'pramudyono hadi','1319',@CompanyId=2;
19/08/2021 09:38:05	SQL :EXEC GetUserTreeMenu 'pramudyono hadi','1320',@CompanyId=2;
19/08/2021 09:38:05	SQL :EXEC GetUserTreeMenu 'pramudyono hadi','1321',@CompanyId=2;
19/08/2021 09:38:05	SQL :EXEC GetUserSubMenu 'pramudyono hadi','14';
19/08/2021 09:38:05	SQL :EXEC GetUserTreeMenu 'pramudyono hadi','1401',@CompanyId=2;
19/08/2021 09:38:05	SQL :EXEC GetUserTreeMenu 'pramudyono hadi','1402',@CompanyId=2;
19/08/2021 09:38:05	SQL :EXEC GetUserTreeMenu 'pramudyono hadi','1403',@CompanyId=2;
19/08/2021 09:38:05	SQL :EXEC GetUserTreeMenu 'pramudyono hadi','1404',@CompanyId=2;
19/08/2021 09:38:05	SQL :EXEC GetUserTreeMenu 'pramudyono hadi','1406',@CompanyId=2;
19/08/2021 09:38:05	SQL :EXEC GetUserTreeMenu 'pramudyono hadi','1408',@CompanyId=2;
19/08/2021 09:38:05	SQL :EXEC GetUserTreeMenu 'pramudyono hadi','1410',@CompanyId=2;
19/08/2021 09:38:05	SQL :EXEC GetUserTreeMenu 'pramudyono hadi','1411',@CompanyId=2;
19/08/2021 09:38:05	SQL :EXEC GetUserTreeMenu 'pramudyono hadi','1412',@CompanyId=2;
19/08/2021 09:38:05	SQL :EXEC GetUserTreeMenu 'pramudyono hadi','1413',@CompanyId=2;
19/08/2021 09:38:05	SQL :EXEC GetUserTreeMenu 'pramudyono hadi','1414',@CompanyId=2;
19/08/2021 09:38:05	SQL :EXEC GetUserSubMenu 'pramudyono hadi','15';
19/08/2021 09:38:05	SQL :EXEC GetUserTreeMenu 'pramudyono hadi','1501',@CompanyId=2;
19/08/2021 09:38:05	SQL :EXEC GetUserTreeMenu 'pramudyono hadi','1502',@CompanyId=2;
19/08/2021 09:38:05	SQL :EXEC GetUserTreeMenu 'pramudyono hadi','1503',@CompanyId=2;
19/08/2021 09:38:05	SQL :EXEC GetUserTreeMenu 'pramudyono hadi','1504',@CompanyId=2;
19/08/2021 09:38:05	SQL :EXEC GetUserTreeMenu 'pramudyono hadi','1505',@CompanyId=2;
19/08/2021 09:38:05	SQL :EXEC GetUserTreeMenu 'pramudyono hadi','1506',@CompanyId=2;
19/08/2021 09:38:05	SQL :EXEC GetUserTreeMenu 'pramudyono hadi','1507',@CompanyId=2;
19/08/2021 09:38:05	SQL :EXEC GetUserTreeMenu 'pramudyono hadi','1508',@CompanyId=2;
19/08/2021 09:38:05	SQL :EXEC GetUserTreeMenu 'pramudyono hadi','1509',@CompanyId=2;
19/08/2021 09:38:05	SQL :EXEC GetUserTreeMenu 'pramudyono hadi','1510',@CompanyId=2;
19/08/2021 09:38:05	SQL :EXEC GetUserTreeMenu 'pramudyono hadi','1511',@CompanyId=2;
19/08/2021 09:38:05	SQL :EXEC GetUserSubMenu 'pramudyono hadi','16';
19/08/2021 09:38:05	SQL :EXEC GetUserTreeMenu 'pramudyono hadi','1601',@CompanyId=2;
19/08/2021 09:38:05	SQL :EXEC GetUserTreeMenu 'pramudyono hadi','1602',@CompanyId=2;
19/08/2021 09:38:05	SQL :EXEC GetUserTreeMenu 'pramudyono hadi','1603',@CompanyId=2;
19/08/2021 09:38:06	SQL :EXEC GetUserTreeMenu 'pramudyono hadi','1604',@CompanyId=2;
19/08/2021 09:38:06	SQL :EXEC GetUserTreeMenu 'pramudyono hadi','1605',@CompanyId=2;
19/08/2021 09:38:06	SQL :EXEC GetUserTreeMenu 'pramudyono hadi','1606',@CompanyId=2;
19/08/2021 09:38:06	SQL :EXEC GetUserTreeMenu 'pramudyono hadi','1607',@CompanyId=2;
19/08/2021 09:38:06	SQL :EXEC GetUserTreeMenu 'pramudyono hadi','1608',@CompanyId=2;
19/08/2021 09:38:06	SQL :EXEC GetUserTreeMenu 'pramudyono hadi','1609',@CompanyId=2;
19/08/2021 09:38:06	SQL :EXEC GetUserTreeMenu 'pramudyono hadi','1610',@CompanyId=2;
19/08/2021 09:38:06	SQL :EXEC GetUserTreeMenu 'pramudyono hadi','1611',@CompanyId=2;
19/08/2021 09:38:06	SQL :EXEC GetUserTreeMenu 'pramudyono hadi','1612',@CompanyId=2;
19/08/2021 09:38:06	SQL :EXEC GetUserTreeMenu 'pramudyono hadi','1613',@CompanyId=2;
19/08/2021 09:38:06	SQL :EXEC GetUserTreeMenu 'pramudyono hadi','1614',@CompanyId=2;
19/08/2021 09:38:06	SQL :EXEC GetUserTreeMenu 'pramudyono hadi','1615',@CompanyId=2;
19/08/2021 09:38:06	SQL :EXEC GetUserTreeMenu 'pramudyono hadi','1616',@CompanyId=2;
19/08/2021 09:38:06	SQL :EXEC GetUserTreeMenu 'pramudyono hadi','1619',@CompanyId=2;
19/08/2021 09:38:06	SQL :EXEC GetUserTreeMenu 'pramudyono hadi','1620',@CompanyId=2;
19/08/2021 09:38:06	SQL :EXEC GetUserSubMenu 'pramudyono hadi','17';
19/08/2021 09:38:06	SQL :EXEC GetUserTreeMenu 'pramudyono hadi','1701',@CompanyId=2;
19/08/2021 09:38:06	SQL :EXEC GetUserTreeMenu 'pramudyono hadi','1702',@CompanyId=2;
19/08/2021 09:38:06	SQL :EXEC GetUserTreeMenu 'pramudyono hadi','1703',@CompanyId=2;
19/08/2021 09:38:06	SQL :EXEC GetUserTreeMenu 'pramudyono hadi','1704',@CompanyId=2;
19/08/2021 09:38:06	SQL :EXEC GetUserTreeMenu 'pramudyono hadi','1705',@CompanyId=2;
19/08/2021 09:38:06	SQL :EXEC GetUserTreeMenu 'pramudyono hadi','1706',@CompanyId=2;
19/08/2021 09:38:06	SQL :EXEC GetUserTreeMenu 'pramudyono hadi','1707',@CompanyId=2;
19/08/2021 09:38:06	SQL :EXEC GetUserTreeMenu 'pramudyono hadi','1708',@CompanyId=2;
19/08/2021 09:38:06	SQL :EXEC GetUserTreeMenu 'pramudyono hadi','1709',@CompanyId=2;
19/08/2021 09:38:06	SQL :EXEC GetUserTreeMenu 'pramudyono hadi','1710',@CompanyId=2;
19/08/2021 09:38:06	SQL :EXEC GetUserTreeMenu 'pramudyono hadi','1711',@CompanyId=2;
19/08/2021 09:38:06	SQL :EXEC GetUserTreeMenu 'pramudyono hadi','1712',@CompanyId=2;
19/08/2021 09:38:06	SQL :EXEC GetUserTreeMenu 'pramudyono hadi','1713',@CompanyId=2;
19/08/2021 09:38:06	SQL :EXEC GetUserTreeMenu 'pramudyono hadi','1714',@CompanyId=2;
19/08/2021 09:38:06	SQL :EXEC GetUserTreeMenu 'pramudyono hadi','1715',@CompanyId=2;
19/08/2021 09:38:06	SQL :EXEC GetUserTreeMenu 'pramudyono hadi','1716',@CompanyId=2;
19/08/2021 09:38:06	SQL :EXEC GetUserTreeMenu 'pramudyono hadi','1717',@CompanyId=2;
19/08/2021 09:38:07	SQL :EXEC GetUserSubMenu 'pramudyono hadi','18';
19/08/2021 09:38:07	SQL :EXEC GetUserTreeMenu 'pramudyono hadi','1801',@CompanyId=2;
19/08/2021 09:38:07	SQL :EXEC GetUserSubMenu 'pramudyono hadi','19';
19/08/2021 09:38:07	SQL :EXEC GetUserTreeMenu 'pramudyono hadi','1901',@CompanyId=2;
19/08/2021 09:38:07	SQL :EXEC GetUserTreeMenu 'pramudyono hadi','1902',@CompanyId=2;
19/08/2021 09:38:07	SQL :EXEC GetUserTreeMenu 'pramudyono hadi','1903',@CompanyId=2;
19/08/2021 09:38:07	SQL :EXEC GetUserTreeMenu 'pramudyono hadi','1904',@CompanyId=2;
19/08/2021 09:38:07	SQL :EXEC GetUserTreeMenu 'pramudyono hadi','1905',@CompanyId=2;
19/08/2021 09:38:07	SQL :EXEC GetUserTreeMenu 'pramudyono hadi','1906',@CompanyId=2;
19/08/2021 09:38:07	SQL :EXEC GetUserTreeMenu 'pramudyono hadi','1907',@CompanyId=2;
19/08/2021 09:38:07	SQL :EXEC GetUserTreeMenu 'pramudyono hadi','1908',@CompanyId=2;
19/08/2021 09:38:07	SQL :EXEC GetUserTreeMenu 'pramudyono hadi','1909',@CompanyId=2;
19/08/2021 09:38:07	SQL :EXEC GetUserTreeMenu 'pramudyono hadi','1910',@CompanyId=2;
19/08/2021 09:38:07	SQL :EXEC GetUserTreeMenu 'pramudyono hadi','1911',@CompanyId=2;
19/08/2021 09:38:07	SQL :EXEC GetUserTreeMenu 'pramudyono hadi','1912',@CompanyId=2;
19/08/2021 09:38:07	SQL :SELECT CONVERT(VARCHAR(8),GETDATE(),108) AS hour_minute;
19/08/2021 09:38:07	SQL :SELECT CONVERT(VARCHAR(10),GETDATE(),103) AS date_time;
19/08/2021 09:38:07	Loading Setting
19/08/2021 09:38:07	Open DB Connection
19/08/2021 09:38:07	SQL :SELECT * FROM wh_setting WHERE setting_name='Hold_Less_Deposit';
19/08/2021 09:38:07	SQL :SELECT * FROM wh_setting WHERE setting_name='Max_Less_Deposit';
19/08/2021 09:38:07	SQL :SELECT * FROM wh_setting WHERE setting_name='Dashboard_2';
19/08/2021 09:38:07	Finish Logging
19/08/2021 09:38:07	SQL :SELECT value_string FROM wh_setting WHERE (setting_name='Interval_CheckInDate') AND (active=1);
19/08/2021 09:38:07	SQL :SELECT value_string FROM wh_setting WHERE (setting_name='Interval_CheckInTime') AND (active=1);
19/08/2021 09:38:07	SQL :SELECT value_string FROM wh_setting WHERE (setting_name='ChatEnable') and (active=1);
19/08/2021 09:38:08	Message:Port Check
19/08/2021 09:38:08	Message:Open DB Connection
19/08/2021 09:38:08	SQL :EXEC GetMessage '01','pramudyono hadi';
19/08/2021 09:38:08	SQL :SELECT CONVERT(VARCHAR(8),GETDATE(),108) AS hour_minute;
19/08/2021 09:38:08	SQL :SELECT CONVERT(VARCHAR(10),GETDATE(),103) AS date_time;
19/08/2021 09:38:13	Open Menu :190507
19/08/2021 09:38:13	Open DB Connection
19/08/2021 09:38:13	SQL :EXEC AuthMenu 'pramudyono hadi',190507;
19/08/2021 09:38:13	Form Check :BusRunningDaysminiRpt
19/08/2021 09:38:13	Form Open: BusRunningDaysMiniRpt=,0
19/08/2021 09:38:13	Open DB Connection
19/08/2021 09:38:13	SQL :EXEC GetCompanyLocationList
19/08/2021 09:38:13	SQL :EXEC GetUserRDLocationList @UserName='pramudyono hadi' ;
19/08/2021 09:38:13	SQL :EXEC GetGroup 2;
19/08/2021 09:38:13	Open DB Connection
19/08/2021 09:38:15	Open DB Connection
19/08/2021 09:38:15	SQL :SELECT * FROM wh_setting WHERE (setting_name='ServiceBerkala_as_PKB_2') AND (active=1);
19/08/2021 09:38:15	Open DB Connection
19/08/2021 09:38:15	SQL :EXEC GetVhcList 6,@CompanyId=2,@OrderBy='h.vhc_batch_id,seat,license_plate',@ShowBatch=1,@Dates='2021/08/31';
19/08/2021 09:38:16	SQL :EXEC GetRunningDaysDetail 'BS15070005',@FromDate='2021-08-01',@ToDate='2021-08-31', @CompanyId=2;
19/08/2021 09:38:16	SQL :EXEC GetRunningDaysDetail 'BS15100003',@FromDate='2021-08-01',@ToDate='2021-08-31', @CompanyId=2;
19/08/2021 09:38:16	SQL :EXEC GetRunningDaysDetail 'BS15070004',@FromDate='2021-08-01',@ToDate='2021-08-31', @CompanyId=2;
19/08/2021 09:38:17	SQL :EXEC GetRunningDaysDetail 'BU13090145',@FromDate='2021-08-01',@ToDate='2021-08-31', @CompanyId=2;
19/08/2021 09:38:17	SQL :EXEC GetRunningDaysDetail 'BU13090079',@FromDate='2021-08-01',@ToDate='2021-08-31', @CompanyId=2;
19/08/2021 09:38:18	SQL :EXEC GetRunningDaysDetail 'BS14070003',@FromDate='2021-08-01',@ToDate='2021-08-31', @CompanyId=2;
19/08/2021 09:38:19	SQL :EXEC GetRunningDaysDetail 'BU13090081',@FromDate='2021-08-01',@ToDate='2021-08-31', @CompanyId=2;
19/08/2021 09:38:19	SQL :EXEC GetRunningDaysDetail 'GL1218020002',@FromDate='2021-08-01',@ToDate='2021-08-31', @CompanyId=2;
19/08/2021 09:38:19	SQL :EXEC GetRunningDaysDetail 'BS14070001',@FromDate='2021-08-01',@ToDate='2021-08-31', @CompanyId=2;
19/08/2021 09:38:21	SQL :EXEC GetRunningDaysDetail 'BU13090083',@FromDate='2021-08-01',@ToDate='2021-08-31', @CompanyId=2;
19/08/2021 09:38:21	SQL :EXEC GetRunningDaysDetail 'BS14070004',@FromDate='2021-08-01',@ToDate='2021-08-31', @CompanyId=2;
19/08/2021 09:38:21	SQL :EXEC GetRunningDaysDetail 'GL1218020001',@FromDate='2021-08-01',@ToDate='2021-08-31', @CompanyId=2;
19/08/2021 09:38:21	SQL :EXEC GetRunningDaysDetail 'BS15070006',@FromDate='2021-08-01',@ToDate='2021-08-31', @CompanyId=2;
19/08/2021 09:38:22	SQL :EXEC GetRunningDaysDetail 'BU13090086',@FromDate='2021-08-01',@ToDate='2021-08-31', @CompanyId=2;
19/08/2021 09:38:22	SQL :EXEC GetRunningDaysDetail 'BU13090087',@FromDate='2021-08-01',@ToDate='2021-08-31', @CompanyId=2;
19/08/2021 09:38:22	SQL :EXEC GetRunningDaysDetail 'BU13090088',@FromDate='2021-08-01',@ToDate='2021-08-31', @CompanyId=2;
19/08/2021 09:38:23	SQL :EXEC GetRunningDaysDetail 'BU13090089',@FromDate='2021-08-01',@ToDate='2021-08-31', @CompanyId=2;
19/08/2021 09:38:23	SQL :EXEC GetRunningDaysDetail 'BU13090090',@FromDate='2021-08-01',@ToDate='2021-08-31', @CompanyId=2;
19/08/2021 09:38:24	SQL :EXEC GetRunningDaysDetail 'BU13090091',@FromDate='2021-08-01',@ToDate='2021-08-31', @CompanyId=2;
19/08/2021 09:38:24	SQL :EXEC GetRunningDaysDetail 'BU13090093',@FromDate='2021-08-01',@ToDate='2021-08-31', @CompanyId=2;
19/08/2021 09:38:25	SQL :EXEC GetRunningDaysDetail 'BU13090094',@FromDate='2021-08-01',@ToDate='2021-08-31', @CompanyId=2;
19/08/2021 09:38:25	SQL :EXEC GetRunningDaysDetail 'BU13090072',@FromDate='2021-08-01',@ToDate='2021-08-31', @CompanyId=2;
19/08/2021 09:38:26	SQL :EXEC GetRunningDaysDetail 'BS15090014',@FromDate='2021-08-01',@ToDate='2021-08-31', @CompanyId=2;
19/08/2021 09:38:27	SQL :EXEC GetRunningDaysDetail 'BS15090022',@FromDate='2021-08-01',@ToDate='2021-08-31', @CompanyId=2;
19/08/2021 09:38:27	SQL :EXEC GetRunningDaysDetail 'BS220010001',@FromDate='2021-08-01',@ToDate='2021-08-31', @CompanyId=2;
19/08/2021 09:38:28	SQL :EXEC GetRunningDaysDetail 'BS220010002',@FromDate='2021-08-01',@ToDate='2021-08-31', @CompanyId=2;
19/08/2021 09:38:28	SQL :EXEC GetRunningDaysDetail 'BS220010003',@FromDate='2021-08-01',@ToDate='2021-08-31', @CompanyId=2;
19/08/2021 09:38:28	SQL :EXEC GetRunningDaysDetail 'BS220010004',@FromDate='2021-08-01',@ToDate='2021-08-31', @CompanyId=2;
19/08/2021 09:38:29	SQL :EXEC GetRunningDaysDetail 'BS220010005',@FromDate='2021-08-01',@ToDate='2021-08-31', @CompanyId=2;
19/08/2021 09:38:29	SQL :EXEC GetRunningDaysDetail 'BU13090054',@FromDate='2021-08-01',@ToDate='2021-08-31', @CompanyId=2;
19/08/2021 09:38:30	SQL :EXEC GetRunningDaysDetail 'BU13090057',@FromDate='2021-08-01',@ToDate='2021-08-31', @CompanyId=2;
19/08/2021 09:38:31	SQL :EXEC GetRunningDaysDetail 'BS14050001',@FromDate='2021-08-01',@ToDate='2021-08-31', @CompanyId=2;
19/08/2021 09:38:32	SQL :EXEC GetRunningDaysDetail 'BU13090044',@FromDate='2021-08-01',@ToDate='2021-08-31', @CompanyId=2;
19/08/2021 09:38:32	SQL :EXEC GetRunningDaysDetail 'BU13090046',@FromDate='2021-08-01',@ToDate='2021-08-31', @CompanyId=2;
19/08/2021 09:38:33	SQL :EXEC GetRunningDaysDetail 'BU13090047',@FromDate='2021-08-01',@ToDate='2021-08-31', @CompanyId=2;
19/08/2021 09:38:33	SQL :EXEC GetRunningDaysDetail 'BU13090048',@FromDate='2021-08-01',@ToDate='2021-08-31', @CompanyId=2;
19/08/2021 09:38:34	SQL :EXEC GetRunningDaysDetail 'BU13090051',@FromDate='2021-08-01',@ToDate='2021-08-31', @CompanyId=2;
19/08/2021 09:38:35	SQL :EXEC GetRunningDaysDetail 'BU13090056',@FromDate='2021-08-01',@ToDate='2021-08-31', @CompanyId=2;
19/08/2021 09:38:36	SQL :EXEC GetRunningDaysDetail 'BS14050005',@FromDate='2021-08-01',@ToDate='2021-08-31', @CompanyId=2;
19/08/2021 09:38:37	SQL :EXEC GetRunningDaysDetail 'BS14050002',@FromDate='2021-08-01',@ToDate='2021-08-31', @CompanyId=2;
19/08/2021 09:38:38	SQL :EXEC GetRunningDaysDetail 'BS14050003',@FromDate='2021-08-01',@ToDate='2021-08-31', @CompanyId=2;
19/08/2021 09:38:39	SQL :EXEC GetRunningDaysDetail 'BS14050004',@FromDate='2021-08-01',@ToDate='2021-08-31', @CompanyId=2;
19/08/2021 09:38:40	SQL :EXEC GetRunningDaysDetail 'BS14050008',@FromDate='2021-08-01',@ToDate='2021-08-31', @CompanyId=2;
19/08/2021 09:38:42	SQL :EXEC GetRunningDaysDetail 'BS14050006',@FromDate='2021-08-01',@ToDate='2021-08-31', @CompanyId=2;
19/08/2021 09:38:43	SQL :EXEC GetRunningDaysDetail 'BS14110001',@FromDate='2021-08-01',@ToDate='2021-08-31', @CompanyId=2;
19/08/2021 09:38:44	SQL :EXEC GetRunningDaysDetail 'BS14110002',@FromDate='2021-08-01',@ToDate='2021-08-31', @CompanyId=2;
19/08/2021 09:38:45	SQL :EXEC GetRunningDaysDetail 'BS17100020',@FromDate='2021-08-01',@ToDate='2021-08-31', @CompanyId=2;
19/08/2021 09:38:45	SQL :EXEC GetRunningDaysDetail 'BS216050001',@FromDate='2021-08-01',@ToDate='2021-08-31', @CompanyId=2;
19/08/2021 09:38:47	SQL :EXEC GetRunningDaysDetail 'BS216050002',@FromDate='2021-08-01',@ToDate='2021-08-31', @CompanyId=2;
19/08/2021 09:38:48	SQL :EXEC GetRunningDaysDetail 'BS17100017',@FromDate='2021-08-01',@ToDate='2021-08-31', @CompanyId=2;
19/08/2021 09:38:49	SQL :EXEC GetRunningDaysDetail 'BS17100016',@FromDate='2021-08-01',@ToDate='2021-08-31', @CompanyId=2;
19/08/2021 09:38:50	SQL :EXEC GetRunningDaysDetail 'BS1118070003',@FromDate='2021-08-01',@ToDate='2021-08-31', @CompanyId=2;
19/08/2021 09:38:51	SQL :EXEC GetRunningDaysDetail 'BS918060001',@FromDate='2021-08-01',@ToDate='2021-08-31', @CompanyId=2;
19/08/2021 09:38:52	SQL :EXEC GetRunningDaysDetail 'BS218050002',@FromDate='2021-08-01',@ToDate='2021-08-31', @CompanyId=2;
19/08/2021 09:38:53	SQL :EXEC GetRunningDaysDetail 'BS218050001',@FromDate='2021-08-01',@ToDate='2021-08-31', @CompanyId=2;
19/08/2021 09:38:53	SQL :EXEC GetRunningDaysDetail 'BS218090002',@FromDate='2021-08-01',@ToDate='2021-08-31', @CompanyId=2;
19/08/2021 09:38:54	SQL :EXEC GetRunningDaysDetail 'BS218090003',@FromDate='2021-08-01',@ToDate='2021-08-31', @CompanyId=2;
19/08/2021 09:38:55	SQL :EXEC GetRunningDaysDetail 'BS218110003',@FromDate='2021-08-01',@ToDate='2021-08-31', @CompanyId=2;
19/08/2021 09:38:56	SQL :EXEC GetRunningDaysDetail 'BS218110001',@FromDate='2021-08-01',@ToDate='2021-08-31', @CompanyId=2;
19/08/2021 09:38:56	SQL :EXEC GetRunningDaysDetail 'BS217010007',@FromDate='2021-08-01',@ToDate='2021-08-31', @CompanyId=2;
19/08/2021 09:38:58	SQL :EXEC GetRunningDaysDetail 'BS217020001',@FromDate='2021-08-01',@ToDate='2021-08-31', @CompanyId=2;
19/08/2021 09:39:00	SQL :EXEC GetRunningDaysDetail 'BS217020002',@FromDate='2021-08-01',@ToDate='2021-08-31', @CompanyId=2;
19/08/2021 09:39:02	SQL :EXEC GetRunningDaysDetail 'BS217060004',@FromDate='2021-08-01',@ToDate='2021-08-31', @CompanyId=2;
19/08/2021 09:39:04	SQL :EXEC GetRunningDaysDetail 'BS217060003',@FromDate='2021-08-01',@ToDate='2021-08-31', @CompanyId=2;
19/08/2021 09:39:06	SQL :EXEC GetRunningDaysDetail 'BS917080001',@FromDate='2021-08-01',@ToDate='2021-08-31', @CompanyId=2;
19/08/2021 09:39:08	SQL :EXEC GetRunningDaysDetail 'BS917080002',@FromDate='2021-08-01',@ToDate='2021-08-31', @CompanyId=2;
19/08/2021 09:39:09	SQL :EXEC GetRunningDaysDetail 'BS218070003',@FromDate='2021-08-01',@ToDate='2021-08-31', @CompanyId=2;
19/08/2021 09:39:11	SQL :EXEC GetRunningDaysDetail 'BS218070001',@FromDate='2021-08-01',@ToDate='2021-08-31', @CompanyId=2;
19/08/2021 09:39:13	SQL :EXEC GetRunningDaysDetail 'BS218070004',@FromDate='2021-08-01',@ToDate='2021-08-31', @CompanyId=2;
19/08/2021 09:39:15	SQL :EXEC GetRunningDaysDetail 'BS219100004',@FromDate='2021-08-01',@ToDate='2021-08-31', @CompanyId=2;
19/08/2021 09:39:16	SQL :EXEC GetRunningDaysDetail 'BS219100003',@FromDate='2021-08-01',@ToDate='2021-08-31', @CompanyId=2;
19/08/2021 09:39:17	SQL :EXEC GetRunningDaysDetail 'BS217010001',@FromDate='2021-08-01',@ToDate='2021-08-31', @CompanyId=2;
19/08/2021 09:39:18	SQL :EXEC GetRunningDaysDetail 'BS217010002',@FromDate='2021-08-01',@ToDate='2021-08-31', @CompanyId=2;
19/08/2021 09:39:19	SQL :EXEC GetRunningDaysDetail 'BS218090001',@FromDate='2021-08-01',@ToDate='2021-08-31', @CompanyId=2;
19/08/2021 09:39:19	SQL :EXEC GetRunningDaysDetail 'BS217080003',@FromDate='2021-08-01',@ToDate='2021-08-31', @CompanyId=2;
19/08/2021 09:39:20	SQL :EXEC GetRunningDaysDetail 'BS217080004',@FromDate='2021-08-01',@ToDate='2021-08-31', @CompanyId=2;
19/08/2021 09:39:20	SQL :EXEC GetRunningDaysDetail 'BS217080006',@FromDate='2021-08-01',@ToDate='2021-08-31', @CompanyId=2;
19/08/2021 09:39:21	SQL :EXEC GetRunningDaysDetail 'BS1218020001',@FromDate='2021-08-01',@ToDate='2021-08-31', @CompanyId=2;
19/08/2021 09:39:21	SQL :EXEC GetRunningDaysDetail 'BS218050003',@FromDate='2021-08-01',@ToDate='2021-08-31', @CompanyId=2;
19/08/2021 09:39:22	SQL :EXEC GetRunningDaysDetail 'BS217080001',@FromDate='2021-08-01',@ToDate='2021-08-31', @CompanyId=2;
19/08/2021 09:39:22	SQL :EXEC GetRunningDaysDetail 'BS217080002',@FromDate='2021-08-01',@ToDate='2021-08-31', @CompanyId=2;
19/08/2021 09:39:23	SQL :EXEC GetRunningDaysDetail 'BS217020006',@FromDate='2021-08-01',@ToDate='2021-08-31', @CompanyId=2;
19/08/2021 09:39:23	SQL :EXEC GetRunningDaysDetail 'BS220100001',@FromDate='2021-08-01',@ToDate='2021-08-31', @CompanyId=2;
19/08/2021 09:39:23	SQL :EXEC GetRunningDaysDetail 'BS219090002',@FromDate='2021-08-01',@ToDate='2021-08-31', @CompanyId=2;
19/08/2021 09:39:24	SQL :EXEC GetRunningDaysDetail 'BS221040001',@FromDate='2021-08-01',@ToDate='2021-08-31', @CompanyId=2;
19/08/2021 09:39:24	SQL :EXEC GetRunningDaysDetail 'BS221040002',@FromDate='2021-08-01',@ToDate='2021-08-31', @CompanyId=2;
19/08/2021 09:39:24	SQL :EXEC GetRunningDaysDetail 'BS220110001',@FromDate='2021-08-01',@ToDate='2021-08-31', @CompanyId=2;
19/08/2021 09:39:24	SQL :EXEC GetRunningDaysDetail 'BS220110004',@FromDate='2021-08-01',@ToDate='2021-08-31', @CompanyId=2;
19/08/2021 09:39:25	SQL :EXEC GetRunningDaysDetail 'BS220110005',@FromDate='2021-08-01',@ToDate='2021-08-31', @CompanyId=2;
19/08/2021 09:39:25	SQL :EXEC GetRunningDaysDetail 'BS1118070005',@FromDate='2021-08-01',@ToDate='2021-08-31', @CompanyId=2;
19/08/2021 09:39:28	SQL :EXEC GetRunningDaysDetail 'BS221060001',@FromDate='2021-08-01',@ToDate='2021-08-31', @CompanyId=2;
19/08/2021 09:39:28	SQL :EXEC GetRunningDaysDetail 'BS221010001',@FromDate='2021-08-01',@ToDate='2021-08-31', @CompanyId=2;
19/08/2021 09:39:28	SQL :EXEC GetRunningDaysDetail 'BS221010002',@FromDate='2021-08-01',@ToDate='2021-08-31', @CompanyId=2;
19/08/2021 09:39:29	SQL :EXEC GetRunningDaysDetail 'BS221060004',@FromDate='2021-08-01',@ToDate='2021-08-31', @CompanyId=2;
19/08/2021 09:39:29	SQL :EXEC GetRunningDaysDetail 'BS221020002',@FromDate='2021-08-01',@ToDate='2021-08-31', @CompanyId=2;
19/08/2021 09:39:31	SQL :EXEC GetRunningDaysDetail 'BS221070008',@FromDate='2021-08-01',@ToDate='2021-08-31', @CompanyId=2;
19/08/2021 09:39:34	SQL :EXEC GetRunningDaysDetail 'BS221070009',@FromDate='2021-08-01',@ToDate='2021-08-31', @CompanyId=2;
19/08/2021 09:39:35	SQL :EXEC GetRunningDaysDetail 'BS221020001',@FromDate='2021-08-01',@ToDate='2021-08-31', @CompanyId=2;
19/08/2021 09:39:36	SQL :EXEC GetRunningDaysDetail 'BS221070072',@FromDate='2021-08-01',@ToDate='2021-08-31', @CompanyId=2;
19/08/2021 09:39:37	SQL :EXEC GetRunningDaysDetail 'BS220080001',@FromDate='2021-08-01',@ToDate='2021-08-31', @CompanyId=2;
19/08/2021 09:39:38	SQL :EXEC GetRunningDaysDetail 'BS220080003',@FromDate='2021-08-01',@ToDate='2021-08-31', @CompanyId=2;
19/08/2021 09:39:39	SQL :EXEC GetRunningDaysDetail 'BS220080004',@FromDate='2021-08-01',@ToDate='2021-08-31', @CompanyId=2;
19/08/2021 09:39:40	SQL :EXEC GetRunningDaysDetail 'BS220080005',@FromDate='2021-08-01',@ToDate='2021-08-31', @CompanyId=2;
19/08/2021 09:39:42	SQL :EXEC GetRunningDaysDetail 'BS220070002',@FromDate='2021-08-01',@ToDate='2021-08-31', @CompanyId=2;
19/08/2021 09:39:43	SQL :EXEC GetRunningDaysDetail 'BS220070001',@FromDate='2021-08-01',@ToDate='2021-08-31', @CompanyId=2;
19/08/2021 09:39:44	SQL :EXEC GetRunningDaysDetail 'BS221060002',@FromDate='2021-08-01',@ToDate='2021-08-31', @CompanyId=2;
19/08/2021 09:39:44	SQL :EXEC GetRunningDaysDetail 'BS220110002',@FromDate='2021-08-01',@ToDate='2021-08-31', @CompanyId=2;
19/08/2021 09:39:45	SQL :EXEC GetRunningDaysDetail 'BS220110003',@FromDate='2021-08-01',@ToDate='2021-08-31', @CompanyId=2;
19/08/2021 09:39:46	SQL :EXEC GetRunningDaysDetail 'BS221020003',@FromDate='2021-08-01',@ToDate='2021-08-31', @CompanyId=2;
19/08/2021 09:39:46	SQL :EXEC GetRunningDaysDetail 'BS221020004',@FromDate='2021-08-01',@ToDate='2021-08-31', @CompanyId=2;
19/08/2021 09:39:48	SQL :EXEC GetRunningDaysDetail 'BS220010006',@FromDate='2021-08-01',@ToDate='2021-08-31', @CompanyId=2;
19/08/2021 09:39:48	SQL :EXEC GetRunningDaysDetail 'BS221080002',@FromDate='2021-08-01',@ToDate='2021-08-31', @CompanyId=2;
19/08/2021 09:39:48	SQL :EXEC GetRunningDaysDetail 'BS221080001',@FromDate='2021-08-01',@ToDate='2021-08-31', @CompanyId=2;
19/08/2021 09:39:49	SQL :EXEC GetRunningDaysDetail 'BS221070074',@FromDate='2021-08-01',@ToDate='2021-08-31', @CompanyId=2;
19/08/2021 09:39:50	SQL :EXEC GetRunningDaysDetail 'BS221070073',@FromDate='2021-08-01',@ToDate='2021-08-31', @CompanyId=2;
19/08/2021 09:39:51	SQL :EXEC GetRunningDaysDetail 'BS218050004',@FromDate='2021-08-01',@ToDate='2021-08-31', @CompanyId=2;
19/08/2021 09:39:51	SQL :EXEC GetRunningDaysDetail 'BS218070005',@FromDate='2021-08-01',@ToDate='2021-08-31', @CompanyId=2;
19/08/2021 09:39:52	SQL :EXEC GetRunningDaysDetail 'BS221040003',@FromDate='2021-08-01',@ToDate='2021-08-31', @CompanyId=2;
19/08/2021 09:39:52	SQL :EXEC GetRunningDaysDetail 'BS218070007',@FromDate='2021-08-01',@ToDate='2021-08-31', @CompanyId=2;
19/08/2021 09:39:52	SQL :EXEC GetRunningDaysDetail 'BS218070006',@FromDate='2021-08-01',@ToDate='2021-08-31', @CompanyId=2;
19/08/2021 09:39:53	SQL :EXEC GetRunningDaysDetail 'BS219090001',@FromDate='2021-08-01',@ToDate='2021-08-31', @CompanyId=2;
19/08/2021 09:39:53	SQL :EXEC GetRunningDaysDetail 'BS219110001',@FromDate='2021-08-01',@ToDate='2021-08-31', @CompanyId=2;
19/08/2021 09:39:53	SQL :EXEC GetRunningDaysDetail 'BU13090043',@FromDate='2021-08-01',@ToDate='2021-08-31', @CompanyId=2;
19/08/2021 09:39:54	SQL :EXEC GetRunningDaysDetail 'BS14050007',@FromDate='2021-08-01',@ToDate='2021-08-31', @CompanyId=2;
19/08/2021 09:39:54	SQL :EXEC GetRunningDaysDetail 'BU13090049',@FromDate='2021-08-01',@ToDate='2021-08-31', @CompanyId=2;
19/08/2021 09:39:55	SQL :EXEC GetRunningDaysDetail 'BS221060003',@FromDate='2021-08-01',@ToDate='2021-08-31', @CompanyId=2;
19/08/2021 09:39:56	SQL :EXEC GetRunningDaysDetail 'BS221070042',@FromDate='2021-08-01',@ToDate='2021-08-31', @CompanyId=2;
19/08/2021 09:39:57	SQL :EXEC GetRunningDaysDetail 'BS221070043',@FromDate='2021-08-01',@ToDate='2021-08-31', @CompanyId=2;
19/08/2021 09:39:57	SQL :EXEC GetRunningDaysDetail 'BS221070046',@FromDate='2021-08-01',@ToDate='2021-08-31', @CompanyId=2;
19/08/2021 09:39:57	SQL :EXEC GetRunningDaysDetail 'BS221070047',@FromDate='2021-08-01',@ToDate='2021-08-31', @CompanyId=2;
19/08/2021 09:39:57	SQL :EXEC GetRunningDaysDetail 'BS221070048',@FromDate='2021-08-01',@ToDate='2021-08-31', @CompanyId=2;
19/08/2021 09:39:57	SQL :EXEC GetRunningDaysDetail 'BS221070049',@FromDate='2021-08-01',@ToDate='2021-08-31', @CompanyId=2;
19/08/2021 09:39:58	SQL :EXEC GetRunningDaysDetail 'BS221070044',@FromDate='2021-08-01',@ToDate='2021-08-31', @CompanyId=2;
19/08/2021 09:39:58	SQL :EXEC GetRunningDaysDetail 'BS221070050',@FromDate='2021-08-01',@ToDate='2021-08-31', @CompanyId=2;
19/08/2021 09:39:58	SQL :EXEC GetRunningDaysDetail 'BS221070051',@FromDate='2021-08-01',@ToDate='2021-08-31', @CompanyId=2;
19/08/2021 09:39:58	SQL :EXEC GetRunningDaysDetail 'BS221070052',@FromDate='2021-08-01',@ToDate='2021-08-31', @CompanyId=2;
19/08/2021 09:39:59	SQL :EXEC GetRunningDaysDetail 'BS221070053',@FromDate='2021-08-01',@ToDate='2021-08-31', @CompanyId=2;
19/08/2021 09:39:59	SQL :EXEC GetRunningDaysDetail 'BS221070054',@FromDate='2021-08-01',@ToDate='2021-08-31', @CompanyId=2;
19/08/2021 09:39:59	SQL :EXEC GetRunningDaysDetail 'BS221070055',@FromDate='2021-08-01',@ToDate='2021-08-31', @CompanyId=2;
19/08/2021 09:39:59	SQL :EXEC GetRunningDaysDetail 'BS221070056',@FromDate='2021-08-01',@ToDate='2021-08-31', @CompanyId=2;
19/08/2021 09:39:59	SQL :EXEC GetRunningDaysDetail 'BS221070057',@FromDate='2021-08-01',@ToDate='2021-08-31', @CompanyId=2;
19/08/2021 09:40:00	SQL :EXEC GetRunningDaysDetail 'BS221070058',@FromDate='2021-08-01',@ToDate='2021-08-31', @CompanyId=2;
19/08/2021 09:40:00	SQL :EXEC GetRunningDaysDetail 'BS221070045',@FromDate='2021-08-01',@ToDate='2021-08-31', @CompanyId=2;
19/08/2021 09:40:00	SQL :EXEC GetRunningDaysDetail 'BS221070006',@FromDate='2021-08-01',@ToDate='2021-08-31', @CompanyId=2;
19/08/2021 09:40:01	SQL :EXEC GetRunningDaysDetail 'BS221070026',@FromDate='2021-08-01',@ToDate='2021-08-31', @CompanyId=2;
19/08/2021 09:40:01	SQL :EXEC GetRunningDaysDetail 'BS221070027',@FromDate='2021-08-01',@ToDate='2021-08-31', @CompanyId=2;
19/08/2021 09:40:01	SQL :EXEC GetRunningDaysDetail 'BS221070028',@FromDate='2021-08-01',@ToDate='2021-08-31', @CompanyId=2;
19/08/2021 09:40:01	SQL :EXEC GetRunningDaysDetail 'BS221070029',@FromDate='2021-08-01',@ToDate='2021-08-31', @CompanyId=2;
19/08/2021 09:40:01	SQL :EXEC GetRunningDaysDetail 'BS221070030',@FromDate='2021-08-01',@ToDate='2021-08-31', @CompanyId=2;
19/08/2021 09:40:02	SQL :EXEC GetRunningDaysDetail 'BS221070031',@FromDate='2021-08-01',@ToDate='2021-08-31', @CompanyId=2;
19/08/2021 09:40:02	SQL :EXEC GetRunningDaysDetail 'BS221070032',@FromDate='2021-08-01',@ToDate='2021-08-31', @CompanyId=2;
19/08/2021 09:40:02	SQL :EXEC GetRunningDaysDetail 'BS221070033',@FromDate='2021-08-01',@ToDate='2021-08-31', @CompanyId=2;
19/08/2021 09:40:02	SQL :EXEC GetRunningDaysDetail 'BS221070034',@FromDate='2021-08-01',@ToDate='2021-08-31', @CompanyId=2;
19/08/2021 09:40:03	SQL :EXEC GetRunningDaysDetail 'BS221070035',@FromDate='2021-08-01',@ToDate='2021-08-31', @CompanyId=2;
19/08/2021 09:40:03	SQL :EXEC GetRunningDaysDetail 'BS221070036',@FromDate='2021-08-01',@ToDate='2021-08-31', @CompanyId=2;
19/08/2021 09:40:03	SQL :EXEC GetRunningDaysDetail 'BS221070037',@FromDate='2021-08-01',@ToDate='2021-08-31', @CompanyId=2;
19/08/2021 09:40:03	SQL :EXEC GetRunningDaysDetail 'BS221070038',@FromDate='2021-08-01',@ToDate='2021-08-31', @CompanyId=2;
19/08/2021 09:40:04	SQL :EXEC GetRunningDaysDetail 'BS221070039',@FromDate='2021-08-01',@ToDate='2021-08-31', @CompanyId=2;
19/08/2021 09:40:04	SQL :EXEC GetRunningDaysDetail 'BS221070040',@FromDate='2021-08-01',@ToDate='2021-08-31', @CompanyId=2;
19/08/2021 09:40:04	SQL :EXEC GetRunningDaysDetail 'BS221070059',@FromDate='2021-08-01',@ToDate='2021-08-31', @CompanyId=2;
19/08/2021 09:40:04	SQL :EXEC GetRunningDaysDetail 'BS221070014',@FromDate='2021-08-01',@ToDate='2021-08-31', @CompanyId=2;
19/08/2021 09:40:04	SQL :EXEC GetRunningDaysDetail 'BS221070015',@FromDate='2021-08-01',@ToDate='2021-08-31', @CompanyId=2;
19/08/2021 09:40:05	SQL :EXEC GetRunningDaysDetail 'BS221070001',@FromDate='2021-08-01',@ToDate='2021-08-31', @CompanyId=2;
19/08/2021 09:40:05	SQL :EXEC GetRunningDaysDetail 'BS221070002',@FromDate='2021-08-01',@ToDate='2021-08-31', @CompanyId=2;
19/08/2021 09:40:05	SQL :EXEC GetRunningDaysDetail 'BS221070003',@FromDate='2021-08-01',@ToDate='2021-08-31', @CompanyId=2;
19/08/2021 09:40:05	SQL :EXEC GetRunningDaysDetail 'BS221070004',@FromDate='2021-08-01',@ToDate='2021-08-31', @CompanyId=2;
19/08/2021 09:40:06	SQL :EXEC GetRunningDaysDetail 'BS221070005',@FromDate='2021-08-01',@ToDate='2021-08-31', @CompanyId=2;
19/08/2021 09:40:06	SQL :EXEC GetRunningDaysDetail 'BS221070007',@FromDate='2021-08-01',@ToDate='2021-08-31', @CompanyId=2;
19/08/2021 09:40:06	SQL :EXEC GetRunningDaysDetail 'BS221070010',@FromDate='2021-08-01',@ToDate='2021-08-31', @CompanyId=2;
19/08/2021 09:40:06	SQL :EXEC GetRunningDaysDetail 'BS221070011',@FromDate='2021-08-01',@ToDate='2021-08-31', @CompanyId=2;
19/08/2021 09:40:07	SQL :EXEC GetRunningDaysDetail 'BS221070012',@FromDate='2021-08-01',@ToDate='2021-08-31', @CompanyId=2;
19/08/2021 09:40:07	SQL :EXEC GetRunningDaysDetail 'BS221070013',@FromDate='2021-08-01',@ToDate='2021-08-31', @CompanyId=2;
19/08/2021 09:40:07	SQL :EXEC GetRunningDaysDetail 'BS221070016',@FromDate='2021-08-01',@ToDate='2021-08-31', @CompanyId=2;
19/08/2021 09:40:08	SQL :EXEC GetRunningDaysDetail 'BS221070017',@FromDate='2021-08-01',@ToDate='2021-08-31', @CompanyId=2;
19/08/2021 09:40:08	SQL :EXEC GetRunningDaysDetail 'BS221070018',@FromDate='2021-08-01',@ToDate='2021-08-31', @CompanyId=2;
19/08/2021 09:40:08	SQL :EXEC GetRunningDaysDetail 'BS221070019',@FromDate='2021-08-01',@ToDate='2021-08-31', @CompanyId=2;
19/08/2021 09:40:08	SQL :EXEC GetRunningDaysDetail 'BS221070020',@FromDate='2021-08-01',@ToDate='2021-08-31', @CompanyId=2;
19/08/2021 09:40:09	SQL :EXEC GetRunningDaysDetail 'BS221070021',@FromDate='2021-08-01',@ToDate='2021-08-31', @CompanyId=2;
19/08/2021 09:40:09	SQL :EXEC GetRunningDaysDetail 'BS221070022',@FromDate='2021-08-01',@ToDate='2021-08-31', @CompanyId=2;
19/08/2021 09:40:09	SQL :EXEC GetRunningDaysDetail 'BS221070023',@FromDate='2021-08-01',@ToDate='2021-08-31', @CompanyId=2;
19/08/2021 09:40:09	SQL :EXEC GetRunningDaysDetail 'BS221070024',@FromDate='2021-08-01',@ToDate='2021-08-31', @CompanyId=2;
19/08/2021 09:40:09	SQL :EXEC GetRunningDaysDetail 'BS221070025',@FromDate='2021-08-01',@ToDate='2021-08-31', @CompanyId=2;
19/08/2021 09:40:10	SQL :EXEC GetRunningDaysDetail 'BS221070063',@FromDate='2021-08-01',@ToDate='2021-08-31', @CompanyId=2;
19/08/2021 09:40:10	SQL :EXEC GetRunningDaysDetail 'BS221070064',@FromDate='2021-08-01',@ToDate='2021-08-31', @CompanyId=2;
19/08/2021 09:40:10	SQL :EXEC GetRunningDaysDetail 'BS221070069',@FromDate='2021-08-01',@ToDate='2021-08-31', @CompanyId=2;
19/08/2021 09:40:11	SQL :EXEC GetRunningDaysDetail 'BS221070070',@FromDate='2021-08-01',@ToDate='2021-08-31', @CompanyId=2;
19/08/2021 09:40:11	SQL :EXEC GetRunningDaysDetail 'BS221070066',@FromDate='2021-08-01',@ToDate='2021-08-31', @CompanyId=2;
19/08/2021 09:40:11	SQL :EXEC GetRunningDaysDetail 'BS221070067',@FromDate='2021-08-01',@ToDate='2021-08-31', @CompanyId=2;
19/08/2021 09:40:11	SQL :EXEC GetRunningDaysDetail 'BS221070065',@FromDate='2021-08-01',@ToDate='2021-08-31', @CompanyId=2;
19/08/2021 09:40:11	SQL :EXEC GetRunningDaysDetail 'BS221070060',@FromDate='2021-08-01',@ToDate='2021-08-31', @CompanyId=2;
19/08/2021 09:40:12	SQL :EXEC GetRunningDaysDetail 'BS220080008',@FromDate='2021-08-01',@ToDate='2021-08-31', @CompanyId=2;
19/08/2021 09:40:14	SQL :EXEC GetRunningDaysDetail 'BS220080009',@FromDate='2021-08-01',@ToDate='2021-08-31', @CompanyId=2;
19/08/2021 09:40:16	SQL :EXEC GetRunningDaysDetail 'BS221070061',@FromDate='2021-08-01',@ToDate='2021-08-31', @CompanyId=2;
19/08/2021 09:40:16	SQL :EXEC GetRunningDaysDetail 'BS221070041',@FromDate='2021-08-01',@ToDate='2021-08-31', @CompanyId=2;
19/08/2021 09:40:18	SQL :EXEC GetRunningDaysDetail 'BS220080007',@FromDate='2021-08-01',@ToDate='2021-08-31', @CompanyId=2;
19/08/2021 09:40:18	SQL :EXEC GetRunningDaysDetail 'BS220080006',@FromDate='2021-08-01',@ToDate='2021-08-31', @CompanyId=2;
19/08/2021 09:40:19	SQL :EXEC GetRunningDaysDetail 'BS220080010',@FromDate='2021-08-01',@ToDate='2021-08-31', @CompanyId=2;
19/08/2021 09:40:20	SQL :EXEC GetRunningDaysDetail 'BS221070068',@FromDate='2021-08-01',@ToDate='2021-08-31', @CompanyId=2;
19/08/2021 09:40:20	SQL :EXEC GetRunningDaysDetail 'BS221070071',@FromDate='2021-08-01',@ToDate='2021-08-31', @CompanyId=2;
19/08/2021 09:40:20	SQL :EXEC GetRunningDaysDetail 'BS221070062',@FromDate='2021-08-01',@ToDate='2021-08-31', @CompanyId=2;
19/08/2021 09:40:21	SQL :EXEC GetRunningDaysDetail 'BU00000001',@FromDate='2021-08-01',@ToDate='2021-08-31', @CompanyId=2;
19/08/2021 09:40:22	Open DB Connection
19/08/2021 09:40:22	SQL :SELECT value FROM wh_dashboard WHERE (name='persen_utilisasi')AND(company_id=2)AND(location_id=6)AND(month=8)AND(year=2021);
19/08/2021 09:40:22	SQL :UPDATE wh_dashboard SET value='22 %',update_time=GETDATE(),update_user='pramudyono hadi' WHERE (name='persen_utilisasi')AND(company_id=2)AND(location_id=6)AND(month=8) AND (year=2021);
19/08/2021 09:48:22	Open Menu :190505
19/08/2021 09:48:22	Open DB Connection
19/08/2021 09:48:22	SQL :EXEC AuthMenu 'pramudyono hadi',190505;
19/08/2021 09:48:22	Form Check :DailyOrderFeeRpt
19/08/2021 09:48:22	Open DB Connection
19/08/2021 09:48:22	SQL :EXEC GetCompanyLocationList
19/08/2021 09:48:51	Message:Port Check
19/08/2021 09:48:51	Message:Open DB Connection
19/08/2021 09:48:51	SQL :EXEC GetMessage '01','pramudyono hadi';
19/08/2021 09:48:51	SQL :SELECT CONVERT(VARCHAR(8),GETDATE(),108) AS hour_minute;
19/08/2021 09:48:51	SQL :SELECT CONVERT(VARCHAR(10),GETDATE(),103) AS date_time;
19/08/2021 09:49:00	Open Menu :190401
19/08/2021 09:49:00	Open DB Connection
19/08/2021 09:49:00	SQL :EXEC AuthMenu 'pramudyono hadi',190401;
19/08/2021 09:49:01	Form Check :RevenueVhcDayBusRpt
19/08/2021 09:49:01	Open DB Connection
19/08/2021 09:49:01	SQL :EXEC GetCompanyLocationList
19/08/2021 09:49:01	SQL :EXEC GetGroup 2
19/08/2021 09:58:57	Message:Port Check
19/08/2021 09:58:57	Message:Open DB Connection
19/08/2021 09:58:57	SQL :EXEC GetMessage '01','pramudyono hadi';
19/08/2021 09:58:57	SQL :SELECT CONVERT(VARCHAR(8),GETDATE(),108) AS hour_minute;
19/08/2021 09:58:57	SQL :SELECT CONVERT(VARCHAR(10),GETDATE(),103) AS date_time;
19/08/2021 10:09:04	Message:Port Check
19/08/2021 10:09:04	Message:Open DB Connection
19/08/2021 10:09:04	SQL :EXEC GetMessage '01','pramudyono hadi';
19/08/2021 10:09:04	SQL :SELECT CONVERT(VARCHAR(8),GETDATE(),108) AS hour_minute;
19/08/2021 10:09:04	SQL :SELECT CONVERT(VARCHAR(10),GETDATE(),103) AS date_time;
19/08/2021 10:15:47	Form Check :OrderForm
19/08/2021 10:15:47	Form Check :WorkOrderForm
19/08/2021 10:15:47	Form Open: WorkOrderForm=PKBRB21070073,,-1
19/08/2021 10:15:47	Open DB Connection
19/08/2021 10:15:47	SQL :EXEC GetWorkOrderLists 2,6 ;
19/08/2021 10:15:50	Open DB Connection
19/08/2021 10:15:54	Form Check :OrderForm
19/08/2021 10:15:54	Form Open: OrderForm=COWDC21080266,0,,0
19/08/2021 10:15:54	Open DB Connection
19/08/2021 10:15:54	SQL :EXEC GetProductPriceList 2,@LocationId=6,@ContractId='';
19/08/2021 10:15:54	Open DB Connection
19/08/2021 10:15:54	SQL :EXEC GetOrderServiceType;
19/08/2021 10:15:54	SQL :EXEC GetTransactionType 'Order';
19/08/2021 10:15:55	Open DB Connection
19/08/2021 10:15:55	SQL :SELECT dbo.GetUsername('pramudyono hadi') AS sales UNION ALL SELECT dbo.GetUsername(username) AS sales FROM wh_user a LEFT JOIN wh_user_detail b ON b.user_id=a.username LEFT JOIN wh_company_location c ON c.company_location_id=a.company_location_id WHERE (b.department_id=14) AND (c.location_id='6');
19/08/2021 10:15:55	SQL :SELECT dbo.GetUsername('pramudyono hadi') AS sales;
19/08/2021 10:15:55	Open DB Connection
19/08/2021 10:15:55	SQL :EXEC GetOrderServiceType;
19/08/2021 10:15:55	SQL :EXEC GetTransactionType 'Order';
19/08/2021 10:15:55	Open DB Connection
19/08/2021 10:15:55	SQL :EXEC GetCustomerOrderDetail 'COWDC21080266';
19/08/2021 10:15:56	Open DB Connection
19/08/2021 10:15:56	SQL :EXEC GetCustomerOrderDetailList 'COWDC21080266';
19/08/2021 10:15:56	SQL :EXEC GetCustomerOrderServiceList 'COWDC21080266';
19/08/2021 10:15:56	Open DB Connection
19/08/2021 10:15:56	Open DB Connection
19/08/2021 10:17:29	Form Check :OrderForm
19/08/2021 10:18:16	Form Open: OrderForm=COWDC21080266,0,,0
19/08/2021 10:18:16	Open DB Connection
19/08/2021 10:18:16	SQL :EXEC GetProductPriceList 2,@LocationId=6,@ContractId='';
19/08/2021 10:18:16	Open DB Connection
19/08/2021 10:18:16	SQL :EXEC GetOrderServiceType;
19/08/2021 10:18:16	SQL :EXEC GetTransactionType 'Order';
19/08/2021 10:18:16	Open DB Connection
19/08/2021 10:18:16	SQL :SELECT dbo.GetUsername('pramudyono hadi') AS sales UNION ALL SELECT dbo.GetUsername(username) AS sales FROM wh_user a LEFT JOIN wh_user_detail b ON b.user_id=a.username LEFT JOIN wh_company_location c ON c.company_location_id=a.company_location_id WHERE (b.department_id=14) AND (c.location_id='6');
19/08/2021 10:18:16	SQL :SELECT dbo.GetUsername('pramudyono hadi') AS sales;
19/08/2021 10:18:16	Open DB Connection
19/08/2021 10:18:16	SQL :EXEC GetOrderServiceType;
19/08/2021 10:18:16	SQL :EXEC GetTransactionType 'Order';
19/08/2021 10:18:16	Open DB Connection
19/08/2021 10:18:16	SQL :EXEC GetCustomerOrderDetail 'COWDC21080266';
19/08/2021 10:18:17	Open DB Connection
19/08/2021 10:18:17	SQL :EXEC GetCustomerOrderDetailList 'COWDC21080266';
19/08/2021 10:18:17	SQL :EXEC GetCustomerOrderServiceList 'COWDC21080266';
19/08/2021 10:18:17	Open DB Connection
19/08/2021 10:18:17	Open DB Connection
19/08/2021 10:19:30	Form Check :OrderForm
19/08/2021 10:19:42	Form Check :OrderForm
19/08/2021 10:19:57	Form Check :OrderForm
19/08/2021 10:20:04	Form Open: OrderForm=COWDC21080094,0,,0
19/08/2021 10:20:04	Open DB Connection
19/08/2021 10:20:04	SQL :EXEC GetProductPriceList 2,@LocationId=6,@ContractId='';
19/08/2021 10:20:04	Open DB Connection
19/08/2021 10:20:04	SQL :EXEC GetOrderServiceType;
19/08/2021 10:20:04	SQL :EXEC GetTransactionType 'Order';
19/08/2021 10:20:04	Open DB Connection
19/08/2021 10:20:04	SQL :SELECT dbo.GetUsername('pramudyono hadi') AS sales UNION ALL SELECT dbo.GetUsername(username) AS sales FROM wh_user a LEFT JOIN wh_user_detail b ON b.user_id=a.username LEFT JOIN wh_company_location c ON c.company_location_id=a.company_location_id WHERE (b.department_id=14) AND (c.location_id='6');
19/08/2021 10:20:04	SQL :SELECT dbo.GetUsername('pramudyono hadi') AS sales;
19/08/2021 10:20:04	Open DB Connection
19/08/2021 10:20:04	SQL :EXEC GetOrderServiceType;
19/08/2021 10:20:04	SQL :EXEC GetTransactionType 'Order';
19/08/2021 10:20:04	Open DB Connection
19/08/2021 10:20:04	SQL :EXEC GetCustomerOrderDetail 'COWDC21080094';
19/08/2021 10:20:05	Open DB Connection
19/08/2021 10:20:05	SQL :EXEC GetCustomerOrderDetailList 'COWDC21080094';
19/08/2021 10:20:06	SQL :EXEC GetCustomerOrderServiceList 'COWDC21080094';
19/08/2021 10:20:06	Open DB Connection
19/08/2021 10:20:06	Open DB Connection
19/08/2021 10:21:29	Message:Port Check
19/08/2021 10:21:29	Message:Open DB Connection
19/08/2021 10:21:29	SQL :EXEC GetMessage '01','pramudyono hadi';
19/08/2021 10:21:30	SQL :SELECT CONVERT(VARCHAR(8),GETDATE(),108) AS hour_min19/08/2021 10:25:24	Get Local Settings
19/08/2021 10:25:24	Start Change Local Settings
19/08/2021 10:25:24	Change short date format
19/08/2021 10:25:24	Change Long date format
19/08/2021 10:25:24	Finish Change Local Settings
19/08/2021 10:25:24	Registry Read: Path=SOFTWARE\WEHA\Aplikasi\3
19/08/2021 10:25:24	Registry Read/Write
19/08/2021 10:25:24	Registry Read: Path=SOFTWARE\WEHA\Aplikasi\3
19/08/2021 10:25:24	Create DB Object
19/08/2021 10:25:24	Init DB
19/08/2021 10:25:24	Finish Init DB
19/08/2021 10:25:24	Get File Version
19/08/2021 10:25:24	Change  Caption
19/08/2021 10:25:24	Init Shortkey
19/08/2021 10:25:27	Create DB Object
19/08/2021 10:25:27	Init DB
19/08/2021 10:25:27	Finish Init DB
19/08/2021 10:25:28	Update new version check
19/08/2021 10:25:28	Open DB Connection
19/08/2021 10:25:33	SQL :
19/08/2021 10:25:33	Update check version
19/08/2021 10:25:33	Open DB Connection
19/08/2021 10:25:33	SQL :SELECT version FROM wh_application WHERE application_id=(SELECT MAX(application_id) FROM wh_application);
19/08/2021 10:25:33	Start Login
19/08/2021 10:25:33	Open DB Connection
19/08/2021 10:25:33	SQL :EXEC AuthenticateUser 'pramudyono hadi','6f2b8366efa56f0c06dd6b31fcff8a73';
19/08/2021 10:25:34	SQL :INSERT INTO wh_log (user_id,app_date,app_version,app_version_svr,location_id,company_id,department_id,host_name,ip_address)  VALUES ('pramudyono hadi','19/08/2021','6.1.3.12','6.1.3.11',6,2,13,'DESKTOP-S1PD9OD','192.168.25.214');
19/08/2021 10:25:34	Open DB Connection
19/08/2021 10:25:34	SQL :EXEC GetUserMenu 'pramudyono hadi';
19/08/2021 10:25:34	SQL :EXEC GetUserSubMenu 'pramudyono hadi','11';
19/08/2021 10:25:34	SQL :EXEC GetUserTreeMenu 'pramudyono hadi','1101',@CompanyId=2;
19/08/2021 10:25:34	SQL :EXEC GetUserTreeMenu 'pramudyono hadi','1102',@CompanyId=2;
19/08/2021 10:25:34	SQL :EXEC GetUserTreeMenu 'pramudyono hadi','1103',@CompanyId=2;
19/08/2021 10:25:34	SQL :EXEC GetUserTreeMenu 'pramudyono hadi','1104',@CompanyId=2;
19/08/2021 10:25:34	SQL :EXEC GetUserTreeMenu 'pramudyono hadi','1105',@CompanyId=2;
19/08/2021 10:25:34	SQL :EXEC GetUserTreeMenu 'pramudyono hadi','1106',@CompanyId=2;
19/08/2021 10:25:34	SQL :EXEC GetUserTreeMenu 'pramudyono hadi','1107',@CompanyId=2;
19/08/2021 10:25:34	SQL :EXEC GetUserTreeMenu 'pramudyono hadi','1108',@CompanyId=2;
19/08/2021 10:25:34	SQL :EXEC GetUserTreeMenu 'pramudyono hadi','1109',@CompanyId=2;
19/08/2021 10:25:34	SQL :EXEC GetUserTreeMenu 'pramudyono hadi','1110',@CompanyId=2;
19/08/2021 10:25:34	SQL :EXEC GetUserTreeMenu 'pramudyono hadi','1111',@CompanyId=2;
19/08/2021 10:25:34	SQL :EXEC GetUserTreeMenu 'pramudyono hadi','1112',@CompanyId=2;
19/08/2021 10:25:34	SQL :EXEC GetUserTreeMenu 'pramudyono hadi','1113',@CompanyId=2;
19/08/2021 10:25:34	SQL :EXEC GetUserTreeMenu 'pramudyono hadi','1114',@CompanyId=2;
19/08/2021 10:25:35	SQL :EXEC GetUserTreeMenu 'pramudyono hadi','1115',@CompanyId=2;
19/08/2021 10:25:35	SQL :EXEC GetUserTreeMenu 'pramudyono hadi','1116',@CompanyId=2;
19/08/2021 10:25:35	SQL :EXEC GetUserTreeMenu 'pramudyono hadi','1117',@CompanyId=2;
19/08/2021 10:25:35	SQL :EXEC GetUserTreeMenu 'pramudyono hadi','1198',@CompanyId=2;
19/08/2021 10:25:35	SQL :EXEC GetUserTreeMenu 'pramudyono hadi','1199',@CompanyId=2;
19/08/2021 10:25:35	SQL :EXEC GetUserSubMenu 'pramudyono hadi','12';
19/08/2021 10:25:35	SQL :EXEC GetUserTreeMenu 'pramudyono hadi','1201',@CompanyId=2;
19/08/2021 10:25:35	SQL :EXEC GetUserTreeMenu 'pramudyono hadi','1202',@CompanyId=2;
19/08/2021 10:25:35	SQL :EXEC GetUserTreeMenu 'pramudyono hadi','1203',@CompanyId=2;
19/08/2021 10:25:35	SQL :EXEC GetUserTreeMenu 'pramudyono hadi','1204',@CompanyId=2;
19/08/2021 10:25:35	SQL :EXEC GetUserTreeMenu 'pramudyono hadi','1205',@CompanyId=2;
19/08/2021 10:25:35	SQL :EXEC GetUserTreeMenu 'pramudyono hadi','1206',@CompanyId=2;
19/08/2021 10:25:35	SQL :EXEC GetUserTreeMenu 'pramudyono hadi','1207',@CompanyId=2;
19/08/2021 10:25:35	SQL :EXEC GetUserSubMenu 'pramudyono hadi','13';
19/08/2021 10:25:35	SQL :EXEC GetUserTreeMenu 'pramudyono hadi','1301',@CompanyId=2;
19/08/2021 10:25:35	SQL :EXEC GetUserTreeMenu 'pramudyono hadi','1302',@CompanyId=2;
19/08/2021 10:25:35	SQL :EXEC GetUserTreeMenu 'pramudyono hadi','1303',@CompanyId=2;
19/08/2021 10:25:35	SQL :EXEC GetUserTreeMenu 'pramudyono hadi','1304',@CompanyId=2;
19/08/2021 10:25:35	SQL :EXEC GetUserTreeMenu 'pramudyono hadi','1305',@CompanyId=2;
19/08/2021 10:25:35	SQL :EXEC GetUserTreeMenu 'pramudyono hadi','1306',@CompanyId=2;
19/08/2021 10:25:35	SQL :EXEC GetUserTreeMenu 'pramudyono hadi','1307',@CompanyId=2;
19/08/2021 10:25:35	SQL :EXEC GetUserTreeMenu 'pramudyono hadi','1308',@CompanyId=2;
19/08/2021 10:25:35	SQL :EXEC GetUserTreeMenu 'pramudyono hadi','1309',@CompanyId=2;
19/08/2021 10:25:35	SQL :EXEC GetUserTreeMenu 'pramudyono hadi','1310',@CompanyId=2;
19/08/2021 10:25:35	SQL :EXEC GetUserTreeMenu 'pramudyono hadi','1311',@CompanyId=2;
19/08/2021 10:25:35	SQL :EXEC GetUserTreeMenu 'pramudyono hadi','1312',@CompanyId=2;
19/08/2021 10:25:35	SQL :EXEC GetUserTreeMenu 'pramudyono hadi','1313',@CompanyId=2;
19/08/2021 10:25:35	SQL :EXEC GetUserTreeMenu 'pramudyono hadi','1314',@CompanyId=2;
19/08/2021 10:25:35	SQL :EXEC GetUserTreeMenu 'pramudyono hadi','1315',@CompanyId=2;
19/08/2021 10:25:35	SQL :EXEC GetUserTreeMenu 'pramudyono hadi','1316',@CompanyId=2;
19/08/2021 10:25:35	SQL :EXEC GetUserTreeMenu 'pramudyono hadi','1317',@CompanyId=2;
19/08/2021 10:25:35	SQL :EXEC GetUserTreeMenu 'pramudyono hadi','1318',@CompanyId=2;
19/08/2021 10:25:35	SQL :EXEC GetUserTreeMenu 'pramudyono hadi','1319',@CompanyId=2;
19/08/2021 10:25:35	SQL :EXEC GetUserTreeMenu 'pramudyono hadi','1320',@CompanyId=2;
19/08/2021 10:25:35	SQL :EXEC GetUserTreeMenu 'pramudyono hadi','1321',@CompanyId=2;
19/08/2021 10:25:35	SQL :EXEC GetUserSubMenu 'pramudyono hadi','14';
19/08/2021 10:25:35	SQL :EXEC GetUserTreeMenu 'pramudyono hadi','1401',@CompanyId=2;
19/08/2021 10:25:35	SQL :EXEC GetUserTreeMenu 'pramudyono hadi','1402',@CompanyId=2;
19/08/2021 10:25:35	SQL :EXEC GetUserTreeMenu 'pramudyono hadi','1403',@CompanyId=2;
19/08/2021 10:25:35	SQL :EXEC GetUserTreeMenu 'pramudyono hadi','1404',@CompanyId=2;
19/08/2021 10:25:35	SQL :EXEC GetUserTreeMenu 'pramudyono hadi','1406',@CompanyId=2;
19/08/2021 10:25:35	SQL :EXEC GetUserTreeMenu 'pramudyono hadi','1408',@CompanyId=2;
19/08/2021 10:25:35	SQL :EXEC GetUserTreeMenu 'pramudyono hadi','1410',@CompanyId=2;
19/08/2021 10:25:35	SQL :EXEC GetUserTreeMenu 'pramudyono hadi','1411',@CompanyId=2;
19/08/2021 10:25:35	SQL :EXEC GetUserTreeMenu 'pramudyono hadi','1412',@CompanyId=2;
19/08/2021 10:25:35	SQL :EXEC GetUserTreeMenu 'pramudyono hadi','1413',@CompanyId=2;
19/08/2021 10:25:35	SQL :EXEC GetUserTreeMenu 'pramudyono hadi','1414',@CompanyId=2;
19/08/2021 10:25:35	SQL :EXEC GetUserSubMenu 'pramudyono hadi','15';
19/08/2021 10:25:35	SQL :EXEC GetUserTreeMenu 'pramudyono hadi','1501',@CompanyId=2;
19/08/2021 10:25:35	SQL :EXEC GetUserTreeMenu 'pramudyono hadi','1502',@CompanyId=2;
19/08/2021 10:25:35	SQL :EXEC GetUserTreeMenu 'pramudyono hadi','1503',@CompanyId=2;
19/08/2021 10:25:35	SQL :EXEC GetUserTreeMenu 'pramudyono hadi','1504',@CompanyId=2;
19/08/2021 10:25:35	SQL :EXEC GetUserTreeMenu 'pramudyono hadi','1505',@CompanyId=2;
19/08/2021 10:25:35	SQL :EXEC GetUserTreeMenu 'pramudyono hadi','1506',@CompanyId=2;
19/08/2021 10:25:35	SQL :EXEC GetUserTreeMenu 'pramudyono hadi','1507',@CompanyId=2;
19/08/2021 10:25:35	SQL :EXEC GetUserTreeMenu 'pramudyono hadi','1508',@CompanyId=2;
19/08/2021 10:25:35	SQL :EXEC GetUserTreeMenu 'pramudyono hadi','1509',@CompanyId=2;
19/08/2021 10:25:35	SQL :EXEC GetUserTreeMenu 'pramudyono hadi','1510',@CompanyId=2;
19/08/2021 10:25:35	SQL :EXEC GetUserTreeMenu 'pramudyono hadi','1511',@CompanyId=2;
19/08/2021 10:25:35	SQL :EXEC GetUserSubMenu 'pramudyono hadi','16';
19/08/2021 10:25:35	SQL :EXEC GetUserTreeMenu 'pramudyono hadi','1601',@CompanyId=2;
19/08/2021 10:25:35	SQL :EXEC GetUserTreeMenu 'pramudyono hadi','1602',@CompanyId=2;
19/08/2021 10:25:35	SQL :EXEC GetUserTreeMenu 'pramudyono hadi','1603',@CompanyId=2;
19/08/2021 10:25:35	SQL :EXEC GetUserTreeMenu 'pramudyono hadi','1604',@CompanyId=2;
19/08/2021 10:25:35	SQL :EXEC GetUserTreeMenu 'pramudyono hadi','1605',@CompanyId=2;
19/08/2021 10:25:35	SQL :EXEC GetUserTreeMenu 'pramudyono hadi','1606',@CompanyId=2;
19/08/2021 10:25:35	SQL :EXEC GetUserTreeMenu 'pramudyono hadi','1607',@CompanyId=2;
19/08/2021 10:25:35	SQL :EXEC GetUserTreeMenu 'pramudyono hadi','1608',@CompanyId=2;
19/08/2021 10:25:35	SQL :EXEC GetUserTreeMenu 'pramudyono hadi','1609',@CompanyId=2;
19/08/2021 10:25:35	SQL :EXEC GetUserTreeMenu 'pramudyono hadi','1610',@CompanyId=2;
19/08/2021 10:25:35	SQL :EXEC GetUserTreeMenu 'pramudyono hadi','1611',@CompanyId=2;
19/08/2021 10:25:35	SQL :EXEC GetUserTreeMenu 'pramudyono hadi','1612',@CompanyId=2;
19/08/2021 10:25:35	SQL :EXEC GetUserTreeMenu 'pramudyono hadi','1613',@CompanyId=2;
19/08/2021 10:25:35	SQL :EXEC GetUserTreeMenu 'pramudyono hadi','1614',@CompanyId=2;
19/08/2021 10:25:35	SQL :EXEC GetUserTreeMenu 'pramudyono hadi','1615',@CompanyId=2;
19/08/2021 10:25:35	SQL :EXEC GetUserTreeMenu 'pramudyono hadi','1616',@CompanyId=2;
19/08/2021 10:25:35	SQL :EXEC GetUserTreeMenu 'pramudyono hadi','1619',@CompanyId=2;
19/08/2021 10:25:35	SQL :EXEC GetUserTreeMenu 'pramudyono hadi','1620',@CompanyId=2;
19/08/2021 10:25:35	SQL :EXEC GetUserSubMenu 'pramudyono hadi','17';
19/08/2021 10:25:35	SQL :EXEC GetUserTreeMenu 'pramudyono hadi','1701',@CompanyId=2;
19/08/2021 10:25:35	SQL :EXEC GetUserTreeMenu 'pramudyono hadi','1702',@CompanyId=2;
19/08/2021 10:25:35	SQL :EXEC GetUserTreeMenu 'pramudyono hadi','1703',@CompanyId=2;
19/08/2021 10:25:35	SQL :EXEC GetUserTreeMenu 'pramudyono hadi','1704',@CompanyId=2;
19/08/2021 10:25:35	SQL :EXEC GetUserTreeMenu 'pramudyono hadi','1705',@CompanyId=2;
19/08/2021 10:25:35	SQL :EXEC GetUserTreeMenu 'pramudyono hadi','1706',@CompanyId=2;
19/08/2021 10:25:35	SQL :EXEC GetUserTreeMenu 'pramudyono hadi','1707',@CompanyId=2;
19/08/2021 10:25:35	SQL :EXEC GetUserTreeMenu 'pramudyono hadi','1708',@CompanyId=2;
19/08/2021 10:25:35	SQL :EXEC GetUserTreeMenu 'pramudyono hadi','1709',@CompanyId=2;
19/08/2021 10:25:35	SQL :EXEC GetUserTreeMenu 'pramudyono hadi','1710',@CompanyId=2;
19/08/2021 10:25:35	SQL :EXEC GetUserTreeMenu 'pramudyono hadi','1711',@CompanyId=2;
19/08/2021 10:25:35	SQL :EXEC GetUserTreeMenu 'pramudyono hadi','1712',@CompanyId=2;
19/08/2021 10:25:35	SQL :EXEC GetUserTreeMenu 'pramudyono hadi','1713',@CompanyId=2;
19/08/2021 10:25:35	SQL :EXEC GetUserTreeMenu 'pramudyono hadi','1714',@CompanyId=2;
19/08/2021 10:25:35	SQL :EXEC GetUserTreeMenu 'pramudyono hadi','1715',@CompanyId=2;
19/08/2021 10:25:35	SQL :EXEC GetUserTreeMenu 'pramudyono hadi','1716',@CompanyId=2;
19/08/2021 10:25:35	SQL :EXEC GetUserTreeMenu 'pramudyono hadi','1717',@CompanyId=2;
19/08/2021 10:25:35	SQL :EXEC GetUserSubMenu 'pramudyono hadi','18';
19/08/2021 10:25:36	SQL :EXEC GetUserTreeMenu 'pramudyono hadi','1801',@CompanyId=2;
19/08/2021 10:25:36	SQL :EXEC GetUserSubMenu 'pramudyono hadi','19';
19/08/2021 10:25:36	SQL :EXEC GetUserTreeMenu 'pramudyono hadi','1901',@CompanyId=2;
19/08/2021 10:25:36	SQL :EXEC GetUserTreeMenu 'pramudyono hadi','1902',@CompanyId=2;
19/08/2021 10:25:36	SQL :EXEC GetUserTreeMenu 'pramudyono hadi','1903',@CompanyId=2;
19/08/2021 10:25:36	SQL :EXEC GetUserTreeMenu 'pramudyono hadi','1904',@CompanyId=2;
19/08/2021 10:25:36	SQL :EXEC GetUserTreeMenu 'pramudyono hadi','1905',@CompanyId=2;
19/08/2021 10:25:36	SQL :EXEC GetUserTreeMenu 'pramudyono hadi','1906',@CompanyId=2;
19/08/2021 10:25:36	SQL :EXEC GetUserTreeMenu 'pramudyono hadi','1907',@CompanyId=2;
19/08/2021 10:25:36	SQL :EXEC GetUserTreeMenu 'pramudyono hadi','1908',@CompanyId=2;
19/08/2021 10:25:36	SQL :EXEC GetUserTreeMenu 'pramudyono hadi','1909',@CompanyId=2;
19/08/2021 10:25:36	SQL :EXEC GetUserTreeMenu 'pramudyono hadi','1910',@CompanyId=2;
19/08/2021 10:25:36	SQL :EXEC GetUserTreeMenu 'pramudyono hadi','1911',@CompanyId=2;
19/08/2021 10:25:36	SQL :EXEC GetUserTreeMenu 'pramudyono hadi','1912',@CompanyId=2;
19/08/2021 10:25:36	SQL :SELECT CONVERT(VARCHAR(8),GETDATE(),108) AS hour_minute;
19/08/2021 10:25:36	SQL :SELECT CONVERT(VARCHAR(10),GETDATE(),103) AS date_time;
19/08/2021 10:25:36	Loading Setting
19/08/2021 10:25:36	Open DB Connection
19/08/2021 10:25:36	SQL :SELECT * FROM wh_setting WHERE setting_name='Hold_Less_Deposit';
19/08/2021 10:25:36	SQL :SELECT * FROM wh_setting WHERE setting_name='Max_Less_Deposit';
19/08/2021 10:25:36	SQL :SELECT * FROM wh_setting WHERE setting_name='Dashboard_2';
19/08/2021 10:25:36	Finish Logging
19/08/2021 10:25:36	SQL :SELECT value_string FROM wh_setting WHERE (setting_name='Interval_CheckInDate') AND (active=1);
19/08/2021 10:25:36	SQL :SELECT value_string FROM wh_setting WHERE (setting_name='Interval_CheckInTime') AND (active=1);
19/08/2021 10:25:36	SQL :SELECT value_string FROM wh_setting WHERE (setting_name='ChatEnable') and (active=1);
19/08/2021 10:25:37	Message:Port Check
19/08/2021 10:25:37	Message:Open DB Connection
19/08/2021 10:25:37	SQL :EXEC GetMessage '01','pramudyono hadi';
19/08/2021 10:25:37	SQL :SELECT CONVERT(VARCHAR(8),GETDATE(),108) AS hour_minute;
19/08/2021 10:25:37	SQL :SELECT CONVERT(VARCHAR(10),GETDATE(),103) AS date_time;
19/08/2021 10:25:42	Open Menu :190507
19/08/2021 10:25:42	Open DB Connection
19/08/2021 10:25:42	SQL :EXEC AuthMenu 'pramudyono hadi',190507;
19/08/2021 10:25:42	Form Check :BusRunningDaysminiRpt
19/08/2021 10:25:42	Form Open: BusRunningDaysMiniRpt=,0
19/08/2021 10:25:42	Open DB Connection
19/08/2021 10:25:42	SQL :EXEC GetCompanyLocationList
19/08/2021 10:25:42	SQL :EXEC GetUserRDLocationList @UserName='pramudyono hadi' ;
19/08/2021 10:25:42	SQL :EXEC GetGroup 2;
19/08/2021 10:25:42	Open DB Connection
19/08/2021 10:25:45	Open DB Connection
19/08/2021 10:25:45	SQL :SELECT * FROM wh_setting WHERE (setting_name='ServiceBerkala_as_PKB_2') AND (active=1);
19/08/2021 10:25:45	Open DB Connection
19/08/2021 10:25:45	SQL :EXEC GetVhcList 6,@CompanyId=2,@OrderBy='h.vhc_batch_id,seat,license_plate',@ShowBatch=1,@Dates='2021/08/31';
19/08/2021 10:25:46	SQL :EXEC GetRunningDaysDetail 'BS15070005',@FromDate='2021-08-01',@ToDate='2021-08-31', @CompanyId=2;
19/08/2021 10:25:46	SQL :EXEC GetRunningDaysDetail 'BS15100003',@FromDate='2021-08-01',@ToDate='2021-08-31', @CompanyId=2;
19/08/2021 10:25:46	SQL :EXEC GetRunningDaysDetail 'BS15070004',@FromDate='2021-08-01',@ToDate='2021-08-31', @CompanyId=2;
19/08/2021 10:25:47	SQL :EXEC GetRunningDaysDetail 'BU13090145',@FromDate='2021-08-01',@ToDate='2021-08-31', @CompanyId=2;
19/08/2021 10:25:47	SQL :EXEC GetRunningDaysDetail 'BU13090079',@FromDate='2021-08-01',@ToDate='2021-08-31', @CompanyId=2;
19/08/2021 10:25:48	SQL :EXEC GetRunningDaysDetail 'BS14070003',@FromDate='2021-08-01',@ToDate='2021-08-31', @CompanyId=2;
19/08/2021 10:25:48	SQL :EXEC GetRunningDaysDetail 'BU13090081',@FromDate='2021-08-01',@ToDate='2021-08-31', @CompanyId=2;
19/08/2021 10:25:49	SQL :EXEC GetRunningDaysDetail 'GL1218020002',@FromDate='2021-08-01',@ToDate='2021-08-31', @CompanyId=2;
19/08/2021 10:25:49	SQL :EXEC GetRunningDaysDetail 'BS14070001',@FromDate='2021-08-01',@ToDate='2021-08-31', @CompanyId=2;
19/08/2021 10:25:50	SQL :EXEC GetRunningDaysDetail 'BU13090083',@FromDate='2021-08-01',@ToDate='2021-08-31', @CompanyId=2;
19/08/2021 10:25:51	SQL :EXEC GetRunningDaysDetail 'BS14070004',@FromDate='2021-08-01',@ToDate='2021-08-31', @CompanyId=2;
19/08/2021 10:25:51	SQL :EXEC GetRunningDaysDetail 'GL1218020001',@FromDate='2021-08-01',@ToDate='2021-08-31', @CompanyId=2;
19/08/2021 10:25:51	SQL :EXEC GetRunningDaysDetail 'BS15070006',@FromDate='2021-08-01',@ToDate='2021-08-31', @CompanyId=2;
19/08/2021 10:25:52	SQL :EXEC GetRunningDaysDetail 'BU13090086',@FromDate='2021-08-01',@ToDate='2021-08-31', @CompanyId=2;
19/08/2021 10:25:52	SQL :EXEC GetRunningDaysDetail 'BU13090087',@FromDate='2021-08-01',@ToDate='2021-08-31', @CompanyId=2;
19/08/2021 10:25:52	SQL :EXEC GetRunningDaysDetail 'BU13090088',@FromDate='2021-08-01',@ToDate='2021-08-31', @CompanyId=2;
19/08/2021 10:25:53	SQL :EXEC GetRunningDaysDetail 'BU13090089',@FromDate='2021-08-01',@ToDate='2021-08-31', @CompanyId=2;
19/08/2021 10:25:53	SQL :EXEC GetRunningDaysDetail 'BU13090090',@FromDate='2021-08-01',@ToDate='2021-08-31', @CompanyId=2;
19/08/2021 10:25:54	SQL :EXEC GetRunningDaysDetail 'BU13090091',@FromDate='2021-08-01',@ToDate='2021-08-31', @CompanyId=2;
19/08/2021 10:25:54	SQL :EXEC GetRunningDaysDetail 'BU13090093',@FromDate='2021-08-01',@ToDate='2021-08-31', @CompanyId=2;
19/08/2021 10:25:55	SQL :EXEC GetRunningDaysDetail 'BU13090094',@FromDate='2021-08-01',@ToDate='2021-08-31', @CompanyId=2;
19/08/2021 10:25:55	SQL :EXEC GetRunningDaysDetail 'BU13090072',@FromDate='2021-08-01',@ToDate='2021-08-31', @CompanyId=2;
19/08/2021 10:25:56	SQL :EXEC GetRunningDaysDetail 'BS15090014',@FromDate='2021-08-01',@ToDate='2021-08-31', @CompanyId=2;
19/08/2021 10:25:57	SQL :EXEC GetRunningDaysDetail 'BS15090022',@FromDate='2021-08-01',@ToDate='2021-08-31', @CompanyId=2;
19/08/2021 10:25:57	SQL :EXEC GetRunningDaysDetail 'BS220010001',@FromDate='2021-08-01',@ToDate='2021-08-31', @CompanyId=2;
19/08/2021 10:25:58	SQL :EXEC GetRunningDaysDetail 'BS220010002',@FromDate='2021-08-01',@ToDate='2021-08-31', @CompanyId=2;
19/08/2021 10:25:58	SQL :EXEC GetRunningDaysDetail 'BS220010003',@FromDate='2021-08-01',@ToDate='2021-08-31', @CompanyId=2;
19/08/2021 10:25:58	SQL :EXEC GetRunningDaysDetail 'BS220010004',@FromDate='2021-08-01',@ToDate='2021-08-31', @CompanyId=2;
19/08/2021 10:25:58	SQL :EXEC GetRunningDaysDetail 'BS220010005',@FromDate='2021-08-01',@ToDate='2021-08-31', @CompanyId=2;
19/08/2021 10:25:59	SQL :EXEC GetRunningDaysDetail 'BU13090054',@FromDate='2021-08-01',@ToDate='2021-08-31', @CompanyId=2;
19/08/2021 10:26:00	SQL :EXEC GetRunningDaysDetail 'BU13090057',@FromDate='2021-08-01',@ToDate='2021-08-31', @CompanyId=2;
19/08/2021 10:26:01	SQL :EXEC GetRunningDaysDetail 'BS14050001',@FromDate='2021-08-01',@ToDate='2021-08-31', @CompanyId=2;
19/08/2021 10:26:02	SQL :EXEC GetRunningDaysDetail 'BU13090044',@FromDate='2021-08-01',@ToDate='2021-08-31', @CompanyId=2;
19/08/2021 10:26:02	SQL :EXEC GetRunningDaysDetail 'BU13090046',@FromDate='2021-08-01',@ToDate='2021-08-31', @CompanyId=2;
19/08/2021 10:26:03	SQL :EXEC GetRunningDaysDetail 'BU13090047',@FromDate='2021-08-01',@ToDate='2021-08-31', @CompanyId=2;
19/08/2021 10:26:03	SQL :EXEC GetRunningDaysDetail 'BU13090048',@FromDate='2021-08-01',@ToDate='2021-08-31', @CompanyId=2;
19/08/2021 10:26:04	SQL :EXEC GetRunningDaysDetail 'BU13090051',@FromDate='2021-08-01',@ToDate='2021-08-31', @CompanyId=2;
19/08/2021 10:26:05	SQL :EXEC GetRunningDaysDetail 'BU13090056',@FromDate='2021-08-01',@ToDate='2021-08-31', @CompanyId=2;
19/08/2021 10:26:06	SQL :EXEC GetRunningDaysDetail 'BS14050005',@FromDate='2021-08-01',@ToDate='2021-08-31', @CompanyId=2;
19/08/2021 10:26:08	SQL :EXEC GetRunningDaysDetail 'BS14050002',@FromDate='2021-08-01',@ToDate='2021-08-31', @CompanyId=2;
19/08/2021 10:26:11	SQL :EXEC GetRunningDaysDetail 'BS14050003',@FromDate='2021-08-01',@ToDate='2021-08-31', @CompanyId=2;
19/08/2021 10:26:12	SQL :EXEC GetRunningDaysDetail 'BS14050004',@FromDate='2021-08-01',@ToDate='2021-08-31', @CompanyId=2;
19/08/2021 10:26:14	SQL :EXEC GetRunningDaysDetail 'BS14050008',@FromDate='2021-08-01',@ToDate='2021-08-31', @CompanyId=2;
19/08/2021 10:26:15	SQL :EXEC GetRunningDaysDetail 'BS14050006',@FromDate='2021-08-01',@ToDate='2021-08-31', @CompanyId=2;
19/08/2021 10:26:18	SQL :EXEC GetRunningDaysDetail 'BS14110001',@FromDate='2021-08-01',@ToDate='2021-08-31', @CompanyId=2;
19/08/2021 10:26:19	SQL :EXEC GetRunningDaysDetail 'BS14110002',@FromDate='2021-08-01',@ToDate='2021-08-31', @CompanyId=2;
19/08/2021 10:26:20	SQL :EXEC GetRunningDaysDetail 'BS17100020',@FromDate='2021-08-01',@ToDate='2021-08-31', @CompanyId=2;
19/08/2021 10:26:21	SQL :EXEC GetRunningDaysDetail 'BS216050001',@FromDate='2021-08-01',@ToDate='2021-08-31', @CompanyId=2;
19/08/2021 10:26:22	SQL :EXEC GetRunningDaysDetail 'BS216050002',@FromDate='2021-08-01',@ToDate='2021-08-31', @CompanyId=2;
19/08/2021 10:26:24	SQL :EXEC GetRunningDaysDetail 'BS17100017',@FromDate='2021-08-01',@ToDate='2021-08-31', @CompanyId=2;
19/08/2021 10:26:26	SQL :EXEC GetRunningDaysDetail 'BS17100016',@FromDate='2021-08-01',@ToDate='2021-08-31', @CompanyId=2;
19/08/2021 10:26:27	SQL :EXEC GetRunningDaysDetail 'BS1118070003',@FromDate='2021-08-01',@ToDate='2021-08-31', @CompanyId=2;
19/08/2021 10:26:29	SQL :EXEC GetRunningDaysDetail 'BS918060001',@FromDate='2021-08-01',@ToDate='2021-08-31', @CompanyId=2;
19/08/2021 10:26:31	SQL :EXEC GetRunningDaysDetail 'BS218050002',@FromDate='2021-08-01',@ToDate='2021-08-31', @CompanyId=2;
19/08/2021 10:26:33	SQL :EXEC GetRunningDaysDetail 'BS218050001',@FromDate='2021-08-01',@ToDate='2021-08-31', @CompanyId=2;
19/08/2021 10:26:33	SQL :EXEC GetRunningDaysDetail 'BS218090002',@FromDate='2021-08-01',@ToDate='2021-08-31', @CompanyId=2;
19/08/2021 10:26:35	SQL :EXEC GetRunningDaysDetail 'BS218090003',@FromDate='2021-08-01',@ToDate='2021-08-31', @CompanyId=2;
19/08/2021 10:26:36	SQL :EXEC GetRunningDaysDetail 'BS218110003',@FromDate='2021-08-01',@ToDate='2021-08-31', @CompanyId=2;
19/08/2021 10:26:37	SQL :EXEC GetRunningDaysDetail 'BS218110001',@FromDate='2021-08-01',@ToDate='2021-08-31', @CompanyId=2;
19/08/2021 10:26:37	SQL :EXEC GetRunningDaysDetail 'BS217010007',@FromDate='2021-08-01',@ToDate='2021-08-31', @CompanyId=2;
19/08/2021 10:26:39	SQL :EXEC GetRunningDaysDetail 'BS217020001',@FromDate='2021-08-01',@ToDate='2021-08-31', @CompanyId=2;
19/08/2021 10:26:41	SQL :EXEC GetRunningDaysDetail 'BS217020002',@FromDate='2021-08-01',@ToDate='2021-08-31', @CompanyId=2;
19/08/2021 10:26:43	SQL :EXEC GetRunningDaysDetail 'BS217060004',@FromDate='2021-08-01',@ToDate='2021-08-31', @CompanyId=2;
19/08/2021 10:26:45	SQL :EXEC GetRunningDaysDetail 'BS217060003',@FromDate='2021-08-01',@ToDate='2021-08-31', @CompanyId=2;
19/08/2021 10:26:47	SQL :EXEC GetRunningDaysDetail 'BS917080001',@FromDate='2021-08-01',@ToDate='2021-08-31', @CompanyId=2;
19/08/2021 10:26:49	SQL :EXEC GetRunningDaysDetail 'BS917080002',@FromDate='2021-08-01',@ToDate='2021-08-31', @CompanyId=2;
19/08/2021 10:26:51	SQL :EXEC GetRunningDaysDetail 'BS218070003',@FromDate='2021-08-01',@ToDate='2021-08-31', @CompanyId=2;
19/08/2021 10:26:53	SQL :EXEC GetRunningDaysDetail 'BS218070001',@FromDate='2021-08-01',@ToDate='2021-08-31', @CompanyId=2;
19/08/2021 10:26:55	SQL :EXEC GetRunningDaysDetail 'BS218070004',@FromDate='2021-08-01',@ToDate='2021-08-31', @CompanyId=2;
19/08/2021 10:26:57	SQL :EXEC GetRunningDaysDetail 'BS219100004',@FromDate='2021-08-01',@ToDate='2021-08-31', @CompanyId=2;
19/08/2021 10:26:58	SQL :EXEC GetRunningDaysDetail 'BS219100003',@FromDate='2021-08-01',@ToDate='2021-08-31', @CompanyId=2;
19/08/2021 10:26:59	SQL :EXEC GetRunningDaysDetail 'BS217010001',@FromDate='2021-08-01',@ToDate='2021-08-31', @CompanyId=2;
19/08/2021 10:27:00	SQL :EXEC GetRunningDaysDetail 'BS217010002',@FromDate='2021-08-01',@ToDate='2021-08-31', @CompanyId=2;
19/08/2021 10:27:00	SQL :EXEC GetRunningDaysDetail 'BS218090001',@FromDate='2021-08-01',@ToDate='2021-08-31', @CompanyId=2;
19/08/2021 10:27:01	SQL :EXEC GetRunningDaysDetail 'BS217080003',@FromDate='2021-08-01',@ToDate='2021-08-31', @CompanyId=2;
19/08/2021 10:27:02	SQL :EXEC GetRunningDaysDetail 'BS217080004',@FromDate='2021-08-01',@ToDate='2021-08-31', @CompanyId=2;
19/08/2021 10:27:02	SQL :EXEC GetRunningDaysDetail 'BS217080006',@FromDate='2021-08-01',@ToDate='2021-08-31', @CompanyId=2;
19/08/2021 10:27:02	SQL :EXEC GetRunningDaysDetail 'BS1218020001',@FromDate='2021-08-01',@ToDate='2021-08-31', @CompanyId=2;
19/08/2021 10:27:03	SQL :EXEC GetRunningDaysDetail 'BS218050003',@FromDate='2021-08-01',@ToDate='2021-08-31', @CompanyId=2;
19/08/2021 10:27:04	SQL :EXEC GetRunningDaysDetail 'BS217080001',@FromDate='2021-08-01',@ToDate='2021-08-31', @CompanyId=2;
19/08/2021 10:27:05	SQL :EXEC GetRunningDaysDetail 'BS217080002',@FromDate='2021-08-01',@ToDate='2021-08-31', @CompanyId=2;
19/08/2021 10:27:05	SQL :EXEC GetRunningDaysDetail 'BS217020006',@FromDate='2021-08-01',@ToDate='2021-08-31', @CompanyId=2;
19/08/2021 10:27:06	SQL :EXEC GetRunningDaysDetail 'BS220100001',@FromDate='2021-08-01',@ToDate='2021-08-31', @CompanyId=2;
19/08/2021 10:27:06	SQL :EXEC GetRunningDaysDetail 'BS219090002',@FromDate='2021-08-01',@ToDate='2021-08-31', @CompanyId=2;
19/08/2021 10:27:06	SQL :EXEC GetRunningDaysDetail 'BS221040001',@FromDate='2021-08-01',@ToDate='2021-08-31', @CompanyId=2;
19/08/2021 10:27:06	SQL :EXEC GetRunningDaysDetail 'BS221040002',@FromDate='2021-08-01',@ToDate='2021-08-31', @CompanyId=2;
19/08/2021 10:27:07	SQL :EXEC GetRunningDaysDetail 'BS220110001',@FromDate='2021-08-01',@ToDate='2021-08-31', @CompanyId=2;
19/08/2021 10:27:07	SQL :EXEC GetRunningDaysDetail 'BS220110004',@FromDate='2021-08-01',@ToDate='2021-08-31', @CompanyId=2;
19/08/2021 10:27:07	SQL :EXEC GetRunningDaysDetail 'BS220110005',@FromDate='2021-08-01',@ToDate='2021-08-31', @CompanyId=2;
19/08/2021 10:27:07	SQL :EXEC GetRunningDaysDetail 'BS1118070005',@FromDate='2021-08-01',@ToDate='2021-08-31', @CompanyId=2;
19/08/2021 10:27:09	SQL :EXEC GetRunningDaysDetail 'BS221060001',@FromDate='2021-08-01',@ToDate='2021-08-31', @CompanyId=2;
19/08/2021 10:27:09	SQL :EXEC GetRunningDaysDetail 'BS221010001',@FromDate='2021-08-01',@ToDate='2021-08-31', @CompanyId=2;
19/08/2021 10:27:09	SQL :EXEC GetRunningDaysDetail 'BS221010002',@FromDate='2021-08-01',@ToDate='2021-08-31', @CompanyId=2;
19/08/2021 10:27:10	SQL :EXEC GetRunningDaysDetail 'BS221060004',@FromDate='2021-08-01',@ToDate='2021-08-31', @CompanyId=2;
19/08/2021 10:27:10	SQL :EXEC GetRunningDaysDetail 'BS221020002',@FromDate='2021-08-01',@ToDate='2021-08-31', @CompanyId=2;
19/08/2021 10:27:11	SQL :EXEC GetRunningDaysDetail 'BS221070008',@FromDate='2021-08-01',@ToDate='2021-08-31', @CompanyId=2;
19/08/2021 10:27:13	SQL :EXEC GetRunningDaysDetail 'BS221070009',@FromDate='2021-08-01',@ToDate='2021-08-31', @CompanyId=2;
19/08/2021 10:27:14	SQL :EXEC GetRunningDaysDetail 'BS221020001',@FromDate='2021-08-01',@ToDate='2021-08-31', @CompanyId=2;
19/08/2021 10:27:15	SQL :EXEC GetRunningDaysDetail 'BS221070072',@FromDate='2021-08-01',@ToDate='2021-08-31', @CompanyId=2;
19/08/2021 10:27:16	SQL :EXEC GetRunningDaysDetail 'BS220080001',@FromDate='2021-08-01',@ToDate='2021-08-31', @CompanyId=2;
19/08/2021 10:27:17	SQL :EXEC GetRunningDaysDetail 'BS220080003',@FromDate='2021-08-01',@ToDate='2021-08-31', @CompanyId=2;
19/08/2021 10:27:18	SQL :EXEC GetRunningDaysDetail 'BS220080004',@FromDate='2021-08-01',@ToDate='2021-08-31', @CompanyId=2;
19/08/2021 10:27:19	SQL :EXEC GetRunningDaysDetail 'BS220080005',@FromDate='2021-08-01',@ToDate='2021-08-31', @CompanyId=2;
19/08/2021 10:27:21	SQL :EXEC GetRunningDaysDetail 'BS220070002',@FromDate='2021-08-01',@ToDate='2021-08-31', @CompanyId=2;
19/08/2021 10:27:21	SQL :EXEC GetRunningDaysDetail 'BS220070001',@FromDate='2021-08-01',@ToDate='2021-08-31', @CompanyId=2;
19/08/2021 10:27:22	SQL :EXEC GetRunningDaysDetail 'BS221060002',@FromDate='2021-08-01',@ToDate='2021-08-31', @CompanyId=2;
19/08/2021 10:27:22	SQL :EXEC GetRunningDaysDetail 'BS220110002',@FromDate='2021-08-01',@ToDate='2021-08-31', @CompanyId=2;
19/08/2021 10:27:23	SQL :EXEC GetRunningDaysDetail 'BS220110003',@FromDate='2021-08-01',@ToDate='2021-08-31', @CompanyId=2;
19/08/2021 10:27:24	SQL :EXEC GetRunningDaysDetail 'BS221020003',@FromDate='2021-08-01',@ToDate='2021-08-31', @CompanyId=2;
19/08/2021 10:27:25	SQL :EXEC GetRunningDaysDetail 'BS221020004',@FromDate='2021-08-01',@ToDate='2021-08-31', @CompanyId=2;
19/08/2021 10:27:26	SQL :EXEC GetRunningDaysDetail 'BS220010006',@FromDate='2021-08-01',@ToDate='2021-08-31', @CompanyId=2;
19/08/2021 10:27:26	SQL :EXEC GetRunningDaysDetail 'BS221080002',@FromDate='2021-08-01',@ToDate='2021-08-31', @CompanyId=2;
19/08/2021 10:27:27	SQL :EXEC GetRunningDaysDetail 'BS221080001',@FromDate='2021-08-01',@ToDate='2021-08-31', @CompanyId=2;
19/08/2021 10:27:28	SQL :EXEC GetRunningDaysDetail 'BS221070074',@FromDate='2021-08-01',@ToDate='2021-08-31', @CompanyId=2;
19/08/2021 10:27:29	SQL :EXEC GetRunningDaysDetail 'BS221070073',@FromDate='2021-08-01',@ToDate='2021-08-31', @CompanyId=2;
19/08/2021 10:27:32	SQL :EXEC GetRunningDaysDetail 'BS218050004',@FromDate='2021-08-01',@ToDate='2021-08-31', @CompanyId=2;
19/08/2021 10:27:32	SQL :EXEC GetRunningDaysDetail 'BS218070005',@FromDate='2021-08-01',@ToDate='2021-08-31', @CompanyId=2;
19/08/2021 10:27:33	SQL :EXEC GetRunningDaysDetail 'BS221040003',@FromDate='2021-08-01',@ToDate='2021-08-31', @CompanyId=2;
19/08/2021 10:27:33	SQL :EXEC GetRunningDaysDetail 'BS218070007',@FromDate='2021-08-01',@ToDate='2021-08-31', @CompanyId=2;
19/08/2021 10:27:33	SQL :EXEC GetRunningDaysDetail 'BS218070006',@FromDate='2021-08-01',@ToDate='2021-08-31', @CompanyId=2;
19/08/2021 10:27:34	SQL :EXEC GetRunningDaysDetail 'BS219090001',@FromDate='2021-08-01',@ToDate='2021-08-31', @CompanyId=2;
19/08/2021 10:27:34	SQL :EXEC GetRunningDaysDetail 'BS219110001',@FromDate='2021-08-01',@ToDate='2021-08-31', @CompanyId=2;
19/08/2021 10:27:35	SQL :EXEC GetRunningDaysDetail 'BU13090043',@FromDate='2021-08-01',@ToDate='2021-08-31', @CompanyId=2;
19/08/2021 10:27:35	SQL :EXEC GetRunningDaysDetail 'BS14050007',@FromDate='2021-08-01',@ToDate='2021-08-31', @CompanyId=2;
19/08/2021 10:27:36	SQL :EXEC GetRunningDaysDetail 'BU13090049',@FromDate='2021-08-01',@ToDate='2021-08-31', @CompanyId=2;
19/08/2021 10:27:36	SQL :EXEC GetRunningDaysDetail 'BS221060003',@FromDate='2021-08-01',@ToDate='2021-08-31', @CompanyId=2;
19/08/2021 10:27:38	SQL :EXEC GetRunningDaysDetail 'BS221070042',@FromDate='2021-08-01',@ToDate='2021-08-31', @CompanyId=2;
19/08/2021 10:27:38	SQL :EXEC GetRunningDaysDetail 'BS221070043',@FromDate='2021-08-01',@ToDate='2021-08-31', @CompanyId=2;
19/08/2021 10:27:38	SQL :EXEC GetRunningDaysDetail 'BS221070046',@FromDate='2021-08-01',@ToDate='2021-08-31', @CompanyId=2;
19/08/2021 10:27:38	SQL :EXEC GetRunningDaysDetail 'BS221070047',@FromDate='2021-08-01',@ToDate='2021-08-31', @CompanyId=2;
19/08/2021 10:27:39	SQL :EXEC GetRunningDaysDetail 'BS221070048',@FromDate='2021-08-01',@ToDate='2021-08-31', @CompanyId=2;
19/08/2021 10:27:39	SQL :EXEC GetRunningDaysDetail 'BS221070049',@FromDate='2021-08-01',@ToDate='2021-08-31', @CompanyId=2;
19/08/2021 10:27:39	SQL :EXEC GetRunningDaysDetail 'BS221070044',@FromDate='2021-08-01',@ToDate='2021-08-31', @CompanyId=2;
19/08/2021 10:27:39	SQL :EXEC GetRunningDaysDetail 'BS221070050',@FromDate='2021-08-01',@ToDate='2021-08-31', @CompanyId=2;
19/08/2021 10:27:40	SQL :EXEC GetRunningDaysDetail 'BS221070051',@FromDate='2021-08-01',@ToDate='2021-08-31', @CompanyId=2;
19/08/2021 10:27:40	SQL :EXEC GetRunningDaysDetail 'BS221070052',@FromDate='2021-08-01',@ToDate='2021-08-31', @CompanyId=2;
19/08/2021 10:27:40	SQL :EXEC GetRunningDaysDetail 'BS221070053',@FromDate='2021-08-01',@ToDate='2021-08-31', @CompanyId=2;
19/08/2021 10:27:40	SQL :EXEC GetRunningDaysDetail 'BS221070054',@FromDate='2021-08-01',@ToDate='2021-08-31', @CompanyId=2;
19/08/2021 10:27:40	SQL :EXEC GetRunningDaysDetail 'BS221070055',@FromDate='2021-08-01',@ToDate='2021-08-31', @CompanyId=2;
19/08/2021 10:27:41	SQL :EXEC GetRunningDaysDetail 'BS221070056',@FromDate='2021-08-01',@ToDate='2021-08-31', @CompanyId=2;
19/08/2021 10:27:41	SQL :EXEC GetRunningDaysDetail 'BS221070057',@FromDate='2021-08-01',@ToDate='2021-08-31', @CompanyId=2;
19/08/2021 10:27:41	SQL :EXEC GetRunningDaysDetail 'BS221070058',@FromDate='2021-08-01',@ToDate='2021-08-31', @CompanyId=2;
19/08/2021 10:27:41	SQL :EXEC GetRunningDaysDetail 'BS221070045',@FromDate='2021-08-01',@ToDate='2021-08-31', @CompanyId=2;
19/08/2021 10:27:42	SQL :EXEC GetRunningDaysDetail 'BS221070006',@FromDate='2021-08-01',@ToDate='2021-08-31', @CompanyId=2;
19/08/2021 10:27:42	SQL :EXEC GetRunningDaysDetail 'BS221070026',@FromDate='2021-08-01',@ToDate='2021-08-31', @CompanyId=2;
19/08/2021 10:27:42	SQL :EXEC GetRunningDaysDetail 'BS221070027',@FromDate='2021-08-01',@ToDate='2021-08-31', @CompanyId=2;
19/08/2021 10:27:42	SQL :EXEC GetRunningDaysDetail 'BS221070028',@FromDate='2021-08-01',@ToDate='2021-08-31', @CompanyId=2;
19/08/2021 10:27:43	SQL :EXEC GetRunningDaysDetail 'BS221070029',@FromDate='2021-08-01',@ToDate='2021-08-31', @CompanyId=2;
19/08/2021 10:27:43	SQL :EXEC GetRunningDaysDetail 'BS221070030',@FromDate='2021-08-01',@ToDate='2021-08-31', @CompanyId=2;
19/08/2021 10:27:43	SQL :EXEC GetRunningDaysDetail 'BS221070031',@FromDate='2021-08-01',@ToDate='2021-08-31', @CompanyId=2;
19/08/2021 10:27:43	SQL :EXEC GetRunningDaysDetail 'BS221070032',@FromDate='2021-08-01',@ToDate='2021-08-31', @CompanyId=2;
19/08/2021 10:27:43	SQL :EXEC GetRunningDaysDetail 'BS221070033',@FromDate='2021-08-01',@ToDate='2021-08-31', @CompanyId=2;
19/08/2021 10:27:44	SQL :EXEC GetRunningDaysDetail 'BS221070034',@FromDate='2021-08-01',@ToDate='2021-08-31', @CompanyId=2;
19/08/2021 10:27:44	SQL :EXEC GetRunningDaysDetail 'BS221070035',@FromDate='2021-08-01',@ToDate='2021-08-31', @CompanyId=2;
19/08/2021 10:27:44	SQL :EXEC GetRunningDaysDetail 'BS221070036',@FromDate='2021-08-01',@ToDate='2021-08-31', @CompanyId=2;
19/08/2021 10:27:44	SQL :EXEC GetRunningDaysDetail 'BS221070037',@FromDate='2021-08-01',@ToDate='2021-08-31', @CompanyId=2;
19/08/2021 10:27:45	SQL :EXEC GetRunningDaysDetail 'BS221070038',@FromDate='2021-08-01',@ToDate='2021-08-31', @CompanyId=2;
19/08/2021 10:27:45	SQL :EXEC GetRunningDaysDetail 'BS221070039',@FromDate='2021-08-01',@ToDate='2021-08-31', @CompanyId=2;
19/08/2021 10:27:45	SQL :EXEC GetRunningDaysDetail 'BS221070040',@FromDate='2021-08-01',@ToDate='2021-08-31', @CompanyId=2;
19/08/2021 10:27:45	SQL :EXEC GetRunningDaysDetail 'BS221070059',@FromDate='2021-08-01',@ToDate='2021-08-31', @CompanyId=2;
19/08/2021 10:27:45	SQL :EXEC GetRunningDaysDetail 'BS221070014',@FromDate='2021-08-01',@ToDate='2021-08-31', @CompanyId=2;
19/08/2021 10:27:46	SQL :EXEC GetRunningDaysDetail 'BS221070015',@FromDate='2021-08-01',@ToDate='2021-08-31', @CompanyId=2;
19/08/2021 10:27:46	SQL :EXEC GetRunningDaysDetail 'BS221070001',@FromDate='2021-08-01',@ToDate='2021-08-31', @CompanyId=2;
19/08/2021 10:27:46	SQL :EXEC GetRunningDaysDetail 'BS221070002',@FromDate='2021-08-01',@ToDate='2021-08-31', @CompanyId=2;
19/08/2021 10:27:46	SQL :EXEC GetRunningDaysDetail 'BS221070003',@FromDate='2021-08-01',@ToDate='2021-08-31', @CompanyId=2;
19/08/2021 10:27:47	SQL :EXEC GetRunningDaysDetail 'BS221070004',@FromDate='2021-08-01',@ToDate='2021-08-31', @CompanyId=2;
19/08/2021 10:27:47	SQL :EXEC GetRunningDaysDetail 'BS221070005',@FromDate='2021-08-01',@ToDate='2021-08-31', @CompanyId=2;
19/08/2021 10:27:47	SQL :EXEC GetRunningDaysDetail 'BS221070007',@FromDate='2021-08-01',@ToDate='2021-08-31', @CompanyId=2;
19/08/2021 10:27:47	SQL :EXEC GetRunningDaysDetail 'BS221070010',@FromDate='2021-08-01',@ToDate='2021-08-31', @CompanyId=2;
19/08/2021 10:27:47	SQL :EXEC GetRunningDaysDetail 'BS221070011',@FromDate='2021-08-01',@ToDate='2021-08-31', @CompanyId=2;
19/08/2021 10:27:48	SQL :EXEC GetRunningDaysDetail 'BS221070012',@FromDate='2021-08-01',@ToDate='2021-08-31', @CompanyId=2;
19/08/2021 10:27:48	SQL :EXEC GetRunningDaysDetail 'BS221070013',@FromDate='2021-08-01',@ToDate='2021-08-31', @CompanyId=2;
19/08/2021 10:27:48	SQL :EXEC GetRunningDaysDetail 'BS221070016',@FromDate='2021-08-01',@ToDate='2021-08-31', @CompanyId=2;
19/08/2021 10:27:48	SQL :EXEC GetRunningDaysDetail 'BS221070017',@FromDate='2021-08-01',@ToDate='2021-08-31', @CompanyId=2;
19/08/2021 10:27:49	SQL :EXEC GetRunningDaysDetail 'BS221070018',@FromDate='2021-08-01',@ToDate='2021-08-31', @CompanyId=2;
19/08/2021 10:27:49	SQL :EXEC GetRunningDaysDetail 'BS221070019',@FromDate='2021-08-01',@ToDate='2021-08-31', @CompanyId=2;
19/08/2021 10:27:49	SQL :EXEC GetRunningDaysDetail 'BS221070020',@FromDate='2021-08-01',@ToDate='2021-08-31', @CompanyId=2;
19/08/2021 10:27:49	SQL :EXEC GetRunningDaysDetail 'BS221070021',@FromDate='2021-08-01',@ToDate='2021-08-31', @CompanyId=2;
19/08/2021 10:27:49	SQL :EXEC GetRunningDaysDetail 'BS221070022',@FromDate='2021-08-01',@ToDate='2021-08-31', @CompanyId=2;
19/08/2021 10:27:49	SQL :EXEC GetRunningDaysDetail 'BS221070023',@FromDate='2021-08-01',@ToDate='2021-08-31', @CompanyId=2;
19/08/2021 10:27:50	SQL :EXEC GetRunningDaysDetail 'BS221070024',@FromDate='2021-08-01',@ToDate='2021-08-31', @CompanyId=2;
19/08/2021 10:27:50	SQL :EXEC GetRunningDaysDetail 'BS221070025',@FromDate='2021-08-01',@ToDate='2021-08-31', @CompanyId=2;
19/08/2021 10:27:50	SQL :EXEC GetRunningDaysDetail 'BS221070063',@FromDate='2021-08-01',@ToDate='2021-08-31', @CompanyId=2;
19/08/2021 10:27:50	SQL :EXEC GetRunningDaysDetail 'BS221070064',@FromDate='2021-08-01',@ToDate='2021-08-31', @CompanyId=2;
19/08/2021 10:27:51	SQL :EXEC GetRunningDaysDetail 'BS221070069',@FromDate='2021-08-01',@ToDate='2021-08-31', @CompanyId=2;
19/08/2021 10:27:51	SQL :EXEC GetRunningDaysDetail 'BS221070070',@FromDate='2021-08-01',@ToDate='2021-08-31', @CompanyId=2;
19/08/2021 10:27:51	SQL :EXEC GetRunningDaysDetail 'BS221070066',@FromDate='2021-08-01',@ToDate='2021-08-31', @CompanyId=2;
19/08/2021 10:27:51	SQL :EXEC GetRunningDaysDetail 'BS221070067',@FromDate='2021-08-01',@ToDate='2021-08-31', @CompanyId=2;
19/08/2021 10:27:51	SQL :EXEC GetRunningDaysDetail 'BS221070065',@FromDate='2021-08-01',@ToDate='2021-08-31', @CompanyId=2;
19/08/2021 10:27:52	SQL :EXEC GetRunningDaysDetail 'BS221070060',@FromDate='2021-08-01',@ToDate='2021-08-31', @CompanyId=2;
19/08/2021 10:27:52	SQL :EXEC GetRunningDaysDetail 'BS220080008',@FromDate='2021-08-01',@ToDate='2021-08-31', @CompanyId=2;
19/08/2021 10:27:54	SQL :EXEC GetRunningDaysDetail 'BS220080009',@FromDate='2021-08-01',@ToDate='2021-08-31', @CompanyId=2;
19/08/2021 10:27:56	SQL :EXEC GetRunningDaysDetail 'BS221070061',@FromDate='2021-08-01',@ToDate='2021-08-31', @CompanyId=2;
19/08/2021 10:27:58	SQL :EXEC GetRunningDaysDetail 'BS221070041',@FromDate='2021-08-01',@ToDate='2021-08-31', @CompanyId=2;
19/08/2021 10:28:01	SQL :EXEC GetRunningDaysDetail 'BS220080007',@FromDate='2021-08-01',@ToDate='2021-08-31', @CompanyId=2;
19/08/2021 10:28:01	SQL :EXEC GetRunningDaysDetail 'BS220080006',@FromDate='2021-08-01',@ToDate='2021-08-31', @CompanyId=2;
19/08/2021 10:28:01	SQL :EXEC GetRunningDaysDetail 'BS220080010',@FromDate='2021-08-01',@ToDate='2021-08-31', @CompanyId=2;
19/08/2021 10:28:03	SQL :EXEC GetRunningDaysDetail 'BS221070068',@FromDate='2021-08-01',@ToDate='2021-08-31', @CompanyId=2;
19/08/2021 10:28:03	SQL :EXEC GetRunningDaysDetail 'BS221070071',@FromDate='2021-08-01',@ToDate='2021-08-31', @CompanyId=2;
19/08/2021 10:28:03	SQL :EXEC GetRunningDaysDetail 'BS221070062',@FromDate='2021-08-01',@ToDate='2021-08-31', @CompanyId=2;
19/08/2021 10:28:03	SQL :EXEC GetRunningDaysDetail 'BU00000001',@FromDate='2021-08-01',@ToDate='2021-08-31', @CompanyId=2;
19/08/2021 10:28:04	Open DB Connection
19/08/2021 10:28:04	SQL :SELECT value FROM wh_dashboard WHERE (name='persen_utilisasi')AND(company_id=2)AND(location_id=6)AND(month=8)AND(year=2021);
19/08/2021 10:28:04	SQL :UPDATE wh_dashboard SET value='22 %',update_time=GETDATE(),update_user='pramudyono hadi' WHERE (name='persen_utilisasi')AND(company_id=2)AND(location_id=6)AND(month=8) AND (year=2021);
19/08/2021 10:31:51	Form Check :OrderForm
19/08/2021 10:31:59	Form Open: OrderForm=COWDC21070255,0,,0
19/08/2021 10:31:59	Open DB Connection
19/08/2021 10:31:59	SQL :EXEC GetProductPriceList 2,@LocationId=6,@ContractId='';
19/08/2021 10:31:59	Open DB Connection
19/08/2021 10:31:59	SQL :EXEC GetOrderServiceType;
19/08/2021 10:31:59	SQL :EXEC GetTransactionType 'Order';
19/08/2021 10:31:59	Open DB Connection
19/08/2021 10:31:59	SQL :SELECT dbo.GetUsername('pramudyono hadi') AS sales UNION ALL SELECT dbo.GetUsername(username) AS sales FROM wh_user a LEFT JOIN wh_user_detail b ON b.user_id=a.username LEFT JOIN wh_company_location c ON c.company_location_id=a.company_location_id WHERE (b.department_id=14) AND (c.location_id='6');
19/08/2021 10:31:59	SQL :SELECT dbo.GetUsername('pramudyono hadi') AS sales;
19/08/2021 10:31:59	Open DB Connection
19/08/2021 10:31:59	SQL :EXEC GetOrderServiceType;
19/08/2021 10:31:59	SQL :EXEC GetTransactionType 'Order';
19/08/2021 10:31:59	Open DB Connection
19/08/2021 10:31:59	SQL :EXEC GetCustomerOrderDetail 'COWDC21070255';
19/08/2021 10:32:00	Open DB Connection
19/08/2021 10:32:00	SQL :EXEC GetCustomerOrderDetailList 'COWDC21070255';
19/08/2021 10:32:00	SQL :EXEC GetCustomerOrderServiceList 'COWDC21070255';
19/08/2021 10:32:00	Open DB Connection
19/08/2021 10:32:00	Open DB Connection
19/08/2021 10:32:30	Form Check :OrderForm
19/08/2021 10:32:30	Form Check :WorkOrderForm
19/08/2021 10:32:30	Form Open: WorkOrderForm=PKBRB21080022,,-1
19/08/2021 10:32:30	Open DB Connection
19/08/2021 10:32:30	SQL :EXEC GetWorkOrderLists 2,6 ;
19/08/2021 10:32:33	Open DB Connection
19/08/2021 10:32:57	Form Check :OrderForm
19/08/2021 10:32:57	Form Check :WorkOrderForm
19/08/2021 10:32:57	Form Open: WorkOrderForm=PKBRB21080035,,-1
19/08/2021 10:32:57	Open DB Connection
19/08/2021 10:32:57	SQL :EXEC GetWorkOrderLists 2,6 ;
19/08/2021 10:33:00	Open DB Connection
19/08/2021 10:33:16	Form Check :OrderForm
19/08/2021 10:33:16	Form Open: OrderForm=COWDC21070558,0,,0
19/08/2021 10:33:16	Open DB Connection
19/08/2021 10:33:16	SQL :EXEC GetProductPriceList 2,@LocationId=6,@ContractId='';
19/08/2021 10:33:16	Open DB Connection
19/08/2021 10:33:16	SQL :EXEC GetOrderServiceType;
19/08/2021 10:33:16	SQL :EXEC GetTransactionType 'Order';
19/08/2021 10:33:16	Open DB Connection
19/08/2021 10:33:16	SQL :SELECT dbo.GetUsername('pramudyono hadi') AS sales UNION ALL SELECT dbo.GetUsername(username) AS sales FROM wh_user a LEFT JOIN wh_user_detail b ON b.user_id=a.username LEFT JOIN wh_company_location c ON c.company_location_id=a.company_location_id WHERE (b.department_id=14) AND (c.location_id='6');
19/08/2021 10:33:16	SQL :SELECT dbo.GetUsername('pramudyono hadi') AS sales;
19/08/2021 10:33:16	Open DB Connection
19/08/2021 10:33:16	SQL :EXEC GetOrderServiceType;
19/08/2021 10:33:16	SQL :EXEC GetTransactionType 'Order';
19/08/2021 10:33:16	Open DB Connection
19/08/2021 10:33:16	SQL :EXEC GetCustomerOrderDetail 'COWDC21070558';
19/08/2021 10:33:17	Open DB Connection
19/08/2021 10:33:17	SQL :EXEC GetCustomerOrderDetailList 'COWDC21070558';
19/08/2021 10:33:17	SQL :EXEC GetCustomerOrderServiceList 'COWDC21070558';
19/08/2021 10:33:17	Open DB Connection
19/08/2021 10:33:17	Open DB Connection
19/08/2021 10:33:36	Form Check :OrderForm
19/08/2021 10:33:36	Form Open: OrderForm=COWDC21080227,0,,0
19/08/2021 10:33:36	Open DB Connection
19/08/2021 10:33:36	SQL :EXEC GetProductPriceList 2,@LocationId=6,@ContractId='';
19/08/2021 10:33:36	Open DB Connection
19/08/2021 10:33:36	SQL :EXEC GetOrderServiceType;
19/08/2021 10:33:36	SQL :EXEC GetTransactionType 'Order';
19/08/2021 10:33:36	Open DB Connection
19/08/2021 10:33:36	SQL :SELECT dbo.GetUsername('pramudyono hadi') AS sales UNION ALL SELECT dbo.GetUsername(username) AS sales FROM wh_user a LEFT JOIN wh_user_detail b ON b.user_id=a.username LEFT JOIN wh_company_location c ON c.company_location_id=a.company_location_id WHERE (b.department_id=14) AND (c.location_id='6');
19/08/2021 10:33:36	SQL :SELECT dbo.GetUsername('pramudyono hadi') AS sales;
19/08/2021 10:33:36	Open DB Connection
19/08/2021 10:33:36	SQL :EXEC GetOrderServiceType;
19/08/2021 10:33:36	SQL :EXEC GetTransactionType 'Order';
19/08/2021 10:33:36	Open DB Connection
19/08/2021 10:33:36	SQL :EXEC GetCustomerOrderDetail 'COWDC21080227';
19/08/2021 10:33:37	Open DB Connection
19/08/2021 10:33:37	SQL :EXEC GetCustomerOrderDetailList 'COWDC21080227';
19/08/2021 10:33:37	SQL :EXEC GetCustomerOrderServiceList 'COWDC21080227';
19/08/2021 10:33:37	Open DB Connection
19/08/2021 10:33:37	Open DB Connection
19/08/2021 10:33:47	Form Check :OrderForm
19/08/2021 10:33:47	Form Open: OrderForm=COWDC21080264,0,,0
19/08/2021 10:33:47	Open DB Connection
19/08/2021 10:33:47	SQL :EXEC GetProductPriceList 2,@LocationId=6,@ContractId='';
19/08/2021 10:33:47	Open DB Connection
19/08/2021 10:33:47	SQL :EXEC GetOrderServiceType;
19/08/2021 10:33:47	SQL :EXEC GetTransactionType 'Order';
19/08/2021 10:33:47	Open DB Connection
19/08/2021 10:33:47	SQL :SELECT dbo.GetUsername('pramudyono hadi') AS sales UNION ALL SELECT dbo.GetUsername(username) AS sales FROM wh_user a LEFT JOIN wh_user_detail b ON b.user_id=a.username LEFT JOIN wh_company_location c ON c.company_location_id=a.company_location_id WHERE (b.department_id=14) AND (c.location_id='6');
19/08/2021 10:33:47	SQL :SELECT dbo.GetUsername('pramudyono hadi') AS sales;
19/08/2021 10:33:47	Open DB Connection
19/08/2021 10:33:47	SQL :EXEC GetOrderServiceType;
19/08/2021 10:33:47	SQL :EXEC GetTransactionType 'Order';
19/08/2021 10:33:47	Open DB Connection
19/08/2021 10:33:47	SQL :EXEC GetCustomerOrderDetail 'COWDC21080264';
19/08/2021 10:33:48	Open DB Connection
19/08/2021 10:33:48	SQL :EXEC GetCustomerOrderDetailList 'COWDC21080264';
19/08/2021 10:33:48	SQL :EXEC GetCustomerOrderServiceList 'COWDC21080264';
19/08/2021 10:33:48	Open DB Connection
19/08/2021 10:33:48	Open DB Connection
19/08/2021 10:33:58	Form Check :OrderForm
19/08/2021 10:33:58	Form Check :BlockUnitForm
19/08/2021 10:33:58	Form Open: BlockUnitFormU=BLCRB21080003,,-1
19/08/2021 10:33:58	Open DB Connection
19/08/2021 10:34:13	Form Check :OrderForm
19/08/2021 10:34:13	Form Open: OrderForm=COWDC21080226,0,,0
19/08/2021 10:34:14	Open DB Connection
19/08/2021 10:34:14	SQL :EXEC GetProductPriceList 2,@LocationId=6,@ContractId='';
19/08/2021 10:34:14	Open DB Connection
19/08/2021 10:34:14	SQL :EXEC GetOrderServiceType;
19/08/2021 10:34:14	SQL :EXEC GetTransactionType 'Order';
19/08/2021 10:34:14	Open DB Connection
19/08/2021 10:34:14	SQL :SELECT dbo.GetUsername('pramudyono hadi') AS sales UNION ALL SELECT dbo.GetUsername(username) AS sales FROM wh_user a LEFT JOIN wh_user_detail b ON b.user_id=a.username LEFT JOIN wh_company_location c ON c.company_location_id=a.company_location_id WHERE (b.department_id=14) AND (c.location_id='6');
19/08/2021 10:34:14	SQL :SELECT dbo.GetUsername('pramudyono hadi') AS sales;
19/08/2021 10:34:14	Open DB Connection
19/08/2021 10:34:14	SQL :EXEC GetOrderServiceType;
19/08/2021 10:34:14	SQL :EXEC GetTransactionType 'Order';
19/08/2021 10:34:14	Open DB Connection
19/08/2021 10:34:14	SQL :EXEC GetCustomerOrderDetail 'COWDC21080226';
19/08/2021 10:34:15	Open DB Connection
19/08/2021 10:34:15	SQL :EXEC GetCustomerOrderDetailList 'COWDC21080226';
19/08/2021 10:34:15	SQL :EXEC GetCustomerOrderServiceList 'COWDC21080226';
19/08/2021 10:34:15	Open DB Connection
19/08/2021 10:34:15	Open DB Connection
19/08/2021 10:34:22	Form Check :OrderForm
19/08/2021 10:34:22	Form Open: SelectBooking=PKBRB21080033  MSRRB21080017,FormRequest=,0
19/08/2021 10:34:32	Form Check :OrderForm
19/08/2021 10:34:32	Form Open: SelectBooking=COWDC21080273  COWDC21080253,FormRequest=,0
19/08/2021 10:34:34	Form Check :OrderForm
19/08/2021 10:34:34	Form Open: OrderForm=COWDC21080273,0,,0
19/08/2021 10:34:34	Open DB Connection
19/08/2021 10:34:34	SQL :EXEC GetProductPriceList 2,@LocationId=6,@ContractId='';
19/08/2021 10:34:34	Open DB Connection
19/08/2021 10:34:34	SQL :EXEC GetOrderServiceType;
19/08/2021 10:34:34	SQL :EXEC GetTransactionType 'Order';
19/08/2021 10:34:34	Open DB Connection
19/08/2021 10:34:34	SQL :SELECT dbo.GetUsername('pramudyono hadi') AS sales UNION ALL SELECT dbo.GetUsername(username) AS sales FROM wh_user a LEFT JOIN wh_user_detail b ON b.user_id=a.username LEFT JOIN wh_company_location c ON c.company_location_id=a.company_location_id WHERE (b.department_id=14) AND (c.location_id='6');
19/08/2021 10:34:34	SQL :SELECT dbo.GetUsername('pramudyono hadi') AS sales;
19/08/2021 10:34:34	Open DB Connection
19/08/2021 10:34:34	SQL :EXEC GetOrderServiceType;
19/08/2021 10:34:34	SQL :EXEC GetTransactionType 'Order';
19/08/2021 10:34:34	Open DB Connection
19/08/2021 10:34:34	SQL :EXEC GetCustomerOrderDetail 'COWDC21080273';
19/08/2021 10:34:35	Open DB Connection
19/08/2021 10:34:35	SQL :EXEC GetCustomerOrderDetailList 'COWDC21080273';
19/08/2021 10:34:35	SQL :EXEC GetCustomerOrderServiceList 'COWDC21080273';
19/08/2021 10:34:35	Open DB Connection
19/08/2021 10:34:35	Open DB Connection
19/08/2021 10:41:11	Get Local Settings
19/08/2021 10:41:11	Start Change Local Settings
19/08/2021 10:41:11	Change short date format
19/08/2021 10:41:11	Change Long date format
19/08/2021 10:41:11	Finish Change Local Settings
19/08/2021 10:41:11	Registry Read: Path=SOFTWARE\WEHA\Aplikasi\3
19/08/2021 10:41:11	Registry Read/Write
19/08/2021 10:41:11	Registry Read: Path=SOFTWARE\WEHA\Aplikasi\3
19/08/2021 10:41:11	Create DB Object
19/08/2021 10:41:11	Init DB
19/08/2021 10:41:11	Finish Init DB
19/08/2021 10:41:11	Get File Version
19/08/2021 10:41:11	Change  Caption
19/08/2021 10:41:11	Init Shortkey
19/08/2021 10:41:13	Create DB Object
19/08/2021 10:41:13	Init DB
19/08/2021 10:41:13	Finish Init DB
19/08/2021 10:41:15	Update new version check
19/08/2021 10:41:15	Open DB Connection
19/08/2021 10:41:19	SQL :
19/08/2021 10:41:20	Update check version
19/08/2021 10:41:20	Open DB Connection
19/08/2021 10:41:20	SQL :SELECT version FROM wh_application WHERE application_id=(SELECT MAX(application_id) FROM wh_application);
19/08/2021 10:41:20	Start Login
19/08/2021 10:41:20	Open DB Connection
19/08/2021 10:41:20	SQL :EXEC AuthenticateUser 'pramudyono hadi','6f2b8366efa56f0c06dd6b31fcff8a73';
19/08/2021 10:41:21	SQL :INSERT INTO wh_log (user_id,app_date,app_version,app_version_svr,location_id,company_id,department_id,host_name,ip_address)  VALUES ('pramudyono hadi','19/08/2021','6.1.3.12','6.1.3.11',6,2,13,'DESKTOP-S1PD9OD','192.168.25.214');
19/08/2021 10:41:21	Open DB Connection
19/08/2021 10:41:21	SQL :EXEC GetUserMenu 'pramudyono hadi';
19/08/2021 10:41:21	SQL :EXEC GetUserSubMenu 'pramudyono hadi','11';
19/08/2021 10:41:21	SQL :EXEC GetUserTreeMenu 'pramudyono hadi','1101',@CompanyId=2;
19/08/2021 10:41:21	SQL :EXEC GetUserTreeMenu 'pramudyono hadi','1102',@CompanyId=2;
19/08/2021 10:41:21	SQL :EXEC GetUserTreeMenu 'pramudyono hadi','1103',@CompanyId=2;
19/08/2021 10:41:21	SQL :EXEC GetUserTreeMenu 'pramudyono hadi','1104',@CompanyId=2;
19/08/2021 10:41:21	SQL :EXEC GetUserTreeMenu 'pramudyono hadi','1105',@CompanyId=2;
19/08/2021 10:41:21	SQL :EXEC GetUserTreeMenu 'pramudyono hadi','1106',@CompanyId=2;
19/08/2021 10:41:21	SQL :EXEC GetUserTreeMenu 'pramudyono hadi','1107',@CompanyId=2;
19/08/2021 10:41:21	SQL :EXEC GetUserTreeMenu 'pramudyono hadi','1108',@CompanyId=2;
19/08/2021 10:41:21	SQL :EXEC GetUserTreeMenu 'pramudyono hadi','1109',@CompanyId=2;
19/08/2021 10:41:21	SQL :EXEC GetUserTreeMenu 'pramudyono hadi','1110',@CompanyId=2;
19/08/2021 10:41:21	SQL :EXEC GetUserTreeMenu 'pramudyono hadi','1111',@CompanyId=2;
19/08/2021 10:41:21	SQL :EXEC GetUserTreeMenu 'pramudyono hadi','1112',@CompanyId=2;
19/08/2021 10:41:21	SQL :EXEC GetUserTreeMenu 'pramudyono hadi','1113',@CompanyId=2;
19/08/2021 10:41:21	SQL :EXEC GetUserTreeMenu 'pramudyono hadi','1114',@CompanyId=2;
19/08/2021 10:41:21	SQL :EXEC GetUserTreeMenu 'pramudyono hadi','1115',@CompanyId=2;
19/08/2021 10:41:21	SQL :EXEC GetUserTreeMenu 'pramudyono hadi','1116',@CompanyId=2;
19/08/2021 10:41:21	SQL :EXEC GetUserTreeMenu 'pramudyono hadi','1117',@CompanyId=2;
19/08/2021 10:41:21	SQL :EXEC GetUserTreeMenu 'pramudyono hadi','1198',@CompanyId=2;
19/08/2021 10:41:21	SQL :EXEC GetUserTreeMenu 'pramudyono hadi','1199',@CompanyId=2;
19/08/2021 10:41:21	SQL :EXEC GetUserSubMenu 'pramudyono hadi','12';
19/08/2021 10:41:21	SQL :EXEC GetUserTreeMenu 'pramudyono hadi','1201',@CompanyId=2;
19/08/2021 10:41:21	SQL :EXEC GetUserTreeMenu 'pramudyono hadi','1202',@CompanyId=2;
19/08/2021 10:41:21	SQL :EXEC GetUserTreeMenu 'pramudyono hadi','1203',@CompanyId=2;
19/08/2021 10:41:21	SQL :EXEC GetUserTreeMenu 'pramudyono hadi','1204',@CompanyId=2;
19/08/2021 10:41:21	SQL :EXEC GetUserTreeMenu 'pramudyono hadi','1205',@CompanyId=2;
19/08/2021 10:41:21	SQL :EXEC GetUserTreeMenu 'pramudyono hadi','1206',@CompanyId=2;
19/08/2021 10:41:21	SQL :EXEC GetUserTreeMenu 'pramudyono hadi','1207',@CompanyId=2;
19/08/2021 10:41:21	SQL :EXEC GetUserSubMenu 'pramudyono hadi','13';
19/08/2021 10:41:21	SQL :EXEC GetUserTreeMenu 'pramudyono hadi','1301',@CompanyId=2;
19/08/2021 10:41:21	SQL :EXEC GetUserTreeMenu 'pramudyono hadi','1302',@CompanyId=2;
19/08/2021 10:41:21	SQL :EXEC GetUserTreeMenu 'pramudyono hadi','1303',@CompanyId=2;
19/08/2021 10:41:21	SQL :EXEC GetUserTreeMenu 'pramudyono hadi','1304',@CompanyId=2;
19/08/2021 10:41:21	SQL :EXEC GetUserTreeMenu 'pramudyono hadi','1305',@CompanyId=2;
19/08/2021 10:41:21	SQL :EXEC GetUserTreeMenu 'pramudyono hadi','1306',@CompanyId=2;
19/08/2021 10:41:21	SQL :EXEC GetUserTreeMenu 'pramudyono hadi','1307',@CompanyId=2;
19/08/2021 10:41:21	SQL :EXEC GetUserTreeMenu 'pramudyono hadi','1308',@CompanyId=2;
19/08/2021 10:41:21	SQL :EXEC GetUserTreeMenu 'pramudyono hadi','1309',@CompanyId=2;
19/08/2021 10:41:21	SQL :EXEC GetUserTreeMenu 'pramudyono hadi','1310',@CompanyId=2;
19/08/2021 10:41:21	SQL :EXEC GetUserTreeMenu 'pramudyono hadi','1311',@CompanyId=2;
19/08/2021 10:41:21	SQL :EXEC GetUserTreeMenu 'pramudyono hadi','1312',@CompanyId=2;
19/08/2021 10:41:21	SQL :EXEC GetUserTreeMenu 'pramudyono hadi','1313',@CompanyId=2;
19/08/2021 10:41:21	SQL :EXEC GetUserTreeMenu 'pramudyono hadi','1314',@CompanyId=2;
19/08/2021 10:41:21	SQL :EXEC GetUserTreeMenu 'pramudyono hadi','1315',@CompanyId=2;
19/08/2021 10:41:21	SQL :EXEC GetUserTreeMenu 'pramudyono hadi','1316',@CompanyId=2;
19/08/2021 10:41:21	SQL :EXEC GetUserTreeMenu 'pramudyono hadi','1317',@CompanyId=2;
19/08/2021 10:41:21	SQL :EXEC GetUserTreeMenu 'pramudyono hadi','1318',@CompanyId=2;
19/08/2021 10:41:21	SQL :EXEC GetUserTreeMenu 'pramudyono hadi','1319',@CompanyId=2;
19/08/2021 10:41:21	SQL :EXEC GetUserTreeMenu 'pramudyono hadi','1320',@CompanyId=2;
19/08/2021 10:41:21	SQL :EXEC GetUserTreeMenu 'pramudyono hadi','1321',@CompanyId=2;
19/08/2021 10:41:21	SQL :EXEC GetUserSubMenu 'pramudyono hadi','14';
19/08/2021 10:41:21	SQL :EXEC GetUserTreeMenu 'pramudyono hadi','1401',@CompanyId=2;
19/08/2021 10:41:21	SQL :EXEC GetUserTreeMenu 'pramudyono hadi','1402',@CompanyId=2;
19/08/2021 10:41:21	SQL :EXEC GetUserTreeMenu 'pramudyono hadi','1403',@CompanyId=2;
19/08/2021 10:41:21	SQL :EXEC GetUserTreeMenu 'pramudyono hadi','1404',@CompanyId=2;
19/08/2021 10:41:21	SQL :EXEC GetUserTreeMenu 'pramudyono hadi','1406',@CompanyId=2;
19/08/2021 10:41:21	SQL :EXEC GetUserTreeMenu 'pramudyono hadi','1408',@CompanyId=2;
19/08/2021 10:41:21	SQL :EXEC GetUserTreeMenu 'pramudyono hadi','1410',@CompanyId=2;
19/08/2021 10:41:21	SQL :EXEC GetUserTreeMenu 'pramudyono hadi','1411',@CompanyId=2;
19/08/2021 10:41:21	SQL :EXEC GetUserTreeMenu 'pramudyono hadi','1412',@CompanyId=2;
19/08/2021 10:41:21	SQL :EXEC GetUserTreeMenu 'pramudyono hadi','1413',@CompanyId=2;
19/08/2021 10:41:21	SQL :EXEC GetUserTreeMenu 'pramudyono hadi','1414',@CompanyId=2;
19/08/2021 10:41:21	SQL :EXEC GetUserSubMenu 'pramudyono hadi','15';
19/08/2021 10:41:21	SQL :EXEC GetUserTreeMenu 'pramudyono hadi','1501',@CompanyId=2;
19/08/2021 10:41:21	SQL :EXEC GetUserTreeMenu 'pramudyono hadi','1502',@CompanyId=2;
19/08/2021 10:41:21	SQL :EXEC GetUserTreeMenu 'pramudyono hadi','1503',@CompanyId=2;
19/08/2021 10:41:21	SQL :EXEC GetUserTreeMenu 'pramudyono hadi','1504',@CompanyId=2;
19/08/2021 10:41:21	SQL :EXEC GetUserTreeMenu 'pramudyono hadi','1505',@CompanyId=2;
19/08/2021 10:41:21	SQL :EXEC GetUserTreeMenu 'pramudyono hadi','1506',@CompanyId=2;
19/08/2021 10:41:21	SQL :EXEC GetUserTreeMenu 'pramudyono hadi','1507',@CompanyId=2;
19/08/2021 10:41:21	SQL :EXEC GetUserTreeMenu 'pramudyono hadi','1508',@CompanyId=2;
19/08/2021 10:41:22	SQL :EXEC GetUserTreeMenu 'pramudyono hadi','1509',@CompanyId=2;
19/08/2021 10:41:22	SQL :EXEC GetUserTreeMenu 'pramudyono hadi','1510',@CompanyId=2;
19/08/2021 10:41:22	SQL :EXEC GetUserTreeMenu 'pramudyono hadi','1511',@CompanyId=2;
19/08/2021 10:41:22	SQL :EXEC GetUserSubMenu 'pramudyono hadi','16';
19/08/2021 10:41:22	SQL :EXEC GetUserTreeMenu 'pramudyono hadi','1601',@CompanyId=2;
19/08/2021 10:41:22	SQL :EXEC GetUserTreeMenu 'pramudyono hadi','1602',@CompanyId=2;
19/08/2021 10:41:22	SQL :EXEC GetUserTreeMenu 'pramudyono hadi','1603',@CompanyId=2;
19/08/2021 10:41:22	SQL :EXEC GetUserTreeMenu 'pramudyono hadi','1604',@CompanyId=2;
19/08/2021 10:41:22	SQL :EXEC GetUserTreeMenu 'pramudyono hadi','1605',@CompanyId=2;
19/08/2021 10:41:22	SQL :EXEC GetUserTreeMenu 'pramudyono hadi','1606',@CompanyId=2;
19/08/2021 10:41:22	SQL :EXEC GetUserTreeMenu 'pramudyono hadi','1607',@CompanyId=2;
19/08/2021 10:41:22	SQL :EXEC GetUserTreeMenu 'pramudyono hadi','1608',@CompanyId=2;
19/08/2021 10:41:22	SQL :EXEC GetUserTreeMenu 'pramudyono hadi','1609',@CompanyId=2;
19/08/2021 10:41:22	SQL :EXEC GetUserTreeMenu 'pramudyono hadi','1610',@CompanyId=2;
19/08/2021 10:41:22	SQL :EXEC GetUserTreeMenu 'pramudyono hadi','1611',@CompanyId=2;
19/08/2021 10:41:22	SQL :EXEC GetUserTreeMenu 'pramudyono hadi','1612',@CompanyId=2;
19/08/2021 10:41:22	SQL :EXEC GetUserTreeMenu 'pramudyono hadi','1613',@CompanyId=2;
19/08/2021 10:41:22	SQL :EXEC GetUserTreeMenu 'pramudyono hadi','1614',@CompanyId=2;
19/08/2021 10:41:22	SQL :EXEC GetUserTreeMenu 'pramudyono hadi','1615',@CompanyId=2;
19/08/2021 10:41:22	SQL :EXEC GetUserTreeMenu 'pramudyono hadi','1616',@CompanyId=2;
19/08/2021 10:41:22	SQL :EXEC GetUserTreeMenu 'pramudyono hadi','1619',@CompanyId=2;
19/08/2021 10:41:22	SQL :EXEC GetUserTreeMenu 'pramudyono hadi','1620',@CompanyId=2;
19/08/2021 10:41:22	SQL :EXEC GetUserSubMenu 'pramudyono hadi','17';
19/08/2021 10:41:22	SQL :EXEC GetUserTreeMenu 'pramudyono hadi','1701',@CompanyId=2;
19/08/2021 10:41:22	SQL :EXEC GetUserTreeMenu 'pramudyono hadi','1702',@CompanyId=2;
19/08/2021 10:41:22	SQL :EXEC GetUserTreeMenu 'pramudyono hadi','1703',@CompanyId=2;
19/08/2021 10:41:22	SQL :EXEC GetUserTreeMenu 'pramudyono hadi','1704',@CompanyId=2;
19/08/2021 10:41:22	SQL :EXEC GetUserTreeMenu 'pramudyono hadi','1705',@CompanyId=2;
19/08/2021 10:41:22	SQL :EXEC GetUserTreeMenu 'pramudyono hadi','1706',@CompanyId=2;
19/08/2021 10:41:22	SQL :EXEC GetUserTreeMenu 'pramudyono hadi','1707',@CompanyId=2;
19/08/2021 10:41:22	SQL :EXEC GetUserTreeMenu 'pramudyono hadi','1708',@CompanyId=2;
19/08/2021 10:41:22	SQL :EXEC GetUserTreeMenu 'pramudyono hadi','1709',@CompanyId=2;
19/08/2021 10:41:22	SQL :EXEC GetUserTreeMenu 'pramudyono hadi','1710',@CompanyId=2;
19/08/2021 10:41:22	SQL :EXEC GetUserTreeMenu 'pramudyono hadi','1711',@CompanyId=2;
19/08/2021 10:41:22	SQL :EXEC GetUserTreeMenu 'pramudyono hadi','1712',@CompanyId=2;
19/08/2021 10:41:22	SQL :EXEC GetUserTreeMenu 'pramudyono hadi','1713',@CompanyId=2;
19/08/2021 10:41:22	SQL :EXEC GetUserTreeMenu 'pramudyono hadi','1714',@CompanyId=2;
19/08/2021 10:41:22	SQL :EXEC GetUserTreeMenu 'pramudyono hadi','1715',@CompanyId=2;
19/08/2021 10:41:22	SQL :EXEC GetUserTreeMenu 'pramudyono hadi','1716',@CompanyId=2;
19/08/2021 10:41:22	SQL :EXEC GetUserTreeMenu 'pramudyono hadi','1717',@CompanyId=2;
19/08/2021 10:41:22	SQL :EXEC GetUserSubMenu 'pramudyono hadi','18';
19/08/2021 10:41:22	SQL :EXEC GetUserTreeMenu 'pramudyono hadi','1801',@CompanyId=2;
19/08/2021 10:41:22	SQL :EXEC GetUserSubMenu 'pramudyono hadi','19';
19/08/2021 10:41:22	SQL :EXEC GetUserTreeMenu 'pramudyono hadi','1901',@CompanyId=2;
19/08/2021 10:41:22	SQL :EXEC GetUserTreeMenu 'pramudyono hadi','1902',@CompanyId=2;
19/08/2021 10:41:22	SQL :EXEC GetUserTreeMenu 'pramudyono hadi','1903',@CompanyId=2;
19/08/2021 10:41:22	SQL :EXEC GetUserTreeMenu 'pramudyono hadi','1904',@CompanyId=2;
19/08/2021 10:41:22	SQL :EXEC GetUserTreeMenu 'pramudyono hadi','1905',@CompanyId=2;
19/08/2021 10:41:22	SQL :EXEC GetUserTreeMenu 'pramudyono hadi','1906',@CompanyId=2;
19/08/2021 10:41:22	SQL :EXEC GetUserTreeMenu 'pramudyono hadi','1907',@CompanyId=2;
19/08/2021 10:41:22	SQL :EXEC GetUserTreeMenu 'pramudyono hadi','1908',@CompanyId=2;
19/08/2021 10:41:22	SQL :EXEC GetUserTreeMenu 'pramudyono hadi','1909',@CompanyId=2;
19/08/2021 10:41:22	SQL :EXEC GetUserTreeMenu 'pramudyono hadi','1910',@CompanyId=2;
19/08/2021 10:41:22	SQL :EXEC GetUserTreeMenu 'pramudyono hadi','1911',@CompanyId=2;
19/08/2021 10:41:22	SQL :EXEC GetUserTreeMenu 'pramudyono hadi','1912',@CompanyId=2;
19/08/2021 10:41:22	SQL :SELECT CONVERT(VARCHAR(8),GETDATE(),108) AS hour_minute;
19/08/2021 10:41:22	SQL :SELECT CONVERT(VARCHAR(10),GETDATE(),103) AS date_time;
19/08/2021 10:41:23	Loading Setting
19/08/2021 10:41:23	Open DB Connection
19/08/2021 10:41:23	SQL :SELECT * FROM wh_setting WHERE setting_name='Hold_Less_Deposit';
19/08/2021 10:41:23	SQL :SELECT * FROM wh_setting WHERE setting_name='Max_Less_Deposit';
19/08/2021 10:41:23	SQL :SELECT * FROM wh_setting WHERE setting_name='Dashboard_2';
19/08/2021 10:41:23	Finish Logging
19/08/2021 10:41:23	SQL :SELECT value_string FROM wh_setting WHERE (setting_name='Interval_CheckInDate') AND (active=1);
19/08/2021 10:41:23	SQL :SELECT value_string FROM wh_setting WHERE (setting_name='Interval_CheckInTime') AND (active=1);
19/08/2021 10:41:23	SQL :SELECT value_string FROM wh_setting WHERE (setting_name='ChatEnable') and (active=1);
19/08/2021 10:41:23	Message:Port Check
19/08/2021 10:41:23	Message:Open DB Connection
19/08/2021 10:41:23	SQL :EXEC GetMessage '01','pramudyono hadi';
19/08/2021 10:41:23	SQL :SELECT CONVERT(VARCHAR(8),GETDATE(),108) AS hour_minute;
19/08/2021 10:41:23	SQL :SELECT CONVERT(VARCHAR(10),GETDATE(),103) AS date_time;
19/08/2021 10:41:31	Open Menu :131901
19/08/2021 10:41:31	Open DB Connection
19/08/2021 10:41:31	SQL :EXEC AuthMenu 'pramudyono hadi',131901;
19/08/2021 10:41:31	Form Check :CheckListIntegrateHpp
