27/08/2021 09:22:53	Get Local Settings
27/08/2021 09:22:53	Start Change Local Settings
27/08/2021 09:22:53	Change short date format
27/08/2021 09:22:53	Change Long date format
27/08/2021 09:22:53	Finish Change Local Settings
27/08/2021 09:22:53	Registry Read: Path=SOFTWARE\WEHA\Aplikasi\3
27/08/2021 09:22:53	Registry Read/Write
27/08/2021 09:22:53	Registry Read: Path=SOFTWARE\WEHA\Aplikasi\3
27/08/2021 09:22:53	Create DB Object
27/08/2021 09:22:53	Init DB
27/08/2021 09:22:53	Finish Init DB
27/08/2021 09:22:53	Get File Version
27/08/2021 09:22:53	Change  Caption
27/08/2021 09:22:53	Init Shortkey
27/08/2021 09:22:57	Create DB Object
27/08/2021 09:22:57	Init DB
27/08/2021 09:22:57	Finish Init DB
27/08/2021 09:22:58	Update new version check
27/08/2021 09:22:58	Open DB Connection
27/08/2021 09:23:03	SQL :
27/08/2021 09:23:03	Update check version
27/08/2021 09:23:03	Open DB Connection
27/08/2021 09:23:03	SQL :SELECT version FROM wh_application WHERE application_id=(SELECT MAX(application_id) FROM wh_application);
27/08/2021 09:23:03	Start Login
27/08/2021 09:23:03	Open DB Connection
27/08/2021 09:23:03	SQL :EXEC AuthenticateUser 'pramudyono hadi','6f2b8366efa56f0c06dd6b31fcff8a73';
27/08/2021 09:23:04	SQL :INSERT INTO wh_log (user_id,app_date,app_version,app_version_svr,location_id,company_id,department_id,host_name,ip_address)  VALUES ('pramudyono hadi','27/08/2021','6.1.3.13','6.1.3.13',6,2,13,'DESKTOP-S1PD9OD','192.168.25.214');
27/08/2021 09:23:04	Open DB Connection
27/08/2021 09:23:04	SQL :EXEC GetUserMenu 'pramudyono hadi';
27/08/2021 09:23:04	SQL :EXEC GetUserSubMenu 'pramudyono hadi','11';
27/08/2021 09:23:04	SQL :EXEC GetUserTreeMenu 'pramudyono hadi','1101',@CompanyId=2;
27/08/2021 09:23:04	SQL :EXEC GetUserTreeMenu 'pramudyono hadi','1102',@CompanyId=2;
27/08/2021 09:23:04	SQL :EXEC GetUserTreeMenu 'pramudyono hadi','1103',@CompanyId=2;
27/08/2021 09:23:04	SQL :EXEC GetUserTreeMenu 'pramudyono hadi','1104',@CompanyId=2;
27/08/2021 09:23:04	SQL :EXEC GetUserTreeMenu 'pramudyono hadi','1105',@CompanyId=2;
27/08/2021 09:23:04	SQL :EXEC GetUserTreeMenu 'pramudyono hadi','1106',@CompanyId=2;
27/08/2021 09:23:04	SQL :EXEC GetUserTreeMenu 'pramudyono hadi','1107',@CompanyId=2;
27/08/2021 09:23:04	SQL :EXEC GetUserTreeMenu 'pramudyono hadi','1108',@CompanyId=2;
27/08/2021 09:23:04	SQL :EXEC GetUserTreeMenu 'pramudyono hadi','1109',@CompanyId=2;
27/08/2021 09:23:04	SQL :EXEC GetUserTreeMenu 'pramudyono hadi','1110',@CompanyId=2;
27/08/2021 09:23:04	SQL :EXEC GetUserTreeMenu 'pramudyono hadi','1111',@CompanyId=2;
27/08/2021 09:23:04	SQL :EXEC GetUserTreeMenu 'pramudyono hadi','1112',@CompanyId=2;
27/08/2021 09:23:04	SQL :EXEC GetUserTreeMenu 'pramudyono hadi','1113',@CompanyId=2;
27/08/2021 09:23:04	SQL :EXEC GetUserTreeMenu 'pramudyono hadi','1114',@CompanyId=2;
27/08/2021 09:23:04	SQL :EXEC GetUserTreeMenu 'pramudyono hadi','1115',@CompanyId=2;
27/08/2021 09:23:04	SQL :EXEC GetUserTreeMenu 'pramudyono hadi','1116',@CompanyId=2;
27/08/2021 09:23:04	SQL :EXEC GetUserTreeMenu 'pramudyono hadi','1117',@CompanyId=2;
27/08/2021 09:23:04	SQL :EXEC GetUserTreeMenu 'pramudyono hadi','1198',@CompanyId=2;
27/08/2021 09:23:04	SQL :EXEC GetUserTreeMenu 'pramudyono hadi','1199',@CompanyId=2;
27/08/2021 09:23:04	SQL :EXEC GetUserSubMenu 'pramudyono hadi','12';
27/08/2021 09:23:04	SQL :EXEC GetUserTreeMenu 'pramudyono hadi','1201',@CompanyId=2;
27/08/2021 09:23:04	SQL :EXEC GetUserTreeMenu 'pramudyono hadi','1202',@CompanyId=2;
27/08/2021 09:23:04	SQL :EXEC GetUserTreeMenu 'pramudyono hadi','1203',@CompanyId=2;
27/08/2021 09:23:04	SQL :EXEC GetUserTreeMenu 'pramudyono hadi','1204',@CompanyId=2;
27/08/2021 09:23:04	SQL :EXEC GetUserTreeMenu 'pramudyono hadi','1205',@CompanyId=2;
27/08/2021 09:23:04	SQL :EXEC GetUserTreeMenu 'pramudyono hadi','1206',@CompanyId=2;
27/08/2021 09:23:04	SQL :EXEC GetUserTreeMenu 'pramudyono hadi','1207',@CompanyId=2;
27/08/2021 09:23:04	SQL :EXEC GetUserSubMenu 'pramudyono hadi','13';
27/08/2021 09:23:04	SQL :EXEC GetUserTreeMenu 'pramudyono hadi','1301',@CompanyId=2;
27/08/2021 09:23:04	SQL :EXEC GetUserTreeMenu 'pramudyono hadi','1302',@CompanyId=2;
27/08/2021 09:23:04	SQL :EXEC GetUserTreeMenu 'pramudyono hadi','1303',@CompanyId=2;
27/08/2021 09:23:04	SQL :EXEC GetUserTreeMenu 'pramudyono hadi','1304',@CompanyId=2;
27/08/2021 09:23:05	SQL :EXEC GetUserTreeMenu 'pramudyono hadi','1305',@CompanyId=2;
27/08/2021 09:23:05	SQL :EXEC GetUserTreeMenu 'pramudyono hadi','1306',@CompanyId=2;
27/08/2021 09:23:05	SQL :EXEC GetUserTreeMenu 'pramudyono hadi','1307',@CompanyId=2;
27/08/2021 09:23:05	SQL :EXEC GetUserTreeMenu 'pramudyono hadi','1308',@CompanyId=2;
27/08/2021 09:23:05	SQL :EXEC GetUserTreeMenu 'pramudyono hadi','1309',@CompanyId=2;
27/08/2021 09:23:05	SQL :EXEC GetUserTreeMenu 'pramudyono hadi','1310',@CompanyId=2;
27/08/2021 09:23:05	SQL :EXEC GetUserTreeMenu 'pramudyono hadi','1311',@CompanyId=2;
27/08/2021 09:23:05	SQL :EXEC GetUserTreeMenu 'pramudyono hadi','1312',@CompanyId=2;
27/08/2021 09:23:05	SQL :EXEC GetUserTreeMenu 'pramudyono hadi','1313',@CompanyId=2;
27/08/2021 09:23:05	SQL :EXEC GetUserTreeMenu 'pramudyono hadi','1314',@CompanyId=2;
27/08/2021 09:23:05	SQL :EXEC GetUserTreeMenu 'pramudyono hadi','1315',@CompanyId=2;
27/08/2021 09:23:05	SQL :EXEC GetUserTreeMenu 'pramudyono hadi','1316',@CompanyId=2;
27/08/2021 09:23:05	SQL :EXEC GetUserTreeMenu 'pramudyono hadi','1317',@CompanyId=2;
27/08/2021 09:23:05	SQL :EXEC GetUserTreeMenu 'pramudyono hadi','1318',@CompanyId=2;
27/08/2021 09:23:05	SQL :EXEC GetUserTreeMenu 'pramudyono hadi','1319',@CompanyId=2;
27/08/2021 09:23:05	SQL :EXEC GetUserTreeMenu 'pramudyono hadi','1320',@CompanyId=2;
27/08/2021 09:23:05	SQL :EXEC GetUserTreeMenu 'pramudyono hadi','1321',@CompanyId=2;
27/08/2021 09:23:05	SQL :EXEC GetUserSubMenu 'pramudyono hadi','14';
27/08/2021 09:23:05	SQL :EXEC GetUserTreeMenu 'pramudyono hadi','1401',@CompanyId=2;
27/08/2021 09:23:05	SQL :EXEC GetUserTreeMenu 'pramudyono hadi','1402',@CompanyId=2;
27/08/2021 09:23:05	SQL :EXEC GetUserTreeMenu 'pramudyono hadi','1403',@CompanyId=2;
27/08/2021 09:23:05	SQL :EXEC GetUserTreeMenu 'pramudyono hadi','1404',@CompanyId=2;
27/08/2021 09:23:05	SQL :EXEC GetUserTreeMenu 'pramudyono hadi','1406',@CompanyId=2;
27/08/2021 09:23:05	SQL :EXEC GetUserTreeMenu 'pramudyono hadi','1408',@CompanyId=2;
27/08/2021 09:23:05	SQL :EXEC GetUserTreeMenu 'pramudyono hadi','1410',@CompanyId=2;
27/08/2021 09:23:05	SQL :EXEC GetUserTreeMenu 'pramudyono hadi','1411',@CompanyId=2;
27/08/2021 09:23:05	SQL :EXEC GetUserTreeMenu 'pramudyono hadi','1412',@CompanyId=2;
27/08/2021 09:23:05	SQL :EXEC GetUserTreeMenu 'pramudyono hadi','1413',@CompanyId=2;
27/08/2021 09:23:05	SQL :EXEC GetUserTreeMenu 'pramudyono hadi','1414',@CompanyId=2;
27/08/2021 09:23:05	SQL :EXEC GetUserSubMenu 'pramudyono hadi','15';
27/08/2021 09:23:05	SQL :EXEC GetUserTreeMenu 'pramudyono hadi','1501',@CompanyId=2;
27/08/2021 09:23:05	SQL :EXEC GetUserTreeMenu 'pramudyono hadi','1502',@CompanyId=2;
27/08/2021 09:23:05	SQL :EXEC GetUserTreeMenu 'pramudyono hadi','1503',@CompanyId=2;
27/08/2021 09:23:05	SQL :EXEC GetUserTreeMenu 'pramudyono hadi','1504',@CompanyId=2;
27/08/2021 09:23:05	SQL :EXEC GetUserTreeMenu 'pramudyono hadi','1505',@CompanyId=2;
27/08/2021 09:23:05	SQL :EXEC GetUserTreeMenu 'pramudyono hadi','1506',@CompanyId=2;
27/08/2021 09:23:05	SQL :EXEC GetUserTreeMenu 'pramudyono hadi','1507',@CompanyId=2;
27/08/2021 09:23:05	SQL :EXEC GetUserTreeMenu 'pramudyono hadi','1508',@CompanyId=2;
27/08/2021 09:23:05	SQL :EXEC GetUserTreeMenu 'pramudyono hadi','1509',@CompanyId=2;
27/08/2021 09:23:05	SQL :EXEC GetUserTreeMenu 'pramudyono hadi','1510',@CompanyId=2;
27/08/2021 09:23:05	SQL :EXEC GetUserTreeMenu 'pramudyono hadi','1511',@CompanyId=2;
27/08/2021 09:23:05	SQL :EXEC GetUserSubMenu 'pramudyono hadi','16';
27/08/2021 09:23:05	SQL :EXEC GetUserTreeMenu 'pramudyono hadi','1601',@CompanyId=2;
27/08/2021 09:23:05	SQL :EXEC GetUserTreeMenu 'pramudyono hadi','1602',@CompanyId=2;
27/08/2021 09:23:05	SQL :EXEC GetUserTreeMenu 'pramudyono hadi','1603',@CompanyId=2;
27/08/2021 09:23:05	SQL :EXEC GetUserTreeMenu 'pramudyono hadi','1604',@CompanyId=2;
27/08/2021 09:23:05	SQL :EXEC GetUserTreeMenu 'pramudyono hadi','1605',@CompanyId=2;
27/08/2021 09:23:05	SQL :EXEC GetUserTreeMenu 'pramudyono hadi','1606',@CompanyId=2;
27/08/2021 09:23:05	SQL :EXEC GetUserTreeMenu 'pramudyono hadi','1607',@CompanyId=2;
27/08/2021 09:23:05	SQL :EXEC GetUserTreeMenu 'pramudyono hadi','1608',@CompanyId=2;
27/08/2021 09:23:05	SQL :EXEC GetUserTreeMenu 'pramudyono hadi','1609',@CompanyId=2;
27/08/2021 09:23:05	SQL :EXEC GetUserTreeMenu 'pramudyono hadi','1610',@CompanyId=2;
27/08/2021 09:23:05	SQL :EXEC GetUserTreeMenu 'pramudyono hadi','1611',@CompanyId=2;
27/08/2021 09:23:05	SQL :EXEC GetUserTreeMenu 'pramudyono hadi','1612',@CompanyId=2;
27/08/2021 09:23:05	SQL :EXEC GetUserTreeMenu 'pramudyono hadi','1613',@CompanyId=2;
27/08/2021 09:23:05	SQL :EXEC GetUserTreeMenu 'pramudyono hadi','1614',@CompanyId=2;
27/08/2021 09:23:05	SQL :EXEC GetUserTreeMenu 'pramudyono hadi','1615',@CompanyId=2;
27/08/2021 09:23:05	SQL :EXEC GetUserTreeMenu 'pramudyono hadi','1616',@CompanyId=2;
27/08/2021 09:23:05	SQL :EXEC GetUserTreeMenu 'pramudyono hadi','1619',@CompanyId=2;
27/08/2021 09:23:05	SQL :EXEC GetUserTreeMenu 'pramudyono hadi','1620',@CompanyId=2;
27/08/2021 09:23:05	SQL :EXEC GetUserSubMenu 'pramudyono hadi','17';
27/08/2021 09:23:05	SQL :EXEC GetUserTreeMenu 'pramudyono hadi','1701',@CompanyId=2;
27/08/2021 09:23:05	SQL :EXEC GetUserTreeMenu 'pramudyono hadi','1702',@CompanyId=2;
27/08/2021 09:23:05	SQL :EXEC GetUserTreeMenu 'pramudyono hadi','1703',@CompanyId=2;
27/08/2021 09:23:05	SQL :EXEC GetUserTreeMenu 'pramudyono hadi','1704',@CompanyId=2;
27/08/2021 09:23:05	SQL :EXEC GetUserTreeMenu 'pramudyono hadi','1705',@CompanyId=2;
27/08/2021 09:23:05	SQL :EXEC GetUserTreeMenu 'pramudyono hadi','1706',@CompanyId=2;
27/08/2021 09:23:05	SQL :EXEC GetUserTreeMenu 'pramudyono hadi','1707',@CompanyId=2;
27/08/2021 09:23:05	SQL :EXEC GetUserTreeMenu 'pramudyono hadi','1708',@CompanyId=2;
27/08/2021 09:23:05	SQL :EXEC GetUserTreeMenu 'pramudyono hadi','1709',@CompanyId=2;
27/08/2021 09:23:05	SQL :EXEC GetUserTreeMenu 'pramudyono hadi','1710',@CompanyId=2;
27/08/2021 09:23:05	SQL :EXEC GetUserTreeMenu 'pramudyono hadi','1711',@CompanyId=2;
27/08/2021 09:23:05	SQL :EXEC GetUserTreeMenu 'pramudyono hadi','1712',@CompanyId=2;
27/08/2021 09:23:05	SQL :EXEC GetUserTreeMenu 'pramudyono hadi','1713',@CompanyId=2;
27/08/2021 09:23:05	SQL :EXEC GetUserTreeMenu 'pramudyono hadi','1714',@CompanyId=2;
27/08/2021 09:23:05	SQL :EXEC GetUserTreeMenu 'pramudyono hadi','1715',@CompanyId=2;
27/08/2021 09:23:05	SQL :EXEC GetUserTreeMenu 'pramudyono hadi','1716',@CompanyId=2;
27/08/2021 09:23:05	SQL :EXEC GetUserTreeMenu 'pramudyono hadi','1717',@CompanyId=2;
27/08/2021 09:23:05	SQL :EXEC GetUserSubMenu 'pramudyono hadi','18';
27/08/2021 09:23:05	SQL :EXEC GetUserTreeMenu 'pramudyono hadi','1801',@CompanyId=2;
27/08/2021 09:23:05	SQL :EXEC GetUserSubMenu 'pramudyono hadi','19';
27/08/2021 09:23:05	SQL :EXEC GetUserTreeMenu 'pramudyono hadi','1901',@CompanyId=2;
27/08/2021 09:23:05	SQL :EXEC GetUserTreeMenu 'pramudyono hadi','1902',@CompanyId=2;
27/08/2021 09:23:05	SQL :EXEC GetUserTreeMenu 'pramudyono hadi','1903',@CompanyId=2;
27/08/2021 09:23:05	SQL :EXEC GetUserTreeMenu 'pramudyono hadi','1904',@CompanyId=2;
27/08/2021 09:23:05	SQL :EXEC GetUserTreeMenu 'pramudyono hadi','1905',@CompanyId=2;
27/08/2021 09:23:05	SQL :EXEC GetUserTreeMenu 'pramudyono hadi','1906',@CompanyId=2;
27/08/2021 09:23:05	SQL :EXEC GetUserTreeMenu 'pramudyono hadi','1907',@CompanyId=2;
27/08/2021 09:23:05	SQL :EXEC GetUserTreeMenu 'pramudyono hadi','1908',@CompanyId=2;
27/08/2021 09:23:05	SQL :EXEC GetUserTreeMenu 'pramudyono hadi','1909',@CompanyId=2;
27/08/2021 09:23:05	SQL :EXEC GetUserTreeMenu 'pramudyono hadi','1910',@CompanyId=2;
27/08/2021 09:23:05	SQL :EXEC GetUserTreeMenu 'pramudyono hadi','1911',@CompanyId=2;
27/08/2021 09:23:05	SQL :EXEC GetUserTreeMenu 'pramudyono hadi','1912',@CompanyId=2;
27/08/2021 09:23:05	SQL :SELECT CONVERT(VARCHAR(8),GETDATE(),108) AS hour_minute;
27/08/2021 09:23:05	SQL :SELECT CONVERT(VARCHAR(10),GETDATE(),103) AS date_time;
27/08/2021 09:23:06	Loading Setting
27/08/2021 09:23:06	Open DB Connection
27/08/2021 09:23:06	SQL :SELECT * FROM wh_setting WHERE setting_name='Hold_Less_Deposit';
27/08/2021 09:23:06	SQL :SELECT * FROM wh_setting WHERE setting_name='Max_Less_Deposit';
27/08/2021 09:23:06	SQL :SELECT * FROM wh_setting WHERE setting_name='Dashboard_2';
27/08/2021 09:23:06	Finish Logging
27/08/2021 09:23:06	SQL :SELECT value_string FROM wh_setting WHERE (setting_name='Interval_CheckInDate') AND (active=1);
27/08/2021 09:23:06	SQL :SELECT value_string FROM wh_setting WHERE (setting_name='Interval_CheckInTime') AND (active=1);
27/08/2021 09:23:06	SQL :SELECT value_string FROM wh_setting WHERE (setting_name='ChatEnable') and (active=1);
27/08/2021 09:23:07	Message:Port Check
27/08/2021 09:23:07	Message:Open DB Connection
27/08/2021 09:23:07	SQL :EXEC GetMessage '01','pramudyono hadi';
27/08/2021 09:23:07	SQL :SELECT CONVERT(VARCHAR(8),GETDATE(),108) AS hour_minute;
27/08/2021 09:23:07	SQL :SELECT CONVERT(VARCHAR(10),GETDATE(),103) AS date_time;
27/08/2021 09:23:09	Open Menu :130130
27/08/2021 09:23:09	Open DB Connection
27/08/2021 09:23:09	SQL :EXEC AuthMenu 'pramudyono hadi',130130;
27/08/2021 09:23:09	Form Check :VehicleInsurance
27/08/2021 09:23:09	Form Open: VehicleList=Bus,FormRequest=
27/08/2021 09:23:09	Open DB Connection
27/08/2021 09:23:09	SQL :EXEC Ge27/08/2021 09:23:53	Get Local Settings
27/08/2021 09:23:53	Start Change Local Settings
27/08/2021 09:23:53	Change short date format
27/08/2021 09:23:53	Change Long date format
27/08/2021 09:23:53	Finish Change Local Settings
27/08/2021 09:23:53	Registry Read: Path=SOFTWARE\WEHA\Aplikasi\3
27/08/2021 09:23:53	Registry Read/Write
27/08/2021 09:23:53	Registry Read: Path=SOFTWARE\WEHA\Aplikasi\3
27/08/2021 09:23:53	Create DB Object
27/08/2021 09:23:53	Init DB
27/08/2021 09:23:53	Finish Init DB
27/08/2021 09:23:53	Get File Version
27/08/2021 09:23:53	Change  Caption
27/08/2021 09:23:53	Init Shortkey
27/08/2021 09:23:55	Create DB Object
27/08/2021 09:23:55	Init DB
27/08/2021 09:23:55	Finish Init DB
27/08/2021 09:23:56	Update new version check
27/08/2021 09:23:56	Open DB Connection
27/08/2021 09:24:01	SQL :
27/08/2021 09:24:01	Update check version
27/08/2021 09:24:01	Open DB Connection
27/08/2021 09:24:01	SQL :SELECT version FROM wh_application WHERE application_id=(SELECT MAX(application_id) FROM wh_application);
27/08/2021 09:24:01	Start Login
27/08/2021 09:24:01	Open DB Connection
27/08/2021 09:24:01	SQL :EXEC AuthenticateUser 'pramudyono hadi','6f2b8366efa56f0c06dd6b31fcff8a73';
27/08/2021 09:24:02	SQL :INSERT INTO wh_log (user_id,app_date,app_version,app_version_svr,location_id,company_id,department_id,host_name,ip_address)  VALUES ('pramudyono hadi','27/08/2021','6.1.3.13','6.1.3.13',6,2,13,'DESKTOP-S1PD9OD','192.168.25.214');
27/08/2021 09:24:02	Open DB Connection
27/08/2021 09:24:02	SQL :EXEC GetUserMenu 'pramudyono hadi';
27/08/2021 09:24:02	SQL :EXEC GetUserSubMenu 'pramudyono hadi','11';
27/08/2021 09:24:02	SQL :EXEC GetUserTreeMenu 'pramudyono hadi','1101',@CompanyId=2;
27/08/2021 09:24:02	SQL :EXEC GetUserTreeMenu 'pramudyono hadi','1102',@CompanyId=2;
27/08/2021 09:24:02	SQL :EXEC GetUserTreeMenu 'pramudyono hadi','1103',@CompanyId=2;
27/08/2021 09:24:02	SQL :EXEC GetUserTreeMenu 'pramudyono hadi','1104',@CompanyId=2;
27/08/2021 09:24:02	SQL :EXEC GetUserTreeMenu 'pramudyono hadi','1105',@CompanyId=2;
27/08/2021 09:24:02	SQL :EXEC GetUserTreeMenu 'pramudyono hadi','1106',@CompanyId=2;
27/08/2021 09:24:02	SQL :EXEC GetUserTreeMenu 'pramudyono hadi','1107',@CompanyId=2;
27/08/2021 09:24:02	SQL :EXEC GetUserTreeMenu 'pramudyono hadi','1108',@CompanyId=2;
27/08/2021 09:24:02	SQL :EXEC GetUserTreeMenu 'pramudyono hadi','1109',@CompanyId=2;
27/08/2021 09:24:02	SQL :EXEC GetUserTreeMenu 'pramudyono hadi','1110',@CompanyId=2;
27/08/2021 09:24:02	SQL :EXEC GetUserTreeMenu 'pramudyono hadi','1111',@CompanyId=2;
27/08/2021 09:24:02	SQL :EXEC GetUserTreeMenu 'pramudyono hadi','1112',@CompanyId=2;
27/08/2021 09:24:02	SQL :EXEC GetUserTreeMenu 'pramudyono hadi','1113',@CompanyId=2;
27/08/2021 09:24:02	SQL :EXEC GetUserTreeMenu 'pramudyono hadi','1114',@CompanyId=2;
27/08/2021 09:24:02	SQL :EXEC GetUserTreeMenu 'pramudyono hadi','1115',@CompanyId=2;
27/08/2021 09:24:02	SQL :EXEC GetUserTreeMenu 'pramudyono hadi','1116',@CompanyId=2;
27/08/2021 09:24:02	SQL :EXEC GetUserTreeMenu 'pramudyono hadi','1117',@CompanyId=2;
27/08/2021 09:24:02	SQL :EXEC GetUserTreeMenu 'pramudyono hadi','1198',@CompanyId=2;
27/08/2021 09:24:02	SQL :EXEC GetUserTreeMenu 'pramudyono hadi','1199',@CompanyId=2;
27/08/2021 09:24:02	SQL :EXEC GetUserSubMenu 'pramudyono hadi','12';
27/08/2021 09:24:02	SQL :EXEC GetUserTreeMenu 'pramudyono hadi','1201',@CompanyId=2;
27/08/2021 09:24:02	SQL :EXEC GetUserTreeMenu 'pramudyono hadi','1202',@CompanyId=2;
27/08/2021 09:24:02	SQL :EXEC GetUserTreeMenu 'pramudyono hadi','1203',@CompanyId=2;
27/08/2021 09:24:03	SQL :EXEC GetUserTreeMenu 'pramudyono hadi','1204',@CompanyId=2;
27/08/2021 09:24:03	SQL :EXEC GetUserTreeMenu 'pramudyono hadi','1205',@CompanyId=2;
27/08/2021 09:24:03	SQL :EXEC GetUserTreeMenu 'pramudyono hadi','1206',@CompanyId=2;
27/08/2021 09:24:03	SQL :EXEC GetUserTreeMenu 'pramudyono hadi','1207',@CompanyId=2;
27/08/2021 09:24:03	SQL :EXEC GetUserSubMenu 'pramudyono hadi','13';
27/08/2021 09:24:03	SQL :EXEC GetUserTreeMenu 'pramudyono hadi','1301',@CompanyId=2;
27/08/2021 09:24:03	SQL :EXEC GetUserTreeMenu 'pramudyono hadi','1302',@CompanyId=2;
27/08/2021 09:24:03	SQL :EXEC GetUserTreeMenu 'pramudyono hadi','1303',@CompanyId=2;
27/08/2021 09:24:03	SQL :EXEC GetUserTreeMenu 'pramudyono hadi','1304',@CompanyId=2;
27/08/2021 09:24:03	SQL :EXEC GetUserTreeMenu 'pramudyono hadi','1305',@CompanyId=2;
27/08/2021 09:24:03	SQL :EXEC GetUserTreeMenu 'pramudyono hadi','1306',@CompanyId=2;
27/08/2021 09:24:03	SQL :EXEC GetUserTreeMenu 'pramudyono hadi','1307',@CompanyId=2;
27/08/2021 09:24:03	SQL :EXEC GetUserTreeMenu 'pramudyono hadi','1308',@CompanyId=2;
27/08/2021 09:24:03	SQL :EXEC GetUserTreeMenu 'pramudyono hadi','1309',@CompanyId=2;
27/08/2021 09:24:03	SQL :EXEC GetUserTreeMenu 'pramudyono hadi','1310',@CompanyId=2;
27/08/2021 09:24:03	SQL :EXEC GetUserTreeMenu 'pramudyono hadi','1311',@CompanyId=2;
27/08/2021 09:24:03	SQL :EXEC GetUserTreeMenu 'pramudyono hadi','1312',@CompanyId=2;
27/08/2021 09:24:03	SQL :EXEC GetUserTreeMenu 'pramudyono hadi','1313',@CompanyId=2;
27/08/2021 09:24:03	SQL :EXEC GetUserTreeMenu 'pramudyono hadi','1314',@CompanyId=2;
27/08/2021 09:24:03	SQL :EXEC GetUserTreeMenu 'pramudyono hadi','1315',@CompanyId=2;
27/08/2021 09:24:03	SQL :EXEC GetUserTreeMenu 'pramudyono hadi','1316',@CompanyId=2;
27/08/2021 09:24:03	SQL :EXEC GetUserTreeMenu 'pramudyono hadi','1317',@CompanyId=2;
27/08/2021 09:24:03	SQL :EXEC GetUserTreeMenu 'pramudyono hadi','1318',@CompanyId=2;
27/08/2021 09:24:03	SQL :EXEC GetUserTreeMenu 'pramudyono hadi','1319',@CompanyId=2;
27/08/2021 09:24:03	SQL :EXEC GetUserTreeMenu 'pramudyono hadi','1320',@CompanyId=2;
27/08/2021 09:24:03	SQL :EXEC GetUserTreeMenu 'pramudyono hadi','1321',@CompanyId=2;
27/08/2021 09:24:03	SQL :EXEC GetUserSubMenu 'pramudyono hadi','14';
27/08/2021 09:24:03	SQL :EXEC GetUserTreeMenu 'pramudyono hadi','1401',@CompanyId=2;
27/08/2021 09:24:03	SQL :EXEC GetUserTreeMenu 'pramudyono hadi','1402',@CompanyId=2;
27/08/2021 09:24:03	SQL :EXEC GetUserTreeMenu 'pramudyono hadi','1403',@CompanyId=2;
27/08/2021 09:24:03	SQL :EXEC GetUserTreeMenu 'pramudyono hadi','1404',@CompanyId=2;
27/08/2021 09:24:03	SQL :EXEC GetUserTreeMenu 'pramudyono hadi','1406',@CompanyId=2;
27/08/2021 09:24:03	SQL :EXEC GetUserTreeMenu 'pramudyono hadi','1408',@CompanyId=2;
27/08/2021 09:24:03	SQL :EXEC GetUserTreeMenu 'pramudyono hadi','1410',@CompanyId=2;
27/08/2021 09:24:03	SQL :EXEC GetUserTreeMenu 'pramudyono hadi','1411',@CompanyId=2;
27/08/2021 09:24:03	SQL :EXEC GetUserTreeMenu 'pramudyono hadi','1412',@CompanyId=2;
27/08/2021 09:24:03	SQL :EXEC GetUserTreeMenu 'pramudyono hadi','1413',@CompanyId=2;
27/08/2021 09:24:03	SQL :EXEC GetUserTreeMenu 'pramudyono hadi','1414',@CompanyId=2;
27/08/2021 09:24:03	SQL :EXEC GetUserSubMenu 'pramudyono hadi','15';
27/08/2021 09:24:03	SQL :EXEC GetUserTreeMenu 'pramudyono hadi','1501',@CompanyId=2;
27/08/2021 09:24:03	SQL :EXEC GetUserTreeMenu 'pramudyono hadi','1502',@CompanyId=2;
27/08/2021 09:24:03	SQL :EXEC GetUserTreeMenu 'pramudyono hadi','1503',@CompanyId=2;
27/08/2021 09:24:03	SQL :EXEC GetUserTreeMenu 'pramudyono hadi','1504',@CompanyId=2;
27/08/2021 09:24:03	SQL :EXEC GetUserTreeMenu 'pramudyono hadi','1505',@CompanyId=2;
27/08/2021 09:24:03	SQL :EXEC GetUserTreeMenu 'pramudyono hadi','1506',@CompanyId=2;
27/08/2021 09:24:03	SQL :EXEC GetUserTreeMenu 'pramudyono hadi','1507',@CompanyId=2;
27/08/2021 09:24:03	SQL :EXEC GetUserTreeMenu 'pramudyono hadi','1508',@CompanyId=2;
27/08/2021 09:24:03	SQL :EXEC GetUserTreeMenu 'pramudyono hadi','1509',@CompanyId=2;
27/08/2021 09:24:03	SQL :EXEC GetUserTreeMenu 'pramudyono hadi','1510',@CompanyId=2;
27/08/2021 09:24:03	SQL :EXEC GetUserTreeMenu 'pramudyono hadi','1511',@CompanyId=2;
27/08/2021 09:24:03	SQL :EXEC GetUserSubMenu 'pramudyono hadi','16';
27/08/2021 09:24:03	SQL :EXEC GetUserTreeMenu 'pramudyono hadi','1601',@CompanyId=2;
27/08/2021 09:24:03	SQL :EXEC GetUserTreeMenu 'pramudyono hadi','1602',@CompanyId=2;
27/08/2021 09:24:03	SQL :EXEC GetUserTreeMenu 'pramudyono hadi','1603',@CompanyId=2;
27/08/2021 09:24:03	SQL :EXEC GetUserTreeMenu 'pramudyono hadi','1604',@CompanyId=2;
27/08/2021 09:24:03	SQL :EXEC GetUserTreeMenu 'pramudyono hadi','1605',@CompanyId=2;
27/08/2021 09:24:03	SQL :EXEC GetUserTreeMenu 'pramudyono hadi','1606',@CompanyId=2;
27/08/2021 09:24:03	SQL :EXEC GetUserTreeMenu 'pramudyono hadi','1607',@CompanyId=2;
27/08/2021 09:24:03	SQL :EXEC GetUserTreeMenu 'pramudyono hadi','1608',@CompanyId=2;
27/08/2021 09:24:03	SQL :EXEC GetUserTreeMenu 'pramudyono hadi','1609',@CompanyId=2;
27/08/2021 09:24:03	SQL :EXEC GetUserTreeMenu 'pramudyono hadi','1610',@CompanyId=2;
27/08/2021 09:24:03	SQL :EXEC GetUserTreeMenu 'pramudyono hadi','1611',@CompanyId=2;
27/08/2021 09:24:03	SQL :EXEC GetUserTreeMenu 'pramudyono hadi','1612',@CompanyId=2;
27/08/2021 09:24:03	SQL :EXEC GetUserTreeMenu 'pramudyono hadi','1613',@CompanyId=2;
27/08/2021 09:24:03	SQL :EXEC GetUserTreeMenu 'pramudyono hadi','1614',@CompanyId=2;
27/08/2021 09:24:03	SQL :EXEC GetUserTreeMenu 'pramudyono hadi','1615',@CompanyId=2;
27/08/2021 09:24:03	SQL :EXEC GetUserTreeMenu 'pramudyono hadi','1616',@CompanyId=2;
27/08/2021 09:24:03	SQL :EXEC GetUserTreeMenu 'pramudyono hadi','1619',@CompanyId=2;
27/08/2021 09:24:03	SQL :EXEC GetUserTreeMenu 'pramudyono hadi','1620',@CompanyId=2;
27/08/2021 09:24:03	SQL :EXEC GetUserSubMenu 'pramudyono hadi','17';
27/08/2021 09:24:03	SQL :EXEC GetUserTreeMenu 'pramudyono hadi','1701',@CompanyId=2;
27/08/2021 09:24:03	SQL :EXEC GetUserTreeMenu 'pramudyono hadi','1702',@CompanyId=2;
27/08/2021 09:24:03	SQL :EXEC GetUserTreeMenu 'pramudyono hadi','1703',@CompanyId=2;
27/08/2021 09:24:03	SQL :EXEC GetUserTreeMenu 'pramudyono hadi','1704',@CompanyId=2;
27/08/2021 09:24:03	SQL :EXEC GetUserTreeMenu 'pramudyono hadi','1705',@CompanyId=2;
27/08/2021 09:24:03	SQL :EXEC GetUserTreeMenu 'pramudyono hadi','1706',@CompanyId=2;
27/08/2021 09:24:03	SQL :EXEC GetUserTreeMenu 'pramudyono hadi','1707',@CompanyId=2;
27/08/2021 09:24:03	SQL :EXEC GetUserTreeMenu 'pramudyono hadi','1708',@CompanyId=2;
27/08/2021 09:24:03	SQL :EXEC GetUserTreeMenu 'pramudyono hadi','1709',@CompanyId=2;
27/08/2021 09:24:03	SQL :EXEC GetUserTreeMenu 'pramudyono hadi','1710',@CompanyId=2;
27/08/2021 09:24:03	SQL :EXEC GetUserTreeMenu 'pramudyono hadi','1711',@CompanyId=2;
27/08/2021 09:24:03	SQL :EXEC GetUserTreeMenu 'pramudyono hadi','1712',@CompanyId=2;
27/08/2021 09:24:03	SQL :EXEC GetUserTreeMenu 'pramudyono hadi','1713',@CompanyId=2;
27/08/2021 09:24:03	SQL :EXEC GetUserTreeMenu 'pramudyono hadi','1714',@CompanyId=2;
27/08/2021 09:24:03	SQL :EXEC GetUserTreeMenu 'pramudyono hadi','1715',@CompanyId=2;
27/08/2021 09:24:03	SQL :EXEC GetUserTreeMenu 'pramudyono hadi','1716',@CompanyId=2;
27/08/2021 09:24:03	SQL :EXEC GetUserTreeMenu 'pramudyono hadi','1717',@CompanyId=2;
27/08/2021 09:24:03	SQL :EXEC GetUserSubMenu 'pramudyono hadi','18';
27/08/2021 09:24:03	SQL :EXEC GetUserTreeMenu 'pramudyono hadi','1801',@CompanyId=2;
27/08/2021 09:24:03	SQL :EXEC GetUserSubMenu 'pramudyono hadi','19';
27/08/2021 09:24:03	SQL :EXEC GetUserTreeMenu 'pramudyono hadi','1901',@CompanyId=2;
27/08/2021 09:24:03	SQL :EXEC GetUserTreeMenu 'pramudyono hadi','1902',@CompanyId=2;
27/08/2021 09:24:03	SQL :EXEC GetUserTreeMenu 'pramudyono hadi','1903',@CompanyId=2;
27/08/2021 09:24:03	SQL :EXEC GetUserTreeMenu 'pramudyono hadi','1904',@CompanyId=2;
27/08/2021 09:24:04	SQL :EXEC GetUserTreeMenu 'pramudyono hadi','1905',@CompanyId=2;
27/08/2021 09:24:04	SQL :EXEC GetUserTreeMenu 'pramudyono hadi','1906',@CompanyId=2;
27/08/2021 09:24:04	SQL :EXEC GetUserTreeMenu 'pramudyono hadi','1907',@CompanyId=2;
27/08/2021 09:24:04	SQL :EXEC GetUserTreeMenu 'pramudyono hadi','1908',@CompanyId=2;
27/08/2021 09:24:04	SQL :EXEC GetUserTreeMenu 'pramudyono hadi','1909',@CompanyId=2;
27/08/2021 09:24:04	SQL :EXEC GetUserTreeMenu 'pramudyono hadi','1910',@CompanyId=2;
27/08/2021 09:24:04	SQL :EXEC GetUserTreeMenu 'pramudyono hadi','1911',@CompanyId=2;
27/08/2021 09:24:04	SQL :EXEC GetUserTreeMenu 'pramudyono hadi','1912',@CompanyId=2;
27/08/2021 09:24:04	SQL :SELECT CONVERT(VARCHAR(8),GETDATE(),108) AS hour_minute;
27/08/2021 09:24:04	SQL :SELECT CONVERT(VARCHAR(10),GETDATE(),103) AS date_time;
27/08/2021 09:24:04	Loading Setting
27/08/2021 09:24:04	Open DB Connection
27/08/2021 09:24:04	SQL :SELECT * FROM wh_setting WHERE setting_name='Hold_Less_Deposit';
27/08/2021 09:24:04	SQL :SELECT * FROM wh_setting WHERE setting_name='Max_Less_Deposit';
27/08/2021 09:24:04	SQL :SELECT * FROM wh_setting WHERE setting_name='Dashboard_2';
27/08/2021 09:24:04	Finish Logging
27/08/2021 09:24:04	SQL :SELECT value_string FROM wh_setting WHERE (setting_name='Interval_CheckInDate') AND (active=1);
27/08/2021 09:24:04	SQL :SELECT value_string FROM wh_setting WHERE (setting_name='Interval_CheckInTime') AND (active=1);
27/08/2021 09:24:04	SQL :SELECT value_string FROM wh_setting WHERE (setting_name='ChatEnable') and (active=1);
27/08/2021 09:24:05	Message:Port Check
27/08/2021 09:24:05	Message:Open DB Connection
27/08/2021 09:24:05	SQL :EXEC GetMessage '01','pramudyono hadi';
27/08/2021 09:24:05	SQL :SELECT CONVERT(VARCHAR(8),GETDATE(),108) AS hour_minute;
27/08/2021 09:24:05	SQL :SELECT CONVERT(VARCHAR(10),GETDATE(),103) AS date_time;
27/08/2021 09:24:07	Open Menu :130130
27/08/2021 09:24:07	Open DB Connection
27/08/2021 09:24:07	SQL :EXEC AuthMenu 'pramudyono hadi',130130;
27/08/2021 09:24:07	Form Check :VehicleInsurance
27/08/2021 09:24:07	Form Open: VehicleList=Bus,FormRequest=
27/08/2021 09:24:07	Open DB Connection
27/08/2021 09:24:07	SQL :EXEC GetInsuranceIssuer
27/08/2021 09:24:07	SQL :EXEC GetCompanyLocationList
27/08/2021 09:24:21	Open Menu :130130
27/08/2021 09:24:21	Open DB Connection
27/08/2021 09:24:21	SQL :EXEC AuthMenu 'pramudyono hadi',130130;
27/08/2021 09:24:21	Form Check :VehicleInsurance
27/08/2021 09:24:21	Form Open: VehicleList=Bus,FormRequest=
27/08/2021 09:24:21	Open DB Connection
27/08/2021 09:2427/08/2021 09:25:25	Get Local Settings
27/08/2021 09:25:25	Start Change Local Settings
27/08/2021 09:25:25	Change short date format
27/08/2021 09:25:25	Change Long date format
27/08/2021 09:25:25	Finish Change Local Settings
27/08/2021 09:25:25	Registry Read: Path=SOFTWARE\WEHA\Aplikasi\3
27/08/2021 09:25:25	Registry Read/Write
27/08/2021 09:25:25	Registry Read: Path=SOFTWARE\WEHA\Aplikasi\3
27/08/2021 09:25:25	Create DB Object
27/08/2021 09:25:25	Init DB
27/08/2021 09:25:25	Finish Init DB
27/08/2021 09:25:25	Get File Version
27/08/2021 09:25:25	Change  Caption
27/08/2021 09:25:25	Init Shortkey
27/08/2021 09:25:30	Create DB Object
27/08/2021 09:25:30	Init DB
27/08/2021 09:25:30	Finish Init DB
27/08/2021 09:25:31	Update new version check
27/08/2021 09:25:31	Open DB Connection
27/08/2021 09:25:36	SQL :
27/08/2021 09:25:36	Update check version
27/08/2021 09:25:36	Open DB Connection
27/08/2021 09:25:36	SQL :SELECT version FROM wh_application WHERE application_id=(SELECT MAX(application_id) FROM wh_application);
27/08/2021 09:25:36	Start Login
27/08/2021 09:25:36	Open DB Connection
27/08/2021 09:25:36	SQL :EXEC AuthenticateUser 'pramudyono hadi','6f2b8366efa56f0c06dd6b31fcff8a73';
27/08/2021 09:25:37	SQL :INSERT INTO wh_log (user_id,app_date,app_version,app_version_svr,location_id,company_id,department_id,host_name,ip_address)  VALUES ('pramudyono hadi','27/08/2021','6.1.3.13','6.1.3.13',6,2,13,'DESKTOP-S1PD9OD','192.168.25.214');
27/08/2021 09:25:37	Open DB Connection
27/08/2021 09:25:37	SQL :EXEC GetUserMenu 'pramudyono hadi';
27/08/2021 09:25:37	SQL :EXEC GetUserSubMenu 'pramudyono hadi','11';
27/08/2021 09:25:37	SQL :EXEC GetUserTreeMenu 'pramudyono hadi','1101',@CompanyId=2;
27/08/2021 09:25:37	SQL :EXEC GetUserTreeMenu 'pramudyono hadi','1102',@CompanyId=2;
27/08/2021 09:25:37	SQL :EXEC GetUserTreeMenu 'pramudyono hadi','1103',@CompanyId=2;
27/08/2021 09:25:37	SQL :EXEC GetUserTreeMenu 'pramudyono hadi','1104',@CompanyId=2;
27/08/2021 09:25:37	SQL :EXEC GetUserTreeMenu 'pramudyono hadi','1105',@CompanyId=2;
27/08/2021 09:25:37	SQL :EXEC GetUserTreeMenu 'pramudyono hadi','1106',@CompanyId=2;
27/08/2021 09:25:37	SQL :EXEC GetUserTreeMenu 'pramudyono hadi','1107',@CompanyId=2;
27/08/2021 09:25:37	SQL :EXEC GetUserTreeMenu 'pramudyono hadi','1108',@CompanyId=2;
27/08/2021 09:25:37	SQL :EXEC GetUserTreeMenu 'pramudyono hadi','1109',@CompanyId=2;
27/08/2021 09:25:37	SQL :EXEC GetUserTreeMenu 'pramudyono hadi','1110',@CompanyId=2;
27/08/2021 09:25:37	SQL :EXEC GetUserTreeMenu 'pramudyono hadi','1111',@CompanyId=2;
27/08/2021 09:25:37	SQL :EXEC GetUserTreeMenu 'pramudyono hadi','1112',@CompanyId=2;
27/08/2021 09:25:37	SQL :EXEC GetUserTreeMenu 'pramudyono hadi','1113',@CompanyId=2;
27/08/2021 09:25:37	SQL :EXEC GetUserTreeMenu 'pramudyono hadi','1114',@CompanyId=2;
27/08/2021 09:25:37	SQL :EXEC GetUserTreeMenu 'pramudyono hadi','1115',@CompanyId=2;
27/08/2021 09:25:37	SQL :EXEC GetUserTreeMenu 'pramudyono hadi','1116',@CompanyId=2;
27/08/2021 09:25:37	SQL :EXEC GetUserTreeMenu 'pramudyono hadi','1117',@CompanyId=2;
27/08/2021 09:25:37	SQL :EXEC GetUserTreeMenu 'pramudyono hadi','1198',@CompanyId=2;
27/08/2021 09:25:37	SQL :EXEC GetUserTreeMenu 'pramudyono hadi','1199',@CompanyId=2;
27/08/2021 09:25:37	SQL :EXEC GetUserSubMenu 'pramudyono hadi','12';
27/08/2021 09:25:37	SQL :EXEC GetUserTreeMenu 'pramudyono hadi','1201',@CompanyId=2;
27/08/2021 09:25:37	SQL :EXEC GetUserTreeMenu 'pramudyono hadi','1202',@CompanyId=2;
27/08/2021 09:25:37	SQL :EXEC GetUserTreeMenu 'pramudyono hadi','1203',@CompanyId=2;
27/08/2021 09:25:37	SQL :EXEC GetUserTreeMenu 'pramudyono hadi','1204',@CompanyId=2;
27/08/2021 09:25:37	SQL :EXEC GetUserTreeMenu 'pramudyono hadi','1205',@CompanyId=2;
27/08/2021 09:25:37	SQL :EXEC GetUserTreeMenu 'pramudyono hadi','1206',@CompanyId=2;
27/08/2021 09:25:37	SQL :EXEC GetUserTreeMenu 'pramudyono hadi','1207',@CompanyId=2;
27/08/2021 09:25:37	SQL :EXEC GetUserSubMenu 'pramudyono hadi','13';
27/08/2021 09:25:37	SQL :EXEC GetUserTreeMenu 'pramudyono hadi','1301',@CompanyId=2;
27/08/2021 09:25:37	SQL :EXEC GetUserTreeMenu 'pramudyono hadi','1302',@CompanyId=2;
27/08/2021 09:25:37	SQL :EXEC GetUserTreeMenu 'pramudyono hadi','1303',@CompanyId=2;
27/08/2021 09:25:37	SQL :EXEC GetUserTreeMenu 'pramudyono hadi','1304',@CompanyId=2;
27/08/2021 09:25:37	SQL :EXEC GetUserTreeMenu 'pramudyono hadi','1305',@CompanyId=2;
27/08/2021 09:25:37	SQL :EXEC GetUserTreeMenu 'pramudyono hadi','1306',@CompanyId=2;
27/08/2021 09:25:37	SQL :EXEC GetUserTreeMenu 'pramudyono hadi','1307',@CompanyId=2;
27/08/2021 09:25:37	SQL :EXEC GetUserTreeMenu 'pramudyono hadi','1308',@CompanyId=2;
27/08/2021 09:25:37	SQL :EXEC GetUserTreeMenu 'pramudyono hadi','1309',@CompanyId=2;
27/08/2021 09:25:37	SQL :EXEC GetUserTreeMenu 'pramudyono hadi','1310',@CompanyId=2;
27/08/2021 09:25:37	SQL :EXEC GetUserTreeMenu 'pramudyono hadi','1311',@CompanyId=2;
27/08/2021 09:25:37	SQL :EXEC GetUserTreeMenu 'pramudyono hadi','1312',@CompanyId=2;
27/08/2021 09:25:37	SQL :EXEC GetUserTreeMenu 'pramudyono hadi','1313',@CompanyId=2;
27/08/2021 09:25:37	SQL :EXEC GetUserTreeMenu 'pramudyono hadi','1314',@CompanyId=2;
27/08/2021 09:25:37	SQL :EXEC GetUserTreeMenu 'pramudyono hadi','1315',@CompanyId=2;
27/08/2021 09:25:37	SQL :EXEC GetUserTreeMenu 'pramudyono hadi','1316',@CompanyId=2;
27/08/2021 09:25:37	SQL :EXEC GetUserTreeMenu 'pramudyono hadi','1317',@CompanyId=2;
27/08/2021 09:25:37	SQL :EXEC GetUserTreeMenu 'pramudyono hadi','1318',@CompanyId=2;
27/08/2021 09:25:37	SQL :EXEC GetUserTreeMenu 'pramudyono hadi','1319',@CompanyId=2;
27/08/2021 09:25:37	SQL :EXEC GetUserTreeMenu 'pramudyono hadi','1320',@CompanyId=2;
27/08/2021 09:25:37	SQL :EXEC GetUserTreeMenu 'pramudyono hadi','1321',@CompanyId=2;
27/08/2021 09:25:37	SQL :EXEC GetUserSubMenu 'pramudyono hadi','14';
27/08/2021 09:25:37	SQL :EXEC GetUserTreeMenu 'pramudyono hadi','1401',@CompanyId=2;
27/08/2021 09:25:38	SQL :EXEC GetUserTreeMenu 'pramudyono hadi','1402',@CompanyId=2;
27/08/2021 09:25:38	SQL :EXEC GetUserTreeMenu 'pramudyono hadi','1403',@CompanyId=2;
27/08/2021 09:25:38	SQL :EXEC GetUserTreeMenu 'pramudyono hadi','1404',@CompanyId=2;
27/08/2021 09:25:38	SQL :EXEC GetUserTreeMenu 'pramudyono hadi','1406',@CompanyId=2;
27/08/2021 09:25:38	SQL :EXEC GetUserTreeMenu 'pramudyono hadi','1408',@CompanyId=2;
27/08/2021 09:25:38	SQL :EXEC GetUserTreeMenu 'pramudyono hadi','1410',@CompanyId=2;
27/08/2021 09:25:38	SQL :EXEC GetUserTreeMenu 'pramudyono hadi','1411',@CompanyId=2;
27/08/2021 09:25:38	SQL :EXEC GetUserTreeMenu 'pramudyono hadi','1412',@CompanyId=2;
27/08/2021 09:25:38	SQL :EXEC GetUserTreeMenu 'pramudyono hadi','1413',@CompanyId=2;
27/08/2021 09:25:38	SQL :EXEC GetUserTreeMenu 'pramudyono hadi','1414',@CompanyId=2;
27/08/2021 09:25:38	SQL :EXEC GetUserSubMenu 'pramudyono hadi','15';
27/08/2021 09:25:38	SQL :EXEC GetUserTreeMenu 'pramudyono hadi','1501',@CompanyId=2;
27/08/2021 09:25:38	SQL :EXEC GetUserTreeMenu 'pramudyono hadi','1502',@CompanyId=2;
27/08/2021 09:25:38	SQL :EXEC GetUserTreeMenu 'pramudyono hadi','1503',@CompanyId=2;
27/08/2021 09:25:38	SQL :EXEC GetUserTreeMenu 'pramudyono hadi','1504',@CompanyId=2;
27/08/2021 09:25:38	SQL :EXEC GetUserTreeMenu 'pramudyono hadi','1505',@CompanyId=2;
27/08/2021 09:25:38	SQL :EXEC GetUserTreeMenu 'pramudyono hadi','1506',@CompanyId=2;
27/08/2021 09:25:38	SQL :EXEC GetUserTreeMenu 'pramudyono hadi','1507',@CompanyId=2;
27/08/2021 09:25:38	SQL :EXEC GetUserTreeMenu 'pramudyono hadi','1508',@CompanyId=2;
27/08/2021 09:25:38	SQL :EXEC GetUserTreeMenu 'pramudyono hadi','1509',@CompanyId=2;
27/08/2021 09:25:38	SQL :EXEC GetUserTreeMenu 'pramudyono hadi','1510',@CompanyId=2;
27/08/2021 09:25:38	SQL :EXEC GetUserTreeMenu 'pramudyono hadi','1511',@CompanyId=2;
27/08/2021 09:25:38	SQL :EXEC GetUserSubMenu 'pramudyono hadi','16';
27/08/2021 09:25:38	SQL :EXEC GetUserTreeMenu 'pramudyono hadi','1601',@CompanyId=2;
27/08/2021 09:25:38	SQL :EXEC GetUserTreeMenu 'pramudyono hadi','1602',@CompanyId=2;
27/08/2021 09:25:38	SQL :EXEC GetUserTreeMenu 'pramudyono hadi','1603',@CompanyId=2;
27/08/2021 09:25:38	SQL :EXEC GetUserTreeMenu 'pramudyono hadi','1604',@CompanyId=2;
27/08/2021 09:25:38	SQL :EXEC GetUserTreeMenu 'pramudyono hadi','1605',@CompanyId=2;
27/08/2021 09:25:38	SQL :EXEC GetUserTreeMenu 'pramudyono hadi','1606',@CompanyId=2;
27/08/2021 09:25:38	SQL :EXEC GetUserTreeMenu 'pramudyono hadi','1607',@CompanyId=2;
27/08/2021 09:25:38	SQL :EXEC GetUserTreeMenu 'pramudyono hadi','1608',@CompanyId=2;
27/08/2021 09:25:38	SQL :EXEC GetUserTreeMenu 'pramudyono hadi','1609',@CompanyId=2;
27/08/2021 09:25:38	SQL :EXEC GetUserTreeMenu 'pramudyono hadi','1610',@CompanyId=2;
27/08/2021 09:25:38	SQL :EXEC GetUserTreeMenu 'pramudyono hadi','1611',@CompanyId=2;
27/08/2021 09:25:38	SQL :EXEC GetUserTreeMenu 'pramudyono hadi','1612',@CompanyId=2;
27/08/2021 09:25:38	SQL :EXEC GetUserTreeMenu 'pramudyono hadi','1613',@CompanyId=2;
27/08/2021 09:25:38	SQL :EXEC GetUserTreeMenu 'pramudyono hadi','1614',@CompanyId=2;
27/08/2021 09:25:38	SQL :EXEC GetUserTreeMenu 'pramudyono hadi','1615',@CompanyId=2;
27/08/2021 09:25:38	SQL :EXEC GetUserTreeMenu 'pramudyono hadi','1616',@CompanyId=2;
27/08/2021 09:25:38	SQL :EXEC GetUserTreeMenu 'pramudyono hadi','1619',@CompanyId=2;
27/08/2021 09:25:38	SQL :EXEC GetUserTreeMenu 'pramudyono hadi','1620',@CompanyId=2;
27/08/2021 09:25:38	SQL :EXEC GetUserSubMenu 'pramudyono hadi','17';
27/08/2021 09:25:38	SQL :EXEC GetUserTreeMenu 'pramudyono hadi','1701',@CompanyId=2;
27/08/2021 09:25:38	SQL :EXEC GetUserTreeMenu 'pramudyono hadi','1702',@CompanyId=2;
27/08/2021 09:25:38	SQL :EXEC GetUserTreeMenu 'pramudyono hadi','1703',@CompanyId=2;
27/08/2021 09:25:38	SQL :EXEC GetUserTreeMenu 'pramudyono hadi','1704',@CompanyId=2;
27/08/2021 09:25:38	SQL :EXEC GetUserTreeMenu 'pramudyono hadi','1705',@CompanyId=2;
27/08/2021 09:25:38	SQL :EXEC GetUserTreeMenu 'pramudyono hadi','1706',@CompanyId=2;
27/08/2021 09:25:38	SQL :EXEC GetUserTreeMenu 'pramudyono hadi','1707',@CompanyId=2;
27/08/2021 09:25:38	SQL :EXEC GetUserTreeMenu 'pramudyono hadi','1708',@CompanyId=2;
27/08/2021 09:25:38	SQL :EXEC GetUserTreeMenu 'pramudyono hadi','1709',@CompanyId=2;
27/08/2021 09:25:38	SQL :EXEC GetUserTreeMenu 'pramudyono hadi','1710',@CompanyId=2;
27/08/2021 09:25:38	SQL :EXEC GetUserTreeMenu 'pramudyono hadi','1711',@CompanyId=2;
27/08/2021 09:25:38	SQL :EXEC GetUserTreeMenu 'pramudyono hadi','1712',@CompanyId=2;
27/08/2021 09:25:38	SQL :EXEC GetUserTreeMenu 'pramudyono hadi','1713',@CompanyId=2;
27/08/2021 09:25:38	SQL :EXEC GetUserTreeMenu 'pramudyono hadi','1714',@CompanyId=2;
27/08/2021 09:25:38	SQL :EXEC GetUserTreeMenu 'pramudyono hadi','1715',@CompanyId=2;
27/08/2021 09:25:38	SQL :EXEC GetUserTreeMenu 'pramudyono hadi','1716',@CompanyId=2;
27/08/2021 09:25:38	SQL :EXEC GetUserTreeMenu 'pramudyono hadi','1717',@CompanyId=2;
27/08/2021 09:25:38	SQL :EXEC GetUserSubMenu 'pramudyono hadi','18';
27/08/2021 09:25:38	SQL :EXEC GetUserTreeMenu 'pramudyono hadi','1801',@CompanyId=2;
27/08/2021 09:25:38	SQL :EXEC GetUserSubMenu 'pramudyono hadi','19';
27/08/2021 09:25:38	SQL :EXEC GetUserTreeMenu 'pramudyono hadi','1901',@CompanyId=2;
27/08/2021 09:25:38	SQL :EXEC GetUserTreeMenu 'pramudyono hadi','1902',@CompanyId=2;
27/08/2021 09:25:38	SQL :EXEC GetUserTreeMenu 'pramudyono hadi','1903',@CompanyId=2;
27/08/2021 09:25:38	SQL :EXEC GetUserTreeMenu 'pramudyono hadi','1904',@CompanyId=2;
27/08/2021 09:25:38	SQL :EXEC GetUserTreeMenu 'pramudyono hadi','1905',@CompanyId=2;
27/08/2021 09:25:38	SQL :EXEC GetUserTreeMenu 'pramudyono hadi','1906',@CompanyId=2;
27/08/2021 09:25:38	SQL :EXEC GetUserTreeMenu 'pramudyono hadi','1907',@CompanyId=2;
27/08/2021 09:25:38	SQL :EXEC GetUserTreeMenu 'pramudyono hadi','1908',@CompanyId=2;
27/08/2021 09:25:38	SQL :EXEC GetUserTreeMenu 'pramudyono hadi','1909',@CompanyId=2;
27/08/2021 09:25:38	SQL :EXEC GetUserTreeMenu 'pramudyono hadi','1910',@CompanyId=2;
27/08/2021 09:25:38	SQL :EXEC GetUserTreeMenu 'pramudyono hadi','1911',@CompanyId=2;
27/08/2021 09:25:38	SQL :EXEC GetUserTreeMenu 'pramudyono hadi','1912',@CompanyId=2;
27/08/2021 09:25:38	SQL :SELECT CONVERT(VARCHAR(8),GETDATE(),108) AS hour_minute;
27/08/2021 09:25:38	SQL :SELECT CONVERT(VARCHAR(10),GETDATE(),103) AS date_time;
27/08/2021 09:25:39	Loading Setting
27/08/2021 09:25:39	Open DB Connection
27/08/2021 09:25:39	SQL :SELECT * FROM wh_setting WHERE setting_name='Hold_Less_Deposit';
27/08/2021 09:25:39	SQL :SELECT * FROM wh_setting WHERE setting_name='Max_Less_Deposit';
27/08/2021 09:25:39	SQL :SELECT * FROM wh_setting WHERE setting_name='Dashboard_2';
27/08/2021 09:25:39	Finish Logging
27/08/2021 09:25:39	SQL :SELECT value_string FROM wh_setting WHERE (setting_name='Interval_CheckInDate') AND (active=1);
27/08/2021 09:25:39	SQL :SELECT value_string FROM wh_setting WHERE (setting_name='Interval_CheckInTime') AND (active=1);
27/08/2021 09:25:39	SQL :SELECT value_string FROM wh_setting WHERE (setting_name='ChatEnable') and (active=1);
27/08/2021 09:25:39	Message:Port Check
27/08/2021 09:25:39	Message:Open DB Connection
27/08/2021 09:25:39	SQL :EXEC GetMessage '01','pramudyono hadi';
27/08/2021 09:25:39	SQL :SELECT CONVERT(VARCHAR(8),GETDATE(),108) AS hour_minute;
27/08/2021 09:25:39	SQL :SELECT CONVERT(VARCHAR(10),GETDATE(),103) AS date_time;
27/08/2021 09:25:43	Open Menu :130130
27/08/2021 09:25:43	Open DB Connection
27/08/2021 09:25:43	SQL :EXEC AuthMenu 'pramudyono hadi',130130;
27/08/2021 09:25:43	Form Check :VehicleInsurance
27/08/2021 09:25:43	Form Open: VehicleList=Bus,FormRequest=
27/08/2021 09:25:44	Open DB Connection
27/08/2021 09:25:46	SQL :EXEC GetInsuranceIssuer
27/08/2021 09:25:53	SQL :EXEC GetCompanyLocationList
27/08/2021 09:25:58	Open DB Connection
27/08/2021 09:25:58	SQL :EXEC GetVhcList 6,0,@CompanyId=2;
27/08/2021 09:28:17	Open DB Connection
27/08/2021 09:28:34	Open Menu :130132
27/08/2021 09:28:34	Open DB Connection
27/08/2021 09:28:34	SQL :EXEC AuthMenu 'pramudyono hadi',130132;
27/08/2021 09:28:34	Form Check :VehicleInsuranceList
27/08/2021 09:34:17	Get Local Settings
27/08/2021 09:34:17	Start Change Local Settings
27/08/2021 09:34:17	Change short date format
27/08/2021 09:34:17	Change Long date format
27/08/2021 09:34:17	Finish Change Local Settings
27/08/2021 09:34:17	Registry Read: Path=SOFTWARE\WEHA\Aplikasi\3
27/08/2021 09:34:17	Registry Read/Write
27/08/2021 09:34:17	Registry Read: Path=SOFTWARE\WEHA\Aplikasi\3
27/08/2021 09:34:17	Create DB Object
27/08/2021 09:34:17	Init DB
27/08/2021 09:34:17	Finish Init DB
27/08/2021 09:34:17	Get File Version
27/08/2021 09:34:17	Change  Caption
27/08/2021 09:34:17	Init Shortkey
27/08/2021 09:34:19	Create DB Object
27/08/2021 09:34:19	Init DB
27/08/2021 09:34:19	Finish Init DB
27/08/2021 09:34:20	Update new version check
27/08/2021 09:34:20	Open DB Connection
27/08/2021 09:34:24	SQL :
27/08/2021 09:34:25	Update check version
27/08/2021 09:34:25	Open DB Connection
27/08/2021 09:34:25	SQL :SELECT version FROM wh_application WHERE application_id=(SELECT MAX(application_id) FROM wh_application);
27/08/2021 09:34:25	Start Login
27/08/2021 09:34:25	Open DB Connection
27/08/2021 09:34:25	SQL :EXEC AuthenticateUser 'pramudyono hadi','6f2b8366efa56f0c06dd6b31fcff8a73';
27/08/2021 09:34:26	SQL :INSERT INTO wh_log (user_id,app_date,app_version,app_version_svr,location_id,company_id,department_id,host_name,ip_address)  VALUES ('pramudyono hadi','27/08/2021','6.1.3.13','6.1.3.13',6,2,13,'DESKTOP-S1PD9OD','192.168.25.214');
27/08/2021 09:34:26	Open DB Connection
27/08/2021 09:34:26	SQL :EXEC GetUserMenu 'pramudyono hadi';
27/08/2021 09:34:26	SQL :EXEC GetUserSubMenu 'pramudyono hadi','11';
27/08/2021 09:34:26	SQL :EXEC GetUserTreeMenu 'pramudyono hadi','1101',@CompanyId=2;
27/08/2021 09:34:26	SQL :EXEC GetUserTreeMenu 'pramudyono hadi','1102',@CompanyId=2;
27/08/2021 09:34:26	SQL :EXEC GetUserTreeMenu 'pramudyono hadi','1103',@CompanyId=2;
27/08/2021 09:34:26	SQL :EXEC GetUserTreeMenu 'pramudyono hadi','1104',@CompanyId=2;
27/08/2021 09:34:26	SQL :EXEC GetUserTreeMenu 'pramudyono hadi','1105',@CompanyId=2;
27/08/2021 09:34:26	SQL :EXEC GetUserTreeMenu 'pramudyono hadi','1106',@CompanyId=2;
27/08/2021 09:34:26	SQL :EXEC GetUserTreeMenu 'pramudyono hadi','1107',@CompanyId=2;
27/08/2021 09:34:26	SQL :EXEC GetUserTreeMenu 'pramudyono hadi','1108',@CompanyId=2;
27/08/2021 09:34:26	SQL :EXEC GetUserTreeMenu 'pramudyono hadi','1109',@CompanyId=2;
27/08/2021 09:34:26	SQL :EXEC GetUserTreeMenu 'pramudyono hadi','1110',@CompanyId=2;
27/08/2021 09:34:26	SQL :EXEC GetUserTreeMenu 'pramudyono hadi','1111',@CompanyId=2;
27/08/2021 09:34:26	SQL :EXEC GetUserTreeMenu 'pramudyono hadi','1112',@CompanyId=2;
27/08/2021 09:34:26	SQL :EXEC GetUserTreeMenu 'pramudyono hadi','1113',@CompanyId=2;
27/08/2021 09:34:26	SQL :EXEC GetUserTreeMenu 'pramudyono hadi','1114',@CompanyId=2;
27/08/2021 09:34:26	SQL :EXEC GetUserTreeMenu 'pramudyono hadi','1115',@CompanyId=2;
27/08/2021 09:34:26	SQL :EXEC GetUserTreeMenu 'pramudyono hadi','1116',@CompanyId=2;
27/08/2021 09:34:26	SQL :EXEC GetUserTreeMenu 'pramudyono hadi','1117',@CompanyId=2;
27/08/2021 09:34:26	SQL :EXEC GetUserTreeMenu 'pramudyono hadi','1198',@CompanyId=2;
27/08/2021 09:34:26	SQL :EXEC GetUserTreeMenu 'pramudyono hadi','1199',@CompanyId=2;
27/08/2021 09:34:26	SQL :EXEC GetUserSubMenu 'pramudyono hadi','12';
27/08/2021 09:34:26	SQL :EXEC GetUserTreeMenu 'pramudyono hadi','1201',@CompanyId=2;
27/08/2021 09:34:26	SQL :EXEC GetUserTreeMenu 'pramudyono hadi','1202',@CompanyId=2;
27/08/2021 09:34:26	SQL :EXEC GetUserTreeMenu 'pramudyono hadi','1203',@CompanyId=2;
27/08/2021 09:34:26	SQL :EXEC GetUserTreeMenu 'pramudyono hadi','1204',@CompanyId=2;
27/08/2021 09:34:26	SQL :EXEC GetUserTreeMenu 'pramudyono hadi','1205',@CompanyId=2;
27/08/2021 09:34:26	SQL :EXEC GetUserTreeMenu 'pramudyono hadi','1206',@CompanyId=2;
27/08/2021 09:34:26	SQL :EXEC GetUserTreeMenu 'pramudyono hadi','1207',@CompanyId=2;
27/08/2021 09:34:26	SQL :EXEC GetUserSubMenu 'pramudyono hadi','13';
27/08/2021 09:34:26	SQL :EXEC GetUserTreeMenu 'pramudyono hadi','1301',@CompanyId=2;
27/08/2021 09:34:26	SQL :EXEC GetUserTreeMenu 'pramudyono hadi','1302',@CompanyId=2;
27/08/2021 09:34:26	SQL :EXEC GetUserTreeMenu 'pramudyono hadi','1303',@CompanyId=2;
27/08/2021 09:34:26	SQL :EXEC GetUserTreeMenu 'pramudyono hadi','1304',@CompanyId=2;
27/08/2021 09:34:26	SQL :EXEC GetUserTreeMenu 'pramudyono hadi','1305',@CompanyId=2;
27/08/2021 09:34:26	SQL :EXEC GetUserTreeMenu 'pramudyono hadi','1306',@CompanyId=2;
27/08/2021 09:34:26	SQL :EXEC GetUserTreeMenu 'pramudyono hadi','1307',@CompanyId=2;
27/08/2021 09:34:26	SQL :EXEC GetUserTreeMenu 'pramudyono hadi','1308',@CompanyId=2;
27/08/2021 09:34:26	SQL :EXEC GetUserTreeMenu 'pramudyono hadi','1309',@CompanyId=2;
27/08/2021 09:34:26	SQL :EXEC GetUserTreeMenu 'pramudyono hadi','1310',@CompanyId=2;
27/08/2021 09:34:26	SQL :EXEC GetUserTreeMenu 'pramudyono hadi','1311',@CompanyId=2;
27/08/2021 09:34:26	SQL :EXEC GetUserTreeMenu 'pramudyono hadi','1312',@CompanyId=2;
27/08/2021 09:34:26	SQL :EXEC GetUserTreeMenu 'pramudyono hadi','1313',@CompanyId=2;
27/08/2021 09:34:26	SQL :EXEC GetUserTreeMenu 'pramudyono hadi','1314',@CompanyId=2;
27/08/2021 09:34:26	SQL :EXEC GetUserTreeMenu 'pramudyono hadi','1315',@CompanyId=2;
27/08/2021 09:34:26	SQL :EXEC GetUserTreeMenu 'pramudyono hadi','1316',@CompanyId=2;
27/08/2021 09:34:26	SQL :EXEC GetUserTreeMenu 'pramudyono hadi','1317',@CompanyId=2;
27/08/2021 09:34:26	SQL :EXEC GetUserTreeMenu 'pramudyono hadi','1318',@CompanyId=2;
27/08/2021 09:34:26	SQL :EXEC GetUserTreeMenu 'pramudyono hadi','1319',@CompanyId=2;
27/08/2021 09:34:26	SQL :EXEC GetUserTreeMenu 'pramudyono hadi','1320',@CompanyId=2;
27/08/2021 09:34:26	SQL :EXEC GetUserTreeMenu 'pramudyono hadi','1321',@CompanyId=2;
27/08/2021 09:34:26	SQL :EXEC GetUserSubMenu 'pramudyono hadi','14';
27/08/2021 09:34:27	SQL :EXEC GetUserTreeMenu 'pramudyono hadi','1401',@CompanyId=2;
27/08/2021 09:34:27	SQL :EXEC GetUserTreeMenu 'pramudyono hadi','1402',@CompanyId=2;
27/08/2021 09:34:27	SQL :EXEC GetUserTreeMenu 'pramudyono hadi','1403',@CompanyId=2;
27/08/2021 09:34:27	SQL :EXEC GetUserTreeMenu 'pramudyono hadi','1404',@CompanyId=2;
27/08/2021 09:34:27	SQL :EXEC GetUserTreeMenu 'pramudyono hadi','1406',@CompanyId=2;
27/08/2021 09:34:27	SQL :EXEC GetUserTreeMenu 'pramudyono hadi','1408',@CompanyId=2;
27/08/2021 09:34:27	SQL :EXEC GetUserTreeMenu 'pramudyono hadi','1410',@CompanyId=2;
27/08/2021 09:34:27	SQL :EXEC GetUserTreeMenu 'pramudyono hadi','1411',@CompanyId=2;
27/08/2021 09:34:27	SQL :EXEC GetUserTreeMenu 'pramudyono hadi','1412',@CompanyId=2;
27/08/2021 09:34:27	SQL :EXEC GetUserTreeMenu 'pramudyono hadi','1413',@CompanyId=2;
27/08/2021 09:34:27	SQL :EXEC GetUserTreeMenu 'pramudyono hadi','1414',@CompanyId=2;
27/08/2021 09:34:27	SQL :EXEC GetUserSubMenu 'pramudyono hadi','15';
27/08/2021 09:34:27	SQL :EXEC GetUserTreeMenu 'pramudyono hadi','1501',@CompanyId=2;
27/08/2021 09:34:27	SQL :EXEC GetUserTreeMenu 'pramudyono hadi','1502',@CompanyId=2;
27/08/2021 09:34:27	SQL :EXEC GetUserTreeMenu 'pramudyono hadi','1503',@CompanyId=2;
27/08/2021 09:34:27	SQL :EXEC GetUserTreeMenu 'pramudyono hadi','1504',@CompanyId=2;
27/08/2021 09:34:27	SQL :EXEC GetUserTreeMenu 'pramudyono hadi','1505',@CompanyId=2;
27/08/2021 09:34:27	SQL :EXEC GetUserTreeMenu 'pramudyono hadi','1506',@CompanyId=2;
27/08/2021 09:34:27	SQL :EXEC GetUserTreeMenu 'pramudyono hadi','1507',@CompanyId=2;
27/08/2021 09:34:27	SQL :EXEC GetUserTreeMenu 'pramudyono hadi','1508',@CompanyId=2;
27/08/2021 09:34:27	SQL :EXEC GetUserTreeMenu 'pramudyono hadi','1509',@CompanyId=2;
27/08/2021 09:34:27	SQL :EXEC GetUserTreeMenu 'pramudyono hadi','1510',@CompanyId=2;
27/08/2021 09:34:27	SQL :EXEC GetUserTreeMenu 'pramudyono hadi','1511',@CompanyId=2;
27/08/2021 09:34:27	SQL :EXEC GetUserSubMenu 'pramudyono hadi','16';
27/08/2021 09:34:27	SQL :EXEC GetUserTreeMenu 'pramudyono hadi','1601',@CompanyId=2;
27/08/2021 09:34:27	SQL :EXEC GetUserTreeMenu 'pramudyono hadi','1602',@CompanyId=2;
27/08/2021 09:34:27	SQL :EXEC GetUserTreeMenu 'pramudyono hadi','1603',@CompanyId=2;
27/08/2021 09:34:27	SQL :EXEC GetUserTreeMenu 'pramudyono hadi','1604',@CompanyId=2;
27/08/2021 09:34:27	SQL :EXEC GetUserTreeMenu 'pramudyono hadi','1605',@CompanyId=2;
27/08/2021 09:34:27	SQL :EXEC GetUserTreeMenu 'pramudyono hadi','1606',@CompanyId=2;
27/08/2021 09:34:27	SQL :EXEC GetUserTreeMenu 'pramudyono hadi','1607',@CompanyId=2;
27/08/2021 09:34:27	SQL :EXEC GetUserTreeMenu 'pramudyono hadi','1608',@CompanyId=2;
27/08/2021 09:34:27	SQL :EXEC GetUserTreeMenu 'pramudyono hadi','1609',@CompanyId=2;
27/08/2021 09:34:27	SQL :EXEC GetUserTreeMenu 'pramudyono hadi','1610',@CompanyId=2;
27/08/2021 09:34:27	SQL :EXEC GetUserTreeMenu 'pramudyono hadi','1611',@CompanyId=2;
27/08/2021 09:34:27	SQL :EXEC GetUserTreeMenu 'pramudyono hadi','1612',@CompanyId=2;
27/08/2021 09:34:27	SQL :EXEC GetUserTreeMenu 'pramudyono hadi','1613',@CompanyId=2;
27/08/2021 09:34:27	SQL :EXEC GetUserTreeMenu 'pramudyono hadi','1614',@CompanyId=2;
27/08/2021 09:34:27	SQL :EXEC GetUserTreeMenu 'pramudyono hadi','1615',@CompanyId=2;
27/08/2021 09:34:27	SQL :EXEC GetUserTreeMenu 'pramudyono hadi','1616',@CompanyId=2;
27/08/2021 09:34:27	SQL :EXEC GetUserTreeMenu 'pramudyono hadi','1619',@CompanyId=2;
27/08/2021 09:34:27	SQL :EXEC GetUserTreeMenu 'pramudyono hadi','1620',@CompanyId=2;
27/08/2021 09:34:27	SQL :EXEC GetUserSubMenu 'pramudyono hadi','17';
27/08/2021 09:34:27	SQL :EXEC GetUserTreeMenu 'pramudyono hadi','1701',@CompanyId=2;
27/08/2021 09:34:27	SQL :EXEC GetUserTreeMenu 'pramudyono hadi','1702',@CompanyId=2;
27/08/2021 09:34:27	SQL :EXEC GetUserTreeMenu 'pramudyono hadi','1703',@CompanyId=2;
27/08/2021 09:34:27	SQL :EXEC GetUserTreeMenu 'pramudyono hadi','1704',@CompanyId=2;
27/08/2021 09:34:27	SQL :EXEC GetUserTreeMenu 'pramudyono hadi','1705',@CompanyId=2;
27/08/2021 09:34:27	SQL :EXEC GetUserTreeMenu 'pramudyono hadi','1706',@CompanyId=2;
27/08/2021 09:34:27	SQL :EXEC GetUserTreeMenu 'pramudyono hadi','1707',@CompanyId=2;
27/08/2021 09:34:27	SQL :EXEC GetUserTreeMenu 'pramudyono hadi','1708',@CompanyId=2;
27/08/2021 09:34:27	SQL :EXEC GetUserTreeMenu 'pramudyono hadi','1709',@CompanyId=2;
27/08/2021 09:34:27	SQL :EXEC GetUserTreeMenu 'pramudyono hadi','1710',@CompanyId=2;
27/08/2021 09:34:27	SQL :EXEC GetUserTreeMenu 'pramudyono hadi','1711',@CompanyId=2;
27/08/2021 09:34:27	SQL :EXEC GetUserTreeMenu 'pramudyono hadi','1712',@CompanyId=2;
27/08/2021 09:34:27	SQL :EXEC GetUserTreeMenu 'pramudyono hadi','1713',@CompanyId=2;
27/08/2021 09:34:27	SQL :EXEC GetUserTreeMenu 'pramudyono hadi','1714',@CompanyId=2;
27/08/2021 09:34:27	SQL :EXEC GetUserTreeMenu 'pramudyono hadi','1715',@CompanyId=2;
27/08/2021 09:34:27	SQL :EXEC GetUserTreeMenu 'pramudyono hadi','1716',@CompanyId=2;
27/08/2021 09:34:27	SQL :EXEC GetUserTreeMenu 'pramudyono hadi','1717',@CompanyId=2;
27/08/2021 09:34:27	SQL :EXEC GetUserSubMenu 'pramudyono hadi','18';
27/08/2021 09:34:27	SQL :EXEC GetUserTreeMenu 'pramudyono hadi','1801',@CompanyId=2;
27/08/2021 09:34:27	SQL :EXEC GetUserSubMenu 'pramudyono hadi','19';
27/08/2021 09:34:27	SQL :EXEC GetUserTreeMenu 'pramudyono hadi','1901',@CompanyId=2;
27/08/2021 09:34:27	SQL :EXEC GetUserTreeMenu 'pramudyono hadi','1902',@CompanyId=2;
27/08/2021 09:34:27	SQL :EXEC GetUserTreeMenu 'pramudyono hadi','1903',@CompanyId=2;
27/08/2021 09:34:27	SQL :EXEC GetUserTreeMenu 'pramudyono hadi','1904',@CompanyId=2;
27/08/2021 09:34:27	SQL :EXEC GetUserTreeMenu 'pramudyono hadi','1905',@CompanyId=2;
27/08/2021 09:34:27	SQL :EXEC GetUserTreeMenu 'pramudyono hadi','1906',@CompanyId=2;
27/08/2021 09:34:27	SQL :EXEC GetUserTreeMenu 'pramudyono hadi','1907',@CompanyId=2;
27/08/2021 09:34:27	SQL :EXEC GetUserTreeMenu 'pramudyono hadi','1908',@CompanyId=2;
27/08/2021 09:34:27	SQL :EXEC GetUserTreeMenu 'pramudyono hadi','1909',@CompanyId=2;
27/08/2021 09:34:27	SQL :EXEC GetUserTreeMenu 'pramudyono hadi','1910',@CompanyId=2;
27/08/2021 09:34:27	SQL :EXEC GetUserTreeMenu 'pramudyono hadi','1911',@CompanyId=2;
27/08/2021 09:34:27	SQL :EXEC GetUserTreeMenu 'pramudyono hadi','1912',@CompanyId=2;
27/08/2021 09:34:27	SQL :SELECT CONVERT(VARCHAR(8),GETDATE(),108) AS hour_minute;
27/08/2021 09:34:27	SQL :SELECT CONVERT(VARCHAR(10),GETDATE(),103) AS date_time;
27/08/2021 09:34:28	Loading Setting
27/08/2021 09:34:28	Open DB Connection
27/08/2021 09:34:28	SQL :SELECT * FROM wh_setting WHERE setting_name='Hold_Less_Deposit';
27/08/2021 09:34:28	SQL :SELECT * FROM wh_setting WHERE setting_name='Max_Less_Deposit';
27/08/2021 09:34:28	SQL :SELECT * FROM wh_setting WHERE setting_name='Dashboard_2';
27/08/2021 09:34:28	Finish Logging
27/08/2021 09:34:28	SQL :SELECT value_string FROM wh_setting WHERE (setting_name='Interval_CheckInDate') AND (active=1);
27/08/2021 09:34:28	SQL :SELECT value_string FROM wh_setting WHERE (setting_name='Interval_CheckInTime') AND (active=1);
27/08/2021 09:34:28	SQL :SELECT value_string FROM wh_setting WHERE (setting_name='ChatEnable') and (active=1);
27/08/2021 09:34:28	Message:Port Check
27/08/2021 09:34:28	Message:Open DB Connection
27/08/2021 09:34:28	SQL :EXEC GetMessage '01','pramudyono hadi';
27/08/2021 09:34:28	SQL :SELECT CONVERT(VARCHAR(8),GETDATE(),108) AS hour_minute;
27/08/2021 09:34:28	SQL :SELECT CONVERT(VARCHAR(10),GETDATE(),103) AS date_time;
27/08/2021 09:34:31	Open Menu :130130
27/08/2021 09:34:31	Open DB Connection
27/08/2021 09:34:31	SQL :EXEC AuthMenu 'pramudyono hadi',130130;
27/08/2021 09:34:31	Form Check :VehicleInsurance
27/08/2021 09:34:31	Form Open: VehicleList=Bus,FormRequest=
27/08/2021 09:34:31	Open DB Connection
27/08/2021 09:34:33	SQL :EXEC GetInsuranceIssuer
27/08/2021 09:34:35	SQL :EXEC GetCompanyLocationList
27/08/2021 09:34:35	Open DB Connection
27/08/2021 09:34:35	SQL :EXEC GetVhcList 6,0,@CompanyId=2;
27/08/2021 09:34:44	Open Menu :130132
27/08/2021 09:34:44	Open DB Connection
27/08/2021 09:34:44	SQL :EXEC AuthMenu 'pramudyono hadi',130132;
27/08/2021 09:34:44	Form Check :VehicleInsuranceList
27/08/2021 09:34:46	Open DB Connection
27/08/2021 09:34:46	SQL :EXEC GetCompanyLocationList
27/08/2021 09:34:46	SQL :EXEC GetGroup 2;
27/027/08/2021 09:37:57	Get Local Settings
27/08/2021 09:37:57	Start Change Local Settings
27/08/2021 09:37:57	Change short date format
27/08/2021 09:37:57	Change Long date format
27/08/2021 09:37:57	Finish Change Local Settings
27/08/2021 09:37:57	Registry Read: Path=SOFTWARE\WEHA\Aplikasi\3
27/08/2021 09:37:57	Registry Read/Write
27/08/2021 09:37:57	Registry Read: Path=SOFTWARE\WEHA\Aplikasi\3
27/08/2021 09:37:57	Create DB Object
27/08/2021 09:37:57	Init DB
27/08/2021 09:37:57	Finish Init DB
27/08/2021 09:37:57	Get File Version
27/08/2021 09:37:57	Change  Caption
27/08/2021 09:37:57	Init Shortkey
27/08/2021 09:37:59	Create DB Object
27/08/2021 09:37:59	Init DB
27/08/2021 09:37:59	Finish Init DB
27/08/2021 09:38:01	Update new version check
27/08/2021 09:38:01	Open DB Connection
27/08/2021 09:38:05	SQL :
27/08/2021 09:38:05	Update check version
27/08/2021 09:38:05	Open DB Connection
27/08/2021 09:38:05	SQL :SELECT version FROM wh_application WHERE application_id=(SELECT MAX(application_id) FROM wh_application);
27/08/2021 09:38:05	Start Login
27/08/2021 09:38:05	Open DB Connection
27/08/2021 09:38:05	SQL :EXEC AuthenticateUser 'pramudyono hadi','6f2b8366efa56f0c06dd6b31fcff8a73';
27/08/2021 09:38:06	SQL :INSERT INTO wh_log (user_id,app_date,app_version,app_version_svr,location_id,company_id,department_id,host_name,ip_address)  VALUES ('pramudyono hadi','27/08/2021','6.1.3.13','6.1.3.13',6,2,13,'DESKTOP-S1PD9OD','192.168.25.214');
27/08/2021 09:38:06	Open DB Connection
27/08/2021 09:38:06	SQL :EXEC GetUserMenu 'pramudyono hadi';
27/08/2021 09:38:06	SQL :EXEC GetUserSubMenu 'pramudyono hadi','11';
27/08/2021 09:38:06	SQL :EXEC GetUserTreeMenu 'pramudyono hadi','1101',@CompanyId=2;
27/08/2021 09:38:06	SQL :EXEC GetUserTreeMenu 'pramudyono hadi','1102',@CompanyId=2;
27/08/2021 09:38:06	SQL :EXEC GetUserTreeMenu 'pramudyono hadi','1103',@CompanyId=2;
27/08/2021 09:38:06	SQL :EXEC GetUserTreeMenu 'pramudyono hadi','1104',@CompanyId=2;
27/08/2021 09:38:06	SQL :EXEC GetUserTreeMenu 'pramudyono hadi','1105',@CompanyId=2;
27/08/2021 09:38:06	SQL :EXEC GetUserTreeMenu 'pramudyono hadi','1106',@CompanyId=2;
27/08/2021 09:38:06	SQL :EXEC GetUserTreeMenu 'pramudyono hadi','1107',@CompanyId=2;
27/08/2021 09:38:06	SQL :EXEC GetUserTreeMenu 'pramudyono hadi','1108',@CompanyId=2;
27/08/2021 09:38:06	SQL :EXEC GetUserTreeMenu 'pramudyono hadi','1109',@CompanyId=2;
27/08/2021 09:38:06	SQL :EXEC GetUserTreeMenu 'pramudyono hadi','1110',@CompanyId=2;
27/08/2021 09:38:06	SQL :EXEC GetUserTreeMenu 'pramudyono hadi','1111',@CompanyId=2;
27/08/2021 09:38:06	SQL :EXEC GetUserTreeMenu 'pramudyono hadi','1112',@CompanyId=2;
27/08/2021 09:38:06	SQL :EXEC GetUserTreeMenu 'pramudyono hadi','1113',@CompanyId=2;
27/08/2021 09:38:06	SQL :EXEC GetUserTreeMenu 'pramudyono hadi','1114',@CompanyId=2;
27/08/2021 09:38:06	SQL :EXEC GetUserTreeMenu 'pramudyono hadi','1115',@CompanyId=2;
27/08/2021 09:38:06	SQL :EXEC GetUserTreeMenu 'pramudyono hadi','1116',@CompanyId=2;
27/08/2021 09:38:06	SQL :EXEC GetUserTreeMenu 'pramudyono hadi','1117',@CompanyId=2;
27/08/2021 09:38:06	SQL :EXEC GetUserTreeMenu 'pramudyono hadi','1198',@CompanyId=2;
27/08/2021 09:38:06	SQL :EXEC GetUserTreeMenu 'pramudyono hadi','1199',@CompanyId=2;
27/08/2021 09:38:06	SQL :EXEC GetUserSubMenu 'pramudyono hadi','12';
27/08/2021 09:38:06	SQL :EXEC GetUserTreeMenu 'pramudyono hadi','1201',@CompanyId=2;
27/08/2021 09:38:06	SQL :EXEC GetUserTreeMenu 'pramudyono hadi','1202',@CompanyId=2;
27/08/2021 09:38:06	SQL :EXEC GetUserTreeMenu 'pramudyono hadi','1203',@CompanyId=2;
27/08/2021 09:38:06	SQL :EXEC GetUserTreeMenu 'pramudyono hadi','1204',@CompanyId=2;
27/08/2021 09:38:06	SQL :EXEC GetUserTreeMenu 'pramudyono hadi','1205',@CompanyId=2;
27/08/2021 09:38:06	SQL :EXEC GetUserTreeMenu 'pramudyono hadi','1206',@CompanyId=2;
27/08/2021 09:38:06	SQL :EXEC GetUserTreeMenu 'pramudyono hadi','1207',@CompanyId=2;
27/08/2021 09:38:06	SQL :EXEC GetUserSubMenu 'pramudyono hadi','13';
27/08/2021 09:38:06	SQL :EXEC GetUserTreeMenu 'pramudyono hadi','1301',@CompanyId=2;
27/08/2021 09:38:06	SQL :EXEC GetUserTreeMenu 'pramudyono hadi','1302',@CompanyId=2;
27/08/2021 09:38:06	SQL :EXEC GetUserTreeMenu 'pramudyono hadi','1303',@CompanyId=2;
27/08/2021 09:38:06	SQL :EXEC GetUserTreeMenu 'pramudyono hadi','1304',@CompanyId=2;
27/08/2021 09:38:06	SQL :EXEC GetUserTreeMenu 'pramudyono hadi','1305',@CompanyId=2;
27/08/2021 09:38:06	SQL :EXEC GetUserTreeMenu 'pramudyono hadi','1306',@CompanyId=2;
27/08/2021 09:38:06	SQL :EXEC GetUserTreeMenu 'pramudyono hadi','1307',@CompanyId=2;
27/08/2021 09:38:06	SQL :EXEC GetUserTreeMenu 'pramudyono hadi','1308',@CompanyId=2;
27/08/2021 09:38:06	SQL :EXEC GetUserTreeMenu 'pramudyono hadi','1309',@CompanyId=2;
27/08/2021 09:38:06	SQL :EXEC GetUserTreeMenu 'pramudyono hadi','1310',@CompanyId=2;
27/08/2021 09:38:06	SQL :EXEC GetUserTreeMenu 'pramudyono hadi','1311',@CompanyId=2;
27/08/2021 09:38:06	SQL :EXEC GetUserTreeMenu 'pramudyono hadi','1312',@CompanyId=2;
27/08/2021 09:38:06	SQL :EXEC GetUserTreeMenu 'pramudyono hadi','1313',@CompanyId=2;
27/08/2021 09:38:06	SQL :EXEC GetUserTreeMenu 'pramudyono hadi','1314',@CompanyId=2;
27/08/2021 09:38:07	SQL :EXEC GetUserTreeMenu 'pramudyono hadi','1315',@CompanyId=2;
27/08/2021 09:38:07	SQL :EXEC GetUserTreeMenu 'pramudyono hadi','1316',@CompanyId=2;
27/08/2021 09:38:07	SQL :EXEC GetUserTreeMenu 'pramudyono hadi','1317',@CompanyId=2;
27/08/2021 09:38:07	SQL :EXEC GetUserTreeMenu 'pramudyono hadi','1318',@CompanyId=2;
27/08/2021 09:38:07	SQL :EXEC GetUserTreeMenu 'pramudyono hadi','1319',@CompanyId=2;
27/08/2021 09:38:07	SQL :EXEC GetUserTreeMenu 'pramudyono hadi','1320',@CompanyId=2;
27/08/2021 09:38:07	SQL :EXEC GetUserTreeMenu 'pramudyono hadi','1321',@CompanyId=2;
27/08/2021 09:38:07	SQL :EXEC GetUserSubMenu 'pramudyono hadi','14';
27/08/2021 09:38:07	SQL :EXEC GetUserTreeMenu 'pramudyono hadi','1401',@CompanyId=2;
27/08/2021 09:38:07	SQL :EXEC GetUserTreeMenu 'pramudyono hadi','1402',@CompanyId=2;
27/08/2021 09:38:07	SQL :EXEC GetUserTreeMenu 'pramudyono hadi','1403',@CompanyId=2;
27/08/2021 09:38:07	SQL :EXEC GetUserTreeMenu 'pramudyono hadi','1404',@CompanyId=2;
27/08/2021 09:38:07	SQL :EXEC GetUserTreeMenu 'pramudyono hadi','1406',@CompanyId=2;
27/08/2021 09:38:07	SQL :EXEC GetUserTreeMenu 'pramudyono hadi','1408',@CompanyId=2;
27/08/2021 09:38:07	SQL :EXEC GetUserTreeMenu 'pramudyono hadi','1410',@CompanyId=2;
27/08/2021 09:38:07	SQL :EXEC GetUserTreeMenu 'pramudyono hadi','1411',@CompanyId=2;
27/08/2021 09:38:07	SQL :EXEC GetUserTreeMenu 'pramudyono hadi','1412',@CompanyId=2;
27/08/2021 09:38:07	SQL :EXEC GetUserTreeMenu 'pramudyono hadi','1413',@CompanyId=2;
27/08/2021 09:38:07	SQL :EXEC GetUserTreeMenu 'pramudyono hadi','1414',@CompanyId=2;
27/08/2021 09:38:07	SQL :EXEC GetUserSubMenu 'pramudyono hadi','15';
27/08/2021 09:38:07	SQL :EXEC GetUserTreeMenu 'pramudyono hadi','1501',@CompanyId=2;
27/08/2021 09:38:07	SQL :EXEC GetUserTreeMenu 'pramudyono hadi','1502',@CompanyId=2;
27/08/2021 09:38:07	SQL :EXEC GetUserTreeMenu 'pramudyono hadi','1503',@CompanyId=2;
27/08/2021 09:38:07	SQL :EXEC GetUserTreeMenu 'pramudyono hadi','1504',@CompanyId=2;
27/08/2021 09:38:07	SQL :EXEC GetUserTreeMenu 'pramudyono hadi','1505',@CompanyId=2;
27/08/2021 09:38:07	SQL :EXEC GetUserTreeMenu 'pramudyono hadi','1506',@CompanyId=2;
27/08/2021 09:38:07	SQL :EXEC GetUserTreeMenu 'pramudyono hadi','1507',@CompanyId=2;
27/08/2021 09:38:07	SQL :EXEC GetUserTreeMenu 'pramudyono hadi','1508',@CompanyId=2;
27/08/2021 09:38:07	SQL :EXEC GetUserTreeMenu 'pramudyono hadi','1509',@CompanyId=2;
27/08/2021 09:38:07	SQL :EXEC GetUserTreeMenu 'pramudyono hadi','1510',@CompanyId=2;
27/08/2021 09:38:07	SQL :EXEC GetUserTreeMenu 'pramudyono hadi','1511',@CompanyId=2;
27/08/2021 09:38:07	SQL :EXEC GetUserSubMenu 'pramudyono hadi','16';
27/08/2021 09:38:07	SQL :EXEC GetUserTreeMenu 'pramudyono hadi','1601',@CompanyId=2;
27/08/2021 09:38:07	SQL :EXEC GetUserTreeMenu 'pramudyono hadi','1602',@CompanyId=2;
27/08/2021 09:38:07	SQL :EXEC GetUserTreeMenu 'pramudyono hadi','1603',@CompanyId=2;
27/08/2021 09:38:07	SQL :EXEC GetUserTreeMenu 'pramudyono hadi','1604',@CompanyId=2;
27/08/2021 09:38:07	SQL :EXEC GetUserTreeMenu 'pramudyono hadi','1605',@CompanyId=2;
27/08/2021 09:38:07	SQL :EXEC GetUserTreeMenu 'pramudyono hadi','1606',@CompanyId=2;
27/08/2021 09:38:07	SQL :EXEC GetUserTreeMenu 'pramudyono hadi','1607',@CompanyId=2;
27/08/2021 09:38:07	SQL :EXEC GetUserTreeMenu 'pramudyono hadi','1608',@CompanyId=2;
27/08/2021 09:38:07	SQL :EXEC GetUserTreeMenu 'pramudyono hadi','1609',@CompanyId=2;
27/08/2021 09:38:07	SQL :EXEC GetUserTreeMenu 'pramudyono hadi','1610',@CompanyId=2;
27/08/2021 09:38:07	SQL :EXEC GetUserTreeMenu 'pramudyono hadi','1611',@CompanyId=2;
27/08/2021 09:38:07	SQL :EXEC GetUserTreeMenu 'pramudyono hadi','1612',@CompanyId=2;
27/08/2021 09:38:07	SQL :EXEC GetUserTreeMenu 'pramudyono hadi','1613',@CompanyId=2;
27/08/2021 09:38:07	SQL :EXEC GetUserTreeMenu 'pramudyono hadi','1614',@CompanyId=2;
27/08/2021 09:38:07	SQL :EXEC GetUserTreeMenu 'pramudyono hadi','1615',@CompanyId=2;
27/08/2021 09:38:07	SQL :EXEC GetUserTreeMenu 'pramudyono hadi','1616',@CompanyId=2;
27/08/2021 09:38:07	SQL :EXEC GetUserTreeMenu 'pramudyono hadi','1619',@CompanyId=2;
27/08/2021 09:38:07	SQL :EXEC GetUserTreeMenu 'pramudyono hadi','1620',@CompanyId=2;
27/08/2021 09:38:07	SQL :EXEC GetUserSubMenu 'pramudyono hadi','17';
27/08/2021 09:38:07	SQL :EXEC GetUserTreeMenu 'pramudyono hadi','1701',@CompanyId=2;
27/08/2021 09:38:07	SQL :EXEC GetUserTreeMenu 'pramudyono hadi','1702',@CompanyId=2;
27/08/2021 09:38:07	SQL :EXEC GetUserTreeMenu 'pramudyono hadi','1703',@CompanyId=2;
27/08/2021 09:38:07	SQL :EXEC GetUserTreeMenu 'pramudyono hadi','1704',@CompanyId=2;
27/08/2021 09:38:07	SQL :EXEC GetUserTreeMenu 'pramudyono hadi','1705',@CompanyId=2;
27/08/2021 09:38:07	SQL :EXEC GetUserTreeMenu 'pramudyono hadi','1706',@CompanyId=2;
27/08/2021 09:38:07	SQL :EXEC GetUserTreeMenu 'pramudyono hadi','1707',@CompanyId=2;
27/08/2021 09:38:07	SQL :EXEC GetUserTreeMenu 'pramudyono hadi','1708',@CompanyId=2;
27/08/2021 09:38:07	SQL :EXEC GetUserTreeMenu 'pramudyono hadi','1709',@CompanyId=2;
27/08/2021 09:38:07	SQL :EXEC GetUserTreeMenu 'pramudyono hadi','1710',@CompanyId=2;
27/08/2021 09:38:07	SQL :EXEC GetUserTreeMenu 'pramudyono hadi','1711',@CompanyId=2;
27/08/2021 09:38:07	SQL :EXEC GetUserTreeMenu 'pramudyono hadi','1712',@CompanyId=2;
27/08/2021 09:38:07	SQL :EXEC GetUserTreeMenu 'pramudyono hadi','1713',@CompanyId=2;
27/08/2021 09:38:07	SQL :EXEC GetUserTreeMenu 'pramudyono hadi','1714',@CompanyId=2;
27/08/2021 09:38:07	SQL :EXEC GetUserTreeMenu 'pramudyono hadi','1715',@CompanyId=2;
27/08/2021 09:38:07	SQL :EXEC GetUserTreeMenu 'pramudyono hadi','1716',@CompanyId=2;
27/08/2021 09:38:07	SQL :EXEC GetUserTreeMenu 'pramudyono hadi','1717',@CompanyId=2;
27/08/2021 09:38:07	SQL :EXEC GetUserSubMenu 'pramudyono hadi','18';
27/08/2021 09:38:07	SQL :EXEC GetUserTreeMenu 'pramudyono hadi','1801',@CompanyId=2;
27/08/2021 09:38:07	SQL :EXEC GetUserSubMenu 'pramudyono hadi','19';
27/08/2021 09:38:07	SQL :EXEC GetUserTreeMenu 'pramudyono hadi','1901',@CompanyId=2;
27/08/2021 09:38:07	SQL :EXEC GetUserTreeMenu 'pramudyono hadi','1902',@CompanyId=2;
27/08/2021 09:38:07	SQL :EXEC GetUserTreeMenu 'pramudyono hadi','1903',@CompanyId=2;
27/08/2021 09:38:07	SQL :EXEC GetUserTreeMenu 'pramudyono hadi','1904',@CompanyId=2;
27/08/2021 09:38:07	SQL :EXEC GetUserTreeMenu 'pramudyono hadi','1905',@CompanyId=2;
27/08/2021 09:38:07	SQL :EXEC GetUserTreeMenu 'pramudyono hadi','1906',@CompanyId=2;
27/08/2021 09:38:07	SQL :EXEC GetUserTreeMenu 'pramudyono hadi','1907',@CompanyId=2;
27/08/2021 09:38:07	SQL :EXEC GetUserTreeMenu 'pramudyono hadi','1908',@CompanyId=2;
27/08/2021 09:38:07	SQL :EXEC GetUserTreeMenu 'pramudyono hadi','1909',@CompanyId=2;
27/08/2021 09:38:07	SQL :EXEC GetUserTreeMenu 'pramudyono hadi','1910',@CompanyId=2;
27/08/2021 09:38:07	SQL :EXEC GetUserTreeMenu 'pramudyono hadi','1911',@CompanyId=2;
27/08/2021 09:38:07	SQL :EXEC GetUserTreeMenu 'pramudyono hadi','1912',@CompanyId=2;
27/08/2021 09:38:07	SQL :SELECT CONVERT(VARCHAR(8),GETDATE(),108) AS hour_minute;
27/08/2021 09:38:07	SQL :SELECT CONVERT(VARCHAR(10),GETDATE(),103) AS date_time;
27/08/2021 09:38:08	Loading Setting
27/08/2021 09:38:08	Open DB Connection
27/08/2021 09:38:08	SQL :SELECT * FROM wh_setting WHERE setting_name='Hold_Less_Deposit';
27/08/2021 09:38:08	SQL :SELECT * FROM wh_setting WHERE setting_name='Max_Less_Deposit';
27/08/2021 09:38:08	SQL :SELECT * FROM wh_setting WHERE setting_name='Dashboard_2';
27/08/2021 09:38:08	Finish Logging
27/08/2021 09:38:08	SQL :SELECT value_string FROM wh_setting WHERE (setting_name='Interval_CheckInDate') AND (active=1);
27/08/2021 09:38:08	SQL :SELECT value_string FROM wh_setting WHERE (setting_name='Interval_CheckInTime') AND (active=1);
27/08/2021 09:38:08	SQL :SELECT value_string FROM wh_setting WHERE (setting_name='ChatEnable') and (active=1);
27/08/2021 09:38:08	Message:Port Check
27/08/2021 09:38:09	Message:Open DB Connection
27/08/2021 09:38:09	SQL :EXEC GetMessage '01','pramudyono hadi';
27/08/2021 09:38:09	SQL :SELECT CONVERT(VARCHAR(8),GETDATE(),108) AS hour_minute;
27/08/2021 09:38:09	SQL :SELECT CONVERT(VARCHAR(10),GETDATE(),103) AS date_time;
27/08/2021 09:46:27	Open Menu :130132
27/08/2021 09:46:27	Open DB Connection
27/08/2021 09:46:27	SQL :EXEC AuthMenu 'pramudyono hadi',130132;
27/08/2021 09:46:27	Form Check :VehicleInsuranceList
27/08/2021 09:46:29	Open DB Connection
27/08/2021 09:46:29	SQL :EXEC GetCompanyLocationList
27/08/2021 09:46:29	SQL :EXEC GetGroup 2;
27/08/2021 09:46:29	Open DB Connection
27/08/2021 09:46:29	SQL :EXEC GetInsuranceList 6,@CompanyId=2;
27/08/2021 09:48:15	Message:Port Check
27/08/2021 09:48:15	Message:Open DB Connection
27/08/2021 09:48:15	SQL :EXEC GetMessage '01','pramudyono hadi';
27/08/2021 09:48:15	SQL :SELECT CONVERT(VARCHAR(8),GETDATE(),108) AS hour_minute;
27/08/2021 09:48:15	SQL :SELECT CONVERT(VARCHAR(10),GETDATE(),103) AS date_time;
27/08/2021 09:50:24	Open DB Connection
27/08/2021 09:50:24	SQL :EXEC GetInsuranceList 6,@CompanyId=2;
27/08/2021 09:50:28	Open DB Connection
27/08/2021 09:50:28	SQL :EXEC GetInsuranceList 6,@CompanyId=2;
227/08/2021 09:55:17	Get Local Settings
27/08/2021 09:55:17	Start Change Local Settings
27/08/2021 09:55:17	Change short date format
27/08/2021 09:55:17	Change Long date format
27/08/2021 09:55:17	Finish Change Local Settings
27/08/2021 09:55:17	Registry Read: Path=SOFTWARE\WEHA\Aplikasi\3
27/08/2021 09:55:17	Registry Read/Write
27/08/2021 09:55:17	Registry Read: Path=SOFTWARE\WEHA\Aplikasi\3
27/08/2021 09:55:17	Create DB Object
27/08/2021 09:55:17	Init DB
27/08/2021 09:55:17	Finish Init DB
27/08/2021 09:55:17	Get File Version
27/08/2021 09:55:17	Change  Caption
27/08/2021 09:55:17	Init Shortkey
27/08/2021 09:55:19	Create DB Object
27/08/2021 09:55:19	Init DB
27/08/2021 09:55:19	Finish Init DB
27/08/2021 09:55:21	Update new version check
27/08/2021 09:55:21	Open DB Connection
27/08/2021 09:55:21	SQL :
27/08/2021 09:55:21	Update check version
27/08/2021 09:55:21	Open DB Connection
27/08/2021 09:55:21	SQL :SELECT version FROM wh_application WHERE application_id=(SELECT MAX(application_id) FROM wh_application);
27/08/2021 09:55:21	Start Login
27/08/2021 09:55:21	Open DB Connection
27/08/2021 09:55:21	SQL :EXEC AuthenticateUser 'pramudyono hadi','6f2b8366efa56f0c06dd6b31fcff8a73';
27/08/2021 09:55:21	SQL :INSERT INTO wh_log (user_id,app_date,app_version,app_version_svr,location_id,company_id,department_id,host_name,ip_address)  VALUES ('pramudyono hadi','27/08/2021','6.1.3.13','6.1.3.13',6,2,13,'DESKTOP-S1PD9OD','192.168.25.214');
27/08/2021 09:55:22	Open DB Connection
27/08/2021 09:55:22	SQL :EXEC GetUserMenu 'pramudyono hadi';
27/08/2021 09:55:22	SQL :EXEC GetUserSubMenu 'pramudyono hadi','11';
27/08/2021 09:55:22	SQL :EXEC GetUserTreeMenu 'pramudyono hadi','1101',@CompanyId=2;
27/08/2021 09:55:22	SQL :EXEC GetUserTreeMenu 'pramudyono hadi','1102',@CompanyId=2;
27/08/2021 09:55:22	SQL :EXEC GetUserTreeMenu 'pramudyono hadi','1103',@CompanyId=2;
27/08/2021 09:55:22	SQL :EXEC GetUserTreeMenu 'pramudyono hadi','1104',@CompanyId=2;
27/08/2021 09:55:22	SQL :EXEC GetUserTreeMenu 'pramudyono hadi','1105',@CompanyId=2;
27/08/2021 09:55:22	SQL :EXEC GetUserTreeMenu 'pramudyono hadi','1106',@CompanyId=2;
27/08/2021 09:55:22	SQL :EXEC GetUserTreeMenu 'pramudyono hadi','1107',@CompanyId=2;
27/08/2021 09:55:22	SQL :EXEC GetUserTreeMenu 'pramudyono hadi','1108',@CompanyId=2;
27/08/2021 09:55:22	SQL :EXEC GetUserTreeMenu 'pramudyono hadi','1109',@CompanyId=2;
27/08/2021 09:55:22	SQL :EXEC GetUserTreeMenu 'pramudyono hadi','1110',@CompanyId=2;
27/08/2021 09:55:22	SQL :EXEC GetUserTreeMenu 'pramudyono hadi','1111',@CompanyId=2;
27/08/2021 09:55:22	SQL :EXEC GetUserTreeMenu 'pramudyono hadi','1112',@CompanyId=2;
27/08/2021 09:55:22	SQL :EXEC GetUserTreeMenu 'pramudyono hadi','1113',@CompanyId=2;
27/08/2021 09:55:22	SQL :EXEC GetUserTreeMenu 'pramudyono hadi','1114',@CompanyId=2;
27/08/2021 09:55:22	SQL :EXEC GetUserTreeMenu 'pramudyono hadi','1115',@CompanyId=2;
27/08/2021 09:55:22	SQL :EXEC GetUserTreeMenu 'pramudyono hadi','1116',@CompanyId=2;
27/08/2021 09:55:22	SQL :EXEC GetUserTreeMenu 'pramudyono hadi','1117',@CompanyId=2;
27/08/2021 09:55:22	SQL :EXEC GetUserTreeMenu 'pramudyono hadi','1198',@CompanyId=2;
27/08/2021 09:55:22	SQL :EXEC GetUserTreeMenu 'pramudyono hadi','1199',@CompanyId=2;
27/08/2021 09:55:22	SQL :EXEC GetUserSubMenu 'pramudyono hadi','12';
27/08/2021 09:55:22	SQL :EXEC GetUserTreeMenu 'pramudyono hadi','1201',@CompanyId=2;
27/08/2021 09:55:22	SQL :EXEC GetUserTreeMenu 'pramudyono hadi','1202',@CompanyId=2;
27/08/2021 09:55:22	SQL :EXEC GetUserTreeMenu 'pramudyono hadi','1203',@CompanyId=2;
27/08/2021 09:55:22	SQL :EXEC GetUserTreeMenu 'pramudyono hadi','1204',@CompanyId=2;
27/08/2021 09:55:22	SQL :EXEC GetUserTreeMenu 'pramudyono hadi','1205',@CompanyId=2;
27/08/2021 09:55:22	SQL :EXEC GetUserTreeMenu 'pramudyono hadi','1206',@CompanyId=2;
27/08/2021 09:55:22	SQL :EXEC GetUserTreeMenu 'pramudyono hadi','1207',@CompanyId=2;
27/08/2021 09:55:22	SQL :EXEC GetUserSubMenu 'pramudyono hadi','13';
27/08/2021 09:55:22	SQL :EXEC GetUserTreeMenu 'pramudyono hadi','1301',@CompanyId=2;
27/08/2021 09:55:22	SQL :EXEC GetUserTreeMenu 'pramudyono hadi','1302',@CompanyId=2;
27/08/2021 09:55:22	SQL :EXEC GetUserTreeMenu 'pramudyono hadi','1303',@CompanyId=2;
27/08/2021 09:55:22	SQL :EXEC GetUserTreeMenu 'pramudyono hadi','1304',@CompanyId=2;
27/08/2021 09:55:22	SQL :EXEC GetUserTreeMenu 'pramudyono hadi','1305',@CompanyId=2;
27/08/2021 09:55:22	SQL :EXEC GetUserTreeMenu 'pramudyono hadi','1306',@CompanyId=2;
27/08/2021 09:55:22	SQL :EXEC GetUserTreeMenu 'pramudyono hadi','1307',@CompanyId=2;
27/08/2021 09:55:22	SQL :EXEC GetUserTreeMenu 'pramudyono hadi','1308',@CompanyId=2;
27/08/2021 09:55:22	SQL :EXEC GetUserTreeMenu 'pramudyono hadi','1309',@CompanyId=2;
27/08/2021 09:55:22	SQL :EXEC GetUserTreeMenu 'pramudyono hadi','1310',@CompanyId=2;
27/08/2021 09:55:22	SQL :EXEC GetUserTreeMenu 'pramudyono hadi','1311',@CompanyId=2;
27/08/2021 09:55:22	SQL :EXEC GetUserTreeMenu 'pramudyono hadi','1312',@CompanyId=2;
27/08/2021 09:55:22	SQL :EXEC GetUserTreeMenu 'pramudyono hadi','1313',@CompanyId=2;
27/08/2021 09:55:22	SQL :EXEC GetUserTreeMenu 'pramudyono hadi','1314',@CompanyId=2;
27/08/2021 09:55:22	SQL :EXEC GetUserTreeMenu 'pramudyono hadi','1315',@CompanyId=2;
27/08/2021 09:55:22	SQL :EXEC GetUserTreeMenu 'pramudyono hadi','1316',@CompanyId=2;
27/08/2021 09:55:22	SQL :EXEC GetUserTreeMenu 'pramudyono hadi','1317',@CompanyId=2;
27/08/2021 09:55:22	SQL :EXEC GetUserTreeMenu 'pramudyono hadi','1318',@CompanyId=2;
27/08/2021 09:55:22	SQL :EXEC GetUserTreeMenu 'pramudyono hadi','1319',@CompanyId=2;
27/08/2021 09:55:22	SQL :EXEC GetUserTreeMenu 'pramudyono hadi','1320',@CompanyId=2;
27/08/2021 09:55:22	SQL :EXEC GetUserTreeMenu 'pramudyono hadi','1321',@CompanyId=2;
27/08/2021 09:55:22	SQL :EXEC GetUserSubMenu 'pramudyono hadi','14';
27/08/2021 09:55:22	SQL :EXEC GetUserTreeMenu 'pramudyono hadi','1401',@CompanyId=2;
27/08/2021 09:55:22	SQL :EXEC GetUserTreeMenu 'pramudyono hadi','1402',@CompanyId=2;
27/08/2021 09:55:22	SQL :EXEC GetUserTreeMenu 'pramudyono hadi','1403',@CompanyId=2;
27/08/2021 09:55:22	SQL :EXEC GetUserTreeMenu 'pramudyono hadi','1404',@CompanyId=2;
27/08/2021 09:55:22	SQL :EXEC GetUserTreeMenu 'pramudyono hadi','1406',@CompanyId=2;
27/08/2021 09:55:22	SQL :EXEC GetUserTreeMenu 'pramudyono hadi','1408',@CompanyId=2;
27/08/2021 09:55:22	SQL :EXEC GetUserTreeMenu 'pramudyono hadi','1410',@CompanyId=2;
27/08/2021 09:55:22	SQL :EXEC GetUserTreeMenu 'pramudyono hadi','1411',@CompanyId=2;
27/08/2021 09:55:22	SQL :EXEC GetUserTreeMenu 'pramudyono hadi','1412',@CompanyId=2;
27/08/2021 09:55:22	SQL :EXEC GetUserTreeMenu 'pramudyono hadi','1413',@CompanyId=2;
27/08/2021 09:55:22	SQL :EXEC GetUserTreeMenu 'pramudyono hadi','1414',@CompanyId=2;
27/08/2021 09:55:22	SQL :EXEC GetUserSubMenu 'pramudyono hadi','15';
27/08/2021 09:55:22	SQL :EXEC GetUserTreeMenu 'pramudyono hadi','1501',@CompanyId=2;
27/08/2021 09:55:22	SQL :EXEC GetUserTreeMenu 'pramudyono hadi','1502',@CompanyId=2;
27/08/2021 09:55:22	SQL :EXEC GetUserTreeMenu 'pramudyono hadi','1503',@CompanyId=2;
27/08/2021 09:55:22	SQL :EXEC GetUserTreeMenu 'pramudyono hadi','1504',@CompanyId=2;
27/08/2021 09:55:23	SQL :EXEC GetUserTreeMenu 'pramudyono hadi','1505',@CompanyId=2;
27/08/2021 09:55:23	SQL :EXEC GetUserTreeMenu 'pramudyono hadi','1506',@CompanyId=2;
27/08/2021 09:55:23	SQL :EXEC GetUserTreeMenu 'pramudyono hadi','1507',@CompanyId=2;
27/08/2021 09:55:23	SQL :EXEC GetUserTreeMenu 'pramudyono hadi','1508',@CompanyId=2;
27/08/2021 09:55:23	SQL :EXEC GetUserTreeMenu 'pramudyono hadi','1509',@CompanyId=2;
27/08/2021 09:55:23	SQL :EXEC GetUserTreeMenu 'pramudyono hadi','1510',@CompanyId=2;
27/08/2021 09:55:23	SQL :EXEC GetUserTreeMenu 'pramudyono hadi','1511',@CompanyId=2;
27/08/2021 09:55:23	SQL :EXEC GetUserSubMenu 'pramudyono hadi','16';
27/08/2021 09:55:23	SQL :EXEC GetUserTreeMenu 'pramudyono hadi','1601',@CompanyId=2;
27/08/2021 09:55:23	SQL :EXEC GetUserTreeMenu 'pramudyono hadi','1602',@CompanyId=2;
27/08/2021 09:55:23	SQL :EXEC GetUserTreeMenu 'pramudyono hadi','1603',@CompanyId=2;
27/08/2021 09:55:23	SQL :EXEC GetUserTreeMenu 'pramudyono hadi','1604',@CompanyId=2;
27/08/2021 09:55:23	SQL :EXEC GetUserTreeMenu 'pramudyono hadi','1605',@CompanyId=2;
27/08/2021 09:55:23	SQL :EXEC GetUserTreeMenu 'pramudyono hadi','1606',@CompanyId=2;
27/08/2021 09:55:23	SQL :EXEC GetUserTreeMenu 'pramudyono hadi','1607',@CompanyId=2;
27/08/2021 09:55:23	SQL :EXEC GetUserTreeMenu 'pramudyono hadi','1608',@CompanyId=2;
27/08/2021 09:55:23	SQL :EXEC GetUserTreeMenu 'pramudyono hadi','1609',@CompanyId=2;
27/08/2021 09:55:23	SQL :EXEC GetUserTreeMenu 'pramudyono hadi','1610',@CompanyId=2;
27/08/2021 09:55:23	SQL :EXEC GetUserTreeMenu 'pramudyono hadi','1611',@CompanyId=2;
27/08/2021 09:55:23	SQL :EXEC GetUserTreeMenu 'pramudyono hadi','1612',@CompanyId=2;
27/08/2021 09:55:23	SQL :EXEC GetUserTreeMenu 'pramudyono hadi','1613',@CompanyId=2;
27/08/2021 09:55:23	SQL :EXEC GetUserTreeMenu 'pramudyono hadi','1614',@CompanyId=2;
27/08/2021 09:55:23	SQL :EXEC GetUserTreeMenu 'pramudyono hadi','1615',@CompanyId=2;
27/08/2021 09:55:23	SQL :EXEC GetUserTreeMenu 'pramudyono hadi','1616',@CompanyId=2;
27/08/2021 09:55:23	SQL :EXEC GetUserTreeMenu 'pramudyono hadi','1619',@CompanyId=2;
27/08/2021 09:55:23	SQL :EXEC GetUserTreeMenu 'pramudyono hadi','1620',@CompanyId=2;
27/08/2021 09:55:23	SQL :EXEC GetUserSubMenu 'pramudyono hadi','17';
27/08/2021 09:55:23	SQL :EXEC GetUserTreeMenu 'pramudyono hadi','1701',@CompanyId=2;
27/08/2021 09:55:23	SQL :EXEC GetUserTreeMenu 'pramudyono hadi','1702',@CompanyId=2;
27/08/2021 09:55:23	SQL :EXEC GetUserTreeMenu 'pramudyono hadi','1703',@CompanyId=2;
27/08/2021 09:55:23	SQL :EXEC GetUserTreeMenu 'pramudyono hadi','1704',@CompanyId=2;
27/08/2021 09:55:23	SQL :EXEC GetUserTreeMenu 'pramudyono hadi','1705',@CompanyId=2;
27/08/2021 09:55:23	SQL :EXEC GetUserTreeMenu 'pramudyono hadi','1706',@CompanyId=2;
27/08/2021 09:55:23	SQL :EXEC GetUserTreeMenu 'pramudyono hadi','1707',@CompanyId=2;
27/08/2021 09:55:23	SQL :EXEC GetUserTreeMenu 'pramudyono hadi','1708',@CompanyId=2;
27/08/2021 09:55:23	SQL :EXEC GetUserTreeMenu 'pramudyono hadi','1709',@CompanyId=2;
27/08/2021 09:55:23	SQL :EXEC GetUserTreeMenu 'pramudyono hadi','1710',@CompanyId=2;
27/08/2021 09:55:23	SQL :EXEC GetUserTreeMenu 'pramudyono hadi','1711',@CompanyId=2;
27/08/2021 09:55:23	SQL :EXEC GetUserTreeMenu 'pramudyono hadi','1712',@CompanyId=2;
27/08/2021 09:55:23	SQL :EXEC GetUserTreeMenu 'pramudyono hadi','1713',@CompanyId=2;
27/08/2021 09:55:23	SQL :EXEC GetUserTreeMenu 'pramudyono hadi','1714',@CompanyId=2;
27/08/2021 09:55:23	SQL :EXEC GetUserTreeMenu 'pramudyono hadi','1715',@CompanyId=2;
27/08/2021 09:55:23	SQL :EXEC GetUserTreeMenu 'pramudyono hadi','1716',@CompanyId=2;
27/08/2021 09:55:23	SQL :EXEC GetUserTreeMenu 'pramudyono hadi','1717',@CompanyId=2;
27/08/2021 09:55:23	SQL :EXEC GetUserSubMenu 'pramudyono hadi','18';
27/08/2021 09:55:23	SQL :EXEC GetUserTreeMenu 'pramudyono hadi','1801',@CompanyId=2;
27/08/2021 09:55:23	SQL :EXEC GetUserSubMenu 'pramudyono hadi','19';
27/08/2021 09:55:23	SQL :EXEC GetUserTreeMenu 'pramudyono hadi','1901',@CompanyId=2;
27/08/2021 09:55:23	SQL :EXEC GetUserTreeMenu 'pramudyono hadi','1902',@CompanyId=2;
27/08/2021 09:55:23	SQL :EXEC GetUserTreeMenu 'pramudyono hadi','1903',@CompanyId=2;
27/08/2021 09:55:23	SQL :EXEC GetUserTreeMenu 'pramudyono hadi','1904',@CompanyId=2;
27/08/2021 09:55:23	SQL :EXEC GetUserTreeMenu 'pramudyono hadi','1905',@CompanyId=2;
27/08/2021 09:55:23	SQL :EXEC GetUserTreeMenu 'pramudyono hadi','1906',@CompanyId=2;
27/08/2021 09:55:23	SQL :EXEC GetUserTreeMenu 'pramudyono hadi','1907',@CompanyId=2;
27/08/2021 09:55:23	SQL :EXEC GetUserTreeMenu 'pramudyono hadi','1908',@CompanyId=2;
27/08/2021 09:55:23	SQL :EXEC GetUserTreeMenu 'pramudyono hadi','1909',@CompanyId=2;
27/08/2021 09:55:23	SQL :EXEC GetUserTreeMenu 'pramudyono hadi','1910',@CompanyId=2;
27/08/2021 09:55:23	SQL :EXEC GetUserTreeMenu 'pramudyono hadi','1911',@CompanyId=2;
27/08/2021 09:55:23	SQL :EXEC GetUserTreeMenu 'pramudyono hadi','1912',@CompanyId=2;
27/08/2021 09:55:23	SQL :SELECT CONVERT(VARCHAR(8),GETDATE(),108) AS hour_minute;
27/08/2021 09:55:23	SQL :SELECT CONVERT(VARCHAR(10),GETDATE(),103) AS date_time;
27/08/2021 09:55:23	Loading Setting
27/08/2021 09:55:23	Open DB Connection
27/08/2021 09:55:23	SQL :SELECT * FROM wh_setting WHERE setting_name='Hold_Less_Deposit';
27/08/2021 09:55:23	SQL :SELECT * FROM wh_setting WHERE setting_name='Max_Less_Deposit';
27/08/2021 09:55:23	SQL :SELECT * FROM wh_setting WHERE setting_name='Dashboard_2';
27/08/2021 09:55:23	Finish Logging
27/08/2021 09:55:23	SQL :SELECT value_string FROM wh_setting WHERE (setting_name='Interval_CheckInDate') AND (active=1);
27/08/2021 09:55:23	SQL :SELECT value_string FROM wh_setting WHERE (setting_name='Interval_CheckInTime') AND (active=1);
27/08/2021 09:55:23	SQL :SELECT value_string FROM wh_setting WHERE (setting_name='ChatEnable') and (active=1);
27/08/2021 09:55:24	Message:Port Check
27/08/2021 09:55:24	Message:Open DB Connection
27/08/2021 09:55:24	SQL :EXEC GetMessage '01','pramudyono hadi';
27/08/2021 09:55:24	SQL :SELECT CONVERT(VARCHAR(8),GETDATE(),108) AS hour_minute;
27/08/2021 09:55:24	SQL :SELECT CONVERT(VARCHAR(10),GETDATE(),103) AS date_time;
27/08/2021 09:55:28	Open Menu :130132
27/08/2021 09:55:28	Open DB Connection
27/08/2021 09:55:28	SQL :EXEC AuthMenu 'pramudyono hadi',130132;
27/08/2021 09:55:28	Form Check :VehicleInsuranceList
27/08/2021 09:55:30	Open DB Connection
27/08/2021 09:55:30	SQL :EXEC GetCompanyLocationList
27/08/2021 09:55:30	SQL :EXEC GetGroup 2;
27/08/2021 09:55:30	Open DB Connection
27/08/2021 09:55:30	SQL :EXEC GetInsuranceList 6,@CompanyId=2;
27/08/2021 10:19:12	Get Local Settings
27/08/2021 10:19:12	Start Change Local Settings
27/08/2021 10:19:12	Change short date format
27/08/2021 10:19:12	Change Long date format
27/08/2021 10:19:12	Finish Change Local Settings
27/08/2021 10:19:12	Registry Read: Path=SOFTWARE\WEHA\Aplikasi\3
27/08/2021 10:19:12	Registry Read/Write
27/08/2021 10:19:12	Registry Read: Path=SOFTWARE\WEHA\Aplikasi\3
27/08/2021 10:19:12	Create DB Object
27/08/2021 10:19:12	Init DB
27/08/2021 10:19:12	Finish Init DB
27/08/2021 10:19:12	Get File Version
27/08/2021 10:19:12	Change  Caption
27/08/2021 10:19:12	Init Shortkey
27/08/2021 10:19:13	Create DB Object
27/08/2021 10:19:13	Init DB
27/08/2021 10:19:13	Finish Init DB
27/08/2021 10:19:15	Update new version check
27/08/2021 10:19:15	Open DB Connection
27/08/2021 10:19:15	SQL :
27/08/2021 10:19:15	Update check version
27/08/2021 10:19:15	Open DB Connection
27/08/2021 10:19:15	SQL :SELECT version FROM wh_application WHERE application_id=(SELECT MAX(application_id) FROM wh_application);
27/08/2021 10:19:15	Start Login
27/08/2021 10:19:15	Open DB Connection
27/08/2021 10:19:15	SQL :EXEC AuthenticateUser 'pramudyono hadi','6f2b8366efa56f0c06dd6b31fcff8a73';
27/08/2021 10:19:15	SQL :INSERT INTO wh_log (user_id,app_date,app_version,app_version_svr,location_id,company_id,department_id,host_name,ip_address)  VALUES ('pramudyono hadi','27/08/2021','6.1.3.13','6.1.3.13',6,2,13,'DESKTOP-S1PD9OD','192.168.25.214');
27/08/2021 10:19:15	Open DB Connection
27/08/2021 10:19:15	SQL :EXEC GetUserMenu 'pramudyono hadi';
27/08/2021 10:19:15	SQL :EXEC GetUserSubMenu 'pramudyono hadi','11';
27/08/2021 10:19:15	SQL :EXEC GetUserTreeMenu 'pramudyono hadi','1101',@CompanyId=2;
27/08/2021 10:19:15	SQL :EXEC GetUserTreeMenu 'pramudyono hadi','1102',@CompanyId=2;
27/08/2021 10:19:15	SQL :EXEC GetUserTreeMenu 'pramudyono hadi','1103',@CompanyId=2;
27/08/2021 10:19:15	SQL :EXEC GetUserTreeMenu 'pramudyono hadi','1104',@CompanyId=2;
27/08/2021 10:19:15	SQL :EXEC GetUserTreeMenu 'pramudyono hadi','1105',@CompanyId=2;
27/08/2021 10:19:15	SQL :EXEC GetUserTreeMenu 'pramudyono hadi','1106',@CompanyId=2;
27/08/2021 10:19:15	SQL :EXEC GetUserTreeMenu 'pramudyono hadi','1107',@CompanyId=2;
27/08/2021 10:19:16	SQL :EXEC GetUserTreeMenu 'pramudyono hadi','1108',@CompanyId=2;
27/08/2021 10:19:16	SQL :EXEC GetUserTreeMenu 'pramudyono hadi','1109',@CompanyId=2;
27/08/2021 10:19:16	SQL :EXEC GetUserTreeMenu 'pramudyono hadi','1110',@CompanyId=2;
27/08/2021 10:19:16	SQL :EXEC GetUserTreeMenu 'pramudyono hadi','1111',@CompanyId=2;
27/08/2021 10:19:16	SQL :EXEC GetUserTreeMenu 'pramudyono hadi','1112',@CompanyId=2;
27/08/2021 10:19:16	SQL :EXEC GetUserTreeMenu 'pramudyono hadi','1113',@CompanyId=2;
27/08/2021 10:19:16	SQL :EXEC GetUserTreeMenu 'pramudyono hadi','1114',@CompanyId=2;
27/08/2021 10:19:16	SQL :EXEC GetUserTreeMenu 'pramudyono hadi','1115',@CompanyId=2;
27/08/2021 10:19:16	SQL :EXEC GetUserTreeMenu 'pramudyono hadi','1116',@CompanyId=2;
27/08/2021 10:19:16	SQL :EXEC GetUserTreeMenu 'pramudyono hadi','1117',@CompanyId=2;
27/08/2021 10:19:16	SQL :EXEC GetUserTreeMenu 'pramudyono hadi','1198',@CompanyId=2;
27/08/2021 10:19:16	SQL :EXEC GetUserTreeMenu 'pramudyono hadi','1199',@CompanyId=2;
27/08/2021 10:19:16	SQL :EXEC GetUserSubMenu 'pramudyono hadi','12';
27/08/2021 10:19:16	SQL :EXEC GetUserTreeMenu 'pramudyono hadi','1201',@CompanyId=2;
27/08/2021 10:19:16	SQL :EXEC GetUserTreeMenu 'pramudyono hadi','1202',@CompanyId=2;
27/08/2021 10:19:16	SQL :EXEC GetUserTreeMenu 'pramudyono hadi','1203',@CompanyId=2;
27/08/2021 10:19:16	SQL :EXEC GetUserTreeMenu 'pramudyono hadi','1204',@CompanyId=2;
27/08/2021 10:19:16	SQL :EXEC GetUserTreeMenu 'pramudyono hadi','1205',@CompanyId=2;
27/08/2021 10:19:16	SQL :EXEC GetUserTreeMenu 'pramudyono hadi','1206',@CompanyId=2;
27/08/2021 10:19:16	SQL :EXEC GetUserTreeMenu 'pramudyono hadi','1207',@CompanyId=2;
27/08/2021 10:19:16	SQL :EXEC GetUserSubMenu 'pramudyono hadi','13';
27/08/2021 10:19:16	SQL :EXEC GetUserTreeMenu 'pramudyono hadi','1301',@CompanyId=2;
27/08/2021 10:19:16	SQL :EXEC GetUserTreeMenu 'pramudyono hadi','1302',@CompanyId=2;
27/08/2021 10:19:16	SQL :EXEC GetUserTreeMenu 'pramudyono hadi','1303',@CompanyId=2;
27/08/2021 10:19:16	SQL :EXEC GetUserTreeMenu 'pramudyono hadi','1304',@CompanyId=2;
27/08/2021 10:19:16	SQL :EXEC GetUserTreeMenu 'pramudyono hadi','1305',@CompanyId=2;
27/08/2021 10:19:16	SQL :EXEC GetUserTreeMenu 'pramudyono hadi','1306',@CompanyId=2;
27/08/2021 10:19:16	SQL :EXEC GetUserTreeMenu 'pramudyono hadi','1307',@CompanyId=2;
27/08/2021 10:19:16	SQL :EXEC GetUserTreeMenu 'pramudyono hadi','1308',@CompanyId=2;
27/08/2021 10:19:16	SQL :EXEC GetUserTreeMenu 'pramudyono hadi','1309',@CompanyId=2;
27/08/2021 10:19:16	SQL :EXEC GetUserTreeMenu 'pramudyono hadi','1310',@CompanyId=2;
27/08/2021 10:19:16	SQL :EXEC GetUserTreeMenu 'pramudyono hadi','1311',@CompanyId=2;
27/08/2021 10:19:16	SQL :EXEC GetUserTreeMenu 'pramudyono hadi','1312',@CompanyId=2;
27/08/2021 10:19:16	SQL :EXEC GetUserTreeMenu 'pramudyono hadi','1313',@CompanyId=2;
27/08/2021 10:19:16	SQL :EXEC GetUserTreeMenu 'pramudyono hadi','1314',@CompanyId=2;
27/08/2021 10:19:16	SQL :EXEC GetUserTreeMenu 'pramudyono hadi','1315',@CompanyId=2;
27/08/2021 10:19:16	SQL :EXEC GetUserTreeMenu 'pramudyono hadi','1316',@CompanyId=2;
27/08/2021 10:19:16	SQL :EXEC GetUserTreeMenu 'pramudyono hadi','1317',@CompanyId=2;
27/08/2021 10:19:16	SQL :EXEC GetUserTreeMenu 'pramudyono hadi','1318',@CompanyId=2;
27/08/2021 10:19:16	SQL :EXEC GetUserTreeMenu 'pramudyono hadi','1319',@CompanyId=2;
27/08/2021 10:19:16	SQL :EXEC GetUserTreeMenu 'pramudyono hadi','1320',@CompanyId=2;
27/08/2021 10:19:16	SQL :EXEC GetUserTreeMenu 'pramudyono hadi','1321',@CompanyId=2;
27/08/2021 10:19:16	SQL :EXEC GetUserSubMenu 'pramudyono hadi','14';
27/08/2021 10:19:16	SQL :EXEC GetUserTreeMenu 'pramudyono hadi','1401',@CompanyId=2;
27/08/2021 10:19:16	SQL :EXEC GetUserTreeMenu 'pramudyono hadi','1402',@CompanyId=2;
27/08/2021 10:19:16	SQL :EXEC GetUserTreeMenu 'pramudyono hadi','1403',@CompanyId=2;
27/08/2021 10:19:16	SQL :EXEC GetUserTreeMenu 'pramudyono hadi','1404',@CompanyId=2;
27/08/2021 10:19:16	SQL :EXEC GetUserTreeMenu 'pramudyono hadi','1406',@CompanyId=2;
27/08/2021 10:19:16	SQL :EXEC GetUserTreeMenu 'pramudyono hadi','1408',@CompanyId=2;
27/08/2021 10:19:16	SQL :EXEC GetUserTreeMenu 'pramudyono hadi','1410',@CompanyId=2;
27/08/2021 10:19:16	SQL :EXEC GetUserTreeMenu 'pramudyono hadi','1411',@CompanyId=2;
27/08/2021 10:19:16	SQL :EXEC GetUserTreeMenu 'pramudyono hadi','1412',@CompanyId=2;
27/08/2021 10:19:16	SQL :EXEC GetUserTreeMenu 'pramudyono hadi','1413',@CompanyId=2;
27/08/2021 10:19:16	SQL :EXEC GetUserTreeMenu 'pramudyono hadi','1414',@CompanyId=2;
27/08/2021 10:19:16	SQL :EXEC GetUserSubMenu 'pramudyono hadi','15';
27/08/2021 10:19:16	SQL :EXEC GetUserTreeMenu 'pramudyono hadi','1501',@CompanyId=2;
27/08/2021 10:19:16	SQL :EXEC GetUserTreeMenu 'pramudyono hadi','1502',@CompanyId=2;
27/08/2021 10:19:16	SQL :EXEC GetUserTreeMenu 'pramudyono hadi','1503',@CompanyId=2;
27/08/2021 10:19:16	SQL :EXEC GetUserTreeMenu 'pramudyono hadi','1504',@CompanyId=2;
27/08/2021 10:19:16	SQL :EXEC GetUserTreeMenu 'pramudyono hadi','1505',@CompanyId=2;
27/08/2021 10:19:16	SQL :EXEC GetUserTreeMenu 'pramudyono hadi','1506',@CompanyId=2;
27/08/2021 10:19:16	SQL :EXEC GetUserTreeMenu 'pramudyono hadi','1507',@CompanyId=2;
27/08/2021 10:19:16	SQL :EXEC GetUserTreeMenu 'pramudyono hadi','1508',@CompanyId=2;
27/08/2021 10:19:16	SQL :EXEC GetUserTreeMenu 'pramudyono hadi','1509',@CompanyId=2;
27/08/2021 10:19:16	SQL :EXEC GetUserTreeMenu 'pramudyono hadi','1510',@CompanyId=2;
27/08/2021 10:19:16	SQL :EXEC GetUserTreeMenu 'pramudyono hadi','1511',@CompanyId=2;
27/08/2021 10:19:16	SQL :EXEC GetUserSubMenu 'pramudyono hadi','16';
27/08/2021 10:19:16	SQL :EXEC GetUserTreeMenu 'pramudyono hadi','1601',@CompanyId=2;
27/08/2021 10:19:16	SQL :EXEC GetUserTreeMenu 'pramudyono hadi','1602',@CompanyId=2;
27/08/2021 10:19:16	SQL :EXEC GetUserTreeMenu 'pramudyono hadi','1603',@CompanyId=2;
27/08/2021 10:19:16	SQL :EXEC GetUserTreeMenu 'pramudyono hadi','1604',@CompanyId=2;
27/08/2021 10:19:16	SQL :EXEC GetUserTreeMenu 'pramudyono hadi','1605',@CompanyId=2;
27/08/2021 10:19:16	SQL :EXEC GetUserTreeMenu 'pramudyono hadi','1606',@CompanyId=2;
27/08/2021 10:19:16	SQL :EXEC GetUserTreeMenu 'pramudyono hadi','1607',@CompanyId=2;
27/08/2021 10:19:16	SQL :EXEC GetUserTreeMenu 'pramudyono hadi','1608',@CompanyId=2;
27/08/2021 10:19:16	SQL :EXEC GetUserTreeMenu 'pramudyono hadi','1609',@CompanyId=2;
27/08/2021 10:19:16	SQL :EXEC GetUserTreeMenu 'pramudyono hadi','1610',@CompanyId=2;
27/08/2021 10:19:16	SQL :EXEC GetUserTreeMenu 'pramudyono hadi','1611',@CompanyId=2;
27/08/2021 10:19:16	SQL :EXEC GetUserTreeMenu 'pramudyono hadi','1612',@CompanyId=2;
27/08/2021 10:19:16	SQL :EXEC GetUserTreeMenu 'pramudyono hadi','1613',@CompanyId=2;
27/08/2021 10:19:16	SQL :EXEC GetUserTreeMenu 'pramudyono hadi','1614',@CompanyId=2;
27/08/2021 10:19:16	SQL :EXEC GetUserTreeMenu 'pramudyono hadi','1615',@CompanyId=2;
27/08/2021 10:19:16	SQL :EXEC GetUserTreeMenu 'pramudyono hadi','1616',@CompanyId=2;
27/08/2021 10:19:16	SQL :EXEC GetUserTreeMenu 'pramudyono hadi','1619',@CompanyId=2;
27/08/2021 10:19:16	SQL :EXEC GetUserTreeMenu 'pramudyono hadi','1620',@CompanyId=2;
27/08/2021 10:19:16	SQL :EXEC GetUserSubMenu 'pramudyono hadi','17';
27/08/2021 10:19:16	SQL :EXEC GetUserTreeMenu 'pramudyono hadi','1701',@CompanyId=2;
27/08/2021 10:19:16	SQL :EXEC GetUserTreeMenu 'pramudyono hadi','1702',@CompanyId=2;
27/08/2021 10:19:16	SQL :EXEC GetUserTreeMenu 'pramudyono hadi','1703',@CompanyId=2;
27/08/2021 10:19:16	SQL :EXEC GetUserTreeMenu 'pramudyono hadi','1704',@CompanyId=2;
27/08/2021 10:19:16	SQL :EXEC GetUserTreeMenu 'pramudyono hadi','1705',@CompanyId=2;
27/08/2021 10:19:16	SQL :EXEC GetUserTreeMenu 'pramudyono hadi','1706',@CompanyId=2;
27/08/2021 10:19:16	SQL :EXEC GetUserTreeMenu 'pramudyono hadi','1707',@CompanyId=2;
27/08/2021 10:19:16	SQL :EXEC GetUserTreeMenu 'pramudyono hadi','1708',@CompanyId=2;
27/08/2021 10:19:17	SQL :EXEC GetUserTreeMenu 'pramudyono hadi','1709',@CompanyId=2;
27/08/2021 10:19:17	SQL :EXEC GetUserTreeMenu 'pramudyono hadi','1710',@CompanyId=2;
27/08/2021 10:19:17	SQL :EXEC GetUserTreeMenu 'pramudyono hadi','1711',@CompanyId=2;
27/08/2021 10:19:17	SQL :EXEC GetUserTreeMenu 'pramudyono hadi','1712',@CompanyId=2;
27/08/2021 10:19:17	SQL :EXEC GetUserTreeMenu 'pramudyono hadi','1713',@CompanyId=2;
27/08/2021 10:19:17	SQL :EXEC GetUserTreeMenu 'pramudyono hadi','1714',@CompanyId=2;
27/08/2021 10:19:17	SQL :EXEC GetUserTreeMenu 'pramudyono hadi','1715',@CompanyId=2;
27/08/2021 10:19:17	SQL :EXEC GetUserTreeMenu 'pramudyono hadi','1716',@CompanyId=2;
27/08/2021 10:19:17	SQL :EXEC GetUserTreeMenu 'pramudyono hadi','1717',@CompanyId=2;
27/08/2021 10:19:17	SQL :EXEC GetUserSubMenu 'pramudyono hadi','18';
27/08/2021 10:19:17	SQL :EXEC GetUserTreeMenu 'pramudyono hadi','1801',@CompanyId=2;
27/08/2021 10:19:17	SQL :EXEC GetUserSubMenu 'pramudyono hadi','19';
27/08/2021 10:19:17	SQL :EXEC GetUserTreeMenu 'pramudyono hadi','1901',@CompanyId=2;
27/08/2021 10:19:17	SQL :EXEC GetUserTreeMenu 'pramudyono hadi','1902',@CompanyId=2;
27/08/2021 10:19:17	SQL :EXEC GetUserTreeMenu 'pramudyono hadi','1903',@CompanyId=2;
27/08/2021 10:19:17	SQL :EXEC GetUserTreeMenu 'pramudyono hadi','1904',@CompanyId=2;
27/08/2021 10:19:17	SQL :EXEC GetUserTreeMenu 'pramudyono hadi','1905',@CompanyId=2;
27/08/2021 10:19:17	SQL :EXEC GetUserTreeMenu 'pramudyono hadi','1906',@CompanyId=2;
27/08/2021 10:19:17	SQL :EXEC GetUserTreeMenu 'pramudyono hadi','1907',@CompanyId=2;
27/08/2021 10:19:17	SQL :EXEC GetUserTreeMenu 'pramudyono hadi','1908',@CompanyId=2;
27/08/2021 10:19:17	SQL :EXEC GetUserTreeMenu 'pramudyono hadi','1909',@CompanyId=2;
27/08/2021 10:19:17	SQL :EXEC GetUserTreeMenu 'pramudyono hadi','1910',@CompanyId=2;
27/08/2021 10:19:17	SQL :EXEC GetUserTreeMenu 'pramudyono hadi','1911',@CompanyId=2;
27/08/2021 10:19:17	SQL :EXEC GetUserTreeMenu 'pramudyono hadi','1912',@CompanyId=2;
27/08/2021 10:19:17	SQL :SELECT CONVERT(VARCHAR(8),GETDATE(),108) AS hour_minute;
27/08/2021 10:19:17	SQL :SELECT CONVERT(VARCHAR(10),GETDATE(),103) AS date_time;
27/08/2021 10:19:17	Loading Setting
27/08/2021 10:19:17	Open DB Connection
27/08/2021 10:19:17	SQL :SELECT * FROM wh_setting WHERE setting_name='Hold_Less_Deposit';
27/08/2021 10:19:17	SQL :SELECT * FROM wh_setting WHERE setting_name='Max_Less_Deposit';
27/08/2021 10:19:17	SQL :SELECT * FROM wh_setting WHERE setting_name='Dashboard_2';
27/08/2021 10:19:17	Finish Logging
27/08/2021 10:19:17	SQL :SELECT value_string FROM wh_setting WHERE (setting_name='Interval_CheckInDate') AND (active=1);
27/08/2021 10:19:17	SQL :SELECT value_string FROM wh_setting WHERE (setting_name='Interval_CheckInTime') AND (active=1);
27/08/2021 10:19:17	SQL :SELECT value_string FROM wh_setting WHERE (setting_name='ChatEnable') and (active=1);
27/08/2021 10:19:18	Message:Port Check
27/08/2021 10:19:18	Message:Open DB Connection
27/08/2021 10:19:18	SQL :EXEC GetMessage '01','pramudyono hadi';
27/08/2021 10:19:18	SQL :SELECT CONVERT(VARCHAR(8),GETDATE(),108) AS hour_minute;
27/08/2021 10:19:18	SQL :SELECT CONVERT(VARCHAR(10),GETDATE(),103) AS date_time;
27/08/2021 10:19:21	Open Menu :130806
27/08/2021 10:19:21	Open DB Connection
27/08/2021 10:19:21	SQL :EXEC AuthMenu 'pramudyono hadi',130806;
27/08/2021 10:19:21	Form Open: OrderForm=,-1,,0
27/08/2021 10:19:21	Open DB Connection
27/08/2021 10:19:21	SQL :EXEC GetProductPriceList 2,@LocationId=6,@ContractId='';
27/08/2021 10:19:21	Open DB Connection
27/08/2021 10:19:21	SQL :EXEC GetOrderServiceType;
27/08/2021 10:19:21	SQL :EXEC GetTransactionType 'Order';
27/08/2021 10:19:21	Open DB Connection
27/08/2021 10:19:21	SQL :SELECT dbo.GetUsername('pramudyono hadi') AS sales UNION ALL SELECT dbo.GetUsername(username) AS sales FROM wh_user a LEFT JOIN wh_user_detail b ON b.user_id=a.username LEFT JOIN wh_company_location c ON c.company_location_id=a.company_location_id WHERE (b.department_id=14) AND (c.location_id='6');
27/08/2021 10:19:21	SQL :SELECT dbo.GetUsername('pramudyono hadi') AS sales;
27/08/2021 10:19:21	Open DB Connection
27/08/2021 10:19:21	SQL :SELECT value_string FROM wh_setting WHERE setting_name='Auto_Schedule';
27/08/2021 10:19:21	SQL :SELECT value_string FROM wh_setting WHERE setting_name='Confirmation_Form_Line_CompanyId_2';
27/08/2021 10:19:21	SQL :SELECT value_string FROM wh_setting WHERE setting_name='Waiting_List_Enabled_2';
27/08/2021 10:19:27	Open DB Connection
27/08/2021 10:19:27	SQL :EXEC GetProductPriceList 2,@LocationId=6,@ContractId='';
27/08/2021 10:19:34	Open DB Connection
27/08/2021 10:19:34	SQL :EXEC GetProductPriceList 2,@LocationId=6,@ContractId='';
27/08/2021 10:19:34	Open DB Connection
27/08/2021 10:19:36	Open DB Connection
27/08/2021 10:19:42	Open DB Connection
27/08/2021 10:19:42	Open DB Connection
27/08/2021 10:19:46	Open DB Connection
27/08/2021 10:19:46	Open DB Connection
27/08/2021 10:20:36	Open DB Connection
27/08/2021 10:20:36	SQL :EXEC GetCustomerDetail C15010184;
27/08/2021 10:20:36	SQL :EXEC GetContactPersonList 'C15010184';
27/08/2021 10:21:02	Get Local Settings
27/08/2021 10:21:02	Start Change Local Settings
27/08/2021 10:21:02	Change short date format
27/08/2021 10:21:02	Change Long date format
27/08/2021 10:21:02	Finish Change Local Settings
27/08/2021 10:21:02	Registry Read: Path=SOFTWARE\WEHA\Aplikasi\3
27/08/2021 10:21:02	Registry Read/Write
27/08/2021 10:21:02	Registry Read: Path=SOFTWARE\WEHA\Aplikasi\3
27/08/2021 10:21:02	Create DB Object
27/08/2021 10:21:02	Init DB
27/08/2021 10:21:02	Finish Init DB
27/08/2021 10:21:02	Get File Version
27/08/2021 10:21:02	Change  Caption
27/08/2021 10:21:02	Init Shortkey
27/08/2021 10:21:04	Create DB Object
27/08/2021 10:21:04	Init DB
27/08/2021 10:21:04	Finish Init DB
27/08/2021 10:21:06	Update new version check
27/08/2021 10:21:06	Open DB Connection
27/08/2021 10:21:06	SQL :
27/08/2021 10:21:06	Update check version
27/08/2021 10:21:06	Open DB Connection
27/08/2021 10:21:06	SQL :SELECT version FROM wh_application WHERE application_id=(SELECT MAX(application_id) FROM wh_application);
27/08/2021 10:21:06	Start Login
27/08/2021 10:21:06	Open DB Connection
27/08/2021 10:21:06	SQL :EXEC AuthenticateUser 'pramudyono hadi','6f2b8366efa56f0c06dd6b31fcff8a73';
27/08/2021 10:21:06	SQL :INSERT INTO wh_log (user_id,app_date,app_version,app_version_svr,location_id,company_id,department_id,host_name,ip_address)  VALUES ('pramudyono hadi','27/08/2021','6.1.3.13','6.1.3.13',6,2,13,'DESKTOP-S1PD9OD','192.168.25.214');
27/08/2021 10:21:07	Open DB Connection
27/08/2021 10:21:07	SQL :EXEC GetUserMenu 'pramudyono hadi';
27/08/2021 10:21:07	SQL :EXEC GetUserSubMenu 'pramudyono hadi','11';
27/08/2021 10:21:07	SQL :EXEC GetUserTreeMenu 'pramudyono hadi','1101',@CompanyId=2;
27/08/2021 10:21:07	SQL :EXEC GetUserTreeMenu 'pramudyono hadi','1102',@CompanyId=2;
27/08/2021 10:21:07	SQL :EXEC GetUserTreeMenu 'pramudyono hadi','1103',@CompanyId=2;
27/08/2021 10:21:07	SQL :EXEC GetUserTreeMenu 'pramudyono hadi','1104',@CompanyId=2;
27/08/2021 10:21:07	SQL :EXEC GetUserTreeMenu 'pramudyono hadi','1105',@CompanyId=2;
27/08/2021 10:21:07	SQL :EXEC GetUserTreeMenu 'pramudyono hadi','1106',@CompanyId=2;
27/08/2021 10:21:07	SQL :EXEC GetUserTreeMenu 'pramudyono hadi','1107',@CompanyId=2;
27/08/2021 10:21:07	SQL :EXEC GetUserTreeMenu 'pramudyono hadi','1108',@CompanyId=2;
27/08/2021 10:21:07	SQL :EXEC GetUserTreeMenu 'pramudyono hadi','1109',@CompanyId=2;
27/08/2021 10:21:07	SQL :EXEC GetUserTreeMenu 'pramudyono hadi','1110',@CompanyId=2;
27/08/2021 10:21:07	SQL :EXEC GetUserTreeMenu 'pramudyono hadi','1111',@CompanyId=2;
27/08/2021 10:21:07	SQL :EXEC GetUserTreeMenu 'pramudyono hadi','1112',@CompanyId=2;
27/08/2021 10:21:07	SQL :EXEC GetUserTreeMenu 'pramudyono hadi','1113',@CompanyId=2;
27/08/2021 10:21:07	SQL :EXEC GetUserTreeMenu 'pramudyono hadi','1114',@CompanyId=2;
27/08/2021 10:21:07	SQL :EXEC GetUserTreeMenu 'pramudyono hadi','1115',@CompanyId=2;
27/08/2021 10:21:07	SQL :EXEC GetUserTreeMenu 'pramudyono hadi','1116',@CompanyId=2;
27/08/2021 10:21:07	SQL :EXEC GetUserTreeMenu 'pramudyono hadi','1117',@CompanyId=2;
27/08/2021 10:21:07	SQL :EXEC GetUserTreeMenu 'pramudyono hadi','1198',@CompanyId=2;
27/08/2021 10:21:07	SQL :EXEC GetUserTreeMenu 'pramudyono hadi','1199',@CompanyId=2;
27/08/2021 10:21:07	SQL :EXEC GetUserSubMenu 'pramudyono hadi','12';
27/08/2021 10:21:07	SQL :EXEC GetUserTreeMenu 'pramudyono hadi','1201',@CompanyId=2;
27/08/2021 10:21:07	SQL :EXEC GetUserTreeMenu 'pramudyono hadi','1202',@CompanyId=2;
27/08/2021 10:21:07	SQL :EXEC GetUserTreeMenu 'pramudyono hadi','1203',@CompanyId=2;
27/08/2021 10:21:07	SQL :EXEC GetUserTreeMenu 'pramudyono hadi','1204',@CompanyId=2;
27/08/2021 10:21:07	SQL :EXEC GetUserTreeMenu 'pramudyono hadi','1205',@CompanyId=2;
27/08/2021 10:21:07	SQL :EXEC GetUserTreeMenu 'pramudyono hadi','1206',@CompanyId=2;
27/08/2021 10:21:07	SQL :EXEC GetUserTreeMenu 'pramudyono hadi','1207',@CompanyId=2;
27/08/2021 10:21:07	SQL :EXEC GetUserSubMenu 'pramudyono hadi','13';
27/08/2021 10:21:07	SQL :EXEC GetUserTreeMenu 'pramudyono hadi','1301',@CompanyId=2;
27/08/2021 10:21:07	SQL :EXEC GetUserTreeMenu 'pramudyono hadi','1302',@CompanyId=2;
27/08/2021 10:21:07	SQL :EXEC GetUserTreeMenu 'pramudyono hadi','1303',@CompanyId=2;
27/08/2021 10:21:07	SQL :EXEC GetUserTreeMenu 'pramudyono hadi','1304',@CompanyId=2;
27/08/2021 10:21:07	SQL :EXEC GetUserTreeMenu 'pramudyono hadi','1305',@CompanyId=2;
27/08/2021 10:21:07	SQL :EXEC GetUserTreeMenu 'pramudyono hadi','1306',@CompanyId=2;
27/08/2021 10:21:07	SQL :EXEC GetUserTreeMenu 'pramudyono hadi','1307',@CompanyId=2;
27/08/2021 10:21:07	SQL :EXEC GetUserTreeMenu 'pramudyono hadi','1308',@CompanyId=2;
27/08/2021 10:21:07	SQL :EXEC GetUserTreeMenu 'pramudyono hadi','1309',@CompanyId=2;
27/08/2021 10:21:07	SQL :EXEC GetUserTreeMenu 'pramudyono hadi','1310',@CompanyId=2;
27/08/2021 10:21:07	SQL :EXEC GetUserTreeMenu 'pramudyono hadi','1311',@CompanyId=2;
27/08/2021 10:21:07	SQL :EXEC GetUserTreeMenu 'pramudyono hadi','1312',@CompanyId=2;
27/08/2021 10:21:07	SQL :EXEC GetUserTreeMenu 'pramudyono hadi','1313',@CompanyId=2;
27/08/2021 10:21:07	SQL :EXEC GetUserTreeMenu 'pramudyono hadi','1314',@CompanyId=2;
27/08/2021 10:21:07	SQL :EXEC GetUserTreeMenu 'pramudyono hadi','1315',@CompanyId=2;
27/08/2021 10:21:07	SQL :EXEC GetUserTreeMenu 'pramudyono hadi','1316',@CompanyId=2;
27/08/2021 10:21:07	SQL :EXEC GetUserTreeMenu 'pramudyono hadi','1317',@CompanyId=2;
27/08/2021 10:21:07	SQL :EXEC GetUserTreeMenu 'pramudyono hadi','1318',@CompanyId=2;
27/08/2021 10:21:07	SQL :EXEC GetUserTreeMenu 'pramudyono hadi','1319',@CompanyId=2;
27/08/2021 10:21:07	SQL :EXEC GetUserTreeMenu 'pramudyono hadi','1320',@CompanyId=2;
27/08/2021 10:21:07	SQL :EXEC GetUserTreeMenu 'pramudyono hadi','1321',@CompanyId=2;
27/08/2021 10:21:07	SQL :EXEC GetUserSubMenu 'pramudyono hadi','14';
27/08/2021 10:21:07	SQL :EXEC GetUserTreeMenu 'pramudyono hadi','1401',@CompanyId=2;
27/08/2021 10:21:07	SQL :EXEC GetUserTreeMenu 'pramudyono hadi','1402',@CompanyId=2;
27/08/2021 10:21:07	SQL :EXEC GetUserTreeMenu 'pramudyono hadi','1403',@CompanyId=2;
27/08/2021 10:21:07	SQL :EXEC GetUserTreeMenu 'pramudyono hadi','1404',@CompanyId=2;
27/08/2021 10:21:07	SQL :EXEC GetUserTreeMenu 'pramudyono hadi','1406',@CompanyId=2;
27/08/2021 10:21:07	SQL :EXEC GetUserTreeMenu 'pramudyono hadi','1408',@CompanyId=2;
27/08/2021 10:21:07	SQL :EXEC GetUserTreeMenu 'pramudyono hadi','1410',@CompanyId=2;
27/08/2021 10:21:07	SQL :EXEC GetUserTreeMenu 'pramudyono hadi','1411',@CompanyId=2;
27/08/2021 10:21:07	SQL :EXEC GetUserTreeMenu 'pramudyono hadi','1412',@CompanyId=2;
27/08/2021 10:21:07	SQL :EXEC GetUserTreeMenu 'pramudyono hadi','1413',@CompanyId=2;
27/08/2021 10:21:07	SQL :EXEC GetUserTreeMenu 'pramudyono hadi','1414',@CompanyId=2;
27/08/2021 10:21:07	SQL :EXEC GetUserSubMenu 'pramudyono hadi','15';
27/08/2021 10:21:07	SQL :EXEC GetUserTreeMenu 'pramudyono hadi','1501',@CompanyId=2;
27/08/2021 10:21:07	SQL :EXEC GetUserTreeMenu 'pramudyono hadi','1502',@CompanyId=2;
27/08/2021 10:21:07	SQL :EXEC GetUserTreeMenu 'pramudyono hadi','1503',@CompanyId=2;
27/08/2021 10:21:07	SQL :EXEC GetUserTreeMenu 'pramudyono hadi','1504',@CompanyId=2;
27/08/2021 10:21:07	SQL :EXEC GetUserTreeMenu 'pramudyono hadi','1505',@CompanyId=2;
27/08/2021 10:21:07	SQL :EXEC GetUserTreeMenu 'pramudyono hadi','1506',@CompanyId=2;
27/08/2021 10:21:07	SQL :EXEC GetUserTreeMenu 'pramudyono hadi','1507',@CompanyId=2;
27/08/2021 10:21:07	SQL :EXEC GetUserTreeMenu 'pramudyono hadi','1508',@CompanyId=2;
27/08/2021 10:21:07	SQL :EXEC GetUserTreeMenu 'pramudyono hadi','1509',@CompanyId=2;
27/08/2021 10:21:07	SQL :EXEC GetUserTreeMenu 'pramudyono hadi','1510',@CompanyId=2;
27/08/2021 10:21:07	SQL :EXEC GetUserTreeMenu 'pramudyono hadi','1511',@CompanyId=2;
27/08/2021 10:21:07	SQL :EXEC GetUserSubMenu 'pramudyono hadi','16';
27/08/2021 10:21:07	SQL :EXEC GetUserTreeMenu 'pramudyono hadi','1601',@CompanyId=2;
27/08/2021 10:21:07	SQL :EXEC GetUserTreeMenu 'pramudyono hadi','1602',@CompanyId=2;
27/08/2021 10:21:07	SQL :EXEC GetUserTreeMenu 'pramudyono hadi','1603',@CompanyId=2;
27/08/2021 10:21:07	SQL :EXEC GetUserTreeMenu 'pramudyono hadi','1604',@CompanyId=2;
27/08/2021 10:21:07	SQL :EXEC GetUserTreeMenu 'pramudyono hadi','1605',@CompanyId=2;
27/08/2021 10:21:07	SQL :EXEC GetUserTreeMenu 'pramudyono hadi','1606',@CompanyId=2;
27/08/2021 10:21:07	SQL :EXEC GetUserTreeMenu 'pramudyono hadi','1607',@CompanyId=2;
27/08/2021 10:21:07	SQL :EXEC GetUserTreeMenu 'pramudyono hadi','1608',@CompanyId=2;
27/08/2021 10:21:07	SQL :EXEC GetUserTreeMenu 'pramudyono hadi','1609',@CompanyId=2;
27/08/2021 10:21:07	SQL :EXEC GetUserTreeMenu 'pramudyono hadi','1610',@CompanyId=2;
27/08/2021 10:21:07	SQL :EXEC GetUserTreeMenu 'pramudyono hadi','1611',@CompanyId=2;
27/08/2021 10:21:07	SQL :EXEC GetUserTreeMenu 'pramudyono hadi','1612',@CompanyId=2;
27/08/2021 10:21:07	SQL :EXEC GetUserTreeMenu 'pramudyono hadi','1613',@CompanyId=2;
27/08/2021 10:21:07	SQL :EXEC GetUserTreeMenu 'pramudyono hadi','1614',@CompanyId=2;
27/08/2021 10:21:07	SQL :EXEC GetUserTreeMenu 'pramudyono hadi','1615',@CompanyId=2;
27/08/2021 10:21:07	SQL :EXEC GetUserTreeMenu 'pramudyono hadi','1616',@CompanyId=2;
27/08/2021 10:21:07	SQL :EXEC GetUserTreeMenu 'pramudyono hadi','1619',@CompanyId=2;
27/08/2021 10:21:07	SQL :EXEC GetUserTreeMenu 'pramudyono hadi','1620',@CompanyId=2;
27/08/2021 10:21:07	SQL :EXEC GetUserSubMenu 'pramudyono hadi','17';
27/08/2021 10:21:07	SQL :EXEC GetUserTreeMenu 'pramudyono hadi','1701',@CompanyId=2;
27/08/2021 10:21:08	SQL :EXEC GetUserTreeMenu 'pramudyono hadi','1702',@CompanyId=2;
27/08/2021 10:21:08	SQL :EXEC GetUserTreeMenu 'pramudyono hadi','1703',@CompanyId=2;
27/08/2021 10:21:08	SQL :EXEC GetUserTreeMenu 'pramudyono hadi','1704',@CompanyId=2;
27/08/2021 10:21:08	SQL :EXEC GetUserTreeMenu 'pramudyono hadi','1705',@CompanyId=2;
27/08/2021 10:21:08	SQL :EXEC GetUserTreeMenu 'pramudyono hadi','1706',@CompanyId=2;
27/08/2021 10:21:08	SQL :EXEC GetUserTreeMenu 'pramudyono hadi','1707',@CompanyId=2;
27/08/2021 10:21:08	SQL :EXEC GetUserTreeMenu 'pramudyono hadi','1708',@CompanyId=2;
27/08/2021 10:21:08	SQL :EXEC GetUserTreeMenu 'pramudyono hadi','1709',@CompanyId=2;
27/08/2021 10:21:08	SQL :EXEC GetUserTreeMenu 'pramudyono hadi','1710',@CompanyId=2;
27/08/2021 10:21:08	SQL :EXEC GetUserTreeMenu 'pramudyono hadi','1711',@CompanyId=2;
27/08/2021 10:21:08	SQL :EXEC GetUserTreeMenu 'pramudyono hadi','1712',@CompanyId=2;
27/08/2021 10:21:08	SQL :EXEC GetUserTreeMenu 'pramudyono hadi','1713',@CompanyId=2;
27/08/2021 10:21:08	SQL :EXEC GetUserTreeMenu 'pramudyono hadi','1714',@CompanyId=2;
27/08/2021 10:21:08	SQL :EXEC GetUserTreeMenu 'pramudyono hadi','1715',@CompanyId=2;
27/08/2021 10:21:08	SQL :EXEC GetUserTreeMenu 'pramudyono hadi','1716',@CompanyId=2;
27/08/2021 10:21:08	SQL :EXEC GetUserTreeMenu 'pramudyono hadi','1717',@CompanyId=2;
27/08/2021 10:21:08	SQL :EXEC GetUserSubMenu 'pramudyono hadi','18';
27/08/2021 10:21:08	SQL :EXEC GetUserTreeMenu 'pramudyono hadi','1801',@CompanyId=2;
27/08/2021 10:21:08	SQL :EXEC GetUserSubMenu 'pramudyono hadi','19';
27/08/2021 10:21:08	SQL :EXEC GetUserTreeMenu 'pramudyono hadi','1901',@CompanyId=2;
27/08/2021 10:21:08	SQL :EXEC GetUserTreeMenu 'pramudyono hadi','1902',@CompanyId=2;
27/08/2021 10:21:08	SQL :EXEC GetUserTreeMenu 'pramudyono hadi','1903',@CompanyId=2;
27/08/2021 10:21:08	SQL :EXEC GetUserTreeMenu 'pramudyono hadi','1904',@CompanyId=2;
27/08/2021 10:21:08	SQL :EXEC GetUserTreeMenu 'pramudyono hadi','1905',@CompanyId=2;
27/08/2021 10:21:08	SQL :EXEC GetUserTreeMenu 'pramudyono hadi','1906',@CompanyId=2;
27/08/2021 10:21:08	SQL :EXEC GetUserTreeMenu 'pramudyono hadi','1907',@CompanyId=2;
27/08/2021 10:21:08	SQL :EXEC GetUserTreeMenu 'pramudyono hadi','1908',@CompanyId=2;
27/08/2021 10:21:08	SQL :EXEC GetUserTreeMenu 'pramudyono hadi','1909',@CompanyId=2;
27/08/2021 10:21:08	SQL :EXEC GetUserTreeMenu 'pramudyono hadi','1910',@CompanyId=2;
27/08/2021 10:21:08	SQL :EXEC GetUserTreeMenu 'pramudyono hadi','1911',@CompanyId=2;
27/08/2021 10:21:08	SQL :EXEC GetUserTreeMenu 'pramudyono hadi','1912',@CompanyId=2;
27/08/2021 10:21:08	SQL :SELECT CONVERT(VARCHAR(8),GETDATE(),108) AS hour_minute;
27/08/2021 10:21:08	SQL :SELECT CONVERT(VARCHAR(10),GETDATE(),103) AS date_time;
27/08/2021 10:21:08	Loading Setting
27/08/2021 10:21:08	Open DB Connection
27/08/2021 10:21:08	SQL :SELECT * FROM wh_setting WHERE setting_name='Hold_Less_Deposit';
27/08/2021 10:21:08	SQL :SELECT * FROM wh_setting WHERE setting_name='Max_Less_Deposit';
27/08/2021 10:21:08	SQL :SELECT * FROM wh_setting WHERE setting_name='Dashboard_2';
27/08/2021 10:21:08	Finish Logging
27/08/2021 10:21:08	SQL :SELECT value_string FROM wh_setting WHERE (setting_name='Interval_CheckInDate') AND (active=1);
27/08/2021 10:21:08	SQL :SELECT value_string FROM wh_setting WHERE (setting_name='Interval_CheckInTime') AND (active=1);
27/08/2021 10:21:08	SQL :SELECT value_string FROM wh_setting WHERE (setting_name='ChatEnable') and (active=1);
27/08/2021 10:21:09	Message:Port Check
27/08/2021 10:21:09	Message:Open DB Connection
27/08/2021 10:21:09	SQL :EXEC GetMessage '01','pramudyono hadi';
27/08/2021 10:21:09	SQL :SELECT CONVERT(VARCHAR(8),GETDATE(),108) AS hour_minute;
27/08/2021 10:21:09	SQL :SELECT CONVERT(VARCHAR(10),GETDATE(),103) AS date_time;
27/08/2021 10:21:15	Open Menu :130806
27/08/2021 10:21:15	Open DB Connection
27/08/2021 10:21:15	SQL :EXEC AuthMenu 'pramudyono hadi',130806;
27/08/2021 10:21:15	Form Open: OrderForm=,-1,,0
27/08/2021 10:21:15	Open DB Connection
27/08/2021 10:21:15	SQL :EXEC GetProductPriceList 2,@LocationId=6,@ContractId='';
27/08/2021 10:21:15	Open DB Connection
27/08/2021 10:21:15	SQL :EXEC GetOrderServiceType;
27/08/2021 10:21:16	SQL :EXEC GetTransactionType 'Order';
27/08/2021 10:21:16	Open DB Connection
27/08/2021 10:21:16	SQL :SELECT dbo.GetUsername('pramudyono hadi') AS sales UNION ALL SELECT dbo.GetUsername(username) AS sales FROM wh_user a LEFT JOIN wh_user_detail b ON b.user_id=a.username LEFT JOIN wh_company_location c ON c.company_location_id=a.company_location_id WHERE (b.department_id=14) AND (c.location_id='6');
27/08/2021 10:21:16	SQL :SELECT dbo.GetUsername('pramudyono hadi') AS sales;
27/08/2021 10:21:16	Open DB Connection
27/08/2021 10:21:16	SQL :SELECT value_string FROM wh_setting WHERE setting_name='Auto_Schedule';
27/08/2021 10:21:16	SQL :SELECT value_string FROM wh_setting WHERE setting_name='Confirmation_Form_Line_CompanyId_2';
27/08/2021 10:21:16	SQL :SELECT value_string FROM wh_setting WHERE setting_name='Waiting_List_Enabled_2';
27/08/2021 10:21:21	Open DB Connection
27/08/2021 10:21:21	Open DB Connection
27/08/2021 10:21:56	Open DB Connection
27/08/2021 10:21:56	SQL :EXEC GetCustomerDetail C15010184;
27/08/2021 10:21:56	SQL :EXEC GetContactPersonList 'C15010184';
27/08/2021 10:21:58	Open DB Connection
27/08/2021 10:21:58	SQL :EXEC GetProductPriceList 2,@LocationId=6,@ContractId='';
27/08/2021 10:23:09	Open DB Connection
27/08/2021 10:23:09	SQL :EXEC GetProductPriceList 2,@LocationId=6,@ContractId='';
27/08/2021 10:23:09	Open DB Connection
27/08/2021 10:23:15	Open DB Connection
27/08/2021 10:23:15	Open DB Connection
27/08/2021 10:23:25	Open DB Connection
27/08/2021 10:23:25	Open DB Connection
27/08/2021 10:23:30	Open DB Connection
27/08/2021 10:23:30	Open DB Connection
27/08/2021 10:23:34	Form Save:OrderForm
27/08/2021 10:23:34	Open DB Connection
27/08/2021 10:23:34	Form Save:OrderForm
27/08/2021 10:23:34	Open DB Connection
27/08/2021 10:23:45	SQL :SELECT RIGHT(MAX(customer_order_id),4) AS max_id FROM wh_customer_order WHERE customer_order_id  LIKE 'COWDC2108____';
27/08/2021 10:23:45	SQL :INSERT INTO wh_customer_order (customer_order_id,company_id,location_id,lead_order_id,customer_id,contact_person_id,cust_contract_id,group_name,sales_id,discount_price,discount_percent,discount_amount,total,discount_cn_percent,field_contact,field_contact_cellular_no,remark,is_service,service_type_id,update_user) VALUES ('COWDC21080577',2,6,NULL,'C15010184',NULL,NULL,NULL,dbo.GetUserId('Pramudyono Hadi'),0,0,0,1,NULL,NULL,NULL,NULL,1,3,'pramudyono hadi');
27/08/2021 10:23:45	SQL :SELECT MAX(COALESCE(CAST(Substring(customer_order_detail_id,11, 8) as Int), 0)) AS max_id FROM wh_customer_order_detail WHERE customer_order_detail_id  LIKE 'CORWDC2108______';
27/08/2021 10:23:45	SQL :INSERT INTO wh_customer_order_detail (customer_order_detail_id,customer_order_id,lead_order_detail_id,product_price_id,depart_location_id,from_date,to_date,from_time,route,pickup_point,standby_time,price_weekday,price_weekend,price_overday,units,total,total_addday,discount_price,discount_percent,remark,update_user) VALUES ('CORWDC2108005241','COWDC21080577',NULL,'PP15060004',6,'2021-08-28','2021-08-28','08:00','TEST KIR Pulo gadung','kir',NULL,'1','1',0,1,'1',0,'0','0',NULL,'pramudyono hadi');
27/08/2021 10:23:47	SQL :SELECT RIGHT(MAX(reserved_order_id),4) AS max_id FROM wh_reserved_order WHERE reserved_order_id  LIKE 'RESWDC2108____';
27/08/2021 10:23:47	SQL :INSERT INTO wh_reserved_order (reserved_order_id,customer_order_id,company_id,location_id,customer_id,field_contact,field_contact_cellular_no,group_name,daily_package,submit_user,update_user) VALUES ('RESWDC21080584','COWDC21080577',2,6,'C15010184',NULL,NULL,NULL,NULL,dbo.GetUsername('Pramudyono Hadi'),'pramudyono hadi');
27/08/2021 10:23:47	SQL :SELECT RIGHT(MAX(reserved_order_detail_id),5) AS max_id FROM wh_reserved_order_detail WHERE reserved_order_detail_id  LIKE 'RESR2108_____';
27/08/2021 10:23:47	SQL :EXEC GetVhcAvail 6,2,@BatchId=6,@Seats=27,@FromDate='2021-08-28',@ToDate='2021-08-28',@ProductPriceId='PP15060004',@FromTime='08:00'
27/08/2021 10:23:47	SQL :INSERT INTO wh_reserved_order_detail_detail (reserved_order_detail_id,reserved_order_id,customer_order_detail_id,update_user) VALUES ('RESR210808917','RESWDC21080584','CORWDC2108005241','pramudyono hadi');
27/08/2021 10:23:47	SQL :UPDATE wh_customer_order SET complete=1,update_time=GETDATE(),update_user='pramudyono hadi' WHERE (customer_order_id='COWDC21080577') AND (status=1);
27/08/2021 10:24:29	Open Menu :190506
27/08/2021 10:24:29	Open DB Connection
27/08/2021 10:24:29	SQL :EXEC AuthMenu 'pramudyono hadi',190506;
27/08/2021 10:24:29	Form Check :DailyCheckRpt
27/08/2021 10:24:29	Form Open: DailyCheckRpt=Bus,,,6
27/08/2021 10:24:29	Open DB Connection
27/08/2021 10:24:29	SQL :EXEC GetCompanyLocationList
27/08/2021 10:24:30	Open DB Connection
27/08/2021 10:24:30	SQL :EXEC GetCustomerOrderList 2,@OutDates='2021/08/27',@LocationId=6,@Finish=6,@ListType=1,@isQuick=1;
27/08/2021 10:24:31	SQL :EXEC GetReservedOrderDetailDetail @CustomerOrderDetailId='CORWDC2108002315',@SJDetail=1;
27/08/2021 10:24:31	SQL :EXEC GetReservedOrderDetailDetail @CustomerOrderDetailId='CORWDC2107002344',@SJDetail=1;
27/08/2021 10:24:32	SQL :EXEC GetReservedOrderDetailDetail @CustomerOrderDetailId='CORWDC2107002364',@SJDetail=1;
27/08/2021 10:24:32	SQL :EXEC GetReservedOrderDetailDetail @CustomerOrderDetailId='CORWDC2107002384',@SJDetail=1;
27/08/2021 10:24:32	SQL :EXEC GetReservedOrderDetailDetail @CustomerOrderDetailId='CORWDC2107002983',@SJDetail=1;
27/08/2021 10:24:32	SQL :EXEC GetReservedOrderDetailDetail @CustomerOrderDetailId='CORWDC2108003875',@SJDetail=1;
27/08/2021 10:24:32	SQL :EXEC GetReservedOrderDetailDetail @CustomerOrderDetailId='CORWDC2108004167',@SJDetail=1;
27/08/2021 10:24:32	SQL :EXEC GetReservedOrderDetailDetail @CustomerOrderDetailId='CORWDC2108003922',@SJDetail=1;
27/08/2021 10:24:32	SQL :EXEC GetReservedOrderDetailDetail @CustomerOrderDetailId='CORWDC2108003931',@SJDetail=1;
27/08/2021 10:24:32	SQL :EXEC GetReservedOrderDetailDetail @CustomerOrderDetailId='CORWDC2108004162',@SJDetail=1;
27/08/2021 10:24:32	SQL :EXEC GetReservedOrderDetailDetail @CustomerOrderDetailId='CORWDC2108004157',@SJDetail=1;
27/08/2021 10:24:32	SQL :EXEC GetReservedOrderDetailDetail @CustomerOrderDetailId='CORWDC2108004152',@SJDetail=1;
27/08/2021 10:24:32	SQL :EXEC GetReservedOrderDetailDetail @CustomerOrderDetailId='CORWDC2108004147',@SJDetail=1;
27/08/2021 10:24:32	SQL :EXEC GetReservedOrderDetailDetail @CustomerOrderDetailId='CORWDC2108004142',@SJDetail=1;
27/08/2021 10:24:32	SQL :EXEC GetReservedOrderDetailDetail @CustomerOrderDetailId='CORWDC2108004137',@SJDetail=1;
27/08/2021 10:24:32	SQL :EXEC GetReservedOrderDetailDetail @CustomerOrderDetailId='CORWDC2108004132',@SJDetail=1;
27/08/2021 10:24:32	SQL :EXEC GetReservedOrderDetailDetail @CustomerOrderDetailId='CORWDC2108004127',@SJDetail=1;
27/08/2021 10:24:32	SQL :EXEC GetReservedOrderDetailDetail @CustomerOrderDetailId='CORWDC2108004122',@SJDetail=1;
27/08/2021 10:24:32	SQL :EXEC GetReservedOrderDetailDetail @CustomerOrderDetailId='CORWDC2108004900',@SJDetail=1;
27/08/2021 10:24:32	SQL :EXEC GetReservedOrderDetailDetail @CustomerOrderDetailId='CORWDC2108004925',@SJDetail=1;
27/08/2021 10:24:32	SQL :EXEC GetReservedOrderDetailDetail @CustomerOrderDetailId='CORWDC2108004116',@SJDetail=1;
27/08/2021 10:24:32	SQL :EXEC GetReservedOrderDetailDetail @CustomerOrderDetailId='CORWDC2108004041',@SJDetail=1;
27/08/2021 10:24:32	SQL :EXEC GetReservedOrderDetailDetail @CustomerOrderDetailId='CORWDC2108004036',@SJDetail=1;
27/08/2021 10:24:32	SQL :EXEC GetReservedOrderDetailDetail @CustomerOrderDetailId='CORWDC2108004031',@SJDetail=1;
27/08/2021 10:24:32	SQL :EXEC GetReservedOrderDetailDetail @CustomerOrderDetailId='CORWDC2108001215',@SJDetail=1;
27/08/2021 10:24:32	SQL :EXEC GetReservedOrderDetailDetail @CustomerOrderDetailId='CORWDC2108003028',@SJDetail=1;
27/08/2021 10:24:32	SQL :EXEC GetReservedOrderDetailDetail @CustomerOrderDetailId='CORWDC2108004199',@SJDetail=1;
27/08/2021 10:24:32	SQL :EXEC GetReservedOrderDetailDetail @CustomerOrderDetailId='CORWDC2108004208',@SJDetail=1;
27/08/2021 10:24:32	SQL :EXEC GetReservedOrderDetailDetail @CustomerOrderDetailId='CORWDC2108004227',@SJDetail=1;
27/08/2021 10:24:32	SQL :EXEC GetReservedOrderDetailDetail @CustomerOrderDetailId='CORWDC2108004232',@SJDetail=1;
27/08/2021 10:24:32	SQL :EXEC GetReservedOrderDetailDetail @CustomerOrderDetailId='CORWDC2108004982',@SJDetail=1;
27/08/2021 10:24:32	SQL :EXEC GetReservedOrderDetailDetail @CustomerOrderDetailId='CORWDC2108004961',@SJDetail=1;
27/08/2021 10:24:32	SQL :EXEC GetReservedOrderDetailDetail @CustomerOrderDetailId='CORWDC2108004334',@SJDetail=1;
27/08/2021 10:24:32	SQL :EXEC GetReservedOrderDetailDetail @CustomerOrderDetailId='CORWDC2108004358',@SJDetail=1;
27/08/2021 10:24:32	SQL :EXEC GetReservedOrderDetailDetail @CustomerOrderDetailId='CORWDC2108004497',@SJDetail=1;
27/08/2021 10:24:32	SQL :EXEC GetReservedOrderDetailDetail @CustomerOrderDetailId='CORWDC2108004509',@SJDetail=1;
27/08/2021 10:24:32	SQL :EXEC GetReservedOrderDetailDetail @CustomerOrderDetailId='CORWDC2108004521',@SJDetail=1;
27/08/2021 10:24:32	SQL :EXEC GetReservedOrderDetailDetail @CustomerOrderDetailId='CORWDC2108004533',@SJDetail=1;
27/08/2021 10:24:32	SQL :EXEC GetReservedOrderDetailDetail @CustomerOrderDetailId='CORWDC2108004545',@SJDetail=1;
27/08/2021 10:24:32	SQL :EXEC GetReservedOrderDetailDetail @CustomerOrderDetailId='CORWDC2108004557',@SJDetail=1;
27/08/2021 10:24:32	SQL :EXEC GetReservedOrderDetailDetail @CustomerOrderDetailId='CORWDC2108004569',@SJDetail=1;
27/08/2021 10:24:32	SQL :EXEC GetReservedOrderDetailDetail @CustomerOrderDetailId='CORWDC2108004581',@SJDetail=1;
27/08/2021 10:24:32	SQL :EXEC GetReservedOrderDetailDetail @CustomerOrderDetailId='CORWDC2108004599',@SJDetail=1;
27/08/2021 10:24:32	SQL :EXEC GetReservedOrderDetailDetail @CustomerOrderDetailId='CORWDC2108004605',@SJDetail=1;
27/08/2021 10:24:32	SQL :EXEC GetReservedOrderDetailDetail @CustomerOrderDetailId='CORWDC2108004635',@SJDetail=1;
27/08/2021 10:24:32	SQL :EXEC GetReservedOrderDetailDetail @CustomerOrderDetailId='CORWDC2108004641',@SJDetail=1;
27/08/2021 10:24:32	SQL :EXEC GetReservedOrderDetailDetail @CustomerOrderDetailId='CORWDC2108004647',@SJDetail=1;
27/08/2021 10:24:32	SQL :EXEC GetReservedOrderDetailDetail @CustomerOrderDetailId='CORWDC2108004653',@SJDetail=1;
27/08/2021 10:24:32	SQL :EXEC GetReservedOrderDetailDetail @CustomerOrderDetailId='CORWDC2108004992',@SJDetail=1;
27/08/2021 10:24:32	SQL :EXEC GetReservedOrderDetailDetail @CustomerOrderDetailId='CORWDC2108004677',@SJDetail=1;
27/08/2021 10:24:32	SQL :EXEC GetReservedOrderDetailDetail @CustomerOrderDetailId='CORWDC2108004689',@SJDetail=1;
27/08/2021 10:24:32	SQL :EXEC GetReservedOrderDetailDetail @CustomerOrderDetailId='CORWDC2108004737',@SJDetail=1;
27/08/2021 10:24:32	SQL :EXEC GetReservedOrderDetailDetail @CustomerOrderDetailId='CORWDC2108004725',@SJDetail=1;
27/08/2021 10:24:32	SQL :EXEC GetReservedOrderDetailDetail @CustomerOrderDetailId='CORWDC2108004731',@SJDetail=1;
27/08/2021 10:24:32	SQL :EXEC GetReservedOrderDetailDetail @CustomerOrderDetailId='CORWDC2108004893',@SJDetail=1;
27/08/2021 10:24:32	SQL :EXEC GetReservedOrderDetailDetail @CustomerOrderDetailId='CORWDC2108004875',@SJDetail=1;
27/08/2021 10:24:32	SQL :EXEC GetReservedOrderDetailDetail @CustomerOrderDetailId='CORWDC2108004887',@SJDetail=1;
27/08/2021 10:24:32	SQL :EXEC GetReservedOrderDetailDetail @CustomerOrderDetailId='CORWDC2108004881',@SJDetail=1;
27/08/2021 10:24:32	SQL :EXEC GetReservedOrderDetailDetail @CustomerOrderDetailId='CORWDC2108004863',@SJDetail=1;
27/08/2021 10:24:32	SQL :EXEC GetReservedOrderDetailDetail @CustomerOrderDetailId='CORWDC2108004869',@SJDetail=1;
27/08/2021 10:24:32	SQL :EXEC GetReservedOrderDetailDetail @CustomerOrderDetailId='CORWDC2108004857',@SJDetail=1;
27/08/2021 10:24:32	SQL :EXEC GetReservedOrderDetailDetail @CustomerOrderDetailId='CORWDC2108005040',@SJDetail=1;
27/08/2021 10:24:32	SQL :EXEC GetReservedOrderDetailDetail @CustomerOrderDetailId='CORWDC2108005067',@SJDetail=1;
27/08/2021 10:24:32	SQL :EXEC GetReservedOrderDetailDetail @CustomerOrderDetailId='CORWDC2108005170',@SJDetail=1;
27/08/2021 10:24:32	SQL :EXEC GetReservedOrderDetailDetail @CustomerOrderDetailId='CORWDC2108005081',@SJDetail=1;
27/08/2021 10:24:32	SQL :EXEC GetReservedOrderDetailDetail @CustomerOrderDetailId='CORWDC2108005083',@SJDetail=1;
27/08/2021 10:24:32	SQL :EXEC GetReservedOrderDetailDetail @CustomerOrderDetailId='CORWDC2108005178',@SJDetail=1;
27/08/2021 10:24:32	SQL :EXEC GetReservedOrderDetailDetail @CustomerOrderDetailId='CORWDC2108005146',@SJDetail=1;
27/08/2021 10:24:33	SQL :EXEC GetReservedOrderDetailDetail @CustomerOrderDetailId='CORWDC2108005117',@SJDetail=1;
27/08/2021 10:24:33	SQL :EXEC GetReservedOrderDetailDetail @CustomerOrderDetailId='CORWDC2108005119',@SJDetail=1;
27/08/2021 10:24:33	SQL :EXEC GetReservedOrderDetailDetail @CustomerOrderDetailId='CORWDC2108005121',@SJDetail=1;
27/08/2021 10:24:33	SQL :EXEC GetReservedOrderDetailDetail @CustomerOrderDetailId='CORWDC2108005123',@SJDetail=1;
27/08/2021 10:24:33	SQL :EXEC GetReservedOrderDetailDetail @CustomerOrderDetailId='CORWDC2108005124',@SJDetail=1;
27/08/2021 10:24:33	SQL :EXEC GetReservedOrderDetailDetail @CustomerOrderDetailId='CORWDC2108005125',@SJDetail=1;
27/08/2021 10:24:33	SQL :EXEC GetReservedOrderDetailDetail @CustomerOrderDetailId='CORWDC2108005126',@SJDetail=1;
27/08/2021 10:24:33	SQL :EXEC GetReservedOrderDetailDetail @CustomerOrderDetailId='CORWDC2108005127',@SJDetail=1;
27/08/2021 10:24:33	SQL :EXEC GetReservedOrderDetailDetail @CustomerOrderDetailId='CORWDC2108005128',@SJDetail=1;
27/08/2021 10:24:33	SQL :EXEC GetReservedOrderDetailDetail @CustomerOrderDetailId='CORWDC2108005129',@SJDetail=1;
27/08/2021 10:24:33	SQL :EXEC GetReservedOrderDetailDetail @CustomerOrderDetailId='CORWDC2108005130',@SJDetail=1;
27/08/2021 10:24:33	SQL :EXEC GetReservedOrderDetailDetail @CustomerOrderDetailId='CORWDC2108005131',@SJDetail=1;
27/08/2021 10:24:33	SQL :EXEC GetReservedOrderDetailDetail @CustomerOrderDetailId='CORWDC2108005132',@SJDetail=1;
27/08/2021 10:24:33	SQL :EXEC GetReservedOrderDetailDetail @CustomerOrderDetailId='CORWDC2108005133',@SJDetail=1;
27/08/2021 10:24:33	SQL :EXEC GetReservedOrderDetailDetail @CustomerOrderDetailId='CORWDC2108005143',@SJDetail=1;
27/08/2021 10:24:33	SQL :EXEC GetReservedOrderDetailDetail @CustomerOrderDetailId='CORWDC2108005148',@SJDetail=1;
27/08/2021 10:24:33	SQL :EXEC GetReservedOrderDetailDetail @CustomerOrderDetailId='CORWDC2108005145',@SJDetail=1;
27/08/2021 10:24:33	SQL :EXEC GetReservedOrderDetailDetail @CustomerOrderDetailId='CORWDC2108005179',@SJDetail=1;
27/08/2021 10:24:33	SQL :EXEC GetReservedOrderDetailDetail @CustomerOrderDetailId='CORWDC2108005180',@SJDetail=1;
27/08/2021 10:24:33	SQL :EXEC GetReservedOrderDetailDetail @CustomerOrderDetailId='CORWDC2108005183',@SJDetail=1;
27/08/2021 10:24:33	SQL :EXEC GetReservedOrderDetailDetail @CustomerOrderDetailId='CORWDC2108005190',@SJDetail=1;
27/08/2021 10:24:33	SQL :EXEC GetReservedOrderDetailDetail @CustomerOrderDetailId='CORWDC2108005204',@SJDetail=1;
27/08/2021 10:24:33	SQL :EXEC GetReservedOrderDetailDetail @CustomerOrderDetailId='CORWDC2108005200',@SJDetail=1;
27/08/2021 10:24:33	SQL :EXEC GetReservedOrderDetailDetail @CustomerOrderDetailId='CORWDC2108005202',@SJDetail=1;
27/08/2021 10:24:33	SQL :EXEC GetReservedOrderDetailDetail @CustomerOrderDetailId='CORWDC2108005206',@SJDetail=1;
27/08/2021 10:24:33	SQL :EXEC GetReservedOrderDetailDetail @CustomerOrderDetailId='CORWDC2108005213',@SJDetail=1;
27/08/2021 10:24:33	SQL :EXEC GetReservedOrderDetailDetail @CustomerOrderDetailId='CORWDC2108005208',@SJDetail=1;
27/08/2021 10:24:33	SQL :EXEC GetReservedOrderDetailDetail @CustomerOrderDetailId='CORWDC2108005210',@SJDetail=1;
27/08/2021 10:24:36	Open DB Connection
27/08/2021 10:24:36	SQL :EXEC GetCustomerOrderList 2,@OutDates='2021/08/28',@LocationId=6,@Finish=6,@ListType=1,@isQuick=1;
27/08/2021 10:24:36	SQL :EXEC GetReservedOrderDetailDetail @CustomerOrderDetailId='CORWDC2108001216',@SJDetail=1;
27/08/2021 10:24:36	SQL :EXEC GetReservedOrderDetailDetail @CustomerOrderDetailId='CORWDC2108002883',@SJDetail=1;
27/08/2021 10:24:36	SQL :EXEC GetReservedOrderDetailDetail @CustomerOrderDetailId='CORWDC2108003029',@SJDetail=1;
27/08/2021 10:24:36	SQL :EXEC GetReservedOrderDetailDetail @CustomerOrderDetailId='CORWDC2108005113',@SJDetail=1;
27/08/2021 10:24:36	SQL :EXEC GetReservedOrderDetailDetail @CustomerOrderDetailId='CORWDC2108004172',@SJDetail=1;
27/08/2021 10:24:36	SQL :EXEC GetReservedOrderDetailDetail @CustomerOrderDetailId='CORWDC2108004962',@SJDetail=1;
27/08/2021 10:24:36	SQL :EXEC GetReservedOrderDetailDetail @CustomerOrderDetailId='CORWDC2108004993',@SJDetail=1;
27/08/2021 10:24:36	SQL :EXEC GetReservedOrderDetailDetail @CustomerOrderDetailId='CORWDC2108005060',@SJDetail=1;
27/08/2021 10:24:36	SQL :EXEC GetReservedOrderDetailDetail @CustomerOrderDetailId='CORWDC2108005062',@SJDetail=1;
27/08/2021 10:24:36	SQL :EXEC GetReservedOrderDetailDetail @CustomerOrderDetailId='CORWDC2108005120',@SJDetail=1;
27/08/2021 10:24:36	SQL :EXEC GetReservedOrderDetailDetail @CustomerOrderDetailId='CORWDC2108005122',@SJDetail=1;
27/08/2021 10:24:37	SQL :EXEC GetReservedOrderDetailDetail @CustomerOrderDetailId='CORWDC2108005186',@SJDetail=1;
27/08/2021 10:24:37	SQL :EXEC GetReservedOrderDetailDetail @CustomerOrderDetailId='CORWDC2108005212',@SJDetail=1;
27/08/2021 10:24:37	SQL :EXEC GetReservedOrderDetailDetail @CustomerOrderDetailId='CORWDC2108005226',@SJDetail=1;
27/08/2021 10:24:37	SQL :EXEC GetReservedOrderDetailDetail @CustomerOrderDetailId='CORWDC2108005241',@SJDetail=1;
27/08/2021 10:24:39	Open DB Connection
27/08/2021 10:24:39	SQL :EXEC GetCustomerOrderList 2,@OutDates='2021/08/28',@LocationId=6,@Finish=6,@ListType=1,@isQuick=1;
27/08/2021 10:24:40	SQL :EXEC GetReservedOrderDetailDetail @CustomerOrderDetailId='CORWDC2108001216',@SJDetail=1;
27/08/2021 10:24:40	SQL :EXEC GetReservedOrderDetailDetail @CustomerOrderDetailId='CORWDC2108002883',@SJDetail=1;
27/08/2021 10:24:40	SQL :EXEC GetReservedOrderDetailDetail @CustomerOrderDetailId='CORWDC2108003029',@SJDetail=1;
27/08/2021 10:24:40	SQL :EXEC GetReservedOrderDetailDetail @CustomerOrderDetailId='CORWDC2108005113',@SJDetail=1;
27/08/2021 10:24:40	SQL :EXEC GetReservedOrderDetailDetail @CustomerOrderDetailId='CORWDC2108004172',@SJDetail=1;
27/08/2021 10:24:40	SQL :EXEC GetReservedOrderDetailDetail @CustomerOrderDetailId='CORWDC2108004962',@SJDetail=1;
27/08/2021 10:24:40	SQL :EXEC GetReservedOrderDetailDetail @CustomerOrderDetailId='CORWDC2108004993',@SJDetail=1;
27/08/2021 10:24:40	SQL :EXEC GetReservedOrderDetailDetail @CustomerOrderDetailId='CORWDC2108005060',@SJDetail=1;
27/08/2021 10:24:40	SQL :EXEC GetReservedOrderDetailDetail @CustomerOrderDetailId='CORWDC2108005062',@SJDetail=1;
27/08/2021 10:24:40	SQL :EXEC GetReservedOrderDetailDetail @CustomerOrderDetailId='CORWDC2108005120',@SJDetail=1;
27/08/2021 10:24:40	SQL :EXEC GetReservedOrderDetailDetail @CustomerOrderDetailId='CORWDC2108005122',@SJDetail=1;
27/08/2021 10:24:40	SQL :EXEC GetReservedOrderDetailDetail @CustomerOrderDetailId='CORWDC2108005186',@SJDetail=1;
27/08/2021 10:24:40	SQL :EXEC GetReservedOrderDetailDetail @CustomerOrderDetailId='CORWDC2108005212',@SJDetail=1;
27/08/2021 10:24:40	SQL :EXEC GetReservedOrderDetailDetail @CustomerOrderDetailId='CORWDC2108005226',@SJDetail=1;
27/08/2021 10:24:40	SQL :EXEC GetReservedOrderDetailDetail @CustomerOrderDetailId='CORWDC2108005241',@SJDetail=1;
27/08/2021 10:24:44	Form Check :OrderForm
27/08/2021 10:24:44	Form Open: OrderForm=COWDC21080577,0,,0
27/08/2021 10:24:44	Open DB Connection
27/08/2021 10:24:44	SQL :EXEC GetProductPriceList 2,@LocationId=6,@ContractId='';
27/08/2021 10:24:44	Open DB Connection
27/08/2021 10:24:44	SQL :EXEC GetOrderServiceType;
27/08/2021 10:24:44	SQL :EXEC GetTransactionType 'Order';
27/08/2021 10:24:44	Open DB Connection
27/08/2021 10:24:44	SQL :SELECT dbo.GetUsername('pramudyono hadi') AS sales UNION ALL SELECT dbo.GetUsername(username) AS sales FROM wh_user a LEFT JOIN wh_user_detail b ON b.user_id=a.username LEFT JOIN wh_company_location c ON c.company_location_id=a.company_location_id WHERE (b.department_id=14) AND (c.location_id='6');
27/08/2021 10:24:44	SQL :SELECT dbo.GetUsername('pramudyono hadi') AS sales;
27/08/2021 10:24:44	Open DB Connection
27/08/2021 10:24:44	SQL :EXEC GetOrderServiceType;
27/08/2021 10:24:44	SQL :EXEC GetTransactionType 'Order';
27/08/2021 10:24:44	Open DB Connection
27/08/2021 10:24:44	SQL :EXEC GetCustomerOrderDetail 'COWDC21080577';
27/08/2021 10:24:45	Open DB Connection
27/08/2021 10:24:45	SQL :EXEC GetCustomerOrderDetailList 'COWDC21080577';
27/08/2021 10:24:46	SQL :EXEC GetCustomerOrderServiceList 'COWDC21080577';
27/08/2021 10:24:46	Open DB Connection
27/08/2021 127/08/2021 10:27:35	Get Local Settings
27/08/2021 10:27:35	Start Change Local Settings
27/08/2021 10:27:35	Change short date format
27/08/2021 10:27:35	Change Long date format
27/08/2021 10:27:35	Finish Change Local Settings
27/08/2021 10:27:35	Registry Read: Path=SOFTWARE\WEHA\Aplikasi\3
27/08/2021 10:27:35	Registry Read/Write
27/08/2021 10:27:35	Registry Read: Path=SOFTWARE\WEHA\Aplikasi\3
27/08/2021 10:27:35	Create DB Object
27/08/2021 10:27:35	Init DB
27/08/2021 10:27:35	Finish Init DB
27/08/2021 10:27:35	Get File Version
27/08/2021 10:27:35	Change  Caption
27/08/2021 10:27:35	Init Shortkey
27/08/2021 10:27:37	Create DB Object
27/08/2021 10:27:37	Init DB
27/08/2021 10:27:37	Finish Init DB
27/08/2021 10:27:38	Update new version check
27/08/2021 10:27:38	Open DB Connection
27/08/2021 10:27:39	SQL :
27/08/2021 10:27:39	Update check version
27/08/2021 10:27:39	Open DB Connection
27/08/2021 10:27:39	SQL :SELECT version FROM wh_application WHERE application_id=(SELECT MAX(application_id) FROM wh_application);
27/08/2021 10:27:39	Start Login
27/08/2021 10:27:39	Open DB Connection
27/08/2021 10:27:39	SQL :EXEC AuthenticateUser 'pramudyono hadi','6f2b8366efa56f0c06dd6b31fcff8a73';
27/08/2021 10:27:39	SQL :INSERT INTO wh_log (user_id,app_date,app_version,app_version_svr,location_id,company_id,department_id,host_name,ip_address)  VALUES ('pramudyono hadi','27/08/2021','6.1.3.13','6.1.3.13',6,2,13,'DESKTOP-S1PD9OD','192.168.25.214');
27/08/2021 10:27:39	Open DB Connection
27/08/2021 10:27:39	SQL :EXEC GetUserMenu 'pramudyono hadi';
27/08/2021 10:27:39	SQL :EXEC GetUserSubMenu 'pramudyono hadi','11';
27/08/2021 10:27:39	SQL :EXEC GetUserTreeMenu 'pramudyono hadi','1101',@CompanyId=2;
27/08/2021 10:27:39	SQL :EXEC GetUserTreeMenu 'pramudyono hadi','1102',@CompanyId=2;
27/08/2021 10:27:39	SQL :EXEC GetUserTreeMenu 'pramudyono hadi','1103',@CompanyId=2;
27/08/2021 10:27:39	SQL :EXEC GetUserTreeMenu 'pramudyono hadi','1104',@CompanyId=2;
27/08/2021 10:27:39	SQL :EXEC GetUserTreeMenu 'pramudyono hadi','1105',@CompanyId=2;
27/08/2021 10:27:39	SQL :EXEC GetUserTreeMenu 'pramudyono hadi','1106',@CompanyId=2;
27/08/2021 10:27:39	SQL :EXEC GetUserTreeMenu 'pramudyono hadi','1107',@CompanyId=2;
27/08/2021 10:27:39	SQL :EXEC GetUserTreeMenu 'pramudyono hadi','1108',@CompanyId=2;
27/08/2021 10:27:39	SQL :EXEC GetUserTreeMenu 'pramudyono hadi','1109',@CompanyId=2;
27/08/2021 10:27:39	SQL :EXEC GetUserTreeMenu 'pramudyono hadi','1110',@CompanyId=2;
27/08/2021 10:27:39	SQL :EXEC GetUserTreeMenu 'pramudyono hadi','1111',@CompanyId=2;
27/08/2021 10:27:39	SQL :EXEC GetUserTreeMenu 'pramudyono hadi','1112',@CompanyId=2;
27/08/2021 10:27:39	SQL :EXEC GetUserTreeMenu 'pramudyono hadi','1113',@CompanyId=2;
27/08/2021 10:27:39	SQL :EXEC GetUserTreeMenu 'pramudyono hadi','1114',@CompanyId=2;
27/08/2021 10:27:39	SQL :EXEC GetUserTreeMenu 'pramudyono hadi','1115',@CompanyId=2;
27/08/2021 10:27:39	SQL :EXEC GetUserTreeMenu 'pramudyono hadi','1116',@CompanyId=2;
27/08/2021 10:27:39	SQL :EXEC GetUserTreeMenu 'pramudyono hadi','1117',@CompanyId=2;
27/08/2021 10:27:39	SQL :EXEC GetUserTreeMenu 'pramudyono hadi','1198',@CompanyId=2;
27/08/2021 10:27:39	SQL :EXEC GetUserTreeMenu 'pramudyono hadi','1199',@CompanyId=2;
27/08/2021 10:27:39	SQL :EXEC GetUserSubMenu 'pramudyono hadi','12';
27/08/2021 10:27:39	SQL :EXEC GetUserTreeMenu 'pramudyono hadi','1201',@CompanyId=2;
27/08/2021 10:27:39	SQL :EXEC GetUserTreeMenu 'pramudyono hadi','1202',@CompanyId=2;
27/08/2021 10:27:39	SQL :EXEC GetUserTreeMenu 'pramudyono hadi','1203',@CompanyId=2;
27/08/2021 10:27:39	SQL :EXEC GetUserTreeMenu 'pramudyono hadi','1204',@CompanyId=2;
27/08/2021 10:27:39	SQL :EXEC GetUserTreeMenu 'pramudyono hadi','1205',@CompanyId=2;
27/08/2021 10:27:39	SQL :EXEC GetUserTreeMenu 'pramudyono hadi','1206',@CompanyId=2;
27/08/2021 10:27:39	SQL :EXEC GetUserTreeMenu 'pramudyono hadi','1207',@CompanyId=2;
27/08/2021 10:27:39	SQL :EXEC GetUserSubMenu 'pramudyono hadi','13';
27/08/2021 10:27:39	SQL :EXEC GetUserTreeMenu 'pramudyono hadi','1301',@CompanyId=2;
27/08/2021 10:27:39	SQL :EXEC GetUserTreeMenu 'pramudyono hadi','1302',@CompanyId=2;
27/08/2021 10:27:39	SQL :EXEC GetUserTreeMenu 'pramudyono hadi','1303',@CompanyId=2;
27/08/2021 10:27:39	SQL :EXEC GetUserTreeMenu 'pramudyono hadi','1304',@CompanyId=2;
27/08/2021 10:27:39	SQL :EXEC GetUserTreeMenu 'pramudyono hadi','1305',@CompanyId=2;
27/08/2021 10:27:39	SQL :EXEC GetUserTreeMenu 'pramudyono hadi','1306',@CompanyId=2;
27/08/2021 10:27:39	SQL :EXEC GetUserTreeMenu 'pramudyono hadi','1307',@CompanyId=2;
27/08/2021 10:27:39	SQL :EXEC GetUserTreeMenu 'pramudyono hadi','1308',@CompanyId=2;
27/08/2021 10:27:39	SQL :EXEC GetUserTreeMenu 'pramudyono hadi','1309',@CompanyId=2;
27/08/2021 10:27:39	SQL :EXEC GetUserTreeMenu 'pramudyono hadi','1310',@CompanyId=2;
27/08/2021 10:27:39	SQL :EXEC GetUserTreeMenu 'pramudyono hadi','1311',@CompanyId=2;
27/08/2021 10:27:39	SQL :EXEC GetUserTreeMenu 'pramudyono hadi','1312',@CompanyId=2;
27/08/2021 10:27:39	SQL :EXEC GetUserTreeMenu 'pramudyono hadi','1313',@CompanyId=2;
27/08/2021 10:27:39	SQL :EXEC GetUserTreeMenu 'pramudyono hadi','1314',@CompanyId=2;
27/08/2021 10:27:39	SQL :EXEC GetUserTreeMenu 'pramudyono hadi','1315',@CompanyId=2;
27/08/2021 10:27:39	SQL :EXEC GetUserTreeMenu 'pramudyono hadi','1316',@CompanyId=2;
27/08/2021 10:27:39	SQL :EXEC GetUserTreeMenu 'pramudyono hadi','1317',@CompanyId=2;
27/08/2021 10:27:39	SQL :EXEC GetUserTreeMenu 'pramudyono hadi','1318',@CompanyId=2;
27/08/2021 10:27:39	SQL :EXEC GetUserTreeMenu 'pramudyono hadi','1319',@CompanyId=2;
27/08/2021 10:27:39	SQL :EXEC GetUserTreeMenu 'pramudyono hadi','1320',@CompanyId=2;
27/08/2021 10:27:39	SQL :EXEC GetUserTreeMenu 'pramudyono hadi','1321',@CompanyId=2;
27/08/2021 10:27:39	SQL :EXEC GetUserSubMenu 'pramudyono hadi','14';
27/08/2021 10:27:39	SQL :EXEC GetUserTreeMenu 'pramudyono hadi','1401',@CompanyId=2;
27/08/2021 10:27:39	SQL :EXEC GetUserTreeMenu 'pramudyono hadi','1402',@CompanyId=2;
27/08/2021 10:27:39	SQL :EXEC GetUserTreeMenu 'pramudyono hadi','1403',@CompanyId=2;
27/08/2021 10:27:39	SQL :EXEC GetUserTreeMenu 'pramudyono hadi','1404',@CompanyId=2;
27/08/2021 10:27:39	SQL :EXEC GetUserTreeMenu 'pramudyono hadi','1406',@CompanyId=2;
27/08/2021 10:27:39	SQL :EXEC GetUserTreeMenu 'pramudyono hadi','1408',@CompanyId=2;
27/08/2021 10:27:39	SQL :EXEC GetUserTreeMenu 'pramudyono hadi','1410',@CompanyId=2;
27/08/2021 10:27:39	SQL :EXEC GetUserTreeMenu 'pramudyono hadi','1411',@CompanyId=2;
27/08/2021 10:27:39	SQL :EXEC GetUserTreeMenu 'pramudyono hadi','1412',@CompanyId=2;
27/08/2021 10:27:39	SQL :EXEC GetUserTreeMenu 'pramudyono hadi','1413',@CompanyId=2;
27/08/2021 10:27:39	SQL :EXEC GetUserTreeMenu 'pramudyono hadi','1414',@CompanyId=2;
27/08/2021 10:27:39	SQL :EXEC GetUserSubMenu 'pramudyono hadi','15';
27/08/2021 10:27:39	SQL :EXEC GetUserTreeMenu 'pramudyono hadi','1501',@CompanyId=2;
27/08/2021 10:27:39	SQL :EXEC GetUserTreeMenu 'pramudyono hadi','1502',@CompanyId=2;
27/08/2021 10:27:40	SQL :EXEC GetUserTreeMenu 'pramudyono hadi','1503',@CompanyId=2;
27/08/2021 10:27:40	SQL :EXEC GetUserTreeMenu 'pramudyono hadi','1504',@CompanyId=2;
27/08/2021 10:27:40	SQL :EXEC GetUserTreeMenu 'pramudyono hadi','1505',@CompanyId=2;
27/08/2021 10:27:40	SQL :EXEC GetUserTreeMenu 'pramudyono hadi','1506',@CompanyId=2;
27/08/2021 10:27:40	SQL :EXEC GetUserTreeMenu 'pramudyono hadi','1507',@CompanyId=2;
27/08/2021 10:27:40	SQL :EXEC GetUserTreeMenu 'pramudyono hadi','1508',@CompanyId=2;
27/08/2021 10:27:40	SQL :EXEC GetUserTreeMenu 'pramudyono hadi','1509',@CompanyId=2;
27/08/2021 10:27:40	SQL :EXEC GetUserTreeMenu 'pramudyono hadi','1510',@CompanyId=2;
27/08/2021 10:27:40	SQL :EXEC GetUserTreeMenu 'pramudyono hadi','1511',@CompanyId=2;
27/08/2021 10:27:40	SQL :EXEC GetUserSubMenu 'pramudyono hadi','16';
27/08/2021 10:27:40	SQL :EXEC GetUserTreeMenu 'pramudyono hadi','1601',@CompanyId=2;
27/08/2021 10:27:40	SQL :EXEC GetUserTreeMenu 'pramudyono hadi','1602',@CompanyId=2;
27/08/2021 10:27:40	SQL :EXEC GetUserTreeMenu 'pramudyono hadi','1603',@CompanyId=2;
27/08/2021 10:27:40	SQL :EXEC GetUserTreeMenu 'pramudyono hadi','1604',@CompanyId=2;
27/08/2021 10:27:40	SQL :EXEC GetUserTreeMenu 'pramudyono hadi','1605',@CompanyId=2;
27/08/2021 10:27:40	SQL :EXEC GetUserTreeMenu 'pramudyono hadi','1606',@CompanyId=2;
27/08/2021 10:27:40	SQL :EXEC GetUserTreeMenu 'pramudyono hadi','1607',@CompanyId=2;
27/08/2021 10:27:40	SQL :EXEC GetUserTreeMenu 'pramudyono hadi','1608',@CompanyId=2;
27/08/2021 10:27:40	SQL :EXEC GetUserTreeMenu 'pramudyono hadi','1609',@CompanyId=2;
27/08/2021 10:27:40	SQL :EXEC GetUserTreeMenu 'pramudyono hadi','1610',@CompanyId=2;
27/08/2021 10:27:40	SQL :EXEC GetUserTreeMenu 'pramudyono hadi','1611',@CompanyId=2;
27/08/2021 10:27:40	SQL :EXEC GetUserTreeMenu 'pramudyono hadi','1612',@CompanyId=2;
27/08/2021 10:27:40	SQL :EXEC GetUserTreeMenu 'pramudyono hadi','1613',@CompanyId=2;
27/08/2021 10:27:40	SQL :EXEC GetUserTreeMenu 'pramudyono hadi','1614',@CompanyId=2;
27/08/2021 10:27:40	SQL :EXEC GetUserTreeMenu 'pramudyono hadi','1615',@CompanyId=2;
27/08/2021 10:27:40	SQL :EXEC GetUserTreeMenu 'pramudyono hadi','1616',@CompanyId=2;
27/08/2021 10:27:40	SQL :EXEC GetUserTreeMenu 'pramudyono hadi','1619',@CompanyId=2;
27/08/2021 10:27:40	SQL :EXEC GetUserTreeMenu 'pramudyono hadi','1620',@CompanyId=2;
27/08/2021 10:27:40	SQL :EXEC GetUserSubMenu 'pramudyono hadi','17';
27/08/2021 10:27:40	SQL :EXEC GetUserTreeMenu 'pramudyono hadi','1701',@CompanyId=2;
27/08/2021 10:27:40	SQL :EXEC GetUserTreeMenu 'pramudyono hadi','1702',@CompanyId=2;
27/08/2021 10:27:40	SQL :EXEC GetUserTreeMenu 'pramudyono hadi','1703',@CompanyId=2;
27/08/2021 10:27:40	SQL :EXEC GetUserTreeMenu 'pramudyono hadi','1704',@CompanyId=2;
27/08/2021 10:27:40	SQL :EXEC GetUserTreeMenu 'pramudyono hadi','1705',@CompanyId=2;
27/08/2021 10:27:40	SQL :EXEC GetUserTreeMenu 'pramudyono hadi','1706',@CompanyId=2;
27/08/2021 10:27:40	SQL :EXEC GetUserTreeMenu 'pramudyono hadi','1707',@CompanyId=2;
27/08/2021 10:27:40	SQL :EXEC GetUserTreeMenu 'pramudyono hadi','1708',@CompanyId=2;
27/08/2021 10:27:40	SQL :EXEC GetUserTreeMenu 'pramudyono hadi','1709',@CompanyId=2;
27/08/2021 10:27:40	SQL :EXEC GetUserTreeMenu 'pramudyono hadi','1710',@CompanyId=2;
27/08/2021 10:27:40	SQL :EXEC GetUserTreeMenu 'pramudyono hadi','1711',@CompanyId=2;
27/08/2021 10:27:40	SQL :EXEC GetUserTreeMenu 'pramudyono hadi','1712',@CompanyId=2;
27/08/2021 10:27:40	SQL :EXEC GetUserTreeMenu 'pramudyono hadi','1713',@CompanyId=2;
27/08/2021 10:27:40	SQL :EXEC GetUserTreeMenu 'pramudyono hadi','1714',@CompanyId=2;
27/08/2021 10:27:40	SQL :EXEC GetUserTreeMenu 'pramudyono hadi','1715',@CompanyId=2;
27/08/2021 10:27:40	SQL :EXEC GetUserTreeMenu 'pramudyono hadi','1716',@CompanyId=2;
27/08/2021 10:27:40	SQL :EXEC GetUserTreeMenu 'pramudyono hadi','1717',@CompanyId=2;
27/08/2021 10:27:40	SQL :EXEC GetUserSubMenu 'pramudyono hadi','18';
27/08/2021 10:27:40	SQL :EXEC GetUserTreeMenu 'pramudyono hadi','1801',@CompanyId=2;
27/08/2021 10:27:40	SQL :EXEC GetUserSubMenu 'pramudyono hadi','19';
27/08/2021 10:27:40	SQL :EXEC GetUserTreeMenu 'pramudyono hadi','1901',@CompanyId=2;
27/08/2021 10:27:40	SQL :EXEC GetUserTreeMenu 'pramudyono hadi','1902',@CompanyId=2;
27/08/2021 10:27:40	SQL :EXEC GetUserTreeMenu 'pramudyono hadi','1903',@CompanyId=2;
27/08/2021 10:27:40	SQL :EXEC GetUserTreeMenu 'pramudyono hadi','1904',@CompanyId=2;
27/08/2021 10:27:40	SQL :EXEC GetUserTreeMenu 'pramudyono hadi','1905',@CompanyId=2;
27/08/2021 10:27:40	SQL :EXEC GetUserTreeMenu 'pramudyono hadi','1906',@CompanyId=2;
27/08/2021 10:27:40	SQL :EXEC GetUserTreeMenu 'pramudyono hadi','1907',@CompanyId=2;
27/08/2021 10:27:40	SQL :EXEC GetUserTreeMenu 'pramudyono hadi','1908',@CompanyId=2;
27/08/2021 10:27:40	SQL :EXEC GetUserTreeMenu 'pramudyono hadi','1909',@CompanyId=2;
27/08/2021 10:27:40	SQL :EXEC GetUserTreeMenu 'pramudyono hadi','1910',@CompanyId=2;
27/08/2021 10:27:40	SQL :EXEC GetUserTreeMenu 'pramudyono hadi','1911',@CompanyId=2;
27/08/2021 10:27:40	SQL :EXEC GetUserTreeMenu 'pramudyono hadi','1912',@CompanyId=2;
27/08/2021 10:27:40	SQL :SELECT CONVERT(VARCHAR(8),GETDATE(),108) AS hour_minute;
27/08/2021 10:27:40	SQL :SELECT CONVERT(VARCHAR(10),GETDATE(),103) AS date_time;
27/08/2021 10:27:40	Loading Setting
27/08/2021 10:27:40	Open DB Connection
27/08/2021 10:27:40	SQL :SELECT * FROM wh_setting WHERE setting_name='Hold_Less_Deposit';
27/08/2021 10:27:40	SQL :SELECT * FROM wh_setting WHERE setting_name='Max_Less_Deposit';
27/08/2021 10:27:40	SQL :SELECT * FROM wh_setting WHERE setting_name='Dashboard_2';
27/08/2021 10:27:40	Finish Logging
27/08/2021 10:27:40	SQL :SELECT value_string FROM wh_setting WHERE (setting_name='Interval_CheckInDate') AND (active=1);
27/08/2021 10:27:40	SQL :SELECT value_string FROM wh_setting WHERE (setting_name='Interval_CheckInTime') AND (active=1);
27/08/2021 10:27:40	SQL :SELECT value_string FROM wh_setting WHERE (setting_name='ChatEnable') and (active=1);
27/08/2021 10:27:41	Message:Port Check
27/08/2021 10:27:41	Message:Open DB Connection
27/08/2021 10:27:41	SQL :EXEC GetMessage '01','pramudyono hadi';
27/08/2021 10:27:41	SQL :SELECT CONVERT(VARCHAR(8),GETDATE(),108) AS hour_minute;
27/08/2021 10:27:41	SQL :SELECT CONVERT(VARCHAR(10),GETDATE(),103) AS date_time;
27/08/2021 10:27:46	Open Menu :130807
27/08/2021 10:27:46	Open DB Connection
27/08/2021 10:27:46	SQL :EXEC AuthMenu 'pramudyono hadi',130807;
27/08/2021 10:27:46	Form Check :OrderList
27/08/2021 10:27:46	Form Open: OrderList=Bus,Main-Change,,7,,0,0,0
27/08/2021 10:27:46	Open DB Connection
27/08/2021 10:27:46	SQL :EXEC GetCompanyLocationList
27/08/2021 10:27:51	Open DB Connection
27/08/2021 10:27:53	SQL :EXEC GetCustomerOrderList 2,@OutDates='2021/08/27',@LocationId=6,@Finish=7 ;
27/08/2021 10:28:35	Form Open: OrderForm=COWDC21080567,-1,,0
27/08/2021 10:28:35	Open DB Connection
27/08/2021 10:28:35	SQL :EXEC GetProductPriceList 2,@LocationId=6,@ContractId='';
27/08/2021 10:28:35	Open DB Connection
27/08/2021 10:28:35	SQL :EXEC GetOrderServiceType;
27/08/2021 10:28:35	SQL :EXEC GetTransactionType 'Order';
27/08/2021 10:28:35	Open DB Connection
27/08/2021 10:28:35	SQL :SELECT dbo.GetUsername('pramudyono hadi') AS sales UNION ALL SELECT dbo.GetUsername(username) AS sales FROM wh_user a LEFT JOIN wh_user_detail b ON b.user_id=a.username LEFT JOIN wh_company_location c ON c.company_location_id=a.company_location_id WHERE (b.department_id=14) AND (c.location_id='6');
27/08/2021 10:28:35	SQL :SELECT dbo.GetUsername('pramudyono hadi') AS sales;
27/08/2021 10:28:35	Open DB Connection
27/08/2021 10:28:35	SQL :EXEC GetOrderServiceType;
27/08/2021 10:28:35	SQL :EXEC GetTransactionType 'Order';
27/08/2021 10:28:35	Open DB Connection
27/08/2021 10:28:35	SQL :EXEC GetCustomerOrderDetail 'COWDC21080567';
27/08/2021 10:28:36	Open DB Connection
27/08/2021 10:28:36	SQL :EXEC GetCustomerOrderDetailList 'COWDC21080567';
27/08/2021 10:28:36	SQL :EXEC GetCustomerOrderServiceList 'COWDC21080567';
27/08/2021 10:28:36	Open DB Connection
27/08/2021 10:28:36	Open DB Connection
27/08/2021 10:28:36	SQL :SELECT value_string FROM wh_setting WHERE setting_name='Auto_Schedule';
27/08/2021 10:28:36	SQL :SELECT value_string FROM wh_setting WHERE setting_name='Confirmation_Form_Line_CompanyId_2';
27/08/2021 10:28:36	SQL :SELECT value_string FROM wh_setting WHERE setting_name='Waiting_List_Enabled_2';
27/08/2021 10:28:52	Form Save:OrderForm
27/08/2021 10:28:52	Open DB Connection
27/08/2021 10:28:52	SQL :SELECT *  FROM wh_reserved_order  a INNER JOIN wh_reserved_order_detail b ON b.reserved_order_id=a.reserved_order_id INNER JOIN wh_customer_order e ON e.customer_order_id=a.customer_order_id INNER JOIN wh_vhc_trans  c ON c.vhc_trans_id=b.vhc_trans_id WHERE (a.customer_order_id='COWDC21080567') AND (online=1) AND (c.cancel IS NULL) AND (a.status=1);
27/08/2021 10:28:56	Form Save:OrderForm
27/08/2021 10:28:56	Open DB Connection
27/08/2021 10:28:58	SQL :UPDATE wh_customer_order SET customer_id='C15010184',contact_person_id=NULL,cust_contract_id=NULL,group_name=NULL,discount_price=0,discount_percent=0,discount_cn_percent=NULL,discount_amount=0,field_contact=NULL,field_contact_cellular_no=NULL,total=1,remark=NULL,status=1,rev=1,is_service=1, service_type_id=2,sales_id=dbo.GetUserId('Zulfan'),update_time=GETDATE(),update_user='pramudyono hadi' WHERE customer_order_id='COWDC21080567'; UPDATE wh_customer_order_detail SET status=0,update_time=GETDATE(),update_user='pramudyono hadi' WHERE (customer_order_id='COWDC21080567') AND (status=1); UPDATE wh_customer_order_service_detail SET status=0,update_time=GETDATE(),update_user='pramudyono hadi' WHERE (customer_order_id='COWDC21080567') AND (status=1); UPDATE wh_reserved_order SET status=0,update_time=GETDATE(),update_user='pramudyono hadi' WHERE (customer_order_id='COWDC21080567') AND (status=1);
27/08/2021 10:28:58	SQL :SELECT MAX(COALESCE(CAST(Substring(customer_order_detail_id,11, 8) as Int), 0)) AS max_id FROM wh_customer_order_detail WHERE customer_order_detail_id  LIKE 'CORWDC2108______';
27/08/2021 10:28:58	SQL :INSERT INTO wh_customer_order_detail (customer_order_detail_id,customer_order_id,lead_order_detail_id,product_price_id,depart_location_id,from_date,to_date,from_time,route,pickup_point,standby_time,price_weekday,price_weekend,price_overday,units,total,total_addday,discount_price,discount_percent,remark,update_user) VALUES ('CORWDC2108005242','COWDC21080567',NULL,'PP17020051',6,'2021-08-27','2021-08-27','08:00','ISI FULL TANK UNIT DAYTRANS SEMARANG BLM ISI BBM ( ORDER HARI INI KE SEMARANG )','POOL RAWA BOKOR',NULL,'1','1',0,1,'1',0,'0','0',NULL,'pramudyono hadi');
27/08/2021 10:29:00	SQL :SELECT RIGHT(MAX(reserved_order_id),4) AS max_id FROM wh_reserved_order WHERE reserved_order_id  LIKE 'RESWDC2108____';
27/08/2021 10:29:00	SQL :INSERT INTO wh_reserved_order (reserved_order_id,customer_order_id,company_id,location_id,customer_id,field_contact,field_contact_cellular_no,group_name,daily_package,submit_user,update_user) VALUES ('RESWDC21080585','COWDC21080567',2,6,'C15010184',NULL,NULL,NULL,NULL,dbo.GetUsername('Zulfan'),'pramudyono hadi');
27/08/2021 10:29:00	SQL :SELECT RIGHT(MAX(reserved_order_detail_id),5) AS max_id FROM wh_reserved_order_detail WHERE reserved_order_detail_id  LIKE 'RESR2108_____';
27/08/2021 10:29:00	SQL :EXEC GetVhcAvail 6,2,@BatchId=29,@Seats=48,@FromDate='2021-08-27',@ToDate='2021-08-27',@ProductPriceId='PP17020051',@FromTime='08:00'
27/08/2021 10:29:01	SQL :INSERT INTO wh_reserved_order_detail_detail (reserved_order_detail_id,reserved_order_id,customer_order_detail_id,update_user) VALUES ('RESR210808922','RESWDC21080585','CORWDC2108005242','pramudyono hadi');
27/08/2021 10:29:01	SQL :UPDATE wh_customer_order SET complete=1,update_time=GETDATE(),update_user='pramudyono hadi' WHERE (customer_order_id='COWDC21080567') AND (status=1);
27/08/2021 10:29:10	Open Menu :130807
27/08/2021 10:29:10	Open DB Connection
27/08/2021 10:29:10	SQL :EXEC AuthMenu 'pramudyono hadi',130807;
27/08/2021 10:29:10	Form Check :OrderList
27/08/2021 10:29:10	Form Open: OrderList=Bus,Main-Change,,7,,0,0,0
27/08/2021 10:29:10	Open DB Connection
27/08/2021 10:29:10	SQL :EXEC GetCompanyLocationList
27/08/2021 10:29:15	Open DB Connection
27/08/2021 10:29:15	SQL :EXEC GetCustomerOrderList 2,@OutDates='2021/08/26',@LocationId=6,@Finish=7 ;
27/08/2021 10:30:11	Form Open: OrderForm=COWDC21080553,-1,,0
27/08/2021 10:30:11	Open DB Connection
27/08/2021 10:30:11	SQL :EXEC GetProductPriceList 2,@LocationId=6,@ContractId='';
27/08/2021 10:30:11	Open DB Connection
27/08/2021 10:30:11	SQL :EXEC GetOrderServiceType;
27/08/2021 10:30:11	SQL :EXEC GetTransactionType 'Order';
27/08/2021 10:30:11	Open DB Connection
27/08/2021 10:30:11	SQL :SELECT dbo.GetUsername('pramudyono hadi') AS sales UNION ALL SELECT dbo.GetUsername(username) AS sales FROM wh_user a LEFT JOIN wh_user_detail b ON b.user_id=a.username LEFT JOIN wh_company_location c ON c.company_location_id=a.company_location_id WHERE (b.department_id=14) AND (c.location_id='6');
27/08/2021 10:30:11	SQL :SELECT dbo.GetUsername('pramudyono hadi') AS sales;
27/08/2021 10:30:11	Open DB Connection
27/08/2021 10:30:11	SQL :EXEC GetOrderServiceType;
27/08/2021 10:30:11	SQL :EXEC GetTransactionType 'Order';
27/08/2021 10:30:12	Open DB Connection
27/08/2021 10:30:12	SQL :EXEC GetCustomerOrderDetail 'COWDC21080553';
27/08/2021 10:30:12	Open DB Connection
27/08/2021 10:30:12	SQL :EXEC GetCustomerOrderDetailList 'COWDC21080553';
27/08/2021 10:30:12	SQL :EXEC GetCustomerOrderServiceList 'COWDC21080553';
27/08/2021 10:30:12	Open DB Connection
27/08/2021 10:30:12	Open DB Connection
27/08/2021 10:30:12	SQL :SELECT value_string FROM wh_setting WHERE setting_name='Auto_Schedule';
27/08/2021 10:30:12	SQL :SELECT value_string FROM wh_setting WHERE setting_name='Confirmation_Form_Line_CompanyId_2';
27/08/2021 10:30:12	SQL :SELECT value_string FROM wh_setting WHERE setting_name='Waiting_List_Enabled_2';
27/08/2021 10:30:19	Form Save:OrderForm
27/08/2021 10:30:19	Open DB Connection
27/08/2021 10:30:19	SQL :SELECT *  FROM wh_reserved_order  a INNER JOIN wh_reserved_order_detail b ON b.reserved_order_id=a.reserved_order_id INNER JOIN wh_customer_order e ON e.customer_order_id=a.customer_order_id INNER JOIN wh_vhc_trans  c ON c.vhc_trans_id=b.vhc_trans_id WHERE (a.customer_order_id='COWDC21080553') AND (online=1) AND (c.cancel IS NULL) AND (a.status=1);
27/08/2021 10:30:24	Form Save:OrderForm
27/08/2021 10:30:24	Open DB Connection
27/08/2021 10:30:26	SQL :UPDATE wh_customer_order SET customer_id='C15010184',contact_person_id=NULL,cust_contract_id=NULL,group_name=NULL,discount_price=0,discount_percent=0,discount_cn_percent=NULL,discount_amount=0,field_contact=NULL,field_contact_cellular_no=NULL,total=1,remark=NULL,status=1,rev=1,is_service=1, service_type_id=4,sales_id=dbo.GetUserId('Yanda'),update_time=GETDATE(),update_user='pramudyono hadi' WHERE customer_order_id='COWDC21080553'; UPDATE wh_customer_order_detail SET status=0,update_time=GETDATE(),update_user='pramudyono hadi' WHERE (customer_order_id='COWDC21080553') AND (status=1); UPDATE wh_customer_order_service_detail SET status=0,update_time=GETDATE(),update_user='pramudyono hadi' WHERE (customer_order_id='COWDC21080553') AND (status=1); UPDATE wh_reserved_order SET status=0,update_time=GETDATE(),update_user='pramudyono hadi' WHERE (customer_order_id='COWDC21080553') AND (status=1);
27/08/2021 10:30:26	SQL :SELECT MAX(COALESCE(CAST(Substring(customer_order_detail_id,11, 8) as Int), 0)) AS max_id FROM wh_customer_order_detail WHERE customer_order_detail_id  LIKE 'CORWDC2108______';
27/08/2021 10:30:26	SQL :INSERT INTO wh_customer_order_detail (customer_order_detail_id,customer_order_id,lead_order_detail_id,product_price_id,depart_location_id,from_date,to_date,from_time,route,pickup_point,standby_time,price_weekday,price_weekend,price_overday,units,total,total_addday,discount_price,discount_percent,remark,update_user) VALUES ('CORWDC2108005243','COWDC21080553',NULL,'PP15060004',6,'2021-08-26','2021-08-26','08:00','Antar Vaksin Karyawan di Bekasi','Pool Rawa Bokor',NULL,'1','1',0,1,'1',0,'0','0',NULL,'pramudyono hadi');
27/08/2021 10:30:28	SQL :SELECT RIGHT(MAX(reserved_order_id),4) AS max_id FROM wh_reserved_order WHERE reserved_order_id  LIKE 'RESWDC2108____';
27/08/2021 10:30:28	SQL :INSERT INTO wh_reserved_order (reserved_order_id,customer_order_id,company_id,location_id,customer_id,field_contact,field_contact_cellular_no,group_name,daily_package,submit_user,update_user) VALUES ('RESWDC21080586','COWDC21080553',2,6,'C15010184',NULL,NULL,NULL,NULL,dbo.GetUsername('Yanda'),'pramudyono hadi');
27/08/2021 10:30:28	SQL :SELECT RIGHT(MAX(reserved_order_detail_id),5) AS max_id FROM wh_reserved_order_detail WHERE reserved_order_detail_id  LIKE 'RESR2108_____';
27/08/2021 10:30:28	SQL :EXEC GetVhcAvail 6,2,@BatchId=6,@Seats=27,@FromDate='2021-08-26',@ToDate='2021-08-26',@ProductPriceId='PP15060004',@FromTime='08:00'
27/08/2021 10:30:29	SQL :INSERT INTO wh_reserved_order_detail_detail (reserved_order_detail_id,reserved_order_id,customer_order_detail_id,update_user) VALUES ('RESR210808924','RESWDC21080586','CORWDC2108005243','pramudyono hadi');
27/08/2021 10:30:29	SQL :UPDATE wh_customer_order SET complete=1,update_time=GETDATE(),update_user='pramudyono hadi' WHERE (customer_order_id='COWDC21080553') AND (status=1);
27/08/2021 10:30:38	Open Menu :190506
27/08/2021 10:30:38	Open DB Connection
27/08/2021 10:30:38	SQL :EXEC AuthMenu 'pramudyono hadi',190506;
27/08/2021 10:30:38	Form Check :DailyCheckRpt
27/08/2021 10:30:38	Form Open: DailyCheckRpt=Bus,,,6
27/08/2021 10:30:38	Open DB Connection
27/08/2021 10:30:38	SQL :EXEC GetCompanyLocationList
27/08/2021 10:30:40	Open DB Connection
27/08/2021 10:30:40	SQL :EXEC GetCustomerOrderList 2,@OutDates='2021/08/26',@LocationId=6,@Finish=6,@ListType=1,@isQuick=1;
27/08/2021 10:30:42	SQL :EXEC GetReservedOrderDetailDetail @CustomerOrderDetailId='CORWDC2108002314',@SJDetail=1;
27/08/2021 10:30:42	SQL :EXEC GetReservedOrderDetailDetail @CustomerOrderDetailId='CORWDC2107002343',@SJDetail=1;
27/08/2021 10:30:43	SQL :EXEC GetReservedOrderDetailDetail @CustomerOrderDetailId='CORWDC2107002363',@SJDetail=1;
27/08/2021 10:30:43	SQL :EXEC GetReservedOrderDetailDetail @CustomerOrderDetailId='CORWDC2107002383',@SJDetail=1;
27/08/2021 10:30:43	SQL :EXEC GetReservedOrderDetailDetail @CustomerOrderDetailId='CORWDC2107002982',@SJDetail=1;
27/08/2021 10:30:43	SQL :EXEC GetReservedOrderDetailDetail @CustomerOrderDetailId='CORWDC2108003874',@SJDetail=1;
27/08/2021 10:30:44	SQL :EXEC GetReservedOrderDetailDetail @CustomerOrderDetailId='CORWDC2108004166',@SJDetail=1;
27/08/2021 10:30:44	SQL :EXEC GetReservedOrderDetailDetail @CustomerOrderDetailId='CORWDC2108003921',@SJDetail=1;
27/08/2021 10:30:44	SQL :EXEC GetReservedOrderDetailDetail @CustomerOrderDetailId='CORWDC2108003930',@SJDetail=1;
27/08/2021 10:30:45	SQL :EXEC GetReservedOrderDetailDetail @CustomerOrderDetailId='CORWDC2108004161',@SJDetail=1;
27/08/2021 10:30:45	SQL :EXEC GetReservedOrderDetailDetail @CustomerOrderDetailId='CORWDC2108004156',@SJDetail=1;
27/08/2021 10:30:45	SQL :EXEC GetReservedOrderDetailDetail @CustomerOrderDetailId='CORWDC2108004151',@SJDetail=1;
27/08/2021 10:30:45	SQL :EXEC GetReservedOrderDetailDetail @CustomerOrderDetailId='CORWDC2108004146',@SJDetail=1;
27/08/2021 10:30:46	SQL :EXEC GetReservedOrderDetailDetail @CustomerOrderDetailId='CORWDC2108004141',@SJDetail=1;
27/08/2021 10:30:46	SQL :EXEC GetReservedOrderDetailDetail @CustomerOrderDetailId='CORWDC2108004136',@SJDetail=1;
27/08/2021 10:30:46	SQL :EXEC GetReservedOrderDetailDetail @CustomerOrderDetailId='CORWDC2108004131',@SJDetail=1;
27/08/2021 10:30:47	SQL :EXEC GetReservedOrderDetailDetail @CustomerOrderDetailId='CORWDC2108004126',@SJDetail=1;
27/08/2021 10:30:47	SQL :EXEC GetReservedOrderDetailDetail @CustomerOrderDetailId='CORWDC2108004121',@SJDetail=1;
27/08/2021 10:30:47	SQL :EXEC GetReservedOrderDetailDetail @CustomerOrderDetailId='CORWDC2107005625',@SJDetail=1;
27/08/2021 10:30:47	SQL :EXEC GetReservedOrderDetailDetail @CustomerOrderDetailId='CORWDC2108004899',@SJDetail=1;
27/08/2021 10:30:48	SQL :EXEC GetReservedOrderDetailDetail @CustomerOrderDetailId='CORWDC2108004924',@SJDetail=1;
27/08/2021 10:30:48	SQL :EXEC GetReservedOrderDetailDetail @CustomerOrderDetailId='CORWDC2108004115',@SJDetail=1;
27/08/2021 10:30:48	SQL :EXEC GetReservedOrderDetailDetail @CustomerOrderDetailId='CORWDC2108004040',@SJDetail=1;
27/08/2021 10:30:48	SQL :EXEC GetReservedOrderDetailDetail @CustomerOrderDetailId='CORWDC2108004035',@SJDetail=1;
27/08/2021 10:30:49	SQL :EXEC GetReservedOrderDetailDetail @CustomerOrderDetailId='CORWDC2108004030',@SJDetail=1;
27/08/2021 10:30:49	SQL :EXEC GetReservedOrderDetailDetail @CustomerOrderDetailId='CORWDC2108001214',@SJDetail=1;
27/08/2021 10:30:49	SQL :EXEC GetReservedOrderDetailDetail @CustomerOrderDetailId='CORWDC2108005088',@SJDetail=1;
27/08/2021 10:30:49	SQL :EXEC GetReservedOrderDetailDetail @CustomerOrderDetailId='CORWDC2108005089',@SJDetail=1;
27/08/2021 10:30:50	SQL :EXEC GetReservedOrderDetailDetail @CustomerOrderDetailId='CORWDC2108003027',@SJDetail=1;
27/08/2021 10:30:50	SQL :EXEC GetReservedOrderDetailDetail @CustomerOrderDetailId='CORWDC2108004198',@SJDetail=1;
27/08/2021 10:30:50	SQL :EXEC GetReservedOrderDetailDetail @CustomerOrderDetailId='CORWDC2108004207',@SJDetail=1;
27/08/2021 10:30:51	SQL :EXEC GetReservedOrderDetailDetail @CustomerOrderDetailId='CORWDC2108004226',@SJDetail=1;
27/08/2021 10:30:51	SQL :EXEC GetReservedOrderDetailDetail @CustomerOrderDetailId='CORWDC2108004231',@SJDetail=1;
27/08/2021 10:30:51	SQL :EXEC GetReservedOrderDetailDetail @CustomerOrderDetailId='CORWDC2108004981',@SJDetail=1;
27/08/2021 10:30:51	SQL :EXEC GetReservedOrderDetailDetail @CustomerOrderDetailId='CORWDC2108004960',@SJDetail=1;
27/08/2021 10:30:52	SQL :EXEC GetReservedOrderDetailDetail @CustomerOrderDetailId='CORWDC2108004333',@SJDetail=1;
27/08/2021 10:30:52	SQL :EXEC GetReservedOrderDetailDetail @CustomerOrderDetailId='CORWDC2108004357',@SJDetail=1;
27/08/2021 10:30:52	SQL :EXEC GetReservedOrderDetailDetail @CustomerOrderDetailId='CORWDC2108004496',@SJDetail=1;
27/08/2021 10:30:52	SQL :EXEC GetReservedOrderDetailDetail @CustomerOrderDetailId='CORWDC2108004508',@SJDetail=1;
27/08/2021 10:30:53	SQL :EXEC GetReservedOrderDetailDetail @CustomerOrderDetailId='CORWDC2108004520',@SJDetail=1;
27/08/2021 10:30:53	SQL :EXEC GetReservedOrderDetailDetail @CustomerOrderDetailId='CORWDC2108004532',@SJDetail=1;
27/08/2021 10:30:53	SQL :EXEC GetReservedOrderDetailDetail @CustomerOrderDetailId='CORWDC2108004544',@SJDetail=1;
27/08/2021 10:30:54	SQL :EXEC GetReservedOrderDetailDetail @CustomerOrderDetailId='CORWDC2108004556',@SJDetail=1;
27/08/2021 10:30:54	SQL :EXEC GetReservedOrderDetailDetail @CustomerOrderDetailId='CORWDC2108004568',@SJDetail=1;
27/08/2021 10:30:54	SQL :EXEC GetReservedOrderDetailDetail @CustomerOrderDetailId='CORWDC2108004580',@SJDetail=1;
27/08/2021 10:30:54	SQL :EXEC GetReservedOrderDetailDetail @CustomerOrderDetailId='CORWDC2108004598',@SJDetail=1;
27/08/2021 10:30:55	SQL :EXEC GetReservedOrderDetailDetail @CustomerOrderDetailId='CORWDC2108004604',@SJDetail=1;
27/08/2021 10:30:55	SQL :EXEC GetReservedOrderDetailDetail @CustomerOrderDetailId='CORWDC2108004634',@SJDetail=1;
27/08/2021 10:30:55	SQL :EXEC GetReservedOrderDetailDetail @CustomerOrderDetailId='CORWDC2108004640',@SJDetail=1;
27/08/2021 10:30:56	SQL :EXEC GetReservedOrderDetailDetail @CustomerOrderDetailId='CORWDC2108004646',@SJDetail=1;
27/08/2021 10:30:56	SQL :EXEC GetReservedOrderDetailDetail @CustomerOrderDetailId='CORWDC2108004652',@SJDetail=1;
27/08/2021 10:30:56	SQL :EXEC GetReservedOrderDetailDetail @CustomerOrderDetailId='CORWDC2108004991',@SJDetail=1;
27/08/2021 10:30:57	SQL :EXEC GetReservedOrderDetailDetail @CustomerOrderDetailId='CORWDC2108004676',@SJDetail=1;
27/08/2021 10:30:57	SQL :EXEC GetReservedOrderDetailDetail @CustomerOrderDetailId='CORWDC2108004688',@SJDetail=1;
27/08/2021 10:30:57	SQL :EXEC GetReservedOrderDetailDetail @CustomerOrderDetailId='CORWDC2108004736',@SJDetail=1;
27/08/2021 10:30:58	SQL :EXEC GetReservedOrderDetailDetail @CustomerOrderDetailId='CORWDC2108004724',@SJDetail=1;
27/08/2021 10:30:58	SQL :EXEC GetReservedOrderDetailDetail @CustomerOrderDetailId='CORWDC2108004730',@SJDetail=1;
27/08/2021 10:30:58	SQL :EXEC GetReservedOrderDetailDetail @CustomerOrderDetailId='CORWDC2108004892',@SJDetail=1;
27/08/2021 10:30:58	SQL :EXEC GetReservedOrderDetailDetail @CustomerOrderDetailId='CORWDC2108004874',@SJDetail=1;
27/08/2021 10:30:59	SQL :EXEC GetReservedOrderDetailDetail @CustomerOrderDetailId='CORWDC2108004886',@SJDetail=1;
27/08/2021 10:30:59	SQL :EXEC GetReservedOrderDetailDetail @CustomerOrderDetailId='CORWDC2108004880',@SJDetail=1;
27/08/2021 10:30:59	SQL :EXEC GetReservedOrderDetailDetail @CustomerOrderDetailId='CORWDC2108004862',@SJDetail=1;
27/08/2021 10:31:00	SQL :EXEC GetReservedOrderDetailDetail @CustomerOrderDetailId='CORWDC2108004868',@SJDetail=1;
27/08/2021 10:31:00	SQL :EXEC GetReservedOrderDetailDetail @CustomerOrderDetailId='CORWDC2108004856',@SJDetail=1;
27/08/2021 10:31:00	SQL :EXEC GetReservedOrderDetailDetail @CustomerOrderDetailId='CORWDC2108005169',@SJDetail=1;
27/08/2021 10:31:00	SQL :EXEC GetReservedOrderDetailDetail @CustomerOrderDetailId='CORWDC2108005084',@SJDetail=1;
27/08/2021 10:31:01	SQL :EXEC GetReservedOrderDetailDetail @CustomerOrderDetailId='CORWDC2108005111',@SJDetail=1;
27/08/2021 10:31:01	SQL :EXEC GetReservedOrderDetailDetail @CustomerOrderDetailId='CORWDC2108005107',@SJDetail=1;
27/08/2021 10:31:01	SQL :EXEC GetReservedOrderDetailDetail @CustomerOrderDetailId='CORWDC2108005110',@SJDetail=1;
27/08/2021 10:31:02	SQL :EXEC GetReservedOrderDetailDetail @CustomerOrderDetailId='CORWDC2108005118',@SJDetail=1;
27/08/2021 10:31:02	SQL :EXEC GetReservedOrderDetailDetail @CustomerOrderDetailId='CORWDC2108005140',@SJDetail=1;
27/08/2021 10:31:02	SQL :EXEC GetReservedOrderDetailDetail @CustomerOrderDetailId='CORWDC2108005243',@SJDetail=1;
27/08/2021 10:31:02	SQL :EXEC GetReservedOrderDetailDetail @CustomerOrderDetailId='CORWDC2108005175',@SJDetail=1;
27/08/2021 10:31:16	Form Check :OrderForm
27/08/2021 10:31:16	Form Open: OrderForm=COWDC21080535,0,,0
27/08/2021 10:31:16	Open DB Connection
27/08/2021 10:31:16	SQL :EXEC GetProductPriceList 2,@LocationId=6,@ContractId='';
27/08/2021 10:31:17	Open DB Connection
27/08/2021 10:31:17	SQL :EXEC GetOrderServiceType;
27/08/2021 10:31:17	SQL :EXEC GetTransactionType 'Order';
27/08/2021 10:31:17	Open DB Connection
27/08/2021 10:31:17	SQL :SELECT dbo.GetUsername('pramudyono hadi') AS sales UNION ALL SELECT dbo.GetUsername(username) AS sales FROM wh_user a LEFT JOIN wh_user_detail b ON b.user_id=a.username LEFT JOIN wh_company_location c ON c.company_location_id=a.company_location_id WHERE (b.department_id=14) AND (c.location_id='6');
27/08/2021 10:31:17	SQL :SELECT dbo.GetUsername('pramudyono hadi') AS sales;
27/08/2021 10:31:17	Open DB Connection
27/08/2021 10:31:17	SQL :EXEC GetOrderServiceType;
27/08/2021 10:31:17	SQL :EXEC GetTransactionType 'Order';
27/08/2021 10:31:17	Open DB Connection
27/08/2021 10:31:17	SQL :EXEC GetCustomerOrderDetail 'COWDC21080535';
27/08/2021 10:31:17	Open DB Connection
27/08/2021 10:31:17	SQL :EXEC GetCustomerOrderDetailList 'COWDC21080535';
27/08/2021 10:31:17	SQL :EXEC GetCustomerOrderServiceList 'COWDC21080535';
27/08/2021 10:31:17	Open DB Connection
27/08/2021 10:31:17	Open DB Connection
27/08/2021 10:31:24	Open Menu :130807
27/08/2021 10:31:24	Open DB Connection
27/08/2021 10:31:24	SQL :EXEC AuthMenu 'pramudyono hadi',130807;
27/08/2021 10:31:24	Form Check :OrderList
27/08/2021 10:31:24	Form Open: OrderList=Bus,Main-Change,,7,,0,0,0
27/08/2021 10:31:24	Open DB Connection
27/08/2021 10:31:24	SQL :EXEC GetCompanyLocationList
27/08/2021 10:31:35	Open DB Connection
27/08/2021 10:31:35	SQL :EXEC GetCustomerOrderList 2,@OutDates='2021/08/26',@LocationId=6,@Finish=7 ;
27/08/2021 10:32:10	Form Open: OrderForm=COWDC21080535,-1,,0
27/08/2021 10:32:10	Open DB Connection
27/08/2021 10:32:10	SQL :EXEC GetProductPriceList 2,@LocationId=6,@ContractId='';
27/08/2021 10:32:11	Open DB Connection
27/08/2021 10:32:11	SQL :EXEC GetOrderServiceType;
27/08/2021 10:32:11	SQL :EXEC GetTransactionType 'Order';
27/08/2021 10:32:11	Open DB Connection
27/08/2021 10:32:11	SQL :SELECT dbo.GetUsername('pramudyono hadi') AS sales UNION ALL SELECT dbo.GetUsername(username) AS sales FROM wh_user a LEFT JOIN wh_user_detail b ON b.user_id=a.username LEFT JOIN wh_company_location c ON c.company_location_id=a.company_location_id WHERE (b.department_id=14) AND (c.location_id='6');
27/08/2021 10:32:11	SQL :SELECT dbo.GetUsername('pramudyono hadi') AS sales;
27/08/2021 10:32:11	Open DB Connection
27/08/2021 10:32:11	SQL :EXEC GetOrderServiceType;
27/08/2021 10:32:11	SQL :EXEC GetTransactionType 'Order';
27/08/2021 10:32:11	Open DB Connection
27/08/2021 10:32:11	SQL :EXEC GetCustomerOrderDetail 'COWDC21080535';
27/08/2021 10:32:11	Open DB Connection
27/08/2021 10:32:11	SQL :EXEC GetCustomerOrderDetailList 'COWDC21080535';
27/08/2021 10:32:12	SQL :EXEC GetCustomerOrderServiceList 'COWDC21080535';
27/08/2021 10:32:12	Open DB Connection
27/08/2021 10:32:12	Open DB Connection
27/08/2021 10:32:12	SQL :SELECT value_string FROM wh_setting WHERE setting_name='Auto_Schedule';
27/08/2021 10:32:12	SQL :SELECT value_string FROM wh_setting WHERE setting_name='Confirmation_Form_Line_CompanyId_2';
27/08/2021 10:32:12	SQL :SELECT value_string FROM wh_setting WHERE setting_name='Waiting_List_Enabled_2';
27/08/2021 10:32:20	Form Save:OrderForm
27/08/2021 10:32:20	Open DB Connection
27/08/2021 10:32:20	SQL :SELECT *  FROM wh_reserved_order  a INNER JOIN wh_reserved_order_detail b ON b.reserved_order_id=a.reserved_order_id INNER JOIN wh_customer_order e ON e.customer_order_id=a.customer_order_id INNER JOIN wh_vhc_trans  c ON c.vhc_trans_id=b.vhc_trans_id WHERE (a.customer_order_id='COWDC21080535') AND (online=1) AND (c.cancel IS NULL) AND (a.status=1);
27/08/2021 10:32:24	Form Save:OrderForm
27/08/2021 10:32:24	Open DB Connection
27/08/2021 10:32:24	SQL :UPDATE wh_customer_order SET customer_id='C15010184',contact_person_id=NULL,cust_contract_id=NULL,group_name=NULL,discount_price=0,discount_percent=0,discount_cn_percent=NULL,discount_amount=0,field_contact=NULL,field_contact_cellular_no=NULL,total=1,remark=NULL,status=1,rev=1,is_service=1, service_type_id=3,sales_id=dbo.GetUserId('teddy wibowo'),update_time=GETDATE(),update_user='pramudyono hadi' WHERE customer_order_id='COWDC21080535'; UPDATE wh_customer_order_detail SET status=0,update_time=GETDATE(),update_user='pramudyono hadi' WHERE (customer_order_id='COWDC21080535') AND (status=1); UPDATE wh_customer_order_service_detail SET status=0,update_time=GETDATE(),update_user='pramudyono hadi' WHERE (customer_order_id='COWDC21080535') AND (status=1); UPDATE wh_reserved_order SET status=0,update_time=GETDATE(),update_user='pramudyono hadi' WHERE (customer_order_id='COWDC21080535') AND (status=1);
27/08/2021 10:32:25	SQL :SELECT MAX(COALESCE(CAST(Substring(customer_order_detail_id,11, 8) as Int), 0)) AS max_id FROM wh_customer_order_detail WHERE customer_order_detail_id  LIKE 'CORWDC2108______';
27/08/2021 10:32:25	SQL :INSERT INTO wh_customer_order_detail (customer_order_detail_id,customer_order_id,lead_order_detail_id,product_price_id,depart_location_id,from_date,to_date,from_time,route,pickup_point,standby_time,price_weekday,price_weekend,price_overday,units,total,total_addday,discount_price,discount_percent,remark,update_user) VALUES ('CORWDC2108005244','COWDC21080535',NULL,'PP15060004',6,'2021-08-26','2021-08-26','08:00','KIR PULOGADUNG','POOL WH',NULL,'1','1',0,1,'1',0,'0','0',NULL,'pramudyono hadi');
27/08/2021 10:32:32	SQL :SELECT RIGHT(MAX(reserved_order_id),4) AS max_id FROM wh_reserved_order WHERE reserved_order_id  LIKE 'RESWDC2108____';
27/08/2021 10:32:32	SQL :INSERT INTO wh_reserved_order (reserved_order_id,customer_order_id,company_id,location_id,customer_id,field_contact,field_contact_cellular_no,group_name,daily_package,submit_user,update_user) VALUES ('RESWDC21080587','COWDC21080535',2,6,'C15010184',NULL,NULL,NULL,NULL,dbo.GetUsername('teddy wibowo'),'pramudyono hadi');
27/08/2021 10:32:32	SQL :SELECT RIGHT(MAX(reserved_order_detail_id),5) AS max_id FROM wh_reserved_order_detail WHERE reserved_order_detail_id  LIKE 'RESR2108_____';
27/08/2021 10:32:32	SQL :EXEC GetVhcAvail 6,2,@BatchId=6,@Seats=27,@FromDate='2021-08-26',@ToDate='2021-08-26',@ProductPriceId='PP15060004',@FromTime='08:00'
27/08/2021 10:32:32	SQL :INSERT INTO wh_reserved_order_detail_detail (reserved_order_detail_id,reserved_order_id,customer_order_detail_id,update_user) VALUES ('RESR210808926','RESWDC21080587','CORWDC2108005244','pramudyono hadi');
27/08/2021 10:32:32	SQL :UPDATE wh_customer_order SET complete=1,update_time=GETDATE(),update_user='pramudyono hadi' WHERE (customer_order_id='COWDC21080535') AND (status=1);
27/08/2021 10:32:45	Open DB Connection
27/08/2021 10:32:45	SQL :EXEC GetCustomerOrderList 2,@OutDates='2021/08/19',@LocationId=6,@Finish=6,@ListType=1,@isQuick=1;
27/08/2021 10:32:46	SQL :EXEC GetReservedOrderDetailDetail @CustomerOrderDetailId='CORWDC2108002309',@SJDetail=1;
27/08/2021 10:32:46	SQL :EXEC GetReservedOrderDetailDetail @CustomerOrderDetailId='CORWDC2108004078',@SJDetail=1;
27/08/2021 10:32:46	SQL :EXEC GetReservedOrderDetailDetail @CustomerOrderDetailId='CORWDC2107002338',@SJDetail=1;
27/08/2021 10:32:46	SQL :EXEC GetReservedOrderDetailDetail @CustomerOrderDetailId='CORWDC2107002358',@SJDetail=1;
27/08/2021 10:32:47	SQL :EXEC GetReservedOrderDetailDetail @CustomerOrderDetailId='CORWDC2107002378',@SJDetail=1;
27/08/2021 10:32:47	SQL :EXEC GetReservedOrderDetailDetail @CustomerOrderDetailId='CORWDC2107002977',@SJDetail=1;
27/08/2021 10:32:47	SQL :EXEC GetReservedOrderDetailDetail @CustomerOrderDetailId='CORWDC2108004007',@SJDetail=1;
27/08/2021 10:32:47	SQL :EXEC GetReservedOrderDetailDetail @CustomerOrderDetailId='CORWDC2108004024',@SJDetail=1;
27/08/2021 10:32:48	SQL :EXEC GetReservedOrderDetailDetail @CustomerOrderDetailId='CORWDC2108003870',@SJDetail=1;
27/08/2021 10:32:48	SQL :EXEC GetReservedOrderDetailDetail @CustomerOrderDetailId='CORWDC2108003880',@SJDetail=1;
27/08/2021 10:32:48	SQL :EXEC GetReservedOrderDetailDetail @CustomerOrderDetailId='CORWDC2108003884',@SJDetail=1;
27/08/2021 10:32:49	SQL :EXEC GetReservedOrderDetailDetail @CustomerOrderDetailId='CORWDC2108003888',@SJDetail=1;
27/08/2021 10:32:49	SQL :EXEC GetReservedOrderDetailDetail @CustomerOrderDetailId='CORWDC2108003892',@SJDetail=1;
27/08/2021 10:32:49	SQL :EXEC GetReservedOrderDetailDetail @CustomerOrderDetailId='CORWDC2108003896',@SJDetail=1;
27/08/2021 10:32:49	SQL :EXEC GetReservedOrderDetailDetail @CustomerOrderDetailId='CORWDC2108003900',@SJDetail=1;
27/08/2021 10:32:50	SQL :EXEC GetReservedOrderDetailDetail @CustomerOrderDetailId='CORWDC2108003904',@SJDetail=1;
27/08/2021 10:32:50	SQL :EXEC GetReservedOrderDetailDetail @CustomerOrderDetailId='CORWDC2108003908',@SJDetail=1;
27/08/2021 10:32:50	SQL :EXEC GetReservedOrderDetailDetail @CustomerOrderDetailId='CORWDC2108003912',@SJDetail=1;
27/08/2021 10:32:50	SQL :EXEC GetReservedOrderDetailDetail @CustomerOrderDetailId='CORWDC2108003917',@SJDetail=1;
27/08/2021 10:32:51	SQL :EXEC GetReservedOrderDetailDetail @CustomerOrderDetailId='CORWDC2108003926',@SJDetail=1;
27/08/2021 10:32:51	SQL :EXEC GetReservedOrderDetailDetail @CustomerOrderDetailId='CORWDC2107005622',@SJDetail=1;
27/08/2021 10:32:51	SQL :EXEC GetReservedOrderDetailDetail @CustomerOrderDetailId='CORWDC2108004915',@SJDetail=1;
27/08/2021 10:32:51	SQL :EXEC GetReservedOrderDetailDetail @CustomerOrderDetailId='CORWDC2108004940',@SJDetail=1;
27/08/2021 10:32:52	SQL :EXEC GetReservedOrderDetailDetail @CustomerOrderDetailId='CORWDC2108003935',@SJDetail=1;
27/08/2021 10:32:52	SQL :EXEC GetReservedOrderDetailDetail @CustomerOrderDetailId='CORWDC2108003939',@SJDetail=1;
27/08/2021 10:32:52	SQL :EXEC GetReservedOrderDetailDetail @CustomerOrderDetailId='CORWDC2108003943',@SJDetail=1;
27/08/2021 10:32:52	SQL :EXEC GetReservedOrderDetailDetail @CustomerOrderDetailId='CORWDC2108003947',@SJDetail=1;
27/08/2021 10:32:53	SQL :EXEC GetReservedOrderDetailDetail @CustomerOrderDetailId='CORWDC2108001207',@SJDetail=1;
27/08/2021 10:32:53	SQL :EXEC GetReservedOrderDetailDetail @CustomerOrderDetailId='CORWDC2108001529',@SJDetail=1;
27/08/2021 10:32:53	SQL :EXEC GetReservedOrderDetailDetail @CustomerOrderDetailId='CORWDC2108004019',@SJDetail=1;
27/08/2021 10:32:53	SQL :EXEC GetReservedOrderDetailDetail @CustomerOrderDetailId='CORWDC2108003727',@SJDetail=1;
27/08/2021 10:32:54	SQL :EXEC GetReservedOrderDetailDetail @CustomerOrderDetailId='CORWDC2108004189',@SJDetail=1;
27/08/2021 10:32:54	SQL :EXEC GetReservedOrderDetailDetail @CustomerOrderDetailId='CORWDC2108004193',@SJDetail=1;
27/08/2021 10:32:54	SQL :EXEC GetReservedOrderDetailDetail @CustomerOrderDetailId='CORWDC2108004202',@SJDetail=1;
27/08/2021 10:32:54	SQL :EXEC GetReservedOrderDetailDetail @CustomerOrderDetailId='CORWDC2108004221',@SJDetail=1;
27/08/2021 10:32:55	SQL :EXEC GetReservedOrderDetailDetail @CustomerOrderDetailId='CORWDC2108003323',@SJDetail=1;
27/08/2021 10:32:55	SQL :EXEC GetReservedOrderDetailDetail @CustomerOrderDetailId='CORWDC2108003315',@SJDetail=1;
27/08/2021 10:32:55	SQL :EXEC GetReservedOrderDetailDetail @CustomerOrderDetailId='CORWDC2108003411',@SJDetail=1;
27/08/2021 10:32:55	SQL :EXEC GetReservedOrderDetailDetail @CustomerOrderDetailId='CORWDC2108003421',@SJDetail=1;
27/08/2021 10:32:56	SQL :EXEC GetReservedOrderDetailDetail @CustomerOrderDetailId='CORWDC2108003431',@SJDetail=1;
27/08/2021 10:32:56	SQL :EXEC GetReservedOrderDetailDetail @CustomerOrderDetailId='CORWDC2108003440',@SJDetail=1;
27/08/2021 10:32:56	SQL :EXEC GetReservedOrderDetailDetail @CustomerOrderDetailId='CORWDC2108003448',@SJDetail=1;
27/08/2021 10:32:56	SQL :EXEC GetReservedOrderDetailDetail @CustomerOrderDetailId='CORWDC2108003456',@SJDetail=1;
27/08/2021 10:32:57	SQL :EXEC GetReservedOrderDetailDetail @CustomerOrderDetailId='CORWDC2108003464',@SJDetail=1;
27/08/2021 10:32:57	SQL :EXEC GetReservedOrderDetailDetail @CustomerOrderDetailId='CORWDC2108003472',@SJDetail=1;
27/08/2021 10:32:57	SQL :EXEC GetReservedOrderDetailDetail @CustomerOrderDetailId='CORWDC2108003480',@SJDetail=1;
27/08/2021 10:32:57	SQL :EXEC GetReservedOrderDetailDetail @CustomerOrderDetailId='CORWDC2108003488',@SJDetail=1;
27/08/2021 10:32:58	SQL :EXEC GetReservedOrderDetailDetail @CustomerOrderDetailId='CORWDC2108003496',@SJDetail=1;
27/08/2021 10:32:58	SQL :EXEC GetReservedOrderDetailDetail @CustomerOrderDetailId='CORWDC2108003504',@SJDetail=1;
27/08/2021 10:32:58	SQL :EXEC GetReservedOrderDetailDetail @CustomerOrderDetailId='CORWDC2108003512',@SJDetail=1;
27/08/2021 10:32:58	SQL :EXEC GetReservedOrderDetailDetail @CustomerOrderDetailId='CORWDC2108003521',@SJDetail=1;
27/08/2021 10:32:59	SQL :EXEC GetReservedOrderDetailDetail @CustomerOrderDetailId='CORWDC2108003533',@SJDetail=1;
27/08/2021 10:32:59	SQL :EXEC GetReservedOrderDetailDetail @CustomerOrderDetailId='CORWDC2108003549',@SJDetail=1;
27/08/2021 10:32:59	SQL :EXEC GetReservedOrderDetailDetail @CustomerOrderDetailId='CORWDC2108003553',@SJDetail=1;
27/08/2021 10:32:59	SQL :EXEC GetReservedOrderDetailDetail @CustomerOrderDetailId='CORWDC2108003557',@SJDetail=1;
27/08/2021 10:33:00	SQL :EXEC GetReservedOrderDetailDetail @CustomerOrderDetailId='CORWDC2108003599',@SJDetail=1;
27/08/2021 10:33:00	SQL :EXEC GetReservedOrderDetailDetail @CustomerOrderDetailId='CORWDC2108003595',@SJDetail=1;
27/08/2021 10:33:00	SQL :EXEC GetReservedOrderDetailDetail @CustomerOrderDetailId='CORWDC2108003607',@SJDetail=1;
27/08/2021 10:33:01	SQL :EXEC GetReservedOrderDetailDetail @CustomerOrderDetailId='CORWDC2108003615',@SJDetail=1;
27/08/2021 10:33:01	SQL :EXEC GetReservedOrderDetailDetail @CustomerOrderDetailId='CORWDC2108003627',@SJDetail=1;
27/08/2021 10:33:01	SQL :EXEC GetReservedOrderDetailDetail @CustomerOrderDetailId='CORWDC2108003691',@SJDetail=1;
27/08/2021 10:33:01	SQL :EXEC GetReservedOrderDetailDetail @CustomerOrderDetailId='CORWDC2108003679',@SJDetail=1;
27/08/2021 10:33:02	SQL :EXEC GetReservedOrderDetailDetail @CustomerOrderDetailId='CORWDC2108003718',@SJDetail=1;
27/08/2021 10:33:02	SQL :EXEC GetReservedOrderDetailDetail @CustomerOrderDetailId='CORWDC2108003719',@SJDetail=1;
27/08/2021 10:33:02	SQL :EXEC GetReservedOrderDetailDetail @CustomerOrderDetailId='CORWDC2108003722',@SJDetail=1;
27/08/2021 10:33:02	SQL :EXEC GetReservedOrderDetailDetail @CustomerOrderDetailId='CORWDC2108003724',@SJDetail=1;
27/08/2021 10:33:03	SQL :EXEC GetReservedOrderDetailDetail @CustomerOrderDetailId='CORWDC2108003745',@SJDetail=1;
27/08/2021 10:33:03	SQL :EXEC GetReservedOrderDetailDetail @CustomerOrderDetailId='CORWDC2108003746',@SJDetail=1;
27/08/2021 10:33:03	SQL :EXEC GetReservedOrderDetailDetail @CustomerOrderDetailId='CORWDC2108003773',@SJDetail=1;
27/08/2021 10:33:03	SQL :EXEC GetReservedOrderDetailDetail @CustomerOrderDetailId='CORWDC2108003794',@SJDetail=1;
27/08/2021 10:33:04	SQL :EXEC GetReservedOrderDetailDetail @CustomerOrderDetailId='CORWDC2108003800',@SJDetail=1;
27/08/2021 10:33:04	SQL :EXEC GetReservedOrderDetailDetail @CustomerOrderDetailId='CORWDC2108003807',@SJDetail=1;
27/08/2021 10:33:04	SQL :EXEC GetReservedOrderDetailDetail @CustomerOrderDetailId='CORWDC2108003808',@SJDetail=1;
27/08/2021 10:33:04	SQL :EXEC GetReservedOrderDetailDetail @CustomerOrderDetailId='CORWDC2108003809',@SJDetail=1;
27/08/2021 10:33:05	SQL :EXEC GetReservedOrderDetailDetail @CustomerOrderDetailId='CORWDC2108003810',@SJDetail=1;
27/08/2021 10:33:05	SQL :EXEC GetReservedOrderDetailDetail @CustomerOrderDetailId='CORWDC2108003843',@SJDetail=1;
27/08/2021 10:33:05	SQL :EXEC GetReservedOrderDetailDetail @CustomerOrderDetailId='CORWDC2108004266',@SJDetail=1;
27/08/2021 10:33:12	Form Check :OrderForm
27/08/2021 10:33:12	Form Open: OrderForm=COWDC21080410,0,,0
27/08/2021 10:33:12	Open DB Connection
27/08/2021 10:33:12	SQL :EXEC GetProductPriceList 2,@LocationId=6,@ContractId='';
27/08/2021 10:33:12	Open DB Connection
27/08/2021 10:33:12	SQL :EXEC GetOrderServiceType;
27/08/2021 10:33:12	SQL :EXEC GetTransactionType 'Order';
27/08/2021 10:33:12	Open DB Connection
27/08/2021 10:33:12	SQL :SELECT dbo.GetUsername('pramudyono hadi') AS sales UNION ALL SELECT dbo.GetUsername(username) AS sales FROM wh_user a LEFT JOIN wh_user_detail b ON b.user_id=a.username LEFT JOIN wh_company_location c ON c.company_location_id=a.company_location_id WHERE (b.department_id=14) AND (c.location_id='6');
27/08/2021 10:33:12	SQL :SELECT dbo.GetUsername('pramudyono hadi') AS sales;
27/08/2021 10:33:12	Open DB Connection
27/08/2021 10:33:12	SQL :EXEC GetOrderServiceType;
27/08/2021 10:33:12	SQL :EXEC GetTransactionType 'Order';
27/08/2021 10:33:13	Open DB Connection
27/08/2021 10:33:13	SQL :EXEC GetCustomerOrderDetail 'COWDC21080410';
27/08/2021 10:33:14	Open DB Connection
27/08/2021 10:33:14	SQL :EXEC GetCustomerOrderDetailList 'COWDC21080410';
27/08/2021 10:33:14	SQL :EXEC GetCustomerOrderServiceList 'COWDC21080410';
27/08/2021 10:33:14	Open DB Connection
27/08/2021 10:33:14	Open DB Connection
27/08/2021 10:33:19	Form Check :OrderForm
27/08/2021 10:33:19	Form Open: OrderForm=COWDC21080411,0,,0
27/08/2021 10:33:19	Open DB Connection
27/08/2021 10:33:19	SQL :EXEC GetProductPriceList 2,@LocationId=6,@ContractId='';
27/08/2021 10:33:19	Open DB Connection
27/08/2021 10:33:19	SQL :EXEC GetOrderServiceType;
27/08/2021 10:33:19	SQL :EXEC GetTransactionType 'Order';
27/08/2021 10:33:19	Open DB Connection
27/08/2021 10:33:19	SQL :SELECT dbo.GetUsername('pramudyono hadi') AS sales UNION ALL SELECT dbo.GetUsername(username) AS sales FROM wh_user a LEFT JOIN wh_user_detail b ON b.user_id=a.username LEFT JOIN wh_company_location c ON c.company_location_id=a.company_location_id WHERE (b.department_id=14) AND (c.location_id='6');
27/08/2021 10:33:19	SQL :SELECT dbo.GetUsername('pramudyono hadi') AS sales;
27/08/2021 10:33:19	Open DB Connection
27/08/2021 10:33:19	SQL :EXEC GetOrderServiceType;
27/08/2021 10:33:19	SQL :EXEC GetTransactionType 'Order';
27/08/2021 10:33:19	Open DB Connection
27/08/2021 10:33:19	SQL :EXEC GetCustomerOrderDetail 'COWDC21080411';
27/08/2021 10:33:20	Open DB Connection
27/08/2021 10:33:20	SQL :EXEC GetCustomerOrderDetailList 'COWDC21080411';
27/08/2021 10:33:21	SQL :EXEC GetCustomerOrderServiceList 'COWDC21080411';
27/08/2021 10:33:21	Open DB Connection
27/08/2021 10:33:21	Open DB Connection
27/08/2021 10:33:23	Form Check :OrderForm
27/08/2021 10:33:23	Form Open: OrderForm=COWDC21080412,0,,0
27/08/2021 10:33:23	Open DB Connection
27/08/2021 10:33:23	SQL :EXEC GetProductPriceList 2,@LocationId=6,@ContractId='';
27/08/2021 10:33:23	Open DB Connection
27/08/2021 10:33:23	SQL :EXEC GetOrderServiceType;
27/08/2021 10:33:23	SQL :EXEC GetTransactionType 'Order';
27/08/2021 10:33:23	Open DB Connection
27/08/2021 10:33:23	SQL :SELECT dbo.GetUsername('pramudyono hadi') AS sales UNION ALL SELECT dbo.GetUsername(username) AS sales FROM wh_user a LEFT JOIN wh_user_detail b ON b.user_id=a.username LEFT JOIN wh_company_location c ON c.company_location_id=a.company_location_id WHERE (b.department_id=14) AND (c.location_id='6');
27/08/2021 10:33:23	SQL :SELECT dbo.GetUsername('pramudyono hadi') AS sales;
27/08/2021 10:33:23	Open DB Connection
27/08/2021 10:33:23	SQL :EXEC GetOrderServiceType;
27/08/2021 10:33:23	SQL :EXEC GetTransactionType 'Order';
27/08/2021 10:33:23	Open DB Connection
27/08/2021 10:33:23	SQL :EXEC GetCustomerOrderDetail 'COWDC21080412';
27/08/2021 10:33:24	Open DB Connection
27/08/2021 10:33:24	SQL :EXEC GetCustomerOrderDetailList 'COWDC21080412';
27/08/2021 10:33:25	SQL :EXEC GetCustomerOrderServiceList 'COWDC21080412';
27/08/2021 10:33:25	Open DB Connection
27/08/2021 10:33:25	Open DB Connection
27/08/2021 10:34:37	Form Check :OrderForm
27/08/2021 10:34:37	Form Open: OrderForm=COWDC21080410,0,,0
27/08/2021 10:34:37	Open DB Connection
27/08/2021 10:34:37	SQL :EXEC GetProductPriceList 2,@LocationId=6,@ContractId='';
27/08/2021 10:34:37	Open DB Connection
27/08/2021 10:34:37	SQL :EXEC GetOrderServiceType;
27/08/2021 10:34:37	SQL :EXEC GetTransactionType 'Order';
27/08/2021 10:34:37	Open DB Connection
27/08/2021 10:34:37	SQL :SELECT dbo.GetUsername('pramudyono hadi') AS sales UNION ALL SELECT dbo.GetUsername(username) AS sales FROM wh_user a LEFT JOIN wh_user_detail b ON b.user_id=a.username LEFT JOIN wh_company_location c ON c.company_location_id=a.company_location_id WHERE (b.department_id=14) AND (c.location_id='6');
27/08/2021 10:34:37	SQL :SELECT dbo.GetUsername('pramudyono hadi') AS sales;
27/08/2021 10:34:37	Open DB Connection
27/08/2021 10:34:37	SQL :EXEC GetOrderServiceType;
27/08/2021 10:34:37	SQL :EXEC GetTransactionType 'Order';
27/08/2021 10:34:37	Open DB Connection
27/08/2021 10:34:37	SQL :EXEC GetCustomerOrderDetail 'COWDC21080410';
27/08/2021 10:34:38	Open DB Connection
27/08/2021 10:34:38	SQL :EXEC GetCustomerOrderDetailList 'COWDC21080410';
27/08/2021 10:34:38	SQL :EXEC GetCustomerOrderServiceList 'COWDC21080410';
27/08/2021 10:34:38	Open DB Connection
27/08/2021 10:34:38	Open DB Connection
27/08/2021 10:34:40	Form Check :OrderForm
27/08/2021 10:34:40	Form Open: OrderForm=COWDC21080411,0,,0
27/08/2021 10:34:40	Open DB Connection
27/08/2021 10:34:40	SQL :EXEC GetProductPriceList 2,@LocationId=6,@ContractId='';
27/08/2021 10:34:41	Open DB Connection
27/08/2021 10:34:41	SQL :EXEC GetOrderServiceType;
27/08/2021 10:34:41	SQL :EXEC GetTransactionType 'Order';
27/08/2021 10:34:41	Open DB Connection
27/08/2021 10:34:41	SQL :SELECT dbo.GetUsername('pramudyono hadi') AS sales UNION ALL SELECT dbo.GetUsername(username) AS sales FROM wh_user a LEFT JOIN wh_user_detail b ON b.user_id=a.username LEFT JOIN wh_company_location c ON c.company_location_id=a.company_location_id WHERE (b.department_id=14) AND (c.location_id='6');
27/08/2021 10:34:41	SQL :SELECT dbo.GetUsername('pramudyono hadi') AS sales;
27/08/2021 10:34:41	Open DB Connection
27/08/2021 10:34:41	SQL :EXEC GetOrderServiceType;
27/08/2021 10:34:41	SQL :EXEC GetTransactionType 'Order';
27/08/2021 10:34:41	Open DB Connection
27/08/2021 10:34:41	SQL :EXEC GetCustomerOrderDetail 'COWDC21080411';
27/08/2021 10:34:41	Open DB Connection
27/08/2021 10:34:41	SQL :EXEC GetCustomerOrderDetailList 'COWDC21080411';
27/08/2021 10:34:42	SQL :EXEC GetCustomerOrderServiceList 'COWDC21080411';
27/08/2021 10:34:42	Open DB Connection
27/08/2021 10:34:42	Open DB Connection
27/08/2021 10:34:44	Form Check :OrderForm
27/08/2021 10:34:44	Form Open: OrderForm=COWDC21080412,0,,0
27/08/2021 10:34:44	Open DB Connection
27/08/2021 10:34:44	SQL :EXEC GetProductPriceList 2,@LocationId=6,@ContractId='';
27/08/2021 10:34:44	Open DB Connection
27/08/2021 10:34:44	SQL :EXEC GetOrderServiceType;
27/08/2021 10:34:44	SQL :EXEC GetTransactionType 'Order';
27/08/2021 10:34:44	Open DB Connection
27/08/2021 10:34:44	SQL :SELECT dbo.GetUsername('pramudyono hadi') AS sales UNION ALL SELECT dbo.GetUsername(username) AS sales FROM wh_user a LEFT JOIN wh_user_detail b ON b.user_id=a.username LEFT JOIN wh_company_location c ON c.company_location_id=a.company_location_id WHERE (b.department_id=14) AND (c.location_id='6');
27/08/2021 10:34:44	SQL :SELECT dbo.GetUsername('pramudyono hadi') AS sales;
27/08/2021 10:34:44	Open DB Connection
27/08/2021 10:34:44	SQL :EXEC GetOrderServiceType;
27/08/2021 10:34:44	SQL :EXEC GetTransactionType 'Order';
27/08/2021 10:34:45	Open DB Connection
27/08/2021 10:34:45	SQL :EXEC GetCustomerOrderDetail 'COWDC21080412';
27/08/2021 10:34:45	Open DB Connection
27/08/2021 10:34:45	SQL :EXEC GetCustomerOrderDetailList 'COWDC21080412';
27/08/2021 10:34:45	SQL :EXEC GetCustomerOrderServiceList 'COWDC21080412';
27/08/2021 10:34:45	Open DB Connection
27/08/2021 10:34:45	Open DB Connection
27/08/2021 10:34:58	Form Check :OrderForm
27/08/2021 10:34:58	Form Open: OrderForm=COWDC21080413,0,,0
27/08/2021 10:34:58	Open DB Connection
27/08/2021 10:34:58	SQL :EXEC GetProductPriceList 2,@LocationId=6,@ContractId='';
27/08/2021 10:34:58	Open DB Connection
27/08/2021 10:34:58	SQL :EXEC GetOrderServiceType;
27/08/2021 10:34:58	SQL :EXEC GetTransactionType 'Order';
27/08/2021 10:34:58	Open DB Connection
27/08/2021 10:34:58	SQL :SELECT dbo.GetUsername('pramudyono hadi') AS sales UNION ALL SELECT dbo.GetUsername(username) AS sales FROM wh_user a LEFT JOIN wh_user_detail b ON b.user_id=a.username LEFT JOIN wh_company_location c ON c.company_location_id=a.company_location_id WHERE (b.department_id=14) AND (c.location_id='6');
27/08/2021 10:34:58	SQL :SELECT dbo.GetUsername('pramudyono hadi') AS sales;
27/08/2021 10:34:58	Open DB Connection
27/08/2021 10:34:58	SQL :EXEC GetOrderServiceType;
27/08/2021 10:34:58	SQL :EXEC GetTransactionType 'Order';
27/08/2021 10:34:58	Open DB Connection
27/08/2021 10:34:58	SQL :EXEC GetCustomerOrderDetail 'COWDC21080413';
27/08/2021 10:34:59	Open DB Connection
27/08/2021 10:34:59	SQL :EXEC GetCustomerOrderDetailList 'COWDC21080413';
27/08/2021 10:35:00	SQL :EXEC GetCustomerOrderServiceList 'COWDC21080413';
27/08/2021 10:35:00	Open DB Connection
27/08/2021 10:35:00	Open DB Connection
27/08/2021 10:35:09	Form Check :OrderForm
27/08/2021 10:35:09	Form Open: OrderForm=COWDC21080413,0,,0
27/08/2021 10:35:09	Open DB Connection
27/08/2021 10:35:09	SQL :EXEC GetProductPriceList 2,@LocationId=6,@ContractId='';
27/08/2021 10:35:09	Open DB Connection
27/08/2021 10:35:09	SQL :EXEC GetOrderServiceType;
27/08/2021 10:35:09	SQL :EXEC GetTransactionType 'Order';
27/08/2021 10:35:09	Open DB Connection
27/08/2021 10:35:09	SQL :SELECT dbo.GetUsername('pramudyono hadi') AS sales UNION ALL SELECT dbo.GetUsername(username) AS sales FROM wh_user a LEFT JOIN wh_user_detail b ON b.user_id=a.username LEFT JOIN wh_company_location c ON c.company_location_id=a.company_location_id WHERE (b.department_id=14) AND (c.location_id='6');
27/08/2021 10:35:09	SQL :SELECT dbo.GetUsername('pramudyono hadi') AS sales;
27/08/2021 10:35:10	Open DB Connection
27/08/2021 10:35:10	SQL :EXEC GetOrderServiceType;
27/08/2021 10:35:10	SQL :EXEC GetTransactionType 'Order';
27/08/2021 10:35:10	Open DB Connection
27/08/2021 10:35:10	SQL :EXEC GetCustomerOrderDetail 'COWDC21080413';
27/08/2021 10:35:10	Open DB Connection
27/08/2021 10:35:10	SQL :EXEC GetCustomerOrderDetailList 'COWDC21080413';
27/08/2021 10:35:10	SQL :EXEC GetCustomerOrderServiceList 'COWDC21080413';
27/08/2021 10:35:10	Open DB Connection
27/08/2021 10:35:10	Open DB Connection
27/08/2021 10:35:15	Form Check :OrderForm
27/08/2021 10:35:15	Form Open: OrderForm=COWDC21080455,0,,0
27/08/2021 10:35:15	Open DB Connection
27/08/2021 10:35:15	SQL :EXEC GetProductPriceList 2,@LocationId=6,@ContractId='';
27/08/2021 10:35:15	Open DB Connection
27/08/2021 10:35:15	SQL :EXEC GetOrderServiceType;
27/08/2021 10:35:15	SQL :EXEC GetTransactionType 'Order';
27/08/2021 10:35:15	Open DB Connection
27/08/2021 10:35:15	SQL :SELECT dbo.GetUsername('pramudyono hadi') AS sales UNION ALL SELECT dbo.GetUsername(username) AS sales FROM wh_user a LEFT JOIN wh_user_detail b ON b.user_id=a.username LEFT JOIN wh_company_location c ON c.company_location_id=a.company_location_id WHERE (b.department_id=14) AND (c.location_id='6');
27/08/2021 10:35:15	SQL :SELECT dbo.GetUsername('pramudyono hadi') AS sales;
27/08/2021 10:35:15	Open DB Connection
27/08/2021 10:35:15	SQL :EXEC GetOrderServiceType;
27/08/2021 10:35:15	SQL :EXEC GetTransactionType 'Order';
27/08/2021 10:35:15	Open DB Connection
27/08/2021 10:35:15	SQL :EXEC GetCustomerOrderDetail 'COWDC21080455';
27/08/2021 10:35:16	Open DB Connection
27/08/2021 10:35:16	SQL :EXEC GetCustomerOrderDetailList 'COWDC21080455';
27/08/2021 10:35:17	SQL :EXEC GetCustomerOrderServiceList 'COWDC21080455';
27/08/2021 10:35:17	Open DB Connection
27/08/2021 10:35:17	Open DB Connection
27/08/2021 10:35:42	Form Check :OrderForm
27/08/2021 10:35:42	Form Open: OrderForm=COWDC21080455,0,,0
27/08/2021 10:35:42	Open DB Connection
27/08/2021 10:35:42	SQL :EXEC GetProductPriceList 2,@LocationId=6,@ContractId='';
27/08/2021 10:35:42	Open DB Connection
27/08/2021 10:35:42	SQL :EXEC GetOrderServiceType;
27/08/2021 10:35:42	SQL :EXEC GetTransactionType 'Order';
27/08/2021 10:35:42	Open DB Connection
27/08/2021 10:35:42	SQL :SELECT dbo.GetUsername('pramudyono hadi') AS sales UNION ALL SELECT dbo.GetUsername(username) AS sales FROM wh_user a LEFT JOIN wh_user_detail b ON b.user_id=a.username LEFT JOIN wh_company_location c ON c.company_location_id=a.company_location_id WHERE (b.department_id=14) AND (c.location_id='6');
27/08/2021 10:35:42	SQL :SELECT dbo.GetUsername('pramudyono hadi') AS sales;
27/08/2021 10:35:42	Open DB Connection
27/08/2021 10:35:42	SQL :EXEC GetOrderServiceType;
27/08/2021 10:35:42	SQL :EXEC GetTransactionType 'Order';
27/08/2021 10:35:42	Open DB Connection
27/08/2021 10:35:42	SQL :EXEC GetCustomerOrderDetail 'COWDC21080455';
27/08/2021 10:35:42	Open DB Connection
27/08/2021 10:35:42	SQL :EXEC GetCustomerOrderDetailList 'COWDC21080455';
27/08/2021 10:35:43	SQL :EXEC GetCustomerOrderServiceList 'COWDC21080455';
27/08/2021 10:35:43	Open DB Connection
27/08/2021 10:35:43	Open DB Connection
27/08/2021 10:36:00	Open DB Connection
27/08/2021 10:36:00	SQL :EXEC GetCustomerOrderList 2,@OutDates='2021/08/20',@LocationId=6,@Finish=6,@ListType=1,@isQuick=1;
27/08/2021 10:36:01	SQL :EXEC GetReservedOrderDetailDetail @CustomerOrderDetailId='CORWDC2108002310',@SJDetail=1;
27/08/2021 10:36:01	SQL :EXEC GetReservedOrderDetailDetail @CustomerOrderDetailId='CORWDC2107002339',@SJDetail=1;
27/08/2021 10:36:02	SQL :EXEC GetReservedOrderDetailDetail @CustomerOrderDetailId='CORWDC2107002359',@SJDetail=1;
27/08/2021 10:36:02	SQL :EXEC GetReservedOrderDetailDetail @CustomerOrderDetailId='CORWDC2107002379',@SJDetail=1;
27/08/2021 10:36:02	SQL :EXEC GetReservedOrderDetailDetail @CustomerOrderDetailId='CORWDC2107002978',@SJDetail=1;
27/08/2021 10:36:02	SQL :EXEC GetReservedOrderDetailDetail @CustomerOrderDetailId='CORWDC2108004008',@SJDetail=1;
27/08/2021 10:36:03	SQL :EXEC GetReservedOrderDetailDetail @CustomerOrderDetailId='CORWDC2107005623',@SJDetail=1;
27/08/2021 10:36:03	SQL :EXEC GetReservedOrderDetailDetail @CustomerOrderDetailId='CORWDC2108004916',@SJDetail=1;
27/08/2021 10:36:03	SQL :EXEC GetReservedOrderDetailDetail @CustomerOrderDetailId='CORWDC2108004941',@SJDetail=1;
27/08/2021 10:36:03	SQL :EXEC GetReservedOrderDetailDetail @CustomerOrderDetailId='CORWDC2108001208',@SJDetail=1;
27/08/2021 10:36:04	SQL :EXEC GetReservedOrderDetailDetail @CustomerOrderDetailId='CORWDC2108004190',@SJDetail=1;
27/08/2021 10:36:04	SQL :EXEC GetReservedOrderDetailDetail @CustomerOrderDetailId='CORWDC2108004194',@SJDetail=1;
27/08/2021 10:36:04	SQL :EXEC GetReservedOrderDetailDetail @CustomerOrderDetailId='CORWDC2108004203',@SJDetail=1;
27/08/2021 10:36:04	SQL :EXEC GetReservedOrderDetailDetail @CustomerOrderDetailId='CORWDC2108004222',@SJDetail=1;
27/08/2021 10:36:05	SQL :EXEC GetReservedOrderDetailDetail @CustomerOrderDetailId='CORWDC2108003020',@SJDetail=1;
27/08/2021 10:36:05	SQL :EXEC GetReservedOrderDetailDetail @CustomerOrderDetailId='CORWDC2108003324',@SJDetail=1;
27/08/2021 10:36:05	SQL :EXEC GetReservedOrderDetailDetail @CustomerOrderDetailId='CORWDC2108003316',@SJDetail=1;
27/08/2021 10:36:05	SQL :EXEC GetReservedOrderDetailDetail @CustomerOrderDetailId='CORWDC2108003412',@SJDetail=1;
27/08/2021 10:36:06	SQL :EXEC GetReservedOrderDetailDetail @CustomerOrderDetailId='CORWDC2108003422',@SJDetail=1;
27/08/2021 10:36:06	SQL :EXEC GetReservedOrderDetailDetail @CustomerOrderDetailId='CORWDC2108003432',@SJDetail=1;
27/08/2021 10:36:06	SQL :EXEC GetReservedOrderDetailDetail @CustomerOrderDetailId='CORWDC2108003441',@SJDetail=1;
27/08/2021 10:36:06	SQL :EXEC GetReservedOrderDetailDetail @CustomerOrderDetailId='CORWDC2108003449',@SJDetail=1;
27/08/2021 10:36:07	SQL :EXEC GetReservedOrderDetailDetail @CustomerOrderDetailId='CORWDC2108003457',@SJDetail=1;
27/08/2021 10:36:07	SQL :EXEC GetReservedOrderDetailDetail @CustomerOrderDetailId='CORWDC2108003465',@SJDetail=1;
27/08/2021 10:36:07	SQL :EXEC GetReservedOrderDetailDetail @CustomerOrderDetailId='CORWDC2108003473',@SJDetail=1;
27/08/2021 10:36:08	SQL :EXEC GetReservedOrderDetailDetail @CustomerOrderDetailId='CORWDC2108003481',@SJDetail=1;
27/08/2021 10:36:08	SQL :EXEC GetReservedOrderDetailDetail @CustomerOrderDetailId='CORWDC2108003489',@SJDetail=1;
27/08/2021 10:36:08	SQL :EXEC GetReservedOrderDetailDetail @CustomerOrderDetailId='CORWDC2108003497',@SJDetail=1;
27/08/2021 10:36:08	SQL :EXEC GetReservedOrderDetailDetail @CustomerOrderDetailId='CORWDC2108003505',@SJDetail=1;
27/08/2021 10:36:09	SQL :EXEC GetReservedOrderDetailDetail @CustomerOrderDetailId='CORWDC2108003513',@SJDetail=1;
27/08/2021 10:36:09	SQL :EXEC GetReservedOrderDetailDetail @CustomerOrderDetailId='CORWDC2108003522',@SJDetail=1;
27/08/2021 10:36:09	SQL :EXEC GetReservedOrderDetailDetail @CustomerOrderDetailId='CORWDC2108003534',@SJDetail=1;
27/08/2021 10:36:09	SQL :EXEC GetReservedOrderDetailDetail @CustomerOrderDetailId='CORWDC2108003550',@SJDetail=1;
27/08/2021 10:36:10	SQL :EXEC GetReservedOrderDetailDetail @CustomerOrderDetailId='CORWDC2108003554',@SJDetail=1;
27/08/2021 10:36:10	SQL :EXEC GetReservedOrderDetailDetail @CustomerOrderDetailId='CORWDC2108003558',@SJDetail=1;
27/08/2021 10:36:10	SQL :EXEC GetReservedOrderDetailDetail @CustomerOrderDetailId='CORWDC2108003600',@SJDetail=1;
27/08/2021 10:36:10	SQL :EXEC GetReservedOrderDetailDetail @CustomerOrderDetailId='CORWDC2108003596',@SJDetail=1;
27/08/2021 10:36:11	SQL :EXEC GetReservedOrderDetailDetail @CustomerOrderDetailId='CORWDC2108003608',@SJDetail=1;
27/08/2021 10:36:11	SQL :EXEC GetReservedOrderDetailDetail @CustomerOrderDetailId='CORWDC2108003616',@SJDetail=1;
27/08/2021 10:36:11	SQL :EXEC GetReservedOrderDetailDetail @CustomerOrderDetailId='CORWDC2108003628',@SJDetail=1;
27/08/2021 10:36:12	SQL :EXEC GetReservedOrderDetailDetail @CustomerOrderDetailId='CORWDC2108003692',@SJDetail=1;
27/08/2021 10:36:12	SQL :EXEC GetReservedOrderDetailDetail @CustomerOrderDetailId='CORWDC2108003658',@SJDetail=1;
27/08/2021 10:36:12	SQL :EXEC GetReservedOrderDetailDetail @CustomerOrderDetailId='CORWDC2108003748',@SJDetail=1;
27/08/2021 10:36:12	SQL :EXEC GetReservedOrderDetailDetail @CustomerOrderDetailId='CORWDC2108003747',@SJDetail=1;
27/08/2021 10:36:13	SQL :EXEC GetReservedOrderDetailDetail @CustomerOrderDetailId='CORWDC2108003750',@SJDetail=1;
27/08/2021 10:36:13	SQL :EXEC GetReservedOrderDetailDetail @CustomerOrderDetailId='CORWDC2108003774',@SJDetail=1;
27/08/2021 10:36:13	SQL :EXEC GetReservedOrderDetailDetail @CustomerOrderDetailId='CORWDC2108004233',@SJDetail=1;
27/08/2021 10:36:14	SQL :EXEC GetReservedOrderDetailDetail @CustomerOrderDetailId='CORWDC2108003782',@SJDetail=1;
27/08/2021 10:36:14	SQL :EXEC GetReservedOrderDetailDetail @CustomerOrderDetailId='CORWDC2108003785',@SJDetail=1;
27/08/2021 10:36:14	SQL :EXEC GetReservedOrderDetailDetail @CustomerOrderDetailId='CORWDC2108003786',@SJDetail=1;
27/08/2021 10:36:14	SQL :EXEC GetReservedOrderDetailDetail @CustomerOrderDetailId='CORWDC2108003787',@SJDetail=1;
27/08/2021 10:36:15	SQL :EXEC GetReservedOrderDetailDetail @CustomerOrderDetailId='CORWDC2108003788',@SJDetail=1;
27/08/2021 10:36:15	SQL :EXEC GetReservedOrderDetailDetail @CustomerOrderDetailId='CORWDC2108003789',@SJDetail=1;
27/08/2021 10:36:15	SQL :EXEC GetReservedOrderDetailDetail @CustomerOrderDetailId='CORWDC2108003790',@SJDetail=1;
27/08/2021 10:36:15	SQL :EXEC GetReservedOrderDetailDetail @CustomerOrderDetailId='CORWDC2108003791',@SJDetail=1;
27/08/2021 10:36:16	SQL :EXEC GetReservedOrderDetailDetail @CustomerOrderDetailId='CORWDC2108003793',@SJDetail=1;
27/08/2021 10:36:16	SQL :EXEC GetReservedOrderDetailDetail @CustomerOrderDetailId='CORWDC2108003842',@SJDetail=1;
27/08/2021 10:36:16	SQL :EXEC GetReservedOrderDetailDetail @CustomerOrderDetailId='CORWDC2108003823',@SJDetail=1;
27/08/2021 10:36:16	SQL :EXEC GetReservedOrderDetailDetail @CustomerOrderDetailId='CORWDC2108003833',@SJDetail=1;
27/08/2021 10:36:17	SQL :EXEC GetReservedOrderDetailDetail @CustomerOrderDetailId='CORWDC2108003836',@SJDetail=1;
27/08/2021 10:36:17	SQL :EXEC GetReservedOrderDetailDetail @CustomerOrderDetailId='CORWDC2108003835',@SJDetail=1;
27/08/2021 10:36:17	SQL :EXEC GetReservedOrderDetailDetail @CustomerOrderDetailId='CORWDC2108003845',@SJDetail=1;
27/08/2021 10:36:18	SQL :EXEC GetReservedOrderDetailDetail @CustomerOrderDetailId='CORWDC2108003878',@SJDetail=1;
27/08/2021 10:36:18	SQL :EXEC GetReservedOrderDetailDetail @CustomerOrderDetailId='CORWDC2108003955',@SJDetail=1;
27/08/2021 10:36:18	SQL :EXEC GetReservedOrderDetailDetail @CustomerOrderDetailId='CORWDC2108004016',@SJDetail=1;
27/08/2021 10:36:18	SQL :EXEC GetReservedOrderDetailDetail @CustomerOrderDetailId='CORWDC2108004017',@SJDetail=1;
27/08/2021 10:36:19	SQL :EXEC GetReservedOrderDetailDetail @CustomerOrderDetailId='CORWDC2108004027',@SJDetail=1;
27/08/2021 10:36:19	SQL :EXEC GetReservedOrderDetailDetail @CustomerOrderDetailId='CORWDC2108004028',@SJDetail=1;
27/08/2021 10:36:32	Form Check :OrderForm
27/08/2021 10:36:32	Form Open: OrderForm=COWDC21080431,0,,0
27/08/2021 10:36:33	Open DB Connection
27/08/2021 10:36:33	SQL :EXEC GetProductPriceList 2,@LocationId=6,@ContractId='';
27/08/2021 10:36:33	Open DB Connection
27/08/2021 10:36:33	SQL :EXEC GetOrderServiceType;
27/08/2021 10:36:33	SQL :EXEC GetTransactionType 'Order';
27/08/2021 10:36:33	Open DB Connection
27/08/2021 10:36:33	SQL :SELECT dbo.GetUsername('pramudyono hadi') AS sales UNION ALL SELECT dbo.GetUsername(username) AS sales FROM wh_user a LEFT JOIN wh_user_detail b ON b.user_id=a.username LEFT JOIN wh_company_location c ON c.company_location_id=a.company_location_id WHERE (b.department_id=14) AND (c.location_id='6');
27/08/2021 10:36:33	SQL :SELECT dbo.GetUsername('pramudyono hadi') AS sales;
27/08/2021 10:36:33	Open DB Connection
27/08/2021 10:36:33	SQL :EXEC GetOrderServiceType;
27/08/2021 10:36:33	SQL :EXEC GetTransactionType 'Order';
27/08/2021 10:36:33	Open DB Connection
27/08/2021 10:36:33	SQL :EXEC GetCustomerOrderDetail 'COWDC21080431';
27/08/2021 10:36:34	Open DB Connection
27/08/2021 10:36:34	SQL :EXEC GetCustomerOrderDetailList 'COWDC21080431';
27/08/2021 10:36:34	SQL :EXEC GetCustomerOrderServiceList 'COWDC21080431';
27/08/2021 10:36:34	Open DB Connection
27/08/2021 10:36:34	Open DB Connection
27/08/2021 10:36:43	Form Check :OrderForm
27/08/2021 10:36:43	Form Open: OrderForm=COWDC21080431,0,,0
27/08/2021 10:36:43	Open DB Connection
27/08/2021 10:36:43	SQL :EXEC GetProductPriceList 2,@LocationId=6,@ContractId='';
27/08/2021 10:36:43	Open DB Connection
27/08/2021 10:36:43	SQL :EXEC GetOrderServiceType;
27/08/2021 10:36:43	SQL :EXEC GetTransactionType 'Order';
27/08/2021 10:36:43	Open DB Connection
27/08/2021 10:36:43	SQL :SELECT dbo.GetUsername('pramudyono hadi') AS sales UNION ALL SELECT dbo.GetUsername(username) AS sales FROM wh_user a LEFT JOIN wh_user_detail b ON b.user_id=a.username LEFT JOIN wh_company_location c ON c.company_location_id=a.company_location_id WHERE (b.department_id=14) AND (c.location_id='6');
27/08/2021 10:36:43	SQL :SELECT dbo.GetUsername('pramudyono hadi') AS sales;
27/08/2021 10:36:43	Open DB Connection
27/08/2021 10:36:43	SQL :EXEC GetOrderServiceType;
27/08/2021 10:36:43	SQL :EXEC GetTransactionType 'Order';
27/08/2021 10:36:43	Open DB Connection
27/08/2021 10:36:43	SQL :EXEC GetCustomerOrderDetail 'COWDC21080431';
27/08/2021 10:36:44	Open DB Connection
27/08/2021 10:36:44	SQL :EXEC GetCustomerOrderDetailList 'COWDC21080431';
27/08/2021 10:36:44	SQL :EXEC GetCustomerOrderServiceList 'COWDC21080431';
27/08/2021 10:36:44	Open DB Connection
27/08/2021 10:36:44	Open DB Connection
27/08/2021 10:40:42	Get Local Settings
27/08/2021 10:40:42	Start Change Local Settings
27/08/2021 10:40:42	Change short date format
27/08/2021 10:40:42	Change Long date format
27/08/2021 10:40:42	Finish Change Local Settings
27/08/2021 10:40:42	Registry Read: Path=SOFTWARE\WEHA\Aplikasi\3
27/08/2021 10:40:42	Registry Read/Write
27/08/2021 10:40:42	Registry Read: Path=SOFTWARE\WEHA\Aplikasi\3
27/08/2021 10:40:42	Create DB Object
27/08/2021 10:40:42	Init DB
27/08/2021 10:40:42	Finish Init DB
27/08/2021 10:40:42	Get File Version
27/08/2021 10:40:42	Change  Caption
27/08/2021 10:40:42	Init Shortkey
27/08/2021 10:40:44	Create DB Object
27/08/2021 10:40:44	Init DB
27/08/2021 10:40:44	Finish Init DB
27/08/2021 10:40:46	Update new version check
27/08/2021 10:40:46	Open DB Connection
27/08/2021 10:40:47	SQL :
27/08/2021 10:40:47	Update check version
27/08/2021 10:40:47	Open DB Connection
27/08/2021 10:40:47	SQL :SELECT version FROM wh_application WHERE application_id=(SELECT MAX(application_id) FROM wh_application);
27/08/2021 10:40:47	Start Login
27/08/2021 10:40:47	Open DB Connection
27/08/2021 10:40:47	SQL :EXEC AuthenticateUser 'pramudyono hadi','6f2b8366efa56f0c06dd6b31fcff8a73';
27/08/2021 10:40:47	SQL :INSERT INTO wh_log (user_id,app_date,app_version,app_version_svr,location_id,company_id,department_id,host_name,ip_address)  VALUES ('pramudyono hadi','27/08/2021','6.1.3.13','6.1.3.13',6,2,13,'DESKTOP-S1PD9OD','192.168.25.214');
27/08/2021 10:40:47	Open DB Connection
27/08/2021 10:40:47	SQL :EXEC GetUserMenu 'pramudyono hadi';
27/08/2021 10:40:47	SQL :EXEC GetUserSubMenu 'pramudyono hadi','11';
27/08/2021 10:40:47	SQL :EXEC GetUserTreeMenu 'pramudyono hadi','1101',@CompanyId=2;
27/08/2021 10:40:47	SQL :EXEC GetUserTreeMenu 'pramudyono hadi','1102',@CompanyId=2;
27/08/2021 10:40:47	SQL :EXEC GetUserTreeMenu 'pramudyono hadi','1103',@CompanyId=2;
27/08/2021 10:40:47	SQL :EXEC GetUserTreeMenu 'pramudyono hadi','1104',@CompanyId=2;
27/08/2021 10:40:47	SQL :EXEC GetUserTreeMenu 'pramudyono hadi','1105',@CompanyId=2;
27/08/2021 10:40:47	SQL :EXEC GetUserTreeMenu 'pramudyono hadi','1106',@CompanyId=2;
27/08/2021 10:40:47	SQL :EXEC GetUserTreeMenu 'pramudyono hadi','1107',@CompanyId=2;
27/08/2021 10:40:47	SQL :EXEC GetUserTreeMenu 'pramudyono hadi','1108',@CompanyId=2;
27/08/2021 10:40:47	SQL :EXEC GetUserTreeMenu 'pramudyono hadi','1109',@CompanyId=2;
27/08/2021 10:40:47	SQL :EXEC GetUserTreeMenu 'pramudyono hadi','1110',@CompanyId=2;
27/08/2021 10:40:47	SQL :EXEC GetUserTreeMenu 'pramudyono hadi','1111',@CompanyId=2;
27/08/2021 10:40:47	SQL :EXEC GetUserTreeMenu 'pramudyono hadi','1112',@CompanyId=2;
27/08/2021 10:40:47	SQL :EXEC GetUserTreeMenu 'pramudyono hadi','1113',@CompanyId=2;
27/08/2021 10:40:47	SQL :EXEC GetUserTreeMenu 'pramudyono hadi','1114',@CompanyId=2;
27/08/2021 10:40:47	SQL :EXEC GetUserTreeMenu 'pramudyono hadi','1115',@CompanyId=2;
27/08/2021 10:40:47	SQL :EXEC GetUserTreeMenu 'pramudyono hadi','1116',@CompanyId=2;
27/08/2021 10:40:47	SQL :EXEC GetUserTreeMenu 'pramudyono hadi','1117',@CompanyId=2;
27/08/2021 10:40:47	SQL :EXEC GetUserTreeMenu 'pramudyono hadi','1198',@CompanyId=2;
27/08/2021 10:40:47	SQL :EXEC GetUserTreeMenu 'pramudyono hadi','1199',@CompanyId=2;
27/08/2021 10:40:47	SQL :EXEC GetUserSubMenu 'pramudyono hadi','12';
27/08/2021 10:40:47	SQL :EXEC GetUserTreeMenu 'pramudyono hadi','1201',@CompanyId=2;
27/08/2021 10:40:47	SQL :EXEC GetUserTreeMenu 'pramudyono hadi','1202',@CompanyId=2;
27/08/2021 10:40:47	SQL :EXEC GetUserTreeMenu 'pramudyono hadi','1203',@CompanyId=2;
27/08/2021 10:40:47	SQL :EXEC GetUserTreeMenu 'pramudyono hadi','1204',@CompanyId=2;
27/08/2021 10:40:47	SQL :EXEC GetUserTreeMenu 'pramudyono hadi','1205',@CompanyId=2;
27/08/2021 10:40:47	SQL :EXEC GetUserTreeMenu 'pramudyono hadi','1206',@CompanyId=2;
27/08/2021 10:40:47	SQL :EXEC GetUserTreeMenu 'pramudyono hadi','1207',@CompanyId=2;
27/08/2021 10:40:47	SQL :EXEC GetUserSubMenu 'pramudyono hadi','13';
27/08/2021 10:40:47	SQL :EXEC GetUserTreeMenu 'pramudyono hadi','1301',@CompanyId=2;
27/08/2021 10:40:47	SQL :EXEC GetUserTreeMenu 'pramudyono hadi','1302',@CompanyId=2;
27/08/2021 10:40:47	SQL :EXEC GetUserTreeMenu 'pramudyono hadi','1303',@CompanyId=2;
27/08/2021 10:40:47	SQL :EXEC GetUserTreeMenu 'pramudyono hadi','1304',@CompanyId=2;
27/08/2021 10:40:47	SQL :EXEC GetUserTreeMenu 'pramudyono hadi','1305',@CompanyId=2;
27/08/2021 10:40:47	SQL :EXEC GetUserTreeMenu 'pramudyono hadi','1306',@CompanyId=2;
27/08/2021 10:40:47	SQL :EXEC GetUserTreeMenu 'pramudyono hadi','1307',@CompanyId=2;
27/08/2021 10:40:47	SQL :EXEC GetUserTreeMenu 'pramudyono hadi','1308',@CompanyId=2;
27/08/2021 10:40:47	SQL :EXEC GetUserTreeMenu 'pramudyono hadi','1309',@CompanyId=2;
27/08/2021 10:40:47	SQL :EXEC GetUserTreeMenu 'pramudyono hadi','1310',@CompanyId=2;
27/08/2021 10:40:47	SQL :EXEC GetUserTreeMenu 'pramudyono hadi','1311',@CompanyId=2;
27/08/2021 10:40:47	SQL :EXEC GetUserTreeMenu 'pramudyono hadi','1312',@CompanyId=2;
27/08/2021 10:40:47	SQL :EXEC GetUserTreeMenu 'pramudyono hadi','1313',@CompanyId=2;
27/08/2021 10:40:47	SQL :EXEC GetUserTreeMenu 'pramudyono hadi','1314',@CompanyId=2;
27/08/2021 10:40:47	SQL :EXEC GetUserTreeMenu 'pramudyono hadi','1315',@CompanyId=2;
27/08/2021 10:40:47	SQL :EXEC GetUserTreeMenu 'pramudyono hadi','1316',@CompanyId=2;
27/08/2021 10:40:47	SQL :EXEC GetUserTreeMenu 'pramudyono hadi','1317',@CompanyId=2;
27/08/2021 10:40:47	SQL :EXEC GetUserTreeMenu 'pramudyono hadi','1318',@CompanyId=2;
27/08/2021 10:40:47	SQL :EXEC GetUserTreeMenu 'pramudyono hadi','1319',@CompanyId=2;
27/08/2021 10:40:47	SQL :EXEC GetUserTreeMenu 'pramudyono hadi','1320',@CompanyId=2;
27/08/2021 10:40:47	SQL :EXEC GetUserTreeMenu 'pramudyono hadi','1321',@CompanyId=2;
27/08/2021 10:40:47	SQL :EXEC GetUserSubMenu 'pramudyono hadi','14';
27/08/2021 10:40:47	SQL :EXEC GetUserTreeMenu 'pramudyono hadi','1401',@CompanyId=2;
27/08/2021 10:40:47	SQL :EXEC GetUserTreeMenu 'pramudyono hadi','1402',@CompanyId=2;
27/08/2021 10:40:47	SQL :EXEC GetUserTreeMenu 'pramudyono hadi','1403',@CompanyId=2;
27/08/2021 10:40:47	SQL :EXEC GetUserTreeMenu 'pramudyono hadi','1404',@CompanyId=2;
27/08/2021 10:40:47	SQL :EXEC GetUserTreeMenu 'pramudyono hadi','1406',@CompanyId=2;
27/08/2021 10:40:47	SQL :EXEC GetUserTreeMenu 'pramudyono hadi','1408',@CompanyId=2;
27/08/2021 10:40:47	SQL :EXEC GetUserTreeMenu 'pramudyono hadi','1410',@CompanyId=2;
27/08/2021 10:40:47	SQL :EXEC GetUserTreeMenu 'pramudyono hadi','1411',@CompanyId=2;
27/08/2021 10:40:48	SQL :EXEC GetUserTreeMenu 'pramudyono hadi','1412',@CompanyId=2;
27/08/2021 10:40:48	SQL :EXEC GetUserTreeMenu 'pramudyono hadi','1413',@CompanyId=2;
27/08/2021 10:40:48	SQL :EXEC GetUserTreeMenu 'pramudyono hadi','1414',@CompanyId=2;
27/08/2021 10:40:48	SQL :EXEC GetUserSubMenu 'pramudyono hadi','15';
27/08/2021 10:40:48	SQL :EXEC GetUserTreeMenu 'pramudyono hadi','1501',@CompanyId=2;
27/08/2021 10:40:48	SQL :EXEC GetUserTreeMenu 'pramudyono hadi','1502',@CompanyId=2;
27/08/2021 10:40:48	SQL :EXEC GetUserTreeMenu 'pramudyono hadi','1503',@CompanyId=2;
27/08/2021 10:40:48	SQL :EXEC GetUserTreeMenu 'pramudyono hadi','1504',@CompanyId=2;
27/08/2021 10:40:48	SQL :EXEC GetUserTreeMenu 'pramudyono hadi','1505',@CompanyId=2;
27/08/2021 10:40:48	SQL :EXEC GetUserTreeMenu 'pramudyono hadi','1506',@CompanyId=2;
27/08/2021 10:40:48	SQL :EXEC GetUserTreeMenu 'pramudyono hadi','1507',@CompanyId=2;
27/08/2021 10:40:48	SQL :EXEC GetUserTreeMenu 'pramudyono hadi','1508',@CompanyId=2;
27/08/2021 10:40:48	SQL :EXEC GetUserTreeMenu 'pramudyono hadi','1509',@CompanyId=2;
27/08/2021 10:40:48	SQL :EXEC GetUserTreeMenu 'pramudyono hadi','1510',@CompanyId=2;
27/08/2021 10:40:48	SQL :EXEC GetUserTreeMenu 'pramudyono hadi','1511',@CompanyId=2;
27/08/2021 10:40:48	SQL :EXEC GetUserSubMenu 'pramudyono hadi','16';
27/08/2021 10:40:48	SQL :EXEC GetUserTreeMenu 'pramudyono hadi','1601',@CompanyId=2;
27/08/2021 10:40:48	SQL :EXEC GetUserTreeMenu 'pramudyono hadi','1602',@CompanyId=2;
27/08/2021 10:40:48	SQL :EXEC GetUserTreeMenu 'pramudyono hadi','1603',@CompanyId=2;
27/08/2021 10:40:48	SQL :EXEC GetUserTreeMenu 'pramudyono hadi','1604',@CompanyId=2;
27/08/2021 10:40:48	SQL :EXEC GetUserTreeMenu 'pramudyono hadi','1605',@CompanyId=2;
27/08/2021 10:40:48	SQL :EXEC GetUserTreeMenu 'pramudyono hadi','1606',@CompanyId=2;
27/08/2021 10:40:48	SQL :EXEC GetUserTreeMenu 'pramudyono hadi','1607',@CompanyId=2;
27/08/2021 10:40:48	SQL :EXEC GetUserTreeMenu 'pramudyono hadi','1608',@CompanyId=2;
27/08/2021 10:40:48	SQL :EXEC GetUserTreeMenu 'pramudyono hadi','1609',@CompanyId=2;
27/08/2021 10:40:48	SQL :EXEC GetUserTreeMenu 'pramudyono hadi','1610',@CompanyId=2;
27/08/2021 10:40:48	SQL :EXEC GetUserTreeMenu 'pramudyono hadi','1611',@CompanyId=2;
27/08/2021 10:40:48	SQL :EXEC GetUserTreeMenu 'pramudyono hadi','1612',@CompanyId=2;
27/08/2021 10:40:48	SQL :EXEC GetUserTreeMenu 'pramudyono hadi','1613',@CompanyId=2;
27/08/2021 10:40:48	SQL :EXEC GetUserTreeMenu 'pramudyono hadi','1614',@CompanyId=2;
27/08/2021 10:40:48	SQL :EXEC GetUserTreeMenu 'pramudyono hadi','1615',@CompanyId=2;
27/08/2021 10:40:48	SQL :EXEC GetUserTreeMenu 'pramudyono hadi','1616',@CompanyId=2;
27/08/2021 10:40:48	SQL :EXEC GetUserTreeMenu 'pramudyono hadi','1619',@CompanyId=2;
27/08/2021 10:40:48	SQL :EXEC GetUserTreeMenu 'pramudyono hadi','1620',@CompanyId=2;
27/08/2021 10:40:48	SQL :EXEC GetUserSubMenu 'pramudyono hadi','17';
27/08/2021 10:40:48	SQL :EXEC GetUserTreeMenu 'pramudyono hadi','1701',@CompanyId=2;
27/08/2021 10:40:48	SQL :EXEC GetUserTreeMenu 'pramudyono hadi','1702',@CompanyId=2;
27/08/2021 10:40:48	SQL :EXEC GetUserTreeMenu 'pramudyono hadi','1703',@CompanyId=2;
27/08/2021 10:40:48	SQL :EXEC GetUserTreeMenu 'pramudyono hadi','1704',@CompanyId=2;
27/08/2021 10:40:48	SQL :EXEC GetUserTreeMenu 'pramudyono hadi','1705',@CompanyId=2;
27/08/2021 10:40:48	SQL :EXEC GetUserTreeMenu 'pramudyono hadi','1706',@CompanyId=2;
27/08/2021 10:40:48	SQL :EXEC GetUserTreeMenu 'pramudyono hadi','1707',@CompanyId=2;
27/08/2021 10:40:48	SQL :EXEC GetUserTreeMenu 'pramudyono hadi','1708',@CompanyId=2;
27/08/2021 10:40:48	SQL :EXEC GetUserTreeMenu 'pramudyono hadi','1709',@CompanyId=2;
27/08/2021 10:40:48	SQL :EXEC GetUserTreeMenu 'pramudyono hadi','1710',@CompanyId=2;
27/08/2021 10:40:48	SQL :EXEC GetUserTreeMenu 'pramudyono hadi','1711',@CompanyId=2;
27/08/2021 10:40:48	SQL :EXEC GetUserTreeMenu 'pramudyono hadi','1712',@CompanyId=2;
27/08/2021 10:40:48	SQL :EXEC GetUserTreeMenu 'pramudyono hadi','1713',@CompanyId=2;
27/08/2021 10:40:48	SQL :EXEC GetUserTreeMenu 'pramudyono hadi','1714',@CompanyId=2;
27/08/2021 10:40:48	SQL :EXEC GetUserTreeMenu 'pramudyono hadi','1715',@CompanyId=2;
27/08/2021 10:40:48	SQL :EXEC GetUserTreeMenu 'pramudyono hadi','1716',@CompanyId=2;
27/08/2021 10:40:48	SQL :EXEC GetUserTreeMenu 'pramudyono hadi','1717',@CompanyId=2;
27/08/2021 10:40:48	SQL :EXEC GetUserSubMenu 'pramudyono hadi','18';
27/08/2021 10:40:48	SQL :EXEC GetUserTreeMenu 'pramudyono hadi','1801',@CompanyId=2;
27/08/2021 10:40:48	SQL :EXEC GetUserSubMenu 'pramudyono hadi','19';
27/08/2021 10:40:48	SQL :EXEC GetUserTreeMenu 'pramudyono hadi','1901',@CompanyId=2;
27/08/2021 10:40:48	SQL :EXEC GetUserTreeMenu 'pramudyono hadi','1902',@CompanyId=2;
27/08/2021 10:40:48	SQL :EXEC GetUserTreeMenu 'pramudyono hadi','1903',@CompanyId=2;
27/08/2021 10:40:48	SQL :EXEC GetUserTreeMenu 'pramudyono hadi','1904',@CompanyId=2;
27/08/2021 10:40:48	SQL :EXEC GetUserTreeMenu 'pramudyono hadi','1905',@CompanyId=2;
27/08/2021 10:40:48	SQL :EXEC GetUserTreeMenu 'pramudyono hadi','1906',@CompanyId=2;
27/08/2021 10:40:48	SQL :EXEC GetUserTreeMenu 'pramudyono hadi','1907',@CompanyId=2;
27/08/2021 10:40:48	SQL :EXEC GetUserTreeMenu 'pramudyono hadi','1908',@CompanyId=2;
27/08/2021 10:40:48	SQL :EXEC GetUserTreeMenu 'pramudyono hadi','1909',@CompanyId=2;
27/08/2021 10:40:48	SQL :EXEC GetUserTreeMenu 'pramudyono hadi','1910',@CompanyId=2;
27/08/2021 10:40:48	SQL :EXEC GetUserTreeMenu 'pramudyono hadi','1911',@CompanyId=2;
27/08/2021 10:40:48	SQL :EXEC GetUserTreeMenu 'pramudyono hadi','1912',@CompanyId=2;
27/08/2021 10:40:48	SQL :SELECT CONVERT(VARCHAR(8),GETDATE(),108) AS hour_minute;
27/08/2021 10:40:48	SQL :SELECT CONVERT(VARCHAR(10),GETDATE(),103) AS date_time;
27/08/2021 10:40:48	Loading Setting
27/08/2021 10:40:48	Open DB Connection
27/08/2021 10:40:48	SQL :SELECT * FROM wh_setting WHERE setting_name='Hold_Less_Deposit';
27/08/2021 10:40:48	SQL :SELECT * FROM wh_setting WHERE setting_name='Max_Less_Deposit';
27/08/2021 10:40:48	SQL :SELECT * FROM wh_setting WHERE setting_name='Dashboard_2';
27/08/2021 10:40:48	Finish Logging
27/08/2021 10:40:48	SQL :SELECT value_string FROM wh_setting WHERE (setting_name='Interval_CheckInDate') AND (active=1);
27/08/2021 10:40:48	SQL :SELECT value_string FROM wh_setting WHERE (setting_name='Interval_CheckInTime') AND (active=1);
27/08/2021 10:40:48	SQL :SELECT value_string FROM wh_setting WHERE (setting_name='ChatEnable') and (active=1);
27/08/2021 10:40:49	Message:Port Check
27/08/2021 10:40:49	Message:Open DB Connection
27/08/2021 10:40:49	SQL :EXEC GetMessage '01','pramudyono hadi';
27/08/2021 10:40:49	SQL :SELECT CONVERT(VARCHAR(8),GETDATE(),108) AS hour_minute;
27/08/2021 10:40:49	SQL :SELECT CONVERT(VARCHAR(10),GETDATE(),103) AS date_time;
27/08/2021 10:40:55	Open Menu :131205
27/08/2021 10:40:55	Open DB Connection
27/08/2021 10:40:55	SQL :EXEC AuthMenu 'pramudyono hadi',131205;
27/08/2021 10:40:55	Form Check :OrderFeeAdd
27/08/2021 10:40:55	Form Open: ProductPriceList=,-1
27/08/2021 10:40:56	Open DB Connection
27/08/2021 10:40:56	SQL :SELECT value_string FROM wh_setting WHERE (setting_name='OrderFee_Form_Day_CompanyId_2') and (active=1);
27/08/2021 10:40:56	SQL :SELECT value_string FROM wh_setting WHERE (setting_name='OrderFee_Form_Days_CompanyId_2') and (active=1);
27/08/2021 10:40:56	SQL :SELECT value_string FROM wh_setting WHERE (setting_name='Show_eToll_CompanyId_2') and (active=1);
27/08/2021 10:40:56	SQL :EXEC GetPrice;
27/08/2021 10:41:01	Open Menu :130513
27/08/2021 10:41:01	Open DB Connection
27/08/2021 10:41:01	SQL :EXEC AuthMenu 'pramudyono hadi',130513;
27/08/2021 10:41:01	Form Check :OdoKmRevision
27/08/2021 10:41:01	Form Open: OdoRevision,2
27/08/2021 10:41:01	Open DB Connection
27/08/2021 10:41:01	SQL :EXEC GetCompanyLocationList
27/08/2021 10:41:01	Open DB Connection
27/08/2021 10:41:01	SQL :EXEC GetVhcOutList2 6,1,2,@AllFoward=3,@InOut=2,@Quick=0,@isFinish=1,@OutDate='2021/08/27',@Order='tgl_keluar desc';
27/08/2021 10:41:07	Open DB Connection
27/08/2021 10:41:07	SQL :EXEC GetVhcOutList2 6,1,2,@AllFoward=3,@InOut=2,@Quick=0,@isFinish=1,@OutDate='2021/08/26',@Order='tgl_keluar desc';
27/08/2021 10:41:10	Form Check :EditKMSJBusForm
27/08/2021 10:41:10	Open DB Connection
27/08/2021 10:41:10	SQL :EXEC GetVhcOutDetail 'SJBRB21081246';
27/08/2021 10:41:20	Open DB Connection
27/08/2021 10:41:20	Open DB Connection
27/08/2021 10:41:20	SQL :SELECT vhc_trans_id FROM wh_vhc_trans WHERE CANCEL is NULL AND vhc_trans_id='SJBRB21081246'
27/08/2021 10:42:03	Form Check :EditKMSJBusForm
27/08/2021 10:42:03	Open DB Connection
27/08/2021 10:42:03	SQL :EXEC GetVhcOutDetail 'SJBRB21081246';
27/08/2021 10:42:24	Open DB Connection
27/08/2021 10:42:24	Open DB Connection
27/08/2021 10:42:24	SQL :SELECT vhc_trans_id FROM wh_vhc_trans WHERE CANCEL is NULL AND vhc_trans_id='SJBRB21081246'
27/08/2021 10:42:40	Form Check :EditKMSJBusForm
27/08/2021 10:42:40	Open DB Connection
27/08/2021 10:42:40	SQL :EXEC GetVhcOutDetail 'SJBRB21081246';
27/08/2021 10:43:05	Open DB Connection
27/08/2021 10:43:05	Open DB Connection
27/08/2021 10:43:05	SQL :SELECT vhc_trans_id FROM wh_vhc_trans WHERE CANCEL is NULL AND vhc_trans_id='SJBRB21081246'
27/08/2021 10:44:00	Form Check :EditKMSJBusForm
27/08/2021 10:44:00	Open DB Connection
27/08/2021 10:44:00	SQL :EXEC GetVhcOutDetail 'SJBRB21081246';
27/08/2021 10:44:51	Get Local Settings
27/08/2021 10:44:51	Start Change Local Settings
27/08/2021 10:44:51	Change short date format
27/08/2021 10:44:51	Change Long date format
27/08/2021 10:44:51	Finish Change Local Settings
27/08/2021 10:44:51	Registry Read: Path=SOFTWARE\WEHA\Aplikasi\3
27/08/2021 10:44:51	Registry Read/Write
27/08/2021 10:44:51	Registry Read: Path=SOFTWARE\WEHA\Aplikasi\3
27/08/2021 10:44:51	Create DB Object
27/08/2021 10:44:51	Init DB
27/08/2021 10:44:51	Finish Init DB
27/08/2021 10:44:51	Get File Version
27/08/2021 10:44:51	Change  Caption
27/08/2021 10:44:51	Init Shortkey
27/08/2021 10:44:52	Create DB Object
27/08/2021 10:44:52	Init DB
27/08/2021 10:44:52	Finish Init DB
27/08/2021 10:44:54	Update new version check
27/08/2021 10:44:54	Open DB Connection
27/08/2021 10:44:54	SQL :
27/08/2021 10:44:54	Update check version
27/08/2021 10:44:54	Open DB Connection
27/08/2021 10:44:54	SQL :SELECT version FROM wh_application WHERE application_id=(SELECT MAX(application_id) FROM wh_application);
27/08/2021 10:44:54	Start Login
27/08/2021 10:44:54	Open DB Connection
27/08/2021 10:44:54	SQL :EXEC AuthenticateUser 'pramudyono hadi','6f2b8366efa56f0c06dd6b31fcff8a73';
27/08/2021 10:44:54	SQL :INSERT INTO wh_log (user_id,app_date,app_version,app_version_svr,location_id,company_id,department_id,host_name,ip_address)  VALUES ('pramudyono hadi','27/08/2021','6.1.3.13','6.1.3.13',6,2,13,'DESKTOP-S1PD9OD','192.168.25.214');
27/08/2021 10:44:55	Open DB Connection
27/08/2021 10:44:55	SQL :EXEC GetUserMenu 'pramudyono hadi';
27/08/2021 10:44:55	SQL :EXEC GetUserSubMenu 'pramudyono hadi','11';
27/08/2021 10:44:55	SQL :EXEC GetUserTreeMenu 'pramudyono hadi','1101',@CompanyId=2;
27/08/2021 10:44:55	SQL :EXEC GetUserTreeMenu 'pramudyono hadi','1102',@CompanyId=2;
27/08/2021 10:44:55	SQL :EXEC GetUserTreeMenu 'pramudyono hadi','1103',@CompanyId=2;
27/08/2021 10:44:55	SQL :EXEC GetUserTreeMenu 'pramudyono hadi','1104',@CompanyId=2;
27/08/2021 10:44:55	SQL :EXEC GetUserTreeMenu 'pramudyono hadi','1105',@CompanyId=2;
27/08/2021 10:44:55	SQL :EXEC GetUserTreeMenu 'pramudyono hadi','1106',@CompanyId=2;
27/08/2021 10:44:55	SQL :EXEC GetUserTreeMenu 'pramudyono hadi','1107',@CompanyId=2;
27/08/2021 10:44:55	SQL :EXEC GetUserTreeMenu 'pramudyono hadi','1108',@CompanyId=2;
27/08/2021 10:44:55	SQL :EXEC GetUserTreeMenu 'pramudyono hadi','1109',@CompanyId=2;
27/08/2021 10:44:55	SQL :EXEC GetUserTreeMenu 'pramudyono hadi','1110',@CompanyId=2;
27/08/2021 10:44:55	SQL :EXEC GetUserTreeMenu 'pramudyono hadi','1111',@CompanyId=2;
27/08/2021 10:44:55	SQL :EXEC GetUserTreeMenu 'pramudyono hadi','1112',@CompanyId=2;
27/08/2021 10:44:55	SQL :EXEC GetUserTreeMenu 'pramudyono hadi','1113',@CompanyId=2;
27/08/2021 10:44:55	SQL :EXEC GetUserTreeMenu 'pramudyono hadi','1114',@CompanyId=2;
27/08/2021 10:44:55	SQL :EXEC GetUserTreeMenu 'pramudyono hadi','1115',@CompanyId=2;
27/08/2021 10:44:55	SQL :EXEC GetUserTreeMenu 'pramudyono hadi','1116',@CompanyId=2;
27/08/2021 10:44:55	SQL :EXEC GetUserTreeMenu 'pramudyono hadi','1117',@CompanyId=2;
27/08/2021 10:44:55	SQL :EXEC GetUserTreeMenu 'pramudyono hadi','1198',@CompanyId=2;
27/08/2021 10:44:55	SQL :EXEC GetUserTreeMenu 'pramudyono hadi','1199',@CompanyId=2;
27/08/2021 10:44:55	SQL :EXEC GetUserSubMenu 'pramudyono hadi','12';
27/08/2021 10:44:55	SQL :EXEC GetUserTreeMenu 'pramudyono hadi','1201',@CompanyId=2;
27/08/2021 10:44:55	SQL :EXEC GetUserTreeMenu 'pramudyono hadi','1202',@CompanyId=2;
27/08/2021 10:44:55	SQL :EXEC GetUserTreeMenu 'pramudyono hadi','1203',@CompanyId=2;
27/08/2021 10:44:55	SQL :EXEC GetUserTreeMenu 'pramudyono hadi','1204',@CompanyId=2;
27/08/2021 10:44:55	SQL :EXEC GetUserTreeMenu 'pramudyono hadi','1205',@CompanyId=2;
27/08/2021 10:44:55	SQL :EXEC GetUserTreeMenu 'pramudyono hadi','1206',@CompanyId=2;
27/08/2021 10:44:55	SQL :EXEC GetUserTreeMenu 'pramudyono hadi','1207',@CompanyId=2;
27/08/2021 10:44:55	SQL :EXEC GetUserSubMenu 'pramudyono hadi','13';
27/08/2021 10:44:55	SQL :EXEC GetUserTreeMenu 'pramudyono hadi','1301',@CompanyId=2;
27/08/2021 10:44:55	SQL :EXEC GetUserTreeMenu 'pramudyono hadi','1302',@CompanyId=2;
27/08/2021 10:44:55	SQL :EXEC GetUserTreeMenu 'pramudyono hadi','1303',@CompanyId=2;
27/08/2021 10:44:55	SQL :EXEC GetUserTreeMenu 'pramudyono hadi','1304',@CompanyId=2;
27/08/2021 10:44:55	SQL :EXEC GetUserTreeMenu 'pramudyono hadi','1305',@CompanyId=2;
27/08/2021 10:44:55	SQL :EXEC GetUserTreeMenu 'pramudyono hadi','1306',@CompanyId=2;
27/08/2021 10:44:55	SQL :EXEC GetUserTreeMenu 'pramudyono hadi','1307',@CompanyId=2;
27/08/2021 10:44:55	SQL :EXEC GetUserTreeMenu 'pramudyono hadi','1308',@CompanyId=2;
27/08/2021 10:44:55	SQL :EXEC GetUserTreeMenu 'pramudyono hadi','1309',@CompanyId=2;
27/08/2021 10:44:55	SQL :EXEC GetUserTreeMenu 'pramudyono hadi','1310',@CompanyId=2;
27/08/2021 10:44:55	SQL :EXEC GetUserTreeMenu 'pramudyono hadi','1311',@CompanyId=2;
27/08/2021 10:44:55	SQL :EXEC GetUserTreeMenu 'pramudyono hadi','1312',@CompanyId=2;
27/08/2021 10:44:55	SQL :EXEC GetUserTreeMenu 'pramudyono hadi','1313',@CompanyId=2;
27/08/2021 10:44:55	SQL :EXEC GetUserTreeMenu 'pramudyono hadi','1314',@CompanyId=2;
27/08/2021 10:44:55	SQL :EXEC GetUserTreeMenu 'pramudyono hadi','1315',@CompanyId=2;
27/08/2021 10:44:55	SQL :EXEC GetUserTreeMenu 'pramudyono hadi','1316',@CompanyId=2;
27/08/2021 10:44:55	SQL :EXEC GetUserTreeMenu 'pramudyono hadi','1317',@CompanyId=2;
27/08/2021 10:44:55	SQL :EXEC GetUserTreeMenu 'pramudyono hadi','1318',@CompanyId=2;
27/08/2021 10:44:55	SQL :EXEC GetUserTreeMenu 'pramudyono hadi','1319',@CompanyId=2;
27/08/2021 10:44:55	SQL :EXEC GetUserTreeMenu 'pramudyono hadi','1320',@CompanyId=2;
27/08/2021 10:44:55	SQL :EXEC GetUserTreeMenu 'pramudyono hadi','1321',@CompanyId=2;
27/08/2021 10:44:55	SQL :EXEC GetUserSubMenu 'pramudyono hadi','14';
27/08/2021 10:44:55	SQL :EXEC GetUserTreeMenu 'pramudyono hadi','1401',@CompanyId=2;
27/08/2021 10:44:55	SQL :EXEC GetUserTreeMenu 'pramudyono hadi','1402',@CompanyId=2;
27/08/2021 10:44:55	SQL :EXEC GetUserTreeMenu 'pramudyono hadi','1403',@CompanyId=2;
27/08/2021 10:44:55	SQL :EXEC GetUserTreeMenu 'pramudyono hadi','1404',@CompanyId=2;
27/08/2021 10:44:55	SQL :EXEC GetUserTreeMenu 'pramudyono hadi','1406',@CompanyId=2;
27/08/2021 10:44:55	SQL :EXEC GetUserTreeMenu 'pramudyono hadi','1408',@CompanyId=2;
27/08/2021 10:44:55	SQL :EXEC GetUserTreeMenu 'pramudyono hadi','1410',@CompanyId=2;
27/08/2021 10:44:55	SQL :EXEC GetUserTreeMenu 'pramudyono hadi','1411',@CompanyId=2;
27/08/2021 10:44:55	SQL :EXEC GetUserTreeMenu 'pramudyono hadi','1412',@CompanyId=2;
27/08/2021 10:44:55	SQL :EXEC GetUserTreeMenu 'pramudyono hadi','1413',@CompanyId=2;
27/08/2021 10:44:55	SQL :EXEC GetUserTreeMenu 'pramudyono hadi','1414',@CompanyId=2;
27/08/2021 10:44:55	SQL :EXEC GetUserSubMenu 'pramudyono hadi','15';
27/08/2021 10:44:55	SQL :EXEC GetUserTreeMenu 'pramudyono hadi','1501',@CompanyId=2;
27/08/2021 10:44:55	SQL :EXEC GetUserTreeMenu 'pramudyono hadi','1502',@CompanyId=2;
27/08/2021 10:44:55	SQL :EXEC GetUserTreeMenu 'pramudyono hadi','1503',@CompanyId=2;
27/08/2021 10:44:55	SQL :EXEC GetUserTreeMenu 'pramudyono hadi','1504',@CompanyId=2;
27/08/2021 10:44:55	SQL :EXEC GetUserTreeMenu 'pramudyono hadi','1505',@CompanyId=2;
27/08/2021 10:44:55	SQL :EXEC GetUserTreeMenu 'pramudyono hadi','1506',@CompanyId=2;
27/08/2021 10:44:55	SQL :EXEC GetUserTreeMenu 'pramudyono hadi','1507',@CompanyId=2;
27/08/2021 10:44:55	SQL :EXEC GetUserTreeMenu 'pramudyono hadi','1508',@CompanyId=2;
27/08/2021 10:44:55	SQL :EXEC GetUserTreeMenu 'pramudyono hadi','1509',@CompanyId=2;
27/08/2021 10:44:55	SQL :EXEC GetUserTreeMenu 'pramudyono hadi','1510',@CompanyId=2;
27/08/2021 10:44:55	SQL :EXEC GetUserTreeMenu 'pramudyono hadi','1511',@CompanyId=2;
27/08/2021 10:44:55	SQL :EXEC GetUserSubMenu 'pramudyono hadi','16';
27/08/2021 10:44:55	SQL :EXEC GetUserTreeMenu 'pramudyono hadi','1601',@CompanyId=2;
27/08/2021 10:44:55	SQL :EXEC GetUserTreeMenu 'pramudyono hadi','1602',@CompanyId=2;
27/08/2021 10:44:55	SQL :EXEC GetUserTreeMenu 'pramudyono hadi','1603',@CompanyId=2;
27/08/2021 10:44:55	SQL :EXEC GetUserTreeMenu 'pramudyono hadi','1604',@CompanyId=2;
27/08/2021 10:44:55	SQL :EXEC GetUserTreeMenu 'pramudyono hadi','1605',@CompanyId=2;
27/08/2021 10:44:55	SQL :EXEC GetUserTreeMenu 'pramudyono hadi','1606',@CompanyId=2;
27/08/2021 10:44:55	SQL :EXEC GetUserTreeMenu 'pramudyono hadi','1607',@CompanyId=2;
27/08/2021 10:44:55	SQL :EXEC GetUserTreeMenu 'pramudyono hadi','1608',@CompanyId=2;
27/08/2021 10:44:55	SQL :EXEC GetUserTreeMenu 'pramudyono hadi','1609',@CompanyId=2;
27/08/2021 10:44:56	SQL :EXEC GetUserTreeMenu 'pramudyono hadi','1610',@CompanyId=2;
27/08/2021 10:44:56	SQL :EXEC GetUserTreeMenu 'pramudyono hadi','1611',@CompanyId=2;
27/08/2021 10:44:56	SQL :EXEC GetUserTreeMenu 'pramudyono hadi','1612',@CompanyId=2;
27/08/2021 10:44:56	SQL :EXEC GetUserTreeMenu 'pramudyono hadi','1613',@CompanyId=2;
27/08/2021 10:44:56	SQL :EXEC GetUserTreeMenu 'pramudyono hadi','1614',@CompanyId=2;
27/08/2021 10:44:56	SQL :EXEC GetUserTreeMenu 'pramudyono hadi','1615',@CompanyId=2;
27/08/2021 10:44:56	SQL :EXEC GetUserTreeMenu 'pramudyono hadi','1616',@CompanyId=2;
27/08/2021 10:44:56	SQL :EXEC GetUserTreeMenu 'pramudyono hadi','1619',@CompanyId=2;
27/08/2021 10:44:56	SQL :EXEC GetUserTreeMenu 'pramudyono hadi','1620',@CompanyId=2;
27/08/2021 10:44:56	SQL :EXEC GetUserSubMenu 'pramudyono hadi','17';
27/08/2021 10:44:56	SQL :EXEC GetUserTreeMenu 'pramudyono hadi','1701',@CompanyId=2;
27/08/2021 10:44:56	SQL :EXEC GetUserTreeMenu 'pramudyono hadi','1702',@CompanyId=2;
27/08/2021 10:44:56	SQL :EXEC GetUserTreeMenu 'pramudyono hadi','1703',@CompanyId=2;
27/08/2021 10:44:56	SQL :EXEC GetUserTreeMenu 'pramudyono hadi','1704',@CompanyId=2;
27/08/2021 10:44:56	SQL :EXEC GetUserTreeMenu 'pramudyono hadi','1705',@CompanyId=2;
27/08/2021 10:44:56	SQL :EXEC GetUserTreeMenu 'pramudyono hadi','1706',@CompanyId=2;
27/08/2021 10:44:56	SQL :EXEC GetUserTreeMenu 'pramudyono hadi','1707',@CompanyId=2;
27/08/2021 10:44:56	SQL :EXEC GetUserTreeMenu 'pramudyono hadi','1708',@CompanyId=2;
27/08/2021 10:44:56	SQL :EXEC GetUserTreeMenu 'pramudyono hadi','1709',@CompanyId=2;
27/08/2021 10:44:56	SQL :EXEC GetUserTreeMenu 'pramudyono hadi','1710',@CompanyId=2;
27/08/2021 10:44:56	SQL :EXEC GetUserTreeMenu 'pramudyono hadi','1711',@CompanyId=2;
27/08/2021 10:44:56	SQL :EXEC GetUserTreeMenu 'pramudyono hadi','1712',@CompanyId=2;
27/08/2021 10:44:56	SQL :EXEC GetUserTreeMenu 'pramudyono hadi','1713',@CompanyId=2;
27/08/2021 10:44:56	SQL :EXEC GetUserTreeMenu 'pramudyono hadi','1714',@CompanyId=2;
27/08/2021 10:44:56	SQL :EXEC GetUserTreeMenu 'pramudyono hadi','1715',@CompanyId=2;
27/08/2021 10:44:56	SQL :EXEC GetUserTreeMenu 'pramudyono hadi','1716',@CompanyId=2;
27/08/2021 10:44:56	SQL :EXEC GetUserTreeMenu 'pramudyono hadi','1717',@CompanyId=2;
27/08/2021 10:44:56	SQL :EXEC GetUserSubMenu 'pramudyono hadi','18';
27/08/2021 10:44:56	SQL :EXEC GetUserTreeMenu 'pramudyono hadi','1801',@CompanyId=2;
27/08/2021 10:44:56	SQL :EXEC GetUserSubMenu 'pramudyono hadi','19';
27/08/2021 10:44:56	SQL :EXEC GetUserTreeMenu 'pramudyono hadi','1901',@CompanyId=2;
27/08/2021 10:44:56	SQL :EXEC GetUserTreeMenu 'pramudyono hadi','1902',@CompanyId=2;
27/08/2021 10:44:56	SQL :EXEC GetUserTreeMenu 'pramudyono hadi','1903',@CompanyId=2;
27/08/2021 10:44:56	SQL :EXEC GetUserTreeMenu 'pramudyono hadi','1904',@CompanyId=2;
27/08/2021 10:44:56	SQL :EXEC GetUserTreeMenu 'pramudyono hadi','1905',@CompanyId=2;
27/08/2021 10:44:56	SQL :EXEC GetUserTreeMenu 'pramudyono hadi','1906',@CompanyId=2;
27/08/2021 10:44:56	SQL :EXEC GetUserTreeMenu 'pramudyono hadi','1907',@CompanyId=2;
27/08/2021 10:44:56	SQL :EXEC GetUserTreeMenu 'pramudyono hadi','1908',@CompanyId=2;
27/08/2021 10:44:56	SQL :EXEC GetUserTreeMenu 'pramudyono hadi','1909',@CompanyId=2;
27/08/2021 10:44:56	SQL :EXEC GetUserTreeMenu 'pramudyono hadi','1910',@CompanyId=2;
27/08/2021 10:44:56	SQL :EXEC GetUserTreeMenu 'pramudyono hadi','1911',@CompanyId=2;
27/08/2021 10:44:56	SQL :EXEC GetUserTreeMenu 'pramudyono hadi','1912',@CompanyId=2;
27/08/2021 10:44:56	SQL :SELECT CONVERT(VARCHAR(8),GETDATE(),108) AS hour_minute;
27/08/2021 10:44:56	SQL :SELECT CONVERT(VARCHAR(10),GETDATE(),103) AS date_time;
27/08/2021 10:44:56	Loading Setting
27/08/2021 10:44:56	Open DB Connection
27/08/2021 10:44:56	SQL :SELECT * FROM wh_setting WHERE setting_name='Hold_Less_Deposit';
27/08/2021 10:44:56	SQL :SELECT * FROM wh_setting WHERE setting_name='Max_Less_Deposit';
27/08/2021 10:44:57	SQL :SELECT * FROM wh_setting WHERE setting_name='Dashboard_2';
27/08/2021 10:44:57	Finish Logging
27/08/2021 10:44:57	SQL :SELECT value_string FROM wh_setting WHERE (setting_name='Interval_CheckInDate') AND (active=1);
27/08/2021 10:44:57	SQL :SELECT value_string FROM wh_setting WHERE (setting_name='Interval_CheckInTime') AND (active=1);
27/08/2021 10:44:57	SQL :SELECT value_string FROM wh_setting WHERE (setting_name='ChatEnable') and (active=1);
27/08/2021 10:44:57	Message:Port Check
27/08/2021 10:44:57	Message:Open DB Connection
27/08/2021 10:44:57	SQL :EXEC GetMessage '01','pramudyono hadi';
27/08/2021 10:44:57	SQL :SELECT CONVERT(VARCHAR(8),GETDATE(),108) AS hour_minute;
27/08/2021 10:44:57	SQL :SELECT CONVERT(VARCHAR(10),GETDATE(),103) AS date_time;
27/08/2021 10:45:05	Open Menu :130513
27/08/2021 10:45:05	Open DB Connection
27/08/2021 10:45:05	SQL :EXEC AuthMenu 'pramudyono hadi',130513;
27/08/2021 10:45:06	Form Check :OdoKmRevision
27/08/2021 10:45:06	Form Open: OdoRevision,2
27/08/2021 10:45:06	Open DB Connection
27/08/2021 10:45:06	SQL :EXEC GetCompanyLocationList
27/08/2021 10:45:06	Open DB Connection
27/08/2021 10:45:06	SQL :EXEC GetVhcOutList2 6,1,2,@AllFoward=3,@InOut=2,@Quick=0,@isFinish=1,@OutDate='2021/08/27',@Order='tgl_keluar desc';
27/08/2021 10:45:09	Open DB Connection
27/08/2021 10:45:09	SQL :EXEC GetVhcOutList2 6,1,2,@AllFoward=3,@InOut=2,@Quick=0,@isFinish=1,@OutDate='2021/08/26',@Order='tgl_keluar desc';
27/08/2021 10:45:10	Form Check :EditKMSJBusForm
27/08/2021 10:45:10	Open DB Connection
27/08/2021 10:45:10	SQL :EXEC GetVhcOutDetail 'SJBRB21081246';
27/08/2021 10:45:26	Open DB Connection
27/08/2021 10:45:26	Open DB Connection
27/08/2021 10:45:26	SQL :SELECT vhc_trans_id FROM wh_vhc_trans WHERE CANCEL is NULL AND vhc_trans_id='SJBRB21081246'
27/08/2021 10:45:35	Form Check :EditKMSJBusForm
27/08/2021 10:45:35	Open DB Connection
27/08/2021 10:45:35	SQL :EXEC GetVhcOutDetail 'SJBRB21081246';
27/08/2021 10:45:55	Form Check :EditKMSJBusForm
27/08/2021 10:45:55	Open DB Connection
27/08/2021 10:45:55	SQL :EXEC GetVhcOutDetail 'SJBRB21081246';
27/08/2021 10:46:11	Open DB Connection
27/08/2021 10:46:11	Open DB Connection
27/08/2021 10:46:11	SQL :SELECT vhc_trans_id FROM wh_vhc_trans WHERE CANCEL is NULL AND vhc_trans_id='SJBRB21081246'
27/08/2021 10:55:55	Open Menu :190505
27/08/2021 10:55:55	Open DB Connection
27/08/2021 10:55:55	SQL :EXEC AuthMenu 'pramudyono hadi',190505;
27/08/2021 10:55:55	Form Check :DailyOrderFeeRpt
27/08/2021 10:55:55	Open DB Connection
27/08/2021 10:55:55	SQL :EXEC GetCompanyLocationList
27/08/2021 10:55:56	Message:Port Check
27/08/2021 10:55:56	Message:Open DB Connection
27/08/2021 10:55:56	SQL :EXEC GetMessage '01','pramudyono hadi';
27/08/2021 10:55:56	SQL :SELECT CONVERT(VARCHAR(8),GETDATE(),108) AS hour_minute;
27/08/2021 10:55:56	SQL :SELECT CONVERT(VARCHAR(10),GETDATE(),103) AS date_time;
27/08/2021 10:56:08	Open DB Connection
27/08/2021 10:56:08	SQL :Insert Into wh_api_intersys_log (methode, param_in, result, user_id) Values ( 'Lap Uang Harian Driver', 'SJBRB21081281', 'Error Muncul NULL', 'pramudyono hadi')
27/08/2021 10:56:08	Open DB Connection
27/08/2021 10:56:08	SQL :Insert Into wh_api_intersys_log (methode, param_in, result, user_id) Values ( 'Lap Uang Harian Driver', 'SJBRB21081352', 'Error Muncul NULL', 'pramudyono hadi')
27/08/2021 11:06:28	Message:Port Check
27/08/2021 11:06:28	Message:Open DB Connection
27/08/2021 11:06:28	SQL :EXEC GetMessage '01','pramudyono hadi';
27/08/2021 11:06:28	SQL :SELECT CONVERT(VARCHAR(8),GETDATE(),108) AS hour_minute;
27/08/2021 11:06:28	SQL :SELECT CONVERT(VARCHAR(10),GETDATE(),103) AS date_time;
27/08/2021 11:11:14	Form Check :EditKMSJBusForm
27/08/2021 11:11:14	Open DB Connection
27/08/2021 11:11:14	SQL :EXEC GetVhcOutDetail 'SJBRB21081246';
27/08/2021 11:11:25	Open DB Connection
27/08/2021 11:11:25	Open DB Connection
27/08/2021 11:11:25	SQL :SELECT vhc_trans_id FROM wh_vhc_trans WHERE CANCEL is NULL AND vhc_trans_id='SJBRB21081246'
27/08/2021 11:11:34	Form Check :EditKMSJBusForm
27/08/2021 11:11:35	Open DB Connection
27/08/2021 11:11:35	SQL :EXEC GetVhcOutDetail 'SJBRB21081246';
27/08/2021 11:11:54	Open DB Connection
27/08/2021 11:11:54	Open DB Connection
27/08/2021 11:11:54	SQL :SELECT vhc_trans_id FROM wh_vhc_trans WHERE CANCEL is NULL AND vhc_trans_id='SJBRB21081246'
27/08/2021 11:12:03	Form Check :EditKMSJBusForm
27/08/2021 11:12:03	Open DB Connection
27/08/2021 11:12:03	SQL :EXEC GetVhcOutDetail 'SJBRB21081246';
27/08/2021 13:36:49	Get Local Settings
27/08/2021 13:36:49	Start Change Local Settings
27/08/2021 13:36:49	Change short date format
27/08/2021 13:36:49	Change Long date format
27/08/2021 13:36:49	Finish Change Local Settings
27/08/2021 13:36:49	Registry Read: Path=SOFTWARE\WEHA\Aplikasi\3
27/08/2021 13:36:49	Registry Read/Write
27/08/2021 13:36:49	Registry Read: Path=SOFTWARE\WEHA\Aplikasi\3
27/08/2021 13:36:49	Create DB Object
27/08/2021 13:36:49	Init DB
27/08/2021 13:36:49	Finish Init DB
27/08/2021 13:36:49	Get File Version
27/08/2021 13:36:49	Change  Caption
27/08/2021 13:36:49	Init Shortkey
27/08/2021 13:36:51	Create DB Object
27/08/2021 13:36:51	Init DB
27/08/2021 13:36:51	Finish Init DB
27/08/2021 13:36:52	Update new version check
27/08/2021 13:36:52	Open DB Connection
27/08/2021 13:36:53	SQL :
27/08/2021 13:36:53	Update check version
27/08/2021 13:36:53	Open DB Connection
27/08/2021 13:36:53	SQL :SELECT version FROM wh_application WHERE application_id=(SELECT MAX(application_id) FROM wh_application);
27/08/2021 13:36:53	Start Login
27/08/2021 13:36:53	Open DB Connection
27/08/2021 13:36:53	SQL :EXEC AuthenticateUser 'pramudyono hadi','6f2b8366efa56f0c06dd6b31fcff8a73';
27/08/2021 13:36:53	SQL :INSERT INTO wh_log (user_id,app_date,app_version,app_version_svr,location_id,company_id,department_id,host_name,ip_address)  VALUES ('pramudyono hadi','27/08/2021','6.1.3.14','6.1.3.13',6,2,13,'DESKTOP-S1PD9OD','192.168.25.214');
27/08/2021 13:36:53	Open DB Connection
27/08/2021 13:36:53	SQL :EXEC GetUserMenu 'pramudyono hadi';
27/08/2021 13:36:53	SQL :EXEC GetUserSubMenu 'pramudyono hadi','11';
27/08/2021 13:36:53	SQL :EXEC GetUserTreeMenu 'pramudyono hadi','1101',@CompanyId=2;
27/08/2021 13:36:53	SQL :EXEC GetUserTreeMenu 'pramudyono hadi','1102',@CompanyId=2;
27/08/2021 13:36:53	SQL :EXEC GetUserTreeMenu 'pramudyono hadi','1103',@CompanyId=2;
27/08/2021 13:36:53	SQL :EXEC GetUserTreeMenu 'pramudyono hadi','1104',@CompanyId=2;
27/08/2021 13:36:53	SQL :EXEC GetUserTreeMenu 'pramudyono hadi','1105',@CompanyId=2;
27/08/2021 13:36:53	SQL :EXEC GetUserTreeMenu 'pramudyono hadi','1106',@CompanyId=2;
27/08/2021 13:36:53	SQL :EXEC GetUserTreeMenu 'pramudyono hadi','1107',@CompanyId=2;
27/08/2021 13:36:53	SQL :EXEC GetUserTreeMenu 'pramudyono hadi','1108',@CompanyId=2;
27/08/2021 13:36:53	SQL :EXEC GetUserTreeMenu 'pramudyono hadi','1109',@CompanyId=2;
27/08/2021 13:36:53	SQL :EXEC GetUserTreeMenu 'pramudyono hadi','1110',@CompanyId=2;
27/08/2021 13:36:53	SQL :EXEC GetUserTreeMenu 'pramudyono hadi','1111',@CompanyId=2;
27/08/2021 13:36:53	SQL :EXEC GetUserTreeMenu 'pramudyono hadi','1112',@CompanyId=2;
27/08/2021 13:36:53	SQL :EXEC GetUserTreeMenu 'pramudyono hadi','1113',@CompanyId=2;
27/08/2021 13:36:53	SQL :EXEC GetUserTreeMenu 'pramudyono hadi','1114',@CompanyId=2;
27/08/2021 13:36:53	SQL :EXEC GetUserTreeMenu 'pramudyono hadi','1115',@CompanyId=2;
27/08/2021 13:36:53	SQL :EXEC GetUserTreeMenu 'pramudyono hadi','1116',@CompanyId=2;
27/08/2021 13:36:53	SQL :EXEC GetUserTreeMenu 'pramudyono hadi','1117',@CompanyId=2;
27/08/2021 13:36:53	SQL :EXEC GetUserTreeMenu 'pramudyono hadi','1198',@CompanyId=2;
27/08/2021 13:36:53	SQL :EXEC GetUserTreeMenu 'pramudyono hadi','1199',@CompanyId=2;
27/08/2021 13:36:53	SQL :EXEC GetUserSubMenu 'pramudyono hadi','12';
27/08/2021 13:36:53	SQL :EXEC GetUserTreeMenu 'pramudyono hadi','1201',@CompanyId=2;
27/08/2021 13:36:53	SQL :EXEC GetUserTreeMenu 'pramudyono hadi','1202',@CompanyId=2;
27/08/2021 13:36:53	SQL :EXEC GetUserTreeMenu 'pramudyono hadi','1203',@CompanyId=2;
27/08/2021 13:36:53	SQL :EXEC GetUserTreeMenu 'pramudyono hadi','1204',@CompanyId=2;
27/08/2021 13:36:53	SQL :EXEC GetUserTreeMenu 'pramudyono hadi','1205',@CompanyId=2;
27/08/2021 13:36:53	SQL :EXEC GetUserTreeMenu 'pramudyono hadi','1206',@CompanyId=2;
27/08/2021 13:36:53	SQL :EXEC GetUserTreeMenu 'pramudyono hadi','1207',@CompanyId=2;
27/08/2021 13:36:53	SQL :EXEC GetUserSubMenu 'pramudyono hadi','13';
27/08/2021 13:36:53	SQL :EXEC GetUserTreeMenu 'pramudyono hadi','1301',@CompanyId=2;
27/08/2021 13:36:53	SQL :EXEC GetUserTreeMenu 'pramudyono hadi','1302',@CompanyId=2;
27/08/2021 13:36:53	SQL :EXEC GetUserTreeMenu 'pramudyono hadi','1303',@CompanyId=2;
27/08/2021 13:36:53	SQL :EXEC GetUserTreeMenu 'pramudyono hadi','1304',@CompanyId=2;
27/08/2021 13:36:53	SQL :EXEC GetUserTreeMenu 'pramudyono hadi','1305',@CompanyId=2;
27/08/2021 13:36:53	SQL :EXEC GetUserTreeMenu 'pramudyono hadi','1306',@CompanyId=2;
27/08/2021 13:36:53	SQL :EXEC GetUserTreeMenu 'pramudyono hadi','1307',@CompanyId=2;
27/08/2021 13:36:53	SQL :EXEC GetUserTreeMenu 'pramudyono hadi','1308',@CompanyId=2;
27/08/2021 13:36:53	SQL :EXEC GetUserTreeMenu 'pramudyono hadi','1309',@CompanyId=2;
27/08/2021 13:36:53	SQL :EXEC GetUserTreeMenu 'pramudyono hadi','1310',@CompanyId=2;
27/08/2021 13:36:53	SQL :EXEC GetUserTreeMenu 'pramudyono hadi','1311',@CompanyId=2;
27/08/2021 13:36:53	SQL :EXEC GetUserTreeMenu 'pramudyono hadi','1312',@CompanyId=2;
27/08/2021 13:36:53	SQL :EXEC GetUserTreeMenu 'pramudyono hadi','1313',@CompanyId=2;
27/08/2021 13:36:53	SQL :EXEC GetUserTreeMenu 'pramudyono hadi','1314',@CompanyId=2;
27/08/2021 13:36:53	SQL :EXEC GetUserTreeMenu 'pramudyono hadi','1315',@CompanyId=2;
27/08/2021 13:36:53	SQL :EXEC GetUserTreeMenu 'pramudyono hadi','1316',@CompanyId=2;
27/08/2021 13:36:53	SQL :EXEC GetUserTreeMenu 'pramudyono hadi','1317',@CompanyId=2;
27/08/2021 13:36:53	SQL :EXEC GetUserTreeMenu 'pramudyono hadi','1318',@CompanyId=2;
27/08/2021 13:36:53	SQL :EXEC GetUserTreeMenu 'pramudyono hadi','1319',@CompanyId=2;
27/08/2021 13:36:53	SQL :EXEC GetUserTreeMenu 'pramudyono hadi','1320',@CompanyId=2;
27/08/2021 13:36:53	SQL :EXEC GetUserTreeMenu 'pramudyono hadi','1321',@CompanyId=2;
27/08/2021 13:36:53	SQL :EXEC GetUserSubMenu 'pramudyono hadi','14';
27/08/2021 13:36:53	SQL :EXEC GetUserTreeMenu 'pramudyono hadi','1401',@CompanyId=2;
27/08/2021 13:36:53	SQL :EXEC GetUserTreeMenu 'pramudyono hadi','1402',@CompanyId=2;
27/08/2021 13:36:53	SQL :EXEC GetUserTreeMenu 'pramudyono hadi','1403',@CompanyId=2;
27/08/2021 13:36:53	SQL :EXEC GetUserTreeMenu 'pramudyono hadi','1404',@CompanyId=2;
27/08/2021 13:36:53	SQL :EXEC GetUserTreeMenu 'pramudyono hadi','1406',@CompanyId=2;
27/08/2021 13:36:53	SQL :EXEC GetUserTreeMenu 'pramudyono hadi','1408',@CompanyId=2;
27/08/2021 13:36:53	SQL :EXEC GetUserTreeMenu 'pramudyono hadi','1410',@CompanyId=2;
27/08/2021 13:36:53	SQL :EXEC GetUserTreeMenu 'pramudyono hadi','1411',@CompanyId=2;
27/08/2021 13:36:53	SQL :EXEC GetUserTreeMenu 'pramudyono hadi','1412',@CompanyId=2;
27/08/2021 13:36:53	SQL :EXEC GetUserTreeMenu 'pramudyono hadi','1413',@CompanyId=2;
27/08/2021 13:36:53	SQL :EXEC GetUserTreeMenu 'pramudyono hadi','1414',@CompanyId=2;
27/08/2021 13:36:53	SQL :EXEC GetUserSubMenu 'pramudyono hadi','15';
27/08/2021 13:36:54	SQL :EXEC GetUserTreeMenu 'pramudyono hadi','1501',@CompanyId=2;
27/08/2021 13:36:54	SQL :EXEC GetUserTreeMenu 'pramudyono hadi','1502',@CompanyId=2;
27/08/2021 13:36:54	SQL :EXEC GetUserTreeMenu 'pramudyono hadi','1503',@CompanyId=2;
27/08/2021 13:36:54	SQL :EXEC GetUserTreeMenu 'pramudyono hadi','1504',@CompanyId=2;
27/08/2021 13:36:54	SQL :EXEC GetUserTreeMenu 'pramudyono hadi','1505',@CompanyId=2;
27/08/2021 13:36:54	SQL :EXEC GetUserTreeMenu 'pramudyono hadi','1506',@CompanyId=2;
27/08/2021 13:36:54	SQL :EXEC GetUserTreeMenu 'pramudyono hadi','1507',@CompanyId=2;
27/08/2021 13:36:54	SQL :EXEC GetUserTreeMenu 'pramudyono hadi','1508',@CompanyId=2;
27/08/2021 13:36:54	SQL :EXEC GetUserTreeMenu 'pramudyono hadi','1509',@CompanyId=2;
27/08/2021 13:36:54	SQL :EXEC GetUserTreeMenu 'pramudyono hadi','1510',@CompanyId=2;
27/08/2021 13:36:54	SQL :EXEC GetUserTreeMenu 'pramudyono hadi','1511',@CompanyId=2;
27/08/2021 13:36:54	SQL :EXEC GetUserSubMenu 'pramudyono hadi','16';
27/08/2021 13:36:54	SQL :EXEC GetUserTreeMenu 'pramudyono hadi','1601',@CompanyId=2;
27/08/2021 13:36:54	SQL :EXEC GetUserTreeMenu 'pramudyono hadi','1602',@CompanyId=2;
27/08/2021 13:36:54	SQL :EXEC GetUserTreeMenu 'pramudyono hadi','1603',@CompanyId=2;
27/08/2021 13:36:54	SQL :EXEC GetUserTreeMenu 'pramudyono hadi','1604',@CompanyId=2;
27/08/2021 13:36:54	SQL :EXEC GetUserTreeMenu 'pramudyono hadi','1605',@CompanyId=2;
27/08/2021 13:36:54	SQL :EXEC GetUserTreeMenu 'pramudyono hadi','1606',@CompanyId=2;
27/08/2021 13:36:54	SQL :EXEC GetUserTreeMenu 'pramudyono hadi','1607',@CompanyId=2;
27/08/2021 13:36:54	SQL :EXEC GetUserTreeMenu 'pramudyono hadi','1608',@CompanyId=2;
27/08/2021 13:36:54	SQL :EXEC GetUserTreeMenu 'pramudyono hadi','1609',@CompanyId=2;
27/08/2021 13:36:54	SQL :EXEC GetUserTreeMenu 'pramudyono hadi','1610',@CompanyId=2;
27/08/2021 13:36:54	SQL :EXEC GetUserTreeMenu 'pramudyono hadi','1611',@CompanyId=2;
27/08/2021 13:36:54	SQL :EXEC GetUserTreeMenu 'pramudyono hadi','1612',@CompanyId=2;
27/08/2021 13:36:54	SQL :EXEC GetUserTreeMenu 'pramudyono hadi','1613',@CompanyId=2;
27/08/2021 13:36:54	SQL :EXEC GetUserTreeMenu 'pramudyono hadi','1614',@CompanyId=2;
27/08/2021 13:36:54	SQL :EXEC GetUserTreeMenu 'pramudyono hadi','1615',@CompanyId=2;
27/08/2021 13:36:54	SQL :EXEC GetUserTreeMenu 'pramudyono hadi','1616',@CompanyId=2;
27/08/2021 13:36:54	SQL :EXEC GetUserTreeMenu 'pramudyono hadi','1619',@CompanyId=2;
27/08/2021 13:36:54	SQL :EXEC GetUserTreeMenu 'pramudyono hadi','1620',@CompanyId=2;
27/08/2021 13:36:54	SQL :EXEC GetUserSubMenu 'pramudyono hadi','17';
27/08/2021 13:36:54	SQL :EXEC GetUserTreeMenu 'pramudyono hadi','1701',@CompanyId=2;
27/08/2021 13:36:54	SQL :EXEC GetUserTreeMenu 'pramudyono hadi','1702',@CompanyId=2;
27/08/2021 13:36:54	SQL :EXEC GetUserTreeMenu 'pramudyono hadi','1703',@CompanyId=2;
27/08/2021 13:36:54	SQL :EXEC GetUserTreeMenu 'pramudyono hadi','1704',@CompanyId=2;
27/08/2021 13:36:54	SQL :EXEC GetUserTreeMenu 'pramudyono hadi','1705',@CompanyId=2;
27/08/2021 13:36:54	SQL :EXEC GetUserTreeMenu 'pramudyono hadi','1706',@CompanyId=2;
27/08/2021 13:36:54	SQL :EXEC GetUserTreeMenu 'pramudyono hadi','1707',@CompanyId=2;
27/08/2021 13:36:54	SQL :EXEC GetUserTreeMenu 'pramudyono hadi','1708',@CompanyId=2;
27/08/2021 13:36:54	SQL :EXEC GetUserTreeMenu 'pramudyono hadi','1709',@CompanyId=2;
27/08/2021 13:36:54	SQL :EXEC GetUserTreeMenu 'pramudyono hadi','1710',@CompanyId=2;
27/08/2021 13:36:54	SQL :EXEC GetUserTreeMenu 'pramudyono hadi','1711',@CompanyId=2;
27/08/2021 13:36:54	SQL :EXEC GetUserTreeMenu 'pramudyono hadi','1712',@CompanyId=2;
27/08/2021 13:36:54	SQL :EXEC GetUserTreeMenu 'pramudyono hadi','1713',@CompanyId=2;
27/08/2021 13:36:54	SQL :EXEC GetUserTreeMenu 'pramudyono hadi','1714',@CompanyId=2;
27/08/2021 13:36:54	SQL :EXEC GetUserTreeMenu 'pramudyono hadi','1715',@CompanyId=2;
27/08/2021 13:36:54	SQL :EXEC GetUserTreeMenu 'pramudyono hadi','1716',@CompanyId=2;
27/08/2021 13:36:54	SQL :EXEC GetUserTreeMenu 'pramudyono hadi','1717',@CompanyId=2;
27/08/2021 13:36:54	SQL :EXEC GetUserSubMenu 'pramudyono hadi','18';
27/08/2021 13:36:54	SQL :EXEC GetUserTreeMenu 'pramudyono hadi','1801',@CompanyId=2;
27/08/2021 13:36:54	SQL :EXEC GetUserSubMenu 'pramudyono hadi','19';
27/08/2021 13:36:54	SQL :EXEC GetUserTreeMenu 'pramudyono hadi','1901',@CompanyId=2;
27/08/2021 13:36:54	SQL :EXEC GetUserTreeMenu 'pramudyono hadi','1902',@CompanyId=2;
27/08/2021 13:36:54	SQL :EXEC GetUserTreeMenu 'pramudyono hadi','1903',@CompanyId=2;
27/08/2021 13:36:54	SQL :EXEC GetUserTreeMenu 'pramudyono hadi','1904',@CompanyId=2;
27/08/2021 13:36:54	SQL :EXEC GetUserTreeMenu 'pramudyono hadi','1905',@CompanyId=2;
27/08/2021 13:36:54	SQL :EXEC GetUserTreeMenu 'pramudyono hadi','1906',@CompanyId=2;
27/08/2021 13:36:54	SQL :EXEC GetUserTreeMenu 'pramudyono hadi','1907',@CompanyId=2;
27/08/2021 13:36:54	SQL :EXEC GetUserTreeMenu 'pramudyono hadi','1908',@CompanyId=2;
27/08/2021 13:36:54	SQL :EXEC GetUserTreeMenu 'pramudyono hadi','1909',@CompanyId=2;
27/08/2021 13:36:54	SQL :EXEC GetUserTreeMenu 'pramudyono hadi','1910',@CompanyId=2;
27/08/2021 13:36:54	SQL :EXEC GetUserTreeMenu 'pramudyono hadi','1911',@CompanyId=2;
27/08/2021 13:36:54	SQL :EXEC GetUserTreeMenu 'pramudyono hadi','1912',@CompanyId=2;
27/08/2021 13:36:54	SQL :SELECT CONVERT(VARCHAR(8),GETDATE(),108) AS hour_minute;
27/08/2021 13:36:54	SQL :SELECT CONVERT(VARCHAR(10),GETDATE(),103) AS date_time;
27/08/2021 13:36:54	Loading Setting
27/08/2021 13:36:54	Open DB Connection
27/08/2021 13:36:54	SQL :SELECT * FROM wh_setting WHERE setting_name='Hold_Less_Deposit';
27/08/2021 13:36:54	SQL :SELECT * FROM wh_setting WHERE setting_name='Max_Less_Deposit';
27/08/2021 13:36:54	SQL :SELECT * FROM wh_setting WHERE setting_name='Dashboard_2';
27/08/2021 13:36:54	Finish Logging
27/08/2021 13:36:54	SQL :SELECT value_string FROM wh_setting WHERE (setting_name='Interval_CheckInDate') AND (active=1);
27/08/2021 13:36:54	SQL :SELECT value_string FROM wh_setting WHERE (setting_name='Interval_CheckInTime') AND (active=1);
27/08/2021 13:36:54	SQL :SELECT value_string FROM wh_setting WHERE (setting_name='ChatEnable') and (active=1);
27/08/2021 13:36:55	Message:Port Check
27/08/2021 13:36:55	Message:Open DB Connection
27/08/2021 13:36:55	SQL :EXEC GetMessage '01','pramudyono hadi';
27/08/2021 13:36:55	SQL :SELECT CONVERT(VARCHAR(8),GETDATE(),108) AS hour_minute;
27/08/2021 13:36:55	SQL :SELECT CONVERT(VARCHAR(10),GETDATE(),103) AS date_time;
27/08/2021 13:36:57	Open Menu :130132
27/08/2021 13:36:57	Open DB Connection
27/08/2021 13:36:57	SQL :EXEC AuthMenu 'pramudyono hadi',130132;
27/08/2021 13:36:57	Form Check :VehicleInsuranceList
27/08/2021 13:36:57	Open DB Connection
27/08/2021 13:36:57	SQL :EXEC GetCompanyLocationList
27/08/2021 13:36:57	SQL :EXEC GetGr27/08/2021 13:40:02	Get Local Settings
27/08/2021 13:40:02	Start Change Local Settings
27/08/2021 13:40:02	Change short date format
27/08/2021 13:40:02	Change Long date format
27/08/2021 13:40:02	Finish Change Local Settings
27/08/2021 13:40:02	Registry Read: Path=SOFTWARE\WEHA\Aplikasi\3
27/08/2021 13:40:02	Registry Read/Write
27/08/2021 13:40:02	Registry Read: Path=SOFTWARE\WEHA\Aplikasi\3
27/08/2021 13:40:02	Create DB Object
27/08/2021 13:40:02	Init DB
27/08/2021 13:40:02	Finish Init DB
27/08/2021 13:40:02	Get File Version
27/08/2021 13:40:02	Change  Caption
27/08/2021 13:40:02	Init Shortkey
27/08/2021 13:40:12	Create DB Object
27/08/2021 13:40:12	Init DB
27/08/2021 13:40:12	Finish Init DB
27/08/2021 13:40:14	Update new version check
27/08/2021 13:40:14	Open DB Connection
27/08/2021 13:40:14	SQL :
27/08/2021 13:40:14	Update check version
27/08/2021 13:40:14	Open DB Connection
27/08/2021 13:40:14	SQL :SELECT version FROM wh_application WHERE application_id=(SELECT MAX(application_id) FROM wh_application);
27/08/2021 13:40:14	Start Login
27/08/2021 13:40:14	Open DB Connection
27/08/2021 13:40:14	SQL :EXEC AuthenticateUser 'pramudyono hadi','6f2b8366efa56f0c06dd6b31fcff8a73';
27/08/2021 13:40:14	SQL :INSERT INTO wh_log (user_id,app_date,app_version,app_version_svr,location_id,company_id,department_id,host_name,ip_address)  VALUES ('pramudyono hadi','27/08/2021','6.1.3.14','6.1.3.13',6,2,13,'DESKTOP-S1PD9OD','192.168.25.214');
27/08/2021 13:40:14	Open DB Connection
27/08/2021 13:40:14	SQL :EXEC GetUserMenu 'pramudyono hadi';
27/08/2021 13:40:14	SQL :EXEC GetUserSubMenu 'pramudyono hadi','11';
27/08/2021 13:40:14	SQL :EXEC GetUserTreeMenu 'pramudyono hadi','1101',@CompanyId=2;
27/08/2021 13:40:14	SQL :EXEC GetUserTreeMenu 'pramudyono hadi','1102',@CompanyId=2;
27/08/2021 13:40:14	SQL :EXEC GetUserTreeMenu 'pramudyono hadi','1103',@CompanyId=2;
27/08/2021 13:40:14	SQL :EXEC GetUserTreeMenu 'pramudyono hadi','1104',@CompanyId=2;
27/08/2021 13:40:14	SQL :EXEC GetUserTreeMenu 'pramudyono hadi','1105',@CompanyId=2;
27/08/2021 13:40:14	SQL :EXEC GetUserTreeMenu 'pramudyono hadi','1106',@CompanyId=2;
27/08/2021 13:40:14	SQL :EXEC GetUserTreeMenu 'pramudyono hadi','1107',@CompanyId=2;
27/08/2021 13:40:14	SQL :EXEC GetUserTreeMenu 'pramudyono hadi','1108',@CompanyId=2;
27/08/2021 13:40:14	SQL :EXEC GetUserTreeMenu 'pramudyono hadi','1109',@CompanyId=2;
27/08/2021 13:40:14	SQL :EXEC GetUserTreeMenu 'pramudyono hadi','1110',@CompanyId=2;
27/08/2021 13:40:14	SQL :EXEC GetUserTreeMenu 'pramudyono hadi','1111',@CompanyId=2;
27/08/2021 13:40:14	SQL :EXEC GetUserTreeMenu 'pramudyono hadi','1112',@CompanyId=2;
27/08/2021 13:40:14	SQL :EXEC GetUserTreeMenu 'pramudyono hadi','1113',@CompanyId=2;
27/08/2021 13:40:14	SQL :EXEC GetUserTreeMenu 'pramudyono hadi','1114',@CompanyId=2;
27/08/2021 13:40:14	SQL :EXEC GetUserTreeMenu 'pramudyono hadi','1115',@CompanyId=2;
27/08/2021 13:40:14	SQL :EXEC GetUserTreeMenu 'pramudyono hadi','1116',@CompanyId=2;
27/08/2021 13:40:14	SQL :EXEC GetUserTreeMenu 'pramudyono hadi','1117',@CompanyId=2;
27/08/2021 13:40:14	SQL :EXEC GetUserTreeMenu 'pramudyono hadi','1198',@CompanyId=2;
27/08/2021 13:40:14	SQL :EXEC GetUserTreeMenu 'pramudyono hadi','1199',@CompanyId=2;
27/08/2021 13:40:14	SQL :EXEC GetUserSubMenu 'pramudyono hadi','12';
27/08/2021 13:40:14	SQL :EXEC GetUserTreeMenu 'pramudyono hadi','1201',@CompanyId=2;
27/08/2021 13:40:14	SQL :EXEC GetUserTreeMenu 'pramudyono hadi','1202',@CompanyId=2;
27/08/2021 13:40:14	SQL :EXEC GetUserTreeMenu 'pramudyono hadi','1203',@CompanyId=2;
27/08/2021 13:40:14	SQL :EXEC GetUserTreeMenu 'pramudyono hadi','1204',@CompanyId=2;
27/08/2021 13:40:14	SQL :EXEC GetUserTreeMenu 'pramudyono hadi','1205',@CompanyId=2;
27/08/2021 13:40:14	SQL :EXEC GetUserTreeMenu 'pramudyono hadi','1206',@CompanyId=2;
27/08/2021 13:40:14	SQL :EXEC GetUserTreeMenu 'pramudyono hadi','1207',@CompanyId=2;
27/08/2021 13:40:14	SQL :EXEC GetUserSubMenu 'pramudyono hadi','13';
27/08/2021 13:40:14	SQL :EXEC GetUserTreeMenu 'pramudyono hadi','1301',@CompanyId=2;
27/08/2021 13:40:14	SQL :EXEC GetUserTreeMenu 'pramudyono hadi','1302',@CompanyId=2;
27/08/2021 13:40:14	SQL :EXEC GetUserTreeMenu 'pramudyono hadi','1303',@CompanyId=2;
27/08/2021 13:40:14	SQL :EXEC GetUserTreeMenu 'pramudyono hadi','1304',@CompanyId=2;
27/08/2021 13:40:14	SQL :EXEC GetUserTreeMenu 'pramudyono hadi','1305',@CompanyId=2;
27/08/2021 13:40:14	SQL :EXEC GetUserTreeMenu 'pramudyono hadi','1306',@CompanyId=2;
27/08/2021 13:40:14	SQL :EXEC GetUserTreeMenu 'pramudyono hadi','1307',@CompanyId=2;
27/08/2021 13:40:14	SQL :EXEC GetUserTreeMenu 'pramudyono hadi','1308',@CompanyId=2;
27/08/2021 13:40:14	SQL :EXEC GetUserTreeMenu 'pramudyono hadi','1309',@CompanyId=2;
27/08/2021 13:40:14	SQL :EXEC GetUserTreeMenu 'pramudyono hadi','1310',@CompanyId=2;
27/08/2021 13:40:15	SQL :EXEC GetUserTreeMenu 'pramudyono hadi','1311',@CompanyId=2;
27/08/2021 13:40:15	SQL :EXEC GetUserTreeMenu 'pramudyono hadi','1312',@CompanyId=2;
27/08/2021 13:40:15	SQL :EXEC GetUserTreeMenu 'pramudyono hadi','1313',@CompanyId=2;
27/08/2021 13:40:15	SQL :EXEC GetUserTreeMenu 'pramudyono hadi','1314',@CompanyId=2;
27/08/2021 13:40:15	SQL :EXEC GetUserTreeMenu 'pramudyono hadi','1315',@CompanyId=2;
27/08/2021 13:40:15	SQL :EXEC GetUserTreeMenu 'pramudyono hadi','1316',@CompanyId=2;
27/08/2021 13:40:15	SQL :EXEC GetUserTreeMenu 'pramudyono hadi','1317',@CompanyId=2;
27/08/2021 13:40:15	SQL :EXEC GetUserTreeMenu 'pramudyono hadi','1318',@CompanyId=2;
27/08/2021 13:40:15	SQL :EXEC GetUserTreeMenu 'pramudyono hadi','1319',@CompanyId=2;
27/08/2021 13:40:15	SQL :EXEC GetUserTreeMenu 'pramudyono hadi','1320',@CompanyId=2;
27/08/2021 13:40:15	SQL :EXEC GetUserTreeMenu 'pramudyono hadi','1321',@CompanyId=2;
27/08/2021 13:40:15	SQL :EXEC GetUserSubMenu 'pramudyono hadi','14';
27/08/2021 13:40:15	SQL :EXEC GetUserTreeMenu 'pramudyono hadi','1401',@CompanyId=2;
27/08/2021 13:40:15	SQL :EXEC GetUserTreeMenu 'pramudyono hadi','1402',@CompanyId=2;
27/08/2021 13:40:15	SQL :EXEC GetUserTreeMenu 'pramudyono hadi','1403',@CompanyId=2;
27/08/2021 13:40:15	SQL :EXEC GetUserTreeMenu 'pramudyono hadi','1404',@CompanyId=2;
27/08/2021 13:40:15	SQL :EXEC GetUserTreeMenu 'pramudyono hadi','1406',@CompanyId=2;
27/08/2021 13:40:15	SQL :EXEC GetUserTreeMenu 'pramudyono hadi','1408',@CompanyId=2;
27/08/2021 13:40:15	SQL :EXEC GetUserTreeMenu 'pramudyono hadi','1410',@CompanyId=2;
27/08/2021 13:40:15	SQL :EXEC GetUserTreeMenu 'pramudyono hadi','1411',@CompanyId=2;
27/08/2021 13:40:15	SQL :EXEC GetUserTreeMenu 'pramudyono hadi','1412',@CompanyId=2;
27/08/2021 13:40:15	SQL :EXEC GetUserTreeMenu 'pramudyono hadi','1413',@CompanyId=2;
27/08/2021 13:40:15	SQL :EXEC GetUserTreeMenu 'pramudyono hadi','1414',@CompanyId=2;
27/08/2021 13:40:15	SQL :EXEC GetUserSubMenu 'pramudyono hadi','15';
27/08/2021 13:40:15	SQL :EXEC GetUserTreeMenu 'pramudyono hadi','1501',@CompanyId=2;
27/08/2021 13:40:15	SQL :EXEC GetUserTreeMenu 'pramudyono hadi','1502',@CompanyId=2;
27/08/2021 13:40:15	SQL :EXEC GetUserTreeMenu 'pramudyono hadi','1503',@CompanyId=2;
27/08/2021 13:40:15	SQL :EXEC GetUserTreeMenu 'pramudyono hadi','1504',@CompanyId=2;
27/08/2021 13:40:15	SQL :EXEC GetUserTreeMenu 'pramudyono hadi','1505',@CompanyId=2;
27/08/2021 13:40:15	SQL :EXEC GetUserTreeMenu 'pramudyono hadi','1506',@CompanyId=2;
27/08/2021 13:40:15	SQL :EXEC GetUserTreeMenu 'pramudyono hadi','1507',@CompanyId=2;
27/08/2021 13:40:15	SQL :EXEC GetUserTreeMenu 'pramudyono hadi','1508',@CompanyId=2;
27/08/2021 13:40:15	SQL :EXEC GetUserTreeMenu 'pramudyono hadi','1509',@CompanyId=2;
27/08/2021 13:40:15	SQL :EXEC GetUserTreeMenu 'pramudyono hadi','1510',@CompanyId=2;
27/08/2021 13:40:15	SQL :EXEC GetUserTreeMenu 'pramudyono hadi','1511',@CompanyId=2;
27/08/2021 13:40:15	SQL :EXEC GetUserSubMenu 'pramudyono hadi','16';
27/08/2021 13:40:15	SQL :EXEC GetUserTreeMenu 'pramudyono hadi','1601',@CompanyId=2;
27/08/2021 13:40:15	SQL :EXEC GetUserTreeMenu 'pramudyono hadi','1602',@CompanyId=2;
27/08/2021 13:40:15	SQL :EXEC GetUserTreeMenu 'pramudyono hadi','1603',@CompanyId=2;
27/08/2021 13:40:15	SQL :EXEC GetUserTreeMenu 'pramudyono hadi','1604',@CompanyId=2;
27/08/2021 13:40:15	SQL :EXEC GetUserTreeMenu 'pramudyono hadi','1605',@CompanyId=2;
27/08/2021 13:40:15	SQL :EXEC GetUserTreeMenu 'pramudyono hadi','1606',@CompanyId=2;
27/08/2021 13:40:15	SQL :EXEC GetUserTreeMenu 'pramudyono hadi','1607',@CompanyId=2;
27/08/2021 13:40:15	SQL :EXEC GetUserTreeMenu 'pramudyono hadi','1608',@CompanyId=2;
27/08/2021 13:40:15	SQL :EXEC GetUserTreeMenu 'pramudyono hadi','1609',@CompanyId=2;
27/08/2021 13:40:15	SQL :EXEC GetUserTreeMenu 'pramudyono hadi','1610',@CompanyId=2;
27/08/2021 13:40:15	SQL :EXEC GetUserTreeMenu 'pramudyono hadi','1611',@CompanyId=2;
27/08/2021 13:40:15	SQL :EXEC GetUserTreeMenu 'pramudyono hadi','1612',@CompanyId=2;
27/08/2021 13:40:15	SQL :EXEC GetUserTreeMenu 'pramudyono hadi','1613',@CompanyId=2;
27/08/2021 13:40:15	SQL :EXEC GetUserTreeMenu 'pramudyono hadi','1614',@CompanyId=2;
27/08/2021 13:40:15	SQL :EXEC GetUserTreeMenu 'pramudyono hadi','1615',@CompanyId=2;
27/08/2021 13:40:15	SQL :EXEC GetUserTreeMenu 'pramudyono hadi','1616',@CompanyId=2;
27/08/2021 13:40:15	SQL :EXEC GetUserTreeMenu 'pramudyono hadi','1619',@CompanyId=2;
27/08/2021 13:40:15	SQL :EXEC GetUserTreeMenu 'pramudyono hadi','1620',@CompanyId=2;
27/08/2021 13:40:15	SQL :EXEC GetUserSubMenu 'pramudyono hadi','17';
27/08/2021 13:40:15	SQL :EXEC GetUserTreeMenu 'pramudyono hadi','1701',@CompanyId=2;
27/08/2021 13:40:15	SQL :EXEC GetUserTreeMenu 'pramudyono hadi','1702',@CompanyId=2;
27/08/2021 13:40:15	SQL :EXEC GetUserTreeMenu 'pramudyono hadi','1703',@CompanyId=2;
27/08/2021 13:40:15	SQL :EXEC GetUserTreeMenu 'pramudyono hadi','1704',@CompanyId=2;
27/08/2021 13:40:15	SQL :EXEC GetUserTreeMenu 'pramudyono hadi','1705',@CompanyId=2;
27/08/2021 13:40:15	SQL :EXEC GetUserTreeMenu 'pramudyono hadi','1706',@CompanyId=2;
27/08/2021 13:40:15	SQL :EXEC GetUserTreeMenu 'pramudyono hadi','1707',@CompanyId=2;
27/08/2021 13:40:15	SQL :EXEC GetUserTreeMenu 'pramudyono hadi','1708',@CompanyId=2;
27/08/2021 13:40:15	SQL :EXEC GetUserTreeMenu 'pramudyono hadi','1709',@CompanyId=2;
27/08/2021 13:40:15	SQL :EXEC GetUserTreeMenu 'pramudyono hadi','1710',@CompanyId=2;
27/08/2021 13:40:15	SQL :EXEC GetUserTreeMenu 'pramudyono hadi','1711',@CompanyId=2;
27/08/2021 13:40:15	SQL :EXEC GetUserTreeMenu 'pramudyono hadi','1712',@CompanyId=2;
27/08/2021 13:40:15	SQL :EXEC GetUserTreeMenu 'pramudyono hadi','1713',@CompanyId=2;
27/08/2021 13:40:15	SQL :EXEC GetUserTreeMenu 'pramudyono hadi','1714',@CompanyId=2;
27/08/2021 13:40:15	SQL :EXEC GetUserTreeMenu 'pramudyono hadi','1715',@CompanyId=2;
27/08/2021 13:40:15	SQL :EXEC GetUserTreeMenu 'pramudyono hadi','1716',@CompanyId=2;
27/08/2021 13:40:15	SQL :EXEC GetUserTreeMenu 'pramudyono hadi','1717',@CompanyId=2;
27/08/2021 13:40:15	SQL :EXEC GetUserSubMenu 'pramudyono hadi','18';
27/08/2021 13:40:15	SQL :EXEC GetUserTreeMenu 'pramudyono hadi','1801',@CompanyId=2;
27/08/2021 13:40:15	SQL :EXEC GetUserSubMenu 'pramudyono hadi','19';
27/08/2021 13:40:15	SQL :EXEC GetUserTreeMenu 'pramudyono hadi','1901',@CompanyId=2;
27/08/2021 13:40:15	SQL :EXEC GetUserTreeMenu 'pramudyono hadi','1902',@CompanyId=2;
27/08/2021 13:40:15	SQL :EXEC GetUserTreeMenu 'pramudyono hadi','1903',@CompanyId=2;
27/08/2021 13:40:15	SQL :EXEC GetUserTreeMenu 'pramudyono hadi','1904',@CompanyId=2;
27/08/2021 13:40:15	SQL :EXEC GetUserTreeMenu 'pramudyono hadi','1905',@CompanyId=2;
27/08/2021 13:40:15	SQL :EXEC GetUserTreeMenu 'pramudyono hadi','1906',@CompanyId=2;
27/08/2021 13:40:15	SQL :EXEC GetUserTreeMenu 'pramudyono hadi','1907',@CompanyId=2;
27/08/2021 13:40:15	SQL :EXEC GetUserTreeMenu 'pramudyono hadi','1908',@CompanyId=2;
27/08/2021 13:40:15	SQL :EXEC GetUserTreeMenu 'pramudyono hadi','1909',@CompanyId=2;
27/08/2021 13:40:15	SQL :EXEC GetUserTreeMenu 'pramudyono hadi','1910',@CompanyId=2;
27/08/2021 13:40:15	SQL :EXEC GetUserTreeMenu 'pramudyono hadi','1911',@CompanyId=2;
27/08/2021 13:40:15	SQL :EXEC GetUserTreeMenu 'pramudyono hadi','1912',@CompanyId=2;
27/08/2021 13:40:15	SQL :SELECT CONVERT(VARCHAR(8),GETDATE(),108) AS hour_minute;
27/08/2021 13:40:15	SQL :SELECT CONVERT(VARCHAR(10),GETDATE(),103) AS date_time;
27/08/2021 13:40:16	Loading Setting
27/08/2021 13:40:16	Open DB Connection
27/08/2021 13:40:16	SQL :SELECT * FROM wh_setting WHERE setting_name='Hold_Less_Deposit';
27/08/2021 13:40:16	SQL :SELECT * FROM wh_setting WHERE setting_name='Max_Less_Deposit';
27/08/2021 13:40:16	SQL :SELECT * FROM wh_setting WHERE setting_name='Dashboard_2';
27/08/2021 13:40:16	Finish Logging
27/08/2021 13:40:16	SQL :SELECT value_string FROM wh_setting WHERE (setting_name='Interval_CheckInDate') AND (active=1);
27/08/2021 13:40:16	SQL :SELECT value_string FROM wh_setting WHERE (setting_name='Interval_CheckInTime') AND (active=1);
27/08/2021 13:40:16	SQL :SELECT value_string FROM wh_setting WHERE (setting_name='ChatEnable') and (active=1);
27/08/2021 13:40:16	Message:Port Check
27/08/2021 13:40:17	Message:Open DB Connection
27/08/2021 13:40:17	SQL :EXEC GetMessage '01','pramudyono hadi';
27/08/2021 13:40:17	SQL :SELECT CONVERT(VARCHAR(8),GETDATE(),108) AS hour_minute;
27/08/2021 13:40:17	SQL :SELECT CONVERT(VARCHAR(10),GETDATE(),103) AS date_time;
27/08/2021 13:40:44	Open Menu :130132
27/08/2021 13:40:44	Open DB Connection
27/08/2021 13:40:44	SQL :EXEC AuthMenu 'pramudyono hadi',130132;
27/08/2021 13:40:44	Form Check :VehicleInsuranceList
27/08/2021 13:40:44	Open DB Connection
27/08/2021 13:40:44	SQL :EXEC GetCompanyLocationList
27/08/2021 13:40:44	SQL :EXEC GetGroup 2;
27/08/2021 13:40:44	Open DB Connection
27/08/2021 13:40:44	SQL :EXEC GetInsuranceList 6,@CompanyId=2;
27/08/2021 13:40:45	Form Open: VehicleList=BUS,FormRequest=
27/08/2021 13:40:45	Open DB Connection
27/08/2021 13:40:45	SQL :EXEC GetInsuranceIssuer
27/08/2021 13:40:45	SQL :EXEC GetCompanyLocationList
27/08/2021 13:40:45	Open DB Connection
27/08/2021 13:40:45	SQL :EX27/08/2021 13:47:42	Get Local Settings
27/08/2021 13:47:42	Start Change Local Settings
27/08/2021 13:47:42	Change short date format
27/08/2021 13:47:42	Change Long date format
27/08/2021 13:47:42	Finish Change Local Settings
27/08/2021 13:47:42	Registry Read: Path=SOFTWARE\WEHA\Aplikasi\3
27/08/2021 13:47:42	Registry Read/Write
27/08/2021 13:47:42	Registry Read: Path=SOFTWARE\WEHA\Aplikasi\3
27/08/2021 13:47:42	Create DB Object
27/08/2021 13:47:42	Init DB
27/08/2021 13:47:42	Finish Init DB
27/08/2021 13:47:42	Get File Version
27/08/2021 13:47:42	Change  Caption
27/08/2021 13:47:42	Init Shortkey
27/08/2021 13:47:43	Create DB Object
27/08/2021 13:47:43	Init DB
27/08/2021 13:47:43	Finish Init DB
27/08/2021 13:47:45	Update new version check
27/08/2021 13:47:45	Open DB Connection
27/08/2021 13:47:45	SQL :
27/08/2021 13:47:45	Update check version
27/08/2021 13:47:45	Open DB Connection
27/08/2021 13:47:45	SQL :SELECT version FROM wh_application WHERE application_id=(SELECT MAX(application_id) FROM wh_application);
27/08/2021 13:47:45	Start Login
27/08/2021 13:47:45	Open DB Connection
27/08/2021 13:47:45	SQL :EXEC AuthenticateUser 'pramudyono hadi','6f2b8366efa56f0c06dd6b31fcff8a73';
27/08/2021 13:47:46	SQL :INSERT INTO wh_log (user_id,app_date,app_version,app_version_svr,location_id,company_id,department_id,host_name,ip_address)  VALUES ('pramudyono hadi','27/08/2021','6.1.3.14','6.1.3.13',6,2,13,'DESKTOP-S1PD9OD','192.168.25.214');
27/08/2021 13:47:46	Open DB Connection
27/08/2021 13:47:46	SQL :EXEC GetUserMenu 'pramudyono hadi';
27/08/2021 13:47:46	SQL :EXEC GetUserSubMenu 'pramudyono hadi','11';
27/08/2021 13:47:46	SQL :EXEC GetUserTreeMenu 'pramudyono hadi','1101',@CompanyId=2;
27/08/2021 13:47:46	SQL :EXEC GetUserTreeMenu 'pramudyono hadi','1102',@CompanyId=2;
27/08/2021 13:47:46	SQL :EXEC GetUserTreeMenu 'pramudyono hadi','1103',@CompanyId=2;
27/08/2021 13:47:46	SQL :EXEC GetUserTreeMenu 'pramudyono hadi','1104',@CompanyId=2;
27/08/2021 13:47:46	SQL :EXEC GetUserTreeMenu 'pramudyono hadi','1105',@CompanyId=2;
27/08/2021 13:47:46	SQL :EXEC GetUserTreeMenu 'pramudyono hadi','1106',@CompanyId=2;
27/08/2021 13:47:46	SQL :EXEC GetUserTreeMenu 'pramudyono hadi','1107',@CompanyId=2;
27/08/2021 13:47:46	SQL :EXEC GetUserTreeMenu 'pramudyono hadi','1108',@CompanyId=2;
27/08/2021 13:47:46	SQL :EXEC GetUserTreeMenu 'pramudyono hadi','1109',@CompanyId=2;
27/08/2021 13:47:46	SQL :EXEC GetUserTreeMenu 'pramudyono hadi','1110',@CompanyId=2;
27/08/2021 13:47:46	SQL :EXEC GetUserTreeMenu 'pramudyono hadi','1111',@CompanyId=2;
27/08/2021 13:47:46	SQL :EXEC GetUserTreeMenu 'pramudyono hadi','1112',@CompanyId=2;
27/08/2021 13:47:46	SQL :EXEC GetUserTreeMenu 'pramudyono hadi','1113',@CompanyId=2;
27/08/2021 13:47:46	SQL :EXEC GetUserTreeMenu 'pramudyono hadi','1114',@CompanyId=2;
27/08/2021 13:47:46	SQL :EXEC GetUserTreeMenu 'pramudyono hadi','1115',@CompanyId=2;
27/08/2021 13:47:46	SQL :EXEC GetUserTreeMenu 'pramudyono hadi','1116',@CompanyId=2;
27/08/2021 13:47:46	SQL :EXEC GetUserTreeMenu 'pramudyono hadi','1117',@CompanyId=2;
27/08/2021 13:47:46	SQL :EXEC GetUserTreeMenu 'pramudyono hadi','1198',@CompanyId=2;
27/08/2021 13:47:46	SQL :EXEC GetUserTreeMenu 'pramudyono hadi','1199',@CompanyId=2;
27/08/2021 13:47:46	SQL :EXEC GetUserSubMenu 'pramudyono hadi','12';
27/08/2021 13:47:46	SQL :EXEC GetUserTreeMenu 'pramudyono hadi','1201',@CompanyId=2;
27/08/2021 13:47:46	SQL :EXEC GetUserTreeMenu 'pramudyono hadi','1202',@CompanyId=2;
27/08/2021 13:47:46	SQL :EXEC GetUserTreeMenu 'pramudyono hadi','1203',@CompanyId=2;
27/08/2021 13:47:46	SQL :EXEC GetUserTreeMenu 'pramudyono hadi','1204',@CompanyId=2;
27/08/2021 13:47:46	SQL :EXEC GetUserTreeMenu 'pramudyono hadi','1205',@CompanyId=2;
27/08/2021 13:47:46	SQL :EXEC GetUserTreeMenu 'pramudyono hadi','1206',@CompanyId=2;
27/08/2021 13:47:46	SQL :EXEC GetUserTreeMenu 'pramudyono hadi','1207',@CompanyId=2;
27/08/2021 13:47:46	SQL :EXEC GetUserSubMenu 'pramudyono hadi','13';
27/08/2021 13:47:46	SQL :EXEC GetUserTreeMenu 'pramudyono hadi','1301',@CompanyId=2;
27/08/2021 13:47:46	SQL :EXEC GetUserTreeMenu 'pramudyono hadi','1302',@CompanyId=2;
27/08/2021 13:47:46	SQL :EXEC GetUserTreeMenu 'pramudyono hadi','1303',@CompanyId=2;
27/08/2021 13:47:46	SQL :EXEC GetUserTreeMenu 'pramudyono hadi','1304',@CompanyId=2;
27/08/2021 13:47:46	SQL :EXEC GetUserTreeMenu 'pramudyono hadi','1305',@CompanyId=2;
27/08/2021 13:47:46	SQL :EXEC GetUserTreeMenu 'pramudyono hadi','1306',@CompanyId=2;
27/08/2021 13:47:46	SQL :EXEC GetUserTreeMenu 'pramudyono hadi','1307',@CompanyId=2;
27/08/2021 13:47:46	SQL :EXEC GetUserTreeMenu 'pramudyono hadi','1308',@CompanyId=2;
27/08/2021 13:47:46	SQL :EXEC GetUserTreeMenu 'pramudyono hadi','1309',@CompanyId=2;
27/08/2021 13:47:46	SQL :EXEC GetUserTreeMenu 'pramudyono hadi','1310',@CompanyId=2;
27/08/2021 13:47:46	SQL :EXEC GetUserTreeMenu 'pramudyono hadi','1311',@CompanyId=2;
27/08/2021 13:47:46	SQL :EXEC GetUserTreeMenu 'pramudyono hadi','1312',@CompanyId=2;
27/08/2021 13:47:46	SQL :EXEC GetUserTreeMenu 'pramudyono hadi','1313',@CompanyId=2;
27/08/2021 13:47:46	SQL :EXEC GetUserTreeMenu 'pramudyono hadi','1314',@CompanyId=2;
27/08/2021 13:47:46	SQL :EXEC GetUserTreeMenu 'pramudyono hadi','1315',@CompanyId=2;
27/08/2021 13:47:46	SQL :EXEC GetUserTreeMenu 'pramudyono hadi','1316',@CompanyId=2;
27/08/2021 13:47:46	SQL :EXEC GetUserTreeMenu 'pramudyono hadi','1317',@CompanyId=2;
27/08/2021 13:47:46	SQL :EXEC GetUserTreeMenu 'pramudyono hadi','1318',@CompanyId=2;
27/08/2021 13:47:46	SQL :EXEC GetUserTreeMenu 'pramudyono hadi','1319',@CompanyId=2;
27/08/2021 13:47:46	SQL :EXEC GetUserTreeMenu 'pramudyono hadi','1320',@CompanyId=2;
27/08/2021 13:47:46	SQL :EXEC GetUserTreeMenu 'pramudyono hadi','1321',@CompanyId=2;
27/08/2021 13:47:46	SQL :EXEC GetUserSubMenu 'pramudyono hadi','14';
27/08/2021 13:47:46	SQL :EXEC GetUserTreeMenu 'pramudyono hadi','1401',@CompanyId=2;
27/08/2021 13:47:46	SQL :EXEC GetUserTreeMenu 'pramudyono hadi','1402',@CompanyId=2;
27/08/2021 13:47:46	SQL :EXEC GetUserTreeMenu 'pramudyono hadi','1403',@CompanyId=2;
27/08/2021 13:47:46	SQL :EXEC GetUserTreeMenu 'pramudyono hadi','1404',@CompanyId=2;
27/08/2021 13:47:46	SQL :EXEC GetUserTreeMenu 'pramudyono hadi','1406',@CompanyId=2;
27/08/2021 13:47:46	SQL :EXEC GetUserTreeMenu 'pramudyono hadi','1408',@CompanyId=2;
27/08/2021 13:47:46	SQL :EXEC GetUserTreeMenu 'pramudyono hadi','1410',@CompanyId=2;
27/08/2021 13:47:46	SQL :EXEC GetUserTreeMenu 'pramudyono hadi','1411',@CompanyId=2;
27/08/2021 13:47:46	SQL :EXEC GetUserTreeMenu 'pramudyono hadi','1412',@CompanyId=2;
27/08/2021 13:47:46	SQL :EXEC GetUserTreeMenu 'pramudyono hadi','1413',@CompanyId=2;
27/08/2021 13:47:46	SQL :EXEC GetUserTreeMenu 'pramudyono hadi','1414',@CompanyId=2;
27/08/2021 13:47:46	SQL :EXEC GetUserSubMenu 'pramudyono hadi','15';
27/08/2021 13:47:46	SQL :EXEC GetUserTreeMenu 'pramudyono hadi','1501',@CompanyId=2;
27/08/2021 13:47:46	SQL :EXEC GetUserTreeMenu 'pramudyono hadi','1502',@CompanyId=2;
27/08/2021 13:47:46	SQL :EXEC GetUserTreeMenu 'pramudyono hadi','1503',@CompanyId=2;
27/08/2021 13:47:46	SQL :EXEC GetUserTreeMenu 'pramudyono hadi','1504',@CompanyId=2;
27/08/2021 13:47:46	SQL :EXEC GetUserTreeMenu 'pramudyono hadi','1505',@CompanyId=2;
27/08/2021 13:47:46	SQL :EXEC GetUserTreeMenu 'pramudyono hadi','1506',@CompanyId=2;
27/08/2021 13:47:46	SQL :EXEC GetUserTreeMenu 'pramudyono hadi','1507',@CompanyId=2;
27/08/2021 13:47:46	SQL :EXEC GetUserTreeMenu 'pramudyono hadi','1508',@CompanyId=2;
27/08/2021 13:47:46	SQL :EXEC GetUserTreeMenu 'pramudyono hadi','1509',@CompanyId=2;
27/08/2021 13:47:46	SQL :EXEC GetUserTreeMenu 'pramudyono hadi','1510',@CompanyId=2;
27/08/2021 13:47:46	SQL :EXEC GetUserTreeMenu 'pramudyono hadi','1511',@CompanyId=2;
27/08/2021 13:47:46	SQL :EXEC GetUserSubMenu 'pramudyono hadi','16';
27/08/2021 13:47:46	SQL :EXEC GetUserTreeMenu 'pramudyono hadi','1601',@CompanyId=2;
27/08/2021 13:47:46	SQL :EXEC GetUserTreeMenu 'pramudyono hadi','1602',@CompanyId=2;
27/08/2021 13:47:46	SQL :EXEC GetUserTreeMenu 'pramudyono hadi','1603',@CompanyId=2;
27/08/2021 13:47:46	SQL :EXEC GetUserTreeMenu 'pramudyono hadi','1604',@CompanyId=2;
27/08/2021 13:47:46	SQL :EXEC GetUserTreeMenu 'pramudyono hadi','1605',@CompanyId=2;
27/08/2021 13:47:46	SQL :EXEC GetUserTreeMenu 'pramudyono hadi','1606',@CompanyId=2;
27/08/2021 13:47:46	SQL :EXEC GetUserTreeMenu 'pramudyono hadi','1607',@CompanyId=2;
27/08/2021 13:47:46	SQL :EXEC GetUserTreeMenu 'pramudyono hadi','1608',@CompanyId=2;
27/08/2021 13:47:46	SQL :EXEC GetUserTreeMenu 'pramudyono hadi','1609',@CompanyId=2;
27/08/2021 13:47:46	SQL :EXEC GetUserTreeMenu 'pramudyono hadi','1610',@CompanyId=2;
27/08/2021 13:47:46	SQL :EXEC GetUserTreeMenu 'pramudyono hadi','1611',@CompanyId=2;
27/08/2021 13:47:46	SQL :EXEC GetUserTreeMenu 'pramudyono hadi','1612',@CompanyId=2;
27/08/2021 13:47:46	SQL :EXEC GetUserTreeMenu 'pramudyono hadi','1613',@CompanyId=2;
27/08/2021 13:47:46	SQL :EXEC GetUserTreeMenu 'pramudyono hadi','1614',@CompanyId=2;
27/08/2021 13:47:46	SQL :EXEC GetUserTreeMenu 'pramudyono hadi','1615',@CompanyId=2;
27/08/2021 13:47:46	SQL :EXEC GetUserTreeMenu 'pramudyono hadi','1616',@CompanyId=2;
27/08/2021 13:47:46	SQL :EXEC GetUserTreeMenu 'pramudyono hadi','1619',@CompanyId=2;
27/08/2021 13:47:46	SQL :EXEC GetUserTreeMenu 'pramudyono hadi','1620',@CompanyId=2;
27/08/2021 13:47:46	SQL :EXEC GetUserSubMenu 'pramudyono hadi','17';
27/08/2021 13:47:46	SQL :EXEC GetUserTreeMenu 'pramudyono hadi','1701',@CompanyId=2;
27/08/2021 13:47:46	SQL :EXEC GetUserTreeMenu 'pramudyono hadi','1702',@CompanyId=2;
27/08/2021 13:47:46	SQL :EXEC GetUserTreeMenu 'pramudyono hadi','1703',@CompanyId=2;
27/08/2021 13:47:47	SQL :EXEC GetUserTreeMenu 'pramudyono hadi','1704',@CompanyId=2;
27/08/2021 13:47:47	SQL :EXEC GetUserTreeMenu 'pramudyono hadi','1705',@CompanyId=2;
27/08/2021 13:47:47	SQL :EXEC GetUserTreeMenu 'pramudyono hadi','1706',@CompanyId=2;
27/08/2021 13:47:47	SQL :EXEC GetUserTreeMenu 'pramudyono hadi','1707',@CompanyId=2;
27/08/2021 13:47:47	SQL :EXEC GetUserTreeMenu 'pramudyono hadi','1708',@CompanyId=2;
27/08/2021 13:47:47	SQL :EXEC GetUserTreeMenu 'pramudyono hadi','1709',@CompanyId=2;
27/08/2021 13:47:47	SQL :EXEC GetUserTreeMenu 'pramudyono hadi','1710',@CompanyId=2;
27/08/2021 13:47:47	SQL :EXEC GetUserTreeMenu 'pramudyono hadi','1711',@CompanyId=2;
27/08/2021 13:47:47	SQL :EXEC GetUserTreeMenu 'pramudyono hadi','1712',@CompanyId=2;
27/08/2021 13:47:47	SQL :EXEC GetUserTreeMenu 'pramudyono hadi','1713',@CompanyId=2;
27/08/2021 13:47:47	SQL :EXEC GetUserTreeMenu 'pramudyono hadi','1714',@CompanyId=2;
27/08/2021 13:47:47	SQL :EXEC GetUserTreeMenu 'pramudyono hadi','1715',@CompanyId=2;
27/08/2021 13:47:47	SQL :EXEC GetUserTreeMenu 'pramudyono hadi','1716',@CompanyId=2;
27/08/2021 13:47:47	SQL :EXEC GetUserTreeMenu 'pramudyono hadi','1717',@CompanyId=2;
27/08/2021 13:47:47	SQL :EXEC GetUserSubMenu 'pramudyono hadi','18';
27/08/2021 13:47:47	SQL :EXEC GetUserTreeMenu 'pramudyono hadi','1801',@CompanyId=2;
27/08/2021 13:47:47	SQL :EXEC GetUserSubMenu 'pramudyono hadi','19';
27/08/2021 13:47:47	SQL :EXEC GetUserTreeMenu 'pramudyono hadi','1901',@CompanyId=2;
27/08/2021 13:47:47	SQL :EXEC GetUserTreeMenu 'pramudyono hadi','1902',@CompanyId=2;
27/08/2021 13:47:47	SQL :EXEC GetUserTreeMenu 'pramudyono hadi','1903',@CompanyId=2;
27/08/2021 13:47:47	SQL :EXEC GetUserTreeMenu 'pramudyono hadi','1904',@CompanyId=2;
27/08/2021 13:47:47	SQL :EXEC GetUserTreeMenu 'pramudyono hadi','1905',@CompanyId=2;
27/08/2021 13:47:47	SQL :EXEC GetUserTreeMenu 'pramudyono hadi','1906',@CompanyId=2;
27/08/2021 13:47:47	SQL :EXEC GetUserTreeMenu 'pramudyono hadi','1907',@CompanyId=2;
27/08/2021 13:47:47	SQL :EXEC GetUserTreeMenu 'pramudyono hadi','1908',@CompanyId=2;
27/08/2021 13:47:47	SQL :EXEC GetUserTreeMenu 'pramudyono hadi','1909',@CompanyId=2;
27/08/2021 13:47:47	SQL :EXEC GetUserTreeMenu 'pramudyono hadi','1910',@CompanyId=2;
27/08/2021 13:47:47	SQL :EXEC GetUserTreeMenu 'pramudyono hadi','1911',@CompanyId=2;
27/08/2021 13:47:47	SQL :EXEC GetUserTreeMenu 'pramudyono hadi','1912',@CompanyId=2;
27/08/2021 13:47:47	SQL :SELECT CONVERT(VARCHAR(8),GETDATE(),108) AS hour_minute;
27/08/2021 13:47:47	SQL :SELECT CONVERT(VARCHAR(10),GETDATE(),103) AS date_time;
27/08/2021 13:47:47	Loading Setting
27/08/2021 13:47:47	Open DB Connection
27/08/2021 13:47:47	SQL :SELECT * FROM wh_setting WHERE setting_name='Hold_Less_Deposit';
27/08/2021 13:47:47	SQL :SELECT * FROM wh_setting WHERE setting_name='Max_Less_Deposit';
27/08/2021 13:47:47	SQL :SELECT * FROM wh_setting WHERE setting_name='Dashboard_2';
27/08/2021 13:47:47	Finish Logging
27/08/2021 13:47:47	SQL :SELECT value_string FROM wh_setting WHERE (setting_name='Interval_CheckInDate') AND (active=1);
27/08/2021 13:47:47	SQL :SELECT value_string FROM wh_setting WHERE (setting_name='Interval_CheckInTime') AND (active=1);
27/08/2021 13:47:47	SQL :SELECT value_string FROM wh_setting WHERE (setting_name='ChatEnable') and (active=1);
27/08/2021 13:47:48	Message:Port Check
27/08/2021 13:47:48	Message:Open DB Connection
27/08/2021 13:47:48	SQL :EXEC GetMessage '01','pramudyono hadi';
27/08/2021 13:47:48	SQL :SELECT CONVERT(VARCHAR(8),GETDATE(),108) AS hour_minute;
27/08/2021 13:47:48	SQL :SELECT CONVERT(VARCHAR(10),GETDATE(),103) AS date_time;
27/08/2021 13:47:51	Open Menu :130132
27/08/2021 13:47:51	Open DB Connection
27/08/2021 13:47:51	SQL :EXEC AuthMenu 'pramudyono hadi',130132;
27/08/2021 13:47:51	Form Check :VehicleInsuranceList
27/08/2021 13:47:51	Open DB Connection
27/08/2021 13:47:51	SQL :EXEC GetCompanyLocationList
27/08/2021 13:47:51	SQL :EXEC GetGroup 2;
27/08/2021 13:47:51	Open DB Connection
27/08/2021 13:47:51	SQL :EXEC GetInsuranceList 6,@CompanyId=2;
27/08/2021 13:47:52	Form Open: VehicleList=BUS,FormRequest=
27/08/2021 13:47:52	Open DB Connection
27/08/2021 13:47:52	SQL :EXEC GetInsuranceIssuer
27/08/2021 13:47:52	SQL :EXEC GetCompanyLocationList
27/08/2021 13:47:52	Open DB Connection
27/08/2021 13:47:52	SQL :EX27/08/2021 13:49:10	Get Local Settings
27/08/2021 13:49:10	Start Change Local Settings
27/08/2021 13:49:10	Change short date format
27/08/2021 13:49:10	Change Long date format
27/08/2021 13:49:10	Finish Change Local Settings
27/08/2021 13:49:10	Registry Read: Path=SOFTWARE\WEHA\Aplikasi\3
27/08/2021 13:49:10	Registry Read/Write
27/08/2021 13:49:10	Registry Read: Path=SOFTWARE\WEHA\Aplikasi\3
27/08/2021 13:49:10	Create DB Object
27/08/2021 13:49:10	Init DB
27/08/2021 13:49:10	Finish Init DB
27/08/2021 13:49:10	Get File Version
27/08/2021 13:49:10	Change  Caption
27/08/2021 13:49:10	Init Shortkey
27/08/2021 13:49:12	Create DB Object
27/08/2021 13:49:12	Init DB
27/08/2021 13:49:12	Finish Init DB
27/08/2021 13:49:14	Update new version check
27/08/2021 13:49:14	Open DB Connection
27/08/2021 13:49:14	SQL :
27/08/2021 13:49:14	Update check version
27/08/2021 13:49:14	Open DB Connection
27/08/2021 13:49:14	SQL :SELECT version FROM wh_application WHERE application_id=(SELECT MAX(application_id) FROM wh_application);
27/08/2021 13:49:14	Start Login
27/08/2021 13:49:14	Open DB Connection
27/08/2021 13:49:14	SQL :EXEC AuthenticateUser 'pramudyono hadi','6f2b8366efa56f0c06dd6b31fcff8a73';
27/08/2021 13:49:14	SQL :INSERT INTO wh_log (user_id,app_date,app_version,app_version_svr,location_id,company_id,department_id,host_name,ip_address)  VALUES ('pramudyono hadi','27/08/2021','6.1.3.14','6.1.3.13',6,2,13,'DESKTOP-S1PD9OD','192.168.25.214');
27/08/2021 13:49:14	Open DB Connection
27/08/2021 13:49:14	SQL :EXEC GetUserMenu 'pramudyono hadi';
27/08/2021 13:49:14	SQL :EXEC GetUserSubMenu 'pramudyono hadi','11';
27/08/2021 13:49:14	SQL :EXEC GetUserTreeMenu 'pramudyono hadi','1101',@CompanyId=2;
27/08/2021 13:49:14	SQL :EXEC GetUserTreeMenu 'pramudyono hadi','1102',@CompanyId=2;
27/08/2021 13:49:14	SQL :EXEC GetUserTreeMenu 'pramudyono hadi','1103',@CompanyId=2;
27/08/2021 13:49:14	SQL :EXEC GetUserTreeMenu 'pramudyono hadi','1104',@CompanyId=2;
27/08/2021 13:49:14	SQL :EXEC GetUserTreeMenu 'pramudyono hadi','1105',@CompanyId=2;
27/08/2021 13:49:14	SQL :EXEC GetUserTreeMenu 'pramudyono hadi','1106',@CompanyId=2;
27/08/2021 13:49:14	SQL :EXEC GetUserTreeMenu 'pramudyono hadi','1107',@CompanyId=2;
27/08/2021 13:49:14	SQL :EXEC GetUserTreeMenu 'pramudyono hadi','1108',@CompanyId=2;
27/08/2021 13:49:14	SQL :EXEC GetUserTreeMenu 'pramudyono hadi','1109',@CompanyId=2;
27/08/2021 13:49:14	SQL :EXEC GetUserTreeMenu 'pramudyono hadi','1110',@CompanyId=2;
27/08/2021 13:49:14	SQL :EXEC GetUserTreeMenu 'pramudyono hadi','1111',@CompanyId=2;
27/08/2021 13:49:14	SQL :EXEC GetUserTreeMenu 'pramudyono hadi','1112',@CompanyId=2;
27/08/2021 13:49:14	SQL :EXEC GetUserTreeMenu 'pramudyono hadi','1113',@CompanyId=2;
27/08/2021 13:49:14	SQL :EXEC GetUserTreeMenu 'pramudyono hadi','1114',@CompanyId=2;
27/08/2021 13:49:14	SQL :EXEC GetUserTreeMenu 'pramudyono hadi','1115',@CompanyId=2;
27/08/2021 13:49:15	SQL :EXEC GetUserTreeMenu 'pramudyono hadi','1116',@CompanyId=2;
27/08/2021 13:49:15	SQL :EXEC GetUserTreeMenu 'pramudyono hadi','1117',@CompanyId=2;
27/08/2021 13:49:15	SQL :EXEC GetUserTreeMenu 'pramudyono hadi','1198',@CompanyId=2;
27/08/2021 13:49:15	SQL :EXEC GetUserTreeMenu 'pramudyono hadi','1199',@CompanyId=2;
27/08/2021 13:49:15	SQL :EXEC GetUserSubMenu 'pramudyono hadi','12';
27/08/2021 13:49:15	SQL :EXEC GetUserTreeMenu 'pramudyono hadi','1201',@CompanyId=2;
27/08/2021 13:49:15	SQL :EXEC GetUserTreeMenu 'pramudyono hadi','1202',@CompanyId=2;
27/08/2021 13:49:15	SQL :EXEC GetUserTreeMenu 'pramudyono hadi','1203',@CompanyId=2;
27/08/2021 13:49:15	SQL :EXEC GetUserTreeMenu 'pramudyono hadi','1204',@CompanyId=2;
27/08/2021 13:49:15	SQL :EXEC GetUserTreeMenu 'pramudyono hadi','1205',@CompanyId=2;
27/08/2021 13:49:15	SQL :EXEC GetUserTreeMenu 'pramudyono hadi','1206',@CompanyId=2;
27/08/2021 13:49:15	SQL :EXEC GetUserTreeMenu 'pramudyono hadi','1207',@CompanyId=2;
27/08/2021 13:49:15	SQL :EXEC GetUserSubMenu 'pramudyono hadi','13';
27/08/2021 13:49:15	SQL :EXEC GetUserTreeMenu 'pramudyono hadi','1301',@CompanyId=2;
27/08/2021 13:49:15	SQL :EXEC GetUserTreeMenu 'pramudyono hadi','1302',@CompanyId=2;
27/08/2021 13:49:15	SQL :EXEC GetUserTreeMenu 'pramudyono hadi','1303',@CompanyId=2;
27/08/2021 13:49:15	SQL :EXEC GetUserTreeMenu 'pramudyono hadi','1304',@CompanyId=2;
27/08/2021 13:49:15	SQL :EXEC GetUserTreeMenu 'pramudyono hadi','1305',@CompanyId=2;
27/08/2021 13:49:15	SQL :EXEC GetUserTreeMenu 'pramudyono hadi','1306',@CompanyId=2;
27/08/2021 13:49:15	SQL :EXEC GetUserTreeMenu 'pramudyono hadi','1307',@CompanyId=2;
27/08/2021 13:49:15	SQL :EXEC GetUserTreeMenu 'pramudyono hadi','1308',@CompanyId=2;
27/08/2021 13:49:15	SQL :EXEC GetUserTreeMenu 'pramudyono hadi','1309',@CompanyId=2;
27/08/2021 13:49:15	SQL :EXEC GetUserTreeMenu 'pramudyono hadi','1310',@CompanyId=2;
27/08/2021 13:49:15	SQL :EXEC GetUserTreeMenu 'pramudyono hadi','1311',@CompanyId=2;
27/08/2021 13:49:15	SQL :EXEC GetUserTreeMenu 'pramudyono hadi','1312',@CompanyId=2;
27/08/2021 13:49:15	SQL :EXEC GetUserTreeMenu 'pramudyono hadi','1313',@CompanyId=2;
27/08/2021 13:49:15	SQL :EXEC GetUserTreeMenu 'pramudyono hadi','1314',@CompanyId=2;
27/08/2021 13:49:15	SQL :EXEC GetUserTreeMenu 'pramudyono hadi','1315',@CompanyId=2;
27/08/2021 13:49:15	SQL :EXEC GetUserTreeMenu 'pramudyono hadi','1316',@CompanyId=2;
27/08/2021 13:49:15	SQL :EXEC GetUserTreeMenu 'pramudyono hadi','1317',@CompanyId=2;
27/08/2021 13:49:15	SQL :EXEC GetUserTreeMenu 'pramudyono hadi','1318',@CompanyId=2;
27/08/2021 13:49:15	SQL :EXEC GetUserTreeMenu 'pramudyono hadi','1319',@CompanyId=2;
27/08/2021 13:49:15	SQL :EXEC GetUserTreeMenu 'pramudyono hadi','1320',@CompanyId=2;
27/08/2021 13:49:15	SQL :EXEC GetUserTreeMenu 'pramudyono hadi','1321',@CompanyId=2;
27/08/2021 13:49:15	SQL :EXEC GetUserSubMenu 'pramudyono hadi','14';
27/08/2021 13:49:15	SQL :EXEC GetUserTreeMenu 'pramudyono hadi','1401',@CompanyId=2;
27/08/2021 13:49:15	SQL :EXEC GetUserTreeMenu 'pramudyono hadi','1402',@CompanyId=2;
27/08/2021 13:49:15	SQL :EXEC GetUserTreeMenu 'pramudyono hadi','1403',@CompanyId=2;
27/08/2021 13:49:15	SQL :EXEC GetUserTreeMenu 'pramudyono hadi','1404',@CompanyId=2;
27/08/2021 13:49:15	SQL :EXEC GetUserTreeMenu 'pramudyono hadi','1406',@CompanyId=2;
27/08/2021 13:49:15	SQL :EXEC GetUserTreeMenu 'pramudyono hadi','1408',@CompanyId=2;
27/08/2021 13:49:15	SQL :EXEC GetUserTreeMenu 'pramudyono hadi','1410',@CompanyId=2;
27/08/2021 13:49:15	SQL :EXEC GetUserTreeMenu 'pramudyono hadi','1411',@CompanyId=2;
27/08/2021 13:49:15	SQL :EXEC GetUserTreeMenu 'pramudyono hadi','1412',@CompanyId=2;
27/08/2021 13:49:15	SQL :EXEC GetUserTreeMenu 'pramudyono hadi','1413',@CompanyId=2;
27/08/2021 13:49:15	SQL :EXEC GetUserTreeMenu 'pramudyono hadi','1414',@CompanyId=2;
27/08/2021 13:49:15	SQL :EXEC GetUserSubMenu 'pramudyono hadi','15';
27/08/2021 13:49:15	SQL :EXEC GetUserTreeMenu 'pramudyono hadi','1501',@CompanyId=2;
27/08/2021 13:49:15	SQL :EXEC GetUserTreeMenu 'pramudyono hadi','1502',@CompanyId=2;
27/08/2021 13:49:15	SQL :EXEC GetUserTreeMenu 'pramudyono hadi','1503',@CompanyId=2;
27/08/2021 13:49:15	SQL :EXEC GetUserTreeMenu 'pramudyono hadi','1504',@CompanyId=2;
27/08/2021 13:49:15	SQL :EXEC GetUserTreeMenu 'pramudyono hadi','1505',@CompanyId=2;
27/08/2021 13:49:15	SQL :EXEC GetUserTreeMenu 'pramudyono hadi','1506',@CompanyId=2;
27/08/2021 13:49:15	SQL :EXEC GetUserTreeMenu 'pramudyono hadi','1507',@CompanyId=2;
27/08/2021 13:49:15	SQL :EXEC GetUserTreeMenu 'pramudyono hadi','1508',@CompanyId=2;
27/08/2021 13:49:15	SQL :EXEC GetUserTreeMenu 'pramudyono hadi','1509',@CompanyId=2;
27/08/2021 13:49:15	SQL :EXEC GetUserTreeMenu 'pramudyono hadi','1510',@CompanyId=2;
27/08/2021 13:49:15	SQL :EXEC GetUserTreeMenu 'pramudyono hadi','1511',@CompanyId=2;
27/08/2021 13:49:15	SQL :EXEC GetUserSubMenu 'pramudyono hadi','16';
27/08/2021 13:49:15	SQL :EXEC GetUserTreeMenu 'pramudyono hadi','1601',@CompanyId=2;
27/08/2021 13:49:15	SQL :EXEC GetUserTreeMenu 'pramudyono hadi','1602',@CompanyId=2;
27/08/2021 13:49:15	SQL :EXEC GetUserTreeMenu 'pramudyono hadi','1603',@CompanyId=2;
27/08/2021 13:49:15	SQL :EXEC GetUserTreeMenu 'pramudyono hadi','1604',@CompanyId=2;
27/08/2021 13:49:15	SQL :EXEC GetUserTreeMenu 'pramudyono hadi','1605',@CompanyId=2;
27/08/2021 13:49:15	SQL :EXEC GetUserTreeMenu 'pramudyono hadi','1606',@CompanyId=2;
27/08/2021 13:49:15	SQL :EXEC GetUserTreeMenu 'pramudyono hadi','1607',@CompanyId=2;
27/08/2021 13:49:15	SQL :EXEC GetUserTreeMenu 'pramudyono hadi','1608',@CompanyId=2;
27/08/2021 13:49:15	SQL :EXEC GetUserTreeMenu 'pramudyono hadi','1609',@CompanyId=2;
27/08/2021 13:49:15	SQL :EXEC GetUserTreeMenu 'pramudyono hadi','1610',@CompanyId=2;
27/08/2021 13:49:15	SQL :EXEC GetUserTreeMenu 'pramudyono hadi','1611',@CompanyId=2;
27/08/2021 13:49:15	SQL :EXEC GetUserTreeMenu 'pramudyono hadi','1612',@CompanyId=2;
27/08/2021 13:49:15	SQL :EXEC GetUserTreeMenu 'pramudyono hadi','1613',@CompanyId=2;
27/08/2021 13:49:15	SQL :EXEC GetUserTreeMenu 'pramudyono hadi','1614',@CompanyId=2;
27/08/2021 13:49:15	SQL :EXEC GetUserTreeMenu 'pramudyono hadi','1615',@CompanyId=2;
27/08/2021 13:49:15	SQL :EXEC GetUserTreeMenu 'pramudyono hadi','1616',@CompanyId=2;
27/08/2021 13:49:15	SQL :EXEC GetUserTreeMenu 'pramudyono hadi','1619',@CompanyId=2;
27/08/2021 13:49:15	SQL :EXEC GetUserTreeMenu 'pramudyono hadi','1620',@CompanyId=2;
27/08/2021 13:49:15	SQL :EXEC GetUserSubMenu 'pramudyono hadi','17';
27/08/2021 13:49:15	SQL :EXEC GetUserTreeMenu 'pramudyono hadi','1701',@CompanyId=2;
27/08/2021 13:49:15	SQL :EXEC GetUserTreeMenu 'pramudyono hadi','1702',@CompanyId=2;
27/08/2021 13:49:15	SQL :EXEC GetUserTreeMenu 'pramudyono hadi','1703',@CompanyId=2;
27/08/2021 13:49:15	SQL :EXEC GetUserTreeMenu 'pramudyono hadi','1704',@CompanyId=2;
27/08/2021 13:49:15	SQL :EXEC GetUserTreeMenu 'pramudyono hadi','1705',@CompanyId=2;
27/08/2021 13:49:15	SQL :EXEC GetUserTreeMenu 'pramudyono hadi','1706',@CompanyId=2;
27/08/2021 13:49:15	SQL :EXEC GetUserTreeMenu 'pramudyono hadi','1707',@CompanyId=2;
27/08/2021 13:49:15	SQL :EXEC GetUserTreeMenu 'pramudyono hadi','1708',@CompanyId=2;
27/08/2021 13:49:15	SQL :EXEC GetUserTreeMenu 'pramudyono hadi','1709',@CompanyId=2;
27/08/2021 13:49:15	SQL :EXEC GetUserTreeMenu 'pramudyono hadi','1710',@CompanyId=2;
27/08/2021 13:49:15	SQL :EXEC GetUserTreeMenu 'pramudyono hadi','1711',@CompanyId=2;
27/08/2021 13:49:15	SQL :EXEC GetUserTreeMenu 'pramudyono hadi','1712',@CompanyId=2;
27/08/2021 13:49:15	SQL :EXEC GetUserTreeMenu 'pramudyono hadi','1713',@CompanyId=2;
27/08/2021 13:49:15	SQL :EXEC GetUserTreeMenu 'pramudyono hadi','1714',@CompanyId=2;
27/08/2021 13:49:15	SQL :EXEC GetUserTreeMenu 'pramudyono hadi','1715',@CompanyId=2;
27/08/2021 13:49:15	SQL :EXEC GetUserTreeMenu 'pramudyono hadi','1716',@CompanyId=2;
27/08/2021 13:49:15	SQL :EXEC GetUserTreeMenu 'pramudyono hadi','1717',@CompanyId=2;
27/08/2021 13:49:15	SQL :EXEC GetUserSubMenu 'pramudyono hadi','18';
27/08/2021 13:49:15	SQL :EXEC GetUserTreeMenu 'pramudyono hadi','1801',@CompanyId=2;
27/08/2021 13:49:15	SQL :EXEC GetUserSubMenu 'pramudyono hadi','19';
27/08/2021 13:49:16	SQL :EXEC GetUserTreeMenu 'pramudyono hadi','1901',@CompanyId=2;
27/08/2021 13:49:16	SQL :EXEC GetUserTreeMenu 'pramudyono hadi','1902',@CompanyId=2;
27/08/2021 13:49:16	SQL :EXEC GetUserTreeMenu 'pramudyono hadi','1903',@CompanyId=2;
27/08/2021 13:49:16	SQL :EXEC GetUserTreeMenu 'pramudyono hadi','1904',@CompanyId=2;
27/08/2021 13:49:16	SQL :EXEC GetUserTreeMenu 'pramudyono hadi','1905',@CompanyId=2;
27/08/2021 13:49:16	SQL :EXEC GetUserTreeMenu 'pramudyono hadi','1906',@CompanyId=2;
27/08/2021 13:49:16	SQL :EXEC GetUserTreeMenu 'pramudyono hadi','1907',@CompanyId=2;
27/08/2021 13:49:16	SQL :EXEC GetUserTreeMenu 'pramudyono hadi','1908',@CompanyId=2;
27/08/2021 13:49:16	SQL :EXEC GetUserTreeMenu 'pramudyono hadi','1909',@CompanyId=2;
27/08/2021 13:49:16	SQL :EXEC GetUserTreeMenu 'pramudyono hadi','1910',@CompanyId=2;
27/08/2021 13:49:16	SQL :EXEC GetUserTreeMenu 'pramudyono hadi','1911',@CompanyId=2;
27/08/2021 13:49:16	SQL :EXEC GetUserTreeMenu 'pramudyono hadi','1912',@CompanyId=2;
27/08/2021 13:49:16	SQL :SELECT CONVERT(VARCHAR(8),GETDATE(),108) AS hour_minute;
27/08/2021 13:49:16	SQL :SELECT CONVERT(VARCHAR(10),GETDATE(),103) AS date_time;
27/08/2021 13:49:16	Loading Setting
27/08/2021 13:49:16	Open DB Connection
27/08/2021 13:49:16	SQL :SELECT * FROM wh_setting WHERE setting_name='Hold_Less_Deposit';
27/08/2021 13:49:16	SQL :SELECT * FROM wh_setting WHERE setting_name='Max_Less_Deposit';
27/08/2021 13:49:16	SQL :SELECT * FROM wh_setting WHERE setting_name='Dashboard_2';
27/08/2021 13:49:16	Finish Logging
27/08/2021 13:49:16	SQL :SELECT value_string FROM wh_setting WHERE (setting_name='Interval_CheckInDate') AND (active=1);
27/08/2021 13:49:16	SQL :SELECT value_string FROM wh_setting WHERE (setting_name='Interval_CheckInTime') AND (active=1);
27/08/2021 13:49:16	SQL :SELECT value_string FROM wh_setting WHERE (setting_name='ChatEnable') and (active=1);
27/08/2021 13:49:17	Message:Port Check
27/08/2021 13:49:17	Message:Open DB Connection
27/08/2021 13:49:17	SQL :EXEC GetMessage '01','pramudyono hadi';
27/08/2021 13:49:17	SQL :SELECT CONVERT(VARCHAR(8),GETDATE(),108) AS hour_minute;
27/08/2021 13:49:17	SQL :SELECT CONVERT(VARCHAR(10),GETDATE(),103) AS date_time;
27/08/2021 13:49:20	Open Menu :130132
27/08/2021 13:49:20	Open DB Connection
27/08/2021 13:49:20	SQL :EXEC AuthMenu 'pramudyono hadi',130132;
27/08/2021 13:49:20	Form Check :VehicleInsuranceList
27/08/2021 13:49:20	Open DB Connection
27/08/2021 13:49:20	SQL :EXEC GetCompanyLocationList
27/08/2021 13:49:20	SQL :EXEC GetGroup 2;
27/08/2021 13:49:20	Open DB Connection
27/08/2021 13:49:20	SQL :EXEC GetInsuranceList 6,@CompanyId=2;
27/08/2021 13:49:22	Form Open: VehicleList=BUS,FormRequest=
27/08/2021 13:49:22	Open DB Connection
27/08/2021 13:49:22	SQL :EXEC GetInsuranceIssuer
27/08/2021 13:49:22	SQL :EXEC GetCompanyLocationList
27/08/2021 13:49:22	Open DB Connection
27/08/2021 13:49:22	SQL :EXEC GetVhcList 6,0,@CompanyId=2;
27/08/2021 13:49:22	Open DB Connection
27/08/2021 13:49:24	SQL :EXEC GetInsuranceDetail 'INSRB21080002';
27/08/2021 13:49:37	Form Open: VehicleList=BUS,FormRequest=
27/08/2021 13:49:37	Open DB Connection
27/08/2021 13:49:37	SQL :EXEC GetInsuranceIssuer
27/08/2021 13:49:37	SQL :EXEC GetCompanyLocationList
27/08/2021 13:49:37	Open DB Connection
27/08/2021 13:49:37	SQL :EXEC GetVhcList 6,0,@CompanyId=2;
27/08/2021 13:49:37	Open DB Connection
27/08/2021 13:49:40	SQL :EX27/08/2021 13:58:34	Get Local Settings
27/08/2021 13:58:34	Start Change Local Settings
27/08/2021 13:58:34	Change short date format
27/08/2021 13:58:34	Change Long date format
27/08/2021 13:58:34	Finish Change Local Settings
27/08/2021 13:58:34	Registry Read: Path=SOFTWARE\WEHA\Aplikasi\3
27/08/2021 13:58:34	Registry Read/Write
27/08/2021 13:58:34	Registry Read: Path=SOFTWARE\WEHA\Aplikasi\3
27/08/2021 13:58:34	Create DB Object
27/08/2021 13:58:34	Init DB
27/08/2021 13:58:34	Finish Init DB
27/08/2021 13:58:34	Get File Version
27/08/2021 13:58:34	Change  Caption
27/08/2021 13:58:34	Init Shortkey
27/08/2021 13:58:36	Create DB Object
27/08/2021 13:58:36	Init DB
27/08/2021 13:58:36	Finish Init DB
27/08/2021 13:58:38	Update new version check
27/08/2021 13:58:38	Open DB Connection
27/08/2021 13:58:38	SQL :
27/08/2021 13:58:38	Update check version
27/08/2021 13:58:38	Open DB Connection
27/08/2021 13:58:38	SQL :SELECT version FROM wh_application WHERE application_id=(SELECT MAX(application_id) FROM wh_application);
27/08/2021 13:58:38	Start Login
27/08/2021 13:58:38	Open DB Connection
27/08/2021 13:58:38	SQL :EXEC AuthenticateUser 'pramudyono hadi','6f2b8366efa56f0c06dd6b31fcff8a73';
27/08/2021 13:58:39	SQL :INSERT INTO wh_log (user_id,app_date,app_version,app_version_svr,location_id,company_id,department_id,host_name,ip_address)  VALUES ('pramudyono hadi','27/08/2021','6.1.3.14','6.1.3.13',6,2,13,'DESKTOP-S1PD9OD','192.168.25.214');
27/08/2021 13:58:39	Open DB Connection
27/08/2021 13:58:39	SQL :EXEC GetUserMenu 'pramudyono hadi';
27/08/2021 13:58:39	SQL :EXEC GetUserSubMenu 'pramudyono hadi','11';
27/08/2021 13:58:39	SQL :EXEC GetUserTreeMenu 'pramudyono hadi','1101',@CompanyId=2;
27/08/2021 13:58:39	SQL :EXEC GetUserTreeMenu 'pramudyono hadi','1102',@CompanyId=2;
27/08/2021 13:58:39	SQL :EXEC GetUserTreeMenu 'pramudyono hadi','1103',@CompanyId=2;
27/08/2021 13:58:39	SQL :EXEC GetUserTreeMenu 'pramudyono hadi','1104',@CompanyId=2;
27/08/2021 13:58:39	SQL :EXEC GetUserTreeMenu 'pramudyono hadi','1105',@CompanyId=2;
27/08/2021 13:58:39	SQL :EXEC GetUserTreeMenu 'pramudyono hadi','1106',@CompanyId=2;
27/08/2021 13:58:39	SQL :EXEC GetUserTreeMenu 'pramudyono hadi','1107',@CompanyId=2;
27/08/2021 13:58:39	SQL :EXEC GetUserTreeMenu 'pramudyono hadi','1108',@CompanyId=2;
27/08/2021 13:58:39	SQL :EXEC GetUserTreeMenu 'pramudyono hadi','1109',@CompanyId=2;
27/08/2021 13:58:39	SQL :EXEC GetUserTreeMenu 'pramudyono hadi','1110',@CompanyId=2;
27/08/2021 13:58:39	SQL :EXEC GetUserTreeMenu 'pramudyono hadi','1111',@CompanyId=2;
27/08/2021 13:58:39	SQL :EXEC GetUserTreeMenu 'pramudyono hadi','1112',@CompanyId=2;
27/08/2021 13:58:39	SQL :EXEC GetUserTreeMenu 'pramudyono hadi','1113',@CompanyId=2;
27/08/2021 13:58:39	SQL :EXEC GetUserTreeMenu 'pramudyono hadi','1114',@CompanyId=2;
27/08/2021 13:58:39	SQL :EXEC GetUserTreeMenu 'pramudyono hadi','1115',@CompanyId=2;
27/08/2021 13:58:39	SQL :EXEC GetUserTreeMenu 'pramudyono hadi','1116',@CompanyId=2;
27/08/2021 13:58:39	SQL :EXEC GetUserTreeMenu 'pramudyono hadi','1117',@CompanyId=2;
27/08/2021 13:58:39	SQL :EXEC GetUserTreeMenu 'pramudyono hadi','1198',@CompanyId=2;
27/08/2021 13:58:39	SQL :EXEC GetUserTreeMenu 'pramudyono hadi','1199',@CompanyId=2;
27/08/2021 13:58:39	SQL :EXEC GetUserSubMenu 'pramudyono hadi','12';
27/08/2021 13:58:39	SQL :EXEC GetUserTreeMenu 'pramudyono hadi','1201',@CompanyId=2;
27/08/2021 13:58:39	SQL :EXEC GetUserTreeMenu 'pramudyono hadi','1202',@CompanyId=2;
27/08/2021 13:58:39	SQL :EXEC GetUserTreeMenu 'pramudyono hadi','1203',@CompanyId=2;
27/08/2021 13:58:39	SQL :EXEC GetUserTreeMenu 'pramudyono hadi','1204',@CompanyId=2;
27/08/2021 13:58:39	SQL :EXEC GetUserTreeMenu 'pramudyono hadi','1205',@CompanyId=2;
27/08/2021 13:58:39	SQL :EXEC GetUserTreeMenu 'pramudyono hadi','1206',@CompanyId=2;
27/08/2021 13:58:39	SQL :EXEC GetUserTreeMenu 'pramudyono hadi','1207',@CompanyId=2;
27/08/2021 13:58:39	SQL :EXEC GetUserSubMenu 'pramudyono hadi','13';
27/08/2021 13:58:39	SQL :EXEC GetUserTreeMenu 'pramudyono hadi','1301',@CompanyId=2;
27/08/2021 13:58:39	SQL :EXEC GetUserTreeMenu 'pramudyono hadi','1302',@CompanyId=2;
27/08/2021 13:58:39	SQL :EXEC GetUserTreeMenu 'pramudyono hadi','1303',@CompanyId=2;
27/08/2021 13:58:39	SQL :EXEC GetUserTreeMenu 'pramudyono hadi','1304',@CompanyId=2;
27/08/2021 13:58:39	SQL :EXEC GetUserTreeMenu 'pramudyono hadi','1305',@CompanyId=2;
27/08/2021 13:58:39	SQL :EXEC GetUserTreeMenu 'pramudyono hadi','1306',@CompanyId=2;
27/08/2021 13:58:39	SQL :EXEC GetUserTreeMenu 'pramudyono hadi','1307',@CompanyId=2;
27/08/2021 13:58:39	SQL :EXEC GetUserTreeMenu 'pramudyono hadi','1308',@CompanyId=2;
27/08/2021 13:58:39	SQL :EXEC GetUserTreeMenu 'pramudyono hadi','1309',@CompanyId=2;
27/08/2021 13:58:39	SQL :EXEC GetUserTreeMenu 'pramudyono hadi','1310',@CompanyId=2;
27/08/2021 13:58:39	SQL :EXEC GetUserTreeMenu 'pramudyono hadi','1311',@CompanyId=2;
27/08/2021 13:58:39	SQL :EXEC GetUserTreeMenu 'pramudyono hadi','1312',@CompanyId=2;
27/08/2021 13:58:39	SQL :EXEC GetUserTreeMenu 'pramudyono hadi','1313',@CompanyId=2;
27/08/2021 13:58:39	SQL :EXEC GetUserTreeMenu 'pramudyono hadi','1314',@CompanyId=2;
27/08/2021 13:58:39	SQL :EXEC GetUserTreeMenu 'pramudyono hadi','1315',@CompanyId=2;
27/08/2021 13:58:39	SQL :EXEC GetUserTreeMenu 'pramudyono hadi','1316',@CompanyId=2;
27/08/2021 13:58:39	SQL :EXEC GetUserTreeMenu 'pramudyono hadi','1317',@CompanyId=2;
27/08/2021 13:58:39	SQL :EXEC GetUserTreeMenu 'pramudyono hadi','1318',@CompanyId=2;
27/08/2021 13:58:39	SQL :EXEC GetUserTreeMenu 'pramudyono hadi','1319',@CompanyId=2;
27/08/2021 13:58:39	SQL :EXEC GetUserTreeMenu 'pramudyono hadi','1320',@CompanyId=2;
27/08/2021 13:58:39	SQL :EXEC GetUserTreeMenu 'pramudyono hadi','1321',@CompanyId=2;
27/08/2021 13:58:39	SQL :EXEC GetUserSubMenu 'pramudyono hadi','14';
27/08/2021 13:58:39	SQL :EXEC GetUserTreeMenu 'pramudyono hadi','1401',@CompanyId=2;
27/08/2021 13:58:39	SQL :EXEC GetUserTreeMenu 'pramudyono hadi','1402',@CompanyId=2;
27/08/2021 13:58:39	SQL :EXEC GetUserTreeMenu 'pramudyono hadi','1403',@CompanyId=2;
27/08/2021 13:58:39	SQL :EXEC GetUserTreeMenu 'pramudyono hadi','1404',@CompanyId=2;
27/08/2021 13:58:39	SQL :EXEC GetUserTreeMenu 'pramudyono hadi','1406',@CompanyId=2;
27/08/2021 13:58:39	SQL :EXEC GetUserTreeMenu 'pramudyono hadi','1408',@CompanyId=2;
27/08/2021 13:58:40	SQL :EXEC GetUserTreeMenu 'pramudyono hadi','1410',@CompanyId=2;
27/08/2021 13:58:40	SQL :EXEC GetUserTreeMenu 'pramudyono hadi','1411',@CompanyId=2;
27/08/2021 13:58:40	SQL :EXEC GetUserTreeMenu 'pramudyono hadi','1412',@CompanyId=2;
27/08/2021 13:58:40	SQL :EXEC GetUserTreeMenu 'pramudyono hadi','1413',@CompanyId=2;
27/08/2021 13:58:40	SQL :EXEC GetUserTreeMenu 'pramudyono hadi','1414',@CompanyId=2;
27/08/2021 13:58:40	SQL :EXEC GetUserSubMenu 'pramudyono hadi','15';
27/08/2021 13:58:40	SQL :EXEC GetUserTreeMenu 'pramudyono hadi','1501',@CompanyId=2;
27/08/2021 13:58:40	SQL :EXEC GetUserTreeMenu 'pramudyono hadi','1502',@CompanyId=2;
27/08/2021 13:58:40	SQL :EXEC GetUserTreeMenu 'pramudyono hadi','1503',@CompanyId=2;
27/08/2021 13:58:40	SQL :EXEC GetUserTreeMenu 'pramudyono hadi','1504',@CompanyId=2;
27/08/2021 13:58:40	SQL :EXEC GetUserTreeMenu 'pramudyono hadi','1505',@CompanyId=2;
27/08/2021 13:58:40	SQL :EXEC GetUserTreeMenu 'pramudyono hadi','1506',@CompanyId=2;
27/08/2021 13:58:40	SQL :EXEC GetUserTreeMenu 'pramudyono hadi','1507',@CompanyId=2;
27/08/2021 13:58:40	SQL :EXEC GetUserTreeMenu 'pramudyono hadi','1508',@CompanyId=2;
27/08/2021 13:58:40	SQL :EXEC GetUserTreeMenu 'pramudyono hadi','1509',@CompanyId=2;
27/08/2021 13:58:40	SQL :EXEC GetUserTreeMenu 'pramudyono hadi','1510',@CompanyId=2;
27/08/2021 13:58:40	SQL :EXEC GetUserTreeMenu 'pramudyono hadi','1511',@CompanyId=2;
27/08/2021 13:58:40	SQL :EXEC GetUserSubMenu 'pramudyono hadi','16';
27/08/2021 13:58:40	SQL :EXEC GetUserTreeMenu 'pramudyono hadi','1601',@CompanyId=2;
27/08/2021 13:58:40	SQL :EXEC GetUserTreeMenu 'pramudyono hadi','1602',@CompanyId=2;
27/08/2021 13:58:40	SQL :EXEC GetUserTreeMenu 'pramudyono hadi','1603',@CompanyId=2;
27/08/2021 13:58:40	SQL :EXEC GetUserTreeMenu 'pramudyono hadi','1604',@CompanyId=2;
27/08/2021 13:58:40	SQL :EXEC GetUserTreeMenu 'pramudyono hadi','1605',@CompanyId=2;
27/08/2021 13:58:40	SQL :EXEC GetUserTreeMenu 'pramudyono hadi','1606',@CompanyId=2;
27/08/2021 13:58:40	SQL :EXEC GetUserTreeMenu 'pramudyono hadi','1607',@CompanyId=2;
27/08/2021 13:58:40	SQL :EXEC GetUserTreeMenu 'pramudyono hadi','1608',@CompanyId=2;
27/08/2021 13:58:40	SQL :EXEC GetUserTreeMenu 'pramudyono hadi','1609',@CompanyId=2;
27/08/2021 13:58:40	SQL :EXEC GetUserTreeMenu 'pramudyono hadi','1610',@CompanyId=2;
27/08/2021 13:58:40	SQL :EXEC GetUserTreeMenu 'pramudyono hadi','1611',@CompanyId=2;
27/08/2021 13:58:40	SQL :EXEC GetUserTreeMenu 'pramudyono hadi','1612',@CompanyId=2;
27/08/2021 13:58:40	SQL :EXEC GetUserTreeMenu 'pramudyono hadi','1613',@CompanyId=2;
27/08/2021 13:58:40	SQL :EXEC GetUserTreeMenu 'pramudyono hadi','1614',@CompanyId=2;
27/08/2021 13:58:40	SQL :EXEC GetUserTreeMenu 'pramudyono hadi','1615',@CompanyId=2;
27/08/2021 13:58:40	SQL :EXEC GetUserTreeMenu 'pramudyono hadi','1616',@CompanyId=2;
27/08/2021 13:58:40	SQL :EXEC GetUserTreeMenu 'pramudyono hadi','1619',@CompanyId=2;
27/08/2021 13:58:40	SQL :EXEC GetUserTreeMenu 'pramudyono hadi','1620',@CompanyId=2;
27/08/2021 13:58:40	SQL :EXEC GetUserSubMenu 'pramudyono hadi','17';
27/08/2021 13:58:40	SQL :EXEC GetUserTreeMenu 'pramudyono hadi','1701',@CompanyId=2;
27/08/2021 13:58:40	SQL :EXEC GetUserTreeMenu 'pramudyono hadi','1702',@CompanyId=2;
27/08/2021 13:58:40	SQL :EXEC GetUserTreeMenu 'pramudyono hadi','1703',@CompanyId=2;
27/08/2021 13:58:40	SQL :EXEC GetUserTreeMenu 'pramudyono hadi','1704',@CompanyId=2;
27/08/2021 13:58:40	SQL :EXEC GetUserTreeMenu 'pramudyono hadi','1705',@CompanyId=2;
27/08/2021 13:58:40	SQL :EXEC GetUserTreeMenu 'pramudyono hadi','1706',@CompanyId=2;
27/08/2021 13:58:40	SQL :EXEC GetUserTreeMenu 'pramudyono hadi','1707',@CompanyId=2;
27/08/2021 13:58:40	SQL :EXEC GetUserTreeMenu 'pramudyono hadi','1708',@CompanyId=2;
27/08/2021 13:58:40	SQL :EXEC GetUserTreeMenu 'pramudyono hadi','1709',@CompanyId=2;
27/08/2021 13:58:40	SQL :EXEC GetUserTreeMenu 'pramudyono hadi','1710',@CompanyId=2;
27/08/2021 13:58:40	SQL :EXEC GetUserTreeMenu 'pramudyono hadi','1711',@CompanyId=2;
27/08/2021 13:58:40	SQL :EXEC GetUserTreeMenu 'pramudyono hadi','1712',@CompanyId=2;
27/08/2021 13:58:40	SQL :EXEC GetUserTreeMenu 'pramudyono hadi','1713',@CompanyId=2;
27/08/2021 13:58:40	SQL :EXEC GetUserTreeMenu 'pramudyono hadi','1714',@CompanyId=2;
27/08/2021 13:58:40	SQL :EXEC GetUserTreeMenu 'pramudyono hadi','1715',@CompanyId=2;
27/08/2021 13:58:40	SQL :EXEC GetUserTreeMenu 'pramudyono hadi','1716',@CompanyId=2;
27/08/2021 13:58:40	SQL :EXEC GetUserTreeMenu 'pramudyono hadi','1717',@CompanyId=2;
27/08/2021 13:58:40	SQL :EXEC GetUserSubMenu 'pramudyono hadi','18';
27/08/2021 13:58:40	SQL :EXEC GetUserTreeMenu 'pramudyono hadi','1801',@CompanyId=2;
27/08/2021 13:58:40	SQL :EXEC GetUserSubMenu 'pramudyono hadi','19';
27/08/2021 13:58:40	SQL :EXEC GetUserTreeMenu 'pramudyono hadi','1901',@CompanyId=2;
27/08/2021 13:58:40	SQL :EXEC GetUserTreeMenu 'pramudyono hadi','1902',@CompanyId=2;
27/08/2021 13:58:40	SQL :EXEC GetUserTreeMenu 'pramudyono hadi','1903',@CompanyId=2;
27/08/2021 13:58:40	SQL :EXEC GetUserTreeMenu 'pramudyono hadi','1904',@CompanyId=2;
27/08/2021 13:58:40	SQL :EXEC GetUserTreeMenu 'pramudyono hadi','1905',@CompanyId=2;
27/08/2021 13:58:40	SQL :EXEC GetUserTreeMenu 'pramudyono hadi','1906',@CompanyId=2;
27/08/2021 13:58:40	SQL :EXEC GetUserTreeMenu 'pramudyono hadi','1907',@CompanyId=2;
27/08/2021 13:58:40	SQL :EXEC GetUserTreeMenu 'pramudyono hadi','1908',@CompanyId=2;
27/08/2021 13:58:40	SQL :EXEC GetUserTreeMenu 'pramudyono hadi','1909',@CompanyId=2;
27/08/2021 13:58:40	SQL :EXEC GetUserTreeMenu 'pramudyono hadi','1910',@CompanyId=2;
27/08/2021 13:58:40	SQL :EXEC GetUserTreeMenu 'pramudyono hadi','1911',@CompanyId=2;
27/08/2021 13:58:40	SQL :EXEC GetUserTreeMenu 'pramudyono hadi','1912',@CompanyId=2;
27/08/2021 13:58:40	SQL :SELECT CONVERT(VARCHAR(8),GETDATE(),108) AS hour_minute;
27/08/2021 13:58:40	SQL :SELECT CONVERT(VARCHAR(10),GETDATE(),103) AS date_time;
27/08/2021 13:58:40	Loading Setting
27/08/2021 13:58:40	Open DB Connection
27/08/2021 13:58:40	SQL :SELECT * FROM wh_setting WHERE setting_name='Hold_Less_Deposit';
27/08/2021 13:58:40	SQL :SELECT * FROM wh_setting WHERE setting_name='Max_Less_Deposit';
27/08/2021 13:58:40	SQL :SELECT * FROM wh_setting WHERE setting_name='Dashboard_2';
27/08/2021 13:58:40	Finish Logging
27/08/2021 13:58:40	SQL :SELECT value_string FROM wh_setting WHERE (setting_name='Interval_CheckInDate') AND (active=1);
27/08/2021 13:58:40	SQL :SELECT value_string FROM wh_setting WHERE (setting_name='Interval_CheckInTime') AND (active=1);
27/08/2021 13:58:40	SQL :SELECT value_string FROM wh_setting WHERE (setting_name='ChatEnable') and (active=1);
27/08/2021 13:58:41	Message:Port Check
27/08/2021 13:58:41	Message:Open DB Connection
27/08/2021 13:58:41	SQL :EXEC GetMessage '01','pramudyono hadi';
27/08/2021 13:58:41	SQL :SELECT CONVERT(VARCHAR(8),GETDATE(),108) AS hour_minute;
27/08/2021 13:58:41	SQL :SELECT CONVERT(VARCHAR(10),GETDATE(),103) AS date_time;
27/08/2021 13:58:43	Open Menu :130132
27/08/2021 13:58:43	Open DB Connection
27/08/2021 13:58:43	SQL :EXEC AuthMenu 'pramudyono hadi',130132;
27/08/2021 13:58:43	Form Check :VehicleInsuranceList
27/08/2021 13:58:43	Open DB Connection
27/08/2021 13:58:43	SQL :EXEC GetCompanyLocationList
27/08/2021 13:58:43	SQL :EXEC GetGroup 2;
27/08/2021 13:58:43	Open DB Connection
27/08/2021 13:58:43	SQL :EXEC GetInsuranceList 6,@CompanyId=2;
27/08/2021 13:58:45	Form Open: VehicleList=BUS,FormRequest=
27/08/2021 13:58:46	Open DB Connection
27/08/2021 13:58:46	SQL :EXEC GetInsuranceIssuer
27/08/2021 13:58:46	SQL :EXEC GetCompanyLocationList
27/08/2021 13:58:46	Open DB Connection
27/08/2021 13:58:46	SQL :EXEC GetVhcList 6,0,@CompanyId=2;
27/08/2021 13:58:46	Open DB Connection
27/08/2021 13:58:48	SQL :EXEC GetInsuranceDetail 'INSRB21080002';
27/08/2021 13:59:14	Form Open: VehicleList=BUS,FormRequest=
27/08/2021 13:59:14	Open DB Connection
27/08/2021 13:59:14	SQL :EXEC GetInsuranceIssuer
27/08/2021 13:59:14	SQL :EXEC GetCompanyLocationList
27/08/2021 13:59:14	Open DB Connection
27/08/2021 13:59:14	SQL :EXEC GetVhcList 6,0,@CompanyId=2;
27/08/2021 13:59:14	Open DB Connection
27/08/2021 13:59:14	SQL :EXEC GetInsuranceDetail 'INSRB21080002';
27/08/2021 13:59:38	Form Open: VehicleList=BUS,FormRequest=
27/08/2021 13:59:39	Open DB Connection
27/08/2021 13:59:39	SQL :EXEC GetInsuranceIssuer
27/08/2021 13:59:39	SQL :EXEC GetCompanyLocationList
27/08/2021 13:59:39	Open DB Connection
27/08/2021 13:59:39	SQL :EXEC GetVhcList 6,0,@CompanyId=2;
27/08/2021 13:59:39	Open DB Connection27/08/2021 14:00:56	Get Local Settings
27/08/2021 14:00:56	Start Change Local Settings
27/08/2021 14:00:56	Change short date format
27/08/2021 14:00:56	Change Long date format
27/08/2021 14:00:56	Finish Change Local Settings
27/08/2021 14:00:56	Registry Read: Path=SOFTWARE\WEHA\Aplikasi\3
27/08/2021 14:00:56	Registry Read/Write
27/08/2021 14:00:56	Registry Read: Path=SOFTWARE\WEHA\Aplikasi\3
27/08/2021 14:00:56	Create DB Object
27/08/2021 14:00:56	Init DB
27/08/2021 14:00:56	Finish Init DB
27/08/2021 14:00:56	Get File Version
27/08/2021 14:00:56	Change  Caption
27/08/2021 14:00:56	Init Shortkey
27/08/2021 14:00:58	Create DB Object
27/08/2021 14:00:58	Init DB
27/08/2021 14:00:58	Finish Init DB
27/08/2021 14:00:59	Update new version check
27/08/2021 14:00:59	Open DB Connection
27/08/2021 14:00:59	SQL :
27/08/2021 14:00:59	Update check version
27/08/2021 14:00:59	Open DB Connection
27/08/2021 14:00:59	SQL :SELECT version FROM wh_application WHERE application_id=(SELECT MAX(application_id) FROM wh_application);
27/08/2021 14:00:59	Start Login
27/08/2021 14:00:59	Open DB Connection
27/08/2021 14:00:59	SQL :EXEC AuthenticateUser 'pramudyono hadi','6f2b8366efa56f0c06dd6b31fcff8a73';
27/08/2021 14:00:59	SQL :INSERT INTO wh_log (user_id,app_date,app_version,app_version_svr,location_id,company_id,department_id,host_name,ip_address)  VALUES ('pramudyono hadi','27/08/2021','6.1.3.14','6.1.3.13',6,2,13,'DESKTOP-S1PD9OD','192.168.25.214');
27/08/2021 14:00:59	Open DB Connection
27/08/2021 14:00:59	SQL :EXEC GetUserMenu 'pramudyono hadi';
27/08/2021 14:00:59	SQL :EXEC GetUserSubMenu 'pramudyono hadi','11';
27/08/2021 14:00:59	SQL :EXEC GetUserTreeMenu 'pramudyono hadi','1101',@CompanyId=2;
27/08/2021 14:00:59	SQL :EXEC GetUserTreeMenu 'pramudyono hadi','1102',@CompanyId=2;
27/08/2021 14:00:59	SQL :EXEC GetUserTreeMenu 'pramudyono hadi','1103',@CompanyId=2;
27/08/2021 14:00:59	SQL :EXEC GetUserTreeMenu 'pramudyono hadi','1104',@CompanyId=2;
27/08/2021 14:00:59	SQL :EXEC GetUserTreeMenu 'pramudyono hadi','1105',@CompanyId=2;
27/08/2021 14:00:59	SQL :EXEC GetUserTreeMenu 'pramudyono hadi','1106',@CompanyId=2;
27/08/2021 14:00:59	SQL :EXEC GetUserTreeMenu 'pramudyono hadi','1107',@CompanyId=2;
27/08/2021 14:00:59	SQL :EXEC GetUserTreeMenu 'pramudyono hadi','1108',@CompanyId=2;
27/08/2021 14:00:59	SQL :EXEC GetUserTreeMenu 'pramudyono hadi','1109',@CompanyId=2;
27/08/2021 14:00:59	SQL :EXEC GetUserTreeMenu 'pramudyono hadi','1110',@CompanyId=2;
27/08/2021 14:00:59	SQL :EXEC GetUserTreeMenu 'pramudyono hadi','1111',@CompanyId=2;
27/08/2021 14:00:59	SQL :EXEC GetUserTreeMenu 'pramudyono hadi','1112',@CompanyId=2;
27/08/2021 14:00:59	SQL :EXEC GetUserTreeMenu 'pramudyono hadi','1113',@CompanyId=2;
27/08/2021 14:00:59	SQL :EXEC GetUserTreeMenu 'pramudyono hadi','1114',@CompanyId=2;
27/08/2021 14:00:59	SQL :EXEC GetUserTreeMenu 'pramudyono hadi','1115',@CompanyId=2;
27/08/2021 14:00:59	SQL :EXEC GetUserTreeMenu 'pramudyono hadi','1116',@CompanyId=2;
27/08/2021 14:00:59	SQL :EXEC GetUserTreeMenu 'pramudyono hadi','1117',@CompanyId=2;
27/08/2021 14:00:59	SQL :EXEC GetUserTreeMenu 'pramudyono hadi','1198',@CompanyId=2;
27/08/2021 14:00:59	SQL :EXEC GetUserTreeMenu 'pramudyono hadi','1199',@CompanyId=2;
27/08/2021 14:00:59	SQL :EXEC GetUserSubMenu 'pramudyono hadi','12';
27/08/2021 14:00:59	SQL :EXEC GetUserTreeMenu 'pramudyono hadi','1201',@CompanyId=2;
27/08/2021 14:00:59	SQL :EXEC GetUserTreeMenu 'pramudyono hadi','1202',@CompanyId=2;
27/08/2021 14:00:59	SQL :EXEC GetUserTreeMenu 'pramudyono hadi','1203',@CompanyId=2;
27/08/2021 14:00:59	SQL :EXEC GetUserTreeMenu 'pramudyono hadi','1204',@CompanyId=2;
27/08/2021 14:00:59	SQL :EXEC GetUserTreeMenu 'pramudyono hadi','1205',@CompanyId=2;
27/08/2021 14:00:59	SQL :EXEC GetUserTreeMenu 'pramudyono hadi','1206',@CompanyId=2;
27/08/2021 14:00:59	SQL :EXEC GetUserTreeMenu 'pramudyono hadi','1207',@CompanyId=2;
27/08/2021 14:00:59	SQL :EXEC GetUserSubMenu 'pramudyono hadi','13';
27/08/2021 14:00:59	SQL :EXEC GetUserTreeMenu 'pramudyono hadi','1301',@CompanyId=2;
27/08/2021 14:00:59	SQL :EXEC GetUserTreeMenu 'pramudyono hadi','1302',@CompanyId=2;
27/08/2021 14:00:59	SQL :EXEC GetUserTreeMenu 'pramudyono hadi','1303',@CompanyId=2;
27/08/2021 14:00:59	SQL :EXEC GetUserTreeMenu 'pramudyono hadi','1304',@CompanyId=2;
27/08/2021 14:00:59	SQL :EXEC GetUserTreeMenu 'pramudyono hadi','1305',@CompanyId=2;
27/08/2021 14:00:59	SQL :EXEC GetUserTreeMenu 'pramudyono hadi','1306',@CompanyId=2;
27/08/2021 14:00:59	SQL :EXEC GetUserTreeMenu 'pramudyono hadi','1307',@CompanyId=2;
27/08/2021 14:00:59	SQL :EXEC GetUserTreeMenu 'pramudyono hadi','1308',@CompanyId=2;
27/08/2021 14:00:59	SQL :EXEC GetUserTreeMenu 'pramudyono hadi','1309',@CompanyId=2;
27/08/2021 14:00:59	SQL :EXEC GetUserTreeMenu 'pramudyono hadi','1310',@CompanyId=2;
27/08/2021 14:00:59	SQL :EXEC GetUserTreeMenu 'pramudyono hadi','1311',@CompanyId=2;
27/08/2021 14:00:59	SQL :EXEC GetUserTreeMenu 'pramudyono hadi','1312',@CompanyId=2;
27/08/2021 14:00:59	SQL :EXEC GetUserTreeMenu 'pramudyono hadi','1313',@CompanyId=2;
27/08/2021 14:00:59	SQL :EXEC GetUserTreeMenu 'pramudyono hadi','1314',@CompanyId=2;
27/08/2021 14:00:59	SQL :EXEC GetUserTreeMenu 'pramudyono hadi','1315',@CompanyId=2;
27/08/2021 14:00:59	SQL :EXEC GetUserTreeMenu 'pramudyono hadi','1316',@CompanyId=2;
27/08/2021 14:00:59	SQL :EXEC GetUserTreeMenu 'pramudyono hadi','1317',@CompanyId=2;
27/08/2021 14:00:59	SQL :EXEC GetUserTreeMenu 'pramudyono hadi','1318',@CompanyId=2;
27/08/2021 14:00:59	SQL :EXEC GetUserTreeMenu 'pramudyono hadi','1319',@CompanyId=2;
27/08/2021 14:00:59	SQL :EXEC GetUserTreeMenu 'pramudyono hadi','1320',@CompanyId=2;
27/08/2021 14:00:59	SQL :EXEC GetUserTreeMenu 'pramudyono hadi','1321',@CompanyId=2;
27/08/2021 14:00:59	SQL :EXEC GetUserSubMenu 'pramudyono hadi','14';
27/08/2021 14:00:59	SQL :EXEC GetUserTreeMenu 'pramudyono hadi','1401',@CompanyId=2;
27/08/2021 14:01:00	SQL :EXEC GetUserTreeMenu 'pramudyono hadi','1402',@CompanyId=2;
27/08/2021 14:01:00	SQL :EXEC GetUserTreeMenu 'pramudyono hadi','1403',@CompanyId=2;
27/08/2021 14:01:00	SQL :EXEC GetUserTreeMenu 'pramudyono hadi','1404',@CompanyId=2;
27/08/2021 14:01:00	SQL :EXEC GetUserTreeMenu 'pramudyono hadi','1406',@CompanyId=2;
27/08/2021 14:01:00	SQL :EXEC GetUserTreeMenu 'pramudyono hadi','1408',@CompanyId=2;
27/08/2021 14:01:00	SQL :EXEC GetUserTreeMenu 'pramudyono hadi','1410',@CompanyId=2;
27/08/2021 14:01:00	SQL :EXEC GetUserTreeMenu 'pramudyono hadi','1411',@CompanyId=2;
27/08/2021 14:01:00	SQL :EXEC GetUserTreeMenu 'pramudyono hadi','1412',@CompanyId=2;
27/08/2021 14:01:00	SQL :EXEC GetUserTreeMenu 'pramudyono hadi','1413',@CompanyId=2;
27/08/2021 14:01:00	SQL :EXEC GetUserTreeMenu 'pramudyono hadi','1414',@CompanyId=2;
27/08/2021 14:01:00	SQL :EXEC GetUserSubMenu 'pramudyono hadi','15';
27/08/2021 14:01:00	SQL :EXEC GetUserTreeMenu 'pramudyono hadi','1501',@CompanyId=2;
27/08/2021 14:01:00	SQL :EXEC GetUserTreeMenu 'pramudyono hadi','1502',@CompanyId=2;
27/08/2021 14:01:00	SQL :EXEC GetUserTreeMenu 'pramudyono hadi','1503',@CompanyId=2;
27/08/2021 14:01:00	SQL :EXEC GetUserTreeMenu 'pramudyono hadi','1504',@CompanyId=2;
27/08/2021 14:01:00	SQL :EXEC GetUserTreeMenu 'pramudyono hadi','1505',@CompanyId=2;
27/08/2021 14:01:00	SQL :EXEC GetUserTreeMenu 'pramudyono hadi','1506',@CompanyId=2;
27/08/2021 14:01:00	SQL :EXEC GetUserTreeMenu 'pramudyono hadi','1507',@CompanyId=2;
27/08/2021 14:01:00	SQL :EXEC GetUserTreeMenu 'pramudyono hadi','1508',@CompanyId=2;
27/08/2021 14:01:00	SQL :EXEC GetUserTreeMenu 'pramudyono hadi','1509',@CompanyId=2;
27/08/2021 14:01:00	SQL :EXEC GetUserTreeMenu 'pramudyono hadi','1510',@CompanyId=2;
27/08/2021 14:01:00	SQL :EXEC GetUserTreeMenu 'pramudyono hadi','1511',@CompanyId=2;
27/08/2021 14:01:00	SQL :EXEC GetUserSubMenu 'pramudyono hadi','16';
27/08/2021 14:01:00	SQL :EXEC GetUserTreeMenu 'pramudyono hadi','1601',@CompanyId=2;
27/08/2021 14:01:00	SQL :EXEC GetUserTreeMenu 'pramudyono hadi','1602',@CompanyId=2;
27/08/2021 14:01:00	SQL :EXEC GetUserTreeMenu 'pramudyono hadi','1603',@CompanyId=2;
27/08/2021 14:01:00	SQL :EXEC GetUserTreeMenu 'pramudyono hadi','1604',@CompanyId=2;
27/08/2021 14:01:00	SQL :EXEC GetUserTreeMenu 'pramudyono hadi','1605',@CompanyId=2;
27/08/2021 14:01:00	SQL :EXEC GetUserTreeMenu 'pramudyono hadi','1606',@CompanyId=2;
27/08/2021 14:01:00	SQL :EXEC GetUserTreeMenu 'pramudyono hadi','1607',@CompanyId=2;
27/08/2021 14:01:00	SQL :EXEC GetUserTreeMenu 'pramudyono hadi','1608',@CompanyId=2;
27/08/2021 14:01:00	SQL :EXEC GetUserTreeMenu 'pramudyono hadi','1609',@CompanyId=2;
27/08/2021 14:01:00	SQL :EXEC GetUserTreeMenu 'pramudyono hadi','1610',@CompanyId=2;
27/08/2021 14:01:00	SQL :EXEC GetUserTreeMenu 'pramudyono hadi','1611',@CompanyId=2;
27/08/2021 14:01:00	SQL :EXEC GetUserTreeMenu 'pramudyono hadi','1612',@CompanyId=2;
27/08/2021 14:01:00	SQL :EXEC GetUserTreeMenu 'pramudyono hadi','1613',@CompanyId=2;
27/08/2021 14:01:00	SQL :EXEC GetUserTreeMenu 'pramudyono hadi','1614',@CompanyId=2;
27/08/2021 14:01:00	SQL :EXEC GetUserTreeMenu 'pramudyono hadi','1615',@CompanyId=2;
27/08/2021 14:01:00	SQL :EXEC GetUserTreeMenu 'pramudyono hadi','1616',@CompanyId=2;
27/08/2021 14:01:00	SQL :EXEC GetUserTreeMenu 'pramudyono hadi','1619',@CompanyId=2;
27/08/2021 14:01:00	SQL :EXEC GetUserTreeMenu 'pramudyono hadi','1620',@CompanyId=2;
27/08/2021 14:01:00	SQL :EXEC GetUserSubMenu 'pramudyono hadi','17';
27/08/2021 14:01:00	SQL :EXEC GetUserTreeMenu 'pramudyono hadi','1701',@CompanyId=2;
27/08/2021 14:01:00	SQL :EXEC GetUserTreeMenu 'pramudyono hadi','1702',@CompanyId=2;
27/08/2021 14:01:00	SQL :EXEC GetUserTreeMenu 'pramudyono hadi','1703',@CompanyId=2;
27/08/2021 14:01:00	SQL :EXEC GetUserTreeMenu 'pramudyono hadi','1704',@CompanyId=2;
27/08/2021 14:01:00	SQL :EXEC GetUserTreeMenu 'pramudyono hadi','1705',@CompanyId=2;
27/08/2021 14:01:00	SQL :EXEC GetUserTreeMenu 'pramudyono hadi','1706',@CompanyId=2;
27/08/2021 14:01:00	SQL :EXEC GetUserTreeMenu 'pramudyono hadi','1707',@CompanyId=2;
27/08/2021 14:01:00	SQL :EXEC GetUserTreeMenu 'pramudyono hadi','1708',@CompanyId=2;
27/08/2021 14:01:00	SQL :EXEC GetUserTreeMenu 'pramudyono hadi','1709',@CompanyId=2;
27/08/2021 14:01:00	SQL :EXEC GetUserTreeMenu 'pramudyono hadi','1710',@CompanyId=2;
27/08/2021 14:01:00	SQL :EXEC GetUserTreeMenu 'pramudyono hadi','1711',@CompanyId=2;
27/08/2021 14:01:00	SQL :EXEC GetUserTreeMenu 'pramudyono hadi','1712',@CompanyId=2;
27/08/2021 14:01:00	SQL :EXEC GetUserTreeMenu 'pramudyono hadi','1713',@CompanyId=2;
27/08/2021 14:01:00	SQL :EXEC GetUserTreeMenu 'pramudyono hadi','1714',@CompanyId=2;
27/08/2021 14:01:00	SQL :EXEC GetUserTreeMenu 'pramudyono hadi','1715',@CompanyId=2;
27/08/2021 14:01:00	SQL :EXEC GetUserTreeMenu 'pramudyono hadi','1716',@CompanyId=2;
27/08/2021 14:01:00	SQL :EXEC GetUserTreeMenu 'pramudyono hadi','1717',@CompanyId=2;
27/08/2021 14:01:00	SQL :EXEC GetUserSubMenu 'pramudyono hadi','18';
27/08/2021 14:01:00	SQL :EXEC GetUserTreeMenu 'pramudyono hadi','1801',@CompanyId=2;
27/08/2021 14:01:00	SQL :EXEC GetUserSubMenu 'pramudyono hadi','19';
27/08/2021 14:01:00	SQL :EXEC GetUserTreeMenu 'pramudyono hadi','1901',@CompanyId=2;
27/08/2021 14:01:00	SQL :EXEC GetUserTreeMenu 'pramudyono hadi','1902',@CompanyId=2;
27/08/2021 14:01:00	SQL :EXEC GetUserTreeMenu 'pramudyono hadi','1903',@CompanyId=2;
27/08/2021 14:01:00	SQL :EXEC GetUserTreeMenu 'pramudyono hadi','1904',@CompanyId=2;
27/08/2021 14:01:00	SQL :EXEC GetUserTreeMenu 'pramudyono hadi','1905',@CompanyId=2;
27/08/2021 14:01:00	SQL :EXEC GetUserTreeMenu 'pramudyono hadi','1906',@CompanyId=2;
27/08/2021 14:01:00	SQL :EXEC GetUserTreeMenu 'pramudyono hadi','1907',@CompanyId=2;
27/08/2021 14:01:00	SQL :EXEC GetUserTreeMenu 'pramudyono hadi','1908',@CompanyId=2;
27/08/2021 14:01:01	SQL :EXEC GetUserTreeMenu 'pramudyono hadi','1909',@CompanyId=2;
27/08/2021 14:01:01	SQL :EXEC GetUserTreeMenu 'pramudyono hadi','1910',@CompanyId=2;
27/08/2021 14:01:01	SQL :EXEC GetUserTreeMenu 'pramudyono hadi','1911',@CompanyId=2;
27/08/2021 14:01:01	SQL :EXEC GetUserTreeMenu 'pramudyono hadi','1912',@CompanyId=2;
27/08/2021 14:01:01	SQL :SELECT CONVERT(VARCHAR(8),GETDATE(),108) AS hour_minute;
27/08/2021 14:01:01	SQL :SELECT CONVERT(VARCHAR(10),GETDATE(),103) AS date_time;
27/08/2021 14:01:01	Loading Setting
27/08/2021 14:01:01	Open DB Connection
27/08/2021 14:01:01	SQL :SELECT * FROM wh_setting WHERE setting_name='Hold_Less_Deposit';
27/08/2021 14:01:01	SQL :SELECT * FROM wh_setting WHERE setting_name='Max_Less_Deposit';
27/08/2021 14:01:01	SQL :SELECT * FROM wh_setting WHERE setting_name='Dashboard_2';
27/08/2021 14:01:01	Finish Logging
27/08/2021 14:01:01	SQL :SELECT value_string FROM wh_setting WHERE (setting_name='Interval_CheckInDate') AND (active=1);
27/08/2021 14:01:01	SQL :SELECT value_string FROM wh_setting WHERE (setting_name='Interval_CheckInTime') AND (active=1);
27/08/2021 14:01:01	SQL :SELECT value_string FROM wh_setting WHERE (setting_name='ChatEnable') and (active=1);
27/08/2021 14:01:02	Message:Port Check
27/08/2021 14:01:02	Message:Open DB Connection
27/08/2021 14:01:02	SQL :EXEC GetMessage '01','pramudyono hadi';
27/08/2021 14:01:02	SQL :SELECT CONVERT(VARCHAR(8),GETDATE(),108) AS hour_minute;
27/08/2021 14:01:02	SQL :SELECT CONVERT(VARCHAR(10),GETDATE(),103) AS date_time;
27/08/2021 14:01:05	Open Menu :130132
27/08/2021 14:01:05	Open DB Connection
27/08/2021 14:01:05	SQL :EXEC AuthMenu 'pramudyono hadi',130132;
27/08/2021 14:01:05	Form Check :VehicleInsuranceList
27/08/2021 14:01:05	Open DB Connection
27/08/2021 14:01:05	SQL :EXEC GetCompanyLocationList
27/08/2021 14:01:05	SQL :EXEC GetGroup 2;
27/08/2021 14:01:05	Open DB Connection
27/08/2021 14:01:05	SQL :EXEC GetInsuranceList 6,@CompanyId=2;
27/08/2021 14:01:06	Form Open: VehicleList=BUS,FormRequest=
27/08/2021 14:01:06	Open DB Connection
27/08/2021 14:01:06	SQL :EXEC GetInsuranceIssuer
27/08/2021 14:01:06	SQL :EXEC GetCompanyLocationList
27/08/2021 14:01:06	Open DB Connection
27/08/2021 14:01:06	SQL :EXEC GetVhcList 6,0,@CompanyId=2;
27/08/2021 14:01:06	Open DB Connection
27/08/2021 14:01:06	SQL :EXEC GetInsuranceDetail 'INSRB21080002';
27/08/2021 14:01:10	Form Open: VehicleList=BUS,FormRequest=
27/08/2021 14:01:10	Open DB Connection
27/08/2021 14:01:10	SQL :EXEC GetInsuranceIssuer
27/08/2021 14:01:10	SQL :EXEC GetCompanyLocationList
27/08/2021 14:01:10	Open DB Connection
27/08/2021 14:01:10	SQL :EXEC GetVhcList 6,0,@CompanyId=2;
27/08/2021 14:01:10	Open DB Connection
27/08/2021 14:01:10	SQL :EX27/08/2021 14:20:02	Get Local Settings
27/08/2021 14:20:02	Start Change Local Settings
27/08/2021 14:20:02	Change short date format
27/08/2021 14:20:02	Change Long date format
27/08/2021 14:20:02	Finish Change Local Settings
27/08/2021 14:20:02	Registry Read: Path=SOFTWARE\WEHA\Aplikasi\3
27/08/2021 14:20:02	Registry Read/Write
27/08/2021 14:20:02	Registry Read: Path=SOFTWARE\WEHA\Aplikasi\3
27/08/2021 14:20:02	Create DB Object
27/08/2021 14:20:02	Init DB
27/08/2021 14:20:02	Finish Init DB
27/08/2021 14:20:02	Get File Version
27/08/2021 14:20:02	Change  Caption
27/08/2021 14:20:02	Init Shortkey
27/08/2021 14:20:44	Create DB Object
27/08/2021 14:20:44	Init DB
27/08/2021 14:20:44	Finish Init DB
27/08/2021 14:20:45	Update new version check
27/08/2021 14:20:45	Open DB Connection
27/08/2021 14:20:46	SQL :
27/08/2021 14:20:46	Update check version
27/08/2021 14:20:46	Open DB Connection
27/08/2021 14:20:46	SQL :SELECT version FROM wh_application WHERE application_id=(SELECT MAX(application_id) FROM wh_application);
27/08/2021 14:20:46	Start Login
27/08/2021 14:20:46	Open DB Connection
27/08/2021 14:20:46	SQL :EXEC AuthenticateUser 'pramudyono hadi','6f2b8366efa56f0c06dd6b31fcff8a73';
27/08/2021 14:20:46	SQL :INSERT INTO wh_log (user_id,app_date,app_version,app_version_svr,location_id,company_id,department_id,host_name,ip_address)  VALUES ('pramudyono hadi','27/08/2021','6.1.3.14','6.1.3.13',6,2,13,'DESKTOP-S1PD9OD','192.168.25.214');
27/08/2021 14:20:46	Open DB Connection
27/08/2021 14:20:46	SQL :EXEC GetUserMenu 'pramudyono hadi';
27/08/2021 14:20:46	SQL :EXEC GetUserSubMenu 'pramudyono hadi','11';
27/08/2021 14:20:46	SQL :EXEC GetUserTreeMenu 'pramudyono hadi','1101',@CompanyId=2;
27/08/2021 14:20:46	SQL :EXEC GetUserTreeMenu 'pramudyono hadi','1102',@CompanyId=2;
27/08/2021 14:20:46	SQL :EXEC GetUserTreeMenu 'pramudyono hadi','1103',@CompanyId=2;
27/08/2021 14:20:46	SQL :EXEC GetUserTreeMenu 'pramudyono hadi','1104',@CompanyId=2;
27/08/2021 14:20:46	SQL :EXEC GetUserTreeMenu 'pramudyono hadi','1105',@CompanyId=2;
27/08/2021 14:20:46	SQL :EXEC GetUserTreeMenu 'pramudyono hadi','1106',@CompanyId=2;
27/08/2021 14:20:46	SQL :EXEC GetUserTreeMenu 'pramudyono hadi','1107',@CompanyId=2;
27/08/2021 14:20:46	SQL :EXEC GetUserTreeMenu 'pramudyono hadi','1108',@CompanyId=2;
27/08/2021 14:20:46	SQL :EXEC GetUserTreeMenu 'pramudyono hadi','1109',@CompanyId=2;
27/08/2021 14:20:46	SQL :EXEC GetUserTreeMenu 'pramudyono hadi','1110',@CompanyId=2;
27/08/2021 14:20:46	SQL :EXEC GetUserTreeMenu 'pramudyono hadi','1111',@CompanyId=2;
27/08/2021 14:20:46	SQL :EXEC GetUserTreeMenu 'pramudyono hadi','1112',@CompanyId=2;
27/08/2021 14:20:46	SQL :EXEC GetUserTreeMenu 'pramudyono hadi','1113',@CompanyId=2;
27/08/2021 14:20:46	SQL :EXEC GetUserTreeMenu 'pramudyono hadi','1114',@CompanyId=2;
27/08/2021 14:20:46	SQL :EXEC GetUserTreeMenu 'pramudyono hadi','1115',@CompanyId=2;
27/08/2021 14:20:46	SQL :EXEC GetUserTreeMenu 'pramudyono hadi','1116',@CompanyId=2;
27/08/2021 14:20:46	SQL :EXEC GetUserTreeMenu 'pramudyono hadi','1117',@CompanyId=2;
27/08/2021 14:20:46	SQL :EXEC GetUserTreeMenu 'pramudyono hadi','1198',@CompanyId=2;
27/08/2021 14:20:46	SQL :EXEC GetUserTreeMenu 'pramudyono hadi','1199',@CompanyId=2;
27/08/2021 14:20:46	SQL :EXEC GetUserSubMenu 'pramudyono hadi','12';
27/08/2021 14:20:46	SQL :EXEC GetUserTreeMenu 'pramudyono hadi','1201',@CompanyId=2;
27/08/2021 14:20:46	SQL :EXEC GetUserTreeMenu 'pramudyono hadi','1202',@CompanyId=2;
27/08/2021 14:20:46	SQL :EXEC GetUserTreeMenu 'pramudyono hadi','1203',@CompanyId=2;
27/08/2021 14:20:46	SQL :EXEC GetUserTreeMenu 'pramudyono hadi','1204',@CompanyId=2;
27/08/2021 14:20:46	SQL :EXEC GetUserTreeMenu 'pramudyono hadi','1205',@CompanyId=2;
27/08/2021 14:20:46	SQL :EXEC GetUserTreeMenu 'pramudyono hadi','1206',@CompanyId=2;
27/08/2021 14:20:46	SQL :EXEC GetUserTreeMenu 'pramudyono hadi','1207',@CompanyId=2;
27/08/2021 14:20:46	SQL :EXEC GetUserSubMenu 'pramudyono hadi','13';
27/08/2021 14:20:46	SQL :EXEC GetUserTreeMenu 'pramudyono hadi','1301',@CompanyId=2;
27/08/2021 14:20:46	SQL :EXEC GetUserTreeMenu 'pramudyono hadi','1302',@CompanyId=2;
27/08/2021 14:20:46	SQL :EXEC GetUserTreeMenu 'pramudyono hadi','1303',@CompanyId=2;
27/08/2021 14:20:46	SQL :EXEC GetUserTreeMenu 'pramudyono hadi','1304',@CompanyId=2;
27/08/2021 14:20:46	SQL :EXEC GetUserTreeMenu 'pramudyono hadi','1305',@CompanyId=2;
27/08/2021 14:20:46	SQL :EXEC GetUserTreeMenu 'pramudyono hadi','1306',@CompanyId=2;
27/08/2021 14:20:46	SQL :EXEC GetUserTreeMenu 'pramudyono hadi','1307',@CompanyId=2;
27/08/2021 14:20:46	SQL :EXEC GetUserTreeMenu 'pramudyono hadi','1308',@CompanyId=2;
27/08/2021 14:20:46	SQL :EXEC GetUserTreeMenu 'pramudyono hadi','1309',@CompanyId=2;
27/08/2021 14:20:46	SQL :EXEC GetUserTreeMenu 'pramudyono hadi','1310',@CompanyId=2;
27/08/2021 14:20:46	SQL :EXEC GetUserTreeMenu 'pramudyono hadi','1311',@CompanyId=2;
27/08/2021 14:20:46	SQL :EXEC GetUserTreeMenu 'pramudyono hadi','1312',@CompanyId=2;
27/08/2021 14:20:46	SQL :EXEC GetUserTreeMenu 'pramudyono hadi','1313',@CompanyId=2;
27/08/2021 14:20:46	SQL :EXEC GetUserTreeMenu 'pramudyono hadi','1314',@CompanyId=2;
27/08/2021 14:20:46	SQL :EXEC GetUserTreeMenu 'pramudyono hadi','1315',@CompanyId=2;
27/08/2021 14:20:46	SQL :EXEC GetUserTreeMenu 'pramudyono hadi','1316',@CompanyId=2;
27/08/2021 14:20:46	SQL :EXEC GetUserTreeMenu 'pramudyono hadi','1317',@CompanyId=2;
27/08/2021 14:20:46	SQL :EXEC GetUserTreeMenu 'pramudyono hadi','1318',@CompanyId=2;
27/08/2021 14:20:46	SQL :EXEC GetUserTreeMenu 'pramudyono hadi','1319',@CompanyId=2;
27/08/2021 14:20:46	SQL :EXEC GetUserTreeMenu 'pramudyono hadi','1320',@CompanyId=2;
27/08/2021 14:20:46	SQL :EXEC GetUserTreeMenu 'pramudyono hadi','1321',@CompanyId=2;
27/08/2021 14:20:46	SQL :EXEC GetUserSubMenu 'pramudyono hadi','14';
27/08/2021 14:20:46	SQL :EXEC GetUserTreeMenu 'pramudyono hadi','1401',@CompanyId=2;
27/08/2021 14:20:46	SQL :EXEC GetUserTreeMenu 'pramudyono hadi','1402',@CompanyId=2;
27/08/2021 14:20:46	SQL :EXEC GetUserTreeMenu 'pramudyono hadi','1403',@CompanyId=2;
27/08/2021 14:20:46	SQL :EXEC GetUserTreeMenu 'pramudyono hadi','1404',@CompanyId=2;
27/08/2021 14:20:46	SQL :EXEC GetUserTreeMenu 'pramudyono hadi','1406',@CompanyId=2;
27/08/2021 14:20:46	SQL :EXEC GetUserTreeMenu 'pramudyono hadi','1408',@CompanyId=2;
27/08/2021 14:20:46	SQL :EXEC GetUserTreeMenu 'pramudyono hadi','1410',@CompanyId=2;
27/08/2021 14:20:46	SQL :EXEC GetUserTreeMenu 'pramudyono hadi','1411',@CompanyId=2;
27/08/2021 14:20:46	SQL :EXEC GetUserTreeMenu 'pramudyono hadi','1412',@CompanyId=2;
27/08/2021 14:20:46	SQL :EXEC GetUserTreeMenu 'pramudyono hadi','1413',@CompanyId=2;
27/08/2021 14:20:46	SQL :EXEC GetUserTreeMenu 'pramudyono hadi','1414',@CompanyId=2;
27/08/2021 14:20:46	SQL :EXEC GetUserSubMenu 'pramudyono hadi','15';
27/08/2021 14:20:46	SQL :EXEC GetUserTreeMenu 'pramudyono hadi','1501',@CompanyId=2;
27/08/2021 14:20:46	SQL :EXEC GetUserTreeMenu 'pramudyono hadi','1502',@CompanyId=2;
27/08/2021 14:20:46	SQL :EXEC GetUserTreeMenu 'pramudyono hadi','1503',@CompanyId=2;
27/08/2021 14:20:47	SQL :EXEC GetUserTreeMenu 'pramudyono hadi','1504',@CompanyId=2;
27/08/2021 14:20:47	SQL :EXEC GetUserTreeMenu 'pramudyono hadi','1505',@CompanyId=2;
27/08/2021 14:20:47	SQL :EXEC GetUserTreeMenu 'pramudyono hadi','1506',@CompanyId=2;
27/08/2021 14:20:47	SQL :EXEC GetUserTreeMenu 'pramudyono hadi','1507',@CompanyId=2;
27/08/2021 14:20:47	SQL :EXEC GetUserTreeMenu 'pramudyono hadi','1508',@CompanyId=2;
27/08/2021 14:20:47	SQL :EXEC GetUserTreeMenu 'pramudyono hadi','1509',@CompanyId=2;
27/08/2021 14:20:47	SQL :EXEC GetUserTreeMenu 'pramudyono hadi','1510',@CompanyId=2;
27/08/2021 14:20:47	SQL :EXEC GetUserTreeMenu 'pramudyono hadi','1511',@CompanyId=2;
27/08/2021 14:20:47	SQL :EXEC GetUserSubMenu 'pramudyono hadi','16';
27/08/2021 14:20:47	SQL :EXEC GetUserTreeMenu 'pramudyono hadi','1601',@CompanyId=2;
27/08/2021 14:20:47	SQL :EXEC GetUserTreeMenu 'pramudyono hadi','1602',@CompanyId=2;
27/08/2021 14:20:47	SQL :EXEC GetUserTreeMenu 'pramudyono hadi','1603',@CompanyId=2;
27/08/2021 14:20:47	SQL :EXEC GetUserTreeMenu 'pramudyono hadi','1604',@CompanyId=2;
27/08/2021 14:20:47	SQL :EXEC GetUserTreeMenu 'pramudyono hadi','1605',@CompanyId=2;
27/08/2021 14:20:47	SQL :EXEC GetUserTreeMenu 'pramudyono hadi','1606',@CompanyId=2;
27/08/2021 14:20:47	SQL :EXEC GetUserTreeMenu 'pramudyono hadi','1607',@CompanyId=2;
27/08/2021 14:20:47	SQL :EXEC GetUserTreeMenu 'pramudyono hadi','1608',@CompanyId=2;
27/08/2021 14:20:47	SQL :EXEC GetUserTreeMenu 'pramudyono hadi','1609',@CompanyId=2;
27/08/2021 14:20:47	SQL :EXEC GetUserTreeMenu 'pramudyono hadi','1610',@CompanyId=2;
27/08/2021 14:20:47	SQL :EXEC GetUserTreeMenu 'pramudyono hadi','1611',@CompanyId=2;
27/08/2021 14:20:47	SQL :EXEC GetUserTreeMenu 'pramudyono hadi','1612',@CompanyId=2;
27/08/2021 14:20:47	SQL :EXEC GetUserTreeMenu 'pramudyono hadi','1613',@CompanyId=2;
27/08/2021 14:20:47	SQL :EXEC GetUserTreeMenu 'pramudyono hadi','1614',@CompanyId=2;
27/08/2021 14:20:47	SQL :EXEC GetUserTreeMenu 'pramudyono hadi','1615',@CompanyId=2;
27/08/2021 14:20:47	SQL :EXEC GetUserTreeMenu 'pramudyono hadi','1616',@CompanyId=2;
27/08/2021 14:20:47	SQL :EXEC GetUserTreeMenu 'pramudyono hadi','1619',@CompanyId=2;
27/08/2021 14:20:47	SQL :EXEC GetUserTreeMenu 'pramudyono hadi','1620',@CompanyId=2;
27/08/2021 14:20:47	SQL :EXEC GetUserSubMenu 'pramudyono hadi','17';
27/08/2021 14:20:47	SQL :EXEC GetUserTreeMenu 'pramudyono hadi','1701',@CompanyId=2;
27/08/2021 14:20:47	SQL :EXEC GetUserTreeMenu 'pramudyono hadi','1702',@CompanyId=2;
27/08/2021 14:20:47	SQL :EXEC GetUserTreeMenu 'pramudyono hadi','1703',@CompanyId=2;
27/08/2021 14:20:47	SQL :EXEC GetUserTreeMenu 'pramudyono hadi','1704',@CompanyId=2;
27/08/2021 14:20:47	SQL :EXEC GetUserTreeMenu 'pramudyono hadi','1705',@CompanyId=2;
27/08/2021 14:20:47	SQL :EXEC GetUserTreeMenu 'pramudyono hadi','1706',@CompanyId=2;
27/08/2021 14:20:47	SQL :EXEC GetUserTreeMenu 'pramudyono hadi','1707',@CompanyId=2;
27/08/2021 14:20:47	SQL :EXEC GetUserTreeMenu 'pramudyono hadi','1708',@CompanyId=2;
27/08/2021 14:20:47	SQL :EXEC GetUserTreeMenu 'pramudyono hadi','1709',@CompanyId=2;
27/08/2021 14:20:47	SQL :EXEC GetUserTreeMenu 'pramudyono hadi','1710',@CompanyId=2;
27/08/2021 14:20:47	SQL :EXEC GetUserTreeMenu 'pramudyono hadi','1711',@CompanyId=2;
27/08/2021 14:20:47	SQL :EXEC GetUserTreeMenu 'pramudyono hadi','1712',@CompanyId=2;
27/08/2021 14:20:47	SQL :EXEC GetUserTreeMenu 'pramudyono hadi','1713',@CompanyId=2;
27/08/2021 14:20:47	SQL :EXEC GetUserTreeMenu 'pramudyono hadi','1714',@CompanyId=2;
27/08/2021 14:20:47	SQL :EXEC GetUserTreeMenu 'pramudyono hadi','1715',@CompanyId=2;
27/08/2021 14:20:47	SQL :EXEC GetUserTreeMenu 'pramudyono hadi','1716',@CompanyId=2;
27/08/2021 14:20:47	SQL :EXEC GetUserTreeMenu 'pramudyono hadi','1717',@CompanyId=2;
27/08/2021 14:20:47	SQL :EXEC GetUserSubMenu 'pramudyono hadi','18';
27/08/2021 14:20:47	SQL :EXEC GetUserTreeMenu 'pramudyono hadi','1801',@CompanyId=2;
27/08/2021 14:20:47	SQL :EXEC GetUserSubMenu 'pramudyono hadi','19';
27/08/2021 14:20:47	SQL :EXEC GetUserTreeMenu 'pramudyono hadi','1901',@CompanyId=2;
27/08/2021 14:20:47	SQL :EXEC GetUserTreeMenu 'pramudyono hadi','1902',@CompanyId=2;
27/08/2021 14:20:47	SQL :EXEC GetUserTreeMenu 'pramudyono hadi','1903',@CompanyId=2;
27/08/2021 14:20:47	SQL :EXEC GetUserTreeMenu 'pramudyono hadi','1904',@CompanyId=2;
27/08/2021 14:20:47	SQL :EXEC GetUserTreeMenu 'pramudyono hadi','1905',@CompanyId=2;
27/08/2021 14:20:47	SQL :EXEC GetUserTreeMenu 'pramudyono hadi','1906',@CompanyId=2;
27/08/2021 14:20:47	SQL :EXEC GetUserTreeMenu 'pramudyono hadi','1907',@CompanyId=2;
27/08/2021 14:20:47	SQL :EXEC GetUserTreeMenu 'pramudyono hadi','1908',@CompanyId=2;
27/08/2021 14:20:47	SQL :EXEC GetUserTreeMenu 'pramudyono hadi','1909',@CompanyId=2;
27/08/2021 14:20:47	SQL :EXEC GetUserTreeMenu 'pramudyono hadi','1910',@CompanyId=2;
27/08/2021 14:20:47	SQL :EXEC GetUserTreeMenu 'pramudyono hadi','1911',@CompanyId=2;
27/08/2021 14:20:47	SQL :EXEC GetUserTreeMenu 'pramudyono hadi','1912',@CompanyId=2;
27/08/2021 14:20:47	SQL :SELECT CONVERT(VARCHAR(8),GETDATE(),108) AS hour_minute;
27/08/2021 14:20:47	SQL :SELECT CONVERT(VARCHAR(10),GETDATE(),103) AS date_time;
27/08/2021 14:20:47	Loading Setting
27/08/2021 14:20:47	Open DB Connection
27/08/2021 14:20:47	SQL :SELECT * FROM wh_setting WHERE setting_name='Hold_Less_Deposit';
27/08/2021 14:20:47	SQL :SELECT * FROM wh_setting WHERE setting_name='Max_Less_Deposit';
27/08/2021 14:20:47	SQL :SELECT * FROM wh_setting WHERE setting_name='Dashboard_2';
27/08/2021 14:20:47	Finish Logging
27/08/2021 14:20:47	SQL :SELECT value_string FROM wh_setting WHERE (setting_name='Interval_CheckInDate') AND (active=1);
27/08/2021 14:20:47	SQL :SELECT value_string FROM wh_setting WHERE (setting_name='Interval_CheckInTime') AND (active=1);
27/08/2021 14:20:47	SQL :SELECT value_string FROM wh_setting WHERE (setting_name='ChatEnable') and (active=1);
27/08/2021 14:20:48	Message:Port Check
27/08/2021 14:20:48	Message:Open DB Connection
27/08/2021 14:20:48	SQL :EXEC GetMessage '01','pramudyono hadi';
27/08/2021 14:20:48	SQL :SELECT CONVERT(VARCHAR(8),GETDATE(),108) AS hour_minute;
27/08/2021 14:20:48	SQL :SELECT CONVERT(VARCHAR(10),GETDATE(),103) AS date_time;
27/08/2021 14:20:51	Open Menu :130132
27/08/2021 14:20:51	Open DB Connection
27/08/2021 14:20:51	SQL :EXEC AuthMenu 'pramudyono hadi',130132;
27/08/2021 14:20:51	Form Check :VehicleInsuranceList
27/08/2021 14:20:51	Open DB Connection
27/08/2021 14:20:51	SQL :EXEC GetCompanyLocationList
27/08/2021 14:20:51	SQL :EXEC GetGroup 2;
27/08/2021 14:20:51	Open DB Connection
27/08/2021 14:20:51	SQL :EXEC GetInsuranceList 6,@CompanyId=2;
27/08/2021 14:20:52	Form Open: VehicleList=BUS,FormRequest=
27/08/2021 14:20:52	Open DB Connection
27/08/2021 14:20:52	SQL :EXEC GetInsuranceIssuer
27/08/2021 14:20:52	SQL :EXEC GetCompanyLocationList
27/08/2021 14:20:52	Open DB Connection
27/08/2021 14:20:52	SQL :EXEC GetVhcList 6,0,@CompanyId=2;
27/08/2021 14:20:53	Open DB Connection
27/08/2021 14:20:53	SQL :EXEC GetInsuranceDetail 'INSRB21080002';
27/08/2021 14:21:37	Get Local Settings
27/08/2021 14:21:37	Start Change Local Settings
27/08/2021 14:21:37	Change short date format
27/08/2021 14:21:37	Change Long date format
27/08/2021 14:21:37	Finish Change Local Settings
27/08/2021 14:21:37	Registry Read: Path=SOFTWARE\WEHA\Aplikasi\3
27/08/2021 14:21:37	Registry Read/Write
27/08/2021 14:21:37	Registry Read: Path=SOFTWARE\WEHA\Aplikasi\3
27/08/2021 14:21:37	Create DB Object
27/08/2021 14:21:37	Init DB
27/08/2021 14:21:37	Finish Init DB
27/08/2021 14:21:37	Get File Version
27/08/2021 14:21:37	Change  Caption
27/08/2021 14:21:37	Init Shortkey
27/08/2021 14:21:50	Get Local Settings
27/08/2021 14:21:50	Start Change Local Settings
27/08/2021 14:21:50	Change short date format
27/08/2021 14:21:50	Change Long date format
27/08/2021 14:21:50	Finish Change Local Settings
27/08/2021 14:21:50	Registry Read: Path=SOFTWARE\WEHA\Aplikasi\3
27/08/2021 14:21:50	Registry Read/Write
27/08/2021 14:21:50	Registry Read: Path=SOFTWARE\WEHA\Aplikasi\3
27/08/2021 14:21:50	Create DB Object
27/08/2021 14:21:50	Init DB
27/08/2021 14:21:50	Finish Init DB
27/08/2021 14:21:50	Get File Version
27/08/2021 14:21:50	Change  Caption
27/08/2021 14:21:50	Init Shortkey
27/08/2021 14:22:34	Create DB Object
27/08/2021 14:22:34	Init DB
27/08/2021 14:22:34	Finish Init DB
27/08/2021 14:22:35	Update new version check
27/08/2021 14:22:35	Open DB Connection
27/08/2021 14:22:35	SQL :
27/08/2021 14:22:35	Update check version
27/08/2021 14:22:35	Open DB Connection
27/08/2021 14:22:35	SQL :SELECT version FROM wh_application WHERE application_id=(SELECT MAX(application_id) FROM wh_application);
27/08/2021 14:22:35	Start Login
27/08/2021 14:22:35	Open DB Connection
27/08/2021 14:22:35	SQL :EXEC AuthenticateUser 'pramudyono hadi','6f2b8366efa56f0c06dd6b31fcff8a73';
27/08/2021 14:22:35	SQL :INSERT INTO wh_log (user_id,app_date,app_version,app_version_svr,location_id,company_id,department_id,host_name,ip_address)  VALUES ('pramudyono hadi','27/08/2021','6.1.3.14','6.1.3.13',6,2,13,'DESKTOP-S1PD9OD','192.168.25.214');
27/08/2021 14:22:35	Open DB Connection
27/08/2021 14:22:35	SQL :EXEC GetUserMenu 'pramudyono hadi';
27/08/2021 14:22:35	SQL :EXEC GetUserSubMenu 'pramudyono hadi','11';
27/08/2021 14:22:35	SQL :EXEC GetUserTreeMenu 'pramudyono hadi','1101',@CompanyId=2;
27/08/2021 14:22:35	SQL :EXEC GetUserTreeMenu 'pramudyono hadi','1102',@CompanyId=2;
27/08/2021 14:22:35	SQL :EXEC GetUserTreeMenu 'pramudyono hadi','1103',@CompanyId=2;
27/08/2021 14:22:35	SQL :EXEC GetUserTreeMenu 'pramudyono hadi','1104',@CompanyId=2;
27/08/2021 14:22:35	SQL :EXEC GetUserTreeMenu 'pramudyono hadi','1105',@CompanyId=2;
27/08/2021 14:22:35	SQL :EXEC GetUserTreeMenu 'pramudyono hadi','1106',@CompanyId=2;
27/08/2021 14:22:35	SQL :EXEC GetUserTreeMenu 'pramudyono hadi','1107',@CompanyId=2;
27/08/2021 14:22:35	SQL :EXEC GetUserTreeMenu 'pramudyono hadi','1108',@CompanyId=2;
27/08/2021 14:22:35	SQL :EXEC GetUserTreeMenu 'pramudyono hadi','1109',@CompanyId=2;
27/08/2021 14:22:35	SQL :EXEC GetUserTreeMenu 'pramudyono hadi','1110',@CompanyId=2;
27/08/2021 14:22:35	SQL :EXEC GetUserTreeMenu 'pramudyono hadi','1111',@CompanyId=2;
27/08/2021 14:22:35	SQL :EXEC GetUserTreeMenu 'pramudyono hadi','1112',@CompanyId=2;
27/08/2021 14:22:35	SQL :EXEC GetUserTreeMenu 'pramudyono hadi','1113',@CompanyId=2;
27/08/2021 14:22:35	SQL :EXEC GetUserTreeMenu 'pramudyono hadi','1114',@CompanyId=2;
27/08/2021 14:22:35	SQL :EXEC GetUserTreeMenu 'pramudyono hadi','1115',@CompanyId=2;
27/08/2021 14:22:35	SQL :EXEC GetUserTreeMenu 'pramudyono hadi','1116',@CompanyId=2;
27/08/2021 14:22:35	SQL :EXEC GetUserTreeMenu 'pramudyono hadi','1117',@CompanyId=2;
27/08/2021 14:22:35	SQL :EXEC GetUserTreeMenu 'pramudyono hadi','1198',@CompanyId=2;
27/08/2021 14:22:35	SQL :EXEC GetUserTreeMenu 'pramudyono hadi','1199',@CompanyId=2;
27/08/2021 14:22:35	SQL :EXEC GetUserSubMenu 'pramudyono hadi','12';
27/08/2021 14:22:35	SQL :EXEC GetUserTreeMenu 'pramudyono hadi','1201',@CompanyId=2;
27/08/2021 14:22:35	SQL :EXEC GetUserTreeMenu 'pramudyono hadi','1202',@CompanyId=2;
27/08/2021 14:22:35	SQL :EXEC GetUserTreeMenu 'pramudyono hadi','1203',@CompanyId=2;
27/08/2021 14:22:35	SQL :EXEC GetUserTreeMenu 'pramudyono hadi','1204',@CompanyId=2;
27/08/2021 14:22:35	SQL :EXEC GetUserTreeMenu 'pramudyono hadi','1205',@CompanyId=2;
27/08/2021 14:22:35	SQL :EXEC GetUserTreeMenu 'pramudyono hadi','1206',@CompanyId=2;
27/08/2021 14:22:35	SQL :EXEC GetUserTreeMenu 'pramudyono hadi','1207',@CompanyId=2;
27/08/2021 14:22:35	SQL :EXEC GetUserSubMenu 'pramudyono hadi','13';
27/08/2021 14:22:35	SQL :EXEC GetUserTreeMenu 'pramudyono hadi','1301',@CompanyId=2;
27/08/2021 14:22:35	SQL :EXEC GetUserTreeMenu 'pramudyono hadi','1302',@CompanyId=2;
27/08/2021 14:22:35	SQL :EXEC GetUserTreeMenu 'pramudyono hadi','1303',@CompanyId=2;
27/08/2021 14:22:35	SQL :EXEC GetUserTreeMenu 'pramudyono hadi','1304',@CompanyId=2;
27/08/2021 14:22:35	SQL :EXEC GetUserTreeMenu 'pramudyono hadi','1305',@CompanyId=2;
27/08/2021 14:22:35	SQL :EXEC GetUserTreeMenu 'pramudyono hadi','1306',@CompanyId=2;
27/08/2021 14:22:35	SQL :EXEC GetUserTreeMenu 'pramudyono hadi','1307',@CompanyId=2;
27/08/2021 14:22:35	SQL :EXEC GetUserTreeMenu 'pramudyono hadi','1308',@CompanyId=2;
27/08/2021 14:22:35	SQL :EXEC GetUserTreeMenu 'pramudyono hadi','1309',@CompanyId=2;
27/08/2021 14:22:35	SQL :EXEC GetUserTreeMenu 'pramudyono hadi','1310',@CompanyId=2;
27/08/2021 14:22:36	SQL :EXEC GetUserTreeMenu 'pramudyono hadi','1311',@CompanyId=2;
27/08/2021 14:22:36	SQL :EXEC GetUserTreeMenu 'pramudyono hadi','1312',@CompanyId=2;
27/08/2021 14:22:36	SQL :EXEC GetUserTreeMenu 'pramudyono hadi','1313',@CompanyId=2;
27/08/2021 14:22:36	SQL :EXEC GetUserTreeMenu 'pramudyono hadi','1314',@CompanyId=2;
27/08/2021 14:22:36	SQL :EXEC GetUserTreeMenu 'pramudyono hadi','1315',@CompanyId=2;
27/08/2021 14:22:36	SQL :EXEC GetUserTreeMenu 'pramudyono hadi','1316',@CompanyId=2;
27/08/2021 14:22:36	SQL :EXEC GetUserTreeMenu 'pramudyono hadi','1317',@CompanyId=2;
27/08/2021 14:22:36	SQL :EXEC GetUserTreeMenu 'pramudyono hadi','1318',@CompanyId=2;
27/08/2021 14:22:36	SQL :EXEC GetUserTreeMenu 'pramudyono hadi','1319',@CompanyId=2;
27/08/2021 14:22:36	SQL :EXEC GetUserTreeMenu 'pramudyono hadi','1320',@CompanyId=2;
27/08/2021 14:22:36	SQL :EXEC GetUserTreeMenu 'pramudyono hadi','1321',@CompanyId=2;
27/08/2021 14:22:36	SQL :EXEC GetUserSubMenu 'pramudyono hadi','14';
27/08/2021 14:22:36	SQL :EXEC GetUserTreeMenu 'pramudyono hadi','1401',@CompanyId=2;
27/08/2021 14:22:36	SQL :EXEC GetUserTreeMenu 'pramudyono hadi','1402',@CompanyId=2;
27/08/2021 14:22:36	SQL :EXEC GetUserTreeMenu 'pramudyono hadi','1403',@CompanyId=2;
27/08/2021 14:22:36	SQL :EXEC GetUserTreeMenu 'pramudyono hadi','1404',@CompanyId=2;
27/08/2021 14:22:36	SQL :EXEC GetUserTreeMenu 'pramudyono hadi','1406',@CompanyId=2;
27/08/2021 14:22:36	SQL :EXEC GetUserTreeMenu 'pramudyono hadi','1408',@CompanyId=2;
27/08/2021 14:22:36	SQL :EXEC GetUserTreeMenu 'pramudyono hadi','1410',@CompanyId=2;
27/08/2021 14:22:36	SQL :EXEC GetUserTreeMenu 'pramudyono hadi','1411',@CompanyId=2;
27/08/2021 14:22:36	SQL :EXEC GetUserTreeMenu 'pramudyono hadi','1412',@CompanyId=2;
27/08/2021 14:22:36	SQL :EXEC GetUserTreeMenu 'pramudyono hadi','1413',@CompanyId=2;
27/08/2021 14:22:36	SQL :EXEC GetUserTreeMenu 'pramudyono hadi','1414',@CompanyId=2;
27/08/2021 14:22:36	SQL :EXEC GetUserSubMenu 'pramudyono hadi','15';
27/08/2021 14:22:36	SQL :EXEC GetUserTreeMenu 'pramudyono hadi','1501',@CompanyId=2;
27/08/2021 14:22:36	SQL :EXEC GetUserTreeMenu 'pramudyono hadi','1502',@CompanyId=2;
27/08/2021 14:22:36	SQL :EXEC GetUserTreeMenu 'pramudyono hadi','1503',@CompanyId=2;
27/08/2021 14:22:36	SQL :EXEC GetUserTreeMenu 'pramudyono hadi','1504',@CompanyId=2;
27/08/2021 14:22:36	SQL :EXEC GetUserTreeMenu 'pramudyono hadi','1505',@CompanyId=2;
27/08/2021 14:22:36	SQL :EXEC GetUserTreeMenu 'pramudyono hadi','1506',@CompanyId=2;
27/08/2021 14:22:36	SQL :EXEC GetUserTreeMenu 'pramudyono hadi','1507',@CompanyId=2;
27/08/2021 14:22:36	SQL :EXEC GetUserTreeMenu 'pramudyono hadi','1508',@CompanyId=2;
27/08/2021 14:22:36	SQL :EXEC GetUserTreeMenu 'pramudyono hadi','1509',@CompanyId=2;
27/08/2021 14:22:36	SQL :EXEC GetUserTreeMenu 'pramudyono hadi','1510',@CompanyId=2;
27/08/2021 14:22:36	SQL :EXEC GetUserTreeMenu 'pramudyono hadi','1511',@CompanyId=2;
27/08/2021 14:22:36	SQL :EXEC GetUserSubMenu 'pramudyono hadi','16';
27/08/2021 14:22:36	SQL :EXEC GetUserTreeMenu 'pramudyono hadi','1601',@CompanyId=2;
27/08/2021 14:22:36	SQL :EXEC GetUserTreeMenu 'pramudyono hadi','1602',@CompanyId=2;
27/08/2021 14:22:36	SQL :EXEC GetUserTreeMenu 'pramudyono hadi','1603',@CompanyId=2;
27/08/2021 14:22:36	SQL :EXEC GetUserTreeMenu 'pramudyono hadi','1604',@CompanyId=2;
27/08/2021 14:22:36	SQL :EXEC GetUserTreeMenu 'pramudyono hadi','1605',@CompanyId=2;
27/08/2021 14:22:36	SQL :EXEC GetUserTreeMenu 'pramudyono hadi','1606',@CompanyId=2;
27/08/2021 14:22:36	SQL :EXEC GetUserTreeMenu 'pramudyono hadi','1607',@CompanyId=2;
27/08/2021 14:22:36	SQL :EXEC GetUserTreeMenu 'pramudyono hadi','1608',@CompanyId=2;
27/08/2021 14:22:36	SQL :EXEC GetUserTreeMenu 'pramudyono hadi','1609',@CompanyId=2;
27/08/2021 14:22:36	SQL :EXEC GetUserTreeMenu 'pramudyono hadi','1610',@CompanyId=2;
27/08/2021 14:22:36	SQL :EXEC GetUserTreeMenu 'pramudyono hadi','1611',@CompanyId=2;
27/08/2021 14:22:36	SQL :EXEC GetUserTreeMenu 'pramudyono hadi','1612',@CompanyId=2;
27/08/2021 14:22:36	SQL :EXEC GetUserTreeMenu 'pramudyono hadi','1613',@CompanyId=2;
27/08/2021 14:22:36	SQL :EXEC GetUserTreeMenu 'pramudyono hadi','1614',@CompanyId=2;
27/08/2021 14:22:36	SQL :EXEC GetUserTreeMenu 'pramudyono hadi','1615',@CompanyId=2;
27/08/2021 14:22:36	SQL :EXEC GetUserTreeMenu 'pramudyono hadi','1616',@CompanyId=2;
27/08/2021 14:22:36	SQL :EXEC GetUserTreeMenu 'pramudyono hadi','1619',@CompanyId=2;
27/08/2021 14:22:36	SQL :EXEC GetUserTreeMenu 'pramudyono hadi','1620',@CompanyId=2;
27/08/2021 14:22:36	SQL :EXEC GetUserSubMenu 'pramudyono hadi','17';
27/08/2021 14:22:36	SQL :EXEC GetUserTreeMenu 'pramudyono hadi','1701',@CompanyId=2;
27/08/2021 14:22:36	SQL :EXEC GetUserTreeMenu 'pramudyono hadi','1702',@CompanyId=2;
27/08/2021 14:22:36	SQL :EXEC GetUserTreeMenu 'pramudyono hadi','1703',@CompanyId=2;
27/08/2021 14:22:36	SQL :EXEC GetUserTreeMenu 'pramudyono hadi','1704',@CompanyId=2;
27/08/2021 14:22:36	SQL :EXEC GetUserTreeMenu 'pramudyono hadi','1705',@CompanyId=2;
27/08/2021 14:22:36	SQL :EXEC GetUserTreeMenu 'pramudyono hadi','1706',@CompanyId=2;
27/08/2021 14:22:36	SQL :EXEC GetUserTreeMenu 'pramudyono hadi','1707',@CompanyId=2;
27/08/2021 14:22:36	SQL :EXEC GetUserTreeMenu 'pramudyono hadi','1708',@CompanyId=2;
27/08/2021 14:22:36	SQL :EXEC GetUserTreeMenu 'pramudyono hadi','1709',@CompanyId=2;
27/08/2021 14:22:36	SQL :EXEC GetUserTreeMenu 'pramudyono hadi','1710',@CompanyId=2;
27/08/2021 14:22:36	SQL :EXEC GetUserTreeMenu 'pramudyono hadi','1711',@CompanyId=2;
27/08/2021 14:22:36	SQL :EXEC GetUserTreeMenu 'pramudyono hadi','1712',@CompanyId=2;
27/08/2021 14:22:36	SQL :EXEC GetUserTreeMenu 'pramudyono hadi','1713',@CompanyId=2;
27/08/2021 14:22:36	SQL :EXEC GetUserTreeMenu 'pramudyono hadi','1714',@CompanyId=2;
27/08/2021 14:22:36	SQL :EXEC GetUserTreeMenu 'pramudyono hadi','1715',@CompanyId=2;
27/08/2021 14:22:36	SQL :EXEC GetUserTreeMenu 'pramudyono hadi','1716',@CompanyId=2;
27/08/2021 14:22:36	SQL :EXEC GetUserTreeMenu 'pramudyono hadi','1717',@CompanyId=2;
27/08/2021 14:22:36	SQL :EXEC GetUserSubMenu 'pramudyono hadi','18';
27/08/2021 14:22:36	SQL :EXEC GetUserTreeMenu 'pramudyono hadi','1801',@CompanyId=2;
27/08/2021 14:22:36	SQL :EXEC GetUserSubMenu 'pramudyono hadi','19';
27/08/2021 14:22:36	SQL :EXEC GetUserTreeMenu 'pramudyono hadi','1901',@CompanyId=2;
27/08/2021 14:22:36	SQL :EXEC GetUserTreeMenu 'pramudyono hadi','1902',@CompanyId=2;
27/08/2021 14:22:36	SQL :EXEC GetUserTreeMenu 'pramudyono hadi','1903',@CompanyId=2;
27/08/2021 14:22:36	SQL :EXEC GetUserTreeMenu 'pramudyono hadi','1904',@CompanyId=2;
27/08/2021 14:22:36	SQL :EXEC GetUserTreeMenu 'pramudyono hadi','1905',@CompanyId=2;
27/08/2021 14:22:36	SQL :EXEC GetUserTreeMenu 'pramudyono hadi','1906',@CompanyId=2;
27/08/2021 14:22:36	SQL :EXEC GetUserTreeMenu 'pramudyono hadi','1907',@CompanyId=2;
27/08/2021 14:22:36	SQL :EXEC GetUserTreeMenu 'pramudyono hadi','1908',@CompanyId=2;
27/08/2021 14:22:36	SQL :EXEC GetUserTreeMenu 'pramudyono hadi','1909',@CompanyId=2;
27/08/2021 14:22:36	SQL :EXEC GetUserTreeMenu 'pramudyono hadi','1910',@CompanyId=2;
27/08/2021 14:22:36	SQL :EXEC GetUserTreeMenu 'pramudyono hadi','1911',@CompanyId=2;
27/08/2021 14:22:36	SQL :EXEC GetUserTreeMenu 'pramudyono hadi','1912',@CompanyId=2;
27/08/2021 14:22:36	SQL :SELECT CONVERT(VARCHAR(8),GETDATE(),108) AS hour_minute;
27/08/2021 14:22:36	SQL :SELECT CONVERT(VARCHAR(10),GETDATE(),103) AS date_time;
27/08/2021 14:22:37	Loading Setting
27/08/2021 14:22:37	Open DB Connection
27/08/2021 14:22:37	SQL :SELECT * FROM wh_setting WHERE setting_name='Hold_Less_Deposit';
27/08/2021 14:22:37	SQL :SELECT * FROM wh_setting WHERE setting_name='Max_Less_Deposit';
27/08/2021 14:22:37	SQL :SELECT * FROM wh_setting WHERE setting_name='Dashboard_2';
27/08/2021 14:22:37	Finish Logging
27/08/2021 14:22:37	SQL :SELECT value_string FROM wh_setting WHERE (setting_name='Interval_CheckInDate') AND (active=1);
27/08/2021 14:22:37	SQL :SELECT value_string FROM wh_setting WHERE (setting_name='Interval_CheckInTime') AND (active=1);
27/08/2021 14:22:37	SQL :SELECT value_string FROM wh_setting WHERE (setting_name='ChatEnable') and (active=1);
27/08/2021 14:22:38	Message:Port Check
27/08/2021 14:22:38	Message:Open DB Connection
27/08/2021 14:22:38	SQL :EXEC GetMessage '01','pramudyono hadi';
27/08/2021 14:22:38	SQL :SELECT CONVERT(VARCHAR(8),GETDATE(),108) AS hour_minute;
27/08/2021 14:22:38	SQL :SELECT CONVERT(VARCHAR(10),GETDATE(),103) AS date_time;
27/08/2021 14:22:39	Open Menu :130132
27/08/2021 14:22:39	Open DB Connection
27/08/2021 14:22:39	SQL :EXEC AuthMenu 'pramudyono hadi',130132;
27/08/2021 14:22:39	Form Check :VehicleInsuranceList
27/08/2021 14:22:39	Open DB Connection
27/08/2021 14:22:39	SQL :EXEC GetCompanyLocationList
27/08/2021 14:22:39	SQL :EXEC GetGroup 2;
27/08/2021 14:22:39	Open DB Connection
27/08/2021 14:22:39	SQL :EXEC GetInsuranceList 6,@CompanyId=2;
27/08/2021 14:22:40	Form Open: VehicleList=BUS,FormRequest=
27/08/2021 14:22:40	Open DB Connection
27/08/2021 14:22:40	SQL :EXEC GetInsuranceIssuer
27/08/2021 14:22:40	SQL :EXEC GetCompanyLocationList
27/08/2021 14:22:40	Open DB Connection
27/08/2021 14:22:40	SQL :EXEC GetVhcList 6,0,@CompanyId=2;
27/08/2021 14:22:40	Open DB Connection
27/08/2021 14:22:40	SQL :EXEC GetInsuranceDetail 'INSRB21080002';
27/08/2021 14:22:46	Form Open: VehicleList=BUS,FormRequest=
27/08/2021 14:22:46	Open DB Connection
27/08/2021 14:22:46	SQL :EXEC GetInsuranceIssuer
27/08/2021 14:22:46	SQL :EXEC GetCompanyLocationList
27/08/2021 14:22:46	Open DB Connection
27/08/2021 14:22:46	SQL :EXEC GetVhcList 6,0,@CompanyId=2;
27/08/2021 14:22:47	Open DB Connection
27/08/2021 14:22:47	SQL :EXEC GetInsuranceDetail 'INSRB21080001';
27/08/2021 14:26:39	Open DB Connection
27/08/2021 14:26:45	Form Open: VehicleList=BUS,FormRequest=
27/08/2021 14:26:45	Open DB Connection
27/08/2021 14:26:45	SQL :EXEC GetInsuranceIssuer
27/08/2021 14:26:45	SQL :EXEC GetCompanyLocationList
27/08/2021 14:26:45	Open DB Connection
27/08/2021 14:26:45	SQL :EXEC GetVhcList 6,0,@CompanyId=2;
27/08/2021 14:26:45	Open DB Connection
27/08/2021 14:26:45	SQL :EXEC GetInsuranceDetail 'INSRB21080002';
27/08/2021 14:26:48	Form Open: VehicleList=BUS,FormRequest=
27/08/2021 14:26:48	Open DB Connection
27/08/2021 14:26:48	SQL :EXEC GetInsuranceIssuer
27/08/2021 14:26:48	SQL :EXEC GetCompanyLocationList
27/08/2021 14:26:48	Open DB Connection
27/08/2021 14:26:48	SQL :EXEC GetVhcList 6,0,@CompanyId=2;
27/08/2021 14:26:48	Open DB Connection
27/08/2021 14:26:48	SQL :EXEC GetInsuranceDetail 'INSRB21080001';
27/08/2021 14:27:26	Open DB Connection
27/08/2021 14:28:00	Form Open: VehicleList=BUS,FormRequest=
27/08/2021 14:28:00	Open DB Connection
27/08/2021 14:28:00	SQL :EXEC GetInsuranceIssuer
27/08/2021 14:28:00	SQL :EXEC GetCompanyLocationList
27/08/2021 14:28:00	Open DB Connection
27/08/2021 14:28:00	SQL :EXEC GetVhcList 6,0,@CompanyId=2;
27/08/2021 14:28:00	Open DB Connection
27/08/2021 14:28:00	SQL :EXEC GetInsuranceDetail 'INSRB21080001';
27/08/2021 14:29:51	Form Open: VehicleList=BUS,FormRequest=
27/08/2021 14:29:51	Open DB Connection
27/08/2021 14:29:51	SQL :EXEC GetInsuranceIssuer
27/08/2021 14:29:51	SQL :EXEC GetCompanyLocationList
27/08/2021 14:29:51	Open DB Connection
27/08/2021 14:29:51	SQL :EXEC GetVhcList 6,0,@CompanyId=2;
27/27/08/2021 14:50:26	Get Local Settings
27/08/2021 14:50:26	Start Change Local Settings
27/08/2021 14:50:26	Change short date format
27/08/2021 14:50:26	Change Long date format
27/08/2021 14:50:26	Finish Change Local Settings
27/08/2021 14:50:26	Registry Read: Path=SOFTWARE\WEHA\Aplikasi\3
27/08/2021 14:50:26	Registry Read/Write
27/08/2021 14:50:26	Registry Read: Path=SOFTWARE\WEHA\Aplikasi\3
27/08/2021 14:50:26	Create DB Object
27/08/2021 14:50:26	Init DB
27/08/2021 14:50:26	Finish Init DB
27/08/2021 14:50:26	Get File Version
27/08/2021 14:50:26	Change  Caption
27/08/2021 14:50:26	Init Shortkey
27/08/2021 14:57:00	Get Local Settings
27/08/2021 14:57:00	Start Change Local Settings
27/08/2021 14:57:00	Change short date format
27/08/2021 14:57:00	Change Long date format
27/08/2021 14:57:00	Finish Change Local Settings
27/08/2021 14:57:00	Registry Read: Path=SOFTWARE\WEHA\Aplikasi\3
27/08/2021 14:57:00	Registry Read/Write
27/08/2021 14:57:00	Registry Read: Path=SOFTWARE\WEHA\Aplikasi\3
27/08/2021 14:57:00	Create DB Object
27/08/2021 14:57:00	Init DB
27/08/2021 14:57:00	Finish Init DB
27/08/2021 14:57:00	Get File Version
27/08/2021 14:57:00	Change  Caption
27/08/2021 14:57:00	Init Shortkey
27/08/2021 14:58:41	Create DB Object
27/08/2021 14:58:41	Init DB
27/08/2021 14:58:41	Finish Init DB
27/08/2021 14:58:42	Update new version check
27/08/2021 14:58:42	Open DB Connection
27/08/2021 14:58:42	SQL :
27/08/2021 14:58:42	Update check version
27/08/2021 14:58:42	Open DB Connection
27/08/2021 14:58:42	SQL :SELECT version FROM wh_application WHERE application_id=(SELECT MAX(application_id) FROM wh_application);
27/08/2021 14:58:42	Start Login
27/08/2021 14:58:42	Open DB Connection
27/08/2021 14:58:42	SQL :EXEC AuthenticateUser 'pramudyono hadi','6f2b8366efa56f0c06dd6b31fcff8a73';
27/08/2021 14:58:42	SQL :INSERT INTO wh_log (user_id,app_date,app_version,app_version_svr,location_id,company_id,department_id,host_name,ip_address)  VALUES ('pramudyono hadi','27/08/2021','6.1.3.14','6.1.3.13',6,2,13,'DESKTOP-S1PD9OD','192.168.25.214');
27/08/2021 14:58:42	Open DB Connection
27/08/2021 14:58:42	SQL :EXEC GetUserMenu 'pramudyono hadi';
27/08/2021 14:58:42	SQL :EXEC GetUserSubMenu 'pramudyono hadi','11';
27/08/2021 14:58:42	SQL :EXEC GetUserTreeMenu 'pramudyono hadi','1101',@CompanyId=2;
27/08/2021 14:58:42	SQL :EXEC GetUserTreeMenu 'pramudyono hadi','1102',@CompanyId=2;
27/08/2021 14:58:42	SQL :EXEC GetUserTreeMenu 'pramudyono hadi','1103',@CompanyId=2;
27/08/2021 14:58:42	SQL :EXEC GetUserTreeMenu 'pramudyono hadi','1104',@CompanyId=2;
27/08/2021 14:58:42	SQL :EXEC GetUserTreeMenu 'pramudyono hadi','1105',@CompanyId=2;
27/08/2021 14:58:42	SQL :EXEC GetUserTreeMenu 'pramudyono hadi','1106',@CompanyId=2;
27/08/2021 14:58:42	SQL :EXEC GetUserTreeMenu 'pramudyono hadi','1107',@CompanyId=2;
27/08/2021 14:58:42	SQL :EXEC GetUserTreeMenu 'pramudyono hadi','1108',@CompanyId=2;
27/08/2021 14:58:42	SQL :EXEC GetUserTreeMenu 'pramudyono hadi','1109',@CompanyId=2;
27/08/2021 14:58:43	SQL :EXEC GetUserTreeMenu 'pramudyono hadi','1110',@CompanyId=2;
27/08/2021 14:58:43	SQL :EXEC GetUserTreeMenu 'pramudyono hadi','1111',@CompanyId=2;
27/08/2021 14:58:43	SQL :EXEC GetUserTreeMenu 'pramudyono hadi','1112',@CompanyId=2;
27/08/2021 14:58:43	SQL :EXEC GetUserTreeMenu 'pramudyono hadi','1113',@CompanyId=2;
27/08/2021 14:58:43	SQL :EXEC GetUserTreeMenu 'pramudyono hadi','1114',@CompanyId=2;
27/08/2021 14:58:43	SQL :EXEC GetUserTreeMenu 'pramudyono hadi','1115',@CompanyId=2;
27/08/2021 14:58:43	SQL :EXEC GetUserTreeMenu 'pramudyono hadi','1116',@CompanyId=2;
27/08/2021 14:58:43	SQL :EXEC GetUserTreeMenu 'pramudyono hadi','1117',@CompanyId=2;
27/08/2021 14:58:43	SQL :EXEC GetUserTreeMenu 'pramudyono hadi','1198',@CompanyId=2;
27/08/2021 14:58:43	SQL :EXEC GetUserTreeMenu 'pramudyono hadi','1199',@CompanyId=2;
27/08/2021 14:58:43	SQL :EXEC GetUserSubMenu 'pramudyono hadi','12';
27/08/2021 14:58:43	SQL :EXEC GetUserTreeMenu 'pramudyono hadi','1201',@CompanyId=2;
27/08/2021 14:58:43	SQL :EXEC GetUserTreeMenu 'pramudyono hadi','1202',@CompanyId=2;
27/08/2021 14:58:43	SQL :EXEC GetUserTreeMenu 'pramudyono hadi','1203',@CompanyId=2;
27/08/2021 14:58:43	SQL :EXEC GetUserTreeMenu 'pramudyono hadi','1204',@CompanyId=2;
27/08/2021 14:58:43	SQL :EXEC GetUserTreeMenu 'pramudyono hadi','1205',@CompanyId=2;
27/08/2021 14:58:43	SQL :EXEC GetUserTreeMenu 'pramudyono hadi','1206',@CompanyId=2;
27/08/2021 14:58:43	SQL :EXEC GetUserTreeMenu 'pramudyono hadi','1207',@CompanyId=2;
27/08/2021 14:58:43	SQL :EXEC GetUserSubMenu 'pramudyono hadi','13';
27/08/2021 14:58:43	SQL :EXEC GetUserTreeMenu 'pramudyono hadi','1301',@CompanyId=2;
27/08/2021 14:58:43	SQL :EXEC GetUserTreeMenu 'pramudyono hadi','1302',@CompanyId=2;
27/08/2021 14:58:43	SQL :EXEC GetUserTreeMenu 'pramudyono hadi','1303',@CompanyId=2;
27/08/2021 14:58:43	SQL :EXEC GetUserTreeMenu 'pramudyono hadi','1304',@CompanyId=2;
27/08/2021 14:58:43	SQL :EXEC GetUserTreeMenu 'pramudyono hadi','1305',@CompanyId=2;
27/08/2021 14:58:43	SQL :EXEC GetUserTreeMenu 'pramudyono hadi','1306',@CompanyId=2;
27/08/2021 14:58:43	SQL :EXEC GetUserTreeMenu 'pramudyono hadi','1307',@CompanyId=2;
27/08/2021 14:58:43	SQL :EXEC GetUserTreeMenu 'pramudyono hadi','1308',@CompanyId=2;
27/08/2021 14:58:43	SQL :EXEC GetUserTreeMenu 'pramudyono hadi','1309',@CompanyId=2;
27/08/2021 14:58:43	SQL :EXEC GetUserTreeMenu 'pramudyono hadi','1310',@CompanyId=2;
27/08/2021 14:58:43	SQL :EXEC GetUserTreeMenu 'pramudyono hadi','1311',@CompanyId=2;
27/08/2021 14:58:43	SQL :EXEC GetUserTreeMenu 'pramudyono hadi','1312',@CompanyId=2;
27/08/2021 14:58:43	SQL :EXEC GetUserTreeMenu 'pramudyono hadi','1313',@CompanyId=2;
27/08/2021 14:58:43	SQL :EXEC GetUserTreeMenu 'pramudyono hadi','1314',@CompanyId=2;
27/08/2021 14:58:43	SQL :EXEC GetUserTreeMenu 'pramudyono hadi','1315',@CompanyId=2;
27/08/2021 14:58:43	SQL :EXEC GetUserTreeMenu 'pramudyono hadi','1316',@CompanyId=2;
27/08/2021 14:58:43	SQL :EXEC GetUserTreeMenu 'pramudyono hadi','1317',@CompanyId=2;
27/08/2021 14:58:43	SQL :EXEC GetUserTreeMenu 'pramudyono hadi','1318',@CompanyId=2;
27/08/2021 14:58:43	SQL :EXEC GetUserTreeMenu 'pramudyono hadi','1319',@CompanyId=2;
27/08/2021 14:58:43	SQL :EXEC GetUserTreeMenu 'pramudyono hadi','1320',@CompanyId=2;
27/08/2021 14:58:43	SQL :EXEC GetUserTreeMenu 'pramudyono hadi','1321',@CompanyId=2;
27/08/2021 14:58:43	SQL :EXEC GetUserSubMenu 'pramudyono hadi','14';
27/08/2021 14:58:43	SQL :EXEC GetUserTreeMenu 'pramudyono hadi','1401',@CompanyId=2;
27/08/2021 14:58:43	SQL :EXEC GetUserTreeMenu 'pramudyono hadi','1402',@CompanyId=2;
27/08/2021 14:58:43	SQL :EXEC GetUserTreeMenu 'pramudyono hadi','1403',@CompanyId=2;
27/08/2021 14:58:43	SQL :EXEC GetUserTreeMenu 'pramudyono hadi','1404',@CompanyId=2;
27/08/2021 14:58:43	SQL :EXEC GetUserTreeMenu 'pramudyono hadi','1406',@CompanyId=2;
27/08/2021 14:58:43	SQL :EXEC GetUserTreeMenu 'pramudyono hadi','1408',@CompanyId=2;
27/08/2021 14:58:43	SQL :EXEC GetUserTreeMenu 'pramudyono hadi','1410',@CompanyId=2;
27/08/2021 14:58:43	SQL :EXEC GetUserTreeMenu 'pramudyono hadi','1411',@CompanyId=2;
27/08/2021 14:58:43	SQL :EXEC GetUserTreeMenu 'pramudyono hadi','1412',@CompanyId=2;
27/08/2021 14:58:43	SQL :EXEC GetUserTreeMenu 'pramudyono hadi','1413',@CompanyId=2;
27/08/2021 14:58:43	SQL :EXEC GetUserTreeMenu 'pramudyono hadi','1414',@CompanyId=2;
27/08/2021 14:58:43	SQL :EXEC GetUserSubMenu 'pramudyono hadi','15';
27/08/2021 14:58:43	SQL :EXEC GetUserTreeMenu 'pramudyono hadi','1501',@CompanyId=2;
27/08/2021 14:58:43	SQL :EXEC GetUserTreeMenu 'pramudyono hadi','1502',@CompanyId=2;
27/08/2021 14:58:43	SQL :EXEC GetUserTreeMenu 'pramudyono hadi','1503',@CompanyId=2;
27/08/2021 14:58:43	SQL :EXEC GetUserTreeMenu 'pramudyono hadi','1504',@CompanyId=2;
27/08/2021 14:58:43	SQL :EXEC GetUserTreeMenu 'pramudyono hadi','1505',@CompanyId=2;
27/08/2021 14:58:43	SQL :EXEC GetUserTreeMenu 'pramudyono hadi','1506',@CompanyId=2;
27/08/2021 14:58:43	SQL :EXEC GetUserTreeMenu 'pramudyono hadi','1507',@CompanyId=2;
27/08/2021 14:58:43	SQL :EXEC GetUserTreeMenu 'pramudyono hadi','1508',@CompanyId=2;
27/08/2021 14:58:43	SQL :EXEC GetUserTreeMenu 'pramudyono hadi','1509',@CompanyId=2;
27/08/2021 14:58:43	SQL :EXEC GetUserTreeMenu 'pramudyono hadi','1510',@CompanyId=2;
27/08/2021 14:58:43	SQL :EXEC GetUserTreeMenu 'pramudyono hadi','1511',@CompanyId=2;
27/08/2021 14:58:44	SQL :EXEC GetUserSubMenu 'pramudyono hadi','16';
27/08/2021 14:58:44	SQL :EXEC GetUserTreeMenu 'pramudyono hadi','1601',@CompanyId=2;
27/08/2021 14:58:44	SQL :EXEC GetUserTreeMenu 'pramudyono hadi','1602',@CompanyId=2;
27/08/2021 14:58:44	SQL :EXEC GetUserTreeMenu 'pramudyono hadi','1603',@CompanyId=2;
27/08/2021 14:58:44	SQL :EXEC GetUserTreeMenu 'pramudyono hadi','1604',@CompanyId=2;
27/08/2021 14:58:44	SQL :EXEC GetUserTreeMenu 'pramudyono hadi','1605',@CompanyId=2;
27/08/2021 14:58:44	SQL :EXEC GetUserTreeMenu 'pramudyono hadi','1606',@CompanyId=2;
27/08/2021 14:58:44	SQL :EXEC GetUserTreeMenu 'pramudyono hadi','1607',@CompanyId=2;
27/08/2021 14:58:44	SQL :EXEC GetUserTreeMenu 'pramudyono hadi','1608',@CompanyId=2;
27/08/2021 14:58:44	SQL :EXEC GetUserTreeMenu 'pramudyono hadi','1609',@CompanyId=2;
27/08/2021 14:58:44	SQL :EXEC GetUserTreeMenu 'pramudyono hadi','1610',@CompanyId=2;
27/08/2021 14:58:44	SQL :EXEC GetUserTreeMenu 'pramudyono hadi','1611',@CompanyId=2;
27/08/2021 14:58:44	SQL :EXEC GetUserTreeMenu 'pramudyono hadi','1612',@CompanyId=2;
27/08/2021 14:58:44	SQL :EXEC GetUserTreeMenu 'pramudyono hadi','1613',@CompanyId=2;
27/08/2021 14:58:44	SQL :EXEC GetUserTreeMenu 'pramudyono hadi','1614',@CompanyId=2;
27/08/2021 14:58:44	SQL :EXEC GetUserTreeMenu 'pramudyono hadi','1615',@CompanyId=2;
27/08/2021 14:58:44	SQL :EXEC GetUserTreeMenu 'pramudyono hadi','1616',@CompanyId=2;
27/08/2021 14:58:44	SQL :EXEC GetUserTreeMenu 'pramudyono hadi','1619',@CompanyId=2;
27/08/2021 14:58:44	SQL :EXEC GetUserTreeMenu 'pramudyono hadi','1620',@CompanyId=2;
27/08/2021 14:58:44	SQL :EXEC GetUserSubMenu 'pramudyono hadi','17';
27/08/2021 14:58:44	SQL :EXEC GetUserTreeMenu 'pramudyono hadi','1701',@CompanyId=2;
27/08/2021 14:58:44	SQL :EXEC GetUserTreeMenu 'pramudyono hadi','1702',@CompanyId=2;
27/08/2021 14:58:44	SQL :EXEC GetUserTreeMenu 'pramudyono hadi','1703',@CompanyId=2;
27/08/2021 14:58:44	SQL :EXEC GetUserTreeMenu 'pramudyono hadi','1704',@CompanyId=2;
27/08/2021 14:58:44	SQL :EXEC GetUserTreeMenu 'pramudyono hadi','1705',@CompanyId=2;
27/08/2021 14:58:44	SQL :EXEC GetUserTreeMenu 'pramudyono hadi','1706',@CompanyId=2;
27/08/2021 14:58:44	SQL :EXEC GetUserTreeMenu 'pramudyono hadi','1707',@CompanyId=2;
27/08/2021 14:58:44	SQL :EXEC GetUserTreeMenu 'pramudyono hadi','1708',@CompanyId=2;
27/08/2021 14:58:44	SQL :EXEC GetUserTreeMenu 'pramudyono hadi','1709',@CompanyId=2;
27/08/2021 14:58:44	SQL :EXEC GetUserTreeMenu 'pramudyono hadi','1710',@CompanyId=2;
27/08/2021 14:58:44	SQL :EXEC GetUserTreeMenu 'pramudyono hadi','1711',@CompanyId=2;
27/08/2021 14:58:44	SQL :EXEC GetUserTreeMenu 'pramudyono hadi','1712',@CompanyId=2;
27/08/2021 14:58:44	SQL :EXEC GetUserTreeMenu 'pramudyono hadi','1713',@CompanyId=2;
27/08/2021 14:58:44	SQL :EXEC GetUserTreeMenu 'pramudyono hadi','1714',@CompanyId=2;
27/08/2021 14:58:44	SQL :EXEC GetUserTreeMenu 'pramudyono hadi','1715',@CompanyId=2;
27/08/2021 14:58:44	SQL :EXEC GetUserTreeMenu 'pramudyono hadi','1716',@CompanyId=2;
27/08/2021 14:58:44	SQL :EXEC GetUserTreeMenu 'pramudyono hadi','1717',@CompanyId=2;
27/08/2021 14:58:44	SQL :EXEC GetUserSubMenu 'pramudyono hadi','18';
27/08/2021 14:58:44	SQL :EXEC GetUserTreeMenu 'pramudyono hadi','1801',@CompanyId=2;
27/08/2021 14:58:44	SQL :EXEC GetUserSubMenu 'pramudyono hadi','19';
27/08/2021 14:58:44	SQL :EXEC GetUserTreeMenu 'pramudyono hadi','1901',@CompanyId=2;
27/08/2021 14:58:44	SQL :EXEC GetUserTreeMenu 'pramudyono hadi','1902',@CompanyId=2;
27/08/2021 14:58:44	SQL :EXEC GetUserTreeMenu 'pramudyono hadi','1903',@CompanyId=2;
27/08/2021 14:58:44	SQL :EXEC GetUserTreeMenu 'pramudyono hadi','1904',@CompanyId=2;
27/08/2021 14:58:44	SQL :EXEC GetUserTreeMenu 'pramudyono hadi','1905',@CompanyId=2;
27/08/2021 14:58:44	SQL :EXEC GetUserTreeMenu 'pramudyono hadi','1906',@CompanyId=2;
27/08/2021 14:58:44	SQL :EXEC GetUserTreeMenu 'pramudyono hadi','1907',@CompanyId=2;
27/08/2021 14:58:44	SQL :EXEC GetUserTreeMenu 'pramudyono hadi','1908',@CompanyId=2;
27/08/2021 14:58:44	SQL :EXEC GetUserTreeMenu 'pramudyono hadi','1909',@CompanyId=2;
27/08/2021 14:58:44	SQL :EXEC GetUserTreeMenu 'pramudyono hadi','1910',@CompanyId=2;
27/08/2021 14:58:44	SQL :EXEC GetUserTreeMenu 'pramudyono hadi','1911',@CompanyId=2;
27/08/2021 14:58:44	SQL :EXEC GetUserTreeMenu 'pramudyono hadi','1912',@CompanyId=2;
27/08/2021 14:58:44	SQL :SELECT CONVERT(VARCHAR(8),GETDATE(),108) AS hour_minute;
27/08/2021 14:58:44	SQL :SELECT CONVERT(VARCHAR(10),GETDATE(),103) AS date_time;
27/08/2021 14:58:44	Loading Setting
27/08/2021 14:58:44	Open DB Connection
27/08/2021 14:58:44	SQL :SELECT * FROM wh_setting WHERE setting_name='Hold_Less_Deposit';
27/08/2021 14:58:44	SQL :SELECT * FROM wh_setting WHERE setting_name='Max_Less_Deposit';
27/08/2021 14:58:44	SQL :SELECT * FROM wh_setting WHERE setting_name='Dashboard_2';
27/08/2021 14:58:44	Finish Logging
27/08/2021 14:58:44	SQL :SELECT value_string FROM wh_setting WHERE (setting_name='Interval_CheckInDate') AND (active=1);
27/08/2021 14:58:44	SQL :SELECT value_string FROM wh_setting WHERE (setting_name='Interval_CheckInTime') AND (active=1);
27/08/2021 14:58:44	SQL :SELECT value_string FROM wh_setting WHERE (setting_name='ChatEnable') and (active=1);
27/08/2021 14:58:45	Message:Port Check
27/08/2021 14:58:45	Message:Open DB Connection
27/08/2021 14:58:45	SQL :EXEC GetMessage '01','pramudyono hadi';
27/08/2021 14:58:45	SQL :SELECT CONVERT(VARCHAR(8),GETDATE(),108) AS hour_minute;
27/08/2021 14:58:45	SQL :SELECT CONVERT(VARCHAR(10),GETDATE(),103) AS date_time;
27/08/2021 14:58:52	Open Menu :130132
27/08/2021 14:58:52	Open DB Connection
27/08/2021 14:58:52	SQL :EXEC AuthMenu 'pramudyono hadi',130132;
27/08/2021 14:58:52	Form Check :VehicleInsuranceList
27/08/2021 14:58:52	Open DB Connection
27/08/2021 14:58:52	SQL :EXEC GetCompanyLocationList
27/08/2021 14:58:52	SQL :EXEC GetGroup 2;
27/08/2021 14:58:52	Open DB Connection
27/08/2021 14:58:52	SQL :EXEC GetInsuranceList 6,@CompanyId=2;
27/08/2021 14:58:54	Form Open: VehicleList=BUS,FormRequest=
27/08/2021 14:58:54	Open DB Connection
27/08/2021 14:58:54	SQL :EXEC GetInsuranceIssuer
27/08/2021 14:58:54	SQL :EXEC GetCompanyLocationList
27/08/2021 14:58:54	Open DB Connection
27/08/2021 14:58:54	SQL :EXEC GetVhcList 6,0,@CompanyId=2;
27/08/2021 14:58:54	Open DB Connection
27/08/2021 14:58:54	SQL :EXEC GetInsuranceDetail 'INSRB21080001';
27/08/2021 14:59:10	Form Open: VehicleList=BUS,FormRequest=
27/08/2021 14:59:10	Open DB Connection
27/08/2021 14:59:10	SQL :EXEC GetInsuranceIssuer
27/08/2021 14:59:10	SQL :EXEC GetCompanyLocationList
27/08/2021 14:59:10	Open DB Connection
27/08/2021 14:59:10	SQL :EXEC GetVhcList 6,0,@CompanyId=2;
27/08/2021 14:59:10	Open DB Connection
27/08/2021 14:59:10	SQL :EXEC GetInsuranceDetail 'INSRB21080001';
27/08/2021 15:01:43	Get Local Settings
27/08/2021 15:01:43	Start Change Local Settings
27/08/2021 15:01:43	Change short date format
27/08/2021 15:01:43	Change Long date format
27/08/2021 15:01:43	Finish Change Local Settings
27/08/2021 15:01:43	Registry Read: Path=SOFTWARE\WEHA\Aplikasi\3
27/08/2021 15:01:43	Registry Read/Write
27/08/2021 15:01:43	Registry Read: Path=SOFTWARE\WEHA\Aplikasi\3
27/08/2021 15:01:43	Create DB Object
27/08/2021 15:01:43	Init DB
27/08/2021 15:01:43	Finish Init DB
27/08/2021 15:01:43	Get File Version
27/08/2021 15:01:43	Change  Caption
27/08/2021 15:01:43	Init Shortkey
27/08/2021 15:01:45	Create DB Object
27/08/2021 15:01:45	Init DB
27/08/2021 15:01:45	Finish Init DB
27/08/2021 15:01:47	Update new version check
27/08/2021 15:01:47	Open DB Connection
27/08/2021 15:01:47	SQL :
27/08/2021 15:01:47	Update check version
27/08/2021 15:01:47	Open DB Connection
27/08/2021 15:01:47	SQL :SELECT version FROM wh_application WHERE application_id=(SELECT MAX(application_id) FROM wh_application);
27/08/2021 15:01:47	Start Login
27/08/2021 15:01:47	Open DB Connection
27/08/2021 15:01:47	SQL :EXEC AuthenticateUser 'pramudyono hadi','6f2b8366efa56f0c06dd6b31fcff8a73';
27/08/2021 15:01:47	SQL :INSERT INTO wh_log (user_id,app_date,app_version,app_version_svr,location_id,company_id,department_id,host_name,ip_address)  VALUES ('pramudyono hadi','27/08/2021','6.1.3.14','6.1.3.13',6,2,13,'DESKTOP-S1PD9OD','192.168.25.214');
27/08/2021 15:01:47	Open DB Connection
27/08/2021 15:01:47	SQL :EXEC GetUserMenu 'pramudyono hadi';
27/08/2021 15:01:47	SQL :EXEC GetUserSubMenu 'pramudyono hadi','11';
27/08/2021 15:01:47	SQL :EXEC GetUserTreeMenu 'pramudyono hadi','1101',@CompanyId=2;
27/08/2021 15:01:47	SQL :EXEC GetUserTreeMenu 'pramudyono hadi','1102',@CompanyId=2;
27/08/2021 15:01:47	SQL :EXEC GetUserTreeMenu 'pramudyono hadi','1103',@CompanyId=2;
27/08/2021 15:01:47	SQL :EXEC GetUserTreeMenu 'pramudyono hadi','1104',@CompanyId=2;
27/08/2021 15:01:47	SQL :EXEC GetUserTreeMenu 'pramudyono hadi','1105',@CompanyId=2;
27/08/2021 15:01:47	SQL :EXEC GetUserTreeMenu 'pramudyono hadi','1106',@CompanyId=2;
27/08/2021 15:01:47	SQL :EXEC GetUserTreeMenu 'pramudyono hadi','1107',@CompanyId=2;
27/08/2021 15:01:47	SQL :EXEC GetUserTreeMenu 'pramudyono hadi','1108',@CompanyId=2;
27/08/2021 15:01:47	SQL :EXEC GetUserTreeMenu 'pramudyono hadi','1109',@CompanyId=2;
27/08/2021 15:01:47	SQL :EXEC GetUserTreeMenu 'pramudyono hadi','1110',@CompanyId=2;
27/08/2021 15:01:47	SQL :EXEC GetUserTreeMenu 'pramudyono hadi','1111',@CompanyId=2;
27/08/2021 15:01:47	SQL :EXEC GetUserTreeMenu 'pramudyono hadi','1112',@CompanyId=2;
27/08/2021 15:01:47	SQL :EXEC GetUserTreeMenu 'pramudyono hadi','1113',@CompanyId=2;
27/08/2021 15:01:47	SQL :EXEC GetUserTreeMenu 'pramudyono hadi','1114',@CompanyId=2;
27/08/2021 15:01:47	SQL :EXEC GetUserTreeMenu 'pramudyono hadi','1115',@CompanyId=2;
27/08/2021 15:01:47	SQL :EXEC GetUserTreeMenu 'pramudyono hadi','1116',@CompanyId=2;
27/08/2021 15:01:47	SQL :EXEC GetUserTreeMenu 'pramudyono hadi','1117',@CompanyId=2;
27/08/2021 15:01:47	SQL :EXEC GetUserTreeMenu 'pramudyono hadi','1198',@CompanyId=2;
27/08/2021 15:01:47	SQL :EXEC GetUserTreeMenu 'pramudyono hadi','1199',@CompanyId=2;
27/08/2021 15:01:47	SQL :EXEC GetUserSubMenu 'pramudyono hadi','12';
27/08/2021 15:01:47	SQL :EXEC GetUserTreeMenu 'pramudyono hadi','1201',@CompanyId=2;
27/08/2021 15:01:47	SQL :EXEC GetUserTreeMenu 'pramudyono hadi','1202',@CompanyId=2;
27/08/2021 15:01:47	SQL :EXEC GetUserTreeMenu 'pramudyono hadi','1203',@CompanyId=2;
27/08/2021 15:01:47	SQL :EXEC GetUserTreeMenu 'pramudyono hadi','1204',@CompanyId=2;
27/08/2021 15:01:47	SQL :EXEC GetUserTreeMenu 'pramudyono hadi','1205',@CompanyId=2;
27/08/2021 15:01:47	SQL :EXEC GetUserTreeMenu 'pramudyono hadi','1206',@CompanyId=2;
27/08/2021 15:01:47	SQL :EXEC GetUserTreeMenu 'pramudyono hadi','1207',@CompanyId=2;
27/08/2021 15:01:47	SQL :EXEC GetUserSubMenu 'pramudyono hadi','13';
27/08/2021 15:01:47	SQL :EXEC GetUserTreeMenu 'pramudyono hadi','1301',@CompanyId=2;
27/08/2021 15:01:47	SQL :EXEC GetUserTreeMenu 'pramudyono hadi','1302',@CompanyId=2;
27/08/2021 15:01:47	SQL :EXEC GetUserTreeMenu 'pramudyono hadi','1303',@CompanyId=2;
27/08/2021 15:01:47	SQL :EXEC GetUserTreeMenu 'pramudyono hadi','1304',@CompanyId=2;
27/08/2021 15:01:47	SQL :EXEC GetUserTreeMenu 'pramudyono hadi','1305',@CompanyId=2;
27/08/2021 15:01:47	SQL :EXEC GetUserTreeMenu 'pramudyono hadi','1306',@CompanyId=2;
27/08/2021 15:01:47	SQL :EXEC GetUserTreeMenu 'pramudyono hadi','1307',@CompanyId=2;
27/08/2021 15:01:47	SQL :EXEC GetUserTreeMenu 'pramudyono hadi','1308',@CompanyId=2;
27/08/2021 15:01:47	SQL :EXEC GetUserTreeMenu 'pramudyono hadi','1309',@CompanyId=2;
27/08/2021 15:01:47	SQL :EXEC GetUserTreeMenu 'pramudyono hadi','1310',@CompanyId=2;
27/08/2021 15:01:47	SQL :EXEC GetUserTreeMenu 'pramudyono hadi','1311',@CompanyId=2;
27/08/2021 15:01:47	SQL :EXEC GetUserTreeMenu 'pramudyono hadi','1312',@CompanyId=2;
27/08/2021 15:01:47	SQL :EXEC GetUserTreeMenu 'pramudyono hadi','1313',@CompanyId=2;
27/08/2021 15:01:47	SQL :EXEC GetUserTreeMenu 'pramudyono hadi','1314',@CompanyId=2;
27/08/2021 15:01:47	SQL :EXEC GetUserTreeMenu 'pramudyono hadi','1315',@CompanyId=2;
27/08/2021 15:01:47	SQL :EXEC GetUserTreeMenu 'pramudyono hadi','1316',@CompanyId=2;
27/08/2021 15:01:48	SQL :EXEC GetUserTreeMenu 'pramudyono hadi','1317',@CompanyId=2;
27/08/2021 15:01:48	SQL :EXEC GetUserTreeMenu 'pramudyono hadi','1318',@CompanyId=2;
27/08/2021 15:01:48	SQL :EXEC GetUserTreeMenu 'pramudyono hadi','1319',@CompanyId=2;
27/08/2021 15:01:48	SQL :EXEC GetUserTreeMenu 'pramudyono hadi','1320',@CompanyId=2;
27/08/2021 15:01:48	SQL :EXEC GetUserTreeMenu 'pramudyono hadi','1321',@CompanyId=2;
27/08/2021 15:01:48	SQL :EXEC GetUserSubMenu 'pramudyono hadi','14';
27/08/2021 15:01:48	SQL :EXEC GetUserTreeMenu 'pramudyono hadi','1401',@CompanyId=2;
27/08/2021 15:01:48	SQL :EXEC GetUserTreeMenu 'pramudyono hadi','1402',@CompanyId=2;
27/08/2021 15:01:48	SQL :EXEC GetUserTreeMenu 'pramudyono hadi','1403',@CompanyId=2;
27/08/2021 15:01:48	SQL :EXEC GetUserTreeMenu 'pramudyono hadi','1404',@CompanyId=2;
27/08/2021 15:01:48	SQL :EXEC GetUserTreeMenu 'pramudyono hadi','1406',@CompanyId=2;
27/08/2021 15:01:48	SQL :EXEC GetUserTreeMenu 'pramudyono hadi','1408',@CompanyId=2;
27/08/2021 15:01:48	SQL :EXEC GetUserTreeMenu 'pramudyono hadi','1410',@CompanyId=2;
27/08/2021 15:01:48	SQL :EXEC GetUserTreeMenu 'pramudyono hadi','1411',@CompanyId=2;
27/08/2021 15:01:48	SQL :EXEC GetUserTreeMenu 'pramudyono hadi','1412',@CompanyId=2;
27/08/2021 15:01:48	SQL :EXEC GetUserTreeMenu 'pramudyono hadi','1413',@CompanyId=2;
27/08/2021 15:01:48	SQL :EXEC GetUserTreeMenu 'pramudyono hadi','1414',@CompanyId=2;
27/08/2021 15:01:48	SQL :EXEC GetUserSubMenu 'pramudyono hadi','15';
27/08/2021 15:01:48	SQL :EXEC GetUserTreeMenu 'pramudyono hadi','1501',@CompanyId=2;
27/08/2021 15:01:48	SQL :EXEC GetUserTreeMenu 'pramudyono hadi','1502',@CompanyId=2;
27/08/2021 15:01:48	SQL :EXEC GetUserTreeMenu 'pramudyono hadi','1503',@CompanyId=2;
27/08/2021 15:01:48	SQL :EXEC GetUserTreeMenu 'pramudyono hadi','1504',@CompanyId=2;
27/08/2021 15:01:48	SQL :EXEC GetUserTreeMenu 'pramudyono hadi','1505',@CompanyId=2;
27/08/2021 15:01:48	SQL :EXEC GetUserTreeMenu 'pramudyono hadi','1506',@CompanyId=2;
27/08/2021 15:01:48	SQL :EXEC GetUserTreeMenu 'pramudyono hadi','1507',@CompanyId=2;
27/08/2021 15:01:48	SQL :EXEC GetUserTreeMenu 'pramudyono hadi','1508',@CompanyId=2;
27/08/2021 15:01:48	SQL :EXEC GetUserTreeMenu 'pramudyono hadi','1509',@CompanyId=2;
27/08/2021 15:01:48	SQL :EXEC GetUserTreeMenu 'pramudyono hadi','1510',@CompanyId=2;
27/08/2021 15:01:48	SQL :EXEC GetUserTreeMenu 'pramudyono hadi','1511',@CompanyId=2;
27/08/2021 15:01:48	SQL :EXEC GetUserSubMenu 'pramudyono hadi','16';
27/08/2021 15:01:48	SQL :EXEC GetUserTreeMenu 'pramudyono hadi','1601',@CompanyId=2;
27/08/2021 15:01:48	SQL :EXEC GetUserTreeMenu 'pramudyono hadi','1602',@CompanyId=2;
27/08/2021 15:01:48	SQL :EXEC GetUserTreeMenu 'pramudyono hadi','1603',@CompanyId=2;
27/08/2021 15:01:48	SQL :EXEC GetUserTreeMenu 'pramudyono hadi','1604',@CompanyId=2;
27/08/2021 15:01:48	SQL :EXEC GetUserTreeMenu 'pramudyono hadi','1605',@CompanyId=2;
27/08/2021 15:01:48	SQL :EXEC GetUserTreeMenu 'pramudyono hadi','1606',@CompanyId=2;
27/08/2021 15:01:48	SQL :EXEC GetUserTreeMenu 'pramudyono hadi','1607',@CompanyId=2;
27/08/2021 15:01:48	SQL :EXEC GetUserTreeMenu 'pramudyono hadi','1608',@CompanyId=2;
27/08/2021 15:01:48	SQL :EXEC GetUserTreeMenu 'pramudyono hadi','1609',@CompanyId=2;
27/08/2021 15:01:48	SQL :EXEC GetUserTreeMenu 'pramudyono hadi','1610',@CompanyId=2;
27/08/2021 15:01:48	SQL :EXEC GetUserTreeMenu 'pramudyono hadi','1611',@CompanyId=2;
27/08/2021 15:01:48	SQL :EXEC GetUserTreeMenu 'pramudyono hadi','1612',@CompanyId=2;
27/08/2021 15:01:48	SQL :EXEC GetUserTreeMenu 'pramudyono hadi','1613',@CompanyId=2;
27/08/2021 15:01:48	SQL :EXEC GetUserTreeMenu 'pramudyono hadi','1614',@CompanyId=2;
27/08/2021 15:01:48	SQL :EXEC GetUserTreeMenu 'pramudyono hadi','1615',@CompanyId=2;
27/08/2021 15:01:48	SQL :EXEC GetUserTreeMenu 'pramudyono hadi','1616',@CompanyId=2;
27/08/2021 15:01:48	SQL :EXEC GetUserTreeMenu 'pramudyono hadi','1619',@CompanyId=2;
27/08/2021 15:01:48	SQL :EXEC GetUserTreeMenu 'pramudyono hadi','1620',@CompanyId=2;
27/08/2021 15:01:48	SQL :EXEC GetUserSubMenu 'pramudyono hadi','17';
27/08/2021 15:01:48	SQL :EXEC GetUserTreeMenu 'pramudyono hadi','1701',@CompanyId=2;
27/08/2021 15:01:48	SQL :EXEC GetUserTreeMenu 'pramudyono hadi','1702',@CompanyId=2;
27/08/2021 15:01:48	SQL :EXEC GetUserTreeMenu 'pramudyono hadi','1703',@CompanyId=2;
27/08/2021 15:01:48	SQL :EXEC GetUserTreeMenu 'pramudyono hadi','1704',@CompanyId=2;
27/08/2021 15:01:48	SQL :EXEC GetUserTreeMenu 'pramudyono hadi','1705',@CompanyId=2;
27/08/2021 15:01:48	SQL :EXEC GetUserTreeMenu 'pramudyono hadi','1706',@CompanyId=2;
27/08/2021 15:01:48	SQL :EXEC GetUserTreeMenu 'pramudyono hadi','1707',@CompanyId=2;
27/08/2021 15:01:48	SQL :EXEC GetUserTreeMenu 'pramudyono hadi','1708',@CompanyId=2;
27/08/2021 15:01:48	SQL :EXEC GetUserTreeMenu 'pramudyono hadi','1709',@CompanyId=2;
27/08/2021 15:01:48	SQL :EXEC GetUserTreeMenu 'pramudyono hadi','1710',@CompanyId=2;
27/08/2021 15:01:48	SQL :EXEC GetUserTreeMenu 'pramudyono hadi','1711',@CompanyId=2;
27/08/2021 15:01:48	SQL :EXEC GetUserTreeMenu 'pramudyono hadi','1712',@CompanyId=2;
27/08/2021 15:01:48	SQL :EXEC GetUserTreeMenu 'pramudyono hadi','1713',@CompanyId=2;
27/08/2021 15:01:48	SQL :EXEC GetUserTreeMenu 'pramudyono hadi','1714',@CompanyId=2;
27/08/2021 15:01:48	SQL :EXEC GetUserTreeMenu 'pramudyono hadi','1715',@CompanyId=2;
27/08/2021 15:01:48	SQL :EXEC GetUserTreeMenu 'pramudyono hadi','1716',@CompanyId=2;
27/08/2021 15:01:48	SQL :EXEC GetUserTreeMenu 'pramudyono hadi','1717',@CompanyId=2;
27/08/2021 15:01:48	SQL :EXEC GetUserSubMenu 'pramudyono hadi','18';
27/08/2021 15:01:48	SQL :EXEC GetUserTreeMenu 'pramudyono hadi','1801',@CompanyId=2;
27/08/2021 15:01:48	SQL :EXEC GetUserSubMenu 'pramudyono hadi','19';
27/08/2021 15:01:48	SQL :EXEC GetUserTreeMenu 'pramudyono hadi','1901',@CompanyId=2;
27/08/2021 15:01:48	SQL :EXEC GetUserTreeMenu 'pramudyono hadi','1902',@CompanyId=2;
27/08/2021 15:01:48	SQL :EXEC GetUserTreeMenu 'pramudyono hadi','1903',@CompanyId=2;
27/08/2021 15:01:48	SQL :EXEC GetUserTreeMenu 'pramudyono hadi','1904',@CompanyId=2;
27/08/2021 15:01:48	SQL :EXEC GetUserTreeMenu 'pramudyono hadi','1905',@CompanyId=2;
27/08/2021 15:01:48	SQL :EXEC GetUserTreeMenu 'pramudyono hadi','1906',@CompanyId=2;
27/08/2021 15:01:48	SQL :EXEC GetUserTreeMenu 'pramudyono hadi','1907',@CompanyId=2;
27/08/2021 15:01:48	SQL :EXEC GetUserTreeMenu 'pramudyono hadi','1908',@CompanyId=2;
27/08/2021 15:01:48	SQL :EXEC GetUserTreeMenu 'pramudyono hadi','1909',@CompanyId=2;
27/08/2021 15:01:48	SQL :EXEC GetUserTreeMenu 'pramudyono hadi','1910',@CompanyId=2;
27/08/2021 15:01:48	SQL :EXEC GetUserTreeMenu 'pramudyono hadi','1911',@CompanyId=2;
27/08/2021 15:01:48	SQL :EXEC GetUserTreeMenu 'pramudyono hadi','1912',@CompanyId=2;
27/08/2021 15:01:48	SQL :SELECT CONVERT(VARCHAR(8),GETDATE(),108) AS hour_minute;
27/08/2021 15:01:48	SQL :SELECT CONVERT(VARCHAR(10),GETDATE(),103) AS date_time;
27/08/2021 15:01:49	Loading Setting
27/08/2021 15:01:49	Open DB Connection
27/08/2021 15:01:49	SQL :SELECT * FROM wh_setting WHERE setting_name='Hold_Less_Deposit';
27/08/2021 15:01:49	SQL :SELECT * FROM wh_setting WHERE setting_name='Max_Less_Deposit';
27/08/2021 15:01:49	SQL :SELECT * FROM wh_setting WHERE setting_name='Dashboard_2';
27/08/2021 15:01:49	Finish Logging
27/08/2021 15:01:49	SQL :SELECT value_string FROM wh_setting WHERE (setting_name='Interval_CheckInDate') AND (active=1);
27/08/2021 15:01:49	SQL :SELECT value_string FROM wh_setting WHERE (setting_name='Interval_CheckInTime') AND (active=1);
27/08/2021 15:01:49	SQL :SELECT value_string FROM wh_setting WHERE (setting_name='ChatEnable') and (active=1);
27/08/2021 15:01:49	Message:Port Check
27/08/2021 15:01:50	Message:Open DB Connection
27/08/2021 15:01:50	SQL :EXEC GetMessage '01','pramudyono hadi';
27/08/2021 15:01:50	SQL :SELECT CONVERT(VARCHAR(8),GETDATE(),108) AS hour_minute;
27/08/2021 15:01:50	SQL :SELECT CONVERT(VARCHAR(10),GETDATE(),103) AS date_time;
27/08/2021 15:01:57	Open Menu :130132
27/08/2021 15:01:57	Open DB Connection
27/08/2021 15:01:57	SQL :EXEC AuthMenu 'pramudyono hadi',130132;
27/08/2021 15:01:57	Form Check :VehicleInsuranceList
27/08/2021 15:01:57	Open DB Connection
27/08/2021 15:01:57	SQL :EXEC GetCompanyLocationList
27/08/2021 15:01:57	SQL :EXEC GetGroup 2;
27/08/2021 15:01:57	Open DB Connection
27/08/2021 15:01:57	SQL :EXEC GetInsuranceList 6,@CompanyId=2;
27/08/2021 15:01:58	Form Open: VehicleList=BUS,FormRequest=
27/08/2021 15:01:59	Open DB Connection
27/08/2021 15:01:59	SQL :EXEC GetInsuranceIssuer
27/08/2021 15:01:59	SQL :EXEC GetCompanyLocationList
27/08/2021 15:01:59	Open DB Connection
27/08/2021 15:01:59	SQL :EXEC GetVhcList 6,0,@CompanyId=2;
27/08/2021 15:01:59	Open DB Connection
27/08/2021 15:01:59	SQL :EXEC GetInsuranceDetail 'INSRB21080001';
27/08/2021 15:03:48	Get Local Settings
27/08/2021 15:03:48	Start Change Local Settings
27/08/2021 15:03:48	Change short date format
27/08/2021 15:03:48	Change Long date format
27/08/2021 15:03:48	Finish Change Local Settings
27/08/2021 15:03:48	Registry Read: Path=SOFTWARE\WEHA\Aplikasi\3
27/08/2021 15:03:48	Registry Read/Write
27/08/2021 15:03:48	Registry Read: Path=SOFTWARE\WEHA\Aplikasi\3
27/08/2021 15:03:48	Create DB Object
27/08/2021 15:03:48	Init DB
27/08/2021 15:03:48	Finish Init DB
27/08/2021 15:03:48	Get File Version
27/08/2021 15:03:48	Change  Caption
27/08/2021 15:03:48	Init Shortkey
27/08/2021 15:03:51	Create DB Object
27/08/2021 15:03:51	Init DB
27/08/2021 15:03:51	Finish Init DB
27/08/2021 15:03:53	Update new version check
27/08/2021 15:03:53	Open DB Connection
27/08/2021 15:03:53	SQL :
27/08/2021 15:03:53	Update check version
27/08/2021 15:03:53	Open DB Connection
27/08/2021 15:03:53	SQL :SELECT version FROM wh_application WHERE application_id=(SELECT MAX(application_id) FROM wh_application);
27/08/2021 15:03:53	Start Login
27/08/2021 15:03:53	Open DB Connection
27/08/2021 15:03:53	SQL :EXEC AuthenticateUser 'pramudyono hadi','6f2b8366efa56f0c06dd6b31fcff8a73';
27/08/2021 15:03:53	SQL :INSERT INTO wh_log (user_id,app_date,app_version,app_version_svr,location_id,company_id,department_id,host_name,ip_address)  VALUES ('pramudyono hadi','27/08/2021','6.1.3.14','6.1.3.13',6,2,13,'DESKTOP-S1PD9OD','192.168.25.214');
27/08/2021 15:03:53	Open DB Connection
27/08/2021 15:03:53	SQL :EXEC GetUserMenu 'pramudyono hadi';
27/08/2021 15:03:53	SQL :EXEC GetUserSubMenu 'pramudyono hadi','11';
27/08/2021 15:03:53	SQL :EXEC GetUserTreeMenu 'pramudyono hadi','1101',@CompanyId=2;
27/08/2021 15:03:53	SQL :EXEC GetUserTreeMenu 'pramudyono hadi','1102',@CompanyId=2;
27/08/2021 15:03:53	SQL :EXEC GetUserTreeMenu 'pramudyono hadi','1103',@CompanyId=2;
27/08/2021 15:03:53	SQL :EXEC GetUserTreeMenu 'pramudyono hadi','1104',@CompanyId=2;
27/08/2021 15:03:53	SQL :EXEC GetUserTreeMenu 'pramudyono hadi','1105',@CompanyId=2;
27/08/2021 15:03:53	SQL :EXEC GetUserTreeMenu 'pramudyono hadi','1106',@CompanyId=2;
27/08/2021 15:03:53	SQL :EXEC GetUserTreeMenu 'pramudyono hadi','1107',@CompanyId=2;
27/08/2021 15:03:53	SQL :EXEC GetUserTreeMenu 'pramudyono hadi','1108',@CompanyId=2;
27/08/2021 15:03:53	SQL :EXEC GetUserTreeMenu 'pramudyono hadi','1109',@CompanyId=2;
27/08/2021 15:03:53	SQL :EXEC GetUserTreeMenu 'pramudyono hadi','1110',@CompanyId=2;
27/08/2021 15:03:53	SQL :EXEC GetUserTreeMenu 'pramudyono hadi','1111',@CompanyId=2;
27/08/2021 15:03:53	SQL :EXEC GetUserTreeMenu 'pramudyono hadi','1112',@CompanyId=2;
27/08/2021 15:03:53	SQL :EXEC GetUserTreeMenu 'pramudyono hadi','1113',@CompanyId=2;
27/08/2021 15:03:53	SQL :EXEC GetUserTreeMenu 'pramudyono hadi','1114',@CompanyId=2;
27/08/2021 15:03:53	SQL :EXEC GetUserTreeMenu 'pramudyono hadi','1115',@CompanyId=2;
27/08/2021 15:03:53	SQL :EXEC GetUserTreeMenu 'pramudyono hadi','1116',@CompanyId=2;
27/08/2021 15:03:53	SQL :EXEC GetUserTreeMenu 'pramudyono hadi','1117',@CompanyId=2;
27/08/2021 15:03:53	SQL :EXEC GetUserTreeMenu 'pramudyono hadi','1198',@CompanyId=2;
27/08/2021 15:03:53	SQL :EXEC GetUserTreeMenu 'pramudyono hadi','1199',@CompanyId=2;
27/08/2021 15:03:53	SQL :EXEC GetUserSubMenu 'pramudyono hadi','12';
27/08/2021 15:03:53	SQL :EXEC GetUserTreeMenu 'pramudyono hadi','1201',@CompanyId=2;
27/08/2021 15:03:53	SQL :EXEC GetUserTreeMenu 'pramudyono hadi','1202',@CompanyId=2;
27/08/2021 15:03:53	SQL :EXEC GetUserTreeMenu 'pramudyono hadi','1203',@CompanyId=2;
27/08/2021 15:03:53	SQL :EXEC GetUserTreeMenu 'pramudyono hadi','1204',@CompanyId=2;
27/08/2021 15:03:53	SQL :EXEC GetUserTreeMenu 'pramudyono hadi','1205',@CompanyId=2;
27/08/2021 15:03:53	SQL :EXEC GetUserTreeMenu 'pramudyono hadi','1206',@CompanyId=2;
27/08/2021 15:03:53	SQL :EXEC GetUserTreeMenu 'pramudyono hadi','1207',@CompanyId=2;
27/08/2021 15:03:53	SQL :EXEC GetUserSubMenu 'pramudyono hadi','13';
27/08/2021 15:03:53	SQL :EXEC GetUserTreeMenu 'pramudyono hadi','1301',@CompanyId=2;
27/08/2021 15:03:53	SQL :EXEC GetUserTreeMenu 'pramudyono hadi','1302',@CompanyId=2;
27/08/2021 15:03:53	SQL :EXEC GetUserTreeMenu 'pramudyono hadi','1303',@CompanyId=2;
27/08/2021 15:03:53	SQL :EXEC GetUserTreeMenu 'pramudyono hadi','1304',@CompanyId=2;
27/08/2021 15:03:53	SQL :EXEC GetUserTreeMenu 'pramudyono hadi','1305',@CompanyId=2;
27/08/2021 15:03:53	SQL :EXEC GetUserTreeMenu 'pramudyono hadi','1306',@CompanyId=2;
27/08/2021 15:03:53	SQL :EXEC GetUserTreeMenu 'pramudyono hadi','1307',@CompanyId=2;
27/08/2021 15:03:53	SQL :EXEC GetUserTreeMenu 'pramudyono hadi','1308',@CompanyId=2;
27/08/2021 15:03:53	SQL :EXEC GetUserTreeMenu 'pramudyono hadi','1309',@CompanyId=2;
27/08/2021 15:03:53	SQL :EXEC GetUserTreeMenu 'pramudyono hadi','1310',@CompanyId=2;
27/08/2021 15:03:53	SQL :EXEC GetUserTreeMenu 'pramudyono hadi','1311',@CompanyId=2;
27/08/2021 15:03:53	SQL :EXEC GetUserTreeMenu 'pramudyono hadi','1312',@CompanyId=2;
27/08/2021 15:03:53	SQL :EXEC GetUserTreeMenu 'pramudyono hadi','1313',@CompanyId=2;
27/08/2021 15:03:53	SQL :EXEC GetUserTreeMenu 'pramudyono hadi','1314',@CompanyId=2;
27/08/2021 15:03:53	SQL :EXEC GetUserTreeMenu 'pramudyono hadi','1315',@CompanyId=2;
27/08/2021 15:03:53	SQL :EXEC GetUserTreeMenu 'pramudyono hadi','1316',@CompanyId=2;
27/08/2021 15:03:53	SQL :EXEC GetUserTreeMenu 'pramudyono hadi','1317',@CompanyId=2;
27/08/2021 15:03:53	SQL :EXEC GetUserTreeMenu 'pramudyono hadi','1318',@CompanyId=2;
27/08/2021 15:03:53	SQL :EXEC GetUserTreeMenu 'pramudyono hadi','1319',@CompanyId=2;
27/08/2021 15:03:53	SQL :EXEC GetUserTreeMenu 'pramudyono hadi','1320',@CompanyId=2;
27/08/2021 15:03:53	SQL :EXEC GetUserTreeMenu 'pramudyono hadi','1321',@CompanyId=2;
27/08/2021 15:03:53	SQL :EXEC GetUserSubMenu 'pramudyono hadi','14';
27/08/2021 15:03:53	SQL :EXEC GetUserTreeMenu 'pramudyono hadi','1401',@CompanyId=2;
27/08/2021 15:03:53	SQL :EXEC GetUserTreeMenu 'pramudyono hadi','1402',@CompanyId=2;
27/08/2021 15:03:53	SQL :EXEC GetUserTreeMenu 'pramudyono hadi','1403',@CompanyId=2;
27/08/2021 15:03:53	SQL :EXEC GetUserTreeMenu 'pramudyono hadi','1404',@CompanyId=2;
27/08/2021 15:03:53	SQL :EXEC GetUserTreeMenu 'pramudyono hadi','1406',@CompanyId=2;
27/08/2021 15:03:53	SQL :EXEC GetUserTreeMenu 'pramudyono hadi','1408',@CompanyId=2;
27/08/2021 15:03:53	SQL :EXEC GetUserTreeMenu 'pramudyono hadi','1410',@CompanyId=2;
27/08/2021 15:03:53	SQL :EXEC GetUserTreeMenu 'pramudyono hadi','1411',@CompanyId=2;
27/08/2021 15:03:53	SQL :EXEC GetUserTreeMenu 'pramudyono hadi','1412',@CompanyId=2;
27/08/2021 15:03:54	SQL :EXEC GetUserTreeMenu 'pramudyono hadi','1413',@CompanyId=2;
27/08/2021 15:03:54	SQL :EXEC GetUserTreeMenu 'pramudyono hadi','1414',@CompanyId=2;
27/08/2021 15:03:54	SQL :EXEC GetUserSubMenu 'pramudyono hadi','15';
27/08/2021 15:03:54	SQL :EXEC GetUserTreeMenu 'pramudyono hadi','1501',@CompanyId=2;
27/08/2021 15:03:54	SQL :EXEC GetUserTreeMenu 'pramudyono hadi','1502',@CompanyId=2;
27/08/2021 15:03:54	SQL :EXEC GetUserTreeMenu 'pramudyono hadi','1503',@CompanyId=2;
27/08/2021 15:03:54	SQL :EXEC GetUserTreeMenu 'pramudyono hadi','1504',@CompanyId=2;
27/08/2021 15:03:54	SQL :EXEC GetUserTreeMenu 'pramudyono hadi','1505',@CompanyId=2;
27/08/2021 15:03:54	SQL :EXEC GetUserTreeMenu 'pramudyono hadi','1506',@CompanyId=2;
27/08/2021 15:03:54	SQL :EXEC GetUserTreeMenu 'pramudyono hadi','1507',@CompanyId=2;
27/08/2021 15:03:54	SQL :EXEC GetUserTreeMenu 'pramudyono hadi','1508',@CompanyId=2;
27/08/2021 15:03:54	SQL :EXEC GetUserTreeMenu 'pramudyono hadi','1509',@CompanyId=2;
27/08/2021 15:03:54	SQL :EXEC GetUserTreeMenu 'pramudyono hadi','1510',@CompanyId=2;
27/08/2021 15:03:54	SQL :EXEC GetUserTreeMenu 'pramudyono hadi','1511',@CompanyId=2;
27/08/2021 15:03:54	SQL :EXEC GetUserSubMenu 'pramudyono hadi','16';
27/08/2021 15:03:54	SQL :EXEC GetUserTreeMenu 'pramudyono hadi','1601',@CompanyId=2;
27/08/2021 15:03:54	SQL :EXEC GetUserTreeMenu 'pramudyono hadi','1602',@CompanyId=2;
27/08/2021 15:03:54	SQL :EXEC GetUserTreeMenu 'pramudyono hadi','1603',@CompanyId=2;
27/08/2021 15:03:54	SQL :EXEC GetUserTreeMenu 'pramudyono hadi','1604',@CompanyId=2;
27/08/2021 15:03:54	SQL :EXEC GetUserTreeMenu 'pramudyono hadi','1605',@CompanyId=2;
27/08/2021 15:03:54	SQL :EXEC GetUserTreeMenu 'pramudyono hadi','1606',@CompanyId=2;
27/08/2021 15:03:54	SQL :EXEC GetUserTreeMenu 'pramudyono hadi','1607',@CompanyId=2;
27/08/2021 15:03:54	SQL :EXEC GetUserTreeMenu 'pramudyono hadi','1608',@CompanyId=2;
27/08/2021 15:03:54	SQL :EXEC GetUserTreeMenu 'pramudyono hadi','1609',@CompanyId=2;
27/08/2021 15:03:54	SQL :EXEC GetUserTreeMenu 'pramudyono hadi','1610',@CompanyId=2;
27/08/2021 15:03:54	SQL :EXEC GetUserTreeMenu 'pramudyono hadi','1611',@CompanyId=2;
27/08/2021 15:03:54	SQL :EXEC GetUserTreeMenu 'pramudyono hadi','1612',@CompanyId=2;
27/08/2021 15:03:54	SQL :EXEC GetUserTreeMenu 'pramudyono hadi','1613',@CompanyId=2;
27/08/2021 15:03:54	SQL :EXEC GetUserTreeMenu 'pramudyono hadi','1614',@CompanyId=2;
27/08/2021 15:03:54	SQL :EXEC GetUserTreeMenu 'pramudyono hadi','1615',@CompanyId=2;
27/08/2021 15:03:54	SQL :EXEC GetUserTreeMenu 'pramudyono hadi','1616',@CompanyId=2;
27/08/2021 15:03:54	SQL :EXEC GetUserTreeMenu 'pramudyono hadi','1619',@CompanyId=2;
27/08/2021 15:03:54	SQL :EXEC GetUserTreeMenu 'pramudyono hadi','1620',@CompanyId=2;
27/08/2021 15:03:54	SQL :EXEC GetUserSubMenu 'pramudyono hadi','17';
27/08/2021 15:03:54	SQL :EXEC GetUserTreeMenu 'pramudyono hadi','1701',@CompanyId=2;
27/08/2021 15:03:54	SQL :EXEC GetUserTreeMenu 'pramudyono hadi','1702',@CompanyId=2;
27/08/2021 15:03:54	SQL :EXEC GetUserTreeMenu 'pramudyono hadi','1703',@CompanyId=2;
27/08/2021 15:03:54	SQL :EXEC GetUserTreeMenu 'pramudyono hadi','1704',@CompanyId=2;
27/08/2021 15:03:54	SQL :EXEC GetUserTreeMenu 'pramudyono hadi','1705',@CompanyId=2;
27/08/2021 15:03:54	SQL :EXEC GetUserTreeMenu 'pramudyono hadi','1706',@CompanyId=2;
27/08/2021 15:03:54	SQL :EXEC GetUserTreeMenu 'pramudyono hadi','1707',@CompanyId=2;
27/08/2021 15:03:54	SQL :EXEC GetUserTreeMenu 'pramudyono hadi','1708',@CompanyId=2;
27/08/2021 15:03:54	SQL :EXEC GetUserTreeMenu 'pramudyono hadi','1709',@CompanyId=2;
27/08/2021 15:03:54	SQL :EXEC GetUserTreeMenu 'pramudyono hadi','1710',@CompanyId=2;
27/08/2021 15:03:54	SQL :EXEC GetUserTreeMenu 'pramudyono hadi','1711',@CompanyId=2;
27/08/2021 15:03:54	SQL :EXEC GetUserTreeMenu 'pramudyono hadi','1712',@CompanyId=2;
27/08/2021 15:03:54	SQL :EXEC GetUserTreeMenu 'pramudyono hadi','1713',@CompanyId=2;
27/08/2021 15:03:54	SQL :EXEC GetUserTreeMenu 'pramudyono hadi','1714',@CompanyId=2;
27/08/2021 15:03:54	SQL :EXEC GetUserTreeMenu 'pramudyono hadi','1715',@CompanyId=2;
27/08/2021 15:03:54	SQL :EXEC GetUserTreeMenu 'pramudyono hadi','1716',@CompanyId=2;
27/08/2021 15:03:54	SQL :EXEC GetUserTreeMenu 'pramudyono hadi','1717',@CompanyId=2;
27/08/2021 15:03:54	SQL :EXEC GetUserSubMenu 'pramudyono hadi','18';
27/08/2021 15:03:54	SQL :EXEC GetUserTreeMenu 'pramudyono hadi','1801',@CompanyId=2;
27/08/2021 15:03:54	SQL :EXEC GetUserSubMenu 'pramudyono hadi','19';
27/08/2021 15:03:54	SQL :EXEC GetUserTreeMenu 'pramudyono hadi','1901',@CompanyId=2;
27/08/2021 15:03:54	SQL :EXEC GetUserTreeMenu 'pramudyono hadi','1902',@CompanyId=2;
27/08/2021 15:03:54	SQL :EXEC GetUserTreeMenu 'pramudyono hadi','1903',@CompanyId=2;
27/08/2021 15:03:54	SQL :EXEC GetUserTreeMenu 'pramudyono hadi','1904',@CompanyId=2;
27/08/2021 15:03:54	SQL :EXEC GetUserTreeMenu 'pramudyono hadi','1905',@CompanyId=2;
27/08/2021 15:03:54	SQL :EXEC GetUserTreeMenu 'pramudyono hadi','1906',@CompanyId=2;
27/08/2021 15:03:54	SQL :EXEC GetUserTreeMenu 'pramudyono hadi','1907',@CompanyId=2;
27/08/2021 15:03:54	SQL :EXEC GetUserTreeMenu 'pramudyono hadi','1908',@CompanyId=2;
27/08/2021 15:03:54	SQL :EXEC GetUserTreeMenu 'pramudyono hadi','1909',@CompanyId=2;
27/08/2021 15:03:54	SQL :EXEC GetUserTreeMenu 'pramudyono hadi','1910',@CompanyId=2;
27/08/2021 15:03:54	SQL :EXEC GetUserTreeMenu 'pramudyono hadi','1911',@CompanyId=2;
27/08/2021 15:03:54	SQL :EXEC GetUserTreeMenu 'pramudyono hadi','1912',@CompanyId=2;
27/08/2021 15:03:54	SQL :SELECT CONVERT(VARCHAR(8),GETDATE(),108) AS hour_minute;
27/08/2021 15:03:54	SQL :SELECT CONVERT(VARCHAR(10),GETDATE(),103) AS date_time;
27/08/2021 15:03:54	Loading Setting
27/08/2021 15:03:54	Open DB Connection
27/08/2021 15:03:54	SQL :SELECT * FROM wh_setting WHERE setting_name='Hold_Less_Deposit';
27/08/2021 15:03:54	SQL :SELECT * FROM wh_setting WHERE setting_name='Max_Less_Deposit';
27/08/2021 15:03:54	SQL :SELECT * FROM wh_setting WHERE setting_name='Dashboard_2';
27/08/2021 15:03:54	Finish Logging
27/08/2021 15:03:54	SQL :SELECT value_string FROM wh_setting WHERE (setting_name='Interval_CheckInDate') AND (active=1);
27/08/2021 15:03:54	SQL :SELECT value_string FROM wh_setting WHERE (setting_name='Interval_CheckInTime') AND (active=1);
27/08/2021 15:03:54	SQL :SELECT value_string FROM wh_setting WHERE (setting_name='ChatEnable') and (active=1);
27/08/2021 15:03:55	Message:Port Check
27/08/2021 15:03:55	Message:Open DB Connection
27/08/2021 15:03:55	SQL :EXEC GetMessage '01','pramudyono hadi';
27/08/2021 15:03:55	SQL :SELECT CONVERT(VARCHAR(8),GETDATE(),108) AS hour_minute;
27/08/2021 15:03:55	SQL :SELECT CONVERT(VARCHAR(10),GETDATE(),103) AS date_time;
27/08/2021 15:03:57	Open Menu :130132
27/08/2021 15:03:57	Open DB Connection
27/08/2021 15:03:57	SQL :EXEC AuthMenu 'pramudyono hadi',130132;
27/08/2021 15:03:57	Form Check :VehicleInsuranceList
27/08/2021 15:03:57	Open DB Connection
27/08/2021 15:03:57	SQL :EXEC GetCompanyLocationList
27/08/2021 15:03:57	SQL :EXEC GetGroup 2;
27/08/2021 15:03:57	Open DB Connection
27/08/2021 15:03:57	SQL :EXEC GetInsuranceList 6,@CompanyId=2;
27/08/2021 15:03:58	Form Open: VehicleList=BUS,FormRequest=
27/08/2021 15:03:58	Open DB Connection
27/08/2021 15:03:58	SQL :EXEC GetInsuranceIssuer
27/08/2021 15:03:58	SQL :EXEC GetCompanyLocationList
27/08/2021 15:03:59	Open DB Connection
27/08/2021 15:03:59	SQL :EXEC GetVhcList 6,0,@CompanyId=2;
27/08/2021 15:03:59	Open DB Connection
27/08/2021 15:03:59	SQL :EXEC GetInsuranceDetail 'INSRB21080001';
30/08/2021 11:30:42	Get Local Settings
30/08/2021 11:30:42	Start Change Local Settings
30/08/2021 11:30:42	Change short date format
30/08/2021 11:30:42	Change Long date format
30/08/2021 11:30:42	Finish Change Local Settings
30/08/2021 11:30:42	Registry Read: Path=SOFTWARE\WEHA\Aplikasi\3
30/08/2021 11:30:42	Registry Read/Write
30/08/2021 11:30:42	Registry Read: Path=SOFTWARE\WEHA\Aplikasi\3
30/08/2021 11:30:42	Create DB Object
30/08/2021 11:30:42	Init DB
30/08/2021 11:30:42	Finish Init DB
30/08/2021 11:30:42	Get File Version
30/08/2021 11:30:42	Change  Caption
30/08/2021 11:30:42	Init Shortkey
30/08/2021 11:30:55	Create DB Object
30/08/2021 11:30:55	Init DB
30/08/2021 11:30:55	Finish Init DB
30/08/2021 11:30:57	Update new version check
30/08/2021 11:30:57	Open DB Connection
30/08/2021 11:30:57	SQL :
30/08/2021 11:30:57	Update check version
30/08/2021 11:30:57	Open DB Connection
30/08/2021 11:30:57	SQL :SELECT version FROM wh_application WHERE application_id=(SELECT MAX(application_id) FROM wh_application);
30/08/2021 11:30:57	Start Login
30/08/2021 11:30:57	Open DB Connection
30/08/2021 11:30:57	SQL :EXEC AuthenticateUser 'pramudyono hadi','6f2b8366efa56f0c06dd6b31fcff8a73';
30/08/2021 11:30:57	SQL :INSERT INTO wh_log (user_id,app_date,app_version,app_version_svr,location_id,company_id,department_id,host_name,ip_address)  VALUES ('pramudyono hadi','30/08/2021','6.1.3.14','6.1.3.14',6,2,13,'DESKTOP-S1PD9OD','192.168.25.214');
30/08/2021 11:30:57	Open DB Connection
30/08/2021 11:30:57	SQL :EXEC GetUserMenu 'pramudyono hadi';
30/08/2021 11:30:57	SQL :EXEC GetUserSubMenu 'pramudyono hadi','11';
30/08/2021 11:30:57	SQL :EXEC GetUserTreeMenu 'pramudyono hadi','1101',@CompanyId=2;
30/08/2021 11:30:58	SQL :EXEC GetUserTreeMenu 'pramudyono hadi','1102',@CompanyId=2;
30/08/2021 11:30:58	SQL :EXEC GetUserTreeMenu 'pramudyono hadi','1103',@CompanyId=2;
30/08/2021 11:30:58	SQL :EXEC GetUserTreeMenu 'pramudyono hadi','1104',@CompanyId=2;
30/08/2021 11:30:58	SQL :EXEC GetUserTreeMenu 'pramudyono hadi','1105',@CompanyId=2;
30/08/2021 11:30:58	SQL :EXEC GetUserTreeMenu 'pramudyono hadi','1106',@CompanyId=2;
30/08/2021 11:30:58	SQL :EXEC GetUserTreeMenu 'pramudyono hadi','1107',@CompanyId=2;
30/08/2021 11:30:58	SQL :EXEC GetUserTreeMenu 'pramudyono hadi','1108',@CompanyId=2;
30/08/2021 11:30:58	SQL :EXEC GetUserTreeMenu 'pramudyono hadi','1109',@CompanyId=2;
30/08/2021 11:30:58	SQL :EXEC GetUserTreeMenu 'pramudyono hadi','1110',@CompanyId=2;
30/08/2021 11:30:58	SQL :EXEC GetUserTreeMenu 'pramudyono hadi','1111',@CompanyId=2;
30/08/2021 11:30:58	SQL :EXEC GetUserTreeMenu 'pramudyono hadi','1112',@CompanyId=2;
30/08/2021 11:30:58	SQL :EXEC GetUserTreeMenu 'pramudyono hadi','1113',@CompanyId=2;
30/08/2021 11:30:58	SQL :EXEC GetUserTreeMenu 'pramudyono hadi','1114',@CompanyId=2;
30/08/2021 11:30:58	SQL :EXEC GetUserTreeMenu 'pramudyono hadi','1115',@CompanyId=2;
30/08/2021 11:30:58	SQL :EXEC GetUserTreeMenu 'pramudyono hadi','1116',@CompanyId=2;
30/08/2021 11:30:58	SQL :EXEC GetUserTreeMenu 'pramudyono hadi','1117',@CompanyId=2;
30/08/2021 11:30:58	SQL :EXEC GetUserTreeMenu 'pramudyono hadi','1198',@CompanyId=2;
30/08/2021 11:30:58	SQL :EXEC GetUserTreeMenu 'pramudyono hadi','1199',@CompanyId=2;
30/08/2021 11:30:58	SQL :EXEC GetUserSubMenu 'pramudyono hadi','12';
30/08/2021 11:30:58	SQL :EXEC GetUserTreeMenu 'pramudyono hadi','1201',@CompanyId=2;
30/08/2021 11:30:58	SQL :EXEC GetUserTreeMenu 'pramudyono hadi','1202',@CompanyId=2;
30/08/2021 11:30:58	SQL :EXEC GetUserTreeMenu 'pramudyono hadi','1203',@CompanyId=2;
30/08/2021 11:30:58	SQL :EXEC GetUserTreeMenu 'pramudyono hadi','1204',@CompanyId=2;
30/08/2021 11:30:58	SQL :EXEC GetUserTreeMenu 'pramudyono hadi','1205',@CompanyId=2;
30/08/2021 11:30:58	SQL :EXEC GetUserTreeMenu 'pramudyono hadi','1206',@CompanyId=2;
30/08/2021 11:30:58	SQL :EXEC GetUserTreeMenu 'pramudyono hadi','1207',@CompanyId=2;
30/08/2021 11:30:58	SQL :EXEC GetUserSubMenu 'pramudyono hadi','13';
30/08/2021 11:30:58	SQL :EXEC GetUserTreeMenu 'pramudyono hadi','1301',@CompanyId=2;
30/08/2021 11:30:58	SQL :EXEC GetUserTreeMenu 'pramudyono hadi','1302',@CompanyId=2;
30/08/2021 11:30:58	SQL :EXEC GetUserTreeMenu 'pramudyono hadi','1303',@CompanyId=2;
30/08/2021 11:30:58	SQL :EXEC GetUserTreeMenu 'pramudyono hadi','1304',@CompanyId=2;
30/08/2021 11:30:58	SQL :EXEC GetUserTreeMenu 'pramudyono hadi','1305',@CompanyId=2;
30/08/2021 11:30:58	SQL :EXEC GetUserTreeMenu 'pramudyono hadi','1306',@CompanyId=2;
30/08/2021 11:30:58	SQL :EXEC GetUserTreeMenu 'pramudyono hadi','1307',@CompanyId=2;
30/08/2021 11:30:58	SQL :EXEC GetUserTreeMenu 'pramudyono hadi','1308',@CompanyId=2;
30/08/2021 11:30:58	SQL :EXEC GetUserTreeMenu 'pramudyono hadi','1309',@CompanyId=2;
30/08/2021 11:30:58	SQL :EXEC GetUserTreeMenu 'pramudyono hadi','1310',@CompanyId=2;
30/08/2021 11:30:58	SQL :EXEC GetUserTreeMenu 'pramudyono hadi','1311',@CompanyId=2;
30/08/2021 11:30:58	SQL :EXEC GetUserTreeMenu 'pramudyono hadi','1312',@CompanyId=2;
30/08/2021 11:30:58	SQL :EXEC GetUserTreeMenu 'pramudyono hadi','1313',@CompanyId=2;
30/08/2021 11:30:58	SQL :EXEC GetUserTreeMenu 'pramudyono hadi','1314',@CompanyId=2;
30/08/2021 11:30:58	SQL :EXEC GetUserTreeMenu 'pramudyono hadi','1315',@CompanyId=2;
30/08/2021 11:30:58	SQL :EXEC GetUserTreeMenu 'pramudyono hadi','1316',@CompanyId=2;
30/08/2021 11:30:58	SQL :EXEC GetUserTreeMenu 'pramudyono hadi','1317',@CompanyId=2;
30/08/2021 11:30:58	SQL :EXEC GetUserTreeMenu 'pramudyono hadi','1318',@CompanyId=2;
30/08/2021 11:30:58	SQL :EXEC GetUserTreeMenu 'pramudyono hadi','1319',@CompanyId=2;
30/08/2021 11:30:58	SQL :EXEC GetUserTreeMenu 'pramudyono hadi','1320',@CompanyId=2;
30/08/2021 11:30:58	SQL :EXEC GetUserTreeMenu 'pramudyono hadi','1321',@CompanyId=2;
30/08/2021 11:30:58	SQL :EXEC GetUserSubMenu 'pramudyono hadi','14';
30/08/2021 11:30:58	SQL :EXEC GetUserTreeMenu 'pramudyono hadi','1401',@CompanyId=2;
30/08/2021 11:30:58	SQL :EXEC GetUserTreeMenu 'pramudyono hadi','1402',@CompanyId=2;
30/08/2021 11:30:58	SQL :EXEC GetUserTreeMenu 'pramudyono hadi','1403',@CompanyId=2;
30/08/2021 11:30:58	SQL :EXEC GetUserTreeMenu 'pramudyono hadi','1404',@CompanyId=2;
30/08/2021 11:30:58	SQL :EXEC GetUserTreeMenu 'pramudyono hadi','1406',@CompanyId=2;
30/08/2021 11:30:58	SQL :EXEC GetUserTreeMenu 'pramudyono hadi','1408',@CompanyId=2;
30/08/2021 11:30:58	SQL :EXEC GetUserTreeMenu 'pramudyono hadi','1410',@CompanyId=2;
30/08/2021 11:30:58	SQL :EXEC GetUserTreeMenu 'pramudyono hadi','1411',@CompanyId=2;
30/08/2021 11:30:58	SQL :EXEC GetUserTreeMenu 'pramudyono hadi','1412',@CompanyId=2;
30/08/2021 11:30:58	SQL :EXEC GetUserTreeMenu 'pramudyono hadi','1413',@CompanyId=2;
30/08/2021 11:30:58	SQL :EXEC GetUserTreeMenu 'pramudyono hadi','1414',@CompanyId=2;
30/08/2021 11:30:58	SQL :EXEC GetUserSubMenu 'pramudyono hadi','15';
30/08/2021 11:30:58	SQL :EXEC GetUserTreeMenu 'pramudyono hadi','1501',@CompanyId=2;
30/08/2021 11:30:58	SQL :EXEC GetUserTreeMenu 'pramudyono hadi','1502',@CompanyId=2;
30/08/2021 11:30:58	SQL :EXEC GetUserTreeMenu 'pramudyono hadi','1503',@CompanyId=2;
30/08/2021 11:30:58	SQL :EXEC GetUserTreeMenu 'pramudyono hadi','1504',@CompanyId=2;
30/08/2021 11:30:58	SQL :EXEC GetUserTreeMenu 'pramudyono hadi','1505',@CompanyId=2;
30/08/2021 11:30:58	SQL :EXEC GetUserTreeMenu 'pramudyono hadi','1506',@CompanyId=2;
30/08/2021 11:30:58	SQL :EXEC GetUserTreeMenu 'pramudyono hadi','1507',@CompanyId=2;
30/08/2021 11:30:59	SQL :EXEC GetUserTreeMenu 'pramudyono hadi','1508',@CompanyId=2;
30/08/2021 11:30:59	SQL :EXEC GetUserTreeMenu 'pramudyono hadi','1509',@CompanyId=2;
30/08/2021 11:30:59	SQL :EXEC GetUserTreeMenu 'pramudyono hadi','1510',@CompanyId=2;
30/08/2021 11:30:59	SQL :EXEC GetUserTreeMenu 'pramudyono hadi','1511',@CompanyId=2;
30/08/2021 11:30:59	SQL :EXEC GetUserSubMenu 'pramudyono hadi','16';
30/08/2021 11:30:59	SQL :EXEC GetUserTreeMenu 'pramudyono hadi','1601',@CompanyId=2;
30/08/2021 11:30:59	SQL :EXEC GetUserTreeMenu 'pramudyono hadi','1602',@CompanyId=2;
30/08/2021 11:30:59	SQL :EXEC GetUserTreeMenu 'pramudyono hadi','1603',@CompanyId=2;
30/08/2021 11:30:59	SQL :EXEC GetUserTreeMenu 'pramudyono hadi','1604',@CompanyId=2;
30/08/2021 11:30:59	SQL :EXEC GetUserTreeMenu 'pramudyono hadi','1605',@CompanyId=2;
30/08/2021 11:30:59	SQL :EXEC GetUserTreeMenu 'pramudyono hadi','1606',@CompanyId=2;
30/08/2021 11:30:59	SQL :EXEC GetUserTreeMenu 'pramudyono hadi','1607',@CompanyId=2;
30/08/2021 11:30:59	SQL :EXEC GetUserTreeMenu 'pramudyono hadi','1608',@CompanyId=2;
30/08/2021 11:30:59	SQL :EXEC GetUserTreeMenu 'pramudyono hadi','1609',@CompanyId=2;
30/08/2021 11:30:59	SQL :EXEC GetUserTreeMenu 'pramudyono hadi','1610',@CompanyId=2;
30/08/2021 11:30:59	SQL :EXEC GetUserTreeMenu 'pramudyono hadi','1611',@CompanyId=2;
30/08/2021 11:30:59	SQL :EXEC GetUserTreeMenu 'pramudyono hadi','1612',@CompanyId=2;
30/08/2021 11:30:59	SQL :EXEC GetUserTreeMenu 'pramudyono hadi','1613',@CompanyId=2;
30/08/2021 11:30:59	SQL :EXEC GetUserTreeMenu 'pramudyono hadi','1614',@CompanyId=2;
30/08/2021 11:30:59	SQL :EXEC GetUserTreeMenu 'pramudyono hadi','1615',@CompanyId=2;
30/08/2021 11:30:59	SQL :EXEC GetUserTreeMenu 'pramudyono hadi','1616',@CompanyId=2;
30/08/2021 11:30:59	SQL :EXEC GetUserTreeMenu 'pramudyono hadi','1619',@CompanyId=2;
30/08/2021 11:30:59	SQL :EXEC GetUserTreeMenu 'pramudyono hadi','1620',@CompanyId=2;
30/08/2021 11:30:59	SQL :EXEC GetUserSubMenu 'pramudyono hadi','17';
30/08/2021 11:30:59	SQL :EXEC GetUserTreeMenu 'pramudyono hadi','1701',@CompanyId=2;
30/08/2021 11:30:59	SQL :EXEC GetUserTreeMenu 'pramudyono hadi','1702',@CompanyId=2;
30/08/2021 11:30:59	SQL :EXEC GetUserTreeMenu 'pramudyono hadi','1703',@CompanyId=2;
30/08/2021 11:30:59	SQL :EXEC GetUserTreeMenu 'pramudyono hadi','1704',@CompanyId=2;
30/08/2021 11:30:59	SQL :EXEC GetUserTreeMenu 'pramudyono hadi','1705',@CompanyId=2;
30/08/2021 11:30:59	SQL :EXEC GetUserTreeMenu 'pramudyono hadi','1706',@CompanyId=2;
30/08/2021 11:30:59	SQL :EXEC GetUserTreeMenu 'pramudyono hadi','1707',@CompanyId=2;
30/08/2021 11:30:59	SQL :EXEC GetUserTreeMenu 'pramudyono hadi','1708',@CompanyId=2;
30/08/2021 11:30:59	SQL :EXEC GetUserTreeMenu 'pramudyono hadi','1709',@CompanyId=2;
30/08/2021 11:30:59	SQL :EXEC GetUserTreeMenu 'pramudyono hadi','1710',@CompanyId=2;
30/08/2021 11:30:59	SQL :EXEC GetUserTreeMenu 'pramudyono hadi','1711',@CompanyId=2;
30/08/2021 11:30:59	SQL :EXEC GetUserTreeMenu 'pramudyono hadi','1712',@CompanyId=2;
30/08/2021 11:30:59	SQL :EXEC GetUserTreeMenu 'pramudyono hadi','1713',@CompanyId=2;
30/08/2021 11:30:59	SQL :EXEC GetUserTreeMenu 'pramudyono hadi','1714',@CompanyId=2;
30/08/2021 11:30:59	SQL :EXEC GetUserTreeMenu 'pramudyono hadi','1715',@CompanyId=2;
30/08/2021 11:30:59	SQL :EXEC GetUserTreeMenu 'pramudyono hadi','1716',@CompanyId=2;
30/08/2021 11:30:59	SQL :EXEC GetUserTreeMenu 'pramudyono hadi','1717',@CompanyId=2;
30/08/2021 11:30:59	SQL :EXEC GetUserSubMenu 'pramudyono hadi','18';
30/08/2021 11:30:59	SQL :EXEC GetUserTreeMenu 'pramudyono hadi','1801',@CompanyId=2;
30/08/2021 11:30:59	SQL :EXEC GetUserSubMenu 'pramudyono hadi','19';
30/08/2021 11:30:59	SQL :EXEC GetUserTreeMenu 'pramudyono hadi','1901',@CompanyId=2;
30/08/2021 11:30:59	SQL :EXEC GetUserTreeMenu 'pramudyono hadi','1902',@CompanyId=2;
30/08/2021 11:30:59	SQL :EXEC GetUserTreeMenu 'pramudyono hadi','1903',@CompanyId=2;
30/08/2021 11:30:59	SQL :EXEC GetUserTreeMenu 'pramudyono hadi','1904',@CompanyId=2;
30/08/2021 11:30:59	SQL :EXEC GetUserTreeMenu 'pramudyono hadi','1905',@CompanyId=2;
30/08/2021 11:30:59	SQL :EXEC GetUserTreeMenu 'pramudyono hadi','1906',@CompanyId=2;
30/08/2021 11:30:59	SQL :EXEC GetUserTreeMenu 'pramudyono hadi','1907',@CompanyId=2;
30/08/2021 11:30:59	SQL :EXEC GetUserTreeMenu 'pramudyono hadi','1908',@CompanyId=2;
30/08/2021 11:30:59	SQL :EXEC GetUserTreeMenu 'pramudyono hadi','1909',@CompanyId=2;
30/08/2021 11:30:59	SQL :EXEC GetUserTreeMenu 'pramudyono hadi','1910',@CompanyId=2;
30/08/2021 11:30:59	SQL :EXEC GetUserTreeMenu 'pramudyono hadi','1911',@CompanyId=2;
30/08/2021 11:30:59	SQL :EXEC GetUserTreeMenu 'pramudyono hadi','1912',@CompanyId=2;
30/08/2021 11:30:59	SQL :SELECT CONVERT(VARCHAR(8),GETDATE(),108) AS hour_minute;
30/08/2021 11:30:59	SQL :SELECT CONVERT(VARCHAR(10),GETDATE(),103) AS date_time;
30/08/2021 11:30:59	Loading Setting
30/08/2021 11:30:59	Open DB Connection
30/08/2021 11:30:59	SQL :SELECT * FROM wh_setting WHERE setting_name='Hold_Less_Deposit';
30/08/2021 11:30:59	SQL :SELECT * FROM wh_setting WHERE setting_name='Max_Less_Deposit';
30/08/2021 11:30:59	SQL :SELECT * FROM wh_setting WHERE setting_name='Dashboard_2';
30/08/2021 11:30:59	Finish Logging
30/08/2021 11:30:59	SQL :SELECT value_string FROM wh_setting WHERE (setting_name='Interval_CheckInDate') AND (active=1);
30/08/2021 11:30:59	SQL :SELECT value_string FROM wh_setting WHERE (setting_name='Interval_CheckInTime') AND (active=1);
30/08/2021 11:30:59	SQL :SELECT value_string FROM wh_setting WHERE (setting_name='ChatEnable') and (active=1);
30/08/2021 11:31:00	Message:Port Check
30/08/2021 11:31:00	Message:Open DB Connection
30/08/2021 11:31:00	SQL :EXEC GetMessage '01','pramudyono hadi';
30/08/2021 11:31:00	SQL :SELECT CONVERT(VARCHAR(8),GETDATE(),108) AS hour_minute;
30/08/2021 11:31:00	SQL :SELECT CONVERT(VARCHAR(10),GETDATE(),103) AS date_time;
30/08/2021 11:31:13	Open Menu :130132
30/08/2021 11:31:13	Open DB Connection
30/08/2021 11:31:13	SQL :EXEC AuthMenu 'pramudyono hadi',130132;
30/08/2021 11:31:13	Form Check :VehicleInsuranceList
30/08/2021 11:31:13	Open DB Connection
30/08/2021 11:31:13	SQL :EXEC GetCompanyLocationList
30/08/2021 11:31:13	SQL :EXEC GetGroup 2;
30/08/2021 11:31:14	Open DB Connection
30/08/2021 11:31:14	SQL :EXEC GetInsuranceList 6,@CompanyId=2;
30/08/2021 11:31:15	Form Open: VehicleList=BUS,FormRequest=
30/08/2021 11:31:15	Open DB Connection
30/08/2021 11:31:15	SQL :EXEC GetInsuranceIssuer
30/08/2021 11:31:16	SQL :EXEC GetCompanyLocationList
30/08/2021 11:31:16	Open DB Connection
30/08/2021 11:31:16	SQL :EXEC GetVhcList 6,0,@CompanyId=2;
30/08/2021 11:31:16	Open DB Connection
30/08/2021 11:31:16	SQL :EXEC GetInsuranceDetail 'INSRB30/08/2021 11:32:06	Get Local Settings
30/08/2021 11:32:06	Start Change Local Settings
30/08/2021 11:32:06	Change short date format
30/08/2021 11:32:06	Change Long date format
30/08/2021 11:32:06	Finish Change Local Settings
30/08/2021 11:32:06	Registry Read: Path=SOFTWARE\WEHA\Aplikasi\3
30/08/2021 11:32:06	Registry Read/Write
30/08/2021 11:32:06	Registry Read: Path=SOFTWARE\WEHA\Aplikasi\3
30/08/2021 11:32:06	Create DB Object
30/08/2021 11:32:06	Init DB
30/08/2021 11:32:06	Finish Init DB
30/08/2021 11:32:06	Get File Version
30/08/2021 11:32:06	Change  Caption
30/08/2021 11:32:06	Init Shortkey
30/08/2021 11:32:08	Create DB Object
30/08/2021 11:32:08	Init DB
30/08/2021 11:32:08	Finish Init DB
30/08/2021 11:32:10	Update new version check
30/08/2021 11:32:10	Open DB Connection
30/08/2021 11:32:10	SQL :
30/08/2021 11:32:10	Update check version
30/08/2021 11:32:10	Open DB Connection
30/08/2021 11:32:10	SQL :SELECT version FROM wh_application WHERE application_id=(SELECT MAX(application_id) FROM wh_application);
30/08/2021 11:32:10	Start Login
30/08/2021 11:32:10	Open DB Connection
30/08/2021 11:32:10	SQL :EXEC AuthenticateUser 'pramudyono hadi','6f2b8366efa56f0c06dd6b31fcff8a73';
30/08/2021 11:32:10	SQL :INSERT INTO wh_log (user_id,app_date,app_version,app_version_svr,location_id,company_id,department_id,host_name,ip_address)  VALUES ('pramudyono hadi','30/08/2021','6.1.3.14','6.1.3.14',6,2,13,'DESKTOP-S1PD9OD','192.168.25.214');
30/08/2021 11:32:10	Open DB Connection
30/08/2021 11:32:10	SQL :EXEC GetUserMenu 'pramudyono hadi';
30/08/2021 11:32:10	SQL :EXEC GetUserSubMenu 'pramudyono hadi','11';
30/08/2021 11:32:10	SQL :EXEC GetUserTreeMenu 'pramudyono hadi','1101',@CompanyId=2;
30/08/2021 11:32:10	SQL :EXEC GetUserTreeMenu 'pramudyono hadi','1102',@CompanyId=2;
30/08/2021 11:32:10	SQL :EXEC GetUserTreeMenu 'pramudyono hadi','1103',@CompanyId=2;
30/08/2021 11:32:10	SQL :EXEC GetUserTreeMenu 'pramudyono hadi','1104',@CompanyId=2;
30/08/2021 11:32:10	SQL :EXEC GetUserTreeMenu 'pramudyono hadi','1105',@CompanyId=2;
30/08/2021 11:32:10	SQL :EXEC GetUserTreeMenu 'pramudyono hadi','1106',@CompanyId=2;
30/08/2021 11:32:10	SQL :EXEC GetUserTreeMenu 'pramudyono hadi','1107',@CompanyId=2;
30/08/2021 11:32:10	SQL :EXEC GetUserTreeMenu 'pramudyono hadi','1108',@CompanyId=2;
30/08/2021 11:32:10	SQL :EXEC GetUserTreeMenu 'pramudyono hadi','1109',@CompanyId=2;
30/08/2021 11:32:10	SQL :EXEC GetUserTreeMenu 'pramudyono hadi','1110',@CompanyId=2;
30/08/2021 11:32:10	SQL :EXEC GetUserTreeMenu 'pramudyono hadi','1111',@CompanyId=2;
30/08/2021 11:32:10	SQL :EXEC GetUserTreeMenu 'pramudyono hadi','1112',@CompanyId=2;
30/08/2021 11:32:10	SQL :EXEC GetUserTreeMenu 'pramudyono hadi','1113',@CompanyId=2;
30/08/2021 11:32:10	SQL :EXEC GetUserTreeMenu 'pramudyono hadi','1114',@CompanyId=2;
30/08/2021 11:32:10	SQL :EXEC GetUserTreeMenu 'pramudyono hadi','1115',@CompanyId=2;
30/08/2021 11:32:10	SQL :EXEC GetUserTreeMenu 'pramudyono hadi','1116',@CompanyId=2;
30/08/2021 11:32:10	SQL :EXEC GetUserTreeMenu 'pramudyono hadi','1117',@CompanyId=2;
30/08/2021 11:32:10	SQL :EXEC GetUserTreeMenu 'pramudyono hadi','1198',@CompanyId=2;
30/08/2021 11:32:10	SQL :EXEC GetUserTreeMenu 'pramudyono hadi','1199',@CompanyId=2;
30/08/2021 11:32:10	SQL :EXEC GetUserSubMenu 'pramudyono hadi','12';
30/08/2021 11:32:10	SQL :EXEC GetUserTreeMenu 'pramudyono hadi','1201',@CompanyId=2;
30/08/2021 11:32:11	SQL :EXEC GetUserTreeMenu 'pramudyono hadi','1202',@CompanyId=2;
30/08/2021 11:32:11	SQL :EXEC GetUserTreeMenu 'pramudyono hadi','1203',@CompanyId=2;
30/08/2021 11:32:11	SQL :EXEC GetUserTreeMenu 'pramudyono hadi','1204',@CompanyId=2;
30/08/2021 11:32:11	SQL :EXEC GetUserTreeMenu 'pramudyono hadi','1205',@CompanyId=2;
30/08/2021 11:32:11	SQL :EXEC GetUserTreeMenu 'pramudyono hadi','1206',@CompanyId=2;
30/08/2021 11:32:11	SQL :EXEC GetUserTreeMenu 'pramudyono hadi','1207',@CompanyId=2;
30/08/2021 11:32:11	SQL :EXEC GetUserSubMenu 'pramudyono hadi','13';
30/08/2021 11:32:11	SQL :EXEC GetUserTreeMenu 'pramudyono hadi','1301',@CompanyId=2;
30/08/2021 11:32:11	SQL :EXEC GetUserTreeMenu 'pramudyono hadi','1302',@CompanyId=2;
30/08/2021 11:32:11	SQL :EXEC GetUserTreeMenu 'pramudyono hadi','1303',@CompanyId=2;
30/08/2021 11:32:11	SQL :EXEC GetUserTreeMenu 'pramudyono hadi','1304',@CompanyId=2;
30/08/2021 11:32:11	SQL :EXEC GetUserTreeMenu 'pramudyono hadi','1305',@CompanyId=2;
30/08/2021 11:32:11	SQL :EXEC GetUserTreeMenu 'pramudyono hadi','1306',@CompanyId=2;
30/08/2021 11:32:11	SQL :EXEC GetUserTreeMenu 'pramudyono hadi','1307',@CompanyId=2;
30/08/2021 11:32:11	SQL :EXEC GetUserTreeMenu 'pramudyono hadi','1308',@CompanyId=2;
30/08/2021 11:32:11	SQL :EXEC GetUserTreeMenu 'pramudyono hadi','1309',@CompanyId=2;
30/08/2021 11:32:11	SQL :EXEC GetUserTreeMenu 'pramudyono hadi','1310',@CompanyId=2;
30/08/2021 11:32:11	SQL :EXEC GetUserTreeMenu 'pramudyono hadi','1311',@CompanyId=2;
30/08/2021 11:32:11	SQL :EXEC GetUserTreeMenu 'pramudyono hadi','1312',@CompanyId=2;
30/08/2021 11:32:11	SQL :EXEC GetUserTreeMenu 'pramudyono hadi','1313',@CompanyId=2;
30/08/2021 11:32:11	SQL :EXEC GetUserTreeMenu 'pramudyono hadi','1314',@CompanyId=2;
30/08/2021 11:32:11	SQL :EXEC GetUserTreeMenu 'pramudyono hadi','1315',@CompanyId=2;
30/08/2021 11:32:11	SQL :EXEC GetUserTreeMenu 'pramudyono hadi','1316',@CompanyId=2;
30/08/2021 11:32:11	SQL :EXEC GetUserTreeMenu 'pramudyono hadi','1317',@CompanyId=2;
30/08/2021 11:32:11	SQL :EXEC GetUserTreeMenu 'pramudyono hadi','1318',@CompanyId=2;
30/08/2021 11:32:11	SQL :EXEC GetUserTreeMenu 'pramudyono hadi','1319',@CompanyId=2;
30/08/2021 11:32:11	SQL :EXEC GetUserTreeMenu 'pramudyono hadi','1320',@CompanyId=2;
30/08/2021 11:32:11	SQL :EXEC GetUserTreeMenu 'pramudyono hadi','1321',@CompanyId=2;
30/08/2021 11:32:11	SQL :EXEC GetUserSubMenu 'pramudyono hadi','14';
30/08/2021 11:32:11	SQL :EXEC GetUserTreeMenu 'pramudyono hadi','1401',@CompanyId=2;
30/08/2021 11:32:11	SQL :EXEC GetUserTreeMenu 'pramudyono hadi','1402',@CompanyId=2;
30/08/2021 11:32:11	SQL :EXEC GetUserTreeMenu 'pramudyono hadi','1403',@CompanyId=2;
30/08/2021 11:32:11	SQL :EXEC GetUserTreeMenu 'pramudyono hadi','1404',@CompanyId=2;
30/08/2021 11:32:11	SQL :EXEC GetUserTreeMenu 'pramudyono hadi','1406',@CompanyId=2;
30/08/2021 11:32:11	SQL :EXEC GetUserTreeMenu 'pramudyono hadi','1408',@CompanyId=2;
30/08/2021 11:32:11	SQL :EXEC GetUserTreeMenu 'pramudyono hadi','1410',@CompanyId=2;
30/08/2021 11:32:11	SQL :EXEC GetUserTreeMenu 'pramudyono hadi','1411',@CompanyId=2;
30/08/2021 11:32:11	SQL :EXEC GetUserTreeMenu 'pramudyono hadi','1412',@CompanyId=2;
30/08/2021 11:32:11	SQL :EXEC GetUserTreeMenu 'pramudyono hadi','1413',@CompanyId=2;
30/08/2021 11:32:11	SQL :EXEC GetUserTreeMenu 'pramudyono hadi','1414',@CompanyId=2;
30/08/2021 11:32:11	SQL :EXEC GetUserSubMenu 'pramudyono hadi','15';
30/08/2021 11:32:11	SQL :EXEC GetUserTreeMenu 'pramudyono hadi','1501',@CompanyId=2;
30/08/2021 11:32:11	SQL :EXEC GetUserTreeMenu 'pramudyono hadi','1502',@CompanyId=2;
30/08/2021 11:32:11	SQL :EXEC GetUserTreeMenu 'pramudyono hadi','1503',@CompanyId=2;
30/08/2021 11:32:11	SQL :EXEC GetUserTreeMenu 'pramudyono hadi','1504',@CompanyId=2;
30/08/2021 11:32:11	SQL :EXEC GetUserTreeMenu 'pramudyono hadi','1505',@CompanyId=2;
30/08/2021 11:32:11	SQL :EXEC GetUserTreeMenu 'pramudyono hadi','1506',@CompanyId=2;
30/08/2021 11:32:11	SQL :EXEC GetUserTreeMenu 'pramudyono hadi','1507',@CompanyId=2;
30/08/2021 11:32:11	SQL :EXEC GetUserTreeMenu 'pramudyono hadi','1508',@CompanyId=2;
30/08/2021 11:32:11	SQL :EXEC GetUserTreeMenu 'pramudyono hadi','1509',@CompanyId=2;
30/08/2021 11:32:11	SQL :EXEC GetUserTreeMenu 'pramudyono hadi','1510',@CompanyId=2;
30/08/2021 11:32:11	SQL :EXEC GetUserTreeMenu 'pramudyono hadi','1511',@CompanyId=2;
30/08/2021 11:32:11	SQL :EXEC GetUserSubMenu 'pramudyono hadi','16';
30/08/2021 11:32:11	SQL :EXEC GetUserTreeMenu 'pramudyono hadi','1601',@CompanyId=2;
30/08/2021 11:32:11	SQL :EXEC GetUserTreeMenu 'pramudyono hadi','1602',@CompanyId=2;
30/08/2021 11:32:11	SQL :EXEC GetUserTreeMenu 'pramudyono hadi','1603',@CompanyId=2;
30/08/2021 11:32:11	SQL :EXEC GetUserTreeMenu 'pramudyono hadi','1604',@CompanyId=2;
30/08/2021 11:32:11	SQL :EXEC GetUserTreeMenu 'pramudyono hadi','1605',@CompanyId=2;
30/08/2021 11:32:11	SQL :EXEC GetUserTreeMenu 'pramudyono hadi','1606',@CompanyId=2;
30/08/2021 11:32:11	SQL :EXEC GetUserTreeMenu 'pramudyono hadi','1607',@CompanyId=2;
30/08/2021 11:32:11	SQL :EXEC GetUserTreeMenu 'pramudyono hadi','1608',@CompanyId=2;
30/08/2021 11:32:11	SQL :EXEC GetUserTreeMenu 'pramudyono hadi','1609',@CompanyId=2;
30/08/2021 11:32:11	SQL :EXEC GetUserTreeMenu 'pramudyono hadi','1610',@CompanyId=2;
30/08/2021 11:32:11	SQL :EXEC GetUserTreeMenu 'pramudyono hadi','1611',@CompanyId=2;
30/08/2021 11:32:11	SQL :EXEC GetUserTreeMenu 'pramudyono hadi','1612',@CompanyId=2;
30/08/2021 11:32:11	SQL :EXEC GetUserTreeMenu 'pramudyono hadi','1613',@CompanyId=2;
30/08/2021 11:32:11	SQL :EXEC GetUserTreeMenu 'pramudyono hadi','1614',@CompanyId=2;
30/08/2021 11:32:11	SQL :EXEC GetUserTreeMenu 'pramudyono hadi','1615',@CompanyId=2;
30/08/2021 11:32:11	SQL :EXEC GetUserTreeMenu 'pramudyono hadi','1616',@CompanyId=2;
30/08/2021 11:32:11	SQL :EXEC GetUserTreeMenu 'pramudyono hadi','1619',@CompanyId=2;
30/08/2021 11:32:11	SQL :EXEC GetUserTreeMenu 'pramudyono hadi','1620',@CompanyId=2;
30/08/2021 11:32:11	SQL :EXEC GetUserSubMenu 'pramudyono hadi','17';
30/08/2021 11:32:11	SQL :EXEC GetUserTreeMenu 'pramudyono hadi','1701',@CompanyId=2;
30/08/2021 11:32:11	SQL :EXEC GetUserTreeMenu 'pramudyono hadi','1702',@CompanyId=2;
30/08/2021 11:32:11	SQL :EXEC GetUserTreeMenu 'pramudyono hadi','1703',@CompanyId=2;
30/08/2021 11:32:11	SQL :EXEC GetUserTreeMenu 'pramudyono hadi','1704',@CompanyId=2;
30/08/2021 11:32:11	SQL :EXEC GetUserTreeMenu 'pramudyono hadi','1705',@CompanyId=2;
30/08/2021 11:32:11	SQL :EXEC GetUserTreeMenu 'pramudyono hadi','1706',@CompanyId=2;
30/08/2021 11:32:11	SQL :EXEC GetUserTreeMenu 'pramudyono hadi','1707',@CompanyId=2;
30/08/2021 11:32:11	SQL :EXEC GetUserTreeMenu 'pramudyono hadi','1708',@CompanyId=2;
30/08/2021 11:32:12	SQL :EXEC GetUserTreeMenu 'pramudyono hadi','1709',@CompanyId=2;
30/08/2021 11:32:12	SQL :EXEC GetUserTreeMenu 'pramudyono hadi','1710',@CompanyId=2;
30/08/2021 11:32:12	SQL :EXEC GetUserTreeMenu 'pramudyono hadi','1711',@CompanyId=2;
30/08/2021 11:32:12	SQL :EXEC GetUserTreeMenu 'pramudyono hadi','1712',@CompanyId=2;
30/08/2021 11:32:12	SQL :EXEC GetUserTreeMenu 'pramudyono hadi','1713',@CompanyId=2;
30/08/2021 11:32:12	SQL :EXEC GetUserTreeMenu 'pramudyono hadi','1714',@CompanyId=2;
30/08/2021 11:32:12	SQL :EXEC GetUserTreeMenu 'pramudyono hadi','1715',@CompanyId=2;
30/08/2021 11:32:12	SQL :EXEC GetUserTreeMenu 'pramudyono hadi','1716',@CompanyId=2;
30/08/2021 11:32:12	SQL :EXEC GetUserTreeMenu 'pramudyono hadi','1717',@CompanyId=2;
30/08/2021 11:32:12	SQL :EXEC GetUserSubMenu 'pramudyono hadi','18';
30/08/2021 11:32:12	SQL :EXEC GetUserTreeMenu 'pramudyono hadi','1801',@CompanyId=2;
30/08/2021 11:32:12	SQL :EXEC GetUserSubMenu 'pramudyono hadi','19';
30/08/2021 11:32:12	SQL :EXEC GetUserTreeMenu 'pramudyono hadi','1901',@CompanyId=2;
30/08/2021 11:32:12	SQL :EXEC GetUserTreeMenu 'pramudyono hadi','1902',@CompanyId=2;
30/08/2021 11:32:12	SQL :EXEC GetUserTreeMenu 'pramudyono hadi','1903',@CompanyId=2;
30/08/2021 11:32:12	SQL :EXEC GetUserTreeMenu 'pramudyono hadi','1904',@CompanyId=2;
30/08/2021 11:32:12	SQL :EXEC GetUserTreeMenu 'pramudyono hadi','1905',@CompanyId=2;
30/08/2021 11:32:12	SQL :EXEC GetUserTreeMenu 'pramudyono hadi','1906',@CompanyId=2;
30/08/2021 11:32:12	SQL :EXEC GetUserTreeMenu 'pramudyono hadi','1907',@CompanyId=2;
30/08/2021 11:32:12	SQL :EXEC GetUserTreeMenu 'pramudyono hadi','1908',@CompanyId=2;
30/08/2021 11:32:12	SQL :EXEC GetUserTreeMenu 'pramudyono hadi','1909',@CompanyId=2;
30/08/2021 11:32:12	SQL :EXEC GetUserTreeMenu 'pramudyono hadi','1910',@CompanyId=2;
30/08/2021 11:32:12	SQL :EXEC GetUserTreeMenu 'pramudyono hadi','1911',@CompanyId=2;
30/08/2021 11:32:12	SQL :EXEC GetUserTreeMenu 'pramudyono hadi','1912',@CompanyId=2;
30/08/2021 11:32:12	SQL :SELECT CONVERT(VARCHAR(8),GETDATE(),108) AS hour_minute;
30/08/2021 11:32:12	SQL :SELECT CONVERT(VARCHAR(10),GETDATE(),103) AS date_time;
30/08/2021 11:32:12	Loading Setting
30/08/2021 11:32:12	Open DB Connection
30/08/2021 11:32:12	SQL :SELECT * FROM wh_setting WHERE setting_name='Hold_Less_Deposit';
30/08/2021 11:32:12	SQL :SELECT * FROM wh_setting WHERE setting_name='Max_Less_Deposit';
30/08/2021 11:32:12	SQL :SELECT * FROM wh_setting WHERE setting_name='Dashboard_2';
30/08/2021 11:32:12	Finish Logging
30/08/2021 11:32:12	SQL :SELECT value_string FROM wh_setting WHERE (setting_name='Interval_CheckInDate') AND (active=1);
30/08/2021 11:32:12	SQL :SELECT value_string FROM wh_setting WHERE (setting_name='Interval_CheckInTime') AND (active=1);
30/08/2021 11:32:12	SQL :SELECT value_string FROM wh_setting WHERE (setting_name='ChatEnable') and (active=1);
30/08/2021 11:32:13	Message:Port Check
30/08/2021 11:32:13	Message:Open DB Connection
30/08/2021 11:32:13	SQL :EXEC GetMessage '01','pramudyono hadi';
30/08/2021 11:32:13	SQL :SELECT CONVERT(VARCHAR(8),GETDATE(),108) AS hour_minute;
30/08/2021 11:32:13	SQL :SELECT CONVERT(VARCHAR(10),GETDATE(),103) AS date_time;
30/08/2021 11:32:16	Open Menu :130132
30/08/2021 11:32:16	Open DB Connection
30/08/2021 11:32:16	SQL :EXEC AuthMenu 'pramudyono hadi',130132;
30/08/2021 11:32:16	Form Check :VehicleInsuranceList
30/08/2021 11:32:16	Open DB Connection
30/08/2021 11:32:16	SQL :EXEC GetCompanyLocationList
30/08/2021 11:32:16	SQL :EXEC GetGroup 2;
30/08/2021 11:32:16	Open DB Connection
30/08/2021 11:32:16	SQL :EXEC GetInsuranceList 6,@CompanyId=2;
30/08/2021 11:32:17	Form Open: VehicleList=BUS,FormRequest=
30/08/2021 11:32:17	Open DB Connection
30/08/2021 11:32:17	SQL :EXEC GetInsuranceIssuer
30/08/2021 11:32:17	SQL :EXEC GetCompanyLocationList
30/08/2021 11:32:17	Open DB Connection
30/08/2021 11:32:17	SQL :EXEC GetVhcList 6,0,@CompanyId=2;
30/08/2021 11:32:17	Open DB Connection
30/08/2021 11:32:17	SQL :EXEC GetInsuranceDetail 'INSRB21080001';
30/08/2021 11:33:15	Get Local Settings
30/08/2021 11:33:15	Start Change Local Settings
30/08/2021 11:33:15	Change short date format
30/08/2021 11:33:15	Change Long date format
30/08/2021 11:33:15	Finish Change Local Settings
30/08/2021 11:33:15	Registry Read: Path=SOFTWARE\WEHA\Aplikasi\3
30/08/2021 11:33:15	Registry Read/Write
30/08/2021 11:33:15	Registry Read: Path=SOFTWARE\WEHA\Aplikasi\3
30/08/2021 11:33:15	Create DB Object
30/08/2021 11:33:15	Init DB
30/08/2021 11:33:15	Finish Init DB
30/08/2021 11:33:15	Get File Version
30/08/2021 11:33:15	Change  Caption
30/08/2021 11:33:15	Init Shortkey
30/08/2021 11:33:18	Create DB Object
30/08/2021 11:33:18	Init DB
30/08/2021 11:33:18	Finish Init DB
30/08/2021 11:33:21	Update new version check
30/08/2021 11:33:21	Open DB Connection
30/08/2021 11:33:21	SQL :
30/08/2021 11:33:21	Update check version
30/08/2021 11:33:21	Open DB Connection
30/08/2021 11:33:21	SQL :SELECT version FROM wh_application WHERE application_id=(SELECT MAX(application_id) FROM wh_application);
30/08/2021 11:33:21	Start Login
30/08/2021 11:33:21	Open DB Connection
30/08/2021 11:33:21	SQL :EXEC AuthenticateUser 'pramudyono hadi','6f2b8366efa56f0c06dd6b31fcff8a73';
30/08/2021 11:33:21	SQL :INSERT INTO wh_log (user_id,app_date,app_version,app_version_svr,location_id,company_id,department_id,host_name,ip_address)  VALUES ('pramudyono hadi','30/08/2021','6.1.3.14','6.1.3.14',6,2,13,'DESKTOP-S1PD9OD','192.168.25.214');
30/08/2021 11:33:21	Open DB Connection
30/08/2021 11:33:21	SQL :EXEC GetUserMenu 'pramudyono hadi';
30/08/2021 11:33:21	SQL :EXEC GetUserSubMenu 'pramudyono hadi','11';
30/08/2021 11:33:21	SQL :EXEC GetUserTreeMenu 'pramudyono hadi','1101',@CompanyId=2;
30/08/2021 11:33:21	SQL :EXEC GetUserTreeMenu 'pramudyono hadi','1102',@CompanyId=2;
30/08/2021 11:33:21	SQL :EXEC GetUserTreeMenu 'pramudyono hadi','1103',@CompanyId=2;
30/08/2021 11:33:21	SQL :EXEC GetUserTreeMenu 'pramudyono hadi','1104',@CompanyId=2;
30/08/2021 11:33:21	SQL :EXEC GetUserTreeMenu 'pramudyono hadi','1105',@CompanyId=2;
30/08/2021 11:33:21	SQL :EXEC GetUserTreeMenu 'pramudyono hadi','1106',@CompanyId=2;
30/08/2021 11:33:21	SQL :EXEC GetUserTreeMenu 'pramudyono hadi','1107',@CompanyId=2;
30/08/2021 11:33:21	SQL :EXEC GetUserTreeMenu 'pramudyono hadi','1108',@CompanyId=2;
30/08/2021 11:33:21	SQL :EXEC GetUserTreeMenu 'pramudyono hadi','1109',@CompanyId=2;
30/08/2021 11:33:21	SQL :EXEC GetUserTreeMenu 'pramudyono hadi','1110',@CompanyId=2;
30/08/2021 11:33:21	SQL :EXEC GetUserTreeMenu 'pramudyono hadi','1111',@CompanyId=2;
30/08/2021 11:33:21	SQL :EXEC GetUserTreeMenu 'pramudyono hadi','1112',@CompanyId=2;
30/08/2021 11:33:21	SQL :EXEC GetUserTreeMenu 'pramudyono hadi','1113',@CompanyId=2;
30/08/2021 11:33:21	SQL :EXEC GetUserTreeMenu 'pramudyono hadi','1114',@CompanyId=2;
30/08/2021 11:33:21	SQL :EXEC GetUserTreeMenu 'pramudyono hadi','1115',@CompanyId=2;
30/08/2021 11:33:21	SQL :EXEC GetUserTreeMenu 'pramudyono hadi','1116',@CompanyId=2;
30/08/2021 11:33:21	SQL :EXEC GetUserTreeMenu 'pramudyono hadi','1117',@CompanyId=2;
30/08/2021 11:33:21	SQL :EXEC GetUserTreeMenu 'pramudyono hadi','1198',@CompanyId=2;
30/08/2021 11:33:21	SQL :EXEC GetUserTreeMenu 'pramudyono hadi','1199',@CompanyId=2;
30/08/2021 11:33:22	SQL :EXEC GetUserSubMenu 'pramudyono hadi','12';
30/08/2021 11:33:22	SQL :EXEC GetUserTreeMenu 'pramudyono hadi','1201',@CompanyId=2;
30/08/2021 11:33:22	SQL :EXEC GetUserTreeMenu 'pramudyono hadi','1202',@CompanyId=2;
30/08/2021 11:33:22	SQL :EXEC GetUserTreeMenu 'pramudyono hadi','1203',@CompanyId=2;
30/08/2021 11:33:22	SQL :EXEC GetUserTreeMenu 'pramudyono hadi','1204',@CompanyId=2;
30/08/2021 11:33:22	SQL :EXEC GetUserTreeMenu 'pramudyono hadi','1205',@CompanyId=2;
30/08/2021 11:33:22	SQL :EXEC GetUserTreeMenu 'pramudyono hadi','1206',@CompanyId=2;
30/08/2021 11:33:22	SQL :EXEC GetUserTreeMenu 'pramudyono hadi','1207',@CompanyId=2;
30/08/2021 11:33:22	SQL :EXEC GetUserSubMenu 'pramudyono hadi','13';
30/08/2021 11:33:22	SQL :EXEC GetUserTreeMenu 'pramudyono hadi','1301',@CompanyId=2;
30/08/2021 11:33:22	SQL :EXEC GetUserTreeMenu 'pramudyono hadi','1302',@CompanyId=2;
30/08/2021 11:33:22	SQL :EXEC GetUserTreeMenu 'pramudyono hadi','1303',@CompanyId=2;
30/08/2021 11:33:22	SQL :EXEC GetUserTreeMenu 'pramudyono hadi','1304',@CompanyId=2;
30/08/2021 11:33:22	SQL :EXEC GetUserTreeMenu 'pramudyono hadi','1305',@CompanyId=2;
30/08/2021 11:33:22	SQL :EXEC GetUserTreeMenu 'pramudyono hadi','1306',@CompanyId=2;
30/08/2021 11:33:22	SQL :EXEC GetUserTreeMenu 'pramudyono hadi','1307',@CompanyId=2;
30/08/2021 11:33:22	SQL :EXEC GetUserTreeMenu 'pramudyono hadi','1308',@CompanyId=2;
30/08/2021 11:33:22	SQL :EXEC GetUserTreeMenu 'pramudyono hadi','1309',@CompanyId=2;
30/08/2021 11:33:22	SQL :EXEC GetUserTreeMenu 'pramudyono hadi','1310',@CompanyId=2;
30/08/2021 11:33:22	SQL :EXEC GetUserTreeMenu 'pramudyono hadi','1311',@CompanyId=2;
30/08/2021 11:33:22	SQL :EXEC GetUserTreeMenu 'pramudyono hadi','1312',@CompanyId=2;
30/08/2021 11:33:22	SQL :EXEC GetUserTreeMenu 'pramudyono hadi','1313',@CompanyId=2;
30/08/2021 11:33:22	SQL :EXEC GetUserTreeMenu 'pramudyono hadi','1314',@CompanyId=2;
30/08/2021 11:33:22	SQL :EXEC GetUserTreeMenu 'pramudyono hadi','1315',@CompanyId=2;
30/08/2021 11:33:22	SQL :EXEC GetUserTreeMenu 'pramudyono hadi','1316',@CompanyId=2;
30/08/2021 11:33:22	SQL :EXEC GetUserTreeMenu 'pramudyono hadi','1317',@CompanyId=2;
30/08/2021 11:33:22	SQL :EXEC GetUserTreeMenu 'pramudyono hadi','1318',@CompanyId=2;
30/08/2021 11:33:22	SQL :EXEC GetUserTreeMenu 'pramudyono hadi','1319',@CompanyId=2;
30/08/2021 11:33:22	SQL :EXEC GetUserTreeMenu 'pramudyono hadi','1320',@CompanyId=2;
30/08/2021 11:33:22	SQL :EXEC GetUserTreeMenu 'pramudyono hadi','1321',@CompanyId=2;
30/08/2021 11:33:22	SQL :EXEC GetUserSubMenu 'pramudyono hadi','14';
30/08/2021 11:33:22	SQL :EXEC GetUserTreeMenu 'pramudyono hadi','1401',@CompanyId=2;
30/08/2021 11:33:22	SQL :EXEC GetUserTreeMenu 'pramudyono hadi','1402',@CompanyId=2;
30/08/2021 11:33:22	SQL :EXEC GetUserTreeMenu 'pramudyono hadi','1403',@CompanyId=2;
30/08/2021 11:33:22	SQL :EXEC GetUserTreeMenu 'pramudyono hadi','1404',@CompanyId=2;
30/08/2021 11:33:22	SQL :EXEC GetUserTreeMenu 'pramudyono hadi','1406',@CompanyId=2;
30/08/2021 11:33:22	SQL :EXEC GetUserTreeMenu 'pramudyono hadi','1408',@CompanyId=2;
30/08/2021 11:33:22	SQL :EXEC GetUserTreeMenu 'pramudyono hadi','1410',@CompanyId=2;
30/08/2021 11:33:22	SQL :EXEC GetUserTreeMenu 'pramudyono hadi','1411',@CompanyId=2;
30/08/2021 11:33:22	SQL :EXEC GetUserTreeMenu 'pramudyono hadi','1412',@CompanyId=2;
30/08/2021 11:33:22	SQL :EXEC GetUserTreeMenu 'pramudyono hadi','1413',@CompanyId=2;
30/08/2021 11:33:22	SQL :EXEC GetUserTreeMenu 'pramudyono hadi','1414',@CompanyId=2;
30/08/2021 11:33:22	SQL :EXEC GetUserSubMenu 'pramudyono hadi','15';
30/08/2021 11:33:22	SQL :EXEC GetUserTreeMenu 'pramudyono hadi','1501',@CompanyId=2;
30/08/2021 11:33:22	SQL :EXEC GetUserTreeMenu 'pramudyono hadi','1502',@CompanyId=2;
30/08/2021 11:33:22	SQL :EXEC GetUserTreeMenu 'pramudyono hadi','1503',@CompanyId=2;
30/08/2021 11:33:22	SQL :EXEC GetUserTreeMenu 'pramudyono hadi','1504',@CompanyId=2;
30/08/2021 11:33:22	SQL :EXEC GetUserTreeMenu 'pramudyono hadi','1505',@CompanyId=2;
30/08/2021 11:33:22	SQL :EXEC GetUserTreeMenu 'pramudyono hadi','1506',@CompanyId=2;
30/08/2021 11:33:22	SQL :EXEC GetUserTreeMenu 'pramudyono hadi','1507',@CompanyId=2;
30/08/2021 11:33:22	SQL :EXEC GetUserTreeMenu 'pramudyono hadi','1508',@CompanyId=2;
30/08/2021 11:33:22	SQL :EXEC GetUserTreeMenu 'pramudyono hadi','1509',@CompanyId=2;
30/08/2021 11:33:22	SQL :EXEC GetUserTreeMenu 'pramudyono hadi','1510',@CompanyId=2;
30/08/2021 11:33:22	SQL :EXEC GetUserTreeMenu 'pramudyono hadi','1511',@CompanyId=2;
30/08/2021 11:33:22	SQL :EXEC GetUserSubMenu 'pramudyono hadi','16';
30/08/2021 11:33:22	SQL :EXEC GetUserTreeMenu 'pramudyono hadi','1601',@CompanyId=2;
30/08/2021 11:33:22	SQL :EXEC GetUserTreeMenu 'pramudyono hadi','1602',@CompanyId=2;
30/08/2021 11:33:22	SQL :EXEC GetUserTreeMenu 'pramudyono hadi','1603',@CompanyId=2;
30/08/2021 11:33:22	SQL :EXEC GetUserTreeMenu 'pramudyono hadi','1604',@CompanyId=2;
30/08/2021 11:33:22	SQL :EXEC GetUserTreeMenu 'pramudyono hadi','1605',@CompanyId=2;
30/08/2021 11:33:22	SQL :EXEC GetUserTreeMenu 'pramudyono hadi','1606',@CompanyId=2;
30/08/2021 11:33:22	SQL :EXEC GetUserTreeMenu 'pramudyono hadi','1607',@CompanyId=2;
30/08/2021 11:33:22	SQL :EXEC GetUserTreeMenu 'pramudyono hadi','1608',@CompanyId=2;
30/08/2021 11:33:22	SQL :EXEC GetUserTreeMenu 'pramudyono hadi','1609',@CompanyId=2;
30/08/2021 11:33:22	SQL :EXEC GetUserTreeMenu 'pramudyono hadi','1610',@CompanyId=2;
30/08/2021 11:33:22	SQL :EXEC GetUserTreeMenu 'pramudyono hadi','1611',@CompanyId=2;
30/08/2021 11:33:22	SQL :EXEC GetUserTreeMenu 'pramudyono hadi','1612',@CompanyId=2;
30/08/2021 11:33:23	SQL :EXEC GetUserTreeMenu 'pramudyono hadi','1613',@CompanyId=2;
30/08/2021 11:33:23	SQL :EXEC GetUserTreeMenu 'pramudyono hadi','1614',@CompanyId=2;
30/08/2021 11:33:23	SQL :EXEC GetUserTreeMenu 'pramudyono hadi','1615',@CompanyId=2;
30/08/2021 11:33:23	SQL :EXEC GetUserTreeMenu 'pramudyono hadi','1616',@CompanyId=2;
30/08/2021 11:33:23	SQL :EXEC GetUserTreeMenu 'pramudyono hadi','1619',@CompanyId=2;
30/08/2021 11:33:23	SQL :EXEC GetUserTreeMenu 'pramudyono hadi','1620',@CompanyId=2;
30/08/2021 11:33:23	SQL :EXEC GetUserSubMenu 'pramudyono hadi','17';
30/08/2021 11:33:23	SQL :EXEC GetUserTreeMenu 'pramudyono hadi','1701',@CompanyId=2;
30/08/2021 11:33:23	SQL :EXEC GetUserTreeMenu 'pramudyono hadi','1702',@CompanyId=2;
30/08/2021 11:33:23	SQL :EXEC GetUserTreeMenu 'pramudyono hadi','1703',@CompanyId=2;
30/08/2021 11:33:23	SQL :EXEC GetUserTreeMenu 'pramudyono hadi','1704',@CompanyId=2;
30/08/2021 11:33:23	SQL :EXEC GetUserTreeMenu 'pramudyono hadi','1705',@CompanyId=2;
30/08/2021 11:33:23	SQL :EXEC GetUserTreeMenu 'pramudyono hadi','1706',@CompanyId=2;
30/08/2021 11:33:23	SQL :EXEC GetUserTreeMenu 'pramudyono hadi','1707',@CompanyId=2;
30/08/2021 11:33:23	SQL :EXEC GetUserTreeMenu 'pramudyono hadi','1708',@CompanyId=2;
30/08/2021 11:33:23	SQL :EXEC GetUserTreeMenu 'pramudyono hadi','1709',@CompanyId=2;
30/08/2021 11:33:23	SQL :EXEC GetUserTreeMenu 'pramudyono hadi','1710',@CompanyId=2;
30/08/2021 11:33:23	SQL :EXEC GetUserTreeMenu 'pramudyono hadi','1711',@CompanyId=2;
30/08/2021 11:33:23	SQL :EXEC GetUserTreeMenu 'pramudyono hadi','1712',@CompanyId=2;
30/08/2021 11:33:23	SQL :EXEC GetUserTreeMenu 'pramudyono hadi','1713',@CompanyId=2;
30/08/2021 11:33:23	SQL :EXEC GetUserTreeMenu 'pramudyono hadi','1714',@CompanyId=2;
30/08/2021 11:33:23	SQL :EXEC GetUserTreeMenu 'pramudyono hadi','1715',@CompanyId=2;
30/08/2021 11:33:23	SQL :EXEC GetUserTreeMenu 'pramudyono hadi','1716',@CompanyId=2;
30/08/2021 11:33:23	SQL :EXEC GetUserTreeMenu 'pramudyono hadi','1717',@CompanyId=2;
30/08/2021 11:33:23	SQL :EXEC GetUserSubMenu 'pramudyono hadi','18';
30/08/2021 11:33:23	SQL :EXEC GetUserTreeMenu 'pramudyono hadi','1801',@CompanyId=2;
30/08/2021 11:33:23	SQL :EXEC GetUserSubMenu 'pramudyono hadi','19';
30/08/2021 11:33:23	SQL :EXEC GetUserTreeMenu 'pramudyono hadi','1901',@CompanyId=2;
30/08/2021 11:33:23	SQL :EXEC GetUserTreeMenu 'pramudyono hadi','1902',@CompanyId=2;
30/08/2021 11:33:23	SQL :EXEC GetUserTreeMenu 'pramudyono hadi','1903',@CompanyId=2;
30/08/2021 11:33:23	SQL :EXEC GetUserTreeMenu 'pramudyono hadi','1904',@CompanyId=2;
30/08/2021 11:33:23	SQL :EXEC GetUserTreeMenu 'pramudyono hadi','1905',@CompanyId=2;
30/08/2021 11:33:23	SQL :EXEC GetUserTreeMenu 'pramudyono hadi','1906',@CompanyId=2;
30/08/2021 11:33:23	SQL :EXEC GetUserTreeMenu 'pramudyono hadi','1907',@CompanyId=2;
30/08/2021 11:33:23	SQL :EXEC GetUserTreeMenu 'pramudyono hadi','1908',@CompanyId=2;
30/08/2021 11:33:23	SQL :EXEC GetUserTreeMenu 'pramudyono hadi','1909',@CompanyId=2;
30/08/2021 11:33:23	SQL :EXEC GetUserTreeMenu 'pramudyono hadi','1910',@CompanyId=2;
30/08/2021 11:33:23	SQL :EXEC GetUserTreeMenu 'pramudyono hadi','1911',@CompanyId=2;
30/08/2021 11:33:23	SQL :EXEC GetUserTreeMenu 'pramudyono hadi','1912',@CompanyId=2;
30/08/2021 11:33:23	SQL :SELECT CONVERT(VARCHAR(8),GETDATE(),108) AS hour_minute;
30/08/2021 11:33:23	SQL :SELECT CONVERT(VARCHAR(10),GETDATE(),103) AS date_time;
30/08/2021 11:33:23	Loading Setting
30/08/2021 11:33:23	Open DB Connection
30/08/2021 11:33:23	SQL :SELECT * FROM wh_setting WHERE setting_name='Hold_Less_Deposit';
30/08/2021 11:33:23	SQL :SELECT * FROM wh_setting WHERE setting_name='Max_Less_Deposit';
30/08/2021 11:33:23	SQL :SELECT * FROM wh_setting WHERE setting_name='Dashboard_2';
30/08/2021 11:33:23	Finish Logging
30/08/2021 11:33:23	SQL :SELECT value_string FROM wh_setting WHERE (setting_name='Interval_CheckInDate') AND (active=1);
30/08/2021 11:33:23	SQL :SELECT value_string FROM wh_setting WHERE (setting_name='Interval_CheckInTime') AND (active=1);
30/08/2021 11:33:23	SQL :SELECT value_string FROM wh_setting WHERE (setting_name='ChatEnable') and (active=1);
30/08/2021 11:33:24	Message:Port Check
30/08/2021 11:33:24	Message:Open DB Connection
30/08/2021 11:33:24	SQL :EXEC GetMessage '01','pramudyono hadi';
30/08/2021 11:33:24	SQL :SELECT CONVERT(VARCHAR(8),GETDATE(),108) AS hour_minute;
30/08/2021 11:33:24	SQL :SELECT CONVERT(VARCHAR(10),GETDATE(),103) AS date_time;
30/08/2021 11:36:21	Open Menu :190505
30/08/2021 11:36:21	Open DB Connection
30/08/2021 11:36:21	SQL :EXEC AuthMenu 'pramudyono hadi',190505;
30/08/2021 11:36:21	Form Check :DailyOrderFeeRpt
30/08/2021 11:36:21	Open DB Connection
30/08/2021 11:36:21	SQL :EXEC GetCompanyLocationList
30/08/2021 11:36:36	Open DB Connection
30/08/2021 11:36:36	SQL :Insert Into wh_api_intersys_log (methode, param_in, result, user_id) Values ( 'Lap Uang Harian Driver', 'SJBRB21081387', 'Error Muncul NULL', 'pramudyono hadi')
30/08/2021 11:39:47	Form Check :OrderForm
30/08/2021 11:39:47	Form Open: OrderForm=COWDC21080567,0,,0
30/08/2021 11:39:47	Open DB Connection
30/08/2021 11:39:47	SQL :EXEC GetProductPriceList 2,@LocationId=6,@ContractId='';
30/08/2021 11:39:48	Open DB Connection
30/08/2021 11:39:48	SQL :EXEC GetOrderServiceType;
30/08/2021 11:39:48	SQL :EXEC GetTransactionType 'Order';
30/08/2021 11:39:48	Open DB Connection
30/08/2021 11:39:48	SQL :SELECT dbo.GetUsername('pramudyono hadi') AS sales UNION ALL SELECT dbo.GetUsername(username) AS sales FROM wh_user a LEFT JOIN wh_user_detail b ON b.user_id=a.username LEFT JOIN wh_company_location c ON c.company_location_id=a.company_location_id WHERE (b.department_id=14) AND (c.location_id='6');
30/08/2021 11:39:48	SQL :SELECT dbo.GetUsername('pramudyono hadi') AS sales;
30/08/2021 11:39:48	Open DB Connection
30/08/2021 11:39:48	SQL :EXEC GetOrderServiceType;
30/08/2021 11:39:48	SQL :EXEC GetTransactionType 'Order';
30/08/2021 11:39:48	Open DB Connection
30/08/2021 11:39:48	SQL :EXEC GetCustomerOrderDetail 'COWDC21080567';
30/08/2021 11:39:49	Open DB Connection
30/08/2021 11:39:49	SQL :EXEC GetCustomerOrderDetailList 'COWDC21080567';
30/08/2021 11:39:50	SQL :EXEC GetCustomerOrderServiceList 'COWDC21080567';
30/08/2021 11:39:50	Open DB Connection
30/08/2021 11:39:50	Open DB Connection
30/08/2021 11:44:25	Message:Port Check
30/08/2021 11:44:25	Message:Open DB Connection
30/08/2021 11:44:25	SQL :EXEC GetMessage '01','pramudyono hadi';
30/08/2021 11:44:25	SQL :SELECT CONVERT(VARCHAR(8),GETDATE(),108) AS hour_minute;
30/08/2021 11:44:25	SQL :SELECT CONVERT(VARCHAR(10),GETDATE(),103) AS date_time;
30/08/2021 11:48:14	Open Menu :130132
30/08/2021 11:48:14	Open DB Connection
30/08/2021 11:48:14	SQL :EXEC AuthMenu 'pramudyono hadi',130132;
30/08/2021 11:48:14	Form Check :VehicleInsuranceList
30/08/2021 11:48:14	Open DB Connection
30/08/2021 11:48:14	SQL :EXEC GetCompanyLocationList
30/08/2021 11:48:14	SQL :EXEC GetGroup 2;
30/08/2021 11:48:14	Open DB Connection
30/08/2021 11:48:14	SQL :EXEC GetInsuranceList 6,@CompanyId=2;
30/08/2021 11:48:15	Form Open: VehicleList=BUS,FormRequest=
30/08/2021 11:48:15	Open DB Connection
30/08/2021 11:48:15	SQL :EXEC GetInsuranceIssuer
30/08/2021 11:48:15	SQL :EXEC GetCompanyLocationList
30/08/2021 11:48:15	Open DB Connection
30/08/2021 11:48:15	SQL :EXEC GetVhcList 6,0,@CompanyId=2;
30/08/2021 11:48:16	Open DB Connection
30/08/2021 11:48:16	SQL :EXEC GetInsuranc30/08/2021 11:48:38	Get Local Settings
30/08/2021 11:48:38	Start Change Local Settings
30/08/2021 11:48:38	Change short date format
30/08/2021 11:48:38	Change Long date format
30/08/2021 11:48:38	Finish Change Local Settings
30/08/2021 11:48:38	Registry Read: Path=SOFTWARE\WEHA\Aplikasi\3
30/08/2021 11:48:38	Registry Read/Write
30/08/2021 11:48:38	Registry Read: Path=SOFTWARE\WEHA\Aplikasi\3
30/08/2021 11:48:38	Create DB Object
30/08/2021 11:48:38	Init DB
30/08/2021 11:48:38	Finish Init DB
30/08/2021 11:48:38	Get File Version
30/08/2021 11:48:38	Change  Caption
30/08/2021 11:48:38	Init Shortkey
30/08/2021 11:48:40	Create DB Object
30/08/2021 11:48:40	Init DB
30/08/2021 11:48:40	Finish Init DB
30/08/2021 11:48:41	Update new version check
30/08/2021 11:48:41	Open DB Connection
30/08/2021 11:48:41	SQL :
30/08/2021 11:48:41	Update check version
30/08/2021 11:48:41	Open DB Connection
30/08/2021 11:48:41	SQL :SELECT version FROM wh_application WHERE application_id=(SELECT MAX(application_id) FROM wh_application);
30/08/2021 11:48:41	Start Login
30/08/2021 11:48:41	Open DB Connection
30/08/2021 11:48:41	SQL :EXEC AuthenticateUser 'pramudyono hadi','6f2b8366efa56f0c06dd6b31fcff8a73';
30/08/2021 11:48:41	SQL :INSERT INTO wh_log (user_id,app_date,app_version,app_version_svr,location_id,company_id,department_id,host_name,ip_address)  VALUES ('pramudyono hadi','30/08/2021','6.1.3.14','6.1.3.14',6,2,13,'DESKTOP-S1PD9OD','192.168.25.214');
30/08/2021 11:48:41	Open DB Connection
30/08/2021 11:48:41	SQL :EXEC GetUserMenu 'pramudyono hadi';
30/08/2021 11:48:41	SQL :EXEC GetUserSubMenu 'pramudyono hadi','11';
30/08/2021 11:48:41	SQL :EXEC GetUserTreeMenu 'pramudyono hadi','1101',@CompanyId=2;
30/08/2021 11:48:41	SQL :EXEC GetUserTreeMenu 'pramudyono hadi','1102',@CompanyId=2;
30/08/2021 11:48:41	SQL :EXEC GetUserTreeMenu 'pramudyono hadi','1103',@CompanyId=2;
30/08/2021 11:48:41	SQL :EXEC GetUserTreeMenu 'pramudyono hadi','1104',@CompanyId=2;
30/08/2021 11:48:41	SQL :EXEC GetUserTreeMenu 'pramudyono hadi','1105',@CompanyId=2;
30/08/2021 11:48:41	SQL :EXEC GetUserTreeMenu 'pramudyono hadi','1106',@CompanyId=2;
30/08/2021 11:48:41	SQL :EXEC GetUserTreeMenu 'pramudyono hadi','1107',@CompanyId=2;
30/08/2021 11:48:42	SQL :EXEC GetUserTreeMenu 'pramudyono hadi','1108',@CompanyId=2;
30/08/2021 11:48:42	SQL :EXEC GetUserTreeMenu 'pramudyono hadi','1109',@CompanyId=2;
30/08/2021 11:48:42	SQL :EXEC GetUserTreeMenu 'pramudyono hadi','1110',@CompanyId=2;
30/08/2021 11:48:42	SQL :EXEC GetUserTreeMenu 'pramudyono hadi','1111',@CompanyId=2;
30/08/2021 11:48:42	SQL :EXEC GetUserTreeMenu 'pramudyono hadi','1112',@CompanyId=2;
30/08/2021 11:48:42	SQL :EXEC GetUserTreeMenu 'pramudyono hadi','1113',@CompanyId=2;
30/08/2021 11:48:42	SQL :EXEC GetUserTreeMenu 'pramudyono hadi','1114',@CompanyId=2;
30/08/2021 11:48:42	SQL :EXEC GetUserTreeMenu 'pramudyono hadi','1115',@CompanyId=2;
30/08/2021 11:48:42	SQL :EXEC GetUserTreeMenu 'pramudyono hadi','1116',@CompanyId=2;
30/08/2021 11:48:42	SQL :EXEC GetUserTreeMenu 'pramudyono hadi','1117',@CompanyId=2;
30/08/2021 11:48:42	SQL :EXEC GetUserTreeMenu 'pramudyono hadi','1198',@CompanyId=2;
30/08/2021 11:48:42	SQL :EXEC GetUserTreeMenu 'pramudyono hadi','1199',@CompanyId=2;
30/08/2021 11:48:42	SQL :EXEC GetUserSubMenu 'pramudyono hadi','12';
30/08/2021 11:48:42	SQL :EXEC GetUserTreeMenu 'pramudyono hadi','1201',@CompanyId=2;
30/08/2021 11:48:42	SQL :EXEC GetUserTreeMenu 'pramudyono hadi','1202',@CompanyId=2;
30/08/2021 11:48:42	SQL :EXEC GetUserTreeMenu 'pramudyono hadi','1203',@CompanyId=2;
30/08/2021 11:48:42	SQL :EXEC GetUserTreeMenu 'pramudyono hadi','1204',@CompanyId=2;
30/08/2021 11:48:42	SQL :EXEC GetUserTreeMenu 'pramudyono hadi','1205',@CompanyId=2;
30/08/2021 11:48:42	SQL :EXEC GetUserTreeMenu 'pramudyono hadi','1206',@CompanyId=2;
30/08/2021 11:48:42	SQL :EXEC GetUserTreeMenu 'pramudyono hadi','1207',@CompanyId=2;
30/08/2021 11:48:42	SQL :EXEC GetUserSubMenu 'pramudyono hadi','13';
30/08/2021 11:48:42	SQL :EXEC GetUserTreeMenu 'pramudyono hadi','1301',@CompanyId=2;
30/08/2021 11:48:42	SQL :EXEC GetUserTreeMenu 'pramudyono hadi','1302',@CompanyId=2;
30/08/2021 11:48:42	SQL :EXEC GetUserTreeMenu 'pramudyono hadi','1303',@CompanyId=2;
30/08/2021 11:48:42	SQL :EXEC GetUserTreeMenu 'pramudyono hadi','1304',@CompanyId=2;
30/08/2021 11:48:42	SQL :EXEC GetUserTreeMenu 'pramudyono hadi','1305',@CompanyId=2;
30/08/2021 11:48:42	SQL :EXEC GetUserTreeMenu 'pramudyono hadi','1306',@CompanyId=2;
30/08/2021 11:48:42	SQL :EXEC GetUserTreeMenu 'pramudyono hadi','1307',@CompanyId=2;
30/08/2021 11:48:42	SQL :EXEC GetUserTreeMenu 'pramudyono hadi','1308',@CompanyId=2;
30/08/2021 11:48:42	SQL :EXEC GetUserTreeMenu 'pramudyono hadi','1309',@CompanyId=2;
30/08/2021 11:48:42	SQL :EXEC GetUserTreeMenu 'pramudyono hadi','1310',@CompanyId=2;
30/08/2021 11:48:42	SQL :EXEC GetUserTreeMenu 'pramudyono hadi','1311',@CompanyId=2;
30/08/2021 11:48:42	SQL :EXEC GetUserTreeMenu 'pramudyono hadi','1312',@CompanyId=2;
30/08/2021 11:48:43	SQL :EXEC GetUserTreeMenu 'pramudyono hadi','1313',@CompanyId=2;
30/08/2021 11:48:43	SQL :EXEC GetUserTreeMenu 'pramudyono hadi','1314',@CompanyId=2;
30/08/2021 11:48:43	SQL :EXEC GetUserTreeMenu 'pramudyono hadi','1315',@CompanyId=2;
30/08/2021 11:48:43	SQL :EXEC GetUserTreeMenu 'pramudyono hadi','1316',@CompanyId=2;
30/08/2021 11:48:43	SQL :EXEC GetUserTreeMenu 'pramudyono hadi','1317',@CompanyId=2;
30/08/2021 11:48:43	SQL :EXEC GetUserTreeMenu 'pramudyono hadi','1318',@CompanyId=2;
30/08/2021 11:48:43	SQL :EXEC GetUserTreeMenu 'pramudyono hadi','1319',@CompanyId=2;
30/08/2021 11:48:43	SQL :EXEC GetUserTreeMenu 'pramudyono hadi','1320',@CompanyId=2;
30/08/2021 11:48:43	SQL :EXEC GetUserTreeMenu 'pramudyono hadi','1321',@CompanyId=2;
30/08/2021 11:48:43	SQL :EXEC GetUserSubMenu 'pramudyono hadi','14';
30/08/2021 11:48:43	SQL :EXEC GetUserTreeMenu 'pramudyono hadi','1401',@CompanyId=2;
30/08/2021 11:48:43	SQL :EXEC GetUserTreeMenu 'pramudyono hadi','1402',@CompanyId=2;
30/08/2021 11:48:43	SQL :EXEC GetUserTreeMenu 'pramudyono hadi','1403',@CompanyId=2;
30/08/2021 11:48:43	SQL :EXEC GetUserTreeMenu 'pramudyono hadi','1404',@CompanyId=2;
30/08/2021 11:48:43	SQL :EXEC GetUserTreeMenu 'pramudyono hadi','1406',@CompanyId=2;
30/08/2021 11:48:43	SQL :EXEC GetUserTreeMenu 'pramudyono hadi','1408',@CompanyId=2;
30/08/2021 11:48:43	SQL :EXEC GetUserTreeMenu 'pramudyono hadi','1410',@CompanyId=2;
30/08/2021 11:48:43	SQL :EXEC GetUserTreeMenu 'pramudyono hadi','1411',@CompanyId=2;
30/08/2021 11:48:43	SQL :EXEC GetUserTreeMenu 'pramudyono hadi','1412',@CompanyId=2;
30/08/2021 11:48:43	SQL :EXEC GetUserTreeMenu 'pramudyono hadi','1413',@CompanyId=2;
30/08/2021 11:48:43	SQL :EXEC GetUserTreeMenu 'pramudyono hadi','1414',@CompanyId=2;
30/08/2021 11:48:43	SQL :EXEC GetUserSubMenu 'pramudyono hadi','15';
30/08/2021 11:48:43	SQL :EXEC GetUserTreeMenu 'pramudyono hadi','1501',@CompanyId=2;
30/08/2021 11:48:43	SQL :EXEC GetUserTreeMenu 'pramudyono hadi','1502',@CompanyId=2;
30/08/2021 11:48:43	SQL :EXEC GetUserTreeMenu 'pramudyono hadi','1503',@CompanyId=2;
30/08/2021 11:48:43	SQL :EXEC GetUserTreeMenu 'pramudyono hadi','1504',@CompanyId=2;
30/08/2021 11:48:43	SQL :EXEC GetUserTreeMenu 'pramudyono hadi','1505',@CompanyId=2;
30/08/2021 11:48:43	SQL :EXEC GetUserTreeMenu 'pramudyono hadi','1506',@CompanyId=2;
30/08/2021 11:48:43	SQL :EXEC GetUserTreeMenu 'pramudyono hadi','1507',@CompanyId=2;
30/08/2021 11:48:44	SQL :EXEC GetUserTreeMenu 'pramudyono hadi','1508',@CompanyId=2;
30/08/2021 11:48:44	SQL :EXEC GetUserTreeMenu 'pramudyono hadi','1509',@CompanyId=2;
30/08/2021 11:48:44	SQL :EXEC GetUserTreeMenu 'pramudyono hadi','1510',@CompanyId=2;
30/08/2021 11:48:44	SQL :EXEC GetUserTreeMenu 'pramudyono hadi','1511',@CompanyId=2;
30/08/2021 11:48:44	SQL :EXEC GetUserSubMenu 'pramudyono hadi','16';
30/08/2021 11:48:44	SQL :EXEC GetUserTreeMenu 'pramudyono hadi','1601',@CompanyId=2;
30/08/2021 11:48:44	SQL :EXEC GetUserTreeMenu 'pramudyono hadi','1602',@CompanyId=2;
30/08/2021 11:48:44	SQL :EXEC GetUserTreeMenu 'pramudyono hadi','1603',@CompanyId=2;
30/08/2021 11:48:44	SQL :EXEC GetUserTreeMenu 'pramudyono hadi','1604',@CompanyId=2;
30/08/2021 11:48:44	SQL :EXEC GetUserTreeMenu 'pramudyono hadi','1605',@CompanyId=2;
30/08/2021 11:48:44	SQL :EXEC GetUserTreeMenu 'pramudyono hadi','1606',@CompanyId=2;
30/08/2021 11:48:44	SQL :EXEC GetUserTreeMenu 'pramudyono hadi','1607',@CompanyId=2;
30/08/2021 11:48:44	SQL :EXEC GetUserTreeMenu 'pramudyono hadi','1608',@CompanyId=2;
30/08/2021 11:48:44	SQL :EXEC GetUserTreeMenu 'pramudyono hadi','1609',@CompanyId=2;
30/08/2021 11:48:44	SQL :EXEC GetUserTreeMenu 'pramudyono hadi','1610',@CompanyId=2;
30/08/2021 11:48:44	SQL :EXEC GetUserTreeMenu 'pramudyono hadi','1611',@CompanyId=2;
30/08/2021 11:48:44	SQL :EXEC GetUserTreeMenu 'pramudyono hadi','1612',@CompanyId=2;
30/08/2021 11:48:44	SQL :EXEC GetUserTreeMenu 'pramudyono hadi','1613',@CompanyId=2;
30/08/2021 11:48:44	SQL :EXEC GetUserTreeMenu 'pramudyono hadi','1614',@CompanyId=2;
30/08/2021 11:48:44	SQL :EXEC GetUserTreeMenu 'pramudyono hadi','1615',@CompanyId=2;
30/08/2021 11:48:44	SQL :EXEC GetUserTreeMenu 'pramudyono hadi','1616',@CompanyId=2;
30/08/2021 11:48:44	SQL :EXEC GetUserTreeMenu 'pramudyono hadi','1619',@CompanyId=2;
30/08/2021 11:48:44	SQL :EXEC GetUserTreeMenu 'pramudyono hadi','1620',@CompanyId=2;
30/08/2021 11:48:44	SQL :EXEC GetUserSubMenu 'pramudyono hadi','17';
30/08/2021 11:48:44	SQL :EXEC GetUserTreeMenu 'pramudyono hadi','1701',@CompanyId=2;
30/08/2021 11:48:44	SQL :EXEC GetUserTreeMenu 'pramudyono hadi','1702',@CompanyId=2;
30/08/2021 11:48:44	SQL :EXEC GetUserTreeMenu 'pramudyono hadi','1703',@CompanyId=2;
30/08/2021 11:48:44	SQL :EXEC GetUserTreeMenu 'pramudyono hadi','1704',@CompanyId=2;
30/08/2021 11:48:45	SQL :EXEC GetUserTreeMenu 'pramudyono hadi','1705',@CompanyId=2;
30/08/2021 11:48:45	SQL :EXEC GetUserTreeMenu 'pramudyono hadi','1706',@CompanyId=2;
30/08/2021 11:48:45	SQL :EXEC GetUserTreeMenu 'pramudyono hadi','1707',@CompanyId=2;
30/08/2021 11:48:45	SQL :EXEC GetUserTreeMenu 'pramudyono hadi','1708',@CompanyId=2;
30/08/2021 11:48:45	SQL :EXEC GetUserTreeMenu 'pramudyono hadi','1709',@CompanyId=2;
30/08/2021 11:48:45	SQL :EXEC GetUserTreeMenu 'pramudyono hadi','1710',@CompanyId=2;
30/08/2021 11:48:45	SQL :EXEC GetUserTreeMenu 'pramudyono hadi','1711',@CompanyId=2;
30/08/2021 11:48:45	SQL :EXEC GetUserTreeMenu 'pramudyono hadi','1712',@CompanyId=2;
30/08/2021 11:48:45	SQL :EXEC GetUserTreeMenu 'pramudyono hadi','1713',@CompanyId=2;
30/08/2021 11:48:45	SQL :EXEC GetUserTreeMenu 'pramudyono hadi','1714',@CompanyId=2;
30/08/2021 11:48:45	SQL :EXEC GetUserTreeMenu 'pramudyono hadi','1715',@CompanyId=2;
30/08/2021 11:48:45	SQL :EXEC GetUserTreeMenu 'pramudyono hadi','1716',@CompanyId=2;
30/08/2021 11:48:45	SQL :EXEC GetUserTreeMenu 'pramudyono hadi','1717',@CompanyId=2;
30/08/2021 11:48:45	SQL :EXEC GetUserSubMenu 'pramudyono hadi','18';
30/08/2021 11:48:45	SQL :EXEC GetUserTreeMenu 'pramudyono hadi','1801',@CompanyId=2;
30/08/2021 11:48:45	SQL :EXEC GetUserSubMenu 'pramudyono hadi','19';
30/08/2021 11:48:45	SQL :EXEC GetUserTreeMenu 'pramudyono hadi','1901',@CompanyId=2;
30/08/2021 11:48:45	SQL :EXEC GetUserTreeMenu 'pramudyono hadi','1902',@CompanyId=2;
30/08/2021 11:48:45	SQL :EXEC GetUserTreeMenu 'pramudyono hadi','1903',@CompanyId=2;
30/08/2021 11:48:45	SQL :EXEC GetUserTreeMenu 'pramudyono hadi','1904',@CompanyId=2;
30/08/2021 11:48:45	SQL :EXEC GetUserTreeMenu 'pramudyono hadi','1905',@CompanyId=2;
30/08/2021 11:48:46	SQL :EXEC GetUserTreeMenu 'pramudyono hadi','1906',@CompanyId=2;
30/08/2021 11:48:46	SQL :EXEC GetUserTreeMenu 'pramudyono hadi','1907',@CompanyId=2;
30/08/2021 11:48:46	SQL :EXEC GetUserTreeMenu 'pramudyono hadi','1908',@CompanyId=2;
30/08/2021 11:48:46	SQL :EXEC GetUserTreeMenu 'pramudyono hadi','1909',@CompanyId=2;
30/08/2021 11:48:46	SQL :EXEC GetUserTreeMenu 'pramudyono hadi','1910',@CompanyId=2;
30/08/2021 11:48:46	SQL :EXEC GetUserTreeMenu 'pramudyono hadi','1911',@CompanyId=2;
30/08/2021 11:48:46	SQL :EXEC GetUserTreeMenu 'pramudyono hadi','1912',@CompanyId=2;
30/08/2021 11:48:46	SQL :SELECT CONVERT(VARCHAR(8),GETDATE(),108) AS hour_minute;
30/08/2021 11:48:46	SQL :SELECT CONVERT(VARCHAR(10),GETDATE(),103) AS date_time;
30/08/2021 11:48:46	Loading Setting
30/08/2021 11:48:46	Open DB Connection
30/08/2021 11:48:46	SQL :SELECT * FROM wh_setting WHERE setting_name='Hold_Less_Deposit';
30/08/2021 11:48:46	SQL :SELECT * FROM wh_setting WHERE setting_name='Max_Less_Deposit';
30/08/2021 11:48:46	SQL :SELECT * FROM wh_setting WHERE setting_name='Dashboard_2';
30/08/2021 11:48:46	Finish Logging
30/08/2021 11:48:46	SQL :SELECT value_string FROM wh_setting WHERE (setting_name='Interval_CheckInDate') AND (active=1);
30/08/2021 11:48:46	SQL :SELECT value_string FROM wh_setting WHERE (setting_name='Interval_CheckInTime') AND (active=1);
30/08/2021 11:48:46	SQL :SELECT value_string FROM wh_setting WHERE (setting_name='ChatEnable') and (active=1);
30/08/2021 11:48:47	Message:Port Check
30/08/2021 11:48:47	Message:Open DB Connection
30/08/2021 11:48:47	SQL :EXEC GetMessage '01','pramudyono hadi';
30/08/2021 11:48:47	SQL :SELECT CONVERT(VARCHAR(8),GETDATE(),108) AS hour_minute;
30/08/2021 11:48:47	SQL :SELECT CONVERT(VARCHAR(10),GETDATE(),103) AS date_time;
30/08/2021 11:48:49	Open Menu :130132
30/08/2021 11:48:49	Open DB Connection
30/08/2021 11:48:49	SQL :EXEC AuthMenu 'pramudyono hadi',130132;
30/08/2021 11:48:49	Form Check :VehicleInsuranceList
30/08/2021 11:48:50	Open DB Connection
30/08/2021 11:48:50	SQL :EXEC GetCompanyLocationList
30/08/2021 11:48:50	SQL :EXEC GetGroup 2;
30/08/2021 11:48:50	Open DB Connection
30/08/2021 11:48:50	SQL :EXEC GetInsuranceList 6,@CompanyId=2;
30/08/2021 11:48:52	Form Open: VehicleList=BUS,FormRequest=
30/08/2021 11:48:52	Open DB Connection
30/08/2021 11:48:52	SQL :EXEC GetInsuranceIssuer
30/08/2021 11:48:52	SQL :EXEC GetCompanyLocationList
30/08/2021 11:48:52	Open DB Connection
30/08/2021 11:48:52	SQL :EXEC GetVhcList 6,0,@CompanyId=2;
30/08/2021 11:48:52	Open DB Connection
30/08/2021 11:48:52	SQL :EXEC GetInsuranceDetail 'INSRB21080001';
30/08/2021 11:49:41	Get Local Settings
30/08/2021 11:49:41	Start Change Local Settings
30/08/2021 11:49:41	Change short date format
30/08/2021 11:49:41	Change Long date format
30/08/2021 11:49:41	Finish Change Local Settings
30/08/2021 11:49:41	Registry Read: Path=SOFTWARE\WEHA\Aplikasi\3
30/08/2021 11:49:41	Registry Read/Write
30/08/2021 11:49:41	Registry Read: Path=SOFTWARE\WEHA\Aplikasi\3
30/08/2021 11:49:41	Create DB Object
30/08/2021 11:49:41	Init DB
30/08/2021 11:49:41	Finish Init DB
30/08/2021 11:49:41	Get File Version
30/08/2021 11:49:41	Change  Caption
30/08/2021 11:49:41	Init Shortkey
30/08/2021 11:49:44	Create DB Object
30/08/2021 11:49:44	Init DB
30/08/2021 11:49:44	Finish Init DB
30/08/2021 11:49:45	Update new version check
30/08/2021 11:49:45	Open DB Connection
30/08/2021 11:49:45	SQL :
30/08/2021 11:49:45	Update check version
30/08/2021 11:49:45	Open DB Connection
30/08/2021 11:49:45	SQL :SELECT version FROM wh_application WHERE application_id=(SELECT MAX(application_id) FROM wh_application);
30/08/2021 11:49:45	Start Login
30/08/2021 11:49:45	Open DB Connection
30/08/2021 11:49:45	SQL :EXEC AuthenticateUser 'pramudyono hadi','6f2b8366efa56f0c06dd6b31fcff8a73';
30/08/2021 11:49:45	SQL :INSERT INTO wh_log (user_id,app_date,app_version,app_version_svr,location_id,company_id,department_id,host_name,ip_address)  VALUES ('pramudyono hadi','30/08/2021','6.1.3.14','6.1.3.14',6,2,13,'DESKTOP-S1PD9OD','192.168.25.214');
30/08/2021 11:49:45	Open DB Connection
30/08/2021 11:49:45	SQL :EXEC GetUserMenu 'pramudyono hadi';
30/08/2021 11:49:45	SQL :EXEC GetUserSubMenu 'pramudyono hadi','11';
30/08/2021 11:49:45	SQL :EXEC GetUserTreeMenu 'pramudyono hadi','1101',@CompanyId=2;
30/08/2021 11:49:45	SQL :EXEC GetUserTreeMenu 'pramudyono hadi','1102',@CompanyId=2;
30/08/2021 11:49:45	SQL :EXEC GetUserTreeMenu 'pramudyono hadi','1103',@CompanyId=2;
30/08/2021 11:49:45	SQL :EXEC GetUserTreeMenu 'pramudyono hadi','1104',@CompanyId=2;
30/08/2021 11:49:45	SQL :EXEC GetUserTreeMenu 'pramudyono hadi','1105',@CompanyId=2;
30/08/2021 11:49:45	SQL :EXEC GetUserTreeMenu 'pramudyono hadi','1106',@CompanyId=2;
30/08/2021 11:49:45	SQL :EXEC GetUserTreeMenu 'pramudyono hadi','1107',@CompanyId=2;
30/08/2021 11:49:45	SQL :EXEC GetUserTreeMenu 'pramudyono hadi','1108',@CompanyId=2;
30/08/2021 11:49:45	SQL :EXEC GetUserTreeMenu 'pramudyono hadi','1109',@CompanyId=2;
30/08/2021 11:49:45	SQL :EXEC GetUserTreeMenu 'pramudyono hadi','1110',@CompanyId=2;
30/08/2021 11:49:45	SQL :EXEC GetUserTreeMenu 'pramudyono hadi','1111',@CompanyId=2;
30/08/2021 11:49:45	SQL :EXEC GetUserTreeMenu 'pramudyono hadi','1112',@CompanyId=2;
30/08/2021 11:49:45	SQL :EXEC GetUserTreeMenu 'pramudyono hadi','1113',@CompanyId=2;
30/08/2021 11:49:45	SQL :EXEC GetUserTreeMenu 'pramudyono hadi','1114',@CompanyId=2;
30/08/2021 11:49:45	SQL :EXEC GetUserTreeMenu 'pramudyono hadi','1115',@CompanyId=2;
30/08/2021 11:49:45	SQL :EXEC GetUserTreeMenu 'pramudyono hadi','1116',@CompanyId=2;
30/08/2021 11:49:45	SQL :EXEC GetUserTreeMenu 'pramudyono hadi','1117',@CompanyId=2;
30/08/2021 11:49:45	SQL :EXEC GetUserTreeMenu 'pramudyono hadi','1198',@CompanyId=2;
30/08/2021 11:49:45	SQL :EXEC GetUserTreeMenu 'pramudyono hadi','1199',@CompanyId=2;
30/08/2021 11:49:46	SQL :EXEC GetUserSubMenu 'pramudyono hadi','12';
30/08/2021 11:49:46	SQL :EXEC GetUserTreeMenu 'pramudyono hadi','1201',@CompanyId=2;
30/08/2021 11:49:46	SQL :EXEC GetUserTreeMenu 'pramudyono hadi','1202',@CompanyId=2;
30/08/2021 11:49:46	SQL :EXEC GetUserTreeMenu 'pramudyono hadi','1203',@CompanyId=2;
30/08/2021 11:49:46	SQL :EXEC GetUserTreeMenu 'pramudyono hadi','1204',@CompanyId=2;
30/08/2021 11:49:46	SQL :EXEC GetUserTreeMenu 'pramudyono hadi','1205',@CompanyId=2;
30/08/2021 11:49:46	SQL :EXEC GetUserTreeMenu 'pramudyono hadi','1206',@CompanyId=2;
30/08/2021 11:49:46	SQL :EXEC GetUserTreeMenu 'pramudyono hadi','1207',@CompanyId=2;
30/08/2021 11:49:46	SQL :EXEC GetUserSubMenu 'pramudyono hadi','13';
30/08/2021 11:49:46	SQL :EXEC GetUserTreeMenu 'pramudyono hadi','1301',@CompanyId=2;
30/08/2021 11:49:46	SQL :EXEC GetUserTreeMenu 'pramudyono hadi','1302',@CompanyId=2;
30/08/2021 11:49:46	SQL :EXEC GetUserTreeMenu 'pramudyono hadi','1303',@CompanyId=2;
30/08/2021 11:49:46	SQL :EXEC GetUserTreeMenu 'pramudyono hadi','1304',@CompanyId=2;
30/08/2021 11:49:46	SQL :EXEC GetUserTreeMenu 'pramudyono hadi','1305',@CompanyId=2;
30/08/2021 11:49:46	SQL :EXEC GetUserTreeMenu 'pramudyono hadi','1306',@CompanyId=2;
30/08/2021 11:49:46	SQL :EXEC GetUserTreeMenu 'pramudyono hadi','1307',@CompanyId=2;
30/08/2021 11:49:46	SQL :EXEC GetUserTreeMenu 'pramudyono hadi','1308',@CompanyId=2;
30/08/2021 11:49:46	SQL :EXEC GetUserTreeMenu 'pramudyono hadi','1309',@CompanyId=2;
30/08/2021 11:49:46	SQL :EXEC GetUserTreeMenu 'pramudyono hadi','1310',@CompanyId=2;
30/08/2021 11:49:46	SQL :EXEC GetUserTreeMenu 'pramudyono hadi','1311',@CompanyId=2;
30/08/2021 11:49:46	SQL :EXEC GetUserTreeMenu 'pramudyono hadi','1312',@CompanyId=2;
30/08/2021 11:49:46	SQL :EXEC GetUserTreeMenu 'pramudyono hadi','1313',@CompanyId=2;
30/08/2021 11:49:46	SQL :EXEC GetUserTreeMenu 'pramudyono hadi','1314',@CompanyId=2;
30/08/2021 11:49:46	SQL :EXEC GetUserTreeMenu 'pramudyono hadi','1315',@CompanyId=2;
30/08/2021 11:49:46	SQL :EXEC GetUserTreeMenu 'pramudyono hadi','1316',@CompanyId=2;
30/08/2021 11:49:46	SQL :EXEC GetUserTreeMenu 'pramudyono hadi','1317',@CompanyId=2;
30/08/2021 11:49:46	SQL :EXEC GetUserTreeMenu 'pramudyono hadi','1318',@CompanyId=2;
30/08/2021 11:49:46	SQL :EXEC GetUserTreeMenu 'pramudyono hadi','1319',@CompanyId=2;
30/08/2021 11:49:46	SQL :EXEC GetUserTreeMenu 'pramudyono hadi','1320',@CompanyId=2;
30/08/2021 11:49:46	SQL :EXEC GetUserTreeMenu 'pramudyono hadi','1321',@CompanyId=2;
30/08/2021 11:49:46	SQL :EXEC GetUserSubMenu 'pramudyono hadi','14';
30/08/2021 11:49:46	SQL :EXEC GetUserTreeMenu 'pramudyono hadi','1401',@CompanyId=2;
30/08/2021 11:49:46	SQL :EXEC GetUserTreeMenu 'pramudyono hadi','1402',@CompanyId=2;
30/08/2021 11:49:46	SQL :EXEC GetUserTreeMenu 'pramudyono hadi','1403',@CompanyId=2;
30/08/2021 11:49:46	SQL :EXEC GetUserTreeMenu 'pramudyono hadi','1404',@CompanyId=2;
30/08/2021 11:49:46	SQL :EXEC GetUserTreeMenu 'pramudyono hadi','1406',@CompanyId=2;
30/08/2021 11:49:46	SQL :EXEC GetUserTreeMenu 'pramudyono hadi','1408',@CompanyId=2;
30/08/2021 11:49:46	SQL :EXEC GetUserTreeMenu 'pramudyono hadi','1410',@CompanyId=2;
30/08/2021 11:49:46	SQL :EXEC GetUserTreeMenu 'pramudyono hadi','1411',@CompanyId=2;
30/08/2021 11:49:46	SQL :EXEC GetUserTreeMenu 'pramudyono hadi','1412',@CompanyId=2;
30/08/2021 11:49:46	SQL :EXEC GetUserTreeMenu 'pramudyono hadi','1413',@CompanyId=2;
30/08/2021 11:49:46	SQL :EXEC GetUserTreeMenu 'pramudyono hadi','1414',@CompanyId=2;
30/08/2021 11:49:46	SQL :EXEC GetUserSubMenu 'pramudyono hadi','15';
30/08/2021 11:49:46	SQL :EXEC GetUserTreeMenu 'pramudyono hadi','1501',@CompanyId=2;
30/08/2021 11:49:46	SQL :EXEC GetUserTreeMenu 'pramudyono hadi','1502',@CompanyId=2;
30/08/2021 11:49:46	SQL :EXEC GetUserTreeMenu 'pramudyono hadi','1503',@CompanyId=2;
30/08/2021 11:49:46	SQL :EXEC GetUserTreeMenu 'pramudyono hadi','1504',@CompanyId=2;
30/08/2021 11:49:46	SQL :EXEC GetUserTreeMenu 'pramudyono hadi','1505',@CompanyId=2;
30/08/2021 11:49:46	SQL :EXEC GetUserTreeMenu 'pramudyono hadi','1506',@CompanyId=2;
30/08/2021 11:49:46	SQL :EXEC GetUserTreeMenu 'pramudyono hadi','1507',@CompanyId=2;
30/08/2021 11:49:46	SQL :EXEC GetUserTreeMenu 'pramudyono hadi','1508',@CompanyId=2;
30/08/2021 11:49:46	SQL :EXEC GetUserTreeMenu 'pramudyono hadi','1509',@CompanyId=2;
30/08/2021 11:49:46	SQL :EXEC GetUserTreeMenu 'pramudyono hadi','1510',@CompanyId=2;
30/08/2021 11:49:46	SQL :EXEC GetUserTreeMenu 'pramudyono hadi','1511',@CompanyId=2;
30/08/2021 11:49:46	SQL :EXEC GetUserSubMenu 'pramudyono hadi','16';
30/08/2021 11:49:46	SQL :EXEC GetUserTreeMenu 'pramudyono hadi','1601',@CompanyId=2;
30/08/2021 11:49:46	SQL :EXEC GetUserTreeMenu 'pramudyono hadi','1602',@CompanyId=2;
30/08/2021 11:49:46	SQL :EXEC GetUserTreeMenu 'pramudyono hadi','1603',@CompanyId=2;
30/08/2021 11:49:46	SQL :EXEC GetUserTreeMenu 'pramudyono hadi','1604',@CompanyId=2;
30/08/2021 11:49:46	SQL :EXEC GetUserTreeMenu 'pramudyono hadi','1605',@CompanyId=2;
30/08/2021 11:49:46	SQL :EXEC GetUserTreeMenu 'pramudyono hadi','1606',@CompanyId=2;
30/08/2021 11:49:46	SQL :EXEC GetUserTreeMenu 'pramudyono hadi','1607',@CompanyId=2;
30/08/2021 11:49:46	SQL :EXEC GetUserTreeMenu 'pramudyono hadi','1608',@CompanyId=2;
30/08/2021 11:49:46	SQL :EXEC GetUserTreeMenu 'pramudyono hadi','1609',@CompanyId=2;
30/08/2021 11:49:46	SQL :EXEC GetUserTreeMenu 'pramudyono hadi','1610',@CompanyId=2;
30/08/2021 11:49:46	SQL :EXEC GetUserTreeMenu 'pramudyono hadi','1611',@CompanyId=2;
30/08/2021 11:49:46	SQL :EXEC GetUserTreeMenu 'pramudyono hadi','1612',@CompanyId=2;
30/08/2021 11:49:46	SQL :EXEC GetUserTreeMenu 'pramudyono hadi','1613',@CompanyId=2;
30/08/2021 11:49:46	SQL :EXEC GetUserTreeMenu 'pramudyono hadi','1614',@CompanyId=2;
30/08/2021 11:49:46	SQL :EXEC GetUserTreeMenu 'pramudyono hadi','1615',@CompanyId=2;
30/08/2021 11:49:46	SQL :EXEC GetUserTreeMenu 'pramudyono hadi','1616',@CompanyId=2;
30/08/2021 11:49:46	SQL :EXEC GetUserTreeMenu 'pramudyono hadi','1619',@CompanyId=2;
30/08/2021 11:49:46	SQL :EXEC GetUserTreeMenu 'pramudyono hadi','1620',@CompanyId=2;
30/08/2021 11:49:46	SQL :EXEC GetUserSubMenu 'pramudyono hadi','17';
30/08/2021 11:49:46	SQL :EXEC GetUserTreeMenu 'pramudyono hadi','1701',@CompanyId=2;
30/08/2021 11:49:46	SQL :EXEC GetUserTreeMenu 'pramudyono hadi','1702',@CompanyId=2;
30/08/2021 11:49:47	SQL :EXEC GetUserTreeMenu 'pramudyono hadi','1703',@CompanyId=2;
30/08/2021 11:49:47	SQL :EXEC GetUserTreeMenu 'pramudyono hadi','1704',@CompanyId=2;
30/08/2021 11:49:47	SQL :EXEC GetUserTreeMenu 'pramudyono hadi','1705',@CompanyId=2;
30/08/2021 11:49:47	SQL :EXEC GetUserTreeMenu 'pramudyono hadi','1706',@CompanyId=2;
30/08/2021 11:49:47	SQL :EXEC GetUserTreeMenu 'pramudyono hadi','1707',@CompanyId=2;
30/08/2021 11:49:47	SQL :EXEC GetUserTreeMenu 'pramudyono hadi','1708',@CompanyId=2;
30/08/2021 11:49:47	SQL :EXEC GetUserTreeMenu 'pramudyono hadi','1709',@CompanyId=2;
30/08/2021 11:49:47	SQL :EXEC GetUserTreeMenu 'pramudyono hadi','1710',@CompanyId=2;
30/08/2021 11:49:47	SQL :EXEC GetUserTreeMenu 'pramudyono hadi','1711',@CompanyId=2;
30/08/2021 11:49:47	SQL :EXEC GetUserTreeMenu 'pramudyono hadi','1712',@CompanyId=2;
30/08/2021 11:49:47	SQL :EXEC GetUserTreeMenu 'pramudyono hadi','1713',@CompanyId=2;
30/08/2021 11:49:47	SQL :EXEC GetUserTreeMenu 'pramudyono hadi','1714',@CompanyId=2;
30/08/2021 11:49:47	SQL :EXEC GetUserTreeMenu 'pramudyono hadi','1715',@CompanyId=2;
30/08/2021 11:49:47	SQL :EXEC GetUserTreeMenu 'pramudyono hadi','1716',@CompanyId=2;
30/08/2021 11:49:47	SQL :EXEC GetUserTreeMenu 'pramudyono hadi','1717',@CompanyId=2;
30/08/2021 11:49:47	SQL :EXEC GetUserSubMenu 'pramudyono hadi','18';
30/08/2021 11:49:47	SQL :EXEC GetUserTreeMenu 'pramudyono hadi','1801',@CompanyId=2;
30/08/2021 11:49:47	SQL :EXEC GetUserSubMenu 'pramudyono hadi','19';
30/08/2021 11:49:47	SQL :EXEC GetUserTreeMenu 'pramudyono hadi','1901',@CompanyId=2;
30/08/2021 11:49:47	SQL :EXEC GetUserTreeMenu 'pramudyono hadi','1902',@CompanyId=2;
30/08/2021 11:49:47	SQL :EXEC GetUserTreeMenu 'pramudyono hadi','1903',@CompanyId=2;
30/08/2021 11:49:47	SQL :EXEC GetUserTreeMenu 'pramudyono hadi','1904',@CompanyId=2;
30/08/2021 11:49:47	SQL :EXEC GetUserTreeMenu 'pramudyono hadi','1905',@CompanyId=2;
30/08/2021 11:49:47	SQL :EXEC GetUserTreeMenu 'pramudyono hadi','1906',@CompanyId=2;
30/08/2021 11:49:47	SQL :EXEC GetUserTreeMenu 'pramudyono hadi','1907',@CompanyId=2;
30/08/2021 11:49:47	SQL :EXEC GetUserTreeMenu 'pramudyono hadi','1908',@CompanyId=2;
30/08/2021 11:49:47	SQL :EXEC GetUserTreeMenu 'pramudyono hadi','1909',@CompanyId=2;
30/08/2021 11:49:47	SQL :EXEC GetUserTreeMenu 'pramudyono hadi','1910',@CompanyId=2;
30/08/2021 11:49:47	SQL :EXEC GetUserTreeMenu 'pramudyono hadi','1911',@CompanyId=2;
30/08/2021 11:49:47	SQL :EXEC GetUserTreeMenu 'pramudyono hadi','1912',@CompanyId=2;
30/08/2021 11:49:47	SQL :SELECT CONVERT(VARCHAR(8),GETDATE(),108) AS hour_minute;
30/08/2021 11:49:47	SQL :SELECT CONVERT(VARCHAR(10),GETDATE(),103) AS date_time;
30/08/2021 11:49:47	Loading Setting
30/08/2021 11:49:47	Open DB Connection
30/08/2021 11:49:47	SQL :SELECT * FROM wh_setting WHERE setting_name='Hold_Less_Deposit';
30/08/2021 11:49:47	SQL :SELECT * FROM wh_setting WHERE setting_name='Max_Less_Deposit';
30/08/2021 11:49:47	SQL :SELECT * FROM wh_setting WHERE setting_name='Dashboard_2';
30/08/2021 11:49:47	Finish Logging
30/08/2021 11:49:47	SQL :SELECT value_string FROM wh_setting WHERE (setting_name='Interval_CheckInDate') AND (active=1);
30/08/2021 11:49:47	SQL :SELECT value_string FROM wh_setting WHERE (setting_name='Interval_CheckInTime') AND (active=1);
30/08/2021 11:49:47	SQL :SELECT value_string FROM wh_setting WHERE (setting_name='ChatEnable') and (active=1);
30/08/2021 11:49:48	Message:Port Check
30/08/2021 11:49:48	Message:Open DB Connection
30/08/2021 11:49:48	SQL :EXEC GetMessage '01','pramudyono hadi';
30/08/2021 11:49:48	SQL :SELECT CONVERT(VARCHAR(8),GETDATE(),108) AS hour_minute;
30/08/2021 11:49:48	SQL :SELECT CONVERT(VARCHAR(10),GETDATE(),103) AS date_time;
30/08/2021 11:49:55	Open Menu :130132
30/08/2021 11:49:55	Open DB Connection
30/08/2021 11:49:55	SQL :EXEC AuthMenu 'pramudyono hadi',130132;
30/08/2021 11:49:55	Form Check :VehicleInsuranceList
30/08/2021 11:49:55	Open DB Connection
30/08/2021 11:49:55	SQL :EXEC GetCompanyLocationList
30/08/2021 11:49:55	SQL :EXEC GetGroup 2;
30/08/2021 11:49:55	Open DB Connection
30/08/2021 11:49:55	SQL :EXEC GetInsuranceList 6,@CompanyId=2;
30/08/2021 11:49:56	Form Open: VehicleList=BUS,FormRequest=
30/08/2021 11:49:56	Open DB Connection
30/08/2021 11:49:56	SQL :EXEC GetInsuranceIssuer
30/08/2021 11:49:56	SQL :EXEC GetCompanyLocationList
30/08/2021 11:49:56	Open DB Connection
30/08/2021 11:49:56	SQL :EXEC GetVhcList 6,0,@CompanyId=2;
30/08/2021 11:49:56	Open DB Connection
30/08/2021 11:49:56	SQL :EXEC GetInsuranceDetail 'INSRB30/08/2021 11:50:48	Get Local Settings
30/08/2021 11:50:48	Start Change Local Settings
30/08/2021 11:50:48	Change short date format
30/08/2021 11:50:48	Change Long date format
30/08/2021 11:50:48	Finish Change Local Settings
30/08/2021 11:50:48	Registry Read: Path=SOFTWARE\WEHA\Aplikasi\3
30/08/2021 11:50:48	Registry Read/Write
30/08/2021 11:50:48	Registry Read: Path=SOFTWARE\WEHA\Aplikasi\3
30/08/2021 11:50:48	Create DB Object
30/08/2021 11:50:48	Init DB
30/08/2021 11:50:48	Finish Init DB
30/08/2021 11:50:48	Get File Version
30/08/2021 11:50:48	Change  Caption
30/08/2021 11:50:48	Init Shortkey
30/08/2021 11:50:50	Create DB Object
30/08/2021 11:50:50	Init DB
30/08/2021 11:50:50	Finish Init DB
30/08/2021 11:50:51	Update new version check
30/08/2021 11:50:51	Open DB Connection
30/08/2021 11:50:51	SQL :
30/08/2021 11:50:51	Update check version
30/08/2021 11:50:51	Open DB Connection
30/08/2021 11:50:51	SQL :SELECT version FROM wh_application WHERE application_id=(SELECT MAX(application_id) FROM wh_application);
30/08/2021 11:50:51	Start Login
30/08/2021 11:50:51	Open DB Connection
30/08/2021 11:50:51	SQL :EXEC AuthenticateUser 'pramudyono hadi','6f2b8366efa56f0c06dd6b31fcff8a73';
30/08/2021 11:50:51	SQL :INSERT INTO wh_log (user_id,app_date,app_version,app_version_svr,location_id,company_id,department_id,host_name,ip_address)  VALUES ('pramudyono hadi','30/08/2021','6.1.3.14','6.1.3.14',6,2,13,'DESKTOP-S1PD9OD','192.168.25.214');
30/08/2021 11:50:51	Open DB Connection
30/08/2021 11:50:51	SQL :EXEC GetUserMenu 'pramudyono hadi';
30/08/2021 11:50:51	SQL :EXEC GetUserSubMenu 'pramudyono hadi','11';
30/08/2021 11:50:51	SQL :EXEC GetUserTreeMenu 'pramudyono hadi','1101',@CompanyId=2;
30/08/2021 11:50:51	SQL :EXEC GetUserTreeMenu 'pramudyono hadi','1102',@CompanyId=2;
30/08/2021 11:50:51	SQL :EXEC GetUserTreeMenu 'pramudyono hadi','1103',@CompanyId=2;
30/08/2021 11:50:51	SQL :EXEC GetUserTreeMenu 'pramudyono hadi','1104',@CompanyId=2;
30/08/2021 11:50:51	SQL :EXEC GetUserTreeMenu 'pramudyono hadi','1105',@CompanyId=2;
30/08/2021 11:50:52	SQL :EXEC GetUserTreeMenu 'pramudyono hadi','1106',@CompanyId=2;
30/08/2021 11:50:52	SQL :EXEC GetUserTreeMenu 'pramudyono hadi','1107',@CompanyId=2;
30/08/2021 11:50:52	SQL :EXEC GetUserTreeMenu 'pramudyono hadi','1108',@CompanyId=2;
30/08/2021 11:50:52	SQL :EXEC GetUserTreeMenu 'pramudyono hadi','1109',@CompanyId=2;
30/08/2021 11:50:52	SQL :EXEC GetUserTreeMenu 'pramudyono hadi','1110',@CompanyId=2;
30/08/2021 11:50:52	SQL :EXEC GetUserTreeMenu 'pramudyono hadi','1111',@CompanyId=2;
30/08/2021 11:50:52	SQL :EXEC GetUserTreeMenu 'pramudyono hadi','1112',@CompanyId=2;
30/08/2021 11:50:52	SQL :EXEC GetUserTreeMenu 'pramudyono hadi','1113',@CompanyId=2;
30/08/2021 11:50:52	SQL :EXEC GetUserTreeMenu 'pramudyono hadi','1114',@CompanyId=2;
30/08/2021 11:50:52	SQL :EXEC GetUserTreeMenu 'pramudyono hadi','1115',@CompanyId=2;
30/08/2021 11:50:52	SQL :EXEC GetUserTreeMenu 'pramudyono hadi','1116',@CompanyId=2;
30/08/2021 11:50:52	SQL :EXEC GetUserTreeMenu 'pramudyono hadi','1117',@CompanyId=2;
30/08/2021 11:50:52	SQL :EXEC GetUserTreeMenu 'pramudyono hadi','1198',@CompanyId=2;
30/08/2021 11:50:52	SQL :EXEC GetUserTreeMenu 'pramudyono hadi','1199',@CompanyId=2;
30/08/2021 11:50:52	SQL :EXEC GetUserSubMenu 'pramudyono hadi','12';
30/08/2021 11:50:52	SQL :EXEC GetUserTreeMenu 'pramudyono hadi','1201',@CompanyId=2;
30/08/2021 11:50:52	SQL :EXEC GetUserTreeMenu 'pramudyono hadi','1202',@CompanyId=2;
30/08/2021 11:50:52	SQL :EXEC GetUserTreeMenu 'pramudyono hadi','1203',@CompanyId=2;
30/08/2021 11:50:52	SQL :EXEC GetUserTreeMenu 'pramudyono hadi','1204',@CompanyId=2;
30/08/2021 11:50:52	SQL :EXEC GetUserTreeMenu 'pramudyono hadi','1205',@CompanyId=2;
30/08/2021 11:50:52	SQL :EXEC GetUserTreeMenu 'pramudyono hadi','1206',@CompanyId=2;
30/08/2021 11:50:52	SQL :EXEC GetUserTreeMenu 'pramudyono hadi','1207',@CompanyId=2;
30/08/2021 11:50:52	SQL :EXEC GetUserSubMenu 'pramudyono hadi','13';
30/08/2021 11:50:52	SQL :EXEC GetUserTreeMenu 'pramudyono hadi','1301',@CompanyId=2;
30/08/2021 11:50:52	SQL :EXEC GetUserTreeMenu 'pramudyono hadi','1302',@CompanyId=2;
30/08/2021 11:50:52	SQL :EXEC GetUserTreeMenu 'pramudyono hadi','1303',@CompanyId=2;
30/08/2021 11:50:52	SQL :EXEC GetUserTreeMenu 'pramudyono hadi','1304',@CompanyId=2;
30/08/2021 11:50:52	SQL :EXEC GetUserTreeMenu 'pramudyono hadi','1305',@CompanyId=2;
30/08/2021 11:50:52	SQL :EXEC GetUserTreeMenu 'pramudyono hadi','1306',@CompanyId=2;
30/08/2021 11:50:52	SQL :EXEC GetUserTreeMenu 'pramudyono hadi','1307',@CompanyId=2;
30/08/2021 11:50:52	SQL :EXEC GetUserTreeMenu 'pramudyono hadi','1308',@CompanyId=2;
30/08/2021 11:50:52	SQL :EXEC GetUserTreeMenu 'pramudyono hadi','1309',@CompanyId=2;
30/08/2021 11:50:52	SQL :EXEC GetUserTreeMenu 'pramudyono hadi','1310',@CompanyId=2;
30/08/2021 11:50:52	SQL :EXEC GetUserTreeMenu 'pramudyono hadi','1311',@CompanyId=2;
30/08/2021 11:50:52	SQL :EXEC GetUserTreeMenu 'pramudyono hadi','1312',@CompanyId=2;
30/08/2021 11:50:52	SQL :EXEC GetUserTreeMenu 'pramudyono hadi','1313',@CompanyId=2;
30/08/2021 11:50:52	SQL :EXEC GetUserTreeMenu 'pramudyono hadi','1314',@CompanyId=2;
30/08/2021 11:50:52	SQL :EXEC GetUserTreeMenu 'pramudyono hadi','1315',@CompanyId=2;
30/08/2021 11:50:52	SQL :EXEC GetUserTreeMenu 'pramudyono hadi','1316',@CompanyId=2;
30/08/2021 11:50:52	SQL :EXEC GetUserTreeMenu 'pramudyono hadi','1317',@CompanyId=2;
30/08/2021 11:50:52	SQL :EXEC GetUserTreeMenu 'pramudyono hadi','1318',@CompanyId=2;
30/08/2021 11:50:52	SQL :EXEC GetUserTreeMenu 'pramudyono hadi','1319',@CompanyId=2;
30/08/2021 11:50:52	SQL :EXEC GetUserTreeMenu 'pramudyono hadi','1320',@CompanyId=2;
30/08/2021 11:50:52	SQL :EXEC GetUserTreeMenu 'pramudyono hadi','1321',@CompanyId=2;
30/08/2021 11:50:52	SQL :EXEC GetUserSubMenu 'pramudyono hadi','14';
30/08/2021 11:50:52	SQL :EXEC GetUserTreeMenu 'pramudyono hadi','1401',@CompanyId=2;
30/08/2021 11:50:52	SQL :EXEC GetUserTreeMenu 'pramudyono hadi','1402',@CompanyId=2;
30/08/2021 11:50:52	SQL :EXEC GetUserTreeMenu 'pramudyono hadi','1403',@CompanyId=2;
30/08/2021 11:50:52	SQL :EXEC GetUserTreeMenu 'pramudyono hadi','1404',@CompanyId=2;
30/08/2021 11:50:52	SQL :EXEC GetUserTreeMenu 'pramudyono hadi','1406',@CompanyId=2;
30/08/2021 11:50:52	SQL :EXEC GetUserTreeMenu 'pramudyono hadi','1408',@CompanyId=2;
30/08/2021 11:50:52	SQL :EXEC GetUserTreeMenu 'pramudyono hadi','1410',@CompanyId=2;
30/08/2021 11:50:52	SQL :EXEC GetUserTreeMenu 'pramudyono hadi','1411',@CompanyId=2;
30/08/2021 11:50:52	SQL :EXEC GetUserTreeMenu 'pramudyono hadi','1412',@CompanyId=2;
30/08/2021 11:50:52	SQL :EXEC GetUserTreeMenu 'pramudyono hadi','1413',@CompanyId=2;
30/08/2021 11:50:52	SQL :EXEC GetUserTreeMenu 'pramudyono hadi','1414',@CompanyId=2;
30/08/2021 11:50:52	SQL :EXEC GetUserSubMenu 'pramudyono hadi','15';
30/08/2021 11:50:52	SQL :EXEC GetUserTreeMenu 'pramudyono hadi','1501',@CompanyId=2;
30/08/2021 11:50:52	SQL :EXEC GetUserTreeMenu 'pramudyono hadi','1502',@CompanyId=2;
30/08/2021 11:50:52	SQL :EXEC GetUserTreeMenu 'pramudyono hadi','1503',@CompanyId=2;
30/08/2021 11:50:52	SQL :EXEC GetUserTreeMenu 'pramudyono hadi','1504',@CompanyId=2;
30/08/2021 11:50:52	SQL :EXEC GetUserTreeMenu 'pramudyono hadi','1505',@CompanyId=2;
30/08/2021 11:50:52	SQL :EXEC GetUserTreeMenu 'pramudyono hadi','1506',@CompanyId=2;
30/08/2021 11:50:52	SQL :EXEC GetUserTreeMenu 'pramudyono hadi','1507',@CompanyId=2;
30/08/2021 11:50:52	SQL :EXEC GetUserTreeMenu 'pramudyono hadi','1508',@CompanyId=2;
30/08/2021 11:50:52	SQL :EXEC GetUserTreeMenu 'pramudyono hadi','1509',@CompanyId=2;
30/08/2021 11:50:52	SQL :EXEC GetUserTreeMenu 'pramudyono hadi','1510',@CompanyId=2;
30/08/2021 11:50:52	SQL :EXEC GetUserTreeMenu 'pramudyono hadi','1511',@CompanyId=2;
30/08/2021 11:50:52	SQL :EXEC GetUserSubMenu 'pramudyono hadi','16';
30/08/2021 11:50:52	SQL :EXEC GetUserTreeMenu 'pramudyono hadi','1601',@CompanyId=2;
30/08/2021 11:50:52	SQL :EXEC GetUserTreeMenu 'pramudyono hadi','1602',@CompanyId=2;
30/08/2021 11:50:52	SQL :EXEC GetUserTreeMenu 'pramudyono hadi','1603',@CompanyId=2;
30/08/2021 11:50:52	SQL :EXEC GetUserTreeMenu 'pramudyono hadi','1604',@CompanyId=2;
30/08/2021 11:50:52	SQL :EXEC GetUserTreeMenu 'pramudyono hadi','1605',@CompanyId=2;
30/08/2021 11:50:52	SQL :EXEC GetUserTreeMenu 'pramudyono hadi','1606',@CompanyId=2;
30/08/2021 11:50:52	SQL :EXEC GetUserTreeMenu 'pramudyono hadi','1607',@CompanyId=2;
30/08/2021 11:50:52	SQL :EXEC GetUserTreeMenu 'pramudyono hadi','1608',@CompanyId=2;
30/08/2021 11:50:52	SQL :EXEC GetUserTreeMenu 'pramudyono hadi','1609',@CompanyId=2;
30/08/2021 11:50:52	SQL :EXEC GetUserTreeMenu 'pramudyono hadi','1610',@CompanyId=2;
30/08/2021 11:50:52	SQL :EXEC GetUserTreeMenu 'pramudyono hadi','1611',@CompanyId=2;
30/08/2021 11:50:52	SQL :EXEC GetUserTreeMenu 'pramudyono hadi','1612',@CompanyId=2;
30/08/2021 11:50:52	SQL :EXEC GetUserTreeMenu 'pramudyono hadi','1613',@CompanyId=2;
30/08/2021 11:50:52	SQL :EXEC GetUserTreeMenu 'pramudyono hadi','1614',@CompanyId=2;
30/08/2021 11:50:52	SQL :EXEC GetUserTreeMenu 'pramudyono hadi','1615',@CompanyId=2;
30/08/2021 11:50:52	SQL :EXEC GetUserTreeMenu 'pramudyono hadi','1616',@CompanyId=2;
30/08/2021 11:50:52	SQL :EXEC GetUserTreeMenu 'pramudyono hadi','1619',@CompanyId=2;
30/08/2021 11:50:52	SQL :EXEC GetUserTreeMenu 'pramudyono hadi','1620',@CompanyId=2;
30/08/2021 11:50:52	SQL :EXEC GetUserSubMenu 'pramudyono hadi','17';
30/08/2021 11:50:52	SQL :EXEC GetUserTreeMenu 'pramudyono hadi','1701',@CompanyId=2;
30/08/2021 11:50:52	SQL :EXEC GetUserTreeMenu 'pramudyono hadi','1702',@CompanyId=2;
30/08/2021 11:50:52	SQL :EXEC GetUserTreeMenu 'pramudyono hadi','1703',@CompanyId=2;
30/08/2021 11:50:52	SQL :EXEC GetUserTreeMenu 'pramudyono hadi','1704',@CompanyId=2;
30/08/2021 11:50:52	SQL :EXEC GetUserTreeMenu 'pramudyono hadi','1705',@CompanyId=2;
30/08/2021 11:50:53	SQL :EXEC GetUserTreeMenu 'pramudyono hadi','1706',@CompanyId=2;
30/08/2021 11:50:53	SQL :EXEC GetUserTreeMenu 'pramudyono hadi','1707',@CompanyId=2;
30/08/2021 11:50:53	SQL :EXEC GetUserTreeMenu 'pramudyono hadi','1708',@CompanyId=2;
30/08/2021 11:50:53	SQL :EXEC GetUserTreeMenu 'pramudyono hadi','1709',@CompanyId=2;
30/08/2021 11:50:53	SQL :EXEC GetUserTreeMenu 'pramudyono hadi','1710',@CompanyId=2;
30/08/2021 11:50:53	SQL :EXEC GetUserTreeMenu 'pramudyono hadi','1711',@CompanyId=2;
30/08/2021 11:50:53	SQL :EXEC GetUserTreeMenu 'pramudyono hadi','1712',@CompanyId=2;
30/08/2021 11:50:53	SQL :EXEC GetUserTreeMenu 'pramudyono hadi','1713',@CompanyId=2;
30/08/2021 11:50:53	SQL :EXEC GetUserTreeMenu 'pramudyono hadi','1714',@CompanyId=2;
30/08/2021 11:50:53	SQL :EXEC GetUserTreeMenu 'pramudyono hadi','1715',@CompanyId=2;
30/08/2021 11:50:53	SQL :EXEC GetUserTreeMenu 'pramudyono hadi','1716',@CompanyId=2;
30/08/2021 11:50:53	SQL :EXEC GetUserTreeMenu 'pramudyono hadi','1717',@CompanyId=2;
30/08/2021 11:50:53	SQL :EXEC GetUserSubMenu 'pramudyono hadi','18';
30/08/2021 11:50:53	SQL :EXEC GetUserTreeMenu 'pramudyono hadi','1801',@CompanyId=2;
30/08/2021 11:50:53	SQL :EXEC GetUserSubMenu 'pramudyono hadi','19';
30/08/2021 11:50:53	SQL :EXEC GetUserTreeMenu 'pramudyono hadi','1901',@CompanyId=2;
30/08/2021 11:50:53	SQL :EXEC GetUserTreeMenu 'pramudyono hadi','1902',@CompanyId=2;
30/08/2021 11:50:53	SQL :EXEC GetUserTreeMenu 'pramudyono hadi','1903',@CompanyId=2;
30/08/2021 11:50:53	SQL :EXEC GetUserTreeMenu 'pramudyono hadi','1904',@CompanyId=2;
30/08/2021 11:50:53	SQL :EXEC GetUserTreeMenu 'pramudyono hadi','1905',@CompanyId=2;
30/08/2021 11:50:53	SQL :EXEC GetUserTreeMenu 'pramudyono hadi','1906',@CompanyId=2;
30/08/2021 11:50:53	SQL :EXEC GetUserTreeMenu 'pramudyono hadi','1907',@CompanyId=2;
30/08/2021 11:50:53	SQL :EXEC GetUserTreeMenu 'pramudyono hadi','1908',@CompanyId=2;
30/08/2021 11:50:53	SQL :EXEC GetUserTreeMenu 'pramudyono hadi','1909',@CompanyId=2;
30/08/2021 11:50:53	SQL :EXEC GetUserTreeMenu 'pramudyono hadi','1910',@CompanyId=2;
30/08/2021 11:50:53	SQL :EXEC GetUserTreeMenu 'pramudyono hadi','1911',@CompanyId=2;
30/08/2021 11:50:53	SQL :EXEC GetUserTreeMenu 'pramudyono hadi','1912',@CompanyId=2;
30/08/2021 11:50:53	SQL :SELECT CONVERT(VARCHAR(8),GETDATE(),108) AS hour_minute;
30/08/2021 11:50:53	SQL :SELECT CONVERT(VARCHAR(10),GETDATE(),103) AS date_time;
30/08/2021 11:50:53	Loading Setting
30/08/2021 11:50:53	Open DB Connection
30/08/2021 11:50:53	SQL :SELECT * FROM wh_setting WHERE setting_name='Hold_Less_Deposit';
30/08/2021 11:50:53	SQL :SELECT * FROM wh_setting WHERE setting_name='Max_Less_Deposit';
30/08/2021 11:50:53	SQL :SELECT * FROM wh_setting WHERE setting_name='Dashboard_2';
30/08/2021 11:50:53	Finish Logging
30/08/2021 11:50:53	SQL :SELECT value_string FROM wh_setting WHERE (setting_name='Interval_CheckInDate') AND (active=1);
30/08/2021 11:50:53	SQL :SELECT value_string FROM wh_setting WHERE (setting_name='Interval_CheckInTime') AND (active=1);
30/08/2021 11:50:53	SQL :SELECT value_string FROM wh_setting WHERE (setting_name='ChatEnable') and (active=1);
30/08/2021 11:50:54	Message:Port Check
30/08/2021 11:50:54	Message:Open DB Connection
30/08/2021 11:50:54	SQL :EXEC GetMessage '01','pramudyono hadi';
30/08/2021 11:50:54	SQL :SELECT CONVERT(VARCHAR(8),GETDATE(),108) AS hour_minute;
30/08/2021 11:50:54	SQL :SELECT CONVERT(VARCHAR(10),GETDATE(),103) AS date_time;
30/08/2021 11:50:58	Open Menu :130132
30/08/2021 11:50:58	Open DB Connection
30/08/2021 11:50:58	SQL :EXEC AuthMenu 'pramudyono hadi',130132;
30/08/2021 11:50:58	Form Check :VehicleInsuranceList
30/08/2021 11:50:58	Open DB Connection
30/08/2021 11:50:58	SQL :EXEC GetCompanyLocationList
30/08/2021 11:50:58	SQL :EXEC GetGroup 2;
30/08/2021 11:50:58	Open DB Connection
30/08/2021 11:50:58	SQL :EXEC GetInsuranceList 6,@CompanyId=2;
30/08/2021 11:50:59	Form Open: VehicleList=BUS,FormRequest=
30/08/2021 11:50:59	Open DB Connection
30/08/2021 11:50:59	SQL :EXEC GetInsuranceIssuer
30/08/2021 11:50:59	SQL :EXEC GetCompanyLocationList
30/08/2021 11:50:59	Open DB Connection
30/08/2021 11:50:59	SQL :EXEC GetVhcList 6,0,@CompanyId=2;
30/08/2021 11:50:59	Open DB Connection
30/08/2021 11:50:59	SQL :EXEC GetInsuranceDetail 'INSRB21080001';
30/08/2021 11:52:17	Open DB Connection
30/08/2021 11:52:32	Open DB Connection
30/08/2021 11:52:39	Open DB Connecti30/08/2021 11:54:59	Get Local Settings
30/08/2021 11:54:59	Start Change Local Settings
30/08/2021 11:54:59	Change short date format
30/08/2021 11:54:59	Change Long date format
30/08/2021 11:54:59	Finish Change Local Settings
30/08/2021 11:54:59	Registry Read: Path=SOFTWARE\WEHA\Aplikasi\3
30/08/2021 11:54:59	Registry Read/Write
30/08/2021 11:54:59	Registry Read: Path=SOFTWARE\WEHA\Aplikasi\3
30/08/2021 11:54:59	Create DB Object
30/08/2021 11:54:59	Init DB
30/08/2021 11:54:59	Finish Init DB
30/08/2021 11:54:59	Get File Version
30/08/2021 11:54:59	Change  Caption
30/08/2021 11:54:59	Init Shortkey
30/08/2021 11:55:01	Create DB Object
30/08/2021 11:55:01	Init DB
30/08/2021 11:55:01	Finish Init DB
30/08/2021 11:55:02	Update new version check
30/08/2021 11:55:02	Open DB Connection
30/08/2021 11:55:03	SQL :
30/08/2021 11:55:03	Update check version
30/08/2021 11:55:03	Open DB Connection
30/08/2021 11:55:03	SQL :SELECT version FROM wh_application WHERE application_id=(SELECT MAX(application_id) FROM wh_application);
30/08/2021 11:55:03	Start Login
30/08/2021 11:55:03	Open DB Connection
30/08/2021 11:55:03	SQL :EXEC AuthenticateUser 'pramudyono hadi','6f2b8366efa56f0c06dd6b31fcff8a73';
30/08/2021 11:55:03	SQL :INSERT INTO wh_log (user_id,app_date,app_version,app_version_svr,location_id,company_id,department_id,host_name,ip_address)  VALUES ('pramudyono hadi','30/08/2021','6.1.3.14','6.1.3.14',6,2,13,'DESKTOP-S1PD9OD','192.168.25.214');
30/08/2021 11:55:03	Open DB Connection
30/08/2021 11:55:03	SQL :EXEC GetUserMenu 'pramudyono hadi';
30/08/2021 11:55:03	SQL :EXEC GetUserSubMenu 'pramudyono hadi','11';
30/08/2021 11:55:03	SQL :EXEC GetUserTreeMenu 'pramudyono hadi','1101',@CompanyId=2;
30/08/2021 11:55:03	SQL :EXEC GetUserTreeMenu 'pramudyono hadi','1102',@CompanyId=2;
30/08/2021 11:55:03	SQL :EXEC GetUserTreeMenu 'pramudyono hadi','1103',@CompanyId=2;
30/08/2021 11:55:03	SQL :EXEC GetUserTreeMenu 'pramudyono hadi','1104',@CompanyId=2;
30/08/2021 11:55:03	SQL :EXEC GetUserTreeMenu 'pramudyono hadi','1105',@CompanyId=2;
30/08/2021 11:55:03	SQL :EXEC GetUserTreeMenu 'pramudyono hadi','1106',@CompanyId=2;
30/08/2021 11:55:03	SQL :EXEC GetUserTreeMenu 'pramudyono hadi','1107',@CompanyId=2;
30/08/2021 11:55:03	SQL :EXEC GetUserTreeMenu 'pramudyono hadi','1108',@CompanyId=2;
30/08/2021 11:55:03	SQL :EXEC GetUserTreeMenu 'pramudyono hadi','1109',@CompanyId=2;
30/08/2021 11:55:03	SQL :EXEC GetUserTreeMenu 'pramudyono hadi','1110',@CompanyId=2;
30/08/2021 11:55:03	SQL :EXEC GetUserTreeMenu 'pramudyono hadi','1111',@CompanyId=2;
30/08/2021 11:55:03	SQL :EXEC GetUserTreeMenu 'pramudyono hadi','1112',@CompanyId=2;
30/08/2021 11:55:03	SQL :EXEC GetUserTreeMenu 'pramudyono hadi','1113',@CompanyId=2;
30/08/2021 11:55:03	SQL :EXEC GetUserTreeMenu 'pramudyono hadi','1114',@CompanyId=2;
30/08/2021 11:55:03	SQL :EXEC GetUserTreeMenu 'pramudyono hadi','1115',@CompanyId=2;
30/08/2021 11:55:03	SQL :EXEC GetUserTreeMenu 'pramudyono hadi','1116',@CompanyId=2;
30/08/2021 11:55:03	SQL :EXEC GetUserTreeMenu 'pramudyono hadi','1117',@CompanyId=2;
30/08/2021 11:55:03	SQL :EXEC GetUserTreeMenu 'pramudyono hadi','1198',@CompanyId=2;
30/08/2021 11:55:03	SQL :EXEC GetUserTreeMenu 'pramudyono hadi','1199',@CompanyId=2;
30/08/2021 11:55:03	SQL :EXEC GetUserSubMenu 'pramudyono hadi','12';
30/08/2021 11:55:03	SQL :EXEC GetUserTreeMenu 'pramudyono hadi','1201',@CompanyId=2;
30/08/2021 11:55:03	SQL :EXEC GetUserTreeMenu 'pramudyono hadi','1202',@CompanyId=2;
30/08/2021 11:55:03	SQL :EXEC GetUserTreeMenu 'pramudyono hadi','1203',@CompanyId=2;
30/08/2021 11:55:03	SQL :EXEC GetUserTreeMenu 'pramudyono hadi','1204',@CompanyId=2;
30/08/2021 11:55:03	SQL :EXEC GetUserTreeMenu 'pramudyono hadi','1205',@CompanyId=2;
30/08/2021 11:55:03	SQL :EXEC GetUserTreeMenu 'pramudyono hadi','1206',@CompanyId=2;
30/08/2021 11:55:03	SQL :EXEC GetUserTreeMenu 'pramudyono hadi','1207',@CompanyId=2;
30/08/2021 11:55:03	SQL :EXEC GetUserSubMenu 'pramudyono hadi','13';
30/08/2021 11:55:03	SQL :EXEC GetUserTreeMenu 'pramudyono hadi','1301',@CompanyId=2;
30/08/2021 11:55:03	SQL :EXEC GetUserTreeMenu 'pramudyono hadi','1302',@CompanyId=2;
30/08/2021 11:55:03	SQL :EXEC GetUserTreeMenu 'pramudyono hadi','1303',@CompanyId=2;
30/08/2021 11:55:03	SQL :EXEC GetUserTreeMenu 'pramudyono hadi','1304',@CompanyId=2;
30/08/2021 11:55:03	SQL :EXEC GetUserTreeMenu 'pramudyono hadi','1305',@CompanyId=2;
30/08/2021 11:55:03	SQL :EXEC GetUserTreeMenu 'pramudyono hadi','1306',@CompanyId=2;
30/08/2021 11:55:03	SQL :EXEC GetUserTreeMenu 'pramudyono hadi','1307',@CompanyId=2;
30/08/2021 11:55:03	SQL :EXEC GetUserTreeMenu 'pramudyono hadi','1308',@CompanyId=2;
30/08/2021 11:55:03	SQL :EXEC GetUserTreeMenu 'pramudyono hadi','1309',@CompanyId=2;
30/08/2021 11:55:03	SQL :EXEC GetUserTreeMenu 'pramudyono hadi','1310',@CompanyId=2;
30/08/2021 11:55:03	SQL :EXEC GetUserTreeMenu 'pramudyono hadi','1311',@CompanyId=2;
30/08/2021 11:55:03	SQL :EXEC GetUserTreeMenu 'pramudyono hadi','1312',@CompanyId=2;
30/08/2021 11:55:03	SQL :EXEC GetUserTreeMenu 'pramudyono hadi','1313',@CompanyId=2;
30/08/2021 11:55:03	SQL :EXEC GetUserTreeMenu 'pramudyono hadi','1314',@CompanyId=2;
30/08/2021 11:55:03	SQL :EXEC GetUserTreeMenu 'pramudyono hadi','1315',@CompanyId=2;
30/08/2021 11:55:03	SQL :EXEC GetUserTreeMenu 'pramudyono hadi','1316',@CompanyId=2;
30/08/2021 11:55:03	SQL :EXEC GetUserTreeMenu 'pramudyono hadi','1317',@CompanyId=2;
30/08/2021 11:55:03	SQL :EXEC GetUserTreeMenu 'pramudyono hadi','1318',@CompanyId=2;
30/08/2021 11:55:03	SQL :EXEC GetUserTreeMenu 'pramudyono hadi','1319',@CompanyId=2;
30/08/2021 11:55:03	SQL :EXEC GetUserTreeMenu 'pramudyono hadi','1320',@CompanyId=2;
30/08/2021 11:55:03	SQL :EXEC GetUserTreeMenu 'pramudyono hadi','1321',@CompanyId=2;
30/08/2021 11:55:03	SQL :EXEC GetUserSubMenu 'pramudyono hadi','14';
30/08/2021 11:55:03	SQL :EXEC GetUserTreeMenu 'pramudyono hadi','1401',@CompanyId=2;
30/08/2021 11:55:03	SQL :EXEC GetUserTreeMenu 'pramudyono hadi','1402',@CompanyId=2;
30/08/2021 11:55:03	SQL :EXEC GetUserTreeMenu 'pramudyono hadi','1403',@CompanyId=2;
30/08/2021 11:55:03	SQL :EXEC GetUserTreeMenu 'pramudyono hadi','1404',@CompanyId=2;
30/08/2021 11:55:03	SQL :EXEC GetUserTreeMenu 'pramudyono hadi','1406',@CompanyId=2;
30/08/2021 11:55:03	SQL :EXEC GetUserTreeMenu 'pramudyono hadi','1408',@CompanyId=2;
30/08/2021 11:55:03	SQL :EXEC GetUserTreeMenu 'pramudyono hadi','1410',@CompanyId=2;
30/08/2021 11:55:03	SQL :EXEC GetUserTreeMenu 'pramudyono hadi','1411',@CompanyId=2;
30/08/2021 11:55:03	SQL :EXEC GetUserTreeMenu 'pramudyono hadi','1412',@CompanyId=2;
30/08/2021 11:55:03	SQL :EXEC GetUserTreeMenu 'pramudyono hadi','1413',@CompanyId=2;
30/08/2021 11:55:03	SQL :EXEC GetUserTreeMenu 'pramudyono hadi','1414',@CompanyId=2;
30/08/2021 11:55:03	SQL :EXEC GetUserSubMenu 'pramudyono hadi','15';
30/08/2021 11:55:03	SQL :EXEC GetUserTreeMenu 'pramudyono hadi','1501',@CompanyId=2;
30/08/2021 11:55:03	SQL :EXEC GetUserTreeMenu 'pramudyono hadi','1502',@CompanyId=2;
30/08/2021 11:55:03	SQL :EXEC GetUserTreeMenu 'pramudyono hadi','1503',@CompanyId=2;
30/08/2021 11:55:03	SQL :EXEC GetUserTreeMenu 'pramudyono hadi','1504',@CompanyId=2;
30/08/2021 11:55:03	SQL :EXEC GetUserTreeMenu 'pramudyono hadi','1505',@CompanyId=2;
30/08/2021 11:55:03	SQL :EXEC GetUserTreeMenu 'pramudyono hadi','1506',@CompanyId=2;
30/08/2021 11:55:04	SQL :EXEC GetUserTreeMenu 'pramudyono hadi','1507',@CompanyId=2;
30/08/2021 11:55:04	SQL :EXEC GetUserTreeMenu 'pramudyono hadi','1508',@CompanyId=2;
30/08/2021 11:55:04	SQL :EXEC GetUserTreeMenu 'pramudyono hadi','1509',@CompanyId=2;
30/08/2021 11:55:04	SQL :EXEC GetUserTreeMenu 'pramudyono hadi','1510',@CompanyId=2;
30/08/2021 11:55:04	SQL :EXEC GetUserTreeMenu 'pramudyono hadi','1511',@CompanyId=2;
30/08/2021 11:55:04	SQL :EXEC GetUserSubMenu 'pramudyono hadi','16';
30/08/2021 11:55:04	SQL :EXEC GetUserTreeMenu 'pramudyono hadi','1601',@CompanyId=2;
30/08/2021 11:55:04	SQL :EXEC GetUserTreeMenu 'pramudyono hadi','1602',@CompanyId=2;
30/08/2021 11:55:04	SQL :EXEC GetUserTreeMenu 'pramudyono hadi','1603',@CompanyId=2;
30/08/2021 11:55:04	SQL :EXEC GetUserTreeMenu 'pramudyono hadi','1604',@CompanyId=2;
30/08/2021 11:55:04	SQL :EXEC GetUserTreeMenu 'pramudyono hadi','1605',@CompanyId=2;
30/08/2021 11:55:04	SQL :EXEC GetUserTreeMenu 'pramudyono hadi','1606',@CompanyId=2;
30/08/2021 11:55:04	SQL :EXEC GetUserTreeMenu 'pramudyono hadi','1607',@CompanyId=2;
30/08/2021 11:55:04	SQL :EXEC GetUserTreeMenu 'pramudyono hadi','1608',@CompanyId=2;
30/08/2021 11:55:04	SQL :EXEC GetUserTreeMenu 'pramudyono hadi','1609',@CompanyId=2;
30/08/2021 11:55:04	SQL :EXEC GetUserTreeMenu 'pramudyono hadi','1610',@CompanyId=2;
30/08/2021 11:55:04	SQL :EXEC GetUserTreeMenu 'pramudyono hadi','1611',@CompanyId=2;
30/08/2021 11:55:04	SQL :EXEC GetUserTreeMenu 'pramudyono hadi','1612',@CompanyId=2;
30/08/2021 11:55:04	SQL :EXEC GetUserTreeMenu 'pramudyono hadi','1613',@CompanyId=2;
30/08/2021 11:55:04	SQL :EXEC GetUserTreeMenu 'pramudyono hadi','1614',@CompanyId=2;
30/08/2021 11:55:04	SQL :EXEC GetUserTreeMenu 'pramudyono hadi','1615',@CompanyId=2;
30/08/2021 11:55:04	SQL :EXEC GetUserTreeMenu 'pramudyono hadi','1616',@CompanyId=2;
30/08/2021 11:55:04	SQL :EXEC GetUserTreeMenu 'pramudyono hadi','1619',@CompanyId=2;
30/08/2021 11:55:04	SQL :EXEC GetUserTreeMenu 'pramudyono hadi','1620',@CompanyId=2;
30/08/2021 11:55:04	SQL :EXEC GetUserSubMenu 'pramudyono hadi','17';
30/08/2021 11:55:04	SQL :EXEC GetUserTreeMenu 'pramudyono hadi','1701',@CompanyId=2;
30/08/2021 11:55:04	SQL :EXEC GetUserTreeMenu 'pramudyono hadi','1702',@CompanyId=2;
30/08/2021 11:55:04	SQL :EXEC GetUserTreeMenu 'pramudyono hadi','1703',@CompanyId=2;
30/08/2021 11:55:04	SQL :EXEC GetUserTreeMenu 'pramudyono hadi','1704',@CompanyId=2;
30/08/2021 11:55:04	SQL :EXEC GetUserTreeMenu 'pramudyono hadi','1705',@CompanyId=2;
30/08/2021 11:55:04	SQL :EXEC GetUserTreeMenu 'pramudyono hadi','1706',@CompanyId=2;
30/08/2021 11:55:04	SQL :EXEC GetUserTreeMenu 'pramudyono hadi','1707',@CompanyId=2;
30/08/2021 11:55:04	SQL :EXEC GetUserTreeMenu 'pramudyono hadi','1708',@CompanyId=2;
30/08/2021 11:55:04	SQL :EXEC GetUserTreeMenu 'pramudyono hadi','1709',@CompanyId=2;
30/08/2021 11:55:04	SQL :EXEC GetUserTreeMenu 'pramudyono hadi','1710',@CompanyId=2;
30/08/2021 11:55:04	SQL :EXEC GetUserTreeMenu 'pramudyono hadi','1711',@CompanyId=2;
30/08/2021 11:55:04	SQL :EXEC GetUserTreeMenu 'pramudyono hadi','1712',@CompanyId=2;
30/08/2021 11:55:04	SQL :EXEC GetUserTreeMenu 'pramudyono hadi','1713',@CompanyId=2;
30/08/2021 11:55:04	SQL :EXEC GetUserTreeMenu 'pramudyono hadi','1714',@CompanyId=2;
30/08/2021 11:55:04	SQL :EXEC GetUserTreeMenu 'pramudyono hadi','1715',@CompanyId=2;
30/08/2021 11:55:04	SQL :EXEC GetUserTreeMenu 'pramudyono hadi','1716',@CompanyId=2;
30/08/2021 11:55:04	SQL :EXEC GetUserTreeMenu 'pramudyono hadi','1717',@CompanyId=2;
30/08/2021 11:55:04	SQL :EXEC GetUserSubMenu 'pramudyono hadi','18';
30/08/2021 11:55:04	SQL :EXEC GetUserTreeMenu 'pramudyono hadi','1801',@CompanyId=2;
30/08/2021 11:55:04	SQL :EXEC GetUserSubMenu 'pramudyono hadi','19';
30/08/2021 11:55:04	SQL :EXEC GetUserTreeMenu 'pramudyono hadi','1901',@CompanyId=2;
30/08/2021 11:55:04	SQL :EXEC GetUserTreeMenu 'pramudyono hadi','1902',@CompanyId=2;
30/08/2021 11:55:04	SQL :EXEC GetUserTreeMenu 'pramudyono hadi','1903',@CompanyId=2;
30/08/2021 11:55:04	SQL :EXEC GetUserTreeMenu 'pramudyono hadi','1904',@CompanyId=2;
30/08/2021 11:55:04	SQL :EXEC GetUserTreeMenu 'pramudyono hadi','1905',@CompanyId=2;
30/08/2021 11:55:04	SQL :EXEC GetUserTreeMenu 'pramudyono hadi','1906',@CompanyId=2;
30/08/2021 11:55:04	SQL :EXEC GetUserTreeMenu 'pramudyono hadi','1907',@CompanyId=2;
30/08/2021 11:55:04	SQL :EXEC GetUserTreeMenu 'pramudyono hadi','1908',@CompanyId=2;
30/08/2021 11:55:04	SQL :EXEC GetUserTreeMenu 'pramudyono hadi','1909',@CompanyId=2;
30/08/2021 11:55:04	SQL :EXEC GetUserTreeMenu 'pramudyono hadi','1910',@CompanyId=2;
30/08/2021 11:55:04	SQL :EXEC GetUserTreeMenu 'pramudyono hadi','1911',@CompanyId=2;
30/08/2021 11:55:04	SQL :EXEC GetUserTreeMenu 'pramudyono hadi','1912',@CompanyId=2;
30/08/2021 11:55:04	SQL :SELECT CONVERT(VARCHAR(8),GETDATE(),108) AS hour_minute;
30/08/2021 11:55:04	SQL :SELECT CONVERT(VARCHAR(10),GETDATE(),103) AS date_time;
30/08/2021 11:55:04	Loading Setting
30/08/2021 11:55:04	Open DB Connection
30/08/2021 11:55:04	SQL :SELECT * FROM wh_setting WHERE setting_name='Hold_Less_Deposit';
30/08/2021 11:55:04	SQL :SELECT * FROM wh_setting WHERE setting_name='Max_Less_Deposit';
30/08/2021 11:55:04	SQL :SELECT * FROM wh_setting WHERE setting_name='Dashboard_2';
30/08/2021 11:55:04	Finish Logging
30/08/2021 11:55:04	SQL :SELECT value_string FROM wh_setting WHERE (setting_name='Interval_CheckInDate') AND (active=1);
30/08/2021 11:55:04	SQL :SELECT value_string FROM wh_setting WHERE (setting_name='Interval_CheckInTime') AND (active=1);
30/08/2021 11:55:04	SQL :SELECT value_string FROM wh_setting WHERE (setting_name='ChatEnable') and (active=1);
30/08/2021 11:55:05	Message:Port Check
30/08/2021 11:55:05	Message:Open DB Connection
30/08/2021 11:55:05	SQL :EXEC GetMessage '01','pramudyono hadi';
30/08/2021 11:55:05	SQL :SELECT CONVERT(VARCHAR(8),GETDATE(),108) AS hour_minute;
30/08/2021 11:55:05	SQL :SELECT CONVERT(VARCHAR(10),GETDATE(),103) AS date_time;
30/08/2021 11:55:07	Open Menu :130132
30/08/2021 11:55:07	Open DB Connection
30/08/2021 11:55:07	SQL :EXEC AuthMenu 'pramudyono hadi',130132;
30/08/2021 11:55:07	Form Check :VehicleInsuranceList
30/08/2021 11:55:07	Open DB Connection
30/08/2021 11:55:07	SQL :EXEC GetCompanyLocationList
30/08/2021 11:55:07	SQL :EXEC GetGroup 2;
30/08/2021 11:55:07	Open DB Connection
30/08/2021 11:55:07	SQL :EXEC GetInsuranceList 6,@CompanyId=2;
30/08/2021 11:55:09	Form Open: VehicleList=BUS,FormRequest=
30/08/2021 11:55:09	Open DB Connection
30/08/2021 11:55:09	SQL :EXEC GetInsuranceIssuer
30/08/2021 11:55:09	SQL :EXEC GetCompanyLocationList
30/08/2021 11:55:09	Open DB Connection
30/08/2021 11:55:09	SQL :EXEC GetVhcList 6,0,@CompanyId=2;
30/08/2021 11:55:09	Open DB Connection
30/08/2021 11:55:09	SQL :EXEC GetInsuranceDetail 'INSRB21080001';
30/08/2021 11:55:34	Open DB Connection
30/08/2021 11:55:47	Form Open: VehicleList=BUS,FormRequest=
30/08/2021 11:55:47	Open DB Connection
30/08/2021 11:55:47	SQL :EXEC GetInsuranceIssuer
30/08/2021 11:55:47	SQL :EXEC GetCompanyLocationList
30/08/2021 11:55:47	Open DB Connection
30/08/2021 11:55:47	SQL :EXEC GetVhcList 6,0,@CompanyId=2;
30/08/2021 11:55:47	Open DB Connection
30/08/2021 11:55:47	SQL :EXEC GetInsuranceDetail 'INSRB21080001';
30/08/2021 12:05:16	Message:Port Check
30/08/2021 12:05:16	Message:Open DB Connection
30/08/2021 12:05:16	SQL :EXEC GetMessage '01','pramudyono hadi';
30/08/2021 12:05:16	SQL :SELECT CONVERT(VARCHAR(8),GETDATE(),108) AS hour_minute;
30/08/2021 12:05:16	SQL :SELECT CONVERT(VARCHAR(10),GETDATE(),103) AS date_time;
30/08/2021 12:15:23	Message:Port Check
30/08/2021 12:15:23	Message:Open DB Connection
30/08/2021 12:15:23	SQL :EXEC GetMessage '01','pramudyono hadi';
30/08/2021 12:15:23	SQL :SELECT CONVERT(VARCHAR(8),GETDATE(),108) AS hour_minute;
30/08/2021 12:15:23	SQL :SELECT CONVERT(VARCHAR(10),GETDATE(),103) AS date_time;
31/08/2021 09:11:42	Get Local Settings
31/08/2021 09:11:42	Start Change Local Settings
31/08/2021 09:11:42	Change short date format
31/08/2021 09:11:42	Change Long date format
31/08/2021 09:11:42	Finish Change Local Settings
31/08/2021 09:11:42	Registry Read: Path=SOFTWARE\WEHA\Aplikasi\3
31/08/2021 09:11:42	Registry Read/Write
31/08/2021 09:11:42	Registry Read: Path=SOFTWARE\WEHA\Aplikasi\3
31/08/2021 09:11:42	Create DB Object
31/08/2021 09:11:42	Init DB
31/08/2021 09:11:42	Finish Init DB
31/08/2021 09:11:42	Get File Version
31/08/2021 09:11:42	Change  Caption
31/08/2021 09:11:42	Init Shortkey
31/08/2021 09:11:45	Create DB Object
31/08/2021 09:11:45	Init DB
31/08/2021 09:11:45	Finish Init DB
31/08/2021 09:11:46	Update new version check
31/08/2021 09:11:46	Open DB Connection
31/08/2021 09:11:50	SQL :
31/08/2021 09:11:50	Update check version
31/08/2021 09:11:50	Open DB Connection
31/08/2021 09:11:50	SQL :SELECT version FROM wh_application WHERE application_id=(SELECT MAX(application_id) FROM wh_application);
31/08/2021 09:11:50	Start Login
31/08/2021 09:11:51	Open DB Connection
31/08/2021 09:11:51	SQL :EXEC AuthenticateUser 'pramudyono hadi','6f2b8366efa56f0c06dd6b31fcff8a73';
31/08/2021 09:11:52	SQL :INSERT INTO wh_log (user_id,app_date,app_version,app_version_svr,location_id,company_id,department_id,host_name,ip_address)  VALUES ('pramudyono hadi','31/08/2021','6.1.3.14','6.1.3.14',6,2,13,'DESKTOP-S1PD9OD','192.168.25.214');
31/08/2021 09:11:52	Open DB Connection
31/08/2021 09:11:52	SQL :EXEC GetUserMenu 'pramudyono hadi';
31/08/2021 09:11:52	SQL :EXEC GetUserSubMenu 'pramudyono hadi','11';
31/08/2021 09:11:52	SQL :EXEC GetUserTreeMenu 'pramudyono hadi','1101',@CompanyId=2;
31/08/2021 09:11:52	SQL :EXEC GetUserTreeMenu 'pramudyono hadi','1102',@CompanyId=2;
31/08/2021 09:11:52	SQL :EXEC GetUserTreeMenu 'pramudyono hadi','1103',@CompanyId=2;
31/08/2021 09:11:52	SQL :EXEC GetUserTreeMenu 'pramudyono hadi','1104',@CompanyId=2;
31/08/2021 09:11:52	SQL :EXEC GetUserTreeMenu 'pramudyono hadi','1105',@CompanyId=2;
31/08/2021 09:11:52	SQL :EXEC GetUserTreeMenu 'pramudyono hadi','1106',@CompanyId=2;
31/08/2021 09:11:52	SQL :EXEC GetUserTreeMenu 'pramudyono hadi','1107',@CompanyId=2;
31/08/2021 09:11:52	SQL :EXEC GetUserTreeMenu 'pramudyono hadi','1108',@CompanyId=2;
31/08/2021 09:11:52	SQL :EXEC GetUserTreeMenu 'pramudyono hadi','1109',@CompanyId=2;
31/08/2021 09:11:52	SQL :EXEC GetUserTreeMenu 'pramudyono hadi','1110',@CompanyId=2;
31/08/2021 09:11:52	SQL :EXEC GetUserTreeMenu 'pramudyono hadi','1111',@CompanyId=2;
31/08/2021 09:11:52	SQL :EXEC GetUserTreeMenu 'pramudyono hadi','1112',@CompanyId=2;
31/08/2021 09:11:52	SQL :EXEC GetUserTreeMenu 'pramudyono hadi','1113',@CompanyId=2;
31/08/2021 09:11:52	SQL :EXEC GetUserTreeMenu 'pramudyono hadi','1114',@CompanyId=2;
31/08/2021 09:11:52	SQL :EXEC GetUserTreeMenu 'pramudyono hadi','1115',@CompanyId=2;
31/08/2021 09:11:52	SQL :EXEC GetUserTreeMenu 'pramudyono hadi','1116',@CompanyId=2;
31/08/2021 09:11:52	SQL :EXEC GetUserTreeMenu 'pramudyono hadi','1117',@CompanyId=2;
31/08/2021 09:11:52	SQL :EXEC GetUserTreeMenu 'pramudyono hadi','1198',@CompanyId=2;
31/08/2021 09:11:52	SQL :EXEC GetUserTreeMenu 'pramudyono hadi','1199',@CompanyId=2;
31/08/2021 09:11:52	SQL :EXEC GetUserSubMenu 'pramudyono hadi','12';
31/08/2021 09:11:52	SQL :EXEC GetUserTreeMenu 'pramudyono hadi','1201',@CompanyId=2;
31/08/2021 09:11:52	SQL :EXEC GetUserTreeMenu 'pramudyono hadi','1202',@CompanyId=2;
31/08/2021 09:11:52	SQL :EXEC GetUserTreeMenu 'pramudyono hadi','1203',@CompanyId=2;
31/08/2021 09:11:52	SQL :EXEC GetUserTreeMenu 'pramudyono hadi','1204',@CompanyId=2;
31/08/2021 09:11:52	SQL :EXEC GetUserTreeMenu 'pramudyono hadi','1205',@CompanyId=2;
31/08/2021 09:11:52	SQL :EXEC GetUserTreeMenu 'pramudyono hadi','1206',@CompanyId=2;
31/08/2021 09:11:52	SQL :EXEC GetUserTreeMenu 'pramudyono hadi','1207',@CompanyId=2;
31/08/2021 09:11:52	SQL :EXEC GetUserSubMenu 'pramudyono hadi','13';
31/08/2021 09:11:52	SQL :EXEC GetUserTreeMenu 'pramudyono hadi','1301',@CompanyId=2;
31/08/2021 09:11:52	SQL :EXEC GetUserTreeMenu 'pramudyono hadi','1302',@CompanyId=2;
31/08/2021 09:11:52	SQL :EXEC GetUserTreeMenu 'pramudyono hadi','1303',@CompanyId=2;
31/08/2021 09:11:53	SQL :EXEC GetUserTreeMenu 'pramudyono hadi','1304',@CompanyId=2;
31/08/2021 09:11:53	SQL :EXEC GetUserTreeMenu 'pramudyono hadi','1305',@CompanyId=2;
31/08/2021 09:11:53	SQL :EXEC GetUserTreeMenu 'pramudyono hadi','1306',@CompanyId=2;
31/08/2021 09:11:53	SQL :EXEC GetUserTreeMenu 'pramudyono hadi','1307',@CompanyId=2;
31/08/2021 09:11:53	SQL :EXEC GetUserTreeMenu 'pramudyono hadi','1308',@CompanyId=2;
31/08/2021 09:11:53	SQL :EXEC GetUserTreeMenu 'pramudyono hadi','1309',@CompanyId=2;
31/08/2021 09:11:53	SQL :EXEC GetUserTreeMenu 'pramudyono hadi','1310',@CompanyId=2;
31/08/2021 09:11:53	SQL :EXEC GetUserTreeMenu 'pramudyono hadi','1311',@CompanyId=2;
31/08/2021 09:11:53	SQL :EXEC GetUserTreeMenu 'pramudyono hadi','1312',@CompanyId=2;
31/08/2021 09:11:53	SQL :EXEC GetUserTreeMenu 'pramudyono hadi','1313',@CompanyId=2;
31/08/2021 09:11:53	SQL :EXEC GetUserTreeMenu 'pramudyono hadi','1314',@CompanyId=2;
31/08/2021 09:11:53	SQL :EXEC GetUserTreeMenu 'pramudyono hadi','1315',@CompanyId=2;
31/08/2021 09:11:53	SQL :EXEC GetUserTreeMenu 'pramudyono hadi','1316',@CompanyId=2;
31/08/2021 09:11:53	SQL :EXEC GetUserTreeMenu 'pramudyono hadi','1317',@CompanyId=2;
31/08/2021 09:11:53	SQL :EXEC GetUserTreeMenu 'pramudyono hadi','1318',@CompanyId=2;
31/08/2021 09:11:53	SQL :EXEC GetUserTreeMenu 'pramudyono hadi','1319',@CompanyId=2;
31/08/2021 09:11:53	SQL :EXEC GetUserTreeMenu 'pramudyono hadi','1320',@CompanyId=2;
31/08/2021 09:11:53	SQL :EXEC GetUserTreeMenu 'pramudyono hadi','1321',@CompanyId=2;
31/08/2021 09:11:53	SQL :EXEC GetUserSubMenu 'pramudyono hadi','14';
31/08/2021 09:11:53	SQL :EXEC GetUserTreeMenu 'pramudyono hadi','1401',@CompanyId=2;
31/08/2021 09:11:53	SQL :EXEC GetUserTreeMenu 'pramudyono hadi','1402',@CompanyId=2;
31/08/2021 09:11:53	SQL :EXEC GetUserTreeMenu 'pramudyono hadi','1403',@CompanyId=2;
31/08/2021 09:11:53	SQL :EXEC GetUserTreeMenu 'pramudyono hadi','1404',@CompanyId=2;
31/08/2021 09:11:53	SQL :EXEC GetUserTreeMenu 'pramudyono hadi','1406',@CompanyId=2;
31/08/2021 09:11:53	SQL :EXEC GetUserTreeMenu 'pramudyono hadi','1408',@CompanyId=2;
31/08/2021 09:11:53	SQL :EXEC GetUserTreeMenu 'pramudyono hadi','1410',@CompanyId=2;
31/08/2021 09:11:53	SQL :EXEC GetUserTreeMenu 'pramudyono hadi','1411',@CompanyId=2;
31/08/2021 09:11:53	SQL :EXEC GetUserTreeMenu 'pramudyono hadi','1412',@CompanyId=2;
31/08/2021 09:11:53	SQL :EXEC GetUserTreeMenu 'pramudyono hadi','1413',@CompanyId=2;
31/08/2021 09:11:53	SQL :EXEC GetUserTreeMenu 'pramudyono hadi','1414',@CompanyId=2;
31/08/2021 09:11:53	SQL :EXEC GetUserSubMenu 'pramudyono hadi','15';
31/08/2021 09:11:53	SQL :EXEC GetUserTreeMenu 'pramudyono hadi','1501',@CompanyId=2;
31/08/2021 09:11:53	SQL :EXEC GetUserTreeMenu 'pramudyono hadi','1502',@CompanyId=2;
31/08/2021 09:11:54	SQL :EXEC GetUserTreeMenu 'pramudyono hadi','1503',@CompanyId=2;
31/08/2021 09:11:54	SQL :EXEC GetUserTreeMenu 'pramudyono hadi','1504',@CompanyId=2;
31/08/2021 09:11:54	SQL :EXEC GetUserTreeMenu 'pramudyono hadi','1505',@CompanyId=2;
31/08/2021 09:11:54	SQL :EXEC GetUserTreeMenu 'pramudyono hadi','1506',@CompanyId=2;
31/08/2021 09:11:54	SQL :EXEC GetUserTreeMenu 'pramudyono hadi','1507',@CompanyId=2;
31/08/2021 09:11:54	SQL :EXEC GetUserTreeMenu 'pramudyono hadi','1508',@CompanyId=2;
31/08/2021 09:11:54	SQL :EXEC GetUserTreeMenu 'pramudyono hadi','1509',@CompanyId=2;
31/08/2021 09:11:54	SQL :EXEC GetUserTreeMenu 'pramudyono hadi','1510',@CompanyId=2;
31/08/2021 09:11:54	SQL :EXEC GetUserTreeMenu 'pramudyono hadi','1511',@CompanyId=2;
31/08/2021 09:11:54	SQL :EXEC GetUserSubMenu 'pramudyono hadi','16';
31/08/2021 09:11:54	SQL :EXEC GetUserTreeMenu 'pramudyono hadi','1601',@CompanyId=2;
31/08/2021 09:11:54	SQL :EXEC GetUserTreeMenu 'pramudyono hadi','1602',@CompanyId=2;
31/08/2021 09:11:54	SQL :EXEC GetUserTreeMenu 'pramudyono hadi','1603',@CompanyId=2;
31/08/2021 09:11:54	SQL :EXEC GetUserTreeMenu 'pramudyono hadi','1604',@CompanyId=2;
31/08/2021 09:11:54	SQL :EXEC GetUserTreeMenu 'pramudyono hadi','1605',@CompanyId=2;
31/08/2021 09:11:54	SQL :EXEC GetUserTreeMenu 'pramudyono hadi','1606',@CompanyId=2;
31/08/2021 09:11:54	SQL :EXEC GetUserTreeMenu 'pramudyono hadi','1607',@CompanyId=2;
31/08/2021 09:11:54	SQL :EXEC GetUserTreeMenu 'pramudyono hadi','1608',@CompanyId=2;
31/08/2021 09:11:54	SQL :EXEC GetUserTreeMenu 'pramudyono hadi','1609',@CompanyId=2;
31/08/2021 09:11:54	SQL :EXEC GetUserTreeMenu 'pramudyono hadi','1610',@CompanyId=2;
31/08/2021 09:11:54	SQL :EXEC GetUserTreeMenu 'pramudyono hadi','1611',@CompanyId=2;
31/08/2021 09:11:54	SQL :EXEC GetUserTreeMenu 'pramudyono hadi','1612',@CompanyId=2;
31/08/2021 09:11:54	SQL :EXEC GetUserTreeMenu 'pramudyono hadi','1613',@CompanyId=2;
31/08/2021 09:11:54	SQL :EXEC GetUserTreeMenu 'pramudyono hadi','1614',@CompanyId=2;
31/08/2021 09:11:54	SQL :EXEC GetUserTreeMenu 'pramudyono hadi','1615',@CompanyId=2;
31/08/2021 09:11:54	SQL :EXEC GetUserTreeMenu 'pramudyono hadi','1616',@CompanyId=2;
31/08/2021 09:11:54	SQL :EXEC GetUserTreeMenu 'pramudyono hadi','1619',@CompanyId=2;
31/08/2021 09:11:54	SQL :EXEC GetUserTreeMenu 'pramudyono hadi','1620',@CompanyId=2;
31/08/2021 09:11:54	SQL :EXEC GetUserSubMenu 'pramudyono hadi','17';
31/08/2021 09:11:54	SQL :EXEC GetUserTreeMenu 'pramudyono hadi','1701',@CompanyId=2;
31/08/2021 09:11:54	SQL :EXEC GetUserTreeMenu 'pramudyono hadi','1702',@CompanyId=2;
31/08/2021 09:11:54	SQL :EXEC GetUserTreeMenu 'pramudyono hadi','1703',@CompanyId=2;
31/08/2021 09:11:55	SQL :EXEC GetUserTreeMenu 'pramudyono hadi','1704',@CompanyId=2;
31/08/2021 09:11:55	SQL :EXEC GetUserTreeMenu 'pramudyono hadi','1705',@CompanyId=2;
31/08/2021 09:11:55	SQL :EXEC GetUserTreeMenu 'pramudyono hadi','1706',@CompanyId=2;
31/08/2021 09:11:55	SQL :EXEC GetUserTreeMenu 'pramudyono hadi','1707',@CompanyId=2;
31/08/2021 09:11:55	SQL :EXEC GetUserTreeMenu 'pramudyono hadi','1708',@CompanyId=2;
31/08/2021 09:11:55	SQL :EXEC GetUserTreeMenu 'pramudyono hadi','1709',@CompanyId=2;
31/08/2021 09:11:55	SQL :EXEC GetUserTreeMenu 'pramudyono hadi','1710',@CompanyId=2;
31/08/2021 09:11:55	SQL :EXEC GetUserTreeMenu 'pramudyono hadi','1711',@CompanyId=2;
31/08/2021 09:11:55	SQL :EXEC GetUserTreeMenu 'pramudyono hadi','1712',@CompanyId=2;
31/08/2021 09:11:55	SQL :EXEC GetUserTreeMenu 'pramudyono hadi','1713',@CompanyId=2;
31/08/2021 09:11:55	SQL :EXEC GetUserTreeMenu 'pramudyono hadi','1714',@CompanyId=2;
31/08/2021 09:11:55	SQL :EXEC GetUserTreeMenu 'pramudyono hadi','1715',@CompanyId=2;
31/08/2021 09:11:55	SQL :EXEC GetUserTreeMenu 'pramudyono hadi','1716',@CompanyId=2;
31/08/2021 09:11:55	SQL :EXEC GetUserTreeMenu 'pramudyono hadi','1717',@CompanyId=2;
31/08/2021 09:11:55	SQL :EXEC GetUserSubMenu 'pramudyono hadi','18';
31/08/2021 09:11:55	SQL :EXEC GetUserTreeMenu 'pramudyono hadi','1801',@CompanyId=2;
31/08/2021 09:11:55	SQL :EXEC GetUserSubMenu 'pramudyono hadi','19';
31/08/2021 09:11:55	SQL :EXEC GetUserTreeMenu 'pramudyono hadi','1901',@CompanyId=2;
31/08/2021 09:11:55	SQL :EXEC GetUserTreeMenu 'pramudyono hadi','1902',@CompanyId=2;
31/08/2021 09:11:55	SQL :EXEC GetUserTreeMenu 'pramudyono hadi','1903',@CompanyId=2;
31/08/2021 09:11:55	SQL :EXEC GetUserTreeMenu 'pramudyono hadi','1904',@CompanyId=2;
31/08/2021 09:11:55	SQL :EXEC GetUserTreeMenu 'pramudyono hadi','1905',@CompanyId=2;
31/08/2021 09:11:55	SQL :EXEC GetUserTreeMenu 'pramudyono hadi','1906',@CompanyId=2;
31/08/2021 09:11:55	SQL :EXEC GetUserTreeMenu 'pramudyono hadi','1907',@CompanyId=2;
31/08/2021 09:11:55	SQL :EXEC GetUserTreeMenu 'pramudyono hadi','1908',@CompanyId=2;
31/08/2021 09:11:55	SQL :EXEC GetUserTreeMenu 'pramudyono hadi','1909',@CompanyId=2;
31/08/2021 09:11:55	SQL :EXEC GetUserTreeMenu 'pramudyono hadi','1910',@CompanyId=2;
31/08/2021 09:11:55	SQL :EXEC GetUserTreeMenu 'pramudyono hadi','1911',@CompanyId=2;
31/08/2021 09:11:55	SQL :EXEC GetUserTreeMenu 'pramudyono hadi','1912',@CompanyId=2;
31/08/2021 09:11:55	SQL :SELECT CONVERT(VARCHAR(8),GETDATE(),108) AS hour_minute;
31/08/2021 09:11:55	SQL :SELECT CONVERT(VARCHAR(10),GETDATE(),103) AS date_time;
31/08/2021 09:11:56	Loading Setting
31/08/2021 09:11:56	Open DB Connection
31/08/2021 09:11:56	SQL :SELECT * FROM wh_setting WHERE setting_name='Hold_Less_Deposit';
31/08/2021 09:11:56	SQL :SELECT * FROM wh_setting WHERE setting_name='Max_Less_Deposit';
31/08/2021 09:11:56	SQL :SELECT * FROM wh_setting WHERE setting_name='Dashboard_2';
31/08/2021 09:11:56	Finish Logging
31/08/2021 09:11:56	SQL :SELECT value_string FROM wh_setting WHERE (setting_name='Interval_CheckInDate') AND (active=1);
31/08/2021 09:11:56	SQL :SELECT value_string FROM wh_setting WHERE (setting_name='Interval_CheckInTime') AND (active=1);
31/08/2021 09:11:56	SQL :SELECT value_string FROM wh_setting WHERE (setting_name='ChatEnable') and (active=1);
31/08/2021 09:11:56	Message:Port Check
31/08/2021 09:11:57	Message:Open DB Connection
31/08/2021 09:11:57	SQL :EXEC GetMessage '01','pramudyono hadi';
31/08/2021 09:11:57	SQL :SELECT CONVERT(VARCHAR(8),GETDATE(),108) AS hour_minute;
31/08/2021 09:11:57	SQL :SELECT CONVERT(VARCHAR(10),GETDATE(),103) AS date_time;
31/08/2021 09:12:01	Open Menu :130132
31/08/2021 09:12:01	Open DB Connection
31/08/2021 09:12:01	SQL :EXEC AuthMenu 'pramudyono hadi',130132;
31/08/2021 09:12:01	Form Check :VehicleInsuranceList
31/08/2021 09:12:01	Open DB Connection
31/08/2021 09:12:01	SQL :EXEC GetCompanyLocationList
31/08/2021 09:12:02	SQL :EXEC GetGroup 2;
31/08/2021 09:12:02	Open DB Connection
31/08/2021 09:12:02	SQL :EXEC GetInsuranceList 6,@CompanyId=2;
31/08/2021 09:12:04	Form Open: VehicleList=BUS,FormRequest=
31/08/2021 09:12:04	Open DB Connection
31/08/2021 09:12:04	SQL :EXEC GetInsuranceIssuer
31/08/2021 09:12:04	SQL :EXEC GetCompanyLocationList
31/08/2021 09:12:04	Open DB Connection
31/08/2021 09:12:04	SQL :EXEC GetVhcList 6,0,@CompanyId=2;
31/08/2021 09:12:04	Open DB Connection
31/08/2021 09:12:04	SQL :EXEC GetInsuranceDetail 'INSRB21080001';
31/08/2021 09:42:55	Get Local Settings
31/08/2021 09:42:55	Start Change Local Settings
31/08/2021 09:42:55	Change short date format
31/08/2021 09:42:55	Change Long date format
31/08/2021 09:42:55	Finish Change Local Settings
31/08/2021 09:42:55	Registry Read: Path=SOFTWARE\WEHA\Aplikasi\3
31/08/2021 09:42:55	Registry Read/Write
31/08/2021 09:42:55	Registry Read: Path=SOFTWARE\WEHA\Aplikasi\3
31/08/2021 09:42:55	Create DB Object
31/08/2021 09:42:55	Init DB
31/08/2021 09:42:55	Finish Init DB
31/08/2021 09:42:55	Get File Version
31/08/2021 09:42:55	Change  Caption
31/08/2021 09:42:55	Init Shortkey
31/08/2021 09:42:57	Create DB Object
31/08/2021 09:42:57	Init DB
31/08/2021 09:42:57	Finish Init DB
31/08/2021 09:42:58	Update new version check
31/08/2021 09:42:58	Open DB Connection
31/08/2021 09:42:58	SQL :
31/08/2021 09:42:58	Update check version
31/08/2021 09:42:58	Open DB Connection
31/08/2021 09:42:58	SQL :SELECT version FROM wh_application WHERE application_id=(SELECT MAX(application_id) FROM wh_application);
31/08/2021 09:42:58	Start Login
31/08/2021 09:42:58	Open DB Connection
31/08/2021 09:42:58	SQL :EXEC AuthenticateUser 'pramudyono hadi','6f2b8366efa56f0c06dd6b31fcff8a73';
31/08/2021 09:42:58	SQL :INSERT INTO wh_log (user_id,app_date,app_version,app_version_svr,location_id,company_id,department_id,host_name,ip_address)  VALUES ('pramudyono hadi','31/08/2021','6.1.3.14','6.1.3.14',6,2,13,'DESKTOP-S1PD9OD','192.168.25.214');
31/08/2021 09:42:58	Open DB Connection
31/08/2021 09:42:58	SQL :EXEC GetUserMenu 'pramudyono hadi';
31/08/2021 09:42:58	SQL :EXEC GetUserSubMenu 'pramudyono hadi','11';
31/08/2021 09:42:58	SQL :EXEC GetUserTreeMenu 'pramudyono hadi','1101',@CompanyId=2;
31/08/2021 09:42:58	SQL :EXEC GetUserTreeMenu 'pramudyono hadi','1102',@CompanyId=2;
31/08/2021 09:42:59	SQL :EXEC GetUserTreeMenu 'pramudyono hadi','1103',@CompanyId=2;
31/08/2021 09:42:59	SQL :EXEC GetUserTreeMenu 'pramudyono hadi','1104',@CompanyId=2;
31/08/2021 09:42:59	SQL :EXEC GetUserTreeMenu 'pramudyono hadi','1105',@CompanyId=2;
31/08/2021 09:42:59	SQL :EXEC GetUserTreeMenu 'pramudyono hadi','1106',@CompanyId=2;
31/08/2021 09:42:59	SQL :EXEC GetUserTreeMenu 'pramudyono hadi','1107',@CompanyId=2;
31/08/2021 09:42:59	SQL :EXEC GetUserTreeMenu 'pramudyono hadi','1108',@CompanyId=2;
31/08/2021 09:42:59	SQL :EXEC GetUserTreeMenu 'pramudyono hadi','1109',@CompanyId=2;
31/08/2021 09:42:59	SQL :EXEC GetUserTreeMenu 'pramudyono hadi','1110',@CompanyId=2;
31/08/2021 09:42:59	SQL :EXEC GetUserTreeMenu 'pramudyono hadi','1111',@CompanyId=2;
31/08/2021 09:42:59	SQL :EXEC GetUserTreeMenu 'pramudyono hadi','1112',@CompanyId=2;
31/08/2021 09:42:59	SQL :EXEC GetUserTreeMenu 'pramudyono hadi','1113',@CompanyId=2;
31/08/2021 09:42:59	SQL :EXEC GetUserTreeMenu 'pramudyono hadi','1114',@CompanyId=2;
31/08/2021 09:42:59	SQL :EXEC GetUserTreeMenu 'pramudyono hadi','1115',@CompanyId=2;
31/08/2021 09:42:59	SQL :EXEC GetUserTreeMenu 'pramudyono hadi','1116',@CompanyId=2;
31/08/2021 09:42:59	SQL :EXEC GetUserTreeMenu 'pramudyono hadi','1117',@CompanyId=2;
31/08/2021 09:42:59	SQL :EXEC GetUserTreeMenu 'pramudyono hadi','1198',@CompanyId=2;
31/08/2021 09:42:59	SQL :EXEC GetUserTreeMenu 'pramudyono hadi','1199',@CompanyId=2;
31/08/2021 09:42:59	SQL :EXEC GetUserSubMenu 'pramudyono hadi','12';
31/08/2021 09:42:59	SQL :EXEC GetUserTreeMenu 'pramudyono hadi','1201',@CompanyId=2;
31/08/2021 09:42:59	SQL :EXEC GetUserTreeMenu 'pramudyono hadi','1202',@CompanyId=2;
31/08/2021 09:42:59	SQL :EXEC GetUserTreeMenu 'pramudyono hadi','1203',@CompanyId=2;
31/08/2021 09:42:59	SQL :EXEC GetUserTreeMenu 'pramudyono hadi','1204',@CompanyId=2;
31/08/2021 09:42:59	SQL :EXEC GetUserTreeMenu 'pramudyono hadi','1205',@CompanyId=2;
31/08/2021 09:42:59	SQL :EXEC GetUserTreeMenu 'pramudyono hadi','1206',@CompanyId=2;
31/08/2021 09:42:59	SQL :EXEC GetUserTreeMenu 'pramudyono hadi','1207',@CompanyId=2;
31/08/2021 09:42:59	SQL :EXEC GetUserSubMenu 'pramudyono hadi','13';
31/08/2021 09:42:59	SQL :EXEC GetUserTreeMenu 'pramudyono hadi','1301',@CompanyId=2;
31/08/2021 09:42:59	SQL :EXEC GetUserTreeMenu 'pramudyono hadi','1302',@CompanyId=2;
31/08/2021 09:42:59	SQL :EXEC GetUserTreeMenu 'pramudyono hadi','1303',@CompanyId=2;
31/08/2021 09:42:59	SQL :EXEC GetUserTreeMenu 'pramudyono hadi','1304',@CompanyId=2;
31/08/2021 09:42:59	SQL :EXEC GetUserTreeMenu 'pramudyono hadi','1305',@CompanyId=2;
31/08/2021 09:42:59	SQL :EXEC GetUserTreeMenu 'pramudyono hadi','1306',@CompanyId=2;
31/08/2021 09:42:59	SQL :EXEC GetUserTreeMenu 'pramudyono hadi','1307',@CompanyId=2;
31/08/2021 09:42:59	SQL :EXEC GetUserTreeMenu 'pramudyono hadi','1308',@CompanyId=2;
31/08/2021 09:42:59	SQL :EXEC GetUserTreeMenu 'pramudyono hadi','1309',@CompanyId=2;
31/08/2021 09:43:00	SQL :EXEC GetUserTreeMenu 'pramudyono hadi','1310',@CompanyId=2;
31/08/2021 09:43:00	SQL :EXEC GetUserTreeMenu 'pramudyono hadi','1311',@CompanyId=2;
31/08/2021 09:43:00	SQL :EXEC GetUserTreeMenu 'pramudyono hadi','1312',@CompanyId=2;
31/08/2021 09:43:00	SQL :EXEC GetUserTreeMenu 'pramudyono hadi','1313',@CompanyId=2;
31/08/2021 09:43:00	SQL :EXEC GetUserTreeMenu 'pramudyono hadi','1314',@CompanyId=2;
31/08/2021 09:43:00	SQL :EXEC GetUserTreeMenu 'pramudyono hadi','1315',@CompanyId=2;
31/08/2021 09:43:00	SQL :EXEC GetUserTreeMenu 'pramudyono hadi','1316',@CompanyId=2;
31/08/2021 09:43:00	SQL :EXEC GetUserTreeMenu 'pramudyono hadi','1317',@CompanyId=2;
31/08/2021 09:43:00	SQL :EXEC GetUserTreeMenu 'pramudyono hadi','1318',@CompanyId=2;
31/08/2021 09:43:00	SQL :EXEC GetUserTreeMenu 'pramudyono hadi','1319',@CompanyId=2;
31/08/2021 09:43:00	SQL :EXEC GetUserTreeMenu 'pramudyono hadi','1320',@CompanyId=2;
31/08/2021 09:43:00	SQL :EXEC GetUserTreeMenu 'pramudyono hadi','1321',@CompanyId=2;
31/08/2021 09:43:00	SQL :EXEC GetUserSubMenu 'pramudyono hadi','14';
31/08/2021 09:43:00	SQL :EXEC GetUserTreeMenu 'pramudyono hadi','1401',@CompanyId=2;
31/08/2021 09:43:00	SQL :EXEC GetUserTreeMenu 'pramudyono hadi','1402',@CompanyId=2;
31/08/2021 09:43:00	SQL :EXEC GetUserTreeMenu 'pramudyono hadi','1403',@CompanyId=2;
31/08/2021 09:43:00	SQL :EXEC GetUserTreeMenu 'pramudyono hadi','1404',@CompanyId=2;
31/08/2021 09:43:00	SQL :EXEC GetUserTreeMenu 'pramudyono hadi','1406',@CompanyId=2;
31/08/2021 09:43:00	SQL :EXEC GetUserTreeMenu 'pramudyono hadi','1408',@CompanyId=2;
31/08/2021 09:43:00	SQL :EXEC GetUserTreeMenu 'pramudyono hadi','1410',@CompanyId=2;
31/08/2021 09:43:00	SQL :EXEC GetUserTreeMenu 'pramudyono hadi','1411',@CompanyId=2;
31/08/2021 09:43:00	SQL :EXEC GetUserTreeMenu 'pramudyono hadi','1412',@CompanyId=2;
31/08/2021 09:43:00	SQL :EXEC GetUserTreeMenu 'pramudyono hadi','1413',@CompanyId=2;
31/08/2021 09:43:00	SQL :EXEC GetUserTreeMenu 'pramudyono hadi','1414',@CompanyId=2;
31/08/2021 09:43:00	SQL :EXEC GetUserSubMenu 'pramudyono hadi','15';
31/08/2021 09:43:00	SQL :EXEC GetUserTreeMenu 'pramudyono hadi','1501',@CompanyId=2;
31/08/2021 09:43:00	SQL :EXEC GetUserTreeMenu 'pramudyono hadi','1502',@CompanyId=2;
31/08/2021 09:43:00	SQL :EXEC GetUserTreeMenu 'pramudyono hadi','1503',@CompanyId=2;
31/08/2021 09:43:00	SQL :EXEC GetUserTreeMenu 'pramudyono hadi','1504',@CompanyId=2;
31/08/2021 09:43:00	SQL :EXEC GetUserTreeMenu 'pramudyono hadi','1505',@CompanyId=2;
31/08/2021 09:43:00	SQL :EXEC GetUserTreeMenu 'pramudyono hadi','1506',@CompanyId=2;
31/08/2021 09:43:00	SQL :EXEC GetUserTreeMenu 'pramudyono hadi','1507',@CompanyId=2;
31/08/2021 09:43:00	SQL :EXEC GetUserTreeMenu 'pramudyono hadi','1508',@CompanyId=2;
31/08/2021 09:43:00	SQL :EXEC GetUserTreeMenu 'pramudyono hadi','1509',@CompanyId=2;
31/08/2021 09:43:01	SQL :EXEC GetUserTreeMenu 'pramudyono hadi','1510',@CompanyId=2;
31/08/2021 09:43:01	SQL :EXEC GetUserTreeMenu 'pramudyono hadi','1511',@CompanyId=2;
31/08/2021 09:43:01	SQL :EXEC GetUserSubMenu 'pramudyono hadi','16';
31/08/2021 09:43:01	SQL :EXEC GetUserTreeMenu 'pramudyono hadi','1601',@CompanyId=2;
31/08/2021 09:43:01	SQL :EXEC GetUserTreeMenu 'pramudyono hadi','1602',@CompanyId=2;
31/08/2021 09:43:01	SQL :EXEC GetUserTreeMenu 'pramudyono hadi','1603',@CompanyId=2;
31/08/2021 09:43:01	SQL :EXEC GetUserTreeMenu 'pramudyono hadi','1604',@CompanyId=2;
31/08/2021 09:43:01	SQL :EXEC GetUserTreeMenu 'pramudyono hadi','1605',@CompanyId=2;
31/08/2021 09:43:01	SQL :EXEC GetUserTreeMenu 'pramudyono hadi','1606',@CompanyId=2;
31/08/2021 09:43:01	SQL :EXEC GetUserTreeMenu 'pramudyono hadi','1607',@CompanyId=2;
31/08/2021 09:43:01	SQL :EXEC GetUserTreeMenu 'pramudyono hadi','1608',@CompanyId=2;
31/08/2021 09:43:01	SQL :EXEC GetUserTreeMenu 'pramudyono hadi','1609',@CompanyId=2;
31/08/2021 09:43:01	SQL :EXEC GetUserTreeMenu 'pramudyono hadi','1610',@CompanyId=2;
31/08/2021 09:43:01	SQL :EXEC GetUserTreeMenu 'pramudyono hadi','1611',@CompanyId=2;
31/08/2021 09:43:01	SQL :EXEC GetUserTreeMenu 'pramudyono hadi','1612',@CompanyId=2;
31/08/2021 09:43:01	SQL :EXEC GetUserTreeMenu 'pramudyono hadi','1613',@CompanyId=2;
31/08/2021 09:43:01	SQL :EXEC GetUserTreeMenu 'pramudyono hadi','1614',@CompanyId=2;
31/08/2021 09:43:01	SQL :EXEC GetUserTreeMenu 'pramudyono hadi','1615',@CompanyId=2;
31/08/2021 09:43:01	SQL :EXEC GetUserTreeMenu 'pramudyono hadi','1616',@CompanyId=2;
31/08/2021 09:43:01	SQL :EXEC GetUserTreeMenu 'pramudyono hadi','1619',@CompanyId=2;
31/08/2021 09:43:01	SQL :EXEC GetUserTreeMenu 'pramudyono hadi','1620',@CompanyId=2;
31/08/2021 09:43:01	SQL :EXEC GetUserSubMenu 'pramudyono hadi','17';
31/08/2021 09:43:01	SQL :EXEC GetUserTreeMenu 'pramudyono hadi','1701',@CompanyId=2;
31/08/2021 09:43:01	SQL :EXEC GetUserTreeMenu 'pramudyono hadi','1702',@CompanyId=2;
31/08/2021 09:43:01	SQL :EXEC GetUserTreeMenu 'pramudyono hadi','1703',@CompanyId=2;
31/08/2021 09:43:01	SQL :EXEC GetUserTreeMenu 'pramudyono hadi','1704',@CompanyId=2;
31/08/2021 09:43:01	SQL :EXEC GetUserTreeMenu 'pramudyono hadi','1705',@CompanyId=2;
31/08/2021 09:43:01	SQL :EXEC GetUserTreeMenu 'pramudyono hadi','1706',@CompanyId=2;
31/08/2021 09:43:01	SQL :EXEC GetUserTreeMenu 'pramudyono hadi','1707',@CompanyId=2;
31/08/2021 09:43:01	SQL :EXEC GetUserTreeMenu 'pramudyono hadi','1708',@CompanyId=2;
31/08/2021 09:43:01	SQL :EXEC GetUserTreeMenu 'pramudyono hadi','1709',@CompanyId=2;
31/08/2021 09:43:02	SQL :EXEC GetUserTreeMenu 'pramudyono hadi','1710',@CompanyId=2;
31/08/2021 09:43:02	SQL :EXEC GetUserTreeMenu 'pramudyono hadi','1711',@CompanyId=2;
31/08/2021 09:43:02	SQL :EXEC GetUserTreeMenu 'pramudyono hadi','1712',@CompanyId=2;
31/08/2021 09:43:02	SQL :EXEC GetUserTreeMenu 'pramudyono hadi','1713',@CompanyId=2;
31/08/2021 09:43:02	SQL :EXEC GetUserTreeMenu 'pramudyono hadi','1714',@CompanyId=2;
31/08/2021 09:43:02	SQL :EXEC GetUserTreeMenu 'pramudyono hadi','1715',@CompanyId=2;
31/08/2021 09:43:02	SQL :EXEC GetUserTreeMenu 'pramudyono hadi','1716',@CompanyId=2;
31/08/2021 09:43:02	SQL :EXEC GetUserTreeMenu 'pramudyono hadi','1717',@CompanyId=2;
31/08/2021 09:43:02	SQL :EXEC GetUserSubMenu 'pramudyono hadi','18';
31/08/2021 09:43:02	SQL :EXEC GetUserTreeMenu 'pramudyono hadi','1801',@CompanyId=2;
31/08/2021 09:43:02	SQL :EXEC GetUserSubMenu 'pramudyono hadi','19';
31/08/2021 09:43:02	SQL :EXEC GetUserTreeMenu 'pramudyono hadi','1901',@CompanyId=2;
31/08/2021 09:43:02	SQL :EXEC GetUserTreeMenu 'pramudyono hadi','1902',@CompanyId=2;
31/08/2021 09:43:02	SQL :EXEC GetUserTreeMenu 'pramudyono hadi','1903',@CompanyId=2;
31/08/2021 09:43:02	SQL :EXEC GetUserTreeMenu 'pramudyono hadi','1904',@CompanyId=2;
31/08/2021 09:43:02	SQL :EXEC GetUserTreeMenu 'pramudyono hadi','1905',@CompanyId=2;
31/08/2021 09:43:02	SQL :EXEC GetUserTreeMenu 'pramudyono hadi','1906',@CompanyId=2;
31/08/2021 09:43:02	SQL :EXEC GetUserTreeMenu 'pramudyono hadi','1907',@CompanyId=2;
31/08/2021 09:43:02	SQL :EXEC GetUserTreeMenu 'pramudyono hadi','1908',@CompanyId=2;
31/08/2021 09:43:02	SQL :EXEC GetUserTreeMenu 'pramudyono hadi','1909',@CompanyId=2;
31/08/2021 09:43:02	SQL :EXEC GetUserTreeMenu 'pramudyono hadi','1910',@CompanyId=2;
31/08/2021 09:43:02	SQL :EXEC GetUserTreeMenu 'pramudyono hadi','1911',@CompanyId=2;
31/08/2021 09:43:02	SQL :EXEC GetUserTreeMenu 'pramudyono hadi','1912',@CompanyId=2;
31/08/2021 09:43:02	SQL :SELECT CONVERT(VARCHAR(8),GETDATE(),108) AS hour_minute;
31/08/2021 09:43:02	SQL :SELECT CONVERT(VARCHAR(10),GETDATE(),103) AS date_time;
31/08/2021 09:43:03	Loading Setting
31/08/2021 09:43:03	Open DB Connection
31/08/2021 09:43:03	SQL :SELECT * FROM wh_setting WHERE setting_name='Hold_Less_Deposit';
31/08/2021 09:43:03	SQL :SELECT * FROM wh_setting WHERE setting_name='Max_Less_Deposit';
31/08/2021 09:43:03	SQL :SELECT * FROM wh_setting WHERE setting_name='Dashboard_2';
31/08/2021 09:43:03	Finish Logging
31/08/2021 09:43:03	SQL :SELECT value_string FROM wh_setting WHERE (setting_name='Interval_CheckInDate') AND (active=1);
31/08/2021 09:43:03	SQL :SELECT value_string FROM wh_setting WHERE (setting_name='Interval_CheckInTime') AND (active=1);
31/08/2021 09:43:03	SQL :SELECT value_string FROM wh_setting WHERE (setting_name='ChatEnable') and (active=1);
31/08/2021 09:43:03	Message:Port Check
31/08/2021 09:43:03	Message:Open DB Connection
31/08/2021 09:43:03	SQL :EXEC GetMessage '01','pramudyono hadi';
31/08/2021 09:43:04	SQL :SELECT CONVERT(VARCHAR(8),GETDATE(),108) AS hour_minute;
31/08/2021 09:43:04	SQL :SELECT CONVERT(VARCHAR(10),GETDATE(),103) AS date_time;
31/08/2021 09:43:17	Open Menu :130132
31/08/2021 09:43:17	Open DB Connection
31/08/2021 09:43:17	SQL :EXEC AuthMenu 'pramudyono hadi',130132;
31/08/2021 09:43:18	Form Check :VehicleInsuranceList
31/08/2021 09:43:18	Open DB Connection
31/08/2021 09:43:18	SQL :EXEC GetCompanyLocationList
31/08/2021 09:43:18	SQL :EXEC GetGroup 2;
31/08/2021 09:43:18	Open DB Connection
31/08/2021 09:43:18	SQL :EXEC GetInsuranceList 6,@CompanyId=2;
31/08/2021 09:43:19	Form Open: VehicleList=BUS,FormRequest=
31/08/2021 09:43:19	Open DB Connection
31/08/2021 09:43:19	SQL :EXEC GetInsuranceIssuer
31/08/2021 09:43:19	SQL :EXEC GetCompanyLocationList
31/08/2021 09:43:19	Open DB Connection
31/08/2021 09:43:19	SQL :EXEC GetVhcList 6,0,@CompanyId=2;
31/08/2021 09:43:20	Open DB Connection
31/08/2021 09:43:20	SQL :EXEC GetInsuranceDetail 'INSRB21080001';
31/08/2021 09:44:01	Get Local Settings
31/08/2021 09:44:01	Start Change Local Settings
31/08/2021 09:44:01	Change short date format
31/08/2021 09:44:01	Change Long date format
31/08/2021 09:44:01	Finish Change Local Settings
31/08/2021 09:44:01	Registry Read: Path=SOFTWARE\WEHA\Aplikasi\3
31/08/2021 09:44:01	Registry Read/Write
31/08/2021 09:44:01	Registry Read: Path=SOFTWARE\WEHA\Aplikasi\3
31/08/2021 09:44:01	Create DB Object
31/08/2021 09:44:01	Init DB
31/08/2021 09:44:01	Finish Init DB
31/08/2021 09:44:01	Get File Version
31/08/2021 09:44:01	Change  Caption
31/08/2021 09:44:01	Init Shortkey
31/08/2021 09:44:03	Create DB Object
31/08/2021 09:44:03	Init DB
31/08/2021 09:44:03	Finish Init DB
31/08/2021 09:44:04	Update new version check
31/08/2021 09:44:04	Open DB Connection
31/08/2021 09:44:04	SQL :
31/08/2021 09:44:04	Update check version
31/08/2021 09:44:04	Open DB Connection
31/08/2021 09:44:04	SQL :SELECT version FROM wh_application WHERE application_id=(SELECT MAX(application_id) FROM wh_application);
31/08/2021 09:44:04	Start Login
31/08/2021 09:44:04	Open DB Connection
31/08/2021 09:44:04	SQL :EXEC AuthenticateUser 'pramudyono hadi','6f2b8366efa56f0c06dd6b31fcff8a73';
31/08/2021 09:44:04	SQL :INSERT INTO wh_log (user_id,app_date,app_version,app_version_svr,location_id,company_id,department_id,host_name,ip_address)  VALUES ('pramudyono hadi','31/08/2021','6.1.3.14','6.1.3.14',6,2,13,'DESKTOP-S1PD9OD','192.168.25.214');
31/08/2021 09:44:04	Open DB Connection
31/08/2021 09:44:04	SQL :EXEC GetUserMenu 'pramudyono hadi';
31/08/2021 09:44:04	SQL :EXEC GetUserSubMenu 'pramudyono hadi','11';
31/08/2021 09:44:04	SQL :EXEC GetUserTreeMenu 'pramudyono hadi','1101',@CompanyId=2;
31/08/2021 09:44:04	SQL :EXEC GetUserTreeMenu 'pramudyono hadi','1102',@CompanyId=2;
31/08/2021 09:44:04	SQL :EXEC GetUserTreeMenu 'pramudyono hadi','1103',@CompanyId=2;
31/08/2021 09:44:04	SQL :EXEC GetUserTreeMenu 'pramudyono hadi','1104',@CompanyId=2;
31/08/2021 09:44:04	SQL :EXEC GetUserTreeMenu 'pramudyono hadi','1105',@CompanyId=2;
31/08/2021 09:44:04	SQL :EXEC GetUserTreeMenu 'pramudyono hadi','1106',@CompanyId=2;
31/08/2021 09:44:04	SQL :EXEC GetUserTreeMenu 'pramudyono hadi','1107',@CompanyId=2;
31/08/2021 09:44:04	SQL :EXEC GetUserTreeMenu 'pramudyono hadi','1108',@CompanyId=2;
31/08/2021 09:44:04	SQL :EXEC GetUserTreeMenu 'pramudyono hadi','1109',@CompanyId=2;
31/08/2021 09:44:04	SQL :EXEC GetUserTreeMenu 'pramudyono hadi','1110',@CompanyId=2;
31/08/2021 09:44:04	SQL :EXEC GetUserTreeMenu 'pramudyono hadi','1111',@CompanyId=2;
31/08/2021 09:44:04	SQL :EXEC GetUserTreeMenu 'pramudyono hadi','1112',@CompanyId=2;
31/08/2021 09:44:04	SQL :EXEC GetUserTreeMenu 'pramudyono hadi','1113',@CompanyId=2;
31/08/2021 09:44:04	SQL :EXEC GetUserTreeMenu 'pramudyono hadi','1114',@CompanyId=2;
31/08/2021 09:44:04	SQL :EXEC GetUserTreeMenu 'pramudyono hadi','1115',@CompanyId=2;
31/08/2021 09:44:04	SQL :EXEC GetUserTreeMenu 'pramudyono hadi','1116',@CompanyId=2;
31/08/2021 09:44:05	SQL :EXEC GetUserTreeMenu 'pramudyono hadi','1117',@CompanyId=2;
31/08/2021 09:44:05	SQL :EXEC GetUserTreeMenu 'pramudyono hadi','1198',@CompanyId=2;
31/08/2021 09:44:05	SQL :EXEC GetUserTreeMenu 'pramudyono hadi','1199',@CompanyId=2;
31/08/2021 09:44:05	SQL :EXEC GetUserSubMenu 'pramudyono hadi','12';
31/08/2021 09:44:05	SQL :EXEC GetUserTreeMenu 'pramudyono hadi','1201',@CompanyId=2;
31/08/2021 09:44:05	SQL :EXEC GetUserTreeMenu 'pramudyono hadi','1202',@CompanyId=2;
31/08/2021 09:44:05	SQL :EXEC GetUserTreeMenu 'pramudyono hadi','1203',@CompanyId=2;
31/08/2021 09:44:05	SQL :EXEC GetUserTreeMenu 'pramudyono hadi','1204',@CompanyId=2;
31/08/2021 09:44:05	SQL :EXEC GetUserTreeMenu 'pramudyono hadi','1205',@CompanyId=2;
31/08/2021 09:44:05	SQL :EXEC GetUserTreeMenu 'pramudyono hadi','1206',@CompanyId=2;
31/08/2021 09:44:05	SQL :EXEC GetUserTreeMenu 'pramudyono hadi','1207',@CompanyId=2;
31/08/2021 09:44:05	SQL :EXEC GetUserSubMenu 'pramudyono hadi','13';
31/08/2021 09:44:05	SQL :EXEC GetUserTreeMenu 'pramudyono hadi','1301',@CompanyId=2;
31/08/2021 09:44:05	SQL :EXEC GetUserTreeMenu 'pramudyono hadi','1302',@CompanyId=2;
31/08/2021 09:44:05	SQL :EXEC GetUserTreeMenu 'pramudyono hadi','1303',@CompanyId=2;
31/08/2021 09:44:05	SQL :EXEC GetUserTreeMenu 'pramudyono hadi','1304',@CompanyId=2;
31/08/2021 09:44:05	SQL :EXEC GetUserTreeMenu 'pramudyono hadi','1305',@CompanyId=2;
31/08/2021 09:44:05	SQL :EXEC GetUserTreeMenu 'pramudyono hadi','1306',@CompanyId=2;
31/08/2021 09:44:05	SQL :EXEC GetUserTreeMenu 'pramudyono hadi','1307',@CompanyId=2;
31/08/2021 09:44:05	SQL :EXEC GetUserTreeMenu 'pramudyono hadi','1308',@CompanyId=2;
31/08/2021 09:44:05	SQL :EXEC GetUserTreeMenu 'pramudyono hadi','1309',@CompanyId=2;
31/08/2021 09:44:05	SQL :EXEC GetUserTreeMenu 'pramudyono hadi','1310',@CompanyId=2;
31/08/2021 09:44:05	SQL :EXEC GetUserTreeMenu 'pramudyono hadi','1311',@CompanyId=2;
31/08/2021 09:44:05	SQL :EXEC GetUserTreeMenu 'pramudyono hadi','1312',@CompanyId=2;
31/08/2021 09:44:05	SQL :EXEC GetUserTreeMenu 'pramudyono hadi','1313',@CompanyId=2;
31/08/2021 09:44:05	SQL :EXEC GetUserTreeMenu 'pramudyono hadi','1314',@CompanyId=2;
31/08/2021 09:44:05	SQL :EXEC GetUserTreeMenu 'pramudyono hadi','1315',@CompanyId=2;
31/08/2021 09:44:05	SQL :EXEC GetUserTreeMenu 'pramudyono hadi','1316',@CompanyId=2;
31/08/2021 09:44:05	SQL :EXEC GetUserTreeMenu 'pramudyono hadi','1317',@CompanyId=2;
31/08/2021 09:44:05	SQL :EXEC GetUserTreeMenu 'pramudyono hadi','1318',@CompanyId=2;
31/08/2021 09:44:05	SQL :EXEC GetUserTreeMenu 'pramudyono hadi','1319',@CompanyId=2;
31/08/2021 09:44:05	SQL :EXEC GetUserTreeMenu 'pramudyono hadi','1320',@CompanyId=2;
31/08/2021 09:44:05	SQL :EXEC GetUserTreeMenu 'pramudyono hadi','1321',@CompanyId=2;
31/08/2021 09:44:05	SQL :EXEC GetUserSubMenu 'pramudyono hadi','14';
31/08/2021 09:44:05	SQL :EXEC GetUserTreeMenu 'pramudyono hadi','1401',@CompanyId=2;
31/08/2021 09:44:05	SQL :EXEC GetUserTreeMenu 'pramudyono hadi','1402',@CompanyId=2;
31/08/2021 09:44:05	SQL :EXEC GetUserTreeMenu 'pramudyono hadi','1403',@CompanyId=2;
31/08/2021 09:44:05	SQL :EXEC GetUserTreeMenu 'pramudyono hadi','1404',@CompanyId=2;
31/08/2021 09:44:05	SQL :EXEC GetUserTreeMenu 'pramudyono hadi','1406',@CompanyId=2;
31/08/2021 09:44:05	SQL :EXEC GetUserTreeMenu 'pramudyono hadi','1408',@CompanyId=2;
31/08/2021 09:44:05	SQL :EXEC GetUserTreeMenu 'pramudyono hadi','1410',@CompanyId=2;
31/08/2021 09:44:05	SQL :EXEC GetUserTreeMenu 'pramudyono hadi','1411',@CompanyId=2;
31/08/2021 09:44:05	SQL :EXEC GetUserTreeMenu 'pramudyono hadi','1412',@CompanyId=2;
31/08/2021 09:44:05	SQL :EXEC GetUserTreeMenu 'pramudyono hadi','1413',@CompanyId=2;
31/08/2021 09:44:05	SQL :EXEC GetUserTreeMenu 'pramudyono hadi','1414',@CompanyId=2;
31/08/2021 09:44:05	SQL :EXEC GetUserSubMenu 'pramudyono hadi','15';
31/08/2021 09:44:05	SQL :EXEC GetUserTreeMenu 'pramudyono hadi','1501',@CompanyId=2;
31/08/2021 09:44:05	SQL :EXEC GetUserTreeMenu 'pramudyono hadi','1502',@CompanyId=2;
31/08/2021 09:44:05	SQL :EXEC GetUserTreeMenu 'pramudyono hadi','1503',@CompanyId=2;
31/08/2021 09:44:05	SQL :EXEC GetUserTreeMenu 'pramudyono hadi','1504',@CompanyId=2;
31/08/2021 09:44:05	SQL :EXEC GetUserTreeMenu 'pramudyono hadi','1505',@CompanyId=2;
31/08/2021 09:44:05	SQL :EXEC GetUserTreeMenu 'pramudyono hadi','1506',@CompanyId=2;
31/08/2021 09:44:05	SQL :EXEC GetUserTreeMenu 'pramudyono hadi','1507',@CompanyId=2;
31/08/2021 09:44:05	SQL :EXEC GetUserTreeMenu 'pramudyono hadi','1508',@CompanyId=2;
31/08/2021 09:44:05	SQL :EXEC GetUserTreeMenu 'pramudyono hadi','1509',@CompanyId=2;
31/08/2021 09:44:05	SQL :EXEC GetUserTreeMenu 'pramudyono hadi','1510',@CompanyId=2;
31/08/2021 09:44:05	SQL :EXEC GetUserTreeMenu 'pramudyono hadi','1511',@CompanyId=2;
31/08/2021 09:44:05	SQL :EXEC GetUserSubMenu 'pramudyono hadi','16';
31/08/2021 09:44:05	SQL :EXEC GetUserTreeMenu 'pramudyono hadi','1601',@CompanyId=2;
31/08/2021 09:44:05	SQL :EXEC GetUserTreeMenu 'pramudyono hadi','1602',@CompanyId=2;
31/08/2021 09:44:05	SQL :EXEC GetUserTreeMenu 'pramudyono hadi','1603',@CompanyId=2;
31/08/2021 09:44:05	SQL :EXEC GetUserTreeMenu 'pramudyono hadi','1604',@CompanyId=2;
31/08/2021 09:44:05	SQL :EXEC GetUserTreeMenu 'pramudyono hadi','1605',@CompanyId=2;
31/08/2021 09:44:05	SQL :EXEC GetUserTreeMenu 'pramudyono hadi','1606',@CompanyId=2;
31/08/2021 09:44:05	SQL :EXEC GetUserTreeMenu 'pramudyono hadi','1607',@CompanyId=2;
31/08/2021 09:44:05	SQL :EXEC GetUserTreeMenu 'pramudyono hadi','1608',@CompanyId=2;
31/08/2021 09:44:05	SQL :EXEC GetUserTreeMenu 'pramudyono hadi','1609',@CompanyId=2;
31/08/2021 09:44:05	SQL :EXEC GetUserTreeMenu 'pramudyono hadi','1610',@CompanyId=2;
31/08/2021 09:44:05	SQL :EXEC GetUserTreeMenu 'pramudyono hadi','1611',@CompanyId=2;
31/08/2021 09:44:05	SQL :EXEC GetUserTreeMenu 'pramudyono hadi','1612',@CompanyId=2;
31/08/2021 09:44:05	SQL :EXEC GetUserTreeMenu 'pramudyono hadi','1613',@CompanyId=2;
31/08/2021 09:44:05	SQL :EXEC GetUserTreeMenu 'pramudyono hadi','1614',@CompanyId=2;
31/08/2021 09:44:05	SQL :EXEC GetUserTreeMenu 'pramudyono hadi','1615',@CompanyId=2;
31/08/2021 09:44:05	SQL :EXEC GetUserTreeMenu 'pramudyono hadi','1616',@CompanyId=2;
31/08/2021 09:44:05	SQL :EXEC GetUserTreeMenu 'pramudyono hadi','1619',@CompanyId=2;
31/08/2021 09:44:05	SQL :EXEC GetUserTreeMenu 'pramudyono hadi','1620',@CompanyId=2;
31/08/2021 09:44:05	SQL :EXEC GetUserSubMenu 'pramudyono hadi','17';
31/08/2021 09:44:05	SQL :EXEC GetUserTreeMenu 'pramudyono hadi','1701',@CompanyId=2;
31/08/2021 09:44:05	SQL :EXEC GetUserTreeMenu 'pramudyono hadi','1702',@CompanyId=2;
31/08/2021 09:44:05	SQL :EXEC GetUserTreeMenu 'pramudyono hadi','1703',@CompanyId=2;
31/08/2021 09:44:05	SQL :EXEC GetUserTreeMenu 'pramudyono hadi','1704',@CompanyId=2;
31/08/2021 09:44:05	SQL :EXEC GetUserTreeMenu 'pramudyono hadi','1705',@CompanyId=2;
31/08/2021 09:44:06	SQL :EXEC GetUserTreeMenu 'pramudyono hadi','1706',@CompanyId=2;
31/08/2021 09:44:06	SQL :EXEC GetUserTreeMenu 'pramudyono hadi','1707',@CompanyId=2;
31/08/2021 09:44:06	SQL :EXEC GetUserTreeMenu 'pramudyono hadi','1708',@CompanyId=2;
31/08/2021 09:44:06	SQL :EXEC GetUserTreeMenu 'pramudyono hadi','1709',@CompanyId=2;
31/08/2021 09:44:06	SQL :EXEC GetUserTreeMenu 'pramudyono hadi','1710',@CompanyId=2;
31/08/2021 09:44:06	SQL :EXEC GetUserTreeMenu 'pramudyono hadi','1711',@CompanyId=2;
31/08/2021 09:44:06	SQL :EXEC GetUserTreeMenu 'pramudyono hadi','1712',@CompanyId=2;
31/08/2021 09:44:06	SQL :EXEC GetUserTreeMenu 'pramudyono hadi','1713',@CompanyId=2;
31/08/2021 09:44:06	SQL :EXEC GetUserTreeMenu 'pramudyono hadi','1714',@CompanyId=2;
31/08/2021 09:44:06	SQL :EXEC GetUserTreeMenu 'pramudyono hadi','1715',@CompanyId=2;
31/08/2021 09:44:06	SQL :EXEC GetUserTreeMenu 'pramudyono hadi','1716',@CompanyId=2;
31/08/2021 09:44:06	SQL :EXEC GetUserTreeMenu 'pramudyono hadi','1717',@CompanyId=2;
31/08/2021 09:44:06	SQL :EXEC GetUserSubMenu 'pramudyono hadi','18';
31/08/2021 09:44:06	SQL :EXEC GetUserTreeMenu 'pramudyono hadi','1801',@CompanyId=2;
31/08/2021 09:44:06	SQL :EXEC GetUserSubMenu 'pramudyono hadi','19';
31/08/2021 09:44:06	SQL :EXEC GetUserTreeMenu 'pramudyono hadi','1901',@CompanyId=2;
31/08/2021 09:44:06	SQL :EXEC GetUserTreeMenu 'pramudyono hadi','1902',@CompanyId=2;
31/08/2021 09:44:06	SQL :EXEC GetUserTreeMenu 'pramudyono hadi','1903',@CompanyId=2;
31/08/2021 09:44:06	SQL :EXEC GetUserTreeMenu 'pramudyono hadi','1904',@CompanyId=2;
31/08/2021 09:44:06	SQL :EXEC GetUserTreeMenu 'pramudyono hadi','1905',@CompanyId=2;
31/08/2021 09:44:06	SQL :EXEC GetUserTreeMenu 'pramudyono hadi','1906',@CompanyId=2;
31/08/2021 09:44:06	SQL :EXEC GetUserTreeMenu 'pramudyono hadi','1907',@CompanyId=2;
31/08/2021 09:44:06	SQL :EXEC GetUserTreeMenu 'pramudyono hadi','1908',@CompanyId=2;
31/08/2021 09:44:06	SQL :EXEC GetUserTreeMenu 'pramudyono hadi','1909',@CompanyId=2;
31/08/2021 09:44:06	SQL :EXEC GetUserTreeMenu 'pramudyono hadi','1910',@CompanyId=2;
31/08/2021 09:44:06	SQL :EXEC GetUserTreeMenu 'pramudyono hadi','1911',@CompanyId=2;
31/08/2021 09:44:06	SQL :EXEC GetUserTreeMenu 'pramudyono hadi','1912',@CompanyId=2;
31/08/2021 09:44:06	SQL :SELECT CONVERT(VARCHAR(8),GETDATE(),108) AS hour_minute;
31/08/2021 09:44:06	SQL :SELECT CONVERT(VARCHAR(10),GETDATE(),103) AS date_time;
31/08/2021 09:44:06	Loading Setting
31/08/2021 09:44:06	Open DB Connection
31/08/2021 09:44:06	SQL :SELECT * FROM wh_setting WHERE setting_name='Hold_Less_Deposit';
31/08/2021 09:44:06	SQL :SELECT * FROM wh_setting WHERE setting_name='Max_Less_Deposit';
31/08/2021 09:44:06	SQL :SELECT * FROM wh_setting WHERE setting_name='Dashboard_2';
31/08/2021 09:44:06	Finish Logging
31/08/2021 09:44:06	SQL :SELECT value_string FROM wh_setting WHERE (setting_name='Interval_CheckInDate') AND (active=1);
31/08/2021 09:44:06	SQL :SELECT value_string FROM wh_setting WHERE (setting_name='Interval_CheckInTime') AND (active=1);
31/08/2021 09:44:06	SQL :SELECT value_string FROM wh_setting WHERE (setting_name='ChatEnable') and (active=1);
31/08/2021 09:44:07	Message:Port Check
31/08/2021 09:44:07	Message:Open DB Connection
31/08/2021 09:44:07	SQL :EXEC GetMessage '01','pramudyono hadi';
31/08/2021 09:44:07	SQL :SELECT CONVERT(VARCHAR(8),GETDATE(),108) AS hour_minute;
31/08/2021 09:44:07	SQL :SELECT CONVERT(VARCHAR(10),GETDATE(),103) AS date_time;
31/08/2021 09:44:10	Open Menu :130132
31/08/2021 09:44:10	Open DB Connection
31/08/2021 09:44:10	SQL :EXEC AuthMenu 'pramudyono hadi',130132;
31/08/2021 09:44:10	Form Check :VehicleInsuranceList
31/08/2021 09:44:10	Open DB Connection
31/08/2021 09:44:10	SQL :EXEC GetCompanyLocationList
31/08/2021 09:44:10	SQL :EXEC GetGroup 2;
31/08/2021 09:44:10	Open DB Connection
31/08/2021 09:44:10	SQL :EXEC GetInsuranceList 6,@CompanyId=2;
31/08/2021 09:44:12	Form Open: VehicleList=BUS,FormRequest=
31/08/2021 09:44:12	Open DB Connection
31/08/2021 09:44:12	SQL :EXEC GetInsuranceIssuer
31/08/2021 09:44:12	SQL :EXEC GetCompanyLocationList
31/08/2021 09:44:12	Open DB Connection
31/08/2021 09:44:12	SQL :EXEC GetVhcList 6,0,@CompanyId=2;
31/08/2021 09:44:12	Open DB Connection
31/08/2021 09:44:12	SQL :EXEC GetInsuranceDetail 'INSRB21080001';
31/08/2021 13:14:23	Get Local Settings
31/08/2021 13:14:23	Start Change Local Settings
31/08/2021 13:14:23	Change short date format
31/08/2021 13:14:23	Change Long date format
31/08/2021 13:14:23	Finish Change Local Settings
31/08/2021 13:14:23	Registry Read: Path=SOFTWARE\WEHA\Aplikasi\3
31/08/2021 13:14:23	Registry Read/Write
31/08/2021 13:14:23	Registry Read: Path=SOFTWARE\WEHA\Aplikasi\3
31/08/2021 13:14:23	Create DB Object
31/08/2021 13:14:23	Init DB
31/08/2021 13:14:23	Finish Init DB
31/08/2021 13:14:23	Get File Version
31/08/2021 13:14:23	Change  Caption
31/08/2021 13:14:23	Init Shortkey
31/08/2021 14:10:41	Get Local Settings
31/08/2021 14:10:41	Start Change Local Settings
31/08/2021 14:10:41	Change short date format
31/08/2021 14:10:41	Change Long date format
31/08/2021 14:10:41	Finish Change Local Settings
31/08/2021 14:10:41	Registry Read: Path=SOFTWARE\WEHA\Aplikasi\3
31/08/2021 14:10:41	Registry Read/Write
31/08/2021 14:10:41	Registry Read: Path=SOFTWARE\WEHA\Aplikasi\3
31/08/2021 14:10:41	Create DB Object
31/08/2021 14:10:41	Init DB
31/08/2021 14:10:41	Finish Init DB
31/08/2021 14:10:41	Get File Version
31/08/2021 14:10:41	Change  Caption
31/08/2021 14:10:41	Init Shortkey
31/08/2021 14:10:43	Create DB Object
31/08/2021 14:10:43	Init DB
31/08/2021 14:10:43	Finish Init DB
31/08/2021 14:10:45	Update new version check
31/08/2021 14:10:45	Open DB Connection
31/08/2021 14:10:50	SQL :
31/08/2021 14:10:50	Update check version
31/08/2021 14:10:50	Open DB Connection
31/08/2021 14:10:50	SQL :SELECT version FROM wh_application WHERE application_id=(SELECT MAX(application_id) FROM wh_application);
31/08/2021 14:10:50	Start Login
31/08/2021 14:10:50	Open DB Connection
31/08/2021 14:10:50	SQL :EXEC AuthenticateUser 'pramudyono hadi','6f2b8366efa56f0c06dd6b31fcff8a73';
31/08/2021 14:10:51	SQL :INSERT INTO wh_log (user_id,app_date,app_version,app_version_svr,location_id,company_id,department_id,host_name,ip_address)  VALUES ('pramudyono hadi','31/08/2021','6.1.4.0','6.1.3.14',6,2,13,'DESKTOP-S1PD9OD','192.168.25.214');
31/08/2021 14:10:52	Open DB Connection
31/08/2021 14:10:52	SQL :EXEC GetUserMenu 'pramudyono hadi';
31/08/2021 14:10:52	SQL :EXEC GetUserSubMenu 'pramudyono hadi','11';
31/08/2021 14:10:52	SQL :EXEC GetUserTreeMenu 'pramudyono hadi','1101',@CompanyId=2;
31/08/2021 14:10:52	SQL :EXEC GetUserTreeMenu 'pramudyono hadi','1102',@CompanyId=2;
31/08/2021 14:10:52	SQL :EXEC GetUserTreeMenu 'pramudyono hadi','1103',@CompanyId=2;
31/08/2021 14:10:52	SQL :EXEC GetUserTreeMenu 'pramudyono hadi','1104',@CompanyId=2;
31/08/2021 14:10:52	SQL :EXEC GetUserTreeMenu 'pramudyono hadi','1105',@CompanyId=2;
31/08/2021 14:10:52	SQL :EXEC GetUserTreeMenu 'pramudyono hadi','1106',@CompanyId=2;
31/08/2021 14:10:52	SQL :EXEC GetUserTreeMenu 'pramudyono hadi','1107',@CompanyId=2;
31/08/2021 14:10:52	SQL :EXEC GetUserTreeMenu 'pramudyono hadi','1108',@CompanyId=2;
31/08/2021 14:10:52	SQL :EXEC GetUserTreeMenu 'pramudyono hadi','1109',@CompanyId=2;
31/08/2021 14:10:52	SQL :EXEC GetUserTreeMenu 'pramudyono hadi','1110',@CompanyId=2;
31/08/2021 14:10:52	SQL :EXEC GetUserTreeMenu 'pramudyono hadi','1111',@CompanyId=2;
31/08/2021 14:10:52	SQL :EXEC GetUserTreeMenu 'pramudyono hadi','1112',@CompanyId=2;
31/08/2021 14:10:52	SQL :EXEC GetUserTreeMenu 'pramudyono hadi','1113',@CompanyId=2;
31/08/2021 14:10:52	SQL :EXEC GetUserTreeMenu 'pramudyono hadi','1114',@CompanyId=2;
31/08/2021 14:10:52	SQL :EXEC GetUserTreeMenu 'pramudyono hadi','1115',@CompanyId=2;
31/08/2021 14:10:52	SQL :EXEC GetUserTreeMenu 'pramudyono hadi','1116',@CompanyId=2;
31/08/2021 14:10:52	SQL :EXEC GetUserTreeMenu 'pramudyono hadi','1117',@CompanyId=2;
31/08/2021 14:10:52	SQL :EXEC GetUserTreeMenu 'pramudyono hadi','1198',@CompanyId=2;
31/08/2021 14:10:52	SQL :EXEC GetUserTreeMenu 'pramudyono hadi','1199',@CompanyId=2;
31/08/2021 14:10:52	SQL :EXEC GetUserSubMenu 'pramudyono hadi','12';
31/08/2021 14:10:52	SQL :EXEC GetUserTreeMenu 'pramudyono hadi','1201',@CompanyId=2;
31/08/2021 14:10:52	SQL :EXEC GetUserTreeMenu 'pramudyono hadi','1202',@CompanyId=2;
31/08/2021 14:10:52	SQL :EXEC GetUserTreeMenu 'pramudyono hadi','1203',@CompanyId=2;
31/08/2021 14:10:52	SQL :EXEC GetUserTreeMenu 'pramudyono hadi','1204',@CompanyId=2;
31/08/2021 14:10:52	SQL :EXEC GetUserTreeMenu 'pramudyono hadi','1205',@CompanyId=2;
31/08/2021 14:10:52	SQL :EXEC GetUserTreeMenu 'pramudyono hadi','1206',@CompanyId=2;
31/08/2021 14:10:52	SQL :EXEC GetUserTreeMenu 'pramudyono hadi','1207',@CompanyId=2;
31/08/2021 14:10:52	SQL :EXEC GetUserSubMenu 'pramudyono hadi','13';
31/08/2021 14:10:52	SQL :EXEC GetUserTreeMenu 'pramudyono hadi','1301',@CompanyId=2;
31/08/2021 14:10:52	SQL :EXEC GetUserTreeMenu 'pramudyono hadi','1302',@CompanyId=2;
31/08/2021 14:10:52	SQL :EXEC GetUserTreeMenu 'pramudyono hadi','1303',@CompanyId=2;
31/08/2021 14:10:52	SQL :EXEC GetUserTreeMenu 'pramudyono hadi','1304',@CompanyId=2;
31/08/2021 14:10:52	SQL :EXEC GetUserTreeMenu 'pramudyono hadi','1305',@CompanyId=2;
31/08/2021 14:10:52	SQL :EXEC GetUserTreeMenu 'pramudyono hadi','1306',@CompanyId=2;
31/08/2021 14:10:52	SQL :EXEC GetUserTreeMenu 'pramudyono hadi','1307',@CompanyId=2;
31/08/2021 14:10:52	SQL :EXEC GetUserTreeMenu 'pramudyono hadi','1308',@CompanyId=2;
31/08/2021 14:10:52	SQL :EXEC GetUserTreeMenu 'pramudyono hadi','1309',@CompanyId=2;
31/08/2021 14:10:52	SQL :EXEC GetUserTreeMenu 'pramudyono hadi','1310',@CompanyId=2;
31/08/2021 14:10:52	SQL :EXEC GetUserTreeMenu 'pramudyono hadi','1311',@CompanyId=2;
31/08/2021 14:10:52	SQL :EXEC GetUserTreeMenu 'pramudyono hadi','1312',@CompanyId=2;
31/08/2021 14:10:52	SQL :EXEC GetUserTreeMenu 'pramudyono hadi','1313',@CompanyId=2;
31/08/2021 14:10:52	SQL :EXEC GetUserTreeMenu 'pramudyono hadi','1314',@CompanyId=2;
31/08/2021 14:10:52	SQL :EXEC GetUserTreeMenu 'pramudyono hadi','1315',@CompanyId=2;
31/08/2021 14:10:52	SQL :EXEC GetUserTreeMenu 'pramudyono hadi','1316',@CompanyId=2;
31/08/2021 14:10:52	SQL :EXEC GetUserTreeMenu 'pramudyono hadi','1317',@CompanyId=2;
31/08/2021 14:10:52	SQL :EXEC GetUserTreeMenu 'pramudyono hadi','1318',@CompanyId=2;
31/08/2021 14:10:52	SQL :EXEC GetUserTreeMenu 'pramudyono hadi','1319',@CompanyId=2;
31/08/2021 14:10:52	SQL :EXEC GetUserTreeMenu 'pramudyono hadi','1320',@CompanyId=2;
31/08/2021 14:10:52	SQL :EXEC GetUserTreeMenu 'pramudyono hadi','1321',@CompanyId=2;
31/08/2021 14:10:52	SQL :EXEC GetUserSubMenu 'pramudyono hadi','14';
31/08/2021 14:10:52	SQL :EXEC GetUserTreeMenu 'pramudyono hadi','1401',@CompanyId=2;
31/08/2021 14:10:52	SQL :EXEC GetUserTreeMenu 'pramudyono hadi','1402',@CompanyId=2;
31/08/2021 14:10:52	SQL :EXEC GetUserTreeMenu 'pramudyono hadi','1403',@CompanyId=2;
31/08/2021 14:10:52	SQL :EXEC GetUserTreeMenu 'pramudyono hadi','1404',@CompanyId=2;
31/08/2021 14:10:52	SQL :EXEC GetUserTreeMenu 'pramudyono hadi','1406',@CompanyId=2;
31/08/2021 14:10:52	SQL :EXEC GetUserTreeMenu 'pramudyono hadi','1408',@CompanyId=2;
31/08/2021 14:10:52	SQL :EXEC GetUserTreeMenu 'pramudyono hadi','1410',@CompanyId=2;
31/08/2021 14:10:52	SQL :EXEC GetUserTreeMenu 'pramudyono hadi','1411',@CompanyId=2;
31/08/2021 14:10:52	SQL :EXEC GetUserTreeMenu 'pramudyono hadi','1412',@CompanyId=2;
31/08/2021 14:10:52	SQL :EXEC GetUserTreeMenu 'pramudyono hadi','1413',@CompanyId=2;
31/08/2021 14:10:52	SQL :EXEC GetUserTreeMenu 'pramudyono hadi','1414',@CompanyId=2;
31/08/2021 14:10:52	SQL :EXEC GetUserSubMenu 'pramudyono hadi','15';
31/08/2021 14:10:52	SQL :EXEC GetUserTreeMenu 'pramudyono hadi','1501',@CompanyId=2;
31/08/2021 14:10:52	SQL :EXEC GetUserTreeMenu 'pramudyono hadi','1502',@CompanyId=2;
31/08/2021 14:10:52	SQL :EXEC GetUserTreeMenu 'pramudyono hadi','1503',@CompanyId=2;
31/08/2021 14:10:52	SQL :EXEC GetUserTreeMenu 'pramudyono hadi','1504',@CompanyId=2;
31/08/2021 14:10:52	SQL :EXEC GetUserTreeMenu 'pramudyono hadi','1505',@CompanyId=2;
31/08/2021 14:10:52	SQL :EXEC GetUserTreeMenu 'pramudyono hadi','1506',@CompanyId=2;
31/08/2021 14:10:52	SQL :EXEC GetUserTreeMenu 'pramudyono hadi','1507',@CompanyId=2;
31/08/2021 14:10:52	SQL :EXEC GetUserTreeMenu 'pramudyono hadi','1508',@CompanyId=2;
31/08/2021 14:10:52	SQL :EXEC GetUserTreeMenu 'pramudyono hadi','1509',@CompanyId=2;
31/08/2021 14:10:52	SQL :EXEC GetUserTreeMenu 'pramudyono hadi','1510',@CompanyId=2;
31/08/2021 14:10:52	SQL :EXEC GetUserTreeMenu 'pramudyono hadi','1511',@CompanyId=2;
31/08/2021 14:10:52	SQL :EXEC GetUserSubMenu 'pramudyono hadi','16';
31/08/2021 14:10:52	SQL :EXEC GetUserTreeMenu 'pramudyono hadi','1601',@CompanyId=2;
31/08/2021 14:10:52	SQL :EXEC GetUserTreeMenu 'pramudyono hadi','1602',@CompanyId=2;
31/08/2021 14:10:52	SQL :EXEC GetUserTreeMenu 'pramudyono hadi','1603',@CompanyId=2;
31/08/2021 14:10:52	SQL :EXEC GetUserTreeMenu 'pramudyono hadi','1604',@CompanyId=2;
31/08/2021 14:10:52	SQL :EXEC GetUserTreeMenu 'pramudyono hadi','1605',@CompanyId=2;
31/08/2021 14:10:52	SQL :EXEC GetUserTreeMenu 'pramudyono hadi','1606',@CompanyId=2;
31/08/2021 14:10:53	SQL :EXEC GetUserTreeMenu 'pramudyono hadi','1607',@CompanyId=2;
31/08/2021 14:10:53	SQL :EXEC GetUserTreeMenu 'pramudyono hadi','1608',@CompanyId=2;
31/08/2021 14:10:53	SQL :EXEC GetUserTreeMenu 'pramudyono hadi','1609',@CompanyId=2;
31/08/2021 14:10:53	SQL :EXEC GetUserTreeMenu 'pramudyono hadi','1610',@CompanyId=2;
31/08/2021 14:10:53	SQL :EXEC GetUserTreeMenu 'pramudyono hadi','1611',@CompanyId=2;
31/08/2021 14:10:53	SQL :EXEC GetUserTreeMenu 'pramudyono hadi','1612',@CompanyId=2;
31/08/2021 14:10:53	SQL :EXEC GetUserTreeMenu 'pramudyono hadi','1613',@CompanyId=2;
31/08/2021 14:10:53	SQL :EXEC GetUserTreeMenu 'pramudyono hadi','1614',@CompanyId=2;
31/08/2021 14:10:53	SQL :EXEC GetUserTreeMenu 'pramudyono hadi','1615',@CompanyId=2;
31/08/2021 14:10:53	SQL :EXEC GetUserTreeMenu 'pramudyono hadi','1616',@CompanyId=2;
31/08/2021 14:10:53	SQL :EXEC GetUserTreeMenu 'pramudyono hadi','1619',@CompanyId=2;
31/08/2021 14:10:53	SQL :EXEC GetUserTreeMenu 'pramudyono hadi','1620',@CompanyId=2;
31/08/2021 14:10:53	SQL :EXEC GetUserSubMenu 'pramudyono hadi','17';
31/08/2021 14:10:53	SQL :EXEC GetUserTreeMenu 'pramudyono hadi','1701',@CompanyId=2;
31/08/2021 14:10:53	SQL :EXEC GetUserTreeMenu 'pramudyono hadi','1702',@CompanyId=2;
31/08/2021 14:10:53	SQL :EXEC GetUserTreeMenu 'pramudyono hadi','1703',@CompanyId=2;
31/08/2021 14:10:53	SQL :EXEC GetUserTreeMenu 'pramudyono hadi','1704',@CompanyId=2;
31/08/2021 14:10:53	SQL :EXEC GetUserTreeMenu 'pramudyono hadi','1705',@CompanyId=2;
31/08/2021 14:10:53	SQL :EXEC GetUserTreeMenu 'pramudyono hadi','1706',@CompanyId=2;
31/08/2021 14:10:53	SQL :EXEC GetUserTreeMenu 'pramudyono hadi','1707',@CompanyId=2;
31/08/2021 14:10:53	SQL :EXEC GetUserTreeMenu 'pramudyono hadi','1708',@CompanyId=2;
31/08/2021 14:10:53	SQL :EXEC GetUserTreeMenu 'pramudyono hadi','1709',@CompanyId=2;
31/08/2021 14:10:53	SQL :EXEC GetUserTreeMenu 'pramudyono hadi','1710',@CompanyId=2;
31/08/2021 14:10:53	SQL :EXEC GetUserTreeMenu 'pramudyono hadi','1711',@CompanyId=2;
31/08/2021 14:10:53	SQL :EXEC GetUserTreeMenu 'pramudyono hadi','1712',@CompanyId=2;
31/08/2021 14:10:53	SQL :EXEC GetUserTreeMenu 'pramudyono hadi','1713',@CompanyId=2;
31/08/2021 14:10:53	SQL :EXEC GetUserTreeMenu 'pramudyono hadi','1714',@CompanyId=2;
31/08/2021 14:10:53	SQL :EXEC GetUserTreeMenu 'pramudyono hadi','1715',@CompanyId=2;
31/08/2021 14:10:53	SQL :EXEC GetUserTreeMenu 'pramudyono hadi','1716',@CompanyId=2;
31/08/2021 14:10:53	SQL :EXEC GetUserTreeMenu 'pramudyono hadi','1717',@CompanyId=2;
31/08/2021 14:10:53	SQL :EXEC GetUserSubMenu 'pramudyono hadi','18';
31/08/2021 14:10:53	SQL :EXEC GetUserTreeMenu 'pramudyono hadi','1801',@CompanyId=2;
31/08/2021 14:10:53	SQL :EXEC GetUserSubMenu 'pramudyono hadi','19';
31/08/2021 14:10:53	SQL :EXEC GetUserTreeMenu 'pramudyono hadi','1901',@CompanyId=2;
31/08/2021 14:10:53	SQL :EXEC GetUserTreeMenu 'pramudyono hadi','1902',@CompanyId=2;
31/08/2021 14:10:53	SQL :EXEC GetUserTreeMenu 'pramudyono hadi','1903',@CompanyId=2;
31/08/2021 14:10:53	SQL :EXEC GetUserTreeMenu 'pramudyono hadi','1904',@CompanyId=2;
31/08/2021 14:10:53	SQL :EXEC GetUserTreeMenu 'pramudyono hadi','1905',@CompanyId=2;
31/08/2021 14:10:53	SQL :EXEC GetUserTreeMenu 'pramudyono hadi','1906',@CompanyId=2;
31/08/2021 14:10:53	SQL :EXEC GetUserTreeMenu 'pramudyono hadi','1907',@CompanyId=2;
31/08/2021 14:10:53	SQL :EXEC GetUserTreeMenu 'pramudyono hadi','1908',@CompanyId=2;
31/08/2021 14:10:53	SQL :EXEC GetUserTreeMenu 'pramudyono hadi','1909',@CompanyId=2;
31/08/2021 14:10:53	SQL :EXEC GetUserTreeMenu 'pramudyono hadi','1910',@CompanyId=2;
31/08/2021 14:10:53	SQL :EXEC GetUserTreeMenu 'pramudyono hadi','1911',@CompanyId=2;
31/08/2021 14:10:53	SQL :EXEC GetUserTreeMenu 'pramudyono hadi','1912',@CompanyId=2;
31/08/2021 14:10:53	SQL :SELECT CONVERT(VARCHAR(8),GETDATE(),108) AS hour_minute;
31/08/2021 14:10:53	SQL :SELECT CONVERT(VARCHAR(10),GETDATE(),103) AS date_time;
31/08/2021 14:10:53	Loading Setting
31/08/2021 14:10:53	Open DB Connection
31/08/2021 14:10:53	SQL :SELECT * FROM wh_setting WHERE setting_name='Hold_Less_Deposit';
31/08/2021 14:10:53	SQL :SELECT * FROM wh_setting WHERE setting_name='Max_Less_Deposit';
31/08/2021 14:10:53	SQL :SELECT * FROM wh_setting WHERE setting_name='Dashboard_2';
31/08/2021 14:10:53	Finish Logging
31/08/2021 14:10:53	SQL :SELECT value_string FROM wh_setting WHERE (setting_name='Interval_CheckInDate') AND (active=1);
31/08/2021 14:10:53	SQL :SELECT value_string FROM wh_setting WHERE (setting_name='Interval_CheckInTime') AND (active=1);
31/08/2021 14:10:53	SQL :SELECT value_string FROM wh_setting WHERE (setting_name='ChatEnable') and (active=1);
31/08/2021 14:10:54	Message:Port Check
31/08/2021 14:10:54	Message:Open DB Connection
31/08/2021 14:10:54	SQL :EXEC GetMessage '01','pramudyono hadi';
31/08/2021 14:10:54	SQL :SELECT CONVERT(VARCHAR(8),GETDATE(),108) AS hour_minute;
31/08/2021 14:10:54	SQL :SELECT CONVERT(VARCHAR(10),GETDATE(),103) AS date_time;
31/08/2021 14:10:58	Open Menu :190507
31/08/2021 14:10:58	Open DB Connection
31/08/2021 14:10:58	SQL :EXEC AuthMenu 'pramudyono hadi',190507;
31/08/2021 14:10:58	Form Check :BusRunningDaysminiRpt
31/08/2021 14:10:58	Form Open: BusRunningDaysMiniRpt=,0
31/08/2021 14:10:58	Open DB Connection
31/08/2021 14:10:58	SQL :EXEC GetCompanyLocationList
31/08/2021 14:10:58	SQL :EXEC GetUserRDLocationList @UserName='pramudyono hadi' ;
31/08/2021 14:10:58	SQL :EXEC GetGroup 2;
31/08/2021 14:10:58	Open DB Connection
31/08/2021 14:11:01	Open DB Connection
31/08/2021 14:11:03	Open DB Connection
31/08/2021 14:11:03	SQL :SELECT * FROM wh_setting WHERE (setting_name='ServiceBerkala_as_PKB_2') AND (active=1);
31/08/2021 14:11:04	Open DB Connection
31/08/2021 14:11:04	SQL :EXEC GetVhcList 6,@CompanyId=2,@BatchId=53,@OrderBy='h.vhc_batch_id,seat,license_plate',@ShowBatch=1,@Dates='2021/08/31';
31/08/2021 14:11:09	SQL :EXEC GetRunningDaysDetail 'BS220100001',@FromDate='2021-08-01',@ToDate='2021-08-31', @CompanyId=2;
31/08/2021 14:11:09	SQL :EXEC GetRunningDaysDetail 'BS219090002',@FromDate='2021-08-01',@ToDate='2021-08-31', @CompanyId=2;
31/08/2021 14:11:09	SQL :EXEC GetRunningDaysDetail 'BS221040001',@FromDate='2021-08-01',@ToDate='2021-08-31', @CompanyId=2;
31/08/2021 14:11:09	SQL :EXEC GetRunningDaysDetail 'BS221040002',@FromDate='2021-08-01',@ToDate='2021-08-31', @CompanyId=2;
31/08/2021 14:11:09	SQL :EXEC GetRunningDaysDetail 'BS221080003',@FromDate='2021-08-01',@ToDate='2021-08-31', @CompanyId=2;
31/08/2021 14:11:20	Open DB Connection
31/08/2021 14:11:20	SQL :SELECT * FROM wh_setting WHERE (setting_name='ServiceBerkala_as_PKB_2') AND (active=1);
31/08/2021 14:11:21	Open DB Connection
31/08/2021 14:11:21	SQL :EXEC GetVhcList 6,@CompanyId=2,@BatchId=53,@OrderBy='h.vhc_batch_id,seat,license_plate',@ShowBatch=1,@Dates='2021/09/30';
31/08/2021 14:11:31	SQL :EXEC GetRunningDaysDetail 'BS220100001',@FromDate='2021-09-01',@ToDate='2021-09-30', @CompanyId=2;
31/08/2021 14:11:32	SQL :EXEC GetRunningDaysDetail 'BS219090002',@FromDate='2021-09-01',@ToDate='2021-09-30', @CompanyId=2;
31/08/2021 14:11:33	SQL :EXEC GetRunningDaysDetail 'BS221040001',@FromDate='2021-09-01',@ToDate='2021-09-30', @CompanyId=2;
31/08/2021 14:11:34	SQL :EXEC GetRunningDaysDetail 'BS221040002',@FromDate='2021-09-01',@ToDate='2021-09-30', @CompanyId=2;
31/08/2021 14:11:36	SQL :EXEC GetRunningDaysDetail 'BS221080003',@FromDate='2021-09-01',@ToDate='2021-09-30', @CompanyId=2;
31/08/2021 14:21:13	Message:Port Check
31/08/2021 14:21:13	Message:Open DB Connection
31/08/2021 14:21:13	SQL :EXEC GetMessage '01','pramudyono hadi';
31/08/2021 14:21:13	SQL :SELECT CONVERT(VARCHAR(8),GETDATE(),108) AS hour_minute;
31/08/2021 14:21:13	SQL :SELECT CONVERT(VARCHAR(10),GETDATE(),103) AS date_time;
31/08/2021 14:26:07	Open DB Connection
31/08/2021 14:26:07	SQL :SELECT * FROM wh_setting WHERE (setting_name='ServiceBerkala_as_PKB_2') AND (active=1);
31/08/2021 14:26:07	Open DB Connection
31/08/2021 14:26:07	SQL :EXEC GetVhcList 6,@CompanyId=2,@BatchId=53,@OrderBy='h.vhc_batch_id,seat,license_plate',@ShowBatch=1,@Dates='2021/09/30';
31/08/2021 14:26:10	SQL :EXEC GetRunningDaysDetail 'BS220100001',@FromDate='2021-09-01',@ToDate='2021-09-30', @CompanyId=2;
31/08/2021 14:26:11	SQL :EXEC GetRunningDaysDetail 'BS219090002',@FromDate='2021-09-01',@ToDate='2021-09-30', @CompanyId=2;
31/08/2021 14:26:12	SQL :EXEC GetRunningDaysDetail 'BS221040001',@FromDate='2021-09-01',@ToDate='2021-09-30', @CompanyId=2;
31/08/2021 14:26:13	SQL :EXEC GetRunningDaysDetail 'BS221040002',@FromDate='2021-09-01',@ToDate='2021-09-30', @CompanyId=2;
31/08/2021 14:26:15	SQL :EXEC GetRunningDaysDetail 'BS221080003',@FromDate='2021-09-01',@ToDate='2021-09-30', @CompanyId=2;
01/09/2021 09:24:17	Get Local Settings
01/09/2021 09:24:17	Start Change Local Settings
01/09/2021 09:24:17	Change short date format
01/09/2021 09:24:17	Change Long date format
01/09/2021 09:24:17	Finish Change Local Settings
01/09/2021 09:24:17	Registry Read: Path=SOFTWARE\WEHA\Aplikasi\3
01/09/2021 09:24:17	Registry Read/Write
01/09/2021 09:24:17	Registry Read: Path=SOFTWARE\WEHA\Aplikasi\3
01/09/2021 09:24:17	Create DB Object
01/09/2021 09:24:17	Init DB
01/09/2021 09:24:17	Finish Init DB
01/09/2021 09:24:17	Get File Version
01/09/2021 09:24:17	Change  Caption
01/09/2021 09:24:17	Init Shortkey
01/09/2021 09:25:46	Create DB Object
01/09/2021 09:25:46	Init DB
01/09/2021 09:25:46	Finish Init DB
01/09/2021 09:25:48	Update new version check
01/09/2021 09:25:48	Open DB Connection
01/09/2021 09:25:52	SQL :
01/09/2021 09:25:52	Update check version
01/09/2021 09:25:52	Open DB Connection
01/09/2021 09:25:52	SQL :SELECT version FROM wh_application WHERE application_id=(SELECT MAX(application_id) FROM wh_application);
01/09/2021 09:25:52	Start Login
01/09/2021 09:25:52	Open DB Connection
01/09/2021 09:25:52	SQL :EXEC AuthenticateUser 'pramudyono hadi','6f2b8366efa56f0c06dd6b31fcff8a73';
01/09/2021 09:25:53	SQL :INSERT INTO wh_log (user_id,app_date,app_version,app_version_svr,location_id,company_id,department_id,host_name,ip_address)  VALUES ('pramudyono hadi','31/08/2021','6.1.4.0','6.1.3.14',6,2,13,'DESKTOP-S1PD9OD','192.168.25.214');
01/09/2021 09:25:53	Open DB Connection
01/09/2021 09:25:53	SQL :EXEC GetUserMenu 'pramudyono hadi';
01/09/2021 09:25:53	SQL :EXEC GetUserSubMenu 'pramudyono hadi','11';
01/09/2021 09:25:53	SQL :EXEC GetUserTreeMenu 'pramudyono hadi','1101',@CompanyId=2;
01/09/2021 09:25:53	SQL :EXEC GetUserTreeMenu 'pramudyono hadi','1102',@CompanyId=2;
01/09/2021 09:25:53	SQL :EXEC GetUserTreeMenu 'pramudyono hadi','1103',@CompanyId=2;
01/09/2021 09:25:53	SQL :EXEC GetUserTreeMenu 'pramudyono hadi','1104',@CompanyId=2;
01/09/2021 09:25:53	SQL :EXEC GetUserTreeMenu 'pramudyono hadi','1105',@CompanyId=2;
01/09/2021 09:25:53	SQL :EXEC GetUserTreeMenu 'pramudyono hadi','1106',@CompanyId=2;
01/09/2021 09:25:53	SQL :EXEC GetUserTreeMenu 'pramudyono hadi','1107',@CompanyId=2;
01/09/2021 09:25:53	SQL :EXEC GetUserTreeMenu 'pramudyono hadi','1108',@CompanyId=2;
01/09/2021 09:25:53	SQL :EXEC GetUserTreeMenu 'pramudyono hadi','1109',@CompanyId=2;
01/09/2021 09:25:53	SQL :EXEC GetUserTreeMenu 'pramudyono hadi','1110',@CompanyId=2;
01/09/2021 09:25:53	SQL :EXEC GetUserTreeMenu 'pramudyono hadi','1111',@CompanyId=2;
01/09/2021 09:25:53	SQL :EXEC GetUserTreeMenu 'pramudyono hadi','1112',@CompanyId=2;
01/09/2021 09:25:53	SQL :EXEC GetUserTreeMenu 'pramudyono hadi','1113',@CompanyId=2;
01/09/2021 09:25:53	SQL :EXEC GetUserTreeMenu 'pramudyono hadi','1114',@CompanyId=2;
01/09/2021 09:25:53	SQL :EXEC GetUserTreeMenu 'pramudyono hadi','1115',@CompanyId=2;
01/09/2021 09:25:53	SQL :EXEC GetUserTreeMenu 'pramudyono hadi','1116',@CompanyId=2;
01/09/2021 09:25:53	SQL :EXEC GetUserTreeMenu 'pramudyono hadi','1117',@CompanyId=2;
01/09/2021 09:25:53	SQL :EXEC GetUserTreeMenu 'pramudyono hadi','1198',@CompanyId=2;
01/09/2021 09:25:53	SQL :EXEC GetUserTreeMenu 'pramudyono hadi','1199',@CompanyId=2;
01/09/2021 09:25:53	SQL :EXEC GetUserSubMenu 'pramudyono hadi','12';
01/09/2021 09:25:54	SQL :EXEC GetUserTreeMenu 'pramudyono hadi','1201',@CompanyId=2;
01/09/2021 09:25:54	SQL :EXEC GetUserTreeMenu 'pramudyono hadi','1202',@CompanyId=2;
01/09/2021 09:25:54	SQL :EXEC GetUserTreeMenu 'pramudyono hadi','1203',@CompanyId=2;
01/09/2021 09:25:54	SQL :EXEC GetUserTreeMenu 'pramudyono hadi','1204',@CompanyId=2;
01/09/2021 09:25:54	SQL :EXEC GetUserTreeMenu 'pramudyono hadi','1205',@CompanyId=2;
01/09/2021 09:25:54	SQL :EXEC GetUserTreeMenu 'pramudyono hadi','1206',@CompanyId=2;
01/09/2021 09:25:54	SQL :EXEC GetUserTreeMenu 'pramudyono hadi','1207',@CompanyId=2;
01/09/2021 09:25:54	SQL :EXEC GetUserSubMenu 'pramudyono hadi','13';
01/09/2021 09:25:54	SQL :EXEC GetUserTreeMenu 'pramudyono hadi','1301',@CompanyId=2;
01/09/2021 09:25:54	SQL :EXEC GetUserTreeMenu 'pramudyono hadi','1302',@CompanyId=2;
01/09/2021 09:25:54	SQL :EXEC GetUserTreeMenu 'pramudyono hadi','1303',@CompanyId=2;
01/09/2021 09:25:54	SQL :EXEC GetUserTreeMenu 'pramudyono hadi','1304',@CompanyId=2;
01/09/2021 09:25:54	SQL :EXEC GetUserTreeMenu 'pramudyono hadi','1305',@CompanyId=2;
01/09/2021 09:25:54	SQL :EXEC GetUserTreeMenu 'pramudyono hadi','1306',@CompanyId=2;
01/09/2021 09:25:54	SQL :EXEC GetUserTreeMenu 'pramudyono hadi','1307',@CompanyId=2;
01/09/2021 09:25:54	SQL :EXEC GetUserTreeMenu 'pramudyono hadi','1308',@CompanyId=2;
01/09/2021 09:25:54	SQL :EXEC GetUserTreeMenu 'pramudyono hadi','1309',@CompanyId=2;
01/09/2021 09:25:54	SQL :EXEC GetUserTreeMenu 'pramudyono hadi','1310',@CompanyId=2;
01/09/2021 09:25:54	SQL :EXEC GetUserTreeMenu 'pramudyono hadi','1311',@CompanyId=2;
01/09/2021 09:25:54	SQL :EXEC GetUserTreeMenu 'pramudyono hadi','1312',@CompanyId=2;
01/09/2021 09:25:54	SQL :EXEC GetUserTreeMenu 'pramudyono hadi','1313',@CompanyId=2;
01/09/2021 09:25:54	SQL :EXEC GetUserTreeMenu 'pramudyono hadi','1314',@CompanyId=2;
01/09/2021 09:25:54	SQL :EXEC GetUserTreeMenu 'pramudyono hadi','1315',@CompanyId=2;
01/09/2021 09:25:54	SQL :EXEC GetUserTreeMenu 'pramudyono hadi','1316',@CompanyId=2;
01/09/2021 09:25:54	SQL :EXEC GetUserTreeMenu 'pramudyono hadi','1317',@CompanyId=2;
01/09/2021 09:25:54	SQL :EXEC GetUserTreeMenu 'pramudyono hadi','1318',@CompanyId=2;
01/09/2021 09:25:54	SQL :EXEC GetUserTreeMenu 'pramudyono hadi','1319',@CompanyId=2;
01/09/2021 09:25:54	SQL :EXEC GetUserTreeMenu 'pramudyono hadi','1320',@CompanyId=2;
01/09/2021 09:25:54	SQL :EXEC GetUserTreeMenu 'pramudyono hadi','1321',@CompanyId=2;
01/09/2021 09:25:54	SQL :EXEC GetUserSubMenu 'pramudyono hadi','14';
01/09/2021 09:25:54	SQL :EXEC GetUserTreeMenu 'pramudyono hadi','1401',@CompanyId=2;
01/09/2021 09:25:54	SQL :EXEC GetUserTreeMenu 'pramudyono hadi','1402',@CompanyId=2;
01/09/2021 09:25:54	SQL :EXEC GetUserTreeMenu 'pramudyono hadi','1403',@CompanyId=2;
01/09/2021 09:25:54	SQL :EXEC GetUserTreeMenu 'pramudyono hadi','1404',@CompanyId=2;
01/09/2021 09:25:55	SQL :EXEC GetUserTreeMenu 'pramudyono hadi','1406',@CompanyId=2;
01/09/2021 09:25:55	SQL :EXEC GetUserTreeMenu 'pramudyono hadi','1408',@CompanyId=2;
01/09/2021 09:25:55	SQL :EXEC GetUserTreeMenu 'pramudyono hadi','1410',@CompanyId=2;
01/09/2021 09:25:55	SQL :EXEC GetUserTreeMenu 'pramudyono hadi','1411',@CompanyId=2;
01/09/2021 09:25:55	SQL :EXEC GetUserTreeMenu 'pramudyono hadi','1412',@CompanyId=2;
01/09/2021 09:25:55	SQL :EXEC GetUserTreeMenu 'pramudyono hadi','1413',@CompanyId=2;
01/09/2021 09:25:55	SQL :EXEC GetUserTreeMenu 'pramudyono hadi','1414',@CompanyId=2;
01/09/2021 09:25:55	SQL :EXEC GetUserSubMenu 'pramudyono hadi','15';
01/09/2021 09:25:55	SQL :EXEC GetUserTreeMenu 'pramudyono hadi','1501',@CompanyId=2;
01/09/2021 09:25:55	SQL :EXEC GetUserTreeMenu 'pramudyono hadi','1502',@CompanyId=2;
01/09/2021 09:25:55	SQL :EXEC GetUserTreeMenu 'pramudyono hadi','1503',@CompanyId=2;
01/09/2021 09:25:55	SQL :EXEC GetUserTreeMenu 'pramudyono hadi','1504',@CompanyId=2;
01/09/2021 09:25:55	SQL :EXEC GetUserTreeMenu 'pramudyono hadi','1505',@CompanyId=2;
01/09/2021 09:25:55	SQL :EXEC GetUserTreeMenu 'pramudyono hadi','1506',@CompanyId=2;
01/09/2021 09:25:55	SQL :EXEC GetUserTreeMenu 'pramudyono hadi','1507',@CompanyId=2;
01/09/2021 09:25:55	SQL :EXEC GetUserTreeMenu 'pramudyono hadi','1508',@CompanyId=2;
01/09/2021 09:25:55	SQL :EXEC GetUserTreeMenu 'pramudyono hadi','1509',@CompanyId=2;
01/09/2021 09:25:55	SQL :EXEC GetUserTreeMenu 'pramudyono hadi','1510',@CompanyId=2;
01/09/2021 09:25:55	SQL :EXEC GetUserTreeMenu 'pramudyono hadi','1511',@CompanyId=2;
01/09/2021 09:25:55	SQL :EXEC GetUserSubMenu 'pramudyono hadi','16';
01/09/2021 09:25:55	SQL :EXEC GetUserTreeMenu 'pramudyono hadi','1601',@CompanyId=2;
01/09/2021 09:25:55	SQL :EXEC GetUserTreeMenu 'pramudyono hadi','1602',@CompanyId=2;
01/09/2021 09:25:55	SQL :EXEC GetUserTreeMenu 'pramudyono hadi','1603',@CompanyId=2;
01/09/2021 09:25:55	SQL :EXEC GetUserTreeMenu 'pramudyono hadi','1604',@CompanyId=2;
01/09/2021 09:25:55	SQL :EXEC GetUserTreeMenu 'pramudyono hadi','1605',@CompanyId=2;
01/09/2021 09:25:55	SQL :EXEC GetUserTreeMenu 'pramudyono hadi','1606',@CompanyId=2;
01/09/2021 09:25:55	SQL :EXEC GetUserTreeMenu 'pramudyono hadi','1607',@CompanyId=2;
01/09/2021 09:25:55	SQL :EXEC GetUserTreeMenu 'pramudyono hadi','1608',@CompanyId=2;
01/09/2021 09:25:55	SQL :EXEC GetUserTreeMenu 'pramudyono hadi','1609',@CompanyId=2;
01/09/2021 09:25:55	SQL :EXEC GetUserTreeMenu 'pramudyono hadi','1610',@CompanyId=2;
01/09/2021 09:25:55	SQL :EXEC GetUserTreeMenu 'pramudyono hadi','1611',@CompanyId=2;
01/09/2021 09:25:56	SQL :EXEC GetUserTreeMenu 'pramudyono hadi','1612',@CompanyId=2;
01/09/2021 09:25:56	SQL :EXEC GetUserTreeMenu 'pramudyono hadi','1613',@CompanyId=2;
01/09/2021 09:25:56	SQL :EXEC GetUserTreeMenu 'pramudyono hadi','1614',@CompanyId=2;
01/09/2021 09:25:56	SQL :EXEC GetUserTreeMenu 'pramudyono hadi','1615',@CompanyId=2;
01/09/2021 09:25:56	SQL :EXEC GetUserTreeMenu 'pramudyono hadi','1616',@CompanyId=2;
01/09/2021 09:25:56	SQL :EXEC GetUserTreeMenu 'pramudyono hadi','1619',@CompanyId=2;
01/09/2021 09:25:56	SQL :EXEC GetUserTreeMenu 'pramudyono hadi','1620',@CompanyId=2;
01/09/2021 09:25:56	SQL :EXEC GetUserSubMenu 'pramudyono hadi','17';
01/09/2021 09:25:56	SQL :EXEC GetUserTreeMenu 'pramudyono hadi','1701',@CompanyId=2;
01/09/2021 09:25:56	SQL :EXEC GetUserTreeMenu 'pramudyono hadi','1702',@CompanyId=2;
01/09/2021 09:25:56	SQL :EXEC GetUserTreeMenu 'pramudyono hadi','1703',@CompanyId=2;
01/09/2021 09:25:56	SQL :EXEC GetUserTreeMenu 'pramudyono hadi','1704',@CompanyId=2;
01/09/2021 09:25:56	SQL :EXEC GetUserTreeMenu 'pramudyono hadi','1705',@CompanyId=2;
01/09/2021 09:25:56	SQL :EXEC GetUserTreeMenu 'pramudyono hadi','1706',@CompanyId=2;
01/09/2021 09:25:56	SQL :EXEC GetUserTreeMenu 'pramudyono hadi','1707',@CompanyId=2;
01/09/2021 09:25:56	SQL :EXEC GetUserTreeMenu 'pramudyono hadi','1708',@CompanyId=2;
01/09/2021 09:25:56	SQL :EXEC GetUserTreeMenu 'pramudyono hadi','1709',@CompanyId=2;
01/09/2021 09:25:56	SQL :EXEC GetUserTreeMenu 'pramudyono hadi','1710',@CompanyId=2;
01/09/2021 09:25:56	SQL :EXEC GetUserTreeMenu 'pramudyono hadi','1711',@CompanyId=2;
01/09/2021 09:25:56	SQL :EXEC GetUserTreeMenu 'pramudyono hadi','1712',@CompanyId=2;
01/09/2021 09:25:56	SQL :EXEC GetUserTreeMenu 'pramudyono hadi','1713',@CompanyId=2;
01/09/2021 09:25:56	SQL :EXEC GetUserTreeMenu 'pramudyono hadi','1714',@CompanyId=2;
01/09/2021 09:25:56	SQL :EXEC GetUserTreeMenu 'pramudyono hadi','1715',@CompanyId=2;
01/09/2021 09:25:56	SQL :EXEC GetUserTreeMenu 'pramudyono hadi','1716',@CompanyId=2;
01/09/2021 09:25:56	SQL :EXEC GetUserTreeMenu 'pramudyono hadi','1717',@CompanyId=2;
01/09/2021 09:25:56	SQL :EXEC GetUserSubMenu 'pramudyono hadi','18';
01/09/2021 09:25:56	SQL :EXEC GetUserTreeMenu 'pramudyono hadi','1801',@CompanyId=2;
01/09/2021 09:25:56	SQL :EXEC GetUserSubMenu 'pramudyono hadi','19';
01/09/2021 09:25:56	SQL :EXEC GetUserTreeMenu 'pramudyono hadi','1901',@CompanyId=2;
01/09/2021 09:25:57	SQL :EXEC GetUserTreeMenu 'pramudyono hadi','1902',@CompanyId=2;
01/09/2021 09:25:57	SQL :EXEC GetUserTreeMenu 'pramudyono hadi','1903',@CompanyId=2;
01/09/2021 09:25:57	SQL :EXEC GetUserTreeMenu 'pramudyono hadi','1904',@CompanyId=2;
01/09/2021 09:25:57	SQL :EXEC GetUserTreeMenu 'pramudyono hadi','1905',@CompanyId=2;
01/09/2021 09:25:57	SQL :EXEC GetUserTreeMenu 'pramudyono hadi','1906',@CompanyId=2;
01/09/2021 09:25:57	SQL :EXEC GetUserTreeMenu 'pramudyono hadi','1907',@CompanyId=2;
01/09/2021 09:25:57	SQL :EXEC GetUserTreeMenu 'pramudyono hadi','1908',@CompanyId=2;
01/09/2021 09:25:57	SQL :EXEC GetUserTreeMenu 'pramudyono hadi','1909',@CompanyId=2;
01/09/2021 09:25:57	SQL :EXEC GetUserTreeMenu 'pramudyono hadi','1910',@CompanyId=2;
01/09/2021 09:25:57	SQL :EXEC GetUserTreeMenu 'pramudyono hadi','1911',@CompanyId=2;
01/09/2021 09:25:57	SQL :EXEC GetUserTreeMenu 'pramudyono hadi','1912',@CompanyId=2;
01/09/2021 09:25:57	SQL :SELECT CONVERT(VARCHAR(8),GETDATE(),108) AS hour_minute;
01/09/2021 09:25:57	SQL :SELECT CONVERT(VARCHAR(10),GETDATE(),103) AS date_time;
01/09/2021 09:25:57	Loading Setting
01/09/2021 09:25:57	Open DB Connection
01/09/2021 09:25:57	SQL :SELECT * FROM wh_setting WHERE setting_name='Hold_Less_Deposit';
01/09/2021 09:25:57	SQL :SELECT * FROM wh_setting WHERE setting_name='Max_Less_Deposit';
01/09/2021 09:25:57	SQL :SELECT * FROM wh_setting WHERE setting_name='Dashboard_2';
01/09/2021 09:25:57	Finish Logging
01/09/2021 09:25:57	SQL :SELECT value_string FROM wh_setting WHERE (setting_name='Interval_CheckInDate') AND (active=1);
01/09/2021 09:25:57	SQL :SELECT value_string FROM wh_setting WHERE (setting_name='Interval_CheckInTime') AND (active=1);
01/09/2021 09:25:57	SQL :SELECT value_string FROM wh_setting WHERE (setting_name='ChatEnable') and (active=1);
01/09/2021 09:25:58	Message:Port Check
01/09/2021 09:25:58	Message:Open DB Connection
01/09/2021 09:25:58	SQL :EXEC GetMessage '01','pramudyono hadi';
01/09/2021 09:25:58	SQL :SELECT CONVERT(VARCHAR(8),GETDATE(),108) AS hour_minute;
01/09/2021 09:25:58	SQL :SELECT CONVERT(VARCHAR(10),GETDATE(),103) AS date_time;
01/09/2021 09:26:06	Open Menu :130214
01/09/2021 09:26:06	Open DB Connection
01/09/2021 09:26:06	SQL :EXEC AuthMenu 'pramudyono hadi',130214;
01/09/2021 09:26:06	Form Check :EmployeeList
01/09/2021 09:26:07	Open DB Connection
01/09/2021 09:26:07	SQL :EXEC GetCompanyLocationList
01/09/2021 09:26:07	Open DB Connection
01/09/2021 09:26:07	SQL :EXEC GetEmployeeList 4,6,1,@CompanyId=2;
01/09/2021 09:26:11	Form Check :EmployeeForm
01/09/2021 09:26:11	Open DB Connection
01/09/2021 09:26:11	SQL :SELECT * FROM wh_education
01/09/2021 09:26:11	SQL :SELECT * FROM wh_religion
01/09/2021 09:26:11	SQL :SELECT * FROM wh_reference WHERE company_id=2
01/09/2021 09:26:11	SQL :EXEC GetCompanyLocationList
01/09/2021 09:26:11	SQL :SELECT * FROM wh_license_type
01/09/2021 09:26:11	SQL :SELECT * FROM wh_department WHERE active=1
01/09/2021 09:26:11	Open DB Connection
01/09/2021 09:26:11	SQL :EXEC GetEmployeeDetail BB16080063
01/09/2021 09:26:11	SQL :SELECT * FROM wh_empl_image WHERE empl_image_id=(SELECT MAX(empl_image_id) FROM wh_empl_image  WHERE employee_id='BB16080063' AND image_id=1);
01/09/2021 09:26:12	SQL :SELECT * FROM wh_empl_image WHERE empl_image_id=(SELECT MAX(empl_image_id) FROM wh_empl_image  WHERE employee_id='BB16080063' AND image_id=2);
01/09/2021 09:26:12	SQL :SELECT * FROM wh_empl_image WHERE empl_image_id=(SELECT MAX(empl_image_id) FROM wh_empl_image  WHERE employee_id='BB16080063' AND image_id=6);
01/09/2021 09:26:12	SQL :SELECT * FROM wh_empl_image WHERE empl_image_id=(SELECT MAX(empl_image_id) FROM wh_empl_image  WHERE employee_id='BB16080063' AND image_id=5);
01/09/2021 09:26:12	Open DB Connection
01/09/2021 09:26:12	SQL :SELECT a.empl_mutation_id,CONVERT(VARCHAR(10),a.from_date,105) AS from_date,COALESCE(CONVERT(VARCHAR(10),a.to_date,105),'') AS to_date  ,b.name AS company,c.location,d.status,a.description AS descr FROM wh_empl_mutation a  INNER JOIN wh_company b ON b.company_id=a.company_id INNER JOIN wh_location c ON c.location_id=a.location_id INNER JOIN wh_empl_status d ON d.status_id=a.status_id WHERE employee_id='BB16080063';
01/09/2021 09:26:16	Open DB Connection
01/09/2021 09:26:57	Form Check :EmployeeForm
01/09/2021 09:29:43	Open DB Connection
01/09/2021 09:29:43	SQL :SELECT * FROM wh_education
01/09/2021 09:29:43	SQL :SELECT * FROM wh_religion
01/09/2021 09:29:43	SQL :SELECT * FROM wh_reference WHERE company_id=2
01/09/2021 09:29:43	SQL :EXEC GetCompanyLocationList
01/09/2021 09:29:43	SQL :SELECT * FROM wh_license_type
01/09/2021 09:29:43	SQL :SELECT * FROM wh_department WHERE active=1
01/09/2021 09:29:43	Open DB Connection
01/09/2021 09:29:43	SQL :EXEC GetEmployeeDetail BB16080063
01/09/2021 09:29:43	SQL :SELECT * FROM wh_empl_image WHERE empl_image_id=(SELECT MAX(empl_image_id) FROM wh_empl_image  WHERE employee_id='BB16080063' AND image_id=1);
01/09/2021 09:29:43	SQL :SELECT * FROM wh_empl_image WHERE empl_image_id=(SELECT MAX(empl_image_id) FROM wh_empl_image  WHERE employee_id='BB16080063' AND image_id=2);
01/09/2021 09:29:44	SQL :SELECT * FROM wh_empl_image WHERE empl_image_id=(SELECT MAX(empl_image_id) FROM wh_empl_image  WHERE employee_id='BB16080063' AND image_id=6);
01/09/2021 09:29:44	SQL :SELECT * FROM wh_empl_image WHERE empl_image_id=(SELECT MAX(empl_image_id) FROM wh_empl_image  WHERE employee_id='BB16080063' AND image_id=5);
01/09/2021 09:30:05	Open DB Connection
01/09/2021 09:30:05	SQL :SELECT a.empl_mutation_id,CONVERT(VARCHAR(10),a.from_date,105) AS from_date,COALESCE(CONVERT(VARCHAR(10),a.to_date,105),'') AS to_date  ,b.name AS company,c.location,d.status,a.description AS descr FROM wh_empl_mutation a  INNER JOIN wh_company b ON b.company_id=a.company_id INNER JOIN wh_location c ON c.location_id=a.location_id INNER JOIN wh_empl_status d ON d.status_id=a.status_id WHERE employee_id='BB16080063';
01/09/2021 09:33:24	Open Menu :130214
01/09/2021 09:33:24	Open DB Connection
01/09/2021 09:33:24	SQL :EXEC AuthMenu 'pramudyono hadi',130214;
01/09/2021 09:34:13	Form Check :EmployeeList
01/09/2021 09:34:17	Open DB Connection
01/09/2021 09:34:17	SQL :EXEC GetCompanyLocationList
01/09/2021 09:34:17	Open DB Connection
01/09/01/09/2021 09:34:46	Get Local Settings
01/09/2021 09:34:46	Start Change Local Settings
01/09/2021 09:34:46	Change short date format
01/09/2021 09:34:46	Change Long date format
01/09/2021 09:34:46	Finish Change Local Settings
01/09/2021 09:34:46	Registry Read: Path=SOFTWARE\WEHA\Aplikasi\3
01/09/2021 09:34:46	Registry Read/Write
01/09/2021 09:34:46	Registry Read: Path=SOFTWARE\WEHA\Aplikasi\3
01/09/2021 09:34:46	Create DB Object
01/09/2021 09:34:46	Init DB
01/09/2021 09:34:46	Finish Init DB
01/09/2021 09:34:46	Get File Version
01/09/2021 09:34:46	Change  Caption
01/09/2021 09:34:46	Init Shortkey
01/09/2021 09:35:19	Create DB Object
01/09/2021 09:35:19	Init DB
01/09/2021 09:35:19	Finish Init DB
01/09/2021 09:35:21	Update new version check
01/09/2021 09:35:22	Open DB Connection
01/09/2021 09:35:26	SQL :
01/09/2021 09:35:26	Update check version
01/09/2021 09:35:26	Open DB Connection
01/09/2021 09:35:26	SQL :SELECT version FROM wh_application WHERE application_id=(SELECT MAX(application_id) FROM wh_application);
01/09/2021 09:35:26	Start Login
01/09/2021 09:35:26	Open DB Connection
01/09/2021 09:35:26	SQL :EXEC AuthenticateUser 'pramudyono hadi','6f2b8366efa56f0c06dd6b31fcff8a73';
01/09/2021 09:35:27	SQL :INSERT INTO wh_log (user_id,app_date,app_version,app_version_svr,location_id,company_id,department_id,host_name,ip_address)  VALUES ('pramudyono hadi','01/09/2021','6.1.4.0','6.1.3.14',6,2,13,'DESKTOP-S1PD9OD','192.168.25.214');
01/09/2021 09:35:27	Open DB Connection
01/09/2021 09:35:27	SQL :EXEC GetUserMenu 'pramudyono hadi';
01/09/2021 09:35:27	SQL :EXEC GetUserSubMenu 'pramudyono hadi','11';
01/09/2021 09:35:27	SQL :EXEC GetUserTreeMenu 'pramudyono hadi','1101',@CompanyId=2;
01/09/2021 09:35:27	SQL :EXEC GetUserTreeMenu 'pramudyono hadi','1102',@CompanyId=2;
01/09/2021 09:35:27	SQL :EXEC GetUserTreeMenu 'pramudyono hadi','1103',@CompanyId=2;
01/09/2021 09:35:27	SQL :EXEC GetUserTreeMenu 'pramudyono hadi','1104',@CompanyId=2;
01/09/2021 09:35:27	SQL :EXEC GetUserTreeMenu 'pramudyono hadi','1105',@CompanyId=2;
01/09/2021 09:35:27	SQL :EXEC GetUserTreeMenu 'pramudyono hadi','1106',@CompanyId=2;
01/09/2021 09:35:27	SQL :EXEC GetUserTreeMenu 'pramudyono hadi','1107',@CompanyId=2;
01/09/2021 09:35:27	SQL :EXEC GetUserTreeMenu 'pramudyono hadi','1108',@CompanyId=2;
01/09/2021 09:35:27	SQL :EXEC GetUserTreeMenu 'pramudyono hadi','1109',@CompanyId=2;
01/09/2021 09:35:27	SQL :EXEC GetUserTreeMenu 'pramudyono hadi','1110',@CompanyId=2;
01/09/2021 09:35:27	SQL :EXEC GetUserTreeMenu 'pramudyono hadi','1111',@CompanyId=2;
01/09/2021 09:35:27	SQL :EXEC GetUserTreeMenu 'pramudyono hadi','1112',@CompanyId=2;
01/09/2021 09:35:27	SQL :EXEC GetUserTreeMenu 'pramudyono hadi','1113',@CompanyId=2;
01/09/2021 09:35:27	SQL :EXEC GetUserTreeMenu 'pramudyono hadi','1114',@CompanyId=2;
01/09/2021 09:35:27	SQL :EXEC GetUserTreeMenu 'pramudyono hadi','1115',@CompanyId=2;
01/09/2021 09:35:27	SQL :EXEC GetUserTreeMenu 'pramudyono hadi','1116',@CompanyId=2;
01/09/2021 09:35:27	SQL :EXEC GetUserTreeMenu 'pramudyono hadi','1117',@CompanyId=2;
01/09/2021 09:35:27	SQL :EXEC GetUserTreeMenu 'pramudyono hadi','1198',@CompanyId=2;
01/09/2021 09:35:27	SQL :EXEC GetUserTreeMenu 'pramudyono hadi','1199',@CompanyId=2;
01/09/2021 09:35:27	SQL :EXEC GetUserSubMenu 'pramudyono hadi','12';
01/09/2021 09:35:27	SQL :EXEC GetUserTreeMenu 'pramudyono hadi','1201',@CompanyId=2;
01/09/2021 09:35:27	SQL :EXEC GetUserTreeMenu 'pramudyono hadi','1202',@CompanyId=2;
01/09/2021 09:35:27	SQL :EXEC GetUserTreeMenu 'pramudyono hadi','1203',@CompanyId=2;
01/09/2021 09:35:27	SQL :EXEC GetUserTreeMenu 'pramudyono hadi','1204',@CompanyId=2;
01/09/2021 09:35:27	SQL :EXEC GetUserTreeMenu 'pramudyono hadi','1205',@CompanyId=2;
01/09/2021 09:35:27	SQL :EXEC GetUserTreeMenu 'pramudyono hadi','1206',@CompanyId=2;
01/09/2021 09:35:27	SQL :EXEC GetUserTreeMenu 'pramudyono hadi','1207',@CompanyId=2;
01/09/2021 09:35:27	SQL :EXEC GetUserSubMenu 'pramudyono hadi','13';
01/09/2021 09:35:27	SQL :EXEC GetUserTreeMenu 'pramudyono hadi','1301',@CompanyId=2;
01/09/2021 09:35:27	SQL :EXEC GetUserTreeMenu 'pramudyono hadi','1302',@CompanyId=2;
01/09/2021 09:35:27	SQL :EXEC GetUserTreeMenu 'pramudyono hadi','1303',@CompanyId=2;
01/09/2021 09:35:27	SQL :EXEC GetUserTreeMenu 'pramudyono hadi','1304',@CompanyId=2;
01/09/2021 09:35:27	SQL :EXEC GetUserTreeMenu 'pramudyono hadi','1305',@CompanyId=2;
01/09/2021 09:35:27	SQL :EXEC GetUserTreeMenu 'pramudyono hadi','1306',@CompanyId=2;
01/09/2021 09:35:27	SQL :EXEC GetUserTreeMenu 'pramudyono hadi','1307',@CompanyId=2;
01/09/2021 09:35:27	SQL :EXEC GetUserTreeMenu 'pramudyono hadi','1308',@CompanyId=2;
01/09/2021 09:35:27	SQL :EXEC GetUserTreeMenu 'pramudyono hadi','1309',@CompanyId=2;
01/09/2021 09:35:27	SQL :EXEC GetUserTreeMenu 'pramudyono hadi','1310',@CompanyId=2;
01/09/2021 09:35:27	SQL :EXEC GetUserTreeMenu 'pramudyono hadi','1311',@CompanyId=2;
01/09/2021 09:35:27	SQL :EXEC GetUserTreeMenu 'pramudyono hadi','1312',@CompanyId=2;
01/09/2021 09:35:27	SQL :EXEC GetUserTreeMenu 'pramudyono hadi','1313',@CompanyId=2;
01/09/2021 09:35:27	SQL :EXEC GetUserTreeMenu 'pramudyono hadi','1314',@CompanyId=2;
01/09/2021 09:35:27	SQL :EXEC GetUserTreeMenu 'pramudyono hadi','1315',@CompanyId=2;
01/09/2021 09:35:27	SQL :EXEC GetUserTreeMenu 'pramudyono hadi','1316',@CompanyId=2;
01/09/2021 09:35:27	SQL :EXEC GetUserTreeMenu 'pramudyono hadi','1317',@CompanyId=2;
01/09/2021 09:35:27	SQL :EXEC GetUserTreeMenu 'pramudyono hadi','1318',@CompanyId=2;
01/09/2021 09:35:27	SQL :EXEC GetUserTreeMenu 'pramudyono hadi','1319',@CompanyId=2;
01/09/2021 09:35:27	SQL :EXEC GetUserTreeMenu 'pramudyono hadi','1320',@CompanyId=2;
01/09/2021 09:35:27	SQL :EXEC GetUserTreeMenu 'pramudyono hadi','1321',@CompanyId=2;
01/09/2021 09:35:27	SQL :EXEC GetUserSubMenu 'pramudyono hadi','14';
01/09/2021 09:35:27	SQL :EXEC GetUserTreeMenu 'pramudyono hadi','1401',@CompanyId=2;
01/09/2021 09:35:27	SQL :EXEC GetUserTreeMenu 'pramudyono hadi','1402',@CompanyId=2;
01/09/2021 09:35:27	SQL :EXEC GetUserTreeMenu 'pramudyono hadi','1403',@CompanyId=2;
01/09/2021 09:35:27	SQL :EXEC GetUserTreeMenu 'pramudyono hadi','1404',@CompanyId=2;
01/09/2021 09:35:27	SQL :EXEC GetUserTreeMenu 'pramudyono hadi','1406',@CompanyId=2;
01/09/2021 09:35:27	SQL :EXEC GetUserTreeMenu 'pramudyono hadi','1408',@CompanyId=2;
01/09/2021 09:35:27	SQL :EXEC GetUserTreeMenu 'pramudyono hadi','1410',@CompanyId=2;
01/09/2021 09:35:27	SQL :EXEC GetUserTreeMenu 'pramudyono hadi','1411',@CompanyId=2;
01/09/2021 09:35:27	SQL :EXEC GetUserTreeMenu 'pramudyono hadi','1412',@CompanyId=2;
01/09/2021 09:35:27	SQL :EXEC GetUserTreeMenu 'pramudyono hadi','1413',@CompanyId=2;
01/09/2021 09:35:27	SQL :EXEC GetUserTreeMenu 'pramudyono hadi','1414',@CompanyId=2;
01/09/2021 09:35:27	SQL :EXEC GetUserSubMenu 'pramudyono hadi','15';
01/09/2021 09:35:27	SQL :EXEC GetUserTreeMenu 'pramudyono hadi','1501',@CompanyId=2;
01/09/2021 09:35:27	SQL :EXEC GetUserTreeMenu 'pramudyono hadi','1502',@CompanyId=2;
01/09/2021 09:35:27	SQL :EXEC GetUserTreeMenu 'pramudyono hadi','1503',@CompanyId=2;
01/09/2021 09:35:27	SQL :EXEC GetUserTreeMenu 'pramudyono hadi','1504',@CompanyId=2;
01/09/2021 09:35:27	SQL :EXEC GetUserTreeMenu 'pramudyono hadi','1505',@CompanyId=2;
01/09/2021 09:35:28	SQL :EXEC GetUserTreeMenu 'pramudyono hadi','1506',@CompanyId=2;
01/09/2021 09:35:28	SQL :EXEC GetUserTreeMenu 'pramudyono hadi','1507',@CompanyId=2;
01/09/2021 09:35:28	SQL :EXEC GetUserTreeMenu 'pramudyono hadi','1508',@CompanyId=2;
01/09/2021 09:35:28	SQL :EXEC GetUserTreeMenu 'pramudyono hadi','1509',@CompanyId=2;
01/09/2021 09:35:28	SQL :EXEC GetUserTreeMenu 'pramudyono hadi','1510',@CompanyId=2;
01/09/2021 09:35:28	SQL :EXEC GetUserTreeMenu 'pramudyono hadi','1511',@CompanyId=2;
01/09/2021 09:35:28	SQL :EXEC GetUserSubMenu 'pramudyono hadi','16';
01/09/2021 09:35:28	SQL :EXEC GetUserTreeMenu 'pramudyono hadi','1601',@CompanyId=2;
01/09/2021 09:35:28	SQL :EXEC GetUserTreeMenu 'pramudyono hadi','1602',@CompanyId=2;
01/09/2021 09:35:28	SQL :EXEC GetUserTreeMenu 'pramudyono hadi','1603',@CompanyId=2;
01/09/2021 09:35:28	SQL :EXEC GetUserTreeMenu 'pramudyono hadi','1604',@CompanyId=2;
01/09/2021 09:35:28	SQL :EXEC GetUserTreeMenu 'pramudyono hadi','1605',@CompanyId=2;
01/09/2021 09:35:28	SQL :EXEC GetUserTreeMenu 'pramudyono hadi','1606',@CompanyId=2;
01/09/2021 09:35:28	SQL :EXEC GetUserTreeMenu 'pramudyono hadi','1607',@CompanyId=2;
01/09/2021 09:35:28	SQL :EXEC GetUserTreeMenu 'pramudyono hadi','1608',@CompanyId=2;
01/09/2021 09:35:28	SQL :EXEC GetUserTreeMenu 'pramudyono hadi','1609',@CompanyId=2;
01/09/2021 09:35:28	SQL :EXEC GetUserTreeMenu 'pramudyono hadi','1610',@CompanyId=2;
01/09/2021 09:35:28	SQL :EXEC GetUserTreeMenu 'pramudyono hadi','1611',@CompanyId=2;
01/09/2021 09:35:28	SQL :EXEC GetUserTreeMenu 'pramudyono hadi','1612',@CompanyId=2;
01/09/2021 09:35:28	SQL :EXEC GetUserTreeMenu 'pramudyono hadi','1613',@CompanyId=2;
01/09/2021 09:35:28	SQL :EXEC GetUserTreeMenu 'pramudyono hadi','1614',@CompanyId=2;
01/09/2021 09:35:28	SQL :EXEC GetUserTreeMenu 'pramudyono hadi','1615',@CompanyId=2;
01/09/2021 09:35:28	SQL :EXEC GetUserTreeMenu 'pramudyono hadi','1616',@CompanyId=2;
01/09/2021 09:35:28	SQL :EXEC GetUserTreeMenu 'pramudyono hadi','1619',@CompanyId=2;
01/09/2021 09:35:28	SQL :EXEC GetUserTreeMenu 'pramudyono hadi','1620',@CompanyId=2;
01/09/2021 09:35:28	SQL :EXEC GetUserSubMenu 'pramudyono hadi','17';
01/09/2021 09:35:28	SQL :EXEC GetUserTreeMenu 'pramudyono hadi','1701',@CompanyId=2;
01/09/2021 09:35:28	SQL :EXEC GetUserTreeMenu 'pramudyono hadi','1702',@CompanyId=2;
01/09/2021 09:35:28	SQL :EXEC GetUserTreeMenu 'pramudyono hadi','1703',@CompanyId=2;
01/09/2021 09:35:28	SQL :EXEC GetUserTreeMenu 'pramudyono hadi','1704',@CompanyId=2;
01/09/2021 09:35:28	SQL :EXEC GetUserTreeMenu 'pramudyono hadi','1705',@CompanyId=2;
01/09/2021 09:35:28	SQL :EXEC GetUserTreeMenu 'pramudyono hadi','1706',@CompanyId=2;
01/09/2021 09:35:28	SQL :EXEC GetUserTreeMenu 'pramudyono hadi','1707',@CompanyId=2;
01/09/2021 09:35:28	SQL :EXEC GetUserTreeMenu 'pramudyono hadi','1708',@CompanyId=2;
01/09/2021 09:35:28	SQL :EXEC GetUserTreeMenu 'pramudyono hadi','1709',@CompanyId=2;
01/09/2021 09:35:28	SQL :EXEC GetUserTreeMenu 'pramudyono hadi','1710',@CompanyId=2;
01/09/2021 09:35:28	SQL :EXEC GetUserTreeMenu 'pramudyono hadi','1711',@CompanyId=2;
01/09/2021 09:35:28	SQL :EXEC GetUserTreeMenu 'pramudyono hadi','1712',@CompanyId=2;
01/09/2021 09:35:28	SQL :EXEC GetUserTreeMenu 'pramudyono hadi','1713',@CompanyId=2;
01/09/2021 09:35:28	SQL :EXEC GetUserTreeMenu 'pramudyono hadi','1714',@CompanyId=2;
01/09/2021 09:35:28	SQL :EXEC GetUserTreeMenu 'pramudyono hadi','1715',@CompanyId=2;
01/09/2021 09:35:28	SQL :EXEC GetUserTreeMenu 'pramudyono hadi','1716',@CompanyId=2;
01/09/2021 09:35:28	SQL :EXEC GetUserTreeMenu 'pramudyono hadi','1717',@CompanyId=2;
01/09/2021 09:35:28	SQL :EXEC GetUserSubMenu 'pramudyono hadi','18';
01/09/2021 09:35:28	SQL :EXEC GetUserTreeMenu 'pramudyono hadi','1801',@CompanyId=2;
01/09/2021 09:35:28	SQL :EXEC GetUserSubMenu 'pramudyono hadi','19';
01/09/2021 09:35:28	SQL :EXEC GetUserTreeMenu 'pramudyono hadi','1901',@CompanyId=2;
01/09/2021 09:35:28	SQL :EXEC GetUserTreeMenu 'pramudyono hadi','1902',@CompanyId=2;
01/09/2021 09:35:28	SQL :EXEC GetUserTreeMenu 'pramudyono hadi','1903',@CompanyId=2;
01/09/2021 09:35:28	SQL :EXEC GetUserTreeMenu 'pramudyono hadi','1904',@CompanyId=2;
01/09/2021 09:35:28	SQL :EXEC GetUserTreeMenu 'pramudyono hadi','1905',@CompanyId=2;
01/09/2021 09:35:28	SQL :EXEC GetUserTreeMenu 'pramudyono hadi','1906',@CompanyId=2;
01/09/2021 09:35:28	SQL :EXEC GetUserTreeMenu 'pramudyono hadi','1907',@CompanyId=2;
01/09/2021 09:35:28	SQL :EXEC GetUserTreeMenu 'pramudyono hadi','1908',@CompanyId=2;
01/09/2021 09:35:28	SQL :EXEC GetUserTreeMenu 'pramudyono hadi','1909',@CompanyId=2;
01/09/2021 09:35:28	SQL :EXEC GetUserTreeMenu 'pramudyono hadi','1910',@CompanyId=2;
01/09/2021 09:35:28	SQL :EXEC GetUserTreeMenu 'pramudyono hadi','1911',@CompanyId=2;
01/09/2021 09:35:28	SQL :EXEC GetUserTreeMenu 'pramudyono hadi','1912',@CompanyId=2;
01/09/2021 09:35:28	SQL :SELECT CONVERT(VARCHAR(8),GETDATE(),108) AS hour_minute;
01/09/2021 09:35:28	SQL :SELECT CONVERT(VARCHAR(10),GETDATE(),103) AS date_time;
01/09/2021 09:35:28	Loading Setting
01/09/2021 09:35:28	Open DB Connection
01/09/2021 09:35:28	SQL :SELECT * FROM wh_setting WHERE setting_name='Hold_Less_Deposit';
01/09/2021 09:35:28	SQL :SELECT * FROM wh_setting WHERE setting_name='Max_Less_Deposit';
01/09/2021 09:35:28	SQL :SELECT * FROM wh_setting WHERE setting_name='Dashboard_2';
01/09/2021 09:35:29	Finish Logging
01/09/2021 09:35:29	SQL :SELECT value_string FROM wh_setting WHERE (setting_name='Interval_CheckInDate') AND (active=1);
01/09/2021 09:35:29	SQL :SELECT value_string FROM wh_setting WHERE (setting_name='Interval_CheckInTime') AND (active=1);
01/09/2021 09:35:29	SQL :SELECT value_string FROM wh_setting WHERE (setting_name='ChatEnable') and (active=1);
01/09/2021 09:35:29	Message:Port Check
01/09/2021 09:35:29	Message:Open DB Connection
01/09/2021 09:35:29	SQL :EXEC GetMessage '01','pramudyono hadi';
01/09/2021 09:35:29	SQL :SELECT CONVERT(VARCHAR(8),GETDATE(),108) AS hour_minute;
01/09/2021 09:35:29	SQL :SELECT CONVERT(VARCHAR(10),GETDATE(),103) AS date_time;
01/09/2021 09:35:33	Open Menu :130214
01/09/2021 09:35:33	Open DB Connection
01/09/2021 09:35:33	SQL :EXEC AuthMenu 'pramudyono hadi',130214;
01/09/2021 09:35:40	Form Check :EmployeeList
01/09/2021 09:35:40	Open DB Connection
01/09/2021 09:35:40	SQL :EXEC GetCompanyLocationList
01/09/2021 09:35:40	Open DB Connection
01/09/2021 09:35:40	SQL :EXEC GetEmployeeList 4,6,1,@CompanyId=2;
01/09/2021 09:35:51	Form Check :EmployeeForm
01/09/2021 09:35:57	Open DB Connection
01/09/2021 09:35:57	SQL :SELECT * FROM wh_education
01/09/2021 09:35:57	SQL :SELECT * FROM wh_religion
01/09/2021 09:35:57	SQL :SELECT * FROM wh_reference WHERE company_id=2
01/09/2021 09:35:57	SQL :EXEC GetCompanyLocationList
01/09/2021 09:35:57	SQL :SELECT * FROM wh_license_type
01/09/2021 09:35:57	SQL :SELECT * FROM wh_department WHERE active=1
01/09/2021 09:35:57	Open DB Connection
01/09/2021 09:35:57	SQL :EXEC GetEmployeeDetail BB16080063
01/09/2021 09:35:58	SQL :SELECT * FROM wh_empl_image WHERE empl_image_id=(SELECT MAX(empl_image_id) FROM wh_empl_image  WHERE employee_id='BB16080063' AND image_id=1);
01/09/2021 09:35:58	SQL :SELECT * FROM wh_empl_image WHERE empl_image_id=(SELECT MAX(empl_image_id) FROM wh_empl_image  WHERE employee_id='BB16080063' AND image_id=2);
01/09/2021 09:35:58	SQL :SELECT * FROM wh_empl_image WHERE empl_image_id=(SELECT MAX(empl_image_id) FROM wh_empl_image  WHERE employee_id='BB16080063' AND image_id=6);
01/09/2021 09:35:58	SQL :SELECT * FROM wh_empl_image WHERE empl_image_id=(SELECT MAX(empl_image_id) FROM wh_empl_image  WHERE employee_id='BB16080063' AND image_id=5);
01/09/2021 09:35:59	Open DB Connection
01/09/2021 09:35:59	SQL :SELECT a.empl_mutation_id,CONVERT(VARCHAR(10),a.from_date,105) AS from_date,COALESCE(CONVERT(VARCHAR(10),a.to_date,105),'') AS to_date  ,b.name AS company,c.location,d.status,a.description AS descr FROM wh_empl_mutation a  INNER JOIN wh_company b ON b.company_id=a.company_id INNER JOIN wh_location c ON c.location_id=a.location_id INNER JOIN wh_empl_status d ON d.status_id=a.status_id WHERE employee_id='BB16080063';
01/09/2021 09:45:54	Message:Port Check
01/09/2021 09:45:54	Message:Open DB Connection
01/09/2021 09:45:55	SQL :EXEC GetMessage '01','pramudyono hadi';
01/09/2021 09:45:55	SQL :SELECT CONVERT(VARCHAR(8),GETDATE(),108) AS hour_minute;
01/09/2021 09:45:55	SQL :SELECT CONVERT(VARCHAR(10),GETDATE(),103) AS date_time;
01/09/2021 09:47:06	Form Check :EmployeeForm
01/09/2021 09:47:08	Open DB Connection
01/09/2021 09:47:08	SQL :SELECT * FROM wh_education
01/09/2021 09:47:08	SQL :SELECT * FROM wh_religion
01/09/2021 09:47:08	SQL :SELECT * FROM wh_reference WHERE company_id=2
01/09/2021 09:47:08	SQL :EXEC GetCompanyLocationList
01/09/2021 09:47:08	SQL :SELECT * FROM wh_license_type
01/09/2021 09:47:08	SQL :SELECT * FROM wh_department WHERE active=1
01/09/2021 09:47:08	Open DB Connection
01/09/2021 09:47:08	SQL :EXEC GetEmployeeDetail BB16080063
01/09/2021 09:47:08	SQL :SELECT * FROM wh_empl_image WHERE empl_image_id=(SELECT MAX(empl_image_id) FROM wh_empl_image  WHERE employee_id='BB16080063' AND image_id=1);
01/09/2021 09:47:08	SQL :SELECT * FROM wh_empl_image WHERE empl_image_id=(SELECT MAX(empl_image_id) FROM wh_empl_image  WHERE employee_id='BB16080063' AND image_id=2);
01/09/2021 09:47:08	SQL :SELECT * FROM wh_empl_image WHERE empl_image_id=(SELECT MAX(empl_image_id) FROM wh_empl_image  WHERE employee_id='BB16080063' AND image_id=6);
01/09/2021 09:47:08	SQL :SELECT * FROM wh_empl_image WHERE empl_image_id=(SELECT MAX(empl_image_id) FROM wh_empl_image  WHERE employee_id='BB16080063' AND image_id=5);
01/09/2021 09:47:09	Open DB Connection
01/09/2021 09:47:09	SQL :SELECT a.empl_mutation_id,CONVERT(VARCHAR(10),a.from_date,105) AS from_date,COALESCE(CONVERT(VARCHAR(10),a.to_date,105),'') AS to_date  ,b.name AS company,c.location,d.status,a.description AS descr FROM wh_empl_mutation a  INNER JOIN wh_company b ON b.company_id=a.company_id INNER JOIN wh_location c ON c.location_id=a.location_id INNER JOIN wh_empl_status d ON d.status_id=a.status_id WHERE employee_id='BB16080063';
01/09/2021 09:47:29	Form Check :EmployeeForm
01/09/2021 09:47:29	Open DB Connection
01/09/2021 09:47:29	SQL :SELECT * FROM wh_education
01/09/2021 09:47:29	SQL :SELECT * FROM wh_religion
01/09/2021 09:47:29	SQL :SELECT * FROM wh_reference WHERE company_id=2
01/09/2021 09:47:29	SQL :EXEC GetCompanyLocationList
01/09/2021 09:47:29	SQL :SELECT * FROM wh_license_type
01/09/2021 09:47:29	SQL :SELECT * FROM wh_department WHERE active=1
01/09/2021 09:47:29	Open DB Connection
01/09/2021 09:47:29	SQL :EXEC GetEmployeeDetail BB16080063
01/09/2021 09:47:30	SQL :SELECT * FROM wh_empl_image WHERE empl_image_id=(SELECT MAX(empl_image_id) FROM wh_empl_image  WHERE employee_id='BB16080063' AND image_id=1);
01/09/2021 09:47:30	SQL :SELECT * FROM wh_empl_image WHERE empl_image_id=(SELECT MAX(empl_image_id) FROM wh_empl_image  WHERE employee_id='BB16080063' AND image_id=2);
01/09/2021 09:47:30	SQL :SELECT * FROM wh_empl_image WHERE empl_image_id=(SELECT MAX(empl_image_id) FROM wh_empl_image  WHERE employee_id='BB16080063' AND image_id=6);
01/09/2021 09:47:30	SQL :SELECT * FROM wh_empl_image WHERE empl_image_id=(SELECT MAX(empl_image_id) FROM wh_empl_image  WHERE employee_id='BB16080063' AND image_id=5);
01/09/2021 09:47:30	Open DB Connection
01/09/2021 09:47:30	SQL :SELECT a.empl_mutation_id,CONVERT(VARCHAR(10),a.from_date,105) AS from_date,COALESCE(CONVERT(VARCHAR(10),a.to_date,105),'') AS to_date  ,b.name AS company,c.location,d.status,a.description AS descr FROM wh_empl_mutation a  INNER JOIN wh_company b ON b.company_id=a.company_id INNER JOIN wh_location c ON c.location_id=a.location_id INNER JOIN wh_empl_status d ON d.status_id=a.status_id WHERE employee_id='BB16080063';
01/09/2021 16:06:52	Get Local Settings
01/09/2021 16:06:52	Start Change Local Settings
01/09/2021 16:06:52	Change short date format
01/09/2021 16:06:52	Change Long date format
01/09/2021 16:06:52	Finish Change Local Settings
01/09/2021 16:06:52	Registry Read: Path=SOFTWARE\WEHA\Aplikasi\3
01/09/2021 16:06:52	Registry Read/Write
01/09/2021 16:06:52	Registry Read: Path=SOFTWARE\WEHA\Aplikasi\3
01/09/2021 16:06:52	Create DB Object
01/09/2021 16:06:52	Init DB
01/09/2021 16:06:52	Finish Init DB
01/09/2021 16:06:52	Get File Version
01/09/2021 16:06:52	Change  Caption
01/09/2021 16:06:52	Init Shortkey
02/09/2021 08:55:01	Create DB Object
02/09/2021 08:55:01	Init DB
02/09/2021 08:55:01	Finish Init DB
02/09/2021 08:55:04	Update new version check
02/09/2021 08:55:04	Open DB Connection
02/09/2021 08:55:04	SQL :
02/09/2021 08:55:04	Update check version
02/09/2021 08:55:04	Open DB Connection
02/09/2021 08:55:04	SQL :SELECT version FROM wh_application WHERE application_id=(SELECT MAX(application_id) FROM wh_application);
02/09/2021 08:55:04	Start Login
02/09/2021 08:55:04	Open DB Connection
02/09/2021 08:55:04	SQL :EXEC AuthenticateUser 'pramudyono hadi','6f2b8366efa56f0c06dd6b31fcff8a73';
02/09/2021 08:55:04	SQL :INSERT INTO wh_log (user_id,app_date,app_version,app_version_svr,location_id,company_id,department_id,host_name,ip_address)  VALUES ('pramudyono hadi','01/09/2021','6.1.4.0','6.1.4.0',6,2,13,'DESKTOP-S1PD9OD','192.168.25.214');
02/09/2021 08:55:04	Open DB Connection
02/09/2021 08:55:04	SQL :EXEC GetUserMenu 'pramudyono hadi';
02/09/2021 08:55:05	SQL :EXEC GetUserSubMenu 'pramudyono hadi','11';
02/09/2021 08:55:05	SQL :EXEC GetUserTreeMenu 'pramudyono hadi','1101',@CompanyId=2;
02/09/2021 08:55:05	SQL :EXEC GetUserTreeMenu 'pramudyono hadi','1102',@CompanyId=2;
02/09/2021 08:55:05	SQL :EXEC GetUserTreeMenu 'pramudyono hadi','1103',@CompanyId=2;
02/09/2021 08:55:05	SQL :EXEC GetUserTreeMenu 'pramudyono hadi','1104',@CompanyId=2;
02/09/2021 08:55:05	SQL :EXEC GetUserTreeMenu 'pramudyono hadi','1105',@CompanyId=2;
02/09/2021 08:55:05	SQL :EXEC GetUserTreeMenu 'pramudyono hadi','1106',@CompanyId=2;
02/09/2021 08:55:05	SQL :EXEC GetUserTreeMenu 'pramudyono hadi','1107',@CompanyId=2;
02/09/2021 08:55:05	SQL :EXEC GetUserTreeMenu 'pramudyono hadi','1108',@CompanyId=2;
02/09/2021 08:55:05	SQL :EXEC GetUserTreeMenu 'pramudyono hadi','1109',@CompanyId=2;
02/09/2021 08:55:05	SQL :EXEC GetUserTreeMenu 'pramudyono hadi','1110',@CompanyId=2;
02/09/2021 08:55:05	SQL :EXEC GetUserTreeMenu 'pramudyono hadi','1111',@CompanyId=2;
02/09/2021 08:55:05	SQL :EXEC GetUserTreeMenu 'pramudyono hadi','1112',@CompanyId=2;
02/09/2021 08:55:05	SQL :EXEC GetUserTreeMenu 'pramudyono hadi','1113',@CompanyId=2;
02/09/2021 08:55:05	SQL :EXEC GetUserTreeMenu 'pramudyono hadi','1114',@CompanyId=2;
02/09/2021 08:55:05	SQL :EXEC GetUserTreeMenu 'pramudyono hadi','1115',@CompanyId=2;
02/09/2021 08:55:05	SQL :EXEC GetUserTreeMenu 'pramudyono hadi','1116',@CompanyId=2;
02/09/2021 08:55:05	SQL :EXEC GetUserTreeMenu 'pramudyono hadi','1117',@CompanyId=2;
02/09/2021 08:55:05	SQL :EXEC GetUserTreeMenu 'pramudyono hadi','1198',@CompanyId=2;
02/09/2021 08:55:05	SQL :EXEC GetUserTreeMenu 'pramudyono hadi','1199',@CompanyId=2;
02/09/2021 08:55:05	SQL :EXEC GetUserSubMenu 'pramudyono hadi','12';
02/09/2021 08:55:05	SQL :EXEC GetUserTreeMenu 'pramudyono hadi','1201',@CompanyId=2;
02/09/2021 08:55:05	SQL :EXEC GetUserTreeMenu 'pramudyono hadi','1202',@CompanyId=2;
02/09/2021 08:55:05	SQL :EXEC GetUserTreeMenu 'pramudyono hadi','1203',@CompanyId=2;
02/09/2021 08:55:05	SQL :EXEC GetUserTreeMenu 'pramudyono hadi','1204',@CompanyId=2;
02/09/2021 08:55:05	SQL :EXEC GetUserTreeMenu 'pramudyono hadi','1205',@CompanyId=2;
02/09/2021 08:55:05	SQL :EXEC GetUserTreeMenu 'pramudyono hadi','1206',@CompanyId=2;
02/09/2021 08:55:05	SQL :EXEC GetUserTreeMenu 'pramudyono hadi','1207',@CompanyId=2;
02/09/2021 08:55:05	SQL :EXEC GetUserSubMenu 'pramudyono hadi','13';
02/09/2021 08:55:05	SQL :EXEC GetUserTreeMenu 'pramudyono hadi','1301',@CompanyId=2;
02/09/2021 08:55:05	SQL :EXEC GetUserTreeMenu 'pramudyono hadi','1302',@CompanyId=2;
02/09/2021 08:55:06	SQL :EXEC GetUserTreeMenu 'pramudyono hadi','1303',@CompanyId=2;
02/09/2021 08:55:06	SQL :EXEC GetUserTreeMenu 'pramudyono hadi','1304',@CompanyId=2;
02/09/2021 08:55:06	SQL :EXEC GetUserTreeMenu 'pramudyono hadi','1305',@CompanyId=2;
02/09/2021 08:55:06	SQL :EXEC GetUserTreeMenu 'pramudyono hadi','1306',@CompanyId=2;
02/09/2021 08:55:06	SQL :EXEC GetUserTreeMenu 'pramudyono hadi','1307',@CompanyId=2;
02/09/2021 08:55:06	SQL :EXEC GetUserTreeMenu 'pramudyono hadi','1308',@CompanyId=2;
02/09/2021 08:55:06	SQL :EXEC GetUserTreeMenu 'pramudyono hadi','1309',@CompanyId=2;
02/09/2021 08:55:06	SQL :EXEC GetUserTreeMenu 'pramudyono hadi','1310',@CompanyId=2;
02/09/2021 08:55:06	SQL :EXEC GetUserTreeMenu 'pramudyono hadi','1311',@CompanyId=2;
02/09/2021 08:55:06	SQL :EXEC GetUserTreeMenu 'pramudyono hadi','1312',@CompanyId=2;
02/09/2021 08:55:06	SQL :EXEC GetUserTreeMenu 'pramudyono hadi','1313',@CompanyId=2;
02/09/2021 08:55:06	SQL :EXEC GetUserTreeMenu 'pramudyono hadi','1314',@CompanyId=2;
02/09/2021 08:55:06	SQL :EXEC GetUserTreeMenu 'pramudyono hadi','1315',@CompanyId=2;
02/09/2021 08:55:06	SQL :EXEC GetUserTreeMenu 'pramudyono hadi','1316',@CompanyId=2;
02/09/2021 08:55:06	SQL :EXEC GetUserTreeMenu 'pramudyono hadi','1317',@CompanyId=2;
02/09/2021 08:55:06	SQL :EXEC GetUserTreeMenu 'pramudyono hadi','1318',@CompanyId=2;
02/09/2021 08:55:06	SQL :EXEC GetUserTreeMenu 'pramudyono hadi','1319',@CompanyId=2;
02/09/2021 08:55:06	SQL :EXEC GetUserTreeMenu 'pramudyono hadi','1320',@CompanyId=2;
02/09/2021 08:55:06	SQL :EXEC GetUserTreeMenu 'pramudyono hadi','1321',@CompanyId=2;
02/09/2021 08:55:06	SQL :EXEC GetUserSubMenu 'pramudyono hadi','14';
02/09/2021 08:55:06	SQL :EXEC GetUserTreeMenu 'pramudyono hadi','1401',@CompanyId=2;
02/09/2021 08:55:06	SQL :EXEC GetUserTreeMenu 'pramudyono hadi','1402',@CompanyId=2;
02/09/2021 08:55:06	SQL :EXEC GetUserTreeMenu 'pramudyono hadi','1403',@CompanyId=2;
02/09/2021 08:55:06	SQL :EXEC GetUserTreeMenu 'pramudyono hadi','1404',@CompanyId=2;
02/09/2021 08:55:06	SQL :EXEC GetUserTreeMenu 'pramudyono hadi','1406',@CompanyId=2;
02/09/2021 08:55:06	SQL :EXEC GetUserTreeMenu 'pramudyono hadi','1408',@CompanyId=2;
02/09/2021 08:55:06	SQL :EXEC GetUserTreeMenu 'pramudyono hadi','1410',@CompanyId=2;
02/09/2021 08:55:06	SQL :EXEC GetUserTreeMenu 'pramudyono hadi','1411',@CompanyId=2;
02/09/2021 08:55:06	SQL :EXEC GetUserTreeMenu 'pramudyono hadi','1412',@CompanyId=2;
02/09/2021 08:55:06	SQL :EXEC GetUserTreeMenu 'pramudyono hadi','1413',@CompanyId=2;
02/09/2021 08:55:06	SQL :EXEC GetUserTreeMenu 'pramudyono hadi','1414',@CompanyId=2;
02/09/2021 08:55:07	SQL :EXEC GetUserSubMenu 'pramudyono hadi','15';
02/09/2021 08:55:07	SQL :EXEC GetUserTreeMenu 'pramudyono hadi','1501',@CompanyId=2;
02/09/2021 08:55:07	SQL :EXEC GetUserTreeMenu 'pramudyono hadi','1502',@CompanyId=2;
02/09/2021 08:55:07	SQL :EXEC GetUserTreeMenu 'pramudyono hadi','1503',@CompanyId=2;
02/09/2021 08:55:07	SQL :EXEC GetUserTreeMenu 'pramudyono hadi','1504',@CompanyId=2;
02/09/2021 08:55:07	SQL :EXEC GetUserTreeMenu 'pramudyono hadi','1505',@CompanyId=2;
02/09/2021 08:55:07	SQL :EXEC GetUserTreeMenu 'pramudyono hadi','1506',@CompanyId=2;
02/09/2021 08:55:07	SQL :EXEC GetUserTreeMenu 'pramudyono hadi','1507',@CompanyId=2;
02/09/2021 08:55:07	SQL :EXEC GetUserTreeMenu 'pramudyono hadi','1508',@CompanyId=2;
02/09/2021 08:55:07	SQL :EXEC GetUserTreeMenu 'pramudyono hadi','1509',@CompanyId=2;
02/09/2021 08:55:07	SQL :EXEC GetUserTreeMenu 'pramudyono hadi','1510',@CompanyId=2;
02/09/2021 08:55:07	SQL :EXEC GetUserTreeMenu 'pramudyono hadi','1511',@CompanyId=2;
02/09/2021 08:55:07	SQL :EXEC GetUserSubMenu 'pramudyono hadi','16';
02/09/2021 08:55:07	SQL :EXEC GetUserTreeMenu 'pramudyono hadi','1601',@CompanyId=2;
02/09/2021 08:55:07	SQL :EXEC GetUserTreeMenu 'pramudyono hadi','1602',@CompanyId=2;
02/09/2021 08:55:07	SQL :EXEC GetUserTreeMenu 'pramudyono hadi','1603',@CompanyId=2;
02/09/2021 08:55:07	SQL :EXEC GetUserTreeMenu 'pramudyono hadi','1604',@CompanyId=2;
02/09/2021 08:55:07	SQL :EXEC GetUserTreeMenu 'pramudyono hadi','1605',@CompanyId=2;
02/09/2021 08:55:07	SQL :EXEC GetUserTreeMenu 'pramudyono hadi','1606',@CompanyId=2;
02/09/2021 08:55:07	SQL :EXEC GetUserTreeMenu 'pramudyono hadi','1607',@CompanyId=2;
02/09/2021 08:55:07	SQL :EXEC GetUserTreeMenu 'pramudyono hadi','1608',@CompanyId=2;
02/09/2021 08:55:07	SQL :EXEC GetUserTreeMenu 'pramudyono hadi','1609',@CompanyId=2;
02/09/2021 08:55:07	SQL :EXEC GetUserTreeMenu 'pramudyono hadi','1610',@CompanyId=2;
02/09/2021 08:55:07	SQL :EXEC GetUserTreeMenu 'pramudyono hadi','1611',@CompanyId=2;
02/09/2021 08:55:07	SQL :EXEC GetUserTreeMenu 'pramudyono hadi','1612',@CompanyId=2;
02/09/2021 08:55:07	SQL :EXEC GetUserTreeMenu 'pramudyono hadi','1613',@CompanyId=2;
02/09/2021 08:55:07	SQL :EXEC GetUserTreeMenu 'pramudyono hadi','1614',@CompanyId=2;
02/09/2021 08:55:07	SQL :EXEC GetUserTreeMenu 'pramudyono hadi','1615',@CompanyId=2;
02/09/2021 08:55:07	SQL :EXEC GetUserTreeMenu 'pramudyono hadi','1616',@CompanyId=2;
02/09/2021 08:55:07	SQL :EXEC GetUserTreeMenu 'pramudyono hadi','1619',@CompanyId=2;
02/09/2021 08:55:07	SQL :EXEC GetUserTreeMenu 'pramudyono hadi','1620',@CompanyId=2;
02/09/2021 08:55:07	SQL :EXEC GetUserSubMenu 'pramudyono hadi','17';
02/09/2021 08:55:07	SQL :EXEC GetUserTreeMenu 'pramudyono hadi','1701',@CompanyId=2;
02/09/2021 08:55:07	SQL :EXEC GetUserTreeMenu 'pramudyono hadi','1702',@CompanyId=2;
02/09/2021 08:55:08	SQL :EXEC GetUserTreeMenu 'pramudyono hadi','1703',@CompanyId=2;
02/09/2021 08:55:08	SQL :EXEC GetUserTreeMenu 'pramudyono hadi','1704',@CompanyId=2;
02/09/2021 08:55:08	SQL :EXEC GetUserTreeMenu 'pramudyono hadi','1705',@CompanyId=2;
02/09/2021 08:55:08	SQL :EXEC GetUserTreeMenu 'pramudyono hadi','1706',@CompanyId=2;
02/09/2021 08:55:08	SQL :EXEC GetUserTreeMenu 'pramudyono hadi','1707',@CompanyId=2;
02/09/2021 08:55:08	SQL :EXEC GetUserTreeMenu 'pramudyono hadi','1708',@CompanyId=2;
02/09/2021 08:55:08	SQL :EXEC GetUserTreeMenu 'pramudyono hadi','1709',@CompanyId=2;
02/09/2021 08:55:08	SQL :EXEC GetUserTreeMenu 'pramudyono hadi','1710',@CompanyId=2;
02/09/2021 08:55:08	SQL :EXEC GetUserTreeMenu 'pramudyono hadi','1711',@CompanyId=2;
02/09/2021 08:55:08	SQL :EXEC GetUserTreeMenu 'pramudyono hadi','1712',@CompanyId=2;
02/09/2021 08:55:08	SQL :EXEC GetUserTreeMenu 'pramudyono hadi','1713',@CompanyId=2;
02/09/2021 08:55:08	SQL :EXEC GetUserTreeMenu 'pramudyono hadi','1714',@CompanyId=2;
02/09/2021 08:55:08	SQL :EXEC GetUserTreeMenu 'pramudyono hadi','1715',@CompanyId=2;
02/09/2021 08:55:08	SQL :EXEC GetUserTreeMenu 'pramudyono hadi','1716',@CompanyId=2;
02/09/2021 08:55:08	SQL :EXEC GetUserTreeMenu 'pramudyono hadi','1717',@CompanyId=2;
02/09/2021 08:55:08	SQL :EXEC GetUserSubMenu 'pramudyono hadi','18';
02/09/2021 08:55:08	SQL :EXEC GetUserTreeMenu 'pramudyono hadi','1801',@CompanyId=2;
02/09/2021 08:55:08	SQL :EXEC GetUserSubMenu 'pramudyono hadi','19';
02/09/2021 08:55:08	SQL :EXEC GetUserTreeMenu 'pramudyono hadi','1901',@CompanyId=2;
02/09/2021 08:55:08	SQL :EXEC GetUserTreeMenu 'pramudyono hadi','1902',@CompanyId=2;
02/09/2021 08:55:08	SQL :EXEC GetUserTreeMenu 'pramudyono hadi','1903',@CompanyId=2;
02/09/2021 08:55:08	SQL :EXEC GetUserTreeMenu 'pramudyono hadi','1904',@CompanyId=2;
02/09/2021 08:55:08	SQL :EXEC GetUserTreeMenu 'pramudyono hadi','1905',@CompanyId=2;
02/09/2021 08:55:08	SQL :EXEC GetUserTreeMenu 'pramudyono hadi','1906',@CompanyId=2;
02/09/2021 08:55:08	SQL :EXEC GetUserTreeMenu 'pramudyono hadi','1907',@CompanyId=2;
02/09/2021 08:55:08	SQL :EXEC GetUserTreeMenu 'pramudyono hadi','1908',@CompanyId=2;
02/09/2021 08:55:08	SQL :EXEC GetUserTreeMenu 'pramudyono hadi','1909',@CompanyId=2;
02/09/2021 08:55:08	SQL :EXEC GetUserTreeMenu 'pramudyono hadi','1910',@CompanyId=2;
02/09/2021 08:55:08	SQL :EXEC GetUserTreeMenu 'pramudyono hadi','1911',@CompanyId=2;
02/09/2021 08:55:08	SQL :EXEC GetUserTreeMenu 'pramudyono hadi','1912',@CompanyId=2;
02/09/2021 08:55:08	SQL :SELECT CONVERT(VARCHAR(8),GETDATE(),108) AS hour_minute;
02/09/2021 08:55:08	SQL :SELECT CONVERT(VARCHAR(10),GETDATE(),103) AS date_time;
02/09/2021 08:55:09	Loading Setting
02/09/2021 08:55:09	Open DB Connection
02/09/2021 08:55:09	SQL :SELECT * FROM wh_setting WHERE setting_name='Hold_Less_Deposit';
02/09/2021 08:55:09	SQL :SELECT * FROM wh_setting WHERE setting_name='Max_Less_Deposit';
02/09/2021 08:55:09	SQL :SELECT * FROM wh_setting WHERE setting_name='Dashboard_2';
02/09/2021 08:55:09	Finish Logging
02/09/2021 08:55:09	SQL :SELECT value_string FROM wh_setting WHERE (setting_name='Interval_CheckInDate') AND (active=1);
02/09/2021 08:55:09	SQL :SELECT value_string FROM wh_setting WHERE (setting_name='Interval_CheckInTime') AND (active=1);
02/09/2021 08:55:09	SQL :SELECT value_string FROM wh_setting WHERE (setting_name='ChatEnable') and (active=1);
02/09/2021 08:55:10	Message:Port Check
02/09/2021 08:55:10	Message:Open DB Connection
02/09/2021 08:55:10	SQL :EXEC GetMessage '01','pramudyono hadi';
02/09/2021 08:55:10	SQL :SELECT CONVERT(VARCHAR(8),GETDATE(),108) AS hour_minute;
02/09/2021 08:55:10	SQL :SELECT CONVERT(VARCHAR(10),GETDATE(),103) AS date_time;
02/09/2021 08:55:23	Open Menu :110502
02/09/2021 08:55:23	Open DB Connection
02/09/2021 08:55:23	SQL :EXEC AuthMenu 'pramudyono hadi',110502;
02/09/2021 08:55:25	Open DB Connection
02/09/2021 08:55:25	SQL :SELECT * FROM wh_tree_sub_menu a INNER JOIN wh_sub_menu b ON b.sub_menu_id=a.sub_menu_id
02/09/2021 08:55:32	Open DB Connection
02/09/2021 08:55:32	Open DB Connection
02/09/2021 08:55:32	Open DB Connection
02/09/2021 08:55:32	Open DB Connection
02/09/2021 08:55:32	Open DB Connection
02/09/2021 08:55:32	SQL :SELECT * FROM wh_tree_sub_menu WHERE sub_menu_id='1301';
02/09/2021 08:55:39	Open DB Connection
02/09/2021 08:55:39	SQL :SELECT RIGHT(MAX(tree_sub_menu_id),2) AS max_id FROM wh_tree_sub_menu WHERE sub_menu_id='1301';
02/09/2021 08:55:39	SQL :UPDATE wh_tree_sub_menu SET sub_menu_id='1301',tree_menu='Tambah Asuransi Kendaraan',tree_menu_description='',active=1 WHERE tree_sub_menu_id='130130';
02/09/2021 08:55:40	Form Check :TreeMenuList
02/09/2021 08:55:40	Open DB Connection
02/09/2021 08:55:40	SQL :SELECT * FROM wh_tree_sub_menu a INNER JOIN wh_sub_menu b ON b.sub_menu_id=a.sub_menu_id
02/09/2021 08:55:44	Form Check :ChatClient
02/09/2021 08:55:44	Form Check :AuthorizedForm
02/09/2021 08:55:44	Form Check :RePrintForm
02/09/2021 08:55:44	Form Check :EmployeeSearch
02/09/2021 08:55:44	Form Check :TimeInputForm
02/09/2021 08:55:44	Log Out
02/09/2021 08:55:45	Create DB Object
02/09/2021 08:55:45	Init DB
02/09/2021 08:55:45	Finish Init DB
02/09/2021 08:55:47	Update new version check
02/09/2021 08:55:47	Open DB Connection
02/09/2021 08:55:47	SQL :
02/09/2021 08:55:47	Update check version
02/09/2021 08:55:47	Open DB Connection
02/09/2021 08:55:47	SQL :SELECT version FROM wh_application WHERE application_id=(SELECT MAX(application_id) FROM wh_application);
02/09/2021 08:55:47	Start Login
02/09/2021 08:55:47	Open DB Connection
02/09/2021 08:55:47	SQL :EXEC AuthenticateUser 'pramudyono hadi','6f2b8366efa56f0c06dd6b31fcff8a73';
02/09/2021 08:55:47	SQL :INSERT INTO wh_log (user_id,app_date,app_version,app_version_svr,location_id,company_id,department_id,host_name,ip_address)  VALUES ('pramudyono hadi','01/09/2021','6.1.4.0','6.1.4.0',6,2,13,'DESKTOP-S1PD9OD','192.168.25.214');
02/09/2021 08:55:47	Open DB Connection
02/09/2021 08:55:47	SQL :EXEC GetUserMenu 'pramudyono hadi';
02/09/2021 08:55:47	SQL :EXEC GetUserSubMenu 'pramudyono hadi','11';
02/09/2021 08:55:47	SQL :EXEC GetUserTreeMenu 'pramudyono hadi','1101',@CompanyId=2;
02/09/2021 08:55:47	SQL :EXEC GetUserTreeMenu 'pramudyono hadi','1102',@CompanyId=2;
02/09/2021 08:55:47	SQL :EXEC GetUserTreeMenu 'pramudyono hadi','1103',@CompanyId=2;
02/09/2021 08:55:47	SQL :EXEC GetUserTreeMenu 'pramudyono hadi','1104',@CompanyId=2;
02/09/2021 08:55:47	SQL :EXEC GetUserTreeMenu 'pramudyono hadi','1105',@CompanyId=2;
02/09/2021 08:55:47	SQL :EXEC GetUserTreeMenu 'pramudyono hadi','1106',@CompanyId=2;
02/09/2021 08:55:47	SQL :EXEC GetUserTreeMenu 'pramudyono hadi','1107',@CompanyId=2;
02/09/2021 08:55:47	SQL :EXEC GetUserTreeMenu 'pramudyono hadi','1108',@CompanyId=2;
02/09/2021 08:55:47	SQL :EXEC GetUserTreeMenu 'pramudyono hadi','1109',@CompanyId=2;
02/09/2021 08:55:47	SQL :EXEC GetUserTreeMenu 'pramudyono hadi','1110',@CompanyId=2;
02/09/2021 08:55:47	SQL :EXEC GetUserTreeMenu 'pramudyono hadi','1111',@CompanyId=2;
02/09/2021 08:55:47	SQL :EXEC GetUserTreeMenu 'pramudyono hadi','1112',@CompanyId=2;
02/09/2021 08:55:47	SQL :EXEC GetUserTreeMenu 'pramudyono hadi','1113',@CompanyId=2;
02/09/2021 08:55:47	SQL :EXEC GetUserTreeMenu 'pramudyono hadi','1114',@CompanyId=2;
02/09/2021 08:55:47	SQL :EXEC GetUserTreeMenu 'pramudyono hadi','1115',@CompanyId=2;
02/09/2021 08:55:47	SQL :EXEC GetUserTreeMenu 'pramudyono hadi','1116',@CompanyId=2;
02/09/2021 08:55:47	SQL :EXEC GetUserTreeMenu 'pramudyono hadi','1117',@CompanyId=2;
02/09/2021 08:55:47	SQL :EXEC GetUserTreeMenu 'pramudyono hadi','1198',@CompanyId=2;
02/09/2021 08:55:47	SQL :EXEC GetUserTreeMenu 'pramudyono hadi','1199',@CompanyId=2;
02/09/2021 08:55:47	SQL :EXEC GetUserSubMenu 'pramudyono hadi','12';
02/09/2021 08:55:47	SQL :EXEC GetUserTreeMenu 'pramudyono hadi','1201',@CompanyId=2;
02/09/2021 08:55:47	SQL :EXEC GetUserTreeMenu 'pramudyono hadi','1202',@CompanyId=2;
02/09/2021 08:55:47	SQL :EXEC GetUserTreeMenu 'pramudyono hadi','1203',@CompanyId=2;
02/09/2021 08:55:47	SQL :EXEC GetUserTreeMenu 'pramudyono hadi','1204',@CompanyId=2;
02/09/2021 08:55:47	SQL :EXEC GetUserTreeMenu 'pramudyono hadi','1205',@CompanyId=2;
02/09/2021 08:55:47	SQL :EXEC GetUserTreeMenu 'pramudyono hadi','1206',@CompanyId=2;
02/09/2021 08:55:47	SQL :EXEC GetUserTreeMenu 'pramudyono hadi','1207',@CompanyId=2;
02/09/2021 08:55:47	SQL :EXEC GetUserSubMenu 'pramudyono hadi','13';
02/09/2021 08:55:47	SQL :EXEC GetUserTreeMenu 'pramudyono hadi','1301',@CompanyId=2;
02/09/2021 08:55:48	SQL :EXEC GetUserTreeMenu 'pramudyono hadi','1302',@CompanyId=2;
02/09/2021 08:55:48	SQL :EXEC GetUserTreeMenu 'pramudyono hadi','1303',@CompanyId=2;
02/09/2021 08:55:48	SQL :EXEC GetUserTreeMenu 'pramudyono hadi','1304',@CompanyId=2;
02/09/2021 08:55:48	SQL :EXEC GetUserTreeMenu 'pramudyono hadi','1305',@CompanyId=2;
02/09/2021 08:55:48	SQL :EXEC GetUserTreeMenu 'pramudyono hadi','1306',@CompanyId=2;
02/09/2021 08:55:48	SQL :EXEC GetUserTreeMenu 'pramudyono hadi','1307',@CompanyId=2;
02/09/2021 08:55:48	SQL :EXEC GetUserTreeMenu 'pramudyono hadi','1308',@CompanyId=2;
02/09/2021 08:55:48	SQL :EXEC GetUserTreeMenu 'pramudyono hadi','1309',@CompanyId=2;
02/09/2021 08:55:48	SQL :EXEC GetUserTreeMenu 'pramudyono hadi','1310',@CompanyId=2;
02/09/2021 08:55:48	SQL :EXEC GetUserTreeMenu 'pramudyono hadi','1311',@CompanyId=2;
02/09/2021 08:55:48	SQL :EXEC GetUserTreeMenu 'pramudyono hadi','1312',@CompanyId=2;
02/09/2021 08:55:48	SQL :EXEC GetUserTreeMenu 'pramudyono hadi','1313',@CompanyId=2;
02/09/2021 08:55:48	SQL :EXEC GetUserTreeMenu 'pramudyono hadi','1314',@CompanyId=2;
02/09/2021 08:55:48	SQL :EXEC GetUserTreeMenu 'pramudyono hadi','1315',@CompanyId=2;
02/09/2021 08:55:48	SQL :EXEC GetUserTreeMenu 'pramudyono hadi','1316',@CompanyId=2;
02/09/2021 08:55:48	SQL :EXEC GetUserTreeMenu 'pramudyono hadi','1317',@CompanyId=2;
02/09/2021 08:55:48	SQL :EXEC GetUserTreeMenu 'pramudyono hadi','1318',@CompanyId=2;
02/09/2021 08:55:48	SQL :EXEC GetUserTreeMenu 'pramudyono hadi','1319',@CompanyId=2;
02/09/2021 08:55:48	SQL :EXEC GetUserTreeMenu 'pramudyono hadi','1320',@CompanyId=2;
02/09/2021 08:55:48	SQL :EXEC GetUserTreeMenu 'pramudyono hadi','1321',@CompanyId=2;
02/09/2021 08:55:48	SQL :EXEC GetUserSubMenu 'pramudyono hadi','14';
02/09/2021 08:55:48	SQL :EXEC GetUserTreeMenu 'pramudyono hadi','1401',@CompanyId=2;
02/09/2021 08:55:48	SQL :EXEC GetUserTreeMenu 'pramudyono hadi','1402',@CompanyId=2;
02/09/2021 08:55:48	SQL :EXEC GetUserTreeMenu 'pramudyono hadi','1403',@CompanyId=2;
02/09/2021 08:55:48	SQL :EXEC GetUserTreeMenu 'pramudyono hadi','1404',@CompanyId=2;
02/09/2021 08:55:48	SQL :EXEC GetUserTreeMenu 'pramudyono hadi','1406',@CompanyId=2;
02/09/2021 08:55:48	SQL :EXEC GetUserTreeMenu 'pramudyono hadi','1408',@CompanyId=2;
02/09/2021 08:55:48	SQL :EXEC GetUserTreeMenu 'pramudyono hadi','1410',@CompanyId=2;
02/09/2021 08:55:48	SQL :EXEC GetUserTreeMenu 'pramudyono hadi','1411',@CompanyId=2;
02/09/2021 08:55:48	SQL :EXEC GetUserTreeMenu 'pramudyono hadi','1412',@CompanyId=2;
02/09/2021 08:55:48	SQL :EXEC GetUserTreeMenu 'pramudyono hadi','1413',@CompanyId=2;
02/09/2021 08:55:48	SQL :EXEC GetUserTreeMenu 'pramudyono hadi','1414',@CompanyId=2;
02/09/2021 08:55:48	SQL :EXEC GetUserSubMenu 'pramudyono hadi','15';
02/09/2021 08:55:48	SQL :EXEC GetUserTreeMenu 'pramudyono hadi','1501',@CompanyId=2;
02/09/2021 08:55:48	SQL :EXEC GetUserTreeMenu 'pramudyono hadi','1502',@CompanyId=2;
02/09/2021 08:55:48	SQL :EXEC GetUserTreeMenu 'pramudyono hadi','1503',@CompanyId=2;
02/09/2021 08:55:48	SQL :EXEC GetUserTreeMenu 'pramudyono hadi','1504',@CompanyId=2;
02/09/2021 08:55:48	SQL :EXEC GetUserTreeMenu 'pramudyono hadi','1505',@CompanyId=2;
02/09/2021 08:55:48	SQL :EXEC GetUserTreeMenu 'pramudyono hadi','1506',@CompanyId=2;
02/09/2021 08:55:48	SQL :EXEC GetUserTreeMenu 'pramudyono hadi','1507',@CompanyId=2;
02/09/2021 08:55:48	SQL :EXEC GetUserTreeMenu 'pramudyono hadi','1508',@CompanyId=2;
02/09/2021 08:55:48	SQL :EXEC GetUserTreeMenu 'pramudyono hadi','1509',@CompanyId=2;
02/09/2021 08:55:48	SQL :EXEC GetUserTreeMenu 'pramudyono hadi','1510',@CompanyId=2;
02/09/2021 08:55:48	SQL :EXEC GetUserTreeMenu 'pramudyono hadi','1511',@CompanyId=2;
02/09/2021 08:55:48	SQL :EXEC GetUserSubMenu 'pramudyono hadi','16';
02/09/2021 08:55:48	SQL :EXEC GetUserTreeMenu 'pramudyono hadi','1601',@CompanyId=2;
02/09/2021 08:55:48	SQL :EXEC GetUserTreeMenu 'pramudyono hadi','1602',@CompanyId=2;
02/09/2021 08:55:48	SQL :EXEC GetUserTreeMenu 'pramudyono hadi','1603',@CompanyId=2;
02/09/2021 08:55:48	SQL :EXEC GetUserTreeMenu 'pramudyono hadi','1604',@CompanyId=2;
02/09/2021 08:55:48	SQL :EXEC GetUserTreeMenu 'pramudyono hadi','1605',@CompanyId=2;
02/09/2021 08:55:48	SQL :EXEC GetUserTreeMenu 'pramudyono hadi','1606',@CompanyId=2;
02/09/2021 08:55:48	SQL :EXEC GetUserTreeMenu 'pramudyono hadi','1607',@CompanyId=2;
02/09/2021 08:55:48	SQL :EXEC GetUserTreeMenu 'pramudyono hadi','1608',@CompanyId=2;
02/09/2021 08:55:48	SQL :EXEC GetUserTreeMenu 'pramudyono hadi','1609',@CompanyId=2;
02/09/2021 08:55:48	SQL :EXEC GetUserTreeMenu 'pramudyono hadi','1610',@CompanyId=2;
02/09/2021 08:55:48	SQL :EXEC GetUserTreeMenu 'pramudyono hadi','1611',@CompanyId=2;
02/09/2021 08:55:48	SQL :EXEC GetUserTreeMenu 'pramudyono hadi','1612',@CompanyId=2;
02/09/2021 08:55:48	SQL :EXEC GetUserTreeMenu 'pramudyono hadi','1613',@CompanyId=2;
02/09/2021 08:55:48	SQL :EXEC GetUserTreeMenu 'pramudyono hadi','1614',@CompanyId=2;
02/09/2021 08:55:48	SQL :EXEC GetUserTreeMenu 'pramudyono hadi','1615',@CompanyId=2;
02/09/2021 08:55:48	SQL :EXEC GetUserTreeMenu 'pramudyono hadi','1616',@CompanyId=2;
02/09/2021 08:55:48	SQL :EXEC GetUserTreeMenu 'pramudyono hadi','1619',@CompanyId=2;
02/09/2021 08:55:48	SQL :EXEC GetUserTreeMenu 'pramudyono hadi','1620',@CompanyId=2;
02/09/2021 08:55:48	SQL :EXEC GetUserSubMenu 'pramudyono hadi','17';
02/09/2021 08:55:48	SQL :EXEC GetUserTreeMenu 'pramudyono hadi','1701',@CompanyId=2;
02/09/2021 08:55:48	SQL :EXEC GetUserTreeMenu 'pramudyono hadi','1702',@CompanyId=2;
02/09/2021 08:55:48	SQL :EXEC GetUserTreeMenu 'pramudyono hadi','1703',@CompanyId=2;
02/09/2021 08:55:48	SQL :EXEC GetUserTreeMenu 'pramudyono hadi','1704',@CompanyId=2;
02/09/2021 08:55:48	SQL :EXEC GetUserTreeMenu 'pramudyono hadi','1705',@CompanyId=2;
02/09/2021 08:55:48	SQL :EXEC GetUserTreeMenu 'pramudyono hadi','1706',@CompanyId=2;
02/09/2021 08:55:48	SQL :EXEC GetUserTreeMenu 'pramudyono hadi','1707',@CompanyId=2;
02/09/2021 08:55:48	SQL :EXEC GetUserTreeMenu 'pramudyono hadi','1708',@CompanyId=2;
02/09/2021 08:55:48	SQL :EXEC GetUserTreeMenu 'pramudyono hadi','1709',@CompanyId=2;
02/09/2021 08:55:48	SQL :EXEC GetUserTreeMenu 'pramudyono hadi','1710',@CompanyId=2;
02/09/2021 08:55:48	SQL :EXEC GetUserTreeMenu 'pramudyono hadi','1711',@CompanyId=2;
02/09/2021 08:55:48	SQL :EXEC GetUserTreeMenu 'pramudyono hadi','1712',@CompanyId=2;
02/09/2021 08:55:48	SQL :EXEC GetUserTreeMenu 'pramudyono hadi','1713',@CompanyId=2;
02/09/2021 08:55:48	SQL :EXEC GetUserTreeMenu 'pramudyono hadi','1714',@CompanyId=2;
02/09/2021 08:55:48	SQL :EXEC GetUserTreeMenu 'pramudyono hadi','1715',@CompanyId=2;
02/09/2021 08:55:48	SQL :EXEC GetUserTreeMenu 'pramudyono hadi','1716',@CompanyId=2;
02/09/2021 08:55:48	SQL :EXEC GetUserTreeMenu 'pramudyono hadi','1717',@CompanyId=2;
02/09/2021 08:55:48	SQL :EXEC GetUserSubMenu 'pramudyono hadi','18';
02/09/2021 08:55:48	SQL :EXEC GetUserTreeMenu 'pramudyono hadi','1801',@CompanyId=2;
02/09/2021 08:55:48	SQL :EXEC GetUserSubMenu 'pramudyono hadi','19';
02/09/2021 08:55:48	SQL :EXEC GetUserTreeMenu 'pramudyono hadi','1901',@CompanyId=2;
02/09/2021 08:55:48	SQL :EXEC GetUserTreeMenu 'pramudyono hadi','1902',@CompanyId=2;
02/09/2021 08:55:48	SQL :EXEC GetUserTreeMenu 'pramudyono hadi','1903',@CompanyId=2;
02/09/2021 08:55:48	SQL :EXEC GetUserTreeMenu 'pramudyono hadi','1904',@CompanyId=2;
02/09/2021 08:55:48	SQL :EXEC GetUserTreeMenu 'pramudyono hadi','1905',@CompanyId=2;
02/09/2021 08:55:48	SQL :EXEC GetUserTreeMenu 'pramudyono hadi','1906',@CompanyId=2;
02/09/2021 08:55:48	SQL :EXEC GetUserTreeMenu 'pramudyono hadi','1907',@CompanyId=2;
02/09/2021 08:55:48	SQL :EXEC GetUserTreeMenu 'pramudyono hadi','1908',@CompanyId=2;
02/09/2021 08:55:48	SQL :EXEC GetUserTreeMenu 'pramudyono hadi','1909',@CompanyId=2;
02/09/2021 08:55:48	SQL :EXEC GetUserTreeMenu 'pramudyono hadi','1910',@CompanyId=2;
02/09/2021 08:55:48	SQL :EXEC GetUserTreeMenu 'pramudyono hadi','1911',@CompanyId=2;
02/09/2021 08:55:48	SQL :EXEC GetUserTreeMenu 'pramudyono hadi','1912',@CompanyId=2;
02/09/2021 08:55:48	SQL :SELECT CONVERT(VARCHAR(8),GETDATE(),108) AS hour_minute;
02/09/2021 08:55:48	SQL :SELECT CONVERT(VARCHAR(10),GETDATE(),103) AS date_time;
02/09/2021 08:55:49	Loading Setting
02/09/2021 08:55:49	Open DB Connection
02/09/2021 08:55:49	SQL :SELECT * FROM wh_setting WHERE setting_name='Hold_Less_Deposit';
02/09/2021 08:55:49	SQL :SELECT * FROM wh_setting WHERE setting_name='Max_Less_Deposit';
02/09/2021 08:55:49	SQL :SELECT * FROM wh_setting WHERE setting_name='Dashboard_2';
02/09/2021 08:55:49	Finish Logging
02/09/2021 08:55:49	SQL :SELECT value_string FROM wh_setting WHERE (setting_name='Interval_CheckInDate') AND (active=1);
02/09/2021 08:55:49	SQL :SELECT value_string FROM wh_setting WHERE (setting_name='Interval_CheckInTime') AND (active=1);
02/09/2021 08:55:49	SQL :SELECT value_string FROM wh_setting WHERE (setting_name='ChatEnable') and (active=1);
02/09/2021 08:55:49	Message:Port Check
02/09/2021 08:55:49	Message:Open DB Connection
02/09/2021 08:55:49	SQL :EXEC GetMessage '01','pramudyono hadi';
02/09/2021 08:55:50	SQL :SELECT CONVERT(VARCHAR(8),GETDATE(),108) AS hour_minute;
02/09/2021 08:55:50	SQL :SELECT CONVERT(VARCHAR(10),GETDATE(),103) AS date_time;
02/09/2021 09:05:21	Message:Port Check
02/09/2021 09:05:21	Message:Open DB Connection
02/09/2021 09:05:21	SQL :EXEC GetMessage '01','pramudyono hadi';
02/09/2021 09:05:21	SQL :SELECT CONVERT(VARCHAR(8),GETDATE(),108) AS hour_minute;
02/09/2021 09:05:21	SQL :SELECT CONVERT(VARCHAR(10),GETDATE(),103) AS date_time;
02/09/2021 09:15:27	Message:Port Check
02/09/2021 09:15:27	Message:Open DB Connection
02/09/2021 09:15:27	SQL :EXEC GetMessage '01','pramudyono hadi';
02/09/2021 09:15:27	SQL :SELECT CONVERT(VARCHAR(8),GETDATE(),108) AS hour_minute;
02/09/2021 09:15:27	SQL :SELECT CONVERT(VARCHAR(10),GETDATE(),103) AS date_time;
02/09/2021 09:25:33	Message:Port Check
02/09/2021 09:25:33	Message:Open DB Connection
02/09/2021 09:25:33	SQL :EXEC GetMessage '01','pramudyono hadi';
02/09/2021 09:25:33	SQL :SELECT CONVERT(VARCHAR(8),GETDATE(),108) AS hour_minute;
02/09/2021 09:25:33	SQL :SELECT CONVERT(VARCHAR(10),GETDATE(),103) AS date_time;
02/09/2021 09:35:40	Message:Port Check
02/09/2021 09:35:40	Message:Open DB Connection
02/09/2021 09:35:40	SQL :EXEC GetMessage '01','pramudyono hadi';
02/09/2021 09:35:40	SQL :SELECT CONVERT(VARCHAR(8),GETDATE(),108) AS hour_minute;
02/09/2021 09:35:40	SQL :SELECT CONVERT(VARCHAR(10),GETDATE(),103) AS date_time;
02/09/2021 09:45:47	Message:Port Check
02/09/2021 09:45:47	Message:Open DB Connection
02/09/2021 09:45:47	SQL :EXEC GetMessage '01','pramudyono hadi';
02/09/2021 09:45:47	SQL :SELECT CONVERT(VARCHAR(8),GETDATE(),108) AS hour_minute;
02/09/2021 09:45:47	SQL :SELECT CONVERT(VARCHAR(10),GETDATE(),103) AS date_time;
02/09/2021 09:55:53	Message:Port Check
02/09/2021 09:55:53	Message:Open DB Connection
02/09/2021 09:55:53	SQL :EXEC GetMessage '01','pramudyono hadi';
02/09/2021 09:55:53	SQL :SELECT CONVERT(VARCHAR(8),GETDATE(),108) AS hour_minute;
02/09/2021 09:55:53	SQL :SELECT CONVERT(VARCHAR(10),GETDATE(),103) AS date_time;
02/09/2021 10:05:58	Message:Port Check
02/09/2021 10:05:58	Message:Open DB Connection
02/09/2021 10:05:58	SQL :EXEC GetMessage '01','pramudyono hadi';
02/09/2021 10:05:58	SQL :SELECT CONVERT(VARCHAR(8),GETDATE(),108) AS hour_minute;
02/09/2021 10:05:58	SQL :SELECT CONVERT(VARCHAR(10),GETDATE(),103) AS date_time;
02/09/2021 10:16:05	Message:Port Check
02/09/2021 10:16:05	Message:Open DB Connection
02/09/2021 10:16:05	SQL :EXEC GetMessage '01','pramudyono hadi';
02/09/2021 10:16:05	SQL :SELECT CONVERT(VARCHAR(8),GETDATE(),108) AS hour_minute;
02/09/2021 10:16:05	SQL :SELECT CONVERT(VARCHAR(10),GETDATE(),103) AS date_time;
02/09/2021 10:26:12	Message:Port Check
02/09/2021 10:26:12	Message:Open DB Connection
02/09/2021 10:26:12	SQL :EXEC GetMessage '01','pramudyono hadi';
02/09/2021 10:26:12	SQL :SELECT CONVERT(VARCHAR(8),GETDATE(),108) AS hour_minute;
02/09/2021 10:26:12	SQL :SELECT CONVERT(VARCHAR(10),GETDATE(),103) AS date_time;
02/09/2021 10:26:41	Form Check :ChatClient
02/09/2021 10:26:42	Form Check :AuthorizedForm
02/09/2021 10:26:42	Form Check :RePrintForm
02/09/2021 10:26:42	Form Check :EmployeeSearch
02/09/2021 10:26:42	Form Check :TimeInput03/09/2021 14:33:25	Get Local Settings
03/09/2021 14:33:25	Start Change Local Settings
03/09/2021 14:33:25	Change short date format
03/09/2021 14:33:25	Change Long date format
03/09/2021 14:33:25	Finish Change Local Settings
03/09/2021 14:33:25	Registry Read: Path=SOFTWARE\WEHA\Aplikasi\3
03/09/2021 14:33:25	Registry Read/Write
03/09/2021 14:33:25	Registry Read: Path=SOFTWARE\WEHA\Aplikasi\3
03/09/2021 14:33:25	Create DB Object
03/09/2021 14:33:25	Init DB
03/09/2021 14:33:25	Finish Init DB
03/09/2021 14:33:25	Get File Version
03/09/2021 14:33:25	Change  Caption
03/09/2021 14:33:25	Init Shortkey
03/09/2021 14:36:20	Create DB Object
03/09/2021 14:36:20	Init DB
03/09/2021 14:36:20	Finish Init DB
03/09/2021 14:36:21	Update new version check
03/09/2021 14:36:21	Open DB Connection
03/09/2021 14:36:21	SQL :
03/09/2021 14:36:22	Update check version
03/09/2021 14:36:22	Open DB Connection
03/09/2021 14:36:22	SQL :SELECT version FROM wh_application WHERE application_id=(SELECT MAX(application_id) FROM wh_application);
03/09/2021 14:36:22	Start Login
03/09/2021 14:36:22	Open DB Connection
03/09/2021 14:36:22	SQL :EXEC AuthenticateUser 'pramudyono hadi','6f2b8366efa56f0c06dd6b31fcff8a73';
03/09/2021 14:36:22	SQL :INSERT INTO wh_log (user_id,app_date,app_version,app_version_svr,location_id,company_id,department_id,host_name,ip_address)  VALUES ('pramudyono hadi','03/09/2021','6.1.4.0','6.1.4.0',6,2,13,'DESKTOP-S1PD9OD','192.168.25.214');
03/09/2021 14:36:22	Open DB Connection
03/09/2021 14:36:22	SQL :EXEC GetUserMenu 'pramudyono hadi';
03/09/2021 14:36:22	SQL :EXEC GetUserSubMenu 'pramudyono hadi','11';
03/09/2021 14:36:22	SQL :EXEC GetUserTreeMenu 'pramudyono hadi','1101',@CompanyId=2;
03/09/2021 14:36:22	SQL :EXEC GetUserTreeMenu 'pramudyono hadi','1102',@CompanyId=2;
03/09/2021 14:36:22	SQL :EXEC GetUserTreeMenu 'pramudyono hadi','1103',@CompanyId=2;
03/09/2021 14:36:22	SQL :EXEC GetUserTreeMenu 'pramudyono hadi','1104',@CompanyId=2;
03/09/2021 14:36:22	SQL :EXEC GetUserTreeMenu 'pramudyono hadi','1105',@CompanyId=2;
03/09/2021 14:36:22	SQL :EXEC GetUserTreeMenu 'pramudyono hadi','1106',@CompanyId=2;
03/09/2021 14:36:22	SQL :EXEC GetUserTreeMenu 'pramudyono hadi','1107',@CompanyId=2;
03/09/2021 14:36:22	SQL :EXEC GetUserTreeMenu 'pramudyono hadi','1108',@CompanyId=2;
03/09/2021 14:36:22	SQL :EXEC GetUserTreeMenu 'pramudyono hadi','1109',@CompanyId=2;
03/09/2021 14:36:22	SQL :EXEC GetUserTreeMenu 'pramudyono hadi','1110',@CompanyId=2;
03/09/2021 14:36:22	SQL :EXEC GetUserTreeMenu 'pramudyono hadi','1111',@CompanyId=2;
03/09/2021 14:36:22	SQL :EXEC GetUserTreeMenu 'pramudyono hadi','1112',@CompanyId=2;
03/09/2021 14:36:22	SQL :EXEC GetUserTreeMenu 'pramudyono hadi','1113',@CompanyId=2;
03/09/2021 14:36:22	SQL :EXEC GetUserTreeMenu 'pramudyono hadi','1114',@CompanyId=2;
03/09/2021 14:36:22	SQL :EXEC GetUserTreeMenu 'pramudyono hadi','1115',@CompanyId=2;
03/09/2021 14:36:22	SQL :EXEC GetUserTreeMenu 'pramudyono hadi','1116',@CompanyId=2;
03/09/2021 14:36:22	SQL :EXEC GetUserTreeMenu 'pramudyono hadi','1117',@CompanyId=2;
03/09/2021 14:36:22	SQL :EXEC GetUserTreeMenu 'pramudyono hadi','1198',@CompanyId=2;
03/09/2021 14:36:22	SQL :EXEC GetUserTreeMenu 'pramudyono hadi','1199',@CompanyId=2;
03/09/2021 14:36:22	SQL :EXEC GetUserSubMenu 'pramudyono hadi','12';
03/09/2021 14:36:22	SQL :EXEC GetUserTreeMenu 'pramudyono hadi','1201',@CompanyId=2;
03/09/2021 14:36:22	SQL :EXEC GetUserTreeMenu 'pramudyono hadi','1202',@CompanyId=2;
03/09/2021 14:36:22	SQL :EXEC GetUserTreeMenu 'pramudyono hadi','1203',@CompanyId=2;
03/09/2021 14:36:22	SQL :EXEC GetUserTreeMenu 'pramudyono hadi','1204',@CompanyId=2;
03/09/2021 14:36:22	SQL :EXEC GetUserTreeMenu 'pramudyono hadi','1205',@CompanyId=2;
03/09/2021 14:36:22	SQL :EXEC GetUserTreeMenu 'pramudyono hadi','1206',@CompanyId=2;
03/09/2021 14:36:22	SQL :EXEC GetUserTreeMenu 'pramudyono hadi','1207',@CompanyId=2;
03/09/2021 14:36:22	SQL :EXEC GetUserSubMenu 'pramudyono hadi','13';
03/09/2021 14:36:22	SQL :EXEC GetUserTreeMenu 'pramudyono hadi','1301',@CompanyId=2;
03/09/2021 14:36:23	SQL :EXEC GetUserTreeMenu 'pramudyono hadi','1302',@CompanyId=2;
03/09/2021 14:36:23	SQL :EXEC GetUserTreeMenu 'pramudyono hadi','1303',@CompanyId=2;
03/09/2021 14:36:23	SQL :EXEC GetUserTreeMenu 'pramudyono hadi','1304',@CompanyId=2;
03/09/2021 14:36:23	SQL :EXEC GetUserTreeMenu 'pramudyono hadi','1305',@CompanyId=2;
03/09/2021 14:36:23	SQL :EXEC GetUserTreeMenu 'pramudyono hadi','1306',@CompanyId=2;
03/09/2021 14:36:23	SQL :EXEC GetUserTreeMenu 'pramudyono hadi','1307',@CompanyId=2;
03/09/2021 14:36:23	SQL :EXEC GetUserTreeMenu 'pramudyono hadi','1308',@CompanyId=2;
03/09/2021 14:36:23	SQL :EXEC GetUserTreeMenu 'pramudyono hadi','1309',@CompanyId=2;
03/09/2021 14:36:23	SQL :EXEC GetUserTreeMenu 'pramudyono hadi','1310',@CompanyId=2;
03/09/2021 14:36:23	SQL :EXEC GetUserTreeMenu 'pramudyono hadi','1311',@CompanyId=2;
03/09/2021 14:36:23	SQL :EXEC GetUserTreeMenu 'pramudyono hadi','1312',@CompanyId=2;
03/09/2021 14:36:23	SQL :EXEC GetUserTreeMenu 'pramudyono hadi','1313',@CompanyId=2;
03/09/2021 14:36:23	SQL :EXEC GetUserTreeMenu 'pramudyono hadi','1314',@CompanyId=2;
03/09/2021 14:36:23	SQL :EXEC GetUserTreeMenu 'pramudyono hadi','1315',@CompanyId=2;
03/09/2021 14:36:23	SQL :EXEC GetUserTreeMenu 'pramudyono hadi','1316',@CompanyId=2;
03/09/2021 14:36:23	SQL :EXEC GetUserTreeMenu 'pramudyono hadi','1317',@CompanyId=2;
03/09/2021 14:36:23	SQL :EXEC GetUserTreeMenu 'pramudyono hadi','1318',@CompanyId=2;
03/09/2021 14:36:23	SQL :EXEC GetUserTreeMenu 'pramudyono hadi','1319',@CompanyId=2;
03/09/2021 14:36:23	SQL :EXEC GetUserTreeMenu 'pramudyono hadi','1320',@CompanyId=2;
03/09/2021 14:36:23	SQL :EXEC GetUserTreeMenu 'pramudyono hadi','1321',@CompanyId=2;
03/09/2021 14:36:23	SQL :EXEC GetUserSubMenu 'pramudyono hadi','14';
03/09/2021 14:36:23	SQL :EXEC GetUserTreeMenu 'pramudyono hadi','1401',@CompanyId=2;
03/09/2021 14:36:23	SQL :EXEC GetUserTreeMenu 'pramudyono hadi','1402',@CompanyId=2;
03/09/2021 14:36:23	SQL :EXEC GetUserTreeMenu 'pramudyono hadi','1403',@CompanyId=2;
03/09/2021 14:36:23	SQL :EXEC GetUserTreeMenu 'pramudyono hadi','1404',@CompanyId=2;
03/09/2021 14:36:23	SQL :EXEC GetUserTreeMenu 'pramudyono hadi','1406',@CompanyId=2;
03/09/2021 14:36:23	SQL :EXEC GetUserTreeMenu 'pramudyono hadi','1408',@CompanyId=2;
03/09/2021 14:36:23	SQL :EXEC GetUserTreeMenu 'pramudyono hadi','1410',@CompanyId=2;
03/09/2021 14:36:23	SQL :EXEC GetUserTreeMenu 'pramudyono hadi','1411',@CompanyId=2;
03/09/2021 14:36:23	SQL :EXEC GetUserTreeMenu 'pramudyono hadi','1412',@CompanyId=2;
03/09/2021 14:36:23	SQL :EXEC GetUserTreeMenu 'pramudyono hadi','1413',@CompanyId=2;
03/09/2021 14:36:23	SQL :EXEC GetUserTreeMenu 'pramudyono hadi','1414',@CompanyId=2;
03/09/2021 14:36:23	SQL :EXEC GetUserSubMenu 'pramudyono hadi','15';
03/09/2021 14:36:24	SQL :EXEC GetUserTreeMenu 'pramudyono hadi','1501',@CompanyId=2;
03/09/2021 14:36:24	SQL :EXEC GetUserTreeMenu 'pramudyono hadi','1502',@CompanyId=2;
03/09/2021 14:36:24	SQL :EXEC GetUserTreeMenu 'pramudyono hadi','1503',@CompanyId=2;
03/09/2021 14:36:24	SQL :EXEC GetUserTreeMenu 'pramudyono hadi','1504',@CompanyId=2;
03/09/2021 14:36:24	SQL :EXEC GetUserTreeMenu 'pramudyono hadi','1505',@CompanyId=2;
03/09/2021 14:36:24	SQL :EXEC GetUserTreeMenu 'pramudyono hadi','1506',@CompanyId=2;
03/09/2021 14:36:24	SQL :EXEC GetUserTreeMenu 'pramudyono hadi','1507',@CompanyId=2;
03/09/2021 14:36:24	SQL :EXEC GetUserTreeMenu 'pramudyono hadi','1508',@CompanyId=2;
03/09/2021 14:36:24	SQL :EXEC GetUserTreeMenu 'pramudyono hadi','1509',@CompanyId=2;
03/09/2021 14:36:24	SQL :EXEC GetUserTreeMenu 'pramudyono hadi','1510',@CompanyId=2;
03/09/2021 14:36:24	SQL :EXEC GetUserTreeMenu 'pramudyono hadi','1511',@CompanyId=2;
03/09/2021 14:36:24	SQL :EXEC GetUserSubMenu 'pramudyono hadi','16';
03/09/2021 14:36:24	SQL :EXEC GetUserTreeMenu 'pramudyono hadi','1601',@CompanyId=2;
03/09/2021 14:36:24	SQL :EXEC GetUserTreeMenu 'pramudyono hadi','1602',@CompanyId=2;
03/09/2021 14:36:24	SQL :EXEC GetUserTreeMenu 'pramudyono hadi','1603',@CompanyId=2;
03/09/2021 14:36:24	SQL :EXEC GetUserTreeMenu 'pramudyono hadi','1604',@CompanyId=2;
03/09/2021 14:36:24	SQL :EXEC GetUserTreeMenu 'pramudyono hadi','1605',@CompanyId=2;
03/09/2021 14:36:24	SQL :EXEC GetUserTreeMenu 'pramudyono hadi','1606',@CompanyId=2;
03/09/2021 14:36:24	SQL :EXEC GetUserTreeMenu 'pramudyono hadi','1607',@CompanyId=2;
03/09/2021 14:36:24	SQL :EXEC GetUserTreeMenu 'pramudyono hadi','1608',@CompanyId=2;
03/09/2021 14:36:24	SQL :EXEC GetUserTreeMenu 'pramudyono hadi','1609',@CompanyId=2;
03/09/2021 14:36:24	SQL :EXEC GetUserTreeMenu 'pramudyono hadi','1610',@CompanyId=2;
03/09/2021 14:36:24	SQL :EXEC GetUserTreeMenu 'pramudyono hadi','1611',@CompanyId=2;
03/09/2021 14:36:24	SQL :EXEC GetUserTreeMenu 'pramudyono hadi','1612',@CompanyId=2;
03/09/2021 14:36:24	SQL :EXEC GetUserTreeMenu 'pramudyono hadi','1613',@CompanyId=2;
03/09/2021 14:36:24	SQL :EXEC GetUserTreeMenu 'pramudyono hadi','1614',@CompanyId=2;
03/09/2021 14:36:25	SQL :EXEC GetUserTreeMenu 'pramudyono hadi','1615',@CompanyId=2;
03/09/2021 14:36:25	SQL :EXEC GetUserTreeMenu 'pramudyono hadi','1616',@CompanyId=2;
03/09/2021 14:36:25	SQL :EXEC GetUserTreeMenu 'pramudyono hadi','1619',@CompanyId=2;
03/09/2021 14:36:25	SQL :EXEC GetUserTreeMenu 'pramudyono hadi','1620',@CompanyId=2;
03/09/2021 14:36:25	SQL :EXEC GetUserSubMenu 'pramudyono hadi','17';
03/09/2021 14:36:25	SQL :EXEC GetUserTreeMenu 'pramudyono hadi','1701',@CompanyId=2;
03/09/2021 14:36:25	SQL :EXEC GetUserTreeMenu 'pramudyono hadi','1702',@CompanyId=2;
03/09/2021 14:36:25	SQL :EXEC GetUserTreeMenu 'pramudyono hadi','1703',@CompanyId=2;
03/09/2021 14:36:25	SQL :EXEC GetUserTreeMenu 'pramudyono hadi','1704',@CompanyId=2;
03/09/2021 14:36:25	SQL :EXEC GetUserTreeMenu 'pramudyono hadi','1705',@CompanyId=2;
03/09/2021 14:36:25	SQL :EXEC GetUserTreeMenu 'pramudyono hadi','1706',@CompanyId=2;
03/09/2021 14:36:25	SQL :EXEC GetUserTreeMenu 'pramudyono hadi','1707',@CompanyId=2;
03/09/2021 14:36:25	SQL :EXEC GetUserTreeMenu 'pramudyono hadi','1708',@CompanyId=2;
03/09/2021 14:36:25	SQL :EXEC GetUserTreeMenu 'pramudyono hadi','1709',@CompanyId=2;
03/09/2021 14:36:25	SQL :EXEC GetUserTreeMenu 'pramudyono hadi','1710',@CompanyId=2;
03/09/2021 14:36:25	SQL :EXEC GetUserTreeMenu 'pramudyono hadi','1711',@CompanyId=2;
03/09/2021 14:36:25	SQL :EXEC GetUserTreeMenu 'pramudyono hadi','1712',@CompanyId=2;
03/09/2021 14:36:25	SQL :EXEC GetUserTreeMenu 'pramudyono hadi','1713',@CompanyId=2;
03/09/2021 14:36:25	SQL :EXEC GetUserTreeMenu 'pramudyono hadi','1714',@CompanyId=2;
03/09/2021 14:36:25	SQL :EXEC GetUserTreeMenu 'pramudyono hadi','1715',@CompanyId=2;
03/09/2021 14:36:25	SQL :EXEC GetUserTreeMenu 'pramudyono hadi','1716',@CompanyId=2;
03/09/2021 14:36:25	SQL :EXEC GetUserTreeMenu 'pramudyono hadi','1717',@CompanyId=2;
03/09/2021 14:36:25	SQL :EXEC GetUserSubMenu 'pramudyono hadi','18';
03/09/2021 14:36:25	SQL :EXEC GetUserTreeMenu 'pramudyono hadi','1801',@CompanyId=2;
03/09/2021 14:36:25	SQL :EXEC GetUserSubMenu 'pramudyono hadi','19';
03/09/2021 14:36:25	SQL :EXEC GetUserTreeMenu 'pramudyono hadi','1901',@CompanyId=2;
03/09/2021 14:36:25	SQL :EXEC GetUserTreeMenu 'pramudyono hadi','1902',@CompanyId=2;
03/09/2021 14:36:25	SQL :EXEC GetUserTreeMenu 'pramudyono hadi','1903',@CompanyId=2;
03/09/2021 14:36:25	SQL :EXEC GetUserTreeMenu 'pramudyono hadi','1904',@CompanyId=2;
03/09/2021 14:36:25	SQL :EXEC GetUserTreeMenu 'pramudyono hadi','1905',@CompanyId=2;
03/09/2021 14:36:25	SQL :EXEC GetUserTreeMenu 'pramudyono hadi','1906',@CompanyId=2;
03/09/2021 14:36:25	SQL :EXEC GetUserTreeMenu 'pramudyono hadi','1907',@CompanyId=2;
03/09/2021 14:36:25	SQL :EXEC GetUserTreeMenu 'pramudyono hadi','1908',@CompanyId=2;
03/09/2021 14:36:25	SQL :EXEC GetUserTreeMenu 'pramudyono hadi','1909',@CompanyId=2;
03/09/2021 14:36:26	SQL :EXEC GetUserTreeMenu 'pramudyono hadi','1910',@CompanyId=2;
03/09/2021 14:36:26	SQL :EXEC GetUserTreeMenu 'pramudyono hadi','1911',@CompanyId=2;
03/09/2021 14:36:26	SQL :EXEC GetUserTreeMenu 'pramudyono hadi','1912',@CompanyId=2;
03/09/2021 14:36:26	SQL :SELECT CONVERT(VARCHAR(8),GETDATE(),108) AS hour_minute;
03/09/2021 14:36:26	SQL :SELECT CONVERT(VARCHAR(10),GETDATE(),103) AS date_time;
03/09/2021 14:36:26	Loading Setting
03/09/2021 14:36:26	Open DB Connection
03/09/2021 14:36:26	SQL :SELECT * FROM wh_setting WHERE setting_name='Hold_Less_Deposit';
03/09/2021 14:36:26	SQL :SELECT * FROM wh_setting WHERE setting_name='Max_Less_Deposit';
03/09/2021 14:36:26	SQL :SELECT * FROM wh_setting WHERE setting_name='Dashboard_2';
03/09/2021 14:36:26	Finish Logging
03/09/2021 14:36:26	SQL :SELECT value_string FROM wh_setting WHERE (setting_name='Interval_CheckInDate') AND (active=1);
03/09/2021 14:36:26	SQL :SELECT value_string FROM wh_setting WHERE (setting_name='Interval_CheckInTime') AND (active=1);
03/09/2021 14:36:26	SQL :SELECT value_string FROM wh_setting WHERE (setting_name='ChatEnable') and (active=1);
03/09/2021 14:36:27	Message:Port Check
03/09/2021 14:36:27	Message:Open DB Connection
03/09/2021 14:36:27	SQL :EXEC GetMessage '01','pramudyono hadi';
03/09/2021 14:36:27	SQL :SELECT CONVERT(VARCHAR(8),GETDATE(),108) AS hour_minute;
03/09/2021 14:36:27	SQL :SELECT CONVERT(VARCHAR(10),GETDATE(),103) AS date_time;
03/09/2021 14:36:37	Open Menu :180105
03/09/2021 14:36:37	Open DB Connection
03/09/2021 14:36:37	SQL :EXEC AuthMenu 'pramudyono hadi',180105;
03/09/2021 14:36:37	Form Check :EmployeeList
03/09/2021 14:36:37	Open DB Connection
03/09/2021 14:36:37	SQL :EXEC GetCompanyLocationList
03/09/2021 14:36:37	Open DB Connection
03/09/2021 14:36:43	SQL :EXEC GetEmployeeList 3,6,9,@CompanyId=2;
03/09/2021 14:37:04	Open Menu :130217
03/09/2021 14:37:04	Open DB Connection
03/09/2021 14:37:04	SQL :EXEC AuthMenu 'pramudyono hadi',130217;
03/09/2021 14:37:04	Form Check :EmployeeList
03/09/2021 14:37:04	Open DB Connection
03/09/2021 14:37:04	SQL :EXEC GetCompanyLocationList
03/09/2021 14:37:04	Open DB Connection
03/09/2021 14:37:07	SQL :EXEC GetEmployeeList 4,6,1,@CompanyId=2;
03/09/2021 14:40:08	Form Check :EmployeeForm
03/09/2021 14:40:08	Open DB Connection
03/09/2021 14:40:08	SQL :SELECT * FROM wh_education
03/09/2021 14:40:08	SQL :SELECT * FROM wh_religion
03/09/2021 14:40:08	SQL :SELECT * FROM wh_reference WHERE company_id=2
03/09/2021 14:40:08	SQL :EXEC GetCompanyLocationList
03/09/2021 14:40:08	SQL :SELECT * FROM wh_license_type
03/09/2021 14:40:08	SQL :SELECT * FROM wh_department WHERE active=1
03/09/2021 14:40:08	Open DB Connection
03/09/2021 14:40:08	SQL :EXEC GetEmployeeDetail BB18110001
03/09/2021 14:40:09	SQL :SELECT * FROM wh_empl_image WHERE empl_image_id=(SELECT MAX(empl_image_id) FROM wh_empl_image  WHERE employee_id='BB18110001' AND image_id=1);
03/09/2021 14:40:09	SQL :SELECT * FROM wh_empl_image WHERE empl_image_id=(SELECT MAX(empl_image_id) FROM wh_empl_image  WHERE employee_id='BB18110001' AND image_id=2);
03/09/2021 14:40:09	SQL :SELECT * FROM wh_empl_image WHERE empl_image_id=(SELECT MAX(empl_image_id) FROM wh_empl_image  WHERE employee_id='BB18110001' AND image_id=6);
03/09/2021 14:40:09	SQL :SELECT * FROM wh_empl_image WHERE empl_image_id=(SELECT MAX(empl_image_id) FROM wh_empl_image  WHERE employee_id='BB18110001' AND image_id=5);
03/09/2021 14:40:09	Open DB Connection
03/09/2021 14:40:09	SQL :SELECT a.empl_mutation_id,CONVERT(VARCHAR(10),a.from_date,105) AS from_date,COALESCE(CONVERT(VARCHAR(10),a.to_date,105),'') AS to_date  ,b.name AS company,c.location,d.status,a.description AS descr FROM wh_empl_mutation a  INNER JOIN wh_company b ON b.company_id=a.company_id INNER JOIN wh_location c ON c.location_id=a.location_id INNER JOIN wh_empl_status d ON d.status_id=a.status_id WHERE employee_id='BB18110001';
03/09/2021 14:40:26	Form Check :EmployeeForm
03/09/2021 14:40:26	Open DB Connection
03/09/2021 14:40:26	SQL :SELECT * FROM wh_education
03/09/2021 14:40:26	SQL :SELECT * FROM wh_religion
03/09/2021 14:40:26	SQL :SELECT * FROM wh_reference WHERE company_id=2
03/09/2021 14:40:26	SQL :EXEC GetCompanyLocationList
03/09/2021 14:40:26	SQL :SELECT * FROM wh_license_type
03/09/2021 14:40:26	SQL :SELECT * FROM wh_department WHERE active=1
03/09/2021 14:40:26	Open DB Connection
03/09/2021 14:40:26	SQL :EXEC GetEmployeeDetail BB18110001
03/09/2021 14:40:27	SQL :SELECT * FROM wh_empl_image WHERE empl_image_id=(SELECT MAX(empl_image_id) FROM wh_empl_image  WHERE employee_id='BB18110001' AND image_id=1);
03/09/2021 14:40:27	SQL :SELECT * FROM wh_empl_image WHERE empl_image_id=(SELECT MAX(empl_image_id) FROM wh_empl_image  WHERE employee_id='BB18110001' AND image_id=2);
03/09/2021 14:40:27	SQL :SELECT * FROM wh_empl_image WHERE empl_image_id=(SELECT MAX(empl_image_id) FROM wh_empl_image  WHERE employee_id='BB18110001' AND image_id=6);
03/09/2021 14:40:27	SQL :SELECT * FROM wh_empl_image WHERE empl_image_id=(SELECT MAX(empl_image_id) FROM wh_empl_image  WHERE employee_id='BB18110001' AND image_id=5);
03/09/2021 14:40:27	Open DB Connection
03/09/2021 14:40:27	SQL :SELECT a.empl_mutation_id,CONVERT(VARCHAR(10),a.from_date,105) AS from_date,COALESCE(CONVERT(VARCHAR(10),a.to_date,105),'') AS to_date  ,b.name AS company,c.location,d.status,a.description AS descr FROM wh_empl_mutation a  INNER JOIN wh_company b ON b.company_id=a.company_id INNER JOIN wh_location c ON c.location_id=a.location_id INNER JOIN wh_empl_status d ON d.status_id=a.status_id WHERE employee_id='BB18110001';
03/09/2021 14:40:28	Open DB Connection
03/09/2021 14:40:51	Open DB Connection
03/09/2021 14:40:56	Open DB Connection
03/09/2021 14:41:07	Form Check :EmployeeForm
03/09/2021 14:41:07	Open DB Connection
03/09/2021 14:41:07	SQL :SELECT * FROM wh_education
03/09/2021 14:41:07	SQL :SELECT * FROM wh_religion
03/09/2021 14:41:07	SQL :SELECT * FROM wh_reference WHERE company_id=2
03/09/2021 14:41:07	SQL :EXEC GetCompanyLocationList
03/09/2021 14:41:07	SQL :SELECT * FROM wh_license_type
03/09/2021 14:41:07	SQL :SELECT * FROM wh_department WHERE active=1
03/09/2021 14:41:07	Open DB Connection
03/09/2021 14:41:07	SQL :EXEC GetEmployeeDetail BB18110002
03/09/2021 14:41:07	SQL :SELECT * FROM wh_empl_image WHERE empl_image_id=(SELECT MAX(empl_image_id) FROM wh_empl_image  WHERE employee_id='BB18110002' AND image_id=1);
03/09/2021 14:41:07	SQL :SELECT * FROM wh_empl_image WHERE empl_image_id=(SELECT MAX(empl_image_id) FROM wh_empl_image  WHERE employee_id='BB18110002' AND image_id=2);
03/09/2021 14:41:08	SQL :SELECT * FROM wh_empl_image WHERE empl_image_id=(SELECT MAX(empl_image_id) FROM wh_empl_image  WHERE employee_id='BB18110002' AND image_id=6);
03/09/2021 14:41:08	SQL :SELECT * FROM wh_empl_image WHERE empl_image_id=(SELECT MAX(empl_image_id) FROM wh_empl_image  WHERE employee_id='BB18110002' AND image_id=5);
03/09/2021 14:41:08	Open DB Connection
03/09/2021 14:41:08	SQL :SELECT a.empl_mutation_id,CONVERT(VARCHAR(10),a.from_date,105) AS from_date,COALESCE(CONVERT(VARCHAR(10),a.to_date,105),'') AS to_date  ,b.name AS company,c.location,d.status,a.description AS descr FROM wh_empl_mutation a  INNER JOIN wh_company b ON b.company_id=a.company_id INNER JOIN wh_location c ON c.location_id=a.location_id INNER JOIN wh_empl_status d ON d.status_id=a.status_id WHERE employee_id='BB18110002';
03/09/2021 14:41:09	Open DB Connection
03/09/2021 14:41:11	Open DB Connection
03/09/2021 14:41:33	Form Check :EmployeeForm
03/09/2021 14:41:33	Open DB Connection
03/09/2021 14:41:33	SQL :SELECT * FROM wh_education
03/09/2021 14:41:33	SQL :SELECT * FROM wh_religion
03/09/2021 14:41:33	SQL :SELECT * FROM wh_reference WHERE company_id=2
03/09/2021 14:41:33	SQL :EXEC GetCompanyLocationList
03/09/2021 14:41:33	SQL :SELECT * FROM wh_license_type
03/09/2021 14:41:34	SQL :SELECT * FROM wh_department WHERE active=1
03/09/2021 14:41:34	Open DB Connection
03/09/2021 14:41:34	SQL :EXEC GetEmployeeDetail BB18030001
03/09/2021 14:41:34	SQL :SELECT * FROM wh_empl_image WHERE empl_image_id=(SELECT MAX(empl_image_id) FROM wh_empl_image  WHERE employee_id='BB18030001' AND image_id=1);
03/09/2021 14:41:34	SQL :SELECT * FROM wh_empl_image WHERE empl_image_id=(SELECT MAX(empl_image_id) FROM wh_empl_image  WHERE employee_id='BB18030001' AND image_id=2);
03/09/2021 14:41:34	SQL :SELECT * FROM wh_empl_image WHERE empl_image_id=(SELECT MAX(empl_image_id) FROM wh_empl_image  WHERE employee_id='BB18030001' AND image_id=6);
03/09/2021 14:41:34	SQL :SELECT * FROM wh_empl_image WHERE empl_image_id=(SELECT MAX(empl_image_id) FROM wh_empl_image  WHERE employee_id='BB18030001' AND image_id=5);
03/09/2021 14:41:34	Open DB Connection
03/09/2021 14:41:34	SQL :SELECT a.empl_mutation_id,CONVERT(VARCHAR(10),a.from_date,105) AS from_date,COALESCE(CONVERT(VARCHAR(10),a.to_date,105),'') AS to_date  ,b.name AS company,c.location,d.status,a.description AS descr FROM wh_empl_mutation a  INNER JOIN wh_company b ON b.company_id=a.company_id INNER JOIN wh_location c ON c.location_id=a.location_id INNER JOIN wh_empl_status d ON d.status_id=a.status_id WHERE employee_id='BB18030001';
03/09/2021 14:41:37	Open DB Connection
03/09/2021 14:41:39	Open DB Connection
03/09/2021 14:41:52	Form Check :EmployeeForm
03/09/2021 14:41:52	Open DB Connection
03/09/2021 14:41:52	SQL :SELECT * FROM wh_education
03/09/2021 14:41:52	SQL :SELECT * FROM wh_religion
03/09/2021 14:41:52	SQL :SELECT * FROM wh_reference WHERE company_id=2
03/09/2021 14:41:52	SQL :EXEC GetCompanyLocationList
03/09/2021 14:41:52	SQL :SELECT * FROM wh_license_type
03/09/2021 14:41:52	SQL :SELECT * FROM wh_department WHERE active=1
03/09/2021 14:41:52	Open DB Connection
03/09/2021 14:41:52	SQL :EXEC GetEmployeeDetail BB16080063
03/09/2021 14:41:53	SQL :SELECT * FROM wh_empl_image WHERE empl_image_id=(SELECT MAX(empl_image_id) FROM wh_empl_image  WHERE employee_id='BB16080063' AND image_id=1);
03/09/2021 14:41:53	SQL :SELECT * FROM wh_empl_image WHERE empl_image_id=(SELECT MAX(empl_image_id) FROM wh_empl_image  WHERE employee_id='BB16080063' AND image_id=2);
03/09/2021 14:41:53	SQL :SELECT * FROM wh_empl_image WHERE empl_image_id=(SELECT MAX(empl_image_id) FROM wh_empl_image  WHERE employee_id='BB16080063' AND image_id=6);
03/09/2021 14:41:53	SQL :SELECT * FROM wh_empl_image WHERE empl_image_id=(SELECT MAX(empl_image_id) FROM wh_empl_image  WHERE employee_id='BB16080063' AND image_id=5);
03/09/2021 14:41:53	Open DB Connection
03/09/2021 14:41:53	SQL :SELECT a.empl_mutation_id,CONVERT(VARCHAR(10),a.from_date,105) AS from_date,COALESCE(CONVERT(VARCHAR(10),a.to_date,105),'') AS to_date  ,b.name AS company,c.location,d.status,a.description AS descr FROM wh_empl_mutation a  INNER JOIN wh_company b ON b.company_id=a.company_id INNER JOIN wh_location c ON c.location_id=a.location_id INNER JOIN wh_empl_status d ON d.status_id=a.status_id WHERE employee_id='BB16080063';
03/09/2021 14:44:45	Form Check :EmployeeForm
03/09/2021 14:44:46	Open DB Connection
03/09/2021 14:44:46	SQL :SELECT * FROM wh_education
03/09/2021 14:44:46	SQL :SELECT * FROM wh_religion
03/09/2021 14:44:46	SQL :SELECT * FROM wh_reference WHERE company_id=2
03/09/2021 14:44:46	SQL :EXEC GetCompanyLocationList
03/09/2021 14:44:46	SQL :SELECT * FROM wh_license_type
03/09/2021 14:44:46	SQL :SELECT * FROM wh_department WHERE active=1
03/09/2021 14:44:46	Open DB Connection
03/09/2021 14:44:46	SQL :EXEC GetEmployeeDetail BB16080001
03/09/2021 14:44:46	SQL :SELECT * FROM wh_empl_image WHERE empl_image_id=(SELECT MAX(empl_image_id) FROM wh_empl_image  WHERE employee_id='BB16080001' AND image_id=1);
03/09/2021 14:44:46	SQL :SELECT * FROM wh_empl_image WHERE empl_image_id=(SELECT MAX(empl_image_id) FROM wh_empl_image  WHERE employee_id='BB16080001' AND image_id=2);
03/09/2021 14:44:47	SQL :SELECT * FROM wh_empl_image WHERE empl_image_id=(SELECT MAX(empl_image_id) FROM wh_empl_image  WHERE employee_id='BB16080001' AND image_id=6);
03/09/2021 14:44:47	SQL :SELECT * FROM wh_empl_image WHERE empl_image_id=(SELECT MAX(empl_image_id) FROM wh_empl_image  WHERE employee_id='BB16080001' AND image_id=5);
03/09/2021 14:44:47	Open DB Connection
03/09/2021 14:44:47	SQL :SELECT a.empl_mutation_id,CONVERT(VARCHAR(10),a.from_date,105) AS from_date,COALESCE(CONVERT(VARCHAR(10),a.to_date,105),'') AS to_date  ,b.name AS company,c.location,d.status,a.description AS descr FROM wh_empl_mutation a  INNER JOIN wh_company b ON b.company_id=a.company_id INNER JOIN wh_location c ON c.location_id=a.location_id INNER JOIN wh_empl_status d ON d.status_id=a.status_id WHERE employee_id='BB16080001';
03/09/2021 14:44:49	Open DB Connection
03/09/2021 14:45:07	Form Check :EmployeeForm
03/09/2021 14:45:07	Open DB Connection
03/09/2021 14:45:07	SQL :SELECT * FROM wh_education
03/09/2021 14:45:07	SQL :SELECT * FROM wh_religion
03/09/2021 14:45:07	SQL :SELECT * FROM wh_reference WHERE company_id=2
03/09/2021 14:45:07	SQL :EXEC GetCompanyLocationList
03/09/2021 14:45:07	SQL :SELECT * FROM wh_license_type
03/09/2021 14:45:07	SQL :SELECT * FROM wh_department WHERE active=1
03/09/2021 14:45:07	Open DB Connection
03/09/2021 14:45:07	SQL :EXEC GetEmployeeDetail BB16080001
03/09/2021 14:45:08	SQL :SELECT * FROM wh_empl_image WHERE empl_image_id=(SELECT MAX(empl_image_id) FROM wh_empl_image  WHERE employee_id='BB16080001' AND image_id=1);
03/09/2021 14:45:08	SQL :SELECT * FROM wh_empl_image WHERE empl_image_id=(SELECT MAX(empl_image_id) FROM wh_empl_image  WHERE employee_id='BB16080001' AND image_id=2);
03/09/2021 14:45:08	SQL :SELECT * FROM wh_empl_image WHERE empl_image_id=(SELECT MAX(empl_image_id) FROM wh_empl_image  WHERE employee_id='BB16080001' AND image_id=6);
03/09/2021 14:45:08	SQL :SELECT * FROM wh_empl_image WHERE empl_image_id=(SELECT MAX(empl_image_id) FROM wh_empl_image  WHERE employee_id='BB16080001' AND image_id=5);
03/09/2021 14:45:08	Open DB Connection
03/09/2021 14:45:08	SQL :SELECT a.empl_mutation_id,CONVERT(VARCHAR(10),a.from_date,105) AS from_date,COALESCE(CONVERT(VARCHAR(10),a.to_date,105),'') AS to_date  ,b.name AS company,c.location,d.status,a.description AS descr FROM wh_empl_mutation a  INNER JOIN wh_company b ON b.company_id=a.company_id INNER JOIN wh_location c ON c.location_id=a.location_id INNER JOIN wh_empl_status d ON d.status_id=a.status_id WHERE employee_id='BB16080001';
03/09/2021 14:45:09	Open DB Connection
03/09/2021 14:45:29	Open DB Connection
03/09/2021 14:45:40	Open DB Connection
03/09/2021 14:45:55	Open DB Connection
03/09/2021 14:46:50	Message:Port Check
03/09/2021 14:46:50	Message:Open DB Connection
03/09/2021 14:46:50	SQL :EXEC GetMessage '01','pramudyono hadi';
03/09/2021 14:46:50	SQL :SELECT CONVERT(VARCHAR(8),GETDATE(),108) AS hour_minute;
03/09/2021 14:46:50	SQL :SELECT CONVERT(VARCHAR(10),GETDATE(),103) AS date_time;
03/09/2021 14:48:00	Form Check :ChatClient
03/09/2021 14:48:00	Form Check :AuthorizedForm
03/09/2021 14:48:00	Form Check :RePrintForm
03/09/2021 14:48:00	Form Check :EmployeeSearch
03/09/2021 14:48:00	Form Check :TimeInputForm
03/09/2021 14:48:00	Log Out
