24/05/2023 09:13:09	Get Local Settings
24/05/2023 09:13:09	Start Change Local Settings
24/05/2023 09:13:09	Change short date format
24/05/2023 09:13:09	Change Long date format
24/05/2023 09:13:09	Finish Change Local Settings
24/05/2023 09:13:09	Registry Read: Path=SOFTWARE\WEHA\Aplikasi\3
24/05/2023 09:13:09	Registry Read/Write
24/05/2023 09:13:09	Registry Read: Path=SOFTWARE\WEHA\Aplikasi\3
24/05/2023 09:13:09	Registry Read:Fail
24/05/2023 09:13:09	Setting DB Param
24/05/2023 09:13:09	Create DB Object
24/05/2023 09:13:09	Init DB
24/05/2023 09:13:12	Error Create DB Connection
24/05/2023 09:13:14	Change Db Connection to :Provider=MSDASQL.1
24/05/2023 09:13:14	Finish Create DB Connection
24/05/2023 09:13:14	Get File Version
24/05/2023 09:13:14	Change  Caption
24/05/2023 09:13:14	Init Shortkey
24/05/2023 09:13:15	Form Check :Setting
24/05/2023 09:13:15	Form Open: Setting
24/05/2023 09:13:33	Create DB Object
24/05/2023 09:13:33	Init DB
24/05/2023 09:13:33	Finish Init DB
24/05/2023 09:13:33	Port Check
24/05/2023 09:13:33	Connection Check
24/05/2023 09:13:33	Check Success
24/05/2023 09:13:34	Registry Write: 192.168.10.247,wh_prod,sa,SQLNCLI10
24/05/2023 09:13:34	Registry Read: Path=SOFTWARE\WEHA\Aplikasi\3
24/05/2023 09:13:34	Registry Read:Fail
24/05/2023 09:13:39	Create DB Object
24/05/2023 09:13:39	Init DB
24/05/2023 09:13:39	Finish Init DB
24/05/2023 09:13:46	Update new version check
24/05/2023 09:13:46	Open DB Connection
24/05/2023 09:13:46	SQL :
24/05/2023 09:13:46	Update check version
24/05/2023 09:13:46	Open DB Connection
24/05/2023 09:13:46	SQL :SELECT version FROM wh_application WHERE application_id=(SELECT MAX(application_id) FROM wh_application);
24/05/2023 09:13:46	Start Login
24/05/2023 09:13:46	Open DB Connection
24/05/2023 09:13:46	SQL :EXEC AuthenticateUser 'nanang.andriani','3b5929d0c23006c99522f38746d85dd4';
24/05/2023 09:13:46	SQL :INSERT INTO wh_log (user_id,app_date,app_version,app_version_svr,location_id,company_id,department_id,host_name,ip_address)  VALUES ('nanang.andriani','24/05/2023','6.1.5.22','6.1.5.20',6,2,13,'DESKTOP-88BM05S','192.168.25.214');
24/05/2023 09:13:46	Open DB Connection
24/05/2023 09:13:46	SQL :EXEC GetUserMenu 'nanang.andriani';
24/05/2023 09:13:46	SQL :EXEC GetUserSubMenu 'nanang.andriani','11';
24/05/2023 09:13:46	SQL :EXEC GetUserTreeMenu 'nanang.andriani','1101',@CompanyId=2;
24/05/2023 09:13:46	SQL :EXEC GetUserTreeMenu 'nanang.andriani','1102',@CompanyId=2;
24/05/2023 09:13:47	SQL :EXEC GetUserTreeMenu 'nanang.andriani','1103',@CompanyId=2;
24/05/2023 09:13:47	SQL :EXEC GetUserTreeMenu 'nanang.andriani','1104',@CompanyId=2;
24/05/2023 09:13:47	SQL :EXEC GetUserTreeMenu 'nanang.andriani','1105',@CompanyId=2;
24/05/2023 09:13:47	SQL :EXEC GetUserTreeMenu 'nanang.andriani','1106',@CompanyId=2;
24/05/2023 09:13:47	SQL :EXEC GetUserTreeMenu 'nanang.andriani','1107',@CompanyId=2;
24/05/2023 09:13:47	SQL :EXEC GetUserTreeMenu 'nanang.andriani','1108',@CompanyId=2;
24/05/2023 09:13:47	SQL :EXEC GetUserTreeMenu 'nanang.andriani','1109',@CompanyId=2;
24/05/2023 09:13:47	SQL :EXEC GetUserTreeMenu 'nanang.andriani','1110',@CompanyId=2;
24/05/2023 09:13:47	SQL :EXEC GetUserTreeMenu 'nanang.andriani','1111',@CompanyId=2;
24/05/2023 09:13:47	SQL :EXEC GetUserTreeMenu 'nanang.andriani','1112',@CompanyId=2;
24/05/2023 09:13:47	SQL :EXEC GetUserTreeMenu 'nanang.andriani','1113',@CompanyId=2;
24/05/2023 09:13:47	SQL :EXEC GetUserTreeMenu 'nanang.andriani','1114',@CompanyId=2;
24/05/2023 09:13:47	SQL :EXEC GetUserTreeMenu 'nanang.andriani','1115',@CompanyId=2;
24/05/2023 09:13:47	SQL :EXEC GetUserTreeMenu 'nanang.andriani','1116',@CompanyId=2;
24/05/2023 09:13:47	SQL :EXEC GetUserTreeMenu 'nanang.andriani','1117',@CompanyId=2;
24/05/2023 09:13:47	SQL :EXEC GetUserTreeMenu 'nanang.andriani','1198',@CompanyId=2;
24/05/2023 09:13:47	SQL :EXEC GetUserTreeMenu 'nanang.andriani','1199',@CompanyId=2;
24/05/2023 09:13:47	SQL :EXEC GetUserSubMenu 'nanang.andriani','12';
24/05/2023 09:13:47	SQL :EXEC GetUserTreeMenu 'nanang.andriani','1201',@CompanyId=2;
24/05/2023 09:13:47	SQL :EXEC GetUserTreeMenu 'nanang.andriani','1202',@CompanyId=2;
24/05/2023 09:13:47	SQL :EXEC GetUserTreeMenu 'nanang.andriani','1203',@CompanyId=2;
24/05/2023 09:13:47	SQL :EXEC GetUserTreeMenu 'nanang.andriani','1204',@CompanyId=2;
24/05/2023 09:13:47	SQL :EXEC GetUserTreeMenu 'nanang.andriani','1205',@CompanyId=2;
24/05/2023 09:13:47	SQL :EXEC GetUserTreeMenu 'nanang.andriani','1206',@CompanyId=2;
24/05/2023 09:13:48	SQL :EXEC GetUserTreeMenu 'nanang.andriani','1207',@CompanyId=2;
24/05/2023 09:13:48	SQL :EXEC GetUserSubMenu 'nanang.andriani','13';
24/05/2023 09:13:48	SQL :EXEC GetUserTreeMenu 'nanang.andriani','1301',@CompanyId=2;
24/05/2023 09:13:48	SQL :EXEC GetUserTreeMenu 'nanang.andriani','1302',@CompanyId=2;
24/05/2023 09:13:48	SQL :EXEC GetUserTreeMenu 'nanang.andriani','1303',@CompanyId=2;
24/05/2023 09:13:48	SQL :EXEC GetUserTreeMenu 'nanang.andriani','1304',@CompanyId=2;
24/05/2023 09:13:48	SQL :EXEC GetUserTreeMenu 'nanang.andriani','1305',@CompanyId=2;
24/05/2023 09:13:48	SQL :EXEC GetUserTreeMenu 'nanang.andriani','1306',@CompanyId=2;
24/05/2023 09:13:48	SQL :EXEC GetUserTreeMenu 'nanang.andriani','1307',@CompanyId=2;
24/05/2023 09:13:48	SQL :EXEC GetUserTreeMenu 'nanang.andriani','1308',@CompanyId=2;
24/05/2023 09:13:48	SQL :EXEC GetUserTreeMenu 'nanang.andriani','1309',@CompanyId=2;
24/05/2023 09:13:48	SQL :EXEC GetUserTreeMenu 'nanang.andriani','1310',@CompanyId=2;
24/05/2023 09:13:48	SQL :EXEC GetUserTreeMenu 'nanang.andriani','1311',@CompanyId=2;
24/05/2023 09:13:48	SQL :EXEC GetUserTreeMenu 'nanang.andriani','1312',@CompanyId=2;
24/05/2023 09:13:48	SQL :EXEC GetUserTreeMenu 'nanang.andriani','1313',@CompanyId=2;
24/05/2023 09:13:48	SQL :EXEC GetUserTreeMenu 'nanang.andriani','1314',@CompanyId=2;
24/05/2023 09:13:48	SQL :EXEC GetUserTreeMenu 'nanang.andriani','1315',@CompanyId=2;
24/05/2023 09:13:48	SQL :EXEC GetUserTreeMenu 'nanang.andriani','1316',@CompanyId=2;
24/05/2023 09:13:48	SQL :EXEC GetUserTreeMenu 'nanang.andriani','1317',@CompanyId=2;
24/05/2023 09:13:48	SQL :EXEC GetUserTreeMenu 'nanang.andriani','1318',@CompanyId=2;
24/05/2023 09:13:48	SQL :EXEC GetUserTreeMenu 'nanang.andriani','1319',@CompanyId=2;
24/05/2023 09:13:48	SQL :EXEC GetUserTreeMenu 'nanang.andriani','1320',@CompanyId=2;
24/05/2023 09:13:48	SQL :EXEC GetUserTreeMenu 'nanang.andriani','1321',@CompanyId=2;
24/05/2023 09:13:48	SQL :EXEC GetUserTreeMenu 'nanang.andriani','1322',@CompanyId=2;
24/05/2023 09:13:49	SQL :EXEC GetUserSubMenu 'nanang.andriani','14';
24/05/2023 09:13:49	SQL :EXEC GetUserTreeMenu 'nanang.andriani','1401',@CompanyId=2;
24/05/2023 09:13:49	SQL :EXEC GetUserTreeMenu 'nanang.andriani','1402',@CompanyId=2;
24/05/2023 09:13:49	SQL :EXEC GetUserTreeMenu 'nanang.andriani','1403',@CompanyId=2;
24/05/2023 09:13:49	SQL :EXEC GetUserTreeMenu 'nanang.andriani','1404',@CompanyId=2;
24/05/2023 09:13:49	SQL :EXEC GetUserTreeMenu 'nanang.andriani','1406',@CompanyId=2;
24/05/2023 09:13:49	SQL :EXEC GetUserTreeMenu 'nanang.andriani','1408',@CompanyId=2;
24/05/2023 09:13:49	SQL :EXEC GetUserTreeMenu 'nanang.andriani','1410',@CompanyId=2;
24/05/2023 09:13:49	SQL :EXEC GetUserTreeMenu 'nanang.andriani','1411',@CompanyId=2;
24/05/2023 09:13:49	SQL :EXEC GetUserTreeMenu 'nanang.andriani','1412',@CompanyId=2;
24/05/2023 09:13:49	SQL :EXEC GetUserTreeMenu 'nanang.andriani','1413',@CompanyId=2;
24/05/2023 09:13:49	SQL :EXEC GetUserTreeMenu 'nanang.andriani','1414',@CompanyId=2;
24/05/2023 09:13:49	SQL :EXEC GetUserSubMenu 'nanang.andriani','15';
24/05/2023 09:13:49	SQL :EXEC GetUserTreeMenu 'nanang.andriani','1501',@CompanyId=2;
24/05/2023 09:13:49	SQL :EXEC GetUserTreeMenu 'nanang.andriani','1502',@CompanyId=2;
24/05/2023 09:13:49	SQL :EXEC GetUserTreeMenu 'nanang.andriani','1503',@CompanyId=2;
24/05/2023 09:13:49	SQL :EXEC GetUserTreeMenu 'nanang.andriani','1504',@CompanyId=2;
24/05/2023 09:13:49	SQL :EXEC GetUserTreeMenu 'nanang.andriani','1505',@CompanyId=2;
24/05/2023 09:13:49	SQL :EXEC GetUserTreeMenu 'nanang.andriani','1506',@CompanyId=2;
24/05/2023 09:13:49	SQL :EXEC GetUserTreeMenu 'nanang.andriani','1507',@CompanyId=2;
24/05/2023 09:13:49	SQL :EXEC GetUserTreeMenu 'nanang.andriani','1508',@CompanyId=2;
24/05/2023 09:13:49	SQL :EXEC GetUserTreeMenu 'nanang.andriani','1509',@CompanyId=2;
24/05/2023 09:13:50	SQL :EXEC GetUserTreeMenu 'nanang.andriani','1510',@CompanyId=2;
24/05/2023 09:13:50	SQL :EXEC GetUserTreeMenu 'nanang.andriani','1511',@CompanyId=2;
24/05/2023 09:13:50	SQL :EXEC GetUserSubMenu 'nanang.andriani','16';
24/05/2023 09:13:50	SQL :EXEC GetUserTreeMenu 'nanang.andriani','1601',@CompanyId=2;
24/05/2023 09:13:50	SQL :EXEC GetUserTreeMenu 'nanang.andriani','1602',@CompanyId=2;
24/05/2023 09:13:50	SQL :EXEC GetUserTreeMenu 'nanang.andriani','1603',@CompanyId=2;
24/05/2023 09:13:50	SQL :EXEC GetUserTreeMenu 'nanang.andriani','1604',@CompanyId=2;
24/05/2023 09:13:50	SQL :EXEC GetUserTreeMenu 'nanang.andriani','1605',@CompanyId=2;
24/05/2023 09:13:50	SQL :EXEC GetUserTreeMenu 'nanang.andriani','1606',@CompanyId=2;
24/05/2023 09:13:50	SQL :EXEC GetUserTreeMenu 'nanang.andriani','1607',@CompanyId=2;
24/05/2023 09:13:50	SQL :EXEC GetUserTreeMenu 'nanang.andriani','1608',@CompanyId=2;
24/05/2023 09:13:50	SQL :EXEC GetUserTreeMenu 'nanang.andriani','1609',@CompanyId=2;
24/05/2023 09:13:50	SQL :EXEC GetUserTreeMenu 'nanang.andriani','1610',@CompanyId=2;
24/05/2023 09:13:50	SQL :EXEC GetUserTreeMenu 'nanang.andriani','1611',@CompanyId=2;
24/05/2023 09:13:50	SQL :EXEC GetUserTreeMenu 'nanang.andriani','1612',@CompanyId=2;
24/05/2023 09:13:50	SQL :EXEC GetUserTreeMenu 'nanang.andriani','1613',@CompanyId=2;
24/05/2023 09:13:50	SQL :EXEC GetUserTreeMenu 'nanang.andriani','1614',@CompanyId=2;
24/05/2023 09:13:50	SQL :EXEC GetUserTreeMenu 'nanang.andriani','1615',@CompanyId=2;
24/05/2023 09:13:50	SQL :EXEC GetUserTreeMenu 'nanang.andriani','1616',@CompanyId=2;
24/05/2023 09:13:50	SQL :EXEC GetUserTreeMenu 'nanang.andriani','1619',@CompanyId=2;
24/05/2023 09:13:51	SQL :EXEC GetUserTreeMenu 'nanang.andriani','1620',@CompanyId=2;
24/05/2023 09:13:51	SQL :EXEC GetUserSubMenu 'nanang.andriani','17';
24/05/2023 09:13:51	SQL :EXEC GetUserTreeMenu 'nanang.andriani','1701',@CompanyId=2;
24/05/2023 09:13:51	SQL :EXEC GetUserTreeMenu 'nanang.andriani','1702',@CompanyId=2;
24/05/2023 09:13:51	SQL :EXEC GetUserTreeMenu 'nanang.andriani','1703',@CompanyId=2;
24/05/2023 09:13:51	SQL :EXEC GetUserTreeMenu 'nanang.andriani','1704',@CompanyId=2;
24/05/2023 09:13:51	SQL :EXEC GetUserTreeMenu 'nanang.andriani','1705',@CompanyId=2;
24/05/2023 09:13:51	SQL :EXEC GetUserTreeMenu 'nanang.andriani','1706',@CompanyId=2;
24/05/2023 09:13:51	SQL :EXEC GetUserTreeMenu 'nanang.andriani','1707',@CompanyId=2;
24/05/2023 09:13:51	SQL :EXEC GetUserTreeMenu 'nanang.andriani','1708',@CompanyId=2;
24/05/2023 09:13:51	SQL :EXEC GetUserTreeMenu 'nanang.andriani','1709',@CompanyId=2;
24/05/2023 09:13:51	SQL :EXEC GetUserTreeMenu 'nanang.andriani','1710',@CompanyId=2;
24/05/2023 09:13:51	SQL :EXEC GetUserTreeMenu 'nanang.andriani','1711',@CompanyId=2;
24/05/2023 09:13:51	SQL :EXEC GetUserTreeMenu 'nanang.andriani','1712',@CompanyId=2;
24/05/2023 09:13:51	SQL :EXEC GetUserTreeMenu 'nanang.andriani','1713',@CompanyId=2;
24/05/2023 09:13:51	SQL :EXEC GetUserTreeMenu 'nanang.andriani','1714',@CompanyId=2;
24/05/2023 09:13:51	SQL :EXEC GetUserTreeMenu 'nanang.andriani','1715',@CompanyId=2;
24/05/2023 09:13:51	SQL :EXEC GetUserTreeMenu 'nanang.andriani','1716',@CompanyId=2;
24/05/2023 09:13:51	SQL :EXEC GetUserTreeMenu 'nanang.andriani','1717',@CompanyId=2;
24/05/2023 09:13:52	SQL :EXEC GetUserSubMenu 'nanang.andriani','18';
24/05/2023 09:13:52	SQL :EXEC GetUserTreeMenu 'nanang.andriani','1801',@CompanyId=2;
24/05/2023 09:13:52	SQL :EXEC GetUserSubMenu 'nanang.andriani','19';
24/05/2023 09:13:52	SQL :EXEC GetUserTreeMenu 'nanang.andriani','1901',@CompanyId=2;
24/05/2023 09:13:52	SQL :EXEC GetUserTreeMenu 'nanang.andriani','1902',@CompanyId=2;
24/05/2023 09:13:52	SQL :EXEC GetUserTreeMenu 'nanang.andriani','1903',@CompanyId=2;
24/05/2023 09:13:52	SQL :EXEC GetUserTreeMenu 'nanang.andriani','1904',@CompanyId=2;
24/05/2023 09:13:52	SQL :EXEC GetUserTreeMenu 'nanang.andriani','1905',@CompanyId=2;
24/05/2023 09:13:52	SQL :EXEC GetUserTreeMenu 'nanang.andriani','1906',@CompanyId=2;
24/05/2023 09:13:52	SQL :EXEC GetUserTreeMenu 'nanang.andriani','1907',@CompanyId=2;
24/05/2023 09:13:52	SQL :EXEC GetUserTreeMenu 'nanang.andriani','1908',@CompanyId=2;
24/05/2023 09:13:52	SQL :EXEC GetUserTreeMenu 'nanang.andriani','1909',@CompanyId=2;
24/05/2023 09:13:52	SQL :EXEC GetUserTreeMenu 'nanang.andriani','1910',@CompanyId=2;
24/05/2023 09:13:52	SQL :EXEC GetUserTreeMenu 'nanang.andriani','1911',@CompanyId=2;
24/05/2023 09:13:52	SQL :EXEC GetUserTreeMenu 'nanang.andriani','1912',@CompanyId=2;
24/05/2023 09:13:52	SQL :SELECT CONVERT(VARCHAR(8),GETDATE(),108) AS hour_minute;
24/05/2023 09:13:52	SQL :SELECT CONVERT(VARCHAR(10),GETDATE(),103) AS date_time;
24/05/2023 09:13:52	Loading Setting
24/05/2023 09:13:52	Open DB Connection
24/05/2023 09:13:52	SQL :SELECT * FROM wh_setting WHERE setting_name='Hold_Less_Deposit';
24/05/2023 09:13:52	SQL :SELECT * FROM wh_setting WHERE setting_name='Max_Less_Deposit';
24/05/2023 09:13:53	SQL :SELECT * FROM wh_setting WHERE setting_name='Dashboard_2';
24/05/2023 09:13:53	Finish Logging
24/05/2023 09:13:53	SQL :SELECT value_string FROM wh_setting WHERE (setting_name='Interval_CheckInDate') AND (active=1);
24/05/2023 09:13:53	SQL :SELECT value_string FROM wh_setting WHERE (setting_name='Interval_CheckInTime') AND (active=1);
24/05/2023 09:13:53	SQL :SELECT value_string FROM wh_setting WHERE (setting_name='ChatEnable') and (active=1);
24/05/2023 09:13:53	Message:Port Check
24/05/2023 09:13:53	Message:Open DB Connection
24/05/2023 09:13:53	SQL :EXEC GetMessage '01','nanang.andriani';
24/05/2023 09:13:53	SQL :SELECT CONVERT(VARCHAR(8),GETDATE(),108) AS hour_minute;
24/05/2023 09:13:54	SQL :SELECT CONVERT(VARCHAR(10),GETDATE(),103) AS date_time;
24/05/2023 09:14:25	Open Menu :130501
24/05/2023 09:14:25	Open DB Connection
24/05/2023 09:14:25	SQL :EXEC AuthMenu 'nanang.andriani',130501;
24/05/2023 09:14:25	Form Check :SPJFormBus
24/05/2023 09:14:25	Open DB Connection
24/05/2023 09:14:25	SQL :SELECT * FROM wh_setting WHERE (setting_name='Full_Payment_CompanyId_2') AND (active=1);
24/05/2023 09:14:25	SQL :SELECT value_string FROM wh_setting WHERE setting_name='SJ_Range_CompanyId_2';
24/05/2023 09:14:25	SQL :SELECT * FROM wh_setting WHERE (setting_name='PostingData_API_CompanyId_2') AND (active=1);
24/05/2023 09:14:26	Form Check :BookingList
24/05/2023 09:14:26	Form Open: BookingList=Bus,,SJBus-Create,4,a.from_date,30
24/05/2023 09:14:26	Open DB Connection
24/05/2023 09:14:26	SQL :EXEC GetCompanyLocationList
24/05/2023 09:14:26	Open DB Connection
24/05/2023 09:14:26	SQL :EXEC GetReservedOrderList 2,@LocationId=6,@Finish=4,@PaymentDetail=2,@OrderBy='a.from_date',@Range=30;
24/05/2023 09:14:47	Open DB Connection
24/05/2023 09:14:47	SQL :EXEC GetReservedOrderDetailDetail 'RESR230104308';
24/05/2023 09:33:40	Open Menu :190507
24/05/2023 09:33:40	Open DB Connection
24/05/2023 09:33:40	SQL :EXEC AuthMenu 'nanang.andriani',190507;
24/05/2023 09:33:41	Form Check :BusRunningDaysminiRpt
24/05/2023 09:33:41	Form Open: BusRunningDaysMiniRpt=,0
24/05/2023 09:33:41	Open DB Connection
24/05/2023 09:33:41	SQL :EXEC GetCompanyLocationList
24/05/2023 09:33:41	SQL :EXEC GetUserRDLocationList @UserName='nanang.andriani' ;
24/05/2023 09:33:41	SQL :EXEC GetGroup 2;
24/05/2023 09:33:41	Open DB Connection
24/05/2023 09:33:43	Open DB Connection
24/05/2023 09:33:56	Open DB Connection
24/05/2023 09:33:58	Open DB Connection
24/05/2023 09:33:58	SQL :SELECT * FROM wh_setting WHERE (setting_name='ServiceBerkala_as_PKB_2') AND (active=1);
24/05/2023 09:33:59	Open DB Connection
24/05/2023 09:33:59	SQL :EXEC GetVhcList 6,@CompanyId=2,@BatchId=120,@Seat=47,@OrderBy='category, category_sequence_number,h.vhc_batch_id,seat,license_plate',@ShowBatch=1,@isOutsideRent=0,@Dates='2023/05/31';
24/05/2023 09:33:59	SQL :EXEC GetRunningDaysDetail 'BS221070042',@FromDate='2023-05-01',@ToDate='2023-05-31', @CompanyId=2;
24/05/2023 09:33:59	SQL :EXEC GetRunningDaysDetail 'BS221070043',@FromDate='2023-05-01',@ToDate='2023-05-31', @CompanyId=2;
24/05/2023 09:33:59	SQL :EXEC GetRunningDaysDetail 'BS221070046',@FromDate='2023-05-01',@ToDate='2023-05-31', @CompanyId=2;
24/05/2023 09:33:59	SQL :EXEC GetRunningDaysDetail 'BS221070047',@FromDate='2023-05-01',@ToDate='2023-05-31', @CompanyId=2;
24/05/2023 09:33:59	SQL :EXEC GetRunningDaysDetail 'BS221070048',@FromDate='2023-05-01',@ToDate='2023-05-31', @CompanyId=2;
24/05/2023 09:34:00	SQL :EXEC GetRunningDaysDetail 'BS221070049',@FromDate='2023-05-01',@ToDate='2023-05-31', @CompanyId=2;
24/05/2023 09:34:00	SQL :EXEC GetRunningDaysDetail 'BS221070044',@FromDate='2023-05-01',@ToDate='2023-05-31', @CompanyId=2;
24/05/2023 09:34:00	SQL :EXEC GetRunningDaysDetail 'BS221070050',@FromDate='2023-05-01',@ToDate='2023-05-31', @CompanyId=2;
24/05/2023 09:34:00	SQL :EXEC GetRunningDaysDetail 'BS221070051',@FromDate='2023-05-01',@ToDate='2023-05-31', @CompanyId=2;
24/05/2023 09:34:00	SQL :EXEC GetRunningDaysDetail 'BS221070052',@FromDate='2023-05-01',@ToDate='2023-05-31', @CompanyId=2;
24/05/2023 09:34:00	SQL :EXEC GetRunningDaysDetail 'BS221070053',@FromDate='2023-05-01',@ToDate='2023-05-31', @CompanyId=2;
24/05/2023 09:34:00	SQL :EXEC GetRunningDaysDetail 'BS221070054',@FromDate='2023-05-01',@ToDate='2023-05-31', @CompanyId=2;
24/05/2023 09:34:01	SQL :EXEC GetRunningDaysDetail 'BS221070055',@FromDate='2023-05-01',@ToDate='2023-05-31', @CompanyId=2;
24/05/2023 09:34:01	SQL :EXEC GetRunningDaysDetail 'BS221070056',@FromDate='2023-05-01',@ToDate='2023-05-31', @CompanyId=2;
24/05/2023 09:34:01	SQL :EXEC GetRunningDaysDetail 'BS221070057',@FromDate='2023-05-01',@ToDate='2023-05-31', @CompanyId=2;
24/05/2023 09:34:01	SQL :EXEC GetRunningDaysDetail 'BS221070058',@FromDate='2023-05-01',@ToDate='2023-05-31', @CompanyId=2;
24/05/2023 09:34:01	SQL :EXEC GetRunningDaysDetail 'BS221070045',@FromDate='2023-05-01',@ToDate='2023-05-31', @CompanyId=2;
24/05/2023 09:34:01	SQL :EXEC GetRunningDaysDetail 'BS221070028',@FromDate='2023-05-01',@ToDate='2023-05-31', @CompanyId=2;
24/05/2023 09:34:01	SQL :EXEC GetRunningDaysDetail 'BS221070036',@FromDate='2023-05-01',@ToDate='2023-05-31', @CompanyId=2;
24/05/2023 09:34:02	SQL :EXEC GetRunningDaysDetail 'BS221070059',@FromDate='2023-05-01',@ToDate='2023-05-31', @CompanyId=2;
24/05/2023 09:34:02	SQL :EXEC GetRunningDaysDetail 'BS221070011',@FromDate='2023-05-01',@ToDate='2023-05-31', @CompanyId=2;
24/05/2023 09:34:02	SQL :EXEC GetRunningDaysDetail 'BS221070015',@FromDate='2023-05-01',@ToDate='2023-05-31', @CompanyId=2;
24/05/2023 09:34:02	SQL :EXEC GetRunningDaysDetail 'BS221070019',@FromDate='2023-05-01',@ToDate='2023-05-31', @CompanyId=2;
24/05/2023 09:34:02	SQL :EXEC GetRunningDaysDetail 'BS1122010004',@FromDate='2023-05-01',@ToDate='2023-05-31', @CompanyId=2;
24/05/2023 09:34:03	Open DB Connection
24/05/2023 09:34:03	SQL :select id from wh_dashboard_persentase_day where company_id=2 and vhc_batch_id=120 and seat=47 and date='2023/5/1'
24/05/2023 09:34:03	SQL :UPDATE wh_dashboard_persentase_day SET date='2023/5/1',company_id=2,vhc_batch_id=120,seat=47,tot_perbaikan=2,created_date=GETDATE() WHERE company_id=2 and vhc_batch_id=120 and seat=47 and date='2023/5/1'
24/05/2023 09:34:03	Open DB Connection
24/05/2023 09:34:03	SQL :select id from wh_dashboard_persentase_day where company_id=2 and vhc_batch_id=120 and seat=47 and date='2023/5/2'
24/05/2023 09:34:03	SQL :UPDATE wh_dashboard_persentase_day SET date='2023/5/2',company_id=2,vhc_batch_id=120,seat=47,tot_perbaikan=8,created_date=GETDATE() WHERE company_id=2 and vhc_batch_id=120 and seat=47 and date='2023/5/2'
24/05/2023 09:34:03	Open DB Connection
24/05/2023 09:34:03	SQL :select id from wh_dashboard_persentase_day where company_id=2 and vhc_batch_id=120 and seat=47 and date='2023/5/3'
24/05/2023 09:34:03	SQL :UPDATE wh_dashboard_persentase_day SET date='2023/5/3',company_id=2,vhc_batch_id=120,seat=47,tot_perbaikan=8,created_date=GETDATE() WHERE company_id=2 and vhc_batch_id=120 and seat=47 and date='2023/5/3'
24/05/2023 09:34:03	Open DB Connection
24/05/2023 09:34:03	SQL :select id from wh_dashboard_persentase_day where company_id=2 and vhc_batch_id=120 and seat=47 and date='2023/5/4'
24/05/2023 09:34:03	SQL :UPDATE wh_dashboard_persentase_day SET date='2023/5/4',company_id=2,vhc_batch_id=120,seat=47,tot_perbaikan=10,created_date=GETDATE() WHERE company_id=2 and vhc_batch_id=120 and seat=47 and date='2023/5/4'
24/05/2023 09:34:03	Open DB Connection
24/05/2023 09:34:03	SQL :select id from wh_dashboard_persentase_day where company_id=2 and vhc_batch_id=120 and seat=47 and date='2023/5/5'
24/05/2023 09:34:03	SQL :UPDATE wh_dashboard_persentase_day SET date='2023/5/5',company_id=2,vhc_batch_id=120,seat=47,tot_perbaikan=4,created_date=GETDATE() WHERE company_id=2 and vhc_batch_id=120 and seat=47 and date='2023/5/5'
24/05/2023 09:34:03	Open DB Connection
24/05/2023 09:34:03	SQL :select id from wh_dashboard_persentase_day where company_id=2 and vhc_batch_id=120 and seat=47 and date='2023/5/6'
24/05/2023 09:34:03	SQL :UPDATE wh_dashboard_persentase_day SET date='2023/5/6',company_id=2,vhc_batch_id=120,seat=47,tot_perbaikan=5,created_date=GETDATE() WHERE company_id=2 and vhc_batch_id=120 and seat=47 and date='2023/5/6'
24/05/2023 09:34:03	Open DB Connection
24/05/2023 09:34:03	SQL :select id from wh_dashboard_persentase_day where company_id=2 and vhc_batch_id=120 and seat=47 and date='2023/5/7'
24/05/2023 09:34:03	SQL :UPDATE wh_dashboard_persentase_day SET date='2023/5/7',company_id=2,vhc_batch_id=120,seat=47,tot_perbaikan=4,created_date=GETDATE() WHERE company_id=2 and vhc_batch_id=120 and seat=47 and date='2023/5/7'
24/05/2023 09:34:03	Open DB Connection
24/05/2023 09:34:03	SQL :select id from wh_dashboard_persentase_day where company_id=2 and vhc_batch_id=120 and seat=47 and date='2023/5/8'
24/05/2023 09:34:04	SQL :UPDATE wh_dashboard_persentase_day SET date='2023/5/8',company_id=2,vhc_batch_id=120,seat=47,tot_perbaikan=3,created_date=GETDATE() WHERE company_id=2 and vhc_batch_id=120 and seat=47 and date='2023/5/8'
24/05/2023 09:34:04	Open DB Connection
24/05/2023 09:34:04	SQL :select id from wh_dashboard_persentase_day where company_id=2 and vhc_batch_id=120 and seat=47 and date='2023/5/9'
24/05/2023 09:34:04	SQL :UPDATE wh_dashboard_persentase_day SET date='2023/5/9',company_id=2,vhc_batch_id=120,seat=47,tot_perbaikan=4,created_date=GETDATE() WHERE company_id=2 and vhc_batch_id=120 and seat=47 and date='2023/5/9'
24/05/2023 09:34:04	Open DB Connection
24/05/2023 09:34:04	SQL :select id from wh_dashboard_persentase_day where company_id=2 and vhc_batch_id=120 and seat=47 and date='2023/5/10'
24/05/2023 09:34:04	SQL :UPDATE wh_dashboard_persentase_day SET date='2023/5/10',company_id=2,vhc_batch_id=120,seat=47,tot_perbaikan=4,created_date=GETDATE() WHERE company_id=2 and vhc_batch_id=120 and seat=47 and date='2023/5/10'
24/05/2023 09:34:04	Open DB Connection
24/05/2023 09:34:04	SQL :select id from wh_dashboard_persentase_day where company_id=2 and vhc_batch_id=120 and seat=47 and date='2023/5/11'
24/05/2023 09:34:04	SQL :UPDATE wh_dashboard_persentase_day SET date='2023/5/11',company_id=2,vhc_batch_id=120,seat=47,tot_perbaikan=5,created_date=GETDATE() WHERE company_id=2 and vhc_batch_id=120 and seat=47 and date='2023/5/11'
24/05/2023 09:34:04	Open DB Connection
24/05/2023 09:34:04	SQL :select id from wh_dashboard_persentase_day where company_id=2 and vhc_batch_id=120 and seat=47 and date='2023/5/12'
24/05/2023 09:34:04	SQL :UPDATE wh_dashboard_persentase_day SET date='2023/5/12',company_id=2,vhc_batch_id=120,seat=47,tot_perbaikan=5,created_date=GETDATE() WHERE company_id=2 and vhc_batch_id=120 and seat=47 and date='2023/5/12'
24/05/2023 09:34:04	Open DB Connection
24/05/2023 09:34:04	SQL :select id from wh_dashboard_persentase_day where company_id=2 and vhc_batch_id=120 and seat=47 and date='2023/5/13'
24/05/2023 09:34:04	SQL :UPDATE wh_dashboard_persentase_day SET date='2023/5/13',company_id=2,vhc_batch_id=120,seat=47,tot_perbaikan=8,created_date=GETDATE() WHERE company_id=2 and vhc_batch_id=120 and seat=47 and date='2023/5/13'
24/05/2023 09:34:04	Open DB Connection
24/05/2023 09:34:04	SQL :select id from wh_dashboard_persentase_day where company_id=2 and vhc_batch_id=120 and seat=47 and date='2023/5/14'
24/05/2023 09:34:04	SQL :UPDATE wh_dashboard_persentase_day SET date='2023/5/14',company_id=2,vhc_batch_id=120,seat=47,tot_perbaikan=7,created_date=GETDATE() WHERE company_id=2 and vhc_batch_id=120 and seat=47 and date='2023/5/14'
24/05/2023 09:34:05	Open DB Connection
24/05/2023 09:34:05	SQL :select id from wh_dashboard_persentase_day where company_id=2 and vhc_batch_id=120 and seat=47 and date='2023/5/15'
24/05/2023 09:34:05	SQL :UPDATE wh_dashboard_persentase_day SET date='2023/5/15',company_id=2,vhc_batch_id=120,seat=47,tot_perbaikan=6,created_date=GETDATE() WHERE company_id=2 and vhc_batch_id=120 and seat=47 and date='2023/5/15'
24/05/2023 09:34:05	Open DB Connection
24/05/2023 09:34:05	SQL :select id from wh_dashboard_persentase_day where company_id=2 and vhc_batch_id=120 and seat=47 and date='2023/5/16'
24/05/2023 09:34:05	SQL :UPDATE wh_dashboard_persentase_day SET date='2023/5/16',company_id=2,vhc_batch_id=120,seat=47,tot_perbaikan=5,created_date=GETDATE() WHERE company_id=2 and vhc_batch_id=120 and seat=47 and date='2023/5/16'
24/05/2023 09:34:05	Open DB Connection
24/05/2023 09:34:05	SQL :select id from wh_dashboard_persentase_day where company_id=2 and vhc_batch_id=120 and seat=47 and date='2023/5/17'
24/05/2023 09:34:05	SQL :UPDATE wh_dashboard_persentase_day SET date='2023/5/17',company_id=2,vhc_batch_id=120,seat=47,tot_perbaikan=3,created_date=GETDATE() WHERE company_id=2 and vhc_batch_id=120 and seat=47 and date='2023/5/17'
24/05/2023 09:34:05	Open DB Connection
24/05/2023 09:34:05	SQL :select id from wh_dashboard_persentase_day where company_id=2 and vhc_batch_id=120 and seat=47 and date='2023/5/18'
24/05/2023 09:34:05	SQL :UPDATE wh_dashboard_persentase_day SET date='2023/5/18',company_id=2,vhc_batch_id=120,seat=47,tot_perbaikan=7,created_date=GETDATE() WHERE company_id=2 and vhc_batch_id=120 and seat=47 and date='2023/5/18'
24/05/2023 09:34:05	Open DB Connection
24/05/2023 09:34:05	SQL :select id from wh_dashboard_persentase_day where company_id=2 and vhc_batch_id=120 and seat=47 and date='2023/5/19'
24/05/2023 09:34:05	SQL :UPDATE wh_dashboard_persentase_day SET date='2023/5/19',company_id=2,vhc_batch_id=120,seat=47,tot_perbaikan=6,created_date=GETDATE() WHERE company_id=2 and vhc_batch_id=120 and seat=47 and date='2023/5/19'
24/05/2023 09:34:05	Open DB Connection
24/05/2023 09:34:05	SQL :select id from wh_dashboard_persentase_day where company_id=2 and vhc_batch_id=120 and seat=47 and date='2023/5/20'
24/05/2023 09:34:05	SQL :UPDATE wh_dashboard_persentase_day SET date='2023/5/20',company_id=2,vhc_batch_id=120,seat=47,tot_perbaikan=6,created_date=GETDATE() WHERE company_id=2 and vhc_batch_id=120 and seat=47 and date='2023/5/20'
24/05/2023 09:34:05	Open DB Connection
24/05/2023 09:34:05	SQL :select id from wh_dashboard_persentase_day where company_id=2 and vhc_batch_id=120 and seat=47 and date='2023/5/21'
24/05/2023 09:34:05	SQL :UPDATE wh_dashboard_persentase_day SET date='2023/5/21',company_id=2,vhc_batch_id=120,seat=47,tot_perbaikan=5,created_date=GETDATE() WHERE company_id=2 and vhc_batch_id=120 and seat=47 and date='2023/5/21'
24/05/2023 09:34:05	Open DB Connection
24/05/2023 09:34:05	SQL :select id from wh_dashboard_persentase_day where company_id=2 and vhc_batch_id=120 and seat=47 and date='2023/5/22'
24/05/2023 09:34:05	SQL :UPDATE wh_dashboard_persentase_day SET date='2023/5/22',company_id=2,vhc_batch_id=120,seat=47,tot_perbaikan=3,created_date=GETDATE() WHERE company_id=2 and vhc_batch_id=120 and seat=47 and date='2023/5/22'
24/05/2023 09:34:05	Open DB Connection
24/05/2023 09:34:05	SQL :select id from wh_dashboard_persentase_day where company_id=2 and vhc_batch_id=120 and seat=47 and date='2023/5/23'
24/05/2023 09:34:05	SQL :UPDATE wh_dashboard_persentase_day SET date='2023/5/23',company_id=2,vhc_batch_id=120,seat=47,tot_perbaikan=4,created_date=GETDATE() WHERE company_id=2 and vhc_batch_id=120 and seat=47 and date='2023/5/23'
24/05/2023 09:34:05	Open DB Connection
24/05/2023 09:34:05	SQL :select id from wh_dashboard_persentase_day where company_id=2 and vhc_batch_id=120 and seat=47 and date='2023/5/24'
24/05/2023 09:34:06	SQL :UPDATE wh_dashboard_persentase_day SET date='2023/5/24',company_id=2,vhc_batch_id=120,seat=47,tot_perbaikan=4,created_date=GETDATE() WHERE company_id=2 and vhc_batch_id=120 and seat=47 and date='2023/5/24'
24/05/2023 09:34:06	Open DB Connection
24/05/2023 09:34:06	SQL :select id from wh_dashboard_persentase_day where company_id=2 and vhc_batch_id=120 and seat=47 and date='2023/5/25'
24/05/2023 09:34:06	SQL :UPDATE wh_dashboard_persentase_day SET date='2023/5/25',company_id=2,vhc_batch_id=120,seat=47,tot_perbaikan=3,created_date=GETDATE() WHERE company_id=2 and vhc_batch_id=120 and seat=47 and date='2023/5/25'
24/05/2023 09:34:06	Open DB Connection
24/05/2023 09:34:06	SQL :select id from wh_dashboard_persentase_day where company_id=2 and vhc_batch_id=120 and seat=47 and date='2023/5/26'
24/05/2023 09:34:06	SQL :UPDATE wh_dashboard_persentase_day SET date='2023/5/26',company_id=2,vhc_batch_id=120,seat=47,tot_perbaikan=3,created_date=GETDATE() WHERE company_id=2 and vhc_batch_id=120 and seat=47 and date='2023/5/26'
24/05/2023 09:34:06	Open DB Connection
24/05/2023 09:34:06	SQL :select id from wh_dashboard_persentase_day where company_id=2 and vhc_batch_id=120 and seat=47 and date='2023/5/27'
24/05/2023 09:34:06	SQL :UPDATE wh_dashboard_persentase_day SET date='2023/5/27',company_id=2,vhc_batch_id=120,seat=47,tot_perbaikan=3,created_date=GETDATE() WHERE company_id=2 and vhc_batch_id=120 and seat=47 and date='2023/5/27'
24/05/2023 09:34:06	Open DB Connection
24/05/2023 09:34:06	SQL :select id from wh_dashboard_persentase_day where company_id=2 and vhc_batch_id=120 and seat=47 and date='2023/5/28'
24/05/2023 09:34:06	SQL :UPDATE wh_dashboard_persentase_day SET date='2023/5/28',company_id=2,vhc_batch_id=120,seat=47,tot_perbaikan=5,created_date=GETDATE() WHERE company_id=2 and vhc_batch_id=120 and seat=47 and date='2023/5/28'
24/05/2023 09:34:06	Open DB Connection
24/05/2023 09:34:06	SQL :select id from wh_dashboard_persentase_day where company_id=2 and vhc_batch_id=120 and seat=47 and date='2023/5/29'
24/05/2023 09:34:06	SQL :UPDATE wh_dashboard_persentase_day SET date='2023/5/29',company_id=2,vhc_batch_id=120,seat=47,tot_perbaikan=5,created_date=GETDATE() WHERE company_id=2 and vhc_batch_id=120 and seat=47 and date='2023/5/29'
24/05/2023 09:34:06	Open DB Connection
24/05/2023 09:34:06	SQL :select id from wh_dashboard_persentase_day where company_id=2 and vhc_batch_id=120 and seat=47 and date='2023/5/30'
24/05/2023 09:34:06	SQL :UPDATE wh_dashboard_persentase_day SET date='2023/5/30',company_id=2,vhc_batch_id=120,seat=47,tot_perbaikan=5,created_date=GETDATE() WHERE company_id=2 and vhc_batch_id=120 and seat=47 and date='2023/5/30'
24/05/2023 09:34:06	Open DB Connection
24/05/2023 09:34:06	SQL :select id from wh_dashboard_persentase_day where company_id=2 and vhc_batch_id=120 and seat=47 and date='2023/5/31'
24/05/2023 09:34:06	SQL :UPDATE wh_dashboard_persentase_day SET date='2023/5/31',company_id=2,vhc_batch_id=120,seat=47,tot_perbaikan=5,created_date=GETDATE() WHERE company_id=2 and vhc_batch_id=120 and seat=47 and date='2023/5/31'
24/05/2023 09:34:07	Open DB Connection
24/05/2023 09:34:07	SQL :select id from wh_dashboard_persentase_day where company_id=2 and vhc_batch_id=120 and seat=47 and date='2023/5/1'
24/05/2023 09:34:07	SQL :UPDATE wh_dashboard_persentase_day SET date='2023/5/1',company_id=2,vhc_batch_id=120,seat=47,persentase_jalan=95,created_date=GETDATE() WHERE company_id=2 and vhc_batch_id=120 and seat=47 and date='2023/5/1'
24/05/2023 09:34:07	Open DB Connection
24/05/2023 09:34:07	SQL :select id from wh_dashboard_persentase_day where company_id=2 and vhc_batch_id=120 and seat=47 and date='2023/5/2'
24/05/2023 09:34:07	SQL :UPDATE wh_dashboard_persentase_day SET date='2023/5/2',company_id=2,vhc_batch_id=120,seat=47,persentase_jalan=75,created_date=GETDATE() WHERE company_id=2 and vhc_batch_id=120 and seat=47 and date='2023/5/2'
24/05/2023 09:34:07	Open DB Connection
24/05/2023 09:34:07	SQL :select id from wh_dashboard_persentase_day where company_id=2 and vhc_batch_id=120 and seat=47 and date='2023/5/3'
24/05/2023 09:34:07	SQL :UPDATE wh_dashboard_persentase_day SET date='2023/5/3',company_id=2,vhc_batch_id=120,seat=47,persentase_jalan=25,created_date=GETDATE() WHERE company_id=2 and vhc_batch_id=120 and seat=47 and date='2023/5/3'
24/05/2023 09:34:07	Open DB Connection
24/05/2023 09:34:07	SQL :select id from wh_dashboard_persentase_day where company_id=2 and vhc_batch_id=120 and seat=47 and date='2023/5/4'
24/05/2023 09:34:07	SQL :UPDATE wh_dashboard_persentase_day SET date='2023/5/4',company_id=2,vhc_batch_id=120,seat=47,persentase_jalan=50,created_date=GETDATE() WHERE company_id=2 and vhc_batch_id=120 and seat=47 and date='2023/5/4'
24/05/2023 09:34:07	Open DB Connection
24/05/2023 09:34:07	SQL :select id from wh_dashboard_persentase_day where company_id=2 and vhc_batch_id=120 and seat=47 and date='2023/5/5'
24/05/2023 09:34:07	SQL :UPDATE wh_dashboard_persentase_day SET date='2023/5/5',company_id=2,vhc_batch_id=120,seat=47,persentase_jalan=55,created_date=GETDATE() WHERE company_id=2 and vhc_batch_id=120 and seat=47 and date='2023/5/5'
24/05/2023 09:34:07	Open DB Connection
24/05/2023 09:34:07	SQL :select id from wh_dashboard_persentase_day where company_id=2 and vhc_batch_id=120 and seat=47 and date='2023/5/6'
24/05/2023 09:34:07	SQL :UPDATE wh_dashboard_persentase_day SET date='2023/5/6',company_id=2,vhc_batch_id=120,seat=47,persentase_jalan=53,created_date=GETDATE() WHERE company_id=2 and vhc_batch_id=120 and seat=47 and date='2023/5/6'
24/05/2023 09:34:08	Open DB Connection
24/05/2023 09:34:08	SQL :select id from wh_dashboard_persentase_day where company_id=2 and vhc_batch_id=120 and seat=47 and date='2023/5/7'
24/05/2023 09:34:08	SQL :UPDATE wh_dashboard_persentase_day SET date='2023/5/7',company_id=2,vhc_batch_id=120,seat=47,persentase_jalan=55,created_date=GETDATE() WHERE company_id=2 and vhc_batch_id=120 and seat=47 and date='2023/5/7'
24/05/2023 09:34:08	Open DB Connection
24/05/2023 09:34:08	SQL :select id from wh_dashboard_persentase_day where company_id=2 and vhc_batch_id=120 and seat=47 and date='2023/5/8'
24/05/2023 09:34:08	SQL :UPDATE wh_dashboard_persentase_day SET date='2023/5/8',company_id=2,vhc_batch_id=120,seat=47,persentase_jalan=57,created_date=GETDATE() WHERE company_id=2 and vhc_batch_id=120 and seat=47 and date='2023/5/8'
24/05/2023 09:34:08	Open DB Connection
24/05/2023 09:34:08	SQL :select id from wh_dashboard_persentase_day where company_id=2 and vhc_batch_id=120 and seat=47 and date='2023/5/9'
24/05/2023 09:34:08	SQL :UPDATE wh_dashboard_persentase_day SET date='2023/5/9',company_id=2,vhc_batch_id=120,seat=47,persentase_jalan=45,created_date=GETDATE() WHERE company_id=2 and vhc_batch_id=120 and seat=47 and date='2023/5/9'
24/05/2023 09:34:08	Open DB Connection
24/05/2023 09:34:08	SQL :select id from wh_dashboard_persentase_day where company_id=2 and vhc_batch_id=120 and seat=47 and date='2023/5/10'
24/05/2023 09:34:08	SQL :UPDATE wh_dashboard_persentase_day SET date='2023/5/10',company_id=2,vhc_batch_id=120,seat=47,persentase_jalan=75,created_date=GETDATE() WHERE company_id=2 and vhc_batch_id=120 and seat=47 and date='2023/5/10'
24/05/2023 09:34:08	Open DB Connection
24/05/2023 09:34:08	SQL :select id from wh_dashboard_persentase_day where company_id=2 and vhc_batch_id=120 and seat=47 and date='2023/5/11'
24/05/2023 09:34:08	SQL :UPDATE wh_dashboard_persentase_day SET date='2023/5/11',company_id=2,vhc_batch_id=120,seat=47,persentase_jalan=74,created_date=GETDATE() WHERE company_id=2 and vhc_batch_id=120 and seat=47 and date='2023/5/11'
24/05/2023 09:34:08	Open DB Connection
24/05/2023 09:34:08	SQL :select id from wh_dashboard_persentase_day where company_id=2 and vhc_batch_id=120 and seat=47 and date='2023/5/12'
24/05/2023 09:34:08	SQL :UPDATE wh_dashboard_persentase_day SET date='2023/5/12',company_id=2,vhc_batch_id=120,seat=47,persentase_jalan=100,created_date=GETDATE() WHERE company_id=2 and vhc_batch_id=120 and seat=47 and date='2023/5/12'
24/05/2023 09:34:09	Open DB Connection
24/05/2023 09:34:09	SQL :select id from wh_dashboard_persentase_day where company_id=2 and vhc_batch_id=120 and seat=47 and date='2023/5/13'
24/05/2023 09:34:09	SQL :UPDATE wh_dashboard_persentase_day SET date='2023/5/13',company_id=2,vhc_batch_id=120,seat=47,persentase_jalan=100,created_date=GETDATE() WHERE company_id=2 and vhc_batch_id=120 and seat=47 and date='2023/5/13'
24/05/2023 09:34:09	Open DB Connection
24/05/2023 09:34:09	SQL :select id from wh_dashboard_persentase_day where company_id=2 and vhc_batch_id=120 and seat=47 and date='2023/5/14'
24/05/2023 09:34:09	SQL :UPDATE wh_dashboard_persentase_day SET date='2023/5/14',company_id=2,vhc_batch_id=120,seat=47,persentase_jalan=100,created_date=GETDATE() WHERE company_id=2 and vhc_batch_id=120 and seat=47 and date='2023/5/14'
24/05/2023 09:34:09	Open DB Connection
24/05/2023 09:34:09	SQL :select id from wh_dashboard_persentase_day where company_id=2 and vhc_batch_id=120 and seat=47 and date='2023/5/15'
24/05/2023 09:34:09	SQL :UPDATE wh_dashboard_persentase_day SET date='2023/5/15',company_id=2,vhc_batch_id=120,seat=47,persentase_jalan=56,created_date=GETDATE() WHERE company_id=2 and vhc_batch_id=120 and seat=47 and date='2023/5/15'
24/05/2023 09:34:09	Open DB Connection
24/05/2023 09:34:09	SQL :select id from wh_dashboard_persentase_day where company_id=2 and vhc_batch_id=120 and seat=47 and date='2023/5/16'
24/05/2023 09:34:09	SQL :UPDATE wh_dashboard_persentase_day SET date='2023/5/16',company_id=2,vhc_batch_id=120,seat=47,persentase_jalan=58,created_date=GETDATE() WHERE company_id=2 and vhc_batch_id=120 and seat=47 and date='2023/5/16'
24/05/2023 09:34:09	Open DB Connection
24/05/2023 09:34:09	SQL :select id from wh_dashboard_persentase_day where company_id=2 and vhc_batch_id=120 and seat=47 and date='2023/5/17'
24/05/2023 09:34:09	SQL :UPDATE wh_dashboard_persentase_day SET date='2023/5/17',company_id=2,vhc_batch_id=120,seat=47,persentase_jalan=100,created_date=GETDATE() WHERE company_id=2 and vhc_batch_id=120 and seat=47 and date='2023/5/17'
24/05/2023 09:34:09	Open DB Connection
24/05/2023 09:34:09	SQL :select id from wh_dashboard_persentase_day where company_id=2 and vhc_batch_id=120 and seat=47 and date='2023/5/18'
24/05/2023 09:34:09	SQL :UPDATE wh_dashboard_persentase_day SET date='2023/5/18',company_id=2,vhc_batch_id=120,seat=47,persentase_jalan=100,created_date=GETDATE() WHERE company_id=2 and vhc_batch_id=120 and seat=47 and date='2023/5/18'
24/05/2023 09:34:09	Open DB Connection
24/05/2023 09:34:09	SQL :select id from wh_dashboard_persentase_day where company_id=2 and vhc_batch_id=120 and seat=47 and date='2023/5/19'
24/05/2023 09:34:09	SQL :UPDATE wh_dashboard_persentase_day SET date='2023/5/19',company_id=2,vhc_batch_id=120,seat=47,persentase_jalan=100,created_date=GETDATE() WHERE company_id=2 and vhc_batch_id=120 and seat=47 and date='2023/5/19'
24/05/2023 09:34:09	Open DB Connection
24/05/2023 09:34:09	SQL :select id from wh_dashboard_persentase_day where company_id=2 and vhc_batch_id=120 and seat=47 and date='2023/5/20'
24/05/2023 09:34:09	SQL :UPDATE wh_dashboard_persentase_day SET date='2023/5/20',company_id=2,vhc_batch_id=120,seat=47,persentase_jalan=100,created_date=GETDATE() WHERE company_id=2 and vhc_batch_id=120 and seat=47 and date='2023/5/20'
24/05/2023 09:34:09	Open DB Connection
24/05/2023 09:34:09	SQL :select id from wh_dashboard_persentase_day where company_id=2 and vhc_batch_id=120 and seat=47 and date='2023/5/21'
24/05/2023 09:34:09	SQL :UPDATE wh_dashboard_persentase_day SET date='2023/5/21',company_id=2,vhc_batch_id=120,seat=47,persentase_jalan=89,created_date=GETDATE() WHERE company_id=2 and vhc_batch_id=120 and seat=47 and date='2023/5/21'
24/05/2023 09:34:09	Open DB Connection
24/05/2023 09:34:09	SQL :select id from wh_dashboard_persentase_day where company_id=2 and vhc_batch_id=120 and seat=47 and date='2023/5/22'
24/05/2023 09:34:10	SQL :UPDATE wh_dashboard_persentase_day SET date='2023/5/22',company_id=2,vhc_batch_id=120,seat=47,persentase_jalan=71,created_date=GETDATE() WHERE company_id=2 and vhc_batch_id=120 and seat=47 and date='2023/5/22'
24/05/2023 09:34:10	Open DB Connection
24/05/2023 09:34:10	SQL :select id from wh_dashboard_persentase_day where company_id=2 and vhc_batch_id=120 and seat=47 and date='2023/5/23'
24/05/2023 09:34:10	SQL :UPDATE wh_dashboard_persentase_day SET date='2023/5/23',company_id=2,vhc_batch_id=120,seat=47,persentase_jalan=75,created_date=GETDATE() WHERE company_id=2 and vhc_batch_id=120 and seat=47 and date='2023/5/23'
24/05/2023 09:34:10	Open DB Connection
24/05/2023 09:34:10	SQL :select id from wh_dashboard_persentase_day where company_id=2 and vhc_batch_id=120 and seat=47 and date='2023/5/24'
24/05/2023 09:34:10	SQL :UPDATE wh_dashboard_persentase_day SET date='2023/5/24',company_id=2,vhc_batch_id=120,seat=47,persentase_jalan=50,created_date=GETDATE() WHERE company_id=2 and vhc_batch_id=120 and seat=47 and date='2023/5/24'
24/05/2023 09:34:10	Open DB Connection
24/05/2023 09:34:10	SQL :select id from wh_dashboard_persentase_day where company_id=2 and vhc_batch_id=120 and seat=47 and date='2023/5/25'
24/05/2023 09:34:10	SQL :UPDATE wh_dashboard_persentase_day SET date='2023/5/25',company_id=2,vhc_batch_id=120,seat=47,persentase_jalan=100,created_date=GETDATE() WHERE company_id=2 and vhc_batch_id=120 and seat=47 and date='2023/5/25'
24/05/2023 09:34:10	Open DB Connection
24/05/2023 09:34:10	SQL :select id from wh_dashboard_persentase_day where company_id=2 and vhc_batch_id=120 and seat=47 and date='2023/5/26'
24/05/2023 09:34:10	SQL :UPDATE wh_dashboard_persentase_day SET date='2023/5/26',company_id=2,vhc_batch_id=120,seat=47,persentase_jalan=100,created_date=GETDATE() WHERE company_id=2 and vhc_batch_id=120 and seat=47 and date='2023/5/26'
24/05/2023 09:34:10	Open DB Connection
24/05/2023 09:34:10	SQL :select id from wh_dashboard_persentase_day where company_id=2 and vhc_batch_id=120 and seat=47 and date='2023/5/27'
24/05/2023 09:34:10	SQL :UPDATE wh_dashboard_persentase_day SET date='2023/5/27',company_id=2,vhc_batch_id=120,seat=47,persentase_jalan=100,created_date=GETDATE() WHERE company_id=2 and vhc_batch_id=120 and seat=47 and date='2023/5/27'
24/05/2023 09:34:10	Open DB Connection
24/05/2023 09:34:10	SQL :select id from wh_dashboard_persentase_day where company_id=2 and vhc_batch_id=120 and seat=47 and date='2023/5/28'
24/05/2023 09:34:10	SQL :UPDATE wh_dashboard_persentase_day SET date='2023/5/28',company_id=2,vhc_batch_id=120,seat=47,persentase_jalan=100,created_date=GETDATE() WHERE company_id=2 and vhc_batch_id=120 and seat=47 and date='2023/5/28'
24/05/2023 09:34:10	Open DB Connection
24/05/2023 09:34:10	SQL :select id from wh_dashboard_persentase_day where company_id=2 and vhc_batch_id=120 and seat=47 and date='2023/5/29'
24/05/2023 09:34:11	SQL :UPDATE wh_dashboard_persentase_day SET date='2023/5/29',company_id=2,vhc_batch_id=120,seat=47,persentase_jalan=63,created_date=GETDATE() WHERE company_id=2 and vhc_batch_id=120 and seat=47 and date='2023/5/29'
24/05/2023 09:34:11	Open DB Connection
24/05/2023 09:34:11	SQL :select id from wh_dashboard_persentase_day where company_id=2 and vhc_batch_id=120 and seat=47 and date='2023/5/30'
24/05/2023 09:34:11	SQL :UPDATE wh_dashboard_persentase_day SET date='2023/5/30',company_id=2,vhc_batch_id=120,seat=47,persentase_jalan=95,created_date=GETDATE() WHERE company_id=2 and vhc_batch_id=120 and seat=47 and date='2023/5/30'
24/05/2023 09:34:11	Open DB Connection
24/05/2023 09:34:11	SQL :select id from wh_dashboard_persentase_day where company_id=2 and vhc_batch_id=120 and seat=47 and date='2023/5/31'
24/05/2023 09:34:11	SQL :UPDATE wh_dashboard_persentase_day SET date='2023/5/31',company_id=2,vhc_batch_id=120,seat=47,persentase_jalan=100,created_date=GETDATE() WHERE company_id=2 and vhc_batch_id=120 and seat=47 and date='2023/5/31'
24/05/2023 09:34:51	Open DB Connection
24/05/2023 09:34:51	SQL :SELECT * FROM wh_setting WHERE (setting_name='ServiceBerkala_as_PKB_2') AND (active=1);
24/05/2023 09:34:51	Open DB Connection
24/05/2023 09:34:51	SQL :EXEC GetVhcList 6,@CompanyId=2,@BatchId=120,@OrderBy='category, category_sequence_number,h.vhc_batch_id,seat,license_plate',@ShowBatch=1,@isOutsideRent=0,@Dates='2023/05/31';
24/05/2023 09:34:52	SQL :EXEC GetRunningDaysDetail 'BS221070042',@FromDate='2023-05-01',@ToDate='2023-05-31', @CompanyId=2;
24/05/2023 09:34:52	SQL :EXEC GetRunningDaysDetail 'BS221070043',@FromDate='2023-05-01',@ToDate='2023-05-31', @CompanyId=2;
24/05/2023 09:34:52	SQL :EXEC GetRunningDaysDetail 'BS221070046',@FromDate='2023-05-01',@ToDate='2023-05-31', @CompanyId=2;
24/05/2023 09:34:52	SQL :EXEC GetRunningDaysDetail 'BS221070047',@FromDate='2023-05-01',@ToDate='2023-05-31', @CompanyId=2;
24/05/2023 09:34:52	SQL :EXEC GetRunningDaysDetail 'BS221070048',@FromDate='2023-05-01',@ToDate='2023-05-31', @CompanyId=2;
24/05/2023 09:34:52	SQL :EXEC GetRunningDaysDetail 'BS221070049',@FromDate='2023-05-01',@ToDate='2023-05-31', @CompanyId=2;
24/05/2023 09:34:53	SQL :EXEC GetRunningDaysDetail 'BS221070044',@FromDate='2023-05-01',@ToDate='2023-05-31', @CompanyId=2;
24/05/2023 09:34:53	SQL :EXEC GetRunningDaysDetail 'BS221070050',@FromDate='2023-05-01',@ToDate='2023-05-31', @CompanyId=2;
24/05/2023 09:34:53	SQL :EXEC GetRunningDaysDetail 'BS221070051',@FromDate='2023-05-01',@ToDate='2023-05-31', @CompanyId=2;
24/05/2023 09:34:53	SQL :EXEC GetRunningDaysDetail 'BS221070052',@FromDate='2023-05-01',@ToDate='2023-05-31', @CompanyId=2;
24/05/2023 09:34:53	SQL :EXEC GetRunningDaysDetail 'BS221070053',@FromDate='2023-05-01',@ToDate='2023-05-31', @CompanyId=2;
24/05/2023 09:34:53	SQL :EXEC GetRunningDaysDetail 'BS221070054',@FromDate='2023-05-01',@ToDate='2023-05-31', @CompanyId=2;
24/05/2023 09:34:53	SQL :EXEC GetRunningDaysDetail 'BS221070055',@FromDate='2023-05-01',@ToDate='2023-05-31', @CompanyId=2;
24/05/2023 09:34:53	SQL :EXEC GetRunningDaysDetail 'BS221070056',@FromDate='2023-05-01',@ToDate='2023-05-31', @CompanyId=2;
24/05/2023 09:34:53	SQL :EXEC GetRunningDaysDetail 'BS221070057',@FromDate='2023-05-01',@ToDate='2023-05-31', @CompanyId=2;
24/05/2023 09:34:53	SQL :EXEC GetRunningDaysDetail 'BS221070058',@FromDate='2023-05-01',@ToDate='2023-05-31', @CompanyId=2;
24/05/2023 09:34:53	SQL :EXEC GetRunningDaysDetail 'BS221070045',@FromDate='2023-05-01',@ToDate='2023-05-31', @CompanyId=2;
24/05/2023 09:34:53	SQL :EXEC GetRunningDaysDetail 'BS221070028',@FromDate='2023-05-01',@ToDate='2023-05-31', @CompanyId=2;
24/05/2023 09:34:53	SQL :EXEC GetRunningDaysDetail 'BS221070036',@FromDate='2023-05-01',@ToDate='2023-05-31', @CompanyId=2;
24/05/2023 09:34:54	SQL :EXEC GetRunningDaysDetail 'BS221070059',@FromDate='2023-05-01',@ToDate='2023-05-31', @CompanyId=2;
24/05/2023 09:34:54	SQL :EXEC GetRunningDaysDetail 'BS221070011',@FromDate='2023-05-01',@ToDate='2023-05-31', @CompanyId=2;
24/05/2023 09:34:54	SQL :EXEC GetRunningDaysDetail 'BS221070015',@FromDate='2023-05-01',@ToDate='2023-05-31', @CompanyId=2;
24/05/2023 09:34:54	SQL :EXEC GetRunningDaysDetail 'BS221070019',@FromDate='2023-05-01',@ToDate='2023-05-31', @CompanyId=2;
24/05/2023 09:34:54	SQL :EXEC GetRunningDaysDetail 'BS1122010004',@FromDate='2023-05-01',@ToDate='2023-05-31', @CompanyId=2;
24/05/2023 09:34:54	SQL :EXEC GetRunningDaysDetail 'BS221070037',@FromDate='2023-05-01',@ToDate='2023-05-31', @CompanyId=2;
24/05/2023 09:34:54	SQL :EXEC GetRunningDaysDetail 'BS221070001',@FromDate='2023-05-01',@ToDate='2023-05-31', @CompanyId=2;
24/05/2023 09:34:54	SQL :EXEC GetRunningDaysDetail 'BS221070002',@FromDate='2023-05-01',@ToDate='2023-05-31', @CompanyId=2;
24/05/2023 09:34:55	SQL :EXEC GetRunningDaysDetail 'BS221070004',@FromDate='2023-05-01',@ToDate='2023-05-31', @CompanyId=2;
24/05/2023 09:34:55	SQL :EXEC GetRunningDaysDetail 'BS221070005',@FromDate='2023-05-01',@ToDate='2023-05-31', @CompanyId=2;
24/05/2023 09:34:55	SQL :EXEC GetRunningDaysDetail 'BS221070007',@FromDate='2023-05-01',@ToDate='2023-05-31', @CompanyId=2;
24/05/2023 09:34:55	SQL :EXEC GetRunningDaysDetail 'BS221070012',@FromDate='2023-05-01',@ToDate='2023-05-31', @CompanyId=2;
24/05/2023 09:34:55	SQL :EXEC GetRunningDaysDetail 'BS221070013',@FromDate='2023-05-01',@ToDate='2023-05-31', @CompanyId=2;
24/05/2023 09:34:55	SQL :EXEC GetRunningDaysDetail 'BS221070014',@FromDate='2023-05-01',@ToDate='2023-05-31', @CompanyId=2;
24/05/2023 09:34:56	SQL :EXEC GetRunningDaysDetail 'BS221070016',@FromDate='2023-05-01',@ToDate='2023-05-31', @CompanyId=2;
24/05/2023 09:34:56	SQL :EXEC GetRunningDaysDetail 'BS221070017',@FromDate='2023-05-01',@ToDate='2023-05-31', @CompanyId=2;
24/05/2023 09:34:56	SQL :EXEC GetRunningDaysDetail 'BS221070020',@FromDate='2023-05-01',@ToDate='2023-05-31', @CompanyId=2;
24/05/2023 09:34:56	SQL :EXEC GetRunningDaysDetail 'BS221070021',@FromDate='2023-05-01',@ToDate='2023-05-31', @CompanyId=2;
24/05/2023 09:34:56	SQL :EXEC GetRunningDaysDetail 'BS221070022',@FromDate='2023-05-01',@ToDate='2023-05-31', @CompanyId=2;
24/05/2023 09:34:56	SQL :EXEC GetRunningDaysDetail 'BS221070023',@FromDate='2023-05-01',@ToDate='2023-05-31', @CompanyId=2;
24/05/2023 09:34:57	SQL :EXEC GetRunningDaysDetail 'BS221070024',@FromDate='2023-05-01',@ToDate='2023-05-31', @CompanyId=2;
24/05/2023 09:34:57	SQL :EXEC GetRunningDaysDetail 'BS221070025',@FromDate='2023-05-01',@ToDate='2023-05-31', @CompanyId=2;
24/05/2023 09:43:06	Message:Port Check
24/05/2023 09:43:06	Message:Open DB Connection
24/05/2023 09:43:06	SQL :EXEC GetMessage '01','nanang.andriani';
24/05/2023 09:43:06	SQL :SELECT CONVERT(VARCHAR(8),GETDATE(),108) AS 24/05/2023 09:47:35	Get Local Settings
24/05/2023 09:47:35	Start Change Local Settings
24/05/2023 09:47:35	Change short date format
24/05/2023 09:47:35	Change Long date format
24/05/2023 09:47:35	Finish Change Local Settings
24/05/2023 09:47:35	Registry Read: Path=SOFTWARE\WEHA\Aplikasi\3
24/05/2023 09:47:35	Registry Read/Write
24/05/2023 09:47:35	Registry Read: Path=SOFTWARE\WEHA\Aplikasi\3
24/05/2023 09:47:35	Registry Read:Fail
24/05/2023 09:47:35	Setting DB Param
24/05/2023 09:47:35	Create DB Object
24/05/2023 09:47:35	Init DB
24/05/2023 09:47:39	Error Create DB Connection
24/05/2023 09:47:42	Change Db Connection to :Provider=MSDASQL.1
24/05/2023 09:47:42	Finish Create DB Connection
24/05/2023 09:47:42	Get File Version
24/05/2023 09:47:42	Change  Caption
24/05/2023 09:47:42	Init Shortkey
24/05/2023 09:47:43	Form Check :Setting
24/05/2023 09:47:43	Form Open: Setting
24/05/2023 09:48:45	Create DB Object
24/05/2023 09:48:45	Init DB
24/05/2023 09:48:45	Finish Init DB
24/05/2023 09:48:45	Port Check
24/05/2023 09:48:45	Connection Check
24/05/2023 09:48:45	Check Success
24/05/2023 09:48:46	Registry Write: 192.168.10.247,wh_prod,sa,SQLNCLI10
24/05/2023 09:48:46	Registry Read: Path=SOFTWARE\WEHA\Aplikasi\3
24/05/2023 09:48:46	Registry Read:Fail
24/05/2023 09:48:49	Create DB Object
24/05/2023 09:48:49	Init DB
24/05/2023 09:48:49	Finish Init DB
24/05/2023 09:48:55	Update new version check
24/05/2023 09:48:55	Open DB Connection
24/05/2023 09:48:56	SQL :
24/05/2023 09:48:56	Update check version
24/05/2023 09:48:56	Open DB Connection
24/05/2023 09:48:56	SQL :SELECT version FROM wh_application WHERE application_id=(SELECT MAX(application_id) FROM wh_application);
24/05/2023 09:48:56	Start Login
24/05/2023 09:48:56	Open DB Connection
24/05/2023 09:48:56	SQL :EXEC AuthenticateUser 'nanang.andriani','3b5929d0c23006c99522f38746d85dd4';
24/05/2023 09:48:56	SQL :INSERT INTO wh_log (user_id,app_date,app_version,app_version_svr,location_id,company_id,department_id,host_name,ip_address)  VALUES ('nanang.andriani','24/05/2023','6.1.5.22','6.1.5.20',6,2,13,'DESKTOP-88BM05S','192.168.25.214');
24/05/2023 09:48:56	Open DB Connection
24/05/2023 09:48:56	SQL :EXEC GetUserMenu 'nanang.andriani';
24/05/2023 09:48:56	SQL :EXEC GetUserSubMenu 'nanang.andriani','11';
24/05/2023 09:48:56	SQL :EXEC GetUserTreeMenu 'nanang.andriani','1101',@CompanyId=2;
24/05/2023 09:48:56	SQL :EXEC GetUserTreeMenu 'nanang.andriani','1102',@CompanyId=2;
24/05/2023 09:48:56	SQL :EXEC GetUserTreeMenu 'nanang.andriani','1103',@CompanyId=2;
24/05/2023 09:48:56	SQL :EXEC GetUserTreeMenu 'nanang.andriani','1104',@CompanyId=2;
24/05/2023 09:48:56	SQL :EXEC GetUserTreeMenu 'nanang.andriani','1105',@CompanyId=2;
24/05/2023 09:48:57	SQL :EXEC GetUserTreeMenu 'nanang.andriani','1106',@CompanyId=2;
24/05/2023 09:48:57	SQL :EXEC GetUserTreeMenu 'nanang.andriani','1107',@CompanyId=2;
24/05/2023 09:48:57	SQL :EXEC GetUserTreeMenu 'nanang.andriani','1108',@CompanyId=2;
24/05/2023 09:48:57	SQL :EXEC GetUserTreeMenu 'nanang.andriani','1109',@CompanyId=2;
24/05/2023 09:48:57	SQL :EXEC GetUserTreeMenu 'nanang.andriani','1110',@CompanyId=2;
24/05/2023 09:48:57	SQL :EXEC GetUserTreeMenu 'nanang.andriani','1111',@CompanyId=2;
24/05/2023 09:48:57	SQL :EXEC GetUserTreeMenu 'nanang.andriani','1112',@CompanyId=2;
24/05/2023 09:48:57	SQL :EXEC GetUserTreeMenu 'nanang.andriani','1113',@CompanyId=2;
24/05/2023 09:48:57	SQL :EXEC GetUserTreeMenu 'nanang.andriani','1114',@CompanyId=2;
24/05/2023 09:48:57	SQL :EXEC GetUserTreeMenu 'nanang.andriani','1115',@CompanyId=2;
24/05/2023 09:48:57	SQL :EXEC GetUserTreeMenu 'nanang.andriani','1116',@CompanyId=2;
24/05/2023 09:48:57	SQL :EXEC GetUserTreeMenu 'nanang.andriani','1117',@CompanyId=2;
24/05/2023 09:48:57	SQL :EXEC GetUserTreeMenu 'nanang.andriani','1198',@CompanyId=2;
24/05/2023 09:48:57	SQL :EXEC GetUserTreeMenu 'nanang.andriani','1199',@CompanyId=2;
24/05/2023 09:48:57	SQL :EXEC GetUserSubMenu 'nanang.andriani','12';
24/05/2023 09:48:57	SQL :EXEC GetUserTreeMenu 'nanang.andriani','1201',@CompanyId=2;
24/05/2023 09:48:57	SQL :EXEC GetUserTreeMenu 'nanang.andriani','1202',@CompanyId=2;
24/05/2023 09:48:57	SQL :EXEC GetUserTreeMenu 'nanang.andriani','1203',@CompanyId=2;
24/05/2023 09:48:57	SQL :EXEC GetUserTreeMenu 'nanang.andriani','1204',@CompanyId=2;
24/05/2023 09:48:57	SQL :EXEC GetUserTreeMenu 'nanang.andriani','1205',@CompanyId=2;
24/05/2023 09:48:57	SQL :EXEC GetUserTreeMenu 'nanang.andriani','1206',@CompanyId=2;
24/05/2023 09:48:58	SQL :EXEC GetUserTreeMenu 'nanang.andriani','1207',@CompanyId=2;
24/05/2023 09:48:58	SQL :EXEC GetUserSubMenu 'nanang.andriani','13';
24/05/2023 09:48:58	SQL :EXEC GetUserTreeMenu 'nanang.andriani','1301',@CompanyId=2;
24/05/2023 09:48:58	SQL :EXEC GetUserTreeMenu 'nanang.andriani','1302',@CompanyId=2;
24/05/2023 09:48:58	SQL :EXEC GetUserTreeMenu 'nanang.andriani','1303',@CompanyId=2;
24/05/2023 09:48:58	SQL :EXEC GetUserTreeMenu 'nanang.andriani','1304',@CompanyId=2;
24/05/2023 09:48:58	SQL :EXEC GetUserTreeMenu 'nanang.andriani','1305',@CompanyId=2;
24/05/2023 09:48:58	SQL :EXEC GetUserTreeMenu 'nanang.andriani','1306',@CompanyId=2;
24/05/2023 09:48:58	SQL :EXEC GetUserTreeMenu 'nanang.andriani','1307',@CompanyId=2;
24/05/2023 09:48:58	SQL :EXEC GetUserTreeMenu 'nanang.andriani','1308',@CompanyId=2;
24/05/2023 09:48:58	SQL :EXEC GetUserTreeMenu 'nanang.andriani','1309',@CompanyId=2;
24/05/2023 09:48:58	SQL :EXEC GetUserTreeMenu 'nanang.andriani','1310',@CompanyId=2;
24/05/2023 09:48:58	SQL :EXEC GetUserTreeMenu 'nanang.andriani','1311',@CompanyId=2;
24/05/2023 09:48:58	SQL :EXEC GetUserTreeMenu 'nanang.andriani','1312',@CompanyId=2;
24/05/2023 09:48:58	SQL :EXEC GetUserTreeMenu 'nanang.andriani','1313',@CompanyId=2;
24/05/2023 09:48:58	SQL :EXEC GetUserTreeMenu 'nanang.andriani','1314',@CompanyId=2;
24/05/2023 09:48:58	SQL :EXEC GetUserTreeMenu 'nanang.andriani','1315',@CompanyId=2;
24/05/2023 09:48:58	SQL :EXEC GetUserTreeMenu 'nanang.andriani','1316',@CompanyId=2;
24/05/2023 09:48:58	SQL :EXEC GetUserTreeMenu 'nanang.andriani','1317',@CompanyId=2;
24/05/2023 09:48:58	SQL :EXEC GetUserTreeMenu 'nanang.andriani','1318',@CompanyId=2;
24/05/2023 09:48:58	SQL :EXEC GetUserTreeMenu 'nanang.andriani','1319',@CompanyId=2;
24/05/2023 09:48:58	SQL :EXEC GetUserTreeMenu 'nanang.andriani','1320',@CompanyId=2;
24/05/2023 09:48:58	SQL :EXEC GetUserTreeMenu 'nanang.andriani','1321',@CompanyId=2;
24/05/2023 09:48:58	SQL :EXEC GetUserTreeMenu 'nanang.andriani','1322',@CompanyId=2;
24/05/2023 09:48:58	SQL :EXEC GetUserSubMenu 'nanang.andriani','14';
24/05/2023 09:48:58	SQL :EXEC GetUserTreeMenu 'nanang.andriani','1401',@CompanyId=2;
24/05/2023 09:48:59	SQL :EXEC GetUserTreeMenu 'nanang.andriani','1402',@CompanyId=2;
24/05/2023 09:48:59	SQL :EXEC GetUserTreeMenu 'nanang.andriani','1403',@CompanyId=2;
24/05/2023 09:48:59	SQL :EXEC GetUserTreeMenu 'nanang.andriani','1404',@CompanyId=2;
24/05/2023 09:48:59	SQL :EXEC GetUserTreeMenu 'nanang.andriani','1406',@CompanyId=2;
24/05/2023 09:48:59	SQL :EXEC GetUserTreeMenu 'nanang.andriani','1408',@CompanyId=2;
24/05/2023 09:48:59	SQL :EXEC GetUserTreeMenu 'nanang.andriani','1410',@CompanyId=2;
24/05/2023 09:48:59	SQL :EXEC GetUserTreeMenu 'nanang.andriani','1411',@CompanyId=2;
24/05/2023 09:48:59	SQL :EXEC GetUserTreeMenu 'nanang.andriani','1412',@CompanyId=2;
24/05/2023 09:48:59	SQL :EXEC GetUserTreeMenu 'nanang.andriani','1413',@CompanyId=2;
24/05/2023 09:48:59	SQL :EXEC GetUserTreeMenu 'nanang.andriani','1414',@CompanyId=2;
24/05/2023 09:48:59	SQL :EXEC GetUserSubMenu 'nanang.andriani','15';
24/05/2023 09:48:59	SQL :EXEC GetUserTreeMenu 'nanang.andriani','1501',@CompanyId=2;
24/05/2023 09:48:59	SQL :EXEC GetUserTreeMenu 'nanang.andriani','1502',@CompanyId=2;
24/05/2023 09:48:59	SQL :EXEC GetUserTreeMenu 'nanang.andriani','1503',@CompanyId=2;
24/05/2023 09:48:59	SQL :EXEC GetUserTreeMenu 'nanang.andriani','1504',@CompanyId=2;
24/05/2023 09:48:59	SQL :EXEC GetUserTreeMenu 'nanang.andriani','1505',@CompanyId=2;
24/05/2023 09:48:59	SQL :EXEC GetUserTreeMenu 'nanang.andriani','1506',@CompanyId=2;
24/05/2023 09:48:59	SQL :EXEC GetUserTreeMenu 'nanang.andriani','1507',@CompanyId=2;
24/05/2023 09:48:59	SQL :EXEC GetUserTreeMenu 'nanang.andriani','1508',@CompanyId=2;
24/05/2023 09:48:59	SQL :EXEC GetUserTreeMenu 'nanang.andriani','1509',@CompanyId=2;
24/05/2023 09:48:59	SQL :EXEC GetUserTreeMenu 'nanang.andriani','1510',@CompanyId=2;
24/05/2023 09:49:00	SQL :EXEC GetUserTreeMenu 'nanang.andriani','1511',@CompanyId=2;
24/05/2023 09:49:00	SQL :EXEC GetUserSubMenu 'nanang.andriani','16';
24/05/2023 09:49:00	SQL :EXEC GetUserTreeMenu 'nanang.andriani','1601',@CompanyId=2;
24/05/2023 09:49:00	SQL :EXEC GetUserTreeMenu 'nanang.andriani','1602',@CompanyId=2;
24/05/2023 09:49:00	SQL :EXEC GetUserTreeMenu 'nanang.andriani','1603',@CompanyId=2;
24/05/2023 09:49:00	SQL :EXEC GetUserTreeMenu 'nanang.andriani','1604',@CompanyId=2;
24/05/2023 09:49:00	SQL :EXEC GetUserTreeMenu 'nanang.andriani','1605',@CompanyId=2;
24/05/2023 09:49:00	SQL :EXEC GetUserTreeMenu 'nanang.andriani','1606',@CompanyId=2;
24/05/2023 09:49:00	SQL :EXEC GetUserTreeMenu 'nanang.andriani','1607',@CompanyId=2;
24/05/2023 09:49:00	SQL :EXEC GetUserTreeMenu 'nanang.andriani','1608',@CompanyId=2;
24/05/2023 09:49:00	SQL :EXEC GetUserTreeMenu 'nanang.andriani','1609',@CompanyId=2;
24/05/2023 09:49:00	SQL :EXEC GetUserTreeMenu 'nanang.andriani','1610',@CompanyId=2;
24/05/2023 09:49:00	SQL :EXEC GetUserTreeMenu 'nanang.andriani','1611',@CompanyId=2;
24/05/2023 09:49:00	SQL :EXEC GetUserTreeMenu 'nanang.andriani','1612',@CompanyId=2;
24/05/2023 09:49:00	SQL :EXEC GetUserTreeMenu 'nanang.andriani','1613',@CompanyId=2;
24/05/2023 09:49:00	SQL :EXEC GetUserTreeMenu 'nanang.andriani','1614',@CompanyId=2;
24/05/2023 09:49:00	SQL :EXEC GetUserTreeMenu 'nanang.andriani','1615',@CompanyId=2;
24/05/2023 09:49:00	SQL :EXEC GetUserTreeMenu 'nanang.andriani','1616',@CompanyId=2;
24/05/2023 09:49:00	SQL :EXEC GetUserTreeMenu 'nanang.andriani','1619',@CompanyId=2;
24/05/2023 09:49:01	SQL :EXEC GetUserTreeMenu 'nanang.andriani','1620',@CompanyId=2;
24/05/2023 09:49:01	SQL :EXEC GetUserSubMenu 'nanang.andriani','17';
24/05/2023 09:49:01	SQL :EXEC GetUserTreeMenu 'nanang.andriani','1701',@CompanyId=2;
24/05/2023 09:49:01	SQL :EXEC GetUserTreeMenu 'nanang.andriani','1702',@CompanyId=2;
24/05/2023 09:49:01	SQL :EXEC GetUserTreeMenu 'nanang.andriani','1703',@CompanyId=2;
24/05/2023 09:49:01	SQL :EXEC GetUserTreeMenu 'nanang.andriani','1704',@CompanyId=2;
24/05/2023 09:49:01	SQL :EXEC GetUserTreeMenu 'nanang.andriani','1705',@CompanyId=2;
24/05/2023 09:49:01	SQL :EXEC GetUserTreeMenu 'nanang.andriani','1706',@CompanyId=2;
24/05/2023 09:49:01	SQL :EXEC GetUserTreeMenu 'nanang.andriani','1707',@CompanyId=2;
24/05/2023 09:49:01	SQL :EXEC GetUserTreeMenu 'nanang.andriani','1708',@CompanyId=2;
24/05/2023 09:49:01	SQL :EXEC GetUserTreeMenu 'nanang.andriani','1709',@CompanyId=2;
24/05/2023 09:49:01	SQL :EXEC GetUserTreeMenu 'nanang.andriani','1710',@CompanyId=2;
24/05/2023 09:49:01	SQL :EXEC GetUserTreeMenu 'nanang.andriani','1711',@CompanyId=2;
24/05/2023 09:49:01	SQL :EXEC GetUserTreeMenu 'nanang.andriani','1712',@CompanyId=2;
24/05/2023 09:49:01	SQL :EXEC GetUserTreeMenu 'nanang.andriani','1713',@CompanyId=2;
24/05/2023 09:49:01	SQL :EXEC GetUserTreeMenu 'nanang.andriani','1714',@CompanyId=2;
24/05/2023 09:49:01	SQL :EXEC GetUserTreeMenu 'nanang.andriani','1715',@CompanyId=2;
24/05/2023 09:49:01	SQL :EXEC GetUserTreeMenu 'nanang.andriani','1716',@CompanyId=2;
24/05/2023 09:49:01	SQL :EXEC GetUserTreeMenu 'nanang.andriani','1717',@CompanyId=2;
24/05/2023 09:49:02	SQL :EXEC GetUserSubMenu 'nanang.andriani','18';
24/05/2023 09:49:02	SQL :EXEC GetUserTreeMenu 'nanang.andriani','1801',@CompanyId=2;
24/05/2023 09:49:02	SQL :EXEC GetUserSubMenu 'nanang.andriani','19';
24/05/2023 09:49:02	SQL :EXEC GetUserTreeMenu 'nanang.andriani','1901',@CompanyId=2;
24/05/2023 09:49:02	SQL :EXEC GetUserTreeMenu 'nanang.andriani','1902',@CompanyId=2;
24/05/2023 09:49:02	SQL :EXEC GetUserTreeMenu 'nanang.andriani','1903',@CompanyId=2;
24/05/2023 09:49:02	SQL :EXEC GetUserTreeMenu 'nanang.andriani','1904',@CompanyId=2;
24/05/2023 09:49:02	SQL :EXEC GetUserTreeMenu 'nanang.andriani','1905',@CompanyId=2;
24/05/2023 09:49:02	SQL :EXEC GetUserTreeMenu 'nanang.andriani','1906',@CompanyId=2;
24/05/2023 09:49:02	SQL :EXEC GetUserTreeMenu 'nanang.andriani','1907',@CompanyId=2;
24/05/2023 09:49:02	SQL :EXEC GetUserTreeMenu 'nanang.andriani','1908',@CompanyId=2;
24/05/2023 09:49:02	SQL :EXEC GetUserTreeMenu 'nanang.andriani','1909',@CompanyId=2;
24/05/2023 09:49:02	SQL :EXEC GetUserTreeMenu 'nanang.andriani','1910',@CompanyId=2;
24/05/2023 09:49:02	SQL :EXEC GetUserTreeMenu 'nanang.andriani','1911',@CompanyId=2;
24/05/2023 09:49:02	SQL :EXEC GetUserTreeMenu 'nanang.andriani','1912',@CompanyId=2;
24/05/2023 09:49:02	SQL :SELECT CONVERT(VARCHAR(8),GETDATE(),108) AS hour_minute;
24/05/2023 09:49:02	SQL :SELECT CONVERT(VARCHAR(10),GETDATE(),103) AS date_time;
24/05/2023 09:49:02	Loading Setting
24/05/2023 09:49:02	Open DB Connection
24/05/2023 09:49:02	SQL :SELECT * FROM wh_setting WHERE setting_name='Hold_Less_Deposit';
24/05/2023 09:49:02	SQL :SELECT * FROM wh_setting WHERE setting_name='Max_Less_Deposit';
24/05/2023 09:49:02	SQL :SELECT * FROM wh_setting WHERE setting_name='Dashboard_2';
24/05/2023 09:49:02	Finish Logging
24/05/2023 09:49:02	SQL :SELECT value_string FROM wh_setting WHERE (setting_name='Interval_CheckInDate') AND (active=1);
24/05/2023 09:49:03	SQL :SELECT value_string FROM wh_setting WHERE (setting_name='Interval_CheckInTime') AND (active=1);
24/05/2023 09:49:03	SQL :SELECT value_string FROM wh_setting WHERE (setting_name='ChatEnable') and (active=1);
24/05/2023 09:49:03	Message:Port Check
24/05/2023 09:49:03	Message:Open DB Connection
24/05/2023 09:49:03	SQL :EXEC GetMessage '01','nanang.andriani';
24/05/2023 09:49:04	SQL :SELECT CONVERT(VARCHAR(8),GETDATE(),108) AS hour_minute;
24/05/2023 09:49:04	SQL :SELECT CONVERT(VARCHAR(10),GETDATE(),103) AS date_time;
24/05/2023 09:49:16	Open Menu :130501
24/05/2023 09:49:16	Open DB Connection
24/05/2023 09:49:16	SQL :EXEC AuthMenu 'nanang.andriani',130501;
24/05/2023 09:49:16	Form Check :SPJFormBus
24/05/2023 09:49:16	Open DB Connection
24/05/2023 09:49:16	SQL :SELECT * FROM wh_setting WHERE (setting_name='Full_Payment_CompanyId_2') AND (active=1);
24/05/2023 09:49:16	SQL :SELECT value_string FROM wh_setting WHERE setting_name='SJ_Range_CompanyId_2';
24/05/2023 09:49:16	SQL :SELECT * FROM wh_setting WHERE (setting_name='PostingData_API_CompanyId_2') AND (active=1);
24/05/2023 09:49:18	Form Check :BookingList
24/05/2023 09:49:18	Form Open: BookingList=Bus,,SJBus-Create,4,a.from_date,30
24/05/2023 09:49:18	Open DB Connection
24/05/2023 09:49:18	SQL :EXEC GetCompanyLocationList
24/05/2023 09:49:18	Open DB Connection
24/05/2023 09:49:18	SQL :EXEC GetReservedOrderList 2,@LocationId=6,@Finish=4,@PaymentDetail=2,@OrderBy='a.from_date',@Range=30;
24/05/2023 09:49:34	Open DB Connection
24/05/2023 09:49:34	SQL :EXEC GetReservedOrderDetailDetail 'RESR230104308';
24/05/2023 09:49:34	SQL :EXEC GetCustomerOrderServiceList 'COWDC23010199';
24/05/2023 09:49:34	Open DB Connection
24/05/2023 09:49:34	SQL :EXEC GetDriverList 6,2;
24/05/2023 09:49:36	SQL :EXEC GetHelperList 6,2;
24/05/2023 09:49:36	SQL :SELECT a.*,b.body_id FROM wh_working_schedule AS a LEFT JOIN wh_vehicle AS b ON b.vehicle_id=a.vehicle_id WHERE (location_id=6) AND (GETDATE() BETWEEN from_date AND to_date) ;
24/05/2023 09:49:36	SQL :SELECT * FROM wh_setting WHERE (setting_name='Full_Payment_CompanyId2') AND (active=1);
24/05/2023 09:49:36	SQL :SELECT * FROM wh_setting WHERE (setting_name='Sent_WA_DriverInfo_CompanyId_2') AND (active=1);
24/05/2023 09:49:36	SQL :SELECT * FROM wh_setting WHERE (setting_name='Choose_WA_Number_CompanyId_2') AND (active=1);
24/05/2023 09:49:36	SQL :SELECT * FROM wh_setting WHERE (setting_name='URL_Webwhatsapp') AND (active=1);
24/05/2023 09:49:37	SQL :SELECT value_string FROM wh_setting WHERE (setting_name='SPJ_Form_CompanyId_2') and (active=1);
24/05/2023 09:49:37	Open DB Connection
24/05/2023 09:49:37	SQL :EXEC GetVhcAvailList 6,2,@FromDate='2023/01/06',@ToDate='2023/01/07';
24/05/2023 09:49:47	Open DB Connection
24/05/2023 09:49:24/05/2023 09:53:01	Get Local Settings
24/05/2023 09:53:01	Start Change Local Settings
24/05/2023 09:53:01	Change short date format
24/05/2023 09:53:01	Change Long date format
24/05/2023 09:53:01	Finish Change Local Settings
24/05/2023 09:53:01	Registry Read: Path=SOFTWARE\WEHA\Aplikasi\3
24/05/2023 09:53:01	Registry Read/Write
24/05/2023 09:53:01	Registry Read: Path=SOFTWARE\WEHA\Aplikasi\3
24/05/2023 09:53:01	Registry Read:Fail
24/05/2023 09:53:01	Setting DB Param
24/05/2023 09:53:01	Create DB Object
24/05/2023 09:53:01	Init DB
24/05/2023 09:53:03	Error Create DB Connection
24/05/2023 09:53:05	Change Db Connection to :Provider=MSDASQL.1
24/05/2023 09:53:05	Finish Create DB Connection
24/05/2023 09:53:05	Get File Version
24/05/2023 09:53:05	Change  Caption
24/05/2023 09:53:05	Init Shortkey
24/05/2023 09:53:06	Form Check :Setting
24/05/2023 09:53:06	Form Open: Setting
24/05/2023 09:53:23	Create DB Object
24/05/2023 09:53:23	Init DB
24/05/2023 09:53:23	Finish Init DB
24/05/2023 09:53:23	Port Check
24/05/2023 09:53:23	Connection Check
24/05/2023 09:53:24	Check Success
24/05/2023 09:53:25	Registry Write: 192.168.10.247,wh_prod,sa,SQLNCLI10
24/05/2023 09:53:25	Registry Read: Path=SOFTWARE\WEHA\Aplikasi\3
24/05/2023 09:53:25	Registry Read:Fail
24/05/2023 09:53:27	Create DB Object
24/05/2023 09:53:27	Init DB
24/05/2023 09:53:27	Finish Init DB
24/05/2023 09:53:33	Update new version check
24/05/2023 09:53:33	Open DB Connection
24/05/2023 09:53:33	SQL :
24/05/2023 09:53:34	Update check version
24/05/2023 09:53:34	Open DB Connection
24/05/2023 09:53:34	SQL :SELECT version FROM wh_application WHERE application_id=(SELECT MAX(application_id) FROM wh_application);
24/05/2023 09:53:34	Start Login
24/05/2023 09:53:34	Open DB Connection
24/05/2023 09:53:34	SQL :EXEC AuthenticateUser 'nanang.andriani','3b5929d0c23006c99522f38746d85dd4';
24/05/2023 09:53:34	SQL :INSERT INTO wh_log (user_id,app_date,app_version,app_version_svr,location_id,company_id,department_id,host_name,ip_address)  VALUES ('nanang.andriani','24/05/2023','6.1.5.22','6.1.5.20',6,2,13,'DESKTOP-88BM05S','192.168.25.214');
24/05/2023 09:53:34	Open DB Connection
24/05/2023 09:53:34	SQL :EXEC GetUserMenu 'nanang.andriani';
24/05/2023 09:53:34	SQL :EXEC GetUserSubMenu 'nanang.andriani','11';
24/05/2023 09:53:34	SQL :EXEC GetUserTreeMenu 'nanang.andriani','1101',@CompanyId=2;
24/05/2023 09:53:34	SQL :EXEC GetUserTreeMenu 'nanang.andriani','1102',@CompanyId=2;
24/05/2023 09:53:34	SQL :EXEC GetUserTreeMenu 'nanang.andriani','1103',@CompanyId=2;
24/05/2023 09:53:34	SQL :EXEC GetUserTreeMenu 'nanang.andriani','1104',@CompanyId=2;
24/05/2023 09:53:34	SQL :EXEC GetUserTreeMenu 'nanang.andriani','1105',@CompanyId=2;
24/05/2023 09:53:34	SQL :EXEC GetUserTreeMenu 'nanang.andriani','1106',@CompanyId=2;
24/05/2023 09:53:34	SQL :EXEC GetUserTreeMenu 'nanang.andriani','1107',@CompanyId=2;
24/05/2023 09:53:34	SQL :EXEC GetUserTreeMenu 'nanang.andriani','1108',@CompanyId=2;
24/05/2023 09:53:34	SQL :EXEC GetUserTreeMenu 'nanang.andriani','1109',@CompanyId=2;
24/05/2023 09:53:34	SQL :EXEC GetUserTreeMenu 'nanang.andriani','1110',@CompanyId=2;
24/05/2023 09:53:34	SQL :EXEC GetUserTreeMenu 'nanang.andriani','1111',@CompanyId=2;
24/05/2023 09:53:34	SQL :EXEC GetUserTreeMenu 'nanang.andriani','1112',@CompanyId=2;
24/05/2023 09:53:34	SQL :EXEC GetUserTreeMenu 'nanang.andriani','1113',@CompanyId=2;
24/05/2023 09:53:34	SQL :EXEC GetUserTreeMenu 'nanang.andriani','1114',@CompanyId=2;
24/05/2023 09:53:34	SQL :EXEC GetUserTreeMenu 'nanang.andriani','1115',@CompanyId=2;
24/05/2023 09:53:34	SQL :EXEC GetUserTreeMenu 'nanang.andriani','1116',@CompanyId=2;
24/05/2023 09:53:34	SQL :EXEC GetUserTreeMenu 'nanang.andriani','1117',@CompanyId=2;
24/05/2023 09:53:34	SQL :EXEC GetUserTreeMenu 'nanang.andriani','1198',@CompanyId=2;
24/05/2023 09:53:34	SQL :EXEC GetUserTreeMenu 'nanang.andriani','1199',@CompanyId=2;
24/05/2023 09:53:34	SQL :EXEC GetUserSubMenu 'nanang.andriani','12';
24/05/2023 09:53:34	SQL :EXEC GetUserTreeMenu 'nanang.andriani','1201',@CompanyId=2;
24/05/2023 09:53:34	SQL :EXEC GetUserTreeMenu 'nanang.andriani','1202',@CompanyId=2;
24/05/2023 09:53:34	SQL :EXEC GetUserTreeMenu 'nanang.andriani','1203',@CompanyId=2;
24/05/2023 09:53:34	SQL :EXEC GetUserTreeMenu 'nanang.andriani','1204',@CompanyId=2;
24/05/2023 09:53:34	SQL :EXEC GetUserTreeMenu 'nanang.andriani','1205',@CompanyId=2;
24/05/2023 09:53:35	SQL :EXEC GetUserTreeMenu 'nanang.andriani','1206',@CompanyId=2;
24/05/2023 09:53:35	SQL :EXEC GetUserTreeMenu 'nanang.andriani','1207',@CompanyId=2;
24/05/2023 09:53:35	SQL :EXEC GetUserSubMenu 'nanang.andriani','13';
24/05/2023 09:53:35	SQL :EXEC GetUserTreeMenu 'nanang.andriani','1301',@CompanyId=2;
24/05/2023 09:53:35	SQL :EXEC GetUserTreeMenu 'nanang.andriani','1302',@CompanyId=2;
24/05/2023 09:53:35	SQL :EXEC GetUserTreeMenu 'nanang.andriani','1303',@CompanyId=2;
24/05/2023 09:53:35	SQL :EXEC GetUserTreeMenu 'nanang.andriani','1304',@CompanyId=2;
24/05/2023 09:53:35	SQL :EXEC GetUserTreeMenu 'nanang.andriani','1305',@CompanyId=2;
24/05/2023 09:53:35	SQL :EXEC GetUserTreeMenu 'nanang.andriani','1306',@CompanyId=2;
24/05/2023 09:53:35	SQL :EXEC GetUserTreeMenu 'nanang.andriani','1307',@CompanyId=2;
24/05/2023 09:53:35	SQL :EXEC GetUserTreeMenu 'nanang.andriani','1308',@CompanyId=2;
24/05/2023 09:53:35	SQL :EXEC GetUserTreeMenu 'nanang.andriani','1309',@CompanyId=2;
24/05/2023 09:53:35	SQL :EXEC GetUserTreeMenu 'nanang.andriani','1310',@CompanyId=2;
24/05/2023 09:53:35	SQL :EXEC GetUserTreeMenu 'nanang.andriani','1311',@CompanyId=2;
24/05/2023 09:53:35	SQL :EXEC GetUserTreeMenu 'nanang.andriani','1312',@CompanyId=2;
24/05/2023 09:53:35	SQL :EXEC GetUserTreeMenu 'nanang.andriani','1313',@CompanyId=2;
24/05/2023 09:53:35	SQL :EXEC GetUserTreeMenu 'nanang.andriani','1314',@CompanyId=2;
24/05/2023 09:53:35	SQL :EXEC GetUserTreeMenu 'nanang.andriani','1315',@CompanyId=2;
24/05/2023 09:53:35	SQL :EXEC GetUserTreeMenu 'nanang.andriani','1316',@CompanyId=2;
24/05/2023 09:53:35	SQL :EXEC GetUserTreeMenu 'nanang.andriani','1317',@CompanyId=2;
24/05/2023 09:53:35	SQL :EXEC GetUserTreeMenu 'nanang.andriani','1318',@CompanyId=2;
24/05/2023 09:53:35	SQL :EXEC GetUserTreeMenu 'nanang.andriani','1319',@CompanyId=2;
24/05/2023 09:53:35	SQL :EXEC GetUserTreeMenu 'nanang.andriani','1320',@CompanyId=2;
24/05/2023 09:53:35	SQL :EXEC GetUserTreeMenu 'nanang.andriani','1321',@CompanyId=2;
24/05/2023 09:53:35	SQL :EXEC GetUserTreeMenu 'nanang.andriani','1322',@CompanyId=2;
24/05/2023 09:53:35	SQL :EXEC GetUserSubMenu 'nanang.andriani','14';
24/05/2023 09:53:35	SQL :EXEC GetUserTreeMenu 'nanang.andriani','1401',@CompanyId=2;
24/05/2023 09:53:35	SQL :EXEC GetUserTreeMenu 'nanang.andriani','1402',@CompanyId=2;
24/05/2023 09:53:35	SQL :EXEC GetUserTreeMenu 'nanang.andriani','1403',@CompanyId=2;
24/05/2023 09:53:35	SQL :EXEC GetUserTreeMenu 'nanang.andriani','1404',@CompanyId=2;
24/05/2023 09:53:35	SQL :EXEC GetUserTreeMenu 'nanang.andriani','1406',@CompanyId=2;
24/05/2023 09:53:35	SQL :EXEC GetUserTreeMenu 'nanang.andriani','1408',@CompanyId=2;
24/05/2023 09:53:35	SQL :EXEC GetUserTreeMenu 'nanang.andriani','1410',@CompanyId=2;
24/05/2023 09:53:35	SQL :EXEC GetUserTreeMenu 'nanang.andriani','1411',@CompanyId=2;
24/05/2023 09:53:35	SQL :EXEC GetUserTreeMenu 'nanang.andriani','1412',@CompanyId=2;
24/05/2023 09:53:35	SQL :EXEC GetUserTreeMenu 'nanang.andriani','1413',@CompanyId=2;
24/05/2023 09:53:35	SQL :EXEC GetUserTreeMenu 'nanang.andriani','1414',@CompanyId=2;
24/05/2023 09:53:35	SQL :EXEC GetUserSubMenu 'nanang.andriani','15';
24/05/2023 09:53:35	SQL :EXEC GetUserTreeMenu 'nanang.andriani','1501',@CompanyId=2;
24/05/2023 09:53:35	SQL :EXEC GetUserTreeMenu 'nanang.andriani','1502',@CompanyId=2;
24/05/2023 09:53:35	SQL :EXEC GetUserTreeMenu 'nanang.andriani','1503',@CompanyId=2;
24/05/2023 09:53:35	SQL :EXEC GetUserTreeMenu 'nanang.andriani','1504',@CompanyId=2;
24/05/2023 09:53:35	SQL :EXEC GetUserTreeMenu 'nanang.andriani','1505',@CompanyId=2;
24/05/2023 09:53:35	SQL :EXEC GetUserTreeMenu 'nanang.andriani','1506',@CompanyId=2;
24/05/2023 09:53:35	SQL :EXEC GetUserTreeMenu 'nanang.andriani','1507',@CompanyId=2;
24/05/2023 09:53:36	SQL :EXEC GetUserTreeMenu 'nanang.andriani','1508',@CompanyId=2;
24/05/2023 09:53:36	SQL :EXEC GetUserTreeMenu 'nanang.andriani','1509',@CompanyId=2;
24/05/2023 09:53:36	SQL :EXEC GetUserTreeMenu 'nanang.andriani','1510',@CompanyId=2;
24/05/2023 09:53:36	SQL :EXEC GetUserTreeMenu 'nanang.andriani','1511',@CompanyId=2;
24/05/2023 09:53:36	SQL :EXEC GetUserSubMenu 'nanang.andriani','16';
24/05/2023 09:53:36	SQL :EXEC GetUserTreeMenu 'nanang.andriani','1601',@CompanyId=2;
24/05/2023 09:53:36	SQL :EXEC GetUserTreeMenu 'nanang.andriani','1602',@CompanyId=2;
24/05/2023 09:53:36	SQL :EXEC GetUserTreeMenu 'nanang.andriani','1603',@CompanyId=2;
24/05/2023 09:53:36	SQL :EXEC GetUserTreeMenu 'nanang.andriani','1604',@CompanyId=2;
24/05/2023 09:53:36	SQL :EXEC GetUserTreeMenu 'nanang.andriani','1605',@CompanyId=2;
24/05/2023 09:53:36	SQL :EXEC GetUserTreeMenu 'nanang.andriani','1606',@CompanyId=2;
24/05/2023 09:53:36	SQL :EXEC GetUserTreeMenu 'nanang.andriani','1607',@CompanyId=2;
24/05/2023 09:53:36	SQL :EXEC GetUserTreeMenu 'nanang.andriani','1608',@CompanyId=2;
24/05/2023 09:53:36	SQL :EXEC GetUserTreeMenu 'nanang.andriani','1609',@CompanyId=2;
24/05/2023 09:53:36	SQL :EXEC GetUserTreeMenu 'nanang.andriani','1610',@CompanyId=2;
24/05/2023 09:53:36	SQL :EXEC GetUserTreeMenu 'nanang.andriani','1611',@CompanyId=2;
24/05/2023 09:53:36	SQL :EXEC GetUserTreeMenu 'nanang.andriani','1612',@CompanyId=2;
24/05/2023 09:53:36	SQL :EXEC GetUserTreeMenu 'nanang.andriani','1613',@CompanyId=2;
24/05/2023 09:53:36	SQL :EXEC GetUserTreeMenu 'nanang.andriani','1614',@CompanyId=2;
24/05/2023 09:53:36	SQL :EXEC GetUserTreeMenu 'nanang.andriani','1615',@CompanyId=2;
24/05/2023 09:53:36	SQL :EXEC GetUserTreeMenu 'nanang.andriani','1616',@CompanyId=2;
24/05/2023 09:53:36	SQL :EXEC GetUserTreeMenu 'nanang.andriani','1619',@CompanyId=2;
24/05/2023 09:53:36	SQL :EXEC GetUserTreeMenu 'nanang.andriani','1620',@CompanyId=2;
24/05/2023 09:53:36	SQL :EXEC GetUserSubMenu 'nanang.andriani','17';
24/05/2023 09:53:36	SQL :EXEC GetUserTreeMenu 'nanang.andriani','1701',@CompanyId=2;
24/05/2023 09:53:36	SQL :EXEC GetUserTreeMenu 'nanang.andriani','1702',@CompanyId=2;
24/05/2023 09:53:37	SQL :EXEC GetUserTreeMenu 'nanang.andriani','1703',@CompanyId=2;
24/05/2023 09:53:37	SQL :EXEC GetUserTreeMenu 'nanang.andriani','1704',@CompanyId=2;
24/05/2023 09:53:37	SQL :EXEC GetUserTreeMenu 'nanang.andriani','1705',@CompanyId=2;
24/05/2023 09:53:37	SQL :EXEC GetUserTreeMenu 'nanang.andriani','1706',@CompanyId=2;
24/05/2023 09:53:37	SQL :EXEC GetUserTreeMenu 'nanang.andriani','1707',@CompanyId=2;
24/05/2023 09:53:37	SQL :EXEC GetUserTreeMenu 'nanang.andriani','1708',@CompanyId=2;
24/05/2023 09:53:37	SQL :EXEC GetUserTreeMenu 'nanang.andriani','1709',@CompanyId=2;
24/05/2023 09:53:37	SQL :EXEC GetUserTreeMenu 'nanang.andriani','1710',@CompanyId=2;
24/05/2023 09:53:37	SQL :EXEC GetUserTreeMenu 'nanang.andriani','1711',@CompanyId=2;
24/05/2023 09:53:37	SQL :EXEC GetUserTreeMenu 'nanang.andriani','1712',@CompanyId=2;
24/05/2023 09:53:37	SQL :EXEC GetUserTreeMenu 'nanang.andriani','1713',@CompanyId=2;
24/05/2023 09:53:37	SQL :EXEC GetUserTreeMenu 'nanang.andriani','1714',@CompanyId=2;
24/05/2023 09:53:37	SQL :EXEC GetUserTreeMenu 'nanang.andriani','1715',@CompanyId=2;
24/05/2023 09:53:37	SQL :EXEC GetUserTreeMenu 'nanang.andriani','1716',@CompanyId=2;
24/05/2023 09:53:37	SQL :EXEC GetUserTreeMenu 'nanang.andriani','1717',@CompanyId=2;
24/05/2023 09:53:37	SQL :EXEC GetUserSubMenu 'nanang.andriani','18';
24/05/2023 09:53:37	SQL :EXEC GetUserTreeMenu 'nanang.andriani','1801',@CompanyId=2;
24/05/2023 09:53:37	SQL :EXEC GetUserSubMenu 'nanang.andriani','19';
24/05/2023 09:53:37	SQL :EXEC GetUserTreeMenu 'nanang.andriani','1901',@CompanyId=2;
24/05/2023 09:53:37	SQL :EXEC GetUserTreeMenu 'nanang.andriani','1902',@CompanyId=2;
24/05/2023 09:53:37	SQL :EXEC GetUserTreeMenu 'nanang.andriani','1903',@CompanyId=2;
24/05/2023 09:53:37	SQL :EXEC GetUserTreeMenu 'nanang.andriani','1904',@CompanyId=2;
24/05/2023 09:53:37	SQL :EXEC GetUserTreeMenu 'nanang.andriani','1905',@CompanyId=2;
24/05/2023 09:53:37	SQL :EXEC GetUserTreeMenu 'nanang.andriani','1906',@CompanyId=2;
24/05/2023 09:53:37	SQL :EXEC GetUserTreeMenu 'nanang.andriani','1907',@CompanyId=2;
24/05/2023 09:53:37	SQL :EXEC GetUserTreeMenu 'nanang.andriani','1908',@CompanyId=2;
24/05/2023 09:53:37	SQL :EXEC GetUserTreeMenu 'nanang.andriani','1909',@CompanyId=2;
24/05/2023 09:53:37	SQL :EXEC GetUserTreeMenu 'nanang.andriani','1910',@CompanyId=2;
24/05/2023 09:53:37	SQL :EXEC GetUserTreeMenu 'nanang.andriani','1911',@CompanyId=2;
24/05/2023 09:53:37	SQL :EXEC GetUserTreeMenu 'nanang.andriani','1912',@CompanyId=2;
24/05/2023 09:53:37	SQL :SELECT CONVERT(VARCHAR(8),GETDATE(),108) AS hour_minute;
24/05/2023 09:53:38	SQL :SELECT CONVERT(VARCHAR(10),GETDATE(),103) AS date_time;
24/05/2023 09:53:38	Loading Setting
24/05/2023 09:53:38	Open DB Connection
24/05/2023 09:53:38	SQL :SELECT * FROM wh_setting WHERE setting_name='Hold_Less_Deposit';
24/05/2023 09:53:38	SQL :SELECT * FROM wh_setting WHERE setting_name='Max_Less_Deposit';
24/05/2023 09:53:38	SQL :SELECT * FROM wh_setting WHERE setting_name='Dashboard_2';
24/05/2023 09:53:38	Finish Logging
24/05/2023 09:53:38	SQL :SELECT value_string FROM wh_setting WHERE (setting_name='Interval_CheckInDate') AND (active=1);
24/05/2023 09:53:38	SQL :SELECT value_string FROM wh_setting WHERE (setting_name='Interval_CheckInTime') AND (active=1);
24/05/2023 09:53:38	SQL :SELECT value_string FROM wh_setting WHERE (setting_name='ChatEnable') and (active=1);
24/05/2023 09:53:39	Message:Port Check
24/05/2023 09:53:39	Message:Open DB Connection
24/05/2023 09:53:39	SQL :EXEC GetMessage '01','nanang.andriani';
24/05/2023 09:53:39	SQL :SELECT CONVERT(VARCHAR(8),GETDATE(),108) AS hour_minute;
24/05/2023 09:53:39	SQL :SELECT CONVERT(VARCHAR(10),GETDATE(),103) AS date_time;
24/05/2023 09:53:41	Open Menu :130501
24/05/2023 09:53:41	Open DB Connection
24/05/2023 09:53:41	SQL :EXEC AuthMenu 'nanang.andriani',130501;
24/05/2023 09:53:42	Form Check :SPJFormBus
24/05/2023 09:53:42	Open DB Connection
24/05/2023 09:53:42	SQL :SELECT * FROM wh_setting WHERE (setting_name='Full_Payment_CompanyId_2') AND (active=1);
24/05/2023 09:53:42	SQL :SELECT value_string FROM wh_setting WHERE setting_name='SJ_Range_CompanyId_2';
24/05/2023 09:53:42	SQL :SELECT * FROM wh_setting WHERE (setting_name='PostingData_API_CompanyId_2') AND (active=1);
24/05/2023 09:53:43	Form Check :BookingList
24/05/2023 09:53:43	Form Open: BookingList=Bus,,SJBus-Create,4,a.from_date,30
24/05/2023 09:53:43	Open DB Connection
24/05/2023 09:53:43	SQL :EXEC GetCompanyLocationList
24/05/2023 09:53:43	Open DB Connection
24/05/2023 09:53:43	SQL :EXEC GetReservedOrderList 2,@LocationId=6,@Finish=4,@PaymentDetail=2,@OrderBy='a.from_date',@Range=30;
24/05/2023 09:54:08	Open DB Connection
24/05/2023 09:54:08	SQL :EXEC GetReservedOrderDetailDetail 'RESR230104308';
24/05/2023 09:54:08	SQL :EXEC GetCustomerOrderServiceList 'COWDC23010199';
24/05/2023 09:54:08	Open DB Connection
24/05/2023 09:54:08	SQL :EXEC GetDriverList 6,2;
24/05/2023 09:54:09	SQL :EXEC GetHelperList 6,2;
24/05/2023 09:54:09	SQL :SELECT a.*,b.body_id FROM wh_working_schedule AS a LEFT JOIN wh_vehicle AS b ON b.vehicle_id=a.vehicle_id WHERE (location_id=6) AND (GETDATE() BETWEEN from_date AND to_date) ;
24/05/2023 09:54:09	SQL :SELECT * FROM wh_setting WHERE (setting_name='Full_Payment_CompanyId2') AND (active=1);
24/05/2023 09:54:09	SQL :SELECT * FROM wh_setting WHERE (setting_name='Sent_WA_DriverInfo_CompanyId_2') AND (active=1);
24/05/2023 09:54:09	SQL :SELECT * FROM wh_setting WHERE (setting_name='Choose_WA_Number_CompanyId_2') AND (active=1);
24/05/2023 09:54:09	SQL :SELECT * FROM wh_setting WHERE (setting_name='URL_Webwhatsapp') AND (active=1);
24/05/2023 09:54:09	SQL :SELECT value_string FROM wh_setting WHERE (setting_name='SPJ_Form_CompanyId_2') and (active=1);
24/05/2023 09:54:09	Open DB Connection
24/05/2023 09:54:09	SQL :EXEC GetVhcAvailList 6,2,@FromDate='2023/01/06',@ToDate='2023/01/07';
24/05/2023 09:54:30	Open DB Connection
24/05/2023 09:54:30	SQL :EXEC GetProductVehicleDetailList 2,@VehicleGroup=120,@Seat=59;
24/05/2023 09:55:00	Open Menu :130502
24/05/2023 09:55:00	Open DB Connection
24/05/2023 09:55:00	SQL :EXEC AuthMenu 'nanang.andriani',130502;
24/05/2023 09:55:00	Form Open: ProductPriceList=Main-Change,0,-1,0
24/05/2023 09:55:00	Open DB Connection
24/05/2023 09:55:00	SQL :EXEC GetCompanyLocationList
24/05/2023 09:55:00	Open DB Connection
24/05/2023 09:55:00	SQL :EXEC GetVhcOutList2 6,1,2,@AllFoward=2;
24/05/2023 09:58:24	Form Check :SPJFormBus
24/05/2023 09:58:24	Open DB Connection
24/05/2023 09:58:24	SQL :SELECT * FROM wh_setting WHERE (setting_name='Full_Payment_CompanyId_2') AND (active=1);
24/05/2023 09:58:24	SQL :SELECT value_string FROM wh_setting WHERE setting_name='SJ_Range_CompanyId_2';
24/05/2023 09:58:24	SQL :SELECT * FROM wh_setting WHERE (setting_name='PostingData_API_CompanyId_2') AND (active=1);
24/05/2023 09:58:24	Open DB Connection
24/05/2023 09:58:24	SQL :EXEC GetDriverList 6,2;
24/05/2023 09:58:25	SQL :EXEC GetHelperList 6,2;
24/05/2023 09:58:25	SQL :SELECT a.*,b.body_id FROM wh_working_schedule AS a LEFT JOIN wh_vehicle AS b ON b.vehicle_id=a.vehicle_id WHERE (location_id=6) AND (GETDATE() BETWEEN from_date AND to_date) ;
24/05/2023 09:58:25	SQL :SELECT * FROM wh_setting WHERE (setting_name='Full_Payment_CompanyId2') AND (active=1);
24/05/2023 09:58:25	SQL :SELECT * FROM wh_setting WHERE (setting_name='Sent_WA_DriverInfo_CompanyId_2') AND (active=1);
24/05/2023 09:58:25	SQL :SELECT * FROM wh_setting WHERE (setting_name='Choose_WA_Number_CompanyId_2') AND (active=1);
24/05/2023 09:58:25	SQL :SELECT * FROM wh_setting WHERE (setting_name='URL_Webwhatsapp') AND (active=1);
24/05/2023 09:58:25	SQL :SELECT value_string FROM wh_setting WHERE (setting_name='SPJ_Form_CompanyId_2') and (active=1);
24/05/2023 09:58:25	Open DB Connection
24/05/2023 09:58:25	SQL :EXEC GetVhcAvailList 6,2;
24/05/2023 09:58:39	Open DB Connection
24/05/2023 09:58:39	SQL :EXEC GetSJDetail 'SJBDPS22110046';
24/05/2023 09:58:40	SQL :EXEC GetCustomerOrderServiceList 'COPKT22110024';
24/05/2023 09:59:06	Open Menu :130501
24/05/2023 09:59:06	Open DB Connection
24/05/2023 09:59:06	SQL :EXEC AuthMenu 'nanang.andriani',130501;
24/05/2023 09:59:06	Form Check :SPJFormBus
24/05/2023 09:59:07	Open DB Connection
24/05/2023 09:59:07	SQL :SELECT * FROM wh_setting WHERE (setting_name='Full_Payment_CompanyId_2') AND (active=1);
24/05/2023 09:59:07	SQL :SELECT value_string FROM wh_setting WHERE setting_name='SJ_Range_CompanyId_2';
24/05/2023 09:59:07	SQL :SELECT * FROM wh_setting WHERE (setting_name='PostingData_API_CompanyId_2') AND (active=1);
24/05/2023 09:59:08	Form Check :BookingList
24/05/2023 09:59:08	Form Open: BookingList=Bus,,SJBus-Create,4,a.from_date,30
24/05/2023 09:59:08	Open DB Connection
24/05/2023 09:59:08	SQL :EXEC GetCompanyLocationList
24/05/2023 09:59:08	Open DB Connection
24/05/2023 09:59:08	SQL :EXEC GetReservedOrderList 2,@LocationId=6,@Finish=4,@PaymentDetail=2,@OrderBy='a.from_date',@Range=30;
24/05/2023 09:59:21	Open DB Connection
24/05/2023 09:59:21	SQL :EXEC GetReservedOrderDetailDetail 'RESR230104308';
24/05/2023 09:59:21	SQL :EXEC GetCustomerOrderServiceList 'COWDC23010199';
24/05/2023 09:59:21	Open DB Connection
24/05/2023 09:59:21	SQL :EXEC GetDriverList 6,2;
24/05/2023 09:59:22	SQL :EXEC GetHelperList 6,2;
24/05/2023 09:59:22	SQL :SELECT a.*,b.body_id FROM wh_working_schedule AS a LEFT JOIN wh_vehicle AS b ON b.vehicle_id=a.vehicle_id WHERE (location_id=6) AND (GETDATE() BETWEEN from_date AND to_date) ;
24/05/2023 09:59:22	SQL :SELECT * FROM wh_setting WHERE (setting_name='Full_Payment_CompanyId2') AND (active=1);
24/05/2023 09:59:22	SQL :SELECT * FROM wh_setting WHERE (setting_name='Sent_WA_DriverInfo_CompanyId_2') AND (active=1);
24/05/2023 09:59:22	SQL :SELECT * FROM wh_setting WHERE (setting_name='Choose_WA_Number_CompanyId_2') AND (active=1);
24/05/2023 09:59:22	SQL :SELECT * FROM wh_setting WHERE (setting_name='URL_Webwhatsapp') AND (active=1);
24/05/2023 09:59:22	SQL :SELECT value_string FROM wh_setting WHERE (setting_name='SPJ_Form_CompanyId_2') and (active=1);
24/05/2023 09:59:22	Open DB Connection
24/05/2023 09:59:22	SQL :EXEC GetVhcAvailList 6,2,@FromDate='2023/01/06',@ToDate='2023/01/07';
24/05/2023 09:59:32	Open DB Connection
24/0524/05/2023 10:00:05	Get Local Settings
24/05/2023 10:00:05	Start Change Local Settings
24/05/2023 10:00:05	Change short date format
24/05/2023 10:00:05	Change Long date format
24/05/2023 10:00:05	Finish Change Local Settings
24/05/2023 10:00:05	Registry Read: Path=SOFTWARE\WEHA\Aplikasi\3
24/05/2023 10:00:05	Registry Read/Write
24/05/2023 10:00:05	Registry Read: Path=SOFTWARE\WEHA\Aplikasi\3
24/05/2023 10:00:05	Registry Read:Fail
24/05/2023 10:00:05	Setting DB Param
24/05/2023 10:00:05	Create DB Object
24/05/2023 10:00:05	Init DB
24/05/2023 10:00:07	Error Create DB Connection
24/05/2023 10:00:10	Change Db Connection to :Provider=MSDASQL.1
24/05/2023 10:00:10	Finish Create DB Connection
24/05/2023 10:00:10	Get File Version
24/05/2023 10:00:10	Change  Caption
24/05/2023 10:00:10	Init Shortkey
24/05/2023 10:00:12	Form Check :Setting
24/05/2023 10:00:12	Form Open: Setting
24/05/2023 10:00:29	Create DB Object
24/05/2023 10:00:29	Init DB
24/05/2023 10:00:29	Finish Init DB
24/05/2023 10:00:29	Port Check
24/05/2023 10:00:29	Connection Check
24/05/2023 10:00:29	Check Success
24/05/2023 10:00:31	Registry Write: 192.168.10.247,wh_prod,sa,SQLNCLI10
24/05/2023 10:00:31	Registry Read: Path=SOFTWARE\WEHA\Aplikasi\3
24/05/2023 10:00:31	Registry Read:Fail
24/05/2023 10:00:33	Create DB Object
24/05/2023 10:00:33	Init DB
24/05/2023 10:00:33	Finish Init DB
24/05/2023 10:00:39	Update new version check
24/05/2023 10:00:39	Open DB Connection
24/05/2023 10:00:40	SQL :
24/05/2023 10:00:40	Update check version
24/05/2023 10:00:40	Open DB Connection
24/05/2023 10:00:40	SQL :SELECT version FROM wh_application WHERE application_id=(SELECT MAX(application_id) FROM wh_application);
24/05/2023 10:00:40	Start Login
24/05/2023 10:00:40	Open DB Connection
24/05/2023 10:00:40	SQL :EXEC AuthenticateUser 'nanang.andriani','3b5929d0c23006c99522f38746d85dd4';
24/05/2023 10:00:40	SQL :INSERT INTO wh_log (user_id,app_date,app_version,app_version_svr,location_id,company_id,department_id,host_name,ip_address)  VALUES ('nanang.andriani','24/05/2023','6.1.5.22','6.1.5.20',6,2,13,'DESKTOP-88BM05S','192.168.25.214');
24/05/2023 10:00:40	Open DB Connection
24/05/2023 10:00:40	SQL :EXEC GetUserMenu 'nanang.andriani';
24/05/2023 10:00:40	SQL :EXEC GetUserSubMenu 'nanang.andriani','11';
24/05/2023 10:00:40	SQL :EXEC GetUserTreeMenu 'nanang.andriani','1101',@CompanyId=2;
24/05/2023 10:00:40	SQL :EXEC GetUserTreeMenu 'nanang.andriani','1102',@CompanyId=2;
24/05/2023 10:00:40	SQL :EXEC GetUserTreeMenu 'nanang.andriani','1103',@CompanyId=2;
24/05/2023 10:00:40	SQL :EXEC GetUserTreeMenu 'nanang.andriani','1104',@CompanyId=2;
24/05/2023 10:00:40	SQL :EXEC GetUserTreeMenu 'nanang.andriani','1105',@CompanyId=2;
24/05/2023 10:00:40	SQL :EXEC GetUserTreeMenu 'nanang.andriani','1106',@CompanyId=2;
24/05/2023 10:00:40	SQL :EXEC GetUserTreeMenu 'nanang.andriani','1107',@CompanyId=2;
24/05/2023 10:00:40	SQL :EXEC GetUserTreeMenu 'nanang.andriani','1108',@CompanyId=2;
24/05/2023 10:00:40	SQL :EXEC GetUserTreeMenu 'nanang.andriani','1109',@CompanyId=2;
24/05/2023 10:00:40	SQL :EXEC GetUserTreeMenu 'nanang.andriani','1110',@CompanyId=2;
24/05/2023 10:00:40	SQL :EXEC GetUserTreeMenu 'nanang.andriani','1111',@CompanyId=2;
24/05/2023 10:00:40	SQL :EXEC GetUserTreeMenu 'nanang.andriani','1112',@CompanyId=2;
24/05/2023 10:00:40	SQL :EXEC GetUserTreeMenu 'nanang.andriani','1113',@CompanyId=2;
24/05/2023 10:00:40	SQL :EXEC GetUserTreeMenu 'nanang.andriani','1114',@CompanyId=2;
24/05/2023 10:00:40	SQL :EXEC GetUserTreeMenu 'nanang.andriani','1115',@CompanyId=2;
24/05/2023 10:00:40	SQL :EXEC GetUserTreeMenu 'nanang.andriani','1116',@CompanyId=2;
24/05/2023 10:00:40	SQL :EXEC GetUserTreeMenu 'nanang.andriani','1117',@CompanyId=2;
24/05/2023 10:00:40	SQL :EXEC GetUserTreeMenu 'nanang.andriani','1198',@CompanyId=2;
24/05/2023 10:00:40	SQL :EXEC GetUserTreeMenu 'nanang.andriani','1199',@CompanyId=2;
24/05/2023 10:00:40	SQL :EXEC GetUserSubMenu 'nanang.andriani','12';
24/05/2023 10:00:40	SQL :EXEC GetUserTreeMenu 'nanang.andriani','1201',@CompanyId=2;
24/05/2023 10:00:40	SQL :EXEC GetUserTreeMenu 'nanang.andriani','1202',@CompanyId=2;
24/05/2023 10:00:40	SQL :EXEC GetUserTreeMenu 'nanang.andriani','1203',@CompanyId=2;
24/05/2023 10:00:40	SQL :EXEC GetUserTreeMenu 'nanang.andriani','1204',@CompanyId=2;
24/05/2023 10:00:40	SQL :EXEC GetUserTreeMenu 'nanang.andriani','1205',@CompanyId=2;
24/05/2023 10:00:40	SQL :EXEC GetUserTreeMenu 'nanang.andriani','1206',@CompanyId=2;
24/05/2023 10:00:40	SQL :EXEC GetUserTreeMenu 'nanang.andriani','1207',@CompanyId=2;
24/05/2023 10:00:40	SQL :EXEC GetUserSubMenu 'nanang.andriani','13';
24/05/2023 10:00:40	SQL :EXEC GetUserTreeMenu 'nanang.andriani','1301',@CompanyId=2;
24/05/2023 10:00:40	SQL :EXEC GetUserTreeMenu 'nanang.andriani','1302',@CompanyId=2;
24/05/2023 10:00:40	SQL :EXEC GetUserTreeMenu 'nanang.andriani','1303',@CompanyId=2;
24/05/2023 10:00:41	SQL :EXEC GetUserTreeMenu 'nanang.andriani','1304',@CompanyId=2;
24/05/2023 10:00:41	SQL :EXEC GetUserTreeMenu 'nanang.andriani','1305',@CompanyId=2;
24/05/2023 10:00:41	SQL :EXEC GetUserTreeMenu 'nanang.andriani','1306',@CompanyId=2;
24/05/2023 10:00:41	SQL :EXEC GetUserTreeMenu 'nanang.andriani','1307',@CompanyId=2;
24/05/2023 10:00:41	SQL :EXEC GetUserTreeMenu 'nanang.andriani','1308',@CompanyId=2;
24/05/2023 10:00:41	SQL :EXEC GetUserTreeMenu 'nanang.andriani','1309',@CompanyId=2;
24/05/2023 10:00:41	SQL :EXEC GetUserTreeMenu 'nanang.andriani','1310',@CompanyId=2;
24/05/2023 10:00:41	SQL :EXEC GetUserTreeMenu 'nanang.andriani','1311',@CompanyId=2;
24/05/2023 10:00:41	SQL :EXEC GetUserTreeMenu 'nanang.andriani','1312',@CompanyId=2;
24/05/2023 10:00:41	SQL :EXEC GetUserTreeMenu 'nanang.andriani','1313',@CompanyId=2;
24/05/2023 10:00:41	SQL :EXEC GetUserTreeMenu 'nanang.andriani','1314',@CompanyId=2;
24/05/2023 10:00:41	SQL :EXEC GetUserTreeMenu 'nanang.andriani','1315',@CompanyId=2;
24/05/2023 10:00:41	SQL :EXEC GetUserTreeMenu 'nanang.andriani','1316',@CompanyId=2;
24/05/2023 10:00:41	SQL :EXEC GetUserTreeMenu 'nanang.andriani','1317',@CompanyId=2;
24/05/2023 10:00:41	SQL :EXEC GetUserTreeMenu 'nanang.andriani','1318',@CompanyId=2;
24/05/2023 10:00:41	SQL :EXEC GetUserTreeMenu 'nanang.andriani','1319',@CompanyId=2;
24/05/2023 10:00:41	SQL :EXEC GetUserTreeMenu 'nanang.andriani','1320',@CompanyId=2;
24/05/2023 10:00:41	SQL :EXEC GetUserTreeMenu 'nanang.andriani','1321',@CompanyId=2;
24/05/2023 10:00:41	SQL :EXEC GetUserTreeMenu 'nanang.andriani','1322',@CompanyId=2;
24/05/2023 10:00:41	SQL :EXEC GetUserSubMenu 'nanang.andriani','14';
24/05/2023 10:00:41	SQL :EXEC GetUserTreeMenu 'nanang.andriani','1401',@CompanyId=2;
24/05/2023 10:00:41	SQL :EXEC GetUserTreeMenu 'nanang.andriani','1402',@CompanyId=2;
24/05/2023 10:00:41	SQL :EXEC GetUserTreeMenu 'nanang.andriani','1403',@CompanyId=2;
24/05/2023 10:00:41	SQL :EXEC GetUserTreeMenu 'nanang.andriani','1404',@CompanyId=2;
24/05/2023 10:00:41	SQL :EXEC GetUserTreeMenu 'nanang.andriani','1406',@CompanyId=2;
24/05/2023 10:00:41	SQL :EXEC GetUserTreeMenu 'nanang.andriani','1408',@CompanyId=2;
24/05/2023 10:00:41	SQL :EXEC GetUserTreeMenu 'nanang.andriani','1410',@CompanyId=2;
24/05/2023 10:00:41	SQL :EXEC GetUserTreeMenu 'nanang.andriani','1411',@CompanyId=2;
24/05/2023 10:00:41	SQL :EXEC GetUserTreeMenu 'nanang.andriani','1412',@CompanyId=2;
24/05/2023 10:00:41	SQL :EXEC GetUserTreeMenu 'nanang.andriani','1413',@CompanyId=2;
24/05/2023 10:00:41	SQL :EXEC GetUserTreeMenu 'nanang.andriani','1414',@CompanyId=2;
24/05/2023 10:00:41	SQL :EXEC GetUserSubMenu 'nanang.andriani','15';
24/05/2023 10:00:41	SQL :EXEC GetUserTreeMenu 'nanang.andriani','1501',@CompanyId=2;
24/05/2023 10:00:41	SQL :EXEC GetUserTreeMenu 'nanang.andriani','1502',@CompanyId=2;
24/05/2023 10:00:41	SQL :EXEC GetUserTreeMenu 'nanang.andriani','1503',@CompanyId=2;
24/05/2023 10:00:41	SQL :EXEC GetUserTreeMenu 'nanang.andriani','1504',@CompanyId=2;
24/05/2023 10:00:41	SQL :EXEC GetUserTreeMenu 'nanang.andriani','1505',@CompanyId=2;
24/05/2023 10:00:41	SQL :EXEC GetUserTreeMenu 'nanang.andriani','1506',@CompanyId=2;
24/05/2023 10:00:41	SQL :EXEC GetUserTreeMenu 'nanang.andriani','1507',@CompanyId=2;
24/05/2023 10:00:42	SQL :EXEC GetUserTreeMenu 'nanang.andriani','1508',@CompanyId=2;
24/05/2023 10:00:42	SQL :EXEC GetUserTreeMenu 'nanang.andriani','1509',@CompanyId=2;
24/05/2023 10:00:42	SQL :EXEC GetUserTreeMenu 'nanang.andriani','1510',@CompanyId=2;
24/05/2023 10:00:42	SQL :EXEC GetUserTreeMenu 'nanang.andriani','1511',@CompanyId=2;
24/05/2023 10:00:42	SQL :EXEC GetUserSubMenu 'nanang.andriani','16';
24/05/2023 10:00:42	SQL :EXEC GetUserTreeMenu 'nanang.andriani','1601',@CompanyId=2;
24/05/2023 10:00:42	SQL :EXEC GetUserTreeMenu 'nanang.andriani','1602',@CompanyId=2;
24/05/2023 10:00:42	SQL :EXEC GetUserTreeMenu 'nanang.andriani','1603',@CompanyId=2;
24/05/2023 10:00:42	SQL :EXEC GetUserTreeMenu 'nanang.andriani','1604',@CompanyId=2;
24/05/2023 10:00:42	SQL :EXEC GetUserTreeMenu 'nanang.andriani','1605',@CompanyId=2;
24/05/2023 10:00:42	SQL :EXEC GetUserTreeMenu 'nanang.andriani','1606',@CompanyId=2;
24/05/2023 10:00:42	SQL :EXEC GetUserTreeMenu 'nanang.andriani','1607',@CompanyId=2;
24/05/2023 10:00:42	SQL :EXEC GetUserTreeMenu 'nanang.andriani','1608',@CompanyId=2;
24/05/2023 10:00:42	SQL :EXEC GetUserTreeMenu 'nanang.andriani','1609',@CompanyId=2;
24/05/2023 10:00:42	SQL :EXEC GetUserTreeMenu 'nanang.andriani','1610',@CompanyId=2;
24/05/2023 10:00:42	SQL :EXEC GetUserTreeMenu 'nanang.andriani','1611',@CompanyId=2;
24/05/2023 10:00:42	SQL :EXEC GetUserTreeMenu 'nanang.andriani','1612',@CompanyId=2;
24/05/2023 10:00:42	SQL :EXEC GetUserTreeMenu 'nanang.andriani','1613',@CompanyId=2;
24/05/2023 10:00:42	SQL :EXEC GetUserTreeMenu 'nanang.andriani','1614',@CompanyId=2;
24/05/2023 10:00:42	SQL :EXEC GetUserTreeMenu 'nanang.andriani','1615',@CompanyId=2;
24/05/2023 10:00:42	SQL :EXEC GetUserTreeMenu 'nanang.andriani','1616',@CompanyId=2;
24/05/2023 10:00:42	SQL :EXEC GetUserTreeMenu 'nanang.andriani','1619',@CompanyId=2;
24/05/2023 10:00:42	SQL :EXEC GetUserTreeMenu 'nanang.andriani','1620',@CompanyId=2;
24/05/2023 10:00:42	SQL :EXEC GetUserSubMenu 'nanang.andriani','17';
24/05/2023 10:00:42	SQL :EXEC GetUserTreeMenu 'nanang.andriani','1701',@CompanyId=2;
24/05/2023 10:00:42	SQL :EXEC GetUserTreeMenu 'nanang.andriani','1702',@CompanyId=2;
24/05/2023 10:00:42	SQL :EXEC GetUserTreeMenu 'nanang.andriani','1703',@CompanyId=2;
24/05/2023 10:00:42	SQL :EXEC GetUserTreeMenu 'nanang.andriani','1704',@CompanyId=2;
24/05/2023 10:00:42	SQL :EXEC GetUserTreeMenu 'nanang.andriani','1705',@CompanyId=2;
24/05/2023 10:00:42	SQL :EXEC GetUserTreeMenu 'nanang.andriani','1706',@CompanyId=2;
24/05/2023 10:00:42	SQL :EXEC GetUserTreeMenu 'nanang.andriani','1707',@CompanyId=2;
24/05/2023 10:00:42	SQL :EXEC GetUserTreeMenu 'nanang.andriani','1708',@CompanyId=2;
24/05/2023 10:00:42	SQL :EXEC GetUserTreeMenu 'nanang.andriani','1709',@CompanyId=2;
24/05/2023 10:00:42	SQL :EXEC GetUserTreeMenu 'nanang.andriani','1710',@CompanyId=2;
24/05/2023 10:00:42	SQL :EXEC GetUserTreeMenu 'nanang.andriani','1711',@CompanyId=2;
24/05/2023 10:00:42	SQL :EXEC GetUserTreeMenu 'nanang.andriani','1712',@CompanyId=2;
24/05/2023 10:00:42	SQL :EXEC GetUserTreeMenu 'nanang.andriani','1713',@CompanyId=2;
24/05/2023 10:00:42	SQL :EXEC GetUserTreeMenu 'nanang.andriani','1714',@CompanyId=2;
24/05/2023 10:00:42	SQL :EXEC GetUserTreeMenu 'nanang.andriani','1715',@CompanyId=2;
24/05/2023 10:00:42	SQL :EXEC GetUserTreeMenu 'nanang.andriani','1716',@CompanyId=2;
24/05/2023 10:00:42	SQL :EXEC GetUserTreeMenu 'nanang.andriani','1717',@CompanyId=2;
24/05/2023 10:00:42	SQL :EXEC GetUserSubMenu 'nanang.andriani','18';
24/05/2023 10:00:42	SQL :EXEC GetUserTreeMenu 'nanang.andriani','1801',@CompanyId=2;
24/05/2023 10:00:42	SQL :EXEC GetUserSubMenu 'nanang.andriani','19';
24/05/2023 10:00:42	SQL :EXEC GetUserTreeMenu 'nanang.andriani','1901',@CompanyId=2;
24/05/2023 10:00:42	SQL :EXEC GetUserTreeMenu 'nanang.andriani','1902',@CompanyId=2;
24/05/2023 10:00:43	SQL :EXEC GetUserTreeMenu 'nanang.andriani','1903',@CompanyId=2;
24/05/2023 10:00:43	SQL :EXEC GetUserTreeMenu 'nanang.andriani','1904',@CompanyId=2;
24/05/2023 10:00:43	SQL :EXEC GetUserTreeMenu 'nanang.andriani','1905',@CompanyId=2;
24/05/2023 10:00:43	SQL :EXEC GetUserTreeMenu 'nanang.andriani','1906',@CompanyId=2;
24/05/2023 10:00:43	SQL :EXEC GetUserTreeMenu 'nanang.andriani','1907',@CompanyId=2;
24/05/2023 10:00:43	SQL :EXEC GetUserTreeMenu 'nanang.andriani','1908',@CompanyId=2;
24/05/2023 10:00:43	SQL :EXEC GetUserTreeMenu 'nanang.andriani','1909',@CompanyId=2;
24/05/2023 10:00:43	SQL :EXEC GetUserTreeMenu 'nanang.andriani','1910',@CompanyId=2;
24/05/2023 10:00:43	SQL :EXEC GetUserTreeMenu 'nanang.andriani','1911',@CompanyId=2;
24/05/2023 10:00:43	SQL :EXEC GetUserTreeMenu 'nanang.andriani','1912',@CompanyId=2;
24/05/2023 10:00:43	SQL :SELECT CONVERT(VARCHAR(8),GETDATE(),108) AS hour_minute;
24/05/2023 10:00:43	SQL :SELECT CONVERT(VARCHAR(10),GETDATE(),103) AS date_time;
24/05/2023 10:00:43	Loading Setting
24/05/2023 10:00:43	Open DB Connection
24/05/2023 10:00:43	SQL :SELECT * FROM wh_setting WHERE setting_name='Hold_Less_Deposit';
24/05/2023 10:00:43	SQL :SELECT * FROM wh_setting WHERE setting_name='Max_Less_Deposit';
24/05/2023 10:00:43	SQL :SELECT * FROM wh_setting WHERE setting_name='Dashboard_2';
24/05/2023 10:00:43	Finish Logging
24/05/2023 10:00:43	SQL :SELECT value_string FROM wh_setting WHERE (setting_name='Interval_CheckInDate') AND (active=1);
24/05/2023 10:00:43	SQL :SELECT value_string FROM wh_setting WHERE (setting_name='Interval_CheckInTime') AND (active=1);
24/05/2023 10:00:43	SQL :SELECT value_string FROM wh_setting WHERE (setting_name='ChatEnable') and (active=1);
24/05/2023 10:00:44	Message:Port Check
24/05/2023 10:00:44	Message:Open DB Connection
24/05/2023 10:00:44	SQL :EXEC GetMessage '01','nanang.andriani';
24/05/2023 10:00:44	SQL :SELECT CONVERT(VARCHAR(8),GETDATE(),108) AS hour_minute;
24/05/2023 10:00:44	SQL :SELECT CONVERT(VARCHAR(10),GETDATE(),103) AS date_time;
24/05/2023 10:00:45	Open Menu :130501
24/05/2023 10:00:45	Open DB Connection
24/05/2023 10:00:45	SQL :EXEC AuthMenu 'nanang.andriani',130501;
24/05/2023 10:00:45	Form Check :SPJFormBus
24/05/2023 10:00:46	Open DB Connection
24/05/2023 10:00:46	SQL :SELECT * FROM wh_setting WHERE (setting_name='Full_Payment_CompanyId_2') AND (active=1);
24/05/2023 10:00:46	SQL :SELECT value_string FROM wh_setting WHERE setting_name='SJ_Range_CompanyId_2';
24/05/2023 10:00:46	SQL :SELECT * FROM wh_setting WHERE (setting_name='PostingData_API_CompanyId_2') AND (active=1);
24/05/2023 10:00:47	Form Check :BookingList
24/05/2023 10:00:47	Form Open: BookingList=Bus,,SJBus-Create,4,a.from_date,30
24/05/2023 10:00:47	Open DB Connection
24/05/2023 10:00:47	SQL :EXEC GetCompanyLocationList
24/05/2023 10:00:47	Open DB Connection
24/05/2023 10:00:47	SQL :EXEC GetReservedOrderList 2,@LocationId=6,@Finish=4,@PaymentDetail=2,@OrderBy='a.from_date',@Range=30;
24/05/2023 10:01:52	Open DB Connection
24/05/2023 10:01:52	SQL :EXEC GetReservedOrderDetailDetail 'RESR230104306';
24/05/2023 10:01:53	SQL :EXEC GetCustomerOrderServiceList 'COWDC23010199';
24/05/2023 10:01:53	Open DB Connection
24/05/2023 10:01:53	SQL :EXEC GetDriverList 6,2;
24/05/2023 10:01:53	SQL :EXEC GetHelperList 6,2;
24/05/2023 10:01:53	SQL :SELECT a.*,b.body_id FROM wh_working_schedule AS a LEFT JOIN wh_vehicle AS b ON b.vehicle_id=a.vehicle_id WHERE (location_id=6) AND (GETDATE() BETWEEN from_date AND to_date) ;
24/05/2023 10:01:53	SQL :SELECT * FROM wh_setting WHERE (setting_name='Full_Payment_CompanyId2') AND (active=1);
24/05/2023 10:01:53	SQL :SELECT * FROM wh_setting WHERE (setting_name='Sent_WA_DriverInfo_CompanyId_2') AND (active=1);
24/05/2023 10:01:53	SQL :SELECT * FROM wh_setting WHERE (setting_name='Choose_WA_Number_CompanyId_2') AND (active=1);
24/05/2023 10:01:53	SQL :SELECT * FROM wh_setting WHERE (setting_name='URL_Webwhatsapp') AND (active=1);
24/05/2023 10:01:53	SQL :SELECT value_string FROM wh_setting WHERE (setting_name='SPJ_Form_CompanyId_2') and (active=1);
24/05/2023 10:01:53	Open DB Connection
24/05/2023 10:01:53	SQL :EXEC GetVhcAvailList 6,2,@FromDate='2023/01/06',@ToDate='2023/01/07';
24/05/2023 10:02:05	Open DB Connection
24/05/2023 10:02:24/05/2023 10:22:42	Get Local Settings
24/05/2023 10:22:42	Start Change Local Settings
24/05/2023 10:22:42	Change short date format
24/05/2023 10:22:42	Change Long date format
24/05/2023 10:22:42	Finish Change Local Settings
24/05/2023 10:22:42	Registry Read: Path=SOFTWARE\WEHA\Aplikasi\3
24/05/2023 10:22:42	Registry Read/Write
24/05/2023 10:22:42	Registry Read: Path=SOFTWARE\WEHA\Aplikasi\3
24/05/2023 10:22:42	Registry Read:Fail
24/05/2023 10:22:42	Setting DB Param
24/05/2023 10:22:42	Create DB Object
24/05/2023 10:22:42	Init DB
24/05/2023 10:22:46	Error Create DB Connection
24/05/2023 10:22:48	Change Db Connection to :Provider=MSDASQL.1
24/05/2023 10:22:48	Finish Create DB Connection
24/05/2023 10:22:48	Get File Version
24/05/2023 10:22:48	Change  Caption
24/05/2023 10:22:48	Init Shortkey
24/05/2023 10:22:50	Form Check :Setting
24/05/2023 10:22:50	Form Open: Setting
24/05/2023 10:23:06	Create DB Object
24/05/2023 10:23:06	Init DB
24/05/2023 10:23:06	Finish Init DB
24/05/2023 10:23:06	Port Check
24/05/2023 10:23:06	Connection Check
24/05/2023 10:23:06	Check Success
24/05/2023 10:23:08	Registry Write: 192.168.10.247,wh_prod,sa,SQLNCLI10
24/05/2023 10:23:08	Registry Read: Path=SOFTWARE\WEHA\Aplikasi\3
24/05/2023 10:23:08	Registry Read:Fail
24/05/2023 10:23:10	Create DB Object
24/05/2023 10:23:10	Init DB
24/05/2023 10:23:10	Finish Init DB
24/05/2023 10:23:16	Update new version check
24/05/2023 10:23:16	Open DB Connection
24/05/2023 10:23:16	SQL :
24/05/2023 10:23:16	Update check version
24/05/2023 10:23:16	Open DB Connection
24/05/2023 10:23:16	SQL :SELECT version FROM wh_application WHERE application_id=(SELECT MAX(application_id) FROM wh_application);
24/05/2023 10:23:16	Start Login
24/05/2023 10:23:16	Open DB Connection
24/05/2023 10:23:16	SQL :EXEC AuthenticateUser 'nanang.andriani','3b5929d0c23006c99522f38746d85dd4';
24/05/2023 10:23:16	SQL :INSERT INTO wh_log (user_id,app_date,app_version,app_version_svr,location_id,company_id,department_id,host_name,ip_address)  VALUES ('nanang.andriani','24/05/2023','6.1.5.22','6.1.5.20',6,2,13,'DESKTOP-88BM05S','192.168.25.214');
24/05/2023 10:23:16	Open DB Connection
24/05/2023 10:23:16	SQL :EXEC GetUserMenu 'nanang.andriani';
24/05/2023 10:23:16	SQL :EXEC GetUserSubMenu 'nanang.andriani','11';
24/05/2023 10:23:17	SQL :EXEC GetUserTreeMenu 'nanang.andriani','1101',@CompanyId=2;
24/05/2023 10:23:17	SQL :EXEC GetUserTreeMenu 'nanang.andriani','1102',@CompanyId=2;
24/05/2023 10:23:17	SQL :EXEC GetUserTreeMenu 'nanang.andriani','1103',@CompanyId=2;
24/05/2023 10:23:17	SQL :EXEC GetUserTreeMenu 'nanang.andriani','1104',@CompanyId=2;
24/05/2023 10:23:17	SQL :EXEC GetUserTreeMenu 'nanang.andriani','1105',@CompanyId=2;
24/05/2023 10:23:17	SQL :EXEC GetUserTreeMenu 'nanang.andriani','1106',@CompanyId=2;
24/05/2023 10:23:17	SQL :EXEC GetUserTreeMenu 'nanang.andriani','1107',@CompanyId=2;
24/05/2023 10:23:17	SQL :EXEC GetUserTreeMenu 'nanang.andriani','1108',@CompanyId=2;
24/05/2023 10:23:17	SQL :EXEC GetUserTreeMenu 'nanang.andriani','1109',@CompanyId=2;
24/05/2023 10:23:17	SQL :EXEC GetUserTreeMenu 'nanang.andriani','1110',@CompanyId=2;
24/05/2023 10:23:17	SQL :EXEC GetUserTreeMenu 'nanang.andriani','1111',@CompanyId=2;
24/05/2023 10:23:17	SQL :EXEC GetUserTreeMenu 'nanang.andriani','1112',@CompanyId=2;
24/05/2023 10:23:17	SQL :EXEC GetUserTreeMenu 'nanang.andriani','1113',@CompanyId=2;
24/05/2023 10:23:17	SQL :EXEC GetUserTreeMenu 'nanang.andriani','1114',@CompanyId=2;
24/05/2023 10:23:17	SQL :EXEC GetUserTreeMenu 'nanang.andriani','1115',@CompanyId=2;
24/05/2023 10:23:17	SQL :EXEC GetUserTreeMenu 'nanang.andriani','1116',@CompanyId=2;
24/05/2023 10:23:17	SQL :EXEC GetUserTreeMenu 'nanang.andriani','1117',@CompanyId=2;
24/05/2023 10:23:17	SQL :EXEC GetUserTreeMenu 'nanang.andriani','1198',@CompanyId=2;
24/05/2023 10:23:17	SQL :EXEC GetUserTreeMenu 'nanang.andriani','1199',@CompanyId=2;
24/05/2023 10:23:17	SQL :EXEC GetUserSubMenu 'nanang.andriani','12';
24/05/2023 10:23:18	SQL :EXEC GetUserTreeMenu 'nanang.andriani','1201',@CompanyId=2;
24/05/2023 10:23:18	SQL :EXEC GetUserTreeMenu 'nanang.andriani','1202',@CompanyId=2;
24/05/2023 10:23:18	SQL :EXEC GetUserTreeMenu 'nanang.andriani','1203',@CompanyId=2;
24/05/2023 10:23:18	SQL :EXEC GetUserTreeMenu 'nanang.andriani','1204',@CompanyId=2;
24/05/2023 10:23:18	SQL :EXEC GetUserTreeMenu 'nanang.andriani','1205',@CompanyId=2;
24/05/2023 10:23:18	SQL :EXEC GetUserTreeMenu 'nanang.andriani','1206',@CompanyId=2;
24/05/2023 10:23:18	SQL :EXEC GetUserTreeMenu 'nanang.andriani','1207',@CompanyId=2;
24/05/2023 10:23:18	SQL :EXEC GetUserSubMenu 'nanang.andriani','13';
24/05/2023 10:23:18	SQL :EXEC GetUserTreeMenu 'nanang.andriani','1301',@CompanyId=2;
24/05/2023 10:23:18	SQL :EXEC GetUserTreeMenu 'nanang.andriani','1302',@CompanyId=2;
24/05/2023 10:23:18	SQL :EXEC GetUserTreeMenu 'nanang.andriani','1303',@CompanyId=2;
24/05/2023 10:23:18	SQL :EXEC GetUserTreeMenu 'nanang.andriani','1304',@CompanyId=2;
24/05/2023 10:23:18	SQL :EXEC GetUserTreeMenu 'nanang.andriani','1305',@CompanyId=2;
24/05/2023 10:23:18	SQL :EXEC GetUserTreeMenu 'nanang.andriani','1306',@CompanyId=2;
24/05/2023 10:23:18	SQL :EXEC GetUserTreeMenu 'nanang.andriani','1307',@CompanyId=2;
24/05/2023 10:23:18	SQL :EXEC GetUserTreeMenu 'nanang.andriani','1308',@CompanyId=2;
24/05/2023 10:23:18	SQL :EXEC GetUserTreeMenu 'nanang.andriani','1309',@CompanyId=2;
24/05/2023 10:23:18	SQL :EXEC GetUserTreeMenu 'nanang.andriani','1310',@CompanyId=2;
24/05/2023 10:23:18	SQL :EXEC GetUserTreeMenu 'nanang.andriani','1311',@CompanyId=2;
24/05/2023 10:23:19	SQL :EXEC GetUserTreeMenu 'nanang.andriani','1312',@CompanyId=2;
24/05/2023 10:23:19	SQL :EXEC GetUserTreeMenu 'nanang.andriani','1313',@CompanyId=2;
24/05/2023 10:23:19	SQL :EXEC GetUserTreeMenu 'nanang.andriani','1314',@CompanyId=2;
24/05/2023 10:23:19	SQL :EXEC GetUserTreeMenu 'nanang.andriani','1315',@CompanyId=2;
24/05/2023 10:23:19	SQL :EXEC GetUserTreeMenu 'nanang.andriani','1316',@CompanyId=2;
24/05/2023 10:23:19	SQL :EXEC GetUserTreeMenu 'nanang.andriani','1317',@CompanyId=2;
24/05/2023 10:23:19	SQL :EXEC GetUserTreeMenu 'nanang.andriani','1318',@CompanyId=2;
24/05/2023 10:23:19	SQL :EXEC GetUserTreeMenu 'nanang.andriani','1319',@CompanyId=2;
24/05/2023 10:23:19	SQL :EXEC GetUserTreeMenu 'nanang.andriani','1320',@CompanyId=2;
24/05/2023 10:23:19	SQL :EXEC GetUserTreeMenu 'nanang.andriani','1321',@CompanyId=2;
24/05/2023 10:23:19	SQL :EXEC GetUserTreeMenu 'nanang.andriani','1322',@CompanyId=2;
24/05/2023 10:23:19	SQL :EXEC GetUserSubMenu 'nanang.andriani','14';
24/05/2023 10:23:19	SQL :EXEC GetUserTreeMenu 'nanang.andriani','1401',@CompanyId=2;
24/05/2023 10:23:19	SQL :EXEC GetUserTreeMenu 'nanang.andriani','1402',@CompanyId=2;
24/05/2023 10:23:19	SQL :EXEC GetUserTreeMenu 'nanang.andriani','1403',@CompanyId=2;
24/05/2023 10:23:19	SQL :EXEC GetUserTreeMenu 'nanang.andriani','1404',@CompanyId=2;
24/05/2023 10:23:19	SQL :EXEC GetUserTreeMenu 'nanang.andriani','1406',@CompanyId=2;
24/05/2023 10:23:19	SQL :EXEC GetUserTreeMenu 'nanang.andriani','1408',@CompanyId=2;
24/05/2023 10:23:20	SQL :EXEC GetUserTreeMenu 'nanang.andriani','1410',@CompanyId=2;
24/05/2023 10:23:20	SQL :EXEC GetUserTreeMenu 'nanang.andriani','1411',@CompanyId=2;
24/05/2023 10:23:20	SQL :EXEC GetUserTreeMenu 'nanang.andriani','1412',@CompanyId=2;
24/05/2023 10:23:20	SQL :EXEC GetUserTreeMenu 'nanang.andriani','1413',@CompanyId=2;
24/05/2023 10:23:20	SQL :EXEC GetUserTreeMenu 'nanang.andriani','1414',@CompanyId=2;
24/05/2023 10:23:20	SQL :EXEC GetUserSubMenu 'nanang.andriani','15';
24/05/2023 10:23:20	SQL :EXEC GetUserTreeMenu 'nanang.andriani','1501',@CompanyId=2;
24/05/2023 10:23:20	SQL :EXEC GetUserTreeMenu 'nanang.andriani','1502',@CompanyId=2;
24/05/2023 10:23:20	SQL :EXEC GetUserTreeMenu 'nanang.andriani','1503',@CompanyId=2;
24/05/2023 10:23:20	SQL :EXEC GetUserTreeMenu 'nanang.andriani','1504',@CompanyId=2;
24/05/2023 10:23:20	SQL :EXEC GetUserTreeMenu 'nanang.andriani','1505',@CompanyId=2;
24/05/2023 10:23:20	SQL :EXEC GetUserTreeMenu 'nanang.andriani','1506',@CompanyId=2;
24/05/2023 10:23:20	SQL :EXEC GetUserTreeMenu 'nanang.andriani','1507',@CompanyId=2;
24/05/2023 10:23:20	SQL :EXEC GetUserTreeMenu 'nanang.andriani','1508',@CompanyId=2;
24/05/2023 10:23:20	SQL :EXEC GetUserTreeMenu 'nanang.andriani','1509',@CompanyId=2;
24/05/2023 10:23:20	SQL :EXEC GetUserTreeMenu 'nanang.andriani','1510',@CompanyId=2;
24/05/2023 10:23:20	SQL :EXEC GetUserTreeMenu 'nanang.andriani','1511',@CompanyId=2;
24/05/2023 10:23:20	SQL :EXEC GetUserSubMenu 'nanang.andriani','16';
24/05/2023 10:23:20	SQL :EXEC GetUserTreeMenu 'nanang.andriani','1601',@CompanyId=2;
24/05/2023 10:23:21	SQL :EXEC GetUserTreeMenu 'nanang.andriani','1602',@CompanyId=2;
24/05/2023 10:23:21	SQL :EXEC GetUserTreeMenu 'nanang.andriani','1603',@CompanyId=2;
24/05/2023 10:23:21	SQL :EXEC GetUserTreeMenu 'nanang.andriani','1604',@CompanyId=2;
24/05/2023 10:23:21	SQL :EXEC GetUserTreeMenu 'nanang.andriani','1605',@CompanyId=2;
24/05/2023 10:23:21	SQL :EXEC GetUserTreeMenu 'nanang.andriani','1606',@CompanyId=2;
24/05/2023 10:23:21	SQL :EXEC GetUserTreeMenu 'nanang.andriani','1607',@CompanyId=2;
24/05/2023 10:23:21	SQL :EXEC GetUserTreeMenu 'nanang.andriani','1608',@CompanyId=2;
24/05/2023 10:23:21	SQL :EXEC GetUserTreeMenu 'nanang.andriani','1609',@CompanyId=2;
24/05/2023 10:23:21	SQL :EXEC GetUserTreeMenu 'nanang.andriani','1610',@CompanyId=2;
24/05/2023 10:23:21	SQL :EXEC GetUserTreeMenu 'nanang.andriani','1611',@CompanyId=2;
24/05/2023 10:23:21	SQL :EXEC GetUserTreeMenu 'nanang.andriani','1612',@CompanyId=2;
24/05/2023 10:23:21	SQL :EXEC GetUserTreeMenu 'nanang.andriani','1613',@CompanyId=2;
24/05/2023 10:23:21	SQL :EXEC GetUserTreeMenu 'nanang.andriani','1614',@CompanyId=2;
24/05/2023 10:23:21	SQL :EXEC GetUserTreeMenu 'nanang.andriani','1615',@CompanyId=2;
24/05/2023 10:23:21	SQL :EXEC GetUserTreeMenu 'nanang.andriani','1616',@CompanyId=2;
24/05/2023 10:23:21	SQL :EXEC GetUserTreeMenu 'nanang.andriani','1619',@CompanyId=2;
24/05/2023 10:23:21	SQL :EXEC GetUserTreeMenu 'nanang.andriani','1620',@CompanyId=2;
24/05/2023 10:23:21	SQL :EXEC GetUserSubMenu 'nanang.andriani','17';
24/05/2023 10:23:21	SQL :EXEC GetUserTreeMenu 'nanang.andriani','1701',@CompanyId=2;
24/05/2023 10:23:21	SQL :EXEC GetUserTreeMenu 'nanang.andriani','1702',@CompanyId=2;
24/05/2023 10:23:21	SQL :EXEC GetUserTreeMenu 'nanang.andriani','1703',@CompanyId=2;
24/05/2023 10:23:22	SQL :EXEC GetUserTreeMenu 'nanang.andriani','1704',@CompanyId=2;
24/05/2023 10:23:22	SQL :EXEC GetUserTreeMenu 'nanang.andriani','1705',@CompanyId=2;
24/05/2023 10:23:22	SQL :EXEC GetUserTreeMenu 'nanang.andriani','1706',@CompanyId=2;
24/05/2023 10:23:22	SQL :EXEC GetUserTreeMenu 'nanang.andriani','1707',@CompanyId=2;
24/05/2023 10:23:22	SQL :EXEC GetUserTreeMenu 'nanang.andriani','1708',@CompanyId=2;
24/05/2023 10:23:22	SQL :EXEC GetUserTreeMenu 'nanang.andriani','1709',@CompanyId=2;
24/05/2023 10:23:22	SQL :EXEC GetUserTreeMenu 'nanang.andriani','1710',@CompanyId=2;
24/05/2023 10:23:22	SQL :EXEC GetUserTreeMenu 'nanang.andriani','1711',@CompanyId=2;
24/05/2023 10:23:22	SQL :EXEC GetUserTreeMenu 'nanang.andriani','1712',@CompanyId=2;
24/05/2023 10:23:23	SQL :EXEC GetUserTreeMenu 'nanang.andriani','1713',@CompanyId=2;
24/05/2023 10:23:23	SQL :EXEC GetUserTreeMenu 'nanang.andriani','1714',@CompanyId=2;
24/05/2023 10:23:23	SQL :EXEC GetUserTreeMenu 'nanang.andriani','1715',@CompanyId=2;
24/05/2023 10:23:23	SQL :EXEC GetUserTreeMenu 'nanang.andriani','1716',@CompanyId=2;
24/05/2023 10:23:23	SQL :EXEC GetUserTreeMenu 'nanang.andriani','1717',@CompanyId=2;
24/05/2023 10:23:23	SQL :EXEC GetUserSubMenu 'nanang.andriani','18';
24/05/2023 10:23:23	SQL :EXEC GetUserTreeMenu 'nanang.andriani','1801',@CompanyId=2;
24/05/2023 10:23:23	SQL :EXEC GetUserSubMenu 'nanang.andriani','19';
24/05/2023 10:23:23	SQL :EXEC GetUserTreeMenu 'nanang.andriani','1901',@CompanyId=2;
24/05/2023 10:23:23	SQL :EXEC GetUserTreeMenu 'nanang.andriani','1902',@CompanyId=2;
24/05/2023 10:23:23	SQL :EXEC GetUserTreeMenu 'nanang.andriani','1903',@CompanyId=2;
24/05/2023 10:23:23	SQL :EXEC GetUserTreeMenu 'nanang.andriani','1904',@CompanyId=2;
24/05/2023 10:23:23	SQL :EXEC GetUserTreeMenu 'nanang.andriani','1905',@CompanyId=2;
24/05/2023 10:23:23	SQL :EXEC GetUserTreeMenu 'nanang.andriani','1906',@CompanyId=2;
24/05/2023 10:23:23	SQL :EXEC GetUserTreeMenu 'nanang.andriani','1907',@CompanyId=2;
24/05/2023 10:23:23	SQL :EXEC GetUserTreeMenu 'nanang.andriani','1908',@CompanyId=2;
24/05/2023 10:23:23	SQL :EXEC GetUserTreeMenu 'nanang.andriani','1909',@CompanyId=2;
24/05/2023 10:23:23	SQL :EXEC GetUserTreeMenu 'nanang.andriani','1910',@CompanyId=2;
24/05/2023 10:23:23	SQL :EXEC GetUserTreeMenu 'nanang.andriani','1911',@CompanyId=2;
24/05/2023 10:23:23	SQL :EXEC GetUserTreeMenu 'nanang.andriani','1912',@CompanyId=2;
24/05/2023 10:23:23	SQL :SELECT CONVERT(VARCHAR(8),GETDATE(),108) AS hour_minute;
24/05/2023 10:23:23	SQL :SELECT CONVERT(VARCHAR(10),GETDATE(),103) AS date_time;
24/05/2023 10:23:24	Loading Setting
24/05/2023 10:23:24	Open DB Connection
24/05/2023 10:23:24	SQL :SELECT * FROM wh_setting WHERE setting_name='Hold_Less_Deposit';
24/05/2023 10:23:24	SQL :SELECT * FROM wh_setting WHERE setting_name='Max_Less_Deposit';
24/05/2023 10:23:24	SQL :SELECT * FROM wh_setting WHERE setting_name='Dashboard_2';
24/05/2023 10:23:24	Finish Logging
24/05/2023 10:23:24	SQL :SELECT value_string FROM wh_setting WHERE (setting_name='Interval_CheckInDate') AND (active=1);
24/05/2023 10:23:24	SQL :SELECT value_string FROM wh_setting WHERE (setting_name='Interval_CheckInTime') AND (active=1);
24/05/2023 10:23:24	SQL :SELECT value_string FROM wh_setting WHERE (setting_name='ChatEnable') and (active=1);
24/05/2023 10:23:25	Message:Port Check
24/05/2023 10:23:25	Message:Open DB Connection
24/05/2023 10:23:25	SQL :EXEC GetMessage '01','nanang.andriani';
24/05/2023 10:23:25	SQL :SELECT CONVERT(VARCHAR(8),GETDATE(),108) AS hour_minute;
24/05/2023 10:23:25	SQL :SELECT CONVERT(VARCHAR(10),GETDATE(),103) AS date_time;
24/05/2023 10:23:33	Open Menu :131201
24/05/2023 10:23:33	Open DB Connection
24/05/2023 10:23:33	SQL :EXEC AuthMenu 'nanang.andriani',131201;
24/05/2023 10:23:39	Form Check :OrderFee
24/05/2023 10:23:39	Form Open: OrderFee=,-1
24/05/2023 10:23:39	Open DB Connection
24/05/2023 10:23:39	SQL :SELECT value_string FROM wh_setting WHERE (setting_name='OrderFee_Form_Day_CompanyId_2') and (active=1);
24/05/2023 10:23:39	SQL :SELECT value_string FROM wh_setting WHERE (setting_name='OrderFee_Form_Days_CompanyId_2') and (active=1);
24/05/2023 10:23:39	SQL :SELECT value_string FROM wh_setting WHERE (setting_name='Show_eToll_CompanyId_2') and (active=1);
24/05/2023 10:23:39	SQL :SELECT value_string FROM wh_setting WHERE (setting_name='eToll_Calculation_CompanyId_2') and (active=1);
24/05/2023 10:23:39	SQL :SELECT * FROM wh_setting WHERE (setting_name='Lock_Budget_CompanyId_2') AND (active=1);
24/05/2023 10:23:39	SQL :SELECT * FROM wh_setting WHERE (setting_name='Allow_UnlockBudget_NULL_CompanyId_2') AND (active=1);
24/05/2023 10:23:39	Open DB Connection
24/05/2023 10:23:39	SQL :EXEC GetVhcOutList2_S 6,1,2,@AllFoward=2,@isSewaLuar=0; 
24/05/2023 10:23:41	SQL :EXEC GetPrice;
24/05/2023 10:23:46	Open DB Connection
24/05/24/05/2023 10:26:17	Get Local Settings
24/05/2023 10:26:17	Start Change Local Settings
24/05/2023 10:26:17	Change short date format
24/05/2023 10:26:17	Change Long date format
24/05/2023 10:26:17	Finish Change Local Settings
24/05/2023 10:26:17	Registry Read: Path=SOFTWARE\WEHA\Aplikasi\3
24/05/2023 10:26:17	Registry Read/Write
24/05/2023 10:26:17	Registry Read: Path=SOFTWARE\WEHA\Aplikasi\3
24/05/2023 10:26:17	Registry Read:Fail
24/05/2023 10:26:17	Setting DB Param
24/05/2023 10:26:17	Create DB Object
24/05/2023 10:26:17	Init DB
24/05/2023 10:26:21	Error Create DB Connection
24/05/2023 10:26:24	Change Db Connection to :Provider=MSDASQL.1
24/05/2023 10:26:24	Finish Create DB Connection
24/05/2023 10:26:24	Get File Version
24/05/2023 10:26:24	Change  Caption
24/05/2023 10:26:24	Init Shortkey
24/05/2023 10:26:25	Form Check :Setting
24/05/2023 10:26:25	Form Open: Setting
24/05/2023 10:26:44	Create DB Object
24/05/2023 10:26:44	Init DB
24/05/2023 10:26:44	Finish Init DB
24/05/2023 10:26:44	Port Check
24/05/2023 10:26:44	Connection Check
24/05/2023 10:26:44	Check Success
24/05/2023 10:26:45	Registry Write: 192.168.10.247,wh_prod,sa,SQLNCLI10
24/05/2023 10:26:45	Registry Read: Path=SOFTWARE\WEHA\Aplikasi\3
24/05/2023 10:26:45	Registry Read:Fail
24/05/2023 10:26:47	Create DB Object
24/05/2023 10:26:47	Init DB
24/05/2023 10:26:47	Finish Init DB
24/05/2023 10:26:57	Update new version check
24/05/2023 10:26:57	Open DB Connection
24/05/2023 10:26:57	SQL :
24/05/2023 10:26:57	Update check version
24/05/2023 10:26:57	Open DB Connection
24/05/2023 10:26:57	SQL :SELECT version FROM wh_application WHERE application_id=(SELECT MAX(application_id) FROM wh_application);
24/05/2023 10:26:57	Start Login
24/05/2023 10:26:57	Open DB Connection
24/05/2023 10:26:57	SQL :EXEC AuthenticateUser 'nanang.andriani','3b5929d0c23006c99522f38746d85dd4';
24/05/2023 10:26:57	SQL :INSERT INTO wh_log (user_id,app_date,app_version,app_version_svr,location_id,company_id,department_id,host_name,ip_address)  VALUES ('nanang.andriani','24/05/2023','6.1.5.22','6.1.5.20',6,2,13,'DESKTOP-88BM05S','192.168.25.214');
24/05/2023 10:26:58	Open DB Connection
24/05/2023 10:26:58	SQL :EXEC GetUserMenu 'nanang.andriani';
24/05/2023 10:26:58	SQL :EXEC GetUserSubMenu 'nanang.andriani','11';
24/05/2023 10:26:58	SQL :EXEC GetUserTreeMenu 'nanang.andriani','1101',@CompanyId=2;
24/05/2023 10:26:58	SQL :EXEC GetUserTreeMenu 'nanang.andriani','1102',@CompanyId=2;
24/05/2023 10:26:58	SQL :EXEC GetUserTreeMenu 'nanang.andriani','1103',@CompanyId=2;
24/05/2023 10:26:58	SQL :EXEC GetUserTreeMenu 'nanang.andriani','1104',@CompanyId=2;
24/05/2023 10:26:58	SQL :EXEC GetUserTreeMenu 'nanang.andriani','1105',@CompanyId=2;
24/05/2023 10:26:58	SQL :EXEC GetUserTreeMenu 'nanang.andriani','1106',@CompanyId=2;
24/05/2023 10:26:58	SQL :EXEC GetUserTreeMenu 'nanang.andriani','1107',@CompanyId=2;
24/05/2023 10:26:58	SQL :EXEC GetUserTreeMenu 'nanang.andriani','1108',@CompanyId=2;
24/05/2023 10:26:58	SQL :EXEC GetUserTreeMenu 'nanang.andriani','1109',@CompanyId=2;
24/05/2023 10:26:58	SQL :EXEC GetUserTreeMenu 'nanang.andriani','1110',@CompanyId=2;
24/05/2023 10:26:59	SQL :EXEC GetUserTreeMenu 'nanang.andriani','1111',@CompanyId=2;
24/05/2023 10:26:59	SQL :EXEC GetUserTreeMenu 'nanang.andriani','1112',@CompanyId=2;
24/05/2023 10:26:59	SQL :EXEC GetUserTreeMenu 'nanang.andriani','1113',@CompanyId=2;
24/05/2023 10:26:59	SQL :EXEC GetUserTreeMenu 'nanang.andriani','1114',@CompanyId=2;
24/05/2023 10:26:59	SQL :EXEC GetUserTreeMenu 'nanang.andriani','1115',@CompanyId=2;
24/05/2023 10:26:59	SQL :EXEC GetUserTreeMenu 'nanang.andriani','1116',@CompanyId=2;
24/05/2023 10:26:59	SQL :EXEC GetUserTreeMenu 'nanang.andriani','1117',@CompanyId=2;
24/05/2023 10:26:59	SQL :EXEC GetUserTreeMenu 'nanang.andriani','1198',@CompanyId=2;
24/05/2023 10:26:59	SQL :EXEC GetUserTreeMenu 'nanang.andriani','1199',@CompanyId=2;
24/05/2023 10:26:59	SQL :EXEC GetUserSubMenu 'nanang.andriani','12';
24/05/2023 10:26:59	SQL :EXEC GetUserTreeMenu 'nanang.andriani','1201',@CompanyId=2;
24/05/2023 10:26:59	SQL :EXEC GetUserTreeMenu 'nanang.andriani','1202',@CompanyId=2;
24/05/2023 10:26:59	SQL :EXEC GetUserTreeMenu 'nanang.andriani','1203',@CompanyId=2;
24/05/2023 10:26:59	SQL :EXEC GetUserTreeMenu 'nanang.andriani','1204',@CompanyId=2;
24/05/2023 10:26:59	SQL :EXEC GetUserTreeMenu 'nanang.andriani','1205',@CompanyId=2;
24/05/2023 10:26:59	SQL :EXEC GetUserTreeMenu 'nanang.andriani','1206',@CompanyId=2;
24/05/2023 10:26:59	SQL :EXEC GetUserTreeMenu 'nanang.andriani','1207',@CompanyId=2;
24/05/2023 10:26:59	SQL :EXEC GetUserSubMenu 'nanang.andriani','13';
24/05/2023 10:26:59	SQL :EXEC GetUserTreeMenu 'nanang.andriani','1301',@CompanyId=2;
24/05/2023 10:26:59	SQL :EXEC GetUserTreeMenu 'nanang.andriani','1302',@CompanyId=2;
24/05/2023 10:26:59	SQL :EXEC GetUserTreeMenu 'nanang.andriani','1303',@CompanyId=2;
24/05/2023 10:26:59	SQL :EXEC GetUserTreeMenu 'nanang.andriani','1304',@CompanyId=2;
24/05/2023 10:26:59	SQL :EXEC GetUserTreeMenu 'nanang.andriani','1305',@CompanyId=2;
24/05/2023 10:26:59	SQL :EXEC GetUserTreeMenu 'nanang.andriani','1306',@CompanyId=2;
24/05/2023 10:26:59	SQL :EXEC GetUserTreeMenu 'nanang.andriani','1307',@CompanyId=2;
24/05/2023 10:27:00	SQL :EXEC GetUserTreeMenu 'nanang.andriani','1308',@CompanyId=2;
24/05/2023 10:27:00	SQL :EXEC GetUserTreeMenu 'nanang.andriani','1309',@CompanyId=2;
24/05/2023 10:27:00	SQL :EXEC GetUserTreeMenu 'nanang.andriani','1310',@CompanyId=2;
24/05/2023 10:27:00	SQL :EXEC GetUserTreeMenu 'nanang.andriani','1311',@CompanyId=2;
24/05/2023 10:27:00	SQL :EXEC GetUserTreeMenu 'nanang.andriani','1312',@CompanyId=2;
24/05/2023 10:27:00	SQL :EXEC GetUserTreeMenu 'nanang.andriani','1313',@CompanyId=2;
24/05/2023 10:27:00	SQL :EXEC GetUserTreeMenu 'nanang.andriani','1314',@CompanyId=2;
24/05/2023 10:27:00	SQL :EXEC GetUserTreeMenu 'nanang.andriani','1315',@CompanyId=2;
24/05/2023 10:27:00	SQL :EXEC GetUserTreeMenu 'nanang.andriani','1316',@CompanyId=2;
24/05/2023 10:27:00	SQL :EXEC GetUserTreeMenu 'nanang.andriani','1317',@CompanyId=2;
24/05/2023 10:27:00	SQL :EXEC GetUserTreeMenu 'nanang.andriani','1318',@CompanyId=2;
24/05/2023 10:27:00	SQL :EXEC GetUserTreeMenu 'nanang.andriani','1319',@CompanyId=2;
24/05/2023 10:27:00	SQL :EXEC GetUserTreeMenu 'nanang.andriani','1320',@CompanyId=2;
24/05/2023 10:27:00	SQL :EXEC GetUserTreeMenu 'nanang.andriani','1321',@CompanyId=2;
24/05/2023 10:27:00	SQL :EXEC GetUserTreeMenu 'nanang.andriani','1322',@CompanyId=2;
24/05/2023 10:27:00	SQL :EXEC GetUserSubMenu 'nanang.andriani','14';
24/05/2023 10:27:00	SQL :EXEC GetUserTreeMenu 'nanang.andriani','1401',@CompanyId=2;
24/05/2023 10:27:01	SQL :EXEC GetUserTreeMenu 'nanang.andriani','1402',@CompanyId=2;
24/05/2023 10:27:01	SQL :EXEC GetUserTreeMenu 'nanang.andriani','1403',@CompanyId=2;
24/05/2023 10:27:01	SQL :EXEC GetUserTreeMenu 'nanang.andriani','1404',@CompanyId=2;
24/05/2023 10:27:01	SQL :EXEC GetUserTreeMenu 'nanang.andriani','1406',@CompanyId=2;
24/05/2023 10:27:01	SQL :EXEC GetUserTreeMenu 'nanang.andriani','1408',@CompanyId=2;
24/05/2023 10:27:01	SQL :EXEC GetUserTreeMenu 'nanang.andriani','1410',@CompanyId=2;
24/05/2023 10:27:01	SQL :EXEC GetUserTreeMenu 'nanang.andriani','1411',@CompanyId=2;
24/05/2023 10:27:01	SQL :EXEC GetUserTreeMenu 'nanang.andriani','1412',@CompanyId=2;
24/05/2023 10:27:01	SQL :EXEC GetUserTreeMenu 'nanang.andriani','1413',@CompanyId=2;
24/05/2023 10:27:01	SQL :EXEC GetUserTreeMenu 'nanang.andriani','1414',@CompanyId=2;
24/05/2023 10:27:01	SQL :EXEC GetUserSubMenu 'nanang.andriani','15';
24/05/2023 10:27:01	SQL :EXEC GetUserTreeMenu 'nanang.andriani','1501',@CompanyId=2;
24/05/2023 10:27:01	SQL :EXEC GetUserTreeMenu 'nanang.andriani','1502',@CompanyId=2;
24/05/2023 10:27:01	SQL :EXEC GetUserTreeMenu 'nanang.andriani','1503',@CompanyId=2;
24/05/2023 10:27:01	SQL :EXEC GetUserTreeMenu 'nanang.andriani','1504',@CompanyId=2;
24/05/2023 10:27:01	SQL :EXEC GetUserTreeMenu 'nanang.andriani','1505',@CompanyId=2;
24/05/2023 10:27:01	SQL :EXEC GetUserTreeMenu 'nanang.andriani','1506',@CompanyId=2;
24/05/2023 10:27:01	SQL :EXEC GetUserTreeMenu 'nanang.andriani','1507',@CompanyId=2;
24/05/2023 10:27:01	SQL :EXEC GetUserTreeMenu 'nanang.andriani','1508',@CompanyId=2;
24/05/2023 10:27:02	SQL :EXEC GetUserTreeMenu 'nanang.andriani','1509',@CompanyId=2;
24/05/2023 10:27:02	SQL :EXEC GetUserTreeMenu 'nanang.andriani','1510',@CompanyId=2;
24/05/2023 10:27:02	SQL :EXEC GetUserTreeMenu 'nanang.andriani','1511',@CompanyId=2;
24/05/2023 10:27:02	SQL :EXEC GetUserSubMenu 'nanang.andriani','16';
24/05/2023 10:27:02	SQL :EXEC GetUserTreeMenu 'nanang.andriani','1601',@CompanyId=2;
24/05/2023 10:27:02	SQL :EXEC GetUserTreeMenu 'nanang.andriani','1602',@CompanyId=2;
24/05/2023 10:27:02	SQL :EXEC GetUserTreeMenu 'nanang.andriani','1603',@CompanyId=2;
24/05/2023 10:27:02	SQL :EXEC GetUserTreeMenu 'nanang.andriani','1604',@CompanyId=2;
24/05/2023 10:27:02	SQL :EXEC GetUserTreeMenu 'nanang.andriani','1605',@CompanyId=2;
24/05/2023 10:27:02	SQL :EXEC GetUserTreeMenu 'nanang.andriani','1606',@CompanyId=2;
24/05/2023 10:27:02	SQL :EXEC GetUserTreeMenu 'nanang.andriani','1607',@CompanyId=2;
24/05/2023 10:27:02	SQL :EXEC GetUserTreeMenu 'nanang.andriani','1608',@CompanyId=2;
24/05/2023 10:27:02	SQL :EXEC GetUserTreeMenu 'nanang.andriani','1609',@CompanyId=2;
24/05/2023 10:27:02	SQL :EXEC GetUserTreeMenu 'nanang.andriani','1610',@CompanyId=2;
24/05/2023 10:27:02	SQL :EXEC GetUserTreeMenu 'nanang.andriani','1611',@CompanyId=2;
24/05/2023 10:27:02	SQL :EXEC GetUserTreeMenu 'nanang.andriani','1612',@CompanyId=2;
24/05/2023 10:27:02	SQL :EXEC GetUserTreeMenu 'nanang.andriani','1613',@CompanyId=2;
24/05/2023 10:27:02	SQL :EXEC GetUserTreeMenu 'nanang.andriani','1614',@CompanyId=2;
24/05/2023 10:27:03	SQL :EXEC GetUserTreeMenu 'nanang.andriani','1615',@CompanyId=2;
24/05/2023 10:27:03	SQL :EXEC GetUserTreeMenu 'nanang.andriani','1616',@CompanyId=2;
24/05/2023 10:27:03	SQL :EXEC GetUserTreeMenu 'nanang.andriani','1619',@CompanyId=2;
24/05/2023 10:27:03	SQL :EXEC GetUserTreeMenu 'nanang.andriani','1620',@CompanyId=2;
24/05/2023 10:27:03	SQL :EXEC GetUserSubMenu 'nanang.andriani','17';
24/05/2023 10:27:03	SQL :EXEC GetUserTreeMenu 'nanang.andriani','1701',@CompanyId=2;
24/05/2023 10:27:03	SQL :EXEC GetUserTreeMenu 'nanang.andriani','1702',@CompanyId=2;
24/05/2023 10:27:03	SQL :EXEC GetUserTreeMenu 'nanang.andriani','1703',@CompanyId=2;
24/05/2023 10:27:03	SQL :EXEC GetUserTreeMenu 'nanang.andriani','1704',@CompanyId=2;
24/05/2023 10:27:03	SQL :EXEC GetUserTreeMenu 'nanang.andriani','1705',@CompanyId=2;
24/05/2023 10:27:03	SQL :EXEC GetUserTreeMenu 'nanang.andriani','1706',@CompanyId=2;
24/05/2023 10:27:03	SQL :EXEC GetUserTreeMenu 'nanang.andriani','1707',@CompanyId=2;
24/05/2023 10:27:03	SQL :EXEC GetUserTreeMenu 'nanang.andriani','1708',@CompanyId=2;
24/05/2023 10:27:03	SQL :EXEC GetUserTreeMenu 'nanang.andriani','1709',@CompanyId=2;
24/05/2023 10:27:03	SQL :EXEC GetUserTreeMenu 'nanang.andriani','1710',@CompanyId=2;
24/05/2023 10:27:03	SQL :EXEC GetUserTreeMenu 'nanang.andriani','1711',@CompanyId=2;
24/05/2023 10:27:04	SQL :EXEC GetUserTreeMenu 'nanang.andriani','1712',@CompanyId=2;
24/05/2023 10:27:04	SQL :EXEC GetUserTreeMenu 'nanang.andriani','1713',@CompanyId=2;
24/05/2023 10:27:04	SQL :EXEC GetUserTreeMenu 'nanang.andriani','1714',@CompanyId=2;
24/05/2023 10:27:04	SQL :EXEC GetUserTreeMenu 'nanang.andriani','1715',@CompanyId=2;
24/05/2023 10:27:04	SQL :EXEC GetUserTreeMenu 'nanang.andriani','1716',@CompanyId=2;
24/05/2023 10:27:04	SQL :EXEC GetUserTreeMenu 'nanang.andriani','1717',@CompanyId=2;
24/05/2023 10:27:04	SQL :EXEC GetUserSubMenu 'nanang.andriani','18';
24/05/2023 10:27:04	SQL :EXEC GetUserTreeMenu 'nanang.andriani','1801',@CompanyId=2;
24/05/2023 10:27:04	SQL :EXEC GetUserSubMenu 'nanang.andriani','19';
24/05/2023 10:27:04	SQL :EXEC GetUserTreeMenu 'nanang.andriani','1901',@CompanyId=2;
24/05/2023 10:27:04	SQL :EXEC GetUserTreeMenu 'nanang.andriani','1902',@CompanyId=2;
24/05/2023 10:27:04	SQL :EXEC GetUserTreeMenu 'nanang.andriani','1903',@CompanyId=2;
24/05/2023 10:27:04	SQL :EXEC GetUserTreeMenu 'nanang.andriani','1904',@CompanyId=2;
24/05/2023 10:27:04	SQL :EXEC GetUserTreeMenu 'nanang.andriani','1905',@CompanyId=2;
24/05/2023 10:27:04	SQL :EXEC GetUserTreeMenu 'nanang.andriani','1906',@CompanyId=2;
24/05/2023 10:27:04	SQL :EXEC GetUserTreeMenu 'nanang.andriani','1907',@CompanyId=2;
24/05/2023 10:27:04	SQL :EXEC GetUserTreeMenu 'nanang.andriani','1908',@CompanyId=2;
24/05/2023 10:27:05	SQL :EXEC GetUserTreeMenu 'nanang.andriani','1909',@CompanyId=2;
24/05/2023 10:27:05	SQL :EXEC GetUserTreeMenu 'nanang.andriani','1910',@CompanyId=2;
24/05/2023 10:27:05	SQL :EXEC GetUserTreeMenu 'nanang.andriani','1911',@CompanyId=2;
24/05/2023 10:27:05	SQL :EXEC GetUserTreeMenu 'nanang.andriani','1912',@CompanyId=2;
24/05/2023 10:27:05	SQL :SELECT CONVERT(VARCHAR(8),GETDATE(),108) AS hour_minute;
24/05/2023 10:27:05	SQL :SELECT CONVERT(VARCHAR(10),GETDATE(),103) AS date_time;
24/05/2023 10:27:05	Loading Setting
24/05/2023 10:27:05	Open DB Connection
24/05/2023 10:27:05	SQL :SELECT * FROM wh_setting WHERE setting_name='Hold_Less_Deposit';
24/05/2023 10:27:05	SQL :SELECT * FROM wh_setting WHERE setting_name='Max_Less_Deposit';
24/05/2023 10:27:05	SQL :SELECT * FROM wh_setting WHERE setting_name='Dashboard_2';
24/05/2023 10:27:05	Finish Logging
24/05/2023 10:27:05	SQL :SELECT value_string FROM wh_setting WHERE (setting_name='Interval_CheckInDate') AND (active=1);
24/05/2023 10:27:05	SQL :SELECT value_string FROM wh_setting WHERE (setting_name='Interval_CheckInTime') AND (active=1);
24/05/2023 10:27:05	SQL :SELECT value_string FROM wh_setting WHERE (setting_name='ChatEnable') and (active=1);
24/05/2023 10:27:06	Message:Port Check
24/05/2023 10:27:06	Message:Open DB Connection
24/05/2023 10:27:06	SQL :EXEC GetMessage '01','nanang.andriani';
24/05/2023 10:27:06	SQL :SELECT CONVERT(VARCHAR(8),GETDATE(),108) AS hour_minute;
24/05/2023 10:27:06	SQL :SELECT CONVERT(VARCHAR(10),GETDATE(),103) AS date_time;
24/05/2023 10:27:10	Open Menu :130501
24/05/2023 10:27:10	Open DB Connection
24/05/2023 10:27:10	SQL :EXEC AuthMenu 'nanang.andriani',130501;
24/05/2023 10:27:11	Form Check :SPJFormBus
24/05/2023 10:27:11	Open DB Connection
24/05/2023 10:27:11	SQL :SELECT * FROM wh_setting WHERE (setting_name='Full_Payment_CompanyId_2') AND (active=1);
24/05/2023 10:27:11	SQL :SELECT value_string FROM wh_setting WHERE setting_name='SJ_Range_CompanyId_2';
24/05/2023 10:27:11	SQL :SELECT * FROM wh_setting WHERE (setting_name='PostingData_API_CompanyId_2') AND (active=1);
24/05/2023 10:27:12	Form Check :BookingList
24/05/2023 10:27:12	Form Open: BookingList=Bus,,SJBus-Create,4,a.from_date,30
24/05/2023 10:27:12	Open DB Connection
24/05/2023 10:27:12	SQL :EXEC GetCompanyLocationList
24/05/2023 10:27:13	Open DB Connection
24/05/2023 10:27:13	SQL :EXEC GetReservedOrderList 2,@LocationId=6,@Finish=4,@PaymentDetail=2,@OrderBy='a.from_date',@Range=30;
24/05/2023 10:37:25	Message:Port Check
24/05/2023 10:37:25	Message:Open DB Connection
24/05/2023 10:37:25	SQL :EXEC GetMessage '01','nanang.andriani';
24/05/2023 10:37:25	SQL :SELECT CONVERT(VARCHAR(8),GETDATE(),108) AS hour_minute;
24/05/2023 10:37:26	SQL :SELECT CONVERT(VARCHAR(10),GETDATE(),103) AS date_time;
24/05/2023 10:47:32	Message:Port Check
24/05/2023 10:47:32	Message:Open DB Connection
24/05/2023 10:47:32	SQL :EXEC GetMessage '01','nanang.andriani';
24/05/2023 10:47:32	SQL :SELECT CONVERT(VARCHAR(8),GETDATE(),108) AS hour_minute;
24/05/2023 10:47:32	SQL :SELECT CONVERT(VARCHAR(10),GETDATE(),103) AS date_time;
24/05/2023 10:57:38	Message:Port Check
24/05/2023 10:57:38	Message:Open DB Connection
24/05/2023 10:57:38	SQL :EXEC GetMessage '01','nanang.andriani';
24/05/2023 10:57:38	SQL :SELECT CONVERT(VARCHAR(8),GETDATE(),108) AS hour_minute;
24/05/2023 10:57:38	SQL :SELECT CONVERT(VARCHAR(10),GETDATE(),103) AS date_time;
24/05/2023 11:07:43	Message:Port Check
24/05/2023 11:07:43	Message:Open DB Connection
24/05/2023 11:07:43	SQL :EXEC GetMessage '01','nanang.andriani';
24/05/2023 11:07:44	SQL :SELECT CONVERT(VARCHAR(8),GETDATE(),108) AS hour_minute;
24/05/2023 11:07:44	SQL :SELECT CONVERT(VARCHAR(10),GETDATE(),103) AS date_time;
24/05/2023 11:17:50	Message:Port Check
24/05/2023 11:17:50	Message:Open DB Connection
24/05/2023 11:17:50	SQL :EXEC GetMessage '01','nanang.andriani';
24/05/2023 11:17:51	SQL :SELECT CONVERT(VARCHAR(8),GETDATE(),108) AS hour_minute;
24/05/2023 11:17:51	SQL :SELECT CONVERT(VARCHAR(10),GETDATE(),103) AS date_time;
24/05/2023 11:27:57	Message:Port Check
24/05/2023 11:27:57	Message:Open DB Connection
24/05/2023 11:27:57	SQL :EXEC GetMessage '01','nanang.andriani';
24/05/2023 11:27:58	SQL :SELECT CONVERT(VARCHAR(8),GETDATE(),108) AS hour_minute;
24/05/2023 11:27:58	SQL :SELECT CONVERT(VARCHAR(10),GETDATE(),103) AS date_time;
24/05/2023 11:38:05	Message:Port Check
24/05/2023 11:38:05	Message:Open DB Connection
24/05/2023 11:38:05	SQL :EXEC GetMessage '01','nanang.andriani';
24/05/2023 11:38:05	SQL :SELECT CONVERT(VARCHAR(8),GETDATE(),108) AS hour_minute;
24/05/2023 11:38:05	SQL :SELECT CONVERT(VARCHAR(10),GETDATE(),103) AS date_time;
24/05/2023 11:48:11	Message:Port Check
24/05/2023 11:48:11	Message:Open DB Connection
24/05/2023 11:48:11	SQL :EXEC GetMessage '01','nanang.andriani';
24/05/2023 11:48:12	SQL :SELECT CONVERT(VARCHAR(8),GETDATE(),108) AS hour_minute;
24/05/2023 11:48:12	SQL :SELECT CONVERT(VARCHAR(10),GETDATE(),103) AS date_time;
24/05/2023 11:58:18	Message:Port Check
24/05/2023 11:58:18	Message:Open DB Connection
24/05/2023 11:58:18	SQL :EXEC GetMessage '01','nanang.andriani';
24/05/2023 11:58:18	SQL :SELECT CONVERT(VARCHAR(8),GETDATE(),108) AS hour_minute;
24/05/2023 11:58:18	SQL :SELECT CONVERT(VARCHAR(10),GETDATE(),103) AS date_time;
24/05/2023 12:00:32	Open Menu :130131
24/05/2023 12:00:32	Open DB Connection
24/05/2023 12:00:32	SQL :EXEC AuthMenu 'nanang.andriani',130131;
24/05/2023 12:00:32	Form Check :VehicleInsuranceList
24/05/2023 12:00:32	Form Open: VehicleInsuranceList=Bus,FormRequest=MAIN-CHANGE
24/05/2023 12:00:32	Open DB Connection
24/05/2023 12:00:32	SQL :EXEC GetCompanyLocationList
24/05/2023 12:00:33	SQL :EXEC GetGroup 2;
24/05/2023 12:00:36	Open DB Connection
24/05/2023 12:00:36	SQL :EXEC GetInsuranceList 6,@CompanyId=2;
24/05/2023 12:00:54	Open Menu :130130
24/05/2023 12:00:54	Open DB Connection
24/05/2023 12:00:54	SQL :EXEC AuthMenu 'nanang.andriani',130130;
24/05/2023 12:00:54	Form Check :VehicleInsurance
24/05/2023 12:00:54	Form Open: VehicleInsurance=Bus,FormRequest=
24/05/2023 12:00:55	Open DB Connection
24/05/2023 12:00:55	SQL :EXEC GetInsuranceIssuer;
24/05/2023 12:00:55	SQL :EXEC GetInsuranceName;
24/05/2023 12:00:55	SQL :EXEC GetInsuranceCoverage;
24/05/2023 12:00:55	SQL :EXEC GetCompanyLocationList
24/05/2023 12:00:55	Open DB Connection
24/05/2023 12:00:55	SQL :EXEC GetVhcList 6,0,@CompanyId=2;
24/05/2023 12:04:34	Open Menu :110105
24/05/2023 12:04:34	Open DB Connection
24/05/2023 12:04:34	SQL :EXEC AuthMenu 'nanang.andriani',110105;
24/05/2023 12:04:34	Open DB Connection
24/05/2023 12:04:36	Open DB Connection
24/05/2023 12:04:36	Open DB Connection
24/05/2023 12:04:36	Open DB Connection
24/05/2023 12:04:37	Open DB Connection
24/05/2023 12:04:37	Open DB Connection
24/05/2023 12:04:42	Open DB Connection
24/05/2023 12:04:42	Open DB Connection
24/05/2023 12:04:44	Open DB Connection
24/05/2023 12:04:57	Open DB Connection
24/05/2023 12:04:57	Open DB Connection
24/05/2023 12:04:58	Open DB Connection
24/05/2023 12:04:59	Open DB Connection
24/05/2023 12:04:59	Open DB Connection
24/05/2023 12:05:00	Open DB Connection
24/05/2023 12:05:00	Open DB Connection
24/05/2023 12:05:01	Open DB Connection
24/05/2023 12:05:01	Open DB Connection
24/05/2023 12:05:09	Open DB Connection
24/05/2023 12:05:09	Open DB Connection
24/05/2023 12:05:10	Open DB Connection
24/05/2023 12:05:26	Open Menu :110901
24/05/2023 12:05:26	Open DB Connection
24/05/2023 12:05:26	SQL :EXEC AuthMenu 'nanang.andriani',110901;
24/05/2023 12:05:26	Open DB Connection
24/05/2023 12:05:32	Open DB Connection
24/05/2023 12:05:34	Open DB Connection
24/05/2023 12:06:16	Open DB Connection
24/05/2023 12:06:23	Open DB Connection
24/05/2023 12:06:24	Open DB Connection
24/05/2023 12:06:24	Form Check :UserGroupTreeMenuList
24/05/2023 12:06:36	Open DB Connection
24/05/2023 12:08:33	Message:Port Check
24/05/2023 12:08:34	Message:Open DB Connection
24/05/2023 12:08:34	SQL :EXEC GetMessage '01','nanang.andriani';
24/05/2023 12:08:34	SQL :SELECT CONVERT(VARCHAR(8),GETDATE(),108) AS hour_minute;
24/05/2023 12:08:34	SQL :SELECT CONVERT(VARCHAR(10),GETDATE(),103) AS date_time;
24/05/2023 12:10:23	Open DB Connection
24/05/2023 12:10:25	Open DB Connection
24/05/2023 12:10:30	Open DB Connection
24/05/2023 12:10:30	Open DB Connection
24/05/2023 12:10:30	Form Check :UserGroupTreeMenuList
24/05/2023 12:10:36	Open DB Connection
24/05/2023 12:10:39	Open DB Connection
24/05/2023 12:10:41	Open DB Connection
24/05/2023 12:10:45	Open DB Connection
24/05/2023 12:10:46	Open DB Connection
24/05/2023 12:10:46	Form Check :UserGroupTreeMenuList
24/05/2023 12:18:40	Message:Port Check
24/05/2023 12:18:41	Message:Open DB Connection
24/05/2023 12:18:41	SQL :EXEC GetMessage '01','nanang.andriani';
24/05/2023 12:18:41	SQL :SELECT CONVERT(VARCHAR(8),GETDATE(),108) AS hour_minute;
24/05/2023 12:18:41	SQL :SELECT CONVERT(VARCHAR(10),GETDATE(),103) AS date_time;
24/05/2023 12:28:47	Message:Port Check
24/05/2023 12:28:48	Message:Open DB Connection
24/05/2023 12:28:48	SQL :EXEC GetMessage '01','nanang.andriani';
24/05/2023 12:28:48	SQL :SELECT CONVERT(VARCHAR(8),GETDATE(),108) AS hour_minute;
24/05/2023 12:28:48	SQL :SELECT CONVERT(VARCHAR(10),GETDATE(),103) AS date_time;
24/05/2023 12:38:54	Message:Port Check
24/05/2023 12:38:54	Message:Open DB Connection
24/05/2023 12:38:54	SQL :EXEC GetMessage '01','nanang.andriani';
24/05/2023 12:38:54	SQL :SELECT CONVERT(VARCHAR(8),GETDATE(),108) AS hour_minute;
24/05/2023 12:38:54	SQL :SELECT CONVERT(VARCHAR(10),GETDATE(),103) AS date_time;
24/05/2023 12:49:00	Message:Port Check
24/05/2023 12:49:00	Message:Open DB Connection
24/05/2023 12:49:00	SQL :EXEC GetMessage '01','nanang.andriani';
24/05/2023 12:49:01	SQL :SELECT CONVERT(VARCHAR(8),GETDATE(),108) AS hour_minute;
24/05/2023 12:49:01	SQL :SELECT CONVERT(VARCHAR(10),GETDATE(),103) AS date_time;
24/05/2023 12:59:06	Message:Port Check
24/05/2023 12:59:07	Message:Open DB Connection
24/05/2023 12:59:07	SQL :EXEC GetMessage '01','nanang.andriani';
24/05/2023 12:59:07	SQL :SELECT CONVERT(VARCHAR(8),GETDATE(),108) AS hour_minute;
24/05/2023 12:59:07	SQL :SELECT CONVERT(VARCHAR(10),GETDATE(),103) AS date_time;
24/05/2023 13:09:13	Message:Port Check
24/05/2023 13:09:13	Message:Open DB Connection
24/05/2023 13:09:13	SQL :EXEC GetMessage '01','nanang.andriani';
24/05/2023 13:09:13	SQL :SELECT CONVERT(VARCHAR(8),GETDATE(),108) AS hour_minute;
24/05/2023 13:09:13	SQL :SELECT CONVERT(VARCHAR(10),GETDATE(),103) AS date_time;
24/05/2023 13:19:19	Message:Port Check
24/05/2023 13:19:19	Message:Open DB Connection
24/05/2023 13:19:19	SQL :EXEC GetMessage '01','nanang.andriani';
24/05/2023 13:19:19	SQL :SELECT CONVERT(VARCHAR(8),GETDATE(),108) AS hour_minute;
24/05/2023 13:19:19	SQL :SELECT CONVERT(VARCHAR(10),GETDATE(),103) AS dat24/05/2023 13:27:36	Get Local Settings
24/05/2023 13:27:36	Start Change Local Settings
24/05/2023 13:27:36	Change short date format
24/05/2023 13:27:36	Change Long date format
24/05/2023 13:27:36	Finish Change Local Settings
24/05/2023 13:27:36	Registry Read: Path=SOFTWARE\WEHA\Aplikasi\3
24/05/2023 13:27:36	Registry Read/Write
24/05/2023 13:27:36	Registry Read: Path=SOFTWARE\WEHA\Aplikasi\3
24/05/2023 13:27:36	Registry Read:Fail
24/05/2023 13:27:36	Setting DB Param
24/05/2023 13:27:36	Create DB Object
24/05/2023 13:27:36	Init DB
24/05/2023 13:28:14	Error Create DB Connection
24/05/2023 13:28:17	Change Db Connection to :Provider=MSDASQL.1
24/05/2023 13:28:17	Finish Create DB Connection
24/05/2023 13:28:17	Get File Version
24/05/2023 13:28:17	Change  Caption
24/05/2023 13:28:17	Init Shortkey
24/05/2023 13:28:18	Form Check :Setting
24/05/2023 13:28:18	Form Open: Setting
24/05/2023 13:28:51	Create DB Object
24/05/2023 13:28:51	Init DB
24/05/2023 13:28:51	Finish Init DB
24/05/2023 13:28:51	Port Check
24/05/2023 13:28:51	Connection Check
24/05/2023 13:28:51	Check Success
24/05/2023 13:28:52	Registry Write: 192.168.10.247,wh_prod,sa,SQLNCLI10
24/05/2023 13:28:52	Registry Read: Path=SOFTWARE\WEHA\Aplikasi\3
24/05/2023 13:28:52	Registry Read:Fail
24/05/2023 13:28:54	Create DB Object
24/05/2023 13:28:54	Init DB
24/05/2023 13:28:54	Finish Init DB
24/05/2023 13:29:00	Update new version check
24/05/2023 13:29:00	Open DB Connection
24/05/2023 13:29:00	SQL :
24/05/2023 13:29:00	Update check version
24/05/2023 13:29:00	Open DB Connection
24/05/2023 13:29:00	SQL :SELECT version FROM wh_application WHERE application_id=(SELECT MAX(application_id) FROM wh_application);
24/05/2023 13:29:00	Start Login
24/05/2023 13:29:00	Open DB Connection
24/05/2023 13:29:00	SQL :EXEC AuthenticateUser 'nanang.andriani','3b5929d0c23006c99522f38746d85dd4';
24/05/2023 13:29:00	SQL :INSERT INTO wh_log (user_id,app_date,app_version,app_version_svr,location_id,company_id,department_id,host_name,ip_address)  VALUES ('nanang.andriani','24/05/2023','6.1.5.22','6.1.5.20',6,2,13,'DESKTOP-88BM05S','192.168.25.214');
24/05/2023 13:29:00	Open DB Connection
24/05/2023 13:29:00	SQL :EXEC GetUserMenu 'nanang.andriani';
24/05/2023 13:29:00	SQL :EXEC GetUserSubMenu 'nanang.andriani','11';
24/05/2023 13:29:00	SQL :EXEC GetUserTreeMenu 'nanang.andriani','1101',@CompanyId=2;
24/05/2023 13:29:00	SQL :EXEC GetUserTreeMenu 'nanang.andriani','1102',@CompanyId=2;
24/05/2023 13:29:00	SQL :EXEC GetUserTreeMenu 'nanang.andriani','1103',@CompanyId=2;
24/05/2023 13:29:00	SQL :EXEC GetUserTreeMenu 'nanang.andriani','1104',@CompanyId=2;
24/05/2023 13:29:00	SQL :EXEC GetUserTreeMenu 'nanang.andriani','1105',@CompanyId=2;
24/05/2023 13:29:00	SQL :EXEC GetUserTreeMenu 'nanang.andriani','1106',@CompanyId=2;
24/05/2023 13:29:00	SQL :EXEC GetUserTreeMenu 'nanang.andriani','1107',@CompanyId=2;
24/05/2023 13:29:00	SQL :EXEC GetUserTreeMenu 'nanang.andriani','1108',@CompanyId=2;
24/05/2023 13:29:00	SQL :EXEC GetUserTreeMenu 'nanang.andriani','1109',@CompanyId=2;
24/05/2023 13:29:00	SQL :EXEC GetUserTreeMenu 'nanang.andriani','1110',@CompanyId=2;
24/05/2023 13:29:01	SQL :EXEC GetUserTreeMenu 'nanang.andriani','1111',@CompanyId=2;
24/05/2023 13:29:01	SQL :EXEC GetUserTreeMenu 'nanang.andriani','1112',@CompanyId=2;
24/05/2023 13:29:01	SQL :EXEC GetUserTreeMenu 'nanang.andriani','1113',@CompanyId=2;
24/05/2023 13:29:01	SQL :EXEC GetUserTreeMenu 'nanang.andriani','1114',@CompanyId=2;
24/05/2023 13:29:01	SQL :EXEC GetUserTreeMenu 'nanang.andriani','1115',@CompanyId=2;
24/05/2023 13:29:01	SQL :EXEC GetUserTreeMenu 'nanang.andriani','1116',@CompanyId=2;
24/05/2023 13:29:01	SQL :EXEC GetUserTreeMenu 'nanang.andriani','1117',@CompanyId=2;
24/05/2023 13:29:01	SQL :EXEC GetUserTreeMenu 'nanang.andriani','1198',@CompanyId=2;
24/05/2023 13:29:01	SQL :EXEC GetUserTreeMenu 'nanang.andriani','1199',@CompanyId=2;
24/05/2023 13:29:01	SQL :EXEC GetUserSubMenu 'nanang.andriani','12';
24/05/2023 13:29:01	SQL :EXEC GetUserTreeMenu 'nanang.andriani','1201',@CompanyId=2;
24/05/2023 13:29:01	SQL :EXEC GetUserTreeMenu 'nanang.andriani','1202',@CompanyId=2;
24/05/2023 13:29:01	SQL :EXEC GetUserTreeMenu 'nanang.andriani','1203',@CompanyId=2;
24/05/2023 13:29:01	SQL :EXEC GetUserTreeMenu 'nanang.andriani','1204',@CompanyId=2;
24/05/2023 13:29:01	SQL :EXEC GetUserTreeMenu 'nanang.andriani','1205',@CompanyId=2;
24/05/2023 13:29:01	SQL :EXEC GetUserTreeMenu 'nanang.andriani','1206',@CompanyId=2;
24/05/2023 13:29:01	SQL :EXEC GetUserTreeMenu 'nanang.andriani','1207',@CompanyId=2;
24/05/2023 13:29:01	SQL :EXEC GetUserSubMenu 'nanang.andriani','13';
24/05/2023 13:29:01	SQL :EXEC GetUserTreeMenu 'nanang.andriani','1301',@CompanyId=2;
24/05/2023 13:29:01	SQL :EXEC GetUserTreeMenu 'nanang.andriani','1302',@CompanyId=2;
24/05/2023 13:29:01	SQL :EXEC GetUserTreeMenu 'nanang.andriani','1303',@CompanyId=2;
24/05/2023 13:29:01	SQL :EXEC GetUserTreeMenu 'nanang.andriani','1304',@CompanyId=2;
24/05/2023 13:29:01	SQL :EXEC GetUserTreeMenu 'nanang.andriani','1305',@CompanyId=2;
24/05/2023 13:29:01	SQL :EXEC GetUserTreeMenu 'nanang.andriani','1306',@CompanyId=2;
24/05/2023 13:29:02	SQL :EXEC GetUserTreeMenu 'nanang.andriani','1307',@CompanyId=2;
24/05/2023 13:29:02	SQL :EXEC GetUserTreeMenu 'nanang.andriani','1308',@CompanyId=2;
24/05/2023 13:29:02	SQL :EXEC GetUserTreeMenu 'nanang.andriani','1309',@CompanyId=2;
24/05/2023 13:29:02	SQL :EXEC GetUserTreeMenu 'nanang.andriani','1310',@CompanyId=2;
24/05/2023 13:29:02	SQL :EXEC GetUserTreeMenu 'nanang.andriani','1311',@CompanyId=2;
24/05/2023 13:29:02	SQL :EXEC GetUserTreeMenu 'nanang.andriani','1312',@CompanyId=2;
24/05/2023 13:29:02	SQL :EXEC GetUserTreeMenu 'nanang.andriani','1313',@CompanyId=2;
24/05/2023 13:29:02	SQL :EXEC GetUserTreeMenu 'nanang.andriani','1314',@CompanyId=2;
24/05/2023 13:29:02	SQL :EXEC GetUserTreeMenu 'nanang.andriani','1315',@CompanyId=2;
24/05/2023 13:29:02	SQL :EXEC GetUserTreeMenu 'nanang.andriani','1316',@CompanyId=2;
24/05/2023 13:29:02	SQL :EXEC GetUserTreeMenu 'nanang.andriani','1317',@CompanyId=2;
24/05/2023 13:29:02	SQL :EXEC GetUserTreeMenu 'nanang.andriani','1318',@CompanyId=2;
24/05/2023 13:29:02	SQL :EXEC GetUserTreeMenu 'nanang.andriani','1319',@CompanyId=2;
24/05/2023 13:29:02	SQL :EXEC GetUserTreeMenu 'nanang.andriani','1320',@CompanyId=2;
24/05/2023 13:29:02	SQL :EXEC GetUserTreeMenu 'nanang.andriani','1321',@CompanyId=2;
24/05/2023 13:29:03	SQL :EXEC GetUserTreeMenu 'nanang.andriani','1322',@CompanyId=2;
24/05/2023 13:29:03	SQL :EXEC GetUserSubMenu 'nanang.andriani','14';
24/05/2023 13:29:03	SQL :EXEC GetUserTreeMenu 'nanang.andriani','1401',@CompanyId=2;
24/05/2023 13:29:03	SQL :EXEC GetUserTreeMenu 'nanang.andriani','1402',@CompanyId=2;
24/05/2023 13:29:03	SQL :EXEC GetUserTreeMenu 'nanang.andriani','1403',@CompanyId=2;
24/05/2023 13:29:03	SQL :EXEC GetUserTreeMenu 'nanang.andriani','1404',@CompanyId=2;
24/05/2023 13:29:03	SQL :EXEC GetUserTreeMenu 'nanang.andriani','1406',@CompanyId=2;
24/05/2023 13:29:03	SQL :EXEC GetUserTreeMenu 'nanang.andriani','1408',@CompanyId=2;
24/05/2023 13:29:03	SQL :EXEC GetUserTreeMenu 'nanang.andriani','1410',@CompanyId=2;
24/05/2023 13:29:03	SQL :EXEC GetUserTreeMenu 'nanang.andriani','1411',@CompanyId=2;
24/05/2023 13:29:03	SQL :EXEC GetUserTreeMenu 'nanang.andriani','1412',@CompanyId=2;
24/05/2023 13:29:03	SQL :EXEC GetUserTreeMenu 'nanang.andriani','1413',@CompanyId=2;
24/05/2023 13:29:03	SQL :EXEC GetUserTreeMenu 'nanang.andriani','1414',@CompanyId=2;
24/05/2023 13:29:03	SQL :EXEC GetUserSubMenu 'nanang.andriani','15';
24/05/2023 13:29:03	SQL :EXEC GetUserTreeMenu 'nanang.andriani','1501',@CompanyId=2;
24/05/2023 13:29:03	SQL :EXEC GetUserTreeMenu 'nanang.andriani','1502',@CompanyId=2;
24/05/2023 13:29:03	SQL :EXEC GetUserTreeMenu 'nanang.andriani','1503',@CompanyId=2;
24/05/2023 13:29:03	SQL :EXEC GetUserTreeMenu 'nanang.andriani','1504',@CompanyId=2;
24/05/2023 13:29:03	SQL :EXEC GetUserTreeMenu 'nanang.andriani','1505',@CompanyId=2;
24/05/2023 13:29:03	SQL :EXEC GetUserTreeMenu 'nanang.andriani','1506',@CompanyId=2;
24/05/2023 13:29:03	SQL :EXEC GetUserTreeMenu 'nanang.andriani','1507',@CompanyId=2;
24/05/2023 13:29:03	SQL :EXEC GetUserTreeMenu 'nanang.andriani','1508',@CompanyId=2;
24/05/2023 13:29:04	SQL :EXEC GetUserTreeMenu 'nanang.andriani','1509',@CompanyId=2;
24/05/2023 13:29:04	SQL :EXEC GetUserTreeMenu 'nanang.andriani','1510',@CompanyId=2;
24/05/2023 13:29:04	SQL :EXEC GetUserTreeMenu 'nanang.andriani','1511',@CompanyId=2;
24/05/2023 13:29:04	SQL :EXEC GetUserSubMenu 'nanang.andriani','16';
24/05/2023 13:29:04	SQL :EXEC GetUserTreeMenu 'nanang.andriani','1601',@CompanyId=2;
24/05/2023 13:29:04	SQL :EXEC GetUserTreeMenu 'nanang.andriani','1602',@CompanyId=2;
24/05/2023 13:29:04	SQL :EXEC GetUserTreeMenu 'nanang.andriani','1603',@CompanyId=2;
24/05/2023 13:29:04	SQL :EXEC GetUserTreeMenu 'nanang.andriani','1604',@CompanyId=2;
24/05/2023 13:29:04	SQL :EXEC GetUserTreeMenu 'nanang.andriani','1605',@CompanyId=2;
24/05/2023 13:29:04	SQL :EXEC GetUserTreeMenu 'nanang.andriani','1606',@CompanyId=2;
24/05/2023 13:29:04	SQL :EXEC GetUserTreeMenu 'nanang.andriani','1607',@CompanyId=2;
24/05/2023 13:29:04	SQL :EXEC GetUserTreeMenu 'nanang.andriani','1608',@CompanyId=2;
24/05/2023 13:29:04	SQL :EXEC GetUserTreeMenu 'nanang.andriani','1609',@CompanyId=2;
24/05/2023 13:29:04	SQL :EXEC GetUserTreeMenu 'nanang.andriani','1610',@CompanyId=2;
24/05/2023 13:29:04	SQL :EXEC GetUserTreeMenu 'nanang.andriani','1611',@CompanyId=2;
24/05/2023 13:29:04	SQL :EXEC GetUserTreeMenu 'nanang.andriani','1612',@CompanyId=2;
24/05/2023 13:29:04	SQL :EXEC GetUserTreeMenu 'nanang.andriani','1613',@CompanyId=2;
24/05/2023 13:29:04	SQL :EXEC GetUserTreeMenu 'nanang.andriani','1614',@CompanyId=2;
24/05/2023 13:29:04	SQL :EXEC GetUserTreeMenu 'nanang.andriani','1615',@CompanyId=2;
24/05/2023 13:29:04	SQL :EXEC GetUserTreeMenu 'nanang.andriani','1616',@CompanyId=2;
24/05/2023 13:29:05	SQL :EXEC GetUserTreeMenu 'nanang.andriani','1619',@CompanyId=2;
24/05/2023 13:29:05	SQL :EXEC GetUserTreeMenu 'nanang.andriani','1620',@CompanyId=2;
24/05/2023 13:29:05	SQL :EXEC GetUserSubMenu 'nanang.andriani','17';
24/05/2023 13:29:05	SQL :EXEC GetUserTreeMenu 'nanang.andriani','1701',@CompanyId=2;
24/05/2023 13:29:05	SQL :EXEC GetUserTreeMenu 'nanang.andriani','1702',@CompanyId=2;
24/05/2023 13:29:05	SQL :EXEC GetUserTreeMenu 'nanang.andriani','1703',@CompanyId=2;
24/05/2023 13:29:05	SQL :EXEC GetUserTreeMenu 'nanang.andriani','1704',@CompanyId=2;
24/05/2023 13:29:05	SQL :EXEC GetUserTreeMenu 'nanang.andriani','1705',@CompanyId=2;
24/05/2023 13:29:05	SQL :EXEC GetUserTreeMenu 'nanang.andriani','1706',@CompanyId=2;
24/05/2023 13:29:05	SQL :EXEC GetUserTreeMenu 'nanang.andriani','1707',@CompanyId=2;
24/05/2023 13:29:05	SQL :EXEC GetUserTreeMenu 'nanang.andriani','1708',@CompanyId=2;
24/05/2023 13:29:05	SQL :EXEC GetUserTreeMenu 'nanang.andriani','1709',@CompanyId=2;
24/05/2023 13:29:05	SQL :EXEC GetUserTreeMenu 'nanang.andriani','1710',@CompanyId=2;
24/05/2023 13:29:05	SQL :EXEC GetUserTreeMenu 'nanang.andriani','1711',@CompanyId=2;
24/05/2023 13:29:05	SQL :EXEC GetUserTreeMenu 'nanang.andriani','1712',@CompanyId=2;
24/05/2023 13:29:05	SQL :EXEC GetUserTreeMenu 'nanang.andriani','1713',@CompanyId=2;
24/05/2023 13:29:05	SQL :EXEC GetUserTreeMenu 'nanang.andriani','1714',@CompanyId=2;
24/05/2023 13:29:05	SQL :EXEC GetUserTreeMenu 'nanang.andriani','1715',@CompanyId=2;
24/05/2023 13:29:05	SQL :EXEC GetUserTreeMenu 'nanang.andriani','1716',@CompanyId=2;
24/05/2023 13:29:05	SQL :EXEC GetUserTreeMenu 'nanang.andriani','1717',@CompanyId=2;
24/05/2023 13:29:05	SQL :EXEC GetUserSubMenu 'nanang.andriani','18';
24/05/2023 13:29:06	SQL :EXEC GetUserTreeMenu 'nanang.andriani','1801',@CompanyId=2;
24/05/2023 13:29:06	SQL :EXEC GetUserSubMenu 'nanang.andriani','19';
24/05/2023 13:29:06	SQL :EXEC GetUserTreeMenu 'nanang.andriani','1901',@CompanyId=2;
24/05/2023 13:29:06	SQL :EXEC GetUserTreeMenu 'nanang.andriani','1902',@CompanyId=2;
24/05/2023 13:29:06	SQL :EXEC GetUserTreeMenu 'nanang.andriani','1903',@CompanyId=2;
24/05/2023 13:29:06	SQL :EXEC GetUserTreeMenu 'nanang.andriani','1904',@CompanyId=2;
24/05/2023 13:29:06	SQL :EXEC GetUserTreeMenu 'nanang.andriani','1905',@CompanyId=2;
24/05/2023 13:29:06	SQL :EXEC GetUserTreeMenu 'nanang.andriani','1906',@CompanyId=2;
24/05/2023 13:29:06	SQL :EXEC GetUserTreeMenu 'nanang.andriani','1907',@CompanyId=2;
24/05/2023 13:29:06	SQL :EXEC GetUserTreeMenu 'nanang.andriani','1908',@CompanyId=2;
24/05/2023 13:29:06	SQL :EXEC GetUserTreeMenu 'nanang.andriani','1909',@CompanyId=2;
24/05/2023 13:29:06	SQL :EXEC GetUserTreeMenu 'nanang.andriani','1910',@CompanyId=2;
24/05/2023 13:29:06	SQL :EXEC GetUserTreeMenu 'nanang.andriani','1911',@CompanyId=2;
24/05/2023 13:29:06	SQL :EXEC GetUserTreeMenu 'nanang.andriani','1912',@CompanyId=2;
24/05/2023 13:29:06	SQL :SELECT CONVERT(VARCHAR(8),GETDATE(),108) AS hour_minute;
24/05/2023 13:29:07	SQL :SELECT CONVERT(VARCHAR(10),GETDATE(),103) AS date_time;
24/05/2023 13:29:07	Loading Setting
24/05/2023 13:29:07	Open DB Connection
24/05/2023 13:29:07	SQL :SELECT * FROM wh_setting WHERE setting_name='Hold_Less_Deposit';
24/05/2023 13:29:07	SQL :SELECT * FROM wh_setting WHERE setting_name='Max_Less_Deposit';
24/05/2023 13:29:07	SQL :SELECT * FROM wh_setting WHERE setting_name='Dashboard_2';
24/05/2023 13:29:07	Finish Logging
24/05/2023 13:29:07	SQL :SELECT value_string FROM wh_setting WHERE (setting_name='Interval_CheckInDate') AND (active=1);
24/05/2023 13:29:07	SQL :SELECT value_string FROM wh_setting WHERE (setting_name='Interval_CheckInTime') AND (active=1);
24/05/2023 13:29:07	SQL :SELECT value_string FROM wh_setting WHERE (setting_name='ChatEnable') and (active=1);
24/05/2023 13:29:08	Message:Port Check
24/05/2023 13:29:08	Message:Open DB Connection
24/05/2023 13:29:08	SQL :EXEC GetMessage '01','nanang.andriani';
24/05/2023 13:29:08	SQL :SELECT CONVERT(VARCHAR(8),GETDATE(),108) AS hour_minute;
24/05/2023 13:29:08	SQL :SELECT CONVERT(VARCHAR(10),GETDATE(),103) AS date_time;
24/05/2023 13:29:10	Form Check :ChatClient
24/05/2023 13:29:10	Form Check :AuthorizedForm
24/05/2023 13:29:10	Form Check :RePrintForm
24/05/2023 13:29:10	Form Check :EmployeeSearch
24/05/2023 13:29:10	Form Check :TimeInputForm
24/05/2023 13:29:10	Log Out
24/05/2023 13:29:20	Create DB Object
24/05/2023 13:29:20	Init DB
24/05/2023 13:29:20	Finish Init DB
24/05/2023 13:29:25	Update new version check
24/05/2023 13:29:25	Open DB Connection
24/05/2023 13:29:25	SQL :
24/05/2023 13:29:25	Update check version
24/05/2023 13:29:25	Open DB Connection
24/05/2023 13:29:25	SQL :SELECT version FROM wh_application WHERE application_id=(SELECT MAX(application_id) FROM wh_application);
24/05/2023 13:29:25	Start Login
24/05/2023 13:29:25	Open DB Connection
24/05/2023 13:29:25	SQL :EXEC AuthenticateUser 'nanang.andriani','3b5929d0c23006c99522f38746d85dd4';
24/05/2023 13:29:25	SQL :INSERT INTO wh_log (user_id,app_date,app_version,app_version_svr,location_id,company_id,department_id,host_name,ip_address)  VALUES ('nanang.andriani','24/05/2023','6.1.5.22','6.1.5.20',6,2,13,'DESKTOP-88BM05S','192.168.25.214');
24/05/2023 13:29:25	Open DB Connection
24/05/2023 13:29:25	SQL :EXEC GetUserMenu 'nanang.andriani';
24/05/2023 13:29:25	SQL :EXEC GetUserSubMenu 'nanang.andriani','11';
24/05/2023 13:29:25	SQL :EXEC GetUserTreeMenu 'nanang.andriani','1101',@CompanyId=2;
24/05/2023 13:29:25	SQL :EXEC GetUserTreeMenu 'nanang.andriani','1102',@CompanyId=2;
24/05/2023 13:29:25	SQL :EXEC GetUserTreeMenu 'nanang.andriani','1103',@CompanyId=2;
24/05/2023 13:29:25	SQL :EXEC GetUserTreeMenu 'nanang.andriani','1104',@CompanyId=2;
24/05/2023 13:29:25	SQL :EXEC GetUserTreeMenu 'nanang.andriani','1105',@CompanyId=2;
24/05/2023 13:29:25	SQL :EXEC GetUserTreeMenu 'nanang.andriani','1106',@CompanyId=2;
24/05/2023 13:29:25	SQL :EXEC GetUserTreeMenu 'nanang.andriani','1107',@CompanyId=2;
24/05/2023 13:29:25	SQL :EXEC GetUserTreeMenu 'nanang.andriani','1108',@CompanyId=2;
24/05/2023 13:29:25	SQL :EXEC GetUserTreeMenu 'nanang.andriani','1109',@CompanyId=2;
24/05/2023 13:29:25	SQL :EXEC GetUserTreeMenu 'nanang.andriani','1110',@CompanyId=2;
24/05/2023 13:29:25	SQL :EXEC GetUserTreeMenu 'nanang.andriani','1111',@CompanyId=2;
24/05/2023 13:29:25	SQL :EXEC GetUserTreeMenu 'nanang.andriani','1112',@CompanyId=2;
24/05/2023 13:29:25	SQL :EXEC GetUserTreeMenu 'nanang.andriani','1113',@CompanyId=2;
24/05/2023 13:29:25	SQL :EXEC GetUserTreeMenu 'nanang.andriani','1114',@CompanyId=2;
24/05/2023 13:29:25	SQL :EXEC GetUserTreeMenu 'nanang.andriani','1115',@CompanyId=2;
24/05/2023 13:29:26	SQL :EXEC GetUserTreeMenu 'nanang.andriani','1116',@CompanyId=2;
24/05/2023 13:29:26	SQL :EXEC GetUserTreeMenu 'nanang.andriani','1117',@CompanyId=2;
24/05/2023 13:29:26	SQL :EXEC GetUserTreeMenu 'nanang.andriani','1198',@CompanyId=2;
24/05/2023 13:29:26	SQL :EXEC GetUserTreeMenu 'nanang.andriani','1199',@CompanyId=2;
24/05/2023 13:29:26	SQL :EXEC GetUserSubMenu 'nanang.andriani','12';
24/05/2023 13:29:26	SQL :EXEC GetUserTreeMenu 'nanang.andriani','1201',@CompanyId=2;
24/05/2023 13:29:26	SQL :EXEC GetUserTreeMenu 'nanang.andriani','1202',@CompanyId=2;
24/05/2023 13:29:26	SQL :EXEC GetUserTreeMenu 'nanang.andriani','1203',@CompanyId=2;
24/05/2023 13:29:26	SQL :EXEC GetUserTreeMenu 'nanang.andriani','1204',@CompanyId=2;
24/05/2023 13:29:26	SQL :EXEC GetUserTreeMenu 'nanang.andriani','1205',@CompanyId=2;
24/05/2023 13:29:26	SQL :EXEC GetUserTreeMenu 'nanang.andriani','1206',@CompanyId=2;
24/05/2023 13:29:26	SQL :EXEC GetUserTreeMenu 'nanang.andriani','1207',@CompanyId=2;
24/05/2023 13:29:26	SQL :EXEC GetUserSubMenu 'nanang.andriani','13';
24/05/2023 13:29:26	SQL :EXEC GetUserTreeMenu 'nanang.andriani','1301',@CompanyId=2;
24/05/2023 13:29:26	SQL :EXEC GetUserTreeMenu 'nanang.andriani','1302',@CompanyId=2;
24/05/2023 13:29:26	SQL :EXEC GetUserTreeMenu 'nanang.andriani','1303',@CompanyId=2;
24/05/2023 13:29:26	SQL :EXEC GetUserTreeMenu 'nanang.andriani','1304',@CompanyId=2;
24/05/2023 13:29:26	SQL :EXEC GetUserTreeMenu 'nanang.andriani','1305',@CompanyId=2;
24/05/2023 13:29:26	SQL :EXEC GetUserTreeMenu 'nanang.andriani','1306',@CompanyId=2;
24/05/2023 13:29:26	SQL :EXEC GetUserTreeMenu 'nanang.andriani','1307',@CompanyId=2;
24/05/2023 13:29:26	SQL :EXEC GetUserTreeMenu 'nanang.andriani','1308',@CompanyId=2;
24/05/2023 13:29:26	SQL :EXEC GetUserTreeMenu 'nanang.andriani','1309',@CompanyId=2;
24/05/2023 13:29:26	SQL :EXEC GetUserTreeMenu 'nanang.andriani','1310',@CompanyId=2;
24/05/2023 13:29:26	SQL :EXEC GetUserTreeMenu 'nanang.andriani','1311',@CompanyId=2;
24/05/2023 13:29:26	SQL :EXEC GetUserTreeMenu 'nanang.andriani','1312',@CompanyId=2;
24/05/2023 13:29:27	SQL :EXEC GetUserTreeMenu 'nanang.andriani','1313',@CompanyId=2;
24/05/2023 13:29:27	SQL :EXEC GetUserTreeMenu 'nanang.andriani','1314',@CompanyId=2;
24/05/2023 13:29:27	SQL :EXEC GetUserTreeMenu 'nanang.andriani','1315',@CompanyId=2;
24/05/2023 13:29:27	SQL :EXEC GetUserTreeMenu 'nanang.andriani','1316',@CompanyId=2;
24/05/2023 13:29:27	SQL :EXEC GetUserTreeMenu 'nanang.andriani','1317',@CompanyId=2;
24/05/2023 13:29:27	SQL :EXEC GetUserTreeMenu 'nanang.andriani','1318',@CompanyId=2;
24/05/2023 13:29:27	SQL :EXEC GetUserTreeMenu 'nanang.andriani','1319',@CompanyId=2;
24/05/2023 13:29:27	SQL :EXEC GetUserTreeMenu 'nanang.andriani','1320',@CompanyId=2;
24/05/2023 13:29:27	SQL :EXEC GetUserTreeMenu 'nanang.andriani','1321',@CompanyId=2;
24/05/2023 13:29:27	SQL :EXEC GetUserTreeMenu 'nanang.andriani','1322',@CompanyId=2;
24/05/2023 13:29:27	SQL :EXEC GetUserSubMenu 'nanang.andriani','14';
24/05/2023 13:29:27	SQL :EXEC GetUserTreeMenu 'nanang.andriani','1401',@CompanyId=2;
24/05/2023 13:29:27	SQL :EXEC GetUserTreeMenu 'nanang.andriani','1402',@CompanyId=2;
24/05/2023 13:29:27	SQL :EXEC GetUserTreeMenu 'nanang.andriani','1403',@CompanyId=2;
24/05/2023 13:29:27	SQL :EXEC GetUserTreeMenu 'nanang.andriani','1404',@CompanyId=2;
24/05/2023 13:29:27	SQL :EXEC GetUserTreeMenu 'nanang.andriani','1406',@CompanyId=2;
24/05/2023 13:29:27	SQL :EXEC GetUserTreeMenu 'nanang.andriani','1408',@CompanyId=2;
24/05/2023 13:29:27	SQL :EXEC GetUserTreeMenu 'nanang.andriani','1410',@CompanyId=2;
24/05/2023 13:29:27	SQL :EXEC GetUserTreeMenu 'nanang.andriani','1411',@CompanyId=2;
24/05/2023 13:29:28	SQL :EXEC GetUserTreeMenu 'nanang.andriani','1412',@CompanyId=2;
24/05/2023 13:29:28	SQL :EXEC GetUserTreeMenu 'nanang.andriani','1413',@CompanyId=2;
24/05/2023 13:29:28	SQL :EXEC GetUserTreeMenu 'nanang.andriani','1414',@CompanyId=2;
24/05/2023 13:29:28	SQL :EXEC GetUserSubMenu 'nanang.andriani','15';
24/05/2023 13:29:28	SQL :EXEC GetUserTreeMenu 'nanang.andriani','1501',@CompanyId=2;
24/05/2023 13:29:28	SQL :EXEC GetUserTreeMenu 'nanang.andriani','1502',@CompanyId=2;
24/05/2023 13:29:28	SQL :EXEC GetUserTreeMenu 'nanang.andriani','1503',@CompanyId=2;
24/05/2023 13:29:28	SQL :EXEC GetUserTreeMenu 'nanang.andriani','1504',@CompanyId=2;
24/05/2023 13:29:28	SQL :EXEC GetUserTreeMenu 'nanang.andriani','1505',@CompanyId=2;
24/05/2023 13:29:28	SQL :EXEC GetUserTreeMenu 'nanang.andriani','1506',@CompanyId=2;
24/05/2023 13:29:28	SQL :EXEC GetUserTreeMenu 'nanang.andriani','1507',@CompanyId=2;
24/05/2023 13:29:28	SQL :EXEC GetUserTreeMenu 'nanang.andriani','1508',@CompanyId=2;
24/05/2023 13:29:28	SQL :EXEC GetUserTreeMenu 'nanang.andriani','1509',@CompanyId=2;
24/05/2023 13:29:28	SQL :EXEC GetUserTreeMenu 'nanang.andriani','1510',@CompanyId=2;
24/05/2023 13:29:28	SQL :EXEC GetUserTreeMenu 'nanang.andriani','1511',@CompanyId=2;
24/05/2023 13:29:28	SQL :EXEC GetUserSubMenu 'nanang.andriani','16';
24/05/2023 13:29:28	SQL :EXEC GetUserTreeMenu 'nanang.andriani','1601',@CompanyId=2;
24/05/2023 13:29:28	SQL :EXEC GetUserTreeMenu 'nanang.andriani','1602',@CompanyId=2;
24/05/2023 13:29:28	SQL :EXEC GetUserTreeMenu 'nanang.andriani','1603',@CompanyId=2;
24/05/2023 13:29:28	SQL :EXEC GetUserTreeMenu 'nanang.andriani','1604',@CompanyId=2;
24/05/2023 13:29:28	SQL :EXEC GetUserTreeMenu 'nanang.andriani','1605',@CompanyId=2;
24/05/2023 13:29:28	SQL :EXEC GetUserTreeMenu 'nanang.andriani','1606',@CompanyId=2;
24/05/2023 13:29:28	SQL :EXEC GetUserTreeMenu 'nanang.andriani','1607',@CompanyId=2;
24/05/2023 13:29:28	SQL :EXEC GetUserTreeMenu 'nanang.andriani','1608',@CompanyId=2;
24/05/2023 13:29:28	SQL :EXEC GetUserTreeMenu 'nanang.andriani','1609',@CompanyId=2;
24/05/2023 13:29:28	SQL :EXEC GetUserTreeMenu 'nanang.andriani','1610',@CompanyId=2;
24/05/2023 13:29:28	SQL :EXEC GetUserTreeMenu 'nanang.andriani','1611',@CompanyId=2;
24/05/2023 13:29:28	SQL :EXEC GetUserTreeMenu 'nanang.andriani','1612',@CompanyId=2;
24/05/2023 13:29:28	SQL :EXEC GetUserTreeMenu 'nanang.andriani','1613',@CompanyId=2;
24/05/2023 13:29:28	SQL :EXEC GetUserTreeMenu 'nanang.andriani','1614',@CompanyId=2;
24/05/2023 13:29:28	SQL :EXEC GetUserTreeMenu 'nanang.andriani','1615',@CompanyId=2;
24/05/2023 13:29:28	SQL :EXEC GetUserTreeMenu 'nanang.andriani','1616',@CompanyId=2;
24/05/2023 13:29:28	SQL :EXEC GetUserTreeMenu 'nanang.andriani','1619',@CompanyId=2;
24/05/2023 13:29:28	SQL :EXEC GetUserTreeMenu 'nanang.andriani','1620',@CompanyId=2;
24/05/2023 13:29:28	SQL :EXEC GetUserSubMenu 'nanang.andriani','17';
24/05/2023 13:29:28	SQL :EXEC GetUserTreeMenu 'nanang.andriani','1701',@CompanyId=2;
24/05/2023 13:29:28	SQL :EXEC GetUserTreeMenu 'nanang.andriani','1702',@CompanyId=2;
24/05/2023 13:29:28	SQL :EXEC GetUserTreeMenu 'nanang.andriani','1703',@CompanyId=2;
24/05/2023 13:29:28	SQL :EXEC GetUserTreeMenu 'nanang.andriani','1704',@CompanyId=2;
24/05/2023 13:29:28	SQL :EXEC GetUserTreeMenu 'nanang.andriani','1705',@CompanyId=2;
24/05/2023 13:29:28	SQL :EXEC GetUserTreeMenu 'nanang.andriani','1706',@CompanyId=2;
24/05/2023 13:29:28	SQL :EXEC GetUserTreeMenu 'nanang.andriani','1707',@CompanyId=2;
24/05/2023 13:29:28	SQL :EXEC GetUserTreeMenu 'nanang.andriani','1708',@CompanyId=2;
24/05/2023 13:29:29	SQL :EXEC GetUserTreeMenu 'nanang.andriani','1709',@CompanyId=2;
24/05/2023 13:29:29	SQL :EXEC GetUserTreeMenu 'nanang.andriani','1710',@CompanyId=2;
24/05/2023 13:29:29	SQL :EXEC GetUserTreeMenu 'nanang.andriani','1711',@CompanyId=2;
24/05/2023 13:29:29	SQL :EXEC GetUserTreeMenu 'nanang.andriani','1712',@CompanyId=2;
24/05/2023 13:29:29	SQL :EXEC GetUserTreeMenu 'nanang.andriani','1713',@CompanyId=2;
24/05/2023 13:29:29	SQL :EXEC GetUserTreeMenu 'nanang.andriani','1714',@CompanyId=2;
24/05/2023 13:29:29	SQL :EXEC GetUserTreeMenu 'nanang.andriani','1715',@CompanyId=2;
24/05/2023 13:29:29	SQL :EXEC GetUserTreeMenu 'nanang.andriani','1716',@CompanyId=2;
24/05/2023 13:29:29	SQL :EXEC GetUserTreeMenu 'nanang.andriani','1717',@CompanyId=2;
24/05/2023 13:29:29	SQL :EXEC GetUserSubMenu 'nanang.andriani','18';
24/05/2023 13:29:29	SQL :EXEC GetUserTreeMenu 'nanang.andriani','1801',@CompanyId=2;
24/05/2023 13:29:29	SQL :EXEC GetUserSubMenu 'nanang.andriani','19';
24/05/2023 13:29:29	SQL :EXEC GetUserTreeMenu 'nanang.andriani','1901',@CompanyId=2;
24/05/2023 13:29:29	SQL :EXEC GetUserTreeMenu 'nanang.andriani','1902',@CompanyId=2;
24/05/2023 13:29:29	SQL :EXEC GetUserTreeMenu 'nanang.andriani','1903',@CompanyId=2;
24/05/2023 13:29:29	SQL :EXEC GetUserTreeMenu 'nanang.andriani','1904',@CompanyId=2;
24/05/2023 13:29:29	SQL :EXEC GetUserTreeMenu 'nanang.andriani','1905',@CompanyId=2;
24/05/2023 13:29:29	SQL :EXEC GetUserTreeMenu 'nanang.andriani','1906',@CompanyId=2;
24/05/2023 13:29:29	SQL :EXEC GetUserTreeMenu 'nanang.andriani','1907',@CompanyId=2;
24/05/2023 13:29:29	SQL :EXEC GetUserTreeMenu 'nanang.andriani','1908',@CompanyId=2;
24/05/2023 13:29:29	SQL :EXEC GetUserTreeMenu 'nanang.andriani','1909',@CompanyId=2;
24/05/2023 13:29:29	SQL :EXEC GetUserTreeMenu 'nanang.andriani','1910',@CompanyId=2;
24/05/2023 13:29:29	SQL :EXEC GetUserTreeMenu 'nanang.andriani','1911',@CompanyId=2;
24/05/2023 13:29:29	SQL :EXEC GetUserTreeMenu 'nanang.andriani','1912',@CompanyId=2;
24/05/2023 13:29:29	SQL :SELECT CONVERT(VARCHAR(8),GETDATE(),108) AS hour_minute;
24/05/2023 13:29:29	SQL :SELECT CONVERT(VARCHAR(10),GETDATE(),103) AS date_time;
24/05/2023 13:29:29	Loading Setting
24/05/2023 13:29:29	Open DB Connection
24/05/2023 13:29:29	SQL :SELECT * FROM wh_setting WHERE setting_name='Hold_Less_Deposit';
24/05/2023 13:29:29	SQL :SELECT * FROM wh_setting WHERE setting_name='Max_Less_Deposit';
24/05/2023 13:29:29	SQL :SELECT * FROM wh_setting WHERE setting_name='Dashboard_2';
24/05/2023 13:29:29	Finish Logging
24/05/2023 13:29:29	SQL :SELECT value_string FROM wh_setting WHERE (setting_name='Interval_CheckInDate') AND (active=1);
24/05/2023 13:29:29	SQL :SELECT value_string FROM wh_setting WHERE (setting_name='Interval_CheckInTime') AND (active=1);
24/05/2023 13:29:29	SQL :SELECT value_string FROM wh_setting WHERE (setting_name='ChatEnable') and (active=1);
24/05/2023 13:29:30	Message:Port Check
24/05/2023 13:29:30	Message:Open DB Connection
24/05/2023 13:29:30	SQL :EXEC GetMessage '01','nanang.andriani';
24/05/2023 13:29:30	SQL :SELECT CONVERT(VARCHAR(8),GETDATE(),108) AS hour_minute;
24/05/2023 13:29:30	SQL :SELECT CONVERT(VARCHAR(10),GETDATE(),103) AS date_time;
24/05/2023 13:29:33	Open Menu :131202
24/05/2023 13:29:36	Open DB Connection
24/05/2023 13:29:36	SQL :EXEC AuthMenu 'nanang.andriani',131202;
24/05/2023 13:29:36	Form Check :OrderFeeList
24/05/2023 13:29:36	Form Open: OrderFeeList=Main-Change
24/05/2023 13:29:39	SQL :EXEC GetVhcOutList2_S 6,1,2,@OutDate='2023/04/03'
24/05/2023 13:29:47	SQL :EXEC GetVhcOutList2_S 6,1,2,@OutDate='2023/05/02'
24/05/2023 13:29:49	SQL :EXEC GetVhcOutList2_S 6,1,2,@AllFoward=2
24/05/2023 13:29:54	SQL :EXEC GetVhcOutList2_S 6,1,2,@AllFoward=2
24/05/2023 13:29:56	SQL :EXEC GetVhcOutList2_S 6,1,2,@OutDate='2023/05/02'
24/05/2023 13:29:59	SQL :EXEC GetVhcOutList2_S 6,1,2,@OutDate='2023/05/17'
24/05/2023 13:30:01	SQL :EXEC GetVhcOutList2_S 6,1,2,@OutDate='2023/05/19'
24/05/2023 13:30:04	Form Open: OrderFee=SJBRB23052134,-1
24/05/2023 13:30:04	Open DB Connection
24/05/2023 13:30:04	SQL :SELECT value_string FROM wh_setting WHERE (setting_name='OrderFee_Form_Day_CompanyId_2') and (active=1);
24/05/2023 13:30:04	SQL :SELECT value_string FROM wh_setting WHERE (setting_name='OrderFee_Form_Days_CompanyId_2') and (active=1);
24/05/2023 13:30:04	SQL :SELECT value_string FROM wh_setting WHERE (setting_name='Show_eToll_CompanyId_2') and (active=1);
24/05/2023 13:30:04	SQL :SELECT value_string FROM wh_setting WHERE (setting_name='eToll_Calculation_CompanyId_2') and (active=1);
24/05/2023 13:30:04	SQL :SELECT * FROM wh_setting WHERE (setting_name='Lock_Budget_CompanyId_2') AND (active=1);
24/05/2023 13:30:04	SQL :SELECT * FROM wh_setting WHERE (setting_name='Allow_UnlockBudget_NULL_CompanyId_2') AND (active=1);
24/05/2023 13:30:05	Open DB Connection
24/05/2023 13:30:05	SQL :SELECT * FROM wh_setting WHERE (setting_name='Lock_Budget_Integrate_CompanyId_2') AND (active=1);
24/05/2023 13:30:05	SQL :EXEC GetVhcOutDetail 'SJBRB23052134';
24/05/2023 13:30:09	SQL :EXEC GetCustomerOrderServiceList 'COWDC23040126';
24/05/2023 13:30:09	SQL :EXEC GetPrice;
24/05/2023 13:30:22	Open Menu :131204
24/05/2023 13:30:22	Open DB Connection
24/05/2023 13:30:22	SQL :EXEC AuthMenu 'nanang.andriani',131204;
24/05/2023 13:30:22	Form Check :OrderFeeList
24/05/2023 13:30:22	Form Open: OrderFeeList=
24/05/2023 13:30:25	SQL :EXEC GetVhcOutList2_S 6,1,2,@OutDate='2023/05/17',@InOut=1
24/05/2023 13:30:27	Form Open: OrderFee=SJBRB23051748,0
24/05/2023 13:30:28	Open DB Connection
24/05/2023 13:30:28	SQL :SELECT value_string FROM wh_setting WHERE (setting_name='OrderFee_Form_Day_CompanyId_2') and (active=1);
24/05/2023 13:30:28	SQL :SELECT value_string FROM wh_setting WHERE (setting_name='OrderFee_Form_Days_CompanyId_2') and (active=1);
24/05/2023 13:30:28	SQL :SELECT value_string FROM wh_setting WHERE (setting_name='Show_eToll_CompanyId_2') and (active=1);
24/05/2023 13:30:28	SQL :SELECT value_string FROM wh_setting WHERE (setting_name='eToll_Calculation_CompanyId_2') and (active=1);
24/05/2023 13:30:28	SQL :SELECT * FROM wh_setting WHERE (setting_name='Lock_Budget_CompanyId_2') AND (active=1);
24/05/2023 13:30:28	SQL :SELECT * FROM wh_setting WHERE (setting_name='Allow_UnlockBudget_NULL_CompanyId_2') AND (active=1);
24/05/2023 13:30:28	Open DB Connection
24/05/2023 13:30:28	SQL :SELECT * FROM wh_setting WHERE (setting_name='Lock_Budget_Integrate_CompanyId_2') AND (active=1);
24/05/2023 13:30:28	SQL :EXEC GetVhcOutDetail 'SJBRB23051748';
24/05/2023 13:30:32	SQL :EXEC GetCustomerOrderServiceList 'COWDC23040402';
24/05/2023 13:30:32	SQL :EXEC GetPrice;
24/05/2023 13:30:36	Op24/05/2023 13:51:01	Get Local Settings
24/05/2023 13:51:01	Start Change Local Settings
24/05/2023 13:51:01	Change short date format
24/05/2023 13:51:01	Change Long date format
24/05/2023 13:51:01	Finish Change Local Settings
24/05/2023 13:51:01	Registry Read: Path=SOFTWARE\WEHA\Aplikasi\3
24/05/2023 13:51:01	Registry Read/Write
24/05/2023 13:51:01	Registry Read: Path=SOFTWARE\WEHA\Aplikasi\3
24/05/2023 13:51:01	Registry Read:Fail
24/05/2023 13:51:01	Setting DB Param
24/05/2023 13:51:01	Create DB Object
24/05/2023 13:51:01	Init DB
24/05/2023 13:51:04	Error Create DB Connection
24/05/2023 13:51:07	Change Db Connection to :Provider=MSDASQL.1
24/05/2023 13:51:07	Finish Create DB Connection
24/05/2023 13:51:07	Get File Version
24/05/2023 13:51:07	Change  Caption
24/05/2023 13:51:07	Init Shortkey
24/05/2023 13:51:08	Form Check :Setting
24/05/2023 13:51:08	Form Open: Setting
24/05/2023 13:51:23	Create DB Object
24/05/2023 13:51:23	Init DB
24/05/2023 13:51:23	Finish Init DB
24/05/2023 13:51:23	Port Check
24/05/2023 13:51:23	Connection Check
24/05/2023 13:51:24	Check Success
24/05/2023 13:51:25	Registry Write: 192.168.10.247,wh_prod,sa,SQLNCLI10
24/05/2023 13:51:25	Registry Read: Path=SOFTWARE\WEHA\Aplikasi\3
24/05/2023 13:51:25	Registry Read:Fail
24/05/2023 13:51:27	Create DB Object
24/05/2023 13:51:27	Init DB
24/05/2023 13:51:27	Finish Init DB
24/05/2023 13:51:33	Update new version check
24/05/2023 13:51:33	Open DB Connection
24/05/2023 13:51:33	SQL :
24/05/2023 13:51:33	Update check version
24/05/2023 13:51:33	Open DB Connection
24/05/2023 13:51:33	SQL :SELECT version FROM wh_application WHERE application_id=(SELECT MAX(application_id) FROM wh_application);
24/05/2023 13:51:33	Start Login
24/05/2023 13:51:33	Open DB Connection
24/05/2023 13:51:33	SQL :EXEC AuthenticateUser 'nanang.andriani','3b5929d0c23006c99522f38746d85dd4';
24/05/2023 13:51:33	SQL :INSERT INTO wh_log (user_id,app_date,app_version,app_version_svr,location_id,company_id,department_id,host_name,ip_address)  VALUES ('nanang.andriani','24/05/2023','6.1.5.22','6.1.5.20',22,11,13,'DESKTOP-88BM05S','192.168.25.214');
24/05/2023 13:51:33	Open DB Connection
24/05/2023 13:51:33	SQL :EXEC GetUserMenu 'nanang.andriani';
24/05/2023 13:51:34	SQL :EXEC GetUserSubMenu 'nanang.andriani','11';
24/05/2023 13:51:34	SQL :EXEC GetUserTreeMenu 'nanang.andriani','1101',@CompanyId=11;
24/05/2023 13:51:34	SQL :EXEC GetUserTreeMenu 'nanang.andriani','1102',@CompanyId=11;
24/05/2023 13:51:34	SQL :EXEC GetUserTreeMenu 'nanang.andriani','1103',@CompanyId=11;
24/05/2023 13:51:34	SQL :EXEC GetUserTreeMenu 'nanang.andriani','1104',@CompanyId=11;
24/05/2023 13:51:34	SQL :EXEC GetUserTreeMenu 'nanang.andriani','1105',@CompanyId=11;
24/05/2023 13:51:34	SQL :EXEC GetUserTreeMenu 'nanang.andriani','1106',@CompanyId=11;
24/05/2023 13:51:34	SQL :EXEC GetUserTreeMenu 'nanang.andriani','1107',@CompanyId=11;
24/05/2023 13:51:34	SQL :EXEC GetUserTreeMenu 'nanang.andriani','1108',@CompanyId=11;
24/05/2023 13:51:34	SQL :EXEC GetUserTreeMenu 'nanang.andriani','1109',@CompanyId=11;
24/05/2023 13:51:34	SQL :EXEC GetUserTreeMenu 'nanang.andriani','1110',@CompanyId=11;
24/05/2023 13:51:34	SQL :EXEC GetUserTreeMenu 'nanang.andriani','1111',@CompanyId=11;
24/05/2023 13:51:34	SQL :EXEC GetUserTreeMenu 'nanang.andriani','1112',@CompanyId=11;
24/05/2023 13:51:34	SQL :EXEC GetUserTreeMenu 'nanang.andriani','1113',@CompanyId=11;
24/05/2023 13:51:34	SQL :EXEC GetUserTreeMenu 'nanang.andriani','1114',@CompanyId=11;
24/05/2023 13:51:34	SQL :EXEC GetUserTreeMenu 'nanang.andriani','1115',@CompanyId=11;
24/05/2023 13:51:34	SQL :EXEC GetUserTreeMenu 'nanang.andriani','1116',@CompanyId=11;
24/05/2023 13:51:34	SQL :EXEC GetUserTreeMenu 'nanang.andriani','1117',@CompanyId=11;
24/05/2023 13:51:34	SQL :EXEC GetUserTreeMenu 'nanang.andriani','1198',@CompanyId=11;
24/05/2023 13:51:35	SQL :EXEC GetUserTreeMenu 'nanang.andriani','1199',@CompanyId=11;
24/05/2023 13:51:35	SQL :EXEC GetUserSubMenu 'nanang.andriani','12';
24/05/2023 13:51:35	SQL :EXEC GetUserTreeMenu 'nanang.andriani','1201',@CompanyId=11;
24/05/2023 13:51:35	SQL :EXEC GetUserTreeMenu 'nanang.andriani','1202',@CompanyId=11;
24/05/2023 13:51:35	SQL :EXEC GetUserTreeMenu 'nanang.andriani','1203',@CompanyId=11;
24/05/2023 13:51:35	SQL :EXEC GetUserTreeMenu 'nanang.andriani','1204',@CompanyId=11;
24/05/2023 13:51:35	SQL :EXEC GetUserTreeMenu 'nanang.andriani','1205',@CompanyId=11;
24/05/2023 13:51:35	SQL :EXEC GetUserTreeMenu 'nanang.andriani','1206',@CompanyId=11;
24/05/2023 13:51:35	SQL :EXEC GetUserTreeMenu 'nanang.andriani','1207',@CompanyId=11;
24/05/2023 13:51:35	SQL :EXEC GetUserSubMenu 'nanang.andriani','13';
24/05/2023 13:51:35	SQL :EXEC GetUserTreeMenu 'nanang.andriani','1301',@CompanyId=11;
24/05/2023 13:51:35	SQL :EXEC GetUserTreeMenu 'nanang.andriani','1302',@CompanyId=11;
24/05/2023 13:51:35	SQL :EXEC GetUserTreeMenu 'nanang.andriani','1303',@CompanyId=11;
24/05/2023 13:51:35	SQL :EXEC GetUserTreeMenu 'nanang.andriani','1304',@CompanyId=11;
24/05/2023 13:51:35	SQL :EXEC GetUserTreeMenu 'nanang.andriani','1305',@CompanyId=11;
24/05/2023 13:51:35	SQL :EXEC GetUserTreeMenu 'nanang.andriani','1306',@CompanyId=11;
24/05/2023 13:51:35	SQL :EXEC GetUserTreeMenu 'nanang.andriani','1307',@CompanyId=11;
24/05/2023 13:51:35	SQL :EXEC GetUserTreeMenu 'nanang.andriani','1308',@CompanyId=11;
24/05/2023 13:51:35	SQL :EXEC GetUserTreeMenu 'nanang.andriani','1309',@CompanyId=11;
24/05/2023 13:51:35	SQL :EXEC GetUserTreeMenu 'nanang.andriani','1310',@CompanyId=11;
24/05/2023 13:51:35	SQL :EXEC GetUserTreeMenu 'nanang.andriani','1311',@CompanyId=11;
24/05/2023 13:51:35	SQL :EXEC GetUserTreeMenu 'nanang.andriani','1312',@CompanyId=11;
24/05/2023 13:51:35	SQL :EXEC GetUserTreeMenu 'nanang.andriani','1313',@CompanyId=11;
24/05/2023 13:51:35	SQL :EXEC GetUserTreeMenu 'nanang.andriani','1314',@CompanyId=11;
24/05/2023 13:51:35	SQL :EXEC GetUserTreeMenu 'nanang.andriani','1315',@CompanyId=11;
24/05/2023 13:51:35	SQL :EXEC GetUserTreeMenu 'nanang.andriani','1316',@CompanyId=11;
24/05/2023 13:51:35	SQL :EXEC GetUserTreeMenu 'nanang.andriani','1317',@CompanyId=11;
24/05/2023 13:51:36	SQL :EXEC GetUserTreeMenu 'nanang.andriani','1318',@CompanyId=11;
24/05/2023 13:51:36	SQL :EXEC GetUserTreeMenu 'nanang.andriani','1319',@CompanyId=11;
24/05/2023 13:51:36	SQL :EXEC GetUserTreeMenu 'nanang.andriani','1320',@CompanyId=11;
24/05/2023 13:51:36	SQL :EXEC GetUserTreeMenu 'nanang.andriani','1321',@CompanyId=11;
24/05/2023 13:51:36	SQL :EXEC GetUserTreeMenu 'nanang.andriani','1322',@CompanyId=11;
24/05/2023 13:51:36	SQL :EXEC GetUserSubMenu 'nanang.andriani','14';
24/05/2023 13:51:36	SQL :EXEC GetUserTreeMenu 'nanang.andriani','1401',@CompanyId=11;
24/05/2023 13:51:36	SQL :EXEC GetUserTreeMenu 'nanang.andriani','1402',@CompanyId=11;
24/05/2023 13:51:36	SQL :EXEC GetUserTreeMenu 'nanang.andriani','1403',@CompanyId=11;
24/05/2023 13:51:36	SQL :EXEC GetUserTreeMenu 'nanang.andriani','1404',@CompanyId=11;
24/05/2023 13:51:36	SQL :EXEC GetUserTreeMenu 'nanang.andriani','1406',@CompanyId=11;
24/05/2023 13:51:36	SQL :EXEC GetUserTreeMenu 'nanang.andriani','1408',@CompanyId=11;
24/05/2023 13:51:36	SQL :EXEC GetUserTreeMenu 'nanang.andriani','1410',@CompanyId=11;
24/05/2023 13:51:36	SQL :EXEC GetUserTreeMenu 'nanang.andriani','1411',@CompanyId=11;
24/05/2023 13:51:36	SQL :EXEC GetUserTreeMenu 'nanang.andriani','1412',@CompanyId=11;
24/05/2023 13:51:36	SQL :EXEC GetUserTreeMenu 'nanang.andriani','1413',@CompanyId=11;
24/05/2023 13:51:36	SQL :EXEC GetUserTreeMenu 'nanang.andriani','1414',@CompanyId=11;
24/05/2023 13:51:36	SQL :EXEC GetUserSubMenu 'nanang.andriani','15';
24/05/2023 13:51:36	SQL :EXEC GetUserTreeMenu 'nanang.andriani','1501',@CompanyId=11;
24/05/2023 13:51:36	SQL :EXEC GetUserTreeMenu 'nanang.andriani','1502',@CompanyId=11;
24/05/2023 13:51:36	SQL :EXEC GetUserTreeMenu 'nanang.andriani','1503',@CompanyId=11;
24/05/2023 13:51:36	SQL :EXEC GetUserTreeMenu 'nanang.andriani','1504',@CompanyId=11;
24/05/2023 13:51:36	SQL :EXEC GetUserTreeMenu 'nanang.andriani','1505',@CompanyId=11;
24/05/2023 13:51:37	SQL :EXEC GetUserTreeMenu 'nanang.andriani','1506',@CompanyId=11;
24/05/2023 13:51:37	SQL :EXEC GetUserTreeMenu 'nanang.andriani','1507',@CompanyId=11;
24/05/2023 13:51:37	SQL :EXEC GetUserTreeMenu 'nanang.andriani','1508',@CompanyId=11;
24/05/2023 13:51:37	SQL :EXEC GetUserTreeMenu 'nanang.andriani','1509',@CompanyId=11;
24/05/2023 13:51:37	SQL :EXEC GetUserTreeMenu 'nanang.andriani','1510',@CompanyId=11;
24/05/2023 13:51:37	SQL :EXEC GetUserTreeMenu 'nanang.andriani','1511',@CompanyId=11;
24/05/2023 13:51:37	SQL :EXEC GetUserSubMenu 'nanang.andriani','16';
24/05/2023 13:51:37	SQL :EXEC GetUserTreeMenu 'nanang.andriani','1601',@CompanyId=11;
24/05/2023 13:51:37	SQL :EXEC GetUserTreeMenu 'nanang.andriani','1602',@CompanyId=11;
24/05/2023 13:51:37	SQL :EXEC GetUserTreeMenu 'nanang.andriani','1603',@CompanyId=11;
24/05/2023 13:51:37	SQL :EXEC GetUserTreeMenu 'nanang.andriani','1604',@CompanyId=11;
24/05/2023 13:51:37	SQL :EXEC GetUserTreeMenu 'nanang.andriani','1605',@CompanyId=11;
24/05/2023 13:51:37	SQL :EXEC GetUserTreeMenu 'nanang.andriani','1606',@CompanyId=11;
24/05/2023 13:51:37	SQL :EXEC GetUserTreeMenu 'nanang.andriani','1607',@CompanyId=11;
24/05/2023 13:51:37	SQL :EXEC GetUserTreeMenu 'nanang.andriani','1608',@CompanyId=11;
24/05/2023 13:51:37	SQL :EXEC GetUserTreeMenu 'nanang.andriani','1609',@CompanyId=11;
24/05/2023 13:51:37	SQL :EXEC GetUserTreeMenu 'nanang.andriani','1610',@CompanyId=11;
24/05/2023 13:51:37	SQL :EXEC GetUserTreeMenu 'nanang.andriani','1611',@CompanyId=11;
24/05/2023 13:51:37	SQL :EXEC GetUserTreeMenu 'nanang.andriani','1612',@CompanyId=11;
24/05/2023 13:51:37	SQL :EXEC GetUserTreeMenu 'nanang.andriani','1613',@CompanyId=11;
24/05/2023 13:51:37	SQL :EXEC GetUserTreeMenu 'nanang.andriani','1614',@CompanyId=11;
24/05/2023 13:51:37	SQL :EXEC GetUserTreeMenu 'nanang.andriani','1615',@CompanyId=11;
24/05/2023 13:51:37	SQL :EXEC GetUserTreeMenu 'nanang.andriani','1616',@CompanyId=11;
24/05/2023 13:51:37	SQL :EXEC GetUserTreeMenu 'nanang.andriani','1619',@CompanyId=11;
24/05/2023 13:51:37	SQL :EXEC GetUserTreeMenu 'nanang.andriani','1620',@CompanyId=11;
24/05/2023 13:51:37	SQL :EXEC GetUserSubMenu 'nanang.andriani','17';
24/05/2023 13:51:38	SQL :EXEC GetUserTreeMenu 'nanang.andriani','1701',@CompanyId=11;
24/05/2023 13:51:38	SQL :EXEC GetUserTreeMenu 'nanang.andriani','1702',@CompanyId=11;
24/05/2023 13:51:38	SQL :EXEC GetUserTreeMenu 'nanang.andriani','1703',@CompanyId=11;
24/05/2023 13:51:38	SQL :EXEC GetUserTreeMenu 'nanang.andriani','1704',@CompanyId=11;
24/05/2023 13:51:38	SQL :EXEC GetUserTreeMenu 'nanang.andriani','1705',@CompanyId=11;
24/05/2023 13:51:38	SQL :EXEC GetUserTreeMenu 'nanang.andriani','1706',@CompanyId=11;
24/05/2023 13:51:38	SQL :EXEC GetUserTreeMenu 'nanang.andriani','1707',@CompanyId=11;
24/05/2023 13:51:38	SQL :EXEC GetUserTreeMenu 'nanang.andriani','1708',@CompanyId=11;
24/05/2023 13:51:38	SQL :EXEC GetUserTreeMenu 'nanang.andriani','1709',@CompanyId=11;
24/05/2023 13:51:38	SQL :EXEC GetUserTreeMenu 'nanang.andriani','1710',@CompanyId=11;
24/05/2023 13:51:38	SQL :EXEC GetUserTreeMenu 'nanang.andriani','1711',@CompanyId=11;
24/05/2023 13:51:38	SQL :EXEC GetUserTreeMenu 'nanang.andriani','1712',@CompanyId=11;
24/05/2023 13:51:38	SQL :EXEC GetUserTreeMenu 'nanang.andriani','1713',@CompanyId=11;
24/05/2023 13:51:38	SQL :EXEC GetUserTreeMenu 'nanang.andriani','1714',@CompanyId=11;
24/05/2023 13:51:38	SQL :EXEC GetUserTreeMenu 'nanang.andriani','1715',@CompanyId=11;
24/05/2023 13:51:38	SQL :EXEC GetUserTreeMenu 'nanang.andriani','1716',@CompanyId=11;
24/05/2023 13:51:38	SQL :EXEC GetUserTreeMenu 'nanang.andriani','1717',@CompanyId=11;
24/05/2023 13:51:38	SQL :EXEC GetUserSubMenu 'nanang.andriani','18';
24/05/2023 13:51:39	SQL :EXEC GetUserTreeMenu 'nanang.andriani','1801',@CompanyId=11;
24/05/2023 13:51:39	SQL :EXEC GetUserSubMenu 'nanang.andriani','19';
24/05/2023 13:51:39	SQL :EXEC GetUserTreeMenu 'nanang.andriani','1901',@CompanyId=11;
24/05/2023 13:51:39	SQL :EXEC GetUserTreeMenu 'nanang.andriani','1902',@CompanyId=11;
24/05/2023 13:51:39	SQL :EXEC GetUserTreeMenu 'nanang.andriani','1903',@CompanyId=11;
24/05/2023 13:51:39	SQL :EXEC GetUserTreeMenu 'nanang.andriani','1904',@CompanyId=11;
24/05/2023 13:51:39	SQL :EXEC GetUserTreeMenu 'nanang.andriani','1905',@CompanyId=11;
24/05/2023 13:51:39	SQL :EXEC GetUserTreeMenu 'nanang.andriani','1906',@CompanyId=11;
24/05/2023 13:51:39	SQL :EXEC GetUserTreeMenu 'nanang.andriani','1907',@CompanyId=11;
24/05/2023 13:51:39	SQL :EXEC GetUserTreeMenu 'nanang.andriani','1908',@CompanyId=11;
24/05/2023 13:51:39	SQL :EXEC GetUserTreeMenu 'nanang.andriani','1909',@CompanyId=11;
24/05/2023 13:51:39	SQL :EXEC GetUserTreeMenu 'nanang.andriani','1910',@CompanyId=11;
24/05/2023 13:51:39	SQL :EXEC GetUserTreeMenu 'nanang.andriani','1911',@CompanyId=11;
24/05/2023 13:51:39	SQL :EXEC GetUserTreeMenu 'nanang.andriani','1912',@CompanyId=11;
24/05/2023 13:51:39	SQL :SELECT CONVERT(VARCHAR(8),GETDATE(),108) AS hour_minute;
24/05/2023 13:51:39	SQL :SELECT CONVERT(VARCHAR(10),GETDATE(),103) AS date_time;
24/05/2023 13:51:39	Loading Setting
24/05/2023 13:51:40	Open DB Connection
24/05/2023 13:51:40	SQL :SELECT * FROM wh_setting WHERE setting_name='Hold_Less_Deposit';
24/05/2023 13:51:40	SQL :SELECT * FROM wh_setting WHERE setting_name='Max_Less_Deposit';
24/05/2023 13:51:40	SQL :SELECT * FROM wh_setting WHERE setting_name='Dashboard_11';
24/05/2023 13:51:40	Finish Logging
24/05/2023 13:51:40	SQL :SELECT value_string FROM wh_setting WHERE (setting_name='Interval_CheckInDate') AND (active=1);
24/05/2023 13:51:40	SQL :SELECT value_string FROM wh_setting WHERE (setting_name='Interval_CheckInTime') AND (active=1);
24/05/2023 13:51:40	SQL :SELECT value_string FROM wh_setting WHERE (setting_name='ChatEnable') and (active=1);
24/05/2023 13:51:40	Message:Port Check
24/05/2023 13:51:41	Message:Open DB Connection
24/05/2023 13:51:41	SQL :EXEC GetMessage '01','nanang.andriani';
24/05/2023 13:51:41	SQL :SELECT CONVERT(VARCHAR(8),GETDATE(),108) AS hour_minute;
24/05/2023 13:51:41	SQL :SELECT CONVERT(VARCHAR(10),GETDATE(),103) AS date_time;
24/05/2023 13:51:48	Open Menu :130205
24/05/2023 13:51:48	Open DB Connection
24/05/2023 13:51:48	SQL :EXEC AuthMenu 'nanang.andriani',130205;
24/05/2023 13:51:48	Form Check :EmployeeList
24/05/2023 13:51:48	Open DB Connection
24/05/2023 13:51:48	SQL :EXEC GetCompanyLocationList
24/05/2023 13:51:48	Open DB Connection
24/05/2023 13:51:48	SQL :EXEC GetEmployeeList 2,22,1,@CompanyId=11;
24/05/2023 13:57:11	Open Menu :130205
24/05/2023 13:57:11	Open DB Connection
24/05/2023 13:57:11	SQL :EXEC AuthMenu 'nanang.andriani',130205;
24/05/2023 13:57:11	Form Check :EmployeeList
24/05/2023 13:57:11	Open DB Connection
24/05/2023 13:57:11	SQL :EXEC GetCompanyLocationList
24/05/2023 13:57:11	Open DB Connection
24/05/2023 13:57:11	SQL :EXEC GetEmployeeList 2,22,1,@CompanyId=11;
24/05/2023 13:57:14	Open DB Connection
24/05/2023 13:57:14	SQL :EXEC GetEmployeeList 2,22,1,@CompanyId=11;
24/05/2023 14:01:27	Open Menu :130206
24/05/2023 14:01:27	Open DB Connection
24/05/2023 14:01:27	SQL :EXEC AuthMenu 'nanang.andriani',130206;
24/05/2023 14:01:27	Form Check :EmployeeList
24/05/2023 14:01:27	Open DB Connection
24/05/2023 14:01:27	SQL :EXEC GetCompanyLocationList
24/05/2023 14:01:28	Open DB Connection
24/05/2023 14:01:28	SQL :EXEC GetEmployeeList 2,22,2,@CompanyId=11;
24/05/2023 14:01:43	Open Menu :130205
24/05/2023 14:01:43	Open DB Connection
24/05/2023 14:01:43	SQL :EXEC AuthMenu 'nanang.andriani',130205;
24/05/2023 14:01:43	Form Check :EmployeeList
24/05/2023 14:01:43	Open DB Connection
24/05/2023 14:01:43	SQL :EXEC GetCompanyLocationList
24/05/2023 14:01:43	Open DB Connection
24/05/2023 14:01:43	SQL :EXEC GetEmployeeList 2,22,1,@CompanyId=11;
24/05/2023 14:06:56	Message:Port Check
24/05/2023 14:06:56	Message:Open DB Connection
24/05/2023 14:06:56	SQL :EXEC GetMessage '01','nanang.andriani';
24/05/2023 14:06:56	SQL :SELECT CONVERT(VARCHAR(8),GETDATE(),108) AS hour_minute;
24/05/2023 14:06:56	SQL :SELECT CONVERT(VARCHAR(10),GETDATE(),103) AS date_time;
24/05/2023 14:17:02	Message:Port Check
24/05/2023 14:17:02	Message:Open DB Connection
24/05/2023 14:17:02	SQL :EXEC GetMessage '01','nanang.andriani';
24/05/2023 14:17:02	SQL :SELECT CONVERT(VARCHAR(8),GETDATE(),108) AS hour_minute;
24/05/2023 14:17:02	SQL :SELECT CONVERT(VARCHAR(10),GETDATE(),103) AS date_time;
24/05/2023 14:20:08	Location change from22
24/05/2023 14:20:08	Open DB Connection
24/05/2023 14:20:11	Open DB Connection
24/05/2023 14:20:11	SQL :UPDATE wh_user SET company_location_id=26 WHERE username='nanang.andriani';
24/05/2023 14:20:11	Location change to11-22
24/05/2023 14:20:11	Open DB Connection
24/05/2023 14:20:11	SQL :EXEC GetUserMenu 'nanang.andriani';
24/05/2023 14:20:11	SQL :EXEC GetUserSubMenu 'nanang.andriani','11';
24/05/2023 14:20:11	SQL :EXEC GetUserTreeMenu 'nanang.andriani','1101',@CompanyId=9;
24/05/2023 14:20:11	SQL :EXEC GetUserTreeMenu 'nanang.andriani','1102',@CompanyId=9;
24/05/2023 14:20:11	SQL :EXEC GetUserTreeMenu 'nanang.andriani','1103',@CompanyId=9;
24/05/2023 14:20:11	SQL :EXEC GetUserTreeMenu 'nanang.andriani','1104',@CompanyId=9;
24/05/2023 14:20:11	SQL :EXEC GetUserTreeMenu 'nanang.andriani','1105',@CompanyId=9;
24/05/2023 14:20:11	SQL :EXEC GetUserTreeMenu 'nanang.andriani','1106',@CompanyId=9;
24/05/2023 14:20:11	SQL :EXEC GetUserTreeMenu 'nanang.andriani','1107',@CompanyId=9;
24/05/2023 14:20:12	SQL :EXEC GetUserTreeMenu 'nanang.andriani','1108',@CompanyId=9;
24/05/2023 14:20:12	SQL :EXEC GetUserTreeMenu 'nanang.andriani','1109',@CompanyId=9;
24/05/2023 14:20:12	SQL :EXEC GetUserTreeMenu 'nanang.andriani','1110',@CompanyId=9;
24/05/2023 14:20:12	SQL :EXEC GetUserTreeMenu 'nanang.andriani','1111',@CompanyId=9;
24/05/2023 14:20:12	SQL :EXEC GetUserTreeMenu 'nanang.andriani','1112',@CompanyId=9;
24/05/2023 14:20:12	SQL :EXEC GetUserTreeMenu 'nanang.andriani','1113',@CompanyId=9;
24/05/2023 14:20:12	SQL :EXEC GetUserTreeMenu 'nanang.andriani','1114',@CompanyId=9;
24/05/2023 14:20:12	SQL :EXEC GetUserTreeMenu 'nanang.andriani','1115',@CompanyId=9;
24/05/2023 14:20:12	SQL :EXEC GetUserTreeMenu 'nanang.andriani','1116',@CompanyId=9;
24/05/2023 14:20:12	SQL :EXEC GetUserTreeMenu 'nanang.andriani','1117',@CompanyId=9;
24/05/2023 14:20:12	SQL :EXEC GetUserTreeMenu 'nanang.andriani','1198',@CompanyId=9;
24/05/2023 14:20:12	SQL :EXEC GetUserTreeMenu 'nanang.andriani','1199',@CompanyId=9;
24/05/2023 14:20:12	SQL :EXEC GetUserSubMenu 'nanang.andriani','12';
24/05/2023 14:20:12	SQL :EXEC GetUserTreeMenu 'nanang.andriani','1201',@CompanyId=9;
24/05/2023 14:20:12	SQL :EXEC GetUserTreeMenu 'nanang.andriani','1202',@CompanyId=9;
24/05/2023 14:20:12	SQL :EXEC GetUserTreeMenu 'nanang.andriani','1203',@CompanyId=9;
24/05/2023 14:20:12	SQL :EXEC GetUserTreeMenu 'nanang.andriani','1204',@CompanyId=9;
24/05/2023 14:20:12	SQL :EXEC GetUserTreeMenu 'nanang.andriani','1205',@CompanyId=9;
24/05/2023 14:20:12	SQL :EXEC GetUserTreeMenu 'nanang.andriani','1206',@CompanyId=9;
24/05/2023 14:20:12	SQL :EXEC GetUserTreeMenu 'nanang.andriani','1207',@CompanyId=9;
24/05/2023 14:20:12	SQL :EXEC GetUserSubMenu 'nanang.andriani','13';
24/05/2023 14:20:12	SQL :EXEC GetUserTreeMenu 'nanang.andriani','1301',@CompanyId=9;
24/05/2023 14:20:12	SQL :EXEC GetUserTreeMenu 'nanang.andriani','1302',@CompanyId=9;
24/05/2023 14:20:12	SQL :EXEC GetUserTreeMenu 'nanang.andriani','1303',@CompanyId=9;
24/05/2023 14:20:13	SQL :EXEC GetUserTreeMenu 'nanang.andriani','1304',@CompanyId=9;
24/05/2023 14:20:13	SQL :EXEC GetUserTreeMenu 'nanang.andriani','1305',@CompanyId=9;
24/05/2023 14:20:13	SQL :EXEC GetUserTreeMenu 'nanang.andriani','1306',@CompanyId=9;
24/05/2023 14:20:13	SQL :EXEC GetUserTreeMenu 'nanang.andriani','1307',@CompanyId=9;
24/05/2023 14:20:13	SQL :EXEC GetUserTreeMenu 'nanang.andriani','1308',@CompanyId=9;
24/05/2023 14:20:13	SQL :EXEC GetUserTreeMenu 'nanang.andriani','1309',@CompanyId=9;
24/05/2023 14:20:13	SQL :EXEC GetUserTreeMenu 'nanang.andriani','1310',@CompanyId=9;
24/05/2023 14:20:13	SQL :EXEC GetUserTreeMenu 'nanang.andriani','1311',@CompanyId=9;
24/05/2023 14:20:13	SQL :EXEC GetUserTreeMenu 'nanang.andriani','1312',@CompanyId=9;
24/05/2023 14:20:13	SQL :EXEC GetUserTreeMenu 'nanang.andriani','1313',@CompanyId=9;
24/05/2023 14:20:13	SQL :EXEC GetUserTreeMenu 'nanang.andriani','1314',@CompanyId=9;
24/05/2023 14:20:13	SQL :EXEC GetUserTreeMenu 'nanang.andriani','1315',@CompanyId=9;
24/05/2023 14:20:13	SQL :EXEC GetUserTreeMenu 'nanang.andriani','1316',@CompanyId=9;
24/05/2023 14:20:13	SQL :EXEC GetUserTreeMenu 'nanang.andriani','1317',@CompanyId=9;
24/05/2023 14:20:13	SQL :EXEC GetUserTreeMenu 'nanang.andriani','1318',@CompanyId=9;
24/05/2023 14:20:13	SQL :EXEC GetUserTreeMenu 'nanang.andriani','1319',@CompanyId=9;
24/05/2023 14:20:13	SQL :EXEC GetUserTreeMenu 'nanang.andriani','1320',@CompanyId=9;
24/05/2023 14:20:13	SQL :EXEC GetUserTreeMenu 'nanang.andriani','1321',@CompanyId=9;
24/05/2023 14:20:13	SQL :EXEC GetUserTreeMenu 'nanang.andriani','1322',@CompanyId=9;
24/05/2023 14:20:13	SQL :EXEC GetUserSubMenu 'nanang.andriani','14';
24/05/2023 14:20:13	SQL :EXEC GetUserTreeMenu 'nanang.andriani','1401',@CompanyId=9;
24/05/2023 14:20:13	SQL :EXEC GetUserTreeMenu 'nanang.andriani','1402',@CompanyId=9;
24/05/2023 14:20:13	SQL :EXEC GetUserTreeMenu 'nanang.andriani','1403',@CompanyId=9;
24/05/2023 14:20:13	SQL :EXEC GetUserTreeMenu 'nanang.andriani','1404',@CompanyId=9;
24/05/2023 14:20:14	SQL :EXEC GetUserTreeMenu 'nanang.andriani','1406',@CompanyId=9;
24/05/2023 14:20:14	SQL :EXEC GetUserTreeMenu 'nanang.andriani','1408',@CompanyId=9;
24/05/2023 14:20:14	SQL :EXEC GetUserTreeMenu 'nanang.andriani','1410',@CompanyId=9;
24/05/2023 14:20:14	SQL :EXEC GetUserTreeMenu 'nanang.andriani','1411',@CompanyId=9;
24/05/2023 14:20:14	SQL :EXEC GetUserTreeMenu 'nanang.andriani','1412',@CompanyId=9;
24/05/2023 14:20:14	SQL :EXEC GetUserTreeMenu 'nanang.andriani','1413',@CompanyId=9;
24/05/2023 14:20:14	SQL :EXEC GetUserTreeMenu 'nanang.andriani','1414',@CompanyId=9;
24/05/2023 14:20:14	SQL :EXEC GetUserSubMenu 'nanang.andriani','15';
24/05/2023 14:20:14	SQL :EXEC GetUserTreeMenu 'nanang.andriani','1501',@CompanyId=9;
24/05/2023 14:20:14	SQL :EXEC GetUserTreeMenu 'nanang.andriani','1502',@CompanyId=9;
24/05/2023 14:20:14	SQL :EXEC GetUserTreeMenu 'nanang.andriani','1503',@CompanyId=9;
24/05/2023 14:20:14	SQL :EXEC GetUserTreeMenu 'nanang.andriani','1504',@CompanyId=9;
24/05/2023 14:20:14	SQL :EXEC GetUserTreeMenu 'nanang.andriani','1505',@CompanyId=9;
24/05/2023 14:20:14	SQL :EXEC GetUserTreeMenu 'nanang.andriani','1506',@CompanyId=9;
24/05/2023 14:20:14	SQL :EXEC GetUserTreeMenu 'nanang.andriani','1507',@CompanyId=9;
24/05/2023 14:20:14	SQL :EXEC GetUserTreeMenu 'nanang.andriani','1508',@CompanyId=9;
24/05/2023 14:20:14	SQL :EXEC GetUserTreeMenu 'nanang.andriani','1509',@CompanyId=9;
24/05/2023 14:20:14	SQL :EXEC GetUserTreeMenu 'nanang.andriani','1510',@CompanyId=9;
24/05/2023 14:20:14	SQL :EXEC GetUserTreeMenu 'nanang.andriani','1511',@CompanyId=9;
24/05/2023 14:20:14	SQL :EXEC GetUserSubMenu 'nanang.andriani','16';
24/05/2023 14:20:14	SQL :EXEC GetUserTreeMenu 'nanang.andriani','1601',@CompanyId=9;
24/05/2023 14:20:14	SQL :EXEC GetUserTreeMenu 'nanang.andriani','1602',@CompanyId=9;
24/05/2023 14:20:14	SQL :EXEC GetUserTreeMenu 'nanang.andriani','1603',@CompanyId=9;
24/05/2023 14:20:14	SQL :EXEC GetUserTreeMenu 'nanang.andriani','1604',@CompanyId=9;
24/05/2023 14:20:14	SQL :EXEC GetUserTreeMenu 'nanang.andriani','1605',@CompanyId=9;
24/05/2023 14:20:15	SQL :EXEC GetUserTreeMenu 'nanang.andriani','1606',@CompanyId=9;
24/05/2023 14:20:15	SQL :EXEC GetUserTreeMenu 'nanang.andriani','1607',@CompanyId=9;
24/05/2023 14:20:15	SQL :EXEC GetUserTreeMenu 'nanang.andriani','1608',@CompanyId=9;
24/05/2023 14:20:15	SQL :EXEC GetUserTreeMenu 'nanang.andriani','1609',@CompanyId=9;
24/05/2023 14:20:15	SQL :EXEC GetUserTreeMenu 'nanang.andriani','1610',@CompanyId=9;
24/05/2023 14:20:15	SQL :EXEC GetUserTreeMenu 'nanang.andriani','1611',@CompanyId=9;
24/05/2023 14:20:15	SQL :EXEC GetUserTreeMenu 'nanang.andriani','1612',@CompanyId=9;
24/05/2023 14:20:15	SQL :EXEC GetUserTreeMenu 'nanang.andriani','1613',@CompanyId=9;
24/05/2023 14:20:15	SQL :EXEC GetUserTreeMenu 'nanang.andriani','1614',@CompanyId=9;
24/05/2023 14:20:15	SQL :EXEC GetUserTreeMenu 'nanang.andriani','1615',@CompanyId=9;
24/05/2023 14:20:15	SQL :EXEC GetUserTreeMenu 'nanang.andriani','1616',@CompanyId=9;
24/05/2023 14:20:15	SQL :EXEC GetUserTreeMenu 'nanang.andriani','1619',@CompanyId=9;
24/05/2023 14:20:15	SQL :EXEC GetUserTreeMenu 'nanang.andriani','1620',@CompanyId=9;
24/05/2023 14:20:15	SQL :EXEC GetUserSubMenu 'nanang.andriani','17';
24/05/2023 14:20:15	SQL :EXEC GetUserTreeMenu 'nanang.andriani','1701',@CompanyId=9;
24/05/2023 14:20:15	SQL :EXEC GetUserTreeMenu 'nanang.andriani','1702',@CompanyId=9;
24/05/2023 14:20:15	SQL :EXEC GetUserTreeMenu 'nanang.andriani','1703',@CompanyId=9;
24/05/2023 14:20:15	SQL :EXEC GetUserTreeMenu 'nanang.andriani','1704',@CompanyId=9;
24/05/2023 14:20:16	SQL :EXEC GetUserTreeMenu 'nanang.andriani','1705',@CompanyId=9;
24/05/2023 14:20:16	SQL :EXEC GetUserTreeMenu 'nanang.andriani','1706',@CompanyId=9;
24/05/2023 14:20:16	SQL :EXEC GetUserTreeMenu 'nanang.andriani','1707',@CompanyId=9;
24/05/2023 14:20:16	SQL :EXEC GetUserTreeMenu 'nanang.andriani','1708',@CompanyId=9;
24/05/2023 14:20:16	SQL :EXEC GetUserTreeMenu 'nanang.andriani','1709',@CompanyId=9;
24/05/2023 14:20:16	SQL :EXEC GetUserTreeMenu 'nanang.andriani','1710',@CompanyId=9;
24/05/2023 14:20:16	SQL :EXEC GetUserTreeMenu 'nanang.andriani','1711',@CompanyId=9;
24/05/2023 14:20:16	SQL :EXEC GetUserTreeMenu 'nanang.andriani','1712',@CompanyId=9;
24/05/2023 14:20:16	SQL :EXEC GetUserTreeMenu 'nanang.andriani','1713',@CompanyId=9;
24/05/2023 14:20:16	SQL :EXEC GetUserTreeMenu 'nanang.andriani','1714',@CompanyId=9;
24/05/2023 14:20:16	SQL :EXEC GetUserTreeMenu 'nanang.andriani','1715',@CompanyId=9;
24/05/2023 14:20:16	SQL :EXEC GetUserTreeMenu 'nanang.andriani','1716',@CompanyId=9;
24/05/2023 14:20:16	SQL :EXEC GetUserTreeMenu 'nanang.andriani','1717',@CompanyId=9;
24/05/2023 14:20:16	SQL :EXEC GetUserSubMenu 'nanang.andriani','18';
24/05/2023 14:20:16	SQL :EXEC GetUserTreeMenu 'nanang.andriani','1801',@CompanyId=9;
24/05/2023 14:20:17	SQL :EXEC GetUserSubMenu 'nanang.andriani','19';
24/05/2023 14:20:17	SQL :EXEC GetUserTreeMenu 'nanang.andriani','1901',@CompanyId=9;
24/05/2023 14:20:17	SQL :EXEC GetUserTreeMenu 'nanang.andriani','1902',@CompanyId=9;
24/05/2023 14:20:17	SQL :EXEC GetUserTreeMenu 'nanang.andriani','1903',@CompanyId=9;
24/05/2023 14:20:17	SQL :EXEC GetUserTreeMenu 'nanang.andriani','1904',@CompanyId=9;
24/05/2023 14:20:17	SQL :EXEC GetUserTreeMenu 'nanang.andriani','1905',@CompanyId=9;
24/05/2023 14:20:17	SQL :EXEC GetUserTreeMenu 'nanang.andriani','1906',@CompanyId=9;
24/05/2023 14:20:17	SQL :EXEC GetUserTreeMenu 'nanang.andriani','1907',@CompanyId=9;
24/05/2023 14:20:17	SQL :EXEC GetUserTreeMenu 'nanang.andriani','1908',@CompanyId=9;
24/05/2023 14:20:17	SQL :EXEC GetUserTreeMenu 'nanang.andriani','1909',@CompanyId=9;
24/05/2023 14:20:17	SQL :EXEC GetUserTreeMenu 'nanang.andriani','1910',@CompanyId=9;
24/05/2023 14:20:17	SQL :EXEC GetUserTreeMenu 'nanang.andriani','1911',@CompanyId=9;
24/05/2023 14:20:17	SQL :EXEC GetUserTreeMenu 'nanang.andriani','1912',@CompanyId=9;
24/05/2023 14:20:33	Open Menu :190605
24/05/2023 14:20:33	Open DB Connection
24/05/2023 14:20:33	SQL :EXEC AuthMenu 'nanang.andriani',190605;
24/05/2023 14:20:33	Form Check :MonthlySalesRDRpt
24/05/2023 14:20:33	Form Open: MonthlySalesRDRpt=Bus,,,12,0,0,0
24/05/2023 14:20:33	Open DB Connection
24/05/2023 14:20:34	SQL :EXEC GetCustomerSegment;
24/05/2023 14:20:34	SQL :SELECT dbo.GetUsername(username) AS sales FROM wh_user a LEFT JOIN wh_user_detail b ON b.user_id=a.username WHERE b.department_id=14 ;
24/05/2023 14:20:42	Open DB Connection
24/05/2023 14:20:42	SQL :EXEC GetCustomerOrderList_P 9,@OutDates='2023/05/01',@OutDatesTo='2023/05/31',@LocationId=14,@isSummary=0 ;
24/05/2023 14:21:15	Open DB Connection
24/05/2023 14:21:15	SQL :SELECT value FROM wh_dashboard WHERE (name='total_sales')AND(company_id=9)AND(location_id=14)AND(month=5)AND(year=2023);
24/05/2023 14:21:15	SQL :UPDATE wh_dashboard SET value='529581500',update_time=GETDATE(),update_user='nanang.andriani' WHERE (name='total_sales')AND(company_id=9)AND(location_id=14)AND(month=5) AND (year=2023);
24/05/2023 14:22:15	Open Menu :190604
24/05/2023 14:22:15	Open DB Connection
24/05/2023 14:22:15	SQL :EXEC AuthMenu 'nanang.andriani',190604;
24/05/2023 14:22:15	Form Check :MonthlySalesRpt
24/05/2023 14:22:15	Form Open: MonthlySalesRpt=Bus,,,24,0
24/05/2023 14:22:15	Open DB Connection
24/05/2023 14:22:15	SQL :EXEC GetCompanyLocationList
24/05/2023 14:22:15	SQL :EXEC GetCustomerSegment;
24/05/2023 14:22:15	SQL :SELECT dbo.GetUsername(username) AS sales FROM wh_user a LEFT JOIN wh_user_detail b ON b.user_id=a.username WHERE b.department_id=14 ;
24/05/2023 14:22:19	Open DB Connection
24/05/2023 14:22:19	SQL :EXEC GetCustomerOrderList 9,@Dates='2023/05/01',@DatesTo='2023/05/31',@LocationId=14,@Finish=24,@PaymentDetail=1 ;
24/05/2023 14:22:22	SQL :EXEC GetCustomerOrderDetailList 'COPKT23050001';
24/05/2023 14:22:22	SQL :EXEC GetCustomerOrderDetailList 'COPKT23050002';
24/05/2023 14:22:22	SQL :EXEC GetCustomerOrderDetailList 'COPKT23050003';
24/05/2023 14:22:22	SQL :EXEC GetCustomerOrderDetailList 'COPKT23050004';
24/05/2023 14:22:23	SQL :EXEC GetCustomerOrderDetailList 'COPKT23050005';
24/05/2023 14:22:23	SQL :EXEC GetCustomerOrderDetailList 'COPKT23050006';
24/05/2023 14:22:23	SQL :EXEC GetCustomerOrderDetailList 'COPKT23050007';
24/05/2023 14:22:23	SQL :EXEC GetCustomerOrderDetailList 'COPKT23050008';
24/05/2023 14:22:23	SQL :EXEC GetCustomerOrderDetailList 'COPKT23050009';
24/05/2023 14:22:23	SQL :EXEC GetCustomerOrderDetailList 'COPKT23050010';
24/05/2023 14:22:24	SQL :EXEC GetCustomerOrderDetailList 'COPKT23050011';
24/05/2023 14:22:24	SQL :EXEC GetCustomerOrderDetailList 'COPKT23050013';
24/05/2023 14:22:24	SQL :EXEC GetCustomerOrderDetailList 'COPKT23050014';
24/05/2023 14:22:24	SQL :EXEC GetCustomerOrderDetailList 'COPKT23050015';
24/05/2023 14:22:24	SQL :EXEC GetCustomerOrderDetailList 'COPKT23050016';
24/05/2023 14:22:24	SQL :EXEC GetCustomerOrderDetailList 'COPKT23050017';
24/05/2023 14:22:24	SQL :EXEC GetCustomerOrderDetailList 'COPKT23050018';
24/05/2023 14:22:25	SQL :EXEC GetCustomerOrderDetailList 'COPKT23050019';
24/05/2023 14:22:25	SQL :EXEC GetCustomerOrderDetailList 'COPKT23050020';
24/05/2023 14:22:25	SQL :EXEC GetCustomerOrderDetailList 'COPKT23050021';
24/05/2023 14:22:25	SQL :EXEC GetCustomerOrderDetailList 'COPKT23050022';
24/05/2023 14:22:25	SQL :EXEC GetCustomerOrderDetailList 'COPKT23050023';
24/05/2023 14:22:25	SQL :EXEC GetCustomerOrderDetailList 'COPKT23050024';
24/05/2023 14:22:25	SQL :EXEC GetCustomerOrderDetailList 'COPKT23050026';
24/05/2023 14:22:26	SQL :EXEC GetCustomerOrderDetailList 'COPKT23050027';
24/05/2023 14:22:26	SQL :EXEC GetCustomerOrderDetailList 'COPKT23050031';
24/05/2023 14:22:26	SQL :EXEC GetCustomerOrderDetailList 'COPKT23050032';
24/05/2023 14:22:26	SQL :EXEC GetCustomerOrderDetailList 'COPKT23050033';
24/05/2023 14:22:26	SQL :EXEC GetCustomerOrderDetailList 'COPKT23050034';
24/05/2023 14:22:26	SQL :EXEC GetCustomerOrderDetailList 'COPKT23050035';
24/05/2023 14:22:26	SQL :EXEC GetCustomerOrderDetailList 'COPKT23050036';
24/05/2023 14:22:27	SQL :EXEC GetCustomerOrderDetailList 'COPKT23050037';
24/05/2023 14:22:27	SQL :EXEC GetCustomerOrderDetailList 'COPKT23050038';
24/05/2023 14:22:27	SQL :EXEC GetCustomerOrderDetailList 'COPKT23050039';
24/05/2023 14:22:27	SQL :EXEC GetCustomerOrderDetailList 'COPKT23050040';
24/05/2023 14:22:27	SQL :EXEC GetCustomerOrderDetailList 'COPKT23050041';
24/05/2023 14:22:27	SQL :EXEC GetCustomerOrderDetailList 'COPKT23050042';
24/05/2023 14:22:27	SQL :EXEC GetCustomerOrderDetailList 'COPKT23050043';
24/05/2023 14:22:28	SQL :EXEC GetCustomerOrderDetailList 'COPKT23050044';
24/05/2023 14:22:28	SQL :EXEC GetCustomerOrderDetailList 'COPKT23050045';
24/05/2023 14:22:28	SQL :EXEC GetCustomerOrderDetailList 'COPKT23050046';
24/05/2023 14:22:28	SQL :EXEC GetCustomerOrderDetailList 'COPKT23050048';
24/05/2023 14:22:28	SQL :EXEC GetCustomerOrderDetailList 'COPKT23050049';
24/05/2023 14:22:28	SQL :EXEC GetCustomerOrderDetailList 'COPKT23050050';
24/05/2023 14:22:28	SQL :EXEC GetCustomerOrderDetailList 'COPKT23050051';
24/05/2023 14:22:29	SQL :EXEC GetCustomerOrderDetailList 'COPKT23050052';
24/05/2023 14:22:29	SQL :EXEC GetCustomerOrderDetailList 'COPKT23050053';
24/05/2023 14:22:29	SQL :EXEC GetCustomerOrderDetailList 'COPKT23050054';
24/05/2023 14:22:29	SQL :EXEC GetCustomerOrderDetailList 'COPKT23050055';
24/05/2023 14:22:29	SQL :EXEC GetCustomerOrderDetailList 'COPKT23050056';
24/05/2023 14:22:29	SQL :EXEC GetCustomerOrderDetailList 'COPKT23050057';
24/05/2023 14:22:29	SQL :EXEC GetCustomerOrderDetailList 'COPKT23050058';
24/05/2023 14:22:30	SQL :EXEC GetCustomerOrderDetailList 'COPKT23050059';
24/05/2023 14:22:30	SQL :EXEC GetCustomerOrderDetailList 'COPKT23050060';
24/05/2023 14:22:30	SQL :EXEC GetCustomerOrderDetailList 'COPKT23050062';
24/05/2023 14:22:30	SQL :EXEC GetCustomerOrderDetailList 'COPKT23050064';
24/05/2023 14:22:30	SQL :EXEC GetCustomerOrderDetailList 'COPKT23050067';
24/05/2023 14:22:30	SQL :EXEC GetCustomerOrderDetailList 'COPKT23050068';
24/05/2023 14:22:30	SQL :EXEC GetCustomerOrderDetailList 'COPKT23050070';
24/05/2023 14:22:30	SQL :EXEC GetCustomerOrderDetailList 'COPKT23050071';
24/05/2023 14:22:31	SQL :EXEC GetCustomerOrderDetailList 'COPKT23050072';
24/05/2023 14:22:31	SQL :EXEC GetCustomerOrderDetailList 'COPKT23050074';
24/05/2023 14:22:31	SQL :EXEC GetCustomerOrderDetailList 'COPKT23050075';
24/05/2023 14:22:31	SQL :EXEC GetCustomerOrderDetailList 'COPKT23050076';
24/05/2023 14:22:31	SQL :EXEC GetCustomerOrderDetailList 'COPKT23050077';
24/05/2023 14:22:31	SQL :EXEC GetCustomerOrderDetailList 'COPKT23050078';
24/05/2023 14:22:31	SQL :EXEC GetCustomerOrderDetailList 'COPKT23050079';
24/05/2023 14:22:32	SQL :EXEC GetCustomerOrderDetailList 'COPKT23050080';
24/05/2023 14:22:32	SQL :EXEC GetCustomerOrderDetailList 'COPKT23050081';
24/05/2023 14:22:32	SQL :EXEC GetCustomerOrderDetailList 'COPKT23050082';
24/05/2023 14:22:32	SQL :EXEC GetCustomerOrderDetailList 'COPKT23050083';
24/05/2023 14:22:32	SQL :EXEC GetCustomerOrderDetailList 'COPKT23050084';
24/05/2023 14:22:32	SQL :EXEC GetCustomerOrderDetailList 'COPKT23050085';
24/05/2023 14:22:32	SQL :EXEC GetCustomerOrderDetailList 'COPKT23050086';
24/05/2023 14:22:33	SQL :EXEC GetCustomerOrderDetailList 'COPKT23050087';
24/05/2023 14:22:33	SQL :EXEC GetCustomerOrderDetailList 'COPKT23050089';
24/05/2023 14:22:33	SQL :EXEC GetCustomerOrderDetailList 'COPKT23050090';
24/05/2023 14:22:33	SQL :EXEC GetCustomerOrderDetailList 'COPKT23050091';
24/05/2023 14:22:33	SQL :EXEC GetCustomerOrderDetailList 'COPKT23050092';
24/05/2023 14:22:33	SQL :EXEC GetCustomerOrderDetailList 'COPKT23050093';
24/05/2023 14:22:34	SQL :EXEC GetCustomerOrderDetailList 'COPKT23050094';
24/05/2023 14:22:34	SQL :EXEC GetCustomerOrderDetailList 'COPKT23050095';
24/05/2023 14:22:34	SQL :EXEC GetCustomerOrderDetailList 'COPKT23050096';
24/05/2023 14:22:34	SQL :EXEC GetCustomerOrderDetailList 'COPKT23050097';
24/05/2023 14:22:34	SQL :EXEC GetCustomerOrderDetailList 'COPKT23050098';
24/05/2023 14:22:34	SQL :EXEC GetCustomerOrderDetailList 'COPKT23050099';
24/05/2023 14:22:34	SQL :EXEC GetCustomerOrderDetailList 'COPKT23050100';
24/05/2023 14:22:35	SQL :EXEC GetCustomerOrderDetailList 'COPKT23050101';
24/05/2023 14:22:35	SQL :EXEC GetCustomerOrderDetailList 'COPKT23050102';
24/05/2023 14:22:35	SQL :EXEC GetCustomerOrderDetailList 'COPKT23050103';
24/05/2023 14:22:35	SQL :EXEC GetCustomerOrderDetailList 'COPKT23050104';
24/05/2023 14:22:35	SQL :EXEC GetCustomerOrderDetailList 'COPKT23050105';
24/05/2023 14:22:35	SQL :EXEC GetCustomerOrderDetailList 'COPKT23050106';
24/05/2023 14:22:35	SQL :EXEC GetCustomerOrderDetailList 'COPKT23050107';
24/05/2023 14:22:36	SQL :EXEC GetCustomerOrderDetailList 'COPKT23050108';
24/05/2023 14:22:36	SQL :EXEC GetCustomerOrderDetailList 'COPKT23050109';
24/05/2023 14:22:36	SQL :EXEC GetCustomerOrderDetailList 'COPKT23050110';
24/05/2023 14:22:36	SQL :EXEC GetCustomerOrderDetailList 'COPKT23050111';
24/05/2023 14:22:36	SQL :EXEC GetCustomerOrderDetailList 'COPKT23050112';
24/05/2023 14:22:36	SQL :EXEC GetCustomerOrderDetailList 'COPKT23050113';
24/05/2023 14:22:37	SQL :EXEC GetCustomerOrderDetailList 'COPKT23050114';
24/05/2023 14:22:37	SQL :EXEC GetCustomerOrderDetailList 'COPKT23050115';
24/05/2023 14:22:37	SQL :EXEC GetCustomerOrderDetailList 'COPKT23050116';
24/05/2023 14:22:37	SQL :EXEC GetCustomerOrderDetailList 'COPKT23050117';
24/05/2023 14:22:37	SQL :EXEC GetCustomerOrderDetailList 'COPKT23050118';
24/05/2023 14:22:37	SQL :EXEC GetCustomerOrderDetailList 'COPKT23050119';
24/05/2023 14:22:37	SQL :EXEC GetCustomerOrderDetailList 'COPKT23050120';
24/05/2023 14:22:38	SQL :EXEC GetCustomerOrderDetailList 'COPKT23050122';
24/05/2023 14:22:38	SQL :EXEC GetCustomerOrderDetailList 'COPKT23050123';
24/05/2023 14:22:38	SQL :EXEC GetCustomerOrderDetailList 'COPKT23050124';
24/05/2023 14:22:38	SQL :EXEC GetCustomerOrderDetailList 'COPKT23050125';
24/05/2023 14:22:39	SQL :EXEC GetCustomerOrderDetailList 'COPKT23050126';
24/05/2023 14:22:39	SQL :EXEC GetCustomerOrderDetailList 'COPKT23050128';
24/05/2023 14:22:39	SQL :EXEC GetCustomerOrderDetailList 'COPKT23050129';
24/05/2023 14:22:39	SQL :EXEC GetCustomerOrderDetailList 'COPKT23050130';
24/05/2023 14:22:39	SQL :EXEC GetCustomerOrderDetailList 'COPKT23050131';
24/05/2023 14:22:39	SQL :EXEC GetCustomerOrderDetailList 'COPKT23050133';
24/05/2023 14:22:40	SQL :EXEC GetCustomerOrderDetailList 'COPKT23050134';
24/05/2023 14:22:40	SQL :EXEC GetCustomerOrderDetailList 'COPKT23050135';
24/05/2023 14:22:40	SQL :EXEC GetCustomerOrderDetailList 'COPKT23050136';
24/05/2023 14:22:40	SQL :EXEC GetCustomerOrderDetailList 'COPKT23050137';
24/05/2023 14:22:40	SQL :EXEC GetCustomerOrderDetailList 'COPKT23050138';
24/05/2023 14:22:40	SQL :EXEC GetCustomerOrderDetailList 'COPKT23050139';
24/05/2023 14:22:40	SQL :EXEC GetCustomerOrderDetailList 'COPKT23050140';
24/05/2023 14:22:41	SQL :EXEC GetCustomerOrderDetailList 'COPKT23050141';
24/05/2023 14:22:41	SQL :EXEC GetCustomerOrderDetailList 'COPKT23050142';
24/05/2023 14:22:41	SQL :EXEC GetCustomerOrderDetailList 'COPKT23050143';
24/05/2023 14:22:41	SQL :EXEC GetCustomerOrderDetailList 'COPKT23050144';
24/05/2023 14:22:41	SQL :EXEC GetCustomerOrderDetailList 'COPKT23050145';
24/05/2023 14:22:41	SQL :EXEC GetCustomerOrderDetailList 'COPKT23050146';
24/05/2023 14:22:41	SQL :EXEC GetCustomerOrderDetailList 'COPKT23050147';
24/05/2023 14:22:42	SQL :EXEC GetCustomerOrderDetailList 'COPKT23050148';
24/05/2023 14:22:42	SQL :EXEC GetCustomerOrderDetailList 'COPKT23050149';
24/05/2023 14:22:42	SQL :EXEC GetCustomerOrderDetailList 'COPKT23050150';
24/05/2023 14:22:42	SQL :EXEC GetCustomerOrderDetailList 'COPKT23050151';
24/05/2023 14:22:42	SQL :EXEC GetCustomerOrderDetailList 'COPKT23050152';
24/05/2023 14:22:42	SQL :EXEC GetCustomerOrderDetailList 'COPKT23050153';
24/05/2023 14:22:43	SQL :EXEC GetCustomerOrderDetailList 'COPKT23050154';
24/05/2023 14:22:43	SQL :EXEC GetCustomerOrderDetailList 'COPKT23050155';
24/05/2023 14:22:43	SQL :EXEC GetCustomerOrderDetailList 'COPKT23050156';
24/05/2023 14:22:43	SQL :EXEC GetCustomerOrderDetailList 'COPKT23050157';
24/05/2023 14:22:43	SQL :EXEC GetCustomerOrderDetailList 'COPKT23050158';
24/05/2023 14:22:43	SQL :EXEC GetCustomerOrderDetailList 'COPKT23050159';
24/05/2023 14:22:43	SQL :EXEC GetCustomerOrderDetailList 'COPKT23050160';
24/05/2023 14:22:44	SQL :EXEC GetCustomerOrderDetailList 'COPKT23050161';
24/05/2023 14:22:44	SQL :EXEC GetCustomerOrderDetailList 'COPKT23050162';
24/05/2023 14:22:44	SQL :EXEC GetCustomerOrderDetailList 'COPKT23050163';
24/05/2023 14:22:44	SQL :EXEC GetCustomerOrderDetailList 'COPKT23050165';
24/05/2023 14:22:44	SQL :EXEC GetCustomerOrderDetailList 'COPKT23050167';
24/05/2023 14:22:44	SQL :EXEC GetCustomerOrderDetailList 'COPKT23050168';
24/05/2023 14:22:44	SQL :EXEC GetCustomerOrderDetailList 'COPKT23050169';
24/05/2023 14:22:45	SQL :EXEC GetCustomerOrderDetailList 'COPKT23050170';
24/05/2023 14:22:45	SQL :EXEC GetCustomerOrderDetailList 'COPKT23050171';
24/05/2023 14:22:45	SQL :EXEC GetCustomerOrderDetailList 'COPKT23050172';
24/05/2023 14:22:45	SQL :EXEC GetCustomerOrderDetailList 'COPKT23050173';
24/05/2023 14:22:45	SQL :EXEC GetCustomerOrderDetailList 'COPKT23050174';
24/05/2023 14:22:45	SQL :EXEC GetCustomerOrderDetailList 'COPKT23050175';
24/05/2023 14:22:45	SQL :EXEC GetCustomerOrderDetailList 'COPKT23050176';
24/05/2023 14:22:46	SQL :EXEC GetCustomerOrderDetailList 'COPKT23050177';
24/05/2023 14:22:46	SQL :EXEC GetCustomerOrderDetailList 'COPKT23050178';
24/05/2023 14:22:46	SQL :EXEC GetCustomerOrderDetailList 'COPKT23050179';
24/05/2023 14:22:46	SQL :EXEC GetCustomerOrderDetailList 'COPKT23050180';
24/05/2023 14:22:46	SQL :EXEC GetCustomerOrderDetailList 'COPKT23050181';
24/05/2023 14:22:46	SQL :EXEC GetCustomerOrderDetailList 'COPKT23050182';
24/05/2023 14:22:47	SQL :EXEC GetCustomerOrderDetailList 'COPKT23050183';
24/05/2023 14:22:47	SQL :EXEC GetCustomerOrderDetailList 'COPKT23050184';
24/05/2023 14:22:47	SQL :EXEC GetCustomerOrderDetailList 'COPKT23050185';
24/05/2023 14:22:47	SQL :EXEC GetCustomerOrderDetailList 'COPKT23050186';
24/05/2023 14:22:47	SQL :EXEC GetCustomerOrderDetailList 'COPKT23050187';
24/05/2023 14:22:47	SQL :EXEC GetCustomerOrderDetailList 'COPKT23050188';
24/05/2023 14:22:48	SQL :EXEC GetCustomerOrderDetailList 'COPKT23050189';
24/05/2023 14:22:48	SQL :EXEC GetCustomerOrderDetailList 'COPKT23050190';
24/05/2023 14:22:48	SQL :EXEC GetCustomerOrderDetailList 'COPKT23050192';
24/05/2023 14:22:48	SQL :EXEC GetCustomerOrderDetailList 'COPKT23050194';
24/05/2023 14:22:49	SQL :EXEC GetCustomerOrderDetailList 'COPKT23050197';
24/05/2023 14:22:49	SQL :EXEC GetCustomerOrderDetailList 'COPKT23050198';
24/05/2023 14:22:49	SQL :EXEC GetCustomerOrderDetailList 'COPKT23050199';
24/05/2023 14:22:49	SQL :EXEC GetCustomerOrderDetailList 'COPKT23050200';
24/05/2023 14:22:49	SQL :EXEC GetCustomerOrderDetailList 'COPKT23050201';
24/05/2023 14:22:49	SQL :EXEC GetCustomerOrderDetailList 'COPKT23050202';
24/05/2023 14:22:49	SQL :EXEC GetCustomerOrderDetailList 'COPKT23050203';
24/05/2023 14:22:50	SQL :EXEC GetCustomerOrderDetailList 'COPKT23050205';
24/05/2023 14:22:50	SQL :EXEC GetCustomerOrderDetailList 'COPKT23050206';
24/05/2023 14:22:50	SQL :EXEC GetCustomerOrderDetailList 'COPKT23050207';
24/05/2023 14:22:50	SQL :EXEC GetCustomerOrderDetailList 'COPKT23050208';
24/05/2023 14:22:50	SQL :EXEC GetCustomerOrderDetailList 'COPKT23050209';
24/05/2023 14:22:50	SQL :EXEC GetCustomerOrderDetailList 'COPKT23050210';
24/05/2023 14:22:51	SQL :EXEC GetCustomerOrderDetailList 'COPKT23050211';
24/05/2023 14:22:51	SQL :EXEC GetCustomerOrderDetailList 'COPKT23050213';
24/05/2023 14:22:51	SQL :EXEC GetCustomerOrderDetailList 'COPKT23050214';
24/05/2023 14:22:51	SQL :EXEC GetCustomerOrderDetailList 'COPKT23050215';
24/05/2023 14:22:51	SQL :EXEC GetCustomerOrderDetailList 'COPKT23050217';
24/05/2023 14:22:51	SQL :EXEC GetCustomerOrderDetailList 'COPKT23050218';
24/05/2023 14:22:51	SQL :EXEC GetCustomerOrderDetailList 'COPKT23050219';
24/05/2023 14:22:52	SQL :EXEC GetCustomerOrderDetailList 'COPKT23050220';
24/05/2023 14:22:52	SQL :EXEC GetCustomerOrderDetailList 'COPKT23050221';
24/05/2023 14:22:52	SQL :EXEC GetCustomerOrderDetailList 'COPKT23050222';
24/05/2023 14:22:52	SQL :EXEC GetCustomerOrderDetailList 'COPKT23050223';
24/05/2023 14:22:52	SQL :EXEC GetCustomerOrderDetailList 'COPKT23050224';
24/05/2023 14:22:52	SQL :EXEC GetCustomerOrderDetailList 'COPKT23050225';
24/05/2023 14:22:53	SQL :EXEC GetCustomerOrderDetailList 'COPKT23050226';
24/05/2023 14:22:53	SQL :EXEC GetCustomerOrderDetailList 'COPKT23050227';
24/05/2023 14:22:53	SQL :EXEC GetCustomerOrderDetailList 'COPKT23050228';
24/05/2023 14:22:53	SQL :EXEC GetCustomerOrderDetailList 'COPKT23050229';
24/05/2023 14:22:53	SQL :EXEC GetCustomerOrderDetailList 'COPKT23050230';
24/05/2023 14:22:53	SQL :EXEC GetCustomerOrderDetailList 'COPKT23050231';
24/05/2023 14:22:54	SQL :EXEC GetCustomerOrderDetailList 'COPKT23050232';
24/05/2023 14:22:54	SQL :EXEC GetCustomerOrderDetailList 'COPKT23050233';
24/05/2023 14:22:54	SQL :EXEC GetCustomerOrderDetailList 'COPKT23050234';
24/05/2023 14:22:54	SQL :EXEC GetCustomerOrderDetailList 'COPKT23050235';
24/05/2023 14:22:54	SQL :EXEC GetCustomerOrderDetailList 'COPKT23050236';
24/05/2023 14:22:54	SQL :EXEC GetCustomerOrderDetailList 'COPKT23050237';
24/05/2023 14:22:55	SQL :EXEC GetCustomerOrderDetailList 'COPKT23050238';
24/05/2023 14:22:55	SQL :EXEC GetCustomerOrderDetailList 'COPKT23050239';
24/05/2023 14:22:55	SQL :EXEC GetCustomerOrderDetailList 'COPKT23050240';
24/05/2023 14:22:55	SQL :EXEC GetCustomerOrderDetailList 'COPKT23050241';
24/05/2023 14:22:55	SQL :EXEC GetCustomerOrderDetailList 'COPKT23050242';
24/05/2023 14:22:55	SQL :EXEC GetCustomerOrderDetailList 'COPKT23050243';
24/05/2023 14:22:55	SQL :EXEC GetCustomerOrderDetailList 'COPKT23050244';
24/05/2023 14:22:56	SQL :EXEC GetCustomerOrderDetailList 'COPKT23050245';
24/05/2023 14:22:56	SQL :EXEC GetCustomerOrderDetailList 'COPKT23050246';
24/05/2023 14:22:56	SQL :EXEC GetCustomerOrderDetailList 'COPKT23050247';
24/05/2023 14:22:56	SQL :EXEC GetCustomerOrderDetailList 'COPKT23050248';
24/05/2023 14:22:56	SQL :EXEC GetCustomerOrderDetailList 'COPKT23050250';
24/05/2023 14:22:56	SQL :EXEC GetCustomerOrderDetailList 'COPKT23050252';
24/05/2023 14:22:56	SQL :EXEC GetCustomerOrderDetailList 'COPKT23050253';
24/05/2023 14:22:57	SQL :EXEC GetCustomerOrderDetailList 'COPKT23050254';
24/05/2023 14:22:57	SQL :EXEC GetCustomerOrderDetailList 'COPKT23050255';
24/05/2023 14:22:57	SQL :EXEC GetCustomerOrderDetailList 'COPKT23050256';
24/05/2023 14:22:57	SQL :EXEC GetCustomerOrderDetailList 'COPKT23050257';
24/05/2023 14:22:57	SQL :EXEC GetCustomerOrderDetailList 'COPKT23050258';
24/05/2023 14:22:57	SQL :EXEC GetCustomerOrderDetailList 'COPKT23050261';
24/05/2023 14:22:57	SQL :EXEC GetCustomerOrderDetailList 'COPKT23050262';
24/05/2023 14:22:58	SQL :EXEC GetCustomerOrderDetailList 'COPKT23050263';
24/05/2023 14:22:58	SQL :EXEC GetCustomerOrderDetailList 'COPKT23050264';
24/05/2023 14:22:58	SQL :EXEC GetCustomerOrderDetailList 'COPKT23050265';
24/05/2023 14:22:58	SQL :EXEC GetCustomerOrderDetailList 'COPKT23050266';
24/05/2023 14:22:58	SQL :EXEC GetCustomerOrderDetailList 'COPKT23050267';
24/05/2023 14:22:58	SQL :EXEC GetCustomerOrderDetailList 'COPKT23050268';
24/05/2023 14:22:59	SQL :EXEC GetCustomerOrderDetailList 'COPKT23050269';
24/05/2023 14:22:59	SQL :EXEC GetCustomerOrderDetailList 'COPKT23050270';
24/05/2023 14:22:59	SQL :EXEC GetCustomerOrderDetailList 'COPKT23050271';
24/05/2023 14:22:59	SQL :EXEC GetCustomerOrderDetailList 'COPKT23050272';
24/05/2023 14:22:59	SQL :EXEC GetCustomerOrderDetailList 'COPKT23050273';
24/05/2023 14:23:00	SQL :EXEC GetCustomerOrderDetailList 'COPKT23050274';
24/05/2023 14:23:00	SQL :EXEC GetCustomerOrderDetailList 'COPKT23050275';
24/05/2023 14:23:01	SQL :EXEC GetCustomerOrderDetailList 'COPKT23050276';
24/05/2023 14:23:01	SQL :EXEC GetCustomerOrderDetailList 'COPKT23050277';
24/05/2023 14:23:01	SQL :EXEC GetCustomerOrderDetailList 'COPKT23050278';
24/05/2023 14:23:01	SQL :EXEC GetCustomerOrderDetailList 'COPKT23050279';
24/05/2023 14:23:01	SQL :EXEC GetCustomerOrderDetailList 'COPKT23050280';
24/05/2023 14:23:01	SQL :EXEC GetCustomerOrderDetailList 'COPKT23050281';
24/05/2023 14:23:01	SQL :EXEC GetCustomerOrderDetailList 'COPKT23050282';
24/05/2023 14:23:02	SQL :EXEC GetCustomerOrderDetailList 'COPKT23050283';
24/05/2023 14:23:02	SQL :EXEC GetCustomerOrderDetailList 'COPKT23050284';
24/05/2023 14:23:02	SQL :EXEC GetCustomerOrderDetailList 'COPKT23050285';
24/05/2023 14:23:02	SQL :EXEC GetCustomerOrderDetailList 'COPKT23050286';
24/05/2023 14:23:02	SQL :EXEC GetCustomerOrderDetailList 'COPKT23050287';
24/05/2023 14:23:02	SQL :EXEC GetCustomerOrderDetailList 'COPKT23050288';
24/05/2023 14:23:02	SQL :EXEC GetCustomerOrderDetailList 'COPKT23050289';
24/05/2023 14:23:03	SQL :EXEC GetCustomerOrderDetailList 'COPKT23050290';
24/05/2023 14:23:03	SQL :EXEC GetCustomerOrderDetailList 'COPKT23050291';
24/05/2023 14:23:03	SQL :EXEC GetCustomerOrderDetailList 'COPKT23050292';
24/05/2023 14:23:03	SQL :EXEC GetCustomerOrderDetailList 'COPKT23050293';
24/05/2023 14:23:04	SQL :EXEC GetCustomerOrderDetailList 'COPKT23050294';
24/05/2023 14:23:04	SQL :EXEC GetCustomerOrderDetailList 'COPKT23050295';
24/05/2023 14:23:04	SQL :EXEC GetCustomerOrderDetailList 'COPKT23050296';
24/05/2023 14:23:04	SQL :EXEC GetCustomerOrderDetailList 'COPKT23050297';
24/05/2023 14:23:04	SQL :EXEC GetCustomerOrderDetailList 'COPKT23050298';
24/05/2023 14:23:04	SQL :EXEC GetCustomerOrderDetailList 'COPKT23050299';
24/05/2023 14:23:04	SQL :EXEC GetCustomerOrderDetailList 'COPKT23050300';
24/05/2023 14:23:04	SQL :EXEC GetCustomerOrderDetailList 'COPKT23050301';
24/05/2023 14:23:05	SQL :EXEC GetCustomerOrderDetailList 'COPKT23050302';
24/05/2023 14:23:05	SQL :EXEC GetCustomerOrderDetailList 'COPKT23050303';
24/05/2023 14:23:05	SQL :EXEC GetCustomerOrderDetailList 'COPKT23050304';
24/05/2023 14:23:05	SQL :EXEC GetCustomerOrderDetailList 'COPKT23050305';
24/05/2023 14:23:05	SQL :EXEC GetCustomerOrderDetailList 'COPKT23050306';
24/05/2023 14:23:05	SQL :EXEC GetCustomerOrderDetailList 'COPKT23050307';
24/05/2023 14:23:05	SQL :EXEC GetCustomerOrderDetailList 'COPKT23050308';
24/05/2023 14:23:06	SQL :EXEC GetCustomerOrderDetailList 'COPKT23050309';
24/05/2023 14:23:06	SQL :EXEC GetCustomerOrderDetailList 'COPKT23050310';
24/05/2023 14:23:06	SQL :EXEC GetCustomerOrderDetailList 'COPKT23050311';
24/05/2023 14:23:06	SQL :EXEC GetCustomerOrderDetailList 'COPKT23050312';
24/05/2023 14:23:06	SQL :EXEC GetCustomerOrderDetailList 'COPKT23050313';
24/05/2023 14:23:06	SQL :EXEC GetCustomerOrderDetailList 'COPKT23050314';
24/05/2023 14:23:06	SQL :EXEC GetCustomerOrderDetailList 'COPKT23050315';
24/05/2023 14:23:07	SQL :EXEC GetCustomerOrderDetailList 'COPKT23050316';
24/05/2023 14:23:07	SQL :EXEC GetCustomerOrderDetailList 'COPKT23050317';
24/05/2023 14:23:07	SQL :EXEC GetCustomerOrderDetailList 'COPKT23050318';
24/05/2023 14:24:04	Open Menu :190611
24/05/2023 14:24:04	Open DB Connection
24/05/2023 14:24:04	SQL :EXEC AuthMenu 'nanang.andriani',190611;
24/05/2023 14:24:04	Form Check :MonthlySalesRDRpt
24/05/2023 14:24:04	Form Open: MonthlySalesRDRpt=Bus,,,12,0,0,2
24/05/2023 14:24:04	Open DB Connection
24/05/2023 14:24:04	SQL :EXEC GetCustomerSegment;
24/05/2023 14:24:05	SQL :SELECT dbo.GetUsername(username) AS sales FROM wh_user a LEFT JOIN wh_user_detail b ON b.user_id=a.username WHERE b.department_id=14 ;
24/05/2023 14:24:08	Open DB Connection
24/05/2023 14:24:08	SQL :EXEC GetCustomerOrderList_P 9,@OutDates='2023/05/01',@OutDatesTo='2023/05/31',@OutDatesBefore='2022/05/01',@OutDatesToBefore='2022/05/31',@LocationId=14,@isSummary=2 ;
24/05/2023 14:24:29	SQL :EXEC GetValueProjection 9,@LocationId=14,@Periode=2023,@Month=5
24/05/2023 14:28:52	Message:Port Check
24/05/2023 14:28:52	Message:Open DB Connection
24/05/2023 14:28:52	SQL :EXEC GetMessage '01','nanang.andriani';
24/05/2023 14:28:53	SQL :SELECT CONVERT(VARCHAR(8),GETDATE(),108) AS hour_minute;
24/05/2023 14:28:53	SQL :SELECT CONVERT(VARCHAR(10),GETDATE(),103) AS date_time;
24/05/2023 14:38:59	Message:Port Check
24/05/2023 14:38:59	Message:Open DB Connection
24/05/2023 14:38:59	SQL :EXEC GetMessage '01','nanang.andriani';
24/05/2023 14:38:59	SQL :SELECT CONVERT(VARCHAR(8),GETDATE(),108) AS hour_minute;
24/05/2023 14:38:59	SQL :SELECT CONVERT(VARCHAR(10),GETDATE(),103) AS date_time;
24/05/2023 14:49:05	Message:Port Check
24/05/2023 14:49:05	Message:Open DB Connection
24/05/2023 14:49:05	SQL :EXEC GetMessage '01','nanang.andriani';
24/05/2023 14:49:05	SQL :SELECT CONVERT(VARCHAR(8),GETDATE(),108) AS hour_minute;
24/05/2023 14:49:05	SQL :SELECT CONVERT(VARCHAR(10),GETDATE(),103) AS date_time;
24/05/2023 14:53:54	Open Menu :190401
24/05/2023 14:53:54	Open DB Connection
24/05/2023 14:53:54	SQL :EXEC AuthMenu 'nanang.andriani',190401;
24/05/2023 14:53:54	Form Check :RevenueVhcDayBusRpt
24/05/2023 14:53:54	Open DB Connection
24/05/2023 14:53:54	SQL :EXEC GetCompanyLocationList
24/05/2023 14:53:54	SQL :EXEC GetGroup 9
24/05/2023 14:54:19	Open Menu :190605
24/05/2023 14:54:19	Open DB Connection
24/05/2023 14:54:19	SQL :EXEC AuthMenu 'nanang.andriani',190605;
24/05/2023 14:54:20	Form Check :MonthlySalesRDRpt
24/05/2023 14:54:20	Form Open: MonthlySalesRDRpt=Bus,,,12,0,0,0
24/05/2023 14:54:20	Open DB Connection
24/05/2023 14:54:20	SQL :EXEC GetCustomerSegment;
24/05/2023 14:54:20	SQL :SELECT dbo.GetUsername(username) AS sales FROM wh_user a LEFT JOIN wh_user_detail b ON b.user_id=a.username WHERE b.department_id=14 ;
24/05/2023 14:54:50	SQL :EXEC GetRevenueVhcDayRpt2 14,'01-05-2023','0',@CompanyId=9,@ToDates='24-05-2023',@Ordered='from_dates,vhc_trans_id;', @isAll=0;
24/05/2023 14:55:02	Open DB Connection
24/05/2023 14:55:02	SQL :SELECT value FROM wh_dashboard WHERE (name='total_bbm_01')AND(company_id=9)AND(location_id=14)AND(month=05)AND(year=2023);
24/05/2023 14:55:02	SQL :INSERT INTO wh_dashboard (name,company_id,location_id,month,year,value,update_user)VALUES ('total_bbm01',9,14,05,2023,'86715000','nanang.andriani')
24/05/2023 14:56:18	Open DB Connection
24/05/2023 14:56:18	SQL :EXEC GetCustomerOrderList_P 9,@OutDates='2023/05/01',@OutDatesTo='2023/05/31',@LocationId=14,@isSummary=0 ;
24/05/2023 14:56:42	Open DB Connection
24/05/2023 14:56:42	SQL :SELECT value FROM wh_dashboard WHERE (name='total_sales')AND(company_id=9)AND(location_id=14)AND(month=5)AND(year=2023);
24/05/2023 14:56:42	SQL :UPDATE wh_dashboard SET value='529581500',update_time=GETDATE(),update_user='nanang.andriani' WHERE (name='total_sales')AND(company_id=9)AND(location_id=14)AND(month=5) AND (year=2023);
24/05/2023 14:59:39	Message:Port Check
24/05/2023 14:59:39	Message:Open DB Connection
24/05/2023 14:59:39	SQL :EXEC GetMessage '01','nanang.andriani';
24/05/2023 14:59:39	SQL :SELECT CONVERT(VARCHAR(8),GETDATE(),108) AS hour_minute;
24/05/2023 14:59:39	SQL :SELECT CONVERT(VARCHAR(10),GETDATE(),103) AS date_time;
24/05/2023 15:03:29	Open DB Connection
24/05/2023 15:03:29	SQL :EXEC GetCustomerOrderList_P 9,@OutDates='2023/03/01',@OutDatesTo='2023/03/31',@LocationId=14,@isSummary=0 ;
24/05/2023 15:03:50	Open DB Connection
24/05/2023 15:03:50	SQL :SELECT value FROM wh_dashboard WHERE (name='total_sales')AND(company_id=9)AND(location_id=14)AND(month=3)AND(year=2023);
24/05/2023 15:03:50	SQL :UPDATE wh_dashboard SET value='300951500',update_time=GETDATE(),update_user='nanang.andriani' WHERE (name='total_sales')AND(company_id=9)AND(location_id=14)AND(month=3) AND (year=2023);
24/05/2023 15:03:50	SQL :EXEC GetRevenueVhcDayRpt2 14,'01-03-2023','0',@CompanyId=9,@ToDates='31-03-2023',@Ordered='from_dates,vhc_trans_id;', @isAll=0;
24/05/2023 15:04:03	Open DB Connection
24/05/2023 15:04:03	SQL :SELECT value FROM wh_dashboard WHERE (name='total_bbm_01')AND(company_id=9)AND(location_id=14)AND(month=03)AND(year=2023);
24/05/2023 15:04:03	SQL :INSERT INTO wh_dashboard (name,company_id,location_id,month,year,value,update_user)VALUES ('total_bbm01',9,14,03,2023,'52825000','nanang.andriani')
24/05/2023 15:10:08	Message:Port Check
24/05/2023 15:10:11	Message:Open DB Connection
24/05/2023 15:10:11	SQL :EXEC GetMessage '01','nanang.andriani';
24/05/2023 15:10:11	SQL :SELECT CONVERT(VARCHAR(8),GETDATE(),108) AS hour_minute;
24/05/2023 15:10:11	SQL :SELECT CONVERT(VARCHAR(10),GETDATE(),103) AS date_time;
24/05/2023 15:20:17	Message:Port Check
24/05/2023 15:20:17	Message:Open DB Connection
24/05/2023 15:20:17	SQL :EXEC GetMessage '01','nanang.andriani';
24/05/2023 15:20:18	SQL :SELECT CONVERT(VARCHAR(8),GETDATE(),108) AS hour_minute;
24/05/2023 15:20:18	SQL :SELECT CONVERT(VARCHAR(10),GETDATE(),103) AS date_time;
24/05/2023 15:30:24	Message:Port Check
24/05/2023 15:30:24	Message:Open DB Connection
24/05/2023 15:30:24	SQL :EXEC GetMessage '01','nanang.andriani';
24/05/2023 15:30:24	SQL :SELECT CONVERT(VARCHAR(8),GETDATE(),108) AS hour_minute;
24/05/2023 15:30:24	SQL :SELECT CONVERT(VARCHAR(10),GETDATE(),103) AS date_time;
24/05/2023 15:40:30	Message:Port Check
24/05/2023 15:40:30	Message:Open DB Connection
24/05/2023 15:40:30	SQL :EXEC GetMessage '01','nanang.andriani';
24/05/2023 15:40:31	SQL :SELECT CONVERT(VARCHAR(8),GETDATE(),108) AS hour_minute;
24/05/2023 15:40:31	SQL :SELECT CONVERT(VARCHAR(10),GETDATE(),103) AS date_time;
24/05/2023 15:50:37	Message:Port Check
24/05/2023 15:50:37	Message:Open DB Connection
24/05/2023 15:50:37	SQL :EXEC GetMessage '01','nanang.andriani';
24/05/2023 15:50:37	SQL :SELECT CONVERT(VARCHAR(8),GETDATE(),108) AS hour_minute;
24/05/2023 15:50:37	SQL :SELECT CONVERT(VARCHAR(10),GETDATE(),103) AS date_time;
24/05/2023 16:00:44	Message:Port Check
24/05/2023 16:00:44	Message:Open DB Connection
24/05/2023 16:00:44	SQL :EXEC GetMessage '01','nanang.andriani';
24/05/2023 16:00:44	SQL :SELECT CONVERT(VARCHAR(8),GETDATE(),108) AS hour_minute;
24/05/2023 16:00:44	SQL :SELECT CONVERT(VARCHAR(10),GETDATE(),103) AS date_time;
24/05/2023 16:03:05	Form Check :ChatClient
24/05/2023 16:03:05	Form Check :AuthorizedForm
24/05/2023 16:03:05	Form Check :RePrintForm
24/05/2023 16:03:05	Form Check :EmployeeSearch
24/05/2023 16:03:05	Form Check :TimeInputForm
24/05/2023 16:03:05	Log Out
24/05/2023 16:03:06	Create DB Object
24/05/2023 16:03:06	Init DB
24/05/2023 16:03:06	Finish Init DB
24/05/2023 16:03:12	Update new version check
24/05/2023 16:03:12	Open DB Connection
24/05/2023 16:03:12	SQL :
24/05/2023 16:03:12	Update check version
24/05/2023 16:03:12	Open DB Connection
24/05/2023 16:03:12	SQL :SELECT version FROM wh_application WHERE application_id=(SELECT MAX(application_id) FROM wh_application);
24/05/2023 16:03:12	Start Login
24/05/2023 16:03:12	Open DB Connection
24/05/2023 16:03:12	SQL :EXEC AuthenticateUser 'nanang.andriani','3b5929d0c23006c99522f38746d85dd4';
24/05/2023 16:03:12	SQL :INSERT INTO wh_log (user_id,app_date,app_version,app_version_svr,location_id,company_id,department_id,host_name,ip_address)  VALUES ('nanang.andriani','24/05/2023','6.1.5.22','6.1.5.20',14,9,13,'DESKTOP-88BM05S','192.168.25.214');
24/05/2023 16:03:12	Open DB Connection
24/05/2023 16:03:12	SQL :EXEC GetUserMenu 'nanang.andriani';
24/05/2023 16:03:13	SQL :EXEC GetUserSubMenu 'nanang.andriani','11';
24/05/2023 16:03:13	SQL :EXEC GetUserTreeMenu 'nanang.andriani','1101',@CompanyId=9;
24/05/2023 16:03:13	SQL :EXEC GetUserTreeMenu 'nanang.andriani','1102',@CompanyId=9;
24/05/2023 16:03:13	SQL :EXEC GetUserTreeMenu 'nanang.andriani','1103',@CompanyId=9;
24/05/2023 16:03:13	SQL :EXEC GetUserTreeMenu 'nanang.andriani','1104',@CompanyId=9;
24/05/2023 16:03:13	SQL :EXEC GetUserTreeMenu 'nanang.andriani','1105',@CompanyId=9;
24/05/2023 16:03:13	SQL :EXEC GetUserTreeMenu 'nanang.andriani','1106',@CompanyId=9;
24/05/2023 16:03:13	SQL :EXEC GetUserTreeMenu 'nanang.andriani','1107',@CompanyId=9;
24/05/2023 16:03:13	SQL :EXEC GetUserTreeMenu 'nanang.andriani','1108',@CompanyId=9;
24/05/2023 16:03:13	SQL :EXEC GetUserTreeMenu 'nanang.andriani','1109',@CompanyId=9;
24/05/2023 16:03:13	SQL :EXEC GetUserTreeMenu 'nanang.andriani','1110',@CompanyId=9;
24/05/2023 16:03:13	SQL :EXEC GetUserTreeMenu 'nanang.andriani','1111',@CompanyId=9;
24/05/2023 16:03:13	SQL :EXEC GetUserTreeMenu 'nanang.andriani','1112',@CompanyId=9;
24/05/2023 16:03:13	SQL :EXEC GetUserTreeMenu 'nanang.andriani','1113',@CompanyId=9;
24/05/2023 16:03:13	SQL :EXEC GetUserTreeMenu 'nanang.andriani','1114',@CompanyId=9;
24/05/2023 16:03:13	SQL :EXEC GetUserTreeMenu 'nanang.andriani','1115',@CompanyId=9;
24/05/2023 16:03:14	SQL :EXEC GetUserTreeMenu 'nanang.andriani','1116',@CompanyId=9;
24/05/2023 16:03:14	SQL :EXEC GetUserTreeMenu 'nanang.andriani','1117',@CompanyId=9;
24/05/2023 16:03:14	SQL :EXEC GetUserTreeMenu 'nanang.andriani','1198',@CompanyId=9;
24/05/2023 16:03:14	SQL :EXEC GetUserTreeMenu 'nanang.andriani','1199',@CompanyId=9;
24/05/2023 16:03:14	SQL :EXEC GetUserSubMenu 'nanang.andriani','12';
24/05/2023 16:03:14	SQL :EXEC GetUserTreeMenu 'nanang.andriani','1201',@CompanyId=9;
24/05/2023 16:03:14	SQL :EXEC GetUserTreeMenu 'nanang.andriani','1202',@CompanyId=9;
24/05/2023 16:03:14	SQL :EXEC GetUserTreeMenu 'nanang.andriani','1203',@CompanyId=9;
24/05/2023 16:03:14	SQL :EXEC GetUserTreeMenu 'nanang.andriani','1204',@CompanyId=9;
24/05/2023 16:03:14	SQL :EXEC GetUserTreeMenu 'nanang.andriani','1205',@CompanyId=9;
24/05/2023 16:03:14	SQL :EXEC GetUserTreeMenu 'nanang.andriani','1206',@CompanyId=9;
24/05/2023 16:03:14	SQL :EXEC GetUserTreeMenu 'nanang.andriani','1207',@CompanyId=9;
24/05/2023 16:03:14	SQL :EXEC GetUserSubMenu 'nanang.andriani','13';
24/05/2023 16:03:14	SQL :EXEC GetUserTreeMenu 'nanang.andriani','1301',@CompanyId=9;
24/05/2023 16:03:14	SQL :EXEC GetUserTreeMenu 'nanang.andriani','1302',@CompanyId=9;
24/05/2023 16:03:14	SQL :EXEC GetUserTreeMenu 'nanang.andriani','1303',@CompanyId=9;
24/05/2023 16:03:14	SQL :EXEC GetUserTreeMenu 'nanang.andriani','1304',@CompanyId=9;
24/05/2023 16:03:14	SQL :EXEC GetUserTreeMenu 'nanang.andriani','1305',@CompanyId=9;
24/05/2023 16:03:14	SQL :EXEC GetUserTreeMenu 'nanang.andriani','1306',@CompanyId=9;
24/05/2023 16:03:14	SQL :EXEC GetUserTreeMenu 'nanang.andriani','1307',@CompanyId=9;
24/05/2023 16:03:14	SQL :EXEC GetUserTreeMenu 'nanang.andriani','1308',@CompanyId=9;
24/05/2023 16:03:14	SQL :EXEC GetUserTreeMenu 'nanang.andriani','1309',@CompanyId=9;
24/05/2023 16:03:15	SQL :EXEC GetUserTreeMenu 'nanang.andriani','1310',@CompanyId=9;
24/05/2023 16:03:15	SQL :EXEC GetUserTreeMenu 'nanang.andriani','1311',@CompanyId=9;
24/05/2023 16:03:15	SQL :EXEC GetUserTreeMenu 'nanang.andriani','1312',@CompanyId=9;
24/05/2023 16:03:15	SQL :EXEC GetUserTreeMenu 'nanang.andriani','1313',@CompanyId=9;
24/05/2023 16:03:15	SQL :EXEC GetUserTreeMenu 'nanang.andriani','1314',@CompanyId=9;
24/05/2023 16:03:15	SQL :EXEC GetUserTreeMenu 'nanang.andriani','1315',@CompanyId=9;
24/05/2023 16:03:15	SQL :EXEC GetUserTreeMenu 'nanang.andriani','1316',@CompanyId=9;
24/05/2023 16:03:15	SQL :EXEC GetUserTreeMenu 'nanang.andriani','1317',@CompanyId=9;
24/05/2023 16:03:15	SQL :EXEC GetUserTreeMenu 'nanang.andriani','1318',@CompanyId=9;
24/05/2023 16:03:15	SQL :EXEC GetUserTreeMenu 'nanang.andriani','1319',@CompanyId=9;
24/05/2023 16:03:15	SQL :EXEC GetUserTreeMenu 'nanang.andriani','1320',@CompanyId=9;
24/05/2023 16:03:15	SQL :EXEC GetUserTreeMenu 'nanang.andriani','1321',@CompanyId=9;
24/05/2023 16:03:15	SQL :EXEC GetUserTreeMenu 'nanang.andriani','1322',@CompanyId=9;
24/05/2023 16:03:15	SQL :EXEC GetUserSubMenu 'nanang.andriani','14';
24/05/2023 16:03:15	SQL :EXEC GetUserTreeMenu 'nanang.andriani','1401',@CompanyId=9;
24/05/2023 16:03:15	SQL :EXEC GetUserTreeMenu 'nanang.andriani','1402',@CompanyId=9;
24/05/2023 16:03:16	SQL :EXEC GetUserTreeMenu 'nanang.andriani','1403',@CompanyId=9;
24/05/2023 16:03:16	SQL :EXEC GetUserTreeMenu 'nanang.andriani','1404',@CompanyId=9;
24/05/2023 16:03:16	SQL :EXEC GetUserTreeMenu 'nanang.andriani','1406',@CompanyId=9;
24/05/2023 16:03:16	SQL :EXEC GetUserTreeMenu 'nanang.andriani','1408',@CompanyId=9;
24/05/2023 16:03:16	SQL :EXEC GetUserTreeMenu 'nanang.andriani','1410',@CompanyId=9;
24/05/2023 16:03:16	SQL :EXEC GetUserTreeMenu 'nanang.andriani','1411',@CompanyId=9;
24/05/2023 16:03:16	SQL :EXEC GetUserTreeMenu 'nanang.andriani','1412',@CompanyId=9;
24/05/2023 16:03:16	SQL :EXEC GetUserTreeMenu 'nanang.andriani','1413',@CompanyId=9;
24/05/2023 16:03:16	SQL :EXEC GetUserTreeMenu 'nanang.andriani','1414',@CompanyId=9;
24/05/2023 16:03:16	SQL :EXEC GetUserSubMenu 'nanang.andriani','15';
24/05/2023 16:03:16	SQL :EXEC GetUserTreeMenu 'nanang.andriani','1501',@CompanyId=9;
24/05/2023 16:03:16	SQL :EXEC GetUserTreeMenu 'nanang.andriani','1502',@CompanyId=9;
24/05/2023 16:03:16	SQL :EXEC GetUserTreeMenu 'nanang.andriani','1503',@CompanyId=9;
24/05/2023 16:03:16	SQL :EXEC GetUserTreeMenu 'nanang.andriani','1504',@CompanyId=9;
24/05/2023 16:03:16	SQL :EXEC GetUserTreeMenu 'nanang.andriani','1505',@CompanyId=9;
24/05/2023 16:03:16	SQL :EXEC GetUserTreeMenu 'nanang.andriani','1506',@CompanyId=9;
24/05/2023 16:03:16	SQL :EXEC GetUserTreeMenu 'nanang.andriani','1507',@CompanyId=9;
24/05/2023 16:03:16	SQL :EXEC GetUserTreeMenu 'nanang.andriani','1508',@CompanyId=9;
24/05/2023 16:03:16	SQL :EXEC GetUserTreeMenu 'nanang.andriani','1509',@CompanyId=9;
24/05/2023 16:03:16	SQL :EXEC GetUserTreeMenu 'nanang.andriani','1510',@CompanyId=9;
24/05/2023 16:03:16	SQL :EXEC GetUserTreeMenu 'nanang.andriani','1511',@CompanyId=9;
24/05/2023 16:03:16	SQL :EXEC GetUserSubMenu 'nanang.andriani','16';
24/05/2023 16:03:16	SQL :EXEC GetUserTreeMenu 'nanang.andriani','1601',@CompanyId=9;
24/05/2023 16:03:17	SQL :EXEC GetUserTreeMenu 'nanang.andriani','1602',@CompanyId=9;
24/05/2023 16:03:17	SQL :EXEC GetUserTreeMenu 'nanang.andriani','1603',@CompanyId=9;
24/05/2023 16:03:17	SQL :EXEC GetUserTreeMenu 'nanang.andriani','1604',@CompanyId=9;
24/05/2023 16:03:17	SQL :EXEC GetUserTreeMenu 'nanang.andriani','1605',@CompanyId=9;
24/05/2023 16:03:17	SQL :EXEC GetUserTreeMenu 'nanang.andriani','1606',@CompanyId=9;
24/05/2023 16:03:17	SQL :EXEC GetUserTreeMenu 'nanang.andriani','1607',@CompanyId=9;
24/05/2023 16:03:17	SQL :EXEC GetUserTreeMenu 'nanang.andriani','1608',@CompanyId=9;
24/05/2023 16:03:17	SQL :EXEC GetUserTreeMenu 'nanang.andriani','1609',@CompanyId=9;
24/05/2023 16:03:17	SQL :EXEC GetUserTreeMenu 'nanang.andriani','1610',@CompanyId=9;
24/05/2023 16:03:17	SQL :EXEC GetUserTreeMenu 'nanang.andriani','1611',@CompanyId=9;
24/05/2023 16:03:17	SQL :EXEC GetUserTreeMenu 'nanang.andriani','1612',@CompanyId=9;
24/05/2023 16:03:17	SQL :EXEC GetUserTreeMenu 'nanang.andriani','1613',@CompanyId=9;
24/05/2023 16:03:17	SQL :EXEC GetUserTreeMenu 'nanang.andriani','1614',@CompanyId=9;
24/05/2023 16:03:17	SQL :EXEC GetUserTreeMenu 'nanang.andriani','1615',@CompanyId=9;
24/05/2023 16:03:17	SQL :EXEC GetUserTreeMenu 'nanang.andriani','1616',@CompanyId=9;
24/05/2023 16:03:17	SQL :EXEC GetUserTreeMenu 'nanang.andriani','1619',@CompanyId=9;
24/05/2023 16:03:17	SQL :EXEC GetUserTreeMenu 'nanang.andriani','1620',@CompanyId=9;
24/05/2023 16:03:17	SQL :EXEC GetUserSubMenu 'nanang.andriani','17';
24/05/2023 16:03:17	SQL :EXEC GetUserTreeMenu 'nanang.andriani','1701',@CompanyId=9;
24/05/2023 16:03:17	SQL :EXEC GetUserTreeMenu 'nanang.andriani','1702',@CompanyId=9;
24/05/2023 16:03:17	SQL :EXEC GetUserTreeMenu 'nanang.andriani','1703',@CompanyId=9;
24/05/2023 16:03:17	SQL :EXEC GetUserTreeMenu 'nanang.andriani','1704',@CompanyId=9;
24/05/2023 16:03:18	SQL :EXEC GetUserTreeMenu 'nanang.andriani','1705',@CompanyId=9;
24/05/2023 16:03:18	SQL :EXEC GetUserTreeMenu 'nanang.andriani','1706',@CompanyId=9;
24/05/2023 16:03:18	SQL :EXEC GetUserTreeMenu 'nanang.andriani','1707',@CompanyId=9;
24/05/2023 16:03:18	SQL :EXEC GetUserTreeMenu 'nanang.andriani','1708',@CompanyId=9;
24/05/2023 16:03:18	SQL :EXEC GetUserTreeMenu 'nanang.andriani','1709',@CompanyId=9;
24/05/2023 16:03:18	SQL :EXEC GetUserTreeMenu 'nanang.andriani','1710',@CompanyId=9;
24/05/2023 16:03:18	SQL :EXEC GetUserTreeMenu 'nanang.andriani','1711',@CompanyId=9;
24/05/2023 16:03:18	SQL :EXEC GetUserTreeMenu 'nanang.andriani','1712',@CompanyId=9;
24/05/2023 16:03:18	SQL :EXEC GetUserTreeMenu 'nanang.andriani','1713',@CompanyId=9;
24/05/2023 16:03:18	SQL :EXEC GetUserTreeMenu 'nanang.andriani','1714',@CompanyId=9;
24/05/2023 16:03:18	SQL :EXEC GetUserTreeMenu 'nanang.andriani','1715',@CompanyId=9;
24/05/2023 16:03:18	SQL :EXEC GetUserTreeMenu 'nanang.andriani','1716',@CompanyId=9;
24/05/2023 16:03:18	SQL :EXEC GetUserTreeMenu 'nanang.andriani','1717',@CompanyId=9;
24/05/2023 16:03:18	SQL :EXEC GetUserSubMenu 'nanang.andriani','18';
24/05/2023 16:03:18	SQL :EXEC GetUserTreeMenu 'nanang.andriani','1801',@CompanyId=9;
24/05/2023 16:03:18	SQL :EXEC GetUserSubMenu 'nanang.andriani','19';
24/05/2023 16:03:18	SQL :EXEC GetUserTreeMenu 'nanang.andriani','1901',@CompanyId=9;
24/05/2023 16:03:18	SQL :EXEC GetUserTreeMenu 'nanang.andriani','1902',@CompanyId=9;
24/05/2023 16:03:18	SQL :EXEC GetUserTreeMenu 'nanang.andriani','1903',@CompanyId=9;
24/05/2023 16:03:19	SQL :EXEC GetUserTreeMenu 'nanang.andriani','1904',@CompanyId=9;
24/05/2023 16:03:19	SQL :EXEC GetUserTreeMenu 'nanang.andriani','1905',@CompanyId=9;
24/05/2023 16:03:19	SQL :EXEC GetUserTreeMenu 'nanang.andriani','1906',@CompanyId=9;
24/05/2023 16:03:19	SQL :EXEC GetUserTreeMenu 'nanang.andriani','1907',@CompanyId=9;
24/05/2023 16:03:19	SQL :EXEC GetUserTreeMenu 'nanang.andriani','1908',@CompanyId=9;
24/05/2023 16:03:19	SQL :EXEC GetUserTreeMenu 'nanang.andriani','1909',@CompanyId=9;
24/05/2023 16:03:19	SQL :EXEC GetUserTreeMenu 'nanang.andriani','1910',@CompanyId=9;
24/05/2023 16:03:19	SQL :EXEC GetUserTreeMenu 'nanang.andriani','1911',@CompanyId=9;
24/05/2023 16:03:19	SQL :EXEC GetUserTreeMenu 'nanang.andriani','1912',@CompanyId=9;
24/05/2023 16:03:19	SQL :SELECT CONVERT(VARCHAR(8),GETDATE(),108) AS hour_minute;
24/05/2023 16:03:19	SQL :SELECT CONVERT(VARCHAR(10),GETDATE(),103) AS date_time;
24/05/2023 16:03:19	Loading Setting
24/05/2023 16:03:19	Open DB Connection
24/05/2023 16:03:19	SQL :SELECT * FROM wh_setting WHERE setting_name='Hold_Less_Deposit';
24/05/2023 16:03:19	SQL :SELECT * FROM wh_setting WHERE setting_name='Max_Less_Deposit';
24/05/2023 16:03:20	SQL :SELECT * FROM wh_setting WHERE setting_name='Dashboard_9';
24/05/2023 16:03:20	Finish Logging
24/05/2023 16:03:20	SQL :SELECT value_string FROM wh_setting WHERE (setting_name='Interval_CheckInDate') AND (active=1);
24/05/2023 16:03:20	SQL :SELECT value_string FROM wh_setting WHERE (setting_name='Interval_CheckInTime') AND (active=1);
24/05/2023 16:03:20	SQL :SELECT value_string FROM wh_setting WHERE (setting_name='ChatEnable') and (active=1);
24/05/2023 16:03:20	Message:Port Check
24/05/2023 16:03:21	Message:Open DB Connection
24/05/2023 16:03:21	SQL :EXEC GetMessage '01','nanang.andriani';
24/05/2023 16:03:21	SQL :SELECT CONVERT(VARCHAR(8),GETDATE(),108) AS hour_minute;
24/05/2023 16:03:21	SQL :SELECT CONVERT(VARCHAR(10),GETDATE(),103) AS date_time;
24/05/2023 16:03:34	Open Menu :190401
24/05/2023 16:03:34	Open DB Connection
24/05/2023 16:03:34	SQL :EXEC AuthMenu 'nanang.andriani',190401;
24/05/2023 16:03:34	Form Check :RevenueVhcDayBusRpt
24/05/2023 16:03:34	Open DB Connection
24/05/2023 16:03:34	SQL :EXEC GetCompanyLocationList
24/05/2023 16:03:34	SQL :EXEC GetGroup 9
24/05/2023 16:03:42	SQL :EXEC GetRevenueVhcDayRpt2 14,'01-03-2023','0',@CompanyId=9,@ToDates='31-03-2023',@Ordered='from_dates,vhc_trans_id;', @isAll=0;
24/05/2023 16:03:55	Open DB Connection
24/05/2023 16:03:55	SQL :SELECT value FROM wh_dashboard WHERE (name='total_bbm_01')AND(company_id=9)AND(location_id=14)AND(month=03)AND(year=2023);
24/05/2023 16:03:55	SQL :INSERT INTO wh_dashboard (name,company_id,location_id,month,year,value,update_user)VALUES ('total_bbm01',9,14,03,2023,'52825000','nanang.andriani')
24/05/2023 16:04:22	Open Menu :190605
24/05/2023 16:04:22	Open DB Connection
24/05/2023 16:04:22	SQL :EXEC AuthMenu 'nanang.andriani',190605;
24/05/2023 16:04:22	Form Check :MonthlySalesRDRpt
24/05/2023 16:04:22	Form Open: MonthlySalesRDRpt=Bus,,,12,0,0,0
24/05/2023 16:04:22	Open DB Connection
24/05/2023 16:04:22	SQL :EXEC GetCustomerSegment;
24/05/2023 16:04:22	SQL :SELECT dbo.GetUsername(username) AS sales FROM wh_user a LEFT JOIN wh_user_detail b ON b.user_id=a.username WHERE b.department_id=14 ;
24/05/2023 16:04:26	Open DB Connection
24/05/2023 16:04:26	SQL :EXEC GetCustomerOrderList_P 9,@OutDates='2023/05/01',@OutDatesTo='2023/05/31',@LocationId=14,@isSummary=0 ;
24/05/2023 16:04:52	Open DB Connection
24/05/2023 16:04:52	SQL :SELECT value FROM wh_dashboard WHERE (name='total_sales')AND(company_id=9)AND(location_id=14)AND(month=5)AND(year=2023);
24/05/2023 16:04:52	SQL :UPDATE wh_dashboard SET value='528281500',update_time=GETDATE(),update_user='nanang.andriani' WHERE (name='total_sales')AND(company_id=9)AND(location_id=14)AND(month=5) AND (year=2023);
24/05/2023 16:09:59	Open Menu :190507
24/05/2023 16:09:59	Open DB Connection
24/05/2023 16:10:00	SQL :EXEC AuthMenu 'nanang.andriani',190507;
24/05/2023 16:10:00	Form Check :BusRunningDaysminiRpt
24/05/2023 16:10:00	Form Open: BusRunningDaysMiniRpt=,0
24/05/2023 16:10:01	Open DB Connection
24/05/2023 16:10:01	SQL :EXEC GetCompanyLocationList
24/05/2023 16:10:01	SQL :EXEC GetUserRDLocationList @UserName='nanang.andriani' ;
24/05/2023 16:10:02	SQL :EXEC GetGroup 9;
24/05/2023 16:10:05	Open DB Connection
24/05/2023 16:11:41	Message:Port Check
24/05/2023 16:11:41	Message:Open DB Connection
24/05/2023 16:11:41	SQL :EXEC GetMessage '01','nanang.andriani';
24/05/2023 16:11:41	SQL :SELECT CONVERT(VARCHAR(8),GETDATE(),108) AS hour_minute;
24/05/2023 16:11:41	SQL :SELECT CONVERT(VARCHAR(10),GETDATE(),103) AS date_time;
24/05/2023 16:21:48	Message:Port Check
24/05/2023 16:21:48	Message:Open DB Connection
24/05/2023 16:21:48	SQL :EXEC GetMessage '01','nanang.andriani';
24/05/2023 16:21:48	SQL :SELECT CONVERT(VARCHAR(8),GETDATE(),108) AS hour_minute;
24/05/2023 16:21:48	SQL :SELECT CONVERT(VARCHAR(10),GETDATE(),103) AS date_time;
24/05/2023 16:22:40	Open DB Connection
24/05/2023 16:22:40	SQL :EXEC GetCustomerOrderList_P 9,@OutDates='2023/03/01',@OutDatesTo='2023/03/31',@LocationId=14,@isSummary=0 ;
24/05/2023 16:22:56	Open DB Connection
24/05/2023 16:22:56	SQL :SELECT value FROM wh_dashboard WHERE (name='total_sales')AND(company_id=9)AND(location_id=14)AND(month=3)AND(year=2023);
24/05/2023 16:22:56	SQL :UPDATE wh_dashboard SET value='300951500',update_time=GETDATE(),update_user='nanang.andriani' WHERE (name='total_sales')AND(company_id=9)AND(location_id=14)AND(month=3) AND (year=2023);
24/05/2023 16:32:06	Message:Port Check
24/05/2023 16:32:06	Message:Open DB Connection
24/05/2023 16:32:06	SQL :EXEC GetMessage '01','nanang.andriani';
24/05/2023 16:32:06	SQL :SELECT CONVERT(VARCHAR(8),GETDATE(),108) AS hour_minute;
24/05/2023 16:32:06	SQL :SELECT CONVERT(VARCHAR(10),GETDATE(),103) AS date_time;
24/05/2023 16:42:12	Message:Port Check
24/05/2023 16:42:12	Message:Open DB Connection
24/05/2023 16:42:12	SQL :EXEC GetMessage '01','nanang.andriani';
24/05/2023 16:42:13	SQL :SELECT CONVERT(VARCHAR(8),GETDATE(),108) AS hour_minute;
24/05/2023 16:42:13	SQL :SELECT CONVERT(VARCHAR(10),GETDATE(),103) AS date_time;
24/05/2023 16:52:19	Message:Port Check
24/05/2023 16:52:19	Message:Open DB Connection
24/05/2023 16:52:19	SQL :EXEC GetMessage '01','nanang.andriani';
24/05/2023 16:52:19	SQL :SELECT CONVERT(VARCHAR(8),GETDATE(),108) AS hour_minute;
24/05/2023 16:52:19	SQL :SELECT CONVERT(VARCHAR(10),GETDATE(),103) AS date_time;
24/05/2023 16:55:33	Open Menu :130502
24/05/2023 16:55:33	Open DB Connection
24/05/2023 16:55:34	SQL :EXEC AuthMenu 'nanang.andriani',130502;
24/05/2023 16:55:34	Form Open: ProductPriceList=Main-Change,0,-1,0
24/05/2023 16:55:34	Open DB Connection
24/05/2023 16:55:34	SQL :EXEC GetCompanyLocationList
24/05/2023 16:55:34	Open DB Connection
24/05/2023 16:55:34	SQL :EXEC GetVhcOutList2 14,1,9,@AllFoward=2;
24/05/2023 16:55:43	Form Check :SPJFormBus
24/05/2023 16:55:43	Open DB Connection
24/05/2023 16:55:43	SQL :SELECT * FROM wh_setting WHERE (setting_name='Full_Payment_CompanyId_9') AND (active=1);
24/05/2023 16:55:43	SQL :SELECT value_string FROM wh_setting WHERE setting_name='SJ_Range_CompanyId_9';
24/05/2023 16:55:43	SQL :SELECT * FROM wh_setting WHERE (setting_name='PostingData_API_CompanyId_9') AND (active=1);
24/05/2023 16:55:43	Open DB Connection
24/05/2023 16:55:43	SQL :EXEC GetDriverList 14,9;
24/05/2023 16:55:43	SQL :EXEC GetHelperList 14,9;
24/05/2023 16:55:43	SQL :SELECT a.*,b.body_id FROM wh_working_schedule AS a LEFT JOIN wh_vehicle AS b ON b.vehicle_id=a.vehicle_id WHERE (location_id=14) AND (GETDATE() BETWEEN from_date AND to_date) ;
24/05/2023 16:55:43	SQL :SELECT * FROM wh_setting WHERE (setting_name='Full_Payment_CompanyId9') AND (active=1);
24/05/2023 16:55:43	SQL :SELECT * FROM wh_setting WHERE (setting_name='Sent_WA_DriverInfo_CompanyId_9') AND (active=1);
24/05/2023 16:55:43	SQL :SELECT * FROM wh_setting WHERE (setting_name='Choose_WA_Number_CompanyId_9') AND (active=1);
24/05/2023 16:55:44	SQL :SELECT * FROM wh_setting WHERE (setting_name='URL_Webwhatsapp') AND (active=1);
24/05/2023 16:55:44	SQL :SELECT value_string FROM wh_setting WHERE (setting_name='SPJ_Form_CompanyId_9') and (active=1);
24/05/2023 16:55:44	Open DB Connection
24/05/2023 16:55:44	SQL :EXEC GetVhcAvailList 14,9;
24/05/2023 16:55:48	Open DB Connection
24/05/2023 16:55:48	SQL :EXEC GetSJDetail 'SJBDPS23030261';
24/05/2023 16:55:49	SQL :EXEC GetCustomerOrderServiceList 'COPKT23030134';
24/05/2023 16:55:52	Open DB Connection
24/05/2023 16:55:54	Open DB Connection
24/05/2023 16:55:54	SQL :EXEC GetSJDetail 'SJBDPS23030261';
24/05/2023 16:55:55	SQL :EXEC GetCustomerOrderServiceList 'COPKT23030134', @isWEHAmart=1;
24/05/2023 17:02:38	Message:Port Check
24/05/2023 17:02:38	Message:Open DB Connection
24/05/2023 17:02:38	SQL :EXEC GetMessage '01','nanang.andriani';
24/05/2023 17:02:40	SQL :SELECT CONVERT(VARCHAR(8),GETDATE(),108) AS hour_minute;
24/05/2023 17:02:41	SQL :SELECT CONVERT(VARCHAR(10),GETDATE(),103) AS date_time;
24/05/2023 17:10:02	Open Menu :130132
24/05/2023 17:10:02	Open DB Connection
24/05/2023 17:10:02	SQL :EXEC AuthMenu 'nanang.andriani',130132;
24/05/2023 17:10:02	Form Check :VehicleInsuranceList
24/05/2023 17:10:02	Open DB Connection
24/05/2023 17:10:02	SQL :EXEC GetCompanyLocationList
24/05/2023 17:10:02	SQL :EXEC GetGroup 9;
24/05/2023 17:10:03	Open DB Connection
24/05/2023 17:10:03	SQL :EXEC GetInsuranceList 14,@CompanyId=9;
24/05/2023 17:10:29	Open Menu :130130
24/05/2023 17:10:29	Open DB Connection
24/05/2023 17:10:29	SQL :EXEC AuthMenu 'nanang.andriani',130130;
24/05/2023 17:10:29	Form Check :VehicleInsurance
24/05/2023 17:10:29	Form Open: VehicleInsurance=Bus,FormRequest=
24/05/2023 17:10:29	Open DB Connection
24/05/2023 17:10:29	SQL :EXEC GetInsuranceIssuer;
24/05/2023 17:10:29	SQL :EXEC GetInsuranceName;
24/05/2023 17:10:29	SQL :EXEC GetInsuranceCoverage;
24/05/2023 17:10:29	SQL :EXEC GetCompanyLocationList
24/05/2023 17:10:29	Open DB Connection
24/05/2023 17:10:29	SQL :EXEC GetVhcList 14,0,@CompanyId=9;
24/05/2023 17:12:48	Message:Port Check
24/05/2023 17:12:48	Message:Open DB Connection
24/05/2023 17:12:48	SQL :EXEC GetMessage '01','nanang.andriani';
24/05/2023 17:12:52	SQL :SELECT CONVERT(VARCHAR(8),GETDATE(),108) AS hour_minute;
24/05/2023 17:12:52	SQL :SELECT CONVERT(VARCHAR(10),GETDATE(),103) AS date_time;
24/05/2023 17:22:57	Message:Port Check
24/05/2023 17:22:57	Message:Open DB Connection
24/05/2023 17:22:57	SQL :EXEC GetMessage '01','nanang.andriani';
24/05/2023 17:22:57	SQL :SELECT CONVERT(VARCHAR(8),GETDATE(),108) AS hour_minute;
24/05/2023 17:22:57	SQL :SELECT CONVERT(VARCHAR(10),GETDATE(),103) AS date_time;
24/05/2023 17:25:48	Open Menu :130132
24/05/2023 17:25:48	Open DB Connection
24/05/2023 17:25:48	SQL :EXEC AuthMenu 'nanang.andriani',130132;
24/05/2023 17:25:48	Form Check :VehicleInsuranceList
24/05/2023 17:25:49	Open DB Connection
24/05/2023 17:25:49	SQL :EXEC GetCompanyLocationList
24/05/2023 17:25:49	SQL :EXEC GetGroup 9;
24/05/2023 17:25:49	Open DB Connection
24/05/2023 17:25:49	SQL :EXEC GetInsuranceList 14,@CompanyId=9;
24/05/2023 17:25:50	Form Open: VehicleInsurance=BUS,FormRequest=
24/05/2023 17:25:50	Open DB Connection
24/05/2023 17:25:50	SQL :EXEC GetInsuranceIssuer;
24/05/2023 17:25:50	SQL :EXEC GetInsuranceName;
24/05/2023 17:25:50	SQL :EXEC GetInsuranceCoverage;
24/05/2023 17:25:50	SQL :EXEC GetCompanyLocationList
24/05/2023 17:25:51	Open DB Connection
24/05/2023 17:25:51	SQL :EXEC GetVhcList 14,0,@CompanyId=9;
24/05/2023 17:25:51	Open DB Connection
24/05/2023 17:25:51	SQL :EXEC GetInsuranceDetail 'INSDPS22100004';
24/05/2023 17:33:04	Message:Port Check
24/05/2023 17:33:04	Message:Open DB Connection
24/05/2023 17:33:04	SQL :EXEC GetMessage '01','nanang.andriani';
24/05/2023 17:33:04	SQL :SELECT CONVERT(VARCHAR(8),GETDATE(),108) AS hour_minute;
24/05/2023 17:33:04	SQL :SELECT CONVERT(VARCHAR(10),GETDATE(),103) AS date_time;
24/05/2023 17:43:11	Message:Port Check
24/05/2023 17:43:11	Message:Open DB Connection
24/05/2023 17:43:11	SQL :EXEC GetMessage '01','nanang.andriani';
24/05/2023 17:43:11	SQL :SELECT CONVERT(VARCHAR(8),GETDATE(),108) AS hour_minute;
24/05/2023 17:43:11	SQL :SELECT CONVERT(VARCHAR(10),GETDATE(),103) AS date_time;
24/05/2023 17:53:18	Message:Port Check
24/05/2023 17:53:18	Message:Open DB Connection
24/05/2023 17:53:18	SQL :EXEC GetMessage '01','nanang.andriani';
24/05/2023 17:53:18	SQL :SELECT CONVERT(VARCHAR(8),GETDATE(),108) AS hour_minute;
24/05/2023 17:53:18	SQL :SELECT CONVERT(VARCHAR(10),GETDATE(),103) AS date_time;
24/05/2023 18:03:24	Message:Port Check
24/05/2023 18:03:24	Message:Open DB Connection
24/05/2023 18:03:24	SQL :EXEC GetMessage '01','nanang.andriani';
24/05/2023 18:03:24	SQL :SELECT CONVERT(VARCHAR(8),GETDATE(),108) AS hour_minute;
24/05/2023 18:03:24	SQL :SELECT CONVERT(VARCHAR(10),GETDATE(),103) AS date_time;
24/05/2023 18:13:30	Message:Port Check
24/05/2023 18:13:31	Message:Open DB Connection
24/05/2023 18:13:31	SQL :EXEC GetMessage '01','nanang.andriani';
24/05/2023 18:13:31	SQL :SELECT CONVERT(VARCHAR(8),GETDATE(),108) AS hour_minute;
24/05/2023 18:13:31	SQL :SELECT CONVERT(VARCHAR(10),GETDATE(),103) AS date_time;
24/05/2023 18:23:36	Message:Port Check
24/05/2023 18:23:37	Message:Open DB Connection
24/05/2023 18:23:37	SQL :EXEC GetMessage '01','nanang.andriani';
24/05/2023 18:23:37	SQL :SELECT CONVERT(VARCHAR(8),GETDATE(),108) AS hour_minute;
24/05/2023 18:23:37	SQL :SELECT CONVERT(VARCHAR(10),GETDATE(),103) AS date_time;
24/05/2023 18:33:42	Message:Port Check
24/05/2023 18:33:42	Message:Open DB Connection
24/05/2023 18:33:42	SQL :EXEC GetMessage '01','nanang.andriani';
24/05/2023 18:33:42	SQL :SELECT CONVERT(VARCHAR(8),GETDATE(),108) AS hour_minute;
24/05/2023 18:33:42	SQL :SELECT CONVERT(VARCHAR(10),GETDATE(),103) AS date_time;
24/05/2023 18:43:48	Message:Port Check
24/05/2023 18:43:48	Message:Open DB Connection
24/05/2023 18:43:48	SQL :EXEC GetMessage '01','nanang.andriani';
24/05/2023 18:43:48	SQL :SELECT CONVERT(VARCHAR(8),GETDATE(),108) AS hour_minute;
24/05/2023 18:43:48	SQL :SELECT CONVERT(VARCHAR(10),GETDATE(),103) AS date_time;
24/05/2023 18:53:54	Message:Port Check
24/05/2023 18:53:54	Message:Open DB Connection
24/05/2023 18:53:54	SQL :EXEC GetMessage '01','nanang.andriani';
24/05/2023 18:53:54	SQL :SELECT CONVERT(VARCHAR(8),GETDATE(),108) AS hour_minute;
24/05/2023 18:53:54	SQL :SELECT CONVERT(VARCHAR(10),GETDATE(),103) AS date_time;
24/05/2023 19:04:00	Message:Port Check
24/05/2023 19:04:00	Message:Open DB Connection
24/05/2023 19:04:00	SQL :EXEC GetMessage '01','nanang.andriani';
24/05/2023 19:04:00	SQL :SELECT CONVERT(VARCHAR(8),GETDATE(),108) AS hour_minute;
24/05/2023 19:04:00	SQL :SELECT CONVERT(VARCHAR(10),GETDATE(),103) AS date_time;
24/05/2023 19:14:06	Message:Port Check
24/05/2023 19:14:06	Message:Open DB Connection
24/05/2023 19:14:06	SQL :EXEC GetMessage '01','nanang.andriani';
24/05/2023 19:14:06	SQL :SELECT CONVERT(VARCHAR(8),GETDATE(),108) AS hour_minute;
24/05/2023 19:14:06	SQL :SELECT CONVERT(VARCHAR(10),GETDATE(),103) AS date_time;
24/05/2023 19:24:12	Message:Port Check
24/05/2023 19:24:12	Message:Open DB Connection
24/05/2023 19:24:12	SQL :EXEC GetMessage '01','nanang.andriani';
24/05/2023 19:24:12	SQL :SELECT CONVERT(VARCHAR(8),GETDATE(),108) AS hour_minute;
24/05/2023 19:24:12	SQL :SELECT CONVERT(VARCHAR(10),GETDATE(),103) AS date_time;
24/05/2023 19:34:18	Message:Port Check
24/05/2023 19:34:18	Message:Open DB Connection
24/05/2023 19:34:18	SQL :EXEC GetMessage '01','nanang.andriani';
24/05/2023 19:34:18	SQL :SELECT CONVERT(VARCHAR(8),GETDATE(),108) AS hour_minute;
24/05/2023 19:34:18	SQL :SELECT CONVERT(VARCHAR(10),GETDATE(),103) AS date_time;
24/05/2023 19:44:23	Message:Port Check
24/05/2023 19:44:23	Message:Open DB Connection
24/05/2023 19:44:23	SQL :EXEC GetMessage '01','nanang.andriani';
24/05/2023 19:44:23	SQL :SELECT CONVERT(VARCHAR(8),GETDATE(),108) AS hour_minute;
24/05/2023 19:44:24	SQL :SELECT CONVERT(VARCHAR(10),GETDATE(),103) AS date_time;
24/05/2023 19:54:29	Message:Port Check
24/05/2023 19:54:29	Message:Open DB Connection
24/05/2023 19:54:29	SQL :EXEC GetMessage '01','nanang.andriani';
24/05/2023 19:54:29	SQL :SELECT CONVERT(VARCHAR(8),GETDATE(),108) AS hour_minute;
24/05/2023 19:54:29	SQL :SELECT CONVERT(VARCHAR(10),GETDATE(),103) AS date_time;
24/05/2023 20:04:35	Message:Port Check
24/05/2023 20:04:35	Message:Open DB Connection
24/05/2023 20:04:35	SQL :EXEC GetMessage '01','nanang.andriani';
24/05/2023 20:04:35	SQL :SELECT CONVERT(VARCHAR(8),GETDATE(),108) AS hour_minute;
24/05/2023 20:04:35	SQL :SELECT CONVERT(VARCHAR(10),GETDATE(),103) AS date_time;
24/05/2023 20:14:41	Message:Port Check
24/05/2023 20:14:41	Message:Open DB Connection
24/05/2023 20:14:41	SQL :EXEC GetMessage '01','nanang.andriani';
24/05/2023 20:14:41	SQL :SELECT CONVERT(VARCHAR(8),GETDATE(),108) AS hour_minute;
24/05/2023 20:14:41	SQL :SELECT CONVERT(VARCHAR(10),GETDATE(),103) AS date_time;
24/05/2023 20:24:47	Message:Port Check
24/05/2023 20:24:47	Message:Open DB Connection
24/05/2023 20:24:47	SQL :EXEC GetMessage '01','nanang.andriani';
24/05/2023 20:24:47	SQL :SELECT CONVERT(VARCHAR(8),GETDATE(),108) AS hour_minute;
24/05/2023 20:24:47	SQL :SELECT CONVERT(VARCHAR(10),GETDATE(),103) AS date_time;
24/05/2023 20:34:53	Message:Port Check
24/05/2023 20:34:53	Message:Open DB Connection
24/05/2023 20:34:53	SQL :EXEC GetMessage '01','nanang.andriani';
24/05/2023 20:34:53	SQL :SELECT CONVERT(VARCHAR(8),GETDATE(),108) AS hour_minute;
24/05/2023 20:34:53	SQL :SELECT CONVERT(VARCHAR(10),GETDATE(),103) AS date_time;
24/05/2023 20:44:59	Message:Port Check
24/05/2023 20:44:59	Message:Open DB Connection
24/05/2023 20:44:59	SQL :EXEC GetMessage '01','nanang.andriani';
24/05/2023 20:44:59	SQL :SELECT CONVERT(VARCHAR(8),GETDATE(),108) AS hour_minute;
24/05/2023 20:44:59	SQL :SELECT CONVERT(VARCHAR(10),GETDATE(),103) AS date_time;
24/05/2023 20:55:05	Message:Port Check
24/05/2023 20:55:05	Message:Open DB Connection
24/05/2023 20:55:05	SQL :EXEC GetMessage '01','nanang.andriani';
24/05/2023 20:55:05	SQL :SELECT CONVERT(VARCHAR(8),GETDATE(),108) AS hour_minute;
24/05/2023 20:55:05	SQL :SELECT CONVERT(VARCHAR(10),GETDATE(),103) AS date_time;
24/05/2023 21:05:11	Message:Port Check
24/05/2023 21:05:11	Message:Open DB Connection
24/05/2023 21:05:11	SQL :EXEC GetMessage '01','nanang.andriani';
24/05/2023 21:05:11	SQL :SELECT CONVERT(VARCHAR(8),GETDATE(),108) AS hour_minute;
24/05/2023 21:05:11	SQL :SELECT CONVERT(VARCHAR(10),GETDATE(),103) AS date_time;
24/05/2023 21:15:16	Message:Port Check
24/05/2023 21:15:17	Message:Open DB Connection
24/05/2023 21:15:17	SQL :EXEC GetMessage '01','nanang.andriani';
24/05/2023 21:15:17	SQL :SELECT CONVERT(VARCHAR(8),GETDATE(),108) AS hour_minute;
24/05/2023 21:15:17	SQL :SELECT CONVERT(VARCHAR(10),GETDATE(),103) AS date_time;
24/05/2023 21:25:22	Message:Port Check
24/05/2023 21:25:22	Message:Open DB Connection
24/05/2023 21:25:22	SQL :EXEC GetMessage '01','nanang.andriani';
24/05/2023 21:25:23	SQL :SELECT CONVERT(VARCHAR(8),GETDATE(),108) AS hour_minute;
24/05/2023 21:25:23	SQL :SELECT CONVERT(VARCHAR(10),GETDATE(),103) AS date_time;
24/05/2023 21:35:28	Message:Port Check
24/05/2023 21:35:28	Message:Open DB Connection
24/05/2023 21:35:28	SQL :EXEC GetMessage '01','nanang.andriani';
24/05/2023 21:35:28	SQL :SELECT CONVERT(VARCHAR(8),GETDATE(),108) AS hour_minute;
24/05/2023 21:35:28	SQL :SELECT CONVERT(VARCHAR(10),GETDATE(),103) AS date_time;
24/05/2023 21:45:34	Message:Port Check
24/05/2023 21:45:35	Message:Open DB Connection
24/05/2023 21:45:35	SQL :EXEC GetMessage '01','nanang.andriani';
24/05/2023 21:45:35	SQL :SELECT CONVERT(VARCHAR(8),GETDATE(),108) AS hour_minute;
24/05/2023 21:45:35	SQL :SELECT CONVERT(VARCHAR(10),GETDATE(),103) AS date_time;
24/05/2023 21:55:40	Message:Port Check
24/05/2023 21:55:40	Message:Open DB Connection
24/05/2023 21:55:40	SQL :EXEC GetMessage '01','nanang.andriani';
24/05/2023 21:55:41	SQL :SELECT CONVERT(VARCHAR(8),GETDATE(),108) AS hour_minute;
24/05/2023 21:55:41	SQL :SELECT CONVERT(VARCHAR(10),GETDATE(),103) AS date_time;
24/05/2023 22:05:46	Message:Port Check
24/05/2023 22:05:46	Message:Open DB Connection
24/05/2023 22:05:46	SQL :EXEC GetMessage '01','nanang.andriani';
24/05/2023 22:05:47	SQL :SELECT CONVERT(VARCHAR(8),GETDATE(),108) AS hour_minute;
24/05/2023 22:05:47	SQL :SELECT CONVERT(VARCHAR(10),GETDATE(),103) AS date_time;
24/05/2023 22:15:52	Message:Port Check
24/05/2023 22:15:52	Message:Open DB Connection
24/05/2023 22:15:52	SQL :EXEC GetMessage '01','nanang.andriani';
24/05/2023 22:15:52	SQL :SELECT CONVERT(VARCHAR(8),GETDATE(),108) AS hour_minute;
24/05/2023 22:15:52	SQL :SELECT CONVERT(VARCHAR(10),GETDATE(),103) AS date_time;
24/05/2023 22:25:58	Message:Port Check
24/05/2023 22:25:58	Message:Open DB Connection
24/05/2023 22:25:58	SQL :EXEC GetMessage '01','nanang.andriani';
24/05/2023 22:25:58	SQL :SELECT CONVERT(VARCHAR(8),GETDATE(),108) AS hour_minute;
24/05/2023 22:25:58	SQL :SELECT CONVERT(VARCHAR(10),GETDATE(),103) AS date_time;
24/05/2023 22:36:04	Message:Port Check
24/05/2023 22:36:04	Message:Open DB Connection
24/05/2023 22:36:04	SQL :EXEC GetMessage '01','nanang.andriani';
24/05/2023 22:36:04	SQL :SELECT CONVERT(VARCHAR(8),GETDATE(),108) AS hour_minute;
24/05/2023 22:36:05	SQL :SELECT CONVERT(VARCHAR(10),GETDATE(),103) AS date_time;
24/05/2023 22:46:10	Message:Port Check
24/05/2023 22:46:11	Message:Open DB Connection
24/05/2023 22:46:11	SQL :EXEC GetMessage '01','nanang.andriani';
24/05/2023 22:46:11	SQL :SELECT CONVERT(VARCHAR(8),GETDATE(),108) AS hour_minute;
24/05/2023 22:46:11	SQL :SELECT CONVERT(VARCHAR(10),GETDATE(),103) AS date_time;
24/05/2023 22:56:17	Message:Port Check
24/05/2023 22:56:17	Message:Open DB Connection
24/05/2023 22:56:17	SQL :EXEC GetMessage '01','nanang.andriani';
24/05/2023 22:56:17	SQL :SELECT CONVERT(VARCHAR(8),GETDATE(),108) AS hour_minute;
24/05/2023 22:56:17	SQL :SELECT CONVERT(VARCHAR(10),GETDATE(),103) AS date_time;
24/05/2023 23:06:22	Message:Port Check
24/05/2023 23:06:23	Message:Open DB Connection
24/05/2023 23:06:23	SQL :EXEC GetMessage '01','nanang.andriani';
24/05/2023 23:06:24	SQL :SELECT CONVERT(VARCHAR(8),GETDATE(),108) AS hour_minute;
24/05/2023 23:06:24	SQL :SELECT CONVERT(VARCHAR(10),GETDATE(),103) AS date_time;
24/05/2023 23:16:29	Message:Port Check
24/05/2023 23:16:29	Message:Open DB Connection
24/05/2023 23:16:29	SQL :EXEC GetMessage '01','nanang.andriani';
24/05/2023 23:16:30	SQL :SELECT CONVERT(VARCHAR(8),GETDATE(),108) AS hour_minute;
24/05/2023 23:16:30	SQL :SELECT CONVERT(VARCHAR(10),GETDATE(),103) AS date_time;
24/05/2023 23:26:35	Message:Port Check
24/05/2023 23:26:35	Message:Open DB Connection
24/05/2023 23:26:35	SQL :EXEC GetMessage '01','nanang.andriani';
24/05/2023 23:26:35	SQL :SELECT CONVERT(VARCHAR(8),GETDATE(),108) AS hour_minute;
24/05/2023 23:26:35	SQL :SELECT CONVERT(VARCHAR(10),GETDATE(),103) AS date_time;
24/05/2023 23:36:41	Message:Port Check
24/05/2023 23:36:41	Message:Open DB Connection
24/05/2023 23:36:41	SQL :EXEC GetMessage '01','nanang.andriani';
24/05/2023 23:36:41	SQL :SELECT CONVERT(VARCHAR(8),GETDATE(),108) AS hour_minute;
24/05/2023 23:36:42	SQL :SELECT CONVERT(VARCHAR(10),GETDATE(),103) AS date_time;
24/05/2023 23:46:47	Message:Port Check
24/05/2023 23:46:47	Message:Open DB Connection
24/05/2023 23:46:47	SQL :EXEC GetMessage '01','nanang.andriani';
24/05/2023 23:46:47	SQL :SELECT CONVERT(VARCHAR(8),GETDATE(),108) AS hour_minute;
24/05/2023 23:46:47	SQL :SELECT CONVERT(VARCHAR(10),GETDATE(),103) AS date_time;
24/05/2023 23:56:53	Message:Port Check
24/05/2023 23:56:53	Message:Open DB Connection
24/05/2023 23:56:53	SQL :EXEC GetMessage '01','nanang.andriani';
24/05/2023 23:56:53	SQL :SELECT CONVERT(VARCHAR(8),GETDATE(),108) AS hour_minute;
24/05/2023 23:56:53	SQL :SELECT CONVERT(VARCHAR(10),GETDATE(),103) AS date_time;
25/05/2023 00:06:59	Message:Port Check
25/05/2023 00:07:02	Message:Open DB Connection
25/05/2023 00:07:02	SQL :EXEC GetMessage '01','nanang.andriani';
25/05/2023 00:07:03	SQL :SELECT CONVERT(VARCHAR(8),GETDATE(),108) AS hour_minute;
25/05/2023 00:07:03	SQL :SELECT CONVERT(VARCHAR(10),GETDATE(),103) AS date_time;
25/05/2023 00:17:11	Message:Port Check
25/05/2023 00:17:11	Message:Open DB Connection
25/05/2023 00:17:11	SQL :EXEC GetMessage '01','nanang.andriani';
25/05/2023 00:17:12	SQL :SELECT CONVERT(VARCHAR(8),GETDATE(),108) AS hour_minute;
25/05/2023 00:17:12	SQL :SELECT CONVERT(VARCHAR(10),GETDATE(),103) AS date_time;
25/05/2023 00:27:17	Message:Port Check
25/05/2023 00:27:17	Message:Open DB Connection
25/05/2023 00:27:17	SQL :EXEC GetMessage '01','nanang.andriani';
25/05/2023 00:27:17	SQL :SELECT CONVERT(VARCHAR(8),GETDATE(),108) AS hour_minute;
25/05/2023 00:27:18	SQL :SELECT CONVERT(VARCHAR(10),GETDATE(),103) AS date_time;
25/05/2023 00:37:23	Message:Port Check
25/05/2023 00:37:23	Message:Open DB Connection
25/05/2023 00:37:23	SQL :EXEC GetMessage '01','nanang.andriani';
25/05/2023 00:37:24	SQL :SELECT CONVERT(VARCHAR(8),GETDATE(),108) AS hour_minute;
25/05/2023 00:37:24	SQL :SELECT CONVERT(VARCHAR(10),GETDATE(),103) AS date_time;
25/05/2023 00:47:29	Message:Port Check
25/05/2023 00:47:29	Message:Open DB Connection
25/05/2023 00:47:29	SQL :EXEC GetMessage '01','nanang.andriani';
25/05/2023 00:47:29	SQL :SELECT CONVERT(VARCHAR(8),GETDATE(),108) AS hour_minute;
25/05/2023 00:47:29	SQL :SELECT CONVERT(VARCHAR(10),GETDATE(),103) AS date_time;
25/05/2023 00:57:35	Message:Port Check
25/05/2023 00:57:36	Message:Open DB Connection
25/05/2023 00:57:36	SQL :EXEC GetMessage '01','nanang.andriani';
25/05/2023 00:57:37	SQL :SELECT CONVERT(VARCHAR(8),GETDATE(),108) AS hour_minute;
25/05/2023 00:57:38	SQL :SELECT CONVERT(VARCHAR(10),GETDATE(),103) AS date_time;
25/05/2023 01:07:43	Message:Port Check
25/05/2023 01:07:43	Message:Open DB Connection
25/05/2023 01:07:43	SQL :EXEC GetMessage '01','nanang.andriani';
25/05/2023 01:07:43	SQL :SELECT CONVERT(VARCHAR(8),GETDATE(),108) AS hour_minute;
25/05/2023 01:07:43	SQL :SELECT CONVERT(VARCHAR(10),GETDATE(),103) AS date_time;
25/05/2023 01:17:49	Message:Port Check
25/05/2023 01:17:49	Message:Open DB Connection
25/05/2023 01:17:49	SQL :EXEC GetMessage '01','nanang.andriani';
25/05/2023 01:17:49	SQL :SELECT CONVERT(VARCHAR(8),GETDATE(),108) AS hour_minute;
25/05/2023 01:17:49	SQL :SELECT CONVERT(VARCHAR(10),GETDATE(),103) AS date_time;
25/05/2023 01:27:55	Message:Port Check
25/05/2023 01:27:55	Message:Open DB Connection
25/05/2023 01:27:55	SQL :EXEC GetMessage '01','nanang.andriani';
25/05/2023 01:27:55	SQL :SELECT CONVERT(VARCHAR(8),GETDATE(),108) AS hour_minute;
25/05/2023 01:27:55	SQL :SELECT CONVERT(VARCHAR(10),GETDATE(),103) AS date_time;
25/05/2023 01:38:01	Message:Port Check
25/05/2023 01:38:01	Message:Open DB Connection
25/05/2023 01:38:01	SQL :EXEC GetMessage '01','nanang.andriani';
25/05/2023 01:38:01	SQL :SELECT CONVERT(VARCHAR(8),GETDATE(),108) AS hour_minute;
25/05/2023 01:38:01	SQL :SELECT CONVERT(VARCHAR(10),GETDATE(),103) AS date_time;
25/05/2023 01:48:07	Message:Port Check
25/05/2023 01:48:07	Message:Open DB Connection
25/05/2023 01:48:07	SQL :EXEC GetMessage '01','nanang.andriani';
25/05/2023 01:48:07	SQL :SELECT CONVERT(VARCHAR(8),GETDATE(),108) AS hour_minute;
25/05/2023 01:48:08	SQL :SELECT CONVERT(VARCHAR(10),GETDATE(),103) AS date_time;
25/05/2023 01:58:13	Message:Port Check
25/05/2023 01:58:13	Message:Open DB Connection
25/05/2023 01:58:13	SQL :EXEC GetMessage '01','nanang.andriani';
25/05/2023 01:58:13	SQL :SELECT CONVERT(VARCHAR(8),GETDATE(),108) AS hour_minute;
25/05/2023 01:58:13	SQL :SELECT CONVERT(VARCHAR(10),GETDATE(),103) AS date_time;
25/05/2023 02:08:19	Message:Port Check
25/05/2023 02:08:19	Message:Open DB Connection
25/05/2023 02:08:19	SQL :EXEC GetMessage '01','nanang.andriani';
25/05/2023 02:08:19	SQL :SELECT CONVERT(VARCHAR(8),GETDATE(),108) AS hour_minute;
25/05/2023 02:08:19	SQL :SELECT CONVERT(VARCHAR(10),GETDATE(),103) AS date_time;
25/05/2023 02:18:25	Message:Port Check
25/05/2023 02:18:25	Message:Open DB Connection
25/05/2023 02:18:25	SQL :EXEC GetMessage '01','nanang.andriani';
25/05/2023 02:18:25	SQL :SELECT CONVERT(VARCHAR(8),GETDATE(),108) AS hour_minute;
25/05/2023 02:18:25	SQL :SELECT CONVERT(VARCHAR(10),GETDATE(),103) AS date_time;
25/05/2023 02:28:31	Message:Port Check
25/05/2023 02:28:31	Message:Open DB Connection
25/05/2023 02:28:31	SQL :EXEC GetMessage '01','nanang.andriani';
25/05/2023 02:28:31	SQL :SELECT CONVERT(VARCHAR(8),GETDATE(),108) AS hour_minute;
25/05/2023 02:28:31	SQL :SELECT CONVERT(VARCHAR(10),GETDATE(),103) AS date_time;
25/05/2023 02:38:36	Message:Port Check
25/05/2023 02:38:37	Message:Open DB Connection
25/05/2023 02:38:37	SQL :EXEC GetMessage '01','nanang.andriani';
25/05/2023 02:38:40	SQL :SELECT CONVERT(VARCHAR(8),GETDATE(),108) AS hour_minute;
25/05/2023 02:38:40	SQL :SELECT CONVERT(VARCHAR(10),GETDATE(),103) AS date_time;
25/05/2023 02:48:44	Message:Port Check
25/05/2023 02:48:45	Message:Open DB Connection
25/05/2023 02:48:45	SQL :EXEC GetMessage '01','nanang.andriani';
25/05/2023 02:48:45	SQL :SELECT CONVERT(VARCHAR(8),GETDATE(),108) AS hour_minute;
25/05/2023 02:48:45	SQL :SELECT CONVERT(VARCHAR(10),GETDATE(),103) AS date_time;
25/05/2023 02:58:50	Message:Port Check
25/05/2023 02:58:50	Message:Open DB Connection
25/05/2023 02:58:50	SQL :EXEC GetMessage '01','nanang.andriani';
25/05/2023 02:58:50	SQL :SELECT CONVERT(VARCHAR(8),GETDATE(),108) AS hour_minute;
25/05/2023 02:58:50	SQL :SELECT CONVERT(VARCHAR(10),GETDATE(),103) AS date_time;
25/05/2023 03:08:56	Message:Port Check
25/05/2023 03:08:56	Message:Open DB Connection
25/05/2023 03:08:56	SQL :EXEC GetMessage '01','nanang.andriani';
25/05/2023 03:08:56	SQL :SELECT CONVERT(VARCHAR(8),GETDATE(),108) AS hour_minute;
25/05/2023 03:08:56	SQL :SELECT CONVERT(VARCHAR(10),GETDATE(),103) AS date_time;
25/05/2023 03:19:02	Message:Port Check
25/05/2023 03:19:02	Message:Open DB Connection
25/05/2023 03:19:02	SQL :EXEC GetMessage '01','nanang.andriani';
25/05/2023 03:19:03	SQL :SELECT CONVERT(VARCHAR(8),GETDATE(),108) AS hour_minute;
25/05/2023 03:19:03	SQL :SELECT CONVERT(VARCHAR(10),GETDATE(),103) AS date_time;
25/05/2023 03:29:08	Message:Port Check
25/05/2023 03:29:08	Message:Open DB Connection
25/05/2023 03:29:08	SQL :EXEC GetMessage '01','nanang.andriani';
25/05/2023 03:29:08	SQL :SELECT CONVERT(VARCHAR(8),GETDATE(),108) AS hour_minute;
25/05/2023 03:29:08	SQL :SELECT CONVERT(VARCHAR(10),GETDATE(),103) AS date_time;
25/05/2023 03:39:15	Message:Port Check
25/05/2023 03:39:15	Message:Open DB Connection
25/05/2023 03:39:15	SQL :EXEC GetMessage '01','nanang.andriani';
25/05/2023 03:39:15	SQL :SELECT CONVERT(VARCHAR(8),GETDATE(),108) AS hour_minute;
25/05/2023 03:39:16	SQL :SELECT CONVERT(VARCHAR(10),GETDATE(),103) AS date_time;
25/05/2023 03:49:22	Message:Port Check
25/05/2023 03:49:22	Message:Open DB Connection
25/05/2023 03:49:22	SQL :EXEC GetMessage '01','nanang.andriani';
25/05/2023 03:49:22	SQL :SELECT CONVERT(VARCHAR(8),GETDATE(),108) AS hour_minute;
25/05/2023 03:49:22	SQL :SELECT CONVERT(VARCHAR(10),GETDATE(),103) AS date_time;
25/05/2023 03:59:28	Message:Port Check
25/05/2023 03:59:28	Message:Open DB Connection
25/05/2023 03:59:28	SQL :EXEC GetMessage '01','nanang.andriani';
25/05/2023 03:59:28	SQL :SELECT CONVERT(VARCHAR(8),GETDATE(),108) AS hour_minute;
25/05/2023 03:59:28	SQL :SELECT CONVERT(VARCHAR(10),GETDATE(),103) AS date_time;
25/05/2023 04:09:33	Message:Port Check
25/05/2023 04:09:33	Message:Open DB Connection
25/05/2023 04:09:33	SQL :EXEC GetMessage '01','nanang.andriani';
25/05/2023 04:09:34	SQL :SELECT CONVERT(VARCHAR(8),GETDATE(),108) AS hour_minute;
25/05/2023 04:09:34	SQL :SELECT CONVERT(VARCHAR(10),GETDATE(),103) AS date_time;
25/05/2023 04:19:39	Message:Port Check
25/05/2023 04:19:39	Message:Open DB Connection
25/05/2023 04:19:39	SQL :EXEC GetMessage '01','nanang.andriani';
25/05/2023 04:19:40	SQL :SELECT CONVERT(VARCHAR(8),GETDATE(),108) AS hour_minute;
25/05/2023 04:19:40	SQL :SELECT CONVERT(VARCHAR(10),GETDATE(),103) AS date_time;
25/05/2023 04:29:45	Message:Port Check
25/05/2023 04:29:46	Message:Open DB Connection
25/05/2023 04:29:46	SQL :EXEC GetMessage '01','nanang.andriani';
25/05/2023 04:29:46	SQL :SELECT CONVERT(VARCHAR(8),GETDATE(),108) AS hour_minute;
25/05/2023 04:29:46	SQL :SELECT CONVERT(VARCHAR(10),GETDATE(),103) AS date_time;
25/05/2023 04:39:51	Message:Port Check
25/05/2023 04:39:52	Message:Open DB Connection
25/05/2023 04:39:52	SQL :EXEC GetMessage '01','nanang.andriani';
25/05/2023 04:39:52	SQL :SELECT CONVERT(VARCHAR(8),GETDATE(),108) AS hour_minute;
25/05/2023 04:39:52	SQL :SELECT CONVERT(VARCHAR(10),GETDATE(),103) AS date_time;
25/05/2023 04:49:58	Message:Port Check
25/05/2023 04:49:58	Message:Open DB Connection
25/05/2023 04:49:58	SQL :EXEC GetMessage '01','nanang.andriani';
25/05/2023 04:49:58	SQL :SELECT CONVERT(VARCHAR(8),GETDATE(),108) AS hour_minute;
25/05/2023 04:49:58	SQL :SELECT CONVERT(VARCHAR(10),GETDATE(),103) AS date_time;
25/05/2023 05:00:04	Message:Port Check
25/05/2023 05:00:04	Message:Open DB Connection
25/05/2023 05:00:04	SQL :EXEC GetMessage '01','nanang.andriani';
25/05/2023 05:00:04	SQL :SELECT CONVERT(VARCHAR(8),GETDATE(),108) AS hour_minute;
25/05/2023 05:00:04	SQL :SELECT CONVERT(VARCHAR(10),GETDATE(),103) AS date_time;
25/05/2023 05:10:10	Message:Port Check
25/05/2023 05:10:10	Message:Open DB Connection
25/05/2023 05:10:10	SQL :EXEC GetMessage '01','nanang.andriani';
25/05/2023 05:10:10	SQL :SELECT CONVERT(VARCHAR(8),GETDATE(),108) AS hour_minute;
25/05/2023 05:10:10	SQL :SELECT CONVERT(VARCHAR(10),GETDATE(),103) AS date_time;
25/05/2023 05:20:16	Message:Port Check
25/05/2023 05:20:16	Message:Open DB Connection
25/05/2023 05:20:16	SQL :EXEC GetMessage '01','nanang.andriani';
25/05/2023 05:20:16	SQL :SELECT CONVERT(VARCHAR(8),GETDATE(),108) AS hour_minute;
25/05/2023 05:20:16	SQL :SELECT CONVERT(VARCHAR(10),GETDATE(),103) AS date_time;
25/05/2023 05:30:22	Message:Port Check
25/05/2023 05:30:22	Message:Open DB Connection
25/05/2023 05:30:22	SQL :EXEC GetMessage '01','nanang.andriani';
25/05/2023 05:30:22	SQL :SELECT CONVERT(VARCHAR(8),GETDATE(),108) AS hour_minute;
25/05/2023 05:30:22	SQL :SELECT CONVERT(VARCHAR(10),GETDATE(),103) AS date_time;
25/05/2023 05:40:28	Message:Port Check
25/05/2023 05:40:28	Message:Open DB Connection
25/05/2023 05:40:28	SQL :EXEC GetMessage '01','nanang.andriani';
25/05/2023 05:40:28	SQL :SELECT CONVERT(VARCHAR(8),GETDATE(),108) AS hour_minute;
25/05/2023 05:40:28	SQL :SELECT CONVERT(VARCHAR(10),GETDATE(),103) AS date_time;
25/05/2023 05:50:34	Message:Port Check
25/05/2023 05:50:34	Message:Open DB Connection
25/05/2023 05:50:34	SQL :EXEC GetMessage '01','nanang.andriani';
25/05/2023 05:50:34	SQL :SELECT CONVERT(VARCHAR(8),GETDATE(),108) AS hour_minute;
25/05/2023 05:50:34	SQL :SELECT CONVERT(VARCHAR(10),GETDATE(),103) AS date_time;
25/05/2023 06:00:40	Message:Port Check
25/05/2023 06:00:40	Message:Open DB Connection
25/05/2023 06:00:40	SQL :EXEC GetMessage '01','nanang.andriani';
25/05/2023 06:00:40	SQL :SELECT CONVERT(VARCHAR(8),GETDATE(),108) AS hour_minute;
25/05/2023 06:00:40	SQL :SELECT CONVERT(VARCHAR(10),GETDATE(),103) AS date_time;
25/05/2023 06:10:46	Message:Port Check
25/05/2023 06:10:46	Message:Open DB Connection
25/05/2023 06:10:46	SQL :EXEC GetMessage '01','nanang.andriani';
25/05/2023 06:10:46	SQL :SELECT CONVERT(VARCHAR(8),GETDATE(),108) AS hour_minute;
25/05/2023 06:10:46	SQL :SELECT CONVERT(VARCHAR(10),GETDATE(),103) AS date_time;
25/05/2023 06:20:52	Message:Port Check
25/05/2023 06:20:52	Message:Open DB Connection
25/05/2023 06:20:52	SQL :EXEC GetMessage '01','nanang.andriani';
25/05/2023 06:20:53	SQL :SELECT CONVERT(VARCHAR(8),GETDATE(),108) AS hour_minute;
25/05/2023 06:20:53	SQL :SELECT CONVERT(VARCHAR(10),GETDATE(),103) AS date_time;
25/05/2023 06:30:58	Message:Port Check
25/05/2023 06:30:58	Message:Open DB Connection
25/05/2023 06:30:58	SQL :EXEC GetMessage '01','nanang.andriani';
25/05/2023 06:30:59	SQL :SELECT CONVERT(VARCHAR(8),GETDATE(),108) AS hour_minute;
25/05/2023 06:30:59	SQL :SELECT CONVERT(VARCHAR(10),GETDATE(),103) AS date_time;
25/05/2023 06:41:04	Message:Port Check
25/05/2023 06:41:04	Message:Open DB Connection
25/05/2023 06:41:04	SQL :EXEC GetMessage '01','nanang.andriani';
25/05/2023 06:41:05	SQL :SELECT CONVERT(VARCHAR(8),GETDATE(),108) AS hour_minute;
25/05/2023 06:41:05	SQL :SELECT CONVERT(VARCHAR(10),GETDATE(),103) AS date_time;
25/05/2023 06:51:10	Message:Port Check
25/05/2023 06:51:10	Message:Open DB Connection
25/05/2023 06:51:10	SQL :EXEC GetMessage '01','nanang.andriani';
25/05/2023 06:51:10	SQL :SELECT CONVERT(VARCHAR(8),GETDATE(),108) AS hour_minute;
25/05/2023 06:51:10	SQL :SELECT CONVERT(VARCHAR(10),GETDATE(),103) AS date_time;
25/05/2023 07:01:16	Message:Port Check
25/05/2023 07:01:16	Message:Open DB Connection
25/05/2023 07:01:16	SQL :EXEC GetMessage '01','nanang.andriani';
25/05/2023 07:01:16	SQL :SELECT CONVERT(VARCHAR(8),GETDATE(),108) AS hour_minute;
25/05/2023 07:01:16	SQL :SELECT CONVERT(VARCHAR(10),GETDATE(),103) AS date_time;
25/05/2023 07:11:22	Message:Port Check
25/05/2023 07:11:22	Message:Open DB Connection
25/05/2023 07:11:22	SQL :EXEC GetMessage '01','nanang.andriani';
25/05/2023 07:11:22	SQL :SELECT CONVERT(VARCHAR(8),GETDATE(),108) AS hour_minute;
25/05/2023 07:11:22	SQL :SELECT CONVERT(VARCHAR(10),GETDATE(),103) AS date_time;
25/05/2023 07:21:28	Message:Port Check
25/05/2023 07:21:29	Message:Open DB Connection
25/05/2023 07:21:29	SQL :EXEC GetMessage '01','nanang.andriani';
25/05/2023 07:21:29	SQL :SELECT CONVERT(VARCHAR(8),GETDATE(),108) AS hour_minute;
25/05/2023 07:21:29	SQL :SELECT CONVERT(VARCHAR(10),GETDATE(),103) AS date_time;
25/05/2023 07:31:35	Message:Port Check
25/05/2023 07:31:35	Message:Open DB Connection
25/05/2023 07:31:35	SQL :EXEC GetMessage '01','nanang.andriani';
25/05/2023 07:31:35	SQL :SELECT CONVERT(VARCHAR(8),GETDATE(),108) AS hour_minute;
25/05/2023 07:31:35	SQL :SELECT CONVERT(VARCHAR(10),GETDATE(),103) AS date_time;
25/05/2023 07:41:41	Message:Port Check
25/05/2023 07:41:41	Message:Open DB Connection
25/05/2023 07:41:41	SQL :EXEC GetMessage '01','nanang.andriani';
25/05/2023 07:41:41	SQL :SELECT CONVERT(VARCHAR(8),GETDATE(),108) AS hour_minute;
25/05/2023 07:41:41	SQL :SELECT CONVERT(VARCHAR(10),GETDATE(),103) AS date_time;
25/05/2023 07:51:46	Message:Port Check
25/05/2023 07:51:46	Message:Open DB Connection
25/05/2023 07:51:46	SQL :EXEC GetMessage '01','nanang.andriani';
25/05/2023 07:51:47	SQL :SELECT CONVERT(VARCHAR(8),GETDATE(),108) AS hour_minute;
25/05/2023 07:51:47	SQL :SELECT CONVERT(VARCHAR(10),GETDATE(),103) AS date_time;
25/05/2023 08:01:52	Message:Port Check
25/05/2023 08:01:52	Message:Open DB Connection
25/05/2023 08:01:52	SQL :EXEC GetMessage '01','nanang.andriani';
25/05/2023 08:01:53	SQL :SELECT CONVERT(VARCHAR(8),GETDATE(),108) AS hour_minute;
25/05/2023 08:01:53	SQL :SELECT CONVERT(VARCHAR(10),GETDATE(),103) AS date_time;
25/05/2023 08:11:58	Message:Port Check
25/05/2023 08:11:58	Message:Open DB Connection
25/05/2023 08:11:58	SQL :EXEC GetMessage '01','nanang.andriani';
25/05/2023 08:11:58	SQL :SELECT CONVERT(VARCHAR(8),GETDATE(),108) AS hour_minute;
25/05/2023 08:11:58	SQL :SELECT CONVERT(VARCHAR(10),GETDATE(),103) AS date_time;
25/05/2023 08:22:04	Message:Port Check
25/05/2023 08:22:04	Message:Open DB Connection
25/05/2023 08:22:04	SQL :EXEC GetMessage '01','nanang.andriani';
25/05/2023 08:22:05	SQL :SELECT CONVERT(VARCHAR(8),GETDATE(),108) AS hour_minute;
25/05/2023 08:22:05	SQL :SELECT CONVERT(VARCHAR(10),GETDATE(),103) AS date_time;
25/05/2023 08:32:10	Message:Port Check
25/05/2023 08:32:10	Message:Open DB Connection
25/05/2023 08:32:10	SQL :EXEC GetMessage '01','nanang.andriani';
25/05/2023 08:32:11	SQL :SELECT CONVERT(VARCHAR(8),GETDATE(),108) AS hour_minute;
25/05/2023 08:32:11	SQL :SELECT CONVERT(VARCHAR(10),GETDATE(),103) AS date_time;
25/05/2023 08:42:16	Message:Port Check
25/05/2023 08:42:16	Message:Open DB Connection
25/05/2023 08:42:16	SQL :EXEC GetMessage '01','nanang.andriani';
25/05/2023 08:42:16	SQL :SELECT CONVERT(VARCHAR(8),GETDATE(),108) AS hour_minute;
25/05/2023 08:42:17	SQL :SELECT CONVERT(VARCHAR(10),GETDATE(),103) AS date_time;
25/05/2023 08:52:22	Message:Port Check
25/05/2023 08:52:22	Message:Open DB Connection
25/05/2023 08:52:22	SQL :EXEC GetMessage '01','nanang.andriani';
25/05/2023 08:52:22	SQL :SELECT CONVERT(VARCHAR(8),GETDATE(),108) AS hour_minute;
25/05/2023 08:52:22	SQL :SELECT CONVERT(VARCHAR(10),GETDATE(),103) AS date_time;
25/05/2023 09:02:28	Message:Port Check
25/05/2023 09:02:28	Message:Open DB Connection
25/05/2023 09:02:28	SQL :EXEC GetMessage '01','nanang.andriani';
25/05/2023 09:02:28	SQL :SELECT CONVERT(VARCHAR(8),GETDATE(),108) AS hour_minute;
25/05/2023 09:02:28	SQL :SELECT CONVERT(VARCHAR(10),GETDATE(),103) AS date_time;
25/05/2023 09:11:11	Open Menu :130130
25/05/2023 09:11:11	Open DB Connection
25/05/2023 09:11:11	SQL :EXEC AuthMenu 'nanang.andriani',130130;
25/05/2023 09:11:12	Form Check :VehicleInsurance
25/05/2023 09:11:12	Form Open: VehicleInsurance=Bus,FormRequest=
25/05/2023 09:11:12	Open DB Connection
25/05/2023 09:11:12	SQL :EXEC GetInsuranceIssuer;
25/05/2023 09:11:12	SQL :EXEC GetInsuranceName;
25/05/2023 09:11:12	SQL :EXEC GetInsuranceCoverage;
25/05/2023 09:11:12	SQL :EXEC GetCompanyLocationList
25/05/2023 09:11:12	Open DB Connection
25/05/2023 09:11:12	SQL :EXEC GetVhcList 14,0,@CompanyId=9;
25/05/2023 09:12:35	Message:Port Check
25/05/2023 09:12:35	Message:Open DB Connection
25/05/2023 09:12:35	SQL :EXEC GetMessage '01','nanang.andriani';
25/05/2023 09:12:35	SQL :SELECT CONVERT(VARCHAR(8),GETDATE(),108) AS hour_minute;
25/05/2023 09:12:35	SQL :SELECT CONVERT(VARCHAR(10),GETDATE(),103) AS date_time;
25/05/2023 09:22:43	Message:Port Check
25/05/2023 09:22:43	Message:Open DB Connection
25/05/2023 09:22:43	SQL :EXEC GetMessage '01','nanang.andriani';
25/05/2023 09:22:43	SQL :SELECT CONVERT(VARCHAR(8),GETDATE(),108) AS hour_minute;
25/05/2023 09:22:43	SQL :SELECT CONVERT(VARCHAR(10),GETDATE(),103) AS date_time;
25/05/2023 09:32:49	Message:Port Check
25/05/2023 09:32:49	Message:Open DB Connection
25/05/2023 09:32:49	SQL :EXEC GetMessage '01','nanang.andriani';
25/05/2023 09:32:49	SQL :SELECT CONVERT(VARCHAR(8),GETDATE(),108) AS hour_minute;
25/05/2023 09:32:50	SQL :SELECT CONVERT(VARCHAR(10),GETDATE(),103) AS date_time;
25/05/2023 09:42:56	Message:Port Check
25/05/2023 09:42:56	Message:Open DB Connection
25/05/2023 09:42:56	SQL :EXEC GetMessage '01','nanang.andriani';
25/05/2023 09:42:57	SQL :SELECT CONVERT(VARCHAR(8),GETDATE(),108) AS hour_minute;
25/05/2023 09:42:57	SQL :SELECT CONVERT(VARCHAR(10),GETDATE(),103) AS date_time;
25/05/2023 09:53:03	Message:Port Check
25/05/2023 09:53:03	Message:Open DB Connection
25/05/2023 09:53:03	SQL :EXEC GetMessage '01','nanang.andriani';
25/05/2023 09:53:03	SQL :SELECT CONVERT(VARCHAR(8),GETDATE(),108) AS hour_minute;
25/05/2023 09:53:03	SQL :SELECT CONVERT(VARCHAR(10),GETDATE(),103) AS date_time;
25/05/2023 10:03:09	Message:Port Check
25/05/2023 10:03:09	Message:Open DB Connection
25/05/2023 10:03:09	SQL :EXEC GetMessage '01','nanang.andriani';
25/05/2023 10:03:10	SQL :SELECT CONVERT(VARCHAR(8),GETDATE(),108) AS hour_minute;
25/05/2023 10:03:10	SQL :SELECT CONVERT(VARCHAR(10),GETDATE(),103) AS date_time;
25/05/2023 10:13:16	Message:Port Check
25/05/2023 10:13:16	Message:Open DB Connection
25/05/2023 10:13:16	SQL :EXEC GetMessage '01','nanang.andriani';
25/05/2023 10:13:16	SQL :SELECT CONVERT(VARCHAR(8),GETDATE(),108) AS hour_minute;
25/05/2023 10:13:16	SQL :SELECT CONVERT(VARCHAR(10),GETDATE(),103) AS date_time;
25/05/2023 10:18:39	Form Check :Setting
25/05/2023 10:18:39	Form Open: Setting
25/05/2023 10:23:22	Message:Port Check
25/05/2023 10:23:23	Message:Open DB Connection
25/05/2023 10:23:23	SQL :EXEC GetMessage '01','nanang.andriani';
25/05/2023 10:23:23	SQL :SELECT CONVERT(VARCHAR(8),GETDATE(),108) AS hour_minute;
25/05/2023 10:23:23	SQL :SELECT CONVERT(VARCHAR(10),GETDATE(),103) AS date_time;
25/05/2023 10:27:34	Form Check :ChatClient
25/05/2023 10:27:34	Form Check :AuthorizedForm
25/05/2023 10:27:34	Form Check :RePrintForm
25/05/2023 10:27:34	Form Check :EmployeeSearch
25/05/2023 10:27:34	Form Check :TimeInputForm
25/05/2023 10:27:34	Log Out
25/05/2023 10:27:36	Create DB Object
25/05/2023 10:27:36	Init DB
25/05/2023 10:27:36	Finish Init DB
25/05/2023 10:27:44	Update new version check
25/05/2023 10:27:44	Open DB Connection
25/05/2023 10:27:44	SQL :
25/05/2023 10:27:44	Update check version
25/05/2023 10:27:44	Open DB Connection
25/05/2023 10:27:44	SQL :SELECT version FROM wh_application WHERE application_id=(SELECT MAX(application_id) FROM wh_application);
25/05/2023 10:27:44	Start Login
25/05/2023 10:27:44	Open DB Connection
25/05/2023 10:27:44	SQL :EXEC AuthenticateUser 'nanang.andriani','3b5929d0c23006c99522f38746d85dd4';
25/05/2023 10:27:44	SQL :INSERT INTO wh_log (user_id,app_date,app_version,app_version_svr,location_id,company_id,department_id,host_name,ip_address)  VALUES ('nanang.andriani','24/05/2023','6.1.5.22','6.1.5.20',14,9,13,'DESKTOP-88BM05S','192.168.25.214');
25/05/2023 10:27:44	Open DB Connection
25/05/2023 10:27:44	SQL :EXEC GetUserMenu 'nanang.andriani';
25/05/2023 10:27:44	SQL :EXEC GetUserSubMenu 'nanang.andriani','11';
25/05/2023 10:27:44	SQL :EXEC GetUserTreeMenu 'nanang.andriani','1101',@CompanyId=9;
25/05/2023 10:27:44	SQL :EXEC GetUserTreeMenu 'nanang.andriani','1102',@CompanyId=9;
25/05/2023 10:27:44	SQL :EXEC GetUserTreeMenu 'nanang.andriani','1103',@CompanyId=9;
25/05/2023 10:27:44	SQL :EXEC GetUserTreeMenu 'nanang.andriani','1104',@CompanyId=9;
25/05/2023 10:27:45	SQL :EXEC GetUserTreeMenu 'nanang.andriani','1105',@CompanyId=9;
25/05/2023 10:27:45	SQL :EXEC GetUserTreeMenu 'nanang.andriani','1106',@CompanyId=9;
25/05/2023 10:27:45	SQL :EXEC GetUserTreeMenu 'nanang.andriani','1107',@CompanyId=9;
25/05/2023 10:27:45	SQL :EXEC GetUserTreeMenu 'nanang.andriani','1108',@CompanyId=9;
25/05/2023 10:27:45	SQL :EXEC GetUserTreeMenu 'nanang.andriani','1109',@CompanyId=9;
25/05/2023 10:27:45	SQL :EXEC GetUserTreeMenu 'nanang.andriani','1110',@CompanyId=9;
25/05/2023 10:27:45	SQL :EXEC GetUserTreeMenu 'nanang.andriani','1111',@CompanyId=9;
25/05/2023 10:27:45	SQL :EXEC GetUserTreeMenu 'nanang.andriani','1112',@CompanyId=9;
25/05/2023 10:27:45	SQL :EXEC GetUserTreeMenu 'nanang.andriani','1113',@CompanyId=9;
25/05/2023 10:27:45	SQL :EXEC GetUserTreeMenu 'nanang.andriani','1114',@CompanyId=9;
25/05/2023 10:27:45	SQL :EXEC GetUserTreeMenu 'nanang.andriani','1115',@CompanyId=9;
25/05/2023 10:27:45	SQL :EXEC GetUserTreeMenu 'nanang.andriani','1116',@CompanyId=9;
25/05/2023 10:27:45	SQL :EXEC GetUserTreeMenu 'nanang.andriani','1117',@CompanyId=9;
25/05/2023 10:27:45	SQL :EXEC GetUserTreeMenu 'nanang.andriani','1198',@CompanyId=9;
25/05/2023 10:27:45	SQL :EXEC GetUserTreeMenu 'nanang.andriani','1199',@CompanyId=9;
25/05/2023 10:27:45	SQL :EXEC GetUserSubMenu 'nanang.andriani','12';
25/05/2023 10:27:45	SQL :EXEC GetUserTreeMenu 'nanang.andriani','1201',@CompanyId=9;
25/05/2023 10:27:45	SQL :EXEC GetUserTreeMenu 'nanang.andriani','1202',@CompanyId=9;
25/05/2023 10:27:45	SQL :EXEC GetUserTreeMenu 'nanang.andriani','1203',@CompanyId=9;
25/05/2023 10:27:45	SQL :EXEC GetUserTreeMenu 'nanang.andriani','1204',@CompanyId=9;
25/05/2023 10:27:45	SQL :EXEC GetUserTreeMenu 'nanang.andriani','1205',@CompanyId=9;
25/05/2023 10:27:45	SQL :EXEC GetUserTreeMenu 'nanang.andriani','1206',@CompanyId=9;
25/05/2023 10:27:45	SQL :EXEC GetUserTreeMenu 'nanang.andriani','1207',@CompanyId=9;
25/05/2023 10:27:45	SQL :EXEC GetUserSubMenu 'nanang.andriani','13';
25/05/2023 10:27:46	SQL :EXEC GetUserTreeMenu 'nanang.andriani','1301',@CompanyId=9;
25/05/2023 10:27:46	SQL :EXEC GetUserTreeMenu 'nanang.andriani','1302',@CompanyId=9;
25/05/2023 10:27:46	SQL :EXEC GetUserTreeMenu 'nanang.andriani','1303',@CompanyId=9;
25/05/2023 10:27:46	SQL :EXEC GetUserTreeMenu 'nanang.andriani','1304',@CompanyId=9;
25/05/2023 10:27:46	SQL :EXEC GetUserTreeMenu 'nanang.andriani','1305',@CompanyId=9;
25/05/2023 10:27:46	SQL :EXEC GetUserTreeMenu 'nanang.andriani','1306',@CompanyId=9;
25/05/2023 10:27:46	SQL :EXEC GetUserTreeMenu 'nanang.andriani','1307',@CompanyId=9;
25/05/2023 10:27:46	SQL :EXEC GetUserTreeMenu 'nanang.andriani','1308',@CompanyId=9;
25/05/2023 10:27:46	SQL :EXEC GetUserTreeMenu 'nanang.andriani','1309',@CompanyId=9;
25/05/2023 10:27:46	SQL :EXEC GetUserTreeMenu 'nanang.andriani','1310',@CompanyId=9;
25/05/2023 10:27:46	SQL :EXEC GetUserTreeMenu 'nanang.andriani','1311',@CompanyId=9;
25/05/2023 10:27:46	SQL :EXEC GetUserTreeMenu 'nanang.andriani','1312',@CompanyId=9;
25/05/2023 10:27:46	SQL :EXEC GetUserTreeMenu 'nanang.andriani','1313',@CompanyId=9;
25/05/2023 10:27:46	SQL :EXEC GetUserTreeMenu 'nanang.andriani','1314',@CompanyId=9;
25/05/2023 10:27:46	SQL :EXEC GetUserTreeMenu 'nanang.andriani','1315',@CompanyId=9;
25/05/2023 10:27:46	SQL :EXEC GetUserTreeMenu 'nanang.andriani','1316',@CompanyId=9;
25/05/2023 10:27:46	SQL :EXEC GetUserTreeMenu 'nanang.andriani','1317',@CompanyId=9;
25/05/2023 10:27:46	SQL :EXEC GetUserTreeMenu 'nanang.andriani','1318',@CompanyId=9;
25/05/2023 10:27:46	SQL :EXEC GetUserTreeMenu 'nanang.andriani','1319',@CompanyId=9;
25/05/2023 10:27:46	SQL :EXEC GetUserTreeMenu 'nanang.andriani','1320',@CompanyId=9;
25/05/2023 10:27:46	SQL :EXEC GetUserTreeMenu 'nanang.andriani','1321',@CompanyId=9;
25/05/2023 10:27:46	SQL :EXEC GetUserTreeMenu 'nanang.andriani','1322',@CompanyId=9;
25/05/2023 10:27:46	SQL :EXEC GetUserSubMenu 'nanang.andriani','14';
25/05/2023 10:27:46	SQL :EXEC GetUserTreeMenu 'nanang.andriani','1401',@CompanyId=9;
25/05/2023 10:27:47	SQL :EXEC GetUserTreeMenu 'nanang.andriani','1402',@CompanyId=9;
25/05/2023 10:27:47	SQL :EXEC GetUserTreeMenu 'nanang.andriani','1403',@CompanyId=9;
25/05/2023 10:27:47	SQL :EXEC GetUserTreeMenu 'nanang.andriani','1404',@CompanyId=9;
25/05/2023 10:27:47	SQL :EXEC GetUserTreeMenu 'nanang.andriani','1406',@CompanyId=9;
25/05/2023 10:27:47	SQL :EXEC GetUserTreeMenu 'nanang.andriani','1408',@CompanyId=9;
25/05/2023 10:27:47	SQL :EXEC GetUserTreeMenu 'nanang.andriani','1410',@CompanyId=9;
25/05/2023 10:27:47	SQL :EXEC GetUserTreeMenu 'nanang.andriani','1411',@CompanyId=9;
25/05/2023 10:27:47	SQL :EXEC GetUserTreeMenu 'nanang.andriani','1412',@CompanyId=9;
25/05/2023 10:27:47	SQL :EXEC GetUserTreeMenu 'nanang.andriani','1413',@CompanyId=9;
25/05/2023 10:27:47	SQL :EXEC GetUserTreeMenu 'nanang.andriani','1414',@CompanyId=9;
25/05/2023 10:27:47	SQL :EXEC GetUserSubMenu 'nanang.andriani','15';
25/05/2023 10:27:47	SQL :EXEC GetUserTreeMenu 'nanang.andriani','1501',@CompanyId=9;
25/05/2023 10:27:47	SQL :EXEC GetUserTreeMenu 'nanang.andriani','1502',@CompanyId=9;
25/05/2023 10:27:47	SQL :EXEC GetUserTreeMenu 'nanang.andriani','1503',@CompanyId=9;
25/05/2023 10:27:47	SQL :EXEC GetUserTreeMenu 'nanang.andriani','1504',@CompanyId=9;
25/05/2023 10:27:47	SQL :EXEC GetUserTreeMenu 'nanang.andriani','1505',@CompanyId=9;
25/05/2023 10:27:47	SQL :EXEC GetUserTreeMenu 'nanang.andriani','1506',@CompanyId=9;
25/05/2023 10:27:48	SQL :EXEC GetUserTreeMenu 'nanang.andriani','1507',@CompanyId=9;
25/05/2023 10:27:48	SQL :EXEC GetUserTreeMenu 'nanang.andriani','1508',@CompanyId=9;
25/05/2023 10:27:48	SQL :EXEC GetUserTreeMenu 'nanang.andriani','1509',@CompanyId=9;
25/05/2023 10:27:48	SQL :EXEC GetUserTreeMenu 'nanang.andriani','1510',@CompanyId=9;
25/05/2023 10:27:48	SQL :EXEC GetUserTreeMenu 'nanang.andriani','1511',@CompanyId=9;
25/05/2023 10:27:48	SQL :EXEC GetUserSubMenu 'nanang.andriani','16';
25/05/2023 10:27:48	SQL :EXEC GetUserTreeMenu 'nanang.andriani','1601',@CompanyId=9;
25/05/2023 10:27:48	SQL :EXEC GetUserTreeMenu 'nanang.andriani','1602',@CompanyId=9;
25/05/2023 10:27:48	SQL :EXEC GetUserTreeMenu 'nanang.andriani','1603',@CompanyId=9;
25/05/2023 10:27:48	SQL :EXEC GetUserTreeMenu 'nanang.andriani','1604',@CompanyId=9;
25/05/2023 10:27:48	SQL :EXEC GetUserTreeMenu 'nanang.andriani','1605',@CompanyId=9;
25/05/2023 10:27:48	SQL :EXEC GetUserTreeMenu 'nanang.andriani','1606',@CompanyId=9;
25/05/2023 10:27:48	SQL :EXEC GetUserTreeMenu 'nanang.andriani','1607',@CompanyId=9;
25/05/2023 10:27:48	SQL :EXEC GetUserTreeMenu 'nanang.andriani','1608',@CompanyId=9;
25/05/2023 10:27:48	SQL :EXEC GetUserTreeMenu 'nanang.andriani','1609',@CompanyId=9;
25/05/2023 10:27:48	SQL :EXEC GetUserTreeMenu 'nanang.andriani','1610',@CompanyId=9;
25/05/2023 10:27:49	SQL :EXEC GetUserTreeMenu 'nanang.andriani','1611',@CompanyId=9;
25/05/2023 10:27:49	SQL :EXEC GetUserTreeMenu 'nanang.andriani','1612',@CompanyId=9;
25/05/2023 10:27:49	SQL :EXEC GetUserTreeMenu 'nanang.andriani','1613',@CompanyId=9;
25/05/2023 10:27:49	SQL :EXEC GetUserTreeMenu 'nanang.andriani','1614',@CompanyId=9;
25/05/2023 10:27:49	SQL :EXEC GetUserTreeMenu 'nanang.andriani','1615',@CompanyId=9;
25/05/2023 10:27:49	SQL :EXEC GetUserTreeMenu 'nanang.andriani','1616',@CompanyId=9;
25/05/2023 10:27:49	SQL :EXEC GetUserTreeMenu 'nanang.andriani','1619',@CompanyId=9;
25/05/2023 10:27:49	SQL :EXEC GetUserTreeMenu 'nanang.andriani','1620',@CompanyId=9;
25/05/2023 10:27:49	SQL :EXEC GetUserSubMenu 'nanang.andriani','17';
25/05/2023 10:27:49	SQL :EXEC GetUserTreeMenu 'nanang.andriani','1701',@CompanyId=9;
25/05/2023 10:27:49	SQL :EXEC GetUserTreeMenu 'nanang.andriani','1702',@CompanyId=9;
25/05/2023 10:27:49	SQL :EXEC GetUserTreeMenu 'nanang.andriani','1703',@CompanyId=9;
25/05/2023 10:27:49	SQL :EXEC GetUserTreeMenu 'nanang.andriani','1704',@CompanyId=9;
25/05/2023 10:27:50	SQL :EXEC GetUserTreeMenu 'nanang.andriani','1705',@CompanyId=9;
25/05/2023 10:27:50	SQL :EXEC GetUserTreeMenu 'nanang.andriani','1706',@CompanyId=9;
25/05/2023 10:27:50	SQL :EXEC GetUserTreeMenu 'nanang.andriani','1707',@CompanyId=9;
25/05/2023 10:27:50	SQL :EXEC GetUserTreeMenu 'nanang.andriani','1708',@CompanyId=9;
25/05/2023 10:27:50	SQL :EXEC GetUserTreeMenu 'nanang.andriani','1709',@CompanyId=9;
25/05/2023 10:27:50	SQL :EXEC GetUserTreeMenu 'nanang.andriani','1710',@CompanyId=9;
25/05/2023 10:27:50	SQL :EXEC GetUserTreeMenu 'nanang.andriani','1711',@CompanyId=9;
25/05/2023 10:27:50	SQL :EXEC GetUserTreeMenu 'nanang.andriani','1712',@CompanyId=9;
25/05/2023 10:27:50	SQL :EXEC GetUserTreeMenu 'nanang.andriani','1713',@CompanyId=9;
25/05/2023 10:27:50	SQL :EXEC GetUserTreeMenu 'nanang.andriani','1714',@CompanyId=9;
25/05/2023 10:27:50	SQL :EXEC GetUserTreeMenu 'nanang.andriani','1715',@CompanyId=9;
25/05/2023 10:27:50	SQL :EXEC GetUserTreeMenu 'nanang.andriani','1716',@CompanyId=9;
25/05/2023 10:27:50	SQL :EXEC GetUserTreeMenu 'nanang.andriani','1717',@CompanyId=9;
25/05/2023 10:27:50	SQL :EXEC GetUserSubMenu 'nanang.andriani','18';
25/05/2023 10:27:50	SQL :EXEC GetUserTreeMenu 'nanang.andriani','1801',@CompanyId=9;
25/05/2023 10:27:50	SQL :EXEC GetUserSubMenu 'nanang.andriani','19';
25/05/2023 10:27:50	SQL :EXEC GetUserTreeMenu 'nanang.andriani','1901',@CompanyId=9;
25/05/2023 10:27:50	SQL :EXEC GetUserTreeMenu 'nanang.andriani','1902',@CompanyId=9;
25/05/2023 10:27:51	SQL :EXEC GetUserTreeMenu 'nanang.andriani','1903',@CompanyId=9;
25/05/2023 10:27:51	SQL :EXEC GetUserTreeMenu 'nanang.andriani','1904',@CompanyId=9;
25/05/2023 10:27:51	SQL :EXEC GetUserTreeMenu 'nanang.andriani','1905',@CompanyId=9;
25/05/2023 10:27:51	SQL :EXEC GetUserTreeMenu 'nanang.andriani','1906',@CompanyId=9;
25/05/2023 10:27:51	SQL :EXEC GetUserTreeMenu 'nanang.andriani','1907',@CompanyId=9;
25/05/2023 10:27:51	SQL :EXEC GetUserTreeMenu 'nanang.andriani','1908',@CompanyId=9;
25/05/2023 10:27:51	SQL :EXEC GetUserTreeMenu 'nanang.andriani','1909',@CompanyId=9;
25/05/2023 10:27:51	SQL :EXEC GetUserTreeMenu 'nanang.andriani','1910',@CompanyId=9;
25/05/2023 10:27:51	SQL :EXEC GetUserTreeMenu 'nanang.andriani','1911',@CompanyId=9;
25/05/2023 10:27:51	SQL :EXEC GetUserTreeMenu 'nanang.andriani','1912',@CompanyId=9;
25/05/2023 10:27:51	SQL :SELECT CONVERT(VARCHAR(8),GETDATE(),108) AS hour_minute;
25/05/2023 10:27:51	SQL :SELECT CONVERT(VARCHAR(10),GETDATE(),103) AS date_time;
25/05/2023 10:27:51	Loading Setting
25/05/2023 10:27:51	Open DB Connection
25/05/2023 10:27:51	SQL :SELECT * FROM wh_setting WHERE setting_name='Hold_Less_Deposit';
25/05/2023 10:27:51	SQL :SELECT * FROM wh_setting WHERE setting_name='Max_Less_Deposit';
25/05/2023 10:27:51	SQL :SELECT * FROM wh_setting WHERE setting_name='Dashboard_9';
25/05/2023 10:27:51	Finish Logging
25/05/2023 10:27:51	SQL :SELECT value_string FROM wh_setting WHERE (setting_name='Interval_CheckInDate') AND (active=1);
25/05/2023 10:27:51	SQL :SELECT value_string FROM wh_setting WHERE (setting_name='Interval_CheckInTime') AND (active=1);
25/05/2023 10:27:52	SQL :SELECT value_string FROM wh_setting WHERE (setting_name='ChatEnable') and (active=1);
25/05/2023 10:27:52	Message:Port Check
25/05/2023 10:27:52	Message:Open DB Connection
25/05/2023 10:27:52	SQL :EXEC GetMessage '01','nanang.andriani';
25/05/2023 10:27:52	SQL :SELECT CONVERT(VARCHAR(8),GETDATE(),108) AS hour_minute;
25/05/2023 10:27:52	SQL :SELECT CONVERT(VARCHAR(10),GETDATE(),103) AS date_time;
25/05/2023 10:27:59	Location change from14
25/05/2023 10:27:59	Open DB Connection
25/05/2023 10:28:03	Open DB Connection
25/05/2023 10:28:03	SQL :UPDATE wh_user SET company_location_id=2 WHERE username='nanang.andriani';
25/05/2023 10:28:03	Location change to9-14
25/05/2023 10:28:03	Open DB Connection
25/05/2023 10:28:03	SQL :EXEC GetUserMenu 'nanang.andriani';
25/05/2023 10:28:03	SQL :EXEC GetUserSubMenu 'nanang.andriani','11';
25/05/2023 10:28:03	SQL :EXEC GetUserTreeMenu 'nanang.andriani','1101',@CompanyId=2;
25/05/2023 10:28:03	SQL :EXEC GetUserTreeMenu 'nanang.andriani','1102',@CompanyId=2;
25/05/2023 10:28:03	SQL :EXEC GetUserTreeMenu 'nanang.andriani','1103',@CompanyId=2;
25/05/2023 10:28:03	SQL :EXEC GetUserTreeMenu 'nanang.andriani','1104',@CompanyId=2;
25/05/2023 10:28:03	SQL :EXEC GetUserTreeMenu 'nanang.andriani','1105',@CompanyId=2;
25/05/2023 10:28:03	SQL :EXEC GetUserTreeMenu 'nanang.andriani','1106',@CompanyId=2;
25/05/2023 10:28:03	SQL :EXEC GetUserTreeMenu 'nanang.andriani','1107',@CompanyId=2;
25/05/2023 10:28:03	SQL :EXEC GetUserTreeMenu 'nanang.andriani','1108',@CompanyId=2;
25/05/2023 10:28:03	SQL :EXEC GetUserTreeMenu 'nanang.andriani','1109',@CompanyId=2;
25/05/2023 10:28:03	SQL :EXEC GetUserTreeMenu 'nanang.andriani','1110',@CompanyId=2;
25/05/2023 10:28:03	SQL :EXEC GetUserTreeMenu 'nanang.andriani','1111',@CompanyId=2;
25/05/2023 10:28:03	SQL :EXEC GetUserTreeMenu 'nanang.andriani','1112',@CompanyId=2;
25/05/2023 10:28:03	SQL :EXEC GetUserTreeMenu 'nanang.andriani','1113',@CompanyId=2;
25/05/2023 10:28:03	SQL :EXEC GetUserTreeMenu 'nanang.andriani','1114',@CompanyId=2;
25/05/2023 10:28:03	SQL :EXEC GetUserTreeMenu 'nanang.andriani','1115',@CompanyId=2;
25/05/2023 10:28:03	SQL :EXEC GetUserTreeMenu 'nanang.andriani','1116',@CompanyId=2;
25/05/2023 10:28:03	SQL :EXEC GetUserTreeMenu 'nanang.andriani','1117',@CompanyId=2;
25/05/2023 10:28:03	SQL :EXEC GetUserTreeMenu 'nanang.andriani','1198',@CompanyId=2;
25/05/2023 10:28:04	SQL :EXEC GetUserTreeMenu 'nanang.andriani','1199',@CompanyId=2;
25/05/2023 10:28:04	SQL :EXEC GetUserSubMenu 'nanang.andriani','12';
25/05/2023 10:28:04	SQL :EXEC GetUserTreeMenu 'nanang.andriani','1201',@CompanyId=2;
25/05/2023 10:28:04	SQL :EXEC GetUserTreeMenu 'nanang.andriani','1202',@CompanyId=2;
25/05/2023 10:28:04	SQL :EXEC GetUserTreeMenu 'nanang.andriani','1203',@CompanyId=2;
25/05/2023 10:28:04	SQL :EXEC GetUserTreeMenu 'nanang.andriani','1204',@CompanyId=2;
25/05/2023 10:28:04	SQL :EXEC GetUserTreeMenu 'nanang.andriani','1205',@CompanyId=2;
25/05/2023 10:28:04	SQL :EXEC GetUserTreeMenu 'nanang.andriani','1206',@CompanyId=2;
25/05/2023 10:28:04	SQL :EXEC GetUserTreeMenu 'nanang.andriani','1207',@CompanyId=2;
25/05/2023 10:28:04	SQL :EXEC GetUserSubMenu 'nanang.andriani','13';
25/05/2023 10:28:04	SQL :EXEC GetUserTreeMenu 'nanang.andriani','1301',@CompanyId=2;
25/05/2023 10:28:04	SQL :EXEC GetUserTreeMenu 'nanang.andriani','1302',@CompanyId=2;
25/05/2023 10:28:04	SQL :EXEC GetUserTreeMenu 'nanang.andriani','1303',@CompanyId=2;
25/05/2023 10:28:04	SQL :EXEC GetUserTreeMenu 'nanang.andriani','1304',@CompanyId=2;
25/05/2023 10:28:04	SQL :EXEC GetUserTreeMenu 'nanang.andriani','1305',@CompanyId=2;
25/05/2023 10:28:04	SQL :EXEC GetUserTreeMenu 'nanang.andriani','1306',@CompanyId=2;
25/05/2023 10:28:04	SQL :EXEC GetUserTreeMenu 'nanang.andriani','1307',@CompanyId=2;
25/05/2023 10:28:04	SQL :EXEC GetUserTreeMenu 'nanang.andriani','1308',@CompanyId=2;
25/05/2023 10:28:04	SQL :EXEC GetUserTreeMenu 'nanang.andriani','1309',@CompanyId=2;
25/05/2023 10:28:04	SQL :EXEC GetUserTreeMenu 'nanang.andriani','1310',@CompanyId=2;
25/05/2023 10:28:04	SQL :EXEC GetUserTreeMenu 'nanang.andriani','1311',@CompanyId=2;
25/05/2023 10:28:04	SQL :EXEC GetUserTreeMenu 'nanang.andriani','1312',@CompanyId=2;
25/05/2023 10:28:04	SQL :EXEC GetUserTreeMenu 'nanang.andriani','1313',@CompanyId=2;
25/05/2023 10:28:04	SQL :EXEC GetUserTreeMenu 'nanang.andriani','1314',@CompanyId=2;
25/05/2023 10:28:05	SQL :EXEC GetUserTreeMenu 'nanang.andriani','1315',@CompanyId=2;
25/05/2023 10:28:05	SQL :EXEC GetUserTreeMenu 'nanang.andriani','1316',@CompanyId=2;
25/05/2023 10:28:05	SQL :EXEC GetUserTreeMenu 'nanang.andriani','1317',@CompanyId=2;
25/05/2023 10:28:05	SQL :EXEC GetUserTreeMenu 'nanang.andriani','1318',@CompanyId=2;
25/05/2023 10:28:05	SQL :EXEC GetUserTreeMenu 'nanang.andriani','1319',@CompanyId=2;
25/05/2023 10:28:05	SQL :EXEC GetUserTreeMenu 'nanang.andriani','1320',@CompanyId=2;
25/05/2023 10:28:05	SQL :EXEC GetUserTreeMenu 'nanang.andriani','1321',@CompanyId=2;
25/05/2023 10:28:05	SQL :EXEC GetUserTreeMenu 'nanang.andriani','1322',@CompanyId=2;
25/05/2023 10:28:05	SQL :EXEC GetUserSubMenu 'nanang.andriani','14';
25/05/2023 10:28:05	SQL :EXEC GetUserTreeMenu 'nanang.andriani','1401',@CompanyId=2;
25/05/2023 10:28:05	SQL :EXEC GetUserTreeMenu 'nanang.andriani','1402',@CompanyId=2;
25/05/2023 10:28:05	SQL :EXEC GetUserTreeMenu 'nanang.andriani','1403',@CompanyId=2;
25/05/2023 10:28:05	SQL :EXEC GetUserTreeMenu 'nanang.andriani','1404',@CompanyId=2;
25/05/2023 10:28:05	SQL :EXEC GetUserTreeMenu 'nanang.andriani','1406',@CompanyId=2;
25/05/2023 10:28:05	SQL :EXEC GetUserTreeMenu 'nanang.andriani','1408',@CompanyId=2;
25/05/2023 10:28:05	SQL :EXEC GetUserTreeMenu 'nanang.andriani','1410',@CompanyId=2;
25/05/2023 10:28:05	SQL :EXEC GetUserTreeMenu 'nanang.andriani','1411',@CompanyId=2;
25/05/2023 10:28:05	SQL :EXEC GetUserTreeMenu 'nanang.andriani','1412',@CompanyId=2;
25/05/2023 10:28:05	SQL :EXEC GetUserTreeMenu 'nanang.andriani','1413',@CompanyId=2;
25/05/2023 10:28:05	SQL :EXEC GetUserTreeMenu 'nanang.andriani','1414',@CompanyId=2;
25/05/2023 10:28:05	SQL :EXEC GetUserSubMenu 'nanang.andriani','15';
25/05/2023 10:28:05	SQL :EXEC GetUserTreeMenu 'nanang.andriani','1501',@CompanyId=2;
25/05/2023 10:28:05	SQL :EXEC GetUserTreeMenu 'nanang.andriani','1502',@CompanyId=2;
25/05/2023 10:28:05	SQL :EXEC GetUserTreeMenu 'nanang.andriani','1503',@CompanyId=2;
25/05/2023 10:28:06	SQL :EXEC GetUserTreeMenu 'nanang.andriani','1504',@CompanyId=2;
25/05/2023 10:28:06	SQL :EXEC GetUserTreeMenu 'nanang.andriani','1505',@CompanyId=2;
25/05/2023 10:28:06	SQL :EXEC GetUserTreeMenu 'nanang.andriani','1506',@CompanyId=2;
25/05/2023 10:28:06	SQL :EXEC GetUserTreeMenu 'nanang.andriani','1507',@CompanyId=2;
25/05/2023 10:28:06	SQL :EXEC GetUserTreeMenu 'nanang.andriani','1508',@CompanyId=2;
25/05/2023 10:28:06	SQL :EXEC GetUserTreeMenu 'nanang.andriani','1509',@CompanyId=2;
25/05/2023 10:28:06	SQL :EXEC GetUserTreeMenu 'nanang.andriani','1510',@CompanyId=2;
25/05/2023 10:28:06	SQL :EXEC GetUserTreeMenu 'nanang.andriani','1511',@CompanyId=2;
25/05/2023 10:28:06	SQL :EXEC GetUserSubMenu 'nanang.andriani','16';
25/05/2023 10:28:06	SQL :EXEC GetUserTreeMenu 'nanang.andriani','1601',@CompanyId=2;
25/05/2023 10:28:06	SQL :EXEC GetUserTreeMenu 'nanang.andriani','1602',@CompanyId=2;
25/05/2023 10:28:06	SQL :EXEC GetUserTreeMenu 'nanang.andriani','1603',@CompanyId=2;
25/05/2023 10:28:06	SQL :EXEC GetUserTreeMenu 'nanang.andriani','1604',@CompanyId=2;
25/05/2023 10:28:06	SQL :EXEC GetUserTreeMenu 'nanang.andriani','1605',@CompanyId=2;
25/05/2023 10:28:06	SQL :EXEC GetUserTreeMenu 'nanang.andriani','1606',@CompanyId=2;
25/05/2023 10:28:06	SQL :EXEC GetUserTreeMenu 'nanang.andriani','1607',@CompanyId=2;
25/05/2023 10:28:06	SQL :EXEC GetUserTreeMenu 'nanang.andriani','1608',@CompanyId=2;
25/05/2023 10:28:07	SQL :EXEC GetUserTreeMenu 'nanang.andriani','1609',@CompanyId=2;
25/05/2023 10:28:07	SQL :EXEC GetUserTreeMenu 'nanang.andriani','1610',@CompanyId=2;
25/05/2023 10:28:07	SQL :EXEC GetUserTreeMenu 'nanang.andriani','1611',@CompanyId=2;
25/05/2023 10:28:07	SQL :EXEC GetUserTreeMenu 'nanang.andriani','1612',@CompanyId=2;
25/05/2023 10:28:07	SQL :EXEC GetUserTreeMenu 'nanang.andriani','1613',@CompanyId=2;
25/05/2023 10:28:07	SQL :EXEC GetUserTreeMenu 'nanang.andriani','1614',@CompanyId=2;
25/05/2023 10:28:07	SQL :EXEC GetUserTreeMenu 'nanang.andriani','1615',@CompanyId=2;
25/05/2023 10:28:07	SQL :EXEC GetUserTreeMenu 'nanang.andriani','1616',@CompanyId=2;
25/05/2023 10:28:07	SQL :EXEC GetUserTreeMenu 'nanang.andriani','1619',@CompanyId=2;
25/05/2023 10:28:07	SQL :EXEC GetUserTreeMenu 'nanang.andriani','1620',@CompanyId=2;
25/05/2023 10:28:08	SQL :EXEC GetUserSubMenu 'nanang.andriani','17';
25/05/2023 10:28:08	SQL :EXEC GetUserTreeMenu 'nanang.andriani','1701',@CompanyId=2;
25/05/2023 10:28:08	SQL :EXEC GetUserTreeMenu 'nanang.andriani','1702',@CompanyId=2;
25/05/2023 10:28:08	SQL :EXEC GetUserTreeMenu 'nanang.andriani','1703',@CompanyId=2;
25/05/2023 10:28:08	SQL :EXEC GetUserTreeMenu 'nanang.andriani','1704',@CompanyId=2;
25/05/2023 10:28:08	SQL :EXEC GetUserTreeMenu 'nanang.andriani','1705',@CompanyId=2;
25/05/2023 10:28:08	SQL :EXEC GetUserTreeMenu 'nanang.andriani','1706',@CompanyId=2;
25/05/2023 10:28:08	SQL :EXEC GetUserTreeMenu 'nanang.andriani','1707',@CompanyId=2;
25/05/2023 10:28:08	SQL :EXEC GetUserTreeMenu 'nanang.andriani','1708',@CompanyId=2;
25/05/2023 10:28:08	SQL :EXEC GetUserTreeMenu 'nanang.andriani','1709',@CompanyId=2;
25/05/2023 10:28:08	SQL :EXEC GetUserTreeMenu 'nanang.andriani','1710',@CompanyId=2;
25/05/2023 10:28:09	SQL :EXEC GetUserTreeMenu 'nanang.andriani','1711',@CompanyId=2;
25/05/2023 10:28:09	SQL :EXEC GetUserTreeMenu 'nanang.andriani','1712',@CompanyId=2;
25/05/2023 10:28:09	SQL :EXEC GetUserTreeMenu 'nanang.andriani','1713',@CompanyId=2;
25/05/2023 10:28:09	SQL :EXEC GetUserTreeMenu 'nanang.andriani','1714',@CompanyId=2;
25/05/2023 10:28:09	SQL :EXEC GetUserTreeMenu 'nanang.andriani','1715',@CompanyId=2;
25/05/2023 10:28:09	SQL :EXEC GetUserTreeMenu 'nanang.andriani','1716',@CompanyId=2;
25/05/2023 10:28:09	SQL :EXEC GetUserTreeMenu 'nanang.andriani','1717',@CompanyId=2;
25/05/2023 10:28:09	SQL :EXEC GetUserSubMenu 'nanang.andriani','18';
25/05/2023 10:28:09	SQL :EXEC GetUserTreeMenu 'nanang.andriani','1801',@CompanyId=2;
25/05/2023 10:28:09	SQL :EXEC GetUserSubMenu 'nanang.andriani','19';
25/05/2023 10:28:09	SQL :EXEC GetUserTreeMenu 'nanang.andriani','1901',@CompanyId=2;
25/05/2023 10:28:10	SQL :EXEC GetUserTreeMenu 'nanang.andriani','1902',@CompanyId=2;
25/05/2023 10:28:10	SQL :EXEC GetUserTreeMenu 'nanang.andriani','1903',@CompanyId=2;
25/05/2023 10:28:10	SQL :EXEC GetUserTreeMenu 'nanang.andriani','1904',@CompanyId=2;
25/05/2023 10:28:10	SQL :EXEC GetUserTreeMenu 'nanang.andriani','1905',@CompanyId=2;
25/05/2023 10:28:10	SQL :EXEC GetUserTreeMenu 'nanang.andriani','1906',@CompanyId=2;
25/05/2023 10:28:10	SQL :EXEC GetUserTreeMenu 'nanang.andriani','1907',@CompanyId=2;
25/05/2023 10:28:10	SQL :EXEC GetUserTreeMenu 'nanang.andriani','1908',@CompanyId=2;
25/05/2023 10:28:10	SQL :EXEC GetUserTreeMenu 'nanang.andriani','1909',@CompanyId=2;
25/05/2023 10:28:10	SQL :EXEC GetUserTreeMenu 'nanang.andriani','1910',@CompanyId=2;
25/05/2023 10:28:10	SQL :EXEC GetUserTreeMenu 'nanang.andriani','1911',@CompanyId=2;
25/05/2023 10:28:10	SQL :EXEC GetUserTreeMenu 'nanang.andriani','1912',@CompanyId=2;
25/05/2023 10:28:17	Open Menu :130105
25/05/2023 10:28:17	Open DB Connection
25/05/2023 10:28:17	SQL :EXEC AuthMenu 'nanang.andriani',130105;
25/05/2023 10:28:17	Form Check :VehicleList
25/05/2023 10:28:17	Form Check :VehicleList
25/05/2023 10:28:17	Form Open: VehicleList=Bus,FormRequest=
25/05/2023 10:28:17	Open DB Connection
25/05/2023 10:28:17	SQL :EXEC GetCompanyLocationList
25/05/2023 10:28:17	SQL :EXEC GetGroup 2;
25/05/2023 10:28:17	Open DB Connection
25/05/2023 10:28:17	SQL :EXEC GetVhcList 6,0,@CompanyId=2;
25/05/2023 10:33:54	Message:Port Check
25/05/2023 10:33:54	Message:Open DB Connection
25/05/2023 10:33:54	SQL :EXEC GetMessage '01','nanang.andriani';
25/05/2023 10:33:54	SQL :SELECT CONVERT(VARCHAR(8),GETDATE(),108) AS hour_minute;
25/05/2023 10:33:54	SQL :SELECT CONVERT(VARCHAR(10),GETDATE(),103) AS date_time;
25/05/2023 10:44:01	Message:Port Check
25/05/2023 10:44:01	Message:Open DB Connection
25/05/2023 10:44:01	SQL :EXEC GetMessage '01','nanang.andriani';
25/05/2023 10:44:01	SQL :SELECT CONVERT(VARCHAR(8),GETDATE(),108) AS hour_minute;
25/05/2023 10:44:01	SQL :SELECT CONVERT(VARCHAR(10),GETDATE(),103) AS date_time;
25/05/2023 10:54:07	Message:Port Check
25/05/2023 10:54:07	Message:Open DB Connection
25/05/2023 10:54:07	SQL :EXEC GetMessage '01','nanang.andriani';
25/05/2023 10:54:08	SQL :SELECT CONVERT(VARCHAR(8),GETDATE(),108) AS hour_minute;
25/05/2023 10:54:08	SQL :SELECT CONVERT(VARCHAR(10),GETDATE(),103) AS date_time;
25/05/2023 10:59:12	Open Menu :130205
25/05/2023 10:59:12	Open DB Connection
25/05/2023 10:59:12	SQL :EXEC AuthMenu 'nanang.andriani',130205;
25/05/2023 10:59:13	Form Check :EmployeeList
25/05/2023 10:59:13	Open DB Connection
25/05/2023 10:59:13	SQL :EXEC GetCompanyLocationList
25/05/2023 10:59:13	Open DB Connection
25/05/2023 10:59:13	SQL :EXEC GetEmployeeList 2,6,1,@CompanyId=2;
25/05/2023 10:59:15	Form Check :EmployeeForm
25/05/2023 10:59:15	Open DB Connection
25/05/2023 10:59:15	SQL :SELECT * FROM wh_education
25/05/2023 10:59:15	SQL :SELECT * FROM wh_religion
25/05/2023 10:59:15	SQL :SELECT * FROM wh_reference WHERE company_id=2
25/05/2023 10:59:15	SQL :EXEC GetCompanyLocationList
25/05/2023 10:59:15	SQL :SELECT * FROM wh_license_type
25/05/2023 10:59:15	SQL :SELECT * FROM wh_department WHERE active=1
25/05/2023 10:59:15	Open DB Connection
25/05/2023 10:59:15	SQL :EXEC GetEmployeeDetail BS21070003
25/05/2023 10:59:16	SQL :SELECT * FROM wh_empl_image WHERE empl_image_id=(SELECT MAX(empl_image_id) FROM wh_empl_image  WHERE employee_id='BS21070003' AND image_id=1);
25/05/2023 10:59:16	SQL :SELECT * FROM wh_empl_image WHERE empl_image_id=(SELECT MAX(empl_image_id) FROM wh_empl_image  WHERE employee_id='BS21070003' AND image_id=2);
25/05/2023 10:59:16	SQL :SELECT * FROM wh_empl_image WHERE empl_image_id=(SELECT MAX(empl_image_id) FROM wh_empl_image  WHERE employee_id='BS21070003' AND image_id=6);
25/05/2023 10:59:16	SQL :SELECT * FROM wh_empl_image WHERE empl_image_id=(SELECT MAX(empl_image_id) FROM wh_empl_image  WHERE employee_id='BS21070003' AND image_id=5);
25/05/2023 10:59:16	Open DB Connection
25/05/2023 10:59:16	SQL :SELECT a.empl_mutation_id,CONVERT(VARCHAR(10),a.from_date,105) AS from_date,COALESCE(CONVERT(VARCHAR(10),a.to_date,105),'') AS to_date  ,b.name AS company,c.location,d.status,a.description AS descr FROM wh_empl_mutation a  INNER JOIN wh_company b ON b.company_id=a.company_id INNER JOIN wh_location c ON c.location_id=a.location_id INNER JOIN wh_empl_status d ON d.status_id=a.status_id WHERE employee_id='BS21070003';
25/05/2023 10:59:18	Open DB Connection
25/05/2023 10:59:36	Open DB Connection
25/05/2023 10:59:50	Form Check :EmployeeForm
25/05/2023 10:59:50	Open DB Connection
25/05/2023 10:59:50	SQL :SELECT * FROM wh_education
25/05/2023 10:59:50	SQL :SELECT * FROM wh_religion
25/05/2023 10:59:50	SQL :SELECT * FROM wh_reference WHERE company_id=2
25/05/2023 10:59:50	SQL :EXEC GetCompanyLocationList
25/05/2023 10:59:50	SQL :SELECT * FROM wh_license_type
25/05/2023 10:59:50	SQL :SELECT * FROM wh_department WHERE active=1
25/05/2023 10:59:50	Open DB Connection
25/05/2023 10:59:50	SQL :EXEC GetEmployeeDetail BS21070003
25/05/2023 10:59:50	SQL :SELECT * FROM wh_empl_image WHERE empl_image_id=(SELECT MAX(empl_image_id) FROM wh_empl_image  WHERE employee_id='BS21070003' AND image_id=1);
25/05/2023 10:59:50	SQL :SELECT * FROM wh_empl_image WHERE empl_image_id=(SELECT MAX(empl_image_id) FROM wh_empl_image  WHERE employee_id='BS21070003' AND image_id=2);
25/05/2023 10:59:51	SQL :SELECT * FROM wh_empl_image WHERE empl_image_id=(SELECT MAX(empl_image_id) FROM wh_empl_image  WHERE employee_id='BS21070003' AND image_id=6);
25/05/2023 10:59:51	SQL :SELECT * FROM wh_empl_image WHERE empl_image_id=(SELECT MAX(empl_image_id) FROM wh_empl_image  WHERE employee_id='BS21070003' AND image_id=5);
25/05/2023 10:59:51	Open DB Connection
25/05/2023 10:59:51	SQL :SELECT a.empl_mutation_id,CONVERT(VARCHAR(10),a.from_date,105) AS from_date,COALESCE(CONVERT(VARCHAR(10),a.to_date,105),'') AS to_date  ,b.name AS company,c.location,d.status,a.description AS descr FROM wh_empl_mutation a  INNER JOIN wh_company b ON b.company_id=a.company_id INNER JOIN wh_location c ON c.location_id=a.location_id INNER JOIN wh_empl_status d ON d.status_id=a.status_id WHERE employee_id='BS21070003';
25/05/2023 10:59:56	Form Check :EmployeeForm
25/05/2023 10:59:57	Open DB Connection
25/05/2023 10:59:57	SQL :SELECT * FROM wh_education
25/05/2023 10:59:57	SQL :SELECT * FROM wh_religion
25/05/2023 10:59:57	SQL :SELECT * FROM wh_reference WHERE company_id=2
25/05/2023 10:59:57	SQL :EXEC GetCompanyLocationList
25/05/2023 10:59:57	SQL :SELECT * FROM wh_license_type
25/05/2023 10:59:57	SQL :SELECT * FROM wh_department WHERE active=1
25/05/2023 10:59:57	Open DB Connection
25/05/2023 10:59:57	SQL :EXEC GetEmployeeDetail BS20080003
25/05/2023 10:59:58	SQL :SELECT * FROM wh_empl_image WHERE empl_image_id=(SELECT MAX(empl_image_id) FROM wh_empl_image  WHERE employee_id='BS20080003' AND image_id=1);
25/05/2023 10:59:58	SQL :SELECT * FROM wh_empl_image WHERE empl_image_id=(SELECT MAX(empl_image_id) FROM wh_empl_image  WHERE employee_id='BS20080003' AND image_id=2);
25/05/2023 10:59:58	SQL :SELECT * FROM wh_empl_image WHERE empl_image_id=(SELECT MAX(empl_image_id) FROM wh_empl_image  WHERE employee_id='BS20080003' AND image_id=6);
25/05/2023 10:59:58	SQL :SELECT * FROM wh_empl_image WHERE empl_image_id=(SELECT MAX(empl_image_id) FROM wh_empl_image  WHERE employee_id='BS20080003' AND image_id=5);
25/05/2023 10:59:58	Open DB Connection
25/05/2023 10:59:58	SQL :SELECT a.empl_mutation_id,CONVERT(VARCHAR(10),a.from_date,105) AS from_date,COALESCE(CONVERT(VARCHAR(10),a.to_date,105),'') AS to_date  ,b.name AS company,c.location,d.status,a.description AS descr FROM wh_empl_mutation a  INNER JOIN wh_company b ON b.company_id=a.company_id INNER JOIN wh_location c ON c.location_id=a.location_id INNER JOIN wh_empl_status d ON d.status_id=a.status_id WHERE employee_id='BS20080003';
25/05/2023 11:00:08	Form Check :EmployeeForm
25/05/2023 11:00:08	Open DB Connection
25/05/2023 11:00:08	SQL :SELECT * FROM wh_education
25/05/2023 11:00:08	SQL :SELECT * FROM wh_religion
25/05/2023 11:00:08	SQL :SELECT * FROM wh_reference WHERE company_id=2
25/05/2023 11:00:08	SQL :EXEC GetCompanyLocationList
25/05/2023 11:00:08	SQL :SELECT * FROM wh_license_type
25/05/2023 11:00:08	SQL :SELECT * FROM wh_department WHERE active=1
25/05/2023 11:00:08	Open DB Connection
25/05/2023 11:00:08	SQL :EXEC GetEmployeeDetail BS22060004
25/05/2023 11:00:09	SQL :SELECT * FROM wh_empl_image WHERE empl_image_id=(SELECT MAX(empl_image_id) FROM wh_empl_image  WHERE employee_id='BS22060004' AND image_id=1);
25/05/2023 11:00:09	SQL :SELECT * FROM wh_empl_image WHERE empl_image_id=(SELECT MAX(empl_image_id) FROM wh_empl_image  WHERE employee_id='BS22060004' AND image_id=2);
25/05/2023 11:00:09	SQL :SELECT * FROM wh_empl_image WHERE empl_image_id=(SELECT MAX(empl_image_id) FROM wh_empl_image  WHERE employee_id='BS22060004' AND image_id=6);
25/05/2023 11:00:09	SQL :SELECT * FROM wh_empl_image WHERE empl_image_id=(SELECT MAX(empl_image_id) FROM wh_empl_image  WHERE employee_id='BS22060004' AND image_id=5);
25/05/2023 11:00:09	Open DB Connection
25/05/2023 11:00:09	SQL :SELECT a.empl_mutation_id,CONVERT(VARCHAR(10),a.from_date,105) AS from_date,COALESCE(CONVERT(VARCHAR(10),a.to_date,105),'') AS to_date  ,b.name AS company,c.location,d.status,a.description AS descr FROM wh_empl_mutation a  INNER JOIN wh_company b ON b.company_id=a.company_id INNER JOIN wh_location c ON c.location_id=a.location_id INNER JOIN wh_empl_status d ON d.status_id=a.status_id WHERE employee_id='BS22060004';
25/05/2023 11:00:15	Form Check :EmployeeForm
25/05/2023 11:00:15	Open DB Connection
25/05/2023 11:00:15	SQL :SELECT * FROM wh_education
25/05/2023 11:00:15	SQL :SELECT * FROM wh_religion
25/05/2023 11:00:15	SQL :SELECT * FROM wh_reference WHERE company_id=2
25/05/2023 11:00:15	SQL :EXEC GetCompanyLocationList
25/05/2023 11:00:15	SQL :SELECT * FROM wh_license_type
25/05/2023 11:00:15	SQL :SELECT * FROM wh_department WHERE active=1
25/05/2023 11:00:15	Open DB Connection
25/05/2023 11:00:15	SQL :EXEC GetEmployeeDetail BU13090037
25/05/2023 11:00:16	SQL :SELECT * FROM wh_empl_image WHERE empl_image_id=(SELECT MAX(empl_image_id) FROM wh_empl_image  WHERE employee_id='BU13090037' AND image_id=1);
25/05/2023 11:00:16	SQL :SELECT * FROM wh_empl_image WHERE empl_image_id=(SELECT MAX(empl_image_id) FROM wh_empl_image  WHERE employee_id='BU13090037' AND image_id=2);
25/05/2023 11:00:16	SQL :SELECT * FROM wh_empl_image WHERE empl_image_id=(SELECT MAX(empl_image_id) FROM wh_empl_image  WHERE employee_id='BU13090037' AND image_id=6);
25/05/2023 11:00:16	SQL :SELECT * FROM wh_empl_image WHERE empl_image_id=(SELECT MAX(empl_image_id) FROM wh_empl_image  WHERE employee_id='BU13090037' AND image_id=5);
25/05/2023 11:00:17	Open DB Connection
25/05/2023 11:00:17	SQL :SELECT a.empl_mutation_id,CONVERT(VARCHAR(10),a.from_date,105) AS from_date,COALESCE(CONVERT(VARCHAR(10),a.to_date,105),'') AS to_date  ,b.name AS company,c.location,d.status,a.description AS descr FROM wh_empl_mutation a  INNER JOIN wh_company b ON b.company_id=a.company_id INNER JOIN wh_location c ON c.location_id=a.location_id INNER JOIN wh_empl_status d ON d.status_id=a.status_id WHERE employee_id='BU13090037';
25/05/2023 11:04:23	Message:Port Check
25/05/2023 11:04:23	Message:Open DB Connection
25/05/2023 11:04:23	SQL :EXEC GetMessage '01','nanang.andriani';
25/05/2023 11:04:24	SQL :SELECT CONVERT(VARCHAR(8),GETDATE(),108) AS hour_minute;
25/05/2023 11:04:24	SQL :SELECT CONVERT(VARCHAR(10),GETDATE(),103) AS date_time;
25/05/2023 11:13:18	Location change from6
25/05/2023 11:13:18	Open DB Connection
25/05/2023 11:13:22	Open DB Connection
25/05/2023 11:13:22	SQL :UPDATE wh_user SET company_location_id=26 WHERE username='nanang.andriani';
25/05/2023 11:13:22	Location change to2-6
25/05/2023 11:13:22	Open DB Connection
25/05/2023 11:13:22	SQL :EXEC GetUserMenu 'nanang.andriani';
25/05/2023 11:13:22	SQL :EXEC GetUserSubMenu 'nanang.andriani','11';
25/05/2023 11:13:22	SQL :EXEC GetUserTreeMenu 'nanang.andriani','1101',@CompanyId=9;
25/05/2023 11:13:22	SQL :EXEC GetUserTreeMenu 'nanang.andriani','1102',@CompanyId=9;
25/05/2023 11:13:22	SQL :EXEC GetUserTreeMenu 'nanang.andriani','1103',@CompanyId=9;
25/05/2023 11:13:22	SQL :EXEC GetUserTreeMenu 'nanang.andriani','1104',@CompanyId=9;
25/05/2023 11:13:22	SQL :EXEC GetUserTreeMenu 'nanang.andriani','1105',@CompanyId=9;
25/05/2023 11:13:22	SQL :EXEC GetUserTreeMenu 'nanang.andriani','1106',@CompanyId=9;
25/05/2023 11:13:22	SQL :EXEC GetUserTreeMenu 'nanang.andriani','1107',@CompanyId=9;
25/05/2023 11:13:22	SQL :EXEC GetUserTreeMenu 'nanang.andriani','1108',@CompanyId=9;
25/05/2023 11:13:23	SQL :EXEC GetUserTreeMenu 'nanang.andriani','1109',@CompanyId=9;
25/05/2023 11:13:23	SQL :EXEC GetUserTreeMenu 'nanang.andriani','1110',@CompanyId=9;
25/05/2023 11:13:23	SQL :EXEC GetUserTreeMenu 'nanang.andriani','1111',@CompanyId=9;
25/05/2023 11:13:23	SQL :EXEC GetUserTreeMenu 'nanang.andriani','1112',@CompanyId=9;
25/05/2023 11:13:23	SQL :EXEC GetUserTreeMenu 'nanang.andriani','1113',@CompanyId=9;
25/05/2023 11:13:23	SQL :EXEC GetUserTreeMenu 'nanang.andriani','1114',@CompanyId=9;
25/05/2023 11:13:23	SQL :EXEC GetUserTreeMenu 'nanang.andriani','1115',@CompanyId=9;
25/05/2023 11:13:23	SQL :EXEC GetUserTreeMenu 'nanang.andriani','1116',@CompanyId=9;
25/05/2023 11:13:23	SQL :EXEC GetUserTreeMenu 'nanang.andriani','1117',@CompanyId=9;
25/05/2023 11:13:23	SQL :EXEC GetUserTreeMenu 'nanang.andriani','1198',@CompanyId=9;
25/05/2023 11:13:24	SQL :EXEC GetUserTreeMenu 'nanang.andriani','1199',@CompanyId=9;
25/05/2023 11:13:24	SQL :EXEC GetUserSubMenu 'nanang.andriani','12';
25/05/2023 11:13:24	SQL :EXEC GetUserTreeMenu 'nanang.andriani','1201',@CompanyId=9;
25/05/2023 11:13:24	SQL :EXEC GetUserTreeMenu 'nanang.andriani','1202',@CompanyId=9;
25/05/2023 11:13:24	SQL :EXEC GetUserTreeMenu 'nanang.andriani','1203',@CompanyId=9;
25/05/2023 11:13:24	SQL :EXEC GetUserTreeMenu 'nanang.andriani','1204',@CompanyId=9;
25/05/2023 11:13:24	SQL :EXEC GetUserTreeMenu 'nanang.andriani','1205',@CompanyId=9;
25/05/2023 11:13:24	SQL :EXEC GetUserTreeMenu 'nanang.andriani','1206',@CompanyId=9;
25/05/2023 11:13:24	SQL :EXEC GetUserTreeMenu 'nanang.andriani','1207',@CompanyId=9;
25/05/2023 11:13:24	SQL :EXEC GetUserSubMenu 'nanang.andriani','13';
25/05/2023 11:13:24	SQL :EXEC GetUserTreeMenu 'nanang.andriani','1301',@CompanyId=9;
25/05/2023 11:13:24	SQL :EXEC GetUserTreeMenu 'nanang.andriani','1302',@CompanyId=9;
25/05/2023 11:13:24	SQL :EXEC GetUserTreeMenu 'nanang.andriani','1303',@CompanyId=9;
25/05/2023 11:13:24	SQL :EXEC GetUserTreeMenu 'nanang.andriani','1304',@CompanyId=9;
25/05/2023 11:13:24	SQL :EXEC GetUserTreeMenu 'nanang.andriani','1305',@CompanyId=9;
25/05/2023 11:13:24	SQL :EXEC GetUserTreeMenu 'nanang.andriani','1306',@CompanyId=9;
25/05/2023 11:13:24	SQL :EXEC GetUserTreeMenu 'nanang.andriani','1307',@CompanyId=9;
25/05/2023 11:13:24	SQL :EXEC GetUserTreeMenu 'nanang.andriani','1308',@CompanyId=9;
25/05/2023 11:13:24	SQL :EXEC GetUserTreeMenu 'nanang.andriani','1309',@CompanyId=9;
25/05/2023 11:13:24	SQL :EXEC GetUserTreeMenu 'nanang.andriani','1310',@CompanyId=9;
25/05/2023 11:13:24	SQL :EXEC GetUserTreeMenu 'nanang.andriani','1311',@CompanyId=9;
25/05/2023 11:13:24	SQL :EXEC GetUserTreeMenu 'nanang.andriani','1312',@CompanyId=9;
25/05/2023 11:13:24	SQL :EXEC GetUserTreeMenu 'nanang.andriani','1313',@CompanyId=9;
25/05/2023 11:13:25	SQL :EXEC GetUserTreeMenu 'nanang.andriani','1314',@CompanyId=9;
25/05/2023 11:13:25	SQL :EXEC GetUserTreeMenu 'nanang.andriani','1315',@CompanyId=9;
25/05/2023 11:13:25	SQL :EXEC GetUserTreeMenu 'nanang.andriani','1316',@CompanyId=9;
25/05/2023 11:13:25	SQL :EXEC GetUserTreeMenu 'nanang.andriani','1317',@CompanyId=9;
25/05/2023 11:13:25	SQL :EXEC GetUserTreeMenu 'nanang.andriani','1318',@CompanyId=9;
25/05/2023 11:13:25	SQL :EXEC GetUserTreeMenu 'nanang.andriani','1319',@CompanyId=9;
25/05/2023 11:13:25	SQL :EXEC GetUserTreeMenu 'nanang.andriani','1320',@CompanyId=9;
25/05/2023 11:13:25	SQL :EXEC GetUserTreeMenu 'nanang.andriani','1321',@CompanyId=9;
25/05/2023 11:13:25	SQL :EXEC GetUserTreeMenu 'nanang.andriani','1322',@CompanyId=9;
25/05/2023 11:13:25	SQL :EXEC GetUserSubMenu 'nanang.andriani','14';
25/05/2023 11:13:25	SQL :EXEC GetUserTreeMenu 'nanang.andriani','1401',@CompanyId=9;
25/05/2023 11:13:25	SQL :EXEC GetUserTreeMenu 'nanang.andriani','1402',@CompanyId=9;
25/05/2023 11:13:25	SQL :EXEC GetUserTreeMenu 'nanang.andriani','1403',@CompanyId=9;
25/05/2023 11:13:25	SQL :EXEC GetUserTreeMenu 'nanang.andriani','1404',@CompanyId=9;
25/05/2023 11:13:26	SQL :EXEC GetUserTreeMenu 'nanang.andriani','1406',@CompanyId=9;
25/05/2023 11:13:26	SQL :EXEC GetUserTreeMenu 'nanang.andriani','1408',@CompanyId=9;
25/05/2023 11:13:26	SQL :EXEC GetUserTreeMenu 'nanang.andriani','1410',@CompanyId=9;
25/05/2023 11:13:26	SQL :EXEC GetUserTreeMenu 'nanang.andriani','1411',@CompanyId=9;
25/05/2023 11:13:26	SQL :EXEC GetUserTreeMenu 'nanang.andriani','1412',@CompanyId=9;
25/05/2023 11:13:26	SQL :EXEC GetUserTreeMenu 'nanang.andriani','1413',@CompanyId=9;
25/05/2023 11:13:26	SQL :EXEC GetUserTreeMenu 'nanang.andriani','1414',@CompanyId=9;
25/05/2023 11:13:26	SQL :EXEC GetUserSubMenu 'nanang.andriani','15';
25/05/2023 11:13:26	SQL :EXEC GetUserTreeMenu 'nanang.andriani','1501',@CompanyId=9;
25/05/2023 11:13:26	SQL :EXEC GetUserTreeMenu 'nanang.andriani','1502',@CompanyId=9;
25/05/2023 11:13:26	SQL :EXEC GetUserTreeMenu 'nanang.andriani','1503',@CompanyId=9;
25/05/2023 11:13:26	SQL :EXEC GetUserTreeMenu 'nanang.andriani','1504',@CompanyId=9;
25/05/2023 11:13:26	SQL :EXEC GetUserTreeMenu 'nanang.andriani','1505',@CompanyId=9;
25/05/2023 11:13:26	SQL :EXEC GetUserTreeMenu 'nanang.andriani','1506',@CompanyId=9;
25/05/2023 11:13:26	SQL :EXEC GetUserTreeMenu 'nanang.andriani','1507',@CompanyId=9;
25/05/2023 11:13:26	SQL :EXEC GetUserTreeMenu 'nanang.andriani','1508',@CompanyId=9;
25/05/2023 11:13:26	SQL :EXEC GetUserTreeMenu 'nanang.andriani','1509',@CompanyId=9;
25/05/2023 11:13:27	SQL :EXEC GetUserTreeMenu 'nanang.andriani','1510',@CompanyId=9;
25/05/2023 11:13:27	SQL :EXEC GetUserTreeMenu 'nanang.andriani','1511',@CompanyId=9;
25/05/2023 11:13:27	SQL :EXEC GetUserSubMenu 'nanang.andriani','16';
25/05/2023 11:13:27	SQL :EXEC GetUserTreeMenu 'nanang.andriani','1601',@CompanyId=9;
25/05/2023 11:13:27	SQL :EXEC GetUserTreeMenu 'nanang.andriani','1602',@CompanyId=9;
25/05/2023 11:13:27	SQL :EXEC GetUserTreeMenu 'nanang.andriani','1603',@CompanyId=9;
25/05/2023 11:13:27	SQL :EXEC GetUserTreeMenu 'nanang.andriani','1604',@CompanyId=9;
25/05/2023 11:13:27	SQL :EXEC GetUserTreeMenu 'nanang.andriani','1605',@CompanyId=9;
25/05/2023 11:13:27	SQL :EXEC GetUserTreeMenu 'nanang.andriani','1606',@CompanyId=9;
25/05/2023 11:13:27	SQL :EXEC GetUserTreeMenu 'nanang.andriani','1607',@CompanyId=9;
25/05/2023 11:13:27	SQL :EXEC GetUserTreeMenu 'nanang.andriani','1608',@CompanyId=9;
25/05/2023 11:13:27	SQL :EXEC GetUserTreeMenu 'nanang.andriani','1609',@CompanyId=9;
25/05/2023 11:13:27	SQL :EXEC GetUserTreeMenu 'nanang.andriani','1610',@CompanyId=9;
25/05/2023 11:13:27	SQL :EXEC GetUserTreeMenu 'nanang.andriani','1611',@CompanyId=9;
25/05/2023 11:13:27	SQL :EXEC GetUserTreeMenu 'nanang.andriani','1612',@CompanyId=9;
25/05/2023 11:13:27	SQL :EXEC GetUserTreeMenu 'nanang.andriani','1613',@CompanyId=9;
25/05/2023 11:13:27	SQL :EXEC GetUserTreeMenu 'nanang.andriani','1614',@CompanyId=9;
25/05/2023 11:13:27	SQL :EXEC GetUserTreeMenu 'nanang.andriani','1615',@CompanyId=9;
25/05/2023 11:13:27	SQL :EXEC GetUserTreeMenu 'nanang.andriani','1616',@CompanyId=9;
25/05/2023 11:13:27	SQL :EXEC GetUserTreeMenu 'nanang.andriani','1619',@CompanyId=9;
25/05/2023 11:13:27	SQL :EXEC GetUserTreeMenu 'nanang.andriani','1620',@CompanyId=9;
25/05/2023 11:13:27	SQL :EXEC GetUserSubMenu 'nanang.andriani','17';
25/05/2023 11:13:28	SQL :EXEC GetUserTreeMenu 'nanang.andriani','1701',@CompanyId=9;
25/05/2023 11:13:28	SQL :EXEC GetUserTreeMenu 'nanang.andriani','1702',@CompanyId=9;
25/05/2023 11:13:28	SQL :EXEC GetUserTreeMenu 'nanang.andriani','1703',@CompanyId=9;
25/05/2023 11:13:28	SQL :EXEC GetUserTreeMenu 'nanang.andriani','1704',@CompanyId=9;
25/05/2023 11:13:28	SQL :EXEC GetUserTreeMenu 'nanang.andriani','1705',@CompanyId=9;
25/05/2023 11:13:28	SQL :EXEC GetUserTreeMenu 'nanang.andriani','1706',@CompanyId=9;
25/05/2023 11:13:28	SQL :EXEC GetUserTreeMenu 'nanang.andriani','1707',@CompanyId=9;
25/05/2023 11:13:28	SQL :EXEC GetUserTreeMenu 'nanang.andriani','1708',@CompanyId=9;
25/05/2023 11:13:28	SQL :EXEC GetUserTreeMenu 'nanang.andriani','1709',@CompanyId=9;
25/05/2023 11:13:28	SQL :EXEC GetUserTreeMenu 'nanang.andriani','1710',@CompanyId=9;
25/05/2023 11:13:28	SQL :EXEC GetUserTreeMenu 'nanang.andriani','1711',@CompanyId=9;
25/05/2023 11:13:28	SQL :EXEC GetUserTreeMenu 'nanang.andriani','1712',@CompanyId=9;
25/05/2023 11:13:28	SQL :EXEC GetUserTreeMenu 'nanang.andriani','1713',@CompanyId=9;
25/05/2023 11:13:28	SQL :EXEC GetUserTreeMenu 'nanang.andriani','1714',@CompanyId=9;
25/05/2023 11:13:28	SQL :EXEC GetUserTreeMenu 'nanang.andriani','1715',@CompanyId=9;
25/05/2023 11:13:28	SQL :EXEC GetUserTreeMenu 'nanang.andriani','1716',@CompanyId=9;
25/05/2023 11:13:29	SQL :EXEC GetUserTreeMenu 'nanang.andriani','1717',@CompanyId=9;
25/05/2023 11:13:29	SQL :EXEC GetUserSubMenu 'nanang.andriani','18';
25/05/2023 11:13:29	SQL :EXEC GetUserTreeMenu 'nanang.andriani','1801',@CompanyId=9;
25/05/2023 11:13:29	SQL :EXEC GetUserSubMenu 'nanang.andriani','19';
25/05/2023 11:13:29	SQL :EXEC GetUserTreeMenu 'nanang.andriani','1901',@CompanyId=9;
25/05/2023 11:13:29	SQL :EXEC GetUserTreeMenu 'nanang.andriani','1902',@CompanyId=9;
25/05/2023 11:13:29	SQL :EXEC GetUserTreeMenu 'nanang.andriani','1903',@CompanyId=9;
25/05/2023 11:13:29	SQL :EXEC GetUserTreeMenu 'nanang.andriani','1904',@CompanyId=9;
25/05/2023 11:13:29	SQL :EXEC GetUserTreeMenu 'nanang.andriani','1905',@CompanyId=9;
25/05/2023 11:13:29	SQL :EXEC GetUserTreeMenu 'nanang.andriani','1906',@CompanyId=9;
25/05/2023 11:13:29	SQL :EXEC GetUserTreeMenu 'nanang.andriani','1907',@CompanyId=9;
25/05/2023 11:13:29	SQL :EXEC GetUserTreeMenu 'nanang.andriani','1908',@CompanyId=9;
25/05/2023 11:13:29	SQL :EXEC GetUserTreeMenu 'nanang.andriani','1909',@CompanyId=9;
25/05/2023 11:13:29	SQL :EXEC GetUserTreeMenu 'nanang.andriani','1910',@CompanyId=9;
25/05/2023 11:13:29	SQL :EXEC GetUserTreeMenu 'nanang.andriani','1911',@CompanyId=9;
25/05/2023 11:13:29	SQL :EXEC GetUserTreeMenu 'nanang.andriani','1912',@CompanyId=9;
25/05/2023 11:13:46	Open Menu :190404
25/05/2023 11:13:46	Open DB Connection
25/05/2023 11:13:46	SQL :EXEC AuthMenu 'nanang.andriani',190404;
25/05/2023 11:13:46	Form Check :DailyInvoiceRpt
25/05/2023 11:13:46	Open DB Connection
25/05/2023 11:13:49	Open DB Connection
25/05/2023 11:13:49	SQL :EXEC GetTransactionList 9,@Dates='2023/05/25',@Finish=2;
25/05/2023 11:13:58	Open DB Connection
25/05/2023 11:13:58	SQL :EXEC GetTransactionList 9,@Dates='2023/05/06',@Finish=2;
25/05/2023 11:14:03	Form Check :BusInvoice
25/05/2023 11:14:03	Open DB Connection
25/05/2023 11:14:03	SQL :SELECT * FROM wh_setting WHERE (setting_name='Invoice_Form_CompanyId_9') AND (active=1);
25/05/2023 11:14:03	Open DB Connection
25/05/2023 11:14:04	Open DB Connection
25/05/2023 11:14:09	Init DB WO
25/05/2023 11:14:09	Finish Init DB WO
25/05/2023 11:14:09	Open DB Connection
25/05/2023 11:14:13	Open DB Connection
25/05/2023 11:14:13	Open DB Connection
25/05/2023 1126/05/2023 15:18:40	Get Local Settings
26/05/2023 15:18:40	Start Change Local Settings
26/05/2023 15:18:40	Change short date format
26/05/2023 15:18:40	Change Long date format
26/05/2023 15:18:40	Finish Change Local Settings
26/05/2023 15:18:40	Registry Read: Path=SOFTWARE\WEHA\Aplikasi\3
26/05/2023 15:18:40	Registry Read/Write
26/05/2023 15:18:40	Registry Read: Path=SOFTWARE\WEHA\Aplikasi\3
26/05/2023 15:18:40	Registry Read:Fail
26/05/2023 15:18:40	Setting DB Param
26/05/2023 15:18:40	Create DB Object
26/05/2023 15:18:40	Init DB
26/05/2023 15:18:43	Error Create DB Connection
26/05/2023 15:18:46	Change Db Connection to :Provider=MSDASQL.1
26/05/2023 15:18:46	Finish Create DB Connection
26/05/2023 15:18:46	Get File Version
26/05/2023 15:18:46	Change  Caption
26/05/2023 15:18:46	Init Shortkey
26/05/2023 15:18:47	Form Check :Setting
26/05/2023 15:18:47	Form Open: Setting
26/05/2023 15:19:05	Create DB Object
26/05/2023 15:19:05	Init DB
26/05/2023 15:19:05	Finish Init DB
26/05/2023 15:19:05	Port Check
26/05/2023 15:19:05	Connection Check
26/05/2023 15:19:05	Check Success
26/05/2023 15:19:07	Registry Write: 192.168.10.247,wh_prod,sa,SQLNCLI10
26/05/2023 15:19:07	Registry Read: Path=SOFTWARE\WEHA\Aplikasi\3
26/05/2023 15:19:07	Registry Read:Fail
26/05/2023 15:19:09	Create DB Object
26/05/2023 15:19:09	Init DB
26/05/2023 15:19:09	Finish Init DB
26/05/2023 15:19:15	Update new version check
26/05/2023 15:19:15	Open DB Connection
26/05/2023 15:19:16	SQL :
26/05/2023 15:19:16	Update check version
26/05/2023 15:19:16	Open DB Connection
26/05/2023 15:19:16	SQL :SELECT version FROM wh_application WHERE application_id=(SELECT MAX(application_id) FROM wh_application);
26/05/2023 15:19:16	Start Login
26/05/2023 15:19:16	Open DB Connection
26/05/2023 15:19:16	SQL :EXEC AuthenticateUser 'nanang.andriani','3b5929d0c23006c99522f38746d85dd4';
26/05/2023 15:19:16	SQL :INSERT INTO wh_log (user_id,app_date,app_version,app_version_svr,location_id,company_id,department_id,host_name,ip_address)  VALUES ('nanang.andriani','26/05/2023','6.1.5.22','6.1.5.20',6,2,13,'DESKTOP-88BM05S','192.168.25.214');
26/05/2023 15:19:16	Open DB Connection
26/05/2023 15:19:16	SQL :EXEC GetUserMenu 'nanang.andriani';
26/05/2023 15:19:16	SQL :EXEC GetUserSubMenu 'nanang.andriani','11';
26/05/2023 15:19:16	SQL :EXEC GetUserTreeMenu 'nanang.andriani','1101',@CompanyId=2;
26/05/2023 15:19:16	SQL :EXEC GetUserTreeMenu 'nanang.andriani','1102',@CompanyId=2;
26/05/2023 15:19:16	SQL :EXEC GetUserTreeMenu 'nanang.andriani','1103',@CompanyId=2;
26/05/2023 15:19:17	SQL :EXEC GetUserTreeMenu 'nanang.andriani','1104',@CompanyId=2;
26/05/2023 15:19:17	SQL :EXEC GetUserTreeMenu 'nanang.andriani','1105',@CompanyId=2;
26/05/2023 15:19:17	SQL :EXEC GetUserTreeMenu 'nanang.andriani','1106',@CompanyId=2;
26/05/2023 15:19:17	SQL :EXEC GetUserTreeMenu 'nanang.andriani','1107',@CompanyId=2;
26/05/2023 15:19:17	SQL :EXEC GetUserTreeMenu 'nanang.andriani','1108',@CompanyId=2;
26/05/2023 15:19:17	SQL :EXEC GetUserTreeMenu 'nanang.andriani','1109',@CompanyId=2;
26/05/2023 15:19:17	SQL :EXEC GetUserTreeMenu 'nanang.andriani','1110',@CompanyId=2;
26/05/2023 15:19:17	SQL :EXEC GetUserTreeMenu 'nanang.andriani','1111',@CompanyId=2;
26/05/2023 15:19:17	SQL :EXEC GetUserTreeMenu 'nanang.andriani','1112',@CompanyId=2;
26/05/2023 15:19:17	SQL :EXEC GetUserTreeMenu 'nanang.andriani','1113',@CompanyId=2;
26/05/2023 15:19:17	SQL :EXEC GetUserTreeMenu 'nanang.andriani','1114',@CompanyId=2;
26/05/2023 15:19:17	SQL :EXEC GetUserTreeMenu 'nanang.andriani','1115',@CompanyId=2;
26/05/2023 15:19:17	SQL :EXEC GetUserTreeMenu 'nanang.andriani','1116',@CompanyId=2;
26/05/2023 15:19:17	SQL :EXEC GetUserTreeMenu 'nanang.andriani','1117',@CompanyId=2;
26/05/2023 15:19:17	SQL :EXEC GetUserTreeMenu 'nanang.andriani','1198',@CompanyId=2;
26/05/2023 15:19:17	SQL :EXEC GetUserTreeMenu 'nanang.andriani','1199',@CompanyId=2;
26/05/2023 15:19:17	SQL :EXEC GetUserSubMenu 'nanang.andriani','12';
26/05/2023 15:19:17	SQL :EXEC GetUserTreeMenu 'nanang.andriani','1201',@CompanyId=2;
26/05/2023 15:19:17	SQL :EXEC GetUserTreeMenu 'nanang.andriani','1202',@CompanyId=2;
26/05/2023 15:19:17	SQL :EXEC GetUserTreeMenu 'nanang.andriani','1203',@CompanyId=2;
26/05/2023 15:19:17	SQL :EXEC GetUserTreeMenu 'nanang.andriani','1204',@CompanyId=2;
26/05/2023 15:19:17	SQL :EXEC GetUserTreeMenu 'nanang.andriani','1205',@CompanyId=2;
26/05/2023 15:19:17	SQL :EXEC GetUserTreeMenu 'nanang.andriani','1206',@CompanyId=2;
26/05/2023 15:19:17	SQL :EXEC GetUserTreeMenu 'nanang.andriani','1207',@CompanyId=2;
26/05/2023 15:19:17	SQL :EXEC GetUserSubMenu 'nanang.andriani','13';
26/05/2023 15:19:17	SQL :EXEC GetUserTreeMenu 'nanang.andriani','1301',@CompanyId=2;
26/05/2023 15:19:17	SQL :EXEC GetUserTreeMenu 'nanang.andriani','1302',@CompanyId=2;
26/05/2023 15:19:17	SQL :EXEC GetUserTreeMenu 'nanang.andriani','1303',@CompanyId=2;
26/05/2023 15:19:17	SQL :EXEC GetUserTreeMenu 'nanang.andriani','1304',@CompanyId=2;
26/05/2023 15:19:17	SQL :EXEC GetUserTreeMenu 'nanang.andriani','1305',@CompanyId=2;
26/05/2023 15:19:17	SQL :EXEC GetUserTreeMenu 'nanang.andriani','1306',@CompanyId=2;
26/05/2023 15:19:17	SQL :EXEC GetUserTreeMenu 'nanang.andriani','1307',@CompanyId=2;
26/05/2023 15:19:17	SQL :EXEC GetUserTreeMenu 'nanang.andriani','1308',@CompanyId=2;
26/05/2023 15:19:17	SQL :EXEC GetUserTreeMenu 'nanang.andriani','1309',@CompanyId=2;
26/05/2023 15:19:17	SQL :EXEC GetUserTreeMenu 'nanang.andriani','1310',@CompanyId=2;
26/05/2023 15:19:17	SQL :EXEC GetUserTreeMenu 'nanang.andriani','1311',@CompanyId=2;
26/05/2023 15:19:17	SQL :EXEC GetUserTreeMenu 'nanang.andriani','1312',@CompanyId=2;
26/05/2023 15:19:18	SQL :EXEC GetUserTreeMenu 'nanang.andriani','1313',@CompanyId=2;
26/05/2023 15:19:18	SQL :EXEC GetUserTreeMenu 'nanang.andriani','1314',@CompanyId=2;
26/05/2023 15:19:18	SQL :EXEC GetUserTreeMenu 'nanang.andriani','1315',@CompanyId=2;
26/05/2023 15:19:18	SQL :EXEC GetUserTreeMenu 'nanang.andriani','1316',@CompanyId=2;
26/05/2023 15:19:18	SQL :EXEC GetUserTreeMenu 'nanang.andriani','1317',@CompanyId=2;
26/05/2023 15:19:18	SQL :EXEC GetUserTreeMenu 'nanang.andriani','1318',@CompanyId=2;
26/05/2023 15:19:18	SQL :EXEC GetUserTreeMenu 'nanang.andriani','1319',@CompanyId=2;
26/05/2023 15:19:18	SQL :EXEC GetUserTreeMenu 'nanang.andriani','1320',@CompanyId=2;
26/05/2023 15:19:18	SQL :EXEC GetUserTreeMenu 'nanang.andriani','1321',@CompanyId=2;
26/05/2023 15:19:18	SQL :EXEC GetUserTreeMenu 'nanang.andriani','1322',@CompanyId=2;
26/05/2023 15:19:18	SQL :EXEC GetUserSubMenu 'nanang.andriani','14';
26/05/2023 15:19:18	SQL :EXEC GetUserTreeMenu 'nanang.andriani','1401',@CompanyId=2;
26/05/2023 15:19:18	SQL :EXEC GetUserTreeMenu 'nanang.andriani','1402',@CompanyId=2;
26/05/2023 15:19:18	SQL :EXEC GetUserTreeMenu 'nanang.andriani','1403',@CompanyId=2;
26/05/2023 15:19:18	SQL :EXEC GetUserTreeMenu 'nanang.andriani','1404',@CompanyId=2;
26/05/2023 15:19:18	SQL :EXEC GetUserTreeMenu 'nanang.andriani','1406',@CompanyId=2;
26/05/2023 15:19:18	SQL :EXEC GetUserTreeMenu 'nanang.andriani','1408',@CompanyId=2;
26/05/2023 15:19:18	SQL :EXEC GetUserTreeMenu 'nanang.andriani','1410',@CompanyId=2;
26/05/2023 15:19:18	SQL :EXEC GetUserTreeMenu 'nanang.andriani','1411',@CompanyId=2;
26/05/2023 15:19:18	SQL :EXEC GetUserTreeMenu 'nanang.andriani','1412',@CompanyId=2;
26/05/2023 15:19:18	SQL :EXEC GetUserTreeMenu 'nanang.andriani','1413',@CompanyId=2;
26/05/2023 15:19:18	SQL :EXEC GetUserTreeMenu 'nanang.andriani','1414',@CompanyId=2;
26/05/2023 15:19:18	SQL :EXEC GetUserSubMenu 'nanang.andriani','15';
26/05/2023 15:19:18	SQL :EXEC GetUserTreeMenu 'nanang.andriani','1501',@CompanyId=2;
26/05/2023 15:19:18	SQL :EXEC GetUserTreeMenu 'nanang.andriani','1502',@CompanyId=2;
26/05/2023 15:19:18	SQL :EXEC GetUserTreeMenu 'nanang.andriani','1503',@CompanyId=2;
26/05/2023 15:19:18	SQL :EXEC GetUserTreeMenu 'nanang.andriani','1504',@CompanyId=2;
26/05/2023 15:19:18	SQL :EXEC GetUserTreeMenu 'nanang.andriani','1505',@CompanyId=2;
26/05/2023 15:19:18	SQL :EXEC GetUserTreeMenu 'nanang.andriani','1506',@CompanyId=2;
26/05/2023 15:19:18	SQL :EXEC GetUserTreeMenu 'nanang.andriani','1507',@CompanyId=2;
26/05/2023 15:19:18	SQL :EXEC GetUserTreeMenu 'nanang.andriani','1508',@CompanyId=2;
26/05/2023 15:19:18	SQL :EXEC GetUserTreeMenu 'nanang.andriani','1509',@CompanyId=2;
26/05/2023 15:19:18	SQL :EXEC GetUserTreeMenu 'nanang.andriani','1510',@CompanyId=2;
26/05/2023 15:19:18	SQL :EXEC GetUserTreeMenu 'nanang.andriani','1511',@CompanyId=2;
26/05/2023 15:19:18	SQL :EXEC GetUserSubMenu 'nanang.andriani','16';
26/05/2023 15:19:18	SQL :EXEC GetUserTreeMenu 'nanang.andriani','1601',@CompanyId=2;
26/05/2023 15:19:18	SQL :EXEC GetUserTreeMenu 'nanang.andriani','1602',@CompanyId=2;
26/05/2023 15:19:18	SQL :EXEC GetUserTreeMenu 'nanang.andriani','1603',@CompanyId=2;
26/05/2023 15:19:18	SQL :EXEC GetUserTreeMenu 'nanang.andriani','1604',@CompanyId=2;
26/05/2023 15:19:18	SQL :EXEC GetUserTreeMenu 'nanang.andriani','1605',@CompanyId=2;
26/05/2023 15:19:18	SQL :EXEC GetUserTreeMenu 'nanang.andriani','1606',@CompanyId=2;
26/05/2023 15:19:18	SQL :EXEC GetUserTreeMenu 'nanang.andriani','1607',@CompanyId=2;
26/05/2023 15:19:18	SQL :EXEC GetUserTreeMenu 'nanang.andriani','1608',@CompanyId=2;
26/05/2023 15:19:18	SQL :EXEC GetUserTreeMenu 'nanang.andriani','1609',@CompanyId=2;
26/05/2023 15:19:18	SQL :EXEC GetUserTreeMenu 'nanang.andriani','1610',@CompanyId=2;
26/05/2023 15:19:18	SQL :EXEC GetUserTreeMenu 'nanang.andriani','1611',@CompanyId=2;
26/05/2023 15:19:18	SQL :EXEC GetUserTreeMenu 'nanang.andriani','1612',@CompanyId=2;
26/05/2023 15:19:18	SQL :EXEC GetUserTreeMenu 'nanang.andriani','1613',@CompanyId=2;
26/05/2023 15:19:18	SQL :EXEC GetUserTreeMenu 'nanang.andriani','1614',@CompanyId=2;
26/05/2023 15:19:18	SQL :EXEC GetUserTreeMenu 'nanang.andriani','1615',@CompanyId=2;
26/05/2023 15:19:18	SQL :EXEC GetUserTreeMenu 'nanang.andriani','1616',@CompanyId=2;
26/05/2023 15:19:18	SQL :EXEC GetUserTreeMenu 'nanang.andriani','1619',@CompanyId=2;
26/05/2023 15:19:19	SQL :EXEC GetUserTreeMenu 'nanang.andriani','1620',@CompanyId=2;
26/05/2023 15:19:19	SQL :EXEC GetUserSubMenu 'nanang.andriani','17';
26/05/2023 15:19:19	SQL :EXEC GetUserTreeMenu 'nanang.andriani','1701',@CompanyId=2;
26/05/2023 15:19:19	SQL :EXEC GetUserTreeMenu 'nanang.andriani','1702',@CompanyId=2;
26/05/2023 15:19:19	SQL :EXEC GetUserTreeMenu 'nanang.andriani','1703',@CompanyId=2;
26/05/2023 15:19:19	SQL :EXEC GetUserTreeMenu 'nanang.andriani','1704',@CompanyId=2;
26/05/2023 15:19:19	SQL :EXEC GetUserTreeMenu 'nanang.andriani','1705',@CompanyId=2;
26/05/2023 15:19:19	SQL :EXEC GetUserTreeMenu 'nanang.andriani','1706',@CompanyId=2;
26/05/2023 15:19:19	SQL :EXEC GetUserTreeMenu 'nanang.andriani','1707',@CompanyId=2;
26/05/2023 15:19:19	SQL :EXEC GetUserTreeMenu 'nanang.andriani','1708',@CompanyId=2;
26/05/2023 15:19:19	SQL :EXEC GetUserTreeMenu 'nanang.andriani','1709',@CompanyId=2;
26/05/2023 15:19:20	SQL :EXEC GetUserTreeMenu 'nanang.andriani','1710',@CompanyId=2;
26/05/2023 15:19:20	SQL :EXEC GetUserTreeMenu 'nanang.andriani','1711',@CompanyId=2;
26/05/2023 15:19:20	SQL :EXEC GetUserTreeMenu 'nanang.andriani','1712',@CompanyId=2;
26/05/2023 15:19:20	SQL :EXEC GetUserTreeMenu 'nanang.andriani','1713',@CompanyId=2;
26/05/2023 15:19:20	SQL :EXEC GetUserTreeMenu 'nanang.andriani','1714',@CompanyId=2;
26/05/2023 15:19:20	SQL :EXEC GetUserTreeMenu 'nanang.andriani','1715',@CompanyId=2;
26/05/2023 15:19:20	SQL :EXEC GetUserTreeMenu 'nanang.andriani','1716',@CompanyId=2;
26/05/2023 15:19:20	SQL :EXEC GetUserTreeMenu 'nanang.andriani','1717',@CompanyId=2;
26/05/2023 15:19:20	SQL :EXEC GetUserSubMenu 'nanang.andriani','18';
26/05/2023 15:19:20	SQL :EXEC GetUserTreeMenu 'nanang.andriani','1801',@CompanyId=2;
26/05/2023 15:19:20	SQL :EXEC GetUserSubMenu 'nanang.andriani','19';
26/05/2023 15:19:20	SQL :EXEC GetUserTreeMenu 'nanang.andriani','1901',@CompanyId=2;
26/05/2023 15:19:20	SQL :EXEC GetUserTreeMenu 'nanang.andriani','1902',@CompanyId=2;
26/05/2023 15:19:20	SQL :EXEC GetUserTreeMenu 'nanang.andriani','1903',@CompanyId=2;
26/05/2023 15:19:20	SQL :EXEC GetUserTreeMenu 'nanang.andriani','1904',@CompanyId=2;
26/05/2023 15:19:20	SQL :EXEC GetUserTreeMenu 'nanang.andriani','1905',@CompanyId=2;
26/05/2023 15:19:20	SQL :EXEC GetUserTreeMenu 'nanang.andriani','1906',@CompanyId=2;
26/05/2023 15:19:20	SQL :EXEC GetUserTreeMenu 'nanang.andriani','1907',@CompanyId=2;
26/05/2023 15:19:20	SQL :EXEC GetUserTreeMenu 'nanang.andriani','1908',@CompanyId=2;
26/05/2023 15:19:20	SQL :EXEC GetUserTreeMenu 'nanang.andriani','1909',@CompanyId=2;
26/05/2023 15:19:20	SQL :EXEC GetUserTreeMenu 'nanang.andriani','1910',@CompanyId=2;
26/05/2023 15:19:20	SQL :EXEC GetUserTreeMenu 'nanang.andriani','1911',@CompanyId=2;
26/05/2023 15:19:20	SQL :EXEC GetUserTreeMenu 'nanang.andriani','1912',@CompanyId=2;
26/05/2023 15:19:20	SQL :SELECT CONVERT(VARCHAR(8),GETDATE(),108) AS hour_minute;
26/05/2023 15:19:20	SQL :SELECT CONVERT(VARCHAR(10),GETDATE(),103) AS date_time;
26/05/2023 15:19:20	Loading Setting
26/05/2023 15:19:20	Open DB Connection
26/05/2023 15:19:20	SQL :SELECT * FROM wh_setting WHERE setting_name='Hold_Less_Deposit';
26/05/2023 15:19:20	SQL :SELECT * FROM wh_setting WHERE setting_name='Max_Less_Deposit';
26/05/2023 15:19:20	SQL :SELECT * FROM wh_setting WHERE setting_name='Dashboard_2';
26/05/2023 15:19:20	Finish Logging
26/05/2023 15:19:20	SQL :SELECT value_string FROM wh_setting WHERE (setting_name='Interval_CheckInDate') AND (active=1);
26/05/2023 15:19:20	SQL :SELECT value_string FROM wh_setting WHERE (setting_name='Interval_CheckInTime') AND (active=1);
26/05/2023 15:19:20	SQL :SELECT value_string FROM wh_setting WHERE (setting_name='ChatEnable') and (active=1);
26/05/2023 15:19:21	Message:Port Check
26/05/2023 15:19:21	Message:Open DB Connection
26/05/2023 15:19:21	SQL :EXEC GetMessage '01','nanang.andriani';
26/05/2023 15:19:21	SQL :SELECT CONVERT(VARCHAR(8),GETDATE(),108) AS hour_minute;
26/05/2023 15:19:21	SQL :SELECT CONVERT(VARCHAR(10),GETDATE(),103) AS date_time;
26/05/2023 15:19:33	Open Menu :130130
26/05/2023 15:19:33	Open DB Connection
26/05/2023 15:19:33	SQL :EXEC AuthMenu 'nanang.andriani',130130;
26/05/2023 15:19:33	Form Check :VehicleInsurance
26/05/2023 15:19:33	Form Open: VehicleInsurance=Bus,FormRequest=
26/05/2023 15:19:33	Open DB Connection
26/05/2023 15:19:33	SQL :EXEC GetInsuranceIssuer;
26/05/2023 15:19:33	SQL :EXEC GetInsuranceName;
26/05/2023 15:19:33	SQL :EXEC GetInsuranceCoverage;
26/05/2023 15:19:33	SQL :EXEC GetCompanyLocationList
26/05/2023 15:19:33	Open DB Connection
26/05/2023 15:19:33	SQL :EXEC GetVhcList 6,0,@Compan26/05/2023 15:20:56	Get Local Settings
26/05/2023 15:20:56	Start Change Local Settings
26/05/2023 15:20:56	Change short date format
26/05/2023 15:20:56	Change Long date format
26/05/2023 15:20:56	Finish Change Local Settings
26/05/2023 15:20:56	Registry Read: Path=SOFTWARE\WEHA\Aplikasi\3
26/05/2023 15:20:56	Registry Read/Write
26/05/2023 15:20:56	Registry Read: Path=SOFTWARE\WEHA\Aplikasi\3
26/05/2023 15:20:56	Registry Read:Fail
26/05/2023 15:20:56	Setting DB Param
26/05/2023 15:20:56	Create DB Object
26/05/2023 15:20:56	Init DB
26/05/2023 15:20:59	Error Create DB Connection
26/05/2023 15:21:02	Change Db Connection to :Provider=MSDASQL.1
26/05/2023 15:21:02	Finish Create DB Connection
26/05/2023 15:21:02	Get File Version
26/05/2023 15:21:02	Change  Caption
26/05/2023 15:21:02	Init Shortkey
26/05/2023 15:21:03	Form Check :Setting
26/05/2023 15:21:03	Form Open: Setting
26/05/2023 15:21:22	Create DB Object
26/05/2023 15:21:22	Init DB
26/05/2023 15:21:22	Finish Init DB
26/05/2023 15:21:22	Port Check
26/05/2023 15:21:22	Connection Check
26/05/2023 15:21:22	Check Success
26/05/2023 15:21:23	Registry Write: 192.168.10.247,wh_prod,sa,SQLNCLI10
26/05/2023 15:21:23	Registry Read: Path=SOFTWARE\WEHA\Aplikasi\3
26/05/2023 15:21:23	Registry Read:Fail
26/05/2023 15:21:25	Create DB Object
26/05/2023 15:21:25	Init DB
26/05/2023 15:21:25	Finish Init DB
26/05/2023 15:21:32	Update new version check
26/05/2023 15:21:32	Open DB Connection
26/05/2023 15:21:32	SQL :
26/05/2023 15:21:32	Update check version
26/05/2023 15:21:32	Open DB Connection
26/05/2023 15:21:32	SQL :SELECT version FROM wh_application WHERE application_id=(SELECT MAX(application_id) FROM wh_application);
26/05/2023 15:21:32	Start Login
26/05/2023 15:21:32	Open DB Connection
26/05/2023 15:21:32	SQL :EXEC AuthenticateUser 'nanang.andriani','3b5929d0c23006c99522f38746d85dd4';
26/05/2023 15:21:32	SQL :INSERT INTO wh_log (user_id,app_date,app_version,app_version_svr,location_id,company_id,department_id,host_name,ip_address)  VALUES ('nanang.andriani','26/05/2023','6.1.5.22','6.1.5.20',6,2,13,'DESKTOP-88BM05S','192.168.25.214');
26/05/2023 15:21:32	Open DB Connection
26/05/2023 15:21:32	SQL :EXEC GetUserMenu 'nanang.andriani';
26/05/2023 15:21:32	SQL :EXEC GetUserSubMenu 'nanang.andriani','11';
26/05/2023 15:21:32	SQL :EXEC GetUserTreeMenu 'nanang.andriani','1101',@CompanyId=2;
26/05/2023 15:21:32	SQL :EXEC GetUserTreeMenu 'nanang.andriani','1102',@CompanyId=2;
26/05/2023 15:21:32	SQL :EXEC GetUserTreeMenu 'nanang.andriani','1103',@CompanyId=2;
26/05/2023 15:21:32	SQL :EXEC GetUserTreeMenu 'nanang.andriani','1104',@CompanyId=2;
26/05/2023 15:21:32	SQL :EXEC GetUserTreeMenu 'nanang.andriani','1105',@CompanyId=2;
26/05/2023 15:21:32	SQL :EXEC GetUserTreeMenu 'nanang.andriani','1106',@CompanyId=2;
26/05/2023 15:21:32	SQL :EXEC GetUserTreeMenu 'nanang.andriani','1107',@CompanyId=2;
26/05/2023 15:21:32	SQL :EXEC GetUserTreeMenu 'nanang.andriani','1108',@CompanyId=2;
26/05/2023 15:21:32	SQL :EXEC GetUserTreeMenu 'nanang.andriani','1109',@CompanyId=2;
26/05/2023 15:21:32	SQL :EXEC GetUserTreeMenu 'nanang.andriani','1110',@CompanyId=2;
26/05/2023 15:21:32	SQL :EXEC GetUserTreeMenu 'nanang.andriani','1111',@CompanyId=2;
26/05/2023 15:21:32	SQL :EXEC GetUserTreeMenu 'nanang.andriani','1112',@CompanyId=2;
26/05/2023 15:21:32	SQL :EXEC GetUserTreeMenu 'nanang.andriani','1113',@CompanyId=2;
26/05/2023 15:21:32	SQL :EXEC GetUserTreeMenu 'nanang.andriani','1114',@CompanyId=2;
26/05/2023 15:21:32	SQL :EXEC GetUserTreeMenu 'nanang.andriani','1115',@CompanyId=2;
26/05/2023 15:21:32	SQL :EXEC GetUserTreeMenu 'nanang.andriani','1116',@CompanyId=2;
26/05/2023 15:21:32	SQL :EXEC GetUserTreeMenu 'nanang.andriani','1117',@CompanyId=2;
26/05/2023 15:21:32	SQL :EXEC GetUserTreeMenu 'nanang.andriani','1198',@CompanyId=2;
26/05/2023 15:21:32	SQL :EXEC GetUserTreeMenu 'nanang.andriani','1199',@CompanyId=2;
26/05/2023 15:21:32	SQL :EXEC GetUserSubMenu 'nanang.andriani','12';
26/05/2023 15:21:32	SQL :EXEC GetUserTreeMenu 'nanang.andriani','1201',@CompanyId=2;
26/05/2023 15:21:33	SQL :EXEC GetUserTreeMenu 'nanang.andriani','1202',@CompanyId=2;
26/05/2023 15:21:33	SQL :EXEC GetUserTreeMenu 'nanang.andriani','1203',@CompanyId=2;
26/05/2023 15:21:33	SQL :EXEC GetUserTreeMenu 'nanang.andriani','1204',@CompanyId=2;
26/05/2023 15:21:33	SQL :EXEC GetUserTreeMenu 'nanang.andriani','1205',@CompanyId=2;
26/05/2023 15:21:33	SQL :EXEC GetUserTreeMenu 'nanang.andriani','1206',@CompanyId=2;
26/05/2023 15:21:33	SQL :EXEC GetUserTreeMenu 'nanang.andriani','1207',@CompanyId=2;
26/05/2023 15:21:33	SQL :EXEC GetUserSubMenu 'nanang.andriani','13';
26/05/2023 15:21:33	SQL :EXEC GetUserTreeMenu 'nanang.andriani','1301',@CompanyId=2;
26/05/2023 15:21:33	SQL :EXEC GetUserTreeMenu 'nanang.andriani','1302',@CompanyId=2;
26/05/2023 15:21:33	SQL :EXEC GetUserTreeMenu 'nanang.andriani','1303',@CompanyId=2;
26/05/2023 15:21:33	SQL :EXEC GetUserTreeMenu 'nanang.andriani','1304',@CompanyId=2;
26/05/2023 15:21:33	SQL :EXEC GetUserTreeMenu 'nanang.andriani','1305',@CompanyId=2;
26/05/2023 15:21:33	SQL :EXEC GetUserTreeMenu 'nanang.andriani','1306',@CompanyId=2;
26/05/2023 15:21:33	SQL :EXEC GetUserTreeMenu 'nanang.andriani','1307',@CompanyId=2;
26/05/2023 15:21:33	SQL :EXEC GetUserTreeMenu 'nanang.andriani','1308',@CompanyId=2;
26/05/2023 15:21:33	SQL :EXEC GetUserTreeMenu 'nanang.andriani','1309',@CompanyId=2;
26/05/2023 15:21:33	SQL :EXEC GetUserTreeMenu 'nanang.andriani','1310',@CompanyId=2;
26/05/2023 15:21:33	SQL :EXEC GetUserTreeMenu 'nanang.andriani','1311',@CompanyId=2;
26/05/2023 15:21:33	SQL :EXEC GetUserTreeMenu 'nanang.andriani','1312',@CompanyId=2;
26/05/2023 15:21:33	SQL :EXEC GetUserTreeMenu 'nanang.andriani','1313',@CompanyId=2;
26/05/2023 15:21:33	SQL :EXEC GetUserTreeMenu 'nanang.andriani','1314',@CompanyId=2;
26/05/2023 15:21:33	SQL :EXEC GetUserTreeMenu 'nanang.andriani','1315',@CompanyId=2;
26/05/2023 15:21:33	SQL :EXEC GetUserTreeMenu 'nanang.andriani','1316',@CompanyId=2;
26/05/2023 15:21:33	SQL :EXEC GetUserTreeMenu 'nanang.andriani','1317',@CompanyId=2;
26/05/2023 15:21:33	SQL :EXEC GetUserTreeMenu 'nanang.andriani','1318',@CompanyId=2;
26/05/2023 15:21:33	SQL :EXEC GetUserTreeMenu 'nanang.andriani','1319',@CompanyId=2;
26/05/2023 15:21:33	SQL :EXEC GetUserTreeMenu 'nanang.andriani','1320',@CompanyId=2;
26/05/2023 15:21:33	SQL :EXEC GetUserTreeMenu 'nanang.andriani','1321',@CompanyId=2;
26/05/2023 15:21:33	SQL :EXEC GetUserTreeMenu 'nanang.andriani','1322',@CompanyId=2;
26/05/2023 15:21:33	SQL :EXEC GetUserSubMenu 'nanang.andriani','14';
26/05/2023 15:21:33	SQL :EXEC GetUserTreeMenu 'nanang.andriani','1401',@CompanyId=2;
26/05/2023 15:21:33	SQL :EXEC GetUserTreeMenu 'nanang.andriani','1402',@CompanyId=2;
26/05/2023 15:21:33	SQL :EXEC GetUserTreeMenu 'nanang.andriani','1403',@CompanyId=2;
26/05/2023 15:21:33	SQL :EXEC GetUserTreeMenu 'nanang.andriani','1404',@CompanyId=2;
26/05/2023 15:21:33	SQL :EXEC GetUserTreeMenu 'nanang.andriani','1406',@CompanyId=2;
26/05/2023 15:21:33	SQL :EXEC GetUserTreeMenu 'nanang.andriani','1408',@CompanyId=2;
26/05/2023 15:21:33	SQL :EXEC GetUserTreeMenu 'nanang.andriani','1410',@CompanyId=2;
26/05/2023 15:21:33	SQL :EXEC GetUserTreeMenu 'nanang.andriani','1411',@CompanyId=2;
26/05/2023 15:21:33	SQL :EXEC GetUserTreeMenu 'nanang.andriani','1412',@CompanyId=2;
26/05/2023 15:21:33	SQL :EXEC GetUserTreeMenu 'nanang.andriani','1413',@CompanyId=2;
26/05/2023 15:21:33	SQL :EXEC GetUserTreeMenu 'nanang.andriani','1414',@CompanyId=2;
26/05/2023 15:21:33	SQL :EXEC GetUserSubMenu 'nanang.andriani','15';
26/05/2023 15:21:33	SQL :EXEC GetUserTreeMenu 'nanang.andriani','1501',@CompanyId=2;
26/05/2023 15:21:33	SQL :EXEC GetUserTreeMenu 'nanang.andriani','1502',@CompanyId=2;
26/05/2023 15:21:33	SQL :EXEC GetUserTreeMenu 'nanang.andriani','1503',@CompanyId=2;
26/05/2023 15:21:33	SQL :EXEC GetUserTreeMenu 'nanang.andriani','1504',@CompanyId=2;
26/05/2023 15:21:34	SQL :EXEC GetUserTreeMenu 'nanang.andriani','1505',@CompanyId=2;
26/05/2023 15:21:34	SQL :EXEC GetUserTreeMenu 'nanang.andriani','1506',@CompanyId=2;
26/05/2023 15:21:34	SQL :EXEC GetUserTreeMenu 'nanang.andriani','1507',@CompanyId=2;
26/05/2023 15:21:34	SQL :EXEC GetUserTreeMenu 'nanang.andriani','1508',@CompanyId=2;
26/05/2023 15:21:34	SQL :EXEC GetUserTreeMenu 'nanang.andriani','1509',@CompanyId=2;
26/05/2023 15:21:34	SQL :EXEC GetUserTreeMenu 'nanang.andriani','1510',@CompanyId=2;
26/05/2023 15:21:34	SQL :EXEC GetUserTreeMenu 'nanang.andriani','1511',@CompanyId=2;
26/05/2023 15:21:34	SQL :EXEC GetUserSubMenu 'nanang.andriani','16';
26/05/2023 15:21:34	SQL :EXEC GetUserTreeMenu 'nanang.andriani','1601',@CompanyId=2;
26/05/2023 15:21:34	SQL :EXEC GetUserTreeMenu 'nanang.andriani','1602',@CompanyId=2;
26/05/2023 15:21:34	SQL :EXEC GetUserTreeMenu 'nanang.andriani','1603',@CompanyId=2;
26/05/2023 15:21:34	SQL :EXEC GetUserTreeMenu 'nanang.andriani','1604',@CompanyId=2;
26/05/2023 15:21:34	SQL :EXEC GetUserTreeMenu 'nanang.andriani','1605',@CompanyId=2;
26/05/2023 15:21:34	SQL :EXEC GetUserTreeMenu 'nanang.andriani','1606',@CompanyId=2;
26/05/2023 15:21:34	SQL :EXEC GetUserTreeMenu 'nanang.andriani','1607',@CompanyId=2;
26/05/2023 15:21:34	SQL :EXEC GetUserTreeMenu 'nanang.andriani','1608',@CompanyId=2;
26/05/2023 15:21:34	SQL :EXEC GetUserTreeMenu 'nanang.andriani','1609',@CompanyId=2;
26/05/2023 15:21:34	SQL :EXEC GetUserTreeMenu 'nanang.andriani','1610',@CompanyId=2;
26/05/2023 15:21:34	SQL :EXEC GetUserTreeMenu 'nanang.andriani','1611',@CompanyId=2;
26/05/2023 15:21:34	SQL :EXEC GetUserTreeMenu 'nanang.andriani','1612',@CompanyId=2;
26/05/2023 15:21:34	SQL :EXEC GetUserTreeMenu 'nanang.andriani','1613',@CompanyId=2;
26/05/2023 15:21:34	SQL :EXEC GetUserTreeMenu 'nanang.andriani','1614',@CompanyId=2;
26/05/2023 15:21:34	SQL :EXEC GetUserTreeMenu 'nanang.andriani','1615',@CompanyId=2;
26/05/2023 15:21:34	SQL :EXEC GetUserTreeMenu 'nanang.andriani','1616',@CompanyId=2;
26/05/2023 15:21:34	SQL :EXEC GetUserTreeMenu 'nanang.andriani','1619',@CompanyId=2;
26/05/2023 15:21:34	SQL :EXEC GetUserTreeMenu 'nanang.andriani','1620',@CompanyId=2;
26/05/2023 15:21:34	SQL :EXEC GetUserSubMenu 'nanang.andriani','17';
26/05/2023 15:21:34	SQL :EXEC GetUserTreeMenu 'nanang.andriani','1701',@CompanyId=2;
26/05/2023 15:21:34	SQL :EXEC GetUserTreeMenu 'nanang.andriani','1702',@CompanyId=2;
26/05/2023 15:21:34	SQL :EXEC GetUserTreeMenu 'nanang.andriani','1703',@CompanyId=2;
26/05/2023 15:21:34	SQL :EXEC GetUserTreeMenu 'nanang.andriani','1704',@CompanyId=2;
26/05/2023 15:21:34	SQL :EXEC GetUserTreeMenu 'nanang.andriani','1705',@CompanyId=2;
26/05/2023 15:21:34	SQL :EXEC GetUserTreeMenu 'nanang.andriani','1706',@CompanyId=2;
26/05/2023 15:21:34	SQL :EXEC GetUserTreeMenu 'nanang.andriani','1707',@CompanyId=2;
26/05/2023 15:21:34	SQL :EXEC GetUserTreeMenu 'nanang.andriani','1708',@CompanyId=2;
26/05/2023 15:21:34	SQL :EXEC GetUserTreeMenu 'nanang.andriani','1709',@CompanyId=2;
26/05/2023 15:21:34	SQL :EXEC GetUserTreeMenu 'nanang.andriani','1710',@CompanyId=2;
26/05/2023 15:21:34	SQL :EXEC GetUserTreeMenu 'nanang.andriani','1711',@CompanyId=2;
26/05/2023 15:21:34	SQL :EXEC GetUserTreeMenu 'nanang.andriani','1712',@CompanyId=2;
26/05/2023 15:21:34	SQL :EXEC GetUserTreeMenu 'nanang.andriani','1713',@CompanyId=2;
26/05/2023 15:21:34	SQL :EXEC GetUserTreeMenu 'nanang.andriani','1714',@CompanyId=2;
26/05/2023 15:21:34	SQL :EXEC GetUserTreeMenu 'nanang.andriani','1715',@CompanyId=2;
26/05/2023 15:21:34	SQL :EXEC GetUserTreeMenu 'nanang.andriani','1716',@CompanyId=2;
26/05/2023 15:21:34	SQL :EXEC GetUserTreeMenu 'nanang.andriani','1717',@CompanyId=2;
26/05/2023 15:21:35	SQL :EXEC GetUserSubMenu 'nanang.andriani','18';
26/05/2023 15:21:35	SQL :EXEC GetUserTreeMenu 'nanang.andriani','1801',@CompanyId=2;
26/05/2023 15:21:35	SQL :EXEC GetUserSubMenu 'nanang.andriani','19';
26/05/2023 15:21:35	SQL :EXEC GetUserTreeMenu 'nanang.andriani','1901',@CompanyId=2;
26/05/2023 15:21:35	SQL :EXEC GetUserTreeMenu 'nanang.andriani','1902',@CompanyId=2;
26/05/2023 15:21:35	SQL :EXEC GetUserTreeMenu 'nanang.andriani','1903',@CompanyId=2;
26/05/2023 15:21:35	SQL :EXEC GetUserTreeMenu 'nanang.andriani','1904',@CompanyId=2;
26/05/2023 15:21:35	SQL :EXEC GetUserTreeMenu 'nanang.andriani','1905',@CompanyId=2;
26/05/2023 15:21:35	SQL :EXEC GetUserTreeMenu 'nanang.andriani','1906',@CompanyId=2;
26/05/2023 15:21:35	SQL :EXEC GetUserTreeMenu 'nanang.andriani','1907',@CompanyId=2;
26/05/2023 15:21:35	SQL :EXEC GetUserTreeMenu 'nanang.andriani','1908',@CompanyId=2;
26/05/2023 15:21:35	SQL :EXEC GetUserTreeMenu 'nanang.andriani','1909',@CompanyId=2;
26/05/2023 15:21:35	SQL :EXEC GetUserTreeMenu 'nanang.andriani','1910',@CompanyId=2;
26/05/2023 15:21:35	SQL :EXEC GetUserTreeMenu 'nanang.andriani','1911',@CompanyId=2;
26/05/2023 15:21:35	SQL :EXEC GetUserTreeMenu 'nanang.andriani','1912',@CompanyId=2;
26/05/2023 15:21:35	SQL :SELECT CONVERT(VARCHAR(8),GETDATE(),108) AS hour_minute;
26/05/2023 15:21:35	SQL :SELECT CONVERT(VARCHAR(10),GETDATE(),103) AS date_time;
26/05/2023 15:21:35	Loading Setting
26/05/2023 15:21:35	Open DB Connection
26/05/2023 15:21:35	SQL :SELECT * FROM wh_setting WHERE setting_name='Hold_Less_Deposit';
26/05/2023 15:21:35	SQL :SELECT * FROM wh_setting WHERE setting_name='Max_Less_Deposit';
26/05/2023 15:21:36	SQL :SELECT * FROM wh_setting WHERE setting_name='Dashboard_2';
26/05/2023 15:21:36	Finish Logging
26/05/2023 15:21:36	SQL :SELECT value_string FROM wh_setting WHERE (setting_name='Interval_CheckInDate') AND (active=1);
26/05/2023 15:21:36	SQL :SELECT value_string FROM wh_setting WHERE (setting_name='Interval_CheckInTime') AND (active=1);
26/05/2023 15:21:36	SQL :SELECT value_string FROM wh_setting WHERE (setting_name='ChatEnable') and (active=1);
26/05/2023 15:21:36	Message:Port Check
26/05/2023 15:21:36	Message:Open DB Connection
26/05/2023 15:21:36	SQL :EXEC GetMessage '01','nanang.andriani';
26/05/2023 15:21:36	SQL :SELECT CONVERT(VARCHAR(8),GETDATE(),108) AS hour_minute;
26/05/2023 15:21:37	SQL :SELECT CONVERT(VARCHAR(10),GETDATE(),103) AS date_time;
26/05/2023 15:21:41	Open Menu :130130
26/05/2023 15:21:42	Open DB Connection
26/05/2023 15:21:42	SQL :EXEC AuthMenu 'nanang.andriani',130130;
26/05/2023 15:21:42	Form Check :VehicleInsurance
26/05/2023 15:21:42	Form Open: VehicleInsurance=Bus,FormRequest=
26/05/2023 15:21:42	Open DB Connection
26/05/2023 15:21:42	SQL :EXEC GetInsuranceIssuer;
26/05/2023 15:21:42	SQL :EXEC GetInsuranceName;
26/05/2023 15:21:42	SQL :EXEC GetInsuranceCoverage;
26/05/2023 15:21:42	SQL :EXEC GetCompanyLocationList
26/05/2023 15:21:43	Open DB Connection
26/05/2023 15:21:43	SQL :EXEC GetVhcList 6,0,@CompanyId=2;
26/05/2023 15:26:43	Open DB Connection
26/05/2023 15:29:04	Open DB Connection
26/05/2023 15:32:31	Message:Port Check
26/05/2023 15:32:31	Message:Open DB Connection
26/05/2023 15:32:31	SQL :EXEC GetMessage '01','nanang.andriani';
26/05/2023 15:32:31	SQL :SELECT CONVERT(VARCHAR(8),GETDATE(),108) AS hour_minute;
26/05/2023 15:32:31	SQL :SELECT CONVERT(VARCHAR(10),GETDATE(),103) AS date_time;
26/05/2023 15:33:32	Open Menu :130131
26/05/2023 15:33:32	Open DB Connection
26/05/2023 15:33:32	SQL :EXEC AuthMenu 'nanang.andriani',130131;
26/05/2023 15:33:32	Form Check :VehicleInsuranceList
26/05/2023 15:33:32	Form Open: VehicleInsuranceList=Bus,FormRequest=MAIN-CHANGE
26/05/2023 15:33:32	Open DB Connection
26/05/2023 15:33:32	SQL :EXEC GetCompanyLocationList
26/05/2023 15:33:33	SQL :EXEC GetGroup 2;
26/05/2023 15:33:33	Open DB Connection
26/05/2023 15:33:33	SQL :EXEC Ge26/05/2023 15:35:27	Get Local Settings
26/05/2023 15:35:27	Start Change Local Settings
26/05/2023 15:35:27	Change short date format
26/05/2023 15:35:27	Change Long date format
26/05/2023 15:35:27	Finish Change Local Settings
26/05/2023 15:35:27	Registry Read: Path=SOFTWARE\WEHA\Aplikasi\3
26/05/2023 15:35:27	Registry Read/Write
26/05/2023 15:35:27	Registry Read: Path=SOFTWARE\WEHA\Aplikasi\3
26/05/2023 15:35:27	Registry Read:Fail
26/05/2023 15:35:27	Setting DB Param
26/05/2023 15:35:27	Create DB Object
26/05/2023 15:35:27	Init DB
26/05/2023 15:35:30	Error Create DB Connection
26/05/2023 15:35:32	Change Db Connection to :Provider=MSDASQL.1
26/05/2023 15:35:32	Finish Create DB Connection
26/05/2023 15:35:32	Get File Version
26/05/2023 15:35:32	Change  Caption
26/05/2023 15:35:32	Init Shortkey
26/05/2023 15:35:33	Form Check :Setting
26/05/2023 15:35:33	Form Open: Setting
26/05/2023 15:35:49	Create DB Object
26/05/2023 15:35:49	Init DB
26/05/2023 15:35:49	Finish Init DB
26/05/2023 15:35:49	Port Check
26/05/2023 15:35:49	Connection Check
26/05/2023 15:35:49	Check Success
26/05/2023 15:35:51	Registry Write: 192.168.10.247,wh_prod,sa,SQLNCLI10
26/05/2023 15:35:51	Registry Read: Path=SOFTWARE\WEHA\Aplikasi\3
26/05/2023 15:35:51	Registry Read:Fail
26/05/2023 15:35:56	Create DB Object
26/05/2023 15:35:56	Init DB
26/05/2023 15:35:56	Finish Init DB
26/05/2023 15:36:01	Update new version check
26/05/2023 15:36:04	Open DB Connection
26/05/2023 15:36:04	SQL :
26/05/2023 15:36:04	Update check version
26/05/2023 15:36:04	Open DB Connection
26/05/2023 15:36:04	SQL :SELECT version FROM wh_application WHERE application_id=(SELECT MAX(application_id) FROM wh_application);
26/05/2023 15:36:04	Start Login
26/05/2023 15:36:04	Open DB Connection
26/05/2023 15:36:04	SQL :EXEC AuthenticateUser 'nanang.andriani','3b5929d0c23006c99522f38746d85dd4';
26/05/2023 15:36:05	SQL :INSERT INTO wh_log (user_id,app_date,app_version,app_version_svr,location_id,company_id,department_id,host_name,ip_address)  VALUES ('nanang.andriani','26/05/2023','6.1.5.22','6.1.5.20',6,2,13,'DESKTOP-88BM05S','192.168.25.214');
26/05/2023 15:36:05	Open DB Connection
26/05/2023 15:36:05	SQL :EXEC GetUserMenu 'nanang.andriani';
26/05/2023 15:36:05	SQL :EXEC GetUserSubMenu 'nanang.andriani','11';
26/05/2023 15:36:05	SQL :EXEC GetUserTreeMenu 'nanang.andriani','1101',@CompanyId=2;
26/05/2023 15:36:05	SQL :EXEC GetUserTreeMenu 'nanang.andriani','1102',@CompanyId=2;
26/05/2023 15:36:05	SQL :EXEC GetUserTreeMenu 'nanang.andriani','1103',@CompanyId=2;
26/05/2023 15:36:05	SQL :EXEC GetUserTreeMenu 'nanang.andriani','1104',@CompanyId=2;
26/05/2023 15:36:05	SQL :EXEC GetUserTreeMenu 'nanang.andriani','1105',@CompanyId=2;
26/05/2023 15:36:05	SQL :EXEC GetUserTreeMenu 'nanang.andriani','1106',@CompanyId=2;
26/05/2023 15:36:05	SQL :EXEC GetUserTreeMenu 'nanang.andriani','1107',@CompanyId=2;
26/05/2023 15:36:05	SQL :EXEC GetUserTreeMenu 'nanang.andriani','1108',@CompanyId=2;
26/05/2023 15:36:05	SQL :EXEC GetUserTreeMenu 'nanang.andriani','1109',@CompanyId=2;
26/05/2023 15:36:05	SQL :EXEC GetUserTreeMenu 'nanang.andriani','1110',@CompanyId=2;
26/05/2023 15:36:05	SQL :EXEC GetUserTreeMenu 'nanang.andriani','1111',@CompanyId=2;
26/05/2023 15:36:05	SQL :EXEC GetUserTreeMenu 'nanang.andriani','1112',@CompanyId=2;
26/05/2023 15:36:05	SQL :EXEC GetUserTreeMenu 'nanang.andriani','1113',@CompanyId=2;
26/05/2023 15:36:05	SQL :EXEC GetUserTreeMenu 'nanang.andriani','1114',@CompanyId=2;
26/05/2023 15:36:05	SQL :EXEC GetUserTreeMenu 'nanang.andriani','1115',@CompanyId=2;
26/05/2023 15:36:05	SQL :EXEC GetUserTreeMenu 'nanang.andriani','1116',@CompanyId=2;
26/05/2023 15:36:06	SQL :EXEC GetUserTreeMenu 'nanang.andriani','1117',@CompanyId=2;
26/05/2023 15:36:06	SQL :EXEC GetUserTreeMenu 'nanang.andriani','1198',@CompanyId=2;
26/05/2023 15:36:06	SQL :EXEC GetUserTreeMenu 'nanang.andriani','1199',@CompanyId=2;
26/05/2023 15:36:06	SQL :EXEC GetUserSubMenu 'nanang.andriani','12';
26/05/2023 15:36:06	SQL :EXEC GetUserTreeMenu 'nanang.andriani','1201',@CompanyId=2;
26/05/2023 15:36:06	SQL :EXEC GetUserTreeMenu 'nanang.andriani','1202',@CompanyId=2;
26/05/2023 15:36:06	SQL :EXEC GetUserTreeMenu 'nanang.andriani','1203',@CompanyId=2;
26/05/2023 15:36:06	SQL :EXEC GetUserTreeMenu 'nanang.andriani','1204',@CompanyId=2;
26/05/2023 15:36:06	SQL :EXEC GetUserTreeMenu 'nanang.andriani','1205',@CompanyId=2;
26/05/2023 15:36:06	SQL :EXEC GetUserTreeMenu 'nanang.andriani','1206',@CompanyId=2;
26/05/2023 15:36:06	SQL :EXEC GetUserTreeMenu 'nanang.andriani','1207',@CompanyId=2;
26/05/2023 15:36:06	SQL :EXEC GetUserSubMenu 'nanang.andriani','13';
26/05/2023 15:36:06	SQL :EXEC GetUserTreeMenu 'nanang.andriani','1301',@CompanyId=2;
26/05/2023 15:36:06	SQL :EXEC GetUserTreeMenu 'nanang.andriani','1302',@CompanyId=2;
26/05/2023 15:36:06	SQL :EXEC GetUserTreeMenu 'nanang.andriani','1303',@CompanyId=2;
26/05/2023 15:36:06	SQL :EXEC GetUserTreeMenu 'nanang.andriani','1304',@CompanyId=2;
26/05/2023 15:36:06	SQL :EXEC GetUserTreeMenu 'nanang.andriani','1305',@CompanyId=2;
26/05/2023 15:36:07	SQL :EXEC GetUserTreeMenu 'nanang.andriani','1306',@CompanyId=2;
26/05/2023 15:36:07	SQL :EXEC GetUserTreeMenu 'nanang.andriani','1307',@CompanyId=2;
26/05/2023 15:36:07	SQL :EXEC GetUserTreeMenu 'nanang.andriani','1308',@CompanyId=2;
26/05/2023 15:36:07	SQL :EXEC GetUserTreeMenu 'nanang.andriani','1309',@CompanyId=2;
26/05/2023 15:36:07	SQL :EXEC GetUserTreeMenu 'nanang.andriani','1310',@CompanyId=2;
26/05/2023 15:36:07	SQL :EXEC GetUserTreeMenu 'nanang.andriani','1311',@CompanyId=2;
26/05/2023 15:36:07	SQL :EXEC GetUserTreeMenu 'nanang.andriani','1312',@CompanyId=2;
26/05/2023 15:36:07	SQL :EXEC GetUserTreeMenu 'nanang.andriani','1313',@CompanyId=2;
26/05/2023 15:36:07	SQL :EXEC GetUserTreeMenu 'nanang.andriani','1314',@CompanyId=2;
26/05/2023 15:36:07	SQL :EXEC GetUserTreeMenu 'nanang.andriani','1315',@CompanyId=2;
26/05/2023 15:36:07	SQL :EXEC GetUserTreeMenu 'nanang.andriani','1316',@CompanyId=2;
26/05/2023 15:36:07	SQL :EXEC GetUserTreeMenu 'nanang.andriani','1317',@CompanyId=2;
26/05/2023 15:36:07	SQL :EXEC GetUserTreeMenu 'nanang.andriani','1318',@CompanyId=2;
26/05/2023 15:36:07	SQL :EXEC GetUserTreeMenu 'nanang.andriani','1319',@CompanyId=2;
26/05/2023 15:36:07	SQL :EXEC GetUserTreeMenu 'nanang.andriani','1320',@CompanyId=2;
26/05/2023 15:36:07	SQL :EXEC GetUserTreeMenu 'nanang.andriani','1321',@CompanyId=2;
26/05/2023 15:36:07	SQL :EXEC GetUserTreeMenu 'nanang.andriani','1322',@CompanyId=2;
26/05/2023 15:36:07	SQL :EXEC GetUserSubMenu 'nanang.andriani','14';
26/05/2023 15:36:07	SQL :EXEC GetUserTreeMenu 'nanang.andriani','1401',@CompanyId=2;
26/05/2023 15:36:07	SQL :EXEC GetUserTreeMenu 'nanang.andriani','1402',@CompanyId=2;
26/05/2023 15:36:08	SQL :EXEC GetUserTreeMenu 'nanang.andriani','1403',@CompanyId=2;
26/05/2023 15:36:08	SQL :EXEC GetUserTreeMenu 'nanang.andriani','1404',@CompanyId=2;
26/05/2023 15:36:08	SQL :EXEC GetUserTreeMenu 'nanang.andriani','1406',@CompanyId=2;
26/05/2023 15:36:08	SQL :EXEC GetUserTreeMenu 'nanang.andriani','1408',@CompanyId=2;
26/05/2023 15:36:08	SQL :EXEC GetUserTreeMenu 'nanang.andriani','1410',@CompanyId=2;
26/05/2023 15:36:08	SQL :EXEC GetUserTreeMenu 'nanang.andriani','1411',@CompanyId=2;
26/05/2023 15:36:08	SQL :EXEC GetUserTreeMenu 'nanang.andriani','1412',@CompanyId=2;
26/05/2023 15:36:08	SQL :EXEC GetUserTreeMenu 'nanang.andriani','1413',@CompanyId=2;
26/05/2023 15:36:08	SQL :EXEC GetUserTreeMenu 'nanang.andriani','1414',@CompanyId=2;
26/05/2023 15:36:08	SQL :EXEC GetUserSubMenu 'nanang.andriani','15';
26/05/2023 15:36:08	SQL :EXEC GetUserTreeMenu 'nanang.andriani','1501',@CompanyId=2;
26/05/2023 15:36:08	SQL :EXEC GetUserTreeMenu 'nanang.andriani','1502',@CompanyId=2;
26/05/2023 15:36:08	SQL :EXEC GetUserTreeMenu 'nanang.andriani','1503',@CompanyId=2;
26/05/2023 15:36:08	SQL :EXEC GetUserTreeMenu 'nanang.andriani','1504',@CompanyId=2;
26/05/2023 15:36:08	SQL :EXEC GetUserTreeMenu 'nanang.andriani','1505',@CompanyId=2;
26/05/2023 15:36:08	SQL :EXEC GetUserTreeMenu 'nanang.andriani','1506',@CompanyId=2;
26/05/2023 15:36:08	SQL :EXEC GetUserTreeMenu 'nanang.andriani','1507',@CompanyId=2;
26/05/2023 15:36:08	SQL :EXEC GetUserTreeMenu 'nanang.andriani','1508',@CompanyId=2;
26/05/2023 15:36:08	SQL :EXEC GetUserTreeMenu 'nanang.andriani','1509',@CompanyId=2;
26/05/2023 15:36:08	SQL :EXEC GetUserTreeMenu 'nanang.andriani','1510',@CompanyId=2;
26/05/2023 15:36:08	SQL :EXEC GetUserTreeMenu 'nanang.andriani','1511',@CompanyId=2;
26/05/2023 15:36:08	SQL :EXEC GetUserSubMenu 'nanang.andriani','16';
26/05/2023 15:36:08	SQL :EXEC GetUserTreeMenu 'nanang.andriani','1601',@CompanyId=2;
26/05/2023 15:36:08	SQL :EXEC GetUserTreeMenu 'nanang.andriani','1602',@CompanyId=2;
26/05/2023 15:36:09	SQL :EXEC GetUserTreeMenu 'nanang.andriani','1603',@CompanyId=2;
26/05/2023 15:36:09	SQL :EXEC GetUserTreeMenu 'nanang.andriani','1604',@CompanyId=2;
26/05/2023 15:36:09	SQL :EXEC GetUserTreeMenu 'nanang.andriani','1605',@CompanyId=2;
26/05/2023 15:36:09	SQL :EXEC GetUserTreeMenu 'nanang.andriani','1606',@CompanyId=2;
26/05/2023 15:36:09	SQL :EXEC GetUserTreeMenu 'nanang.andriani','1607',@CompanyId=2;
26/05/2023 15:36:09	SQL :EXEC GetUserTreeMenu 'nanang.andriani','1608',@CompanyId=2;
26/05/2023 15:36:09	SQL :EXEC GetUserTreeMenu 'nanang.andriani','1609',@CompanyId=2;
26/05/2023 15:36:09	SQL :EXEC GetUserTreeMenu 'nanang.andriani','1610',@CompanyId=2;
26/05/2023 15:36:09	SQL :EXEC GetUserTreeMenu 'nanang.andriani','1611',@CompanyId=2;
26/05/2023 15:36:09	SQL :EXEC GetUserTreeMenu 'nanang.andriani','1612',@CompanyId=2;
26/05/2023 15:36:09	SQL :EXEC GetUserTreeMenu 'nanang.andriani','1613',@CompanyId=2;
26/05/2023 15:36:09	SQL :EXEC GetUserTreeMenu 'nanang.andriani','1614',@CompanyId=2;
26/05/2023 15:36:09	SQL :EXEC GetUserTreeMenu 'nanang.andriani','1615',@CompanyId=2;
26/05/2023 15:36:09	SQL :EXEC GetUserTreeMenu 'nanang.andriani','1616',@CompanyId=2;
26/05/2023 15:36:09	SQL :EXEC GetUserTreeMenu 'nanang.andriani','1619',@CompanyId=2;
26/05/2023 15:36:09	SQL :EXEC GetUserTreeMenu 'nanang.andriani','1620',@CompanyId=2;
26/05/2023 15:36:09	SQL :EXEC GetUserSubMenu 'nanang.andriani','17';
26/05/2023 15:36:09	SQL :EXEC GetUserTreeMenu 'nanang.andriani','1701',@CompanyId=2;
26/05/2023 15:36:10	SQL :EXEC GetUserTreeMenu 'nanang.andriani','1702',@CompanyId=2;
26/05/2023 15:36:10	SQL :EXEC GetUserTreeMenu 'nanang.andriani','1703',@CompanyId=2;
26/05/2023 15:36:10	SQL :EXEC GetUserTreeMenu 'nanang.andriani','1704',@CompanyId=2;
26/05/2023 15:36:10	SQL :EXEC GetUserTreeMenu 'nanang.andriani','1705',@CompanyId=2;
26/05/2023 15:36:10	SQL :EXEC GetUserTreeMenu 'nanang.andriani','1706',@CompanyId=2;
26/05/2023 15:36:10	SQL :EXEC GetUserTreeMenu 'nanang.andriani','1707',@CompanyId=2;
26/05/2023 15:36:10	SQL :EXEC GetUserTreeMenu 'nanang.andriani','1708',@CompanyId=2;
26/05/2023 15:36:10	SQL :EXEC GetUserTreeMenu 'nanang.andriani','1709',@CompanyId=2;
26/05/2023 15:36:10	SQL :EXEC GetUserTreeMenu 'nanang.andriani','1710',@CompanyId=2;
26/05/2023 15:36:10	SQL :EXEC GetUserTreeMenu 'nanang.andriani','1711',@CompanyId=2;
26/05/2023 15:36:10	SQL :EXEC GetUserTreeMenu 'nanang.andriani','1712',@CompanyId=2;
26/05/2023 15:36:10	SQL :EXEC GetUserTreeMenu 'nanang.andriani','1713',@CompanyId=2;
26/05/2023 15:36:10	SQL :EXEC GetUserTreeMenu 'nanang.andriani','1714',@CompanyId=2;
26/05/2023 15:36:10	SQL :EXEC GetUserTreeMenu 'nanang.andriani','1715',@CompanyId=2;
26/05/2023 15:36:10	SQL :EXEC GetUserTreeMenu 'nanang.andriani','1716',@CompanyId=2;
26/05/2023 15:36:10	SQL :EXEC GetUserTreeMenu 'nanang.andriani','1717',@CompanyId=2;
26/05/2023 15:36:10	SQL :EXEC GetUserSubMenu 'nanang.andriani','18';
26/05/2023 15:36:10	SQL :EXEC GetUserTreeMenu 'nanang.andriani','1801',@CompanyId=2;
26/05/2023 15:36:10	SQL :EXEC GetUserSubMenu 'nanang.andriani','19';
26/05/2023 15:36:10	SQL :EXEC GetUserTreeMenu 'nanang.andriani','1901',@CompanyId=2;
26/05/2023 15:36:10	SQL :EXEC GetUserTreeMenu 'nanang.andriani','1902',@CompanyId=2;
26/05/2023 15:36:11	SQL :EXEC GetUserTreeMenu 'nanang.andriani','1903',@CompanyId=2;
26/05/2023 15:36:11	SQL :EXEC GetUserTreeMenu 'nanang.andriani','1904',@CompanyId=2;
26/05/2023 15:36:11	SQL :EXEC GetUserTreeMenu 'nanang.andriani','1905',@CompanyId=2;
26/05/2023 15:36:11	SQL :EXEC GetUserTreeMenu 'nanang.andriani','1906',@CompanyId=2;
26/05/2023 15:36:11	SQL :EXEC GetUserTreeMenu 'nanang.andriani','1907',@CompanyId=2;
26/05/2023 15:36:11	SQL :EXEC GetUserTreeMenu 'nanang.andriani','1908',@CompanyId=2;
26/05/2023 15:36:11	SQL :EXEC GetUserTreeMenu 'nanang.andriani','1909',@CompanyId=2;
26/05/2023 15:36:11	SQL :EXEC GetUserTreeMenu 'nanang.andriani','1910',@CompanyId=2;
26/05/2023 15:36:11	SQL :EXEC GetUserTreeMenu 'nanang.andriani','1911',@CompanyId=2;
26/05/2023 15:36:11	SQL :EXEC GetUserTreeMenu 'nanang.andriani','1912',@CompanyId=2;
26/05/2023 15:36:11	SQL :SELECT CONVERT(VARCHAR(8),GETDATE(),108) AS hour_minute;
26/05/2023 15:36:11	SQL :SELECT CONVERT(VARCHAR(10),GETDATE(),103) AS date_time;
26/05/2023 15:36:11	Loading Setting
26/05/2023 15:36:12	Open DB Connection
26/05/2023 15:36:12	SQL :SELECT * FROM wh_setting WHERE setting_name='Hold_Less_Deposit';
26/05/2023 15:36:12	SQL :SELECT * FROM wh_setting WHERE setting_name='Max_Less_Deposit';
26/05/2023 15:36:12	SQL :SELECT * FROM wh_setting WHERE setting_name='Dashboard_2';
26/05/2023 15:36:12	Finish Logging
26/05/2023 15:36:12	SQL :SELECT value_string FROM wh_setting WHERE (setting_name='Interval_CheckInDate') AND (active=1);
26/05/2023 15:36:12	SQL :SELECT value_string FROM wh_setting WHERE (setting_name='Interval_CheckInTime') AND (active=1);
26/05/2023 15:36:12	SQL :SELECT value_string FROM wh_setting WHERE (setting_name='ChatEnable') and (active=1);
26/05/2023 15:36:13	Message:Port Check
26/05/2023 15:36:13	Message:Open DB Connection
26/05/2023 15:36:13	SQL :EXEC GetMessage '01','nanang.andriani';
26/05/2023 15:36:13	SQL :SELECT CONVERT(VARCHAR(8),GETDATE(),108) AS hour_minute;
26/05/2023 15:36:13	SQL :SELECT CONVERT(VARCHAR(10),GETDATE(),103) AS date_time;
26/05/2023 15:36:57	Open Menu :130130
26/05/2023 15:36:57	Open DB Connection
26/05/2023 15:36:57	SQL :EXEC AuthMenu 'nanang.andriani',130130;
26/05/2023 15:36:57	Form Check :VehicleInsurance
26/05/2023 15:36:57	Form Open: VehicleInsurance=Bus,FormRequest=
26/05/2023 15:36:57	Open DB Connection
26/05/2023 15:36:57	SQL :EXEC GetInsuranceIssuer;
26/05/2023 15:36:57	SQL :EXEC GetInsuranceName;
26/05/2023 15:36:57	SQL :EXEC GetInsuranceCoverage;
26/05/2023 15:36:57	SQL :EXEC GetCompanyLocationList
26/05/2023 15:36:57	Open DB Connection
26/05/2023 15:36:57	SQL :EXEC GetVhcList 6,0,@Compan26/05/2023 15:47:19	Get Local Settings
26/05/2023 15:47:19	Start Change Local Settings
26/05/2023 15:47:19	Change short date format
26/05/2023 15:47:19	Change Long date format
26/05/2023 15:47:19	Finish Change Local Settings
26/05/2023 15:47:19	Registry Read: Path=SOFTWARE\WEHA\Aplikasi\3
26/05/2023 15:47:19	Registry Read/Write
26/05/2023 15:47:19	Registry Read: Path=SOFTWARE\WEHA\Aplikasi\3
26/05/2023 15:47:19	Registry Read:Fail
26/05/2023 15:47:19	Setting DB Param
26/05/2023 15:47:19	Create DB Object
26/05/2023 15:47:19	Init DB
26/05/2023 15:47:21	Error Create DB Connection
26/05/2023 15:47:23	Change Db Connection to :Provider=MSDASQL.1
26/05/2023 15:47:23	Finish Create DB Connection
26/05/2023 15:47:23	Get File Version
26/05/2023 15:47:23	Change  Caption
26/05/2023 15:47:23	Init Shortkey
26/05/2023 15:47:25	Form Check :Setting
26/05/2023 15:47:25	Form Open: Setting
26/05/2023 15:47:48	Create DB Object
26/05/2023 15:47:48	Init DB
26/05/2023 15:47:48	Finish Init DB
26/05/2023 15:47:48	Port Check
26/05/2023 15:47:48	Connection Check
26/05/2023 15:47:49	Check Success
26/05/2023 15:47:50	Registry Write: 192.168.10.247,wh_prod,sa,SQLNCLI10
26/05/2023 15:47:50	Registry Read: Path=SOFTWARE\WEHA\Aplikasi\3
26/05/2023 15:47:50	Registry Read:Fail
26/05/2023 15:47:53	Create DB Object
26/05/2023 15:47:53	Init DB
26/05/2023 15:47:53	Finish Init DB
26/05/2023 15:48:00	Update new version check
26/05/2023 15:48:00	Open DB Connection
26/05/2023 15:48:00	SQL :
26/05/2023 15:48:00	Update check version
26/05/2023 15:48:00	Open DB Connection
26/05/2023 15:48:00	SQL :SELECT version FROM wh_application WHERE application_id=(SELECT MAX(application_id) FROM wh_application);
26/05/2023 15:48:00	Start Login
26/05/2023 15:48:00	Open DB Connection
26/05/2023 15:48:00	SQL :EXEC AuthenticateUser 'nanang.andriani','3b5929d0c23006c99522f38746d85dd4';
26/05/2023 15:48:00	SQL :INSERT INTO wh_log (user_id,app_date,app_version,app_version_svr,location_id,company_id,department_id,host_name,ip_address)  VALUES ('nanang.andriani','26/05/2023','6.1.5.22','6.1.5.20',6,2,13,'DESKTOP-88BM05S','192.168.25.214');
26/05/2023 15:48:01	Open DB Connection
26/05/2023 15:48:01	SQL :EXEC GetUserMenu 'nanang.andriani';
26/05/2023 15:48:01	SQL :EXEC GetUserSubMenu 'nanang.andriani','11';
26/05/2023 15:48:01	SQL :EXEC GetUserTreeMenu 'nanang.andriani','1101',@CompanyId=2;
26/05/2023 15:48:01	SQL :EXEC GetUserTreeMenu 'nanang.andriani','1102',@CompanyId=2;
26/05/2023 15:48:01	SQL :EXEC GetUserTreeMenu 'nanang.andriani','1103',@CompanyId=2;
26/05/2023 15:48:01	SQL :EXEC GetUserTreeMenu 'nanang.andriani','1104',@CompanyId=2;
26/05/2023 15:48:01	SQL :EXEC GetUserTreeMenu 'nanang.andriani','1105',@CompanyId=2;
26/05/2023 15:48:01	SQL :EXEC GetUserTreeMenu 'nanang.andriani','1106',@CompanyId=2;
26/05/2023 15:48:02	SQL :EXEC GetUserTreeMenu 'nanang.andriani','1107',@CompanyId=2;
26/05/2023 15:48:02	SQL :EXEC GetUserTreeMenu 'nanang.andriani','1108',@CompanyId=2;
26/05/2023 15:48:02	SQL :EXEC GetUserTreeMenu 'nanang.andriani','1109',@CompanyId=2;
26/05/2023 15:48:02	SQL :EXEC GetUserTreeMenu 'nanang.andriani','1110',@CompanyId=2;
26/05/2023 15:48:02	SQL :EXEC GetUserTreeMenu 'nanang.andriani','1111',@CompanyId=2;
26/05/2023 15:48:02	SQL :EXEC GetUserTreeMenu 'nanang.andriani','1112',@CompanyId=2;
26/05/2023 15:48:02	SQL :EXEC GetUserTreeMenu 'nanang.andriani','1113',@CompanyId=2;
26/05/2023 15:48:02	SQL :EXEC GetUserTreeMenu 'nanang.andriani','1114',@CompanyId=2;
26/05/2023 15:48:02	SQL :EXEC GetUserTreeMenu 'nanang.andriani','1115',@CompanyId=2;
26/05/2023 15:48:02	SQL :EXEC GetUserTreeMenu 'nanang.andriani','1116',@CompanyId=2;
26/05/2023 15:48:03	SQL :EXEC GetUserTreeMenu 'nanang.andriani','1117',@CompanyId=2;
26/05/2023 15:48:03	SQL :EXEC GetUserTreeMenu 'nanang.andriani','1198',@CompanyId=2;
26/05/2023 15:48:03	SQL :EXEC GetUserTreeMenu 'nanang.andriani','1199',@CompanyId=2;
26/05/2023 15:48:03	SQL :EXEC GetUserSubMenu 'nanang.andriani','12';
26/05/2023 15:48:03	SQL :EXEC GetUserTreeMenu 'nanang.andriani','1201',@CompanyId=2;
26/05/2023 15:48:03	SQL :EXEC GetUserTreeMenu 'nanang.andriani','1202',@CompanyId=2;
26/05/2023 15:48:03	SQL :EXEC GetUserTreeMenu 'nanang.andriani','1203',@CompanyId=2;
26/05/2023 15:48:03	SQL :EXEC GetUserTreeMenu 'nanang.andriani','1204',@CompanyId=2;
26/05/2023 15:48:03	SQL :EXEC GetUserTreeMenu 'nanang.andriani','1205',@CompanyId=2;
26/05/2023 15:48:03	SQL :EXEC GetUserTreeMenu 'nanang.andriani','1206',@CompanyId=2;
26/05/2023 15:48:03	SQL :EXEC GetUserTreeMenu 'nanang.andriani','1207',@CompanyId=2;
26/05/2023 15:48:03	SQL :EXEC GetUserSubMenu 'nanang.andriani','13';
26/05/2023 15:48:03	SQL :EXEC GetUserTreeMenu 'nanang.andriani','1301',@CompanyId=2;
26/05/2023 15:48:03	SQL :EXEC GetUserTreeMenu 'nanang.andriani','1302',@CompanyId=2;
26/05/2023 15:48:03	SQL :EXEC GetUserTreeMenu 'nanang.andriani','1303',@CompanyId=2;
26/05/2023 15:48:03	SQL :EXEC GetUserTreeMenu 'nanang.andriani','1304',@CompanyId=2;
26/05/2023 15:48:03	SQL :EXEC GetUserTreeMenu 'nanang.andriani','1305',@CompanyId=2;
26/05/2023 15:48:03	SQL :EXEC GetUserTreeMenu 'nanang.andriani','1306',@CompanyId=2;
26/05/2023 15:48:03	SQL :EXEC GetUserTreeMenu 'nanang.andriani','1307',@CompanyId=2;
26/05/2023 15:48:03	SQL :EXEC GetUserTreeMenu 'nanang.andriani','1308',@CompanyId=2;
26/05/2023 15:48:03	SQL :EXEC GetUserTreeMenu 'nanang.andriani','1309',@CompanyId=2;
26/05/2023 15:48:03	SQL :EXEC GetUserTreeMenu 'nanang.andriani','1310',@CompanyId=2;
26/05/2023 15:48:03	SQL :EXEC GetUserTreeMenu 'nanang.andriani','1311',@CompanyId=2;
26/05/2023 15:48:04	SQL :EXEC GetUserTreeMenu 'nanang.andriani','1312',@CompanyId=2;
26/05/2023 15:48:04	SQL :EXEC GetUserTreeMenu 'nanang.andriani','1313',@CompanyId=2;
26/05/2023 15:48:04	SQL :EXEC GetUserTreeMenu 'nanang.andriani','1314',@CompanyId=2;
26/05/2023 15:48:04	SQL :EXEC GetUserTreeMenu 'nanang.andriani','1315',@CompanyId=2;
26/05/2023 15:48:04	SQL :EXEC GetUserTreeMenu 'nanang.andriani','1316',@CompanyId=2;
26/05/2023 15:48:04	SQL :EXEC GetUserTreeMenu 'nanang.andriani','1317',@CompanyId=2;
26/05/2023 15:48:04	SQL :EXEC GetUserTreeMenu 'nanang.andriani','1318',@CompanyId=2;
26/05/2023 15:48:04	SQL :EXEC GetUserTreeMenu 'nanang.andriani','1319',@CompanyId=2;
26/05/2023 15:48:04	SQL :EXEC GetUserTreeMenu 'nanang.andriani','1320',@CompanyId=2;
26/05/2023 15:48:04	SQL :EXEC GetUserTreeMenu 'nanang.andriani','1321',@CompanyId=2;
26/05/2023 15:48:04	SQL :EXEC GetUserTreeMenu 'nanang.andriani','1322',@CompanyId=2;
26/05/2023 15:48:04	SQL :EXEC GetUserSubMenu 'nanang.andriani','14';
26/05/2023 15:48:04	SQL :EXEC GetUserTreeMenu 'nanang.andriani','1401',@CompanyId=2;
26/05/2023 15:48:04	SQL :EXEC GetUserTreeMenu 'nanang.andriani','1402',@CompanyId=2;
26/05/2023 15:48:04	SQL :EXEC GetUserTreeMenu 'nanang.andriani','1403',@CompanyId=2;
26/05/2023 15:48:04	SQL :EXEC GetUserTreeMenu 'nanang.andriani','1404',@CompanyId=2;
26/05/2023 15:48:04	SQL :EXEC GetUserTreeMenu 'nanang.andriani','1406',@CompanyId=2;
26/05/2023 15:48:04	SQL :EXEC GetUserTreeMenu 'nanang.andriani','1408',@CompanyId=2;
26/05/2023 15:48:04	SQL :EXEC GetUserTreeMenu 'nanang.andriani','1410',@CompanyId=2;
26/05/2023 15:48:04	SQL :EXEC GetUserTreeMenu 'nanang.andriani','1411',@CompanyId=2;
26/05/2023 15:48:04	SQL :EXEC GetUserTreeMenu 'nanang.andriani','1412',@CompanyId=2;
26/05/2023 15:48:04	SQL :EXEC GetUserTreeMenu 'nanang.andriani','1413',@CompanyId=2;
26/05/2023 15:48:05	SQL :EXEC GetUserTreeMenu 'nanang.andriani','1414',@CompanyId=2;
26/05/2023 15:48:05	SQL :EXEC GetUserSubMenu 'nanang.andriani','15';
26/05/2023 15:48:05	SQL :EXEC GetUserTreeMenu 'nanang.andriani','1501',@CompanyId=2;
26/05/2023 15:48:05	SQL :EXEC GetUserTreeMenu 'nanang.andriani','1502',@CompanyId=2;
26/05/2023 15:48:05	SQL :EXEC GetUserTreeMenu 'nanang.andriani','1503',@CompanyId=2;
26/05/2023 15:48:05	SQL :EXEC GetUserTreeMenu 'nanang.andriani','1504',@CompanyId=2;
26/05/2023 15:48:05	SQL :EXEC GetUserTreeMenu 'nanang.andriani','1505',@CompanyId=2;
26/05/2023 15:48:05	SQL :EXEC GetUserTreeMenu 'nanang.andriani','1506',@CompanyId=2;
26/05/2023 15:48:05	SQL :EXEC GetUserTreeMenu 'nanang.andriani','1507',@CompanyId=2;
26/05/2023 15:48:05	SQL :EXEC GetUserTreeMenu 'nanang.andriani','1508',@CompanyId=2;
26/05/2023 15:48:05	SQL :EXEC GetUserTreeMenu 'nanang.andriani','1509',@CompanyId=2;
26/05/2023 15:48:05	SQL :EXEC GetUserTreeMenu 'nanang.andriani','1510',@CompanyId=2;
26/05/2023 15:48:05	SQL :EXEC GetUserTreeMenu 'nanang.andriani','1511',@CompanyId=2;
26/05/2023 15:48:05	SQL :EXEC GetUserSubMenu 'nanang.andriani','16';
26/05/2023 15:48:05	SQL :EXEC GetUserTreeMenu 'nanang.andriani','1601',@CompanyId=2;
26/05/2023 15:48:05	SQL :EXEC GetUserTreeMenu 'nanang.andriani','1602',@CompanyId=2;
26/05/2023 15:48:05	SQL :EXEC GetUserTreeMenu 'nanang.andriani','1603',@CompanyId=2;
26/05/2023 15:48:05	SQL :EXEC GetUserTreeMenu 'nanang.andriani','1604',@CompanyId=2;
26/05/2023 15:48:05	SQL :EXEC GetUserTreeMenu 'nanang.andriani','1605',@CompanyId=2;
26/05/2023 15:48:05	SQL :EXEC GetUserTreeMenu 'nanang.andriani','1606',@CompanyId=2;
26/05/2023 15:48:05	SQL :EXEC GetUserTreeMenu 'nanang.andriani','1607',@CompanyId=2;
26/05/2023 15:48:05	SQL :EXEC GetUserTreeMenu 'nanang.andriani','1608',@CompanyId=2;
26/05/2023 15:48:05	SQL :EXEC GetUserTreeMenu 'nanang.andriani','1609',@CompanyId=2;
26/05/2023 15:48:05	SQL :EXEC GetUserTreeMenu 'nanang.andriani','1610',@CompanyId=2;
26/05/2023 15:48:05	SQL :EXEC GetUserTreeMenu 'nanang.andriani','1611',@CompanyId=2;
26/05/2023 15:48:06	SQL :EXEC GetUserTreeMenu 'nanang.andriani','1612',@CompanyId=2;
26/05/2023 15:48:06	SQL :EXEC GetUserTreeMenu 'nanang.andriani','1613',@CompanyId=2;
26/05/2023 15:48:06	SQL :EXEC GetUserTreeMenu 'nanang.andriani','1614',@CompanyId=2;
26/05/2023 15:48:06	SQL :EXEC GetUserTreeMenu 'nanang.andriani','1615',@CompanyId=2;
26/05/2023 15:48:06	SQL :EXEC GetUserTreeMenu 'nanang.andriani','1616',@CompanyId=2;
26/05/2023 15:48:06	SQL :EXEC GetUserTreeMenu 'nanang.andriani','1619',@CompanyId=2;
26/05/2023 15:48:06	SQL :EXEC GetUserTreeMenu 'nanang.andriani','1620',@CompanyId=2;
26/05/2023 15:48:06	SQL :EXEC GetUserSubMenu 'nanang.andriani','17';
26/05/2023 15:48:07	SQL :EXEC GetUserTreeMenu 'nanang.andriani','1701',@CompanyId=2;
26/05/2023 15:48:07	SQL :EXEC GetUserTreeMenu 'nanang.andriani','1702',@CompanyId=2;
26/05/2023 15:48:07	SQL :EXEC GetUserTreeMenu 'nanang.andriani','1703',@CompanyId=2;
26/05/2023 15:48:07	SQL :EXEC GetUserTreeMenu 'nanang.andriani','1704',@CompanyId=2;
26/05/2023 15:48:07	SQL :EXEC GetUserTreeMenu 'nanang.andriani','1705',@CompanyId=2;
26/05/2023 15:48:07	SQL :EXEC GetUserTreeMenu 'nanang.andriani','1706',@CompanyId=2;
26/05/2023 15:48:08	SQL :EXEC GetUserTreeMenu 'nanang.andriani','1707',@CompanyId=2;
26/05/2023 15:48:08	SQL :EXEC GetUserTreeMenu 'nanang.andriani','1708',@CompanyId=2;
26/05/2023 15:48:08	SQL :EXEC GetUserTreeMenu 'nanang.andriani','1709',@CompanyId=2;
26/05/2023 15:48:08	SQL :EXEC GetUserTreeMenu 'nanang.andriani','1710',@CompanyId=2;
26/05/2023 15:48:08	SQL :EXEC GetUserTreeMenu 'nanang.andriani','1711',@CompanyId=2;
26/05/2023 15:48:08	SQL :EXEC GetUserTreeMenu 'nanang.andriani','1712',@CompanyId=2;
26/05/2023 15:48:08	SQL :EXEC GetUserTreeMenu 'nanang.andriani','1713',@CompanyId=2;
26/05/2023 15:48:08	SQL :EXEC GetUserTreeMenu 'nanang.andriani','1714',@CompanyId=2;
26/05/2023 15:48:08	SQL :EXEC GetUserTreeMenu 'nanang.andriani','1715',@CompanyId=2;
26/05/2023 15:48:08	SQL :EXEC GetUserTreeMenu 'nanang.andriani','1716',@CompanyId=2;
26/05/2023 15:48:08	SQL :EXEC GetUserTreeMenu 'nanang.andriani','1717',@CompanyId=2;
26/05/2023 15:48:08	SQL :EXEC GetUserSubMenu 'nanang.andriani','18';
26/05/2023 15:48:08	SQL :EXEC GetUserTreeMenu 'nanang.andriani','1801',@CompanyId=2;
26/05/2023 15:48:08	SQL :EXEC GetUserSubMenu 'nanang.andriani','19';
26/05/2023 15:48:08	SQL :EXEC GetUserTreeMenu 'nanang.andriani','1901',@CompanyId=2;
26/05/2023 15:48:08	SQL :EXEC GetUserTreeMenu 'nanang.andriani','1902',@CompanyId=2;
26/05/2023 15:48:08	SQL :EXEC GetUserTreeMenu 'nanang.andriani','1903',@CompanyId=2;
26/05/2023 15:48:08	SQL :EXEC GetUserTreeMenu 'nanang.andriani','1904',@CompanyId=2;
26/05/2023 15:48:08	SQL :EXEC GetUserTreeMenu 'nanang.andriani','1905',@CompanyId=2;
26/05/2023 15:48:08	SQL :EXEC GetUserTreeMenu 'nanang.andriani','1906',@CompanyId=2;
26/05/2023 15:48:08	SQL :EXEC GetUserTreeMenu 'nanang.andriani','1907',@CompanyId=2;
26/05/2023 15:48:08	SQL :EXEC GetUserTreeMenu 'nanang.andriani','1908',@CompanyId=2;
26/05/2023 15:48:08	SQL :EXEC GetUserTreeMenu 'nanang.andriani','1909',@CompanyId=2;
26/05/2023 15:48:09	SQL :EXEC GetUserTreeMenu 'nanang.andriani','1910',@CompanyId=2;
26/05/2023 15:48:09	SQL :EXEC GetUserTreeMenu 'nanang.andriani','1911',@CompanyId=2;
26/05/2023 15:48:09	SQL :EXEC GetUserTreeMenu 'nanang.andriani','1912',@CompanyId=2;
26/05/2023 15:48:09	SQL :SELECT CONVERT(VARCHAR(8),GETDATE(),108) AS hour_minute;
26/05/2023 15:48:09	SQL :SELECT CONVERT(VARCHAR(10),GETDATE(),103) AS date_time;
26/05/2023 15:48:09	Loading Setting
26/05/2023 15:48:09	Open DB Connection
26/05/2023 15:48:09	SQL :SELECT * FROM wh_setting WHERE setting_name='Hold_Less_Deposit';
26/05/2023 15:48:09	SQL :SELECT * FROM wh_setting WHERE setting_name='Max_Less_Deposit';
26/05/2023 15:48:09	SQL :SELECT * FROM wh_setting WHERE setting_name='Dashboard_2';
26/05/2023 15:48:09	Finish Logging
26/05/2023 15:48:09	SQL :SELECT value_string FROM wh_setting WHERE (setting_name='Interval_CheckInDate') AND (active=1);
26/05/2023 15:48:09	SQL :SELECT value_string FROM wh_setting WHERE (setting_name='Interval_CheckInTime') AND (active=1);
26/05/2023 15:48:09	SQL :SELECT value_string FROM wh_setting WHERE (setting_name='ChatEnable') and (active=1);
26/05/2023 15:48:10	Message:Port Check
26/05/2023 15:48:10	Message:Open DB Connection
26/05/2023 15:48:10	SQL :EXEC GetMessage '01','nanang.andriani';
26/05/2023 15:48:10	SQL :SELECT CONVERT(VARCHAR(8),GETDATE(),108) AS hour_minute;
26/05/2023 15:48:10	SQL :SELECT CONVERT(VARCHAR(10),GETDATE(),103) AS date_time;
26/05/2023 15:48:12	Open Menu :130130
26/05/2023 15:48:12	Open DB Connection
26/05/2023 15:48:12	SQL :EXEC AuthMenu 'nanang.andriani',130130;
26/05/2023 15:48:13	Form Check :VehicleInsurance
26/05/2023 15:48:13	Form Open: VehicleInsurance=Bus,FormRequest=
26/05/2023 15:48:13	Open DB Connection
26/05/2023 15:48:13	SQL :EXEC GetInsuranceIssuer;
26/05/2023 15:48:13	SQL :EXEC GetInsuranceName;
26/05/2023 15:48:14	SQL :EXEC GetInsuranceCoverage;
26/05/2023 15:48:14	SQL :EXEC GetCompanyLocationList
26/05/2023 15:48:14	Open DB Connection
26/05/2023 15:48:14	SQL :EXEC GetVhcList 6,0,@Compan26/05/2023 15:49:39	Get Local Settings
26/05/2023 15:49:39	Start Change Local Settings
26/05/2023 15:49:39	Change short date format
26/05/2023 15:49:39	Change Long date format
26/05/2023 15:49:39	Finish Change Local Settings
26/05/2023 15:49:39	Registry Read: Path=SOFTWARE\WEHA\Aplikasi\3
26/05/2023 15:49:39	Registry Read/Write
26/05/2023 15:49:39	Registry Read: Path=SOFTWARE\WEHA\Aplikasi\3
26/05/2023 15:49:39	Registry Read:Fail
26/05/2023 15:49:39	Setting DB Param
26/05/2023 15:49:39	Create DB Object
26/05/2023 15:49:39	Init DB
26/05/2023 15:49:41	Error Create DB Connection
26/05/2023 15:49:44	Change Db Connection to :Provider=MSDASQL.1
26/05/2023 15:49:44	Finish Create DB Connection
26/05/2023 15:49:44	Get File Version
26/05/2023 15:49:44	Change  Caption
26/05/2023 15:49:44	Init Shortkey
26/05/2023 15:49:45	Form Check :Setting
26/05/2023 15:49:45	Form Open: Setting
26/05/2023 15:50:02	Create DB Object
26/05/2023 15:50:02	Init DB
26/05/2023 15:50:02	Finish Init DB
26/05/2023 15:50:02	Port Check
26/05/2023 15:50:03	Connection Check
26/05/2023 15:50:03	Check Success
26/05/2023 15:50:04	Registry Write: 192.168.10.247,wh_prod,sa,SQLNCLI10
26/05/2023 15:50:04	Registry Read: Path=SOFTWARE\WEHA\Aplikasi\3
26/05/2023 15:50:04	Registry Read:Fail
26/05/2023 15:50:07	Create DB Object
26/05/2023 15:50:07	Init DB
26/05/2023 15:50:07	Finish Init DB
26/05/2023 15:50:12	Update new version check
26/05/2023 15:50:12	Open DB Connection
26/05/2023 15:50:12	SQL :
26/05/2023 15:50:12	Update check version
26/05/2023 15:50:12	Open DB Connection
26/05/2023 15:50:12	SQL :SELECT version FROM wh_application WHERE application_id=(SELECT MAX(application_id) FROM wh_application);
26/05/2023 15:50:13	Start Login
26/05/2023 15:50:13	Open DB Connection
26/05/2023 15:50:13	SQL :EXEC AuthenticateUser 'nanang.andriani','3b5929d0c23006c99522f38746d85dd4';
26/05/2023 15:50:13	SQL :INSERT INTO wh_log (user_id,app_date,app_version,app_version_svr,location_id,company_id,department_id,host_name,ip_address)  VALUES ('nanang.andriani','26/05/2023','6.1.5.22','6.1.5.20',6,2,13,'DESKTOP-88BM05S','192.168.25.214');
26/05/2023 15:50:13	Open DB Connection
26/05/2023 15:50:13	SQL :EXEC GetUserMenu 'nanang.andriani';
26/05/2023 15:50:13	SQL :EXEC GetUserSubMenu 'nanang.andriani','11';
26/05/2023 15:50:13	SQL :EXEC GetUserTreeMenu 'nanang.andriani','1101',@CompanyId=2;
26/05/2023 15:50:13	SQL :EXEC GetUserTreeMenu 'nanang.andriani','1102',@CompanyId=2;
26/05/2023 15:50:13	SQL :EXEC GetUserTreeMenu 'nanang.andriani','1103',@CompanyId=2;
26/05/2023 15:50:13	SQL :EXEC GetUserTreeMenu 'nanang.andriani','1104',@CompanyId=2;
26/05/2023 15:50:13	SQL :EXEC GetUserTreeMenu 'nanang.andriani','1105',@CompanyId=2;
26/05/2023 15:50:13	SQL :EXEC GetUserTreeMenu 'nanang.andriani','1106',@CompanyId=2;
26/05/2023 15:50:13	SQL :EXEC GetUserTreeMenu 'nanang.andriani','1107',@CompanyId=2;
26/05/2023 15:50:13	SQL :EXEC GetUserTreeMenu 'nanang.andriani','1108',@CompanyId=2;
26/05/2023 15:50:13	SQL :EXEC GetUserTreeMenu 'nanang.andriani','1109',@CompanyId=2;
26/05/2023 15:50:13	SQL :EXEC GetUserTreeMenu 'nanang.andriani','1110',@CompanyId=2;
26/05/2023 15:50:13	SQL :EXEC GetUserTreeMenu 'nanang.andriani','1111',@CompanyId=2;
26/05/2023 15:50:13	SQL :EXEC GetUserTreeMenu 'nanang.andriani','1112',@CompanyId=2;
26/05/2023 15:50:13	SQL :EXEC GetUserTreeMenu 'nanang.andriani','1113',@CompanyId=2;
26/05/2023 15:50:13	SQL :EXEC GetUserTreeMenu 'nanang.andriani','1114',@CompanyId=2;
26/05/2023 15:50:13	SQL :EXEC GetUserTreeMenu 'nanang.andriani','1115',@CompanyId=2;
26/05/2023 15:50:13	SQL :EXEC GetUserTreeMenu 'nanang.andriani','1116',@CompanyId=2;
26/05/2023 15:50:13	SQL :EXEC GetUserTreeMenu 'nanang.andriani','1117',@CompanyId=2;
26/05/2023 15:50:13	SQL :EXEC GetUserTreeMenu 'nanang.andriani','1198',@CompanyId=2;
26/05/2023 15:50:13	SQL :EXEC GetUserTreeMenu 'nanang.andriani','1199',@CompanyId=2;
26/05/2023 15:50:13	SQL :EXEC GetUserSubMenu 'nanang.andriani','12';
26/05/2023 15:50:13	SQL :EXEC GetUserTreeMenu 'nanang.andriani','1201',@CompanyId=2;
26/05/2023 15:50:13	SQL :EXEC GetUserTreeMenu 'nanang.andriani','1202',@CompanyId=2;
26/05/2023 15:50:13	SQL :EXEC GetUserTreeMenu 'nanang.andriani','1203',@CompanyId=2;
26/05/2023 15:50:13	SQL :EXEC GetUserTreeMenu 'nanang.andriani','1204',@CompanyId=2;
26/05/2023 15:50:13	SQL :EXEC GetUserTreeMenu 'nanang.andriani','1205',@CompanyId=2;
26/05/2023 15:50:13	SQL :EXEC GetUserTreeMenu 'nanang.andriani','1206',@CompanyId=2;
26/05/2023 15:50:13	SQL :EXEC GetUserTreeMenu 'nanang.andriani','1207',@CompanyId=2;
26/05/2023 15:50:13	SQL :EXEC GetUserSubMenu 'nanang.andriani','13';
26/05/2023 15:50:13	SQL :EXEC GetUserTreeMenu 'nanang.andriani','1301',@CompanyId=2;
26/05/2023 15:50:13	SQL :EXEC GetUserTreeMenu 'nanang.andriani','1302',@CompanyId=2;
26/05/2023 15:50:13	SQL :EXEC GetUserTreeMenu 'nanang.andriani','1303',@CompanyId=2;
26/05/2023 15:50:13	SQL :EXEC GetUserTreeMenu 'nanang.andriani','1304',@CompanyId=2;
26/05/2023 15:50:13	SQL :EXEC GetUserTreeMenu 'nanang.andriani','1305',@CompanyId=2;
26/05/2023 15:50:13	SQL :EXEC GetUserTreeMenu 'nanang.andriani','1306',@CompanyId=2;
26/05/2023 15:50:13	SQL :EXEC GetUserTreeMenu 'nanang.andriani','1307',@CompanyId=2;
26/05/2023 15:50:13	SQL :EXEC GetUserTreeMenu 'nanang.andriani','1308',@CompanyId=2;
26/05/2023 15:50:13	SQL :EXEC GetUserTreeMenu 'nanang.andriani','1309',@CompanyId=2;
26/05/2023 15:50:13	SQL :EXEC GetUserTreeMenu 'nanang.andriani','1310',@CompanyId=2;
26/05/2023 15:50:14	SQL :EXEC GetUserTreeMenu 'nanang.andriani','1311',@CompanyId=2;
26/05/2023 15:50:14	SQL :EXEC GetUserTreeMenu 'nanang.andriani','1312',@CompanyId=2;
26/05/2023 15:50:14	SQL :EXEC GetUserTreeMenu 'nanang.andriani','1313',@CompanyId=2;
26/05/2023 15:50:14	SQL :EXEC GetUserTreeMenu 'nanang.andriani','1314',@CompanyId=2;
26/05/2023 15:50:14	SQL :EXEC GetUserTreeMenu 'nanang.andriani','1315',@CompanyId=2;
26/05/2023 15:50:14	SQL :EXEC GetUserTreeMenu 'nanang.andriani','1316',@CompanyId=2;
26/05/2023 15:50:14	SQL :EXEC GetUserTreeMenu 'nanang.andriani','1317',@CompanyId=2;
26/05/2023 15:50:14	SQL :EXEC GetUserTreeMenu 'nanang.andriani','1318',@CompanyId=2;
26/05/2023 15:50:14	SQL :EXEC GetUserTreeMenu 'nanang.andriani','1319',@CompanyId=2;
26/05/2023 15:50:14	SQL :EXEC GetUserTreeMenu 'nanang.andriani','1320',@CompanyId=2;
26/05/2023 15:50:14	SQL :EXEC GetUserTreeMenu 'nanang.andriani','1321',@CompanyId=2;
26/05/2023 15:50:14	SQL :EXEC GetUserTreeMenu 'nanang.andriani','1322',@CompanyId=2;
26/05/2023 15:50:14	SQL :EXEC GetUserSubMenu 'nanang.andriani','14';
26/05/2023 15:50:14	SQL :EXEC GetUserTreeMenu 'nanang.andriani','1401',@CompanyId=2;
26/05/2023 15:50:14	SQL :EXEC GetUserTreeMenu 'nanang.andriani','1402',@CompanyId=2;
26/05/2023 15:50:14	SQL :EXEC GetUserTreeMenu 'nanang.andriani','1403',@CompanyId=2;
26/05/2023 15:50:14	SQL :EXEC GetUserTreeMenu 'nanang.andriani','1404',@CompanyId=2;
26/05/2023 15:50:14	SQL :EXEC GetUserTreeMenu 'nanang.andriani','1406',@CompanyId=2;
26/05/2023 15:50:14	SQL :EXEC GetUserTreeMenu 'nanang.andriani','1408',@CompanyId=2;
26/05/2023 15:50:14	SQL :EXEC GetUserTreeMenu 'nanang.andriani','1410',@CompanyId=2;
26/05/2023 15:50:14	SQL :EXEC GetUserTreeMenu 'nanang.andriani','1411',@CompanyId=2;
26/05/2023 15:50:14	SQL :EXEC GetUserTreeMenu 'nanang.andriani','1412',@CompanyId=2;
26/05/2023 15:50:14	SQL :EXEC GetUserTreeMenu 'nanang.andriani','1413',@CompanyId=2;
26/05/2023 15:50:14	SQL :EXEC GetUserTreeMenu 'nanang.andriani','1414',@CompanyId=2;
26/05/2023 15:50:14	SQL :EXEC GetUserSubMenu 'nanang.andriani','15';
26/05/2023 15:50:14	SQL :EXEC GetUserTreeMenu 'nanang.andriani','1501',@CompanyId=2;
26/05/2023 15:50:14	SQL :EXEC GetUserTreeMenu 'nanang.andriani','1502',@CompanyId=2;
26/05/2023 15:50:14	SQL :EXEC GetUserTreeMenu 'nanang.andriani','1503',@CompanyId=2;
26/05/2023 15:50:14	SQL :EXEC GetUserTreeMenu 'nanang.andriani','1504',@CompanyId=2;
26/05/2023 15:50:14	SQL :EXEC GetUserTreeMenu 'nanang.andriani','1505',@CompanyId=2;
26/05/2023 15:50:14	SQL :EXEC GetUserTreeMenu 'nanang.andriani','1506',@CompanyId=2;
26/05/2023 15:50:14	SQL :EXEC GetUserTreeMenu 'nanang.andriani','1507',@CompanyId=2;
26/05/2023 15:50:14	SQL :EXEC GetUserTreeMenu 'nanang.andriani','1508',@CompanyId=2;
26/05/2023 15:50:14	SQL :EXEC GetUserTreeMenu 'nanang.andriani','1509',@CompanyId=2;
26/05/2023 15:50:14	SQL :EXEC GetUserTreeMenu 'nanang.andriani','1510',@CompanyId=2;
26/05/2023 15:50:14	SQL :EXEC GetUserTreeMenu 'nanang.andriani','1511',@CompanyId=2;
26/05/2023 15:50:14	SQL :EXEC GetUserSubMenu 'nanang.andriani','16';
26/05/2023 15:50:14	SQL :EXEC GetUserTreeMenu 'nanang.andriani','1601',@CompanyId=2;
26/05/2023 15:50:14	SQL :EXEC GetUserTreeMenu 'nanang.andriani','1602',@CompanyId=2;
26/05/2023 15:50:14	SQL :EXEC GetUserTreeMenu 'nanang.andriani','1603',@CompanyId=2;
26/05/2023 15:50:14	SQL :EXEC GetUserTreeMenu 'nanang.andriani','1604',@CompanyId=2;
26/05/2023 15:50:14	SQL :EXEC GetUserTreeMenu 'nanang.andriani','1605',@CompanyId=2;
26/05/2023 15:50:14	SQL :EXEC GetUserTreeMenu 'nanang.andriani','1606',@CompanyId=2;
26/05/2023 15:50:14	SQL :EXEC GetUserTreeMenu 'nanang.andriani','1607',@CompanyId=2;
26/05/2023 15:50:14	SQL :EXEC GetUserTreeMenu 'nanang.andriani','1608',@CompanyId=2;
26/05/2023 15:50:14	SQL :EXEC GetUserTreeMenu 'nanang.andriani','1609',@CompanyId=2;
26/05/2023 15:50:14	SQL :EXEC GetUserTreeMenu 'nanang.andriani','1610',@CompanyId=2;
26/05/2023 15:50:14	SQL :EXEC GetUserTreeMenu 'nanang.andriani','1611',@CompanyId=2;
26/05/2023 15:50:14	SQL :EXEC GetUserTreeMenu 'nanang.andriani','1612',@CompanyId=2;
26/05/2023 15:50:15	SQL :EXEC GetUserTreeMenu 'nanang.andriani','1613',@CompanyId=2;
26/05/2023 15:50:15	SQL :EXEC GetUserTreeMenu 'nanang.andriani','1614',@CompanyId=2;
26/05/2023 15:50:15	SQL :EXEC GetUserTreeMenu 'nanang.andriani','1615',@CompanyId=2;
26/05/2023 15:50:15	SQL :EXEC GetUserTreeMenu 'nanang.andriani','1616',@CompanyId=2;
26/05/2023 15:50:15	SQL :EXEC GetUserTreeMenu 'nanang.andriani','1619',@CompanyId=2;
26/05/2023 15:50:15	SQL :EXEC GetUserTreeMenu 'nanang.andriani','1620',@CompanyId=2;
26/05/2023 15:50:15	SQL :EXEC GetUserSubMenu 'nanang.andriani','17';
26/05/2023 15:50:15	SQL :EXEC GetUserTreeMenu 'nanang.andriani','1701',@CompanyId=2;
26/05/2023 15:50:15	SQL :EXEC GetUserTreeMenu 'nanang.andriani','1702',@CompanyId=2;
26/05/2023 15:50:15	SQL :EXEC GetUserTreeMenu 'nanang.andriani','1703',@CompanyId=2;
26/05/2023 15:50:15	SQL :EXEC GetUserTreeMenu 'nanang.andriani','1704',@CompanyId=2;
26/05/2023 15:50:15	SQL :EXEC GetUserTreeMenu 'nanang.andriani','1705',@CompanyId=2;
26/05/2023 15:50:15	SQL :EXEC GetUserTreeMenu 'nanang.andriani','1706',@CompanyId=2;
26/05/2023 15:50:15	SQL :EXEC GetUserTreeMenu 'nanang.andriani','1707',@CompanyId=2;
26/05/2023 15:50:15	SQL :EXEC GetUserTreeMenu 'nanang.andriani','1708',@CompanyId=2;
26/05/2023 15:50:15	SQL :EXEC GetUserTreeMenu 'nanang.andriani','1709',@CompanyId=2;
26/05/2023 15:50:15	SQL :EXEC GetUserTreeMenu 'nanang.andriani','1710',@CompanyId=2;
26/05/2023 15:50:15	SQL :EXEC GetUserTreeMenu 'nanang.andriani','1711',@CompanyId=2;
26/05/2023 15:50:15	SQL :EXEC GetUserTreeMenu 'nanang.andriani','1712',@CompanyId=2;
26/05/2023 15:50:15	SQL :EXEC GetUserTreeMenu 'nanang.andriani','1713',@CompanyId=2;
26/05/2023 15:50:15	SQL :EXEC GetUserTreeMenu 'nanang.andriani','1714',@CompanyId=2;
26/05/2023 15:50:15	SQL :EXEC GetUserTreeMenu 'nanang.andriani','1715',@CompanyId=2;
26/05/2023 15:50:15	SQL :EXEC GetUserTreeMenu 'nanang.andriani','1716',@CompanyId=2;
26/05/2023 15:50:15	SQL :EXEC GetUserTreeMenu 'nanang.andriani','1717',@CompanyId=2;
26/05/2023 15:50:15	SQL :EXEC GetUserSubMenu 'nanang.andriani','18';
26/05/2023 15:50:15	SQL :EXEC GetUserTreeMenu 'nanang.andriani','1801',@CompanyId=2;
26/05/2023 15:50:15	SQL :EXEC GetUserSubMenu 'nanang.andriani','19';
26/05/2023 15:50:15	SQL :EXEC GetUserTreeMenu 'nanang.andriani','1901',@CompanyId=2;
26/05/2023 15:50:15	SQL :EXEC GetUserTreeMenu 'nanang.andriani','1902',@CompanyId=2;
26/05/2023 15:50:15	SQL :EXEC GetUserTreeMenu 'nanang.andriani','1903',@CompanyId=2;
26/05/2023 15:50:15	SQL :EXEC GetUserTreeMenu 'nanang.andriani','1904',@CompanyId=2;
26/05/2023 15:50:15	SQL :EXEC GetUserTreeMenu 'nanang.andriani','1905',@CompanyId=2;
26/05/2023 15:50:15	SQL :EXEC GetUserTreeMenu 'nanang.andriani','1906',@CompanyId=2;
26/05/2023 15:50:16	SQL :EXEC GetUserTreeMenu 'nanang.andriani','1907',@CompanyId=2;
26/05/2023 15:50:16	SQL :EXEC GetUserTreeMenu 'nanang.andriani','1908',@CompanyId=2;
26/05/2023 15:50:16	SQL :EXEC GetUserTreeMenu 'nanang.andriani','1909',@CompanyId=2;
26/05/2023 15:50:16	SQL :EXEC GetUserTreeMenu 'nanang.andriani','1910',@CompanyId=2;
26/05/2023 15:50:16	SQL :EXEC GetUserTreeMenu 'nanang.andriani','1911',@CompanyId=2;
26/05/2023 15:50:16	SQL :EXEC GetUserTreeMenu 'nanang.andriani','1912',@CompanyId=2;
26/05/2023 15:50:16	SQL :SELECT CONVERT(VARCHAR(8),GETDATE(),108) AS hour_minute;
26/05/2023 15:50:16	SQL :SELECT CONVERT(VARCHAR(10),GETDATE(),103) AS date_time;
26/05/2023 15:50:16	Loading Setting
26/05/2023 15:50:16	Open DB Connection
26/05/2023 15:50:16	SQL :SELECT * FROM wh_setting WHERE setting_name='Hold_Less_Deposit';
26/05/2023 15:50:16	SQL :SELECT * FROM wh_setting WHERE setting_name='Max_Less_Deposit';
26/05/2023 15:50:16	SQL :SELECT * FROM wh_setting WHERE setting_name='Dashboard_2';
26/05/2023 15:50:16	Finish Logging
26/05/2023 15:50:16	SQL :SELECT value_string FROM wh_setting WHERE (setting_name='Interval_CheckInDate') AND (active=1);
26/05/2023 15:50:16	SQL :SELECT value_string FROM wh_setting WHERE (setting_name='Interval_CheckInTime') AND (active=1);
26/05/2023 15:50:16	SQL :SELECT value_string FROM wh_setting WHERE (setting_name='ChatEnable') and (active=1);
26/05/2023 15:50:17	Message:Port Check
26/05/2023 15:50:17	Message:Open DB Connection
26/05/2023 15:50:17	SQL :EXEC GetMessage '01','nanang.andriani';
26/05/2023 15:50:17	SQL :SELECT CONVERT(VARCHAR(8),GETDATE(),108) AS hour_minute;
26/05/2023 15:50:17	SQL :SELECT CONVERT(VARCHAR(10),GETDATE(),103) AS date_time;
26/05/2023 15:50:20	Open Menu :130130
26/05/2023 15:50:20	Open DB Connection
26/05/2023 15:50:20	SQL :EXEC AuthMenu 'nanang.andriani',130130;
26/05/2023 15:50:20	Form Check :VehicleInsurance
26/05/2023 15:50:20	Form Open: VehicleInsurance=Bus,FormRequest=
26/05/2023 15:50:20	Open DB Connection
26/05/2023 15:50:20	SQL :EXEC GetInsuranceIssuer;
26/05/2023 15:50:20	SQL :EXEC GetInsuranceName;
26/05/2023 15:50:20	SQL :EXEC GetInsuranceCoverage;
26/05/2023 15:50:20	SQL :EXEC GetCompanyLocationList
26/05/2023 15:50:20	Open DB Connection
26/05/2023 15:50:20	SQL :EXEC GetVhcList 6,0,@Compan26/05/2023 15:52:26	Get Local Settings
26/05/2023 15:52:26	Start Change Local Settings
26/05/2023 15:52:26	Change short date format
26/05/2023 15:52:26	Change Long date format
26/05/2023 15:52:26	Finish Change Local Settings
26/05/2023 15:52:26	Registry Read: Path=SOFTWARE\WEHA\Aplikasi\3
26/05/2023 15:52:26	Registry Read/Write
26/05/2023 15:52:26	Registry Read: Path=SOFTWARE\WEHA\Aplikasi\3
26/05/2023 15:52:26	Registry Read:Fail
26/05/2023 15:52:26	Setting DB Param
26/05/2023 15:52:26	Create DB Object
26/05/2023 15:52:26	Init DB
26/05/2023 15:52:28	Error Create DB Connection
26/05/2023 15:52:30	Change Db Connection to :Provider=MSDASQL.1
26/05/2023 15:52:30	Finish Create DB Connection
26/05/2023 15:52:30	Get File Version
26/05/2023 15:52:30	Change  Caption
26/05/2023 15:52:30	Init Shortkey
26/05/2023 15:52:32	Form Check :Setting
26/05/2023 15:52:32	Form Open: Setting
26/05/2023 15:52:48	Create DB Object
26/05/2023 15:52:48	Init DB
26/05/2023 15:52:48	Finish Init DB
26/05/2023 15:52:48	Port Check
26/05/2023 15:52:48	Connection Check
26/05/2023 15:52:48	Check Success
26/05/2023 15:52:50	Registry Write: 192.168.10.247,wh_prod,sa,SQLNCLI10
26/05/2023 15:52:50	Registry Read: Path=SOFTWARE\WEHA\Aplikasi\3
26/05/2023 15:52:50	Registry Read:Fail
26/05/2023 15:52:53	Create DB Object
26/05/2023 15:52:53	Init DB
26/05/2023 15:52:53	Finish Init DB
26/05/2023 15:52:59	Update new version check
26/05/2023 15:52:59	Open DB Connection
26/05/2023 15:52:59	SQL :
26/05/2023 15:52:59	Update check version
26/05/2023 15:52:59	Open DB Connection
26/05/2023 15:52:59	SQL :SELECT version FROM wh_application WHERE application_id=(SELECT MAX(application_id) FROM wh_application);
26/05/2023 15:52:59	Start Login
26/05/2023 15:52:59	Open DB Connection
26/05/2023 15:52:59	SQL :EXEC AuthenticateUser 'nanang.andriani','3b5929d0c23006c99522f38746d85dd4';
26/05/2023 15:52:59	SQL :INSERT INTO wh_log (user_id,app_date,app_version,app_version_svr,location_id,company_id,department_id,host_name,ip_address)  VALUES ('nanang.andriani','26/05/2023','6.1.5.22','6.1.5.20',6,2,13,'DESKTOP-88BM05S','192.168.25.214');
26/05/2023 15:53:01	Open DB Connection
26/05/2023 15:53:01	SQL :EXEC GetUserMenu 'nanang.andriani';
26/05/2023 15:53:01	SQL :EXEC GetUserSubMenu 'nanang.andriani','11';
26/05/2023 15:53:01	SQL :EXEC GetUserTreeMenu 'nanang.andriani','1101',@CompanyId=2;
26/05/2023 15:53:01	SQL :EXEC GetUserTreeMenu 'nanang.andriani','1102',@CompanyId=2;
26/05/2023 15:53:01	SQL :EXEC GetUserTreeMenu 'nanang.andriani','1103',@CompanyId=2;
26/05/2023 15:53:01	SQL :EXEC GetUserTreeMenu 'nanang.andriani','1104',@CompanyId=2;
26/05/2023 15:53:01	SQL :EXEC GetUserTreeMenu 'nanang.andriani','1105',@CompanyId=2;
26/05/2023 15:53:01	SQL :EXEC GetUserTreeMenu 'nanang.andriani','1106',@CompanyId=2;
26/05/2023 15:53:01	SQL :EXEC GetUserTreeMenu 'nanang.andriani','1107',@CompanyId=2;
26/05/2023 15:53:01	SQL :EXEC GetUserTreeMenu 'nanang.andriani','1108',@CompanyId=2;
26/05/2023 15:53:01	SQL :EXEC GetUserTreeMenu 'nanang.andriani','1109',@CompanyId=2;
26/05/2023 15:53:01	SQL :EXEC GetUserTreeMenu 'nanang.andriani','1110',@CompanyId=2;
26/05/2023 15:53:01	SQL :EXEC GetUserTreeMenu 'nanang.andriani','1111',@CompanyId=2;
26/05/2023 15:53:01	SQL :EXEC GetUserTreeMenu 'nanang.andriani','1112',@CompanyId=2;
26/05/2023 15:53:01	SQL :EXEC GetUserTreeMenu 'nanang.andriani','1113',@CompanyId=2;
26/05/2023 15:53:01	SQL :EXEC GetUserTreeMenu 'nanang.andriani','1114',@CompanyId=2;
26/05/2023 15:53:01	SQL :EXEC GetUserTreeMenu 'nanang.andriani','1115',@CompanyId=2;
26/05/2023 15:53:01	SQL :EXEC GetUserTreeMenu 'nanang.andriani','1116',@CompanyId=2;
26/05/2023 15:53:01	SQL :EXEC GetUserTreeMenu 'nanang.andriani','1117',@CompanyId=2;
26/05/2023 15:53:01	SQL :EXEC GetUserTreeMenu 'nanang.andriani','1198',@CompanyId=2;
26/05/2023 15:53:01	SQL :EXEC GetUserTreeMenu 'nanang.andriani','1199',@CompanyId=2;
26/05/2023 15:53:01	SQL :EXEC GetUserSubMenu 'nanang.andriani','12';
26/05/2023 15:53:01	SQL :EXEC GetUserTreeMenu 'nanang.andriani','1201',@CompanyId=2;
26/05/2023 15:53:01	SQL :EXEC GetUserTreeMenu 'nanang.andriani','1202',@CompanyId=2;
26/05/2023 15:53:01	SQL :EXEC GetUserTreeMenu 'nanang.andriani','1203',@CompanyId=2;
26/05/2023 15:53:01	SQL :EXEC GetUserTreeMenu 'nanang.andriani','1204',@CompanyId=2;
26/05/2023 15:53:01	SQL :EXEC GetUserTreeMenu 'nanang.andriani','1205',@CompanyId=2;
26/05/2023 15:53:01	SQL :EXEC GetUserTreeMenu 'nanang.andriani','1206',@CompanyId=2;
26/05/2023 15:53:01	SQL :EXEC GetUserTreeMenu 'nanang.andriani','1207',@CompanyId=2;
26/05/2023 15:53:01	SQL :EXEC GetUserSubMenu 'nanang.andriani','13';
26/05/2023 15:53:02	SQL :EXEC GetUserTreeMenu 'nanang.andriani','1301',@CompanyId=2;
26/05/2023 15:53:02	SQL :EXEC GetUserTreeMenu 'nanang.andriani','1302',@CompanyId=2;
26/05/2023 15:53:02	SQL :EXEC GetUserTreeMenu 'nanang.andriani','1303',@CompanyId=2;
26/05/2023 15:53:02	SQL :EXEC GetUserTreeMenu 'nanang.andriani','1304',@CompanyId=2;
26/05/2023 15:53:02	SQL :EXEC GetUserTreeMenu 'nanang.andriani','1305',@CompanyId=2;
26/05/2023 15:53:02	SQL :EXEC GetUserTreeMenu 'nanang.andriani','1306',@CompanyId=2;
26/05/2023 15:53:02	SQL :EXEC GetUserTreeMenu 'nanang.andriani','1307',@CompanyId=2;
26/05/2023 15:53:02	SQL :EXEC GetUserTreeMenu 'nanang.andriani','1308',@CompanyId=2;
26/05/2023 15:53:02	SQL :EXEC GetUserTreeMenu 'nanang.andriani','1309',@CompanyId=2;
26/05/2023 15:53:02	SQL :EXEC GetUserTreeMenu 'nanang.andriani','1310',@CompanyId=2;
26/05/2023 15:53:02	SQL :EXEC GetUserTreeMenu 'nanang.andriani','1311',@CompanyId=2;
26/05/2023 15:53:02	SQL :EXEC GetUserTreeMenu 'nanang.andriani','1312',@CompanyId=2;
26/05/2023 15:53:02	SQL :EXEC GetUserTreeMenu 'nanang.andriani','1313',@CompanyId=2;
26/05/2023 15:53:02	SQL :EXEC GetUserTreeMenu 'nanang.andriani','1314',@CompanyId=2;
26/05/2023 15:53:02	SQL :EXEC GetUserTreeMenu 'nanang.andriani','1315',@CompanyId=2;
26/05/2023 15:53:02	SQL :EXEC GetUserTreeMenu 'nanang.andriani','1316',@CompanyId=2;
26/05/2023 15:53:02	SQL :EXEC GetUserTreeMenu 'nanang.andriani','1317',@CompanyId=2;
26/05/2023 15:53:02	SQL :EXEC GetUserTreeMenu 'nanang.andriani','1318',@CompanyId=2;
26/05/2023 15:53:02	SQL :EXEC GetUserTreeMenu 'nanang.andriani','1319',@CompanyId=2;
26/05/2023 15:53:02	SQL :EXEC GetUserTreeMenu 'nanang.andriani','1320',@CompanyId=2;
26/05/2023 15:53:02	SQL :EXEC GetUserTreeMenu 'nanang.andriani','1321',@CompanyId=2;
26/05/2023 15:53:02	SQL :EXEC GetUserTreeMenu 'nanang.andriani','1322',@CompanyId=2;
26/05/2023 15:53:02	SQL :EXEC GetUserSubMenu 'nanang.andriani','14';
26/05/2023 15:53:02	SQL :EXEC GetUserTreeMenu 'nanang.andriani','1401',@CompanyId=2;
26/05/2023 15:53:02	SQL :EXEC GetUserTreeMenu 'nanang.andriani','1402',@CompanyId=2;
26/05/2023 15:53:02	SQL :EXEC GetUserTreeMenu 'nanang.andriani','1403',@CompanyId=2;
26/05/2023 15:53:02	SQL :EXEC GetUserTreeMenu 'nanang.andriani','1404',@CompanyId=2;
26/05/2023 15:53:02	SQL :EXEC GetUserTreeMenu 'nanang.andriani','1406',@CompanyId=2;
26/05/2023 15:53:02	SQL :EXEC GetUserTreeMenu 'nanang.andriani','1408',@CompanyId=2;
26/05/2023 15:53:02	SQL :EXEC GetUserTreeMenu 'nanang.andriani','1410',@CompanyId=2;
26/05/2023 15:53:02	SQL :EXEC GetUserTreeMenu 'nanang.andriani','1411',@CompanyId=2;
26/05/2023 15:53:02	SQL :EXEC GetUserTreeMenu 'nanang.andriani','1412',@CompanyId=2;
26/05/2023 15:53:02	SQL :EXEC GetUserTreeMenu 'nanang.andriani','1413',@CompanyId=2;
26/05/2023 15:53:02	SQL :EXEC GetUserTreeMenu 'nanang.andriani','1414',@CompanyId=2;
26/05/2023 15:53:02	SQL :EXEC GetUserSubMenu 'nanang.andriani','15';
26/05/2023 15:53:02	SQL :EXEC GetUserTreeMenu 'nanang.andriani','1501',@CompanyId=2;
26/05/2023 15:53:03	SQL :EXEC GetUserTreeMenu 'nanang.andriani','1502',@CompanyId=2;
26/05/2023 15:53:03	SQL :EXEC GetUserTreeMenu 'nanang.andriani','1503',@CompanyId=2;
26/05/2023 15:53:03	SQL :EXEC GetUserTreeMenu 'nanang.andriani','1504',@CompanyId=2;
26/05/2023 15:53:03	SQL :EXEC GetUserTreeMenu 'nanang.andriani','1505',@CompanyId=2;
26/05/2023 15:53:03	SQL :EXEC GetUserTreeMenu 'nanang.andriani','1506',@CompanyId=2;
26/05/2023 15:53:03	SQL :EXEC GetUserTreeMenu 'nanang.andriani','1507',@CompanyId=2;
26/05/2023 15:53:03	SQL :EXEC GetUserTreeMenu 'nanang.andriani','1508',@CompanyId=2;
26/05/2023 15:53:03	SQL :EXEC GetUserTreeMenu 'nanang.andriani','1509',@CompanyId=2;
26/05/2023 15:53:03	SQL :EXEC GetUserTreeMenu 'nanang.andriani','1510',@CompanyId=2;
26/05/2023 15:53:03	SQL :EXEC GetUserTreeMenu 'nanang.andriani','1511',@CompanyId=2;
26/05/2023 15:53:03	SQL :EXEC GetUserSubMenu 'nanang.andriani','16';
26/05/2023 15:53:03	SQL :EXEC GetUserTreeMenu 'nanang.andriani','1601',@CompanyId=2;
26/05/2023 15:53:03	SQL :EXEC GetUserTreeMenu 'nanang.andriani','1602',@CompanyId=2;
26/05/2023 15:53:03	SQL :EXEC GetUserTreeMenu 'nanang.andriani','1603',@CompanyId=2;
26/05/2023 15:53:03	SQL :EXEC GetUserTreeMenu 'nanang.andriani','1604',@CompanyId=2;
26/05/2023 15:53:04	SQL :EXEC GetUserTreeMenu 'nanang.andriani','1605',@CompanyId=2;
26/05/2023 15:53:04	SQL :EXEC GetUserTreeMenu 'nanang.andriani','1606',@CompanyId=2;
26/05/2023 15:53:04	SQL :EXEC GetUserTreeMenu 'nanang.andriani','1607',@CompanyId=2;
26/05/2023 15:53:04	SQL :EXEC GetUserTreeMenu 'nanang.andriani','1608',@CompanyId=2;
26/05/2023 15:53:04	SQL :EXEC GetUserTreeMenu 'nanang.andriani','1609',@CompanyId=2;
26/05/2023 15:53:04	SQL :EXEC GetUserTreeMenu 'nanang.andriani','1610',@CompanyId=2;
26/05/2023 15:53:04	SQL :EXEC GetUserTreeMenu 'nanang.andriani','1611',@CompanyId=2;
26/05/2023 15:53:04	SQL :EXEC GetUserTreeMenu 'nanang.andriani','1612',@CompanyId=2;
26/05/2023 15:53:04	SQL :EXEC GetUserTreeMenu 'nanang.andriani','1613',@CompanyId=2;
26/05/2023 15:53:04	SQL :EXEC GetUserTreeMenu 'nanang.andriani','1614',@CompanyId=2;
26/05/2023 15:53:04	SQL :EXEC GetUserTreeMenu 'nanang.andriani','1615',@CompanyId=2;
26/05/2023 15:53:04	SQL :EXEC GetUserTreeMenu 'nanang.andriani','1616',@CompanyId=2;
26/05/2023 15:53:04	SQL :EXEC GetUserTreeMenu 'nanang.andriani','1619',@CompanyId=2;
26/05/2023 15:53:04	SQL :EXEC GetUserTreeMenu 'nanang.andriani','1620',@CompanyId=2;
26/05/2023 15:53:04	SQL :EXEC GetUserSubMenu 'nanang.andriani','17';
26/05/2023 15:53:04	SQL :EXEC GetUserTreeMenu 'nanang.andriani','1701',@CompanyId=2;
26/05/2023 15:53:04	SQL :EXEC GetUserTreeMenu 'nanang.andriani','1702',@CompanyId=2;
26/05/2023 15:53:04	SQL :EXEC GetUserTreeMenu 'nanang.andriani','1703',@CompanyId=2;
26/05/2023 15:53:04	SQL :EXEC GetUserTreeMenu 'nanang.andriani','1704',@CompanyId=2;
26/05/2023 15:53:04	SQL :EXEC GetUserTreeMenu 'nanang.andriani','1705',@CompanyId=2;
26/05/2023 15:53:05	SQL :EXEC GetUserTreeMenu 'nanang.andriani','1706',@CompanyId=2;
26/05/2023 15:53:05	SQL :EXEC GetUserTreeMenu 'nanang.andriani','1707',@CompanyId=2;
26/05/2023 15:53:05	SQL :EXEC GetUserTreeMenu 'nanang.andriani','1708',@CompanyId=2;
26/05/2023 15:53:05	SQL :EXEC GetUserTreeMenu 'nanang.andriani','1709',@CompanyId=2;
26/05/2023 15:53:05	SQL :EXEC GetUserTreeMenu 'nanang.andriani','1710',@CompanyId=2;
26/05/2023 15:53:05	SQL :EXEC GetUserTreeMenu 'nanang.andriani','1711',@CompanyId=2;
26/05/2023 15:53:05	SQL :EXEC GetUserTreeMenu 'nanang.andriani','1712',@CompanyId=2;
26/05/2023 15:53:05	SQL :EXEC GetUserTreeMenu 'nanang.andriani','1713',@CompanyId=2;
26/05/2023 15:53:05	SQL :EXEC GetUserTreeMenu 'nanang.andriani','1714',@CompanyId=2;
26/05/2023 15:53:05	SQL :EXEC GetUserTreeMenu 'nanang.andriani','1715',@CompanyId=2;
26/05/2023 15:53:05	SQL :EXEC GetUserTreeMenu 'nanang.andriani','1716',@CompanyId=2;
26/05/2023 15:53:05	SQL :EXEC GetUserTreeMenu 'nanang.andriani','1717',@CompanyId=2;
26/05/2023 15:53:05	SQL :EXEC GetUserSubMenu 'nanang.andriani','18';
26/05/2023 15:53:05	SQL :EXEC GetUserTreeMenu 'nanang.andriani','1801',@CompanyId=2;
26/05/2023 15:53:05	SQL :EXEC GetUserSubMenu 'nanang.andriani','19';
26/05/2023 15:53:05	SQL :EXEC GetUserTreeMenu 'nanang.andriani','1901',@CompanyId=2;
26/05/2023 15:53:05	SQL :EXEC GetUserTreeMenu 'nanang.andriani','1902',@CompanyId=2;
26/05/2023 15:53:05	SQL :EXEC GetUserTreeMenu 'nanang.andriani','1903',@CompanyId=2;
26/05/2023 15:53:05	SQL :EXEC GetUserTreeMenu 'nanang.andriani','1904',@CompanyId=2;
26/05/2023 15:53:05	SQL :EXEC GetUserTreeMenu 'nanang.andriani','1905',@CompanyId=2;
26/05/2023 15:53:05	SQL :EXEC GetUserTreeMenu 'nanang.andriani','1906',@CompanyId=2;
26/05/2023 15:53:05	SQL :EXEC GetUserTreeMenu 'nanang.andriani','1907',@CompanyId=2;
26/05/2023 15:53:05	SQL :EXEC GetUserTreeMenu 'nanang.andriani','1908',@CompanyId=2;
26/05/2023 15:53:05	SQL :EXEC GetUserTreeMenu 'nanang.andriani','1909',@CompanyId=2;
26/05/2023 15:53:05	SQL :EXEC GetUserTreeMenu 'nanang.andriani','1910',@CompanyId=2;
26/05/2023 15:53:05	SQL :EXEC GetUserTreeMenu 'nanang.andriani','1911',@CompanyId=2;
26/05/2023 15:53:05	SQL :EXEC GetUserTreeMenu 'nanang.andriani','1912',@CompanyId=2;
26/05/2023 15:53:05	SQL :SELECT CONVERT(VARCHAR(8),GETDATE(),108) AS hour_minute;
26/05/2023 15:53:05	SQL :SELECT CONVERT(VARCHAR(10),GETDATE(),103) AS date_time;
26/05/2023 15:53:05	Loading Setting
26/05/2023 15:53:05	Open DB Connection
26/05/2023 15:53:05	SQL :SELECT * FROM wh_setting WHERE setting_name='Hold_Less_Deposit';
26/05/2023 15:53:05	SQL :SELECT * FROM wh_setting WHERE setting_name='Max_Less_Deposit';
26/05/2023 15:53:05	SQL :SELECT * FROM wh_setting WHERE setting_name='Dashboard_2';
26/05/2023 15:53:05	Finish Logging
26/05/2023 15:53:05	SQL :SELECT value_string FROM wh_setting WHERE (setting_name='Interval_CheckInDate') AND (active=1);
26/05/2023 15:53:05	SQL :SELECT value_string FROM wh_setting WHERE (setting_name='Interval_CheckInTime') AND (active=1);
26/05/2023 15:53:05	SQL :SELECT value_string FROM wh_setting WHERE (setting_name='ChatEnable') and (active=1);
26/05/2023 15:53:06	Message:Port Check
26/05/2023 15:53:06	Message:Open DB Connection
26/05/2023 15:53:06	SQL :EXEC GetMessage '01','nanang.andriani';
26/05/2023 15:53:06	SQL :SELECT CONVERT(VARCHAR(8),GETDATE(),108) AS hour_minute;
26/05/2023 15:53:06	SQL :SELECT CONVERT(VARCHAR(10),GETDATE(),103) AS date_time;
26/05/2023 15:53:12	Open Menu :130130
26/05/2023 15:53:12	Open DB Connection
26/05/2023 15:53:12	SQL :EXEC AuthMenu 'nanang.andriani',130130;
26/05/2023 15:53:12	Form Check :VehicleInsurance
26/05/2023 15:53:12	Form Open: VehicleInsurance=Bus,FormRequest=
26/05/2023 15:53:12	Open DB Connection
26/05/2023 15:53:12	SQL :EXEC GetInsuranceIssuer;
26/05/2023 15:53:12	SQL :EXEC GetInsuranceName;
26/05/2023 15:53:12	SQL :EXEC GetInsuranceCoverage;
26/05/2023 15:53:12	SQL :EXEC GetCompanyLocationList
26/05/2023 15:53:13	Open DB Connection
26/05/2023 15:53:13	SQL :EXEC GetVhcList 6,0,@Compan26/05/2023 15:57:57	Get Local Settings
26/05/2023 15:57:57	Start Change Local Settings
26/05/2023 15:57:57	Change short date format
26/05/2023 15:57:57	Change Long date format
26/05/2023 15:57:57	Finish Change Local Settings
26/05/2023 15:57:57	Registry Read: Path=SOFTWARE\WEHA\Aplikasi\3
26/05/2023 15:57:57	Registry Read/Write
26/05/2023 15:57:57	Registry Read: Path=SOFTWARE\WEHA\Aplikasi\3
26/05/2023 15:57:57	Registry Read:Fail
26/05/2023 15:57:57	Setting DB Param
26/05/2023 15:57:57	Create DB Object
26/05/2023 15:57:57	Init DB
26/05/2023 15:57:59	Error Create DB Connection
26/05/2023 15:58:02	Change Db Connection to :Provider=MSDASQL.1
26/05/2023 15:58:02	Finish Create DB Connection
26/05/2023 15:58:02	Get File Version
26/05/2023 15:58:02	Change  Caption
26/05/2023 15:58:02	Init Shortkey
26/05/2023 15:58:04	Setting DB Param
26/05/2023 15:58:04	Create DB Object
26/05/2023 15:58:04	Init DB
26/05/2023 15:58:07	Error Create DB Connection
26/05/2023 15:58:09	Change Db Connection to :Provider=MSDASQL.1
26/05/2023 15:58:09	Finish Create DB Connection
26/05/2023 15:58:12	Form Check :Setting
26/05/2023 15:58:12	Form Open: Setting
26/05/2023 15:58:29	Create DB Object
26/05/2023 15:58:29	Init DB
26/05/2023 15:58:29	Finish Init DB
26/05/2023 15:58:29	Port Check
26/05/2023 15:58:29	Connection Check
26/05/2023 15:58:29	Check Success
26/05/2023 15:58:31	Registry Write: 192.168.10.247,wh_prod,sa,SQLNCLI10
26/05/2023 15:58:31	Registry Read: Path=SOFTWARE\WEHA\Aplikasi\3
26/05/2023 15:58:31	Registry Read:Fail
26/05/2023 15:58:33	Create DB Object
26/05/2023 15:58:33	Init DB
26/05/2023 15:58:33	Finish Init DB
26/05/2023 15:58:39	Update new version check
26/05/2023 15:58:39	Open DB Connection
26/05/2023 15:58:39	SQL :
26/05/2023 15:58:39	Update check version
26/05/2023 15:58:39	Open DB Connection
26/05/2023 15:58:39	SQL :SELECT version FROM wh_application WHERE application_id=(SELECT MAX(application_id) FROM wh_application);
26/05/2023 15:58:39	Start Login
26/05/2023 15:58:39	Open DB Connection
26/05/2023 15:58:39	SQL :EXEC AuthenticateUser 'nanang.andriani','3b5929d0c23006c99522f38746d85dd4';
26/05/2023 15:58:40	SQL :INSERT INTO wh_log (user_id,app_date,app_version,app_version_svr,location_id,company_id,department_id,host_name,ip_address)  VALUES ('nanang.andriani','26/05/2023','6.1.5.22','6.1.5.20',6,2,13,'DESKTOP-88BM05S','192.168.25.214');
26/05/2023 15:58:40	Open DB Connection
26/05/2023 15:58:40	SQL :EXEC GetUserMenu 'nanang.andriani';
26/05/2023 15:58:40	SQL :EXEC GetUserSubMenu 'nanang.andriani','11';
26/05/2023 15:58:40	SQL :EXEC GetUserTreeMenu 'nanang.andriani','1101',@CompanyId=2;
26/05/2023 15:58:40	SQL :EXEC GetUserTreeMenu 'nanang.andriani','1102',@CompanyId=2;
26/05/2023 15:58:40	SQL :EXEC GetUserTreeMenu 'nanang.andriani','1103',@CompanyId=2;
26/05/2023 15:58:40	SQL :EXEC GetUserTreeMenu 'nanang.andriani','1104',@CompanyId=2;
26/05/2023 15:58:40	SQL :EXEC GetUserTreeMenu 'nanang.andriani','1105',@CompanyId=2;
26/05/2023 15:58:40	SQL :EXEC GetUserTreeMenu 'nanang.andriani','1106',@CompanyId=2;
26/05/2023 15:58:41	SQL :EXEC GetUserTreeMenu 'nanang.andriani','1107',@CompanyId=2;
26/05/2023 15:58:41	SQL :EXEC GetUserTreeMenu 'nanang.andriani','1108',@CompanyId=2;
26/05/2023 15:58:41	SQL :EXEC GetUserTreeMenu 'nanang.andriani','1109',@CompanyId=2;
26/05/2023 15:58:41	SQL :EXEC GetUserTreeMenu 'nanang.andriani','1110',@CompanyId=2;
26/05/2023 15:58:41	SQL :EXEC GetUserTreeMenu 'nanang.andriani','1111',@CompanyId=2;
26/05/2023 15:58:41	SQL :EXEC GetUserTreeMenu 'nanang.andriani','1112',@CompanyId=2;
26/05/2023 15:58:41	SQL :EXEC GetUserTreeMenu 'nanang.andriani','1113',@CompanyId=2;
26/05/2023 15:58:41	SQL :EXEC GetUserTreeMenu 'nanang.andriani','1114',@CompanyId=2;
26/05/2023 15:58:41	SQL :EXEC GetUserTreeMenu 'nanang.andriani','1115',@CompanyId=2;
26/05/2023 15:58:41	SQL :EXEC GetUserTreeMenu 'nanang.andriani','1116',@CompanyId=2;
26/05/2023 15:58:41	SQL :EXEC GetUserTreeMenu 'nanang.andriani','1117',@CompanyId=2;
26/05/2023 15:58:41	SQL :EXEC GetUserTreeMenu 'nanang.andriani','1198',@CompanyId=2;
26/05/2023 15:58:41	SQL :EXEC GetUserTreeMenu 'nanang.andriani','1199',@CompanyId=2;
26/05/2023 15:58:41	SQL :EXEC GetUserSubMenu 'nanang.andriani','12';
26/05/2023 15:58:41	SQL :EXEC GetUserTreeMenu 'nanang.andriani','1201',@CompanyId=2;
26/05/2023 15:58:41	SQL :EXEC GetUserTreeMenu 'nanang.andriani','1202',@CompanyId=2;
26/05/2023 15:58:41	SQL :EXEC GetUserTreeMenu 'nanang.andriani','1203',@CompanyId=2;
26/05/2023 15:58:41	SQL :EXEC GetUserTreeMenu 'nanang.andriani','1204',@CompanyId=2;
26/05/2023 15:58:41	SQL :EXEC GetUserTreeMenu 'nanang.andriani','1205',@CompanyId=2;
26/05/2023 15:58:41	SQL :EXEC GetUserTreeMenu 'nanang.andriani','1206',@CompanyId=2;
26/05/2023 15:58:41	SQL :EXEC GetUserTreeMenu 'nanang.andriani','1207',@CompanyId=2;
26/05/2023 15:58:41	SQL :EXEC GetUserSubMenu 'nanang.andriani','13';
26/05/2023 15:58:41	SQL :EXEC GetUserTreeMenu 'nanang.andriani','1301',@CompanyId=2;
26/05/2023 15:58:41	SQL :EXEC GetUserTreeMenu 'nanang.andriani','1302',@CompanyId=2;
26/05/2023 15:58:41	SQL :EXEC GetUserTreeMenu 'nanang.andriani','1303',@CompanyId=2;
26/05/2023 15:58:41	SQL :EXEC GetUserTreeMenu 'nanang.andriani','1304',@CompanyId=2;
26/05/2023 15:58:41	SQL :EXEC GetUserTreeMenu 'nanang.andriani','1305',@CompanyId=2;
26/05/2023 15:58:41	SQL :EXEC GetUserTreeMenu 'nanang.andriani','1306',@CompanyId=2;
26/05/2023 15:58:41	SQL :EXEC GetUserTreeMenu 'nanang.andriani','1307',@CompanyId=2;
26/05/2023 15:58:41	SQL :EXEC GetUserTreeMenu 'nanang.andriani','1308',@CompanyId=2;
26/05/2023 15:58:41	SQL :EXEC GetUserTreeMenu 'nanang.andriani','1309',@CompanyId=2;
26/05/2023 15:58:41	SQL :EXEC GetUserTreeMenu 'nanang.andriani','1310',@CompanyId=2;
26/05/2023 15:58:41	SQL :EXEC GetUserTreeMenu 'nanang.andriani','1311',@CompanyId=2;
26/05/2023 15:58:41	SQL :EXEC GetUserTreeMenu 'nanang.andriani','1312',@CompanyId=2;
26/05/2023 15:58:41	SQL :EXEC GetUserTreeMenu 'nanang.andriani','1313',@CompanyId=2;
26/05/2023 15:58:41	SQL :EXEC GetUserTreeMenu 'nanang.andriani','1314',@CompanyId=2;
26/05/2023 15:58:41	SQL :EXEC GetUserTreeMenu 'nanang.andriani','1315',@CompanyId=2;
26/05/2023 15:58:41	SQL :EXEC GetUserTreeMenu 'nanang.andriani','1316',@CompanyId=2;
26/05/2023 15:58:41	SQL :EXEC GetUserTreeMenu 'nanang.andriani','1317',@CompanyId=2;
26/05/2023 15:58:41	SQL :EXEC GetUserTreeMenu 'nanang.andriani','1318',@CompanyId=2;
26/05/2023 15:58:41	SQL :EXEC GetUserTreeMenu 'nanang.andriani','1319',@CompanyId=2;
26/05/2023 15:58:41	SQL :EXEC GetUserTreeMenu 'nanang.andriani','1320',@CompanyId=2;
26/05/2023 15:58:41	SQL :EXEC GetUserTreeMenu 'nanang.andriani','1321',@CompanyId=2;
26/05/2023 15:58:41	SQL :EXEC GetUserTreeMenu 'nanang.andriani','1322',@CompanyId=2;
26/05/2023 15:58:41	SQL :EXEC GetUserSubMenu 'nanang.andriani','14';
26/05/2023 15:58:41	SQL :EXEC GetUserTreeMenu 'nanang.andriani','1401',@CompanyId=2;
26/05/2023 15:58:41	SQL :EXEC GetUserTreeMenu 'nanang.andriani','1402',@CompanyId=2;
26/05/2023 15:58:41	SQL :EXEC GetUserTreeMenu 'nanang.andriani','1403',@CompanyId=2;
26/05/2023 15:58:41	SQL :EXEC GetUserTreeMenu 'nanang.andriani','1404',@CompanyId=2;
26/05/2023 15:58:41	SQL :EXEC GetUserTreeMenu 'nanang.andriani','1406',@CompanyId=2;
26/05/2023 15:58:41	SQL :EXEC GetUserTreeMenu 'nanang.andriani','1408',@CompanyId=2;
26/05/2023 15:58:42	SQL :EXEC GetUserTreeMenu 'nanang.andriani','1410',@CompanyId=2;
26/05/2023 15:58:42	SQL :EXEC GetUserTreeMenu 'nanang.andriani','1411',@CompanyId=2;
26/05/2023 15:58:42	SQL :EXEC GetUserTreeMenu 'nanang.andriani','1412',@CompanyId=2;
26/05/2023 15:58:42	SQL :EXEC GetUserTreeMenu 'nanang.andriani','1413',@CompanyId=2;
26/05/2023 15:58:42	SQL :EXEC GetUserTreeMenu 'nanang.andriani','1414',@CompanyId=2;
26/05/2023 15:58:42	SQL :EXEC GetUserSubMenu 'nanang.andriani','15';
26/05/2023 15:58:42	SQL :EXEC GetUserTreeMenu 'nanang.andriani','1501',@CompanyId=2;
26/05/2023 15:58:42	SQL :EXEC GetUserTreeMenu 'nanang.andriani','1502',@CompanyId=2;
26/05/2023 15:58:42	SQL :EXEC GetUserTreeMenu 'nanang.andriani','1503',@CompanyId=2;
26/05/2023 15:58:42	SQL :EXEC GetUserTreeMenu 'nanang.andriani','1504',@CompanyId=2;
26/05/2023 15:58:42	SQL :EXEC GetUserTreeMenu 'nanang.andriani','1505',@CompanyId=2;
26/05/2023 15:58:42	SQL :EXEC GetUserTreeMenu 'nanang.andriani','1506',@CompanyId=2;
26/05/2023 15:58:42	SQL :EXEC GetUserTreeMenu 'nanang.andriani','1507',@CompanyId=2;
26/05/2023 15:58:42	SQL :EXEC GetUserTreeMenu 'nanang.andriani','1508',@CompanyId=2;
26/05/2023 15:58:42	SQL :EXEC GetUserTreeMenu 'nanang.andriani','1509',@CompanyId=2;
26/05/2023 15:58:42	SQL :EXEC GetUserTreeMenu 'nanang.andriani','1510',@CompanyId=2;
26/05/2023 15:58:42	SQL :EXEC GetUserTreeMenu 'nanang.andriani','1511',@CompanyId=2;
26/05/2023 15:58:42	SQL :EXEC GetUserSubMenu 'nanang.andriani','16';
26/05/2023 15:58:42	SQL :EXEC GetUserTreeMenu 'nanang.andriani','1601',@CompanyId=2;
26/05/2023 15:58:42	SQL :EXEC GetUserTreeMenu 'nanang.andriani','1602',@CompanyId=2;
26/05/2023 15:58:42	SQL :EXEC GetUserTreeMenu 'nanang.andriani','1603',@CompanyId=2;
26/05/2023 15:58:42	SQL :EXEC GetUserTreeMenu 'nanang.andriani','1604',@CompanyId=2;
26/05/2023 15:58:42	SQL :EXEC GetUserTreeMenu 'nanang.andriani','1605',@CompanyId=2;
26/05/2023 15:58:42	SQL :EXEC GetUserTreeMenu 'nanang.andriani','1606',@CompanyId=2;
26/05/2023 15:58:42	SQL :EXEC GetUserTreeMenu 'nanang.andriani','1607',@CompanyId=2;
26/05/2023 15:58:42	SQL :EXEC GetUserTreeMenu 'nanang.andriani','1608',@CompanyId=2;
26/05/2023 15:58:42	SQL :EXEC GetUserTreeMenu 'nanang.andriani','1609',@CompanyId=2;
26/05/2023 15:58:42	SQL :EXEC GetUserTreeMenu 'nanang.andriani','1610',@CompanyId=2;
26/05/2023 15:58:42	SQL :EXEC GetUserTreeMenu 'nanang.andriani','1611',@CompanyId=2;
26/05/2023 15:58:42	SQL :EXEC GetUserTreeMenu 'nanang.andriani','1612',@CompanyId=2;
26/05/2023 15:58:42	SQL :EXEC GetUserTreeMenu 'nanang.andriani','1613',@CompanyId=2;
26/05/2023 15:58:42	SQL :EXEC GetUserTreeMenu 'nanang.andriani','1614',@CompanyId=2;
26/05/2023 15:58:42	SQL :EXEC GetUserTreeMenu 'nanang.andriani','1615',@CompanyId=2;
26/05/2023 15:58:42	SQL :EXEC GetUserTreeMenu 'nanang.andriani','1616',@CompanyId=2;
26/05/2023 15:58:42	SQL :EXEC GetUserTreeMenu 'nanang.andriani','1619',@CompanyId=2;
26/05/2023 15:58:42	SQL :EXEC GetUserTreeMenu 'nanang.andriani','1620',@CompanyId=2;
26/05/2023 15:58:42	SQL :EXEC GetUserSubMenu 'nanang.andriani','17';
26/05/2023 15:58:42	SQL :EXEC GetUserTreeMenu 'nanang.andriani','1701',@CompanyId=2;
26/05/2023 15:58:42	SQL :EXEC GetUserTreeMenu 'nanang.andriani','1702',@CompanyId=2;
26/05/2023 15:58:42	SQL :EXEC GetUserTreeMenu 'nanang.andriani','1703',@CompanyId=2;
26/05/2023 15:58:42	SQL :EXEC GetUserTreeMenu 'nanang.andriani','1704',@CompanyId=2;
26/05/2023 15:58:42	SQL :EXEC GetUserTreeMenu 'nanang.andriani','1705',@CompanyId=2;
26/05/2023 15:58:42	SQL :EXEC GetUserTreeMenu 'nanang.andriani','1706',@CompanyId=2;
26/05/2023 15:58:42	SQL :EXEC GetUserTreeMenu 'nanang.andriani','1707',@CompanyId=2;
26/05/2023 15:58:42	SQL :EXEC GetUserTreeMenu 'nanang.andriani','1708',@CompanyId=2;
26/05/2023 15:58:42	SQL :EXEC GetUserTreeMenu 'nanang.andriani','1709',@CompanyId=2;
26/05/2023 15:58:42	SQL :EXEC GetUserTreeMenu 'nanang.andriani','1710',@CompanyId=2;
26/05/2023 15:58:42	SQL :EXEC GetUserTreeMenu 'nanang.andriani','1711',@CompanyId=2;
26/05/2023 15:58:43	SQL :EXEC GetUserTreeMenu 'nanang.andriani','1712',@CompanyId=2;
26/05/2023 15:58:43	SQL :EXEC GetUserTreeMenu 'nanang.andriani','1713',@CompanyId=2;
26/05/2023 15:58:43	SQL :EXEC GetUserTreeMenu 'nanang.andriani','1714',@CompanyId=2;
26/05/2023 15:58:43	SQL :EXEC GetUserTreeMenu 'nanang.andriani','1715',@CompanyId=2;
26/05/2023 15:58:43	SQL :EXEC GetUserTreeMenu 'nanang.andriani','1716',@CompanyId=2;
26/05/2023 15:58:43	SQL :EXEC GetUserTreeMenu 'nanang.andriani','1717',@CompanyId=2;
26/05/2023 15:58:43	SQL :EXEC GetUserSubMenu 'nanang.andriani','18';
26/05/2023 15:58:43	SQL :EXEC GetUserTreeMenu 'nanang.andriani','1801',@CompanyId=2;
26/05/2023 15:58:43	SQL :EXEC GetUserSubMenu 'nanang.andriani','19';
26/05/2023 15:58:43	SQL :EXEC GetUserTreeMenu 'nanang.andriani','1901',@CompanyId=2;
26/05/2023 15:58:43	SQL :EXEC GetUserTreeMenu 'nanang.andriani','1902',@CompanyId=2;
26/05/2023 15:58:43	SQL :EXEC GetUserTreeMenu 'nanang.andriani','1903',@CompanyId=2;
26/05/2023 15:58:43	SQL :EXEC GetUserTreeMenu 'nanang.andriani','1904',@CompanyId=2;
26/05/2023 15:58:43	SQL :EXEC GetUserTreeMenu 'nanang.andriani','1905',@CompanyId=2;
26/05/2023 15:58:43	SQL :EXEC GetUserTreeMenu 'nanang.andriani','1906',@CompanyId=2;
26/05/2023 15:58:43	SQL :EXEC GetUserTreeMenu 'nanang.andriani','1907',@CompanyId=2;
26/05/2023 15:58:43	SQL :EXEC GetUserTreeMenu 'nanang.andriani','1908',@CompanyId=2;
26/05/2023 15:58:43	SQL :EXEC GetUserTreeMenu 'nanang.andriani','1909',@CompanyId=2;
26/05/2023 15:58:43	SQL :EXEC GetUserTreeMenu 'nanang.andriani','1910',@CompanyId=2;
26/05/2023 15:58:43	SQL :EXEC GetUserTreeMenu 'nanang.andriani','1911',@CompanyId=2;
26/05/2023 15:58:43	SQL :EXEC GetUserTreeMenu 'nanang.andriani','1912',@CompanyId=2;
26/05/2023 15:58:43	SQL :SELECT CONVERT(VARCHAR(8),GETDATE(),108) AS hour_minute;
26/05/2023 15:58:43	SQL :SELECT CONVERT(VARCHAR(10),GETDATE(),103) AS date_time;
26/05/2023 15:58:43	Loading Setting
26/05/2023 15:58:43	Open DB Connection
26/05/2023 15:58:43	SQL :SELECT * FROM wh_setting WHERE setting_name='Hold_Less_Deposit';
26/05/2023 15:58:43	SQL :SELECT * FROM wh_setting WHERE setting_name='Max_Less_Deposit';
26/05/2023 15:58:43	SQL :SELECT * FROM wh_setting WHERE setting_name='Dashboard_2';
26/05/2023 15:58:43	Finish Logging
26/05/2023 15:58:43	SQL :SELECT value_string FROM wh_setting WHERE (setting_name='Interval_CheckInDate') AND (active=1);
26/05/2023 15:58:44	SQL :SELECT value_string FROM wh_setting WHERE (setting_name='Interval_CheckInTime') AND (active=1);
26/05/2023 15:58:44	SQL :SELECT value_string FROM wh_setting WHERE (setting_name='ChatEnable') and (active=1);
26/05/2023 15:58:44	Message:Port Check
26/05/2023 15:58:44	Message:Open DB Connection
26/05/2023 15:58:44	SQL :EXEC GetMessage '01','nanang.andriani';
26/05/2023 15:58:44	SQL :SELECT CONVERT(VARCHAR(8),GETDATE(),108) AS hour_minute;
26/05/2023 15:58:44	SQL :SELECT CONVERT(VARCHAR(10),GETDATE(),103) AS date_time;
26/05/2023 15:58:55	Open Menu :130130
26/05/2023 15:58:55	Open DB Connection
26/05/2023 15:58:55	SQL :EXEC AuthMenu 'nanang.andriani',130130;
26/05/2023 15:58:55	Form Check :VehicleInsurance
26/05/2023 15:58:55	Form Open: VehicleInsurance=Bus,FormRequest=
26/05/2023 15:58:55	Open DB Connection
26/05/2023 15:58:55	SQL :EXEC GetInsuranceIssuer;
26/05/2023 15:58:55	SQL :EXEC GetInsuranceName;
26/05/2023 15:58:55	SQL :EXEC GetInsuranceCoverage;
26/05/2023 15:58:55	SQL :EXEC GetCompanyLocationList
26/05/2023 15:58:55	Open DB Connection
26/05/2023 15:58:55	SQL :EXEC GetVhcList 6,0,@CompanyId=2;
26/05/2023 15:59:19	Open DB Connection
26/05/2023 15:59:46	Open Menu :130130
26/05/2023 15:59:46	Open DB Connection
26/05/2023 15:59:46	SQL :EXEC AuthMenu 'nanang.andriani',130130;
26/05/2023 15:59:46	Form Check :VehicleInsurance
26/05/2023 15:59:46	Form Open: VehicleInsurance=Bus,FormRequest=
26/05/2023 15:59:46	Open DB Connection
26/05/2023 15:59:46	SQL :EXEC GetInsuranceIssuer;
26/05/2023 15:59:46	SQL :EXEC GetInsuranceName;
26/05/2023 15:59:46	SQL :EXEC GetInsuranceCoverage;
26/05/2023 15:59:46	SQL :EXEC GetCompanyLocationList
26/05/2023 15:59:46	Open DB Connection
26/05/2023 15:59:46	SQL :EXEC Get26/05/2023 16:00:45	Get Local Settings
26/05/2023 16:00:45	Start Change Local Settings
26/05/2023 16:00:45	Change short date format
26/05/2023 16:00:45	Change Long date format
26/05/2023 16:00:45	Finish Change Local Settings
26/05/2023 16:00:45	Registry Read: Path=SOFTWARE\WEHA\Aplikasi\3
26/05/2023 16:00:45	Registry Read/Write
26/05/2023 16:00:45	Registry Read: Path=SOFTWARE\WEHA\Aplikasi\3
26/05/2023 16:00:45	Registry Read:Fail
26/05/2023 16:00:45	Setting DB Param
26/05/2023 16:00:45	Create DB Object
26/05/2023 16:00:45	Init DB
26/05/2023 16:00:46	Error Create DB Connection
26/05/2023 16:00:49	Change Db Connection to :Provider=MSDASQL.1
26/05/2023 16:00:49	Finish Create DB Connection
26/05/2023 16:00:49	Get File Version
26/05/2023 16:00:49	Change  Caption
26/05/2023 16:00:49	Init Shortkey
26/05/2023 16:00:51	Form Check :Setting
26/05/2023 16:00:51	Form Open: Setting
26/05/2023 16:01:06	Create DB Object
26/05/2023 16:01:06	Init DB
26/05/2023 16:01:06	Finish Init DB
26/05/2023 16:01:06	Port Check
26/05/2023 16:01:06	Connection Check
26/05/2023 16:01:07	Check Success
26/05/2023 16:01:09	Registry Write: 192.168.10.247,wh_prod,sa,SQLNCLI10
26/05/2023 16:01:09	Registry Read: Path=SOFTWARE\WEHA\Aplikasi\3
26/05/2023 16:01:09	Registry Read:Fail
26/05/2023 16:01:11	Create DB Object
26/05/2023 16:01:11	Init DB
26/05/2023 16:01:11	Finish Init DB
26/05/2023 16:01:18	Update new version check
26/05/2023 16:01:18	Open DB Connection
26/05/2023 16:01:18	SQL :
26/05/2023 16:01:18	Update check version
26/05/2023 16:01:18	Open DB Connection
26/05/2023 16:01:18	SQL :SELECT version FROM wh_application WHERE application_id=(SELECT MAX(application_id) FROM wh_application);
26/05/2023 16:01:18	Start Login
26/05/2023 16:01:18	Open DB Connection
26/05/2023 16:01:18	SQL :EXEC AuthenticateUser 'nanang.andriani','3b5929d0c23006c99522f38746d85dd4';
26/05/2023 16:01:19	SQL :INSERT INTO wh_log (user_id,app_date,app_version,app_version_svr,location_id,company_id,department_id,host_name,ip_address)  VALUES ('nanang.andriani','26/05/2023','6.1.5.22','6.1.5.20',6,2,13,'DESKTOP-88BM05S','192.168.25.214');
26/05/2023 16:01:19	Open DB Connection
26/05/2023 16:01:19	SQL :EXEC GetUserMenu 'nanang.andriani';
26/05/2023 16:01:19	SQL :EXEC GetUserSubMenu 'nanang.andriani','11';
26/05/2023 16:01:19	SQL :EXEC GetUserTreeMenu 'nanang.andriani','1101',@CompanyId=2;
26/05/2023 16:01:19	SQL :EXEC GetUserTreeMenu 'nanang.andriani','1102',@CompanyId=2;
26/05/2023 16:01:19	SQL :EXEC GetUserTreeMenu 'nanang.andriani','1103',@CompanyId=2;
26/05/2023 16:01:19	SQL :EXEC GetUserTreeMenu 'nanang.andriani','1104',@CompanyId=2;
26/05/2023 16:01:19	SQL :EXEC GetUserTreeMenu 'nanang.andriani','1105',@CompanyId=2;
26/05/2023 16:01:19	SQL :EXEC GetUserTreeMenu 'nanang.andriani','1106',@CompanyId=2;
26/05/2023 16:01:19	SQL :EXEC GetUserTreeMenu 'nanang.andriani','1107',@CompanyId=2;
26/05/2023 16:01:19	SQL :EXEC GetUserTreeMenu 'nanang.andriani','1108',@CompanyId=2;
26/05/2023 16:01:19	SQL :EXEC GetUserTreeMenu 'nanang.andriani','1109',@CompanyId=2;
26/05/2023 16:01:19	SQL :EXEC GetUserTreeMenu 'nanang.andriani','1110',@CompanyId=2;
26/05/2023 16:01:19	SQL :EXEC GetUserTreeMenu 'nanang.andriani','1111',@CompanyId=2;
26/05/2023 16:01:19	SQL :EXEC GetUserTreeMenu 'nanang.andriani','1112',@CompanyId=2;
26/05/2023 16:01:19	SQL :EXEC GetUserTreeMenu 'nanang.andriani','1113',@CompanyId=2;
26/05/2023 16:01:19	SQL :EXEC GetUserTreeMenu 'nanang.andriani','1114',@CompanyId=2;
26/05/2023 16:01:19	SQL :EXEC GetUserTreeMenu 'nanang.andriani','1115',@CompanyId=2;
26/05/2023 16:01:19	SQL :EXEC GetUserTreeMenu 'nanang.andriani','1116',@CompanyId=2;
26/05/2023 16:01:19	SQL :EXEC GetUserTreeMenu 'nanang.andriani','1117',@CompanyId=2;
26/05/2023 16:01:19	SQL :EXEC GetUserTreeMenu 'nanang.andriani','1198',@CompanyId=2;
26/05/2023 16:01:19	SQL :EXEC GetUserTreeMenu 'nanang.andriani','1199',@CompanyId=2;
26/05/2023 16:01:19	SQL :EXEC GetUserSubMenu 'nanang.andriani','12';
26/05/2023 16:01:19	SQL :EXEC GetUserTreeMenu 'nanang.andriani','1201',@CompanyId=2;
26/05/2023 16:01:19	SQL :EXEC GetUserTreeMenu 'nanang.andriani','1202',@CompanyId=2;
26/05/2023 16:01:19	SQL :EXEC GetUserTreeMenu 'nanang.andriani','1203',@CompanyId=2;
26/05/2023 16:01:19	SQL :EXEC GetUserTreeMenu 'nanang.andriani','1204',@CompanyId=2;
26/05/2023 16:01:19	SQL :EXEC GetUserTreeMenu 'nanang.andriani','1205',@CompanyId=2;
26/05/2023 16:01:19	SQL :EXEC GetUserTreeMenu 'nanang.andriani','1206',@CompanyId=2;
26/05/2023 16:01:19	SQL :EXEC GetUserTreeMenu 'nanang.andriani','1207',@CompanyId=2;
26/05/2023 16:01:19	SQL :EXEC GetUserSubMenu 'nanang.andriani','13';
26/05/2023 16:01:19	SQL :EXEC GetUserTreeMenu 'nanang.andriani','1301',@CompanyId=2;
26/05/2023 16:01:20	SQL :EXEC GetUserTreeMenu 'nanang.andriani','1302',@CompanyId=2;
26/05/2023 16:01:20	SQL :EXEC GetUserTreeMenu 'nanang.andriani','1303',@CompanyId=2;
26/05/2023 16:01:20	SQL :EXEC GetUserTreeMenu 'nanang.andriani','1304',@CompanyId=2;
26/05/2023 16:01:20	SQL :EXEC GetUserTreeMenu 'nanang.andriani','1305',@CompanyId=2;
26/05/2023 16:01:20	SQL :EXEC GetUserTreeMenu 'nanang.andriani','1306',@CompanyId=2;
26/05/2023 16:01:20	SQL :EXEC GetUserTreeMenu 'nanang.andriani','1307',@CompanyId=2;
26/05/2023 16:01:20	SQL :EXEC GetUserTreeMenu 'nanang.andriani','1308',@CompanyId=2;
26/05/2023 16:01:20	SQL :EXEC GetUserTreeMenu 'nanang.andriani','1309',@CompanyId=2;
26/05/2023 16:01:20	SQL :EXEC GetUserTreeMenu 'nanang.andriani','1310',@CompanyId=2;
26/05/2023 16:01:20	SQL :EXEC GetUserTreeMenu 'nanang.andriani','1311',@CompanyId=2;
26/05/2023 16:01:20	SQL :EXEC GetUserTreeMenu 'nanang.andriani','1312',@CompanyId=2;
26/05/2023 16:01:20	SQL :EXEC GetUserTreeMenu 'nanang.andriani','1313',@CompanyId=2;
26/05/2023 16:01:20	SQL :EXEC GetUserTreeMenu 'nanang.andriani','1314',@CompanyId=2;
26/05/2023 16:01:20	SQL :EXEC GetUserTreeMenu 'nanang.andriani','1315',@CompanyId=2;
26/05/2023 16:01:20	SQL :EXEC GetUserTreeMenu 'nanang.andriani','1316',@CompanyId=2;
26/05/2023 16:01:20	SQL :EXEC GetUserTreeMenu 'nanang.andriani','1317',@CompanyId=2;
26/05/2023 16:01:20	SQL :EXEC GetUserTreeMenu 'nanang.andriani','1318',@CompanyId=2;
26/05/2023 16:01:20	SQL :EXEC GetUserTreeMenu 'nanang.andriani','1319',@CompanyId=2;
26/05/2023 16:01:20	SQL :EXEC GetUserTreeMenu 'nanang.andriani','1320',@CompanyId=2;
26/05/2023 16:01:20	SQL :EXEC GetUserTreeMenu 'nanang.andriani','1321',@CompanyId=2;
26/05/2023 16:01:20	SQL :EXEC GetUserTreeMenu 'nanang.andriani','1322',@CompanyId=2;
26/05/2023 16:01:20	SQL :EXEC GetUserSubMenu 'nanang.andriani','14';
26/05/2023 16:01:21	SQL :EXEC GetUserTreeMenu 'nanang.andriani','1401',@CompanyId=2;
26/05/2023 16:01:21	SQL :EXEC GetUserTreeMenu 'nanang.andriani','1402',@CompanyId=2;
26/05/2023 16:01:21	SQL :EXEC GetUserTreeMenu 'nanang.andriani','1403',@CompanyId=2;
26/05/2023 16:01:21	SQL :EXEC GetUserTreeMenu 'nanang.andriani','1404',@CompanyId=2;
26/05/2023 16:01:21	SQL :EXEC GetUserTreeMenu 'nanang.andriani','1406',@CompanyId=2;
26/05/2023 16:01:21	SQL :EXEC GetUserTreeMenu 'nanang.andriani','1408',@CompanyId=2;
26/05/2023 16:01:21	SQL :EXEC GetUserTreeMenu 'nanang.andriani','1410',@CompanyId=2;
26/05/2023 16:01:21	SQL :EXEC GetUserTreeMenu 'nanang.andriani','1411',@CompanyId=2;
26/05/2023 16:01:21	SQL :EXEC GetUserTreeMenu 'nanang.andriani','1412',@CompanyId=2;
26/05/2023 16:01:21	SQL :EXEC GetUserTreeMenu 'nanang.andriani','1413',@CompanyId=2;
26/05/2023 16:01:21	SQL :EXEC GetUserTreeMenu 'nanang.andriani','1414',@CompanyId=2;
26/05/2023 16:01:21	SQL :EXEC GetUserSubMenu 'nanang.andriani','15';
26/05/2023 16:01:21	SQL :EXEC GetUserTreeMenu 'nanang.andriani','1501',@CompanyId=2;
26/05/2023 16:01:21	SQL :EXEC GetUserTreeMenu 'nanang.andriani','1502',@CompanyId=2;
26/05/2023 16:01:21	SQL :EXEC GetUserTreeMenu 'nanang.andriani','1503',@CompanyId=2;
26/05/2023 16:01:21	SQL :EXEC GetUserTreeMenu 'nanang.andriani','1504',@CompanyId=2;
26/05/2023 16:01:21	SQL :EXEC GetUserTreeMenu 'nanang.andriani','1505',@CompanyId=2;
26/05/2023 16:01:21	SQL :EXEC GetUserTreeMenu 'nanang.andriani','1506',@CompanyId=2;
26/05/2023 16:01:21	SQL :EXEC GetUserTreeMenu 'nanang.andriani','1507',@CompanyId=2;
26/05/2023 16:01:21	SQL :EXEC GetUserTreeMenu 'nanang.andriani','1508',@CompanyId=2;
26/05/2023 16:01:22	SQL :EXEC GetUserTreeMenu 'nanang.andriani','1509',@CompanyId=2;
26/05/2023 16:01:22	SQL :EXEC GetUserTreeMenu 'nanang.andriani','1510',@CompanyId=2;
26/05/2023 16:01:22	SQL :EXEC GetUserTreeMenu 'nanang.andriani','1511',@CompanyId=2;
26/05/2023 16:01:22	SQL :EXEC GetUserSubMenu 'nanang.andriani','16';
26/05/2023 16:01:22	SQL :EXEC GetUserTreeMenu 'nanang.andriani','1601',@CompanyId=2;
26/05/2023 16:01:22	SQL :EXEC GetUserTreeMenu 'nanang.andriani','1602',@CompanyId=2;
26/05/2023 16:01:22	SQL :EXEC GetUserTreeMenu 'nanang.andriani','1603',@CompanyId=2;
26/05/2023 16:01:22	SQL :EXEC GetUserTreeMenu 'nanang.andriani','1604',@CompanyId=2;
26/05/2023 16:01:22	SQL :EXEC GetUserTreeMenu 'nanang.andriani','1605',@CompanyId=2;
26/05/2023 16:01:22	SQL :EXEC GetUserTreeMenu 'nanang.andriani','1606',@CompanyId=2;
26/05/2023 16:01:22	SQL :EXEC GetUserTreeMenu 'nanang.andriani','1607',@CompanyId=2;
26/05/2023 16:01:22	SQL :EXEC GetUserTreeMenu 'nanang.andriani','1608',@CompanyId=2;
26/05/2023 16:01:22	SQL :EXEC GetUserTreeMenu 'nanang.andriani','1609',@CompanyId=2;
26/05/2023 16:01:22	SQL :EXEC GetUserTreeMenu 'nanang.andriani','1610',@CompanyId=2;
26/05/2023 16:01:22	SQL :EXEC GetUserTreeMenu 'nanang.andriani','1611',@CompanyId=2;
26/05/2023 16:01:22	SQL :EXEC GetUserTreeMenu 'nanang.andriani','1612',@CompanyId=2;
26/05/2023 16:01:22	SQL :EXEC GetUserTreeMenu 'nanang.andriani','1613',@CompanyId=2;
26/05/2023 16:01:22	SQL :EXEC GetUserTreeMenu 'nanang.andriani','1614',@CompanyId=2;
26/05/2023 16:01:22	SQL :EXEC GetUserTreeMenu 'nanang.andriani','1615',@CompanyId=2;
26/05/2023 16:01:22	SQL :EXEC GetUserTreeMenu 'nanang.andriani','1616',@CompanyId=2;
26/05/2023 16:01:22	SQL :EXEC GetUserTreeMenu 'nanang.andriani','1619',@CompanyId=2;
26/05/2023 16:01:22	SQL :EXEC GetUserTreeMenu 'nanang.andriani','1620',@CompanyId=2;
26/05/2023 16:01:22	SQL :EXEC GetUserSubMenu 'nanang.andriani','17';
26/05/2023 16:01:22	SQL :EXEC GetUserTreeMenu 'nanang.andriani','1701',@CompanyId=2;
26/05/2023 16:01:22	SQL :EXEC GetUserTreeMenu 'nanang.andriani','1702',@CompanyId=2;
26/05/2023 16:01:22	SQL :EXEC GetUserTreeMenu 'nanang.andriani','1703',@CompanyId=2;
26/05/2023 16:01:22	SQL :EXEC GetUserTreeMenu 'nanang.andriani','1704',@CompanyId=2;
26/05/2023 16:01:22	SQL :EXEC GetUserTreeMenu 'nanang.andriani','1705',@CompanyId=2;
26/05/2023 16:01:22	SQL :EXEC GetUserTreeMenu 'nanang.andriani','1706',@CompanyId=2;
26/05/2023 16:01:22	SQL :EXEC GetUserTreeMenu 'nanang.andriani','1707',@CompanyId=2;
26/05/2023 16:01:22	SQL :EXEC GetUserTreeMenu 'nanang.andriani','1708',@CompanyId=2;
26/05/2023 16:01:22	SQL :EXEC GetUserTreeMenu 'nanang.andriani','1709',@CompanyId=2;
26/05/2023 16:01:22	SQL :EXEC GetUserTreeMenu 'nanang.andriani','1710',@CompanyId=2;
26/05/2023 16:01:22	SQL :EXEC GetUserTreeMenu 'nanang.andriani','1711',@CompanyId=2;
26/05/2023 16:01:22	SQL :EXEC GetUserTreeMenu 'nanang.andriani','1712',@CompanyId=2;
26/05/2023 16:01:23	SQL :EXEC GetUserTreeMenu 'nanang.andriani','1713',@CompanyId=2;
26/05/2023 16:01:23	SQL :EXEC GetUserTreeMenu 'nanang.andriani','1714',@CompanyId=2;
26/05/2023 16:01:23	SQL :EXEC GetUserTreeMenu 'nanang.andriani','1715',@CompanyId=2;
26/05/2023 16:01:23	SQL :EXEC GetUserTreeMenu 'nanang.andriani','1716',@CompanyId=2;
26/05/2023 16:01:23	SQL :EXEC GetUserTreeMenu 'nanang.andriani','1717',@CompanyId=2;
26/05/2023 16:01:23	SQL :EXEC GetUserSubMenu 'nanang.andriani','18';
26/05/2023 16:01:23	SQL :EXEC GetUserTreeMenu 'nanang.andriani','1801',@CompanyId=2;
26/05/2023 16:01:23	SQL :EXEC GetUserSubMenu 'nanang.andriani','19';
26/05/2023 16:01:23	SQL :EXEC GetUserTreeMenu 'nanang.andriani','1901',@CompanyId=2;
26/05/2023 16:01:23	SQL :EXEC GetUserTreeMenu 'nanang.andriani','1902',@CompanyId=2;
26/05/2023 16:01:23	SQL :EXEC GetUserTreeMenu 'nanang.andriani','1903',@CompanyId=2;
26/05/2023 16:01:23	SQL :EXEC GetUserTreeMenu 'nanang.andriani','1904',@CompanyId=2;
26/05/2023 16:01:23	SQL :EXEC GetUserTreeMenu 'nanang.andriani','1905',@CompanyId=2;
26/05/2023 16:01:23	SQL :EXEC GetUserTreeMenu 'nanang.andriani','1906',@CompanyId=2;
26/05/2023 16:01:23	SQL :EXEC GetUserTreeMenu 'nanang.andriani','1907',@CompanyId=2;
26/05/2023 16:01:23	SQL :EXEC GetUserTreeMenu 'nanang.andriani','1908',@CompanyId=2;
26/05/2023 16:01:23	SQL :EXEC GetUserTreeMenu 'nanang.andriani','1909',@CompanyId=2;
26/05/2023 16:01:23	SQL :EXEC GetUserTreeMenu 'nanang.andriani','1910',@CompanyId=2;
26/05/2023 16:01:23	SQL :EXEC GetUserTreeMenu 'nanang.andriani','1911',@CompanyId=2;
26/05/2023 16:01:23	SQL :EXEC GetUserTreeMenu 'nanang.andriani','1912',@CompanyId=2;
26/05/2023 16:01:23	SQL :SELECT CONVERT(VARCHAR(8),GETDATE(),108) AS hour_minute;
26/05/2023 16:01:23	SQL :SELECT CONVERT(VARCHAR(10),GETDATE(),103) AS date_time;
26/05/2023 16:01:24	Loading Setting
26/05/2023 16:01:24	Open DB Connection
26/05/2023 16:01:24	SQL :SELECT * FROM wh_setting WHERE setting_name='Hold_Less_Deposit';
26/05/2023 16:01:24	SQL :SELECT * FROM wh_setting WHERE setting_name='Max_Less_Deposit';
26/05/2023 16:01:24	SQL :SELECT * FROM wh_setting WHERE setting_name='Dashboard_2';
26/05/2023 16:01:24	Finish Logging
26/05/2023 16:01:24	SQL :SELECT value_string FROM wh_setting WHERE (setting_name='Interval_CheckInDate') AND (active=1);
26/05/2023 16:01:24	SQL :SELECT value_string FROM wh_setting WHERE (setting_name='Interval_CheckInTime') AND (active=1);
26/05/2023 16:01:24	SQL :SELECT value_string FROM wh_setting WHERE (setting_name='ChatEnable') and (active=1);
26/05/2023 16:01:25	Message:Port Check
26/05/2023 16:01:25	Message:Open DB Connection
26/05/2023 16:01:25	SQL :EXEC GetMessage '01','nanang.andriani';
26/05/2023 16:01:25	SQL :SELECT CONVERT(VARCHAR(8),GETDATE(),108) AS hour_minute;
26/05/2023 16:01:25	SQL :SELECT CONVERT(VARCHAR(10),GETDATE(),103) AS date_time;
26/05/2023 16:01:30	Open Menu :130130
26/05/2023 16:01:30	Open DB Connection
26/05/2023 16:01:30	SQL :EXEC AuthMenu 'nanang.andriani',130130;
26/05/2023 16:01:30	Form Check :VehicleInsurance
26/05/2023 16:01:30	Form Open: VehicleInsurance=Bus,FormRequest=
26/05/2023 16:01:30	Open DB Connection
26/05/2023 16:01:30	SQL :EXEC GetInsuranceIssuer;
26/05/2023 16:01:31	SQL :EXEC GetInsuranceName;
26/05/2023 16:01:31	SQL :EXEC GetInsuranceCoverage;
26/05/2023 16:01:31	SQL :EXEC GetCompanyLocationList
26/05/2023 16:01:31	Open DB Connection
26/05/2023 16:01:31	SQL :EXEC GetVhcList 6,0,@Compan26/05/2023 17:11:26	Get Local Settings
26/05/2023 17:11:26	Start Change Local Settings
26/05/2023 17:11:26	Change short date format
26/05/2023 17:11:26	Change Long date format
26/05/2023 17:11:26	Finish Change Local Settings
26/05/2023 17:11:26	Registry Read: Path=SOFTWARE\WEHA\Aplikasi\3
26/05/2023 17:11:26	Registry Read/Write
26/05/2023 17:11:26	Registry Read: Path=SOFTWARE\WEHA\Aplikasi\3
26/05/2023 17:11:26	Registry Read:Fail
26/05/2023 17:11:26	Setting DB Param
26/05/2023 17:11:26	Create DB Object
26/05/2023 17:11:26	Init DB
26/05/2023 17:11:28	Error Create DB Connection
26/05/2023 17:11:31	Change Db Connection to :Provider=MSDASQL.1
26/05/2023 17:11:31	Finish Create DB Connection
26/05/2023 17:11:31	Get File Version
26/05/2023 17:11:31	26/05/2023 17:11:48	Get Local Settings
26/05/2023 17:11:48	Start Change Local Settings
26/05/2023 17:11:48	Change short date format
26/05/2023 17:11:48	Change Long date format
26/05/2023 17:11:48	Finish Change Local Settings
26/05/2023 17:11:48	Registry Read: Path=SOFTWARE\WEHA\Aplikasi\3
26/05/2023 17:11:48	Registry Read/Write
26/05/2023 17:11:48	Registry Read: Path=SOFTWARE\WEHA\Aplikasi\3
26/05/2023 17:11:48	Registry Read:Fail
26/05/2023 17:11:48	Setting DB Param
26/05/2023 17:11:48	Create DB Object
26/05/2023 17:11:48	Init DB
26/05/2023 17:11:49	Error Create DB Connection
26/05/2023 17:11:52	Change Db Connection to :Provider=MSDASQL.1
26/05/2023 17:11:52	Finish Create DB Connection
26/05/2023 17:11:52	Get File Version
26/05/2023 17:11:52	Change  Caption
26/05/2023 17:11:52	Init Shortkey
26/05/2023 17:11:53	Form Check :Setting
26/05/2023 17:11:53	Form Open: Setting
26/05/2023 17:12:09	Create DB Object
26/05/2023 17:12:09	Init DB
26/05/2023 17:12:09	Finish Init DB
26/05/2023 17:12:09	Port Check
26/05/2023 17:12:09	Connection Check
26/05/2023 17:12:09	Check Success
26/05/2023 17:12:10	Registry Write: 192.168.10.247,wh_prod,sa,SQLNCLI10
26/05/2023 17:12:10	Registry Read: Path=SOFTWARE\WEHA\Aplikasi\3
26/05/2023 17:12:10	Registry Read:Fail
26/05/2023 17:12:12	Create DB Object
26/05/2023 17:12:12	Init DB
26/05/2023 17:12:12	Finish Init DB
26/05/2023 17:12:18	Update new version check
26/05/2023 17:12:18	Open DB Connection
26/05/2023 17:12:18	SQL :
26/05/2023 17:12:18	Update check version
26/05/2023 17:12:19	Open DB Connection
26/05/2023 17:12:19	SQL :SELECT version FROM wh_application WHERE application_id=(SELECT MAX(application_id) FROM wh_application);
26/05/2023 17:12:19	Start Login
26/05/2023 17:12:19	Open DB Connection
26/05/2023 17:12:19	SQL :EXEC AuthenticateUser 'nanang.andriani','3b5929d0c23006c99522f38746d85dd4';
26/05/2023 17:12:19	SQL :INSERT INTO wh_log (user_id,app_date,app_version,app_version_svr,location_id,company_id,department_id,host_name,ip_address)  VALUES ('nanang.andriani','26/05/2023','6.1.5.22','6.1.5.20',6,2,13,'DESKTOP-88BM05S','192.168.25.214');
26/05/2023 17:12:19	Open DB Connection
26/05/2023 17:12:19	SQL :EXEC GetUserMenu 'nanang.andriani';
26/05/2023 17:12:19	SQL :EXEC GetUserSubMenu 'nanang.andriani','11';
26/05/2023 17:12:19	SQL :EXEC GetUserTreeMenu 'nanang.andriani','1101',@CompanyId=2;
26/05/2023 17:12:19	SQL :EXEC GetUserTreeMenu 'nanang.andriani','1102',@CompanyId=2;
26/05/2023 17:12:19	SQL :EXEC GetUserTreeMenu 'nanang.andriani','1103',@CompanyId=2;
26/05/2023 17:12:19	SQL :EXEC GetUserTreeMenu 'nanang.andriani','1104',@CompanyId=2;
26/05/2023 17:12:19	SQL :EXEC GetUserTreeMenu 'nanang.andriani','1105',@CompanyId=2;
26/05/2023 17:12:19	SQL :EXEC GetUserTreeMenu 'nanang.andriani','1106',@CompanyId=2;
26/05/2023 17:12:19	SQL :EXEC GetUserTreeMenu 'nanang.andriani','1107',@CompanyId=2;
26/05/2023 17:12:19	SQL :EXEC GetUserTreeMenu 'nanang.andriani','1108',@CompanyId=2;
26/05/2023 17:12:19	SQL :EXEC GetUserTreeMenu 'nanang.andriani','1109',@CompanyId=2;
26/05/2023 17:12:19	SQL :EXEC GetUserTreeMenu 'nanang.andriani','1110',@CompanyId=2;
26/05/2023 17:12:19	SQL :EXEC GetUserTreeMenu 'nanang.andriani','1111',@CompanyId=2;
26/05/2023 17:12:19	SQL :EXEC GetUserTreeMenu 'nanang.andriani','1112',@CompanyId=2;
26/05/2023 17:12:19	SQL :EXEC GetUserTreeMenu 'nanang.andriani','1113',@CompanyId=2;
26/05/2023 17:12:20	SQL :EXEC GetUserTreeMenu 'nanang.andriani','1114',@CompanyId=2;
26/05/2023 17:12:20	SQL :EXEC GetUserTreeMenu 'nanang.andriani','1115',@CompanyId=2;
26/05/2023 17:12:20	SQL :EXEC GetUserTreeMenu 'nanang.andriani','1116',@CompanyId=2;
26/05/2023 17:12:20	SQL :EXEC GetUserTreeMenu 'nanang.andriani','1117',@CompanyId=2;
26/05/2023 17:12:20	SQL :EXEC GetUserTreeMenu 'nanang.andriani','1198',@CompanyId=2;
26/05/2023 17:12:20	SQL :EXEC GetUserTreeMenu 'nanang.andriani','1199',@CompanyId=2;
26/05/2023 17:12:20	SQL :EXEC GetUserSubMenu 'nanang.andriani','12';
26/05/2023 17:12:20	SQL :EXEC GetUserTreeMenu 'nanang.andriani','1201',@CompanyId=2;
26/05/2023 17:12:20	SQL :EXEC GetUserTreeMenu 'nanang.andriani','1202',@CompanyId=2;
26/05/2023 17:12:20	SQL :EXEC GetUserTreeMenu 'nanang.andriani','1203',@CompanyId=2;
26/05/2023 17:12:20	SQL :EXEC GetUserTreeMenu 'nanang.andriani','1204',@CompanyId=2;
26/05/2023 17:12:20	SQL :EXEC GetUserTreeMenu 'nanang.andriani','1205',@CompanyId=2;
26/05/2023 17:12:20	SQL :EXEC GetUserTreeMenu 'nanang.andriani','1206',@CompanyId=2;
26/05/2023 17:12:20	SQL :EXEC GetUserTreeMenu 'nanang.andriani','1207',@CompanyId=2;
26/05/2023 17:12:20	SQL :EXEC GetUserSubMenu 'nanang.andriani','13';
26/05/2023 17:12:20	SQL :EXEC GetUserTreeMenu 'nanang.andriani','1301',@CompanyId=2;
26/05/2023 17:12:20	SQL :EXEC GetUserTreeMenu 'nanang.andriani','1302',@CompanyId=2;
26/05/2023 17:12:20	SQL :EXEC GetUserTreeMenu 'nanang.andriani','1303',@CompanyId=2;
26/05/2023 17:12:20	SQL :EXEC GetUserTreeMenu 'nanang.andriani','1304',@CompanyId=2;
26/05/2023 17:12:20	SQL :EXEC GetUserTreeMenu 'nanang.andriani','1305',@CompanyId=2;
26/05/2023 17:12:20	SQL :EXEC GetUserTreeMenu 'nanang.andriani','1306',@CompanyId=2;
26/05/2023 17:12:20	SQL :EXEC GetUserTreeMenu 'nanang.andriani','1307',@CompanyId=2;
26/05/2023 17:12:20	SQL :EXEC GetUserTreeMenu 'nanang.andriani','1308',@CompanyId=2;
26/05/2023 17:12:20	SQL :EXEC GetUserTreeMenu 'nanang.andriani','1309',@CompanyId=2;
26/05/2023 17:12:20	SQL :EXEC GetUserTreeMenu 'nanang.andriani','1310',@CompanyId=2;
26/05/2023 17:12:20	SQL :EXEC GetUserTreeMenu 'nanang.andriani','1311',@CompanyId=2;
26/05/2023 17:12:21	SQL :EXEC GetUserTreeMenu 'nanang.andriani','1312',@CompanyId=2;
26/05/2023 17:12:21	SQL :EXEC GetUserTreeMenu 'nanang.andriani','1313',@CompanyId=2;
26/05/2023 17:12:21	SQL :EXEC GetUserTreeMenu 'nanang.andriani','1314',@CompanyId=2;
26/05/2023 17:12:21	SQL :EXEC GetUserTreeMenu 'nanang.andriani','1315',@CompanyId=2;
26/05/2023 17:12:21	SQL :EXEC GetUserTreeMenu 'nanang.andriani','1316',@CompanyId=2;
26/05/2023 17:12:21	SQL :EXEC GetUserTreeMenu 'nanang.andriani','1317',@CompanyId=2;
26/05/2023 17:12:21	SQL :EXEC GetUserTreeMenu 'nanang.andriani','1318',@CompanyId=2;
26/05/2023 17:12:21	SQL :EXEC GetUserTreeMenu 'nanang.andriani','1319',@CompanyId=2;
26/05/2023 17:12:21	SQL :EXEC GetUserTreeMenu 'nanang.andriani','1320',@CompanyId=2;
26/05/2023 17:12:21	SQL :EXEC GetUserTreeMenu 'nanang.andriani','1321',@CompanyId=2;
26/05/2023 17:12:21	SQL :EXEC GetUserTreeMenu 'nanang.andriani','1322',@CompanyId=2;
26/05/2023 17:12:21	SQL :EXEC GetUserSubMenu 'nanang.andriani','14';
26/05/2023 17:12:21	SQL :EXEC GetUserTreeMenu 'nanang.andriani','1401',@CompanyId=2;
26/05/2023 17:12:21	SQL :EXEC GetUserTreeMenu 'nanang.andriani','1402',@CompanyId=2;
26/05/2023 17:12:21	SQL :EXEC GetUserTreeMenu 'nanang.andriani','1403',@CompanyId=2;
26/05/2023 17:12:21	SQL :EXEC GetUserTreeMenu 'nanang.andriani','1404',@CompanyId=2;
26/05/2023 17:12:21	SQL :EXEC GetUserTreeMenu 'nanang.andriani','1406',@CompanyId=2;
26/05/2023 17:12:21	SQL :EXEC GetUserTreeMenu 'nanang.andriani','1408',@CompanyId=2;
26/05/2023 17:12:21	SQL :EXEC GetUserTreeMenu 'nanang.andriani','1410',@CompanyId=2;
26/05/2023 17:12:21	SQL :EXEC GetUserTreeMenu 'nanang.andriani','1411',@CompanyId=2;
26/05/2023 17:12:21	SQL :EXEC GetUserTreeMenu 'nanang.andriani','1412',@CompanyId=2;
26/05/2023 17:12:21	SQL :EXEC GetUserTreeMenu 'nanang.andriani','1413',@CompanyId=2;
26/05/2023 17:12:21	SQL :EXEC GetUserTreeMenu 'nanang.andriani','1414',@CompanyId=2;
26/05/2023 17:12:21	SQL :EXEC GetUserSubMenu 'nanang.andriani','15';
26/05/2023 17:12:21	SQL :EXEC GetUserTreeMenu 'nanang.andriani','1501',@CompanyId=2;
26/05/2023 17:12:21	SQL :EXEC GetUserTreeMenu 'nanang.andriani','1502',@CompanyId=2;
26/05/2023 17:12:21	SQL :EXEC GetUserTreeMenu 'nanang.andriani','1503',@CompanyId=2;
26/05/2023 17:12:22	SQL :EXEC GetUserTreeMenu 'nanang.andriani','1504',@CompanyId=2;
26/05/2023 17:12:22	SQL :EXEC GetUserTreeMenu 'nanang.andriani','1505',@CompanyId=2;
26/05/2023 17:12:22	SQL :EXEC GetUserTreeMenu 'nanang.andriani','1506',@CompanyId=2;
26/05/2023 17:12:22	SQL :EXEC GetUserTreeMenu 'nanang.andriani','1507',@CompanyId=2;
26/05/2023 17:12:22	SQL :EXEC GetUserTreeMenu 'nanang.andriani','1508',@CompanyId=2;
26/05/2023 17:12:22	SQL :EXEC GetUserTreeMenu 'nanang.andriani','1509',@CompanyId=2;
26/05/2023 17:12:22	SQL :EXEC GetUserTreeMenu 'nanang.andriani','1510',@CompanyId=2;
26/05/2023 17:12:22	SQL :EXEC GetUserTreeMenu 'nanang.andriani','1511',@CompanyId=2;
26/05/2023 17:12:22	SQL :EXEC GetUserSubMenu 'nanang.andriani','16';
26/05/2023 17:12:22	SQL :EXEC GetUserTreeMenu 'nanang.andriani','1601',@CompanyId=2;
26/05/2023 17:12:22	SQL :EXEC GetUserTreeMenu 'nanang.andriani','1602',@CompanyId=2;
26/05/2023 17:12:22	SQL :EXEC GetUserTreeMenu 'nanang.andriani','1603',@CompanyId=2;
26/05/2023 17:12:22	SQL :EXEC GetUserTreeMenu 'nanang.andriani','1604',@CompanyId=2;
26/05/2023 17:12:22	SQL :EXEC GetUserTreeMenu 'nanang.andriani','1605',@CompanyId=2;
26/05/2023 17:12:22	SQL :EXEC GetUserTreeMenu 'nanang.andriani','1606',@CompanyId=2;
26/05/2023 17:12:22	SQL :EXEC GetUserTreeMenu 'nanang.andriani','1607',@CompanyId=2;
26/05/2023 17:12:22	SQL :EXEC GetUserTreeMenu 'nanang.andriani','1608',@CompanyId=2;
26/05/2023 17:12:22	SQL :EXEC GetUserTreeMenu 'nanang.andriani','1609',@CompanyId=2;
26/05/2023 17:12:22	SQL :EXEC GetUserTreeMenu 'nanang.andriani','1610',@CompanyId=2;
26/05/2023 17:12:22	SQL :EXEC GetUserTreeMenu 'nanang.andriani','1611',@CompanyId=2;
26/05/2023 17:12:22	SQL :EXEC GetUserTreeMenu 'nanang.andriani','1612',@CompanyId=2;
26/05/2023 17:12:22	SQL :EXEC GetUserTreeMenu 'nanang.andriani','1613',@CompanyId=2;
26/05/2023 17:12:22	SQL :EXEC GetUserTreeMenu 'nanang.andriani','1614',@CompanyId=2;
26/05/2023 17:12:22	SQL :EXEC GetUserTreeMenu 'nanang.andriani','1615',@CompanyId=2;
26/05/2023 17:12:22	SQL :EXEC GetUserTreeMenu 'nanang.andriani','1616',@CompanyId=2;
26/05/2023 17:12:22	SQL :EXEC GetUserTreeMenu 'nanang.andriani','1619',@CompanyId=2;
26/05/2023 17:12:22	SQL :EXEC GetUserTreeMenu 'nanang.andriani','1620',@CompanyId=2;
26/05/2023 17:12:22	SQL :EXEC GetUserSubMenu 'nanang.andriani','17';
26/05/2023 17:12:23	SQL :EXEC GetUserTreeMenu 'nanang.andriani','1701',@CompanyId=2;
26/05/2023 17:12:23	SQL :EXEC GetUserTreeMenu 'nanang.andriani','1702',@CompanyId=2;
26/05/2023 17:12:23	SQL :EXEC GetUserTreeMenu 'nanang.andriani','1703',@CompanyId=2;
26/05/2023 17:12:23	SQL :EXEC GetUserTreeMenu 'nanang.andriani','1704',@CompanyId=2;
26/05/2023 17:12:23	SQL :EXEC GetUserTreeMenu 'nanang.andriani','1705',@CompanyId=2;
26/05/2023 17:12:23	SQL :EXEC GetUserTreeMenu 'nanang.andriani','1706',@CompanyId=2;
26/05/2023 17:12:23	SQL :EXEC GetUserTreeMenu 'nanang.andriani','1707',@CompanyId=2;
26/05/2023 17:12:23	SQL :EXEC GetUserTreeMenu 'nanang.andriani','1708',@CompanyId=2;
26/05/2023 17:12:23	SQL :EXEC GetUserTreeMenu 'nanang.andriani','1709',@CompanyId=2;
26/05/2023 17:12:23	SQL :EXEC GetUserTreeMenu 'nanang.andriani','1710',@CompanyId=2;
26/05/2023 17:12:23	SQL :EXEC GetUserTreeMenu 'nanang.andriani','1711',@CompanyId=2;
26/05/2023 17:12:23	SQL :EXEC GetUserTreeMenu 'nanang.andriani','1712',@CompanyId=2;
26/05/2023 17:12:23	SQL :EXEC GetUserTreeMenu 'nanang.andriani','1713',@CompanyId=2;
26/05/2023 17:12:23	SQL :EXEC GetUserTreeMenu 'nanang.andriani','1714',@CompanyId=2;
26/05/2023 17:12:23	SQL :EXEC GetUserTreeMenu 'nanang.andriani','1715',@CompanyId=2;
26/05/2023 17:12:23	SQL :EXEC GetUserTreeMenu 'nanang.andriani','1716',@CompanyId=2;
26/05/2023 17:12:23	SQL :EXEC GetUserTreeMenu 'nanang.andriani','1717',@CompanyId=2;
26/05/2023 17:12:23	SQL :EXEC GetUserSubMenu 'nanang.andriani','18';
26/05/2023 17:12:23	SQL :EXEC GetUserTreeMenu 'nanang.andriani','1801',@CompanyId=2;
26/05/2023 17:12:23	SQL :EXEC GetUserSubMenu 'nanang.andriani','19';
26/05/2023 17:12:23	SQL :EXEC GetUserTreeMenu 'nanang.andriani','1901',@CompanyId=2;
26/05/2023 17:12:23	SQL :EXEC GetUserTreeMenu 'nanang.andriani','1902',@CompanyId=2;
26/05/2023 17:12:23	SQL :EXEC GetUserTreeMenu 'nanang.andriani','1903',@CompanyId=2;
26/05/2023 17:12:23	SQL :EXEC GetUserTreeMenu 'nanang.andriani','1904',@CompanyId=2;
26/05/2023 17:12:23	SQL :EXEC GetUserTreeMenu 'nanang.andriani','1905',@CompanyId=2;
26/05/2023 17:12:23	SQL :EXEC GetUserTreeMenu 'nanang.andriani','1906',@CompanyId=2;
26/05/2023 17:12:23	SQL :EXEC GetUserTreeMenu 'nanang.andriani','1907',@CompanyId=2;
26/05/2023 17:12:24	SQL :EXEC GetUserTreeMenu 'nanang.andriani','1908',@CompanyId=2;
26/05/2023 17:12:24	SQL :EXEC GetUserTreeMenu 'nanang.andriani','1909',@CompanyId=2;
26/05/2023 17:12:24	SQL :EXEC GetUserTreeMenu 'nanang.andriani','1910',@CompanyId=2;
26/05/2023 17:12:24	SQL :EXEC GetUserTreeMenu 'nanang.andriani','1911',@CompanyId=2;
26/05/2023 17:12:24	SQL :EXEC GetUserTreeMenu 'nanang.andriani','1912',@CompanyId=2;
26/05/2023 17:12:24	SQL :SELECT CONVERT(VARCHAR(8),GETDATE(),108) AS hour_minute;
26/05/2023 17:12:24	SQL :SELECT CONVERT(VARCHAR(10),GETDATE(),103) AS date_time;
26/05/2023 17:12:24	Loading Setting
26/05/2023 17:12:24	Open DB Connection
26/05/2023 17:12:24	SQL :SELECT * FROM wh_setting WHERE setting_name='Hold_Less_Deposit';
26/05/2023 17:12:24	SQL :SELECT * FROM wh_setting WHERE setting_name='Max_Less_Deposit';
26/05/2023 17:12:24	SQL :SELECT * FROM wh_setting WHERE setting_name='Dashboard_2';
26/05/2023 17:12:24	Finish Logging
26/05/2023 17:12:24	SQL :SELECT value_string FROM wh_setting WHERE (setting_name='Interval_CheckInDate') AND (active=1);
26/05/2023 17:12:24	SQL :SELECT value_string FROM wh_setting WHERE (setting_name='Interval_CheckInTime') AND (active=1);
26/05/2023 17:12:24	SQL :SELECT value_string FROM wh_setting WHERE (setting_name='ChatEnable') and (active=1);
26/05/2023 17:12:25	Message:Port Check
26/05/2023 17:12:25	Message:Open DB Connection
26/05/2023 17:12:25	SQL :EXEC GetMessage '01','nanang.andriani';
26/05/2023 17:12:25	SQL :SELECT CONVERT(VARCHAR(8),GETDATE(),108) AS hour_minute;
26/05/2023 17:12:25	SQL :SELECT CONVERT(VARCHAR(10),GETDATE(),103) AS date_time;
26/05/2023 17:12:33	Open Menu :130130
26/05/2023 17:12:33	Open DB Connection
26/05/2023 17:12:33	SQL :EXEC AuthMenu 'nanang.andriani',130130;
26/05/2023 17:12:34	Form Check :VehicleInsurance
26/05/2023 17:12:34	Form Open: VehicleInsurance=Bus,FormRequest=
26/05/2023 17:12:34	Open DB Connection
26/05/2023 17:12:34	SQL :EXEC GetInsuranceIssuer;
26/05/2023 17:12:34	SQL :EXEC GetInsuranceName;
26/05/2023 17:12:34	SQL :EXEC GetInsuranceCoverage;
26/05/2023 17:12:34	SQL :EXEC GetCompanyLocationList
26/05/2023 17:12:34	Open DB Connection
26/05/2023 17:12:34	SQL :EXEC GetVhcList 6,0,@Compan26/05/2023 17:14:54	Get Local Settings
26/05/2023 17:14:54	Start Change Local Settings
26/05/2023 17:14:54	Change short date format
26/05/2023 17:14:54	Change Long date format
26/05/2023 17:14:54	Finish Change Local Settings
26/05/2023 17:14:54	Registry Read: Path=SOFTWARE\WEHA\Aplikasi\3
26/05/2023 17:14:54	Registry Read/Write
26/05/2023 17:14:54	Registry Read: Path=SOFTWARE\WEHA\Aplikasi\3
26/05/2023 17:14:54	Registry Read:Fail
26/05/2023 17:14:54	Setting DB Param
26/05/2023 17:14:54	Create DB Object
26/05/2023 17:14:54	Init DB
26/05/2023 17:15:44	Error Create DB Connection
26/05/2023 17:15:46	Change Db Connection to :Provider=MSDASQL.1
26/05/2023 17:15:46	Finish Create DB Connection
26/05/2023 17:15:46	Get File Version
26/05/2023 17:15:46	Change  Caption
26/05/2023 17:15:46	Init Shortkey
26/05/2023 17:15:47	Form Check :Setting
26/05/2023 17:15:47	Form Open: Setting
26/05/2023 17:16:03	Create DB Object
26/05/2023 17:16:03	Init DB
26/05/2023 17:16:03	Finish Init DB
26/05/2023 17:16:03	Port Check
26/05/2023 17:16:03	Connection Check
26/05/2023 17:16:03	Check Success
26/05/2023 17:16:05	Registry Write: 192.168.10.247,wh_prod,sa,SQLNCLI10
26/05/2023 17:16:05	Registry Read: Path=SOFTWARE\WEHA\Aplikasi\3
26/05/2023 17:16:05	Registry Read:Fail
26/05/2023 17:16:07	Create DB Object
26/05/2023 17:16:07	Init DB
26/05/2023 17:16:07	Finish Init DB
26/05/2023 17:16:13	Update new version check
26/05/2023 17:16:13	Open DB Connection
26/05/2023 17:16:13	SQL :
26/05/2023 17:16:13	Update check version
26/05/2023 17:16:13	Open DB Connection
26/05/2023 17:16:13	SQL :SELECT version FROM wh_application WHERE application_id=(SELECT MAX(application_id) FROM wh_application);
26/05/2023 17:16:13	Start Login
26/05/2023 17:16:13	Open DB Connection
26/05/2023 17:16:13	SQL :EXEC AuthenticateUser 'nanang.andriani','b352b6a6c880f62d1df48159e609de10';
26/05/2023 17:16:13	Username/Password Error
26/05/2023 17:16:19	Update new version check
26/05/2023 17:16:19	Open DB Connection
26/05/2023 17:16:19	SQL :
26/05/2023 17:16:19	Update check version
26/05/2023 17:16:19	Open DB Connection
26/05/2023 17:16:19	SQL :SELECT version FROM wh_application WHERE application_id=(SELECT MAX(application_id) FROM wh_application);
26/05/2023 17:16:19	Start Login
26/05/2023 17:16:19	Open DB Connection
26/05/2023 17:16:19	SQL :EXEC AuthenticateUser 'nanang.andriani','3b5929d0c23006c99522f38746d85dd4';
26/05/2023 17:16:20	SQL :INSERT INTO wh_log (user_id,app_date,app_version,app_version_svr,location_id,company_id,department_id,host_name,ip_address)  VALUES ('nanang.andriani','26/05/2023','6.1.5.22','6.1.5.20',6,2,13,'DESKTOP-88BM05S','192.168.25.214');
26/05/2023 17:16:20	Open DB Connection
26/05/2023 17:16:20	SQL :EXEC GetUserMenu 'nanang.andriani';
26/05/2023 17:16:20	SQL :EXEC GetUserSubMenu 'nanang.andriani','11';
26/05/2023 17:16:20	SQL :EXEC GetUserTreeMenu 'nanang.andriani','1101',@CompanyId=2;
26/05/2023 17:16:20	SQL :EXEC GetUserTreeMenu 'nanang.andriani','1102',@CompanyId=2;
26/05/2023 17:16:20	SQL :EXEC GetUserTreeMenu 'nanang.andriani','1103',@CompanyId=2;
26/05/2023 17:16:20	SQL :EXEC GetUserTreeMenu 'nanang.andriani','1104',@CompanyId=2;
26/05/2023 17:16:20	SQL :EXEC GetUserTreeMenu 'nanang.andriani','1105',@CompanyId=2;
26/05/2023 17:16:20	SQL :EXEC GetUserTreeMenu 'nanang.andriani','1106',@CompanyId=2;
26/05/2023 17:16:20	SQL :EXEC GetUserTreeMenu 'nanang.andriani','1107',@CompanyId=2;
26/05/2023 17:16:20	SQL :EXEC GetUserTreeMenu 'nanang.andriani','1108',@CompanyId=2;
26/05/2023 17:16:20	SQL :EXEC GetUserTreeMenu 'nanang.andriani','1109',@CompanyId=2;
26/05/2023 17:16:20	SQL :EXEC GetUserTreeMenu 'nanang.andriani','1110',@CompanyId=2;
26/05/2023 17:16:20	SQL :EXEC GetUserTreeMenu 'nanang.andriani','1111',@CompanyId=2;
26/05/2023 17:16:20	SQL :EXEC GetUserTreeMenu 'nanang.andriani','1112',@CompanyId=2;
26/05/2023 17:16:20	SQL :EXEC GetUserTreeMenu 'nanang.andriani','1113',@CompanyId=2;
26/05/2023 17:16:20	SQL :EXEC GetUserTreeMenu 'nanang.andriani','1114',@CompanyId=2;
26/05/2023 17:16:20	SQL :EXEC GetUserTreeMenu 'nanang.andriani','1115',@CompanyId=2;
26/05/2023 17:16:20	SQL :EXEC GetUserTreeMenu 'nanang.andriani','1116',@CompanyId=2;
26/05/2023 17:16:20	SQL :EXEC GetUserTreeMenu 'nanang.andriani','1117',@CompanyId=2;
26/05/2023 17:16:20	SQL :EXEC GetUserTreeMenu 'nanang.andriani','1198',@CompanyId=2;
26/05/2023 17:16:20	SQL :EXEC GetUserTreeMenu 'nanang.andriani','1199',@CompanyId=2;
26/05/2023 17:16:20	SQL :EXEC GetUserSubMenu 'nanang.andriani','12';
26/05/2023 17:16:20	SQL :EXEC GetUserTreeMenu 'nanang.andriani','1201',@CompanyId=2;
26/05/2023 17:16:20	SQL :EXEC GetUserTreeMenu 'nanang.andriani','1202',@CompanyId=2;
26/05/2023 17:16:20	SQL :EXEC GetUserTreeMenu 'nanang.andriani','1203',@CompanyId=2;
26/05/2023 17:16:20	SQL :EXEC GetUserTreeMenu 'nanang.andriani','1204',@CompanyId=2;
26/05/2023 17:16:20	SQL :EXEC GetUserTreeMenu 'nanang.andriani','1205',@CompanyId=2;
26/05/2023 17:16:20	SQL :EXEC GetUserTreeMenu 'nanang.andriani','1206',@CompanyId=2;
26/05/2023 17:16:20	SQL :EXEC GetUserTreeMenu 'nanang.andriani','1207',@CompanyId=2;
26/05/2023 17:16:20	SQL :EXEC GetUserSubMenu 'nanang.andriani','13';
26/05/2023 17:16:21	SQL :EXEC GetUserTreeMenu 'nanang.andriani','1301',@CompanyId=2;
26/05/2023 17:16:21	SQL :EXEC GetUserTreeMenu 'nanang.andriani','1302',@CompanyId=2;
26/05/2023 17:16:21	SQL :EXEC GetUserTreeMenu 'nanang.andriani','1303',@CompanyId=2;
26/05/2023 17:16:21	SQL :EXEC GetUserTreeMenu 'nanang.andriani','1304',@CompanyId=2;
26/05/2023 17:16:21	SQL :EXEC GetUserTreeMenu 'nanang.andriani','1305',@CompanyId=2;
26/05/2023 17:16:21	SQL :EXEC GetUserTreeMenu 'nanang.andriani','1306',@CompanyId=2;
26/05/2023 17:16:21	SQL :EXEC GetUserTreeMenu 'nanang.andriani','1307',@CompanyId=2;
26/05/2023 17:16:21	SQL :EXEC GetUserTreeMenu 'nanang.andriani','1308',@CompanyId=2;
26/05/2023 17:16:21	SQL :EXEC GetUserTreeMenu 'nanang.andriani','1309',@CompanyId=2;
26/05/2023 17:16:21	SQL :EXEC GetUserTreeMenu 'nanang.andriani','1310',@CompanyId=2;
26/05/2023 17:16:21	SQL :EXEC GetUserTreeMenu 'nanang.andriani','1311',@CompanyId=2;
26/05/2023 17:16:21	SQL :EXEC GetUserTreeMenu 'nanang.andriani','1312',@CompanyId=2;
26/05/2023 17:16:21	SQL :EXEC GetUserTreeMenu 'nanang.andriani','1313',@CompanyId=2;
26/05/2023 17:16:21	SQL :EXEC GetUserTreeMenu 'nanang.andriani','1314',@CompanyId=2;
26/05/2023 17:16:21	SQL :EXEC GetUserTreeMenu 'nanang.andriani','1315',@CompanyId=2;
26/05/2023 17:16:21	SQL :EXEC GetUserTreeMenu 'nanang.andriani','1316',@CompanyId=2;
26/05/2023 17:16:21	SQL :EXEC GetUserTreeMenu 'nanang.andriani','1317',@CompanyId=2;
26/05/2023 17:16:21	SQL :EXEC GetUserTreeMenu 'nanang.andriani','1318',@CompanyId=2;
26/05/2023 17:16:21	SQL :EXEC GetUserTreeMenu 'nanang.andriani','1319',@CompanyId=2;
26/05/2023 17:16:21	SQL :EXEC GetUserTreeMenu 'nanang.andriani','1320',@CompanyId=2;
26/05/2023 17:16:21	SQL :EXEC GetUserTreeMenu 'nanang.andriani','1321',@CompanyId=2;
26/05/2023 17:16:21	SQL :EXEC GetUserTreeMenu 'nanang.andriani','1322',@CompanyId=2;
26/05/2023 17:16:21	SQL :EXEC GetUserSubMenu 'nanang.andriani','14';
26/05/2023 17:16:21	SQL :EXEC GetUserTreeMenu 'nanang.andriani','1401',@CompanyId=2;
26/05/2023 17:16:21	SQL :EXEC GetUserTreeMenu 'nanang.andriani','1402',@CompanyId=2;
26/05/2023 17:16:21	SQL :EXEC GetUserTreeMenu 'nanang.andriani','1403',@CompanyId=2;
26/05/2023 17:16:21	SQL :EXEC GetUserTreeMenu 'nanang.andriani','1404',@CompanyId=2;
26/05/2023 17:16:21	SQL :EXEC GetUserTreeMenu 'nanang.andriani','1406',@CompanyId=2;
26/05/2023 17:16:21	SQL :EXEC GetUserTreeMenu 'nanang.andriani','1408',@CompanyId=2;
26/05/2023 17:16:21	SQL :EXEC GetUserTreeMenu 'nanang.andriani','1410',@CompanyId=2;
26/05/2023 17:16:21	SQL :EXEC GetUserTreeMenu 'nanang.andriani','1411',@CompanyId=2;
26/05/2023 17:16:21	SQL :EXEC GetUserTreeMenu 'nanang.andriani','1412',@CompanyId=2;
26/05/2023 17:16:21	SQL :EXEC GetUserTreeMenu 'nanang.andriani','1413',@CompanyId=2;
26/05/2023 17:16:21	SQL :EXEC GetUserTreeMenu 'nanang.andriani','1414',@CompanyId=2;
26/05/2023 17:16:21	SQL :EXEC GetUserSubMenu 'nanang.andriani','15';
26/05/2023 17:16:21	SQL :EXEC GetUserTreeMenu 'nanang.andriani','1501',@CompanyId=2;
26/05/2023 17:16:21	SQL :EXEC GetUserTreeMenu 'nanang.andriani','1502',@CompanyId=2;
26/05/2023 17:16:21	SQL :EXEC GetUserTreeMenu 'nanang.andriani','1503',@CompanyId=2;
26/05/2023 17:16:21	SQL :EXEC GetUserTreeMenu 'nanang.andriani','1504',@CompanyId=2;
26/05/2023 17:16:21	SQL :EXEC GetUserTreeMenu 'nanang.andriani','1505',@CompanyId=2;
26/05/2023 17:16:21	SQL :EXEC GetUserTreeMenu 'nanang.andriani','1506',@CompanyId=2;
26/05/2023 17:16:21	SQL :EXEC GetUserTreeMenu 'nanang.andriani','1507',@CompanyId=2;
26/05/2023 17:16:21	SQL :EXEC GetUserTreeMenu 'nanang.andriani','1508',@CompanyId=2;
26/05/2023 17:16:21	SQL :EXEC GetUserTreeMenu 'nanang.andriani','1509',@CompanyId=2;
26/05/2023 17:16:21	SQL :EXEC GetUserTreeMenu 'nanang.andriani','1510',@CompanyId=2;
26/05/2023 17:16:21	SQL :EXEC GetUserTreeMenu 'nanang.andriani','1511',@CompanyId=2;
26/05/2023 17:16:21	SQL :EXEC GetUserSubMenu 'nanang.andriani','16';
26/05/2023 17:16:21	SQL :EXEC GetUserTreeMenu 'nanang.andriani','1601',@CompanyId=2;
26/05/2023 17:16:22	SQL :EXEC GetUserTreeMenu 'nanang.andriani','1602',@CompanyId=2;
26/05/2023 17:16:22	SQL :EXEC GetUserTreeMenu 'nanang.andriani','1603',@CompanyId=2;
26/05/2023 17:16:22	SQL :EXEC GetUserTreeMenu 'nanang.andriani','1604',@CompanyId=2;
26/05/2023 17:16:22	SQL :EXEC GetUserTreeMenu 'nanang.andriani','1605',@CompanyId=2;
26/05/2023 17:16:22	SQL :EXEC GetUserTreeMenu 'nanang.andriani','1606',@CompanyId=2;
26/05/2023 17:16:22	SQL :EXEC GetUserTreeMenu 'nanang.andriani','1607',@CompanyId=2;
26/05/2023 17:16:22	SQL :EXEC GetUserTreeMenu 'nanang.andriani','1608',@CompanyId=2;
26/05/2023 17:16:22	SQL :EXEC GetUserTreeMenu 'nanang.andriani','1609',@CompanyId=2;
26/05/2023 17:16:22	SQL :EXEC GetUserTreeMenu 'nanang.andriani','1610',@CompanyId=2;
26/05/2023 17:16:22	SQL :EXEC GetUserTreeMenu 'nanang.andriani','1611',@CompanyId=2;
26/05/2023 17:16:22	SQL :EXEC GetUserTreeMenu 'nanang.andriani','1612',@CompanyId=2;
26/05/2023 17:16:22	SQL :EXEC GetUserTreeMenu 'nanang.andriani','1613',@CompanyId=2;
26/05/2023 17:16:22	SQL :EXEC GetUserTreeMenu 'nanang.andriani','1614',@CompanyId=2;
26/05/2023 17:16:22	SQL :EXEC GetUserTreeMenu 'nanang.andriani','1615',@CompanyId=2;
26/05/2023 17:16:22	SQL :EXEC GetUserTreeMenu 'nanang.andriani','1616',@CompanyId=2;
26/05/2023 17:16:22	SQL :EXEC GetUserTreeMenu 'nanang.andriani','1619',@CompanyId=2;
26/05/2023 17:16:22	SQL :EXEC GetUserTreeMenu 'nanang.andriani','1620',@CompanyId=2;
26/05/2023 17:16:22	SQL :EXEC GetUserSubMenu 'nanang.andriani','17';
26/05/2023 17:16:22	SQL :EXEC GetUserTreeMenu 'nanang.andriani','1701',@CompanyId=2;
26/05/2023 17:16:22	SQL :EXEC GetUserTreeMenu 'nanang.andriani','1702',@CompanyId=2;
26/05/2023 17:16:22	SQL :EXEC GetUserTreeMenu 'nanang.andriani','1703',@CompanyId=2;
26/05/2023 17:16:22	SQL :EXEC GetUserTreeMenu 'nanang.andriani','1704',@CompanyId=2;
26/05/2023 17:16:22	SQL :EXEC GetUserTreeMenu 'nanang.andriani','1705',@CompanyId=2;
26/05/2023 17:16:22	SQL :EXEC GetUserTreeMenu 'nanang.andriani','1706',@CompanyId=2;
26/05/2023 17:16:22	SQL :EXEC GetUserTreeMenu 'nanang.andriani','1707',@CompanyId=2;
26/05/2023 17:16:22	SQL :EXEC GetUserTreeMenu 'nanang.andriani','1708',@CompanyId=2;
26/05/2023 17:16:22	SQL :EXEC GetUserTreeMenu 'nanang.andriani','1709',@CompanyId=2;
26/05/2023 17:16:22	SQL :EXEC GetUserTreeMenu 'nanang.andriani','1710',@CompanyId=2;
26/05/2023 17:16:22	SQL :EXEC GetUserTreeMenu 'nanang.andriani','1711',@CompanyId=2;
26/05/2023 17:16:22	SQL :EXEC GetUserTreeMenu 'nanang.andriani','1712',@CompanyId=2;
26/05/2023 17:16:22	SQL :EXEC GetUserTreeMenu 'nanang.andriani','1713',@CompanyId=2;
26/05/2023 17:16:22	SQL :EXEC GetUserTreeMenu 'nanang.andriani','1714',@CompanyId=2;
26/05/2023 17:16:22	SQL :EXEC GetUserTreeMenu 'nanang.andriani','1715',@CompanyId=2;
26/05/2023 17:16:22	SQL :EXEC GetUserTreeMenu 'nanang.andriani','1716',@CompanyId=2;
26/05/2023 17:16:22	SQL :EXEC GetUserTreeMenu 'nanang.andriani','1717',@CompanyId=2;
26/05/2023 17:16:22	SQL :EXEC GetUserSubMenu 'nanang.andriani','18';
26/05/2023 17:16:22	SQL :EXEC GetUserTreeMenu 'nanang.andriani','1801',@CompanyId=2;
26/05/2023 17:16:22	SQL :EXEC GetUserSubMenu 'nanang.andriani','19';
26/05/2023 17:16:23	SQL :EXEC GetUserTreeMenu 'nanang.andriani','1901',@CompanyId=2;
26/05/2023 17:16:23	SQL :EXEC GetUserTreeMenu 'nanang.andriani','1902',@CompanyId=2;
26/05/2023 17:16:23	SQL :EXEC GetUserTreeMenu 'nanang.andriani','1903',@CompanyId=2;
26/05/2023 17:16:23	SQL :EXEC GetUserTreeMenu 'nanang.andriani','1904',@CompanyId=2;
26/05/2023 17:16:23	SQL :EXEC GetUserTreeMenu 'nanang.andriani','1905',@CompanyId=2;
26/05/2023 17:16:23	SQL :EXEC GetUserTreeMenu 'nanang.andriani','1906',@CompanyId=2;
26/05/2023 17:16:23	SQL :EXEC GetUserTreeMenu 'nanang.andriani','1907',@CompanyId=2;
26/05/2023 17:16:23	SQL :EXEC GetUserTreeMenu 'nanang.andriani','1908',@CompanyId=2;
26/05/2023 17:16:23	SQL :EXEC GetUserTreeMenu 'nanang.andriani','1909',@CompanyId=2;
26/05/2023 17:16:23	SQL :EXEC GetUserTreeMenu 'nanang.andriani','1910',@CompanyId=2;
26/05/2023 17:16:23	SQL :EXEC GetUserTreeMenu 'nanang.andriani','1911',@CompanyId=2;
26/05/2023 17:16:23	SQL :EXEC GetUserTreeMenu 'nanang.andriani','1912',@CompanyId=2;
26/05/2023 17:16:23	SQL :SELECT CONVERT(VARCHAR(8),GETDATE(),108) AS hour_minute;
26/05/2023 17:16:23	SQL :SELECT CONVERT(VARCHAR(10),GETDATE(),103) AS date_time;
26/05/2023 17:16:23	Loading Setting
26/05/2023 17:16:23	Open DB Connection
26/05/2023 17:16:23	SQL :SELECT * FROM wh_setting WHERE setting_name='Hold_Less_Deposit';
26/05/2023 17:16:23	SQL :SELECT * FROM wh_setting WHERE setting_name='Max_Less_Deposit';
26/05/2023 17:16:23	SQL :SELECT * FROM wh_setting WHERE setting_name='Dashboard_2';
26/05/2023 17:16:23	Finish Logging
26/05/2023 17:16:23	SQL :SELECT value_string FROM wh_setting WHERE (setting_name='Interval_CheckInDate') AND (active=1);
26/05/2023 17:16:23	SQL :SELECT value_string FROM wh_setting WHERE (setting_name='Interval_CheckInTime') AND (active=1);
26/05/2023 17:16:23	SQL :SELECT value_string FROM wh_setting WHERE (setting_name='ChatEnable') and (active=1);
26/05/2023 17:16:24	Message:Port Check
26/05/2023 17:16:24	Message:Open DB Connection
26/05/2023 17:16:24	SQL :EXEC GetMessage '01','nanang.andriani';
26/05/2023 17:16:24	SQL :SELECT CONVERT(VARCHAR(8),GETDATE(),108) AS hour_minute;
26/05/2023 17:16:24	SQL :SELECT CONVERT(VARCHAR(10),GETDATE(),103) AS date_time;
26/05/2023 17:26:28	Message:Port Check
26/05/2023 17:26:28	Message:Open DB Connection
26/05/2023 17:26:28	SQL :EXEC GetMessage '01','nanang.andriani';
26/05/2023 17:26:29	SQL :SELECT CONVERT(VARCHAR(8),GETDATE(),108) AS hour_minute;
26/05/2023 17:26:29	SQL :SELECT CONVERT(VARCHAR(10),GETDATE(),103) AS date_time;
26/05/2023 17:36:35	Message:Port Check
26/05/2023 17:36:35	Message:Open DB Connection
26/05/2023 17:36:35	SQL :EXEC GetMessage '01','nanang.andriani';
26/05/2023 17:36:35	SQL :SELECT CONVERT(VARCHAR(8),GETDATE(),108) AS hour_minute;
26/05/2023 17:36:35	SQL :SELECT CONVERT(VARCHAR(10),GETDATE(),103) AS date_time;
26/05/2023 17:46:41	Message:Port Check
26/05/2023 17:46:41	Message:Open DB Connection
26/05/2023 17:46:41	SQL :EXEC GetMessage '01','nanang.andriani';
26/05/2023 17:46:42	SQL :SELECT CONVERT(VARCHAR(8),GETDATE(),108) AS hour_minute;
26/05/2023 17:46:42	SQL :SELECT CONVERT(VARCHAR(10),GETDATE(),103) AS date_time;
26/05/2023 17:56:48	Message:Port Check
26/05/2023 17:56:48	Message:Open DB Connection
26/05/2023 17:56:48	SQL :EXEC GetMessage '01','nanang.andriani';
26/05/2023 17:56:48	SQL :SELECT CONVERT(VARCHAR(8),GETDATE(),108) AS hour_minute;
26/05/2023 17:56:48	SQL :SELECT CONVERT(VARCHAR(10),GETDATE(),103) AS date_time;
26/05/2023 18:06:55	Message:Port Check
26/05/2023 18:06:55	Message:Open DB Connection
26/05/2023 18:06:55	SQL :EXEC GetMessage '01','nanang.andriani';
26/05/2023 18:06:55	SQL :SELECT CONVERT(VARCHAR(8),GETDATE(),108) AS hour_minute;
26/05/2023 18:06:55	SQL :SELECT CONVERT(VARCHAR(10),GETDATE(),103) AS date_time;
26/05/2023 18:17:01	Message:Port Check
26/05/2023 18:17:02	Message:Open DB Connection
26/05/2023 18:17:02	SQL :EXEC GetMessage '01','nanang.andriani';
26/05/2023 18:17:02	SQL :SELECT CONVERT(VARCHAR(8),GETDATE(),108) AS hour_minute;
26/05/2023 18:17:02	SQL :SELECT CONVERT(VARCHAR(10),GETDATE(),103) AS date_time;
26/05/2023 18:27:08	Message:Port Check
26/05/2023 18:27:08	Message:Open DB Connection
26/05/2023 18:27:08	SQL :EXEC GetMessage '01','nanang.andriani';
26/05/2023 18:27:08	SQL :SELECT CONVERT(VARCHAR(8),GETDATE(),108) AS hour_minute;
26/05/2023 18:27:08	SQL :SELECT CONVERT(VARCHAR(10),GETDATE(),103) AS date_time;
26/05/2023 18:37:14	Message:Port Check
26/05/2023 18:37:14	Message:Open DB Connection
26/05/2023 18:37:14	SQL :EXEC GetMessage '01','nanang.andriani';
26/05/2023 18:37:14	SQL :SELECT CONVERT(VARCHAR(8),GETDATE(),108) AS hour_minute;
26/05/2023 18:37:15	SQL :SELECT CONVERT(VARCHAR(10),GETDATE(),103) AS date_time;
26/05/2023 18:47:21	Message:Port Check
26/05/2023 18:47:21	Message:Open DB Connection
26/05/2023 18:47:21	SQL :EXEC GetMessage '01','nanang.andriani';
26/05/2023 18:47:21	SQL :SELECT CONVERT(VARCHAR(8),GETDATE(),108) AS hour_minute;
26/05/2023 18:47:21	SQL :SELECT CONVERT(VARCHAR(10),GETDATE(),103) AS date_time;
26/05/2023 18:57:27	Message:Port Check
26/05/2023 18:57:27	Message:Open DB Connection
26/05/2023 18:57:27	SQL :EXEC GetMessage '01','nanang.andriani';
26/05/2023 18:57:27	SQL :SELECT CONVERT(VARCHAR(8),GETDATE(),108) AS hour_minute;
26/05/2023 18:57:27	SQL :SELECT CONVERT(VARCHAR(10),GETDATE(),103) AS date_time;
26/05/2023 19:07:33	Message:Port Check
26/05/2023 19:07:33	Message:Open DB Connection
26/05/2023 19:07:33	SQL :EXEC GetMessage '01','nanang.andriani';
26/05/2023 19:07:33	SQL :SELECT CONVERT(VARCHAR(8),GETDATE(),108) AS hour_minute;
26/05/2023 19:07:33	SQL :SELECT CONVERT(VARCHAR(10),GETDATE(),103) AS date_time;
26/05/2023 19:17:39	Message:Port Check
26/05/2023 19:17:39	Message:Open DB Connection
26/05/2023 19:17:39	SQL :EXEC GetMessage '01','nanang.andriani';
26/05/2023 19:17:39	SQL :SELECT CONVERT(VARCHAR(8),GETDATE(),108) AS hour_minute;
26/05/2023 19:17:39	SQL :SELECT CONVERT(VARCHAR(10),GETDATE(),103) AS date_time;
26/05/2023 19:27:46	Message:Port Check
26/05/2023 19:27:46	Message:Open DB Connection
26/05/2023 19:27:46	SQL :EXEC GetMessage '01','nanang.andriani';
26/05/2023 19:27:46	SQL :SELECT CONVERT(VARCHAR(8),GETDATE(),108) AS hour_minute;
26/05/2023 19:27:46	SQL :SELECT CONVERT(VARCHAR(10),GETDATE(),103) AS date_time;
26/05/2023 19:37:52	Message:Port Check
26/05/2023 19:37:52	Message:Open DB Connection
26/05/2023 19:37:52	SQL :EXEC GetMessage '01','nanang.andriani';
26/05/2023 19:37:52	SQL :SELECT CONVERT(VARCHAR(8),GETDATE(),108) AS hour_minute;
26/05/2023 19:37:52	SQL :SELECT CONVERT(VARCHAR(10),GETDATE(),103) AS date_time;
26/05/2023 19:47:58	Message:Port Check
26/05/2023 19:47:58	Message:Open DB Connection
26/05/2023 19:47:58	SQL :EXEC GetMessage '01','nanang.andriani';
26/05/2023 19:47:59	SQL :SELECT CONVERT(VARCHAR(8),GETDATE(),108) AS hour_minute;
26/05/2023 19:47:59	SQL :SELECT CONVERT(VARCHAR(10),GETDATE(),103) AS date_time;
26/05/2023 19:58:05	Message:Port Check
26/05/2023 19:58:05	Message:Open DB Connection
26/05/2023 19:58:05	SQL :EXEC GetMessage '01','nanang.andriani';
26/05/2023 19:58:05	SQL :SELECT CONVERT(VARCHAR(8),GETDATE(),108) AS hour_minute;
26/05/2023 19:58:05	SQL :SELECT CONVERT(VARCHAR(10),GETDATE(),103) AS date_time;
26/05/2023 20:08:11	Message:Port Check
26/05/2023 20:08:11	Message:Open DB Connection
26/05/2023 20:08:11	SQL :EXEC GetMessage '01','nanang.andriani';
26/05/2023 20:08:11	SQL :SELECT CONVERT(VARCHAR(8),GETDATE(),108) AS hour_minute;
26/05/2023 20:08:11	SQL :SELECT CONVERT(VARCHAR(10),GETDATE(),103) AS date_time;
26/05/2023 20:18:18	Message:Port Check
26/05/2023 20:18:18	Message:Open DB Connection
26/05/2023 20:18:18	SQL :EXEC GetMessage '01','nanang.andriani';
26/05/2023 20:18:18	SQL :SELECT CONVERT(VARCHAR(8),GETDATE(),108) AS hour_minute;
26/05/2023 20:18:18	SQL :SELECT CONVERT(VARCHAR(10),GETDATE(),103) AS date_time;
26/05/2023 20:28:24	Message:Port Check
26/05/2023 20:28:24	Message:Open DB Connection
26/05/2023 20:28:24	SQL :EXEC GetMessage '01','nanang.andriani';
26/05/2023 20:28:24	SQL :SELECT CONVERT(VARCHAR(8),GETDATE(),108) AS hour_minute;
26/05/2023 20:28:24	SQL :SELECT CONVERT(VARCHAR(10),GETDATE(),103) AS date_time;
26/05/2023 20:38:30	Message:Port Check
26/05/2023 20:38:30	Message:Open DB Connection
26/05/2023 20:38:30	SQL :EXEC GetMessage '01','nanang.andriani';
26/05/2023 20:38:30	SQL :SELECT CONVERT(VARCHAR(8),GETDATE(),108) AS hour_minute;
26/05/2023 20:38:30	SQL :SELECT CONVERT(VARCHAR(10),GETDATE(),103) AS date_time;
26/05/2023 20:48:36	Message:Port Check
26/05/2023 20:48:37	Message:Open DB Connection
26/05/2023 20:48:37	SQL :EXEC GetMessage '01','nanang.andriani';
26/05/2023 20:48:37	SQL :SELECT CONVERT(VARCHAR(8),GETDATE(),108) AS hour_minute;
26/05/2023 20:48:37	SQL :SELECT CONVERT(VARCHAR(10),GETDATE(),103) AS date_time;
26/05/2023 20:58:43	Message:Port Check
26/05/2023 20:58:43	Message:Open DB Connection
26/05/2023 20:58:43	SQL :EXEC GetMessage '01','nanang.andriani';
26/05/2023 20:58:43	SQL :SELECT CONVERT(VARCHAR(8),GETDATE(),108) AS hour_minute;
26/05/2023 20:58:43	SQL :SELECT CONVERT(VARCHAR(10),GETDATE(),103) AS date_time;
26/05/2023 21:08:49	Message:Port Check
26/05/2023 21:08:49	Message:Open DB Connection
26/05/2023 21:08:49	SQL :EXEC GetMessage '01','nanang.andriani';
26/05/2023 21:08:49	SQL :SELECT CONVERT(VARCHAR(8),GETDATE(),108) AS hour_minute;
26/05/2023 21:08:49	SQL :SELECT CONVERT(VARCHAR(10),GETDATE(),103) AS date_time;
26/05/2023 21:18:54	Message:Port Check
26/05/2023 21:18:55	Message:Open DB Connection
26/05/2023 21:18:55	SQL :EXEC GetMessage '01','nanang.andriani';
26/05/2023 21:18:55	SQL :SELECT CONVERT(VARCHAR(8),GETDATE(),108) AS hour_minute;
26/05/2023 21:18:55	SQL :SELECT CONVERT(VARCHAR(10),GETDATE(),103) AS date_time;
26/05/2023 21:29:01	Message:Port Check
26/05/2023 21:29:01	Message:Open DB Connection
26/05/2023 21:29:01	SQL :EXEC GetMessage '01','nanang.andriani';
26/05/2023 21:29:01	SQL :SELECT CONVERT(VARCHAR(8),GETDATE(),108) AS hour_minute;
26/05/2023 21:29:01	SQL :SELECT CONVERT(VARCHAR(10),GETDATE(),103) AS date_time;
26/05/2023 21:39:07	Message:Port Check
26/05/2023 21:39:07	Message:Open DB Connection
26/05/2023 21:39:07	SQL :EXEC GetMessage '01','nanang.andriani';
26/05/2023 21:39:07	SQL :SELECT CONVERT(VARCHAR(8),GETDATE(),108) AS hour_minute;
26/05/2023 21:39:08	SQL :SELECT CONVERT(VARCHAR(10),GETDATE(),103) AS date_time;
26/05/2023 21:49:14	Message:Port Check
26/05/2023 21:49:14	Message:Open DB Connection
26/05/2023 21:49:14	SQL :EXEC GetMessage '01','nanang.andriani';
26/05/2023 21:49:14	SQL :SELECT CONVERT(VARCHAR(8),GETDATE(),108) AS hour_minute;
26/05/2023 21:49:14	SQL :SELECT CONVERT(VARCHAR(10),GETDATE(),103) AS date_time;
26/05/2023 21:59:20	Message:Port Check
26/05/2023 21:59:20	Message:Open DB Connection
26/05/2023 21:59:20	SQL :EXEC GetMessage '01','nanang.andriani';
26/05/2023 21:59:20	SQL :SELECT CONVERT(VARCHAR(8),GETDATE(),108) AS hour_minute;
26/05/2023 21:59:20	SQL :SELECT CONVERT(VARCHAR(10),GETDATE(),103) AS date_time;
26/05/2023 22:09:26	Message:Port Check
26/05/2023 22:09:26	Message:Open DB Connection
26/05/2023 22:09:26	SQL :EXEC GetMessage '01','nanang.andriani';
26/05/2023 22:09:26	SQL :SELECT CONVERT(VARCHAR(8),GETDATE(),108) AS hour_minute;
26/05/2023 22:09:26	SQL :SELECT CONVERT(VARCHAR(10),GETDATE(),103) AS date_time;
26/05/2023 22:19:32	Message:Port Check
26/05/2023 22:19:33	Message:Open DB Connection
26/05/2023 22:19:33	SQL :EXEC GetMessage '01','nanang.andriani';
26/05/2023 22:19:33	SQL :SELECT CONVERT(VARCHAR(8),GETDATE(),108) AS hour_minute;
26/05/2023 22:19:33	SQL :SELECT CONVERT(VARCHAR(10),GETDATE(),103) AS date_time;
26/05/2023 22:29:39	Message:Port Check
26/05/2023 22:29:39	Message:Open DB Connection
26/05/2023 22:29:39	SQL :EXEC GetMessage '01','nanang.andriani';
26/05/2023 22:29:39	SQL :SELECT CONVERT(VARCHAR(8),GETDATE(),108) AS hour_minute;
26/05/2023 22:29:39	SQL :SELECT CONVERT(VARCHAR(10),GETDATE(),103) AS date_time;
26/05/2023 22:39:45	Message:Port Check
26/05/2023 22:39:45	Message:Open DB Connection
26/05/2023 22:39:45	SQL :EXEC GetMessage '01','nanang.andriani';
26/05/2023 22:39:45	SQL :SELECT CONVERT(VARCHAR(8),GETDATE(),108) AS hour_minute;
26/05/2023 22:39:45	SQL :SELECT CONVERT(VARCHAR(10),GETDATE(),103) AS date_time;
26/05/2023 22:49:52	Message:Port Check
26/05/2023 22:49:52	Message:Open DB Connection
26/05/2023 22:49:52	SQL :EXEC GetMessage '01','nanang.andriani';
26/05/2023 22:49:52	SQL :SELECT CONVERT(VARCHAR(8),GETDATE(),108) AS hour_minute;
26/05/2023 22:49:52	SQL :SELECT CONVERT(VARCHAR(10),GETDATE(),103) AS date_time;
26/05/2023 22:59:58	Message:Port Check
26/05/2023 22:59:58	Message:Open DB Connection
26/05/2023 22:59:58	SQL :EXEC GetMessage '01','nanang.andriani';
26/05/2023 22:59:58	SQL :SELECT CONVERT(VARCHAR(8),GETDATE(),108) AS hour_minute;
26/05/2023 22:59:58	SQL :SELECT CONVERT(VARCHAR(10),GETDATE(),103) AS date_time;
26/05/2023 23:10:04	Message:Port Check
26/05/2023 23:10:05	Message:Open DB Connection
26/05/2023 23:10:05	SQL :EXEC GetMessage '01','nanang.andriani';
26/05/2023 23:10:05	SQL :SELECT CONVERT(VARCHAR(8),GETDATE(),108) AS hour_minute;
26/05/2023 23:10:05	SQL :SELECT CONVERT(VARCHAR(10),GETDATE(),103) AS date_time;
26/05/2023 23:20:11	Message:Port Check
26/05/2023 23:20:11	Message:Open DB Connection
26/05/2023 23:20:11	SQL :EXEC GetMessage '01','nanang.andriani';
26/05/2023 23:20:11	SQL :SELECT CONVERT(VARCHAR(8),GETDATE(),108) AS hour_minute;
26/05/2023 23:20:11	SQL :SELECT CONVERT(VARCHAR(10),GETDATE(),103) AS date_time;
26/05/2023 23:30:18	Message:Port Check
26/05/2023 23:30:18	Message:Open DB Connection
26/05/2023 23:30:18	SQL :EXEC GetMessage '01','nanang.andriani';
26/05/2023 23:30:18	SQL :SELECT CONVERT(VARCHAR(8),GETDATE(),108) AS hour_minute;
26/05/2023 23:30:18	SQL :SELECT CONVERT(VARCHAR(10),GETDATE(),103) AS date_time;
26/05/2023 23:40:24	Message:Port Check
26/05/2023 23:40:24	Message:Open DB Connection
26/05/2023 23:40:24	SQL :EXEC GetMessage '01','nanang.andriani';
26/05/2023 23:40:24	SQL :SELECT CONVERT(VARCHAR(8),GETDATE(),108) AS hour_minute;
26/05/2023 23:40:24	SQL :SELECT CONVERT(VARCHAR(10),GETDATE(),103) AS date_time;
26/05/2023 23:50:30	Message:Port Check
26/05/2023 23:50:30	Message:Open DB Connection
26/05/2023 23:50:30	SQL :EXEC GetMessage '01','nanang.andriani';
26/05/2023 23:50:30	SQL :SELECT CONVERT(VARCHAR(8),GETDATE(),108) AS hour_minute;
26/05/2023 23:50:30	SQL :SELECT CONVERT(VARCHAR(10),GETDATE(),103) AS date_time;
27/05/2023 00:00:36	Message:Port Check
27/05/2023 00:00:36	Message:Open DB Connection
27/05/2023 00:00:36	SQL :EXEC GetMessage '01','nanang.andriani';
27/05/2023 00:00:36	SQL :SELECT CONVERT(VARCHAR(8),GETDATE(),108) AS hour_minute;
27/05/2023 00:00:36	SQL :SELECT CONVERT(VARCHAR(10),GETDATE(),103) AS date_time;
27/05/2023 00:10:43	Message:Port Check
27/05/2023 00:10:43	Message:Open DB Connection
27/05/2023 00:10:43	SQL :EXEC GetMessage '01','nanang.andriani';
27/05/2023 00:10:43	SQL :SELECT CONVERT(VARCHAR(8),GETDATE(),108) AS hour_minute;
27/05/2023 00:10:43	SQL :SELECT CONVERT(VARCHAR(10),GETDATE(),103) AS date_time;
27/05/2023 00:20:49	Message:Port Check
27/05/2023 00:20:49	Message:Open DB Connection
27/05/2023 00:20:49	SQL :EXEC GetMessage '01','nanang.andriani';
27/05/2023 00:20:49	SQL :SELECT CONVERT(VARCHAR(8),GETDATE(),108) AS hour_minute;
27/05/2023 00:20:49	SQL :SELECT CONVERT(VARCHAR(10),GETDATE(),103) AS date_time;
27/05/2023 00:30:55	Message:Port Check
27/05/2023 00:30:55	Message:Open DB Connection
27/05/2023 00:30:55	SQL :EXEC GetMessage '01','nanang.andriani';
27/05/2023 00:30:55	SQL :SELECT CONVERT(VARCHAR(8),GETDATE(),108) AS hour_minute;
27/05/2023 00:30:55	SQL :SELECT CONVERT(VARCHAR(10),GETDATE(),103) AS date_time;
27/05/2023 00:41:02	Message:Port Check
27/05/2023 00:41:02	Message:Open DB Connection
27/05/2023 00:41:02	SQL :EXEC GetMessage '01','nanang.andriani';
27/05/2023 00:41:02	SQL :SELECT CONVERT(VARCHAR(8),GETDATE(),108) AS hour_minute;
27/05/2023 00:41:02	SQL :SELECT CONVERT(VARCHAR(10),GETDATE(),103) AS date_time;
27/05/2023 00:51:08	Message:Port Check
27/05/2023 00:51:08	Message:Open DB Connection
27/05/2023 00:51:08	SQL :EXEC GetMessage '01','nanang.andriani';
27/05/2023 00:51:08	SQL :SELECT CONVERT(VARCHAR(8),GETDATE(),108) AS hour_minute;
27/05/2023 00:51:08	SQL :SELECT CONVERT(VARCHAR(10),GETDATE(),103) AS date_time;
27/05/2023 01:01:15	Message:Port Check
27/05/2023 01:01:15	Message:Open DB Connection
27/05/2023 01:01:15	SQL :EXEC GetMessage '01','nanang.andriani';
27/05/2023 01:01:15	SQL :SELECT CONVERT(VARCHAR(8),GETDATE(),108) AS hour_minute;
27/05/2023 01:01:15	SQL :SELECT CONVERT(VARCHAR(10),GETDATE(),103) AS date_time;
27/05/2023 01:11:21	Message:Port Check
27/05/2023 01:11:21	Message:Open DB Connection
27/05/2023 01:11:21	SQL :EXEC GetMessage '01','nanang.andriani';
27/05/2023 01:11:21	SQL :SELECT CONVERT(VARCHAR(8),GETDATE(),108) AS hour_minute;
27/05/2023 01:11:21	SQL :SELECT CONVERT(VARCHAR(10),GETDATE(),103) AS date_time;
27/05/2023 01:21:27	Message:Port Check
27/05/2023 01:21:27	Message:Open DB Connection
27/05/2023 01:21:27	SQL :EXEC GetMessage '01','nanang.andriani';
27/05/2023 01:21:27	SQL :SELECT CONVERT(VARCHAR(8),GETDATE(),108) AS hour_minute;
27/05/2023 01:21:27	SQL :SELECT CONVERT(VARCHAR(10),GETDATE(),103) AS date_time;
27/05/2023 01:31:34	Message:Port Check
27/05/2023 01:31:34	Message:Open DB Connection
27/05/2023 01:31:34	SQL :EXEC GetMessage '01','nanang.andriani';
27/05/2023 01:31:34	SQL :SELECT CONVERT(VARCHAR(8),GETDATE(),108) AS hour_minute;
27/05/2023 01:31:34	SQL :SELECT CONVERT(VARCHAR(10),GETDATE(),103) AS date_time;
27/05/2023 01:41:40	Message:Port Check
27/05/2023 01:41:40	Message:Open DB Connection
27/05/2023 01:41:40	SQL :EXEC GetMessage '01','nanang.andriani';
27/05/2023 01:41:40	SQL :SELECT CONVERT(VARCHAR(8),GETDATE(),108) AS hour_minute;
27/05/2023 01:41:40	SQL :SELECT CONVERT(VARCHAR(10),GETDATE(),103) AS date_time;
27/05/2023 01:51:46	Message:Port Check
27/05/2023 01:51:47	Message:Open DB Connection
27/05/2023 01:51:47	SQL :EXEC GetMessage '01','nanang.andriani';
27/05/2023 01:51:47	SQL :SELECT CONVERT(VARCHAR(8),GETDATE(),108) AS hour_minute;
27/05/2023 01:51:47	SQL :SELECT CONVERT(VARCHAR(10),GETDATE(),103) AS date_time;
27/05/2023 02:01:52	Message:Port Check
27/05/2023 02:01:53	Message:Open DB Connection
27/05/2023 02:01:53	SQL :EXEC GetMessage '01','nanang.andriani';
27/05/2023 02:01:53	SQL :SELECT CONVERT(VARCHAR(8),GETDATE(),108) AS hour_minute;
27/05/2023 02:01:53	SQL :SELECT CONVERT(VARCHAR(10),GETDATE(),103) AS date_time;
27/05/2023 02:11:59	Message:Port Check
27/05/2023 02:11:59	Message:Open DB Connection
27/05/2023 02:11:59	SQL :EXEC GetMessage '01','nanang.andriani';
27/05/2023 02:11:59	SQL :SELECT CONVERT(VARCHAR(8),GETDATE(),108) AS hour_minute;
27/05/2023 02:11:59	SQL :SELECT CONVERT(VARCHAR(10),GETDATE(),103) AS date_time;
27/05/2023 02:22:05	Message:Port Check
27/05/2023 02:22:05	Message:Open DB Connection
27/05/2023 02:22:05	SQL :EXEC GetMessage '01','nanang.andriani';
27/05/2023 02:22:05	SQL :SELECT CONVERT(VARCHAR(8),GETDATE(),108) AS hour_minute;
27/05/2023 02:22:05	SQL :SELECT CONVERT(VARCHAR(10),GETDATE(),103) AS date_time;
27/05/2023 02:32:11	Message:Port Check
27/05/2023 02:32:12	Message:Open DB Connection
27/05/2023 02:32:12	SQL :EXEC GetMessage '01','nanang.andriani';
27/05/2023 02:32:12	SQL :SELECT CONVERT(VARCHAR(8),GETDATE(),108) AS hour_minute;
27/05/2023 02:32:12	SQL :SELECT CONVERT(VARCHAR(10),GETDATE(),103) AS date_time;
27/05/2023 02:42:18	Message:Port Check
27/05/2023 02:42:18	Message:Open DB Connection
27/05/2023 02:42:18	SQL :EXEC GetMessage '01','nanang.andriani';
27/05/2023 02:42:18	SQL :SELECT CONVERT(VARCHAR(8),GETDATE(),108) AS hour_minute;
27/05/2023 02:42:18	SQL :SELECT CONVERT(VARCHAR(10),GETDATE(),103) AS date_time;
27/05/2023 02:52:25	Message:Port Check
27/05/2023 02:52:25	Message:Open DB Connection
27/05/2023 02:52:25	SQL :EXEC GetMessage '01','nanang.andriani';
27/05/2023 02:52:25	SQL :SELECT CONVERT(VARCHAR(8),GETDATE(),108) AS hour_minute;
27/05/2023 02:52:25	SQL :SELECT CONVERT(VARCHAR(10),GETDATE(),103) AS date_time;
27/05/2023 03:02:31	Message:Port Check
27/05/2023 03:02:31	Message:Open DB Connection
27/05/2023 03:02:31	SQL :EXEC GetMessage '01','nanang.andriani';
27/05/2023 03:02:31	SQL :SELECT CONVERT(VARCHAR(8),GETDATE(),108) AS hour_minute;
27/05/2023 03:02:31	SQL :SELECT CONVERT(VARCHAR(10),GETDATE(),103) AS date_time;
27/05/2023 03:12:38	Message:Port Check
27/05/2023 03:12:38	Message:Open DB Connection
27/05/2023 03:12:38	SQL :EXEC GetMessage '01','nanang.andriani';
27/05/2023 03:12:38	SQL :SELECT CONVERT(VARCHAR(8),GETDATE(),108) AS hour_minute;
27/05/2023 03:12:38	SQL :SELECT CONVERT(VARCHAR(10),GETDATE(),103) AS date_time;
27/05/2023 03:22:44	Message:Port Check
27/05/2023 03:22:44	Message:Open DB Connection
27/05/2023 03:22:44	SQL :EXEC GetMessage '01','nanang.andriani';
27/05/2023 03:22:44	SQL :SELECT CONVERT(VARCHAR(8),GETDATE(),108) AS hour_minute;
27/05/2023 03:22:44	SQL :SELECT CONVERT(VARCHAR(10),GETDATE(),103) AS date_time;
27/05/2023 03:32:50	Message:Port Check
27/05/2023 03:32:50	Message:Open DB Connection
27/05/2023 03:32:50	SQL :EXEC GetMessage '01','nanang.andriani';
27/05/2023 03:32:50	SQL :SELECT CONVERT(VARCHAR(8),GETDATE(),108) AS hour_minute;
27/05/2023 03:32:50	SQL :SELECT CONVERT(VARCHAR(10),GETDATE(),103) AS date_time;
27/05/2023 03:42:57	Message:Port Check
27/05/2023 03:42:57	Message:Open DB Connection
27/05/2023 03:42:57	SQL :EXEC GetMessage '01','nanang.andriani';
27/05/2023 03:42:57	SQL :SELECT CONVERT(VARCHAR(8),GETDATE(),108) AS hour_minute;
27/05/2023 03:42:57	SQL :SELECT CONVERT(VARCHAR(10),GETDATE(),103) AS date_time;
27/05/2023 03:53:03	Message:Port Check
27/05/2023 03:53:03	Message:Open DB Connection
27/05/2023 03:53:03	SQL :EXEC GetMessage '01','nanang.andriani';
27/05/2023 03:53:03	SQL :SELECT CONVERT(VARCHAR(8),GETDATE(),108) AS hour_minute;
27/05/2023 03:53:03	SQL :SELECT CONVERT(VARCHAR(10),GETDATE(),103) AS date_time;
27/05/2023 04:03:10	Message:Port Check
27/05/2023 04:03:10	Message:Open DB Connection
27/05/2023 04:03:10	SQL :EXEC GetMessage '01','nanang.andriani';
27/05/2023 04:03:10	SQL :SELECT CONVERT(VARCHAR(8),GETDATE(),108) AS hour_minute;
27/05/2023 04:03:10	SQL :SELECT CONVERT(VARCHAR(10),GETDATE(),103) AS date_time;
27/05/2023 04:13:16	Message:Port Check
27/05/2023 04:13:16	Message:Open DB Connection
27/05/2023 04:13:16	SQL :EXEC GetMessage '01','nanang.andriani';
27/05/2023 04:13:16	SQL :SELECT CONVERT(VARCHAR(8),GETDATE(),108) AS hour_minute;
27/05/2023 04:13:16	SQL :SELECT CONVERT(VARCHAR(10),GETDATE(),103) AS date_time;
27/05/2023 04:23:22	Message:Port Check
27/05/2023 04:23:23	Message:Open DB Connection
27/05/2023 04:23:23	SQL :EXEC GetMessage '01','nanang.andriani';
27/05/2023 04:23:23	SQL :SELECT CONVERT(VARCHAR(8),GETDATE(),108) AS hour_minute;
27/05/2023 04:23:23	SQL :SELECT CONVERT(VARCHAR(10),GETDATE(),103) AS date_time;
27/05/2023 04:33:29	Message:Port Check
27/05/2023 04:33:29	Message:Open DB Connection
27/05/2023 04:33:29	SQL :EXEC GetMessage '01','nanang.andriani';
27/05/2023 04:33:29	SQL :SELECT CONVERT(VARCHAR(8),GETDATE(),108) AS hour_minute;
27/05/2023 04:33:29	SQL :SELECT CONVERT(VARCHAR(10),GETDATE(),103) AS date_time;
27/05/2023 04:43:35	Message:Port Check
27/05/2023 04:43:35	Message:Open DB Connection
27/05/2023 04:43:35	SQL :EXEC GetMessage '01','nanang.andriani';
27/05/2023 04:43:36	SQL :SELECT CONVERT(VARCHAR(8),GETDATE(),108) AS hour_minute;
27/05/2023 04:43:36	SQL :SELECT CONVERT(VARCHAR(10),GETDATE(),103) AS date_time;
27/05/2023 04:53:42	Message:Port Check
27/05/2023 04:53:42	Message:Open DB Connection
27/05/2023 04:53:42	SQL :EXEC GetMessage '01','nanang.andriani';
27/05/2023 04:53:42	SQL :SELECT CONVERT(VARCHAR(8),GETDATE(),108) AS hour_minute;
27/05/2023 04:53:42	SQL :SELECT CONVERT(VARCHAR(10),GETDATE(),103) AS date_time;
27/05/2023 05:03:48	Message:Port Check
27/05/2023 05:03:48	Message:Open DB Connection
27/05/2023 05:03:48	SQL :EXEC GetMessage '01','nanang.andriani';
27/05/2023 05:03:48	SQL :SELECT CONVERT(VARCHAR(8),GETDATE(),108) AS hour_minute;
27/05/2023 05:03:48	SQL :SELECT CONVERT(VARCHAR(10),GETDATE(),103) AS date_time;
27/05/2023 05:13:54	Message:Port Check
27/05/2023 05:13:54	Message:Open DB Connection
27/05/2023 05:13:54	SQL :EXEC GetMessage '01','nanang.andriani';
27/05/2023 05:13:55	SQL :SELECT CONVERT(VARCHAR(8),GETDATE(),108) AS hour_minute;
27/05/2023 05:13:55	SQL :SELECT CONVERT(VARCHAR(10),GETDATE(),103) AS date_time;
27/05/2023 05:24:01	Message:Port Check
27/05/2023 05:24:01	Message:Open DB Connection
27/05/2023 05:24:01	SQL :EXEC GetMessage '01','nanang.andriani';
27/05/2023 05:24:01	SQL :SELECT CONVERT(VARCHAR(8),GETDATE(),108) AS hour_minute;
27/05/2023 05:24:01	SQL :SELECT CONVERT(VARCHAR(10),GETDATE(),103) AS date_time;
27/05/2023 05:34:07	Message:Port Check
27/05/2023 05:34:07	Message:Open DB Connection
27/05/2023 05:34:07	SQL :EXEC GetMessage '01','nanang.andriani';
27/05/2023 05:34:07	SQL :SELECT CONVERT(VARCHAR(8),GETDATE(),108) AS hour_minute;
27/05/2023 05:34:07	SQL :SELECT CONVERT(VARCHAR(10),GETDATE(),103) AS date_time;
27/05/2023 05:44:13	Message:Port Check
27/05/2023 05:44:13	Message:Open DB Connection
27/05/2023 05:44:13	SQL :EXEC GetMessage '01','nanang.andriani';
27/05/2023 05:44:14	SQL :SELECT CONVERT(VARCHAR(8),GETDATE(),108) AS hour_minute;
27/05/2023 05:44:14	SQL :SELECT CONVERT(VARCHAR(10),GETDATE(),103) AS date_time;
27/05/2023 05:54:20	Message:Port Check
27/05/2023 05:54:20	Message:Open DB Connection
27/05/2023 05:54:20	SQL :EXEC GetMessage '01','nanang.andriani';
27/05/2023 05:54:20	SQL :SELECT CONVERT(VARCHAR(8),GETDATE(),108) AS hour_minute;
27/05/2023 05:54:20	SQL :SELECT CONVERT(VARCHAR(10),GETDATE(),103) AS date_time;
27/05/2023 06:04:26	Message:Port Check
27/05/2023 06:04:26	Message:Open DB Connection
27/05/2023 06:04:26	SQL :EXEC GetMessage '01','nanang.andriani';
27/05/2023 06:04:26	SQL :SELECT CONVERT(VARCHAR(8),GETDATE(),108) AS hour_minute;
27/05/2023 06:04:26	SQL :SELECT CONVERT(VARCHAR(10),GETDATE(),103) AS date_time;
27/05/2023 06:14:33	Message:Port Check
27/05/2023 06:14:33	Message:Open DB Connection
27/05/2023 06:14:33	SQL :EXEC GetMessage '01','nanang.andriani';
27/05/2023 06:14:33	SQL :SELECT CONVERT(VARCHAR(8),GETDATE(),108) AS hour_minute;
27/05/2023 06:14:33	SQL :SELECT CONVERT(VARCHAR(10),GETDATE(),103) AS date_time;
27/05/2023 06:24:39	Message:Port Check
27/05/2023 06:24:39	Message:Open DB Connection
27/05/2023 06:24:39	SQL :EXEC GetMessage '01','nanang.andriani';
27/05/2023 06:24:39	SQL :SELECT CONVERT(VARCHAR(8),GETDATE(),108) AS hour_minute;
27/05/2023 06:24:39	SQL :SELECT CONVERT(VARCHAR(10),GETDATE(),103) AS date_time;
27/05/2023 06:34:45	Message:Port Check
27/05/2023 06:34:45	Message:Open DB Connection
27/05/2023 06:34:45	SQL :EXEC GetMessage '01','nanang.andriani';
27/05/2023 06:34:45	SQL :SELECT CONVERT(VARCHAR(8),GETDATE(),108) AS hour_minute;
27/05/2023 06:34:45	SQL :SELECT CONVERT(VARCHAR(10),GETDATE(),103) AS date_time;
27/05/2023 06:44:52	Message:Port Check
27/05/2023 06:44:52	Message:Open DB Connection
27/05/2023 06:44:52	SQL :EXEC GetMessage '01','nanang.andriani';
27/05/2023 06:44:52	SQL :SELECT CONVERT(VARCHAR(8),GETDATE(),108) AS hour_minute;
27/05/2023 06:44:52	SQL :SELECT CONVERT(VARCHAR(10),GETDATE(),103) AS date_time;
27/05/2023 06:54:58	Message:Port Check
27/05/2023 06:54:58	Message:Open DB Connection
27/05/2023 06:54:58	SQL :EXEC GetMessage '01','nanang.andriani';
27/05/2023 06:54:58	SQL :SELECT CONVERT(VARCHAR(8),GETDATE(),108) AS hour_minute;
27/05/2023 06:54:58	SQL :SELECT CONVERT(VARCHAR(10),GETDATE(),103) AS date_time;
27/05/2023 07:05:04	Message:Port Check
27/05/2023 07:05:05	Message:Open DB Connection
27/05/2023 07:05:05	SQL :EXEC GetMessage '01','nanang.andriani';
27/05/2023 07:05:05	SQL :SELECT CONVERT(VARCHAR(8),GETDATE(),108) AS hour_minute;
27/05/2023 07:05:05	SQL :SELECT CONVERT(VARCHAR(10),GETDATE(),103) AS date_time;
27/05/2023 07:15:11	Message:Port Check
27/05/2023 07:15:11	Message:Open DB Connection
27/05/2023 07:15:11	SQL :EXEC GetMessage '01','nanang.andriani';
27/05/2023 07:15:11	SQL :SELECT CONVERT(VARCHAR(8),GETDATE(),108) AS hour_minute;
27/05/2023 07:15:11	SQL :SELECT CONVERT(VARCHAR(10),GETDATE(),103) AS date_time;
27/05/2023 07:25:17	Message:Port Check
27/05/2023 07:25:17	Message:Open DB Connection
27/05/2023 07:25:17	SQL :EXEC GetMessage '01','nanang.andriani';
27/05/2023 07:25:17	SQL :SELECT CONVERT(VARCHAR(8),GETDATE(),108) AS hour_minute;
27/05/2023 07:25:17	SQL :SELECT CONVERT(VARCHAR(10),GETDATE(),103) AS date_time;
27/05/2023 07:35:24	Message:Port Check
27/05/2023 07:35:24	Message:Open DB Connection
27/05/2023 07:35:24	SQL :EXEC GetMessage '01','nanang.andriani';
27/05/2023 07:35:24	SQL :SELECT CONVERT(VARCHAR(8),GETDATE(),108) AS hour_minute;
27/05/2023 07:35:24	SQL :SELECT CONVERT(VARCHAR(10),GETDATE(),103) AS date_time;
27/05/2023 07:45:32	Message:Port Check
27/05/2023 07:45:32	Message:Open DB Connection
27/05/2023 07:45:32	SQL :EXEC GetMessage '01','nanang.andriani';
27/05/2023 07:45:32	SQL :SELECT CONVERT(VARCHAR(8),GETDATE(),108) AS hour_minute;
27/05/2023 07:45:32	SQL :SELECT CONVERT(VARCHAR(10),GETDATE(),103) AS date_time;
27/05/2023 07:55:40	Message:Port Check
27/05/2023 07:55:40	Message:Open DB Connection
27/05/2023 07:55:40	SQL :EXEC GetMessage '01','nanang.andriani';
27/05/2023 07:55:40	SQL :SELECT CONVERT(VARCHAR(8),GETDATE(),108) AS hour_minute;
27/05/2023 07:55:40	SQL :SELECT CONVERT(VARCHAR(10),GETDATE(),103) AS date_time;
27/05/2023 08:05:47	Message:Port Check
27/05/2023 08:05:47	Message:Open DB Connection
27/05/2023 08:05:47	SQL :EXEC GetMessage '01','nanang.andriani';
27/05/2023 08:05:47	SQL :SELECT CONVERT(VARCHAR(8),GETDATE(),108) AS hour_minute;
27/05/2023 08:05:47	SQL :SELECT CONVERT(VARCHAR(10),GETDATE(),103) AS date_time;
27/05/2023 08:15:53	Message:Port Check
27/05/2023 08:15:53	Message:Open DB Connection
27/05/2023 08:15:53	SQL :EXEC GetMessage '01','nanang.andriani';
27/05/2023 08:15:54	SQL :SELECT CONVERT(VARCHAR(8),GETDATE(),108) AS hour_minute;
27/05/2023 08:15:54	SQL :SELECT CONVERT(VARCHAR(10),GETDATE(),103) AS date_time;
27/05/2023 08:26:00	Message:Port Check
27/05/2023 08:26:00	Message:Open DB Connection
27/05/2023 08:26:00	SQL :EXEC GetMessage '01','nanang.andriani';
27/05/2023 08:26:00	SQL :SELECT CONVERT(VARCHAR(8),GETDATE(),108) AS hour_minute;
27/05/2023 08:26:00	SQL :SELECT CONVERT(VARCHAR(10),GETDATE(),103) AS date_time;
27/05/2023 08:36:06	Message:Port Check
27/05/2023 08:36:06	Message:Open DB Connection
27/05/2023 08:36:06	SQL :EXEC GetMessage '01','nanang.andriani';
27/05/2023 08:36:06	SQL :SELECT CONVERT(VARCHAR(8),GETDATE(),108) AS hour_minute;
27/05/2023 08:36:06	SQL :SELECT CONVERT(VARCHAR(10),GETDATE(),103) AS date_time;
27/05/2023 08:46:12	Message:Port Check
27/05/2023 08:46:12	Message:Open DB Connection
27/05/2023 08:46:12	SQL :EXEC GetMessage '01','nanang.andriani';
27/05/2023 08:46:13	SQL :SELECT CONVERT(VARCHAR(8),GETDATE(),108) AS hour_minute;
27/05/2023 08:46:13	SQL :SELECT CONVERT(VARCHAR(10),GETDATE(),103) AS date_time;
27/05/2023 08:56:19	Message:Port Check
27/05/2023 08:56:19	Message:Open DB Connection
27/05/2023 08:56:19	SQL :EXEC GetMessage '01','nanang.andriani';
27/05/2023 08:56:19	SQL :SELECT CONVERT(VARCHAR(8),GETDATE(),108) AS hour_minute;
27/05/2023 08:56:19	SQL :SELECT CONVERT(VARCHAR(10),GETDATE(),103) AS date_time;
27/05/2023 09:06:25	Message:Port Check
27/05/2023 09:06:25	Message:Open DB Connection
27/05/2023 09:06:25	SQL :EXEC GetMessage '01','nanang.andriani';
27/05/2023 09:06:25	SQL :SELECT CONVERT(VARCHAR(8),GETDATE(),108) AS hour_minute;
27/05/2023 09:06:25	SQL :SELECT CONVERT(VARCHAR(10),GETDATE(),103) AS date_time;
27/05/2023 09:16:30	Message:Port Check
27/05/2023 09:16:31	Message:Open DB Connection
27/05/2023 09:16:31	SQL :EXEC GetMessage '01','nanang.andriani';
27/05/2023 09:16:31	SQL :SELECT CONVERT(VARCHAR(8),GETDATE(),108) AS hour_minute;
27/05/2023 09:16:31	SQL :SELECT CONVERT(VARCHAR(10),GETDATE(),103) AS date_time;
27/05/2023 09:26:36	Message:Port Check
27/05/2023 09:26:37	Message:Open DB Connection
27/05/2023 09:26:37	SQL :EXEC GetMessage '01','nanang.andriani';
27/05/2023 09:26:37	SQL :SELECT CONVERT(VARCHAR(8),GETDATE(),108) AS hour_minute;
27/05/2023 09:26:37	SQL :SELECT CONVERT(VARCHAR(10),GETDATE(),103) AS date_time;
27/05/2023 09:36:43	Message:Port Check
27/05/2023 09:36:43	Message:Open DB Connection
27/05/2023 09:36:43	SQL :EXEC GetMessage '01','nanang.andriani';
27/05/2023 09:36:43	SQL :SELECT CONVERT(VARCHAR(8),GETDATE(),108) AS hour_minute;
27/05/2023 09:36:43	SQL :SELECT CONVERT(VARCHAR(10),GETDATE(),103) AS date_time;
27/05/2023 09:46:49	Message:Port Check
27/05/2023 09:46:49	Message:Open DB Connection
27/05/2023 09:46:49	SQL :EXEC GetMessage '01','nanang.andriani';
27/05/2023 09:46:49	SQL :SELECT CONVERT(VARCHAR(8),GETDATE(),108) AS hour_minute;
27/05/2023 09:46:49	SQL :SELECT CONVERT(VARCHAR(10),GETDATE(),103) AS date_time;
27/05/2023 09:56:55	Message:Port Check
27/05/2023 09:56:55	Message:Open DB Connection
27/05/2023 09:56:55	SQL :EXEC GetMessage '01','nanang.andriani';
27/05/2023 09:56:55	SQL :SELECT CONVERT(VARCHAR(8),GETDATE(),108) AS hour_minute;
27/05/2023 09:56:55	SQL :SELECT CONVERT(VARCHAR(10),GETDATE(),103) AS date_time;
27/05/2023 10:07:01	Message:Port Check
27/05/2023 10:07:01	Message:Open DB Connection
27/05/2023 10:07:01	SQL :EXEC GetMessage '01','nanang.andriani';
27/05/2023 10:07:01	SQL :SELECT CONVERT(VARCHAR(8),GETDATE(),108) AS hour_minute;
27/05/2023 10:07:01	SQL :SELECT CONVERT(VARCHAR(10),GETDATE(),103) AS date_time;
27/05/2023 10:17:07	Message:Port Check
27/05/2023 10:17:07	Message:Open DB Connection
27/05/2023 10:17:07	SQL :EXEC GetMessage '01','nanang.andriani';
27/05/2023 10:17:08	SQL :SELECT CONVERT(VARCHAR(8),GETDATE(),108) AS hour_minute;
27/05/2023 10:17:08	SQL :SELECT CONVERT(VARCHAR(10),GETDATE(),103) AS date_time;
27/05/2023 10:27:14	Message:Port Check
27/05/2023 10:27:14	Message:Open DB Connection
27/05/2023 10:27:14	SQL :EXEC GetMessage '01','nanang.andriani';
27/05/2023 10:27:14	SQL :SELECT CONVERT(VARCHAR(8),GETDATE(),108) AS hour_minute;
27/05/2023 10:27:14	SQL :SELECT CONVERT(VARCHAR(10),GETDATE(),103) AS date_time;
27/05/2023 10:37:20	Message:Port Check
27/05/2023 10:37:20	Message:Open DB Connection
27/05/2023 10:37:20	SQL :EXEC GetMessage '01','nanang.andriani';
27/05/2023 10:37:20	SQL :SELECT CONVERT(VARCHAR(8),GETDATE(),108) AS hour_minute;
27/05/2023 10:37:20	SQL :SELECT CONVERT(VARCHAR(10),GETDATE(),103) AS date_time;
27/05/2023 10:47:26	Message:Port Check
27/05/2023 10:47:26	Message:Open DB Connection
27/05/2023 10:47:26	SQL :EXEC GetMessage '01','nanang.andriani';
27/05/2023 10:47:26	SQL :SELECT CONVERT(VARCHAR(8),GETDATE(),108) AS hour_minute;
27/05/2023 10:47:26	SQL :SELECT CONVERT(VARCHAR(10),GETDATE(),103) AS date_time;
27/05/2023 10:57:32	Message:Port Check
27/05/2023 10:57:32	Message:Open DB Connection
27/05/2023 10:57:32	SQL :EXEC GetMessage '01','nanang.andriani';
27/05/2023 10:57:33	SQL :SELECT CONVERT(VARCHAR(8),GETDATE(),108) AS hour_minute;
27/05/2023 10:57:33	SQL :SELECT CONVERT(VARCHAR(10),GETDATE(),103) AS date_time;
27/05/2023 11:07:39	Message:Port Check
27/05/2023 11:07:39	Message:Open DB Connection
27/05/2023 11:07:39	SQL :EXEC GetMessage '01','nanang.andriani';
27/05/2023 11:07:39	SQL :SELECT CONVERT(VARCHAR(8),GETDATE(),108) AS hour_minute;
27/05/2023 11:07:39	SQL :SELECT CONVERT(VARCHAR(10),GETDATE(),103) AS date_time;
27/05/2023 11:17:45	Message:Port Check
27/05/2023 11:17:45	Message:Open DB Connection
27/05/2023 11:17:45	SQL :EXEC GetMessage '01','nanang.andriani';
27/05/2023 11:17:45	SQL :SELECT CONVERT(VARCHAR(8),GETDATE(),108) AS hour_minute;
27/05/2023 11:17:45	SQL :SELECT CONVERT(VARCHAR(10),GETDATE(),103) AS date_time;
27/05/2023 11:27:51	Message:Port Check
27/05/2023 11:27:51	Message:Open DB Connection
27/05/2023 11:27:51	SQL :EXEC GetMessage '01','nanang.andriani';
27/05/2023 11:27:51	SQL :SELECT CONVERT(VARCHAR(8),GETDATE(),108) AS hour_minute;
27/05/2023 11:27:51	SQL :SELECT CONVERT(VARCHAR(10),GETDATE(),103) AS date_time;
27/05/2023 11:37:57	Message:Port Check
27/05/2023 11:37:57	Message:Open DB Connection
27/05/2023 11:37:57	SQL :EXEC GetMessage '01','nanang.andriani';
27/05/2023 11:37:57	SQL :SELECT CONVERT(VARCHAR(8),GETDATE(),108) AS hour_minute;
27/05/2023 11:37:57	SQL :SELECT CONVERT(VARCHAR(10),GETDATE(),103) AS date_time;
27/05/2023 11:48:03	Message:Port Check
27/05/2023 11:48:03	Message:Open DB Connection
27/05/2023 11:48:03	SQL :EXEC GetMessage '01','nanang.andriani';
27/05/2023 11:48:04	SQL :SELECT CONVERT(VARCHAR(8),GETDATE(),108) AS hour_minute;
27/05/2023 11:48:04	SQL :SELECT CONVERT(VARCHAR(10),GETDATE(),103) AS date_time;
27/05/2023 11:58:10	Message:Port Check
27/05/2023 11:58:10	Message:Open DB Connection
27/05/2023 11:58:10	SQL :EXEC GetMessage '01','nanang.andriani';
27/05/2023 11:58:10	SQL :SELECT CONVERT(VARCHAR(8),GETDATE(),108) AS hour_minute;
27/05/2023 11:58:10	SQL :SELECT CONVERT(VARCHAR(10),GETDATE(),103) AS date_time;
27/05/2023 12:08:16	Message:Port Check
27/05/2023 12:08:16	Message:Open DB Connection
27/05/2023 12:08:16	SQL :EXEC GetMessage '01','nanang.andriani';
27/05/2023 12:08:16	SQL :SELECT CONVERT(VARCHAR(8),GETDATE(),108) AS hour_minute;
27/05/2023 12:08:16	SQL :SELECT CONVERT(VARCHAR(10),GETDATE(),103) AS date_time;
27/05/2023 12:11:27	Location change from6
27/05/2023 12:11:27	Open DB Connection
27/05/2023 12:11:31	Open DB Connection
27/05/2023 12:11:31	SQL :UPDATE wh_user SET company_location_id=37 WHERE username='nanang.andriani';
27/05/2023 12:11:32	Location change to2-6
27/05/2023 12:11:32	Open DB Connection
27/05/2023 12:11:32	SQL :EXEC GetUserMenu 'nanang.andriani';
27/05/2023 12:11:32	SQL :EXEC GetUserSubMenu 'nanang.andriani','11';
27/05/2023 12:11:32	SQL :EXEC GetUserTreeMenu 'nanang.andriani','1101',@CompanyId=11;
27/05/2023 12:11:32	SQL :EXEC GetUserTreeMenu 'nanang.andriani','1102',@CompanyId=11;
27/05/2023 12:11:32	SQL :EXEC GetUserTreeMenu 'nanang.andriani','1103',@CompanyId=11;
27/05/2023 12:11:32	SQL :EXEC GetUserTreeMenu 'nanang.andriani','1104',@CompanyId=11;
27/05/2023 12:11:32	SQL :EXEC GetUserTreeMenu 'nanang.andriani','1105',@CompanyId=11;
27/05/2023 12:11:32	SQL :EXEC GetUserTreeMenu 'nanang.andriani','1106',@CompanyId=11;
27/05/2023 12:11:32	SQL :EXEC GetUserTreeMenu 'nanang.andriani','1107',@CompanyId=11;
27/05/2023 12:11:32	SQL :EXEC GetUserTreeMenu 'nanang.andriani','1108',@CompanyId=11;
27/05/2023 12:11:32	SQL :EXEC GetUserTreeMenu 'nanang.andriani','1109',@CompanyId=11;
27/05/2023 12:11:32	SQL :EXEC GetUserTreeMenu 'nanang.andriani','1110',@CompanyId=11;
27/05/2023 12:11:32	SQL :EXEC GetUserTreeMenu 'nanang.andriani','1111',@CompanyId=11;
27/05/2023 12:11:32	SQL :EXEC GetUserTreeMenu 'nanang.andriani','1112',@CompanyId=11;
27/05/2023 12:11:32	SQL :EXEC GetUserTreeMenu 'nanang.andriani','1113',@CompanyId=11;
27/05/2023 12:11:32	SQL :EXEC GetUserTreeMenu 'nanang.andriani','1114',@CompanyId=11;
27/05/2023 12:11:32	SQL :EXEC GetUserTreeMenu 'nanang.andriani','1115',@CompanyId=11;
27/05/2023 12:11:32	SQL :EXEC GetUserTreeMenu 'nanang.andriani','1116',@CompanyId=11;
27/05/2023 12:11:32	SQL :EXEC GetUserTreeMenu 'nanang.andriani','1117',@CompanyId=11;
27/05/2023 12:11:32	SQL :EXEC GetUserTreeMenu 'nanang.andriani','1198',@CompanyId=11;
27/05/2023 12:11:32	SQL :EXEC GetUserTreeMenu 'nanang.andriani','1199',@CompanyId=11;
27/05/2023 12:11:32	SQL :EXEC GetUserSubMenu 'nanang.andriani','12';
27/05/2023 12:11:32	SQL :EXEC GetUserTreeMenu 'nanang.andriani','1201',@CompanyId=11;
27/05/2023 12:11:32	SQL :EXEC GetUserTreeMenu 'nanang.andriani','1202',@CompanyId=11;
27/05/2023 12:11:33	SQL :EXEC GetUserTreeMenu 'nanang.andriani','1203',@CompanyId=11;
27/05/2023 12:11:33	SQL :EXEC GetUserTreeMenu 'nanang.andriani','1204',@CompanyId=11;
27/05/2023 12:11:33	SQL :EXEC GetUserTreeMenu 'nanang.andriani','1205',@CompanyId=11;
27/05/2023 12:11:33	SQL :EXEC GetUserTreeMenu 'nanang.andriani','1206',@CompanyId=11;
27/05/2023 12:11:33	SQL :EXEC GetUserTreeMenu 'nanang.andriani','1207',@CompanyId=11;
27/05/2023 12:11:33	SQL :EXEC GetUserSubMenu 'nanang.andriani','13';
27/05/2023 12:11:33	SQL :EXEC GetUserTreeMenu 'nanang.andriani','1301',@CompanyId=11;
27/05/2023 12:11:33	SQL :EXEC GetUserTreeMenu 'nanang.andriani','1302',@CompanyId=11;
27/05/2023 12:11:33	SQL :EXEC GetUserTreeMenu 'nanang.andriani','1303',@CompanyId=11;
27/05/2023 12:11:33	SQL :EXEC GetUserTreeMenu 'nanang.andriani','1304',@CompanyId=11;
27/05/2023 12:11:34	SQL :EXEC GetUserTreeMenu 'nanang.andriani','1305',@CompanyId=11;
27/05/2023 12:11:34	SQL :EXEC GetUserTreeMenu 'nanang.andriani','1306',@CompanyId=11;
27/05/2023 12:11:34	SQL :EXEC GetUserTreeMenu 'nanang.andriani','1307',@CompanyId=11;
27/05/2023 12:11:34	SQL :EXEC GetUserTreeMenu 'nanang.andriani','1308',@CompanyId=11;
27/05/2023 12:11:34	SQL :EXEC GetUserTreeMenu 'nanang.andriani','1309',@CompanyId=11;
27/05/2023 12:11:34	SQL :EXEC GetUserTreeMenu 'nanang.andriani','1310',@CompanyId=11;
27/05/2023 12:11:34	SQL :EXEC GetUserTreeMenu 'nanang.andriani','1311',@CompanyId=11;
27/05/2023 12:11:34	SQL :EXEC GetUserTreeMenu 'nanang.andriani','1312',@CompanyId=11;
27/05/2023 12:11:34	SQL :EXEC GetUserTreeMenu 'nanang.andriani','1313',@CompanyId=11;
27/05/2023 12:11:34	SQL :EXEC GetUserTreeMenu 'nanang.andriani','1314',@CompanyId=11;
27/05/2023 12:11:34	SQL :EXEC GetUserTreeMenu 'nanang.andriani','1315',@CompanyId=11;
27/05/2023 12:11:34	SQL :EXEC GetUserTreeMenu 'nanang.andriani','1316',@CompanyId=11;
27/05/2023 12:11:34	SQL :EXEC GetUserTreeMenu 'nanang.andriani','1317',@CompanyId=11;
27/05/2023 12:11:34	SQL :EXEC GetUserTreeMenu 'nanang.andriani','1318',@CompanyId=11;
27/05/2023 12:11:34	SQL :EXEC GetUserTreeMenu 'nanang.andriani','1319',@CompanyId=11;
27/05/2023 12:11:34	SQL :EXEC GetUserTreeMenu 'nanang.andriani','1320',@CompanyId=11;
27/05/2023 12:11:34	SQL :EXEC GetUserTreeMenu 'nanang.andriani','1321',@CompanyId=11;
27/05/2023 12:11:34	SQL :EXEC GetUserTreeMenu 'nanang.andriani','1322',@CompanyId=11;
27/05/2023 12:11:34	SQL :EXEC GetUserSubMenu 'nanang.andriani','14';
27/05/2023 12:11:34	SQL :EXEC GetUserTreeMenu 'nanang.andriani','1401',@CompanyId=11;
27/05/2023 12:11:34	SQL :EXEC GetUserTreeMenu 'nanang.andriani','1402',@CompanyId=11;
27/05/2023 12:11:34	SQL :EXEC GetUserTreeMenu 'nanang.andriani','1403',@CompanyId=11;
27/05/2023 12:11:35	SQL :EXEC GetUserTreeMenu 'nanang.andriani','1404',@CompanyId=11;
27/05/2023 12:11:35	SQL :EXEC GetUserTreeMenu 'nanang.andriani','1406',@CompanyId=11;
27/05/2023 12:11:35	SQL :EXEC GetUserTreeMenu 'nanang.andriani','1408',@CompanyId=11;
27/05/2023 12:11:35	SQL :EXEC GetUserTreeMenu 'nanang.andriani','1410',@CompanyId=11;
27/05/2023 12:11:35	SQL :EXEC GetUserTreeMenu 'nanang.andriani','1411',@CompanyId=11;
27/05/2023 12:11:35	SQL :EXEC GetUserTreeMenu 'nanang.andriani','1412',@CompanyId=11;
27/05/2023 12:11:35	SQL :EXEC GetUserTreeMenu 'nanang.andriani','1413',@CompanyId=11;
27/05/2023 12:11:35	SQL :EXEC GetUserTreeMenu 'nanang.andriani','1414',@CompanyId=11;
27/05/2023 12:11:35	SQL :EXEC GetUserSubMenu 'nanang.andriani','15';
27/05/2023 12:11:35	SQL :EXEC GetUserTreeMenu 'nanang.andriani','1501',@CompanyId=11;
27/05/2023 12:11:35	SQL :EXEC GetUserTreeMenu 'nanang.andriani','1502',@CompanyId=11;
27/05/2023 12:11:35	SQL :EXEC GetUserTreeMenu 'nanang.andriani','1503',@CompanyId=11;
27/05/2023 12:11:35	SQL :EXEC GetUserTreeMenu 'nanang.andriani','1504',@CompanyId=11;
27/05/2023 12:11:35	SQL :EXEC GetUserTreeMenu 'nanang.andriani','1505',@CompanyId=11;
27/05/2023 12:11:35	SQL :EXEC GetUserTreeMenu 'nanang.andriani','1506',@CompanyId=11;
27/05/2023 12:11:35	SQL :EXEC GetUserTreeMenu 'nanang.andriani','1507',@CompanyId=11;
27/05/2023 12:11:35	SQL :EXEC GetUserTreeMenu 'nanang.andriani','1508',@CompanyId=11;
27/05/2023 12:11:35	SQL :EXEC GetUserTreeMenu 'nanang.andriani','1509',@CompanyId=11;
27/05/2023 12:11:35	SQL :EXEC GetUserTreeMenu 'nanang.andriani','1510',@CompanyId=11;
27/05/2023 12:11:35	SQL :EXEC GetUserTreeMenu 'nanang.andriani','1511',@CompanyId=11;
27/05/2023 12:11:35	SQL :EXEC GetUserSubMenu 'nanang.andriani','16';
27/05/2023 12:11:35	SQL :EXEC GetUserTreeMenu 'nanang.andriani','1601',@CompanyId=11;
27/05/2023 12:11:35	SQL :EXEC GetUserTreeMenu 'nanang.andriani','1602',@CompanyId=11;
27/05/2023 12:11:35	SQL :EXEC GetUserTreeMenu 'nanang.andriani','1603',@CompanyId=11;
27/05/2023 12:11:35	SQL :EXEC GetUserTreeMenu 'nanang.andriani','1604',@CompanyId=11;
27/05/2023 12:11:36	SQL :EXEC GetUserTreeMenu 'nanang.andriani','1605',@CompanyId=11;
27/05/2023 12:11:36	SQL :EXEC GetUserTreeMenu 'nanang.andriani','1606',@CompanyId=11;
27/05/2023 12:11:36	SQL :EXEC GetUserTreeMenu 'nanang.andriani','1607',@CompanyId=11;
27/05/2023 12:11:36	SQL :EXEC GetUserTreeMenu 'nanang.andriani','1608',@CompanyId=11;
27/05/2023 12:11:36	SQL :EXEC GetUserTreeMenu 'nanang.andriani','1609',@CompanyId=11;
27/05/2023 12:11:36	SQL :EXEC GetUserTreeMenu 'nanang.andriani','1610',@CompanyId=11;
27/05/2023 12:11:36	SQL :EXEC GetUserTreeMenu 'nanang.andriani','1611',@CompanyId=11;
27/05/2023 12:11:36	SQL :EXEC GetUserTreeMenu 'nanang.andriani','1612',@CompanyId=11;
27/05/2023 12:11:36	SQL :EXEC GetUserTreeMenu 'nanang.andriani','1613',@CompanyId=11;
27/05/2023 12:11:36	SQL :EXEC GetUserTreeMenu 'nanang.andriani','1614',@CompanyId=11;
27/05/2023 12:11:36	SQL :EXEC GetUserTreeMenu 'nanang.andriani','1615',@CompanyId=11;
27/05/2023 12:11:36	SQL :EXEC GetUserTreeMenu 'nanang.andriani','1616',@CompanyId=11;
27/05/2023 12:11:36	SQL :EXEC GetUserTreeMenu 'nanang.andriani','1619',@CompanyId=11;
27/05/2023 12:11:36	SQL :EXEC GetUserTreeMenu 'nanang.andriani','1620',@CompanyId=11;
27/05/2023 12:11:36	SQL :EXEC GetUserSubMenu 'nanang.andriani','17';
27/05/2023 12:11:36	SQL :EXEC GetUserTreeMenu 'nanang.andriani','1701',@CompanyId=11;
27/05/2023 12:11:36	SQL :EXEC GetUserTreeMenu 'nanang.andriani','1702',@CompanyId=11;
27/05/2023 12:11:36	SQL :EXEC GetUserTreeMenu 'nanang.andriani','1703',@CompanyId=11;
27/05/2023 12:11:36	SQL :EXEC GetUserTreeMenu 'nanang.andriani','1704',@CompanyId=11;
27/05/2023 12:11:36	SQL :EXEC GetUserTreeMenu 'nanang.andriani','1705',@CompanyId=11;
27/05/2023 12:11:36	SQL :EXEC GetUserTreeMenu 'nanang.andriani','1706',@CompanyId=11;
27/05/2023 12:11:36	SQL :EXEC GetUserTreeMenu 'nanang.andriani','1707',@CompanyId=11;
27/05/2023 12:11:36	SQL :EXEC GetUserTreeMenu 'nanang.andriani','1708',@CompanyId=11;
27/05/2023 12:11:36	SQL :EXEC GetUserTreeMenu 'nanang.andriani','1709',@CompanyId=11;
27/05/2023 12:11:36	SQL :EXEC GetUserTreeMenu 'nanang.andriani','1710',@CompanyId=11;
27/05/2023 12:11:36	SQL :EXEC GetUserTreeMenu 'nanang.andriani','1711',@CompanyId=11;
27/05/2023 12:11:36	SQL :EXEC GetUserTreeMenu 'nanang.andriani','1712',@CompanyId=11;
27/05/2023 12:11:37	SQL :EXEC GetUserTreeMenu 'nanang.andriani','1713',@CompanyId=11;
27/05/2023 12:11:37	SQL :EXEC GetUserTreeMenu 'nanang.andriani','1714',@CompanyId=11;
27/05/2023 12:11:37	SQL :EXEC GetUserTreeMenu 'nanang.andriani','1715',@CompanyId=11;
27/05/2023 12:11:37	SQL :EXEC GetUserTreeMenu 'nanang.andriani','1716',@CompanyId=11;
27/05/2023 12:11:37	SQL :EXEC GetUserTreeMenu 'nanang.andriani','1717',@CompanyId=11;
27/05/2023 12:11:37	SQL :EXEC GetUserSubMenu 'nanang.andriani','18';
27/05/2023 12:11:37	SQL :EXEC GetUserTreeMenu 'nanang.andriani','1801',@CompanyId=11;
27/05/2023 12:11:37	SQL :EXEC GetUserSubMenu 'nanang.andriani','19';
27/05/2023 12:11:37	SQL :EXEC GetUserTreeMenu 'nanang.andriani','1901',@CompanyId=11;
27/05/2023 12:11:37	SQL :EXEC GetUserTreeMenu 'nanang.andriani','1902',@CompanyId=11;
27/05/2023 12:11:37	SQL :EXEC GetUserTreeMenu 'nanang.andriani','1903',@CompanyId=11;
27/05/2023 12:11:37	SQL :EXEC GetUserTreeMenu 'nanang.andriani','1904',@CompanyId=11;
27/05/2023 12:11:37	SQL :EXEC GetUserTreeMenu 'nanang.andriani','1905',@CompanyId=11;
27/05/2023 12:11:37	SQL :EXEC GetUserTreeMenu 'nanang.andriani','1906',@CompanyId=11;
27/05/2023 12:11:37	SQL :EXEC GetUserTreeMenu 'nanang.andriani','1907',@CompanyId=11;
27/05/2023 12:11:37	SQL :EXEC GetUserTreeMenu 'nanang.andriani','1908',@CompanyId=11;
27/05/2023 12:11:37	SQL :EXEC GetUserTreeMenu 'nanang.andriani','1909',@CompanyId=11;
27/05/2023 12:11:37	SQL :EXEC GetUserTreeMenu 'nanang.andriani','1910',@CompanyId=11;
27/05/2023 12:11:37	SQL :EXEC GetUserTreeMenu 'nanang.andriani','1911',@CompanyId=11;
27/05/2023 12:11:37	SQL :EXEC GetUserTreeMenu 'nanang.andriani','1912',@CompanyId=11;
27/05/2023 12:11:48	Open Menu :190605
27/05/2023 12:11:48	Open DB Connection
27/05/2023 12:11:48	SQL :EXEC AuthMenu 'nanang.andriani',190605;
27/05/2023 12:11:48	Form Check :MonthlySalesRDRpt
27/05/2023 12:11:48	Form Open: MonthlySalesRDRpt=Bus,,,12,0,0,0
27/05/2023 12:11:48	Open DB Connection
27/05/2023 12:11:48	SQL :EXEC GetCustomerSegment;
27/05/2023 12:11:49	SQL :SELECT dbo.GetUsername(username) AS sales FROM wh_user a LEFT JOIN wh_user_detail b ON b.user_id=a.username WHERE b.department_id=14 ;
27/05/2023 12:11:52	Open DB Connection
27/05/2023 12:11:52	SQL :EXEC GetCustomerOrderList_P 11,@OutDates='2023/05/01',@OutDatesTo='2023/05/31',@LocationId=22,@is29/05/2023 14:33:14	Get Local Settings
29/05/2023 14:33:14	Start Change Local Settings
29/05/2023 14:33:14	Change short date format
29/05/2023 14:33:14	Change Long date format
29/05/2023 14:33:14	Finish Change Local Settings
29/05/2023 14:33:14	Registry Read: Path=SOFTWARE\WEHA\Aplikasi\3
29/05/2023 14:33:14	Registry Read/Write
29/05/2023 14:33:14	Registry Read: Path=SOFTWARE\WEHA\Aplikasi\3
29/05/2023 14:33:14	Registry Read:Fail
29/05/2023 14:33:14	Setting DB Param
29/05/2023 14:33:14	Create DB Object
29/05/2023 14:33:14	Init DB
29/05/2023 14:33:27	Error Create DB Connection
29/05/2023 14:33:30	Change Db Connection to :Provider=MSDASQL.1
29/05/2023 14:33:30	Finish Create DB Connection
29/05/2023 14:33:30	Get File Version
29/05/2023 14:33:30	Change  Caption
29/05/2023 14:33:30	Init Shortkey
29/05/2023 14:33:31	Form Check :Setting
29/05/2023 14:33:31	Form Open: Setting
29/05/2023 14:33:59	Create DB Object
29/05/2023 14:33:59	Init DB
29/05/2023 14:33:59	Finish Init DB
29/05/2023 14:33:59	Port Check
29/05/2023 14:33:59	Connection Check
29/05/2023 14:33:59	Check Success
29/05/2023 14:34:01	Registry Write: 192.168.10.247,wh_prod,sa,SQLNCLI10
29/05/2023 14:34:01	Registry Read: Path=SOFTWARE\WEHA\Aplikasi\3
29/05/2023 14:34:01	Registry Read:Fail
29/05/2023 14:34:02	Create DB Object
29/05/2023 14:34:02	Init DB
29/05/2023 14:34:02	Finish Init DB
29/05/2023 14:34:08	Update new version check
29/05/2023 14:34:08	Open DB Connection
29/05/2023 14:34:08	SQL :
29/05/2023 14:34:08	Update check version
29/05/2023 14:34:08	Open DB Connection
29/05/2023 14:34:08	SQL :SELECT version FROM wh_application WHERE application_id=(SELECT MAX(application_id) FROM wh_application);
29/05/2023 14:34:08	Start Login
29/05/2023 14:34:08	Open DB Connection
29/05/2023 14:34:08	SQL :EXEC AuthenticateUser 'nanang.andriani','3b5929d0c23006c99522f38746d85dd4';
29/05/2023 14:34:08	SQL :INSERT INTO wh_log (user_id,app_date,app_version,app_version_svr,location_id,company_id,department_id,host_name,ip_address)  VALUES ('nanang.andriani','29/05/2023','6.1.5.22','6.1.5.20',6,2,13,'DESKTOP-88BM05S','192.168.25.214');
29/05/2023 14:34:08	Open DB Connection
29/05/2023 14:34:08	SQL :EXEC GetUserMenu 'nanang.andriani';
29/05/2023 14:34:08	SQL :EXEC GetUserSubMenu 'nanang.andriani','11';
29/05/2023 14:34:08	SQL :EXEC GetUserTreeMenu 'nanang.andriani','1101',@CompanyId=2;
29/05/2023 14:34:08	SQL :EXEC GetUserTreeMenu 'nanang.andriani','1102',@CompanyId=2;
29/05/2023 14:34:08	SQL :EXEC GetUserTreeMenu 'nanang.andriani','1103',@CompanyId=2;
29/05/2023 14:34:08	SQL :EXEC GetUserTreeMenu 'nanang.andriani','1104',@CompanyId=2;
29/05/2023 14:34:08	SQL :EXEC GetUserTreeMenu 'nanang.andriani','1105',@CompanyId=2;
29/05/2023 14:34:08	SQL :EXEC GetUserTreeMenu 'nanang.andriani','1106',@CompanyId=2;
29/05/2023 14:34:08	SQL :EXEC GetUserTreeMenu 'nanang.andriani','1107',@CompanyId=2;
29/05/2023 14:34:08	SQL :EXEC GetUserTreeMenu 'nanang.andriani','1108',@CompanyId=2;
29/05/2023 14:34:09	SQL :EXEC GetUserTreeMenu 'nanang.andriani','1109',@CompanyId=2;
29/05/2023 14:34:09	SQL :EXEC GetUserTreeMenu 'nanang.andriani','1110',@CompanyId=2;
29/05/2023 14:34:09	SQL :EXEC GetUserTreeMenu 'nanang.andriani','1111',@CompanyId=2;
29/05/2023 14:34:09	SQL :EXEC GetUserTreeMenu 'nanang.andriani','1112',@CompanyId=2;
29/05/2023 14:34:09	SQL :EXEC GetUserTreeMenu 'nanang.andriani','1113',@CompanyId=2;
29/05/2023 14:34:09	SQL :EXEC GetUserTreeMenu 'nanang.andriani','1114',@CompanyId=2;
29/05/2023 14:34:09	SQL :EXEC GetUserTreeMenu 'nanang.andriani','1115',@CompanyId=2;
29/05/2023 14:34:09	SQL :EXEC GetUserTreeMenu 'nanang.andriani','1116',@CompanyId=2;
29/05/2023 14:34:09	SQL :EXEC GetUserTreeMenu 'nanang.andriani','1117',@CompanyId=2;
29/05/2023 14:34:09	SQL :EXEC GetUserTreeMenu 'nanang.andriani','1198',@CompanyId=2;
29/05/2023 14:34:09	SQL :EXEC GetUserTreeMenu 'nanang.andriani','1199',@CompanyId=2;
29/05/2023 14:34:09	SQL :EXEC GetUserSubMenu 'nanang.andriani','12';
29/05/2023 14:34:09	SQL :EXEC GetUserTreeMenu 'nanang.andriani','1201',@CompanyId=2;
29/05/2023 14:34:09	SQL :EXEC GetUserTreeMenu 'nanang.andriani','1202',@CompanyId=2;
29/05/2023 14:34:09	SQL :EXEC GetUserTreeMenu 'nanang.andriani','1203',@CompanyId=2;
29/05/2023 14:34:09	SQL :EXEC GetUserTreeMenu 'nanang.andriani','1204',@CompanyId=2;
29/05/2023 14:34:09	SQL :EXEC GetUserTreeMenu 'nanang.andriani','1205',@CompanyId=2;
29/05/2023 14:34:09	SQL :EXEC GetUserTreeMenu 'nanang.andriani','1206',@CompanyId=2;
29/05/2023 14:34:09	SQL :EXEC GetUserTreeMenu 'nanang.andriani','1207',@CompanyId=2;
29/05/2023 14:34:09	SQL :EXEC GetUserSubMenu 'nanang.andriani','13';
29/05/2023 14:34:09	SQL :EXEC GetUserTreeMenu 'nanang.andriani','1301',@CompanyId=2;
29/05/2023 14:34:09	SQL :EXEC GetUserTreeMenu 'nanang.andriani','1302',@CompanyId=2;
29/05/2023 14:34:09	SQL :EXEC GetUserTreeMenu 'nanang.andriani','1303',@CompanyId=2;
29/05/2023 14:34:09	SQL :EXEC GetUserTreeMenu 'nanang.andriani','1304',@CompanyId=2;
29/05/2023 14:34:10	SQL :EXEC GetUserTreeMenu 'nanang.andriani','1305',@CompanyId=2;
29/05/2023 14:34:10	SQL :EXEC GetUserTreeMenu 'nanang.andriani','1306',@CompanyId=2;
29/05/2023 14:34:10	SQL :EXEC GetUserTreeMenu 'nanang.andriani','1307',@CompanyId=2;
29/05/2023 14:34:10	SQL :EXEC GetUserTreeMenu 'nanang.andriani','1308',@CompanyId=2;
29/05/2023 14:34:10	SQL :EXEC GetUserTreeMenu 'nanang.andriani','1309',@CompanyId=2;
29/05/2023 14:34:10	SQL :EXEC GetUserTreeMenu 'nanang.andriani','1310',@CompanyId=2;
29/05/2023 14:34:10	SQL :EXEC GetUserTreeMenu 'nanang.andriani','1311',@CompanyId=2;
29/05/2023 14:34:10	SQL :EXEC GetUserTreeMenu 'nanang.andriani','1312',@CompanyId=2;
29/05/2023 14:34:10	SQL :EXEC GetUserTreeMenu 'nanang.andriani','1313',@CompanyId=2;
29/05/2023 14:34:10	SQL :EXEC GetUserTreeMenu 'nanang.andriani','1314',@CompanyId=2;
29/05/2023 14:34:10	SQL :EXEC GetUserTreeMenu 'nanang.andriani','1315',@CompanyId=2;
29/05/2023 14:34:10	SQL :EXEC GetUserTreeMenu 'nanang.andriani','1316',@CompanyId=2;
29/05/2023 14:34:10	SQL :EXEC GetUserTreeMenu 'nanang.andriani','1317',@CompanyId=2;
29/05/2023 14:34:10	SQL :EXEC GetUserTreeMenu 'nanang.andriani','1318',@CompanyId=2;
29/05/2023 14:34:10	SQL :EXEC GetUserTreeMenu 'nanang.andriani','1319',@CompanyId=2;
29/05/2023 14:34:10	SQL :EXEC GetUserTreeMenu 'nanang.andriani','1320',@CompanyId=2;
29/05/2023 14:34:10	SQL :EXEC GetUserTreeMenu 'nanang.andriani','1321',@CompanyId=2;
29/05/2023 14:34:10	SQL :EXEC GetUserTreeMenu 'nanang.andriani','1322',@CompanyId=2;
29/05/2023 14:34:10	SQL :EXEC GetUserSubMenu 'nanang.andriani','14';
29/05/2023 14:34:10	SQL :EXEC GetUserTreeMenu 'nanang.andriani','1401',@CompanyId=2;
29/05/2023 14:34:10	SQL :EXEC GetUserTreeMenu 'nanang.andriani','1402',@CompanyId=2;
29/05/2023 14:34:10	SQL :EXEC GetUserTreeMenu 'nanang.andriani','1403',@CompanyId=2;
29/05/2023 14:34:10	SQL :EXEC GetUserTreeMenu 'nanang.andriani','1404',@CompanyId=2;
29/05/2023 14:34:10	SQL :EXEC GetUserTreeMenu 'nanang.andriani','1406',@CompanyId=2;
29/05/2023 14:34:10	SQL :EXEC GetUserTreeMenu 'nanang.andriani','1408',@CompanyId=2;
29/05/2023 14:34:10	SQL :EXEC GetUserTreeMenu 'nanang.andriani','1410',@CompanyId=2;
29/05/2023 14:34:10	SQL :EXEC GetUserTreeMenu 'nanang.andriani','1411',@CompanyId=2;
29/05/2023 14:34:11	SQL :EXEC GetUserTreeMenu 'nanang.andriani','1412',@CompanyId=2;
29/05/2023 14:34:11	SQL :EXEC GetUserTreeMenu 'nanang.andriani','1413',@CompanyId=2;
29/05/2023 14:34:11	SQL :EXEC GetUserTreeMenu 'nanang.andriani','1414',@CompanyId=2;
29/05/2023 14:34:11	SQL :EXEC GetUserSubMenu 'nanang.andriani','15';
29/05/2023 14:34:11	SQL :EXEC GetUserTreeMenu 'nanang.andriani','1501',@CompanyId=2;
29/05/2023 14:34:11	SQL :EXEC GetUserTreeMenu 'nanang.andriani','1502',@CompanyId=2;
29/05/2023 14:34:11	SQL :EXEC GetUserTreeMenu 'nanang.andriani','1503',@CompanyId=2;
29/05/2023 14:34:11	SQL :EXEC GetUserTreeMenu 'nanang.andriani','1504',@CompanyId=2;
29/05/2023 14:34:11	SQL :EXEC GetUserTreeMenu 'nanang.andriani','1505',@CompanyId=2;
29/05/2023 14:34:11	SQL :EXEC GetUserTreeMenu 'nanang.andriani','1506',@CompanyId=2;
29/05/2023 14:34:11	SQL :EXEC GetUserTreeMenu 'nanang.andriani','1507',@CompanyId=2;
29/05/2023 14:34:11	SQL :EXEC GetUserTreeMenu 'nanang.andriani','1508',@CompanyId=2;
29/05/2023 14:34:11	SQL :EXEC GetUserTreeMenu 'nanang.andriani','1509',@CompanyId=2;
29/05/2023 14:34:11	SQL :EXEC GetUserTreeMenu 'nanang.andriani','1510',@CompanyId=2;
29/05/2023 14:34:11	SQL :EXEC GetUserTreeMenu 'nanang.andriani','1511',@CompanyId=2;
29/05/2023 14:34:11	SQL :EXEC GetUserSubMenu 'nanang.andriani','16';
29/05/2023 14:34:11	SQL :EXEC GetUserTreeMenu 'nanang.andriani','1601',@CompanyId=2;
29/05/2023 14:34:11	SQL :EXEC GetUserTreeMenu 'nanang.andriani','1602',@CompanyId=2;
29/05/2023 14:34:11	SQL :EXEC GetUserTreeMenu 'nanang.andriani','1603',@CompanyId=2;
29/05/2023 14:34:11	SQL :EXEC GetUserTreeMenu 'nanang.andriani','1604',@CompanyId=2;
29/05/2023 14:34:11	SQL :EXEC GetUserTreeMenu 'nanang.andriani','1605',@CompanyId=2;
29/05/2023 14:34:11	SQL :EXEC GetUserTreeMenu 'nanang.andriani','1606',@CompanyId=2;
29/05/2023 14:34:11	SQL :EXEC GetUserTreeMenu 'nanang.andriani','1607',@CompanyId=2;
29/05/2023 14:34:11	SQL :EXEC GetUserTreeMenu 'nanang.andriani','1608',@CompanyId=2;
29/05/2023 14:34:11	SQL :EXEC GetUserTreeMenu 'nanang.andriani','1609',@CompanyId=2;
29/05/2023 14:34:12	SQL :EXEC GetUserTreeMenu 'nanang.andriani','1610',@CompanyId=2;
29/05/2023 14:34:12	SQL :EXEC GetUserTreeMenu 'nanang.andriani','1611',@CompanyId=2;
29/05/2023 14:34:12	SQL :EXEC GetUserTreeMenu 'nanang.andriani','1612',@CompanyId=2;
29/05/2023 14:34:12	SQL :EXEC GetUserTreeMenu 'nanang.andriani','1613',@CompanyId=2;
29/05/2023 14:34:12	SQL :EXEC GetUserTreeMenu 'nanang.andriani','1614',@CompanyId=2;
29/05/2023 14:34:12	SQL :EXEC GetUserTreeMenu 'nanang.andriani','1615',@CompanyId=2;
29/05/2023 14:34:12	SQL :EXEC GetUserTreeMenu 'nanang.andriani','1616',@CompanyId=2;
29/05/2023 14:34:12	SQL :EXEC GetUserTreeMenu 'nanang.andriani','1619',@CompanyId=2;
29/05/2023 14:34:12	SQL :EXEC GetUserTreeMenu 'nanang.andriani','1620',@CompanyId=2;
29/05/2023 14:34:12	SQL :EXEC GetUserSubMenu 'nanang.andriani','17';
29/05/2023 14:34:12	SQL :EXEC GetUserTreeMenu 'nanang.andriani','1701',@CompanyId=2;
29/05/2023 14:34:12	SQL :EXEC GetUserTreeMenu 'nanang.andriani','1702',@CompanyId=2;
29/05/2023 14:34:12	SQL :EXEC GetUserTreeMenu 'nanang.andriani','1703',@CompanyId=2;
29/05/2023 14:34:12	SQL :EXEC GetUserTreeMenu 'nanang.andriani','1704',@CompanyId=2;
29/05/2023 14:34:12	SQL :EXEC GetUserTreeMenu 'nanang.andriani','1705',@CompanyId=2;
29/05/2023 14:34:12	SQL :EXEC GetUserTreeMenu 'nanang.andriani','1706',@CompanyId=2;
29/05/2023 14:34:12	SQL :EXEC GetUserTreeMenu 'nanang.andriani','1707',@CompanyId=2;
29/05/2023 14:34:12	SQL :EXEC GetUserTreeMenu 'nanang.andriani','1708',@CompanyId=2;
29/05/2023 14:34:12	SQL :EXEC GetUserTreeMenu 'nanang.andriani','1709',@CompanyId=2;
29/05/2023 14:34:12	SQL :EXEC GetUserTreeMenu 'nanang.andriani','1710',@CompanyId=2;
29/05/2023 14:34:12	SQL :EXEC GetUserTreeMenu 'nanang.andriani','1711',@CompanyId=2;
29/05/2023 14:34:12	SQL :EXEC GetUserTreeMenu 'nanang.andriani','1712',@CompanyId=2;
29/05/2023 14:34:12	SQL :EXEC GetUserTreeMenu 'nanang.andriani','1713',@CompanyId=2;
29/05/2023 14:34:12	SQL :EXEC GetUserTreeMenu 'nanang.andriani','1714',@CompanyId=2;
29/05/2023 14:34:12	SQL :EXEC GetUserTreeMenu 'nanang.andriani','1715',@CompanyId=2;
29/05/2023 14:34:12	SQL :EXEC GetUserTreeMenu 'nanang.andriani','1716',@CompanyId=2;
29/05/2023 14:34:13	SQL :EXEC GetUserTreeMenu 'nanang.andriani','1717',@CompanyId=2;
29/05/2023 14:34:13	SQL :EXEC GetUserSubMenu 'nanang.andriani','18';
29/05/2023 14:34:13	SQL :EXEC GetUserTreeMenu 'nanang.andriani','1801',@CompanyId=2;
29/05/2023 14:34:13	SQL :EXEC GetUserSubMenu 'nanang.andriani','19';
29/05/2023 14:34:13	SQL :EXEC GetUserTreeMenu 'nanang.andriani','1901',@CompanyId=2;
29/05/2023 14:34:13	SQL :EXEC GetUserTreeMenu 'nanang.andriani','1902',@CompanyId=2;
29/05/2023 14:34:13	SQL :EXEC GetUserTreeMenu 'nanang.andriani','1903',@CompanyId=2;
29/05/2023 14:34:13	SQL :EXEC GetUserTreeMenu 'nanang.andriani','1904',@CompanyId=2;
29/05/2023 14:34:13	SQL :EXEC GetUserTreeMenu 'nanang.andriani','1905',@CompanyId=2;
29/05/2023 14:34:13	SQL :EXEC GetUserTreeMenu 'nanang.andriani','1906',@CompanyId=2;
29/05/2023 14:34:13	SQL :EXEC GetUserTreeMenu 'nanang.andriani','1907',@CompanyId=2;
29/05/2023 14:34:13	SQL :EXEC GetUserTreeMenu 'nanang.andriani','1908',@CompanyId=2;
29/05/2023 14:34:13	SQL :EXEC GetUserTreeMenu 'nanang.andriani','1909',@CompanyId=2;
29/05/2023 14:34:13	SQL :EXEC GetUserTreeMenu 'nanang.andriani','1910',@CompanyId=2;
29/05/2023 14:34:13	SQL :EXEC GetUserTreeMenu 'nanang.andriani','1911',@CompanyId=2;
29/05/2023 14:34:13	SQL :EXEC GetUserTreeMenu 'nanang.andriani','1912',@CompanyId=2;
29/05/2023 14:34:13	SQL :SELECT CONVERT(VARCHAR(8),GETDATE(),108) AS hour_minute;
29/05/2023 14:34:13	SQL :SELECT CONVERT(VARCHAR(10),GETDATE(),103) AS date_time;
29/05/2023 14:34:13	Loading Setting
29/05/2023 14:34:13	Open DB Connection
29/05/2023 14:34:13	SQL :SELECT * FROM wh_setting WHERE setting_name='Hold_Less_Deposit';
29/05/2023 14:34:13	SQL :SELECT * FROM wh_setting WHERE setting_name='Max_Less_Deposit';
29/05/2023 14:34:13	SQL :SELECT * FROM wh_setting WHERE setting_name='Dashboard_2';
29/05/2023 14:34:13	Finish Logging
29/05/2023 14:34:13	SQL :SELECT value_string FROM wh_setting WHERE (setting_name='Interval_CheckInDate') AND (active=1);
29/05/2023 14:34:14	SQL :SELECT value_string FROM wh_setting WHERE (setting_name='Interval_CheckInTime') AND (active=1);
29/05/2023 14:34:14	SQL :SELECT value_string FROM wh_setting WHERE (setting_name='ChatEnable') and (active=1);
29/05/2023 14:34:14	Message:Port Check
29/05/2023 14:34:14	Message:Open DB Connection
29/05/2023 14:34:14	SQL :EXEC GetMessage '01','nanang.andriani';
29/05/2023 14:34:14	SQL :SELECT CONVERT(VARCHAR(8),GETDATE(),108) AS hour_minute;
29/05/2023 14:34:14	SQL :SELECT CONVERT(VARCHAR(10),GETDATE(),103) AS date_time;
29/05/2023 14:34:22	Open Menu :131205
29/05/2023 14:34:22	Open DB Connection
29/05/2023 14:34:22	SQL :EXEC AuthMenu 'nanang.andriani',131205;
29/05/2023 14:34:22	Form Check :OrderFeeAdd
29/05/2023 14:34:22	Form Open: ProductPriceList=,-1
29/05/2023 14:34:23	Open DB Connection
29/05/2023 14:34:23	SQL :SELECT value_string FROM wh_setting WHERE (setting_name='OrderFee_Form_Day_CompanyId_2') and (active=1);
29/05/2023 14:34:23	SQL :SELECT value_string FROM wh_setting WHERE (setting_name='OrderFee_Form_Days_CompanyId_2') and (active=1);
29/05/2023 14:34:23	SQL :SELECT value_string FROM wh_setting WHERE (setting_name='Show_eToll_CompanyId_2') and (active=1);
29/05/2023 14:34:23	SQL :EXEC GetPrice;
29/05/2023 14:34:43	Form Check :SPJBusList
29/05/2023 14:34:43	Form Open: ProductPriceList=OrderFee-Additional,0,0,2
29/05/2023 14:34:43	Open DB Connection
29/05/2023 14:34:43	SQL :EXEC GetCompanyLocationList
29/05/2023 14:34:43	Open DB Connection
29/05/2023 14:34:43	SQL :EXEC GetVhcOutList2 6,1,2,@AllFoward=-2,@InOut=2;
29/05/2023 14:51:31	Open Menu :131201
29/05/2023 14:51:31	Open DB Connection
29/05/2023 14:51:31	SQL :EXEC AuthMenu 'nanang.andriani',131201;
29/05/2023 14:51:31	Form Check :OrderFee
29/05/2023 14:51:31	Form Open: OrderFee=,-1
29/05/2023 14:51:31	Open DB Connection
29/05/2023 14:51:31	SQL :SELECT value_string FROM wh_setting WHERE (setting_name='OrderFee_Form_Day_CompanyId_2') and (active=1);
29/05/2023 14:51:31	SQL :SELECT value_string FROM wh_setting WHERE (setting_name='OrderFee_Form_Days_CompanyId_2') and (active=1);
29/05/2023 14:51:31	SQL :SELECT value_string FROM wh_setting WHERE (setting_name='Show_eToll_CompanyId_2') and (active=1);
29/05/2023 14:51:31	SQL :SELECT value_string FROM wh_setting WHERE (setting_name='eToll_Calculation_CompanyId_2') and (active=1);
29/05/2023 14:51:31	SQL :SELECT * FROM wh_setting WHERE (setting_name='Lock_Budget_CompanyId_2') AND (active=1);
29/05/2023 14:51:31	SQL :SELECT * FROM wh_setting WHERE (setting_name='Allow_UnlockBudget_NULL_CompanyId_2') AND (active=1);
29/05/2023 14:51:31	Open DB Connection
29/05/2023 14:51:31	SQL :EXEC GetVhcOutList2_S 6,1,2,@AllFoward=2,@isSewaLuar=0; 
29/05/2023 14:51:32	SQL :EXEC GetPrice;
29/05/2023 14:51:47	Open DB Connection
29/05/2023 14:51:47	SQL :SELECT * FROM wh_setting WHERE (setting_name='Lock_Budget_CompanyId_2') AND (active=1);
29/05/2023 14:51:49	Form Open: OrderFeeList=OrderFee-RePrint
29/05/2023 14:52:01	Open Menu :131202
29/05/2023 14:52:01	Open DB Connection
29/05/2023 14:52:01	SQL :EXEC AuthMenu 'nanang.andriani',131202;
29/05/2023 14:52:01	Form Check :OrderFeeList
29/05/2023 14:52:01	Form Open: OrderFeeList=Main-Change
29/05/2023 14:52:05	SQL :EXEC GetVhcOutList2_S 6,1,2,@OutDate='2023/05/27'
29/05/2023 14:53:03	Form Open: OrderFee=SJBRB23053000,-1
29/05/2023 14:53:03	Open DB Connection
29/05/2023 14:53:03	SQL :SELECT value_string FROM wh_setting WHERE (setting_name='OrderFee_Form_Day_CompanyId_2') and (active=1);
29/05/2023 14:53:03	SQL :SELECT value_string FROM wh_setting WHERE (setting_name='OrderFee_Form_Days_CompanyId_2') and (active=1);
29/05/2023 14:53:03	SQL :SELECT value_string FROM wh_setting WHERE (setting_name='Show_eToll_CompanyId_2') and (active=1);
29/05/2023 14:53:03	SQL :SELECT value_string FROM wh_setting WHERE (setting_name='eToll_Calculation_CompanyId_2') and (active=1);
29/05/2023 14:53:03	SQL :SELECT * FROM wh_setting WHERE (setting_name='Lock_Budget_CompanyId_2') AND (active=1);
29/05/2023 14:53:03	SQL :SELECT * FROM wh_setting WHERE (setting_name='Allow_UnlockBudget_NULL_CompanyId_2') AND (active=1);
29/05/2023 14:53:04	Open DB Connection
29/05/2023 14:53:04	SQL :SELECT * FROM wh_setting WHERE (setting_name='Lock_Budget_Integrate_CompanyId_2') AND (active=1);
29/05/2023 14:53:04	SQL :EXEC GetVhcOutDetail 'SJBRB23053000';
29/05/2023 14:53:16	SQL :EXEC GetCustomerOrderServiceList 'COWDC23040356';
29/05/2023 14:53:16	SQL :EXEC GetPrice;
29/05/2023 14:53:28	Open DB Connection
29/05/2023 14:53:28	Open DB Connection
29/05/2023 14:53:28	SQL :EXEC GetVhcOutDetail 'SJBRB23053000';
29/05/2023 14:53:33	SQL :SELECT * FROM wh_vhc_trans_detail_detail WHERE vhc_trans_id='SJBRB23053000';
29/05/2023 14:53:34	SQL :SELECT SUM(a.amount) AS amount,SUM(a.total_amount) AS total_amount FROM wh_vhc_trans_detail a INNER JOIN wh_transaction_type b ON b.transaction_type_id=a.transaction_type_id WHERE vhc_trans_id='SJBRB23053000' AND (a.transaction_type_id='140101') AND (status=1);
29/05/2023 14:53:34	SQL :SELECT SUM(a.amount) AS amount ,SUM(a.total_amount) AS total_amount FROM wh_vhc_trans_detail a INNER JOIN wh_transaction_type b ON b.transaction_type_id=a.transaction_type_id WHERE vhc_trans_id='SJBRB23053000' AND (a.transaction_type_id='140102') AND (status=1);
29/05/2023 14:53:34	SQL :SELECT SUM(a.amount) as amount,SUM(a.total_amount) AS total_amount FROM wh_vhc_trans_detail a INNER JOIN wh_transaction_type b ON b.transaction_type_id=a.transaction_type_id WHERE vhc_trans_id='SJBRB23053000' AND (a.transaction_type_id='140103') AND (status=1);
29/05/2023 14:53:34	SQL :SELECT SUM(a.amount) AS amount,SUM(a.total_amount) AS total_amount FROM wh_vhc_trans_detail a INNER JOIN wh_transaction_type b ON b.transaction_type_id=a.transaction_type_id WHERE vhc_trans_id='SJBRB23053000' AND (a.transaction_type_id='140104') AND (status=1);
29/05/2023 14:53:34	SQL :SELECT SUM(a.amount) AS amount,SUM(a.total_amount) AS total_amount FROM wh_vhc_trans_detail a INNER JOIN wh_transaction_type b ON b.transaction_type_id=a.transaction_type_id WHERE vhc_trans_id='SJBRB23053000' AND (a.transaction_type_id='140106') AND (status=1);
29/05/2023 14:53:34	SQL :SELECT SUM(a.amount) AS amount,SUM(a.total_amount) AS total_amount FROM wh_vhc_trans_detail a INNER JOIN wh_transaction_type b ON b.transaction_type_id=a.transaction_type_id WHERE vhc_trans_id='SJBRB23053000' AND (a.transaction_type_id='140113') AND (status=1);
29/05/2023 14:54:33	Open Menu :131202
29/05/2023 14:54:33	Open DB Connection
29/05/2023 14:54:33	SQL :EXEC AuthMenu 'nanang.andriani',131202;
29/05/2023 14:54:33	Form Check :OrderFeeList
29/05/2023 14:54:33	Form Open: OrderFeeList=Main-Change
29/05/2023 14:54:38	SQL :EXEC GetVhcOutList2_S 6,1,2,@OutDate='2023/05/24'
29/05/2023 14:54:42	Form Open: OrderFee=SJBRB23052662,-1
29/05/2023 14:54:42	Open DB Connection
29/05/2023 14:54:42	SQL :SELECT value_string FROM wh_setting WHERE (setting_name='OrderFee_Form_Day_CompanyId_2') and (active=1);
29/05/2023 14:54:42	SQL :SELECT value_string FROM wh_setting WHERE (setting_name='OrderFee_Form_Days_CompanyId_2') and (active=1);
29/05/2023 14:54:42	SQL :SELECT value_string FROM wh_setting WHERE (setting_name='Show_eToll_CompanyId_2') and (active=1);
29/05/2023 14:54:42	SQL :SELECT value_string FROM wh_setting WHERE (setting_name='eToll_Calculation_CompanyId_2') and (active=1);
29/05/2023 14:54:42	SQL :SELECT * FROM wh_setting WHERE (setting_name='Lock_Budget_CompanyId_2') AND (active=1);
29/05/2023 14:54:42	SQL :SELECT * FROM wh_setting WHERE (setting_name='Allow_UnlockBudget_NULL_CompanyId_2') AND (active=1);
29/05/2023 14:54:42	Open DB Connection
29/05/2023 14:54:42	SQL :SELECT * FROM wh_setting WHERE (setting_name='Lock_Budget_Integrate_CompanyId_2') AND (active=1);
29/05/2023 14:54:42	SQL :EXEC GetVhcOutDetail 'SJBRB23052662';
29/05/2023 14:54:47	SQL :EXEC GetCustomerOrderServiceList 'COWDC23050699';
29/05/2023 14:54:48	SQL :EXEC GetPrice;
29/05/2023 14:55:00	Open DB Connection
29/05/2023 14:55:00	Open DB Connection
29/05/2023 14:55:00	SQL :EXEC GetVhcOutDetail 'SJBRB23052662';
29/05/2023 14:55:03	SQL :SELECT * FROM wh_vhc_trans_detail_detail WHERE vhc_trans_id='SJBRB23052662';
29/05/2023 14:55:04	SQL :SELECT SUM(a.amount) AS amount,SUM(a.total_amount) AS total_amount FROM wh_vhc_trans_detail a INNER JOIN wh_transaction_type b ON b.transaction_type_id=a.transaction_type_id WHERE vhc_trans_id='SJBRB23052662' AND (a.transaction_type_id='140101') AND (status=1);
29/05/2023 14:55:04	SQL :SELECT SUM(a.amount) AS amount ,SUM(a.total_amount) AS total_amount FROM wh_vhc_trans_detail a INNER JOIN wh_transaction_type b ON b.transaction_type_id=a.transaction_type_id WHERE vhc_trans_id='SJBRB23052662' AND (a.transaction_type_id='140102') AND (status=1);
29/05/2023 14:55:04	SQL :SELECT SUM(a.amount) as amount,SUM(a.total_amount) AS total_amount FROM wh_vhc_trans_detail a INNER JOIN wh_transaction_type b ON b.transaction_type_id=a.transaction_type_id WHERE vhc_trans_id='SJBRB23052662' AND (a.transaction_type_id='140103') AND (status=1);
29/05/2023 14:55:04	SQL :SELECT SUM(a.amount) AS amount,SUM(a.total_amount) AS total_amount FROM wh_vhc_trans_detail a INNER JOIN wh_transaction_type b ON b.transaction_type_id=a.transaction_type_id WHERE vhc_trans_id='SJBRB23052662' AND (a.transaction_type_id='140104') AND (status=1);
29/05/2023 14:55:04	SQL :SELECT SUM(a.amount) AS amount,SUM(a.total_amount) AS total_amount FROM wh_vhc_trans_detail a INNER JOIN wh_transaction_type b ON b.transaction_type_id=a.transaction_type_id WHERE vhc_trans_id='SJBRB23052662' AND (a.transaction_type_id='140106') AND (status=1);
29/05/2023 14:55:05	SQL :SELECT SUM(a.amount) AS amount,SUM(a.total_amount) AS total_amount FROM wh_vhc_trans_detail a INNER JOIN wh_transaction_type b ON b.transaction_type_id=a.transaction_type_id WHERE vhc_trans_id='SJBRB23052662' AND (a.transaction_type_id='140113') AND (status=1);
29/05/2023 15:01:04	Message:Port Check
29/05/2023 15:01:04	Message:Open DB Connection
29/05/2023 15:01:04	SQL :EXEC GetMessage '01','nanang.andriani';
29/05/2023 15:01:04	SQL :SELECT CONVERT(VARCHAR(8),GETDATE(),108) AS hour_minute;29/05/2023 15:09:22	Get Local Settings
29/05/2023 15:09:22	Start Change Local Settings
29/05/2023 15:09:22	Change short date format
29/05/2023 15:09:22	Change Long date format
29/05/2023 15:09:22	Finish Change Local Settings
29/05/2023 15:09:22	Registry Read: Path=SOFTWARE\WEHA\Aplikasi\3
29/05/2023 15:09:22	Registry Read/Write
29/05/2023 15:09:22	Registry Read: Path=SOFTWARE\WEHA\Aplikasi\3
29/05/2023 15:09:22	Registry Read:Fail
29/05/2023 15:09:22	Setting DB Param
29/05/2023 15:09:22	Create DB Object
29/05/2023 15:09:22	Init DB
29/05/2023 15:09:26	Error Create DB Connection
29/05/2023 15:10:40	Change Db Connection to :Provider=MSDASQL.1
29/05/2023 15:10:40	Finish Create DB Connection
29/05/2023 15:10:40	Get File Version
29/05/2023 15:10:40	Change  Caption
29/05/2023 15:10:40	Init Shortkey
29/05/2023 15:10:43	Setting DB Param
29/05/2023 15:10:43	Create DB Object
29/05/2023 15:10:43	Init DB
29/05/2023 15:10:47	Error Create DB Connection
29/05/2023 15:10:49	Change Db Connection to :Provider=MSDASQL.1
29/05/2023 15:10:49	Finish Create DB Connection
29/05/2023 15:10:56	Update new version check
29/05/2023 15:10:56	SQL :
29/05/2023 15:11:03	Form Check :Setting
29/05/2023 15:11:03	Form Open: Setting
29/05/2023 15:11:21	Create DB Object
29/05/2023 15:11:21	Init DB
29/05/2023 15:11:21	Finish Init DB
29/05/2023 15:11:21	Port Check
29/05/2023 15:11:21	Connection Check
29/05/2023 15:11:21	Check Success
29/05/2023 15:11:22	Registry Write: 192.168.10.247,wh_prod,sa,SQLNCLI10
29/05/2023 15:11:22	Registry Read: Path=SOFTWARE\WEHA\Aplikasi\3
29/05/2023 15:11:22	Registry Read:Fail
29/05/2023 15:11:24	Create DB Object
29/05/2023 15:11:24	Init DB
29/05/2023 15:11:24	Finish Init DB
29/05/2023 15:11:29	Update new version check
29/05/2023 15:11:29	Open DB Connection
29/05/2023 15:11:29	SQL :
29/05/2023 15:11:30	Update check version
29/05/2023 15:11:30	Open DB Connection
29/05/2023 15:11:30	SQL :SELECT version FROM wh_application WHERE application_id=(SELECT MAX(application_id) FROM wh_application);
29/05/2023 15:11:30	Start Login
29/05/2023 15:11:30	Open DB Connection
29/05/2023 15:11:30	SQL :EXEC AuthenticateUser 'nanang.andriani','3b5929d0c23006c99522f38746d85dd4';
29/05/2023 15:11:30	SQL :INSERT INTO wh_log (user_id,app_date,app_version,app_version_svr,location_id,company_id,department_id,host_name,ip_address)  VALUES ('nanang.andriani','29/05/2023','6.1.5.22','6.1.5.20',6,2,13,'DESKTOP-88BM05S','192.168.25.214');
29/05/2023 15:11:30	Open DB Connection
29/05/2023 15:11:30	SQL :EXEC GetUserMenu 'nanang.andriani';
29/05/2023 15:11:30	SQL :EXEC GetUserSubMenu 'nanang.andriani','11';
29/05/2023 15:11:30	SQL :EXEC GetUserTreeMenu 'nanang.andriani','1101',@CompanyId=2;
29/05/2023 15:11:30	SQL :EXEC GetUserTreeMenu 'nanang.andriani','1102',@CompanyId=2;
29/05/2023 15:11:30	SQL :EXEC GetUserTreeMenu 'nanang.andriani','1103',@CompanyId=2;
29/05/2023 15:11:30	SQL :EXEC GetUserTreeMenu 'nanang.andriani','1104',@CompanyId=2;
29/05/2023 15:11:30	SQL :EXEC GetUserTreeMenu 'nanang.andriani','1105',@CompanyId=2;
29/05/2023 15:11:30	SQL :EXEC GetUserTreeMenu 'nanang.andriani','1106',@CompanyId=2;
29/05/2023 15:11:30	SQL :EXEC GetUserTreeMenu 'nanang.andriani','1107',@CompanyId=2;
29/05/2023 15:11:30	SQL :EXEC GetUserTreeMenu 'nanang.andriani','1108',@CompanyId=2;
29/05/2023 15:11:30	SQL :EXEC GetUserTreeMenu 'nanang.andriani','1109',@CompanyId=2;
29/05/2023 15:11:30	SQL :EXEC GetUserTreeMenu 'nanang.andriani','1110',@CompanyId=2;
29/05/2023 15:11:30	SQL :EXEC GetUserTreeMenu 'nanang.andriani','1111',@CompanyId=2;
29/05/2023 15:11:31	SQL :EXEC GetUserTreeMenu 'nanang.andriani','1112',@CompanyId=2;
29/05/2023 15:11:31	SQL :EXEC GetUserTreeMenu 'nanang.andriani','1113',@CompanyId=2;
29/05/2023 15:11:31	SQL :EXEC GetUserTreeMenu 'nanang.andriani','1114',@CompanyId=2;
29/05/2023 15:11:31	SQL :EXEC GetUserTreeMenu 'nanang.andriani','1115',@CompanyId=2;
29/05/2023 15:11:31	SQL :EXEC GetUserTreeMenu 'nanang.andriani','1116',@CompanyId=2;
29/05/2023 15:11:31	SQL :EXEC GetUserTreeMenu 'nanang.andriani','1117',@CompanyId=2;
29/05/2023 15:11:31	SQL :EXEC GetUserTreeMenu 'nanang.andriani','1198',@CompanyId=2;
29/05/2023 15:11:31	SQL :EXEC GetUserTreeMenu 'nanang.andriani','1199',@CompanyId=2;
29/05/2023 15:11:31	SQL :EXEC GetUserSubMenu 'nanang.andriani','12';
29/05/2023 15:11:31	SQL :EXEC GetUserTreeMenu 'nanang.andriani','1201',@CompanyId=2;
29/05/2023 15:11:31	SQL :EXEC GetUserTreeMenu 'nanang.andriani','1202',@CompanyId=2;
29/05/2023 15:11:31	SQL :EXEC GetUserTreeMenu 'nanang.andriani','1203',@CompanyId=2;
29/05/2023 15:11:31	SQL :EXEC GetUserTreeMenu 'nanang.andriani','1204',@CompanyId=2;
29/05/2023 15:11:31	SQL :EXEC GetUserTreeMenu 'nanang.andriani','1205',@CompanyId=2;
29/05/2023 15:11:31	SQL :EXEC GetUserTreeMenu 'nanang.andriani','1206',@CompanyId=2;
29/05/2023 15:11:31	SQL :EXEC GetUserTreeMenu 'nanang.andriani','1207',@CompanyId=2;
29/05/2023 15:11:31	SQL :EXEC GetUserSubMenu 'nanang.andriani','13';
29/05/2023 15:11:31	SQL :EXEC GetUserTreeMenu 'nanang.andriani','1301',@CompanyId=2;
29/05/2023 15:11:31	SQL :EXEC GetUserTreeMenu 'nanang.andriani','1302',@CompanyId=2;
29/05/2023 15:11:31	SQL :EXEC GetUserTreeMenu 'nanang.andriani','1303',@CompanyId=2;
29/05/2023 15:11:31	SQL :EXEC GetUserTreeMenu 'nanang.andriani','1304',@CompanyId=2;
29/05/2023 15:11:31	SQL :EXEC GetUserTreeMenu 'nanang.andriani','1305',@CompanyId=2;
29/05/2023 15:11:31	SQL :EXEC GetUserTreeMenu 'nanang.andriani','1306',@CompanyId=2;
29/05/2023 15:11:31	SQL :EXEC GetUserTreeMenu 'nanang.andriani','1307',@CompanyId=2;
29/05/2023 15:11:31	SQL :EXEC GetUserTreeMenu 'nanang.andriani','1308',@CompanyId=2;
29/05/2023 15:11:31	SQL :EXEC GetUserTreeMenu 'nanang.andriani','1309',@CompanyId=2;
29/05/2023 15:11:32	SQL :EXEC GetUserTreeMenu 'nanang.andriani','1310',@CompanyId=2;
29/05/2023 15:11:32	SQL :EXEC GetUserTreeMenu 'nanang.andriani','1311',@CompanyId=2;
29/05/2023 15:11:32	SQL :EXEC GetUserTreeMenu 'nanang.andriani','1312',@CompanyId=2;
29/05/2023 15:11:32	SQL :EXEC GetUserTreeMenu 'nanang.andriani','1313',@CompanyId=2;
29/05/2023 15:11:32	SQL :EXEC GetUserTreeMenu 'nanang.andriani','1314',@CompanyId=2;
29/05/2023 15:11:32	SQL :EXEC GetUserTreeMenu 'nanang.andriani','1315',@CompanyId=2;
29/05/2023 15:11:32	SQL :EXEC GetUserTreeMenu 'nanang.andriani','1316',@CompanyId=2;
29/05/2023 15:11:32	SQL :EXEC GetUserTreeMenu 'nanang.andriani','1317',@CompanyId=2;
29/05/2023 15:11:32	SQL :EXEC GetUserTreeMenu 'nanang.andriani','1318',@CompanyId=2;
29/05/2023 15:11:32	SQL :EXEC GetUserTreeMenu 'nanang.andriani','1319',@CompanyId=2;
29/05/2023 15:11:32	SQL :EXEC GetUserTreeMenu 'nanang.andriani','1320',@CompanyId=2;
29/05/2023 15:11:32	SQL :EXEC GetUserTreeMenu 'nanang.andriani','1321',@CompanyId=2;
29/05/2023 15:11:32	SQL :EXEC GetUserTreeMenu 'nanang.andriani','1322',@CompanyId=2;
29/05/2023 15:11:32	SQL :EXEC GetUserSubMenu 'nanang.andriani','14';
29/05/2023 15:11:32	SQL :EXEC GetUserTreeMenu 'nanang.andriani','1401',@CompanyId=2;
29/05/2023 15:11:32	SQL :EXEC GetUserTreeMenu 'nanang.andriani','1402',@CompanyId=2;
29/05/2023 15:11:32	SQL :EXEC GetUserTreeMenu 'nanang.andriani','1403',@CompanyId=2;
29/05/2023 15:11:32	SQL :EXEC GetUserTreeMenu 'nanang.andriani','1404',@CompanyId=2;
29/05/2023 15:11:32	SQL :EXEC GetUserTreeMenu 'nanang.andriani','1406',@CompanyId=2;
29/05/2023 15:11:32	SQL :EXEC GetUserTreeMenu 'nanang.andriani','1408',@CompanyId=2;
29/05/2023 15:11:32	SQL :EXEC GetUserTreeMenu 'nanang.andriani','1410',@CompanyId=2;
29/05/2023 15:11:32	SQL :EXEC GetUserTreeMenu 'nanang.andriani','1411',@CompanyId=2;
29/05/2023 15:11:33	SQL :EXEC GetUserTreeMenu 'nanang.andriani','1412',@CompanyId=2;
29/05/2023 15:11:33	SQL :EXEC GetUserTreeMenu 'nanang.andriani','1413',@CompanyId=2;
29/05/2023 15:11:33	SQL :EXEC GetUserTreeMenu 'nanang.andriani','1414',@CompanyId=2;
29/05/2023 15:11:33	SQL :EXEC GetUserSubMenu 'nanang.andriani','15';
29/05/2023 15:11:33	SQL :EXEC GetUserTreeMenu 'nanang.andriani','1501',@CompanyId=2;
29/05/2023 15:11:33	SQL :EXEC GetUserTreeMenu 'nanang.andriani','1502',@CompanyId=2;
29/05/2023 15:11:33	SQL :EXEC GetUserTreeMenu 'nanang.andriani','1503',@CompanyId=2;
29/05/2023 15:11:33	SQL :EXEC GetUserTreeMenu 'nanang.andriani','1504',@CompanyId=2;
29/05/2023 15:11:33	SQL :EXEC GetUserTreeMenu 'nanang.andriani','1505',@CompanyId=2;
29/05/2023 15:11:33	SQL :EXEC GetUserTreeMenu 'nanang.andriani','1506',@CompanyId=2;
29/05/2023 15:11:33	SQL :EXEC GetUserTreeMenu 'nanang.andriani','1507',@CompanyId=2;
29/05/2023 15:11:33	SQL :EXEC GetUserTreeMenu 'nanang.andriani','1508',@CompanyId=2;
29/05/2023 15:11:33	SQL :EXEC GetUserTreeMenu 'nanang.andriani','1509',@CompanyId=2;
29/05/2023 15:11:33	SQL :EXEC GetUserTreeMenu 'nanang.andriani','1510',@CompanyId=2;
29/05/2023 15:11:33	SQL :EXEC GetUserTreeMenu 'nanang.andriani','1511',@CompanyId=2;
29/05/2023 15:11:33	SQL :EXEC GetUserSubMenu 'nanang.andriani','16';
29/05/2023 15:11:33	SQL :EXEC GetUserTreeMenu 'nanang.andriani','1601',@CompanyId=2;
29/05/2023 15:11:33	SQL :EXEC GetUserTreeMenu 'nanang.andriani','1602',@CompanyId=2;
29/05/2023 15:11:33	SQL :EXEC GetUserTreeMenu 'nanang.andriani','1603',@CompanyId=2;
29/05/2023 15:11:33	SQL :EXEC GetUserTreeMenu 'nanang.andriani','1604',@CompanyId=2;
29/05/2023 15:11:33	SQL :EXEC GetUserTreeMenu 'nanang.andriani','1605',@CompanyId=2;
29/05/2023 15:11:33	SQL :EXEC GetUserTreeMenu 'nanang.andriani','1606',@CompanyId=2;
29/05/2023 15:11:33	SQL :EXEC GetUserTreeMenu 'nanang.andriani','1607',@CompanyId=2;
29/05/2023 15:11:33	SQL :EXEC GetUserTreeMenu 'nanang.andriani','1608',@CompanyId=2;
29/05/2023 15:11:33	SQL :EXEC GetUserTreeMenu 'nanang.andriani','1609',@CompanyId=2;
29/05/2023 15:11:34	SQL :EXEC GetUserTreeMenu 'nanang.andriani','1610',@CompanyId=2;
29/05/2023 15:11:34	SQL :EXEC GetUserTreeMenu 'nanang.andriani','1611',@CompanyId=2;
29/05/2023 15:11:34	SQL :EXEC GetUserTreeMenu 'nanang.andriani','1612',@CompanyId=2;
29/05/2023 15:11:34	SQL :EXEC GetUserTreeMenu 'nanang.andriani','1613',@CompanyId=2;
29/05/2023 15:11:34	SQL :EXEC GetUserTreeMenu 'nanang.andriani','1614',@CompanyId=2;
29/05/2023 15:11:34	SQL :EXEC GetUserTreeMenu 'nanang.andriani','1615',@CompanyId=2;
29/05/2023 15:11:34	SQL :EXEC GetUserTreeMenu 'nanang.andriani','1616',@CompanyId=2;
29/05/2023 15:11:34	SQL :EXEC GetUserTreeMenu 'nanang.andriani','1619',@CompanyId=2;
29/05/2023 15:11:34	SQL :EXEC GetUserTreeMenu 'nanang.andriani','1620',@CompanyId=2;
29/05/2023 15:11:34	SQL :EXEC GetUserSubMenu 'nanang.andriani','17';
29/05/2023 15:11:34	SQL :EXEC GetUserTreeMenu 'nanang.andriani','1701',@CompanyId=2;
29/05/2023 15:11:34	SQL :EXEC GetUserTreeMenu 'nanang.andriani','1702',@CompanyId=2;
29/05/2023 15:11:34	SQL :EXEC GetUserTreeMenu 'nanang.andriani','1703',@CompanyId=2;
29/05/2023 15:11:34	SQL :EXEC GetUserTreeMenu 'nanang.andriani','1704',@CompanyId=2;
29/05/2023 15:11:34	SQL :EXEC GetUserTreeMenu 'nanang.andriani','1705',@CompanyId=2;
29/05/2023 15:11:34	SQL :EXEC GetUserTreeMenu 'nanang.andriani','1706',@CompanyId=2;
29/05/2023 15:11:34	SQL :EXEC GetUserTreeMenu 'nanang.andriani','1707',@CompanyId=2;
29/05/2023 15:11:34	SQL :EXEC GetUserTreeMenu 'nanang.andriani','1708',@CompanyId=2;
29/05/2023 15:11:34	SQL :EXEC GetUserTreeMenu 'nanang.andriani','1709',@CompanyId=2;
29/05/2023 15:11:34	SQL :EXEC GetUserTreeMenu 'nanang.andriani','1710',@CompanyId=2;
29/05/2023 15:11:34	SQL :EXEC GetUserTreeMenu 'nanang.andriani','1711',@CompanyId=2;
29/05/2023 15:11:34	SQL :EXEC GetUserTreeMenu 'nanang.andriani','1712',@CompanyId=2;
29/05/2023 15:11:34	SQL :EXEC GetUserTreeMenu 'nanang.andriani','1713',@CompanyId=2;
29/05/2023 15:11:34	SQL :EXEC GetUserTreeMenu 'nanang.andriani','1714',@CompanyId=2;
29/05/2023 15:11:34	SQL :EXEC GetUserTreeMenu 'nanang.andriani','1715',@CompanyId=2;
29/05/2023 15:11:34	SQL :EXEC GetUserTreeMenu 'nanang.andriani','1716',@CompanyId=2;
29/05/2023 15:11:35	SQL :EXEC GetUserTreeMenu 'nanang.andriani','1717',@CompanyId=2;
29/05/2023 15:11:35	SQL :EXEC GetUserSubMenu 'nanang.andriani','18';
29/05/2023 15:11:35	SQL :EXEC GetUserTreeMenu 'nanang.andriani','1801',@CompanyId=2;
29/05/2023 15:11:35	SQL :EXEC GetUserSubMenu 'nanang.andriani','19';
29/05/2023 15:11:35	SQL :EXEC GetUserTreeMenu 'nanang.andriani','1901',@CompanyId=2;
29/05/2023 15:11:35	SQL :EXEC GetUserTreeMenu 'nanang.andriani','1902',@CompanyId=2;
29/05/2023 15:11:35	SQL :EXEC GetUserTreeMenu 'nanang.andriani','1903',@CompanyId=2;
29/05/2023 15:11:35	SQL :EXEC GetUserTreeMenu 'nanang.andriani','1904',@CompanyId=2;
29/05/2023 15:11:35	SQL :EXEC GetUserTreeMenu 'nanang.andriani','1905',@CompanyId=2;
29/05/2023 15:11:35	SQL :EXEC GetUserTreeMenu 'nanang.andriani','1906',@CompanyId=2;
29/05/2023 15:11:35	SQL :EXEC GetUserTreeMenu 'nanang.andriani','1907',@CompanyId=2;
29/05/2023 15:11:35	SQL :EXEC GetUserTreeMenu 'nanang.andriani','1908',@CompanyId=2;
29/05/2023 15:11:35	SQL :EXEC GetUserTreeMenu 'nanang.andriani','1909',@CompanyId=2;
29/05/2023 15:11:35	SQL :EXEC GetUserTreeMenu 'nanang.andriani','1910',@CompanyId=2;
29/05/2023 15:11:35	SQL :EXEC GetUserTreeMenu 'nanang.andriani','1911',@CompanyId=2;
29/05/2023 15:11:35	SQL :EXEC GetUserTreeMenu 'nanang.andriani','1912',@CompanyId=2;
29/05/2023 15:11:35	SQL :SELECT CONVERT(VARCHAR(8),GETDATE(),108) AS hour_minute;
29/05/2023 15:11:35	SQL :SELECT CONVERT(VARCHAR(10),GETDATE(),103) AS date_time;
29/05/2023 15:11:35	Loading Setting
29/05/2023 15:11:35	Open DB Connection
29/05/2023 15:11:35	SQL :SELECT * FROM wh_setting WHERE setting_name='Hold_Less_Deposit';
29/05/2023 15:11:35	SQL :SELECT * FROM wh_setting WHERE setting_name='Max_Less_Deposit';
29/05/2023 15:11:35	SQL :SELECT * FROM wh_setting WHERE setting_name='Dashboard_2';
29/05/2023 15:11:35	Finish Logging
29/05/2023 15:11:35	SQL :SELECT value_string FROM wh_setting WHERE (setting_name='Interval_CheckInDate') AND (active=1);
29/05/2023 15:11:35	SQL :SELECT value_string FROM wh_setting WHERE (setting_name='Interval_CheckInTime') AND (active=1);
29/05/2023 15:11:35	SQL :SELECT value_string FROM wh_setting WHERE (setting_name='ChatEnable') and (active=1);
29/05/2023 15:11:36	Message:Port Check
29/05/2023 15:11:36	Message:Open DB Connection
29/05/2023 15:11:36	SQL :EXEC GetMessage '01','nanang.andriani';
29/05/2023 15:11:36	SQL :SELECT CONVERT(VARCHAR(8),GETDATE(),108) AS hour_minute;
29/05/2023 15:11:36	SQL :SELECT CONVERT(VARCHAR(10),GETDATE(),103) AS date_time;
29/05/2023 15:12:38	Open Menu :131202
29/05/2023 15:12:38	Open DB Connection
29/05/2023 15:12:38	SQL :EXEC AuthMenu 'nanang.andriani',131202;
29/05/2023 15:12:38	Form Check :OrderFeeList
29/05/2023 15:12:38	Form Open: OrderFeeList=Main-Change
29/05/2023 15:12:44	SQL :EXEC GetVhcOutList2_S 6,1,2,@OutDate='2023/05/24'
29/05/2023 15:12:51	Form Open: OrderFee=SJBRB23052662,-1
29/05/2023 15:12:51	Open DB Connection
29/05/2023 15:12:51	SQL :SELECT value_string FROM wh_setting WHERE (setting_name='OrderFee_Form_Day_CompanyId_2') and (active=1);
29/05/2023 15:12:51	SQL :SELECT value_string FROM wh_setting WHERE (setting_name='OrderFee_Form_Days_CompanyId_2') and (active=1);
29/05/2023 15:12:51	SQL :SELECT value_string FROM wh_setting WHERE (setting_name='Show_eToll_CompanyId_2') and (active=1);
29/05/2023 15:12:51	SQL :SELECT value_string FROM wh_setting WHERE (setting_name='eToll_Calculation_CompanyId_2') and (active=1);
29/05/2023 15:12:51	SQL :SELECT * FROM wh_setting WHERE (setting_name='Lock_Budget_CompanyId_2') AND (active=1);
29/05/2023 15:12:51	SQL :SELECT * FROM wh_setting WHERE (setting_name='Allow_UnlockBudget_NULL_CompanyId_2') AND (active=1);
29/05/2023 15:12:52	Open DB Connection
29/05/2023 15:12:52	SQL :SELECT * FROM wh_setting WHERE (setting_name='Lock_Budget_Integrate_CompanyId_2') AND (active=1);
29/05/2023 15:12:52	SQL :EXEC GetVhcOutDetail 'SJBRB23052662';
29/05/2023 15:12:55	SQL :EXEC GetCustomerOrderServiceList 'COWDC23050699';
29/05/2023 15:12:55	SQL :EXEC GetPrice;
29/05/2023 15:13:06	Open DB Connection
29/05/2023 15:13:06	Open DB Connection
29/05/2023 15:13:06	SQL :EXEC GetVhcOutDetail 'SJBRB23052662';
29/05/2023 15:13:09	SQL :SELECT * FROM wh_vhc_trans_detail_detail WHERE vhc_trans_id='SJBRB23052662';
29/05/2023 15:13:09	SQL :SELECT SUM(a.amount) AS amount,SUM(a.total_amount) AS total_amount FROM wh_vhc_trans_detail a INNER JOIN wh_transaction_type b ON b.transaction_type_id=a.transaction_type_id WHERE vhc_trans_id='SJBRB23052662' AND (a.transaction_type_id='140101') AND (status=1);
29/05/2023 15:13:09	SQL :SELECT SUM(a.amount) AS amount ,SUM(a.total_amount) AS total_amount FROM wh_vhc_trans_detail a INNER JOIN wh_transaction_type b ON b.transaction_type_id=a.transaction_type_id WHERE vhc_trans_id='SJBRB23052662' AND (a.transaction_type_id='140102') AND (status=1);
29/05/2023 15:13:09	SQL :SELECT SUM(a.amount) as amount,SUM(a.total_amount) AS total_amount FROM wh_vhc_trans_detail a INNER JOIN wh_transaction_type b ON b.transaction_type_id=a.transaction_type_id WHERE vhc_trans_id='SJBRB23052662' AND (a.transaction_type_id='140103') AND (status=1);
29/05/2023 15:13:09	SQL :SELECT SUM(a.amount) AS amount,SUM(a.total_amount) AS total_amount FROM wh_vhc_trans_detail a INNER JOIN wh_transaction_type b ON b.transaction_type_id=a.transaction_type_id WHERE vhc_trans_id='SJBRB23052662' AND (a.transaction_type_id='140104') AND (status=1);
29/05/2023 15:13:09	SQL :SELECT SUM(a.amount) AS amount,SUM(a.total_amount) AS total_amount FROM wh_vhc_trans_detail a INNER JOIN wh_transaction_type b ON b.transaction_type_id=a.transaction_type_id WHERE vhc_trans_id='SJBRB23052662' AND (a.transaction_type_id='140106') AND (status=1);
29/05/2023 15:13:09	SQL :SELECT SUM(a.amount) AS amount,SUM(a.total_amount) AS total_amount FROM wh_vhc_trans_detail a INNER JOIN wh_transaction_type b ON b.transaction_type_id=a.transaction_type_id WHERE vhc_trans_id='SJBRB23052662' AND (a.transa29/05/2023 16:40:47	Get Local Settings
29/05/2023 16:40:47	Start Change Local Settings
29/05/2023 16:40:47	Change short date format
29/05/2023 16:40:47	Change Long date format
29/05/2023 16:40:47	Finish Change Local Settings
29/05/2023 16:40:47	Registry Read: Path=SOFTWARE\WEHA\Aplikasi\3
29/05/2023 16:40:47	Registry Read/Write
29/05/2023 16:40:47	Registry Read: Path=SOFTWARE\WEHA\Aplikasi\3
29/05/2023 16:40:47	Registry Read:Fail
29/05/2023 16:40:47	Setting DB Param
29/05/2023 16:40:47	Create DB O29/05/2023 16:41:18	Get Local Settings
29/05/2023 16:41:18	Start Change Local Settings
29/05/2023 16:41:18	Change short date format
29/05/2023 16:41:18	Change Long date format
29/05/2023 16:41:18	Finish Change Local Settings
29/05/2023 16:41:18	Registry Read: Path=SOFTWARE\WEHA\Aplikasi\3
29/05/2023 16:41:18	Registry Read/Write
29/05/2023 16:41:18	Registry Read: Path=SOFTWARE\WEHA\Aplikasi\3
29/05/2023 16:41:18	Registry Read:Fail
29/05/2023 16:41:18	Setting DB Param
29/05/2023 16:41:18	Create DB Object
29/05/2023 16:41:18	Init DB
29/05/2023 16:41:21	Error Create DB Connection
29/05/2023 16:41:24	Change Db Connection to :Provider=MSDASQL.1
29/05/2023 16:41:24	Finish Create DB Connection
29/05/2023 16:41:24	Get File Version
29/05/2023 16:41:24	Change  Caption
29/05/2023 16:41:24	Init Shortkey
29/05/2023 16:41:26	Form Check :Setting
29/05/2023 16:41:26	Form Open: Setting
29/05/2023 16:41:45	Create DB Object
29/05/2023 16:41:45	Init DB
29/05/2023 16:41:45	Finish Init DB
29/05/2023 16:41:45	Port Check
29/05/2023 16:41:45	Connection Check
29/05/2023 16:41:45	Check Success
29/05/2023 16:41:49	Registry Write: 192.168.10.247,wh_prod,sa,SQLNCLI10
29/05/2023 16:41:49	Registry Read: Path=SOFTWARE\WEHA\Aplikasi\3
29/05/2023 16:41:49	Registry Read:Fail
29/05/2023 16:42:02	Create DB Object
29/05/2023 16:42:02	Init DB
29/05/2023 16:42:02	Finish Init DB
29/05/2023 16:42:10	Update new version check
29/05/2023 16:42:10	Open DB Connection
29/05/2023 16:42:10	SQL :
29/05/2023 16:42:11	Update check version
29/05/2023 16:42:11	Open DB Connection
29/05/2023 16:42:11	SQL :SELECT version FROM wh_application WHERE application_id=(SELECT MAX(application_id) FROM wh_application);
29/05/2023 16:42:11	Start Login
29/05/2023 16:42:11	Open DB Connection
29/05/2023 16:42:11	SQL :EXEC AuthenticateUser 'nanang.andriani','3b5929d0c23006c99522f38746d85dd4';
29/05/2023 16:42:11	SQL :INSERT INTO wh_log (user_id,app_date,app_version,app_version_svr,location_id,company_id,department_id,host_name,ip_address)  VALUES ('nanang.andriani','29/05/2023','6.1.5.22','6.1.5.20',6,2,13,'DESKTOP-88BM05S','192.168.25.214');
29/05/2023 16:42:11	Open DB Connection
29/05/2023 16:42:11	SQL :EXEC GetUserMenu 'nanang.andriani';
29/05/2023 16:42:11	SQL :EXEC GetUserSubMenu 'nanang.andriani','11';
29/05/2023 16:42:11	SQL :EXEC GetUserTreeMenu 'nanang.andriani','1101',@CompanyId=2;
29/05/2023 16:42:11	SQL :EXEC GetUserTreeMenu 'nanang.andriani','1102',@CompanyId=2;
29/05/2023 16:42:11	SQL :EXEC GetUserTreeMenu 'nanang.andriani','1103',@CompanyId=2;
29/05/2023 16:42:11	SQL :EXEC GetUserTreeMenu 'nanang.andriani','1104',@CompanyId=2;
29/05/2023 16:42:11	SQL :EXEC GetUserTreeMenu 'nanang.andriani','1105',@CompanyId=2;
29/05/2023 16:42:11	SQL :EXEC GetUserTreeMenu 'nanang.andriani','1106',@CompanyId=2;
29/05/2023 16:42:12	SQL :EXEC GetUserTreeMenu 'nanang.andriani','1107',@CompanyId=2;
29/05/2023 16:42:12	SQL :EXEC GetUserTreeMenu 'nanang.andriani','1108',@CompanyId=2;
29/05/2023 16:42:12	SQL :EXEC GetUserTreeMenu 'nanang.andriani','1109',@CompanyId=2;
29/05/2023 16:42:12	SQL :EXEC GetUserTreeMenu 'nanang.andriani','1110',@CompanyId=2;
29/05/2023 16:42:12	SQL :EXEC GetUserTreeMenu 'nanang.andriani','1111',@CompanyId=2;
29/05/2023 16:42:12	SQL :EXEC GetUserTreeMenu 'nanang.andriani','1112',@CompanyId=2;
29/05/2023 16:42:12	SQL :EXEC GetUserTreeMenu 'nanang.andriani','1113',@CompanyId=2;
29/05/2023 16:42:12	SQL :EXEC GetUserTreeMenu 'nanang.andriani','1114',@CompanyId=2;
29/05/2023 16:42:12	SQL :EXEC GetUserTreeMenu 'nanang.andriani','1115',@CompanyId=2;
29/05/2023 16:42:12	SQL :EXEC GetUserTreeMenu 'nanang.andriani','1116',@CompanyId=2;
29/05/2023 16:42:12	SQL :EXEC GetUserTreeMenu 'nanang.andriani','1117',@CompanyId=2;
29/05/2023 16:42:12	SQL :EXEC GetUserTreeMenu 'nanang.andriani','1198',@CompanyId=2;
29/05/2023 16:42:12	SQL :EXEC GetUserTreeMenu 'nanang.andriani','1199',@CompanyId=2;
29/05/2023 16:42:12	SQL :EXEC GetUserSubMenu 'nanang.andriani','12';
29/05/2023 16:42:12	SQL :EXEC GetUserTreeMenu 'nanang.andriani','1201',@CompanyId=2;
29/05/2023 16:42:12	SQL :EXEC GetUserTreeMenu 'nanang.andriani','1202',@CompanyId=2;
29/05/2023 16:42:12	SQL :EXEC GetUserTreeMenu 'nanang.andriani','1203',@CompanyId=2;
29/05/2023 16:42:12	SQL :EXEC GetUserTreeMenu 'nanang.andriani','1204',@CompanyId=2;
29/05/2023 16:42:12	SQL :EXEC GetUserTreeMenu 'nanang.andriani','1205',@CompanyId=2;
29/05/2023 16:42:12	SQL :EXEC GetUserTreeMenu 'nanang.andriani','1206',@CompanyId=2;
29/05/2023 16:42:12	SQL :EXEC GetUserTreeMenu 'nanang.andriani','1207',@CompanyId=2;
29/05/2023 16:42:12	SQL :EXEC GetUserSubMenu 'nanang.andriani','13';
29/05/2023 16:42:12	SQL :EXEC GetUserTreeMenu 'nanang.andriani','1301',@CompanyId=2;
29/05/2023 16:42:12	SQL :EXEC GetUserTreeMenu 'nanang.andriani','1302',@CompanyId=2;
29/05/2023 16:42:12	SQL :EXEC GetUserTreeMenu 'nanang.andriani','1303',@CompanyId=2;
29/05/2023 16:42:12	SQL :EXEC GetUserTreeMenu 'nanang.andriani','1304',@CompanyId=2;
29/05/2023 16:42:12	SQL :EXEC GetUserTreeMenu 'nanang.andriani','1305',@CompanyId=2;
29/05/2023 16:42:12	SQL :EXEC GetUserTreeMenu 'nanang.andriani','1306',@CompanyId=2;
29/05/2023 16:42:12	SQL :EXEC GetUserTreeMenu 'nanang.andriani','1307',@CompanyId=2;
29/05/2023 16:42:13	SQL :EXEC GetUserTreeMenu 'nanang.andriani','1308',@CompanyId=2;
29/05/2023 16:42:13	SQL :EXEC GetUserTreeMenu 'nanang.andriani','1309',@CompanyId=2;
29/05/2023 16:42:13	SQL :EXEC GetUserTreeMenu 'nanang.andriani','1310',@CompanyId=2;
29/05/2023 16:42:13	SQL :EXEC GetUserTreeMenu 'nanang.andriani','1311',@CompanyId=2;
29/05/2023 16:42:13	SQL :EXEC GetUserTreeMenu 'nanang.andriani','1312',@CompanyId=2;
29/05/2023 16:42:13	SQL :EXEC GetUserTreeMenu 'nanang.andriani','1313',@CompanyId=2;
29/05/2023 16:42:13	SQL :EXEC GetUserTreeMenu 'nanang.andriani','1314',@CompanyId=2;
29/05/2023 16:42:13	SQL :EXEC GetUserTreeMenu 'nanang.andriani','1315',@CompanyId=2;
29/05/2023 16:42:13	SQL :EXEC GetUserTreeMenu 'nanang.andriani','1316',@CompanyId=2;
29/05/2023 16:42:13	SQL :EXEC GetUserTreeMenu 'nanang.andriani','1317',@CompanyId=2;
29/05/2023 16:42:13	SQL :EXEC GetUserTreeMenu 'nanang.andriani','1318',@CompanyId=2;
29/05/2023 16:42:13	SQL :EXEC GetUserTreeMenu 'nanang.andriani','1319',@CompanyId=2;
29/05/2023 16:42:13	SQL :EXEC GetUserTreeMenu 'nanang.andriani','1320',@CompanyId=2;
29/05/2023 16:42:13	SQL :EXEC GetUserTreeMenu 'nanang.andriani','1321',@CompanyId=2;
29/05/2023 16:42:13	SQL :EXEC GetUserTreeMenu 'nanang.andriani','1322',@CompanyId=2;
29/05/2023 16:42:13	SQL :EXEC GetUserSubMenu 'nanang.andriani','14';
29/05/2023 16:42:13	SQL :EXEC GetUserTreeMenu 'nanang.andriani','1401',@CompanyId=2;
29/05/2023 16:42:14	SQL :EXEC GetUserTreeMenu 'nanang.andriani','1402',@CompanyId=2;
29/05/2023 16:42:14	SQL :EXEC GetUserTreeMenu 'nanang.andriani','1403',@CompanyId=2;
29/05/2023 16:42:14	SQL :EXEC GetUserTreeMenu 'nanang.andriani','1404',@CompanyId=2;
29/05/2023 16:42:14	SQL :EXEC GetUserTreeMenu 'nanang.andriani','1406',@CompanyId=2;
29/05/2023 16:42:14	SQL :EXEC GetUserTreeMenu 'nanang.andriani','1408',@CompanyId=2;
29/05/2023 16:42:14	SQL :EXEC GetUserTreeMenu 'nanang.andriani','1410',@CompanyId=2;
29/05/2023 16:42:14	SQL :EXEC GetUserTreeMenu 'nanang.andriani','1411',@CompanyId=2;
29/05/2023 16:42:14	SQL :EXEC GetUserTreeMenu 'nanang.andriani','1412',@CompanyId=2;
29/05/2023 16:42:14	SQL :EXEC GetUserTreeMenu 'nanang.andriani','1413',@CompanyId=2;
29/05/2023 16:42:14	SQL :EXEC GetUserTreeMenu 'nanang.andriani','1414',@CompanyId=2;
29/05/2023 16:42:14	SQL :EXEC GetUserSubMenu 'nanang.andriani','15';
29/05/2023 16:42:14	SQL :EXEC GetUserTreeMenu 'nanang.andriani','1501',@CompanyId=2;
29/05/2023 16:42:14	SQL :EXEC GetUserTreeMenu 'nanang.andriani','1502',@CompanyId=2;
29/05/2023 16:42:14	SQL :EXEC GetUserTreeMenu 'nanang.andriani','1503',@CompanyId=2;
29/05/2023 16:42:14	SQL :EXEC GetUserTreeMenu 'nanang.andriani','1504',@CompanyId=2;
29/05/2023 16:42:14	SQL :EXEC GetUserTreeMenu 'nanang.andriani','1505',@CompanyId=2;
29/05/2023 16:42:14	SQL :EXEC GetUserTreeMenu 'nanang.andriani','1506',@CompanyId=2;
29/05/2023 16:42:14	SQL :EXEC GetUserTreeMenu 'nanang.andriani','1507',@CompanyId=2;
29/05/2023 16:42:14	SQL :EXEC GetUserTreeMenu 'nanang.andriani','1508',@CompanyId=2;
29/05/2023 16:42:14	SQL :EXEC GetUserTreeMenu 'nanang.andriani','1509',@CompanyId=2;
29/05/2023 16:42:14	SQL :EXEC GetUserTreeMenu 'nanang.andriani','1510',@CompanyId=2;
29/05/2023 16:42:14	SQL :EXEC GetUserTreeMenu 'nanang.andriani','1511',@CompanyId=2;
29/05/2023 16:42:14	SQL :EXEC GetUserSubMenu 'nanang.andriani','16';
29/05/2023 16:42:14	SQL :EXEC GetUserTreeMenu 'nanang.andriani','1601',@CompanyId=2;
29/05/2023 16:42:14	SQL :EXEC GetUserTreeMenu 'nanang.andriani','1602',@CompanyId=2;
29/05/2023 16:42:14	SQL :EXEC GetUserTreeMenu 'nanang.andriani','1603',@CompanyId=2;
29/05/2023 16:42:14	SQL :EXEC GetUserTreeMenu 'nanang.andriani','1604',@CompanyId=2;
29/05/2023 16:42:14	SQL :EXEC GetUserTreeMenu 'nanang.andriani','1605',@CompanyId=2;
29/05/2023 16:42:14	SQL :EXEC GetUserTreeMenu 'nanang.andriani','1606',@CompanyId=2;
29/05/2023 16:42:14	SQL :EXEC GetUserTreeMenu 'nanang.andriani','1607',@CompanyId=2;
29/05/2023 16:42:14	SQL :EXEC GetUserTreeMenu 'nanang.andriani','1608',@CompanyId=2;
29/05/2023 16:42:15	SQL :EXEC GetUserTreeMenu 'nanang.andriani','1609',@CompanyId=2;
29/05/2023 16:42:15	SQL :EXEC GetUserTreeMenu 'nanang.andriani','1610',@CompanyId=2;
29/05/2023 16:42:15	SQL :EXEC GetUserTreeMenu 'nanang.andriani','1611',@CompanyId=2;
29/05/2023 16:42:15	SQL :EXEC GetUserTreeMenu 'nanang.andriani','1612',@CompanyId=2;
29/05/2023 16:42:15	SQL :EXEC GetUserTreeMenu 'nanang.andriani','1613',@CompanyId=2;
29/05/2023 16:42:15	SQL :EXEC GetUserTreeMenu 'nanang.andriani','1614',@CompanyId=2;
29/05/2023 16:42:15	SQL :EXEC GetUserTreeMenu 'nanang.andriani','1615',@CompanyId=2;
29/05/2023 16:42:15	SQL :EXEC GetUserTreeMenu 'nanang.andriani','1616',@CompanyId=2;
29/05/2023 16:42:15	SQL :EXEC GetUserTreeMenu 'nanang.andriani','1619',@CompanyId=2;
29/05/2023 16:42:15	SQL :EXEC GetUserTreeMenu 'nanang.andriani','1620',@CompanyId=2;
29/05/2023 16:42:15	SQL :EXEC GetUserSubMenu 'nanang.andriani','17';
29/05/2023 16:42:15	SQL :EXEC GetUserTreeMenu 'nanang.andriani','1701',@CompanyId=2;
29/05/2023 16:42:15	SQL :EXEC GetUserTreeMenu 'nanang.andriani','1702',@CompanyId=2;
29/05/2023 16:42:15	SQL :EXEC GetUserTreeMenu 'nanang.andriani','1703',@CompanyId=2;
29/05/2023 16:42:15	SQL :EXEC GetUserTreeMenu 'nanang.andriani','1704',@CompanyId=2;
29/05/2023 16:42:15	SQL :EXEC GetUserTreeMenu 'nanang.andriani','1705',@CompanyId=2;
29/05/2023 16:42:15	SQL :EXEC GetUserTreeMenu 'nanang.andriani','1706',@CompanyId=2;
29/05/2023 16:42:15	SQL :EXEC GetUserTreeMenu 'nanang.andriani','1707',@CompanyId=2;
29/05/2023 16:42:15	SQL :EXEC GetUserTreeMenu 'nanang.andriani','1708',@CompanyId=2;
29/05/2023 16:42:15	SQL :EXEC GetUserTreeMenu 'nanang.andriani','1709',@CompanyId=2;
29/05/2023 16:42:15	SQL :EXEC GetUserTreeMenu 'nanang.andriani','1710',@CompanyId=2;
29/05/2023 16:42:15	SQL :EXEC GetUserTreeMenu 'nanang.andriani','1711',@CompanyId=2;
29/05/2023 16:42:15	SQL :EXEC GetUserTreeMenu 'nanang.andriani','1712',@CompanyId=2;
29/05/2023 16:42:15	SQL :EXEC GetUserTreeMenu 'nanang.andriani','1713',@CompanyId=2;
29/05/2023 16:42:15	SQL :EXEC GetUserTreeMenu 'nanang.andriani','1714',@CompanyId=2;
29/05/2023 16:42:16	SQL :EXEC GetUserTreeMenu 'nanang.andriani','1715',@CompanyId=2;
29/05/2023 16:42:16	SQL :EXEC GetUserTreeMenu 'nanang.andriani','1716',@CompanyId=2;
29/05/2023 16:42:16	SQL :EXEC GetUserTreeMenu 'nanang.andriani','1717',@CompanyId=2;
29/05/2023 16:42:16	SQL :EXEC GetUserSubMenu 'nanang.andriani','18';
29/05/2023 16:42:16	SQL :EXEC GetUserTreeMenu 'nanang.andriani','1801',@CompanyId=2;
29/05/2023 16:42:16	SQL :EXEC GetUserSubMenu 'nanang.andriani','19';
29/05/2023 16:42:16	SQL :EXEC GetUserTreeMenu 'nanang.andriani','1901',@CompanyId=2;
29/05/2023 16:42:16	SQL :EXEC GetUserTreeMenu 'nanang.andriani','1902',@CompanyId=2;
29/05/2023 16:42:16	SQL :EXEC GetUserTreeMenu 'nanang.andriani','1903',@CompanyId=2;
29/05/2023 16:42:16	SQL :EXEC GetUserTreeMenu 'nanang.andriani','1904',@CompanyId=2;
29/05/2023 16:42:16	SQL :EXEC GetUserTreeMenu 'nanang.andriani','1905',@CompanyId=2;
29/05/2023 16:42:16	SQL :EXEC GetUserTreeMenu 'nanang.andriani','1906',@CompanyId=2;
29/05/2023 16:42:16	SQL :EXEC GetUserTreeMenu 'nanang.andriani','1907',@CompanyId=2;
29/05/2023 16:42:16	SQL :EXEC GetUserTreeMenu 'nanang.andriani','1908',@CompanyId=2;
29/05/2023 16:42:16	SQL :EXEC GetUserTreeMenu 'nanang.andriani','1909',@CompanyId=2;
29/05/2023 16:42:16	SQL :EXEC GetUserTreeMenu 'nanang.andriani','1910',@CompanyId=2;
29/05/2023 16:42:16	SQL :EXEC GetUserTreeMenu 'nanang.andriani','1911',@CompanyId=2;
29/05/2023 16:42:16	SQL :EXEC GetUserTreeMenu 'nanang.andriani','1912',@CompanyId=2;
29/05/2023 16:42:16	SQL :SELECT CONVERT(VARCHAR(8),GETDATE(),108) AS hour_minute;
29/05/2023 16:42:16	SQL :SELECT CONVERT(VARCHAR(10),GETDATE(),103) AS date_time;
29/05/2023 16:42:16	Loading Setting
29/05/2023 16:42:16	Open DB Connection
29/05/2023 16:42:16	SQL :SELECT * FROM wh_setting WHERE setting_name='Hold_Less_Deposit';
29/05/2023 16:42:16	SQL :SELECT * FROM wh_setting WHERE setting_name='Max_Less_Deposit';
29/05/2023 16:42:16	SQL :SELECT * FROM wh_setting WHERE setting_name='Dashboard_2';
29/05/2023 16:42:16	Finish Logging
29/05/2023 16:42:16	SQL :SELECT value_string FROM wh_setting WHERE (setting_name='Interval_CheckInDate') AND (active=1);
29/05/2023 16:42:16	SQL :SELECT value_string FROM wh_setting WHERE (setting_name='Interval_CheckInTime') AND (active=1);
29/05/2023 16:42:16	SQL :SELECT value_string FROM wh_setting WHERE (setting_name='ChatEnable') and (active=1);
29/05/2023 16:42:17	Message:Port Check
29/05/2023 16:42:17	Message:Open DB Connection
29/05/2023 16:42:17	SQL :EXEC GetMessage '01','nanang.andriani';
29/05/2023 16:42:17	SQL :SELECT CONVERT(VARCHAR(8),GETDATE(),108) AS hour_minute;
29/05/2023 16:42:17	SQL :SELECT CONVERT(VARCHAR(10),GETDATE(),103) AS date_time;
29/05/2023 16:52:23	Message:Port Check
29/05/2023 16:52:23	Message:Open DB Connection
29/05/2023 16:52:23	SQL :EXEC GetMessage '01','nanang.andriani';
29/05/2023 16:52:23	SQL :SELECT CONVERT(VARCHAR(8),GETDATE(),129/05/2023 16:55:20	Get Local Settings
29/05/2023 16:55:20	Start Change Local Settings
29/05/2023 16:55:20	Change short date format
29/05/2023 16:55:20	Change Long date format
29/05/2023 16:55:20	Finish Change Local Settings
29/05/2023 16:55:20	Registry Read: Path=SOFTWARE\WEHA\Aplikasi\3
29/05/2023 16:55:20	Registry Read/Write
29/05/2023 16:55:20	Registry Read: Path=SOFTWARE\WEHA\Aplikasi\3
29/05/2023 16:55:20	Registry Read:Fail
29/05/2023 16:55:20	Setting DB Param
29/05/2023 16:55:20	Create DB Object
29/05/2023 16:55:20	Init DB
29/05/2023 16:55:25	Error Create DB Connection
29/05/2023 16:55:27	Change Db Connection to :Provider=MSDASQL.1
29/05/2023 16:55:27	Finish Create DB Connection
29/05/2023 16:55:27	Get File Version
29/05/2023 16:55:27	Change  Caption
29/05/2023 16:55:27	Init Shortkey
29/05/2023 16:55:28	Form Check :Setting
29/05/2023 16:55:28	Form Open: Setting
29/05/2023 16:55:50	Create DB Object
29/05/2023 16:55:50	Init DB
29/05/2023 16:55:50	Finish Init DB
29/05/2023 16:55:50	Port Check
29/05/2023 16:55:50	Connection Check
29/05/2023 16:55:51	Check Success
29/05/2023 16:55:53	Registry Write: 192.168.10.247,wh_prod,sa,SQLNCLI10
29/05/2023 16:55:53	Registry Read: Path=SOFTWARE\WEHA\Aplikasi\3
29/05/2023 16:55:53	Registry Read:Fail
29/05/2023 16:55:56	Create DB Object
29/05/2023 16:55:56	Init DB
29/05/2023 16:55:56	Finish Init DB
29/05/2023 16:56:04	Update new version check
29/05/2023 16:56:04	Open DB Connection
29/05/2023 16:56:04	SQL :
29/05/2023 16:56:04	Update check version
29/05/2023 16:56:04	Open DB Connection
29/05/2023 16:56:04	SQL :SELECT version FROM wh_application WHERE application_id=(SELECT MAX(application_id) FROM wh_application);
29/05/2023 16:56:04	Start Login
29/05/2023 16:56:04	Open DB Connection
29/05/2023 16:56:04	SQL :EXEC AuthenticateUser 'nanang.andriani','3b5929d0c23006c99522f38746d85dd4';
29/05/2023 16:56:04	SQL :INSERT INTO wh_log (user_id,app_date,app_version,app_version_svr,location_id,company_id,department_id,host_name,ip_address)  VALUES ('nanang.andriani','29/05/2023','6.1.5.22','6.1.5.20',6,2,13,'DESKTOP-88BM05S','192.168.25.214');
29/05/2023 16:56:04	Open DB Connection
29/05/2023 16:56:04	SQL :EXEC GetUserMenu 'nanang.andriani';
29/05/2023 16:56:04	SQL :EXEC GetUserSubMenu 'nanang.andriani','11';
29/05/2023 16:56:04	SQL :EXEC GetUserTreeMenu 'nanang.andriani','1101',@CompanyId=2;
29/05/2023 16:56:04	SQL :EXEC GetUserTreeMenu 'nanang.andriani','1102',@CompanyId=2;
29/05/2023 16:56:04	SQL :EXEC GetUserTreeMenu 'nanang.andriani','1103',@CompanyId=2;
29/05/2023 16:56:04	SQL :EXEC GetUserTreeMenu 'nanang.andriani','1104',@CompanyId=2;
29/05/2023 16:56:04	SQL :EXEC GetUserTreeMenu 'nanang.andriani','1105',@CompanyId=2;
29/05/2023 16:56:04	SQL :EXEC GetUserTreeMenu 'nanang.andriani','1106',@CompanyId=2;
29/05/2023 16:56:04	SQL :EXEC GetUserTreeMenu 'nanang.andriani','1107',@CompanyId=2;
29/05/2023 16:56:04	SQL :EXEC GetUserTreeMenu 'nanang.andriani','1108',@CompanyId=2;
29/05/2023 16:56:04	SQL :EXEC GetUserTreeMenu 'nanang.andriani','1109',@CompanyId=2;
29/05/2023 16:56:04	SQL :EXEC GetUserTreeMenu 'nanang.andriani','1110',@CompanyId=2;
29/05/2023 16:56:04	SQL :EXEC GetUserTreeMenu 'nanang.andriani','1111',@CompanyId=2;
29/05/2023 16:56:04	SQL :EXEC GetUserTreeMenu 'nanang.andriani','1112',@CompanyId=2;
29/05/2023 16:56:04	SQL :EXEC GetUserTreeMenu 'nanang.andriani','1113',@CompanyId=2;
29/05/2023 16:56:04	SQL :EXEC GetUserTreeMenu 'nanang.andriani','1114',@CompanyId=2;
29/05/2023 16:56:04	SQL :EXEC GetUserTreeMenu 'nanang.andriani','1115',@CompanyId=2;
29/05/2023 16:56:05	SQL :EXEC GetUserTreeMenu 'nanang.andriani','1116',@CompanyId=2;
29/05/2023 16:56:05	SQL :EXEC GetUserTreeMenu 'nanang.andriani','1117',@CompanyId=2;
29/05/2023 16:56:05	SQL :EXEC GetUserTreeMenu 'nanang.andriani','1198',@CompanyId=2;
29/05/2023 16:56:05	SQL :EXEC GetUserTreeMenu 'nanang.andriani','1199',@CompanyId=2;
29/05/2023 16:56:05	SQL :EXEC GetUserSubMenu 'nanang.andriani','12';
29/05/2023 16:56:05	SQL :EXEC GetUserTreeMenu 'nanang.andriani','1201',@CompanyId=2;
29/05/2023 16:56:05	SQL :EXEC GetUserTreeMenu 'nanang.andriani','1202',@CompanyId=2;
29/05/2023 16:56:05	SQL :EXEC GetUserTreeMenu 'nanang.andriani','1203',@CompanyId=2;
29/05/2023 16:56:05	SQL :EXEC GetUserTreeMenu 'nanang.andriani','1204',@CompanyId=2;
29/05/2023 16:56:05	SQL :EXEC GetUserTreeMenu 'nanang.andriani','1205',@CompanyId=2;
29/05/2023 16:56:05	SQL :EXEC GetUserTreeMenu 'nanang.andriani','1206',@CompanyId=2;
29/05/2023 16:56:05	SQL :EXEC GetUserTreeMenu 'nanang.andriani','1207',@CompanyId=2;
29/05/2023 16:56:05	SQL :EXEC GetUserSubMenu 'nanang.andriani','13';
29/05/2023 16:56:05	SQL :EXEC GetUserTreeMenu 'nanang.andriani','1301',@CompanyId=2;
29/05/2023 16:56:05	SQL :EXEC GetUserTreeMenu 'nanang.andriani','1302',@CompanyId=2;
29/05/2023 16:56:05	SQL :EXEC GetUserTreeMenu 'nanang.andriani','1303',@CompanyId=2;
29/05/2023 16:56:05	SQL :EXEC GetUserTreeMenu 'nanang.andriani','1304',@CompanyId=2;
29/05/2023 16:56:05	SQL :EXEC GetUserTreeMenu 'nanang.andriani','1305',@CompanyId=2;
29/05/2023 16:56:05	SQL :EXEC GetUserTreeMenu 'nanang.andriani','1306',@CompanyId=2;
29/05/2023 16:56:05	SQL :EXEC GetUserTreeMenu 'nanang.andriani','1307',@CompanyId=2;
29/05/2023 16:56:05	SQL :EXEC GetUserTreeMenu 'nanang.andriani','1308',@CompanyId=2;
29/05/2023 16:56:05	SQL :EXEC GetUserTreeMenu 'nanang.andriani','1309',@CompanyId=2;
29/05/2023 16:56:05	SQL :EXEC GetUserTreeMenu 'nanang.andriani','1310',@CompanyId=2;
29/05/2023 16:56:05	SQL :EXEC GetUserTreeMenu 'nanang.andriani','1311',@CompanyId=2;
29/05/2023 16:56:05	SQL :EXEC GetUserTreeMenu 'nanang.andriani','1312',@CompanyId=2;
29/05/2023 16:56:05	SQL :EXEC GetUserTreeMenu 'nanang.andriani','1313',@CompanyId=2;
29/05/2023 16:56:05	SQL :EXEC GetUserTreeMenu 'nanang.andriani','1314',@CompanyId=2;
29/05/2023 16:56:05	SQL :EXEC GetUserTreeMenu 'nanang.andriani','1315',@CompanyId=2;
29/05/2023 16:56:05	SQL :EXEC GetUserTreeMenu 'nanang.andriani','1316',@CompanyId=2;
29/05/2023 16:56:05	SQL :EXEC GetUserTreeMenu 'nanang.andriani','1317',@CompanyId=2;
29/05/2023 16:56:05	SQL :EXEC GetUserTreeMenu 'nanang.andriani','1318',@CompanyId=2;
29/05/2023 16:56:05	SQL :EXEC GetUserTreeMenu 'nanang.andriani','1319',@CompanyId=2;
29/05/2023 16:56:05	SQL :EXEC GetUserTreeMenu 'nanang.andriani','1320',@CompanyId=2;
29/05/2023 16:56:05	SQL :EXEC GetUserTreeMenu 'nanang.andriani','1321',@CompanyId=2;
29/05/2023 16:56:06	SQL :EXEC GetUserTreeMenu 'nanang.andriani','1322',@CompanyId=2;
29/05/2023 16:56:06	SQL :EXEC GetUserSubMenu 'nanang.andriani','14';
29/05/2023 16:56:06	SQL :EXEC GetUserTreeMenu 'nanang.andriani','1401',@CompanyId=2;
29/05/2023 16:56:06	SQL :EXEC GetUserTreeMenu 'nanang.andriani','1402',@CompanyId=2;
29/05/2023 16:56:06	SQL :EXEC GetUserTreeMenu 'nanang.andriani','1403',@CompanyId=2;
29/05/2023 16:56:06	SQL :EXEC GetUserTreeMenu 'nanang.andriani','1404',@CompanyId=2;
29/05/2023 16:56:06	SQL :EXEC GetUserTreeMenu 'nanang.andriani','1406',@CompanyId=2;
29/05/2023 16:56:06	SQL :EXEC GetUserTreeMenu 'nanang.andriani','1408',@CompanyId=2;
29/05/2023 16:56:06	SQL :EXEC GetUserTreeMenu 'nanang.andriani','1410',@CompanyId=2;
29/05/2023 16:56:06	SQL :EXEC GetUserTreeMenu 'nanang.andriani','1411',@CompanyId=2;
29/05/2023 16:56:06	SQL :EXEC GetUserTreeMenu 'nanang.andriani','1412',@CompanyId=2;
29/05/2023 16:56:06	SQL :EXEC GetUserTreeMenu 'nanang.andriani','1413',@CompanyId=2;
29/05/2023 16:56:06	SQL :EXEC GetUserTreeMenu 'nanang.andriani','1414',@CompanyId=2;
29/05/2023 16:56:06	SQL :EXEC GetUserSubMenu 'nanang.andriani','15';
29/05/2023 16:56:06	SQL :EXEC GetUserTreeMenu 'nanang.andriani','1501',@CompanyId=2;
29/05/2023 16:56:06	SQL :EXEC GetUserTreeMenu 'nanang.andriani','1502',@CompanyId=2;
29/05/2023 16:56:06	SQL :EXEC GetUserTreeMenu 'nanang.andriani','1503',@CompanyId=2;
29/05/2023 16:56:06	SQL :EXEC GetUserTreeMenu 'nanang.andriani','1504',@CompanyId=2;
29/05/2023 16:56:06	SQL :EXEC GetUserTreeMenu 'nanang.andriani','1505',@CompanyId=2;
29/05/2023 16:56:06	SQL :EXEC GetUserTreeMenu 'nanang.andriani','1506',@CompanyId=2;
29/05/2023 16:56:06	SQL :EXEC GetUserTreeMenu 'nanang.andriani','1507',@CompanyId=2;
29/05/2023 16:56:06	SQL :EXEC GetUserTreeMenu 'nanang.andriani','1508',@CompanyId=2;
29/05/2023 16:56:06	SQL :EXEC GetUserTreeMenu 'nanang.andriani','1509',@CompanyId=2;
29/05/2023 16:56:06	SQL :EXEC GetUserTreeMenu 'nanang.andriani','1510',@CompanyId=2;
29/05/2023 16:56:06	SQL :EXEC GetUserTreeMenu 'nanang.andriani','1511',@CompanyId=2;
29/05/2023 16:56:06	SQL :EXEC GetUserSubMenu 'nanang.andriani','16';
29/05/2023 16:56:06	SQL :EXEC GetUserTreeMenu 'nanang.andriani','1601',@CompanyId=2;
29/05/2023 16:56:06	SQL :EXEC GetUserTreeMenu 'nanang.andriani','1602',@CompanyId=2;
29/05/2023 16:56:06	SQL :EXEC GetUserTreeMenu 'nanang.andriani','1603',@CompanyId=2;
29/05/2023 16:56:06	SQL :EXEC GetUserTreeMenu 'nanang.andriani','1604',@CompanyId=2;
29/05/2023 16:56:06	SQL :EXEC GetUserTreeMenu 'nanang.andriani','1605',@CompanyId=2;
29/05/2023 16:56:06	SQL :EXEC GetUserTreeMenu 'nanang.andriani','1606',@CompanyId=2;
29/05/2023 16:56:06	SQL :EXEC GetUserTreeMenu 'nanang.andriani','1607',@CompanyId=2;
29/05/2023 16:56:06	SQL :EXEC GetUserTreeMenu 'nanang.andriani','1608',@CompanyId=2;
29/05/2023 16:56:06	SQL :EXEC GetUserTreeMenu 'nanang.andriani','1609',@CompanyId=2;
29/05/2023 16:56:06	SQL :EXEC GetUserTreeMenu 'nanang.andriani','1610',@CompanyId=2;
29/05/2023 16:56:06	SQL :EXEC GetUserTreeMenu 'nanang.andriani','1611',@CompanyId=2;
29/05/2023 16:56:06	SQL :EXEC GetUserTreeMenu 'nanang.andriani','1612',@CompanyId=2;
29/05/2023 16:56:07	SQL :EXEC GetUserTreeMenu 'nanang.andriani','1613',@CompanyId=2;
29/05/2023 16:56:07	SQL :EXEC GetUserTreeMenu 'nanang.andriani','1614',@CompanyId=2;
29/05/2023 16:56:07	SQL :EXEC GetUserTreeMenu 'nanang.andriani','1615',@CompanyId=2;
29/05/2023 16:56:07	SQL :EXEC GetUserTreeMenu 'nanang.andriani','1616',@CompanyId=2;
29/05/2023 16:56:07	SQL :EXEC GetUserTreeMenu 'nanang.andriani','1619',@CompanyId=2;
29/05/2023 16:56:07	SQL :EXEC GetUserTreeMenu 'nanang.andriani','1620',@CompanyId=2;
29/05/2023 16:56:07	SQL :EXEC GetUserSubMenu 'nanang.andriani','17';
29/05/2023 16:56:07	SQL :EXEC GetUserTreeMenu 'nanang.andriani','1701',@CompanyId=2;
29/05/2023 16:56:07	SQL :EXEC GetUserTreeMenu 'nanang.andriani','1702',@CompanyId=2;
29/05/2023 16:56:07	SQL :EXEC GetUserTreeMenu 'nanang.andriani','1703',@CompanyId=2;
29/05/2023 16:56:07	SQL :EXEC GetUserTreeMenu 'nanang.andriani','1704',@CompanyId=2;
29/05/2023 16:56:07	SQL :EXEC GetUserTreeMenu 'nanang.andriani','1705',@CompanyId=2;
29/05/2023 16:56:07	SQL :EXEC GetUserTreeMenu 'nanang.andriani','1706',@CompanyId=2;
29/05/2023 16:56:07	SQL :EXEC GetUserTreeMenu 'nanang.andriani','1707',@CompanyId=2;
29/05/2023 16:56:07	SQL :EXEC GetUserTreeMenu 'nanang.andriani','1708',@CompanyId=2;
29/05/2023 16:56:07	SQL :EXEC GetUserTreeMenu 'nanang.andriani','1709',@CompanyId=2;
29/05/2023 16:56:07	SQL :EXEC GetUserTreeMenu 'nanang.andriani','1710',@CompanyId=2;
29/05/2023 16:56:07	SQL :EXEC GetUserTreeMenu 'nanang.andriani','1711',@CompanyId=2;
29/05/2023 16:56:07	SQL :EXEC GetUserTreeMenu 'nanang.andriani','1712',@CompanyId=2;
29/05/2023 16:56:07	SQL :EXEC GetUserTreeMenu 'nanang.andriani','1713',@CompanyId=2;
29/05/2023 16:56:07	SQL :EXEC GetUserTreeMenu 'nanang.andriani','1714',@CompanyId=2;
29/05/2023 16:56:07	SQL :EXEC GetUserTreeMenu 'nanang.andriani','1715',@CompanyId=2;
29/05/2023 16:56:07	SQL :EXEC GetUserTreeMenu 'nanang.andriani','1716',@CompanyId=2;
29/05/2023 16:56:07	SQL :EXEC GetUserTreeMenu 'nanang.andriani','1717',@CompanyId=2;
29/05/2023 16:56:07	SQL :EXEC GetUserSubMenu 'nanang.andriani','18';
29/05/2023 16:56:07	SQL :EXEC GetUserTreeMenu 'nanang.andriani','1801',@CompanyId=2;
29/05/2023 16:56:07	SQL :EXEC GetUserSubMenu 'nanang.andriani','19';
29/05/2023 16:56:07	SQL :EXEC GetUserTreeMenu 'nanang.andriani','1901',@CompanyId=2;
29/05/2023 16:56:07	SQL :EXEC GetUserTreeMenu 'nanang.andriani','1902',@CompanyId=2;
29/05/2023 16:56:07	SQL :EXEC GetUserTreeMenu 'nanang.andriani','1903',@CompanyId=2;
29/05/2023 16:56:07	SQL :EXEC GetUserTreeMenu 'nanang.andriani','1904',@CompanyId=2;
29/05/2023 16:56:07	SQL :EXEC GetUserTreeMenu 'nanang.andriani','1905',@CompanyId=2;
29/05/2023 16:56:07	SQL :EXEC GetUserTreeMenu 'nanang.andriani','1906',@CompanyId=2;
29/05/2023 16:56:07	SQL :EXEC GetUserTreeMenu 'nanang.andriani','1907',@CompanyId=2;
29/05/2023 16:56:07	SQL :EXEC GetUserTreeMenu 'nanang.andriani','1908',@CompanyId=2;
29/05/2023 16:56:07	SQL :EXEC GetUserTreeMenu 'nanang.andriani','1909',@CompanyId=2;
29/05/2023 16:56:07	SQL :EXEC GetUserTreeMenu 'nanang.andriani','1910',@CompanyId=2;
29/05/2023 16:56:07	SQL :EXEC GetUserTreeMenu 'nanang.andriani','1911',@CompanyId=2;
29/05/2023 16:56:07	SQL :EXEC GetUserTreeMenu 'nanang.andriani','1912',@CompanyId=2;
29/05/2023 16:56:07	SQL :SELECT CONVERT(VARCHAR(8),GETDATE(),108) AS hour_minute;
29/05/2023 16:56:07	SQL :SELECT CONVERT(VARCHAR(10),GETDATE(),103) AS date_time;
29/05/2023 16:56:07	Loading Setting
29/05/2023 16:56:07	Open DB Connection
29/05/2023 16:56:07	SQL :SELECT * FROM wh_setting WHERE setting_name='Hold_Less_Deposit';
29/05/2023 16:56:08	SQL :SELECT * FROM wh_setting WHERE setting_name='Max_Less_Deposit';
29/05/2023 16:56:08	SQL :SELECT * FROM wh_setting WHERE setting_name='Dashboard_2';
29/05/2023 16:56:08	Finish Logging
29/05/2023 16:56:08	SQL :SELECT value_string FROM wh_setting WHERE (setting_name='Interval_CheckInDate') AND (active=1);
29/05/2023 16:56:08	SQL :SELECT value_string FROM wh_setting WHERE (setting_name='Interval_CheckInTime') AND (active=1);
29/05/2023 16:56:08	SQL :SELECT value_string FROM wh_setting WHERE (setting_name='ChatEnable') and (active=1);
29/05/2023 16:56:08	Message:Port Check
29/05/2023 16:56:09	Message:Open DB Connection
29/05/2023 16:56:09	SQL :EXEC GetMessage '01','nanang.andriani';
29/05/2023 16:56:09	SQL :SELECT CONVERT(VARCHAR(8),GETDATE(),108) AS hour_minute;
29/05/2023 16:56:09	SQL :SELECT CONVERT(VARCHAR(10),GETDATE(),103) AS date_time;
29/05/2023 17:06:14	Message:Port Check
29/05/2023 17:06:14	Message:Open DB Connection
29/05/2023 17:06:14	SQL :EXEC GetMessage '01','nanang.andriani';
29/05/2023 17:06:14	SQL :SELECT CONVERT(VARCHAR(8),GETDATE(),129/05/2023 17:11:45	Get Local Settings
29/05/2023 17:11:45	Start Change Local Settings
29/05/2023 17:11:45	Change short date format
29/05/2023 17:11:45	Change Long date format
29/05/2023 17:11:45	Finish Change Local Settings
29/05/2023 17:11:45	Registry Read: Path=SOFTWARE\WEHA\Aplikasi\3
29/05/2023 17:11:45	Registry Read/Write
29/05/2023 17:11:45	Registry Read: Path=SOFTWARE\WEHA\Aplikasi\3
29/05/2023 17:11:45	Registry Read:Fail
29/05/2023 17:11:45	Setting DB Param
29/05/2023 17:11:45	Create DB Object
29/05/2023 17:11:45	Init DB
29/05/2023 17:11:48	Error Create DB Connection
29/05/2023 17:11:51	Change Db Connection to :Provider=MSDASQL.1
29/05/2023 17:11:51	Finish Create DB Connection
29/05/2023 17:11:51	Get File Version
29/05/2023 17:11:51	Change  Caption
29/05/2023 17:11:51	Init Shortkey
29/05/2023 17:11:55	Form Check :Setting
29/05/2023 17:11:55	Form Open: Setting
29/05/2023 17:12:15	Create DB Object
29/05/2023 17:12:15	Init DB
29/05/2023 17:12:15	Finish Init DB
29/05/2023 17:12:15	Port Check
29/05/2023 17:12:15	Connection Check
29/05/2023 17:12:15	Check Success
29/05/2023 17:12:17	Registry Write: 192.168.10.247,wh_prod,sa,SQLNCLI10
29/05/2023 17:12:17	Registry Read: Path=SOFTWARE\WEHA\Aplikasi\3
29/05/2023 17:12:17	Registry Rea29/05/2023 17:33:16	Get Local Settings
29/05/2023 17:33:16	Start Change Local Settings
29/05/2023 17:33:16	Change short date format
29/05/2023 17:33:16	Change Long date format
29/05/2023 17:33:16	Finish Change Local Settings
29/05/2023 17:33:16	Registry Read: Path=SOFTWARE\WEHA\Aplikasi\3
29/05/2023 17:33:16	Registry Read/Write
29/05/2023 17:33:16	Registry Read: Path=SOFTWARE\WEHA\Aplikasi\3
29/05/2023 17:33:16	Registry Read:Fail
29/05/2023 17:33:16	Setting DB Param
29/05/2023 17:33:16	Create DB Object
29/05/2023 17:33:16	Init DB
29/05/2023 17:33:24	Error Create DB Connection
29/05/2023 17:33:29	Change Db Connection to :Provider=MSDASQL.1
29/05/2023 17:33:29	Finish Create DB Connection
29/05/2023 17:33:29	Get File Version
29/05/2023 17:33:29	Change  Caption
29/05/2023 17:33:29	Init Shortkey
29/05/2023 17:33:30	Form Check :Setting
29/05/2023 17:33:30	Form Open: Setting
29/05/2023 17:33:49	Create DB Object
29/05/2023 17:33:49	Init DB
29/05/2023 17:33:49	Finish Init DB
29/05/2023 17:33:49	Port Check
29/05/2023 17:33:49	Connection Check
29/05/2023 17:33:49	Check Success
29/05/2023 17:33:51	Registry Write: 192.168.10.247,wh_prod,sa,SQLNCLI10
29/05/2023 17:33:51	Registry Read: Path=SOFTWARE\WEHA\Aplikasi\3
29/05/2023 17:33:51	Registry Read:Fail
29/05/2023 17:33:53	Create DB Object
29/05/2023 17:33:53	Init DB
29/05/2023 17:33:53	Finish Init DB
29/05/2023 17:33:59	Update new version check
29/05/2023 17:33:59	Open DB Connection
29/05/2023 17:33:59	SQL :
29/05/2023 17:33:59	Update check version
29/05/2023 17:33:59	Open DB Connection
29/05/2023 17:33:59	SQL :SELECT version FROM wh_application WHERE application_id=(SELECT MAX(application_id) FROM wh_application);
29/05/2023 17:33:59	Start Login
29/05/2023 17:33:59	Open DB Connection
29/05/2023 17:33:59	SQL :EXEC AuthenticateUser 'nanang.andriani','3b5929d0c23006c99522f38746d85dd4';
29/05/2023 17:33:59	SQL :INSERT INTO wh_log (user_id,app_date,app_version,app_version_svr,location_id,company_id,department_id,host_name,ip_address)  VALUES ('nanang.andriani','29/05/2023','6.1.5.22','6.1.5.20',6,2,13,'DESKTOP-88BM05S','192.168.25.214');
29/05/2023 17:33:59	Open DB Connection
29/05/2023 17:33:59	SQL :EXEC GetUserMenu 'nanang.andriani';
29/05/2023 17:33:59	SQL :EXEC GetUserSubMenu 'nanang.andriani','11';
29/05/2023 17:33:59	SQL :EXEC GetUserTreeMenu 'nanang.andriani','1101',@CompanyId=2;
29/05/2023 17:33:59	SQL :EXEC GetUserTreeMenu 'nanang.andriani','1102',@CompanyId=2;
29/05/2023 17:33:59	SQL :EXEC GetUserTreeMenu 'nanang.andriani','1103',@CompanyId=2;
29/05/2023 17:33:59	SQL :EXEC GetUserTreeMenu 'nanang.andriani','1104',@CompanyId=2;
29/05/2023 17:33:59	SQL :EXEC GetUserTreeMenu 'nanang.andriani','1105',@CompanyId=2;
29/05/2023 17:34:00	SQL :EXEC GetUserTreeMenu 'nanang.andriani','1106',@CompanyId=2;
29/05/2023 17:34:00	SQL :EXEC GetUserTreeMenu 'nanang.andriani','1107',@CompanyId=2;
29/05/2023 17:34:00	SQL :EXEC GetUserTreeMenu 'nanang.andriani','1108',@CompanyId=2;
29/05/2023 17:34:00	SQL :EXEC GetUserTreeMenu 'nanang.andriani','1109',@CompanyId=2;
29/05/2023 17:34:00	SQL :EXEC GetUserTreeMenu 'nanang.andriani','1110',@CompanyId=2;
29/05/2023 17:34:00	SQL :EXEC GetUserTreeMenu 'nanang.andriani','1111',@CompanyId=2;
29/05/2023 17:34:00	SQL :EXEC GetUserTreeMenu 'nanang.andriani','1112',@CompanyId=2;
29/05/2023 17:34:00	SQL :EXEC GetUserTreeMenu 'nanang.andriani','1113',@CompanyId=2;
29/05/2023 17:34:00	SQL :EXEC GetUserTreeMenu 'nanang.andriani','1114',@CompanyId=2;
29/05/2023 17:34:00	SQL :EXEC GetUserTreeMenu 'nanang.andriani','1115',@CompanyId=2;
29/05/2023 17:34:00	SQL :EXEC GetUserTreeMenu 'nanang.andriani','1116',@CompanyId=2;
29/05/2023 17:34:00	SQL :EXEC GetUserTreeMenu 'nanang.andriani','1117',@CompanyId=2;
29/05/2023 17:34:00	SQL :EXEC GetUserTreeMenu 'nanang.andriani','1198',@CompanyId=2;
29/05/2023 17:34:00	SQL :EXEC GetUserTreeMenu 'nanang.andriani','1199',@CompanyId=2;
29/05/2023 17:34:00	SQL :EXEC GetUserSubMenu 'nanang.andriani','12';
29/05/2023 17:34:00	SQL :EXEC GetUserTreeMenu 'nanang.andriani','1201',@CompanyId=2;
29/05/2023 17:34:00	SQL :EXEC GetUserTreeMenu 'nanang.andriani','1202',@CompanyId=2;
29/05/2023 17:34:00	SQL :EXEC GetUserTreeMenu 'nanang.andriani','1203',@CompanyId=2;
29/05/2023 17:34:00	SQL :EXEC GetUserTreeMenu 'nanang.andriani','1204',@CompanyId=2;
29/05/2023 17:34:00	SQL :EXEC GetUserTreeMenu 'nanang.andriani','1205',@CompanyId=2;
29/05/2023 17:34:00	SQL :EXEC GetUserTreeMenu 'nanang.andriani','1206',@CompanyId=2;
29/05/2023 17:34:00	SQL :EXEC GetUserTreeMenu 'nanang.andriani','1207',@CompanyId=2;
29/05/2023 17:34:00	SQL :EXEC GetUserSubMenu 'nanang.andriani','13';
29/05/2023 17:34:00	SQL :EXEC GetUserTreeMenu 'nanang.andriani','1301',@CompanyId=2;
29/05/2023 17:34:00	SQL :EXEC GetUserTreeMenu 'nanang.andriani','1302',@CompanyId=2;
29/05/2023 17:34:01	SQL :EXEC GetUserTreeMenu 'nanang.andriani','1303',@CompanyId=2;
29/05/2023 17:34:01	SQL :EXEC GetUserTreeMenu 'nanang.andriani','1304',@CompanyId=2;
29/05/2023 17:34:01	SQL :EXEC GetUserTreeMenu 'nanang.andriani','1305',@CompanyId=2;
29/05/2023 17:34:01	SQL :EXEC GetUserTreeMenu 'nanang.andriani','1306',@CompanyId=2;
29/05/2023 17:34:01	SQL :EXEC GetUserTreeMenu 'nanang.andriani','1307',@CompanyId=2;
29/05/2023 17:34:01	SQL :EXEC GetUserTreeMenu 'nanang.andriani','1308',@CompanyId=2;
29/05/2023 17:34:01	SQL :EXEC GetUserTreeMenu 'nanang.andriani','1309',@CompanyId=2;
29/05/2023 17:34:01	SQL :EXEC GetUserTreeMenu 'nanang.andriani','1310',@CompanyId=2;
29/05/2023 17:34:01	SQL :EXEC GetUserTreeMenu 'nanang.andriani','1311',@CompanyId=2;
29/05/2023 17:34:01	SQL :EXEC GetUserTreeMenu 'nanang.andriani','1312',@CompanyId=2;
29/05/2023 17:34:01	SQL :EXEC GetUserTreeMenu 'nanang.andriani','1313',@CompanyId=2;
29/05/2023 17:34:01	SQL :EXEC GetUserTreeMenu 'nanang.andriani','1314',@CompanyId=2;
29/05/2023 17:34:01	SQL :EXEC GetUserTreeMenu 'nanang.andriani','1315',@CompanyId=2;
29/05/2023 17:34:01	SQL :EXEC GetUserTreeMenu 'nanang.andriani','1316',@CompanyId=2;
29/05/2023 17:34:01	SQL :EXEC GetUserTreeMenu 'nanang.andriani','1317',@CompanyId=2;
29/05/2023 17:34:01	SQL :EXEC GetUserTreeMenu 'nanang.andriani','1318',@CompanyId=2;
29/05/2023 17:34:01	SQL :EXEC GetUserTreeMenu 'nanang.andriani','1319',@CompanyId=2;
29/05/2023 17:34:01	SQL :EXEC GetUserTreeMenu 'nanang.andriani','1320',@CompanyId=2;
29/05/2023 17:34:01	SQL :EXEC GetUserTreeMenu 'nanang.andriani','1321',@CompanyId=2;
29/05/2023 17:34:01	SQL :EXEC GetUserTreeMenu 'nanang.andriani','1322',@CompanyId=2;
29/05/2023 17:34:01	SQL :EXEC GetUserSubMenu 'nanang.andriani','14';
29/05/2023 17:34:01	SQL :EXEC GetUserTreeMenu 'nanang.andriani','1401',@CompanyId=2;
29/05/2023 17:34:01	SQL :EXEC GetUserTreeMenu 'nanang.andriani','1402',@CompanyId=2;
29/05/2023 17:34:01	SQL :EXEC GetUserTreeMenu 'nanang.andriani','1403',@CompanyId=2;
29/05/2023 17:34:01	SQL :EXEC GetUserTreeMenu 'nanang.andriani','1404',@CompanyId=2;
29/05/2023 17:34:01	SQL :EXEC GetUserTreeMenu 'nanang.andriani','1406',@CompanyId=2;
29/05/2023 17:34:01	SQL :EXEC GetUserTreeMenu 'nanang.andriani','1408',@CompanyId=2;
29/05/2023 17:34:01	SQL :EXEC GetUserTreeMenu 'nanang.andriani','1410',@CompanyId=2;
29/05/2023 17:34:01	SQL :EXEC GetUserTreeMenu 'nanang.andriani','1411',@CompanyId=2;
29/05/2023 17:34:01	SQL :EXEC GetUserTreeMenu 'nanang.andriani','1412',@CompanyId=2;
29/05/2023 17:34:02	SQL :EXEC GetUserTreeMenu 'nanang.andriani','1413',@CompanyId=2;
29/05/2023 17:34:02	SQL :EXEC GetUserTreeMenu 'nanang.andriani','1414',@CompanyId=2;
29/05/2023 17:34:02	SQL :EXEC GetUserSubMenu 'nanang.andriani','15';
29/05/2023 17:34:02	SQL :EXEC GetUserTreeMenu 'nanang.andriani','1501',@CompanyId=2;
29/05/2023 17:34:02	SQL :EXEC GetUserTreeMenu 'nanang.andriani','1502',@CompanyId=2;
29/05/2023 17:34:02	SQL :EXEC GetUserTreeMenu 'nanang.andriani','1503',@CompanyId=2;
29/05/2023 17:34:02	SQL :EXEC GetUserTreeMenu 'nanang.andriani','1504',@CompanyId=2;
29/05/2023 17:34:02	SQL :EXEC GetUserTreeMenu 'nanang.andriani','1505',@CompanyId=2;
29/05/2023 17:34:02	SQL :EXEC GetUserTreeMenu 'nanang.andriani','1506',@CompanyId=2;
29/05/2023 17:34:02	SQL :EXEC GetUserTreeMenu 'nanang.andriani','1507',@CompanyId=2;
29/05/2023 17:34:02	SQL :EXEC GetUserTreeMenu 'nanang.andriani','1508',@CompanyId=2;
29/05/2023 17:34:02	SQL :EXEC GetUserTreeMenu 'nanang.andriani','1509',@CompanyId=2;
29/05/2023 17:34:02	SQL :EXEC GetUserTreeMenu 'nanang.andriani','1510',@CompanyId=2;
29/05/2023 17:34:02	SQL :EXEC GetUserTreeMenu 'nanang.andriani','1511',@CompanyId=2;
29/05/2023 17:34:02	SQL :EXEC GetUserSubMenu 'nanang.andriani','16';
29/05/2023 17:34:02	SQL :EXEC GetUserTreeMenu 'nanang.andriani','1601',@CompanyId=2;
29/05/2023 17:34:02	SQL :EXEC GetUserTreeMenu 'nanang.andriani','1602',@CompanyId=2;
29/05/2023 17:34:02	SQL :EXEC GetUserTreeMenu 'nanang.andriani','1603',@CompanyId=2;
29/05/2023 17:34:02	SQL :EXEC GetUserTreeMenu 'nanang.andriani','1604',@CompanyId=2;
29/05/2023 17:34:02	SQL :EXEC GetUserTreeMenu 'nanang.andriani','1605',@CompanyId=2;
29/05/2023 17:34:02	SQL :EXEC GetUserTreeMenu 'nanang.andriani','1606',@CompanyId=2;
29/05/2023 17:34:02	SQL :EXEC GetUserTreeMenu 'nanang.andriani','1607',@CompanyId=2;
29/05/2023 17:34:02	SQL :EXEC GetUserTreeMenu 'nanang.andriani','1608',@CompanyId=2;
29/05/2023 17:34:02	SQL :EXEC GetUserTreeMenu 'nanang.andriani','1609',@CompanyId=2;
29/05/2023 17:34:02	SQL :EXEC GetUserTreeMenu 'nanang.andriani','1610',@CompanyId=2;
29/05/2023 17:34:02	SQL :EXEC GetUserTreeMenu 'nanang.andriani','1611',@CompanyId=2;
29/05/2023 17:34:02	SQL :EXEC GetUserTreeMenu 'nanang.andriani','1612',@CompanyId=2;
29/05/2023 17:34:02	SQL :EXEC GetUserTreeMenu 'nanang.andriani','1613',@CompanyId=2;
29/05/2023 17:34:03	SQL :EXEC GetUserTreeMenu 'nanang.andriani','1614',@CompanyId=2;
29/05/2023 17:34:03	SQL :EXEC GetUserTreeMenu 'nanang.andriani','1615',@CompanyId=2;
29/05/2023 17:34:03	SQL :EXEC GetUserTreeMenu 'nanang.andriani','1616',@CompanyId=2;
29/05/2023 17:34:03	SQL :EXEC GetUserTreeMenu 'nanang.andriani','1619',@CompanyId=2;
29/05/2023 17:34:03	SQL :EXEC GetUserTreeMenu 'nanang.andriani','1620',@CompanyId=2;
29/05/2023 17:34:03	SQL :EXEC GetUserSubMenu 'nanang.andriani','17';
29/05/2023 17:34:03	SQL :EXEC GetUserTreeMenu 'nanang.andriani','1701',@CompanyId=2;
29/05/2023 17:34:03	SQL :EXEC GetUserTreeMenu 'nanang.andriani','1702',@CompanyId=2;
29/05/2023 17:34:03	SQL :EXEC GetUserTreeMenu 'nanang.andriani','1703',@CompanyId=2;
29/05/2023 17:34:03	SQL :EXEC GetUserTreeMenu 'nanang.andriani','1704',@CompanyId=2;
29/05/2023 17:34:03	SQL :EXEC GetUserTreeMenu 'nanang.andriani','1705',@CompanyId=2;
29/05/2023 17:34:03	SQL :EXEC GetUserTreeMenu 'nanang.andriani','1706',@CompanyId=2;
29/05/2023 17:34:03	SQL :EXEC GetUserTreeMenu 'nanang.andriani','1707',@CompanyId=2;
29/05/2023 17:34:03	SQL :EXEC GetUserTreeMenu 'nanang.andriani','1708',@CompanyId=2;
29/05/2023 17:34:03	SQL :EXEC GetUserTreeMenu 'nanang.andriani','1709',@CompanyId=2;
29/05/2023 17:34:03	SQL :EXEC GetUserTreeMenu 'nanang.andriani','1710',@CompanyId=2;
29/05/2023 17:34:03	SQL :EXEC GetUserTreeMenu 'nanang.andriani','1711',@CompanyId=2;
29/05/2023 17:34:03	SQL :EXEC GetUserTreeMenu 'nanang.andriani','1712',@CompanyId=2;
29/05/2023 17:34:03	SQL :EXEC GetUserTreeMenu 'nanang.andriani','1713',@CompanyId=2;
29/05/2023 17:34:03	SQL :EXEC GetUserTreeMenu 'nanang.andriani','1714',@CompanyId=2;
29/05/2023 17:34:03	SQL :EXEC GetUserTreeMenu 'nanang.andriani','1715',@CompanyId=2;
29/05/2023 17:34:03	SQL :EXEC GetUserTreeMenu 'nanang.andriani','1716',@CompanyId=2;
29/05/2023 17:34:03	SQL :EXEC GetUserTreeMenu 'nanang.andriani','1717',@CompanyId=2;
29/05/2023 17:34:03	SQL :EXEC GetUserSubMenu 'nanang.andriani','18';
29/05/2023 17:34:04	SQL :EXEC GetUserTreeMenu 'nanang.andriani','1801',@CompanyId=2;
29/05/2023 17:34:04	SQL :EXEC GetUserSubMenu 'nanang.andriani','19';
29/05/2023 17:34:04	SQL :EXEC GetUserTreeMenu 'nanang.andriani','1901',@CompanyId=2;
29/05/2023 17:34:04	SQL :EXEC GetUserTreeMenu 'nanang.andriani','1902',@CompanyId=2;
29/05/2023 17:34:04	SQL :EXEC GetUserTreeMenu 'nanang.andriani','1903',@CompanyId=2;
29/05/2023 17:34:04	SQL :EXEC GetUserTreeMenu 'nanang.andriani','1904',@CompanyId=2;
29/05/2023 17:34:04	SQL :EXEC GetUserTreeMenu 'nanang.andriani','1905',@CompanyId=2;
29/05/2023 17:34:04	SQL :EXEC GetUserTreeMenu 'nanang.andriani','1906',@CompanyId=2;
29/05/2023 17:34:04	SQL :EXEC GetUserTreeMenu 'nanang.andriani','1907',@CompanyId=2;
29/05/2023 17:34:04	SQL :EXEC GetUserTreeMenu 'nanang.andriani','1908',@CompanyId=2;
29/05/2023 17:34:04	SQL :EXEC GetUserTreeMenu 'nanang.andriani','1909',@CompanyId=2;
29/05/2023 17:34:04	SQL :EXEC GetUserTreeMenu 'nanang.andriani','1910',@CompanyId=2;
29/05/2023 17:34:04	SQL :EXEC GetUserTreeMenu 'nanang.andriani','1911',@CompanyId=2;
29/05/2023 17:34:04	SQL :EXEC GetUserTreeMenu 'nanang.andriani','1912',@CompanyId=2;
29/05/2023 17:34:04	SQL :SELECT CONVERT(VARCHAR(8),GETDATE(),108) AS hour_minute;
29/05/2023 17:34:04	SQL :SELECT CONVERT(VARCHAR(10),GETDATE(),103) AS date_time;
29/05/2023 17:34:04	Loading Setting
29/05/2023 17:34:04	Open DB Connection
29/05/2023 17:34:04	SQL :SELECT * FROM wh_setting WHERE setting_name='Hold_Less_Deposit';
29/05/2023 17:34:04	SQL :SELECT * FROM wh_setting WHERE setting_name='Max_Less_Deposit';
29/05/2023 17:34:04	SQL :SELECT * FROM wh_setting WHERE setting_name='Dashboard_2';
29/05/2023 17:34:04	Finish Logging
29/05/2023 17:34:04	SQL :SELECT value_string FROM wh_setting WHERE (setting_name='Interval_CheckInDate') AND (active=1);
29/05/2023 17:34:04	SQL :SELECT value_string FROM wh_setting WHERE (setting_name='Interval_CheckInTime') AND (active=1);
29/05/2023 17:34:04	SQL :SELECT value_string FROM wh_setting WHERE (setting_name='ChatEnable') and (active=1);
29/05/2023 17:34:05	Message:Port Check
29/05/2023 17:34:05	Message:Open DB Connection
29/05/2023 17:34:05	SQL :EXEC GetMessage '01','nanang.andriani';
29/05/2023 17:34:05	SQL :SELECT CONVERT(VARCHAR(8),GETDATE(),108) AS hour_minute;
29/05/2023 17:34:05	SQL :SELECT CONVERT(VARCHAR(10),GETDATE(),103) AS date_time;
29/05/2023 17:34:07	Open Menu :131202
29/05/2023 17:34:07	Open DB Connection
29/05/2023 17:34:07	SQL :EXEC AuthMenu 'nanang.andriani',131202;
29/05/2023 17:34:07	Form Check :OrderFeeList
29/05/2023 17:34:07	Form Open: OrderFeeList=Main-Change
29/05/2023 17:34:09	SQL :EXEC GetVhcOutList2_S 6,1,2,@OutDate='2023/05/30'
29/05/2023 17:34:10	Form Open: OrderFee=SJBRB23053350,-1
29/05/2023 17:34:10	Open DB Connection
29/05/2023 17:34:10	SQL :SELECT value_string FROM wh_setting WHERE (setting_name='OrderFee_Form_Day_CompanyId_2') and (active=1);
29/05/2023 17:34:10	SQL :SELECT value_string FROM wh_setting WHERE (setting_name='OrderFee_Form_Days_CompanyId_2') and (active=1);
29/05/2023 17:34:11	SQL :SELECT value_string FROM wh_setting WHERE (setting_name='Show_eToll_CompanyId_2') and (active=1);
29/05/2023 17:34:11	SQL :SELECT value_string FROM wh_setting WHERE (setting_name='eToll_Calculation_CompanyId_2') and (active=1);
29/05/2023 17:34:11	SQL :SELECT * FROM wh_setting WHERE (setting_name='Lock_Budget_CompanyId_2') AND (active=1);
29/05/2023 17:34:11	SQL :SELECT * FROM wh_setting WHERE (setting_name='Allow_UnlockBudget_NULL_CompanyId_2') AND (active=1);
29/05/2023 17:34:11	Open DB Connection
29/05/2023 17:34:11	SQL :SELECT * FROM wh_setting WHERE (setting_name='Lock_Budget_Integrate_CompanyId_2') AND (active=1);
29/05/2023 17:34:11	SQL :EXEC GetVhcOutDetail 'SJBRB23053350';
29/05/2023 17:34:14	SQL :EXEC GetCustomerOrderServiceList 'COWDC23040236';
29/05/2023 17:34:14	SQL :EXEC GetPrice;
29/05/2023 17:34:17	Open DB Connection
29/05/2023 17:34:18	Open DB Connection
29/05/2023 17:34:18	SQL :EXEC GetVhcOutDetail 'SJBRB23053350';
29/05/2023 17:34:21	SQL :SELECT * FROM wh_vhc_trans_detail_detail WHERE vhc_trans_id='SJBRB23053350';
29/05/2023 17:34:21	SQL :SELECT SUM(a.amount) AS amount,SUM(a.total_amount) AS total_amount FROM wh_vhc_trans_detail a INNER JOIN wh_transaction_type b ON b.transaction_type_id=a.transaction_type_id WHERE vhc_trans_id='SJBRB23053350' AND (a.transaction_type_id='140101') AND (status=1);
29/05/2023 17:34:21	SQL :SELECT SUM(a.amount) AS amount ,SUM(a.total_amount) AS total_amount FROM wh_vhc_trans_detail a INNER JOIN wh_transaction_type b ON b.transaction_type_id=a.transaction_type_id WHERE vhc_trans_id='SJBRB23053350' AND (a.transaction_type_id='140102') AND (status=1);
29/05/2023 17:34:21	SQL :SELECT SUM(a.amount) as amount,SUM(a.total_amount) AS total_amount FROM wh_vhc_trans_detail a INNER JOIN wh_transaction_type b ON b.transaction_type_id=a.transaction_type_id WHERE vhc_trans_id='SJBRB23053350' AND (a.transaction_type_id='140103') AND (status=1);
29/05/2023 17:34:21	SQL :SELECT SUM(a.amount) AS amount,SUM(a.total_amount) AS total_amount FROM wh_vhc_trans_detail a INNER JOIN wh_transaction_type b ON b.transaction_type_id=a.transaction_type_id WHERE vhc_trans_id='SJBRB23053350' AND (a.transaction_type_id='140104') AND (status=1);
29/05/2023 17:34:21	SQL :SELECT SUM(a.amount) AS amount,SUM(a.total_amount) AS total_amount FROM wh_vhc_trans_detail a INNER JOIN wh_transaction_type b ON b.transaction_type_id=a.transaction_type_id WHERE vhc_trans_id='SJBRB23053350' AND (a.transaction_type_id='140106') AND (status=1);
29/05/2023 17:34:21	SQL :SELECT SUM(a.amount) AS amount,SUM(a.total_amount) AS total_amount FROM wh_vhc_trans_detail a INNER JOIN wh_transaction_type b ON b.transaction_type_id=a.transaction_type_id WHERE vhc_trans_id='SJBRB23053350' AND (a.transaction_type_id='140113') AND (status=1);
29/05/2023 17:34:37	Form Check :ChatClient
29/05/2023 17:34:38	Form Check :AuthorizedForm
29/05/2023 17:34:38	Form Check :RePrintForm
29/05/2023 17:34:38	Form Check :Em29/05/2023 17:36:27	Get Local Settings
29/05/2023 17:36:27	Start Change Local Settings
29/05/2023 17:36:27	Change short date format
29/05/2023 17:36:27	Change Long date format
29/05/2023 17:36:27	Finish Change Local Settings
29/05/2023 17:36:27	Registry Read: Path=SOFTWARE\WEHA\Aplikasi\3
29/05/2023 17:36:27	Registry Read/Write
29/05/2023 17:36:27	Registry Read: Path=SOFTWARE\WEHA\Aplikasi\3
29/05/2023 17:36:27	Registry Read:Fail
29/05/2023 17:36:27	Setting DB Param
29/05/2023 17:36:27	Create DB Object
29/05/2023 17:36:27	Init DB
29/05/2023 17:36:28	Error Create DB Connection
29/05/2023 17:36:32	Change Db Connection to :Provider=MSDASQL.1
29/05/2023 17:36:32	Finish Create DB Connection
29/05/2023 17:36:32	Get File Version
29/05/2023 17:36:32	Change  Caption
29/05/2023 17:36:32	Init Shortkey
29/05/2023 17:36:33	Form Check :Setting
29/05/2023 17:36:33	Form Open: Setting
29/05/2023 17:36:50	Create DB Object
29/05/2023 17:36:50	Init DB
29/05/2023 17:36:50	Finish Init DB
29/05/2023 17:36:50	Port Check
29/05/2023 17:36:50	Connection Check
29/05/2023 17:36:50	Check Success
29/05/2023 17:36:51	Registry Write: 192.168.10.247,wh_prod,sa,SQLNCLI10
29/05/2023 17:36:51	Registry Read: Path=SOFTWARE\WEHA\Aplikasi\3
29/05/2023 17:36:51	Registry Read:Fail
29/05/2023 17:36:53	Create DB Object
29/05/2023 17:36:53	Init DB
29/05/2023 17:36:53	Finish Init DB
29/05/2023 17:36:59	Update new version check
29/05/2023 17:36:59	Open DB Connection
29/05/2023 17:36:59	SQL :
29/05/2023 17:36:59	Update check version
29/05/2023 17:36:59	Open DB Connection
29/05/2023 17:36:59	SQL :SELECT version FROM wh_application WHERE application_id=(SELECT MAX(application_id) FROM wh_application);
29/05/2023 17:36:59	Start Login
29/05/2023 17:36:59	Open DB Connection
29/05/2023 17:36:59	SQL :EXEC AuthenticateUser 'nanang.andriani','3b5929d0c23006c99522f38746d85dd4';
29/05/2023 17:36:59	SQL :INSERT INTO wh_log (user_id,app_date,app_version,app_version_svr,location_id,company_id,department_id,host_name,ip_address)  VALUES ('nanang.andriani','29/05/2023','6.1.5.22','6.1.5.20',6,2,13,'DESKTOP-88BM05S','192.168.25.214');
29/05/2023 17:37:03	Open DB Connection
29/05/2023 17:37:03	SQL :EXEC GetUserMenu 'nanang.andriani';
29/05/2023 17:37:03	SQL :EXEC GetUserSubMenu 'nanang.andriani','11';
29/05/2023 17:37:03	SQL :EXEC GetUserTreeMenu 'nanang.andriani','1101',@CompanyId=2;
29/05/2023 17:37:03	SQL :EXEC GetUserTreeMenu 'nanang.andriani','1102',@CompanyId=2;
29/05/2023 17:37:03	SQL :EXEC GetUserTreeMenu 'nanang.andriani','1103',@CompanyId=2;
29/05/2023 17:37:03	SQL :EXEC GetUserTreeMenu 'nanang.andriani','1104',@CompanyId=2;
29/05/2023 17:37:03	SQL :EXEC GetUserTreeMenu 'nanang.andriani','1105',@CompanyId=2;
29/05/2023 17:37:03	SQL :EXEC GetUserTreeMenu 'nanang.andriani','1106',@CompanyId=2;
29/05/2023 17:37:03	SQL :EXEC GetUserTreeMenu 'nanang.andriani','1107',@CompanyId=2;
29/05/2023 17:37:03	SQL :EXEC GetUserTreeMenu 'nanang.andriani','1108',@CompanyId=2;
29/05/2023 17:37:04	SQL :EXEC GetUserTreeMenu 'nanang.andriani','1109',@CompanyId=2;
29/05/2023 17:37:04	SQL :EXEC GetUserTreeMenu 'nanang.andriani','1110',@CompanyId=2;
29/05/2023 17:37:04	SQL :EXEC GetUserTreeMenu 'nanang.andriani','1111',@CompanyId=2;
29/05/2023 17:37:04	SQL :EXEC GetUserTreeMenu 'nanang.andriani','1112',@CompanyId=2;
29/05/2023 17:37:04	SQL :EXEC GetUserTreeMenu 'nanang.andriani','1113',@CompanyId=2;
29/05/2023 17:37:04	SQL :EXEC GetUserTreeMenu 'nanang.andriani','1114',@CompanyId=2;
29/05/2023 17:37:04	SQL :EXEC GetUserTreeMenu 'nanang.andriani','1115',@CompanyId=2;
29/05/2023 17:37:04	SQL :EXEC GetUserTreeMenu 'nanang.andriani','1116',@CompanyId=2;
29/05/2023 17:37:04	SQL :EXEC GetUserTreeMenu 'nanang.andriani','1117',@CompanyId=2;
29/05/2023 17:37:04	SQL :EXEC GetUserTreeMenu 'nanang.andriani','1198',@CompanyId=2;
29/05/2023 17:37:04	SQL :EXEC GetUserTreeMenu 'nanang.andriani','1199',@CompanyId=2;
29/05/2023 17:37:04	SQL :EXEC GetUserSubMenu 'nanang.andriani','12';
29/05/2023 17:37:04	SQL :EXEC GetUserTreeMenu 'nanang.andriani','1201',@CompanyId=2;
29/05/2023 17:37:04	SQL :EXEC GetUserTreeMenu 'nanang.andriani','1202',@CompanyId=2;
29/05/2023 17:37:04	SQL :EXEC GetUserTreeMenu 'nanang.andriani','1203',@CompanyId=2;
29/05/2023 17:37:04	SQL :EXEC GetUserTreeMenu 'nanang.andriani','1204',@CompanyId=2;
29/05/2023 17:37:04	SQL :EXEC GetUserTreeMenu 'nanang.andriani','1205',@CompanyId=2;
29/05/2023 17:37:04	SQL :EXEC GetUserTreeMenu 'nanang.andriani','1206',@CompanyId=2;
29/05/2023 17:37:04	SQL :EXEC GetUserTreeMenu 'nanang.andriani','1207',@CompanyId=2;
29/05/2023 17:37:04	SQL :EXEC GetUserSubMenu 'nanang.andriani','13';
29/05/2023 17:37:04	SQL :EXEC GetUserTreeMenu 'nanang.andriani','1301',@CompanyId=2;
29/05/2023 17:37:04	SQL :EXEC GetUserTreeMenu 'nanang.andriani','1302',@CompanyId=2;
29/05/2023 17:37:04	SQL :EXEC GetUserTreeMenu 'nanang.andriani','1303',@CompanyId=2;
29/05/2023 17:37:04	SQL :EXEC GetUserTreeMenu 'nanang.andriani','1304',@CompanyId=2;
29/05/2023 17:37:04	SQL :EXEC GetUserTreeMenu 'nanang.andriani','1305',@CompanyId=2;
29/05/2023 17:37:04	SQL :EXEC GetUserTreeMenu 'nanang.andriani','1306',@CompanyId=2;
29/05/2023 17:37:04	SQL :EXEC GetUserTreeMenu 'nanang.andriani','1307',@CompanyId=2;
29/05/2023 17:37:04	SQL :EXEC GetUserTreeMenu 'nanang.andriani','1308',@CompanyId=2;
29/05/2023 17:37:04	SQL :EXEC GetUserTreeMenu 'nanang.andriani','1309',@CompanyId=2;
29/05/2023 17:37:04	SQL :EXEC GetUserTreeMenu 'nanang.andriani','1310',@CompanyId=2;
29/05/2023 17:37:04	SQL :EXEC GetUserTreeMenu 'nanang.andriani','1311',@CompanyId=2;
29/05/2023 17:37:04	SQL :EXEC GetUserTreeMenu 'nanang.andriani','1312',@CompanyId=2;
29/05/2023 17:37:04	SQL :EXEC GetUserTreeMenu 'nanang.andriani','1313',@CompanyId=2;
29/05/2023 17:37:04	SQL :EXEC GetUserTreeMenu 'nanang.andriani','1314',@CompanyId=2;
29/05/2023 17:37:05	SQL :EXEC GetUserTreeMenu 'nanang.andriani','1315',@CompanyId=2;
29/05/2023 17:37:05	SQL :EXEC GetUserTreeMenu 'nanang.andriani','1316',@CompanyId=2;
29/05/2023 17:37:05	SQL :EXEC GetUserTreeMenu 'nanang.andriani','1317',@CompanyId=2;
29/05/2023 17:37:05	SQL :EXEC GetUserTreeMenu 'nanang.andriani','1318',@CompanyId=2;
29/05/2023 17:37:05	SQL :EXEC GetUserTreeMenu 'nanang.andriani','1319',@CompanyId=2;
29/05/2023 17:37:05	SQL :EXEC GetUserTreeMenu 'nanang.andriani','1320',@CompanyId=2;
29/05/2023 17:37:05	SQL :EXEC GetUserTreeMenu 'nanang.andriani','1321',@CompanyId=2;
29/05/2023 17:37:05	SQL :EXEC GetUserTreeMenu 'nanang.andriani','1322',@CompanyId=2;
29/05/2023 17:37:05	SQL :EXEC GetUserSubMenu 'nanang.andriani','14';
29/05/2023 17:37:05	SQL :EXEC GetUserTreeMenu 'nanang.andriani','1401',@CompanyId=2;
29/05/2023 17:37:05	SQL :EXEC GetUserTreeMenu 'nanang.andriani','1402',@CompanyId=2;
29/05/2023 17:37:05	SQL :EXEC GetUserTreeMenu 'nanang.andriani','1403',@CompanyId=2;
29/05/2023 17:37:05	SQL :EXEC GetUserTreeMenu 'nanang.andriani','1404',@CompanyId=2;
29/05/2023 17:37:05	SQL :EXEC GetUserTreeMenu 'nanang.andriani','1406',@CompanyId=2;
29/05/2023 17:37:05	SQL :EXEC GetUserTreeMenu 'nanang.andriani','1408',@CompanyId=2;
29/05/2023 17:37:05	SQL :EXEC GetUserTreeMenu 'nanang.andriani','1410',@CompanyId=2;
29/05/2023 17:37:05	SQL :EXEC GetUserTreeMenu 'nanang.andriani','1411',@CompanyId=2;
29/05/2023 17:37:05	SQL :EXEC GetUserTreeMenu 'nanang.andriani','1412',@CompanyId=2;
29/05/2023 17:37:05	SQL :EXEC GetUserTreeMenu 'nanang.andriani','1413',@CompanyId=2;
29/05/2023 17:37:05	SQL :EXEC GetUserTreeMenu 'nanang.andriani','1414',@CompanyId=2;
29/05/2023 17:37:05	SQL :EXEC GetUserSubMenu 'nanang.andriani','15';
29/05/2023 17:37:05	SQL :EXEC GetUserTreeMenu 'nanang.andriani','1501',@CompanyId=2;
29/05/2023 17:37:05	SQL :EXEC GetUserTreeMenu 'nanang.andriani','1502',@CompanyId=2;
29/05/2023 17:37:05	SQL :EXEC GetUserTreeMenu 'nanang.andriani','1503',@CompanyId=2;
29/05/2023 17:37:05	SQL :EXEC GetUserTreeMenu 'nanang.andriani','1504',@CompanyId=2;
29/05/2023 17:37:05	SQL :EXEC GetUserTreeMenu 'nanang.andriani','1505',@CompanyId=2;
29/05/2023 17:37:05	SQL :EXEC GetUserTreeMenu 'nanang.andriani','1506',@CompanyId=2;
29/05/2023 17:37:05	SQL :EXEC GetUserTreeMenu 'nanang.andriani','1507',@CompanyId=2;
29/05/2023 17:37:05	SQL :EXEC GetUserTreeMenu 'nanang.andriani','1508',@CompanyId=2;
29/05/2023 17:37:05	SQL :EXEC GetUserTreeMenu 'nanang.andriani','1509',@CompanyId=2;
29/05/2023 17:37:05	SQL :EXEC GetUserTreeMenu 'nanang.andriani','1510',@CompanyId=2;
29/05/2023 17:37:05	SQL :EXEC GetUserTreeMenu 'nanang.andriani','1511',@CompanyId=2;
29/05/2023 17:37:05	SQL :EXEC GetUserSubMenu 'nanang.andriani','16';
29/05/2023 17:37:05	SQL :EXEC GetUserTreeMenu 'nanang.andriani','1601',@CompanyId=2;
29/05/2023 17:37:05	SQL :EXEC GetUserTreeMenu 'nanang.andriani','1602',@CompanyId=2;
29/05/2023 17:37:05	SQL :EXEC GetUserTreeMenu 'nanang.andriani','1603',@CompanyId=2;
29/05/2023 17:37:05	SQL :EXEC GetUserTreeMenu 'nanang.andriani','1604',@CompanyId=2;
29/05/2023 17:37:05	SQL :EXEC GetUserTreeMenu 'nanang.andriani','1605',@CompanyId=2;
29/05/2023 17:37:05	SQL :EXEC GetUserTreeMenu 'nanang.andriani','1606',@CompanyId=2;
29/05/2023 17:37:05	SQL :EXEC GetUserTreeMenu 'nanang.andriani','1607',@CompanyId=2;
29/05/2023 17:37:05	SQL :EXEC GetUserTreeMenu 'nanang.andriani','1608',@CompanyId=2;
29/05/2023 17:37:05	SQL :EXEC GetUserTreeMenu 'nanang.andriani','1609',@CompanyId=2;
29/05/2023 17:37:05	SQL :EXEC GetUserTreeMenu 'nanang.andriani','1610',@CompanyId=2;
29/05/2023 17:37:05	SQL :EXEC GetUserTreeMenu 'nanang.andriani','1611',@CompanyId=2;
29/05/2023 17:37:05	SQL :EXEC GetUserTreeMenu 'nanang.andriani','1612',@CompanyId=2;
29/05/2023 17:37:05	SQL :EXEC GetUserTreeMenu 'nanang.andriani','1613',@CompanyId=2;
29/05/2023 17:37:06	SQL :EXEC GetUserTreeMenu 'nanang.andriani','1614',@CompanyId=2;
29/05/2023 17:37:06	SQL :EXEC GetUserTreeMenu 'nanang.andriani','1615',@CompanyId=2;
29/05/2023 17:37:06	SQL :EXEC GetUserTreeMenu 'nanang.andriani','1616',@CompanyId=2;
29/05/2023 17:37:06	SQL :EXEC GetUserTreeMenu 'nanang.andriani','1619',@CompanyId=2;
29/05/2023 17:37:06	SQL :EXEC GetUserTreeMenu 'nanang.andriani','1620',@CompanyId=2;
29/05/2023 17:37:06	SQL :EXEC GetUserSubMenu 'nanang.andriani','17';
29/05/2023 17:37:06	SQL :EXEC GetUserTreeMenu 'nanang.andriani','1701',@CompanyId=2;
29/05/2023 17:37:06	SQL :EXEC GetUserTreeMenu 'nanang.andriani','1702',@CompanyId=2;
29/05/2023 17:37:06	SQL :EXEC GetUserTreeMenu 'nanang.andriani','1703',@CompanyId=2;
29/05/2023 17:37:06	SQL :EXEC GetUserTreeMenu 'nanang.andriani','1704',@CompanyId=2;
29/05/2023 17:37:06	SQL :EXEC GetUserTreeMenu 'nanang.andriani','1705',@CompanyId=2;
29/05/2023 17:37:06	SQL :EXEC GetUserTreeMenu 'nanang.andriani','1706',@CompanyId=2;
29/05/2023 17:37:06	SQL :EXEC GetUserTreeMenu 'nanang.andriani','1707',@CompanyId=2;
29/05/2023 17:37:06	SQL :EXEC GetUserTreeMenu 'nanang.andriani','1708',@CompanyId=2;
29/05/2023 17:37:06	SQL :EXEC GetUserTreeMenu 'nanang.andriani','1709',@CompanyId=2;
29/05/2023 17:37:06	SQL :EXEC GetUserTreeMenu 'nanang.andriani','1710',@CompanyId=2;
29/05/2023 17:37:06	SQL :EXEC GetUserTreeMenu 'nanang.andriani','1711',@CompanyId=2;
29/05/2023 17:37:06	SQL :EXEC GetUserTreeMenu 'nanang.andriani','1712',@CompanyId=2;
29/05/2023 17:37:06	SQL :EXEC GetUserTreeMenu 'nanang.andriani','1713',@CompanyId=2;
29/05/2023 17:37:06	SQL :EXEC GetUserTreeMenu 'nanang.andriani','1714',@CompanyId=2;
29/05/2023 17:37:06	SQL :EXEC GetUserTreeMenu 'nanang.andriani','1715',@CompanyId=2;
29/05/2023 17:37:06	SQL :EXEC GetUserTreeMenu 'nanang.andriani','1716',@CompanyId=2;
29/05/2023 17:37:06	SQL :EXEC GetUserTreeMenu 'nanang.andriani','1717',@CompanyId=2;
29/05/2023 17:37:06	SQL :EXEC GetUserSubMenu 'nanang.andriani','18';
29/05/2023 17:37:06	SQL :EXEC GetUserTreeMenu 'nanang.andriani','1801',@CompanyId=2;
29/05/2023 17:37:06	SQL :EXEC GetUserSubMenu 'nanang.andriani','19';
29/05/2023 17:37:06	SQL :EXEC GetUserTreeMenu 'nanang.andriani','1901',@CompanyId=2;
29/05/2023 17:37:06	SQL :EXEC GetUserTreeMenu 'nanang.andriani','1902',@CompanyId=2;
29/05/2023 17:37:06	SQL :EXEC GetUserTreeMenu 'nanang.andriani','1903',@CompanyId=2;
29/05/2023 17:37:06	SQL :EXEC GetUserTreeMenu 'nanang.andriani','1904',@CompanyId=2;
29/05/2023 17:37:06	SQL :EXEC GetUserTreeMenu 'nanang.andriani','1905',@CompanyId=2;
29/05/2023 17:37:06	SQL :EXEC GetUserTreeMenu 'nanang.andriani','1906',@CompanyId=2;
29/05/2023 17:37:06	SQL :EXEC GetUserTreeMenu 'nanang.andriani','1907',@CompanyId=2;
29/05/2023 17:37:06	SQL :EXEC GetUserTreeMenu 'nanang.andriani','1908',@CompanyId=2;
29/05/2023 17:37:06	SQL :EXEC GetUserTreeMenu 'nanang.andriani','1909',@CompanyId=2;
29/05/2023 17:37:06	SQL :EXEC GetUserTreeMenu 'nanang.andriani','1910',@CompanyId=2;
29/05/2023 17:37:06	SQL :EXEC GetUserTreeMenu 'nanang.andriani','1911',@CompanyId=2;
29/05/2023 17:37:06	SQL :EXEC GetUserTreeMenu 'nanang.andriani','1912',@CompanyId=2;
29/05/2023 17:37:06	SQL :SELECT CONVERT(VARCHAR(8),GETDATE(),108) AS hour_minute;
29/05/2023 17:37:06	SQL :SELECT CONVERT(VARCHAR(10),GETDATE(),103) AS date_time;
29/05/2023 17:37:06	Loading Setting
29/05/2023 17:37:06	Open DB Connection
29/05/2023 17:37:06	SQL :SELECT * FROM wh_setting WHERE setting_name='Hold_Less_Deposit';
29/05/2023 17:37:06	SQL :SELECT * FROM wh_setting WHERE setting_name='Max_Less_Deposit';
29/05/2023 17:37:06	SQL :SELECT * FROM wh_setting WHERE setting_name='Dashboard_2';
29/05/2023 17:37:06	Finish Logging
29/05/2023 17:37:06	SQL :SELECT value_string FROM wh_setting WHERE (setting_name='Interval_CheckInDate') AND (active=1);
29/05/2023 17:37:06	SQL :SELECT value_string FROM wh_setting WHERE (setting_name='Interval_CheckInTime') AND (active=1);
29/05/2023 17:37:06	SQL :SELECT value_string FROM wh_setting WHERE (setting_name='ChatEnable') and (active=1);
29/05/2023 17:37:07	Message:Port Check
29/05/2023 17:37:07	Message:Open DB Connection
29/05/2023 17:37:07	SQL :EXEC GetMessage '01','nanang.andriani';
29/05/2023 17:37:07	SQL :SELECT CONVERT(VARCHAR(8),GETDATE(),108) AS hour_minute;
29/05/2023 17:37:07	SQL :SELECT CONVERT(VARCHAR(10),GETDATE(),103) AS date_time;
29/05/2023 17:37:10	Open Menu :131202
29/05/2023 17:37:10	Open DB Connection
29/05/2023 17:37:10	SQL :EXEC AuthMenu 'nanang.andriani',131202;
29/05/2023 17:37:10	Form Check :OrderFeeList
29/05/2023 17:37:10	Form Open: OrderFeeList=Main-Change
29/05/2023 17:37:12	SQL :EXEC GetVhcOutList2_S 6,1,2,@OutDate='2023/05/30'
29/05/2023 17:37:13	Form Open: OrderFee=SJBRB23053350,-1
29/05/2023 17:37:13	Open DB Connection
29/05/2023 17:37:13	SQL :SELECT value_string FROM wh_setting WHERE (setting_name='OrderFee_Form_Day_CompanyId_2') and (active=1);
29/05/2023 17:37:13	SQL :SELECT value_string FROM wh_setting WHERE (setting_name='OrderFee_Form_Days_CompanyId_2') and (active=1);
29/05/2023 17:37:13	SQL :SELECT value_string FROM wh_setting WHERE (setting_name='Show_eToll_CompanyId_2') and (active=1);
29/05/2023 17:37:13	SQL :SELECT value_string FROM wh_setting WHERE (setting_name='eToll_Calculation_CompanyId_2') and (active=1);
29/05/2023 17:37:13	SQL :SELECT * FROM wh_setting WHERE (setting_name='Lock_Budget_CompanyId_2') AND (active=1);
29/05/2023 17:37:13	SQL :SELECT * FROM wh_setting WHERE (setting_name='Allow_UnlockBudget_NULL_CompanyId_2') AND (active=1);
29/05/2023 17:37:13	Open DB Connection
29/05/2023 17:37:13	SQL :SELECT * FROM wh_setting WHERE (setting_name='Lock_Budget_Integrate_CompanyId_2') AND (active=1);
29/05/2023 17:37:13	SQL :EXEC GetVhcOutDetail 'SJBRB23053350';
29/05/2023 17:37:17	SQL :EXEC GetCustomerOrderServiceList 'COWDC23040236';
29/05/2023 17:37:17	SQL :EXEC GetPrice;
29/05/2023 17:37:21	Open DB Connection
29/05/2023 17:37:21	Open DB Connection
29/05/2023 17:37:21	SQL :EXEC GetVhcOutDetail 'SJBRB23053350';
29/05/2023 17:37:25	SQL :SELECT * FROM wh_vhc_trans_detail_detail WHERE vhc_trans_id='SJBRB23053350';
29/05/2023 17:37:26	SQL :SELECT SUM(a.amount) AS amount,SUM(a.total_amount) AS total_amount FROM wh_vhc_trans_detail a INNER JOIN wh_transaction_type b ON b.transaction_type_id=a.transaction_type_id WHERE vhc_trans_id='SJBRB23053350' AND (a.transaction_type_id='140101') AND (status=1);
29/05/2023 17:37:26	SQL :SELECT SUM(a.amount) AS amount ,SUM(a.total_amount) AS total_amount FROM wh_vhc_trans_detail a INNER JOIN wh_transaction_type b ON b.transaction_type_id=a.transaction_type_id WHERE vhc_trans_id='SJBRB23053350' AND (a.transaction_type_id='140102') AND (status=1);
29/05/2023 17:37:26	SQL :SELECT SUM(a.amount) as amount,SUM(a.total_amount) AS total_amount FROM wh_vhc_trans_detail a INNER JOIN wh_transaction_type b ON b.transaction_type_id=a.transaction_type_id WHERE vhc_trans_id='SJBRB23053350' AND (a.transaction_type_id='140103') AND (status=1);
29/05/2023 17:37:26	SQL :SELECT SUM(a.amount) AS amount,SUM(a.total_amount) AS total_amount FROM wh_vhc_trans_detail a INNER JOIN wh_transaction_type b ON b.transaction_type_id=a.transaction_type_id WHERE vhc_trans_id='SJBRB23053350' AND (a.transaction_type_id='140104') AND (status=1);
29/05/2023 17:37:26	SQL :SELECT SUM(a.amount) AS amount,SUM(a.total_amount) AS total_amount FROM wh_vhc_trans_detail a INNER JOIN wh_transaction_type b ON b.transaction_type_id=a.transaction_type_id WHERE vhc_trans_id='SJBRB23053350' AND (a.transaction_type_id='140106') AND (status=1);
29/05/2023 17:37:26	SQL :SELECT SUM(a.amount) AS amount,SUM(a.total_amount) AS total_amount FROM wh_vhc_trans_detail a INNER JOIN wh_transaction_type b ON b.transaction_type_id=a.transaction_type_id WHER29/05/2023 17:44:40	Get Local Settings
29/05/2023 17:44:40	Start Change Local Settings
29/05/2023 17:44:40	Change short date format
29/05/2023 17:44:40	Change Long date format
29/05/2023 17:44:40	Finish Change Local Settings
29/05/2023 17:44:40	Registry Read: Path=SOFTWARE\WEHA\Aplikasi\3
29/05/2023 17:44:40	Registry Read/Write
29/05/2023 17:44:40	Registry Read: Path=SOFTWARE\WEHA\Aplikasi\3
29/05/2023 17:44:40	Registry Read:Fail
29/05/2023 17:44:40	Setting DB Param
29/05/2023 17:44:40	Create DB Object
29/05/2023 17:44:40	Init DB
29/05/2023 17:44:43	Error Create DB Connection
29/05/2023 17:44:46	Change Db Connection to :Provider=MSDASQL.1
29/05/2023 17:44:46	Finish Create DB Connection
29/05/2023 17:44:46	Get File Version
29/05/2023 17:44:46	Change  Caption
29/05/2023 17:44:46	Init Shortkey
29/05/2023 17:44:47	Form Check :Setting
29/05/2023 17:44:47	Form Open: Setting
29/05/2023 17:45:15	Create DB Object
29/05/2023 17:45:15	Init DB
29/05/2023 17:45:15	Finish Init DB
29/05/2023 17:45:15	Port Check
29/05/2023 17:45:15	Connection Check
29/05/2023 17:45:15	Check Success
29/05/2023 17:45:22	Form Check :Setting
29/05/2023 17:45:22	Form Open: Setting
29/05/2023 17:45:24	Create DB Object
29/05/2023 17:45:24	Init DB
29/05/2023 17:45:24	Finish Init DB
29/05/2023 17:45:24	Port Check
29/05/2023 17:45:24	Connection Check
29/05/2023 17:45:24	Check Success
29/05/2023 17:45:25	Registry Write: 192.168.10.247,wh_prod,sa,SQLNCLI10
29/05/2023 17:45:25	Registry Read: Path=SOFTWARE\WEHA\Aplikasi\3
29/05/2023 17:45:25	Registry Read:Fail
29/05/2023 17:45:28	Create DB Object
29/05/2023 17:45:28	Init DB
29/05/2023 17:45:28	Finish Init DB
29/05/2023 17:45:33	Update new version check
29/05/2023 17:45:33	Open DB Connection
29/05/2023 17:45:33	SQL :
29/05/2023 17:45:33	Update check version
29/05/2023 17:45:33	Open DB Connection
29/05/2023 17:45:33	SQL :SELECT version FROM wh_application WHERE application_id=(SELECT MAX(application_id) FROM wh_application);
29/05/2023 17:45:33	Start Login
29/05/2023 17:45:33	Open DB Connection
29/05/2023 17:45:33	SQL :EXEC AuthenticateUser 'nanang.andriani','3b5929d0c23006c99522f38746d85dd4';
29/05/2023 17:45:33	SQL :INSERT INTO wh_log (user_id,app_date,app_version,app_version_svr,location_id,company_id,department_id,host_name,ip_address)  VALUES ('nanang.andriani','29/05/2023','6.1.5.22','6.1.5.20',6,2,13,'DESKTOP-88BM05S','192.168.25.214');
29/05/2023 17:45:34	Open DB Connection
29/05/2023 17:45:34	SQL :EXEC GetUserMenu 'nanang.andriani';
29/05/2023 17:45:34	SQL :EXEC GetUserSubMenu 'nanang.andriani','11';
29/05/2023 17:45:34	SQL :EXEC GetUserTreeMenu 'nanang.andriani','1101',@CompanyId=2;
29/05/2023 17:45:34	SQL :EXEC GetUserTreeMenu 'nanang.andriani','1102',@CompanyId=2;
29/05/2023 17:45:34	SQL :EXEC GetUserTreeMenu 'nanang.andriani','1103',@CompanyId=2;
29/05/2023 17:45:34	SQL :EXEC GetUserTreeMenu 'nanang.andriani','1104',@CompanyId=2;
29/05/2023 17:45:34	SQL :EXEC GetUserTreeMenu 'nanang.andriani','1105',@CompanyId=2;
29/05/2023 17:45:34	SQL :EXEC GetUserTreeMenu 'nanang.andriani','1106',@CompanyId=2;
29/05/2023 17:45:34	SQL :EXEC GetUserTreeMenu 'nanang.andriani','1107',@CompanyId=2;
29/05/2023 17:45:34	SQL :EXEC GetUserTreeMenu 'nanang.andriani','1108',@CompanyId=2;
29/05/2023 17:45:34	SQL :EXEC GetUserTreeMenu 'nanang.andriani','1109',@CompanyId=2;
29/05/2023 17:45:34	SQL :EXEC GetUserTreeMenu 'nanang.andriani','1110',@CompanyId=2;
29/05/2023 17:45:34	SQL :EXEC GetUserTreeMenu 'nanang.andriani','1111',@CompanyId=2;
29/05/2023 17:45:34	SQL :EXEC GetUserTreeMenu 'nanang.andriani','1112',@CompanyId=2;
29/05/2023 17:45:34	SQL :EXEC GetUserTreeMenu 'nanang.andriani','1113',@CompanyId=2;
29/05/2023 17:45:34	SQL :EXEC GetUserTreeMenu 'nanang.andriani','1114',@CompanyId=2;
29/05/2023 17:45:34	SQL :EXEC GetUserTreeMenu 'nanang.andriani','1115',@CompanyId=2;
29/05/2023 17:45:34	SQL :EXEC GetUserTreeMenu 'nanang.andriani','1116',@CompanyId=2;
29/05/2023 17:45:34	SQL :EXEC GetUserTreeMenu 'nanang.andriani','1117',@CompanyId=2;
29/05/2023 17:45:34	SQL :EXEC GetUserTreeMenu 'nanang.andriani','1198',@CompanyId=2;
29/05/2023 17:45:34	SQL :EXEC GetUserTreeMenu 'nanang.andriani','1199',@CompanyId=2;
29/05/2023 17:45:34	SQL :EXEC GetUserSubMenu 'nanang.andriani','12';
29/05/2023 17:45:34	SQL :EXEC GetUserTreeMenu 'nanang.andriani','1201',@CompanyId=2;
29/05/2023 17:45:34	SQL :EXEC GetUserTreeMenu 'nanang.andriani','1202',@CompanyId=2;
29/05/2023 17:45:34	SQL :EXEC GetUserTreeMenu 'nanang.andriani','1203',@CompanyId=2;
29/05/2023 17:45:34	SQL :EXEC GetUserTreeMenu 'nanang.andriani','1204',@CompanyId=2;
29/05/2023 17:45:34	SQL :EXEC GetUserTreeMenu 'nanang.andriani','1205',@CompanyId=2;
29/05/2023 17:45:34	SQL :EXEC GetUserTreeMenu 'nanang.andriani','1206',@CompanyId=2;
29/05/2023 17:45:34	SQL :EXEC GetUserTreeMenu 'nanang.andriani','1207',@CompanyId=2;
29/05/2023 17:45:34	SQL :EXEC GetUserSubMenu 'nanang.andriani','13';
29/05/2023 17:45:34	SQL :EXEC GetUserTreeMenu 'nanang.andriani','1301',@CompanyId=2;
29/05/2023 17:45:34	SQL :EXEC GetUserTreeMenu 'nanang.andriani','1302',@CompanyId=2;
29/05/2023 17:45:34	SQL :EXEC GetUserTreeMenu 'nanang.andriani','1303',@CompanyId=2;
29/05/2023 17:45:34	SQL :EXEC GetUserTreeMenu 'nanang.andriani','1304',@CompanyId=2;
29/05/2023 17:45:34	SQL :EXEC GetUserTreeMenu 'nanang.andriani','1305',@CompanyId=2;
29/05/2023 17:45:34	SQL :EXEC GetUserTreeMenu 'nanang.andriani','1306',@CompanyId=2;
29/05/2023 17:45:34	SQL :EXEC GetUserTreeMenu 'nanang.andriani','1307',@CompanyId=2;
29/05/2023 17:45:34	SQL :EXEC GetUserTreeMenu 'nanang.andriani','1308',@CompanyId=2;
29/05/2023 17:45:34	SQL :EXEC GetUserTreeMenu 'nanang.andriani','1309',@CompanyId=2;
29/05/2023 17:45:34	SQL :EXEC GetUserTreeMenu 'nanang.andriani','1310',@CompanyId=2;
29/05/2023 17:45:34	SQL :EXEC GetUserTreeMenu 'nanang.andriani','1311',@CompanyId=2;
29/05/2023 17:45:34	SQL :EXEC GetUserTreeMenu 'nanang.andriani','1312',@CompanyId=2;
29/05/2023 17:45:34	SQL :EXEC GetUserTreeMenu 'nanang.andriani','1313',@CompanyId=2;
29/05/2023 17:45:34	SQL :EXEC GetUserTreeMenu 'nanang.andriani','1314',@CompanyId=2;
29/05/2023 17:45:34	SQL :EXEC GetUserTreeMenu 'nanang.andriani','1315',@CompanyId=2;
29/05/2023 17:45:34	SQL :EXEC GetUserTreeMenu 'nanang.andriani','1316',@CompanyId=2;
29/05/2023 17:45:34	SQL :EXEC GetUserTreeMenu 'nanang.andriani','1317',@CompanyId=2;
29/05/2023 17:45:34	SQL :EXEC GetUserTreeMenu 'nanang.andriani','1318',@CompanyId=2;
29/05/2023 17:45:34	SQL :EXEC GetUserTreeMenu 'nanang.andriani','1319',@CompanyId=2;
29/05/2023 17:45:34	SQL :EXEC GetUserTreeMenu 'nanang.andriani','1320',@CompanyId=2;
29/05/2023 17:45:34	SQL :EXEC GetUserTreeMenu 'nanang.andriani','1321',@CompanyId=2;
29/05/2023 17:45:34	SQL :EXEC GetUserTreeMenu 'nanang.andriani','1322',@CompanyId=2;
29/05/2023 17:45:34	SQL :EXEC GetUserSubMenu 'nanang.andriani','14';
29/05/2023 17:45:34	SQL :EXEC GetUserTreeMenu 'nanang.andriani','1401',@CompanyId=2;
29/05/2023 17:45:34	SQL :EXEC GetUserTreeMenu 'nanang.andriani','1402',@CompanyId=2;
29/05/2023 17:45:34	SQL :EXEC GetUserTreeMenu 'nanang.andriani','1403',@CompanyId=2;
29/05/2023 17:45:35	SQL :EXEC GetUserTreeMenu 'nanang.andriani','1404',@CompanyId=2;
29/05/2023 17:45:35	SQL :EXEC GetUserTreeMenu 'nanang.andriani','1406',@CompanyId=2;
29/05/2023 17:45:35	SQL :EXEC GetUserTreeMenu 'nanang.andriani','1408',@CompanyId=2;
29/05/2023 17:45:35	SQL :EXEC GetUserTreeMenu 'nanang.andriani','1410',@CompanyId=2;
29/05/2023 17:45:35	SQL :EXEC GetUserTreeMenu 'nanang.andriani','1411',@CompanyId=2;
29/05/2023 17:45:35	SQL :EXEC GetUserTreeMenu 'nanang.andriani','1412',@CompanyId=2;
29/05/2023 17:45:35	SQL :EXEC GetUserTreeMenu 'nanang.andriani','1413',@CompanyId=2;
29/05/2023 17:45:35	SQL :EXEC GetUserTreeMenu 'nanang.andriani','1414',@CompanyId=2;
29/05/2023 17:45:35	SQL :EXEC GetUserSubMenu 'nanang.andriani','15';
29/05/2023 17:45:35	SQL :EXEC GetUserTreeMenu 'nanang.andriani','1501',@CompanyId=2;
29/05/2023 17:45:35	SQL :EXEC GetUserTreeMenu 'nanang.andriani','1502',@CompanyId=2;
29/05/2023 17:45:35	SQL :EXEC GetUserTreeMenu 'nanang.andriani','1503',@CompanyId=2;
29/05/2023 17:45:35	SQL :EXEC GetUserTreeMenu 'nanang.andriani','1504',@CompanyId=2;
29/05/2023 17:45:35	SQL :EXEC GetUserTreeMenu 'nanang.andriani','1505',@CompanyId=2;
29/05/2023 17:45:35	SQL :EXEC GetUserTreeMenu 'nanang.andriani','1506',@CompanyId=2;
29/05/2023 17:45:35	SQL :EXEC GetUserTreeMenu 'nanang.andriani','1507',@CompanyId=2;
29/05/2023 17:45:35	SQL :EXEC GetUserTreeMenu 'nanang.andriani','1508',@CompanyId=2;
29/05/2023 17:45:35	SQL :EXEC GetUserTreeMenu 'nanang.andriani','1509',@CompanyId=2;
29/05/2023 17:45:35	SQL :EXEC GetUserTreeMenu 'nanang.andriani','1510',@CompanyId=2;
29/05/2023 17:45:35	SQL :EXEC GetUserTreeMenu 'nanang.andriani','1511',@CompanyId=2;
29/05/2023 17:45:35	SQL :EXEC GetUserSubMenu 'nanang.andriani','16';
29/05/2023 17:45:35	SQL :EXEC GetUserTreeMenu 'nanang.andriani','1601',@CompanyId=2;
29/05/2023 17:45:35	SQL :EXEC GetUserTreeMenu 'nanang.andriani','1602',@CompanyId=2;
29/05/2023 17:45:35	SQL :EXEC GetUserTreeMenu 'nanang.andriani','1603',@CompanyId=2;
29/05/2023 17:45:35	SQL :EXEC GetUserTreeMenu 'nanang.andriani','1604',@CompanyId=2;
29/05/2023 17:45:35	SQL :EXEC GetUserTreeMenu 'nanang.andriani','1605',@CompanyId=2;
29/05/2023 17:45:35	SQL :EXEC GetUserTreeMenu 'nanang.andriani','1606',@CompanyId=2;
29/05/2023 17:45:35	SQL :EXEC GetUserTreeMenu 'nanang.andriani','1607',@CompanyId=2;
29/05/2023 17:45:35	SQL :EXEC GetUserTreeMenu 'nanang.andriani','1608',@CompanyId=2;
29/05/2023 17:45:35	SQL :EXEC GetUserTreeMenu 'nanang.andriani','1609',@CompanyId=2;
29/05/2023 17:45:35	SQL :EXEC GetUserTreeMenu 'nanang.andriani','1610',@CompanyId=2;
29/05/2023 17:45:35	SQL :EXEC GetUserTreeMenu 'nanang.andriani','1611',@CompanyId=2;
29/05/2023 17:45:35	SQL :EXEC GetUserTreeMenu 'nanang.andriani','1612',@CompanyId=2;
29/05/2023 17:45:35	SQL :EXEC GetUserTreeMenu 'nanang.andriani','1613',@CompanyId=2;
29/05/2023 17:45:35	SQL :EXEC GetUserTreeMenu 'nanang.andriani','1614',@CompanyId=2;
29/05/2023 17:45:35	SQL :EXEC GetUserTreeMenu 'nanang.andriani','1615',@CompanyId=2;
29/05/2023 17:45:35	SQL :EXEC GetUserTreeMenu 'nanang.andriani','1616',@CompanyId=2;
29/05/2023 17:45:35	SQL :EXEC GetUserTreeMenu 'nanang.andriani','1619',@CompanyId=2;
29/05/2023 17:45:35	SQL :EXEC GetUserTreeMenu 'nanang.andriani','1620',@CompanyId=2;
29/05/2023 17:45:35	SQL :EXEC GetUserSubMenu 'nanang.andriani','17';
29/05/2023 17:45:35	SQL :EXEC GetUserTreeMenu 'nanang.andriani','1701',@CompanyId=2;
29/05/2023 17:45:35	SQL :EXEC GetUserTreeMenu 'nanang.andriani','1702',@CompanyId=2;
29/05/2023 17:45:35	SQL :EXEC GetUserTreeMenu 'nanang.andriani','1703',@CompanyId=2;
29/05/2023 17:45:35	SQL :EXEC GetUserTreeMenu 'nanang.andriani','1704',@CompanyId=2;
29/05/2023 17:45:35	SQL :EXEC GetUserTreeMenu 'nanang.andriani','1705',@CompanyId=2;
29/05/2023 17:45:35	SQL :EXEC GetUserTreeMenu 'nanang.andriani','1706',@CompanyId=2;
29/05/2023 17:45:35	SQL :EXEC GetUserTreeMenu 'nanang.andriani','1707',@CompanyId=2;
29/05/2023 17:45:35	SQL :EXEC GetUserTreeMenu 'nanang.andriani','1708',@CompanyId=2;
29/05/2023 17:45:35	SQL :EXEC GetUserTreeMenu 'nanang.andriani','1709',@CompanyId=2;
29/05/2023 17:45:35	SQL :EXEC GetUserTreeMenu 'nanang.andriani','1710',@CompanyId=2;
29/05/2023 17:45:35	SQL :EXEC GetUserTreeMenu 'nanang.andriani','1711',@CompanyId=2;
29/05/2023 17:45:35	SQL :EXEC GetUserTreeMenu 'nanang.andriani','1712',@CompanyId=2;
29/05/2023 17:45:35	SQL :EXEC GetUserTreeMenu 'nanang.andriani','1713',@CompanyId=2;
29/05/2023 17:45:35	SQL :EXEC GetUserTreeMenu 'nanang.andriani','1714',@CompanyId=2;
29/05/2023 17:45:35	SQL :EXEC GetUserTreeMenu 'nanang.andriani','1715',@CompanyId=2;
29/05/2023 17:45:35	SQL :EXEC GetUserTreeMenu 'nanang.andriani','1716',@CompanyId=2;
29/05/2023 17:45:35	SQL :EXEC GetUserTreeMenu 'nanang.andriani','1717',@CompanyId=2;
29/05/2023 17:45:35	SQL :EXEC GetUserSubMenu 'nanang.andriani','18';
29/05/2023 17:45:35	SQL :EXEC GetUserTreeMenu 'nanang.andriani','1801',@CompanyId=2;
29/05/2023 17:45:35	SQL :EXEC GetUserSubMenu 'nanang.andriani','19';
29/05/2023 17:45:35	SQL :EXEC GetUserTreeMenu 'nanang.andriani','1901',@CompanyId=2;
29/05/2023 17:45:35	SQL :EXEC GetUserTreeMenu 'nanang.andriani','1902',@CompanyId=2;
29/05/2023 17:45:35	SQL :EXEC GetUserTreeMenu 'nanang.andriani','1903',@CompanyId=2;
29/05/2023 17:45:36	SQL :EXEC GetUserTreeMenu 'nanang.andriani','1904',@CompanyId=2;
29/05/2023 17:45:36	SQL :EXEC GetUserTreeMenu 'nanang.andriani','1905',@CompanyId=2;
29/05/2023 17:45:36	SQL :EXEC GetUserTreeMenu 'nanang.andriani','1906',@CompanyId=2;
29/05/2023 17:45:36	SQL :EXEC GetUserTreeMenu 'nanang.andriani','1907',@CompanyId=2;
29/05/2023 17:45:36	SQL :EXEC GetUserTreeMenu 'nanang.andriani','1908',@CompanyId=2;
29/05/2023 17:45:36	SQL :EXEC GetUserTreeMenu 'nanang.andriani','1909',@CompanyId=2;
29/05/2023 17:45:36	SQL :EXEC GetUserTreeMenu 'nanang.andriani','1910',@CompanyId=2;
29/05/2023 17:45:36	SQL :EXEC GetUserTreeMenu 'nanang.andriani','1911',@CompanyId=2;
29/05/2023 17:45:36	SQL :EXEC GetUserTreeMenu 'nanang.andriani','1912',@CompanyId=2;
29/05/2023 17:45:36	SQL :SELECT CONVERT(VARCHAR(8),GETDATE(),108) AS hour_minute;
29/05/2023 17:45:36	SQL :SELECT CONVERT(VARCHAR(10),GETDATE(),103) AS date_time;
29/05/2023 17:45:36	Loading Setting
29/05/2023 17:45:36	Open DB Connection
29/05/2023 17:45:36	SQL :SELECT * FROM wh_setting WHERE setting_name='Hold_Less_Deposit';
29/05/2023 17:45:36	SQL :SELECT * FROM wh_setting WHERE setting_name='Max_Less_Deposit';
29/05/2023 17:45:36	SQL :SELECT * FROM wh_setting WHERE setting_name='Dashboard_2';
29/05/2023 17:45:36	Finish Logging
29/05/2023 17:45:36	SQL :SELECT value_string FROM wh_setting WHERE (setting_name='Interval_CheckInDate') AND (active=1);
29/05/2023 17:45:36	SQL :SELECT value_string FROM wh_setting WHERE (setting_name='Interval_CheckInTime') AND (active=1);
29/05/2023 17:45:36	SQL :SELECT value_string FROM wh_setting WHERE (setting_name='ChatEnable') and (active=1);
29/05/2023 17:45:37	Message:Port Check
29/05/2023 17:45:37	Message:Open DB Connection
29/05/2023 17:45:37	SQL :EXEC GetMessage '01','nanang.andriani';
29/05/2023 17:45:37	SQL :SELECT CONVERT(VARCHAR(8),GETDATE(),108) AS hour_minute;
29/05/2023 17:45:37	SQL :SELECT CONVERT(VARCHAR(10),GETDATE(),103) AS date_time;
29/05/2023 17:45:40	Open Menu :131202
29/05/2023 17:45:40	Open DB Connection
29/05/2023 17:45:40	SQL :EXEC AuthMenu 'nanang.andriani',131202;
29/05/2023 17:45:41	Form Check :OrderFeeList
29/05/2023 17:45:41	Form Open: OrderFeeList=Main-Change
29/05/2023 17:45:42	SQL :EXEC GetVhcOutList2_S 6,1,2,@OutDate='2023/05/30'
29/05/2023 17:45:43	Form Open: OrderFee=SJBRB23053350,-1
29/05/2023 17:45:43	Open DB Connection
29/05/2023 17:45:43	SQL :SELECT value_string FROM wh_setting WHERE (setting_name='OrderFee_Form_Day_CompanyId_2') and (active=1);
29/05/2023 17:45:43	SQL :SELECT value_string FROM wh_setting WHERE (setting_name='OrderFee_Form_Days_CompanyId_2') and (active=1);
29/05/2023 17:45:43	SQL :SELECT value_string FROM wh_setting WHERE (setting_name='Show_eToll_CompanyId_2') and (active=1);
29/05/2023 17:45:43	SQL :SELECT value_string FROM wh_setting WHERE (setting_name='eToll_Calculation_CompanyId_2') and (active=1);
29/05/2023 17:45:44	SQL :SELECT * FROM wh_setting WHERE (setting_name='Lock_Budget_CompanyId_2') AND (active=1);
29/05/2023 17:45:44	SQL :SELECT * FROM wh_setting WHERE (setting_name='Allow_UnlockBudget_NULL_CompanyId_2') AND (active=1);
29/05/2023 17:45:44	Open DB Connection
29/05/2023 17:45:44	SQL :SELECT * FROM wh_setting WHERE (setting_name='Lock_Budget_Integrate_CompanyId_2') AND (active=1);
29/05/2023 17:45:44	SQL :EXEC GetVhcOutDetail 'SJBRB23053350';
29/05/2023 17:45:47	SQL :EXEC GetCustomerOrderServiceList 'COWDC23040236';
29/05/2023 17:45:47	SQL :EXEC GetPrice;
29/05/2023 17:45:51	Open DB Connection
29/05/2023 17:45:51	Open DB Connection
29/05/2023 17:45:51	SQL :EXEC GetVhcOutDetail 'SJBRB23053350';
29/05/2023 17:45:54	SQL :SELECT * FROM wh_vhc_trans_detail_detail WHERE vhc_trans_id='SJBRB23053350';
29/05/2023 17:45:54	SQL :SELECT SUM(a.amount) AS amount,SUM(a.total_amount) AS total_amount FROM wh_vhc_trans_detail a INNER JOIN wh_transaction_type b ON b.transaction_type_id=a.transaction_type_id WHERE vhc_trans_id='SJBRB23053350' AND (a.transaction_type_id='140101') AND (status=1);
29/05/2023 17:45:54	SQL :SELECT SUM(a.amount) AS amount ,SUM(a.total_amount) AS total_amount FROM wh_vhc_trans_detail a INNER JOIN wh_transaction_type b ON b.transaction_type_id=a.transaction_type_id WHERE vhc_trans_id='SJBRB23053350' AND (a.transaction_type_id='140102') AND (status=1);
29/05/2023 17:45:54	SQL :SELECT SUM(a.amount) as amount,SUM(a.total_amount) AS total_amount FROM wh_vhc_trans_detail a INNER JOIN wh_transaction_type b ON b.transaction_type_id=a.transaction_type_id WHERE vhc_trans_id='SJBRB23053350' AND (a.transaction_type_id='140103') AND (status=1);
29/05/2023 17:45:54	SQL :SELECT SUM(a.amount) AS amount,SUM(a.total_amount) AS total_amount FROM wh_vhc_trans_detail a INNER JOIN wh_transaction_type b ON b.transaction_type_id=a.transaction_type_id WHERE vhc_trans_id='SJBRB23053350' AND (a.transaction_type_id='140104') AND (status=1);
29/05/2023 17:45:54	SQL :SELECT SUM(a.amount) AS amount,SUM(a.total_amount) AS total_amount FROM wh_vhc_trans_detail a INNER JOIN wh_transaction_type b ON b.transaction_type_id=a.transaction_type_id WHERE vhc_trans_id='SJBRB23053350' AND (a.transaction_type_id='140106') AND (status=1);
29/05/2023 17:45:54	SQL :SELECT SUM(a.amount) AS amount,SUM(a.total_amount) AS total_amount FROM wh_vhc_trans_detail a INNER JOIN wh_transaction_type b ON b.transaction_t