19/06/2023 13:25:40	Get Local Settings
19/06/2023 13:25:40	Start Change Local Settings
19/06/2023 13:25:40	Change short date format
19/06/2023 13:25:40	Change Long date format
19/06/2023 13:25:40	Finish Change Local Settings
19/06/2023 13:25:40	Registry Read: Path=SOFTWARE\WEHA\Aplikasi\3
19/06/2023 13:25:40	Registry Read/Write
19/06/2023 13:25:40	Registry Read: Path=SOFTWARE\WEHA\Aplikasi\3
19/06/2023 13:25:40	Registry Read:Fail
19/06/2023 13:25:40	Setting DB Param
19/06/2023 13:25:40	Create DB Object
19/06/2023 13:25:40	Init DB
19/06/2023 13:33:40	Error Create DB Connection
19/06/2023 13:33:43	Change Db Connection to :Provider=MSDASQL.1
19/06/2023 13:33:43	Finish Create DB Connection
19/06/2023 13:33:43	Get File Version
19/06/2023 13:33:43	Change  Caption
19/06/2023 13:33:43	Init Shortkey
19/06/2023 13:33:47	Form Check :Setting
19/06/2023 13:33:47	Form Open: Setting
19/06/2023 13:34:11	Create DB Object
19/06/2023 13:34:11	Init DB
19/06/2023 13:34:11	Finish Init DB
19/06/2023 13:34:11	Port Check
19/06/2023 13:34:11	Connection Check
19/06/2023 13:34:13	Check Failed Provider cannot be found. It may not be properly installed
19/06/2023 13:34:19	Create DB Object
19/06/2023 13:34:19	Init DB
19/06/2023 13:34:19	Finish Init DB
19/06/2023 13:34:19	Port Check
19/06/2023 13:34:19	Connection Check
19/06/2023 13:34:20	Check Success
19/06/2023 13:34:21	Registry Write: 192.168.10.247,wh_prod,sa,SQLNCLI10
19/06/2023 13:34:21	Registry Read: Path=SOFTWARE\WEHA\Aplikasi\3
19/06/2023 13:34:21	Registry Read:Fail
19/06/2023 13:34:23	Create DB Object
19/06/2023 13:34:23	Init DB
19/06/2023 13:34:23	Finish Init DB
19/06/2023 13:34:35	Update new version check
19/06/2023 13:34:35	Open DB Connection
19/06/2023 13:34:35	SQL :
19/06/2023 13:34:35	Update check version
19/06/2023 13:34:35	Open DB Connection
19/06/2023 13:34:35	SQL :SELECT version FROM wh_application WHERE application_id=(SELECT MAX(application_id) FROM wh_application);
19/06/2023 13:34:35	Start Login
19/06/2023 13:34:35	Open DB Connection
19/06/2023 13:34:35	SQL :EXEC AuthenticateUser 'nanang.andriani','3b5929d0c23006c99522f38746d85dd4';
19/06/2023 13:34:35	SQL :INSERT INTO wh_log (user_id,app_date,app_version,app_version_svr,location_id,company_id,department_id,host_name,ip_address)  VALUES ('nanang.andriani','19/06/2023','6.1.5.23','6.1.5.23',6,2,13,'DESKTOP-88BM05S','192.168.25.214');
19/06/2023 13:34:35	Open DB Connection
19/06/2023 13:34:35	SQL :EXEC GetUserMenu 'nanang.andriani';
19/06/2023 13:34:35	SQL :EXEC GetUserSubMenu 'nanang.andriani','11';
19/06/2023 13:34:35	SQL :EXEC GetUserTreeMenu 'nanang.andriani','1101',@CompanyId=2;
19/06/2023 13:34:35	SQL :EXEC GetUserTreeMenu 'nanang.andriani','1102',@CompanyId=2;
19/06/2023 13:34:35	SQL :EXEC GetUserTreeMenu 'nanang.andriani','1103',@CompanyId=2;
19/06/2023 13:34:35	SQL :EXEC GetUserTreeMenu 'nanang.andriani','1104',@CompanyId=2;
19/06/2023 13:34:35	SQL :EXEC GetUserTreeMenu 'nanang.andriani','1105',@CompanyId=2;
19/06/2023 13:34:35	SQL :EXEC GetUserTreeMenu 'nanang.andriani','1106',@CompanyId=2;
19/06/2023 13:34:35	SQL :EXEC GetUserTreeMenu 'nanang.andriani','1107',@CompanyId=2;
19/06/2023 13:34:35	SQL :EXEC GetUserTreeMenu 'nanang.andriani','1108',@CompanyId=2;
19/06/2023 13:34:35	SQL :EXEC GetUserTreeMenu 'nanang.andriani','1109',@CompanyId=2;
19/06/2023 13:34:35	SQL :EXEC GetUserTreeMenu 'nanang.andriani','1110',@CompanyId=2;
19/06/2023 13:34:36	SQL :EXEC GetUserTreeMenu 'nanang.andriani','1111',@CompanyId=2;
19/06/2023 13:34:36	SQL :EXEC GetUserTreeMenu 'nanang.andriani','1112',@CompanyId=2;
19/06/2023 13:34:36	SQL :EXEC GetUserTreeMenu 'nanang.andriani','1113',@CompanyId=2;
19/06/2023 13:34:36	SQL :EXEC GetUserTreeMenu 'nanang.andriani','1114',@CompanyId=2;
19/06/2023 13:34:36	SQL :EXEC GetUserTreeMenu 'nanang.andriani','1115',@CompanyId=2;
19/06/2023 13:34:36	SQL :EXEC GetUserTreeMenu 'nanang.andriani','1116',@CompanyId=2;
19/06/2023 13:34:36	SQL :EXEC GetUserTreeMenu 'nanang.andriani','1117',@CompanyId=2;
19/06/2023 13:34:36	SQL :EXEC GetUserTreeMenu 'nanang.andriani','1198',@CompanyId=2;
19/06/2023 13:34:36	SQL :EXEC GetUserTreeMenu 'nanang.andriani','1199',@CompanyId=2;
19/06/2023 13:34:36	SQL :EXEC GetUserSubMenu 'nanang.andriani','12';
19/06/2023 13:34:36	SQL :EXEC GetUserTreeMenu 'nanang.andriani','1201',@CompanyId=2;
19/06/2023 13:34:36	SQL :EXEC GetUserTreeMenu 'nanang.andriani','1202',@CompanyId=2;
19/06/2023 13:34:36	SQL :EXEC GetUserTreeMenu 'nanang.andriani','1203',@CompanyId=2;
19/06/2023 13:34:36	SQL :EXEC GetUserTreeMenu 'nanang.andriani','1204',@CompanyId=2;
19/06/2023 13:34:36	SQL :EXEC GetUserTreeMenu 'nanang.andriani','1205',@CompanyId=2;
19/06/2023 13:34:36	SQL :EXEC GetUserTreeMenu 'nanang.andriani','1206',@CompanyId=2;
19/06/2023 13:34:36	SQL :EXEC GetUserTreeMenu 'nanang.andriani','1207',@CompanyId=2;
19/06/2023 13:34:36	SQL :EXEC GetUserSubMenu 'nanang.andriani','13';
19/06/2023 13:34:36	SQL :EXEC GetUserTreeMenu 'nanang.andriani','1301',@CompanyId=2;
19/06/2023 13:34:36	SQL :EXEC GetUserTreeMenu 'nanang.andriani','1302',@CompanyId=2;
19/06/2023 13:34:36	SQL :EXEC GetUserTreeMenu 'nanang.andriani','1303',@CompanyId=2;
19/06/2023 13:34:36	SQL :EXEC GetUserTreeMenu 'nanang.andriani','1304',@CompanyId=2;
19/06/2023 13:34:36	SQL :EXEC GetUserTreeMenu 'nanang.andriani','1305',@CompanyId=2;
19/06/2023 13:34:36	SQL :EXEC GetUserTreeMenu 'nanang.andriani','1306',@CompanyId=2;
19/06/2023 13:34:36	SQL :EXEC GetUserTreeMenu 'nanang.andriani','1307',@CompanyId=2;
19/06/2023 13:34:36	SQL :EXEC GetUserTreeMenu 'nanang.andriani','1308',@CompanyId=2;
19/06/2023 13:34:36	SQL :EXEC GetUserTreeMenu 'nanang.andriani','1309',@CompanyId=2;
19/06/2023 13:34:36	SQL :EXEC GetUserTreeMenu 'nanang.andriani','1310',@CompanyId=2;
19/06/2023 13:34:36	SQL :EXEC GetUserTreeMenu 'nanang.andriani','1311',@CompanyId=2;
19/06/2023 13:34:36	SQL :EXEC GetUserTreeMenu 'nanang.andriani','1312',@CompanyId=2;
19/06/2023 13:34:36	SQL :EXEC GetUserTreeMenu 'nanang.andriani','1313',@CompanyId=2;
19/06/2023 13:34:36	SQL :EXEC GetUserTreeMenu 'nanang.andriani','1314',@CompanyId=2;
19/06/2023 13:34:36	SQL :EXEC GetUserTreeMenu 'nanang.andriani','1315',@CompanyId=2;
19/06/2023 13:34:36	SQL :EXEC GetUserTreeMenu 'nanang.andriani','1316',@CompanyId=2;
19/06/2023 13:34:36	SQL :EXEC GetUserTreeMenu 'nanang.andriani','1317',@CompanyId=2;
19/06/2023 13:34:36	SQL :EXEC GetUserTreeMenu 'nanang.andriani','1318',@CompanyId=2;
19/06/2023 13:34:36	SQL :EXEC GetUserTreeMenu 'nanang.andriani','1319',@CompanyId=2;
19/06/2023 13:34:36	SQL :EXEC GetUserTreeMenu 'nanang.andriani','1320',@CompanyId=2;
19/06/2023 13:34:36	SQL :EXEC GetUserTreeMenu 'nanang.andriani','1321',@CompanyId=2;
19/06/2023 13:34:36	SQL :EXEC GetUserTreeMenu 'nanang.andriani','1322',@CompanyId=2;
19/06/2023 13:34:36	SQL :EXEC GetUserSubMenu 'nanang.andriani','14';
19/06/2023 13:34:36	SQL :EXEC GetUserTreeMenu 'nanang.andriani','1401',@CompanyId=2;
19/06/2023 13:34:36	SQL :EXEC GetUserTreeMenu 'nanang.andriani','1402',@CompanyId=2;
19/06/2023 13:34:36	SQL :EXEC GetUserTreeMenu 'nanang.andriani','1403',@CompanyId=2;
19/06/2023 13:34:36	SQL :EXEC GetUserTreeMenu 'nanang.andriani','1404',@CompanyId=2;
19/06/2023 13:34:36	SQL :EXEC GetUserTreeMenu 'nanang.andriani','1406',@CompanyId=2;
19/06/2023 13:34:36	SQL :EXEC GetUserTreeMenu 'nanang.andriani','1408',@CompanyId=2;
19/06/2023 13:34:36	SQL :EXEC GetUserTreeMenu 'nanang.andriani','1410',@CompanyId=2;
19/06/2023 13:34:36	SQL :EXEC GetUserTreeMenu 'nanang.andriani','1411',@CompanyId=2;
19/06/2023 13:34:36	SQL :EXEC GetUserTreeMenu 'nanang.andriani','1412',@CompanyId=2;
19/06/2023 13:34:36	SQL :EXEC GetUserTreeMenu 'nanang.andriani','1413',@CompanyId=2;
19/06/2023 13:34:36	SQL :EXEC GetUserTreeMenu 'nanang.andriani','1414',@CompanyId=2;
19/06/2023 13:34:37	SQL :EXEC GetUserSubMenu 'nanang.andriani','15';
19/06/2023 13:34:37	SQL :EXEC GetUserTreeMenu 'nanang.andriani','1501',@CompanyId=2;
19/06/2023 13:34:37	SQL :EXEC GetUserTreeMenu 'nanang.andriani','1502',@CompanyId=2;
19/06/2023 13:34:37	SQL :EXEC GetUserTreeMenu 'nanang.andriani','1503',@CompanyId=2;
19/06/2023 13:34:37	SQL :EXEC GetUserTreeMenu 'nanang.andriani','1504',@CompanyId=2;
19/06/2023 13:34:37	SQL :EXEC GetUserTreeMenu 'nanang.andriani','1505',@CompanyId=2;
19/06/2023 13:34:37	SQL :EXEC GetUserTreeMenu 'nanang.andriani','1506',@CompanyId=2;
19/06/2023 13:34:37	SQL :EXEC GetUserTreeMenu 'nanang.andriani','1507',@CompanyId=2;
19/06/2023 13:34:37	SQL :EXEC GetUserTreeMenu 'nanang.andriani','1508',@CompanyId=2;
19/06/2023 13:34:37	SQL :EXEC GetUserTreeMenu 'nanang.andriani','1509',@CompanyId=2;
19/06/2023 13:34:37	SQL :EXEC GetUserTreeMenu 'nanang.andriani','1510',@CompanyId=2;
19/06/2023 13:34:37	SQL :EXEC GetUserTreeMenu 'nanang.andriani','1511',@CompanyId=2;
19/06/2023 13:34:37	SQL :EXEC GetUserSubMenu 'nanang.andriani','16';
19/06/2023 13:34:37	SQL :EXEC GetUserTreeMenu 'nanang.andriani','1601',@CompanyId=2;
19/06/2023 13:34:37	SQL :EXEC GetUserTreeMenu 'nanang.andriani','1602',@CompanyId=2;
19/06/2023 13:34:37	SQL :EXEC GetUserTreeMenu 'nanang.andriani','1603',@CompanyId=2;
19/06/2023 13:34:37	SQL :EXEC GetUserTreeMenu 'nanang.andriani','1604',@CompanyId=2;
19/06/2023 13:34:37	SQL :EXEC GetUserTreeMenu 'nanang.andriani','1605',@CompanyId=2;
19/06/2023 13:34:37	SQL :EXEC GetUserTreeMenu 'nanang.andriani','1606',@CompanyId=2;
19/06/2023 13:34:37	SQL :EXEC GetUserTreeMenu 'nanang.andriani','1607',@CompanyId=2;
19/06/2023 13:34:37	SQL :EXEC GetUserTreeMenu 'nanang.andriani','1608',@CompanyId=2;
19/06/2023 13:34:37	SQL :EXEC GetUserTreeMenu 'nanang.andriani','1609',@CompanyId=2;
19/06/2023 13:34:37	SQL :EXEC GetUserTreeMenu 'nanang.andriani','1610',@CompanyId=2;
19/06/2023 13:34:37	SQL :EXEC GetUserTreeMenu 'nanang.andriani','1611',@CompanyId=2;
19/06/2023 13:34:37	SQL :EXEC GetUserTreeMenu 'nanang.andriani','1612',@CompanyId=2;
19/06/2023 13:34:37	SQL :EXEC GetUserTreeMenu 'nanang.andriani','1613',@CompanyId=2;
19/06/2023 13:34:37	SQL :EXEC GetUserTreeMenu 'nanang.andriani','1614',@CompanyId=2;
19/06/2023 13:34:37	SQL :EXEC GetUserTreeMenu 'nanang.andriani','1615',@CompanyId=2;
19/06/2023 13:34:37	SQL :EXEC GetUserTreeMenu 'nanang.andriani','1616',@CompanyId=2;
19/06/2023 13:34:37	SQL :EXEC GetUserTreeMenu 'nanang.andriani','1619',@CompanyId=2;
19/06/2023 13:34:37	SQL :EXEC GetUserTreeMenu 'nanang.andriani','1620',@CompanyId=2;
19/06/2023 13:34:37	SQL :EXEC GetUserSubMenu 'nanang.andriani','17';
19/06/2023 13:34:37	SQL :EXEC GetUserTreeMenu 'nanang.andriani','1701',@CompanyId=2;
19/06/2023 13:34:37	SQL :EXEC GetUserTreeMenu 'nanang.andriani','1702',@CompanyId=2;
19/06/2023 13:34:38	SQL :EXEC GetUserTreeMenu 'nanang.andriani','1703',@CompanyId=2;
19/06/2023 13:34:38	SQL :EXEC GetUserTreeMenu 'nanang.andriani','1704',@CompanyId=2;
19/06/2023 13:34:38	SQL :EXEC GetUserTreeMenu 'nanang.andriani','1705',@CompanyId=2;
19/06/2023 13:34:38	SQL :EXEC GetUserTreeMenu 'nanang.andriani','1706',@CompanyId=2;
19/06/2023 13:34:38	SQL :EXEC GetUserTreeMenu 'nanang.andriani','1707',@CompanyId=2;
19/06/2023 13:34:38	SQL :EXEC GetUserTreeMenu 'nanang.andriani','1708',@CompanyId=2;
19/06/2023 13:34:38	SQL :EXEC GetUserTreeMenu 'nanang.andriani','1709',@CompanyId=2;
19/06/2023 13:34:38	SQL :EXEC GetUserTreeMenu 'nanang.andriani','1710',@CompanyId=2;
19/06/2023 13:34:38	SQL :EXEC GetUserTreeMenu 'nanang.andriani','1711',@CompanyId=2;
19/06/2023 13:34:38	SQL :EXEC GetUserTreeMenu 'nanang.andriani','1712',@CompanyId=2;
19/06/2023 13:34:38	SQL :EXEC GetUserTreeMenu 'nanang.andriani','1713',@CompanyId=2;
19/06/2023 13:34:38	SQL :EXEC GetUserTreeMenu 'nanang.andriani','1714',@CompanyId=2;
19/06/2023 13:34:38	SQL :EXEC GetUserTreeMenu 'nanang.andriani','1715',@CompanyId=2;
19/06/2023 13:34:38	SQL :EXEC GetUserTreeMenu 'nanang.andriani','1716',@CompanyId=2;
19/06/2023 13:34:38	SQL :EXEC GetUserTreeMenu 'nanang.andriani','1717',@CompanyId=2;
19/06/2023 13:34:38	SQL :EXEC GetUserSubMenu 'nanang.andriani','18';
19/06/2023 13:34:38	SQL :EXEC GetUserTreeMenu 'nanang.andriani','1801',@CompanyId=2;
19/06/2023 13:34:38	SQL :EXEC GetUserSubMenu 'nanang.andriani','19';
19/06/2023 13:34:38	SQL :EXEC GetUserTreeMenu 'nanang.andriani','1901',@CompanyId=2;
19/06/2023 13:34:38	SQL :EXEC GetUserTreeMenu 'nanang.andriani','1902',@CompanyId=2;
19/06/2023 13:34:38	SQL :EXEC GetUserTreeMenu 'nanang.andriani','1903',@CompanyId=2;
19/06/2023 13:34:38	SQL :EXEC GetUserTreeMenu 'nanang.andriani','1904',@CompanyId=2;
19/06/2023 13:34:38	SQL :EXEC GetUserTreeMenu 'nanang.andriani','1905',@CompanyId=2;
19/06/2023 13:34:38	SQL :EXEC GetUserTreeMenu 'nanang.andriani','1906',@CompanyId=2;
19/06/2023 13:34:38	SQL :EXEC GetUserTreeMenu 'nanang.andriani','1907',@CompanyId=2;
19/06/2023 13:34:38	SQL :EXEC GetUserTreeMenu 'nanang.andriani','1908',@CompanyId=2;
19/06/2023 13:34:38	SQL :EXEC GetUserTreeMenu 'nanang.andriani','1909',@CompanyId=2;
19/06/2023 13:34:38	SQL :EXEC GetUserTreeMenu 'nanang.andriani','1910',@CompanyId=2;
19/06/2023 13:34:38	SQL :EXEC GetUserTreeMenu 'nanang.andriani','1911',@CompanyId=2;
19/06/2023 13:34:39	SQL :EXEC GetUserTreeMenu 'nanang.andriani','1912',@CompanyId=2;
19/06/2023 13:34:39	SQL :SELECT CONVERT(VARCHAR(8),GETDATE(),108) AS hour_minute;
19/06/2023 13:34:39	SQL :SELECT CONVERT(VARCHAR(10),GETDATE(),103) AS date_time;
19/06/2023 13:34:39	Loading Setting
19/06/2023 13:34:39	Open DB Connection
19/06/2023 13:34:39	SQL :SELECT * FROM wh_setting WHERE setting_name='Hold_Less_Deposit';
19/06/2023 13:34:39	SQL :SELECT * FROM wh_setting WHERE setting_name='Max_Less_Deposit';
19/06/2023 13:34:39	SQL :SELECT * FROM wh_setting WHERE setting_name='Dashboard_2';
19/06/2023 13:34:39	Finish Logging
19/06/2023 13:34:39	SQL :SELECT value_string FROM wh_setting WHERE (setting_name='Interval_CheckInDate') AND (active=1);
19/06/2023 13:34:39	SQL :SELECT value_string FROM wh_setting WHERE (setting_name='Interval_CheckInTime') AND (active=1);
19/06/2023 13:34:39	SQL :SELECT value_string FROM wh_setting WHERE (setting_name='ChatEnable') and (active=1);
19/06/2023 13:34:40	Message:Port Check
19/06/2023 13:34:40	Message:Open DB Connection
19/06/2023 13:34:40	SQL :EXEC GetMessage '01','nanang.andriani';
19/06/2023 13:34:40	SQL :SELECT CONVERT(VARCHAR(8),GETDATE(),108) AS hour_minute;
19/06/2023 13:34:40	SQL :SELECT CONVERT(VARCHAR(10),GETDATE(),103) AS date_time;
19/06/2023 13:34:42	Open Menu :190507
19/06/2023 13:34:42	Open DB Connection
19/06/2023 13:34:42	SQL :EXEC AuthMenu 'nanang.andriani',190507;
19/06/2023 13:34:42	Form Check :BusRunningDaysminiRpt
19/06/2023 13:34:42	Form Open: BusRunningDaysMiniRpt=,0
19/06/2023 13:34:42	Open DB Connection
19/06/2023 13:34:42	SQL :EXEC GetCompanyLocationList
19/06/2023 13:34:42	SQL :EXEC GetUserRDLocationList @UserName='nanang.andriani' ;
19/06/2023 13:34:42	SQL :EXEC GetGroup 2;
19/06/2023 13:34:42	Open DB Connection
19/06/2023 13:34:44	Open DB Connection
19/06/2023 13:34:46	Open DB Connection
19/06/2023 13:34:46	SQL :SELECT * FROM wh_setting WHERE (setting_name='ServiceBerkala_as_PKB_2') AND (active=1);
19/06/2023 13:34:47	Open DB Connection
19/06/2023 13:34:47	SQL :EXEC GetVhcList 6,@CompanyId=2,@BatchId=6,@Seat=29,@OrderBy='category, category_sequence_number,h.vhc_batch_id,seat,license_plate',@ShowBatch=1,@isOutsideRent=0,@Dates='2023/06/30';
19/06/2023 13:34:47	SQL :EXEC GetRunningDaysDetail 'BS221070063',@FromDate='2023-06-01',@ToDate='2023-06-30', @CompanyId=2;
19/06/2023 13:34:47	SQL :EXEC GetRunningDaysDetail 'BS221070060',@FromDate='2023-06-01',@ToDate='2023-06-30', @CompanyId=2;
19/06/2023 13:34:47	SQL :EXEC GetRunningDaysDetail 'BS220080008',@FromDate='2023-06-01',@ToDate='2023-06-30', @CompanyId=2;
19/06/2023 13:34:47	SQL :EXEC GetRunningDaysDetail 'BS220080009',@FromDate='2023-06-01',@ToDate='2023-06-30', @CompanyId=2;
19/06/2023 13:34:47	SQL :EXEC GetRunningDaysDetail 'BS221070061',@FromDate='2023-06-01',@ToDate='2023-06-30', @CompanyId=2;
19/06/2023 13:34:48	SQL :EXEC GetRunningDaysDetail 'BS221070041',@FromDate='2023-06-01',@ToDate='2023-06-30', @CompanyId=2;
19/06/2023 13:34:48	SQL :EXEC GetRunningDaysDetail 'BS221070064',@FromDate='2023-06-01',@ToDate='2023-06-30', @CompanyId=2;
19/06/2023 13:34:48	SQL :EXEC GetRunningDaysDetail 'BS220080007',@FromDate='2023-06-01',@ToDate='2023-06-30', @CompanyId=2;
19/06/2023 13:34:48	SQL :EXEC GetRunningDaysDetail 'BS220080006',@FromDate='2023-06-01',@ToDate='2023-06-30', @CompanyId=2;
19/06/2023 13:34:48	SQL :EXEC GetRunningDaysDetail 'BS220080010',@FromDate='2023-06-01',@ToDate='2023-06-30', @CompanyId=2;
19/06/2023 13:34:48	SQL :EXEC GetRunningDaysDetail 'BS221070068',@FromDate='2023-06-01',@ToDate='2023-06-30', @CompanyId=2;
19/06/2023 13:34:48	SQL :EXEC GetRunningDaysDetail 'BS221070062',@FromDate='2023-06-01',@ToDate='2023-06-30', @CompanyId=2;
19/06/2023 13:34:49	SQL :EXEC GetRunningDaysDetail 'BS221070069',@FromDate='2023-06-01',@ToDate='2023-06-30', @CompanyId=2;
19/06/2023 13:34:49	SQL :EXEC GetRunningDaysDetail 'BS221070066',@FromDate='2023-06-01',@ToDate='2023-06-30', @CompanyId=2;
19/06/2023 13:34:49	SQL :EXEC GetRunningDaysDetail 'BS221070067',@FromDate='2023-06-01',@ToDate='2023-06-30', @CompanyId=2;
19/06/2023 13:34:49	Open DB Connection
19/06/2023 13:34:49	SQL :select id from wh_dashboard_persentase_day where company_id=2 and vhc_batch_id=6 and seat=29 and date='2023/6/1'
19/06/2023 13:34:49	SQL :UPDATE wh_dashboard_persentase_day SET date='2023/6/1',company_id=2,vhc_batch_id=6,seat=29,tot_perbaikan=6,created_date=GETDATE() WHERE company_id=2 and vhc_batch_id=6 and seat=29 and date='2023/6/1'
19/06/2023 13:34:49	Open DB Connection
19/06/2023 13:34:49	SQL :select id from wh_dashboard_persentase_day where company_id=2 and vhc_batch_id=6 and seat=29 and date='2023/6/2'
19/06/2023 13:34:49	SQL :UPDATE wh_dashboard_persentase_day SET date='2023/6/2',company_id=2,vhc_batch_id=6,seat=29,tot_perbaikan=5,created_date=GETDATE() WHERE company_id=2 and vhc_batch_id=6 and seat=29 and date='2023/6/2'
19/06/2023 13:34:49	Open DB Connection
19/06/2023 13:34:49	SQL :select id from wh_dashboard_persentase_day where company_id=2 and vhc_batch_id=6 and seat=29 and date='2023/6/3'
19/06/2023 13:34:49	SQL :UPDATE wh_dashboard_persentase_day SET date='2023/6/3',company_id=2,vhc_batch_id=6,seat=29,tot_perbaikan=2,created_date=GETDATE() WHERE company_id=2 and vhc_batch_id=6 and seat=29 and date='2023/6/3'
19/06/2023 13:34:49	Open DB Connection
19/06/2023 13:34:49	SQL :select id from wh_dashboard_persentase_day where company_id=2 and vhc_batch_id=6 and seat=29 and date='2023/6/4'
19/06/2023 13:34:49	SQL :UPDATE wh_dashboard_persentase_day SET date='2023/6/4',company_id=2,vhc_batch_id=6,seat=29,tot_perbaikan=5,created_date=GETDATE() WHERE company_id=2 and vhc_batch_id=6 and seat=29 and date='2023/6/4'
19/06/2023 13:34:49	Open DB Connection
19/06/2023 13:34:49	SQL :select id from wh_dashboard_persentase_day where company_id=2 and vhc_batch_id=6 and seat=29 and date='2023/6/5'
19/06/2023 13:34:49	SQL :UPDATE wh_dashboard_persentase_day SET date='2023/6/5',company_id=2,vhc_batch_id=6,seat=29,tot_perbaikan=3,created_date=GETDATE() WHERE company_id=2 and vhc_batch_id=6 and seat=29 and date='2023/6/5'
19/06/2023 13:34:49	Open DB Connection
19/06/2023 13:34:49	SQL :select id from wh_dashboard_persentase_day where company_id=2 and vhc_batch_id=6 and seat=29 and date='2023/6/6'
19/06/2023 13:34:49	SQL :UPDATE wh_dashboard_persentase_day SET date='2023/6/6',company_id=2,vhc_batch_id=6,seat=29,tot_perbaikan=3,created_date=GETDATE() WHERE company_id=2 and vhc_batch_id=6 and seat=29 and date='2023/6/6'
19/06/2023 13:34:49	Open DB Connection
19/06/2023 13:34:49	SQL :select id from wh_dashboard_persentase_day where company_id=2 and vhc_batch_id=6 and seat=29 and date='2023/6/7'
19/06/2023 13:34:49	SQL :UPDATE wh_dashboard_persentase_day SET date='2023/6/7',company_id=2,vhc_batch_id=6,seat=29,tot_perbaikan=3,created_date=GETDATE() WHERE company_id=2 and vhc_batch_id=6 and seat=29 and date='2023/6/7'
19/06/2023 13:34:49	Open DB Connection
19/06/2023 13:34:49	SQL :select id from wh_dashboard_persentase_day where company_id=2 and vhc_batch_id=6 and seat=29 and date='2023/6/8'
19/06/2023 13:34:49	SQL :UPDATE wh_dashboard_persentase_day SET date='2023/6/8',company_id=2,vhc_batch_id=6,seat=29,tot_perbaikan=3,created_date=GETDATE() WHERE company_id=2 and vhc_batch_id=6 and seat=29 and date='2023/6/8'
19/06/2023 13:34:49	Open DB Connection
19/06/2023 13:34:49	SQL :select id from wh_dashboard_persentase_day where company_id=2 and vhc_batch_id=6 and seat=29 and date='2023/6/9'
19/06/2023 13:34:49	SQL :UPDATE wh_dashboard_persentase_day SET date='2023/6/9',company_id=2,vhc_batch_id=6,seat=29,tot_perbaikan=3,created_date=GETDATE() WHERE company_id=2 and vhc_batch_id=6 and seat=29 and date='2023/6/9'
19/06/2023 13:34:49	Open DB Connection
19/06/2023 13:34:49	SQL :select id from wh_dashboard_persentase_day where company_id=2 and vhc_batch_id=6 and seat=29 and date='2023/6/10'
19/06/2023 13:34:50	SQL :UPDATE wh_dashboard_persentase_day SET date='2023/6/10',company_id=2,vhc_batch_id=6,seat=29,tot_perbaikan=7,created_date=GETDATE() WHERE company_id=2 and vhc_batch_id=6 and seat=29 and date='2023/6/10'
19/06/2023 13:34:50	Open DB Connection
19/06/2023 13:34:50	SQL :select id from wh_dashboard_persentase_day where company_id=2 and vhc_batch_id=6 and seat=29 and date='2023/6/11'
19/06/2023 13:34:50	SQL :UPDATE wh_dashboard_persentase_day SET date='2023/6/11',company_id=2,vhc_batch_id=6,seat=29,tot_perbaikan=8,created_date=GETDATE() WHERE company_id=2 and vhc_batch_id=6 and seat=29 and date='2023/6/11'
19/06/2023 13:34:50	Open DB Connection
19/06/2023 13:34:50	SQL :select id from wh_dashboard_persentase_day where company_id=2 and vhc_batch_id=6 and seat=29 and date='2023/6/12'
19/06/2023 13:34:50	SQL :UPDATE wh_dashboard_persentase_day SET date='2023/6/12',company_id=2,vhc_batch_id=6,seat=29,tot_perbaikan=3,created_date=GETDATE() WHERE company_id=2 and vhc_batch_id=6 and seat=29 and date='2023/6/12'
19/06/2023 13:34:50	Open DB Connection
19/06/2023 13:34:50	SQL :select id from wh_dashboard_persentase_day where company_id=2 and vhc_batch_id=6 and seat=29 and date='2023/6/13'
19/06/2023 13:34:50	SQL :UPDATE wh_dashboard_persentase_day SET date='2023/6/13',company_id=2,vhc_batch_id=6,seat=29,tot_perbaikan=3,created_date=GETDATE() WHERE company_id=2 and vhc_batch_id=6 and seat=29 and date='2023/6/13'
19/06/2023 13:34:50	Open DB Connection
19/06/2023 13:34:50	SQL :select id from wh_dashboard_persentase_day where company_id=2 and vhc_batch_id=6 and seat=29 and date='2023/6/14'
19/06/2023 13:34:50	SQL :UPDATE wh_dashboard_persentase_day SET date='2023/6/14',company_id=2,vhc_batch_id=6,seat=29,tot_perbaikan=3,created_date=GETDATE() WHERE company_id=2 and vhc_batch_id=6 and seat=29 and date='2023/6/14'
19/06/2023 13:34:50	Open DB Connection
19/06/2023 13:34:50	SQL :select id from wh_dashboard_persentase_day where company_id=2 and vhc_batch_id=6 and seat=29 and date='2023/6/15'
19/06/2023 13:34:50	SQL :UPDATE wh_dashboard_persentase_day SET date='2023/6/15',company_id=2,vhc_batch_id=6,seat=29,tot_perbaikan=2,created_date=GETDATE() WHERE company_id=2 and vhc_batch_id=6 and seat=29 and date='2023/6/15'
19/06/2023 13:34:50	Open DB Connection
19/06/2023 13:34:50	SQL :select id from wh_dashboard_persentase_day where company_id=2 and vhc_batch_id=6 and seat=29 and date='2023/6/16'
19/06/2023 13:34:50	SQL :UPDATE wh_dashboard_persentase_day SET date='2023/6/16',company_id=2,vhc_batch_id=6,seat=29,tot_perbaikan=3,created_date=GETDATE() WHERE company_id=2 and vhc_batch_id=6 and seat=29 and date='2023/6/16'
19/06/2023 13:34:50	Open DB Connection
19/06/2023 13:34:50	SQL :select id from wh_dashboard_persentase_day where company_id=2 and vhc_batch_id=6 and seat=29 and date='2023/6/17'
19/06/2023 13:34:50	SQL :UPDATE wh_dashboard_persentase_day SET date='2023/6/17',company_id=2,vhc_batch_id=6,seat=29,tot_perbaikan=4,created_date=GETDATE() WHERE company_id=2 and vhc_batch_id=6 and seat=29 and date='2023/6/17'
19/06/2023 13:34:50	Open DB Connection
19/06/2023 13:34:50	SQL :select id from wh_dashboard_persentase_day where company_id=2 and vhc_batch_id=6 and seat=29 and date='2023/6/18'
19/06/2023 13:34:50	SQL :UPDATE wh_dashboard_persentase_day SET date='2023/6/18',company_id=2,vhc_batch_id=6,seat=29,tot_perbaikan=5,created_date=GETDATE() WHERE company_id=2 and vhc_batch_id=6 and seat=29 and date='2023/6/18'
19/06/2023 13:34:50	Open DB Connection
19/06/2023 13:34:50	SQL :select id from wh_dashboard_persentase_day where company_id=2 and vhc_batch_id=6 and seat=29 and date='2023/6/19'
19/06/2023 13:34:50	SQL :UPDATE wh_dashboard_persentase_day SET date='2023/6/19',company_id=2,vhc_batch_id=6,seat=29,tot_perbaikan=4,created_date=GETDATE() WHERE company_id=2 and vhc_batch_id=6 and seat=29 and date='2023/6/19'
19/06/2023 13:34:50	Open DB Connection
19/06/2023 13:34:50	SQL :select id from wh_dashboard_persentase_day where company_id=2 and vhc_batch_id=6 and seat=29 and date='2023/6/20'
19/06/2023 13:34:50	SQL :UPDATE wh_dashboard_persentase_day SET date='2023/6/20',company_id=2,vhc_batch_id=6,seat=29,tot_perbaikan=4,created_date=GETDATE() WHERE company_id=2 and vhc_batch_id=6 and seat=29 and date='2023/6/20'
19/06/2023 13:34:50	Open DB Connection
19/06/2023 13:34:50	SQL :select id from wh_dashboard_persentase_day where company_id=2 and vhc_batch_id=6 and seat=29 and date='2023/6/21'
19/06/2023 13:34:50	SQL :UPDATE wh_dashboard_persentase_day SET date='2023/6/21',company_id=2,vhc_batch_id=6,seat=29,tot_perbaikan=5,created_date=GETDATE() WHERE company_id=2 and vhc_batch_id=6 and seat=29 and date='2023/6/21'
19/06/2023 13:34:50	Open DB Connection
19/06/2023 13:34:50	SQL :select id from wh_dashboard_persentase_day where company_id=2 and vhc_batch_id=6 and seat=29 and date='2023/6/22'
19/06/2023 13:34:50	SQL :UPDATE wh_dashboard_persentase_day SET date='2023/6/22',company_id=2,vhc_batch_id=6,seat=29,tot_perbaikan=4,created_date=GETDATE() WHERE company_id=2 and vhc_batch_id=6 and seat=29 and date='2023/6/22'
19/06/2023 13:34:50	Open DB Connection
19/06/2023 13:34:50	SQL :select id from wh_dashboard_persentase_day where company_id=2 and vhc_batch_id=6 and seat=29 and date='2023/6/23'
19/06/2023 13:34:50	SQL :UPDATE wh_dashboard_persentase_day SET date='2023/6/23',company_id=2,vhc_batch_id=6,seat=29,tot_perbaikan=4,created_date=GETDATE() WHERE company_id=2 and vhc_batch_id=6 and seat=29 and date='2023/6/23'
19/06/2023 13:34:50	Open DB Connection
19/06/2023 13:34:50	SQL :select id from wh_dashboard_persentase_day where company_id=2 and vhc_batch_id=6 and seat=29 and date='2023/6/24'
19/06/2023 13:34:50	SQL :UPDATE wh_dashboard_persentase_day SET date='2023/6/24',company_id=2,vhc_batch_id=6,seat=29,tot_perbaikan=6,created_date=GETDATE() WHERE company_id=2 and vhc_batch_id=6 and seat=29 and date='2023/6/24'
19/06/2023 13:34:50	Open DB Connection
19/06/2023 13:34:50	SQL :select id from wh_dashboard_persentase_day where company_id=2 and vhc_batch_id=6 and seat=29 and date='2023/6/25'
19/06/2023 13:34:50	SQL :UPDATE wh_dashboard_persentase_day SET date='2023/6/25',company_id=2,vhc_batch_id=6,seat=29,tot_perbaikan=6,created_date=GETDATE() WHERE company_id=2 and vhc_batch_id=6 and seat=29 and date='2023/6/25'
19/06/2023 13:34:50	Open DB Connection
19/06/2023 13:34:50	SQL :select id from wh_dashboard_persentase_day where company_id=2 and vhc_batch_id=6 and seat=29 and date='2023/6/26'
19/06/2023 13:34:50	SQL :UPDATE wh_dashboard_persentase_day SET date='2023/6/26',company_id=2,vhc_batch_id=6,seat=29,tot_perbaikan=4,created_date=GETDATE() WHERE company_id=2 and vhc_batch_id=6 and seat=29 and date='2023/6/26'
19/06/2023 13:34:50	Open DB Connection
19/06/2023 13:34:50	SQL :select id from wh_dashboard_persentase_day where company_id=2 and vhc_batch_id=6 and seat=29 and date='2023/6/27'
19/06/2023 13:34:51	SQL :UPDATE wh_dashboard_persentase_day SET date='2023/6/27',company_id=2,vhc_batch_id=6,seat=29,tot_perbaikan=4,created_date=GETDATE() WHERE company_id=2 and vhc_batch_id=6 and seat=29 and date='2023/6/27'
19/06/2023 13:34:51	Open DB Connection
19/06/2023 13:34:51	SQL :select id from wh_dashboard_persentase_day where company_id=2 and vhc_batch_id=6 and seat=29 and date='2023/6/28'
19/06/2023 13:34:51	SQL :UPDATE wh_dashboard_persentase_day SET date='2023/6/28',company_id=2,vhc_batch_id=6,seat=29,tot_perbaikan=4,created_date=GETDATE() WHERE company_id=2 and vhc_batch_id=6 and seat=29 and date='2023/6/28'
19/06/2023 13:34:51	Open DB Connection
19/06/2023 13:34:51	SQL :select id from wh_dashboard_persentase_day where company_id=2 and vhc_batch_id=6 and seat=29 and date='2023/6/29'
19/06/2023 13:34:51	SQL :UPDATE wh_dashboard_persentase_day SET date='2023/6/29',company_id=2,vhc_batch_id=6,seat=29,tot_perbaikan=4,created_date=GETDATE() WHERE company_id=2 and vhc_batch_id=6 and seat=29 and date='2023/6/29'
19/06/2023 13:34:51	Open DB Connection
19/06/2023 13:34:51	SQL :select id from wh_dashboard_persentase_day where company_id=2 and vhc_batch_id=6 and seat=29 and date='2023/6/30'
19/06/2023 13:34:51	SQL :UPDATE wh_dashboard_persentase_day SET date='2023/6/30',company_id=2,vhc_batch_id=6,seat=29,tot_perbaikan=4,created_date=GETDATE() WHERE company_id=2 and vhc_batch_id=6 and seat=29 and date='2023/6/30'
19/06/2023 13:34:51	Open DB Connection
19/06/2023 13:34:51	SQL :select id from wh_dashboard_persentase_day where company_id=2 and vhc_batch_id=6 and seat=29 and date='2023/6/1'
19/06/2023 13:34:51	SQL :UPDATE wh_dashboard_persentase_day SET date='2023/6/1',company_id=2,vhc_batch_id=6,seat=29,persentase_jalan=100,created_date=GETDATE() WHERE company_id=2 and vhc_batch_id=6 and seat=29 and date='2023/6/1'
19/06/2023 13:34:51	Open DB Connection
19/06/2023 13:34:51	SQL :select id from wh_dashboard_persentase_day where company_id=2 and vhc_batch_id=6 and seat=29 and date='2023/6/2'
19/06/2023 13:34:51	SQL :UPDATE wh_dashboard_persentase_day SET date='2023/6/2',company_id=2,vhc_batch_id=6,seat=29,persentase_jalan=90,created_date=GETDATE() WHERE company_id=2 and vhc_batch_id=6 and seat=29 and date='2023/6/2'
19/06/2023 13:34:51	Open DB Connection
19/06/2023 13:34:51	SQL :select id from wh_dashboard_persentase_day where company_id=2 and vhc_batch_id=6 and seat=29 and date='2023/6/3'
19/06/2023 13:34:51	SQL :UPDATE wh_dashboard_persentase_day SET date='2023/6/3',company_id=2,vhc_batch_id=6,seat=29,persentase_jalan=100,created_date=GETDATE() WHERE company_id=2 and vhc_batch_id=6 and seat=29 and date='2023/6/3'
19/06/2023 13:34:51	Open DB Connection
19/06/2023 13:34:51	SQL :select id from wh_dashboard_persentase_day where company_id=2 and vhc_batch_id=6 and seat=29 and date='2023/6/4'
19/06/2023 13:34:51	SQL :UPDATE wh_dashboard_persentase_day SET date='2023/6/4',company_id=2,vhc_batch_id=6,seat=29,persentase_jalan=100,created_date=GETDATE() WHERE company_id=2 and vhc_batch_id=6 and seat=29 and date='2023/6/4'
19/06/2023 13:34:51	Open DB Connection
19/06/2023 13:34:51	SQL :select id from wh_dashboard_persentase_day where company_id=2 and vhc_batch_id=6 and seat=29 and date='2023/6/5'
19/06/2023 13:34:51	SQL :UPDATE wh_dashboard_persentase_day SET date='2023/6/5',company_id=2,vhc_batch_id=6,seat=29,persentase_jalan=92,created_date=GETDATE() WHERE company_id=2 and vhc_batch_id=6 and seat=29 and date='2023/6/5'
19/06/2023 13:34:51	Open DB Connection
19/06/2023 13:34:51	SQL :select id from wh_dashboard_persentase_day where company_id=2 and vhc_batch_id=6 and seat=29 and date='2023/6/6'
19/06/2023 13:34:51	SQL :UPDATE wh_dashboard_persentase_day SET date='2023/6/6',company_id=2,vhc_batch_id=6,seat=29,persentase_jalan=100,created_date=GETDATE() WHERE company_id=2 and vhc_batch_id=6 and seat=29 and date='2023/6/6'
19/06/2023 13:34:51	Open DB Connection
19/06/2023 13:34:51	SQL :select id from wh_dashboard_persentase_day where company_id=2 and vhc_batch_id=6 and seat=29 and date='2023/6/7'
19/06/2023 13:34:51	SQL :UPDATE wh_dashboard_persentase_day SET date='2023/6/7',company_id=2,vhc_batch_id=6,seat=29,persentase_jalan=100,created_date=GETDATE() WHERE company_id=2 and vhc_batch_id=6 and seat=29 and date='2023/6/7'
19/06/2023 13:34:51	Open DB Connection
19/06/2023 13:34:51	SQL :select id from wh_dashboard_persentase_day where company_id=2 and vhc_batch_id=6 and seat=29 and date='2023/6/8'
19/06/2023 13:34:52	SQL :UPDATE wh_dashboard_persentase_day SET date='2023/6/8',company_id=2,vhc_batch_id=6,seat=29,persentase_jalan=100,created_date=GETDATE() WHERE company_id=2 and vhc_batch_id=6 and seat=29 and date='2023/6/8'
19/06/2023 13:34:52	Open DB Connection
19/06/2023 13:34:52	SQL :select id from wh_dashboard_persentase_day where company_id=2 and vhc_batch_id=6 and seat=29 and date='2023/6/9'
19/06/2023 13:34:52	SQL :UPDATE wh_dashboard_persentase_day SET date='2023/6/9',company_id=2,vhc_batch_id=6,seat=29,persentase_jalan=100,created_date=GETDATE() WHERE company_id=2 and vhc_batch_id=6 and seat=29 and date='2023/6/9'
19/06/2023 13:34:52	Open DB Connection
19/06/2023 13:34:52	SQL :select id from wh_dashboard_persentase_day where company_id=2 and vhc_batch_id=6 and seat=29 and date='2023/6/10'
19/06/2023 13:34:52	SQL :UPDATE wh_dashboard_persentase_day SET date='2023/6/10',company_id=2,vhc_batch_id=6,seat=29,persentase_jalan=100,created_date=GETDATE() WHERE company_id=2 and vhc_batch_id=6 and seat=29 and date='2023/6/10'
19/06/2023 13:34:52	Open DB Connection
19/06/2023 13:34:52	SQL :select id from wh_dashboard_persentase_day where company_id=2 and vhc_batch_id=6 and seat=29 and date='2023/6/11'
19/06/2023 13:34:52	SQL :UPDATE wh_dashboard_persentase_day SET date='2023/6/11',company_id=2,vhc_batch_id=6,seat=29,persentase_jalan=100,created_date=GETDATE() WHERE company_id=2 and vhc_batch_id=6 and seat=29 and date='2023/6/11'
19/06/2023 13:34:52	Open DB Connection
19/06/2023 13:34:52	SQL :select id from wh_dashboard_persentase_day where company_id=2 and vhc_batch_id=6 and seat=29 and date='2023/6/12'
19/06/2023 13:34:52	SQL :UPDATE wh_dashboard_persentase_day SET date='2023/6/12',company_id=2,vhc_batch_id=6,seat=29,persentase_jalan=100,created_date=GETDATE() WHERE company_id=2 and vhc_batch_id=6 and seat=29 and date='2023/6/12'
19/06/2023 13:34:52	Open DB Connection
19/06/2023 13:34:52	SQL :select id from wh_dashboard_persentase_day where company_id=2 and vhc_batch_id=6 and seat=29 and date='2023/6/13'
19/06/2023 13:34:52	SQL :UPDATE wh_dashboard_persentase_day SET date='2023/6/13',company_id=2,vhc_batch_id=6,seat=29,persentase_jalan=100,created_date=GETDATE() WHERE company_id=2 and vhc_batch_id=6 and seat=29 and date='2023/6/13'
19/06/2023 13:34:52	Open DB Connection
19/06/2023 13:34:52	SQL :select id from wh_dashboard_persentase_day where company_id=2 and vhc_batch_id=6 and seat=29 and date='2023/6/14'
19/06/2023 13:34:52	SQL :UPDATE wh_dashboard_persentase_day SET date='2023/6/14',company_id=2,vhc_batch_id=6,seat=29,persentase_jalan=100,created_date=GETDATE() WHERE company_id=2 and vhc_batch_id=6 and seat=29 and date='2023/6/14'
19/06/2023 13:34:52	Open DB Connection
19/06/2023 13:34:52	SQL :select id from wh_dashboard_persentase_day where company_id=2 and vhc_batch_id=6 and seat=29 and date='2023/6/15'
19/06/2023 13:34:52	SQL :UPDATE wh_dashboard_persentase_day SET date='2023/6/15',company_id=2,vhc_batch_id=6,seat=29,persentase_jalan=100,created_date=GETDATE() WHERE company_id=2 and vhc_batch_id=6 and seat=29 and date='2023/6/15'
19/06/2023 13:34:52	Open DB Connection
19/06/2023 13:34:52	SQL :select id from wh_dashboard_persentase_day where company_id=2 and vhc_batch_id=6 and seat=29 and date='2023/6/16'
19/06/2023 13:34:52	SQL :UPDATE wh_dashboard_persentase_day SET date='2023/6/16',company_id=2,vhc_batch_id=6,seat=29,persentase_jalan=100,created_date=GETDATE() WHERE company_id=2 and vhc_batch_id=6 and seat=29 and date='2023/6/16'
19/06/2023 13:34:52	Open DB Connection
19/06/2023 13:34:52	SQL :select id from wh_dashboard_persentase_day where company_id=2 and vhc_batch_id=6 and seat=29 and date='2023/6/17'
19/06/2023 13:34:52	SQL :UPDATE wh_dashboard_persentase_day SET date='2023/6/17',company_id=2,vhc_batch_id=6,seat=29,persentase_jalan=100,created_date=GETDATE() WHERE company_id=2 and vhc_batch_id=6 and seat=29 and date='2023/6/17'
19/06/2023 13:34:52	Open DB Connection
19/06/2023 13:34:52	SQL :select id from wh_dashboard_persentase_day where company_id=2 and vhc_batch_id=6 and seat=29 and date='2023/6/18'
19/06/2023 13:34:52	SQL :UPDATE wh_dashboard_persentase_day SET date='2023/6/18',company_id=2,vhc_batch_id=6,seat=29,persentase_jalan=60,created_date=GETDATE() WHERE company_id=2 and vhc_batch_id=6 and seat=29 and date='2023/6/18'
19/06/2023 13:34:52	Open DB Connection
19/06/2023 13:34:52	SQL :select id from wh_dashboard_persentase_day where company_id=2 and vhc_batch_id=6 and seat=29 and date='2023/6/19'
19/06/2023 13:34:52	SQL :UPDATE wh_dashboard_persentase_day SET date='2023/6/19',company_id=2,vhc_batch_id=6,seat=29,persentase_jalan=82,created_date=GETDATE() WHERE company_id=2 and vhc_batch_id=6 and seat=29 and date='2023/6/19'
19/06/2023 13:34:52	Open DB Connection
19/06/2023 13:34:52	SQL :select id from wh_dashboard_persentase_day where company_id=2 and vhc_batch_id=6 and seat=29 and date='2023/6/20'
19/06/2023 13:34:52	SQL :UPDATE wh_dashboard_persentase_day SET date='2023/6/20',company_id=2,vhc_batch_id=6,seat=29,persentase_jalan=100,created_date=GETDATE() WHERE company_id=2 and vhc_batch_id=6 and seat=29 and date='2023/6/20'
19/06/2023 13:34:52	Open DB Connection
19/06/2023 13:34:52	SQL :select id from wh_dashboard_persentase_day where company_id=2 and vhc_batch_id=6 and seat=29 and date='2023/6/21'
19/06/2023 13:34:52	SQL :UPDATE wh_dashboard_persentase_day SET date='2023/6/21',company_id=2,vhc_batch_id=6,seat=29,persentase_jalan=80,created_date=GETDATE() WHERE company_id=2 and vhc_batch_id=6 and seat=29 and date='2023/6/21'
19/06/2023 13:34:53	Open DB Connection
19/06/2023 13:34:53	SQL :select id from wh_dashboard_persentase_day where company_id=2 and vhc_batch_id=6 and seat=29 and date='2023/6/22'
19/06/2023 13:34:53	SQL :UPDATE wh_dashboard_persentase_day SET date='2023/6/22',company_id=2,vhc_batch_id=6,seat=29,persentase_jalan=82,created_date=GETDATE() WHERE company_id=2 and vhc_batch_id=6 and seat=29 and date='2023/6/22'
19/06/2023 13:34:53	Open DB Connection
19/06/2023 13:34:53	SQL :select id from wh_dashboard_persentase_day where company_id=2 and vhc_batch_id=6 and seat=29 and date='2023/6/23'
19/06/2023 13:34:53	SQL :UPDATE wh_dashboard_persentase_day SET date='2023/6/23',company_id=2,vhc_batch_id=6,seat=29,persentase_jalan=64,created_date=GETDATE() WHERE company_id=2 and vhc_batch_id=6 and seat=29 and date='2023/6/23'
19/06/2023 13:34:53	Open DB Connection
19/06/2023 13:34:53	SQL :select id from wh_dashboard_persentase_day where company_id=2 and vhc_batch_id=6 and seat=29 and date='2023/6/24'
19/06/2023 13:34:53	SQL :UPDATE wh_dashboard_persentase_day SET date='2023/6/24',company_id=2,vhc_batch_id=6,seat=29,persentase_jalan=67,created_date=GETDATE() WHERE company_id=2 and vhc_batch_id=6 and seat=29 and date='2023/6/24'
19/06/2023 13:34:53	Open DB Connection
19/06/2023 13:34:53	SQL :select id from wh_dashboard_persentase_day where company_id=2 and vhc_batch_id=6 and seat=29 and date='2023/6/25'
19/06/2023 13:34:53	SQL :UPDATE wh_dashboard_persentase_day SET date='2023/6/25',company_id=2,vhc_batch_id=6,seat=29,persentase_jalan=44,created_date=GETDATE() WHERE company_id=2 and vhc_batch_id=6 and seat=29 and date='2023/6/25'
19/06/2023 13:34:53	Open DB Connection
19/06/2023 13:34:53	SQL :select id from wh_dashboard_persentase_day where company_id=2 and vhc_batch_id=6 and seat=29 and date='2023/6/26'
19/06/2023 13:34:53	SQL :UPDATE wh_dashboard_persentase_day SET date='2023/6/26',company_id=2,vhc_batch_id=6,seat=29,persentase_jalan=64,created_date=GETDATE() WHERE company_id=2 and vhc_batch_id=6 and seat=29 and date='2023/6/26'
19/06/2023 13:34:53	Open DB Connection
19/06/2023 13:34:53	SQL :select id from wh_dashboard_persentase_day where company_id=2 and vhc_batch_id=6 and seat=29 and date='2023/6/27'
19/06/2023 13:34:53	SQL :UPDATE wh_dashboard_persentase_day SET date='2023/6/27',company_id=2,vhc_batch_id=6,seat=29,persentase_jalan=64,created_date=GETDATE() WHERE company_id=2 and vhc_batch_id=6 and seat=29 and date='2023/6/27'
19/06/2023 13:34:53	Open DB Connection
19/06/2023 13:34:53	SQL :select id from wh_dashboard_persentase_day where company_id=2 and vhc_batch_id=6 and seat=29 and date='2023/6/28'
19/06/2023 13:34:53	SQL :UPDATE wh_dashboard_persentase_day SET date='2023/6/28',company_id=2,vhc_batch_id=6,seat=29,persentase_jalan=82,created_date=GETDATE() WHERE company_id=2 and vhc_batch_id=6 and seat=29 and date='2023/6/28'
19/06/2023 13:34:53	Open DB Connection
19/06/2023 13:34:53	SQL :select id from wh_dashboard_persentase_day where company_id=2 and vhc_batch_id=6 and seat=29 and date='2023/6/29'
19/06/2023 13:34:53	SQL :UPDATE wh_dashboard_persentase_day SET date='2023/6/29',company_id=2,vhc_batch_id=6,seat=29,persentase_jalan=82,created_date=GETDATE() WHERE company_id=2 and vhc_batch_id=6 and seat=29 and date='2023/6/29'
19/06/2023 13:34:53	Open DB Connection
19/06/2023 13:34:53	SQL :select id from wh_dashboard_persentase_day where company_id=2 and vhc_batch_id=6 and seat=29 and date='2023/6/30'
19/06/2023 13:34:53	SQL :UPDATE wh_dashboard_persentase_day SET date='2023/6/30',company_id=2,vhc_batch_id=6,seat=29,persentase_jalan=91,created_date=GETDATE() WHERE company_id=2 and vhc_batch_id=6 and seat=29 and date='2023/6/30'
19/06/2023 13:35:20	Form Check :OrderForm
19/06/2023 13:35:20	Form Open: SelectBooking=BLCRB23060095  PKBRB23060129,FormRequest=,0
19/06/2023 13:35:22	Form Check :OrderForm
19/06/2023 13:35:22	Form Open: SelectBooking=BLCRB23060095  PKBRB23060129,FormRequest=,0
19/06/2023 13:35:44	Form Check :OrderForm
19/06/2023 13:35:44	Form Open: SelectBooking=BLCRB23060095  PKBRB23060129,FormRequest=,0
19/06/2023 13:35:47	Form Check :OrderForm
19/06/2023 13:35:47	Form Open: SelectBooking=BLCRB23060095  PKBRB23060129,FormRequest=,0
19/06/2023 13:36:45	Form Check :OrderForm
19/06/2023 19/06/2023 13:49:55	Get Local Settings
19/06/2023 13:49:55	Start Change Local Settings
19/06/2023 13:49:55	Change short date format
19/06/2023 13:49:55	Change Long date format
19/06/2023 13:49:55	Finish Change Local Settings
19/06/2023 13:49:55	Registry Read: Path=SOFTWARE\WEHA\Aplikasi\3
19/06/2023 13:49:55	Registry Read/Write
19/06/2023 13:49:55	Registry Read: Path=SOFTWARE\WEHA\Aplikasi\3
19/06/2023 13:49:55	Registry Read:Fail
19/06/2023 13:49:55	Setting DB Param
19/06/2023 13:49:55	Create DB Object
19/06/2023 13:49:55	Init DB
19/06/2023 13:49:57	Error Create DB Connection
19/06/2023 13:50:00	Change Db Connection to :Provider=MSDASQL.1
19/06/2023 13:50:00	Finish Create DB Connection
19/06/2023 13:50:00	Get File Version
19/06/2023 13:50:00	Change  Caption
19/06/2023 13:50:00	Init Shortkey
19/06/2023 13:50:01	Form Check :Setting
19/06/2023 13:50:01	Form Open: Setting
19/06/2023 13:50:20	Create DB Object
19/06/2023 13:50:20	Init DB
19/06/2023 13:50:20	Finish Init DB
19/06/2023 13:50:20	Port Check
19/06/2023 13:50:20	Connection Check
19/06/2023 13:50:21	Check Success
19/06/2023 13:50:22	Registry Write: 192.168.10.247,wh_prod,sa,SQLNCLI10
19/06/2023 13:50:22	Registry Read: Path=SOFTWARE\WEHA\Aplikasi\3
19/06/2023 13:50:22	Registry Read:Fail
19/06/2023 13:50:25	Create DB Object
19/06/2023 13:50:25	Init DB
19/06/2023 13:50:25	Finish Init DB
19/06/2023 13:50:32	Update new version check
19/06/2023 13:50:32	Open DB Connection
19/06/2023 13:50:32	SQL :
19/06/2023 13:50:32	Update check version
19/06/2023 13:50:32	Open DB Connection
19/06/2023 13:50:32	SQL :SELECT version FROM wh_application WHERE application_id=(SELECT MAX(application_id) FROM wh_application);
19/06/2023 13:50:32	Start Login
19/06/2023 13:50:32	Open DB Connection
19/06/2023 13:50:32	SQL :EXEC AuthenticateUser 'nanang.andriani','3b5929d0c23006c99522f38746d85dd4';
19/06/2023 13:50:32	SQL :INSERT INTO wh_log (user_id,app_date,app_version,app_version_svr,location_id,company_id,department_id,host_name,ip_address)  VALUES ('nanang.andriani','19/06/2023','6.1.5.23','6.1.5.23',6,2,13,'DESKTOP-88BM05S','192.168.25.214');
19/06/2023 13:50:33	Open DB Connection
19/06/2023 13:50:33	SQL :EXEC GetUserMenu 'nanang.andriani';
19/06/2023 13:50:33	SQL :EXEC GetUserSubMenu 'nanang.andriani','11';
19/06/2023 13:50:33	SQL :EXEC GetUserTreeMenu 'nanang.andriani','1101',@CompanyId=2;
19/06/2023 13:50:33	SQL :EXEC GetUserTreeMenu 'nanang.andriani','1102',@CompanyId=2;
19/06/2023 13:50:33	SQL :EXEC GetUserTreeMenu 'nanang.andriani','1103',@CompanyId=2;
19/06/2023 13:50:33	SQL :EXEC GetUserTreeMenu 'nanang.andriani','1104',@CompanyId=2;
19/06/2023 13:50:33	SQL :EXEC GetUserTreeMenu 'nanang.andriani','1105',@CompanyId=2;
19/06/2023 13:50:33	SQL :EXEC GetUserTreeMenu 'nanang.andriani','1106',@CompanyId=2;
19/06/2023 13:50:33	SQL :EXEC GetUserTreeMenu 'nanang.andriani','1107',@CompanyId=2;
19/06/2023 13:50:33	SQL :EXEC GetUserTreeMenu 'nanang.andriani','1108',@CompanyId=2;
19/06/2023 13:50:33	SQL :EXEC GetUserTreeMenu 'nanang.andriani','1109',@CompanyId=2;
19/06/2023 13:50:33	SQL :EXEC GetUserTreeMenu 'nanang.andriani','1110',@CompanyId=2;
19/06/2023 13:50:33	SQL :EXEC GetUserTreeMenu 'nanang.andriani','1111',@CompanyId=2;
19/06/2023 13:50:33	SQL :EXEC GetUserTreeMenu 'nanang.andriani','1112',@CompanyId=2;
19/06/2023 13:50:33	SQL :EXEC GetUserTreeMenu 'nanang.andriani','1113',@CompanyId=2;
19/06/2023 13:50:33	SQL :EXEC GetUserTreeMenu 'nanang.andriani','1114',@CompanyId=2;
19/06/2023 13:50:33	SQL :EXEC GetUserTreeMenu 'nanang.andriani','1115',@CompanyId=2;
19/06/2023 13:50:33	SQL :EXEC GetUserTreeMenu 'nanang.andriani','1116',@CompanyId=2;
19/06/2023 13:50:33	SQL :EXEC GetUserTreeMenu 'nanang.andriani','1117',@CompanyId=2;
19/06/2023 13:50:33	SQL :EXEC GetUserTreeMenu 'nanang.andriani','1198',@CompanyId=2;
19/06/2023 13:50:33	SQL :EXEC GetUserTreeMenu 'nanang.andriani','1199',@CompanyId=2;
19/06/2023 13:50:33	SQL :EXEC GetUserSubMenu 'nanang.andriani','12';
19/06/2023 13:50:33	SQL :EXEC GetUserTreeMenu 'nanang.andriani','1201',@CompanyId=2;
19/06/2023 13:50:33	SQL :EXEC GetUserTreeMenu 'nanang.andriani','1202',@CompanyId=2;
19/06/2023 13:50:33	SQL :EXEC GetUserTreeMenu 'nanang.andriani','1203',@CompanyId=2;
19/06/2023 13:50:33	SQL :EXEC GetUserTreeMenu 'nanang.andriani','1204',@CompanyId=2;
19/06/2023 13:50:33	SQL :EXEC GetUserTreeMenu 'nanang.andriani','1205',@CompanyId=2;
19/06/2023 13:50:33	SQL :EXEC GetUserTreeMenu 'nanang.andriani','1206',@CompanyId=2;
19/06/2023 13:50:33	SQL :EXEC GetUserTreeMenu 'nanang.andriani','1207',@CompanyId=2;
19/06/2023 13:50:33	SQL :EXEC GetUserSubMenu 'nanang.andriani','13';
19/06/2023 13:50:33	SQL :EXEC GetUserTreeMenu 'nanang.andriani','1301',@CompanyId=2;
19/06/2023 13:50:33	SQL :EXEC GetUserTreeMenu 'nanang.andriani','1302',@CompanyId=2;
19/06/2023 13:50:33	SQL :EXEC GetUserTreeMenu 'nanang.andriani','1303',@CompanyId=2;
19/06/2023 13:50:33	SQL :EXEC GetUserTreeMenu 'nanang.andriani','1304',@CompanyId=2;
19/06/2023 13:50:33	SQL :EXEC GetUserTreeMenu 'nanang.andriani','1305',@CompanyId=2;
19/06/2023 13:50:33	SQL :EXEC GetUserTreeMenu 'nanang.andriani','1306',@CompanyId=2;
19/06/2023 13:50:33	SQL :EXEC GetUserTreeMenu 'nanang.andriani','1307',@CompanyId=2;
19/06/2023 13:50:33	SQL :EXEC GetUserTreeMenu 'nanang.andriani','1308',@CompanyId=2;
19/06/2023 13:50:33	SQL :EXEC GetUserTreeMenu 'nanang.andriani','1309',@CompanyId=2;
19/06/2023 13:50:33	SQL :EXEC GetUserTreeMenu 'nanang.andriani','1310',@CompanyId=2;
19/06/2023 13:50:33	SQL :EXEC GetUserTreeMenu 'nanang.andriani','1311',@CompanyId=2;
19/06/2023 13:50:33	SQL :EXEC GetUserTreeMenu 'nanang.andriani','1312',@CompanyId=2;
19/06/2023 13:50:33	SQL :EXEC GetUserTreeMenu 'nanang.andriani','1313',@CompanyId=2;
19/06/2023 13:50:33	SQL :EXEC GetUserTreeMenu 'nanang.andriani','1314',@CompanyId=2;
19/06/2023 13:50:33	SQL :EXEC GetUserTreeMenu 'nanang.andriani','1315',@CompanyId=2;
19/06/2023 13:50:33	SQL :EXEC GetUserTreeMenu 'nanang.andriani','1316',@CompanyId=2;
19/06/2023 13:50:33	SQL :EXEC GetUserTreeMenu 'nanang.andriani','1317',@CompanyId=2;
19/06/2023 13:50:33	SQL :EXEC GetUserTreeMenu 'nanang.andriani','1318',@CompanyId=2;
19/06/2023 13:50:33	SQL :EXEC GetUserTreeMenu 'nanang.andriani','1319',@CompanyId=2;
19/06/2023 13:50:34	SQL :EXEC GetUserTreeMenu 'nanang.andriani','1320',@CompanyId=2;
19/06/2023 13:50:34	SQL :EXEC GetUserTreeMenu 'nanang.andriani','1321',@CompanyId=2;
19/06/2023 13:50:34	SQL :EXEC GetUserTreeMenu 'nanang.andriani','1322',@CompanyId=2;
19/06/2023 13:50:34	SQL :EXEC GetUserSubMenu 'nanang.andriani','14';
19/06/2023 13:50:34	SQL :EXEC GetUserTreeMenu 'nanang.andriani','1401',@CompanyId=2;
19/06/2023 13:50:34	SQL :EXEC GetUserTreeMenu 'nanang.andriani','1402',@CompanyId=2;
19/06/2023 13:50:34	SQL :EXEC GetUserTreeMenu 'nanang.andriani','1403',@CompanyId=2;
19/06/2023 13:50:34	SQL :EXEC GetUserTreeMenu 'nanang.andriani','1404',@CompanyId=2;
19/06/2023 13:50:34	SQL :EXEC GetUserTreeMenu 'nanang.andriani','1406',@CompanyId=2;
19/06/2023 13:50:34	SQL :EXEC GetUserTreeMenu 'nanang.andriani','1408',@CompanyId=2;
19/06/2023 13:50:34	SQL :EXEC GetUserTreeMenu 'nanang.andriani','1410',@CompanyId=2;
19/06/2023 13:50:34	SQL :EXEC GetUserTreeMenu 'nanang.andriani','1411',@CompanyId=2;
19/06/2023 13:50:34	SQL :EXEC GetUserTreeMenu 'nanang.andriani','1412',@CompanyId=2;
19/06/2023 13:50:34	SQL :EXEC GetUserTreeMenu 'nanang.andriani','1413',@CompanyId=2;
19/06/2023 13:50:34	SQL :EXEC GetUserTreeMenu 'nanang.andriani','1414',@CompanyId=2;
19/06/2023 13:50:34	SQL :EXEC GetUserSubMenu 'nanang.andriani','15';
19/06/2023 13:50:34	SQL :EXEC GetUserTreeMenu 'nanang.andriani','1501',@CompanyId=2;
19/06/2023 13:50:34	SQL :EXEC GetUserTreeMenu 'nanang.andriani','1502',@CompanyId=2;
19/06/2023 13:50:34	SQL :EXEC GetUserTreeMenu 'nanang.andriani','1503',@CompanyId=2;
19/06/2023 13:50:34	SQL :EXEC GetUserTreeMenu 'nanang.andriani','1504',@CompanyId=2;
19/06/2023 13:50:34	SQL :EXEC GetUserTreeMenu 'nanang.andriani','1505',@CompanyId=2;
19/06/2023 13:50:34	SQL :EXEC GetUserTreeMenu 'nanang.andriani','1506',@CompanyId=2;
19/06/2023 13:50:34	SQL :EXEC GetUserTreeMenu 'nanang.andriani','1507',@CompanyId=2;
19/06/2023 13:50:34	SQL :EXEC GetUserTreeMenu 'nanang.andriani','1508',@CompanyId=2;
19/06/2023 13:50:34	SQL :EXEC GetUserTreeMenu 'nanang.andriani','1509',@CompanyId=2;
19/06/2023 13:50:34	SQL :EXEC GetUserTreeMenu 'nanang.andriani','1510',@CompanyId=2;
19/06/2023 13:50:34	SQL :EXEC GetUserTreeMenu 'nanang.andriani','1511',@CompanyId=2;
19/06/2023 13:50:34	SQL :EXEC GetUserSubMenu 'nanang.andriani','16';
19/06/2023 13:50:34	SQL :EXEC GetUserTreeMenu 'nanang.andriani','1601',@CompanyId=2;
19/06/2023 13:50:34	SQL :EXEC GetUserTreeMenu 'nanang.andriani','1602',@CompanyId=2;
19/06/2023 13:50:34	SQL :EXEC GetUserTreeMenu 'nanang.andriani','1603',@CompanyId=2;
19/06/2023 13:50:34	SQL :EXEC GetUserTreeMenu 'nanang.andriani','1604',@CompanyId=2;
19/06/2023 13:50:34	SQL :EXEC GetUserTreeMenu 'nanang.andriani','1605',@CompanyId=2;
19/06/2023 13:50:34	SQL :EXEC GetUserTreeMenu 'nanang.andriani','1606',@CompanyId=2;
19/06/2023 13:50:34	SQL :EXEC GetUserTreeMenu 'nanang.andriani','1607',@CompanyId=2;
19/06/2023 13:50:34	SQL :EXEC GetUserTreeMenu 'nanang.andriani','1608',@CompanyId=2;
19/06/2023 13:50:34	SQL :EXEC GetUserTreeMenu 'nanang.andriani','1609',@CompanyId=2;
19/06/2023 13:50:35	SQL :EXEC GetUserTreeMenu 'nanang.andriani','1610',@CompanyId=2;
19/06/2023 13:50:35	SQL :EXEC GetUserTreeMenu 'nanang.andriani','1611',@CompanyId=2;
19/06/2023 13:50:35	SQL :EXEC GetUserTreeMenu 'nanang.andriani','1612',@CompanyId=2;
19/06/2023 13:50:35	SQL :EXEC GetUserTreeMenu 'nanang.andriani','1613',@CompanyId=2;
19/06/2023 13:50:35	SQL :EXEC GetUserTreeMenu 'nanang.andriani','1614',@CompanyId=2;
19/06/2023 13:50:35	SQL :EXEC GetUserTreeMenu 'nanang.andriani','1615',@CompanyId=2;
19/06/2023 13:50:35	SQL :EXEC GetUserTreeMenu 'nanang.andriani','1616',@CompanyId=2;
19/06/2023 13:50:35	SQL :EXEC GetUserTreeMenu 'nanang.andriani','1619',@CompanyId=2;
19/06/2023 13:50:35	SQL :EXEC GetUserTreeMenu 'nanang.andriani','1620',@CompanyId=2;
19/06/2023 13:50:35	SQL :EXEC GetUserSubMenu 'nanang.andriani','17';
19/06/2023 13:50:35	SQL :EXEC GetUserTreeMenu 'nanang.andriani','1701',@CompanyId=2;
19/06/2023 13:50:35	SQL :EXEC GetUserTreeMenu 'nanang.andriani','1702',@CompanyId=2;
19/06/2023 13:50:35	SQL :EXEC GetUserTreeMenu 'nanang.andriani','1703',@CompanyId=2;
19/06/2023 13:50:35	SQL :EXEC GetUserTreeMenu 'nanang.andriani','1704',@CompanyId=2;
19/06/2023 13:50:35	SQL :EXEC GetUserTreeMenu 'nanang.andriani','1705',@CompanyId=2;
19/06/2023 13:50:35	SQL :EXEC GetUserTreeMenu 'nanang.andriani','1706',@CompanyId=2;
19/06/2023 13:50:35	SQL :EXEC GetUserTreeMenu 'nanang.andriani','1707',@CompanyId=2;
19/06/2023 13:50:35	SQL :EXEC GetUserTreeMenu 'nanang.andriani','1708',@CompanyId=2;
19/06/2023 13:50:35	SQL :EXEC GetUserTreeMenu 'nanang.andriani','1709',@CompanyId=2;
19/06/2023 13:50:35	SQL :EXEC GetUserTreeMenu 'nanang.andriani','1710',@CompanyId=2;
19/06/2023 13:50:35	SQL :EXEC GetUserTreeMenu 'nanang.andriani','1711',@CompanyId=2;
19/06/2023 13:50:35	SQL :EXEC GetUserTreeMenu 'nanang.andriani','1712',@CompanyId=2;
19/06/2023 13:50:35	SQL :EXEC GetUserTreeMenu 'nanang.andriani','1713',@CompanyId=2;
19/06/2023 13:50:35	SQL :EXEC GetUserTreeMenu 'nanang.andriani','1714',@CompanyId=2;
19/06/2023 13:50:35	SQL :EXEC GetUserTreeMenu 'nanang.andriani','1715',@CompanyId=2;
19/06/2023 13:50:35	SQL :EXEC GetUserTreeMenu 'nanang.andriani','1716',@CompanyId=2;
19/06/2023 13:50:35	SQL :EXEC GetUserTreeMenu 'nanang.andriani','1717',@CompanyId=2;
19/06/2023 13:50:35	SQL :EXEC GetUserSubMenu 'nanang.andriani','18';
19/06/2023 13:50:35	SQL :EXEC GetUserTreeMenu 'nanang.andriani','1801',@CompanyId=2;
19/06/2023 13:50:35	SQL :EXEC GetUserSubMenu 'nanang.andriani','19';
19/06/2023 13:50:35	SQL :EXEC GetUserTreeMenu 'nanang.andriani','1901',@CompanyId=2;
19/06/2023 13:50:35	SQL :EXEC GetUserTreeMenu 'nanang.andriani','1902',@CompanyId=2;
19/06/2023 13:50:35	SQL :EXEC GetUserTreeMenu 'nanang.andriani','1903',@CompanyId=2;
19/06/2023 13:50:35	SQL :EXEC GetUserTreeMenu 'nanang.andriani','1904',@CompanyId=2;
19/06/2023 13:50:35	SQL :EXEC GetUserTreeMenu 'nanang.andriani','1905',@CompanyId=2;
19/06/2023 13:50:35	SQL :EXEC GetUserTreeMenu 'nanang.andriani','1906',@CompanyId=2;
19/06/2023 13:50:35	SQL :EXEC GetUserTreeMenu 'nanang.andriani','1907',@CompanyId=2;
19/06/2023 13:50:35	SQL :EXEC GetUserTreeMenu 'nanang.andriani','1908',@CompanyId=2;
19/06/2023 13:50:36	SQL :EXEC GetUserTreeMenu 'nanang.andriani','1909',@CompanyId=2;
19/06/2023 13:50:36	SQL :EXEC GetUserTreeMenu 'nanang.andriani','1910',@CompanyId=2;
19/06/2023 13:50:36	SQL :EXEC GetUserTreeMenu 'nanang.andriani','1911',@CompanyId=2;
19/06/2023 13:50:36	SQL :EXEC GetUserTreeMenu 'nanang.andriani','1912',@CompanyId=2;
19/06/2023 13:50:36	SQL :SELECT CONVERT(VARCHAR(8),GETDATE(),108) AS hour_minute;
19/06/2023 13:50:36	SQL :SELECT CONVERT(VARCHAR(10),GETDATE(),103) AS date_time;
19/06/2023 13:50:36	Loading Setting
19/06/2023 13:50:36	Open DB Connection
19/06/2023 13:50:36	SQL :SELECT * FROM wh_setting WHERE setting_name='Hold_Less_Deposit';
19/06/2023 13:50:36	SQL :SELECT * FROM wh_setting WHERE setting_name='Max_Less_Deposit';
19/06/2023 13:50:36	SQL :SELECT * FROM wh_setting WHERE setting_name='Dashboard_2';
19/06/2023 13:50:36	Finish Logging
19/06/2023 13:50:36	SQL :SELECT value_string FROM wh_setting WHERE (setting_name='Interval_CheckInDate') AND (active=1);
19/06/2023 13:50:36	SQL :SELECT value_string FROM wh_setting WHERE (setting_name='Interval_CheckInTime') AND (active=1);
19/06/2023 13:50:36	SQL :SELECT value_string FROM wh_setting WHERE (setting_name='ChatEnable') and (active=1);
19/06/2023 13:50:37	Message:Port Check
19/06/2023 13:50:37	Message:Open DB Connection
19/06/2023 13:50:37	SQL :EXEC GetMessage '01','nanang.andriani';
19/06/2023 13:50:37	SQL :SELECT CONVERT(VARCHAR(8),GETDATE(),108) AS hour_minute;
19/06/2023 13:50:37	SQL :SELECT CONVERT(VARCHAR(10),GETDATE(),103) AS date_time;
19/06/2023 13:50:38	Open Menu :190507
19/06/2023 13:50:38	Open DB Connection
19/06/2023 13:50:38	SQL :EXEC AuthMenu 'nanang.andriani',190507;
19/06/2023 13:50:39	Form Check :BusRunningDaysminiRpt
19/06/2023 13:50:39	Form Open: BusRunningDaysMiniRpt=,0
19/06/2023 13:50:39	Open DB Connection
19/06/2023 13:50:39	SQL :EXEC GetCompanyLocationList
19/06/2023 13:50:39	SQL :EXEC GetUserRDLocationList @UserName='nanang.andriani' ;
19/06/2023 13:50:39	SQL :EXEC GetGroup 2;
19/06/2023 13:50:39	Open DB Connection
19/06/2023 13:50:41	Open DB Connection
19/06/2023 13:50:43	Open DB Connection
19/06/2023 13:50:43	SQL :SELECT * FROM wh_setting WHERE (setting_name='ServiceBerkala_as_PKB_2') AND (active=1);
19/06/2023 13:50:43	Open DB Connection
19/06/2023 13:50:43	SQL :EXEC GetVhcList 6,@CompanyId=2,@BatchId=6,@Seat=29,@OrderBy='category, category_sequence_number,h.vhc_batch_id,seat,license_plate',@ShowBatch=1,@isOutsideRent=0,@Dates='2023/06/30';
19/06/2023 13:50:43	SQL :EXEC GetRunningDaysDetail 'BS221070063',@FromDate='2023-06-01',@ToDate='2023-06-30', @CompanyId=2;
19/06/2023 13:50:43	SQL :EXEC GetRunningDaysDetail 'BS221070060',@FromDate='2023-06-01',@ToDate='2023-06-30', @CompanyId=2;
19/06/2023 13:50:44	SQL :EXEC GetRunningDaysDetail 'BS220080008',@FromDate='2023-06-01',@ToDate='2023-06-30', @CompanyId=2;
19/06/2023 13:50:44	SQL :EXEC GetRunningDaysDetail 'BS220080009',@FromDate='2023-06-01',@ToDate='2023-06-30', @CompanyId=2;
19/06/2023 13:50:44	SQL :EXEC GetRunningDaysDetail 'BS221070061',@FromDate='2023-06-01',@ToDate='2023-06-30', @CompanyId=2;
19/06/2023 13:50:44	SQL :EXEC GetRunningDaysDetail 'BS221070041',@FromDate='2023-06-01',@ToDate='2023-06-30', @CompanyId=2;
19/06/2023 13:50:44	SQL :EXEC GetRunningDaysDetail 'BS221070064',@FromDate='2023-06-01',@ToDate='2023-06-30', @CompanyId=2;
19/06/2023 13:50:44	SQL :EXEC GetRunningDaysDetail 'BS220080007',@FromDate='2023-06-01',@ToDate='2023-06-30', @CompanyId=2;
19/06/2023 13:50:44	SQL :EXEC GetRunningDaysDetail 'BS220080006',@FromDate='2023-06-01',@ToDate='2023-06-30', @CompanyId=2;
19/06/2023 13:50:44	SQL :EXEC GetRunningDaysDetail 'BS220080010',@FromDate='2023-06-01',@ToDate='2023-06-30', @CompanyId=2;
19/06/2023 13:50:44	SQL :EXEC GetRunningDaysDetail 'BS221070068',@FromDate='2023-06-01',@ToDate='2023-06-30', @CompanyId=2;
19/06/2023 13:50:45	SQL :EXEC GetRunningDaysDetail 'BS221070062',@FromDate='2023-06-01',@ToDate='2023-06-30', @CompanyId=2;
19/06/2023 13:50:45	SQL :EXEC GetRunningDaysDetail 'BS221070069',@FromDate='2023-06-01',@ToDate='2023-06-30', @CompanyId=2;
19/06/2023 13:50:45	SQL :EXEC GetRunningDaysDetail 'BS221070066',@FromDate='2023-06-01',@ToDate='2023-06-30', @CompanyId=2;
19/06/2023 13:50:45	SQL :EXEC GetRunningDaysDetail 'BS221070067',@FromDate='2023-06-01',@ToDate='2023-06-30', @CompanyId=2;
19/06/2023 13:50:45	Open DB Connection
19/06/2023 13:50:45	SQL :select id from wh_dashboard_persentase_day where company_id=2 and vhc_batch_id=6 and seat=29 and date='2023/6/1'
19/06/2023 13:50:45	SQL :UPDATE wh_dashboard_persentase_day SET date='2023/6/1',company_id=2,vhc_batch_id=6,seat=29,tot_perbaikan=6,created_date=GETDATE() WHERE company_id=2 and vhc_batch_id=6 and seat=29 and date='2023/6/1'
19/06/2023 13:50:45	Open DB Connection
19/06/2023 13:50:45	SQL :select id from wh_dashboard_persentase_day where company_id=2 and vhc_batch_id=6 and seat=29 and date='2023/6/2'
19/06/2023 13:50:45	SQL :UPDATE wh_dashboard_persentase_day SET date='2023/6/2',company_id=2,vhc_batch_id=6,seat=29,tot_perbaikan=6,created_date=GETDATE() WHERE company_id=2 and vhc_batch_id=6 and seat=29 and date='2023/6/2'
19/06/2023 13:50:45	Open DB Connection
19/06/2023 13:50:45	SQL :select id from wh_dashboard_persentase_day where company_id=2 and vhc_batch_id=6 and seat=29 and date='2023/6/3'
19/06/2023 13:50:45	SQL :UPDATE wh_dashboard_persentase_day SET date='2023/6/3',company_id=2,vhc_batch_id=6,seat=29,tot_perbaikan=5,created_date=GETDATE() WHERE company_id=2 and vhc_batch_id=6 and seat=29 and date='2023/6/3'
19/06/2023 13:50:45	Open DB Connection
19/06/2023 13:50:45	SQL :select id from wh_dashboard_persentase_day where company_id=2 and vhc_batch_id=6 and seat=29 and date='2023/6/4'
19/06/2023 13:50:45	SQL :UPDATE wh_dashboard_persentase_day SET date='2023/6/4',company_id=2,vhc_batch_id=6,seat=29,tot_perbaikan=6,created_date=GETDATE() WHERE company_id=2 and vhc_batch_id=6 and seat=29 and date='2023/6/4'
19/06/2023 13:50:45	Open DB Connection
19/06/2023 13:50:45	SQL :select id from wh_dashboard_persentase_day where company_id=2 and vhc_batch_id=6 and seat=29 and date='2023/6/5'
19/06/2023 13:50:45	SQL :UPDATE wh_dashboard_persentase_day SET date='2023/6/5',company_id=2,vhc_batch_id=6,seat=29,tot_perbaikan=4,created_date=GETDATE() WHERE company_id=2 and vhc_batch_id=6 and seat=29 and date='2023/6/5'
19/06/2023 13:50:45	Open DB Connection
19/06/2023 13:50:45	SQL :select id from wh_dashboard_persentase_day where company_id=2 and vhc_batch_id=6 and seat=29 and date='2023/6/6'
19/06/2023 13:50:45	SQL :UPDATE wh_dashboard_persentase_day SET date='2023/6/6',company_id=2,vhc_batch_id=6,seat=29,tot_perbaikan=4,created_date=GETDATE() WHERE company_id=2 and vhc_batch_id=6 and seat=29 and date='2023/6/6'
19/06/2023 13:50:46	Open DB Connection
19/06/2023 13:50:46	SQL :select id from wh_dashboard_persentase_day where company_id=2 and vhc_batch_id=6 and seat=29 and date='2023/6/7'
19/06/2023 13:50:46	SQL :UPDATE wh_dashboard_persentase_day SET date='2023/6/7',company_id=2,vhc_batch_id=6,seat=29,tot_perbaikan=7,created_date=GETDATE() WHERE company_id=2 and vhc_batch_id=6 and seat=29 and date='2023/6/7'
19/06/2023 13:50:46	Open DB Connection
19/06/2023 13:50:46	SQL :select id from wh_dashboard_persentase_day where company_id=2 and vhc_batch_id=6 and seat=29 and date='2023/6/8'
19/06/2023 13:50:46	SQL :UPDATE wh_dashboard_persentase_day SET date='2023/6/8',company_id=2,vhc_batch_id=6,seat=29,tot_perbaikan=4,created_date=GETDATE() WHERE company_id=2 and vhc_batch_id=6 and seat=29 and date='2023/6/8'
19/06/2023 13:50:46	Open DB Connection
19/06/2023 13:50:46	SQL :select id from wh_dashboard_persentase_day where company_id=2 and vhc_batch_id=6 and seat=29 and date='2023/6/9'
19/06/2023 13:50:46	SQL :UPDATE wh_dashboard_persentase_day SET date='2023/6/9',company_id=2,vhc_batch_id=6,seat=29,tot_perbaikan=4,created_date=GETDATE() WHERE company_id=2 and vhc_batch_id=6 and seat=29 and date='2023/6/9'
19/06/2023 13:50:46	Open DB Connection
19/06/2023 13:50:46	SQL :select id from wh_dashboard_persentase_day where company_id=2 and vhc_batch_id=6 and seat=29 and date='2023/6/10'
19/06/2023 13:50:46	SQL :UPDATE wh_dashboard_persentase_day SET date='2023/6/10',company_id=2,vhc_batch_id=6,seat=29,tot_perbaikan=7,created_date=GETDATE() WHERE company_id=2 and vhc_batch_id=6 and seat=29 and date='2023/6/10'
19/06/2023 13:50:46	Open DB Connection
19/06/2023 13:50:46	SQL :select id from wh_dashboard_persentase_day where company_id=2 and vhc_batch_id=6 and seat=29 and date='2023/6/11'
19/06/2023 13:50:46	SQL :UPDATE wh_dashboard_persentase_day SET date='2023/6/11',company_id=2,vhc_batch_id=6,seat=29,tot_perbaikan=8,created_date=GETDATE() WHERE company_id=2 and vhc_batch_id=6 and seat=29 and date='2023/6/11'
19/06/2023 13:50:46	Open DB Connection
19/06/2023 13:50:46	SQL :select id from wh_dashboard_persentase_day where company_id=2 and vhc_batch_id=6 and seat=29 and date='2023/6/12'
19/06/2023 13:50:46	SQL :UPDATE wh_dashboard_persentase_day SET date='2023/6/12',company_id=2,vhc_batch_id=6,seat=29,tot_perbaikan=4,created_date=GETDATE() WHERE company_id=2 and vhc_batch_id=6 and seat=29 and date='2023/6/12'
19/06/2023 13:50:46	Open DB Connection
19/06/2023 13:50:46	SQL :select id from wh_dashboard_persentase_day where company_id=2 and vhc_batch_id=6 and seat=29 and date='2023/6/13'
19/06/2023 13:50:46	SQL :UPDATE wh_dashboard_persentase_day SET date='2023/6/13',company_id=2,vhc_batch_id=6,seat=29,tot_perbaikan=4,created_date=GETDATE() WHERE company_id=2 and vhc_batch_id=6 and seat=29 and date='2023/6/13'
19/06/2023 13:50:46	Open DB Connection
19/06/2023 13:50:46	SQL :select id from wh_dashboard_persentase_day where company_id=2 and vhc_batch_id=6 and seat=29 and date='2023/6/14'
19/06/2023 13:50:46	SQL :UPDATE wh_dashboard_persentase_day SET date='2023/6/14',company_id=2,vhc_batch_id=6,seat=29,tot_perbaikan=5,created_date=GETDATE() WHERE company_id=2 and vhc_batch_id=6 and seat=29 and date='2023/6/14'
19/06/2023 13:50:46	Open DB Connection
19/06/2023 13:50:46	SQL :select id from wh_dashboard_persentase_day where company_id=2 and vhc_batch_id=6 and seat=29 and date='2023/6/15'
19/06/2023 13:50:46	SQL :UPDATE wh_dashboard_persentase_day SET date='2023/6/15',company_id=2,vhc_batch_id=6,seat=29,tot_perbaikan=3,created_date=GETDATE() WHERE company_id=2 and vhc_batch_id=6 and seat=29 and date='2023/6/15'
19/06/2023 13:50:46	Open DB Connection
19/06/2023 13:50:46	SQL :select id from wh_dashboard_persentase_day where company_id=2 and vhc_batch_id=6 and seat=29 and date='2023/6/16'
19/06/2023 13:50:46	SQL :UPDATE wh_dashboard_persentase_day SET date='2023/6/16',company_id=2,vhc_batch_id=6,seat=29,tot_perbaikan=3,created_date=GETDATE() WHERE company_id=2 and vhc_batch_id=6 and seat=29 and date='2023/6/16'
19/06/2023 13:50:46	Open DB Connection
19/06/2023 13:50:46	SQL :select id from wh_dashboard_persentase_day where company_id=2 and vhc_batch_id=6 and seat=29 and date='2023/6/17'
19/06/2023 13:50:46	SQL :UPDATE wh_dashboard_persentase_day SET date='2023/6/17',company_id=2,vhc_batch_id=6,seat=29,tot_perbaikan=4,created_date=GETDATE() WHERE company_id=2 and vhc_batch_id=6 and seat=29 and date='2023/6/17'
19/06/2023 13:50:46	Open DB Connection
19/06/2023 13:50:46	SQL :select id from wh_dashboard_persentase_day where company_id=2 and vhc_batch_id=6 and seat=29 and date='2023/6/18'
19/06/2023 13:50:47	SQL :UPDATE wh_dashboard_persentase_day SET date='2023/6/18',company_id=2,vhc_batch_id=6,seat=29,tot_perbaikan=5,created_date=GETDATE() WHERE company_id=2 and vhc_batch_id=6 and seat=29 and date='2023/6/18'
19/06/2023 13:50:47	Open DB Connection
19/06/2023 13:50:47	SQL :select id from wh_dashboard_persentase_day where company_id=2 and vhc_batch_id=6 and seat=29 and date='2023/6/19'
19/06/2023 13:50:47	SQL :UPDATE wh_dashboard_persentase_day SET date='2023/6/19',company_id=2,vhc_batch_id=6,seat=29,tot_perbaikan=4,created_date=GETDATE() WHERE company_id=2 and vhc_batch_id=6 and seat=29 and date='2023/6/19'
19/06/2023 13:50:47	Open DB Connection
19/06/2023 13:50:47	SQL :select id from wh_dashboard_persentase_day where company_id=2 and vhc_batch_id=6 and seat=29 and date='2023/6/20'
19/06/2023 13:50:47	SQL :UPDATE wh_dashboard_persentase_day SET date='2023/6/20',company_id=2,vhc_batch_id=6,seat=29,tot_perbaikan=4,created_date=GETDATE() WHERE company_id=2 and vhc_batch_id=6 and seat=29 and date='2023/6/20'
19/06/2023 13:50:47	Open DB Connection
19/06/2023 13:50:47	SQL :select id from wh_dashboard_persentase_day where company_id=2 and vhc_batch_id=6 and seat=29 and date='2023/6/21'
19/06/2023 13:50:47	SQL :UPDATE wh_dashboard_persentase_day SET date='2023/6/21',company_id=2,vhc_batch_id=6,seat=29,tot_perbaikan=5,created_date=GETDATE() WHERE company_id=2 and vhc_batch_id=6 and seat=29 and date='2023/6/21'
19/06/2023 13:50:47	Open DB Connection
19/06/2023 13:50:47	SQL :select id from wh_dashboard_persentase_day where company_id=2 and vhc_batch_id=6 and seat=29 and date='2023/6/22'
19/06/2023 13:50:47	SQL :UPDATE wh_dashboard_persentase_day SET date='2023/6/22',company_id=2,vhc_batch_id=6,seat=29,tot_perbaikan=4,created_date=GETDATE() WHERE company_id=2 and vhc_batch_id=6 and seat=29 and date='2023/6/22'
19/06/2023 13:50:47	Open DB Connection
19/06/2023 13:50:47	SQL :select id from wh_dashboard_persentase_day where company_id=2 and vhc_batch_id=6 and seat=29 and date='2023/6/23'
19/06/2023 13:50:47	SQL :UPDATE wh_dashboard_persentase_day SET date='2023/6/23',company_id=2,vhc_batch_id=6,seat=29,tot_perbaikan=4,created_date=GETDATE() WHERE company_id=2 and vhc_batch_id=6 and seat=29 and date='2023/6/23'
19/06/2023 13:50:47	Open DB Connection
19/06/2023 13:50:47	SQL :select id from wh_dashboard_persentase_day where company_id=2 and vhc_batch_id=6 and seat=29 and date='2023/6/24'
19/06/2023 13:50:47	SQL :UPDATE wh_dashboard_persentase_day SET date='2023/6/24',company_id=2,vhc_batch_id=6,seat=29,tot_perbaikan=6,created_date=GETDATE() WHERE company_id=2 and vhc_batch_id=6 and seat=29 and date='2023/6/24'
19/06/2023 13:50:47	Open DB Connection
19/06/2023 13:50:47	SQL :select id from wh_dashboard_persentase_day where company_id=2 and vhc_batch_id=6 and seat=29 and date='2023/6/25'
19/06/2023 13:50:47	SQL :UPDATE wh_dashboard_persentase_day SET date='2023/6/25',company_id=2,vhc_batch_id=6,seat=29,tot_perbaikan=6,created_date=GETDATE() WHERE company_id=2 and vhc_batch_id=6 and seat=29 and date='2023/6/25'
19/06/2023 13:50:47	Open DB Connection
19/06/2023 13:50:47	SQL :select id from wh_dashboard_persentase_day where company_id=2 and vhc_batch_id=6 and seat=29 and date='2023/6/26'
19/06/2023 13:50:48	SQL :UPDATE wh_dashboard_persentase_day SET date='2023/6/26',company_id=2,vhc_batch_id=6,seat=29,tot_perbaikan=4,created_date=GETDATE() WHERE company_id=2 and vhc_batch_id=6 and seat=29 and date='2023/6/26'
19/06/2023 13:50:48	Open DB Connection
19/06/2023 13:50:48	SQL :select id from wh_dashboard_persentase_day where company_id=2 and vhc_batch_id=6 and seat=29 and date='2023/6/27'
19/06/2023 13:50:48	SQL :UPDATE wh_dashboard_persentase_day SET date='2023/6/27',company_id=2,vhc_batch_id=6,seat=29,tot_perbaikan=4,created_date=GETDATE() WHERE company_id=2 and vhc_batch_id=6 and seat=29 and date='2023/6/27'
19/06/2023 13:50:48	Open DB Connection
19/06/2023 13:50:48	SQL :select id from wh_dashboard_persentase_day where company_id=2 and vhc_batch_id=6 and seat=29 and date='2023/6/28'
19/06/2023 13:50:48	SQL :UPDATE wh_dashboard_persentase_day SET date='2023/6/28',company_id=2,vhc_batch_id=6,seat=29,tot_perbaikan=4,created_date=GETDATE() WHERE company_id=2 and vhc_batch_id=6 and seat=29 and date='2023/6/28'
19/06/2023 13:50:48	Open DB Connection
19/06/2023 13:50:48	SQL :select id from wh_dashboard_persentase_day where company_id=2 and vhc_batch_id=6 and seat=29 and date='2023/6/29'
19/06/2023 13:50:48	SQL :UPDATE wh_dashboard_persentase_day SET date='2023/6/29',company_id=2,vhc_batch_id=6,seat=29,tot_perbaikan=4,created_date=GETDATE() WHERE company_id=2 and vhc_batch_id=6 and seat=29 and date='2023/6/29'
19/06/2023 13:50:48	Open DB Connection
19/06/2023 13:50:48	SQL :select id from wh_dashboard_persentase_day where company_id=2 and vhc_batch_id=6 and seat=29 and date='2023/6/30'
19/06/2023 13:50:48	SQL :UPDATE wh_dashboard_persentase_day SET date='2023/6/30',company_id=2,vhc_batch_id=6,seat=29,tot_perbaikan=4,created_date=GETDATE() WHERE company_id=2 and vhc_batch_id=6 and seat=29 and date='2023/6/30'
19/06/2023 13:50:48	Open DB Connection
19/06/2023 13:50:48	SQL :select id from wh_dashboard_persentase_day where company_id=2 and vhc_batch_id=6 and seat=29 and date='2023/6/1'
19/06/2023 13:50:48	SQL :UPDATE wh_dashboard_persentase_day SET date='2023/6/1',company_id=2,vhc_batch_id=6,seat=29,persentase_jalan=100,created_date=GETDATE() WHERE company_id=2 and vhc_batch_id=6 and seat=29 and date='2023/6/1'
19/06/2023 13:50:48	Open DB Connection
19/06/2023 13:50:48	SQL :select id from wh_dashboard_persentase_day where company_id=2 and vhc_batch_id=6 and seat=29 and date='2023/6/2'
19/06/2023 13:50:48	SQL :UPDATE wh_dashboard_persentase_day SET date='2023/6/2',company_id=2,vhc_batch_id=6,seat=29,persentase_jalan=100,created_date=GETDATE() WHERE company_id=2 and vhc_batch_id=6 and seat=29 and date='2023/6/2'
19/06/2023 13:50:48	Open DB Connection
19/06/2023 13:50:48	SQL :select id from wh_dashboard_persentase_day where company_id=2 and vhc_batch_id=6 and seat=29 and date='2023/6/3'
19/06/2023 13:50:48	SQL :UPDATE wh_dashboard_persentase_day SET date='2023/6/3',company_id=2,vhc_batch_id=6,seat=29,persentase_jalan=130,created_date=GETDATE() WHERE company_id=2 and vhc_batch_id=6 and seat=29 and date='2023/6/3'
19/06/2023 13:50:48	Open DB Connection
19/06/2023 13:50:48	SQL :select id from wh_dashboard_persentase_day where company_id=2 and vhc_batch_id=6 and seat=29 and date='2023/6/4'
19/06/2023 13:50:48	SQL :UPDATE wh_dashboard_persentase_day SET date='2023/6/4',company_id=2,vhc_batch_id=6,seat=29,persentase_jalan=111,created_date=GETDATE() WHERE company_id=2 and vhc_batch_id=6 and seat=29 and date='2023/6/4'
19/06/2023 13:50:48	Open DB Connection
19/06/2023 13:50:48	SQL :select id from wh_dashboard_persentase_day where company_id=2 and vhc_batch_id=6 and seat=29 and date='2023/6/5'
19/06/2023 13:50:48	SQL :UPDATE wh_dashboard_persentase_day SET date='2023/6/5',company_id=2,vhc_batch_id=6,seat=29,persentase_jalan=100,created_date=GETDATE() WHERE company_id=2 and vhc_batch_id=6 and seat=29 and date='2023/6/5'
19/06/2023 13:50:48	Open DB Connection
19/06/2023 13:50:48	SQL :select id from wh_dashboard_persentase_day where company_id=2 and vhc_batch_id=6 and seat=29 and date='2023/6/6'
19/06/2023 13:50:48	SQL :UPDATE wh_dashboard_persentase_day SET date='2023/6/6',company_id=2,vhc_batch_id=6,seat=29,persentase_jalan=109,created_date=GETDATE() WHERE company_id=2 and vhc_batch_id=6 and seat=29 and date='2023/6/6'
19/06/2023 13:50:49	Open DB Connection
19/06/2023 13:50:49	SQL :select id from wh_dashboard_persentase_day where company_id=2 and vhc_batch_id=6 and seat=29 and date='2023/6/7'
19/06/2023 13:50:49	SQL :UPDATE wh_dashboard_persentase_day SET date='2023/6/7',company_id=2,vhc_batch_id=6,seat=29,persentase_jalan=150,created_date=GETDATE() WHERE company_id=2 and vhc_batch_id=6 and seat=29 and date='2023/6/7'
19/06/2023 13:50:49	Open DB Connection
19/06/2023 13:50:49	SQL :select id from wh_dashboard_persentase_day where company_id=2 and vhc_batch_id=6 and seat=29 and date='2023/6/8'
19/06/2023 13:50:49	SQL :UPDATE wh_dashboard_persentase_day SET date='2023/6/8',company_id=2,vhc_batch_id=6,seat=29,persentase_jalan=109,created_date=GETDATE() WHERE company_id=2 and vhc_batch_id=6 and seat=29 and date='2023/6/8'
19/06/2023 13:50:49	Open DB Connection
19/06/2023 13:50:49	SQL :select id from wh_dashboard_persentase_day where company_id=2 and vhc_batch_id=6 and seat=29 and date='2023/6/9'
19/06/2023 13:50:49	SQL :UPDATE wh_dashboard_persentase_day SET date='2023/6/9',company_id=2,vhc_batch_id=6,seat=29,persentase_jalan=109,created_date=GETDATE() WHERE company_id=2 and vhc_batch_id=6 and seat=29 and date='2023/6/9'
19/06/2023 13:50:49	Open DB Connection
19/06/2023 13:50:49	SQL :select id from wh_dashboard_persentase_day where company_id=2 and vhc_batch_id=6 and seat=29 and date='2023/6/10'
19/06/2023 13:50:49	SQL :UPDATE wh_dashboard_persentase_day SET date='2023/6/10',company_id=2,vhc_batch_id=6,seat=29,persentase_jalan=100,created_date=GETDATE() WHERE company_id=2 and vhc_batch_id=6 and seat=29 and date='2023/6/10'
19/06/2023 13:50:49	Open DB Connection
19/06/2023 13:50:49	SQL :select id from wh_dashboard_persentase_day where company_id=2 and vhc_batch_id=6 and seat=29 and date='2023/6/11'
19/06/2023 13:50:49	SQL :UPDATE wh_dashboard_persentase_day SET date='2023/6/11',company_id=2,vhc_batch_id=6,seat=29,persentase_jalan=100,created_date=GETDATE() WHERE company_id=2 and vhc_batch_id=6 and seat=29 and date='2023/6/11'
19/06/2023 13:50:49	Open DB Connection
19/06/2023 13:50:49	SQL :select id from wh_dashboard_persentase_day where company_id=2 and vhc_batch_id=6 and seat=29 and date='2023/6/12'
19/06/2023 13:50:49	SQL :UPDATE wh_dashboard_persentase_day SET date='2023/6/12',company_id=2,vhc_batch_id=6,seat=29,persentase_jalan=109,created_date=GETDATE() WHERE company_id=2 and vhc_batch_id=6 and seat=29 and date='2023/6/12'
19/06/2023 13:50:49	Open DB Connection
19/06/2023 13:50:49	SQL :select id from wh_dashboard_persentase_day where company_id=2 and vhc_batch_id=6 and seat=29 and date='2023/6/13'
19/06/2023 13:50:49	SQL :UPDATE wh_dashboard_persentase_day SET date='2023/6/13',company_id=2,vhc_batch_id=6,seat=29,persentase_jalan=109,created_date=GETDATE() WHERE company_id=2 and vhc_batch_id=6 and seat=29 and date='2023/6/13'
19/06/2023 13:50:49	Open DB Connection
19/06/2023 13:50:49	SQL :select id from wh_dashboard_persentase_day where company_id=2 and vhc_batch_id=6 and seat=29 and date='2023/6/14'
19/06/2023 13:50:49	SQL :UPDATE wh_dashboard_persentase_day SET date='2023/6/14',company_id=2,vhc_batch_id=6,seat=29,persentase_jalan=120,created_date=GETDATE() WHERE company_id=2 and vhc_batch_id=6 and seat=29 and date='2023/6/14'
19/06/2023 13:50:49	Open DB Connection
19/06/2023 13:50:49	SQL :select id from wh_dashboard_persentase_day where company_id=2 and vhc_batch_id=6 and seat=29 and date='2023/6/15'
19/06/2023 13:50:49	SQL :UPDATE wh_dashboard_persentase_day SET date='2023/6/15',company_id=2,vhc_batch_id=6,seat=29,persentase_jalan=108,created_date=GETDATE() WHERE company_id=2 and vhc_batch_id=6 and seat=29 and date='2023/6/15'
19/06/2023 13:50:49	Open DB Connection
19/06/2023 13:50:49	SQL :select id from wh_dashboard_persentase_day where company_id=2 and vhc_batch_id=6 and seat=29 and date='2023/6/16'
19/06/2023 13:50:50	SQL :UPDATE wh_dashboard_persentase_day SET date='2023/6/16',company_id=2,vhc_batch_id=6,seat=29,persentase_jalan=100,created_date=GETDATE() WHERE company_id=2 and vhc_batch_id=6 and seat=29 and date='2023/6/16'
19/06/2023 13:50:50	Open DB Connection
19/06/2023 13:50:50	SQL :select id from wh_dashboard_persentase_day where company_id=2 and vhc_batch_id=6 and seat=29 and date='2023/6/17'
19/06/2023 13:50:50	SQL :UPDATE wh_dashboard_persentase_day SET date='2023/6/17',company_id=2,vhc_batch_id=6,seat=29,persentase_jalan=100,created_date=GETDATE() WHERE company_id=2 and vhc_batch_id=6 and seat=29 and date='2023/6/17'
19/06/2023 13:50:50	Open DB Connection
19/06/2023 13:50:50	SQL :select id from wh_dashboard_persentase_day where company_id=2 and vhc_batch_id=6 and seat=29 and date='2023/6/18'
19/06/2023 13:50:50	SQL :UPDATE wh_dashboard_persentase_day SET date='2023/6/18',company_id=2,vhc_batch_id=6,seat=29,persentase_jalan=60,created_date=GETDATE() WHERE company_id=2 and vhc_batch_id=6 and seat=29 and date='2023/6/18'
19/06/2023 13:50:50	Open DB Connection
19/06/2023 13:50:50	SQL :select id from wh_dashboard_persentase_day where company_id=2 and vhc_batch_id=6 and seat=29 and date='2023/6/19'
19/06/2023 13:50:50	SQL :UPDATE wh_dashboard_persentase_day SET date='2023/6/19',company_id=2,vhc_batch_id=6,seat=29,persentase_jalan=82,created_date=GETDATE() WHERE company_id=2 and vhc_batch_id=6 and seat=29 and date='2023/6/19'
19/06/2023 13:50:50	Open DB Connection
19/06/2023 13:50:50	SQL :select id from wh_dashboard_persentase_day where company_id=2 and vhc_batch_id=6 and seat=29 and date='2023/6/20'
19/06/2023 13:50:50	SQL :UPDATE wh_dashboard_persentase_day SET date='2023/6/20',company_id=2,vhc_batch_id=6,seat=29,persentase_jalan=100,created_date=GETDATE() WHERE company_id=2 and vhc_batch_id=6 and seat=29 and date='2023/6/20'
19/06/2023 13:50:50	Open DB Connection
19/06/2023 13:50:50	SQL :select id from wh_dashboard_persentase_day where company_id=2 and vhc_batch_id=6 and seat=29 and date='2023/6/21'
19/06/2023 13:50:50	SQL :UPDATE wh_dashboard_persentase_day SET date='2023/6/21',company_id=2,vhc_batch_id=6,seat=29,persentase_jalan=80,created_date=GETDATE() WHERE company_id=2 and vhc_batch_id=6 and seat=29 and date='2023/6/21'
19/06/2023 13:50:50	Open DB Connection
19/06/2023 13:50:50	SQL :select id from wh_dashboard_persentase_day where company_id=2 and vhc_batch_id=6 and seat=29 and date='2023/6/22'
19/06/2023 13:50:50	SQL :UPDATE wh_dashboard_persentase_day SET date='2023/6/22',company_id=2,vhc_batch_id=6,seat=29,persentase_jalan=82,created_date=GETDATE() WHERE company_id=2 and vhc_batch_id=6 and seat=29 and date='2023/6/22'
19/06/2023 13:50:50	Open DB Connection
19/06/2023 13:50:50	SQL :select id from wh_dashboard_persentase_day where company_id=2 and vhc_batch_id=6 and seat=29 and date='2023/6/23'
19/06/2023 13:50:50	SQL :UPDATE wh_dashboard_persentase_day SET date='2023/6/23',company_id=2,vhc_batch_id=6,seat=29,persentase_jalan=64,created_date=GETDATE() WHERE company_id=2 and vhc_batch_id=6 and seat=29 and date='2023/6/23'
19/06/2023 13:50:50	Open DB Connection
19/06/2023 13:50:50	SQL :select id from wh_dashboard_persentase_day where company_id=2 and vhc_batch_id=6 and seat=29 and date='2023/6/24'
19/06/2023 13:50:50	SQL :UPDATE wh_dashboard_persentase_day SET date='2023/6/24',company_id=2,vhc_batch_id=6,seat=29,persentase_jalan=67,created_date=GETDATE() WHERE company_id=2 and vhc_batch_id=6 and seat=29 and date='2023/6/24'
19/06/2023 13:50:50	Open DB Connection
19/06/2023 13:50:50	SQL :select id from wh_dashboard_persentase_day where company_id=2 and vhc_batch_id=6 and seat=29 and date='2023/6/25'
19/06/2023 13:50:51	SQL :UPDATE wh_dashboard_persentase_day SET date='2023/6/25',company_id=2,vhc_batch_id=6,seat=29,persentase_jalan=44,created_date=GETDATE() WHERE company_id=2 and vhc_batch_id=6 and seat=29 and date='2023/6/25'
19/06/2023 13:50:51	Open DB Connection
19/06/2023 13:50:51	SQL :select id from wh_dashboard_persentase_day where company_id=2 and vhc_batch_id=6 and seat=29 and date='2023/6/26'
19/06/2023 13:50:51	SQL :UPDATE wh_dashboard_persentase_day SET date='2023/6/26',company_id=2,vhc_batch_id=6,seat=29,persentase_jalan=64,created_date=GETDATE() WHERE company_id=2 and vhc_batch_id=6 and seat=29 and date='2023/6/26'
19/06/2023 13:50:51	Open DB Connection
19/06/2023 13:50:51	SQL :select id from wh_dashboard_persentase_day where company_id=2 and vhc_batch_id=6 and seat=29 and date='2023/6/27'
19/06/2023 13:50:51	SQL :UPDATE wh_dashboard_persentase_day SET date='2023/6/27',company_id=2,vhc_batch_id=6,seat=29,persentase_jalan=64,created_date=GETDATE() WHERE company_id=2 and vhc_batch_id=6 and seat=29 and date='2023/6/27'
19/06/2023 13:50:51	Open DB Connection
19/06/2023 13:50:51	SQL :select id from wh_dashboard_persentase_day where company_id=2 and vhc_batch_id=6 and seat=29 and date='2023/6/28'
19/06/2023 13:50:51	SQL :UPDATE wh_dashboard_persentase_day SET date='2023/6/28',company_id=2,vhc_batch_id=6,seat=29,persentase_jalan=82,created_date=GETDATE() WHERE company_id=2 and vhc_batch_id=6 and seat=29 and date='2023/6/28'
19/06/2023 13:50:51	Open DB Connection
19/06/2023 13:50:51	SQL :select id from wh_dashboard_persentase_day where company_id=2 and vhc_batch_id=6 and seat=29 and date='2023/6/29'
19/06/2023 13:50:51	SQL :UPDATE wh_dashboard_persentase_day SET date='2023/6/29',company_id=2,vhc_batch_id=6,seat=29,persentase_jalan=82,created_date=GETDATE() WHERE company_id=2 and vhc_batch_id=6 and seat=29 and date='2023/6/29'
19/06/2023 13:50:51	Open DB Connection
19/06/2023 13:50:51	SQL :select id from wh_dashboard_persentase_day where company_id=2 and vhc_batch_id=6 and seat=29 and date='2023/6/30'
19/06/2023 13:50:51	SQL :UPDATE wh_dashboard_persentase_day SET date='2023/6/30',company_id=2,vhc_batch_id=6,seat=29,persentase_jalan=91,created_date=GETDATE() WHERE company_id=2 and vhc_batch_id=6 and seat=29 and date='2023/6/30'
19/06/2023 13:51:35	Form Check :ChatClient
19/06/2023 13:51:36	Form Check :AuthorizedForm
19/06/2023 13:51:36	Form Check :RePrintForm
19/06/2023 13:51:36	Form Check :EmployeeSearch
19/06/2023 13:51:36	Form Check :TimeInputForm
19/06/2023 13:51:36	Log Out
19/06/2023 13:51:37	Start Return Local Settings
19/06/2023 13:51:37	Change short date format
19/06/2023 13:51:38	Change Long date format
19/06/2023 13:51:38	Finish Return Local Settings
19/06/2023 13:51:38	Delete cursor File
19/06/2023 13:51:38	Destroying Object
19/06/2023 13:51:38	Closing Apps
19/06/2023 13:57:31	Get Local Settings
19/06/2023 13:57:31	Start Change Local Settings
19/06/2023 13:57:31	Change short date format
19/06/2023 13:57:31	Change Long date format
19/06/2023 13:57:31	Finish Change Local Settings
19/06/2023 13:57:31	Registry Read: Path=SOFTWARE\WEHA\Aplikasi\3
19/06/2023 13:57:31	Registry Read/Write
19/06/2023 13:57:31	Registry Read: Path=SOFTWARE\WEHA\Aplikasi\3
19/06/2023 13:57:31	Registry Read:Fail
19/06/2023 13:57:31	Setting DB Param
19/06/2023 13:57:31	Create DB Object
19/06/2023 13:57:31	Init DB
19/06/2023 13:57:33	Error Create DB Connection
19/06/2023 13:57:35	Change Db Connection to :Provider=MSDASQL.1
19/06/2023 13:57:35	Finish Create DB Connection
19/06/2023 13:57:35	Get File Version
19/06/2023 13:57:35	Change  Caption
19/06/2023 13:57:35	Init Shortkey
19/06/2023 13:57:37	Form Check :Setting
19/06/2023 13:57:37	Form Open: Setting
19/06/2023 13:58:01	Create DB Object
19/06/2023 13:58:01	Init DB
19/06/2023 13:58:01	Finish Init DB
19/06/2023 13:58:01	Port Check
19/06/2023 13:58:01	Connection Check
19/06/2023 13:58:01	Check Success
19/06/2023 13:58:02	Registry Write: 192.168.10.247,wh_prod,sa,SQLNCLI10
19/06/2023 13:58:02	Registry Read: Path=SOFTWARE\WEHA\Aplikasi\3
19/06/2023 13:58:02	Registry Read:Fail
19/06/2023 13:58:05	Create DB Object
19/06/2023 13:58:05	Init DB
19/06/2023 13:58:05	Finish Init DB
19/06/2023 13:58:10	Update new version check
19/06/2023 13:58:10	Open DB Connection
19/06/2023 13:58:11	SQL :
19/06/2023 13:58:11	Update check version
19/06/2023 13:58:11	Open DB Connection
19/06/2023 13:58:11	SQL :SELECT version FROM wh_application WHERE application_id=(SELECT MAX(application_id) FROM wh_application);
19/06/2023 13:58:11	Start Login
19/06/2023 13:58:11	Open DB Connection
19/06/2023 13:58:11	SQL :EXEC AuthenticateUser 'nanang.andriani','3b5929d0c23006c99522f38746d85dd4';
19/06/2023 13:58:11	SQL :INSERT INTO wh_log (user_id,app_date,app_version,app_version_svr,location_id,company_id,department_id,host_name,ip_address)  VALUES ('nanang.andriani','19/06/2023','6.1.5.23','6.1.5.23',6,2,13,'DESKTOP-88BM05S','192.168.25.214');
19/06/2023 13:58:11	Open DB Connection
19/06/2023 13:58:11	SQL :EXEC GetUserMenu 'nanang.andriani';
19/06/2023 13:58:11	SQL :EXEC GetUserSubMenu 'nanang.andriani','11';
19/06/2023 13:58:11	SQL :EXEC GetUserTreeMenu 'nanang.andriani','1101',@CompanyId=2;
19/06/2023 13:58:11	SQL :EXEC GetUserTreeMenu 'nanang.andriani','1102',@CompanyId=2;
19/06/2023 13:58:11	SQL :EXEC GetUserTreeMenu 'nanang.andriani','1103',@CompanyId=2;
19/06/2023 13:58:11	SQL :EXEC GetUserTreeMenu 'nanang.andriani','1104',@CompanyId=2;
19/06/2023 13:58:11	SQL :EXEC GetUserTreeMenu 'nanang.andriani','1105',@CompanyId=2;
19/06/2023 13:58:11	SQL :EXEC GetUserTreeMenu 'nanang.andriani','1106',@CompanyId=2;
19/06/2023 13:58:11	SQL :EXEC GetUserTreeMenu 'nanang.andriani','1107',@CompanyId=2;
19/06/2023 13:58:11	SQL :EXEC GetUserTreeMenu 'nanang.andriani','1108',@CompanyId=2;
19/06/2023 13:58:11	SQL :EXEC GetUserTreeMenu 'nanang.andriani','1109',@CompanyId=2;
19/06/2023 13:58:11	SQL :EXEC GetUserTreeMenu 'nanang.andriani','1110',@CompanyId=2;
19/06/2023 13:58:11	SQL :EXEC GetUserTreeMenu 'nanang.andriani','1111',@CompanyId=2;
19/06/2023 13:58:11	SQL :EXEC GetUserTreeMenu 'nanang.andriani','1112',@CompanyId=2;
19/06/2023 13:58:11	SQL :EXEC GetUserTreeMenu 'nanang.andriani','1113',@CompanyId=2;
19/06/2023 13:58:12	SQL :EXEC GetUserTreeMenu 'nanang.andriani','1114',@CompanyId=2;
19/06/2023 13:58:12	SQL :EXEC GetUserTreeMenu 'nanang.andriani','1115',@CompanyId=2;
19/06/2023 13:58:12	SQL :EXEC GetUserTreeMenu 'nanang.andriani','1116',@CompanyId=2;
19/06/2023 13:58:12	SQL :EXEC GetUserTreeMenu 'nanang.andriani','1117',@CompanyId=2;
19/06/2023 13:58:12	SQL :EXEC GetUserTreeMenu 'nanang.andriani','1198',@CompanyId=2;
19/06/2023 13:58:12	SQL :EXEC GetUserTreeMenu 'nanang.andriani','1199',@CompanyId=2;
19/06/2023 13:58:12	SQL :EXEC GetUserSubMenu 'nanang.andriani','12';
19/06/2023 13:58:12	SQL :EXEC GetUserTreeMenu 'nanang.andriani','1201',@CompanyId=2;
19/06/2023 13:58:12	SQL :EXEC GetUserTreeMenu 'nanang.andriani','1202',@CompanyId=2;
19/06/2023 13:58:12	SQL :EXEC GetUserTreeMenu 'nanang.andriani','1203',@CompanyId=2;
19/06/2023 13:58:12	SQL :EXEC GetUserTreeMenu 'nanang.andriani','1204',@CompanyId=2;
19/06/2023 13:58:12	SQL :EXEC GetUserTreeMenu 'nanang.andriani','1205',@CompanyId=2;
19/06/2023 13:58:12	SQL :EXEC GetUserTreeMenu 'nanang.andriani','1206',@CompanyId=2;
19/06/2023 13:58:12	SQL :EXEC GetUserTreeMenu 'nanang.andriani','1207',@CompanyId=2;
19/06/2023 13:58:12	SQL :EXEC GetUserSubMenu 'nanang.andriani','13';
19/06/2023 13:58:12	SQL :EXEC GetUserTreeMenu 'nanang.andriani','1301',@CompanyId=2;
19/06/2023 13:58:12	SQL :EXEC GetUserTreeMenu 'nanang.andriani','1302',@CompanyId=2;
19/06/2023 13:58:12	SQL :EXEC GetUserTreeMenu 'nanang.andriani','1303',@CompanyId=2;
19/06/2023 13:58:12	SQL :EXEC GetUserTreeMenu 'nanang.andriani','1304',@CompanyId=2;
19/06/2023 13:58:12	SQL :EXEC GetUserTreeMenu 'nanang.andriani','1305',@CompanyId=2;
19/06/2023 13:58:12	SQL :EXEC GetUserTreeMenu 'nanang.andriani','1306',@CompanyId=2;
19/06/2023 13:58:12	SQL :EXEC GetUserTreeMenu 'nanang.andriani','1307',@CompanyId=2;
19/06/2023 13:58:12	SQL :EXEC GetUserTreeMenu 'nanang.andriani','1308',@CompanyId=2;
19/06/2023 13:58:12	SQL :EXEC GetUserTreeMenu 'nanang.andriani','1309',@CompanyId=2;
19/06/2023 13:58:12	SQL :EXEC GetUserTreeMenu 'nanang.andriani','1310',@CompanyId=2;
19/06/2023 13:58:12	SQL :EXEC GetUserTreeMenu 'nanang.andriani','1311',@CompanyId=2;
19/06/2023 13:58:12	SQL :EXEC GetUserTreeMenu 'nanang.andriani','1312',@CompanyId=2;
19/06/2023 13:58:12	SQL :EXEC GetUserTreeMenu 'nanang.andriani','1313',@CompanyId=2;
19/06/2023 13:58:12	SQL :EXEC GetUserTreeMenu 'nanang.andriani','1314',@CompanyId=2;
19/06/2023 13:58:12	SQL :EXEC GetUserTreeMenu 'nanang.andriani','1315',@CompanyId=2;
19/06/2023 13:58:13	SQL :EXEC GetUserTreeMenu 'nanang.andriani','1316',@CompanyId=2;
19/06/2023 13:58:13	SQL :EXEC GetUserTreeMenu 'nanang.andriani','1317',@CompanyId=2;
19/06/2023 13:58:13	SQL :EXEC GetUserTreeMenu 'nanang.andriani','1318',@CompanyId=2;
19/06/2023 13:58:13	SQL :EXEC GetUserTreeMenu 'nanang.andriani','1319',@CompanyId=2;
19/06/2023 13:58:13	SQL :EXEC GetUserTreeMenu 'nanang.andriani','1320',@CompanyId=2;
19/06/2023 13:58:13	SQL :EXEC GetUserTreeMenu 'nanang.andriani','1321',@CompanyId=2;
19/06/2023 13:58:13	SQL :EXEC GetUserTreeMenu 'nanang.andriani','1322',@CompanyId=2;
19/06/2023 13:58:13	SQL :EXEC GetUserSubMenu 'nanang.andriani','14';
19/06/2023 13:58:13	SQL :EXEC GetUserTreeMenu 'nanang.andriani','1401',@CompanyId=2;
19/06/2023 13:58:13	SQL :EXEC GetUserTreeMenu 'nanang.andriani','1402',@CompanyId=2;
19/06/2023 13:58:13	SQL :EXEC GetUserTreeMenu 'nanang.andriani','1403',@CompanyId=2;
19/06/2023 13:58:13	SQL :EXEC GetUserTreeMenu 'nanang.andriani','1404',@CompanyId=2;
19/06/2023 13:58:13	SQL :EXEC GetUserTreeMenu 'nanang.andriani','1406',@CompanyId=2;
19/06/2023 13:58:13	SQL :EXEC GetUserTreeMenu 'nanang.andriani','1408',@CompanyId=2;
19/06/2023 13:58:13	SQL :EXEC GetUserTreeMenu 'nanang.andriani','1410',@CompanyId=2;
19/06/2023 13:58:13	SQL :EXEC GetUserTreeMenu 'nanang.andriani','1411',@CompanyId=2;
19/06/2023 13:58:13	SQL :EXEC GetUserTreeMenu 'nanang.andriani','1412',@CompanyId=2;
19/06/2023 13:58:13	SQL :EXEC GetUserTreeMenu 'nanang.andriani','1413',@CompanyId=2;
19/06/2023 13:58:13	SQL :EXEC GetUserTreeMenu 'nanang.andriani','1414',@CompanyId=2;
19/06/2023 13:58:13	SQL :EXEC GetUserSubMenu 'nanang.andriani','15';
19/06/2023 13:58:13	SQL :EXEC GetUserTreeMenu 'nanang.andriani','1501',@CompanyId=2;
19/06/2023 13:58:13	SQL :EXEC GetUserTreeMenu 'nanang.andriani','1502',@CompanyId=2;
19/06/2023 13:58:13	SQL :EXEC GetUserTreeMenu 'nanang.andriani','1503',@CompanyId=2;
19/06/2023 13:58:13	SQL :EXEC GetUserTreeMenu 'nanang.andriani','1504',@CompanyId=2;
19/06/2023 13:58:13	SQL :EXEC GetUserTreeMenu 'nanang.andriani','1505',@CompanyId=2;
19/06/2023 13:58:13	SQL :EXEC GetUserTreeMenu 'nanang.andriani','1506',@CompanyId=2;
19/06/2023 13:58:13	SQL :EXEC GetUserTreeMenu 'nanang.andriani','1507',@CompanyId=2;
19/06/2023 13:58:13	SQL :EXEC GetUserTreeMenu 'nanang.andriani','1508',@CompanyId=2;
19/06/2023 13:58:13	SQL :EXEC GetUserTreeMenu 'nanang.andriani','1509',@CompanyId=2;
19/06/2023 13:58:13	SQL :EXEC GetUserTreeMenu 'nanang.andriani','1510',@CompanyId=2;
19/06/2023 13:58:13	SQL :EXEC GetUserTreeMenu 'nanang.andriani','1511',@CompanyId=2;
19/06/2023 13:58:13	SQL :EXEC GetUserSubMenu 'nanang.andriani','16';
19/06/2023 13:58:13	SQL :EXEC GetUserTreeMenu 'nanang.andriani','1601',@CompanyId=2;
19/06/2023 13:58:13	SQL :EXEC GetUserTreeMenu 'nanang.andriani','1602',@CompanyId=2;
19/06/2023 13:58:13	SQL :EXEC GetUserTreeMenu 'nanang.andriani','1603',@CompanyId=2;
19/06/2023 13:58:14	SQL :EXEC GetUserTreeMenu 'nanang.andriani','1604',@CompanyId=2;
19/06/2023 13:58:14	SQL :EXEC GetUserTreeMenu 'nanang.andriani','1605',@CompanyId=2;
19/06/2023 13:58:14	SQL :EXEC GetUserTreeMenu 'nanang.andriani','1606',@CompanyId=2;
19/06/2023 13:58:14	SQL :EXEC GetUserTreeMenu 'nanang.andriani','1607',@CompanyId=2;
19/06/2023 13:58:14	SQL :EXEC GetUserTreeMenu 'nanang.andriani','1608',@CompanyId=2;
19/06/2023 13:58:14	SQL :EXEC GetUserTreeMenu 'nanang.andriani','1609',@CompanyId=2;
19/06/2023 13:58:14	SQL :EXEC GetUserTreeMenu 'nanang.andriani','1610',@CompanyId=2;
19/06/2023 13:58:14	SQL :EXEC GetUserTreeMenu 'nanang.andriani','1611',@CompanyId=2;
19/06/2023 13:58:14	SQL :EXEC GetUserTreeMenu 'nanang.andriani','1612',@CompanyId=2;
19/06/2023 13:58:14	SQL :EXEC GetUserTreeMenu 'nanang.andriani','1613',@CompanyId=2;
19/06/2023 13:58:14	SQL :EXEC GetUserTreeMenu 'nanang.andriani','1614',@CompanyId=2;
19/06/2023 13:58:14	SQL :EXEC GetUserTreeMenu 'nanang.andriani','1615',@CompanyId=2;
19/06/2023 13:58:14	SQL :EXEC GetUserTreeMenu 'nanang.andriani','1616',@CompanyId=2;
19/06/2023 13:58:14	SQL :EXEC GetUserTreeMenu 'nanang.andriani','1619',@CompanyId=2;
19/06/2023 13:58:14	SQL :EXEC GetUserTreeMenu 'nanang.andriani','1620',@CompanyId=2;
19/06/2023 13:58:14	SQL :EXEC GetUserSubMenu 'nanang.andriani','17';
19/06/2023 13:58:14	SQL :EXEC GetUserTreeMenu 'nanang.andriani','1701',@CompanyId=2;
19/06/2023 13:58:14	SQL :EXEC GetUserTreeMenu 'nanang.andriani','1702',@CompanyId=2;
19/06/2023 13:58:14	SQL :EXEC GetUserTreeMenu 'nanang.andriani','1703',@CompanyId=2;
19/06/2023 13:58:14	SQL :EXEC GetUserTreeMenu 'nanang.andriani','1704',@CompanyId=2;
19/06/2023 13:58:14	SQL :EXEC GetUserTreeMenu 'nanang.andriani','1705',@CompanyId=2;
19/06/2023 13:58:14	SQL :EXEC GetUserTreeMenu 'nanang.andriani','1706',@CompanyId=2;
19/06/2023 13:58:14	SQL :EXEC GetUserTreeMenu 'nanang.andriani','1707',@CompanyId=2;
19/06/2023 13:58:14	SQL :EXEC GetUserTreeMenu 'nanang.andriani','1708',@CompanyId=2;
19/06/2023 13:58:14	SQL :EXEC GetUserTreeMenu 'nanang.andriani','1709',@CompanyId=2;
19/06/2023 13:58:14	SQL :EXEC GetUserTreeMenu 'nanang.andriani','1710',@CompanyId=2;
19/06/2023 13:58:14	SQL :EXEC GetUserTreeMenu 'nanang.andriani','1711',@CompanyId=2;
19/06/2023 13:58:14	SQL :EXEC GetUserTreeMenu 'nanang.andriani','1712',@CompanyId=2;
19/06/2023 13:58:14	SQL :EXEC GetUserTreeMenu 'nanang.andriani','1713',@CompanyId=2;
19/06/2023 13:58:14	SQL :EXEC GetUserTreeMenu 'nanang.andriani','1714',@CompanyId=2;
19/06/2023 13:58:14	SQL :EXEC GetUserTreeMenu 'nanang.andriani','1715',@CompanyId=2;
19/06/2023 13:58:14	SQL :EXEC GetUserTreeMenu 'nanang.andriani','1716',@CompanyId=2;
19/06/2023 13:58:14	SQL :EXEC GetUserTreeMenu 'nanang.andriani','1717',@CompanyId=2;
19/06/2023 13:58:14	SQL :EXEC GetUserSubMenu 'nanang.andriani','18';
19/06/2023 13:58:14	SQL :EXEC GetUserTreeMenu 'nanang.andriani','1801',@CompanyId=2;
19/06/2023 13:58:14	SQL :EXEC GetUserSubMenu 'nanang.andriani','19';
19/06/2023 13:58:14	SQL :EXEC GetUserTreeMenu 'nanang.andriani','1901',@CompanyId=2;
19/06/2023 13:58:14	SQL :EXEC GetUserTreeMenu 'nanang.andriani','1902',@CompanyId=2;
19/06/2023 13:58:14	SQL :EXEC GetUserTreeMenu 'nanang.andriani','1903',@CompanyId=2;
19/06/2023 13:58:14	SQL :EXEC GetUserTreeMenu 'nanang.andriani','1904',@CompanyId=2;
19/06/2023 13:58:14	SQL :EXEC GetUserTreeMenu 'nanang.andriani','1905',@CompanyId=2;
19/06/2023 13:58:14	SQL :EXEC GetUserTreeMenu 'nanang.andriani','1906',@CompanyId=2;
19/06/2023 13:58:14	SQL :EXEC GetUserTreeMenu 'nanang.andriani','1907',@CompanyId=2;
19/06/2023 13:58:14	SQL :EXEC GetUserTreeMenu 'nanang.andriani','1908',@CompanyId=2;
19/06/2023 13:58:14	SQL :EXEC GetUserTreeMenu 'nanang.andriani','1909',@CompanyId=2;
19/06/2023 13:58:14	SQL :EXEC GetUserTreeMenu 'nanang.andriani','1910',@CompanyId=2;
19/06/2023 13:58:14	SQL :EXEC GetUserTreeMenu 'nanang.andriani','1911',@CompanyId=2;
19/06/2023 13:58:14	SQL :EXEC GetUserTreeMenu 'nanang.andriani','1912',@CompanyId=2;
19/06/2023 13:58:15	SQL :SELECT CONVERT(VARCHAR(8),GETDATE(),108) AS hour_minute;
19/06/2023 13:58:15	SQL :SELECT CONVERT(VARCHAR(10),GETDATE(),103) AS date_time;
19/06/2023 13:58:15	Loading Setting
19/06/2023 13:58:15	Open DB Connection
19/06/2023 13:58:15	SQL :SELECT * FROM wh_setting WHERE setting_name='Hold_Less_Deposit';
19/06/2023 13:58:15	SQL :SELECT * FROM wh_setting WHERE setting_name='Max_Less_Deposit';
19/06/2023 13:58:15	SQL :SELECT * FROM wh_setting WHERE setting_name='Dashboard_2';
19/06/2023 13:58:15	Finish Logging
19/06/2023 13:58:15	SQL :SELECT value_string FROM wh_setting WHERE (setting_name='Interval_CheckInDate') AND (active=1);
19/06/2023 13:58:15	SQL :SELECT value_string FROM wh_setting WHERE (setting_name='Interval_CheckInTime') AND (active=1);
19/06/2023 13:58:15	SQL :SELECT value_string FROM wh_setting WHERE (setting_name='ChatEnable') and (active=1);
19/06/2023 13:58:16	Message:Port Check
19/06/2023 13:58:16	Message:Open DB Connection
19/06/2023 13:58:16	SQL :EXEC GetMessage '01','nanang.andriani';
19/06/2023 13:58:17	SQL :SELECT CONVERT(VARCHAR(8),GETDATE(),108) AS hour_minute;
19/06/2023 13:58:17	SQL :SELECT CONVERT(VARCHAR(10),GETDATE(),103) AS date_time;
19/06/2023 13:58:18	Open Menu :190507
19/06/2023 13:58:18	Open DB Connection
19/06/2023 13:58:18	SQL :EXEC AuthMenu 'nanang.andriani',190507;
19/06/2023 13:58:19	Form Check :BusRunningDaysminiRpt
19/06/2023 13:58:19	Form Open: BusRunningDaysMiniRpt=,0
19/06/2023 13:58:19	Open DB Connection
19/06/2023 13:58:19	SQL :EXEC GetCompanyLocationList
19/06/2023 13:58:19	SQL :EXEC GetUserRDLocationList @UserName='nanang.andriani' ;
19/06/2023 13:58:21	SQL :EXEC GetGroup 2;
19/06/2023 13:58:21	Open DB Connection
19/06/2023 13:58:23	Open DB Connection
19/06/2023 13:58:25	Open DB Connection
19/06/2023 13:58:25	SQL :SELECT * FROM wh_setting WHERE (setting_name='ServiceBerkala_as_PKB_2') AND (active=1);
19/06/2023 13:58:26	Open DB Connection
19/06/2023 13:58:26	SQL :EXEC GetVhcList 6,@CompanyId=2,@BatchId=6,@Seat=29,@OrderBy='category, category_sequence_number,h.vhc_batch_id,seat,license_plate',@ShowBatch=1,@isOutsideRent=0,@Dates='2023/06/30';
19/06/2023 13:58:26	SQL :EXEC GetRunningDaysDetail 'BS221070063',@FromDate='2023-06-01',@ToDate='2023-06-30', @CompanyId=2;
19/06/2023 13:58:26	SQL :EXEC GetRunningDaysDetail 'BS221070060',@FromDate='2023-06-01',@ToDate='2023-06-30', @CompanyId=2;
19/06/2023 13:58:27	SQL :EXEC GetRunningDaysDetail 'BS220080008',@FromDate='2023-06-01',@ToDate='2023-06-30', @CompanyId=2;
19/06/2023 13:58:27	SQL :EXEC GetRunningDaysDetail 'BS220080009',@FromDate='2023-06-01',@ToDate='2023-06-30', @CompanyId=2;
19/06/2023 13:58:27	SQL :EXEC GetRunningDaysDetail 'BS221070061',@FromDate='2023-06-01',@ToDate='2023-06-30', @CompanyId=2;
19/06/2023 13:58:27	SQL :EXEC GetRunningDaysDetail 'BS221070041',@FromDate='2023-06-01',@ToDate='2023-06-30', @CompanyId=2;
19/06/2023 13:58:28	SQL :EXEC GetRunningDaysDetail 'BS221070064',@FromDate='2023-06-01',@ToDate='2023-06-30', @CompanyId=2;
19/06/2023 13:58:28	SQL :EXEC GetRunningDaysDetail 'BS220080007',@FromDate='2023-06-01',@ToDate='2023-06-30', @CompanyId=2;
19/06/2023 13:58:28	SQL :EXEC GetRunningDaysDetail 'BS220080006',@FromDate='2023-06-01',@ToDate='2023-06-30', @CompanyId=2;
19/06/2023 13:58:28	SQL :EXEC GetRunningDaysDetail 'BS220080010',@FromDate='2023-06-01',@ToDate='2023-06-30', @CompanyId=2;
19/06/2023 13:58:29	SQL :EXEC GetRunningDaysDetail 'BS221070068',@FromDate='2023-06-01',@ToDate='2023-06-30', @CompanyId=2;
19/06/2023 13:58:29	SQL :EXEC GetRunningDaysDetail 'BS221070062',@FromDate='2023-06-01',@ToDate='2023-06-30', @CompanyId=2;
19/06/2023 13:58:29	SQL :EXEC GetRunningDaysDetail 'BS221070069',@FromDate='2023-06-01',@ToDate='2023-06-30', @CompanyId=2;
19/06/2023 13:58:29	SQL :EXEC GetRunningDaysDetail 'BS221070066',@FromDate='2023-06-01',@ToDate='2023-06-30', @CompanyId=2;
19/06/2023 13:58:30	SQL :EXEC GetRunningDaysDetail 'BS221070067',@FromDate='2023-06-01',@ToDate='2023-06-30', @CompanyId=2;
19/06/2023 13:58:30	Open DB Connection
19/06/2023 13:58:30	SQL :select id from wh_dashboard_persentase_day where company_id=2 and vhc_batch_id=6 and seat=29 and date='2023/6/1'
19/06/2023 13:58:30	SQL :UPDATE wh_dashboard_persentase_day SET date='2023/6/1',company_id=2,vhc_batch_id=6,seat=29,tot_perbaikan=4,created_date=GETDATE() WHERE company_id=2 and vhc_batch_id=6 and seat=29 and date='2023/6/1'
19/06/2023 13:58:30	Open DB Connection
19/06/2023 13:58:30	SQL :select id from wh_dashboard_persentase_day where company_id=2 and vhc_batch_id=6 and seat=29 and date='2023/6/2'
19/06/2023 13:58:30	SQL :UPDATE wh_dashboard_persentase_day SET date='2023/6/2',company_id=2,vhc_batch_id=6,seat=29,tot_perbaikan=4,created_date=GETDATE() WHERE company_id=2 and vhc_batch_id=6 and seat=29 and date='2023/6/2'
19/06/2023 13:58:30	Open DB Connection
19/06/2023 13:58:30	SQL :select id from wh_dashboard_persentase_day where company_id=2 and vhc_batch_id=6 and seat=29 and date='2023/6/3'
19/06/2023 13:58:30	SQL :UPDATE wh_dashboard_persentase_day SET date='2023/6/3',company_id=2,vhc_batch_id=6,seat=29,tot_perbaikan=1,created_date=GETDATE() WHERE company_id=2 and vhc_batch_id=6 and seat=29 and date='2023/6/3'
19/06/2023 13:58:30	Open DB Connection
19/06/2023 13:58:30	SQL :select id from wh_dashboard_persentase_day where company_id=2 and vhc_batch_id=6 and seat=29 and date='2023/6/4'
19/06/2023 13:58:30	SQL :UPDATE wh_dashboard_persentase_day SET date='2023/6/4',company_id=2,vhc_batch_id=6,seat=29,tot_perbaikan=3,created_date=GETDATE() WHERE company_id=2 and vhc_batch_id=6 and seat=29 and date='2023/6/4'
19/06/2023 13:58:30	Open DB Connection
19/06/2023 13:58:30	SQL :select id from wh_dashboard_persentase_day where company_id=2 and vhc_batch_id=6 and seat=29 and date='2023/6/5'
19/06/2023 13:58:30	SQL :UPDATE wh_dashboard_persentase_day SET date='2023/6/5',company_id=2,vhc_batch_id=6,seat=29,tot_perbaikan=2,created_date=GETDATE() WHERE company_id=2 and vhc_batch_id=6 and seat=29 and date='2023/6/5'
19/06/2023 13:58:30	Open DB Connection
19/06/2023 13:58:30	SQL :select id from wh_dashboard_persentase_day where company_id=2 and vhc_batch_id=6 and seat=29 and date='2023/6/6'
19/06/2023 13:58:30	SQL :UPDATE wh_dashboard_persentase_day SET date='2023/6/6',company_id=2,vhc_batch_id=6,seat=29,tot_perbaikan=1,created_date=GETDATE() WHERE company_id=2 and vhc_batch_id=6 and seat=29 and date='2023/6/6'
19/06/2023 13:58:30	Open DB Connection
19/06/2023 13:58:30	SQL :select id from wh_dashboard_persentase_day where company_id=2 and vhc_batch_id=6 and seat=29 and date='2023/6/7'
19/06/2023 13:58:30	SQL :UPDATE wh_dashboard_persentase_day SET date='2023/6/7',company_id=2,vhc_batch_id=6,seat=29,tot_perbaikan=1,created_date=GETDATE() WHERE company_id=2 and vhc_batch_id=6 and seat=29 and date='2023/6/7'
19/06/2023 13:58:31	Open DB Connection
19/06/2023 13:58:31	SQL :select id from wh_dashboard_persentase_day where company_id=2 and vhc_batch_id=6 and seat=29 and date='2023/6/8'
19/06/2023 13:58:31	SQL :UPDATE wh_dashboard_persentase_day SET date='2023/6/8',company_id=2,vhc_batch_id=6,seat=29,tot_perbaikan=2,created_date=GETDATE() WHERE company_id=2 and vhc_batch_id=6 and seat=29 and date='2023/6/8'
19/06/2023 13:58:31	Open DB Connection
19/06/2023 13:58:31	SQL :select id from wh_dashboard_persentase_day where company_id=2 and vhc_batch_id=6 and seat=29 and date='2023/6/9'
19/06/2023 13:58:31	SQL :UPDATE wh_dashboard_persentase_day SET date='2023/6/9',company_id=2,vhc_batch_id=6,seat=29,tot_perbaikan=1,created_date=GETDATE() WHERE company_id=2 and vhc_batch_id=6 and seat=29 and date='2023/6/9'
19/06/2023 13:58:31	Open DB Connection
19/06/2023 13:58:31	SQL :select id from wh_dashboard_persentase_day where company_id=2 and vhc_batch_id=6 and seat=29 and date='2023/6/10'
19/06/2023 13:58:31	SQL :UPDATE wh_dashboard_persentase_day SET date='2023/6/10',company_id=2,vhc_batch_id=6,seat=29,tot_perbaikan=3,created_date=GETDATE() WHERE company_id=2 and vhc_batch_id=6 and seat=29 and date='2023/6/10'
19/06/2023 13:58:31	Open DB Connection
19/06/2023 13:58:31	SQL :select id from wh_dashboard_persentase_day where company_id=2 and vhc_batch_id=6 and seat=29 and date='2023/6/11'
19/06/2023 13:58:31	SQL :UPDATE wh_dashboard_persentase_day SET date='2023/6/11',company_id=2,vhc_batch_id=6,seat=29,tot_perbaikan=2,created_date=GETDATE() WHERE company_id=2 and vhc_batch_id=6 and seat=29 and date='2023/6/11'
19/06/2023 13:58:31	Open DB Connection
19/06/2023 13:58:31	SQL :select id from wh_dashboard_persentase_day where company_id=2 and vhc_batch_id=6 and seat=29 and date='2023/6/12'
19/06/2023 13:58:31	SQL :UPDATE wh_dashboard_persentase_day SET date='2023/6/12',company_id=2,vhc_batch_id=6,seat=29,tot_perbaikan=0,created_date=GETDATE() WHERE company_id=2 and vhc_batch_id=6 and seat=29 and date='2023/6/12'
19/06/2023 13:58:31	Open DB Connection
19/06/2023 13:58:31	SQL :select id from wh_dashboard_persentase_day where company_id=2 and vhc_batch_id=6 and seat=29 and date='2023/6/13'
19/06/2023 13:58:31	SQL :UPDATE wh_dashboard_persentase_day SET date='2023/6/13',company_id=2,vhc_batch_id=6,seat=29,tot_perbaikan=1,created_date=GETDATE() WHERE company_id=2 and vhc_batch_id=6 and seat=29 and date='2023/6/13'
19/06/2023 13:58:31	Open DB Connection
19/06/2023 13:58:31	SQL :select id from wh_dashboard_persentase_day where company_id=2 and vhc_batch_id=6 and seat=29 and date='2023/6/14'
19/06/2023 13:58:31	SQL :UPDATE wh_dashboard_persentase_day SET date='2023/6/14',company_id=2,vhc_batch_id=6,seat=29,tot_perbaikan=1,created_date=GETDATE() WHERE company_id=2 and vhc_batch_id=6 and seat=29 and date='2023/6/14'
19/06/2023 13:58:31	Open DB Connection
19/06/2023 13:58:31	SQL :select id from wh_dashboard_persentase_day where company_id=2 and vhc_batch_id=6 and seat=29 and date='2023/6/15'
19/06/2023 13:58:31	SQL :UPDATE wh_dashboard_persentase_day SET date='2023/6/15',company_id=2,vhc_batch_id=6,seat=29,tot_perbaikan=0,created_date=GETDATE() WHERE company_id=2 and vhc_batch_id=6 and seat=29 and date='2023/6/15'
19/06/2023 13:58:31	Open DB Connection
19/06/2023 13:58:31	SQL :select id from wh_dashboard_persentase_day where company_id=2 and vhc_batch_id=6 and seat=29 and date='2023/6/16'
19/06/2023 13:58:31	SQL :UPDATE wh_dashboard_persentase_day SET date='2023/6/16',company_id=2,vhc_batch_id=6,seat=29,tot_perbaikan=1,created_date=GETDATE() WHERE company_id=2 and vhc_batch_id=6 and seat=29 and date='2023/6/16'
19/06/2023 13:58:31	Open DB Connection
19/06/2023 13:58:31	SQL :select id from wh_dashboard_persentase_day where company_id=2 and vhc_batch_id=6 and seat=29 and date='2023/6/17'
19/06/2023 13:58:32	SQL :UPDATE wh_dashboard_persentase_day SET date='2023/6/17',company_id=2,vhc_batch_id=6,seat=29,tot_perbaikan=0,created_date=GETDATE() WHERE company_id=2 and vhc_batch_id=6 and seat=29 and date='2023/6/17'
19/06/2023 13:58:32	Open DB Connection
19/06/2023 13:58:32	SQL :select id from wh_dashboard_persentase_day where company_id=2 and vhc_batch_id=6 and seat=29 and date='2023/6/18'
19/06/2023 13:58:32	SQL :UPDATE wh_dashboard_persentase_day SET date='2023/6/18',company_id=2,vhc_batch_id=6,seat=29,tot_perbaikan=0,created_date=GETDATE() WHERE company_id=2 and vhc_batch_id=6 and seat=29 and date='2023/6/18'
19/06/2023 13:58:32	Open DB Connection
19/06/2023 13:58:32	SQL :select id from wh_dashboard_persentase_day where company_id=2 and vhc_batch_id=6 and seat=29 and date='2023/6/19'
19/06/2023 13:58:32	SQL :UPDATE wh_dashboard_persentase_day SET date='2023/6/19',company_id=2,vhc_batch_id=6,seat=29,tot_perbaikan=1,created_date=GETDATE() WHERE company_id=2 and vhc_batch_id=6 and seat=29 and date='2023/6/19'
19/06/2023 13:58:32	Open DB Connection
19/06/2023 13:58:32	SQL :select id from wh_dashboard_persentase_day where company_id=2 and vhc_batch_id=6 and seat=29 and date='2023/6/20'
19/06/2023 13:58:32	SQL :UPDATE wh_dashboard_persentase_day SET date='2023/6/20',company_id=2,vhc_batch_id=6,seat=29,tot_perbaikan=0,created_date=GETDATE() WHERE company_id=2 and vhc_batch_id=6 and seat=29 and date='2023/6/20'
19/06/2023 13:58:32	Open DB Connection
19/06/2023 13:58:32	SQL :select id from wh_dashboard_persentase_day where company_id=2 and vhc_batch_id=6 and seat=29 and date='2023/6/21'
19/06/2023 13:58:32	SQL :UPDATE wh_dashboard_persentase_day SET date='2023/6/21',company_id=2,vhc_batch_id=6,seat=29,tot_perbaikan=2,created_date=GETDATE() WHERE company_id=2 and vhc_batch_id=6 and seat=29 and date='2023/6/21'
19/06/2023 13:58:32	Open DB Connection
19/06/2023 13:58:32	SQL :select id from wh_dashboard_persentase_day where company_id=2 and vhc_batch_id=6 and seat=29 and date='2023/6/22'
19/06/2023 13:58:32	SQL :UPDATE wh_dashboard_persentase_day SET date='2023/6/22',company_id=2,vhc_batch_id=6,seat=29,tot_perbaikan=2,created_date=GETDATE() WHERE company_id=2 and vhc_batch_id=6 and seat=29 and date='2023/6/22'
19/06/2023 13:58:32	Open DB Connection
19/06/2023 13:58:32	SQL :select id from wh_dashboard_persentase_day where company_id=2 and vhc_batch_id=6 and seat=29 and date='2023/6/23'
19/06/2023 13:58:32	SQL :UPDATE wh_dashboard_persentase_day SET date='2023/6/23',company_id=2,vhc_batch_id=6,seat=29,tot_perbaikan=2,created_date=GETDATE() WHERE company_id=2 and vhc_batch_id=6 and seat=29 and date='2023/6/23'
19/06/2023 13:58:32	Open DB Connection
19/06/2023 13:58:32	SQL :select id from wh_dashboard_persentase_day where company_id=2 and vhc_batch_id=6 and seat=29 and date='2023/6/24'
19/06/2023 13:58:32	SQL :UPDATE wh_dashboard_persentase_day SET date='2023/6/24',company_id=2,vhc_batch_id=6,seat=29,tot_perbaikan=3,created_date=GETDATE() WHERE company_id=2 and vhc_batch_id=6 and seat=29 and date='2023/6/24'
19/06/2023 13:58:32	Open DB Connection
19/06/2023 13:58:32	SQL :select id from wh_dashboard_persentase_day where company_id=2 and vhc_batch_id=6 and seat=29 and date='2023/6/25'
19/06/2023 13:58:32	SQL :UPDATE wh_dashboard_persentase_day SET date='2023/6/25',company_id=2,vhc_batch_id=6,seat=29,tot_perbaikan=3,created_date=GETDATE() WHERE company_id=2 and vhc_batch_id=6 and seat=29 and date='2023/6/25'
19/06/2023 13:58:32	Open DB Connection
19/06/2023 13:58:32	SQL :select id from wh_dashboard_persentase_day where company_id=2 and vhc_batch_id=6 and seat=29 and date='2023/6/26'
19/06/2023 13:58:32	SQL :UPDATE wh_dashboard_persentase_day SET date='2023/6/26',company_id=2,vhc_batch_id=6,seat=29,tot_perbaikan=2,created_date=GETDATE() WHERE company_id=2 and vhc_batch_id=6 and seat=29 and date='2023/6/26'
19/06/2023 13:58:32	Open DB Connection
19/06/2023 13:58:32	SQL :select id from wh_dashboard_persentase_day where company_id=2 and vhc_batch_id=6 and seat=29 and date='2023/6/27'
19/06/2023 13:58:32	SQL :UPDATE wh_dashboard_persentase_day SET date='2023/6/27',company_id=2,vhc_batch_id=6,seat=29,tot_perbaikan=2,created_date=GETDATE() WHERE company_id=2 and vhc_batch_id=6 and seat=29 and date='2023/6/27'
19/06/2023 13:58:32	Open DB Connection
19/06/2023 13:58:32	SQL :select id from wh_dashboard_persentase_day where company_id=2 and vhc_batch_id=6 and seat=29 and date='2023/6/28'
19/06/2023 13:58:32	SQL :UPDATE wh_dashboard_persentase_day SET date='2023/6/28',company_id=2,vhc_batch_id=6,seat=29,tot_perbaikan=2,created_date=GETDATE() WHERE company_id=2 and vhc_batch_id=6 and seat=29 and date='2023/6/28'
19/06/2023 13:58:32	Open DB Connection
19/06/2023 13:58:32	SQL :select id from wh_dashboard_persentase_day where company_id=2 and vhc_batch_id=6 and seat=29 and date='2023/6/29'
19/06/2023 13:58:32	SQL :UPDATE wh_dashboard_persentase_day SET date='2023/6/29',company_id=2,vhc_batch_id=6,seat=29,tot_perbaikan=2,created_date=GETDATE() WHERE company_id=2 and vhc_batch_id=6 and seat=29 and date='2023/6/29'
19/06/2023 13:58:32	Open DB Connection
19/06/2023 13:58:32	SQL :select id from wh_dashboard_persentase_day where company_id=2 and vhc_batch_id=6 and seat=29 and date='2023/6/30'
19/06/2023 13:58:33	SQL :UPDATE wh_dashboard_persentase_day SET date='2023/6/30',company_id=2,vhc_batch_id=6,seat=29,tot_perbaikan=2,created_date=GETDATE() WHERE company_id=2 and vhc_batch_id=6 and seat=29 and date='2023/6/30'
19/06/2023 13:58:33	Open DB Connection
19/06/2023 13:58:33	SQL :select id from wh_dashboard_persentase_day where company_id=2 and vhc_batch_id=6 and seat=29 and date='2023/6/1'
19/06/2023 13:58:33	SQL :UPDATE wh_dashboard_persentase_day SET date='2023/6/1',company_id=2,vhc_batch_id=6,seat=29,persentase_jalan=82,created_date=GETDATE() WHERE company_id=2 and vhc_batch_id=6 and seat=29 and date='2023/6/1'
19/06/2023 13:58:33	Open DB Connection
19/06/2023 13:58:33	SQL :select id from wh_dashboard_persentase_day where company_id=2 and vhc_batch_id=6 and seat=29 and date='2023/6/2'
19/06/2023 13:58:33	SQL :UPDATE wh_dashboard_persentase_day SET date='2023/6/2',company_id=2,vhc_batch_id=6,seat=29,persentase_jalan=82,created_date=GETDATE() WHERE company_id=2 and vhc_batch_id=6 and seat=29 and date='2023/6/2'
19/06/2023 13:58:33	Open DB Connection
19/06/2023 13:58:33	SQL :select id from wh_dashboard_persentase_day where company_id=2 and vhc_batch_id=6 and seat=29 and date='2023/6/3'
19/06/2023 13:58:33	SQL :UPDATE wh_dashboard_persentase_day SET date='2023/6/3',company_id=2,vhc_batch_id=6,seat=29,persentase_jalan=93,created_date=GETDATE() WHERE company_id=2 and vhc_batch_id=6 and seat=29 and date='2023/6/3'
19/06/2023 13:58:33	Open DB Connection
19/06/2023 13:58:33	SQL :select id from wh_dashboard_persentase_day where company_id=2 and vhc_batch_id=6 and seat=29 and date='2023/6/4'
19/06/2023 13:58:33	SQL :UPDATE wh_dashboard_persentase_day SET date='2023/6/4',company_id=2,vhc_batch_id=6,seat=29,persentase_jalan=83,created_date=GETDATE() WHERE company_id=2 and vhc_batch_id=6 and seat=29 and date='2023/6/4'
19/06/2023 13:58:33	Open DB Connection
19/06/2023 13:58:33	SQL :select id from wh_dashboard_persentase_day where company_id=2 and vhc_batch_id=6 and seat=29 and date='2023/6/5'
19/06/2023 13:58:33	SQL :UPDATE wh_dashboard_persentase_day SET date='2023/6/5',company_id=2,vhc_batch_id=6,seat=29,persentase_jalan=85,created_date=GETDATE() WHERE company_id=2 and vhc_batch_id=6 and seat=29 and date='2023/6/5'
19/06/2023 13:58:33	Open DB Connection
19/06/2023 13:58:33	SQL :select id from wh_dashboard_persentase_day where company_id=2 and vhc_batch_id=6 and seat=29 and date='2023/6/6'
19/06/2023 13:58:33	SQL :UPDATE wh_dashboard_persentase_day SET date='2023/6/6',company_id=2,vhc_batch_id=6,seat=29,persentase_jalan=86,created_date=GETDATE() WHERE company_id=2 and vhc_batch_id=6 and seat=29 and date='2023/6/6'
19/06/2023 13:58:33	Open DB Connection
19/06/2023 13:58:33	SQL :select id from wh_dashboard_persentase_day where company_id=2 and vhc_batch_id=6 and seat=29 and date='2023/6/7'
19/06/2023 13:58:33	SQL :UPDATE wh_dashboard_persentase_day SET date='2023/6/7',company_id=2,vhc_batch_id=6,seat=29,persentase_jalan=86,created_date=GETDATE() WHERE company_id=2 and vhc_batch_id=6 and seat=29 and date='2023/6/7'
19/06/2023 13:58:33	Open DB Connection
19/06/2023 13:58:33	SQL :select id from wh_dashboard_persentase_day where company_id=2 and vhc_batch_id=6 and seat=29 and date='2023/6/8'
19/06/2023 13:58:33	SQL :UPDATE wh_dashboard_persentase_day SET date='2023/6/8',company_id=2,vhc_batch_id=6,seat=29,persentase_jalan=92,created_date=GETDATE() WHERE company_id=2 and vhc_batch_id=6 and seat=29 and date='2023/6/8'
19/06/2023 13:58:33	Open DB Connection
19/06/2023 13:58:33	SQL :select id from wh_dashboard_persentase_day where company_id=2 and vhc_batch_id=6 and seat=29 and date='2023/6/9'
19/06/2023 13:58:33	SQL :UPDATE wh_dashboard_persentase_day SET date='2023/6/9',company_id=2,vhc_batch_id=6,seat=29,persentase_jalan=86,created_date=GETDATE() WHERE company_id=2 and vhc_batch_id=6 and seat=29 and date='2023/6/9'
19/06/2023 13:58:33	Open DB Connection
19/06/2023 13:58:33	SQL :select id from wh_dashboard_persentase_day where company_id=2 and vhc_batch_id=6 and seat=29 and date='2023/6/10'
19/06/2023 13:58:33	SQL :UPDATE wh_dashboard_persentase_day SET date='2023/6/10',company_id=2,vhc_batch_id=6,seat=29,persentase_jalan=67,created_date=GETDATE() WHERE company_id=2 and vhc_batch_id=6 and seat=29 and date='2023/6/10'
19/06/2023 13:58:33	Open DB Connection
19/06/2023 13:58:33	SQL :select id from wh_dashboard_persentase_day where company_id=2 and vhc_batch_id=6 and seat=29 and date='2023/6/11'
19/06/2023 13:58:33	SQL :UPDATE wh_dashboard_persentase_day SET date='2023/6/11',company_id=2,vhc_batch_id=6,seat=29,persentase_jalan=54,created_date=GETDATE() WHERE company_id=2 and vhc_batch_id=6 and seat=29 and date='2023/6/11'
19/06/2023 13:58:33	Open DB Connection
19/06/2023 13:58:33	SQL :select id from wh_dashboard_persentase_day where company_id=2 and vhc_batch_id=6 and seat=29 and date='2023/6/12'
19/06/2023 13:58:33	SQL :UPDATE wh_dashboard_persentase_day SET date='2023/6/12',company_id=2,vhc_batch_id=6,seat=29,persentase_jalan=80,created_date=GETDATE() WHERE company_id=2 and vhc_batch_id=6 and seat=29 and date='2023/6/12'
19/06/2023 13:58:34	Open DB Connection
19/06/2023 13:58:34	SQL :select id from wh_dashboard_persentase_day where company_id=2 and vhc_batch_id=6 and seat=29 and date='2023/6/13'
19/06/2023 13:58:34	SQL :UPDATE wh_dashboard_persentase_day SET date='2023/6/13',company_id=2,vhc_batch_id=6,seat=29,persentase_jalan=86,created_date=GETDATE() WHERE company_id=2 and vhc_batch_id=6 and seat=29 and date='2023/6/13'
19/06/2023 13:58:34	Open DB Connection
19/06/2023 13:58:34	SQL :select id from wh_dashboard_persentase_day where company_id=2 and vhc_batch_id=6 and seat=29 and date='2023/6/14'
19/06/2023 13:58:34	SQL :UPDATE wh_dashboard_persentase_day SET date='2023/6/14',company_id=2,vhc_batch_id=6,seat=29,persentase_jalan=86,created_date=GETDATE() WHERE company_id=2 and vhc_batch_id=6 and seat=29 and date='2023/6/14'
19/06/2023 13:58:34	Open DB Connection
19/06/2023 13:58:34	SQL :select id from wh_dashboard_persentase_day where company_id=2 and vhc_batch_id=6 and seat=29 and date='2023/6/15'
19/06/2023 13:58:34	SQL :UPDATE wh_dashboard_persentase_day SET date='2023/6/15',company_id=2,vhc_batch_id=6,seat=29,persentase_jalan=87,created_date=GETDATE() WHERE company_id=2 and vhc_batch_id=6 and seat=29 and date='2023/6/15'
19/06/2023 13:58:34	Open DB Connection
19/06/2023 13:58:34	SQL :select id from wh_dashboard_persentase_day where company_id=2 and vhc_batch_id=6 and seat=29 and date='2023/6/16'
19/06/2023 13:58:34	SQL :UPDATE wh_dashboard_persentase_day SET date='2023/6/16',company_id=2,vhc_batch_id=6,seat=29,persentase_jalan=86,created_date=GETDATE() WHERE company_id=2 and vhc_batch_id=6 and seat=29 and date='2023/6/16'
19/06/2023 13:58:34	Open DB Connection
19/06/2023 13:58:34	SQL :select id from wh_dashboard_persentase_day where company_id=2 and vhc_batch_id=6 and seat=29 and date='2023/6/17'
19/06/2023 13:58:34	SQL :UPDATE wh_dashboard_persentase_day SET date='2023/6/17',company_id=2,vhc_batch_id=6,seat=29,persentase_jalan=73,created_date=GETDATE() WHERE company_id=2 and vhc_batch_id=6 and seat=29 and date='2023/6/17'
19/06/2023 13:58:34	Open DB Connection
19/06/2023 13:58:34	SQL :select id from wh_dashboard_persentase_day where company_id=2 and vhc_batch_id=6 and seat=29 and date='2023/6/18'
19/06/2023 13:58:34	SQL :UPDATE wh_dashboard_persentase_day SET date='2023/6/18',company_id=2,vhc_batch_id=6,seat=29,persentase_jalan=40,created_date=GETDATE() WHERE company_id=2 and vhc_batch_id=6 and seat=29 and date='2023/6/18'
19/06/2023 13:58:34	Open DB Connection
19/06/2023 13:58:34	SQL :select id from wh_dashboard_persentase_day where company_id=2 and vhc_batch_id=6 and seat=29 and date='2023/6/19'
19/06/2023 13:58:34	SQL :UPDATE wh_dashboard_persentase_day SET date='2023/6/19',company_id=2,vhc_batch_id=6,seat=29,persentase_jalan=64,created_date=GETDATE() WHERE company_id=2 and vhc_batch_id=6 and seat=29 and date='2023/6/19'
19/06/2023 13:58:34	Open DB Connection
19/06/2023 13:58:34	SQL :select id from wh_dashboard_persentase_day where company_id=2 and vhc_batch_id=6 and seat=29 and date='2023/6/20'
19/06/2023 13:58:34	SQL :UPDATE wh_dashboard_persentase_day SET date='2023/6/20',company_id=2,vhc_batch_id=6,seat=29,persentase_jalan=73,created_date=GETDATE() WHERE company_id=2 and vhc_batch_id=6 and seat=29 and date='2023/6/20'
19/06/2023 13:58:34	Open DB Connection
19/06/2023 13:58:34	SQL :select id from wh_dashboard_persentase_day where company_id=2 and vhc_batch_id=6 and seat=29 and date='2023/6/21'
19/06/2023 13:58:34	SQL :UPDATE wh_dashboard_persentase_day SET date='2023/6/21',company_id=2,vhc_batch_id=6,seat=29,persentase_jalan=62,created_date=GETDATE() WHERE company_id=2 and vhc_batch_id=6 and seat=29 and date='2023/6/21'
19/06/2023 13:58:34	Open DB Connection
19/06/2023 13:58:34	SQL :select id from wh_dashboard_persentase_day where company_id=2 and vhc_batch_id=6 and seat=29 and date='2023/6/22'
19/06/2023 13:58:34	SQL :UPDATE wh_dashboard_persentase_day SET date='2023/6/22',company_id=2,vhc_batch_id=6,seat=29,persentase_jalan=69,created_date=GETDATE() WHERE company_id=2 and vhc_batch_id=6 and seat=29 and date='2023/6/22'
19/06/2023 13:58:34	Open DB Connection
19/06/2023 13:58:34	SQL :select id from wh_dashboard_persentase_day where company_id=2 and vhc_batch_id=6 and seat=29 and date='2023/6/23'
19/06/2023 13:58:34	SQL :UPDATE wh_dashboard_persentase_day SET date='2023/6/23',company_id=2,vhc_batch_id=6,seat=29,persentase_jalan=54,created_date=GETDATE() WHERE company_id=2 and vhc_batch_id=6 and seat=29 and date='2023/6/23'
19/06/2023 13:58:34	Open DB Connection
19/06/2023 13:58:34	SQL :select id from wh_dashboard_persentase_day where company_id=2 and vhc_batch_id=6 and seat=29 and date='2023/6/24'
19/06/2023 13:58:34	SQL :UPDATE wh_dashboard_persentase_day SET date='2023/6/24',company_id=2,vhc_batch_id=6,seat=29,persentase_jalan=50,created_date=GETDATE() WHERE company_id=2 and vhc_batch_id=6 and seat=29 and date='2023/6/24'
19/06/2023 13:58:34	Open DB Connection
19/06/2023 13:58:34	SQL :select id from wh_dashboard_persentase_day where company_id=2 and vhc_batch_id=6 and seat=29 and date='2023/6/25'
19/06/2023 13:58:34	SQL :UPDATE wh_dashboard_persentase_day SET date='2023/6/25',company_id=2,vhc_batch_id=6,seat=29,persentase_jalan=33,created_date=GETDATE() WHERE company_id=2 and vhc_batch_id=6 and seat=29 and date='2023/6/25'
19/06/2023 13:58:35	Open DB Connection
19/06/2023 13:58:35	SQL :select id from wh_dashboard_persentase_day where company_id=2 and vhc_batch_id=6 and seat=29 and date='2023/6/26'
19/06/2023 13:58:35	SQL :UPDATE wh_dashboard_persentase_day SET date='2023/6/26',company_id=2,vhc_batch_id=6,seat=29,persentase_jalan=54,created_date=GETDATE() WHERE company_id=2 and vhc_batch_id=6 and seat=29 and date='2023/6/26'
19/06/2023 13:58:35	Open DB Connection
19/06/2023 13:58:35	SQL :select id from wh_dashboard_persentase_day where company_id=2 and vhc_batch_id=6 and seat=29 and date='2023/6/27'
19/06/2023 13:58:35	SQL :UPDATE wh_dashboard_persentase_day SET date='2023/6/27',company_id=2,vhc_batch_id=6,seat=29,persentase_jalan=54,created_date=GETDATE() WHERE company_id=2 and vhc_batch_id=6 and seat=29 and date='2023/6/27'
19/06/2023 13:58:35	Open DB Connection
19/06/2023 13:58:35	SQL :select id from wh_dashboard_persentase_day where company_id=2 and vhc_batch_id=6 and seat=29 and date='2023/6/28'
19/06/2023 13:58:35	SQL :UPDATE wh_dashboard_persentase_day SET date='2023/6/28',company_id=2,vhc_batch_id=6,seat=29,persentase_jalan=69,created_date=GETDATE() WHERE company_id=2 and vhc_batch_id=6 and seat=29 and date='2023/6/28'
19/06/2023 13:58:35	Open DB Connection
19/06/2023 13:58:35	SQL :select id from wh_dashboard_persentase_day where company_id=2 and vhc_batch_id=6 and seat=29 and date='2023/6/29'
19/06/2023 13:58:35	SQL :UPDATE wh_dashboard_persentase_day SET date='2023/6/29',company_id=2,vhc_batch_id=6,seat=29,persentase_jalan=69,created_date=GETDATE() WHERE company_id=2 and vhc_batch_id=6 and seat=29 and date='2023/6/29'
19/06/2023 13:58:35	Open DB Connection
19/06/2023 13:58:35	SQL :select id from wh_dashboard_persentase_day where company_id=2 and vhc_batch_id=6 and seat=29 and date='2023/6/30'
19/06/2023 13:58:35	SQL :UPDATE wh_dashboard_persentase_day SET date='2023/6/30',company_id=2,vhc_batch_id=6,seat=29,persentase_jalan=77,created_date=GETDATE() WHERE company_id=2 and vhc_batch_id=6 and seat=29 and date='2023/6/30'
19/06/2023 13:59:04	Form Check :OrderForm
19/06/2023 13:59:04	Form Open: SelectBooking=PKBRB23060101  BLCRB23060081,FormRequest=,0
19/06/2023 14:00:19	Form Check :ChatClient
19/06/2023 14:00:20	Form Check :AuthorizedForm
19/06/2023 14:00:20	Form Check :RePrintForm
19/06/2023 14:00:20	Form Check :EmployeeSearch
19/06/2023 14:00:20	Form Check :TimeInputForm
19/06/2023 14:00:20	Log Out
19/06/2023 14:00:21	Start Return Local Settings
19/06/2023 14:00:22	Change short date format
19/06/2023 14:00:22	Change Long date format
19/06/2023 14:00:22	Finish Return Local Settings
19/06/2023 14:00:22	Delete cursor File
19/06/2023 14:00:22	Destroying Object
19/06/2023 14:00:22	Closing Apps
19/06/2023 14:00:49	Get Local Settings
19/06/2023 14:00:49	Start Change Local Settings
19/06/2023 14:00:49	Change short date format
19/06/2023 14:00:49	Change Long date format
19/06/2023 14:00:49	Finish Change Local Settings
19/06/2023 14:00:49	Registry Read: Path=SOFTWARE\WEHA\Aplikasi\3
19/06/2023 14:00:49	Registry Read/Write
19/06/2023 14:00:49	Registry Read: Path=SOFTWARE\WEHA\Aplikasi\3
19/06/2023 14:00:49	Registry Read:Fail
19/06/2023 14:00:49	Setting DB Param
19/06/2023 14:00:49	Create DB Object
19/06/2023 14:00:49	Init DB
19/06/2023 14:00:51	Error Create DB Connection
19/06/2023 14:00:54	Change Db Connection to :Provider=MSDASQL.1
19/06/2023 14:00:54	Finish Create DB Connection
19/06/2023 14:00:54	Get File Version
19/06/2023 14:00:54	Change  Caption
19/06/2023 14:00:54	Init Shortkey
19/06/2023 14:00:55	Form Check :Setting
19/06/2023 14:00:55	Form Open: Setting
19/06/2023 14:01:20	Create DB Object
19/06/2023 14:01:20	Init DB
19/06/2023 14:01:20	Finish Init DB
19/06/2023 14:01:20	Port Check
19/06/2023 14:01:20	Connection Check
19/06/2023 14:01:20	Check Success
19/06/2023 14:01:22	Registry Write: 192.168.10.247,wh_prod,sa,SQLNCLI10
19/06/2023 14:01:22	Registry Read: Path=SOFTWARE\WEHA\Aplikasi\3
19/06/2023 14:01:22	Registry Read:Fail
19/06/2023 14:01:49	Create DB Object
19/06/2023 14:01:49	Init DB
19/06/2023 14:01:49	Finish Init DB
19/06/2023 14:01:56	Update new version check
19/06/2023 14:01:56	Open DB Connection
19/06/2023 14:01:56	SQL :
19/06/2023 14:01:56	Update check version
19/06/2023 14:01:56	Open DB Connection
19/06/2023 14:01:56	SQL :SELECT version FROM wh_application WHERE application_id=(SELECT MAX(application_id) FROM wh_application);
19/06/2023 14:01:56	Start Login
19/06/2023 14:01:56	Open DB Connection
19/06/2023 14:01:56	SQL :EXEC AuthenticateUser 'nanang.andriani','3b5929d0c23006c99522f38746d85dd4';
19/06/2023 14:01:57	SQL :INSERT INTO wh_log (user_id,app_date,app_version,app_version_svr,location_id,company_id,department_id,host_name,ip_address)  VALUES ('nanang.andriani','19/06/2023','6.1.5.23','6.1.5.23',6,2,13,'DESKTOP-88BM05S','192.168.25.214');
19/06/2023 14:01:57	Open DB Connection
19/06/2023 14:01:57	SQL :EXEC GetUserMenu 'nanang.andriani';
19/06/2023 14:01:57	SQL :EXEC GetUserSubMenu 'nanang.andriani','11';
19/06/2023 14:01:57	SQL :EXEC GetUserTreeMenu 'nanang.andriani','1101',@CompanyId=2;
19/06/2023 14:01:57	SQL :EXEC GetUserTreeMenu 'nanang.andriani','1102',@CompanyId=2;
19/06/2023 14:01:58	SQL :EXEC GetUserTreeMenu 'nanang.andriani','1103',@CompanyId=2;
19/06/2023 14:01:58	SQL :EXEC GetUserTreeMenu 'nanang.andriani','1104',@CompanyId=2;
19/06/2023 14:01:58	SQL :EXEC GetUserTreeMenu 'nanang.andriani','1105',@CompanyId=2;
19/06/2023 14:01:58	SQL :EXEC GetUserTreeMenu 'nanang.andriani','1106',@CompanyId=2;
19/06/2023 14:01:58	SQL :EXEC GetUserTreeMenu 'nanang.andriani','1107',@CompanyId=2;
19/06/2023 14:01:58	SQL :EXEC GetUserTreeMenu 'nanang.andriani','1108',@CompanyId=2;
19/06/2023 14:01:58	SQL :EXEC GetUserTreeMenu 'nanang.andriani','1109',@CompanyId=2;
19/06/2023 14:01:58	SQL :EXEC GetUserTreeMenu 'nanang.andriani','1110',@CompanyId=2;
19/06/2023 14:01:58	SQL :EXEC GetUserTreeMenu 'nanang.andriani','1111',@CompanyId=2;
19/06/2023 14:01:58	SQL :EXEC GetUserTreeMenu 'nanang.andriani','1112',@CompanyId=2;
19/06/2023 14:01:58	SQL :EXEC GetUserTreeMenu 'nanang.andriani','1113',@CompanyId=2;
19/06/2023 14:01:58	SQL :EXEC GetUserTreeMenu 'nanang.andriani','1114',@CompanyId=2;
19/06/2023 14:01:58	SQL :EXEC GetUserTreeMenu 'nanang.andriani','1115',@CompanyId=2;
19/06/2023 14:01:58	SQL :EXEC GetUserTreeMenu 'nanang.andriani','1116',@CompanyId=2;
19/06/2023 14:01:58	SQL :EXEC GetUserTreeMenu 'nanang.andriani','1117',@CompanyId=2;
19/06/2023 14:01:58	SQL :EXEC GetUserTreeMenu 'nanang.andriani','1198',@CompanyId=2;
19/06/2023 14:01:58	SQL :EXEC GetUserTreeMenu 'nanang.andriani','1199',@CompanyId=2;
19/06/2023 14:01:58	SQL :EXEC GetUserSubMenu 'nanang.andriani','12';
19/06/2023 14:01:58	SQL :EXEC GetUserTreeMenu 'nanang.andriani','1201',@CompanyId=2;
19/06/2023 14:01:58	SQL :EXEC GetUserTreeMenu 'nanang.andriani','1202',@CompanyId=2;
19/06/2023 14:01:58	SQL :EXEC GetUserTreeMenu 'nanang.andriani','1203',@CompanyId=2;
19/06/2023 14:01:58	SQL :EXEC GetUserTreeMenu 'nanang.andriani','1204',@CompanyId=2;
19/06/2023 14:01:58	SQL :EXEC GetUserTreeMenu 'nanang.andriani','1205',@CompanyId=2;
19/06/2023 14:01:58	SQL :EXEC GetUserTreeMenu 'nanang.andriani','1206',@CompanyId=2;
19/06/2023 14:01:58	SQL :EXEC GetUserTreeMenu 'nanang.andriani','1207',@CompanyId=2;
19/06/2023 14:01:58	SQL :EXEC GetUserSubMenu 'nanang.andriani','13';
19/06/2023 14:01:58	SQL :EXEC GetUserTreeMenu 'nanang.andriani','1301',@CompanyId=2;
19/06/2023 14:01:58	SQL :EXEC GetUserTreeMenu 'nanang.andriani','1302',@CompanyId=2;
19/06/2023 14:01:59	SQL :EXEC GetUserTreeMenu 'nanang.andriani','1303',@CompanyId=2;
19/06/2023 14:01:59	SQL :EXEC GetUserTreeMenu 'nanang.andriani','1304',@CompanyId=2;
19/06/2023 14:01:59	SQL :EXEC GetUserTreeMenu 'nanang.andriani','1305',@CompanyId=2;
19/06/2023 14:01:59	SQL :EXEC GetUserTreeMenu 'nanang.andriani','1306',@CompanyId=2;
19/06/2023 14:01:59	SQL :EXEC GetUserTreeMenu 'nanang.andriani','1307',@CompanyId=2;
19/06/2023 14:01:59	SQL :EXEC GetUserTreeMenu 'nanang.andriani','1308',@CompanyId=2;
19/06/2023 14:01:59	SQL :EXEC GetUserTreeMenu 'nanang.andriani','1309',@CompanyId=2;
19/06/2023 14:01:59	SQL :EXEC GetUserTreeMenu 'nanang.andriani','1310',@CompanyId=2;
19/06/2023 14:01:59	SQL :EXEC GetUserTreeMenu 'nanang.andriani','1311',@CompanyId=2;
19/06/2023 14:01:59	SQL :EXEC GetUserTreeMenu 'nanang.andriani','1312',@CompanyId=2;
19/06/2023 14:01:59	SQL :EXEC GetUserTreeMenu 'nanang.andriani','1313',@CompanyId=2;
19/06/2023 14:01:59	SQL :EXEC GetUserTreeMenu 'nanang.andriani','1314',@CompanyId=2;
19/06/2023 14:01:59	SQL :EXEC GetUserTreeMenu 'nanang.andriani','1315',@CompanyId=2;
19/06/2023 14:01:59	SQL :EXEC GetUserTreeMenu 'nanang.andriani','1316',@CompanyId=2;
19/06/2023 14:01:59	SQL :EXEC GetUserTreeMenu 'nanang.andriani','1317',@CompanyId=2;
19/06/2023 14:01:59	SQL :EXEC GetUserTreeMenu 'nanang.andriani','1318',@CompanyId=2;
19/06/2023 14:01:59	SQL :EXEC GetUserTreeMenu 'nanang.andriani','1319',@CompanyId=2;
19/06/2023 14:01:59	SQL :EXEC GetUserTreeMenu 'nanang.andriani','1320',@CompanyId=2;
19/06/2023 14:01:59	SQL :EXEC GetUserTreeMenu 'nanang.andriani','1321',@CompanyId=2;
19/06/2023 14:01:59	SQL :EXEC GetUserTreeMenu 'nanang.andriani','1322',@CompanyId=2;
19/06/2023 14:01:59	SQL :EXEC GetUserSubMenu 'nanang.andriani','14';
19/06/2023 14:01:59	SQL :EXEC GetUserTreeMenu 'nanang.andriani','1401',@CompanyId=2;
19/06/2023 14:01:59	SQL :EXEC GetUserTreeMenu 'nanang.andriani','1402',@CompanyId=2;
19/06/2023 14:01:59	SQL :EXEC GetUserTreeMenu 'nanang.andriani','1403',@CompanyId=2;
19/06/2023 14:01:59	SQL :EXEC GetUserTreeMenu 'nanang.andriani','1404',@CompanyId=2;
19/06/2023 14:01:59	SQL :EXEC GetUserTreeMenu 'nanang.andriani','1406',@CompanyId=2;
19/06/2023 14:01:59	SQL :EXEC GetUserTreeMenu 'nanang.andriani','1408',@CompanyId=2;
19/06/2023 14:01:59	SQL :EXEC GetUserTreeMenu 'nanang.andriani','1410',@CompanyId=2;
19/06/2023 14:01:59	SQL :EXEC GetUserTreeMenu 'nanang.andriani','1411',@CompanyId=2;
19/06/2023 14:01:59	SQL :EXEC GetUserTreeMenu 'nanang.andriani','1412',@CompanyId=2;
19/06/2023 14:01:59	SQL :EXEC GetUserTreeMenu 'nanang.andriani','1413',@CompanyId=2;
19/06/2023 14:01:59	SQL :EXEC GetUserTreeMenu 'nanang.andriani','1414',@CompanyId=2;
19/06/2023 14:01:59	SQL :EXEC GetUserSubMenu 'nanang.andriani','15';
19/06/2023 14:01:59	SQL :EXEC GetUserTreeMenu 'nanang.andriani','1501',@CompanyId=2;
19/06/2023 14:01:59	SQL :EXEC GetUserTreeMenu 'nanang.andriani','1502',@CompanyId=2;
19/06/2023 14:01:59	SQL :EXEC GetUserTreeMenu 'nanang.andriani','1503',@CompanyId=2;
19/06/2023 14:01:59	SQL :EXEC GetUserTreeMenu 'nanang.andriani','1504',@CompanyId=2;
19/06/2023 14:01:59	SQL :EXEC GetUserTreeMenu 'nanang.andriani','1505',@CompanyId=2;
19/06/2023 14:01:59	SQL :EXEC GetUserTreeMenu 'nanang.andriani','1506',@CompanyId=2;
19/06/2023 14:01:59	SQL :EXEC GetUserTreeMenu 'nanang.andriani','1507',@CompanyId=2;
19/06/2023 14:02:00	SQL :EXEC GetUserTreeMenu 'nanang.andriani','1508',@CompanyId=2;
19/06/2023 14:02:00	SQL :EXEC GetUserTreeMenu 'nanang.andriani','1509',@CompanyId=2;
19/06/2023 14:02:00	SQL :EXEC GetUserTreeMenu 'nanang.andriani','1510',@CompanyId=2;
19/06/2023 14:02:00	SQL :EXEC GetUserTreeMenu 'nanang.andriani','1511',@CompanyId=2;
19/06/2023 14:02:00	SQL :EXEC GetUserSubMenu 'nanang.andriani','16';
19/06/2023 14:02:00	SQL :EXEC GetUserTreeMenu 'nanang.andriani','1601',@CompanyId=2;
19/06/2023 14:02:00	SQL :EXEC GetUserTreeMenu 'nanang.andriani','1602',@CompanyId=2;
19/06/2023 14:02:00	SQL :EXEC GetUserTreeMenu 'nanang.andriani','1603',@CompanyId=2;
19/06/2023 14:02:00	SQL :EXEC GetUserTreeMenu 'nanang.andriani','1604',@CompanyId=2;
19/06/2023 14:02:00	SQL :EXEC GetUserTreeMenu 'nanang.andriani','1605',@CompanyId=2;
19/06/2023 14:02:00	SQL :EXEC GetUserTreeMenu 'nanang.andriani','1606',@CompanyId=2;
19/06/2023 14:02:00	SQL :EXEC GetUserTreeMenu 'nanang.andriani','1607',@CompanyId=2;
19/06/2023 14:02:00	SQL :EXEC GetUserTreeMenu 'nanang.andriani','1608',@CompanyId=2;
19/06/2023 14:02:00	SQL :EXEC GetUserTreeMenu 'nanang.andriani','1609',@CompanyId=2;
19/06/2023 14:02:00	SQL :EXEC GetUserTreeMenu 'nanang.andriani','1610',@CompanyId=2;
19/06/2023 14:02:00	SQL :EXEC GetUserTreeMenu 'nanang.andriani','1611',@CompanyId=2;
19/06/2023 14:02:00	SQL :EXEC GetUserTreeMenu 'nanang.andriani','1612',@CompanyId=2;
19/06/2023 14:02:00	SQL :EXEC GetUserTreeMenu 'nanang.andriani','1613',@CompanyId=2;
19/06/2023 14:02:00	SQL :EXEC GetUserTreeMenu 'nanang.andriani','1614',@CompanyId=2;
19/06/2023 14:02:00	SQL :EXEC GetUserTreeMenu 'nanang.andriani','1615',@CompanyId=2;
19/06/2023 14:02:00	SQL :EXEC GetUserTreeMenu 'nanang.andriani','1616',@CompanyId=2;
19/06/2023 14:02:00	SQL :EXEC GetUserTreeMenu 'nanang.andriani','1619',@CompanyId=2;
19/06/2023 14:02:00	SQL :EXEC GetUserTreeMenu 'nanang.andriani','1620',@CompanyId=2;
19/06/2023 14:02:00	SQL :EXEC GetUserSubMenu 'nanang.andriani','17';
19/06/2023 14:02:00	SQL :EXEC GetUserTreeMenu 'nanang.andriani','1701',@CompanyId=2;
19/06/2023 14:02:00	SQL :EXEC GetUserTreeMenu 'nanang.andriani','1702',@CompanyId=2;
19/06/2023 14:02:00	SQL :EXEC GetUserTreeMenu 'nanang.andriani','1703',@CompanyId=2;
19/06/2023 14:02:00	SQL :EXEC GetUserTreeMenu 'nanang.andriani','1704',@CompanyId=2;
19/06/2023 14:02:00	SQL :EXEC GetUserTreeMenu 'nanang.andriani','1705',@CompanyId=2;
19/06/2023 14:02:00	SQL :EXEC GetUserTreeMenu 'nanang.andriani','1706',@CompanyId=2;
19/06/2023 14:02:00	SQL :EXEC GetUserTreeMenu 'nanang.andriani','1707',@CompanyId=2;
19/06/2023 14:02:00	SQL :EXEC GetUserTreeMenu 'nanang.andriani','1708',@CompanyId=2;
19/06/2023 14:02:00	SQL :EXEC GetUserTreeMenu 'nanang.andriani','1709',@CompanyId=2;
19/06/2023 14:02:00	SQL :EXEC GetUserTreeMenu 'nanang.andriani','1710',@CompanyId=2;
19/06/2023 14:02:00	SQL :EXEC GetUserTreeMenu 'nanang.andriani','1711',@CompanyId=2;
19/06/2023 14:02:00	SQL :EXEC GetUserTreeMenu 'nanang.andriani','1712',@CompanyId=2;
19/06/2023 14:02:00	SQL :EXEC GetUserTreeMenu 'nanang.andriani','1713',@CompanyId=2;
19/06/2023 14:02:00	SQL :EXEC GetUserTreeMenu 'nanang.andriani','1714',@CompanyId=2;
19/06/2023 14:02:00	SQL :EXEC GetUserTreeMenu 'nanang.andriani','1715',@CompanyId=2;
19/06/2023 14:02:00	SQL :EXEC GetUserTreeMenu 'nanang.andriani','1716',@CompanyId=2;
19/06/2023 14:02:00	SQL :EXEC GetUserTreeMenu 'nanang.andriani','1717',@CompanyId=2;
19/06/2023 14:02:00	SQL :EXEC GetUserSubMenu 'nanang.andriani','18';
19/06/2023 14:02:00	SQL :EXEC GetUserTreeMenu 'nanang.andriani','1801',@CompanyId=2;
19/06/2023 14:02:01	SQL :EXEC GetUserSubMenu 'nanang.andriani','19';
19/06/2023 14:02:01	SQL :EXEC GetUserTreeMenu 'nanang.andriani','1901',@CompanyId=2;
19/06/2023 14:02:01	SQL :EXEC GetUserTreeMenu 'nanang.andriani','1902',@CompanyId=2;
19/06/2023 14:02:01	SQL :EXEC GetUserTreeMenu 'nanang.andriani','1903',@CompanyId=2;
19/06/2023 14:02:01	SQL :EXEC GetUserTreeMenu 'nanang.andriani','1904',@CompanyId=2;
19/06/2023 14:02:01	SQL :EXEC GetUserTreeMenu 'nanang.andriani','1905',@CompanyId=2;
19/06/2023 14:02:01	SQL :EXEC GetUserTreeMenu 'nanang.andriani','1906',@CompanyId=2;
19/06/2023 14:02:01	SQL :EXEC GetUserTreeMenu 'nanang.andriani','1907',@CompanyId=2;
19/06/2023 14:02:01	SQL :EXEC GetUserTreeMenu 'nanang.andriani','1908',@CompanyId=2;
19/06/2023 14:02:01	SQL :EXEC GetUserTreeMenu 'nanang.andriani','1909',@CompanyId=2;
19/06/2023 14:02:01	SQL :EXEC GetUserTreeMenu 'nanang.andriani','1910',@CompanyId=2;
19/06/2023 14:02:01	SQL :EXEC GetUserTreeMenu 'nanang.andriani','1911',@CompanyId=2;
19/06/2023 14:02:01	SQL :EXEC GetUserTreeMenu 'nanang.andriani','1912',@CompanyId=2;
19/06/2023 14:02:01	SQL :SELECT CONVERT(VARCHAR(8),GETDATE(),108) AS hour_minute;
19/06/2023 14:02:01	SQL :SELECT CONVERT(VARCHAR(10),GETDATE(),103) AS date_time;
19/06/2023 14:02:01	Loading Setting
19/06/2023 14:02:01	Open DB Connection
19/06/2023 14:02:01	SQL :SELECT * FROM wh_setting WHERE setting_name='Hold_Less_Deposit';
19/06/2023 14:02:01	SQL :SELECT * FROM wh_setting WHERE setting_name='Max_Less_Deposit';
19/06/2023 14:02:01	SQL :SELECT * FROM wh_setting WHERE setting_name='Dashboard_2';
19/06/2023 14:02:01	Finish Logging
19/06/2023 14:02:01	SQL :SELECT value_string FROM wh_setting WHERE (setting_name='Interval_CheckInDate') AND (active=1);
19/06/2023 14:02:01	SQL :SELECT value_string FROM wh_setting WHERE (setting_name='Interval_CheckInTime') AND (active=1);
19/06/2023 14:02:01	SQL :SELECT value_string FROM wh_setting WHERE (setting_name='ChatEnable') and (active=1);
19/06/2023 14:02:02	Message:Port Check
19/06/2023 14:02:02	Message:Open DB Connection
19/06/2023 14:02:02	SQL :EXEC GetMessage '01','nanang.andriani';
19/06/2023 14:02:02	SQL :SELECT CONVERT(VARCHAR(8),GETDATE(),108) AS hour_minute;
19/06/2023 14:02:02	SQL :SELECT CONVERT(VARCHAR(10),GETDATE(),103) AS date_time;
19/06/2023 14:02:25	Open Menu :190507
19/06/2023 14:02:25	Open DB Connection
19/06/2023 14:02:25	SQL :EXEC AuthMenu 'nanang.andriani',190507;
19/06/2023 14:02:25	Form Check :BusRunningDaysminiRpt
19/06/2023 14:02:25	Form Open: BusRunningDaysMiniRpt=,0
19/06/2023 14:02:25	Open DB Connection
19/06/2023 14:02:25	SQL :EXEC GetCompanyLocationList
19/06/2023 14:02:25	SQL :EXEC GetUserRDLocationList @UserName='nanang.andriani' ;
19/06/2023 14:02:25	SQL :EXEC GetGroup 2;
19/06/2023 14:02:25	Open DB Connection
19/06/2023 14:02:27	Open DB Connection
19/06/2023 14:02:29	Open DB Connection
19/06/2023 14:02:29	SQL :SELECT * FROM wh_setting WHERE (setting_name='ServiceBerkala_as_PKB_2') AND (active=1);
19/06/2023 14:02:29	Open DB Connection
19/06/2023 14:02:29	SQL :EXEC GetVhcList 6,@CompanyId=2,@BatchId=6,@Seat=29,@OrderBy='category, category_sequence_number,h.vhc_batch_id,seat,license_plate',@ShowBatch=1,@isOutsideRent=0,@Dates='2023/06/30';
19/06/2023 14:02:29	SQL :EXEC GetRunningDaysDetail 'BS221070063',@FromDate='2023-06-01',@ToDate='2023-06-30', @CompanyId=2;
19/06/2023 14:02:29	SQL :EXEC GetRunningDaysDetail 'BS221070060',@FromDate='2023-06-01',@ToDate='2023-06-30', @CompanyId=2;
19/06/2023 14:02:29	SQL :EXEC GetRunningDaysDetail 'BS220080008',@FromDate='2023-06-01',@ToDate='2023-06-30', @CompanyId=2;
19/06/2023 14:02:30	SQL :EXEC GetRunningDaysDetail 'BS220080009',@FromDate='2023-06-01',@ToDate='2023-06-30', @CompanyId=2;
19/06/2023 14:02:30	SQL :EXEC GetRunningDaysDetail 'BS221070061',@FromDate='2023-06-01',@ToDate='2023-06-30', @CompanyId=2;
19/06/2023 14:02:30	SQL :EXEC GetRunningDaysDetail 'BS221070041',@FromDate='2023-06-01',@ToDate='2023-06-30', @CompanyId=2;
19/06/2023 14:02:30	SQL :EXEC GetRunningDaysDetail 'BS221070064',@FromDate='2023-06-01',@ToDate='2023-06-30', @CompanyId=2;
19/06/2023 14:02:30	SQL :EXEC GetRunningDaysDetail 'BS220080007',@FromDate='2023-06-01',@ToDate='2023-06-30', @CompanyId=2;
19/06/2023 14:02:30	SQL :EXEC GetRunningDaysDetail 'BS220080006',@FromDate='2023-06-01',@ToDate='2023-06-30', @CompanyId=2;
19/06/2023 14:02:30	SQL :EXEC GetRunningDaysDetail 'BS220080010',@FromDate='2023-06-01',@ToDate='2023-06-30', @CompanyId=2;
19/06/2023 14:02:30	SQL :EXEC GetRunningDaysDetail 'BS221070068',@FromDate='2023-06-01',@ToDate='2023-06-30', @CompanyId=2;
19/06/2023 14:02:30	SQL :EXEC GetRunningDaysDetail 'BS221070062',@FromDate='2023-06-01',@ToDate='2023-06-30', @CompanyId=2;
19/06/2023 14:02:30	SQL :EXEC GetRunningDaysDetail 'BS221070069',@FromDate='2023-06-01',@ToDate='2023-06-30', @CompanyId=2;
19/06/2023 14:02:30	SQL :EXEC GetRunningDaysDetail 'BS221070066',@FromDate='2023-06-01',@ToDate='2023-06-30', @CompanyId=2;
19/06/2023 14:02:30	SQL :EXEC GetRunningDaysDetail 'BS221070067',@FromDate='2023-06-01',@ToDate='2023-06-30', @CompanyId=2;
19/06/2023 14:02:30	Open DB Connection
19/06/2023 14:02:30	SQL :select id from wh_dashboard_persentase_day where company_id=2 and vhc_batch_id=6 and seat=29 and date='2023/6/1'
19/06/2023 14:02:31	SQL :UPDATE wh_dashboard_persentase_day SET date='2023/6/1',company_id=2,vhc_batch_id=6,seat=29,tot_perbaikan=6,created_date=GETDATE() WHERE company_id=2 and vhc_batch_id=6 and seat=29 and date='2023/6/1'
19/06/2023 14:02:31	Open DB Connection
19/06/2023 14:02:31	SQL :select id from wh_dashboard_persentase_day where company_id=2 and vhc_batch_id=6 and seat=29 and date='2023/6/2'
19/06/2023 14:02:31	SQL :UPDATE wh_dashboard_persentase_day SET date='2023/6/2',company_id=2,vhc_batch_id=6,seat=29,tot_perbaikan=5,created_date=GETDATE() WHERE company_id=2 and vhc_batch_id=6 and seat=29 and date='2023/6/2'
19/06/2023 14:02:31	Open DB Connection
19/06/2023 14:02:31	SQL :select id from wh_dashboard_persentase_day where company_id=2 and vhc_batch_id=6 and seat=29 and date='2023/6/3'
19/06/2023 14:02:31	SQL :UPDATE wh_dashboard_persentase_day SET date='2023/6/3',company_id=2,vhc_batch_id=6,seat=29,tot_perbaikan=2,created_date=GETDATE() WHERE company_id=2 and vhc_batch_id=6 and seat=29 and date='2023/6/3'
19/06/2023 14:02:31	Open DB Connection
19/06/2023 14:02:31	SQL :select id from wh_dashboard_persentase_day where company_id=2 and vhc_batch_id=6 and seat=29 and date='2023/6/4'
19/06/2023 14:02:31	SQL :UPDATE wh_dashboard_persentase_day SET date='2023/6/4',company_id=2,vhc_batch_id=6,seat=29,tot_perbaikan=5,created_date=GETDATE() WHERE company_id=2 and vhc_batch_id=6 and seat=29 and date='2023/6/4'
19/06/2023 14:02:31	Open DB Connection
19/06/2023 14:02:31	SQL :select id from wh_dashboard_persentase_day where company_id=2 and vhc_batch_id=6 and seat=29 and date='2023/6/5'
19/06/2023 14:02:31	SQL :UPDATE wh_dashboard_persentase_day SET date='2023/6/5',company_id=2,vhc_batch_id=6,seat=29,tot_perbaikan=3,created_date=GETDATE() WHERE company_id=2 and vhc_batch_id=6 and seat=29 and date='2023/6/5'
19/06/2023 14:02:31	Open DB Connection
19/06/2023 14:02:31	SQL :select id from wh_dashboard_persentase_day where company_id=2 and vhc_batch_id=6 and seat=29 and date='2023/6/6'
19/06/2023 14:02:31	SQL :UPDATE wh_dashboard_persentase_day SET date='2023/6/6',company_id=2,vhc_batch_id=6,seat=29,tot_perbaikan=3,created_date=GETDATE() WHERE company_id=2 and vhc_batch_id=6 and seat=29 and date='2023/6/6'
19/06/2023 14:02:31	Open DB Connection
19/06/2023 14:02:31	SQL :select id from wh_dashboard_persentase_day where company_id=2 and vhc_batch_id=6 and seat=29 and date='2023/6/7'
19/06/2023 14:02:31	SQL :UPDATE wh_dashboard_persentase_day SET date='2023/6/7',company_id=2,vhc_batch_id=6,seat=29,tot_perbaikan=3,created_date=GETDATE() WHERE company_id=2 and vhc_batch_id=6 and seat=29 and date='2023/6/7'
19/06/2023 14:02:31	Open DB Connection
19/06/2023 14:02:31	SQL :select id from wh_dashboard_persentase_day where company_id=2 and vhc_batch_id=6 and seat=29 and date='2023/6/8'
19/06/2023 14:02:31	SQL :UPDATE wh_dashboard_persentase_day SET date='2023/6/8',company_id=2,vhc_batch_id=6,seat=29,tot_perbaikan=3,created_date=GETDATE() WHERE company_id=2 and vhc_batch_id=6 and seat=29 and date='2023/6/8'
19/06/2023 14:02:31	Open DB Connection
19/06/2023 14:02:31	SQL :select id from wh_dashboard_persentase_day where company_id=2 and vhc_batch_id=6 and seat=29 and date='2023/6/9'
19/06/2023 14:02:31	SQL :UPDATE wh_dashboard_persentase_day SET date='2023/6/9',company_id=2,vhc_batch_id=6,seat=29,tot_perbaikan=3,created_date=GETDATE() WHERE company_id=2 and vhc_batch_id=6 and seat=29 and date='2023/6/9'
19/06/2023 14:02:31	Open DB Connection
19/06/2023 14:02:31	SQL :select id from wh_dashboard_persentase_day where company_id=2 and vhc_batch_id=6 and seat=29 and date='2023/6/10'
19/06/2023 14:02:31	SQL :UPDATE wh_dashboard_persentase_day SET date='2023/6/10',company_id=2,vhc_batch_id=6,seat=29,tot_perbaikan=7,created_date=GETDATE() WHERE company_id=2 and vhc_batch_id=6 and seat=29 and date='2023/6/10'
19/06/2023 14:02:31	Open DB Connection
19/06/2023 14:02:31	SQL :select id from wh_dashboard_persentase_day where company_id=2 and vhc_batch_id=6 and seat=29 and date='2023/6/11'
19/06/2023 14:02:31	SQL :UPDATE wh_dashboard_persentase_day SET date='2023/6/11',company_id=2,vhc_batch_id=6,seat=29,tot_perbaikan=8,created_date=GETDATE() WHERE company_id=2 and vhc_batch_id=6 and seat=29 and date='2023/6/11'
19/06/2023 14:02:31	Open DB Connection
19/06/2023 14:02:31	SQL :select id from wh_dashboard_persentase_day where company_id=2 and vhc_batch_id=6 and seat=29 and date='2023/6/12'
19/06/2023 14:02:32	SQL :UPDATE wh_dashboard_persentase_day SET date='2023/6/12',company_id=2,vhc_batch_id=6,seat=29,tot_perbaikan=3,created_date=GETDATE() WHERE company_id=2 and vhc_batch_id=6 and seat=29 and date='2023/6/12'
19/06/2023 14:02:32	Open DB Connection
19/06/2023 14:02:32	SQL :select id from wh_dashboard_persentase_day where company_id=2 and vhc_batch_id=6 and seat=29 and date='2023/6/13'
19/06/2023 14:02:32	SQL :UPDATE wh_dashboard_persentase_day SET date='2023/6/13',company_id=2,vhc_batch_id=6,seat=29,tot_perbaikan=3,created_date=GETDATE() WHERE company_id=2 and vhc_batch_id=6 and seat=29 and date='2023/6/13'
19/06/2023 14:02:32	Open DB Connection
19/06/2023 14:02:32	SQL :select id from wh_dashboard_persentase_day where company_id=2 and vhc_batch_id=6 and seat=29 and date='2023/6/14'
19/06/2023 14:02:32	SQL :UPDATE wh_dashboard_persentase_day SET date='2023/6/14',company_id=2,vhc_batch_id=6,seat=29,tot_perbaikan=3,created_date=GETDATE() WHERE company_id=2 and vhc_batch_id=6 and seat=29 and date='2023/6/14'
19/06/2023 14:02:32	Open DB Connection
19/06/2023 14:02:32	SQL :select id from wh_dashboard_persentase_day where company_id=2 and vhc_batch_id=6 and seat=29 and date='2023/6/15'
19/06/2023 14:02:32	SQL :UPDATE wh_dashboard_persentase_day SET date='2023/6/15',company_id=2,vhc_batch_id=6,seat=29,tot_perbaikan=2,created_date=GETDATE() WHERE company_id=2 and vhc_batch_id=6 and seat=29 and date='2023/6/15'
19/06/2023 14:02:32	Open DB Connection
19/06/2023 14:02:32	SQL :select id from wh_dashboard_persentase_day where company_id=2 and vhc_batch_id=6 and seat=29 and date='2023/6/16'
19/06/2023 14:02:32	SQL :UPDATE wh_dashboard_persentase_day SET date='2023/6/16',company_id=2,vhc_batch_id=6,seat=29,tot_perbaikan=3,created_date=GETDATE() WHERE company_id=2 and vhc_batch_id=6 and seat=29 and date='2023/6/16'
19/06/2023 14:02:32	Open DB Connection
19/06/2023 14:02:32	SQL :select id from wh_dashboard_persentase_day where company_id=2 and vhc_batch_id=6 and seat=29 and date='2023/6/17'
19/06/2023 14:02:32	SQL :UPDATE wh_dashboard_persentase_day SET date='2023/6/17',company_id=2,vhc_batch_id=6,seat=29,tot_perbaikan=4,created_date=GETDATE() WHERE company_id=2 and vhc_batch_id=6 and seat=29 and date='2023/6/17'
19/06/2023 14:02:32	Open DB Connection
19/06/2023 14:02:32	SQL :select id from wh_dashboard_persentase_day where company_id=2 and vhc_batch_id=6 and seat=29 and date='2023/6/18'
19/06/2023 14:02:32	SQL :UPDATE wh_dashboard_persentase_day SET date='2023/6/18',company_id=2,vhc_batch_id=6,seat=29,tot_perbaikan=5,created_date=GETDATE() WHERE company_id=2 and vhc_batch_id=6 and seat=29 and date='2023/6/18'
19/06/2023 14:02:32	Open DB Connection
19/06/2023 14:02:32	SQL :select id from wh_dashboard_persentase_day where company_id=2 and vhc_batch_id=6 and seat=29 and date='2023/6/19'
19/06/2023 14:02:32	SQL :UPDATE wh_dashboard_persentase_day SET date='2023/6/19',company_id=2,vhc_batch_id=6,seat=29,tot_perbaikan=4,created_date=GETDATE() WHERE company_id=2 and vhc_batch_id=6 and seat=29 and date='2023/6/19'
19/06/2023 14:02:32	Open DB Connection
19/06/2023 14:02:32	SQL :select id from wh_dashboard_persentase_day where company_id=2 and vhc_batch_id=6 and seat=29 and date='2023/6/20'
19/06/2023 14:02:32	SQL :UPDATE wh_dashboard_persentase_day SET date='2023/6/20',company_id=2,vhc_batch_id=6,seat=29,tot_perbaikan=4,created_date=GETDATE() WHERE company_id=2 and vhc_batch_id=6 and seat=29 and date='2023/6/20'
19/06/2023 14:02:32	Open DB Connection
19/06/2023 14:02:32	SQL :select id from wh_dashboard_persentase_day where company_id=2 and vhc_batch_id=6 and seat=29 and date='2023/6/21'
19/06/2023 14:02:33	SQL :UPDATE wh_dashboard_persentase_day SET date='2023/6/21',company_id=2,vhc_batch_id=6,seat=29,tot_perbaikan=5,created_date=GETDATE() WHERE company_id=2 and vhc_batch_id=6 and seat=29 and date='2023/6/21'
19/06/2023 14:02:33	Open DB Connection
19/06/2023 14:02:33	SQL :select id from wh_dashboard_persentase_day where company_id=2 and vhc_batch_id=6 and seat=29 and date='2023/6/22'
19/06/2023 14:02:33	SQL :UPDATE wh_dashboard_persentase_day SET date='2023/6/22',company_id=2,vhc_batch_id=6,seat=29,tot_perbaikan=4,created_date=GETDATE() WHERE company_id=2 and vhc_batch_id=6 and seat=29 and date='2023/6/22'
19/06/2023 14:02:33	Open DB Connection
19/06/2023 14:02:33	SQL :select id from wh_dashboard_persentase_day where company_id=2 and vhc_batch_id=6 and seat=29 and date='2023/6/23'
19/06/2023 14:02:33	SQL :UPDATE wh_dashboard_persentase_day SET date='2023/6/23',company_id=2,vhc_batch_id=6,seat=29,tot_perbaikan=4,created_date=GETDATE() WHERE company_id=2 and vhc_batch_id=6 and seat=29 and date='2023/6/23'
19/06/2023 14:02:33	Open DB Connection
19/06/2023 14:02:33	SQL :select id from wh_dashboard_persentase_day where company_id=2 and vhc_batch_id=6 and seat=29 and date='2023/6/24'
19/06/2023 14:02:33	SQL :UPDATE wh_dashboard_persentase_day SET date='2023/6/24',company_id=2,vhc_batch_id=6,seat=29,tot_perbaikan=6,created_date=GETDATE() WHERE company_id=2 and vhc_batch_id=6 and seat=29 and date='2023/6/24'
19/06/2023 14:02:33	Open DB Connection
19/06/2023 14:02:33	SQL :select id from wh_dashboard_persentase_day where company_id=2 and vhc_batch_id=6 and seat=29 and date='2023/6/25'
19/06/2023 14:02:33	SQL :UPDATE wh_dashboard_persentase_day SET date='2023/6/25',company_id=2,vhc_batch_id=6,seat=29,tot_perbaikan=6,created_date=GETDATE() WHERE company_id=2 and vhc_batch_id=6 and seat=29 and date='2023/6/25'
19/06/2023 14:02:33	Open DB Connection
19/06/2023 14:02:33	SQL :select id from wh_dashboard_persentase_day where company_id=2 and vhc_batch_id=6 and seat=29 and date='2023/6/26'
19/06/2023 14:02:33	SQL :UPDATE wh_dashboard_persentase_day SET date='2023/6/26',company_id=2,vhc_batch_id=6,seat=29,tot_perbaikan=4,created_date=GETDATE() WHERE company_id=2 and vhc_batch_id=6 and seat=29 and date='2023/6/26'
19/06/2023 14:02:33	Open DB Connection
19/06/2023 14:02:33	SQL :select id from wh_dashboard_persentase_day where company_id=2 and vhc_batch_id=6 and seat=29 and date='2023/6/27'
19/06/2023 14:02:33	SQL :UPDATE wh_dashboard_persentase_day SET date='2023/6/27',company_id=2,vhc_batch_id=6,seat=29,tot_perbaikan=4,created_date=GETDATE() WHERE company_id=2 and vhc_batch_id=6 and seat=29 and date='2023/6/27'
19/06/2023 14:02:33	Open DB Connection
19/06/2023 14:02:33	SQL :select id from wh_dashboard_persentase_day where company_id=2 and vhc_batch_id=6 and seat=29 and date='2023/6/28'
19/06/2023 14:02:33	SQL :UPDATE wh_dashboard_persentase_day SET date='2023/6/28',company_id=2,vhc_batch_id=6,seat=29,tot_perbaikan=4,created_date=GETDATE() WHERE company_id=2 and vhc_batch_id=6 and seat=29 and date='2023/6/28'
19/06/2023 14:02:33	Open DB Connection
19/06/2023 14:02:33	SQL :select id from wh_dashboard_persentase_day where company_id=2 and vhc_batch_id=6 and seat=29 and date='2023/6/29'
19/06/2023 14:02:33	SQL :UPDATE wh_dashboard_persentase_day SET date='2023/6/29',company_id=2,vhc_batch_id=6,seat=29,tot_perbaikan=4,created_date=GETDATE() WHERE company_id=2 and vhc_batch_id=6 and seat=29 and date='2023/6/29'
19/06/2023 14:02:33	Open DB Connection
19/06/2023 14:02:33	SQL :select id from wh_dashboard_persentase_day where company_id=2 and vhc_batch_id=6 and seat=29 and date='2023/6/30'
19/06/2023 14:02:33	SQL :UPDATE wh_dashboard_persentase_day SET date='2023/6/30',company_id=2,vhc_batch_id=6,seat=29,tot_perbaikan=4,created_date=GETDATE() WHERE company_id=2 and vhc_batch_id=6 and seat=29 and date='2023/6/30'
19/06/2023 14:02:34	Open DB Connection
19/06/2023 14:02:34	SQL :select id from wh_dashboard_persentase_day where company_id=2 and vhc_batch_id=6 and seat=29 and date='2023/6/1'
19/06/2023 14:02:34	SQL :UPDATE wh_dashboard_persentase_day SET date='2023/6/1',company_id=2,vhc_batch_id=6,seat=29,persentase_jalan=100,created_date=GETDATE() WHERE company_id=2 and vhc_batch_id=6 and seat=29 and date='2023/6/1'
19/06/2023 14:02:34	Open DB Connection
19/06/2023 14:02:34	SQL :select id from wh_dashboard_persentase_day where company_id=2 and vhc_batch_id=6 and seat=29 and date='2023/6/2'
19/06/2023 14:02:34	SQL :UPDATE wh_dashboard_persentase_day SET date='2023/6/2',company_id=2,vhc_batch_id=6,seat=29,persentase_jalan=90,created_date=GETDATE() WHERE company_id=2 and vhc_batch_id=6 and seat=29 and date='2023/6/2'
19/06/2023 14:02:34	Open DB Connection
19/06/2023 14:02:34	SQL :select id from wh_dashboard_persentase_day where company_id=2 and vhc_batch_id=6 and seat=29 and date='2023/6/3'
19/06/2023 14:02:34	SQL :UPDATE wh_dashboard_persentase_day SET date='2023/6/3',company_id=2,vhc_batch_id=6,seat=29,persentase_jalan=100,created_date=GETDATE() WHERE company_id=2 and vhc_batch_id=6 and seat=29 and date='2023/6/3'
19/06/2023 14:02:34	Open DB Connection
19/06/2023 14:02:34	SQL :select id from wh_dashboard_persentase_day where company_id=2 and vhc_batch_id=6 and seat=29 and date='2023/6/4'
19/06/2023 14:02:34	SQL :UPDATE wh_dashboard_persentase_day SET date='2023/6/4',company_id=2,vhc_batch_id=6,seat=29,persentase_jalan=100,created_date=GETDATE() WHERE company_id=2 and vhc_batch_id=6 and seat=29 and date='2023/6/4'
19/06/2023 14:02:34	Open DB Connection
19/06/2023 14:02:34	SQL :select id from wh_dashboard_persentase_day where company_id=2 and vhc_batch_id=6 and seat=29 and date='2023/6/5'
19/06/2023 14:02:34	SQL :UPDATE wh_dashboard_persentase_day SET date='2023/6/5',company_id=2,vhc_batch_id=6,seat=29,persentase_jalan=92,created_date=GETDATE() WHERE company_id=2 and vhc_batch_id=6 and seat=29 and date='2023/6/5'
19/06/2023 14:02:35	Open DB Connection
19/06/2023 14:02:35	SQL :select id from wh_dashboard_persentase_day where company_id=2 and vhc_batch_id=6 and seat=29 and date='2023/6/6'
19/06/2023 14:02:35	SQL :UPDATE wh_dashboard_persentase_day SET date='2023/6/6',company_id=2,vhc_batch_id=6,seat=29,persentase_jalan=100,created_date=GETDATE() WHERE company_id=2 and vhc_batch_id=6 and seat=29 and date='2023/6/6'
19/06/2023 14:02:35	Open DB Connection
19/06/2023 14:02:35	SQL :select id from wh_dashboard_persentase_day where company_id=2 and vhc_batch_id=6 and seat=29 and date='2023/6/7'
19/06/2023 14:02:35	SQL :UPDATE wh_dashboard_persentase_day SET date='2023/6/7',company_id=2,vhc_batch_id=6,seat=29,persentase_jalan=100,created_date=GETDATE() WHERE company_id=2 and vhc_batch_id=6 and seat=29 and date='2023/6/7'
19/06/2023 14:02:35	Open DB Connection
19/06/2023 14:02:35	SQL :select id from wh_dashboard_persentase_day where company_id=2 and vhc_batch_id=6 and seat=29 and date='2023/6/8'
19/06/2023 14:02:35	SQL :UPDATE wh_dashboard_persentase_day SET date='2023/6/8',company_id=2,vhc_batch_id=6,seat=29,persentase_jalan=100,created_date=GETDATE() WHERE company_id=2 and vhc_batch_id=6 and seat=29 and date='2023/6/8'
19/06/2023 14:02:36	Open DB Connection
19/06/2023 14:02:36	SQL :select id from wh_dashboard_persentase_day where company_id=2 and vhc_batch_id=6 and seat=29 and date='2023/6/9'
19/06/2023 14:02:36	SQL :UPDATE wh_dashboard_persentase_day SET date='2023/6/9',company_id=2,vhc_batch_id=6,seat=29,persentase_jalan=100,created_date=GETDATE() WHERE company_id=2 and vhc_batch_id=6 and seat=29 and date='2023/6/9'
19/06/2023 14:02:37	Open DB Connection
19/06/2023 14:02:37	SQL :select id from wh_dashboard_persentase_day where company_id=2 and vhc_batch_id=6 and seat=29 and date='2023/6/10'
19/06/2023 14:02:37	SQL :UPDATE wh_dashboard_persentase_day SET date='2023/6/10',company_id=2,vhc_batch_id=6,seat=29,persentase_jalan=100,created_date=GETDATE() WHERE company_id=2 and vhc_batch_id=6 and seat=29 and date='2023/6/10'
19/06/2023 14:02:38	Open DB Connection
19/06/2023 14:02:38	SQL :select id from wh_dashboard_persentase_day where company_id=2 and vhc_batch_id=6 and seat=29 and date='2023/6/11'
19/06/2023 14:02:38	SQL :UPDATE wh_dashboard_persentase_day SET date='2023/6/11',company_id=2,vhc_batch_id=6,seat=29,persentase_jalan=100,created_date=GETDATE() WHERE company_id=2 and vhc_batch_id=6 and seat=29 and date='2023/6/11'
19/06/2023 14:02:39	Open DB Connection
19/06/2023 14:02:39	SQL :select id from wh_dashboard_persentase_day where company_id=2 and vhc_batch_id=6 and seat=29 and date='2023/6/12'
19/06/2023 14:02:39	SQL :UPDATE wh_dashboard_persentase_day SET date='2023/6/12',company_id=2,vhc_batch_id=6,seat=29,persentase_jalan=100,created_date=GETDATE() WHERE company_id=2 and vhc_batch_id=6 and seat=29 and date='2023/6/12'
19/06/2023 14:02:39	Open DB Connection
19/06/2023 14:02:39	SQL :select id from wh_dashboard_persentase_day where company_id=2 and vhc_batch_id=6 and seat=29 and date='2023/6/13'
19/06/2023 14:02:39	SQL :UPDATE wh_dashboard_persentase_day SET date='2023/6/13',company_id=2,vhc_batch_id=6,seat=29,persentase_jalan=100,created_date=GETDATE() WHERE company_id=2 and vhc_batch_id=6 and seat=29 and date='2023/6/13'
19/06/2023 14:02:39	Open DB Connection
19/06/2023 14:02:39	SQL :select id from wh_dashboard_persentase_day where company_id=2 and vhc_batch_id=6 and seat=29 and date='2023/6/14'
19/06/2023 14:02:39	SQL :UPDATE wh_dashboard_persentase_day SET date='2023/6/14',company_id=2,vhc_batch_id=6,seat=29,persentase_jalan=100,created_date=GETDATE() WHERE company_id=2 and vhc_batch_id=6 and seat=29 and date='2023/6/14'
19/06/2023 14:02:39	Open DB Connection
19/06/2023 14:02:39	SQL :select id from wh_dashboard_persentase_day where company_id=2 and vhc_batch_id=6 and seat=29 and date='2023/6/15'
19/06/2023 14:02:39	SQL :UPDATE wh_dashboard_persentase_day SET date='2023/6/15',company_id=2,vhc_batch_id=6,seat=29,persentase_jalan=100,created_date=GETDATE() WHERE company_id=2 and vhc_batch_id=6 and seat=29 and date='2023/6/15'
19/06/2023 14:02:39	Open DB Connection
19/06/2023 14:02:39	SQL :select id from wh_dashboard_persentase_day where company_id=2 and vhc_batch_id=6 and seat=29 and date='2023/6/16'
19/06/2023 14:02:39	SQL :UPDATE wh_dashboard_persentase_day SET date='2023/6/16',company_id=2,vhc_batch_id=6,seat=29,persentase_jalan=100,created_date=GETDATE() WHERE company_id=2 and vhc_batch_id=6 and seat=29 and date='2023/6/16'
19/06/2023 14:02:39	Open DB Connection
19/06/2023 14:02:39	SQL :select id from wh_dashboard_persentase_day where company_id=2 and vhc_batch_id=6 and seat=29 and date='2023/6/17'
19/06/2023 14:02:40	SQL :UPDATE wh_dashboard_persentase_day SET date='2023/6/17',company_id=2,vhc_batch_id=6,seat=29,persentase_jalan=100,created_date=GETDATE() WHERE company_id=2 and vhc_batch_id=6 and seat=29 and date='2023/6/17'
19/06/2023 14:02:40	Open DB Connection
19/06/2023 14:02:40	SQL :select id from wh_dashboard_persentase_day where company_id=2 and vhc_batch_id=6 and seat=29 and date='2023/6/18'
19/06/2023 14:02:40	SQL :UPDATE wh_dashboard_persentase_day SET date='2023/6/18',company_id=2,vhc_batch_id=6,seat=29,persentase_jalan=60,created_date=GETDATE() WHERE company_id=2 and vhc_batch_id=6 and seat=29 and date='2023/6/18'
19/06/2023 14:02:40	Open DB Connection
19/06/2023 14:02:40	SQL :select id from wh_dashboard_persentase_day where company_id=2 and vhc_batch_id=6 and seat=29 and date='2023/6/19'
19/06/2023 14:02:40	SQL :UPDATE wh_dashboard_persentase_day SET date='2023/6/19',company_id=2,vhc_batch_id=6,seat=29,persentase_jalan=82,created_date=GETDATE() WHERE company_id=2 and vhc_batch_id=6 and seat=29 and date='2023/6/19'
19/06/2023 14:02:40	Open DB Connection
19/06/2023 14:02:40	SQL :select id from wh_dashboard_persentase_day where company_id=2 and vhc_batch_id=6 and seat=29 and date='2023/6/20'
19/06/2023 14:02:40	SQL :UPDATE wh_dashboard_persentase_day SET date='2023/6/20',company_id=2,vhc_batch_id=6,seat=29,persentase_jalan=100,created_date=GETDATE() WHERE company_id=2 and vhc_batch_id=6 and seat=29 and date='2023/6/20'
19/06/2023 14:02:40	Open DB Connection
19/06/2023 14:02:40	SQL :select id from wh_dashboard_persentase_day where company_id=2 and vhc_batch_id=6 and seat=29 and date='2023/6/21'
19/06/2023 14:02:40	SQL :UPDATE wh_dashboard_persentase_day SET date='2023/6/21',company_id=2,vhc_batch_id=6,seat=29,persentase_jalan=80,created_date=GETDATE() WHERE company_id=2 and vhc_batch_id=6 and seat=29 and date='2023/6/21'
19/06/2023 14:02:40	Open DB Connection
19/06/2023 14:02:40	SQL :select id from wh_dashboard_persentase_day where company_id=2 and vhc_batch_id=6 and seat=29 and date='2023/6/22'
19/06/2023 14:02:40	SQL :UPDATE wh_dashboard_persentase_day SET date='2023/6/22',company_id=2,vhc_batch_id=6,seat=29,persentase_jalan=82,created_date=GETDATE() WHERE company_id=2 and vhc_batch_id=6 and seat=29 and date='2023/6/22'
19/06/2023 14:02:40	Open DB Connection
19/06/2023 14:02:40	SQL :select id from wh_dashboard_persentase_day where company_id=2 and vhc_batch_id=6 and seat=29 and date='2023/6/23'
19/06/2023 14:02:40	SQL :UPDATE wh_dashboard_persentase_day SET date='2023/6/23',company_id=2,vhc_batch_id=6,seat=29,persentase_jalan=64,created_date=GETDATE() WHERE company_id=2 and vhc_batch_id=6 and seat=29 and date='2023/6/23'
19/06/2023 14:02:40	Open DB Connection
19/06/2023 14:02:40	SQL :select id from wh_dashboard_persentase_day where company_id=2 and vhc_batch_id=6 and seat=29 and date='2023/6/24'
19/06/2023 14:02:40	SQL :UPDATE wh_dashboard_persentase_day SET date='2023/6/24',company_id=2,vhc_batch_id=6,seat=29,persentase_jalan=67,created_date=GETDATE() WHERE company_id=2 and vhc_batch_id=6 and seat=29 and date='2023/6/24'
19/06/2023 14:02:40	Open DB Connection
19/06/2023 14:02:40	SQL :select id from wh_dashboard_persentase_day where company_id=2 and vhc_batch_id=6 and seat=29 and date='2023/6/25'
19/06/2023 14:02:40	SQL :UPDATE wh_dashboard_persentase_day SET date='2023/6/25',company_id=2,vhc_batch_id=6,seat=29,persentase_jalan=44,created_date=GETDATE() WHERE company_id=2 and vhc_batch_id=6 and seat=29 and date='2023/6/25'
19/06/2023 14:02:40	Open DB Connection
19/06/2023 14:02:40	SQL :select id from wh_dashboard_persentase_day where company_id=2 and vhc_batch_id=6 and seat=29 and date='2023/6/26'
19/06/2023 14:02:40	SQL :UPDATE wh_dashboard_persentase_day SET date='2023/6/26',company_id=2,vhc_batch_id=6,seat=29,persentase_jalan=64,created_date=GETDATE() WHERE company_id=2 and vhc_batch_id=6 and seat=29 and date='2023/6/26'
19/06/2023 14:02:40	Open DB Connection
19/06/2023 14:02:40	SQL :select id from wh_dashboard_persentase_day where company_id=2 and vhc_batch_id=6 and seat=29 and date='2023/6/27'
19/06/2023 14:02:40	SQL :UPDATE wh_dashboard_persentase_day SET date='2023/6/27',company_id=2,vhc_batch_id=6,seat=29,persentase_jalan=64,created_date=GETDATE() WHERE company_id=2 and vhc_batch_id=6 and seat=29 and date='2023/6/27'
19/06/2023 14:02:40	Open DB Connection
19/06/2023 14:02:40	SQL :select id from wh_dashboard_persentase_day where company_id=2 and vhc_batch_id=6 and seat=29 and date='2023/6/28'
19/06/2023 14:02:40	SQL :UPDATE wh_dashboard_persentase_day SET date='2023/6/28',company_id=2,vhc_batch_id=6,seat=29,persentase_jalan=82,created_date=GETDATE() WHERE company_id=2 and vhc_batch_id=6 and seat=29 and date='2023/6/28'
19/06/2023 14:02:40	Open DB Connection
19/06/2023 14:02:40	SQL :select id from wh_dashboard_persentase_day where company_id=2 and vhc_batch_id=6 and seat=29 and date='2023/6/29'
19/06/2023 14:02:40	SQL :UPDATE wh_dashboard_persentase_day SET date='2023/6/29',company_id=2,vhc_batch_id=6,seat=29,persentase_jalan=82,created_date=GETDATE() WHERE company_id=2 and vhc_batch_id=6 and seat=29 and date='2023/6/29'
19/06/2023 14:02:40	Open DB Connection
19/06/2023 14:02:40	SQL :select id from wh_dashboard_persentase_day where company_id=2 and vhc_batch_id=6 and seat=29 and date='2023/6/30'
19/06/2023 14:02:41	SQL :UPDATE wh_dashboard_persentase_day SET date='2023/6/30',company_id=2,vhc_batch_id=6,seat=29,persentase_jalan=91,created_date=GETDATE() WHERE company_id=2 and vhc_batch_id=6 and seat=29 and date='2023/6/30'
19/06/2023 14:09:41	Open Menu :110105
19/06/2023 14:09:41	Open DB Connection
19/06/2023 14:09:41	SQL :EXEC AuthMenu 'nanang.andriani',110105;
19/06/2023 14:09:41	Open DB Connection
19/06/2023 14:09:43	Open DB Connection
19/06/2023 14:09:44	Open DB Connection
19/06/2023 14:09:44	Open DB Connection
19/06/2023 14:09:44	Open DB Connection
19/06/2023 14:10:00	Open Menu :111302
19/06/2023 14:10:00	Open DB Connection
19/06/2023 14:10:00	SQL :EXEC AuthMenu 'nanang.andriani',111302;
19/06/2023 14:10:07	Open Menu :111301
19/06/2023 14:10:07	Open DB Connection
19/06/2023 14:10:07	SQL :EXEC AuthMenu 'nanang.andriani',111301;
19/06/2023 14:10:52	Form Check :OrderForm
19/06/2023 14:10:52	Form Open: SelectBooking=BLCRB23060101  PKBRB23060163,FormRequest=,0
19/06/2023 14:11:27	Open Menu :110106
19/06/2023 14:11:27	Open DB Connection
19/06/2023 14:11:27	SQL :EXEC AuthMenu 'nanang.andriani',110106;
19/06/2023 14:11:27	Open DB Connection
19/06/2023 14:11:29	Open DB Connection
19/06/2023 14:11:30	Open DB Connection
19/06/2023 14:11:30	Open DB Connection
19/06/2023 14:11:30	Open DB Connection
19/06/2023 14:11:31	Open DB Connection
19/06/2023 14:11:46	Open Menu :110104
19/06/2023 14:11:46	Open DB Connection
19/06/2023 14:11:46	SQL :EXEC AuthMenu 'nanang.andriani',110104;
19/06/2023 14:11:46	Open DB Connection
19/06/2023 14:11:49	Open DB Connection
19/06/2023 14:11:49	Open DB Connection
19/06/2023 14:11:49	Open DB Connection
19/06/2023 14:11:49	Open DB Connec19/06/2023 14:18:36	Get Local Settings
19/06/2023 14:18:36	Start Change Local Settings
19/06/2023 14:18:36	Change short date format
19/06/2023 14:18:36	Change Long date format
19/06/2023 14:18:36	Finish Change Local Settings
19/06/2023 14:18:36	Registry Read: Path=SOFTWARE\WEHA\Aplikasi\3
19/06/2023 14:18:36	Registry Read/Write
19/06/2023 14:18:36	Registry Read: Path=SOFTWARE\WEHA\Aplikasi\3
19/06/2023 14:18:36	Registry Read:Fail
19/06/2023 14:18:36	Setting DB Param
19/06/2023 14:18:36	Create DB Object
19/06/2023 14:18:36	Init DB
19/06/2023 14:18:38	Error Create DB Connection
19/06/2023 14:18:41	Change Db Connection to :Provider=MSDASQL.1
19/06/2023 14:18:41	Finish Create DB Connection
19/06/2023 14:18:41	Get File Version
19/06/2023 14:18:41	Change  Caption
19/06/2023 14:18:41	Init Shortkey
19/06/2023 14:18:42	Form Check :Setting
19/06/2023 14:18:42	Form Open: Setting
19/06/2023 14:18:59	Create DB Object
19/06/2023 14:18:59	Init DB
19/06/2023 14:18:59	Finish Init DB
19/06/2023 14:18:59	Port Check
19/06/2023 14:18:59	Connection Check
19/06/2023 14:18:59	Check Success
19/06/2023 14:19:00	Registry Write: 192.168.10.247,wh_prod,sa,SQLNCLI10
19/06/2023 14:19:00	Registry Read: Path=SOFTWARE\WEHA\Aplikasi\3
19/06/2023 14:19:00	Registry Read:Fail
19/06/2023 14:19:02	Create DB Object
19/06/2023 14:19:02	Init DB
19/06/2023 14:19:02	Finish Init DB
19/06/2023 14:19:08	Update new version check
19/06/2023 14:19:08	Open DB Connection
19/06/2023 14:19:08	SQL :
19/06/2023 14:19:08	Update check version
19/06/2023 14:19:08	Open DB Connection
19/06/2023 14:19:08	SQL :SELECT version FROM wh_application WHERE application_id=(SELECT MAX(application_id) FROM wh_application);
19/06/2023 14:19:08	Start Login
19/06/2023 14:19:08	Open DB Connection
19/06/2023 14:19:08	SQL :EXEC AuthenticateUser 'nanang.andriani','3b5929d0c23006c99522f38746d85dd4';
19/06/2023 14:19:08	SQL :INSERT INTO wh_log (user_id,app_date,app_version,app_version_svr,location_id,company_id,department_id,host_name,ip_address)  VALUES ('nanang.andriani','19/06/2023','6.1.5.23','6.1.5.23',6,2,13,'DESKTOP-88BM05S','192.168.25.214');
19/06/2023 14:19:08	Open DB Connection
19/06/2023 14:19:08	SQL :EXEC GetUserMenu 'nanang.andriani';
19/06/2023 14:19:08	SQL :EXEC GetUserSubMenu 'nanang.andriani','11';
19/06/2023 14:19:08	SQL :EXEC GetUserTreeMenu 'nanang.andriani','1101',@CompanyId=2;
19/06/2023 14:19:08	SQL :EXEC GetUserTreeMenu 'nanang.andriani','1102',@CompanyId=2;
19/06/2023 14:19:09	SQL :EXEC GetUserTreeMenu 'nanang.andriani','1103',@CompanyId=2;
19/06/2023 14:19:09	SQL :EXEC GetUserTreeMenu 'nanang.andriani','1104',@CompanyId=2;
19/06/2023 14:19:09	SQL :EXEC GetUserTreeMenu 'nanang.andriani','1105',@CompanyId=2;
19/06/2023 14:19:09	SQL :EXEC GetUserTreeMenu 'nanang.andriani','1106',@CompanyId=2;
19/06/2023 14:19:09	SQL :EXEC GetUserTreeMenu 'nanang.andriani','1107',@CompanyId=2;
19/06/2023 14:19:09	SQL :EXEC GetUserTreeMenu 'nanang.andriani','1108',@CompanyId=2;
19/06/2023 14:19:09	SQL :EXEC GetUserTreeMenu 'nanang.andriani','1109',@CompanyId=2;
19/06/2023 14:19:09	SQL :EXEC GetUserTreeMenu 'nanang.andriani','1110',@CompanyId=2;
19/06/2023 14:19:09	SQL :EXEC GetUserTreeMenu 'nanang.andriani','1111',@CompanyId=2;
19/06/2023 14:19:09	SQL :EXEC GetUserTreeMenu 'nanang.andriani','1112',@CompanyId=2;
19/06/2023 14:19:09	SQL :EXEC GetUserTreeMenu 'nanang.andriani','1113',@CompanyId=2;
19/06/2023 14:19:09	SQL :EXEC GetUserTreeMenu 'nanang.andriani','1114',@CompanyId=2;
19/06/2023 14:19:09	SQL :EXEC GetUserTreeMenu 'nanang.andriani','1115',@CompanyId=2;
19/06/2023 14:19:09	SQL :EXEC GetUserTreeMenu 'nanang.andriani','1116',@CompanyId=2;
19/06/2023 14:19:09	SQL :EXEC GetUserTreeMenu 'nanang.andriani','1117',@CompanyId=2;
19/06/2023 14:19:09	SQL :EXEC GetUserTreeMenu 'nanang.andriani','1198',@CompanyId=2;
19/06/2023 14:19:09	SQL :EXEC GetUserTreeMenu 'nanang.andriani','1199',@CompanyId=2;
19/06/2023 14:19:09	SQL :EXEC GetUserSubMenu 'nanang.andriani','12';
19/06/2023 14:19:09	SQL :EXEC GetUserTreeMenu 'nanang.andriani','1201',@CompanyId=2;
19/06/2023 14:19:09	SQL :EXEC GetUserTreeMenu 'nanang.andriani','1202',@CompanyId=2;
19/06/2023 14:19:09	SQL :EXEC GetUserTreeMenu 'nanang.andriani','1203',@CompanyId=2;
19/06/2023 14:19:09	SQL :EXEC GetUserTreeMenu 'nanang.andriani','1204',@CompanyId=2;
19/06/2023 14:19:10	SQL :EXEC GetUserTreeMenu 'nanang.andriani','1205',@CompanyId=2;
19/06/2023 14:19:10	SQL :EXEC GetUserTreeMenu 'nanang.andriani','1206',@CompanyId=2;
19/06/2023 14:19:10	SQL :EXEC GetUserTreeMenu 'nanang.andriani','1207',@CompanyId=2;
19/06/2023 14:19:10	SQL :EXEC GetUserSubMenu 'nanang.andriani','13';
19/06/2023 14:19:10	SQL :EXEC GetUserTreeMenu 'nanang.andriani','1301',@CompanyId=2;
19/06/2023 14:19:10	SQL :EXEC GetUserTreeMenu 'nanang.andriani','1302',@CompanyId=2;
19/06/2023 14:19:10	SQL :EXEC GetUserTreeMenu 'nanang.andriani','1303',@CompanyId=2;
19/06/2023 14:19:10	SQL :EXEC GetUserTreeMenu 'nanang.andriani','1304',@CompanyId=2;
19/06/2023 14:19:10	SQL :EXEC GetUserTreeMenu 'nanang.andriani','1305',@CompanyId=2;
19/06/2023 14:19:10	SQL :EXEC GetUserTreeMenu 'nanang.andriani','1306',@CompanyId=2;
19/06/2023 14:19:10	SQL :EXEC GetUserTreeMenu 'nanang.andriani','1307',@CompanyId=2;
19/06/2023 14:19:10	SQL :EXEC GetUserTreeMenu 'nanang.andriani','1308',@CompanyId=2;
19/06/2023 14:19:10	SQL :EXEC GetUserTreeMenu 'nanang.andriani','1309',@CompanyId=2;
19/06/2023 14:19:10	SQL :EXEC GetUserTreeMenu 'nanang.andriani','1310',@CompanyId=2;
19/06/2023 14:19:10	SQL :EXEC GetUserTreeMenu 'nanang.andriani','1311',@CompanyId=2;
19/06/2023 14:19:10	SQL :EXEC GetUserTreeMenu 'nanang.andriani','1312',@CompanyId=2;
19/06/2023 14:19:10	SQL :EXEC GetUserTreeMenu 'nanang.andriani','1313',@CompanyId=2;
19/06/2023 14:19:10	SQL :EXEC GetUserTreeMenu 'nanang.andriani','1314',@CompanyId=2;
19/06/2023 14:19:10	SQL :EXEC GetUserTreeMenu 'nanang.andriani','1315',@CompanyId=2;
19/06/2023 14:19:10	SQL :EXEC GetUserTreeMenu 'nanang.andriani','1316',@CompanyId=2;
19/06/2023 14:19:10	SQL :EXEC GetUserTreeMenu 'nanang.andriani','1317',@CompanyId=2;
19/06/2023 14:19:11	SQL :EXEC GetUserTreeMenu 'nanang.andriani','1318',@CompanyId=2;
19/06/2023 14:19:11	SQL :EXEC GetUserTreeMenu 'nanang.andriani','1319',@CompanyId=2;
19/06/2023 14:19:11	SQL :EXEC GetUserTreeMenu 'nanang.andriani','1320',@CompanyId=2;
19/06/2023 14:19:11	SQL :EXEC GetUserTreeMenu 'nanang.andriani','1321',@CompanyId=2;
19/06/2023 14:19:11	SQL :EXEC GetUserTreeMenu 'nanang.andriani','1322',@CompanyId=2;
19/06/2023 14:19:11	SQL :EXEC GetUserSubMenu 'nanang.andriani','14';
19/06/2023 14:19:11	SQL :EXEC GetUserTreeMenu 'nanang.andriani','1401',@CompanyId=2;
19/06/2023 14:19:11	SQL :EXEC GetUserTreeMenu 'nanang.andriani','1402',@CompanyId=2;
19/06/2023 14:19:11	SQL :EXEC GetUserTreeMenu 'nanang.andriani','1403',@CompanyId=2;
19/06/2023 14:19:11	SQL :EXEC GetUserTreeMenu 'nanang.andriani','1404',@CompanyId=2;
19/06/2023 14:19:11	SQL :EXEC GetUserTreeMenu 'nanang.andriani','1406',@CompanyId=2;
19/06/2023 14:19:11	SQL :EXEC GetUserTreeMenu 'nanang.andriani','1408',@CompanyId=2;
19/06/2023 14:19:11	SQL :EXEC GetUserTreeMenu 'nanang.andriani','1410',@CompanyId=2;
19/06/2023 14:19:11	SQL :EXEC GetUserTreeMenu 'nanang.andriani','1411',@CompanyId=2;
19/06/2023 14:19:11	SQL :EXEC GetUserTreeMenu 'nanang.andriani','1412',@CompanyId=2;
19/06/2023 14:19:11	SQL :EXEC GetUserTreeMenu 'nanang.andriani','1413',@CompanyId=2;
19/06/2023 14:19:11	SQL :EXEC GetUserTreeMenu 'nanang.andriani','1414',@CompanyId=2;
19/06/2023 14:19:11	SQL :EXEC GetUserSubMenu 'nanang.andriani','15';
19/06/2023 14:19:11	SQL :EXEC GetUserTreeMenu 'nanang.andriani','1501',@CompanyId=2;
19/06/2023 14:19:11	SQL :EXEC GetUserTreeMenu 'nanang.andriani','1502',@CompanyId=2;
19/06/2023 14:19:11	SQL :EXEC GetUserTreeMenu 'nanang.andriani','1503',@CompanyId=2;
19/06/2023 14:19:11	SQL :EXEC GetUserTreeMenu 'nanang.andriani','1504',@CompanyId=2;
19/06/2023 14:19:11	SQL :EXEC GetUserTreeMenu 'nanang.andriani','1505',@CompanyId=2;
19/06/2023 14:19:12	SQL :EXEC GetUserTreeMenu 'nanang.andriani','1506',@CompanyId=2;
19/06/2023 14:19:12	SQL :EXEC GetUserTreeMenu 'nanang.andriani','1507',@CompanyId=2;
19/06/2023 14:19:12	SQL :EXEC GetUserTreeMenu 'nanang.andriani','1508',@CompanyId=2;
19/06/2023 14:19:12	SQL :EXEC GetUserTreeMenu 'nanang.andriani','1509',@CompanyId=2;
19/06/2023 14:19:12	SQL :EXEC GetUserTreeMenu 'nanang.andriani','1510',@CompanyId=2;
19/06/2023 14:19:12	SQL :EXEC GetUserTreeMenu 'nanang.andriani','1511',@CompanyId=2;
19/06/2023 14:19:12	SQL :EXEC GetUserSubMenu 'nanang.andriani','16';
19/06/2023 14:19:12	SQL :EXEC GetUserTreeMenu 'nanang.andriani','1601',@CompanyId=2;
19/06/2023 14:19:12	SQL :EXEC GetUserTreeMenu 'nanang.andriani','1602',@CompanyId=2;
19/06/2023 14:19:12	SQL :EXEC GetUserTreeMenu 'nanang.andriani','1603',@CompanyId=2;
19/06/2023 14:19:12	SQL :EXEC GetUserTreeMenu 'nanang.andriani','1604',@CompanyId=2;
19/06/2023 14:19:12	SQL :EXEC GetUserTreeMenu 'nanang.andriani','1605',@CompanyId=2;
19/06/2023 14:19:12	SQL :EXEC GetUserTreeMenu 'nanang.andriani','1606',@CompanyId=2;
19/06/2023 14:19:12	SQL :EXEC GetUserTreeMenu 'nanang.andriani','1607',@CompanyId=2;
19/06/2023 14:19:12	SQL :EXEC GetUserTreeMenu 'nanang.andriani','1608',@CompanyId=2;
19/06/2023 14:19:12	SQL :EXEC GetUserTreeMenu 'nanang.andriani','1609',@CompanyId=2;
19/06/2023 14:19:12	SQL :EXEC GetUserTreeMenu 'nanang.andriani','1610',@CompanyId=2;
19/06/2023 14:19:12	SQL :EXEC GetUserTreeMenu 'nanang.andriani','1611',@CompanyId=2;
19/06/2023 14:19:12	SQL :EXEC GetUserTreeMenu 'nanang.andriani','1612',@CompanyId=2;
19/06/2023 14:19:13	SQL :EXEC GetUserTreeMenu 'nanang.andriani','1613',@CompanyId=2;
19/06/2023 14:19:13	SQL :EXEC GetUserTreeMenu 'nanang.andriani','1614',@CompanyId=2;
19/06/2023 14:19:13	SQL :EXEC GetUserTreeMenu 'nanang.andriani','1615',@CompanyId=2;
19/06/2023 14:19:13	SQL :EXEC GetUserTreeMenu 'nanang.andriani','1616',@CompanyId=2;
19/06/2023 14:19:13	SQL :EXEC GetUserTreeMenu 'nanang.andriani','1619',@CompanyId=2;
19/06/2023 14:19:13	SQL :EXEC GetUserTreeMenu 'nanang.andriani','1620',@CompanyId=2;
19/06/2023 14:19:13	SQL :EXEC GetUserSubMenu 'nanang.andriani','17';
19/06/2023 14:19:13	SQL :EXEC GetUserTreeMenu 'nanang.andriani','1701',@CompanyId=2;
19/06/2023 14:19:13	SQL :EXEC GetUserTreeMenu 'nanang.andriani','1702',@CompanyId=2;
19/06/2023 14:19:13	SQL :EXEC GetUserTreeMenu 'nanang.andriani','1703',@CompanyId=2;
19/06/2023 14:19:13	SQL :EXEC GetUserTreeMenu 'nanang.andriani','1704',@CompanyId=2;
19/06/2023 14:19:13	SQL :EXEC GetUserTreeMenu 'nanang.andriani','1705',@CompanyId=2;
19/06/2023 14:19:13	SQL :EXEC GetUserTreeMenu 'nanang.andriani','1706',@CompanyId=2;
19/06/2023 14:19:13	SQL :EXEC GetUserTreeMenu 'nanang.andriani','1707',@CompanyId=2;
19/06/2023 14:19:13	SQL :EXEC GetUserTreeMenu 'nanang.andriani','1708',@CompanyId=2;
19/06/2023 14:19:13	SQL :EXEC GetUserTreeMenu 'nanang.andriani','1709',@CompanyId=2;
19/06/2023 14:19:14	SQL :EXEC GetUserTreeMenu 'nanang.andriani','1710',@CompanyId=2;
19/06/2023 14:19:14	SQL :EXEC GetUserTreeMenu 'nanang.andriani','1711',@CompanyId=2;
19/06/2023 14:19:14	SQL :EXEC GetUserTreeMenu 'nanang.andriani','1712',@CompanyId=2;
19/06/2023 14:19:14	SQL :EXEC GetUserTreeMenu 'nanang.andriani','1713',@CompanyId=2;
19/06/2023 14:19:14	SQL :EXEC GetUserTreeMenu 'nanang.andriani','1714',@CompanyId=2;
19/06/2023 14:19:14	SQL :EXEC GetUserTreeMenu 'nanang.andriani','1715',@CompanyId=2;
19/06/2023 14:19:14	SQL :EXEC GetUserTreeMenu 'nanang.andriani','1716',@CompanyId=2;
19/06/2023 14:19:14	SQL :EXEC GetUserTreeMenu 'nanang.andriani','1717',@CompanyId=2;
19/06/2023 14:19:14	SQL :EXEC GetUserSubMenu 'nanang.andriani','18';
19/06/2023 14:19:14	SQL :EXEC GetUserTreeMenu 'nanang.andriani','1801',@CompanyId=2;
19/06/2023 14:19:14	SQL :EXEC GetUserSubMenu 'nanang.andriani','19';
19/06/2023 14:19:14	SQL :EXEC GetUserTreeMenu 'nanang.andriani','1901',@CompanyId=2;
19/06/2023 14:19:14	SQL :EXEC GetUserTreeMenu 'nanang.andriani','1902',@CompanyId=2;
19/06/2023 14:19:14	SQL :EXEC GetUserTreeMenu 'nanang.andriani','1903',@CompanyId=2;
19/06/2023 14:19:14	SQL :EXEC GetUserTreeMenu 'nanang.andriani','1904',@CompanyId=2;
19/06/2023 14:19:14	SQL :EXEC GetUserTreeMenu 'nanang.andriani','1905',@CompanyId=2;
19/06/2023 14:19:14	SQL :EXEC GetUserTreeMenu 'nanang.andriani','1906',@CompanyId=2;
19/06/2023 14:19:14	SQL :EXEC GetUserTreeMenu 'nanang.andriani','1907',@CompanyId=2;
19/06/2023 14:19:14	SQL :EXEC GetUserTreeMenu 'nanang.andriani','1908',@CompanyId=2;
19/06/2023 14:19:14	SQL :EXEC GetUserTreeMenu 'nanang.andriani','1909',@CompanyId=2;
19/06/2023 14:19:14	SQL :EXEC GetUserTreeMenu 'nanang.andriani','1910',@CompanyId=2;
19/06/2023 14:19:14	SQL :EXEC GetUserTreeMenu 'nanang.andriani','1911',@CompanyId=2;
19/06/2023 14:19:14	SQL :EXEC GetUserTreeMenu 'nanang.andriani','1912',@CompanyId=2;
19/06/2023 14:19:14	SQL :SELECT CONVERT(VARCHAR(8),GETDATE(),108) AS hour_minute;
19/06/2023 14:19:14	SQL :SELECT CONVERT(VARCHAR(10),GETDATE(),103) AS date_time;
19/06/2023 14:19:15	Loading Setting
19/06/2023 14:19:15	Open DB Connection
19/06/2023 14:19:15	SQL :SELECT * FROM wh_setting WHERE setting_name='Hold_Less_Deposit';
19/06/2023 14:19:15	SQL :SELECT * FROM wh_setting WHERE setting_name='Max_Less_Deposit';
19/06/2023 14:19:15	SQL :SELECT * FROM wh_setting WHERE setting_name='Dashboard_2';
19/06/2023 14:19:15	Finish Logging
19/06/2023 14:19:15	SQL :SELECT value_string FROM wh_setting WHERE (setting_name='Interval_CheckInDate') AND (active=1);
19/06/2023 14:19:15	SQL :SELECT value_string FROM wh_setting WHERE (setting_name='Interval_CheckInTime') AND (active=1);
19/06/2023 14:19:15	SQL :SELECT value_string FROM wh_setting WHERE (setting_name='ChatEnable') and (active=1);
19/06/2023 14:19:16	Message:Port Check
19/06/2023 14:19:16	Message:Open DB Connection
19/06/2023 14:19:16	SQL :EXEC GetMessage '01','nanang.andriani';
19/06/2023 14:19:16	SQL :SELECT CONVERT(VARCHAR(8),GETDATE(),108) AS hour_minute;
19/06/2023 14:19:16	SQL :SELECT CONVERT(VARCHAR(10),GETDATE(),103) AS date_time;
19/06/2023 14:19:17	Open Menu :190507
19/06/2023 14:19:17	Open DB Connection
19/06/2023 14:19:17	SQL :EXEC AuthMenu 'nanang.andriani',190507;
19/06/2023 14:19:17	Form Check :BusRunningDaysminiRpt
19/06/2023 14:19:17	Form Open: BusRunningDaysMiniRpt=,0
19/06/2023 14:19:17	Open DB Connection
19/06/2023 14:19:17	SQL :EXEC GetCompanyLocationList
19/06/2023 14:19:17	SQL :EXEC GetUserRDLocationList @UserName='nanang.andriani' ;
19/06/2023 14:19:17	SQL :EXEC GetGroup 2;
19/06/2023 14:19:17	Open DB Connection
19/06/2023 14:19:24	Form Check :ChatClient
19/06/2023 14:19:24	Form Check :AuthorizedForm
19/06/2023 14:19:24	Form Check :RePrintForm
19/06/2023 14:19:24	Form Check :EmployeeSearch
19/06/2023 14:19:24	Form Check :TimeInputForm
19/06/2023 14:19:24	Log Out
19/06/2023 14:19:45	Create DB Object
19/06/2023 14:19:45	Init DB
19/06/2023 14:19:45	Finish Init DB
19/06/2023 14:19:49	Update new version check
19/06/2023 14:19:49	Open DB Connection
19/06/2023 14:19:49	SQL :
19/06/2023 14:19:49	Update check version
19/06/2023 14:19:49	Open DB Connection
19/06/2023 14:19:49	SQL :SELECT version FROM wh_application WHERE application_id=(SELECT MAX(application_id) FROM wh_application);
19/06/2023 14:19:50	Start Login
19/06/2023 14:19:50	Open DB Connection
19/06/2023 14:19:50	SQL :EXEC AuthenticateUser 'iman.nofiq','3b5929d0c23006c99522f38746d85dd4';
19/06/2023 14:19:50	SQL :INSERT INTO wh_log (user_id,app_date,app_version,app_version_svr,location_id,company_id,department_id,host_name,ip_address)  VALUES ('iman.nofiq','19/06/2023','6.1.5.23','6.1.5.23',6,2,00,'DESKTOP-88BM05S','192.168.25.214');
19/06/2023 14:19:50	Open DB Connection
19/06/2023 14:19:50	SQL :EXEC GetUserMenu 'iman.nofiq';
19/06/2023 14:19:50	SQL :EXEC GetUserSubMenu 'iman.nofiq','13';
19/06/2023 14:19:50	SQL :EXEC GetUserTreeMenu 'iman.nofiq','1301',@CompanyId=2;
19/06/2023 14:19:50	SQL :EXEC GetUserTreeMenu 'iman.nofiq','1302',@CompanyId=2;
19/06/2023 14:19:50	SQL :EXEC GetUserTreeMenu 'iman.nofiq','1303',@CompanyId=2;
19/06/2023 14:19:50	SQL :EXEC GetUserTreeMenu 'iman.nofiq','1304',@CompanyId=2;
19/06/2023 14:19:50	SQL :EXEC GetUserTreeMenu 'iman.nofiq','1305',@CompanyId=2;
19/06/2023 14:19:50	SQL :EXEC GetUserTreeMenu 'iman.nofiq','1306',@CompanyId=2;
19/06/2023 14:19:50	SQL :EXEC GetUserTreeMenu 'iman.nofiq','1307',@CompanyId=2;
19/06/2023 14:19:50	SQL :EXEC GetUserTreeMenu 'iman.nofiq','1308',@CompanyId=2;
19/06/2023 14:19:50	SQL :EXEC GetUserTreeMenu 'iman.nofiq','1309',@CompanyId=2;
19/06/2023 14:19:50	SQL :EXEC GetUserTreeMenu 'iman.nofiq','1311',@CompanyId=2;
19/06/2023 14:19:50	SQL :EXEC GetUserTreeMenu 'iman.nofiq','1312',@CompanyId=2;
19/06/2023 14:19:50	SQL :EXEC GetUserTreeMenu 'iman.nofiq','1313',@CompanyId=2;
19/06/2023 14:19:50	SQL :EXEC GetUserTreeMenu 'iman.nofiq','1314',@CompanyId=2;
19/06/2023 14:19:50	SQL :EXEC GetUserTreeMenu 'iman.nofiq','1317',@CompanyId=2;
19/06/2023 14:19:50	SQL :EXEC GetUserTreeMenu 'iman.nofiq','1320',@CompanyId=2;
19/06/2023 14:19:50	SQL :EXEC GetUserTreeMenu 'iman.nofiq','1321',@CompanyId=2;
19/06/2023 14:19:50	SQL :EXEC GetUserSubMenu 'iman.nofiq','15';
19/06/2023 14:19:50	SQL :EXEC GetUserTreeMenu 'iman.nofiq','1503',@CompanyId=2;
19/06/2023 14:19:50	SQL :EXEC GetUserTreeMenu 'iman.nofiq','1505',@CompanyId=2;
19/06/2023 14:19:50	SQL :EXEC GetUserTreeMenu 'iman.nofiq','1507',@CompanyId=2;
19/06/2023 14:19:50	SQL :EXEC GetUserTreeMenu 'iman.nofiq','1508',@CompanyId=2;
19/06/2023 14:19:50	SQL :EXEC GetUserTreeMenu 'iman.nofiq','1509',@CompanyId=2;
19/06/2023 14:19:50	SQL :EXEC GetUserTreeMenu 'iman.nofiq','1511',@CompanyId=2;
19/06/2023 14:19:50	SQL :EXEC GetUserSubMenu 'iman.nofiq','19';
19/06/2023 14:19:50	SQL :EXEC GetUserTreeMenu 'iman.nofiq','1904',@CompanyId=2;
19/06/2023 14:19:50	SQL :EXEC GetUserTreeMenu 'iman.nofiq','1905',@CompanyId=2;
19/06/2023 14:19:50	SQL :EXEC GetUserTreeMenu 'iman.nofiq','1907',@CompanyId=2;
19/06/2023 14:19:50	SQL :EXEC GetUserTreeMenu 'iman.nofiq','1908',@CompanyId=2;
19/06/2023 14:19:50	SQL :EXEC GetUserTreeMenu 'iman.nofiq','1911',@CompanyId=2;
19/06/2023 14:19:50	SQL :EXEC GetUserTreeMenu 'iman.nofiq','1912',@CompanyId=2;
19/06/2023 14:19:50	SQL :SELECT CONVERT(VARCHAR(8),GETDATE(),108) AS hour_minute;
19/06/2023 14:19:50	SQL :SELECT CONVERT(VARCHAR(10),GETDATE(),103) AS date_time;
19/06/2023 14:19:50	Loading Setting
19/06/2023 14:19:50	Open DB Connection
19/06/2023 14:19:50	SQL :SELECT * FROM wh_setting WHERE setting_name='Hold_Less_Deposit';
19/06/2023 14:19:50	SQL :SELECT * FROM wh_setting WHERE setting_name='Max_Less_Deposit';
19/06/2023 14:19:50	SQL :SELECT * FROM wh_setting WHERE setting_name='Dashboard_2';
19/06/2023 14:19:51	Finish Logging
19/06/2023 14:19:51	SQL :SELECT value_string FROM wh_setting WHERE (setting_name='Interval_CheckInDate') AND (active=1);
19/06/2023 14:19:51	SQL :SELECT value_string FROM wh_setting WHERE (setting_name='Interval_CheckInTime') AND (active=1);
19/06/2023 14:19:51	SQL :SELECT value_string FROM wh_setting WHERE (setting_name='ChatEnable') and (active=1);
19/06/2023 14:19:51	Message:Port Check
19/06/2023 14:19:51	Message:Open DB Connection
19/06/2023 14:19:51	SQL :EXEC GetMessage '23','iman.nofiq';
19/06/2023 14:19:51	SQL :SELECT CONVERT(VARCHAR(8),GETDATE(),108) AS hour_minute;
19/06/2023 14:19:51	SQL :SELECT CONVERT(VARCHAR(10),GETDATE(),103) AS date_time;
19/06/2023 14:20:04	Open Menu :131107
19/06/2023 14:20:04	Open DB Connection
19/06/2023 14:20:04	SQL :EXEC AuthMenu 'iman.nofiq',131107;
19/06/2023 14:20:04	Form Check :BusRunningDaysRpt
19/06/2023 14:20:04	Form Open: BusRunningDaysRpt=Main-Change,-1
19/06/2023 14:20:04	Open DB Connection
19/06/2023 14:20:04	SQL :EXEC GetCompanyLocationList
19/06/2023 14:20:05	SQL :SELECT * FROM wh_vhc_batch WHERE (active=1) AND (company_id=2);
19/06/2023 14:20:05	Open DB Connection
19/06/2023 14:20:07	Open DB Connection
19/06/2023 14:20:08	Open DB Connection
19/06/2023 14:20:08	SQL :EXEC GetVhcList 6,@CompanyId=2,@BatchId=6;
19/06/2023 14:20:08	SQL :EXEC GetRunningDaysDetail 'BS15070005',@FromDate='2023-06-01',@ToDate='2023-06-30';
19/06/2023 14:20:08	SQL :EXEC GetRunningDaysDetail 'BS15100003',@FromDate='2023-06-01',@ToDate='2023-06-30';
19/06/2023 14:20:09	SQL :EXEC GetRunningDaysDetail 'BS15070006',@FromDate='2023-06-01',@ToDate='2023-06-30';
19/06/2023 14:20:09	SQL :EXEC GetRunningDaysDetail 'BS221070063',@FromDate='2023-06-01',@ToDate='2023-06-30';
19/06/2023 14:20:10	SQL :EXEC GetRunningDaysDetail 'BU13090086',@FromDate='2023-06-01',@ToDate='2023-06-30';
19/06/2023 14:20:11	SQL :EXEC GetRunningDaysDetail 'BU13090087',@FromDate='2023-06-01',@ToDate='2023-06-30';
19/06/2023 14:20:11	SQL :EXEC GetRunningDaysDetail 'BS1122010007',@FromDate='2023-06-01',@ToDate='2023-06-30';
19/06/2023 14:20:12	SQL :EXEC GetRunningDaysDetail 'BU13090091',@FromDate='2023-06-01',@ToDate='2023-06-30';
19/06/2023 14:20:13	SQL :EXEC GetRunningDaysDetail 'BU13090094',@FromDate='2023-06-01',@ToDate='2023-06-30';
19/06/2023 14:20:14	SQL :EXEC GetRunningDaysDetail 'BS221070060',@FromDate='2023-06-01',@ToDate='2023-06-30';
19/06/2023 14:20:15	SQL :EXEC GetRunningDaysDetail 'BS220080008',@FromDate='2023-06-01',@ToDate='2023-06-30';
19/06/2023 14:20:16	SQL :EXEC GetRunningDaysDetail 'BS220080009',@FromDate='2023-06-01',@ToDate='2023-06-30';
19/06/2023 14:20:17	SQL :EXEC GetRunningDaysDetail 'BS221070061',@FromDate='2023-06-01',@ToDate='2023-06-30';
19/06/2023 14:20:18	SQL :EXEC GetRunningDaysDetail 'BS221070041',@FromDate='2023-06-01',@ToDate='2023-06-30';
19/06/2023 14:20:20	SQL :EXEC GetRunningDaysDetail 'BS221070064',@FromDate='2023-06-01',@ToDate='2023-06-30';
19/06/2023 14:20:20	SQL :EXEC GetRunningDaysDetail 'BS220080007',@FromDate='2023-06-01',@ToDate='2023-06-30';
19/06/2023 14:20:22	SQL :EXEC GetRunningDaysDetail 'BS220080006',@FromDate='2023-06-01',@ToDate='2023-06-30';
19/06/2023 14:20:23	SQL :EXEC GetRunningDaysDetail 'BS220080010',@FromDate='2023-06-01',@ToDate='2023-06-30';
19/06/2023 14:20:24	SQL :EXEC GetRunningDaysDetail 'BS221070068',@FromDate='2023-06-01',@ToDate='2023-06-30';
19/06/2023 14:20:26	SQL :EXEC GetRunningDaysDetail 'BS15090014',@FromDate='2023-06-01',@ToDate='2023-06-30';
19/06/2023 14:20:26	SQL :EXEC GetRunningDaysDetail 'BS221070062',@FromDate='2023-06-01',@ToDate='2023-06-30';
19/06/2023 14:20:27	SQL :EXEC GetRunningDaysDetail 'BS221070069',@FromDate='2023-06-01',@ToDate='2023-06-30';
19/06/2023 14:20:28	SQL :EXEC GetRunningDaysDetail 'BS221070066',@FromDate='2023-06-01',@ToDate='2023-06-30';
19/06/2023 14:20:29	SQL :EXEC GetRunningDaysDetail 'BS15090022',@FromDate='2023-06-01',@ToDate='2023-06-30';
19/06/2023 14:20:30	SQL :EXEC GetRunningDaysDetail 'BS221070067',@FromDate='2023-06-01',@ToDate='2023-06-30';
19/06/2023 14:20:36	Form Open: BookingForm=,COWDC23051598,-1,Main-Change
19/06/2023 14:20:36	Open DB Connection
19/06/2023 14:20:36	SQL :SELECT * FROM wh_setting WHERE (setting_name='PostingData_API_CompanyId_2') AND (active=1);
19/06/2023 14:20:36	Open DB Connection
19/06/2023 14:20:36	SQL :EXEC GetReservedOrderDetail @CustomerOrderId='COWDC23051598';
19/06/2023 14:20:36	Open DB Connection
19/06/2023 14:20:36	SQL :EXEC GetReservedOrderDetailList 'RESWDC23051632';
19/06/2023 14:20:36	SQL :EXEC GetCustomerOrderServiceList 'COWDC23051598';
19/06/2023 14:20:50	Open DB Connection
19/06/2023 14:20:50	Auth Form:13110102 -1
19/06/2023 14:20:51	Open DB Connection
19/06/2023 14:20:51	Open DB Connection
19/06/2023 14:21:19	Open Menu :190507
19/06/2023 14:21:19	Open DB Connection
19/06/2023 14:21:19	SQL :EXEC AuthMenu 'iman.nofiq',190507;
19/06/2023 14:21:19	Form Check :BusRunningDaysminiRpt
19/06/2023 14:21:19	Form Open: BusRunningDaysMiniRpt=,0
19/06/2023 14:21:19	Open DB Connection
19/06/2023 14:21:19	SQL :EXEC GetCompanyLocationList
19/06/2023 14:21:19	SQL :EXEC GetUserRDLocationList @UserName='iman.nofiq' ;
19/06/2023 14:21:19	SQL :EXEC GetGroup 2;
19/06/2023 14:21:19	Open DB Connection
19/06/2023 14:21:22	Open DB Connection
19/06/2023 14:21:22	Open DB Connection
19/06/2023 14:21:22	SQL :SELECT * FROM wh_setting WHERE (setting_name='ServiceBerkala_as_PKB_2') AND (active=1);
19/06/2023 14:21:22	Open DB Connection
19/06/2023 14:21:22	SQL :EXEC GetVhcList 6,@CompanyId=2,@BatchId=6,@OrderBy='category, category_sequence_number,h.vhc_batch_id,seat,license_plate',@ShowBatch=1,@isOutsideRent=0,@Dates='2023/06/30';
19/06/2023 14:21:23	SQL :EXEC GetRunningDaysDetail 'BS15070005',@FromDate='2023-06-01',@ToDate='2023-06-30', @CompanyId=2;
19/06/2023 14:21:23	SQL :EXEC GetRunningDaysDetail 'BS15100003',@FromDate='2023-06-01',@ToDate='2023-06-30', @CompanyId=2;
19/06/2023 14:21:23	SQL :EXEC GetRunningDaysDetail 'BS15070006',@FromDate='2023-06-01',@ToDate='2023-06-30', @CompanyId=2;
19/06/2023 14:21:23	SQL :EXEC GetRunningDaysDetail 'BU13090086',@FromDate='2023-06-01',@ToDate='2023-06-30', @CompanyId=2;
19/06/2023 14:21:23	SQL :EXEC GetRunningDaysDetail 'BU13090087',@FromDate='2023-06-01',@ToDate='2023-06-30', @CompanyId=2;
19/06/2023 14:21:23	SQL :EXEC GetRunningDaysDetail 'BS1122010007',@FromDate='2023-06-01',@ToDate='2023-06-30', @CompanyId=2;
19/06/2023 14:21:23	SQL :EXEC GetRunningDaysDetail 'BU13090091',@FromDate='2023-06-01',@ToDate='2023-06-30', @CompanyId=2;
19/06/2023 14:21:24	SQL :EXEC GetRunningDaysDetail 'BU13090094',@FromDate='2023-06-01',@ToDate='2023-06-30', @CompanyId=2;
19/06/2023 14:21:24	SQL :EXEC GetRunningDaysDetail 'BS15090014',@FromDate='2023-06-01',@ToDate='2023-06-30', @CompanyId=2;
19/06/2023 14:21:24	SQL :EXEC GetRunningDaysDetail 'BS15090022',@FromDate='2023-06-01',@ToDate='2023-06-30', @CompanyId=2;
19/06/2023 14:21:24	SQL :EXEC GetRunningDaysDetail 'BS221070063',@FromDate='2023-06-01',@ToDate='2023-06-30', @CompanyId=2;
19/06/2023 14:21:24	SQL :EXEC GetRunningDaysDetail 'BS221070060',@FromDate='2023-06-01',@ToDate='2023-06-30', @CompanyId=2;
19/06/2023 14:21:24	SQL :EXEC GetRunningDaysDetail 'BS220080008',@FromDate='2023-06-01',@ToDate='2023-06-30', @CompanyId=2;
19/06/2023 14:21:24	SQL :EXEC GetRunningDaysDetail 'BS220080009',@FromDate='2023-06-01',@ToDate='2023-06-30', @CompanyId=2;
19/06/2023 14:21:24	SQL :EXEC GetRunningDaysDetail 'BS221070061',@FromDate='2023-06-01',@ToDate='2023-06-30', @CompanyId=2;
19/06/2023 14:21:25	SQL :EXEC GetRunningDaysDetail 'BS221070041',@FromDate='2023-06-01',@ToDate='2023-06-30', @CompanyId=2;
19/06/2023 14:21:25	SQL :EXEC GetRunningDaysDetail 'BS221070064',@FromDate='2023-06-01',@ToDate='2023-06-30', @CompanyId=2;
19/06/2023 14:21:25	SQL :EXEC GetRunningDaysDetail 'BS220080007',@FromDate='2023-06-01',@ToDate='2023-06-30', @CompanyId=2;
19/06/2023 14:21:25	SQL :EXEC GetRunningDaysDetail 'BS220080006',@FromDate='2023-06-01',@ToDate='2023-06-30', @CompanyId=2;
19/06/2023 14:21:25	SQL :EXEC GetRunningDaysDetail 'BS220080010',@FromDate='2023-06-01',@ToDate='2023-06-30', @CompanyId=2;
19/06/2023 14:21:25	SQL :EXEC GetRunningDaysDetail 'BS221070068',@FromDate='2023-06-01',@ToDate='2023-06-30', @CompanyId=2;
19/06/2023 14:21:25	SQL :EXEC GetRunningDaysDetail 'BS221070062',@FromDate='2023-06-01',@ToDate='2023-06-30', @CompanyId=2;
19/06/2023 14:21:25	SQL :EXEC GetRunningDaysDetail 'BS221070069',@FromDate='2023-06-01',@ToDate='2023-06-30', @CompanyId=2;
19/06/2023 14:21:25	SQL :EXEC GetRunningDaysDetail 'BS221070066',@FromDate='2023-06-01',@ToDate='2023-06-30', @CompanyId=2;
19/06/2023 14:21:26	SQL :EXEC GetRunningDaysDetail 'BS221070067',@FromDate='2023-06-01',@ToDate='2023-06-30', @CompanyId=2;
19/06/2023 14:25:19	Form Check :ChatClient
19/06/2023 14:25:20	Form Check :AuthorizedForm
19/06/2023 14:25:20	Form Check :RePrintForm
19/06/2023 14:25:20	Form Check :EmployeeSearch
19/06/2023 14:25:20	Form Check :TimeInputForm
19/06/2023 14:25:20	Log Out
19/06/2023 14:25:21	Create DB Object
19/06/2023 14:25:21	Init DB
19/06/2023 14:25:21	Finish Init DB
19/06/2023 14:25:30	Update new version check
19/06/2023 14:25:30	Open DB Connection
19/06/2023 14:25:30	SQL :
19/06/2023 14:25:30	Update check version
19/06/2023 14:25:30	Open DB Connection
19/06/2023 14:25:30	SQL :SELECT version FROM wh_application WHERE application_id=(SELECT MAX(application_id) FROM wh_application);
19/06/2023 14:25:30	Start Login
19/06/2023 14:25:30	Open DB Connection
19/06/2023 14:25:30	SQL :EXEC AuthenticateUser 'nanang.andriani','3b5929d0c23006c99522f38746d85dd4';
19/06/2023 14:25:30	SQL :INSERT INTO wh_log (user_id,app_date,app_version,app_version_svr,location_id,company_id,department_id,host_name,ip_address)  VALUES ('nanang.andriani','19/06/2023','6.1.5.23','6.1.5.23',6,2,13,'DESKTOP-88BM05S','192.168.25.214');
19/06/2023 14:25:30	Open DB Connection
19/06/2023 14:25:30	SQL :EXEC GetUserMenu 'nanang.andriani';
19/06/2023 14:25:30	SQL :EXEC GetUserSubMenu 'nanang.andriani','11';
19/06/2023 14:25:30	SQL :EXEC GetUserTreeMenu 'nanang.andriani','1101',@CompanyId=2;
19/06/2023 14:25:30	SQL :EXEC GetUserTreeMenu 'nanang.andriani','1102',@CompanyId=2;
19/06/2023 14:25:30	SQL :EXEC GetUserTreeMenu 'nanang.andriani','1103',@CompanyId=2;
19/06/2023 14:25:30	SQL :EXEC GetUserTreeMenu 'nanang.andriani','1104',@CompanyId=2;
19/06/2023 14:25:30	SQL :EXEC GetUserTreeMenu 'nanang.andriani','1105',@CompanyId=2;
19/06/2023 14:25:30	SQL :EXEC GetUserTreeMenu 'nanang.andriani','1106',@CompanyId=2;
19/06/2023 14:25:30	SQL :EXEC GetUserTreeMenu 'nanang.andriani','1107',@CompanyId=2;
19/06/2023 14:25:30	SQL :EXEC GetUserTreeMenu 'nanang.andriani','1108',@CompanyId=2;
19/06/2023 14:25:30	SQL :EXEC GetUserTreeMenu 'nanang.andriani','1109',@CompanyId=2;
19/06/2023 14:25:30	SQL :EXEC GetUserTreeMenu 'nanang.andriani','1110',@CompanyId=2;
19/06/2023 14:25:31	SQL :EXEC GetUserTreeMenu 'nanang.andriani','1111',@CompanyId=2;
19/06/2023 14:25:31	SQL :EXEC GetUserTreeMenu 'nanang.andriani','1112',@CompanyId=2;
19/06/2023 14:25:31	SQL :EXEC GetUserTreeMenu 'nanang.andriani','1113',@CompanyId=2;
19/06/2023 14:25:31	SQL :EXEC GetUserTreeMenu 'nanang.andriani','1114',@CompanyId=2;
19/06/2023 14:25:31	SQL :EXEC GetUserTreeMenu 'nanang.andriani','1115',@CompanyId=2;
19/06/2023 14:25:31	SQL :EXEC GetUserTreeMenu 'nanang.andriani','1116',@CompanyId=2;
19/06/2023 14:25:31	SQL :EXEC GetUserTreeMenu 'nanang.andriani','1117',@CompanyId=2;
19/06/2023 14:25:31	SQL :EXEC GetUserTreeMenu 'nanang.andriani','1198',@CompanyId=2;
19/06/2023 14:25:31	SQL :EXEC GetUserTreeMenu 'nanang.andriani','1199',@CompanyId=2;
19/06/2023 14:25:31	SQL :EXEC GetUserSubMenu 'nanang.andriani','12';
19/06/2023 14:25:31	SQL :EXEC GetUserTreeMenu 'nanang.andriani','1201',@CompanyId=2;
19/06/2023 14:25:31	SQL :EXEC GetUserTreeMenu 'nanang.andriani','1202',@CompanyId=2;
19/06/2023 14:25:31	SQL :EXEC GetUserTreeMenu 'nanang.andriani','1203',@CompanyId=2;
19/06/2023 14:25:31	SQL :EXEC GetUserTreeMenu 'nanang.andriani','1204',@CompanyId=2;
19/06/2023 14:25:31	SQL :EXEC GetUserTreeMenu 'nanang.andriani','1205',@CompanyId=2;
19/06/2023 14:25:31	SQL :EXEC GetUserTreeMenu 'nanang.andriani','1206',@CompanyId=2;
19/06/2023 14:25:31	SQL :EXEC GetUserTreeMenu 'nanang.andriani','1207',@CompanyId=2;
19/06/2023 14:25:31	SQL :EXEC GetUserSubMenu 'nanang.andriani','13';
19/06/2023 14:25:31	SQL :EXEC GetUserTreeMenu 'nanang.andriani','1301',@CompanyId=2;
19/06/2023 14:25:31	SQL :EXEC GetUserTreeMenu 'nanang.andriani','1302',@CompanyId=2;
19/06/2023 14:25:31	SQL :EXEC GetUserTreeMenu 'nanang.andriani','1303',@CompanyId=2;
19/06/2023 14:25:31	SQL :EXEC GetUserTreeMenu 'nanang.andriani','1304',@CompanyId=2;
19/06/2023 14:25:31	SQL :EXEC GetUserTreeMenu 'nanang.andriani','1305',@CompanyId=2;
19/06/2023 14:25:31	SQL :EXEC GetUserTreeMenu 'nanang.andriani','1306',@CompanyId=2;
19/06/2023 14:25:31	SQL :EXEC GetUserTreeMenu 'nanang.andriani','1307',@CompanyId=2;
19/06/2023 14:25:31	SQL :EXEC GetUserTreeMenu 'nanang.andriani','1308',@CompanyId=2;
19/06/2023 14:25:31	SQL :EXEC GetUserTreeMenu 'nanang.andriani','1309',@CompanyId=2;
19/06/2023 14:25:31	SQL :EXEC GetUserTreeMenu 'nanang.andriani','1310',@CompanyId=2;
19/06/2023 14:25:31	SQL :EXEC GetUserTreeMenu 'nanang.andriani','1311',@CompanyId=2;
19/06/2023 14:25:31	SQL :EXEC GetUserTreeMenu 'nanang.andriani','1312',@CompanyId=2;
19/06/2023 14:25:31	SQL :EXEC GetUserTreeMenu 'nanang.andriani','1313',@CompanyId=2;
19/06/2023 14:25:31	SQL :EXEC GetUserTreeMenu 'nanang.andriani','1314',@CompanyId=2;
19/06/2023 14:25:31	SQL :EXEC GetUserTreeMenu 'nanang.andriani','1315',@CompanyId=2;
19/06/2023 14:25:31	SQL :EXEC GetUserTreeMenu 'nanang.andriani','1316',@CompanyId=2;
19/06/2023 14:25:31	SQL :EXEC GetUserTreeMenu 'nanang.andriani','1317',@CompanyId=2;
19/06/2023 14:25:31	SQL :EXEC GetUserTreeMenu 'nanang.andriani','1318',@CompanyId=2;
19/06/2023 14:25:31	SQL :EXEC GetUserTreeMenu 'nanang.andriani','1319',@CompanyId=2;
19/06/2023 14:25:31	SQL :EXEC GetUserTreeMenu 'nanang.andriani','1320',@CompanyId=2;
19/06/2023 14:25:31	SQL :EXEC GetUserTreeMenu 'nanang.andriani','1321',@CompanyId=2;
19/06/2023 14:25:31	SQL :EXEC GetUserTreeMenu 'nanang.andriani','1322',@CompanyId=2;
19/06/2023 14:25:31	SQL :EXEC GetUserSubMenu 'nanang.andriani','14';
19/06/2023 14:25:31	SQL :EXEC GetUserTreeMenu 'nanang.andriani','1401',@CompanyId=2;
19/06/2023 14:25:32	SQL :EXEC GetUserTreeMenu 'nanang.andriani','1402',@CompanyId=2;
19/06/2023 14:25:32	SQL :EXEC GetUserTreeMenu 'nanang.andriani','1403',@CompanyId=2;
19/06/2023 14:25:32	SQL :EXEC GetUserTreeMenu 'nanang.andriani','1404',@CompanyId=2;
19/06/2023 14:25:32	SQL :EXEC GetUserTreeMenu 'nanang.andriani','1406',@CompanyId=2;
19/06/2023 14:25:32	SQL :EXEC GetUserTreeMenu 'nanang.andriani','1408',@CompanyId=2;
19/06/2023 14:25:32	SQL :EXEC GetUserTreeMenu 'nanang.andriani','1410',@CompanyId=2;
19/06/2023 14:25:32	SQL :EXEC GetUserTreeMenu 'nanang.andriani','1411',@CompanyId=2;
19/06/2023 14:25:32	SQL :EXEC GetUserTreeMenu 'nanang.andriani','1412',@CompanyId=2;
19/06/2023 14:25:32	SQL :EXEC GetUserTreeMenu 'nanang.andriani','1413',@CompanyId=2;
19/06/2023 14:25:32	SQL :EXEC GetUserTreeMenu 'nanang.andriani','1414',@CompanyId=2;
19/06/2023 14:25:32	SQL :EXEC GetUserSubMenu 'nanang.andriani','15';
19/06/2023 14:25:32	SQL :EXEC GetUserTreeMenu 'nanang.andriani','1501',@CompanyId=2;
19/06/2023 14:25:32	SQL :EXEC GetUserTreeMenu 'nanang.andriani','1502',@CompanyId=2;
19/06/2023 14:25:32	SQL :EXEC GetUserTreeMenu 'nanang.andriani','1503',@CompanyId=2;
19/06/2023 14:25:32	SQL :EXEC GetUserTreeMenu 'nanang.andriani','1504',@CompanyId=2;
19/06/2023 14:25:32	SQL :EXEC GetUserTreeMenu 'nanang.andriani','1505',@CompanyId=2;
19/06/2023 14:25:32	SQL :EXEC GetUserTreeMenu 'nanang.andriani','1506',@CompanyId=2;
19/06/2023 14:25:32	SQL :EXEC GetUserTreeMenu 'nanang.andriani','1507',@CompanyId=2;
19/06/2023 14:25:32	SQL :EXEC GetUserTreeMenu 'nanang.andriani','1508',@CompanyId=2;
19/06/2023 14:25:32	SQL :EXEC GetUserTreeMenu 'nanang.andriani','1509',@CompanyId=2;
19/06/2023 14:25:32	SQL :EXEC GetUserTreeMenu 'nanang.andriani','1510',@CompanyId=2;
19/06/2023 14:25:32	SQL :EXEC GetUserTreeMenu 'nanang.andriani','1511',@CompanyId=2;
19/06/2023 14:25:32	SQL :EXEC GetUserSubMenu 'nanang.andriani','16';
19/06/2023 14:25:32	SQL :EXEC GetUserTreeMenu 'nanang.andriani','1601',@CompanyId=2;
19/06/2023 14:25:32	SQL :EXEC GetUserTreeMenu 'nanang.andriani','1602',@CompanyId=2;
19/06/2023 14:25:32	SQL :EXEC GetUserTreeMenu 'nanang.andriani','1603',@CompanyId=2;
19/06/2023 14:25:32	SQL :EXEC GetUserTreeMenu 'nanang.andriani','1604',@CompanyId=2;
19/06/2023 14:25:32	SQL :EXEC GetUserTreeMenu 'nanang.andriani','1605',@CompanyId=2;
19/06/2023 14:25:32	SQL :EXEC GetUserTreeMenu 'nanang.andriani','1606',@CompanyId=2;
19/06/2023 14:25:32	SQL :EXEC GetUserTreeMenu 'nanang.andriani','1607',@CompanyId=2;
19/06/2023 14:25:32	SQL :EXEC GetUserTreeMenu 'nanang.andriani','1608',@CompanyId=2;
19/06/2023 14:25:32	SQL :EXEC GetUserTreeMenu 'nanang.andriani','1609',@CompanyId=2;
19/06/2023 14:25:32	SQL :EXEC GetUserTreeMenu 'nanang.andriani','1610',@CompanyId=2;
19/06/2023 14:25:32	SQL :EXEC GetUserTreeMenu 'nanang.andriani','1611',@CompanyId=2;
19/06/2023 14:25:32	SQL :EXEC GetUserTreeMenu 'nanang.andriani','1612',@CompanyId=2;
19/06/2023 14:25:32	SQL :EXEC GetUserTreeMenu 'nanang.andriani','1613',@CompanyId=2;
19/06/2023 14:25:32	SQL :EXEC GetUserTreeMenu 'nanang.andriani','1614',@CompanyId=2;
19/06/2023 14:25:32	SQL :EXEC GetUserTreeMenu 'nanang.andriani','1615',@CompanyId=2;
19/06/2023 14:25:32	SQL :EXEC GetUserTreeMenu 'nanang.andriani','1616',@CompanyId=2;
19/06/2023 14:25:32	SQL :EXEC GetUserTreeMenu 'nanang.andriani','1619',@CompanyId=2;
19/06/2023 14:25:32	SQL :EXEC GetUserTreeMenu 'nanang.andriani','1620',@CompanyId=2;
19/06/2023 14:25:32	SQL :EXEC GetUserSubMenu 'nanang.andriani','17';
19/06/2023 14:25:32	SQL :EXEC GetUserTreeMenu 'nanang.andriani','1701',@CompanyId=2;
19/06/2023 14:25:32	SQL :EXEC GetUserTreeMenu 'nanang.andriani','1702',@CompanyId=2;
19/06/2023 14:25:32	SQL :EXEC GetUserTreeMenu 'nanang.andriani','1703',@CompanyId=2;
19/06/2023 14:25:32	SQL :EXEC GetUserTreeMenu 'nanang.andriani','1704',@CompanyId=2;
19/06/2023 14:25:32	SQL :EXEC GetUserTreeMenu 'nanang.andriani','1705',@CompanyId=2;
19/06/2023 14:25:32	SQL :EXEC GetUserTreeMenu 'nanang.andriani','1706',@CompanyId=2;
19/06/2023 14:25:32	SQL :EXEC GetUserTreeMenu 'nanang.andriani','1707',@CompanyId=2;
19/06/2023 14:25:32	SQL :EXEC GetUserTreeMenu 'nanang.andriani','1708',@CompanyId=2;
19/06/2023 14:25:32	SQL :EXEC GetUserTreeMenu 'nanang.andriani','1709',@CompanyId=2;
19/06/2023 14:25:33	SQL :EXEC GetUserTreeMenu 'nanang.andriani','1710',@CompanyId=2;
19/06/2023 14:25:33	SQL :EXEC GetUserTreeMenu 'nanang.andriani','1711',@CompanyId=2;
19/06/2023 14:25:33	SQL :EXEC GetUserTreeMenu 'nanang.andriani','1712',@CompanyId=2;
19/06/2023 14:25:33	SQL :EXEC GetUserTreeMenu 'nanang.andriani','1713',@CompanyId=2;
19/06/2023 14:25:33	SQL :EXEC GetUserTreeMenu 'nanang.andriani','1714',@CompanyId=2;
19/06/2023 14:25:33	SQL :EXEC GetUserTreeMenu 'nanang.andriani','1715',@CompanyId=2;
19/06/2023 14:25:33	SQL :EXEC GetUserTreeMenu 'nanang.andriani','1716',@CompanyId=2;
19/06/2023 14:25:33	SQL :EXEC GetUserTreeMenu 'nanang.andriani','1717',@CompanyId=2;
19/06/2023 14:25:33	SQL :EXEC GetUserSubMenu 'nanang.andriani','18';
19/06/2023 14:25:33	SQL :EXEC GetUserTreeMenu 'nanang.andriani','1801',@CompanyId=2;
19/06/2023 14:25:33	SQL :EXEC GetUserSubMenu 'nanang.andriani','19';
19/06/2023 14:25:33	SQL :EXEC GetUserTreeMenu 'nanang.andriani','1901',@CompanyId=2;
19/06/2023 14:25:33	SQL :EXEC GetUserTreeMenu 'nanang.andriani','1902',@CompanyId=2;
19/06/2023 14:25:33	SQL :EXEC GetUserTreeMenu 'nanang.andriani','1903',@CompanyId=2;
19/06/2023 14:25:33	SQL :EXEC GetUserTreeMenu 'nanang.andriani','1904',@CompanyId=2;
19/06/2023 14:25:33	SQL :EXEC GetUserTreeMenu 'nanang.andriani','1905',@CompanyId=2;
19/06/2023 14:25:33	SQL :EXEC GetUserTreeMenu 'nanang.andriani','1906',@CompanyId=2;
19/06/2023 14:25:33	SQL :EXEC GetUserTreeMenu 'nanang.andriani','1907',@CompanyId=2;
19/06/2023 14:25:33	SQL :EXEC GetUserTreeMenu 'nanang.andriani','1908',@CompanyId=2;
19/06/2023 14:25:33	SQL :EXEC GetUserTreeMenu 'nanang.andriani','1909',@CompanyId=2;
19/06/2023 14:25:33	SQL :EXEC GetUserTreeMenu 'nanang.andriani','1910',@CompanyId=2;
19/06/2023 14:25:33	SQL :EXEC GetUserTreeMenu 'nanang.andriani','1911',@CompanyId=2;
19/06/2023 14:25:33	SQL :EXEC GetUserTreeMenu 'nanang.andriani','1912',@CompanyId=2;
19/06/2023 14:25:33	SQL :SELECT CONVERT(VARCHAR(8),GETDATE(),108) AS hour_minute;
19/06/2023 14:25:33	SQL :SELECT CONVERT(VARCHAR(10),GETDATE(),103) AS date_time;
19/06/2023 14:25:33	Loading Setting
19/06/2023 14:25:33	Open DB Connection
19/06/2023 14:25:33	SQL :SELECT * FROM wh_setting WHERE setting_name='Hold_Less_Deposit';
19/06/2023 14:25:33	SQL :SELECT * FROM wh_setting WHERE setting_name='Max_Less_Deposit';
19/06/2023 14:25:33	SQL :SELECT * FROM wh_setting WHERE setting_name='Dashboard_2';
19/06/2023 14:25:33	Finish Logging
19/06/2023 14:25:33	SQL :SELECT value_string FROM wh_setting WHERE (setting_name='Interval_CheckInDate') AND (active=1);
19/06/2023 14:25:33	SQL :SELECT value_string FROM wh_setting WHERE (setting_name='Interval_CheckInTime') AND (active=1);
19/06/2023 14:25:33	SQL :SELECT value_string FROM wh_setting WHERE (setting_name='ChatEnable') and (active=1);
19/06/2023 14:25:34	Message:Port Check
19/06/2023 14:25:34	Message:Open DB Connection
19/06/2023 14:25:34	SQL :EXEC GetMessage '01','nanang.andriani';
19/06/2023 14:25:35	SQL :SELECT CONVERT(VARCHAR(8),GETDATE(),108) AS hour_minute;
19/06/2023 14:25:35	SQL :SELECT CONVERT(VARCHAR(10),GETDATE(),103) AS date_time;
19/06/2023 14:26:53	Open Menu :190507
19/06/2023 14:26:53	Open DB Connection
19/06/2023 14:26:53	SQL :EXEC AuthMenu 'nanang.andriani',190507;
19/06/2023 14:26:53	Form Check :BusRunningDaysminiRpt
19/06/2023 14:26:53	Form Open: BusRunningDaysMiniRpt=,0
19/06/2023 14:26:53	Open DB Connection
19/06/2023 14:26:53	SQL :EXEC GetCompanyLocationList
19/06/2023 14:26:54	SQL :EXEC GetUserRDLocationList @UserName='nanang.andriani' ;
19/06/2023 14:26:54	SQL :EXEC GetGroup 2;
19/06/2023 14:26:54	Open DB Connection
19/06/2023 14:26:55	Open DB Connection
19/06/2023 14:26:57	Open DB Connection
19/06/2023 14:26:57	SQL :SELECT * FROM wh_setting WHERE (setting_name='ServiceBerkala_as_PKB_2') AND (active=1);
19/06/2023 14:26:58	Open DB Connection
19/06/2023 14:26:58	SQL :EXEC GetVhcList 6,@CompanyId=2,@BatchId=6,@Seat=29,@OrderBy='category, category_sequence_number,h.vhc_batch_id,seat,license_plate',@ShowBatch=1,@isOutsideRent=0,@Dates='2023/06/30';
19/06/2023 14:26:58	SQL :EXEC GetRunningDaysDetail 'BS221070063',@FromDate='2023-06-01',@ToDate='2023-06-30', @CompanyId=2;
19/06/2023 14:26:58	SQL :EXEC GetRunningDaysDetail 'BS221070060',@FromDate='2023-06-01',@ToDate='2023-06-30', @CompanyId=2;
19/06/2023 14:26:58	SQL :EXEC GetRunningDaysDetail 'BS220080008',@FromDate='2023-06-01',@ToDate='2023-06-30', @CompanyId=2;
19/06/2023 14:26:58	SQL :EXEC GetRunningDaysDetail 'BS220080009',@FromDate='2023-06-01',@ToDate='2023-06-30', @CompanyId=2;
19/06/2023 14:26:58	SQL :EXEC GetRunningDaysDetail 'BS221070061',@FromDate='2023-06-01',@ToDate='2023-06-30', @CompanyId=2;
19/06/2023 14:26:59	SQL :EXEC GetRunningDaysDetail 'BS221070041',@FromDate='2023-06-01',@ToDate='2023-06-30', @CompanyId=2;
19/06/2023 14:26:59	SQL :EXEC GetRunningDaysDetail 'BS221070064',@FromDate='2023-06-01',@ToDate='2023-06-30', @CompanyId=2;
19/06/2023 14:26:59	SQL :EXEC GetRunningDaysDetail 'BS220080007',@FromDate='2023-06-01',@ToDate='2023-06-30', @CompanyId=2;
19/06/2023 14:26:59	SQL :EXEC GetRunningDaysDetail 'BS220080006',@FromDate='2023-06-01',@ToDate='2023-06-30', @CompanyId=2;
19/06/2023 14:26:59	SQL :EXEC GetRunningDaysDetail 'BS220080010',@FromDate='2023-06-01',@ToDate='2023-06-30', @CompanyId=2;
19/06/2023 14:26:59	SQL :EXEC GetRunningDaysDetail 'BS221070068',@FromDate='2023-06-01',@ToDate='2023-06-30', @CompanyId=2;
19/06/2023 14:26:59	SQL :EXEC GetRunningDaysDetail 'BS221070062',@FromDate='2023-06-01',@ToDate='2023-06-30', @CompanyId=2;
19/06/2023 14:26:59	SQL :EXEC GetRunningDaysDetail 'BS221070069',@FromDate='2023-06-01',@ToDate='2023-06-30', @CompanyId=2;
19/06/2023 14:27:00	SQL :EXEC GetRunningDaysDetail 'BS221070066',@FromDate='2023-06-01',@ToDate='2023-06-30', @CompanyId=2;
19/06/2023 14:27:01	SQL :EXEC GetRunningDaysDetail 'BS221070067',@FromDate='2023-06-01',@ToDate='2023-06-30', @CompanyId=2;
19/06/2023 14:27:01	Open DB Connection
19/06/2023 14:27:01	SQL :select id from wh_dashboard_persentase_day where company_id=2 and vhc_batch_id=6 and seat=29 and date='2023/6/1'
19/06/2023 14:27:01	SQL :UPDATE wh_dashboard_persentase_day SET date='2023/6/1',company_id=2,vhc_batch_id=6,seat=29,tot_perbaikan=6,created_date=GETDATE() WHERE company_id=2 and vhc_batch_id=6 and seat=29 and date='2023/6/1'
19/06/2023 14:27:01	Open DB Connection
19/06/2023 14:27:01	SQL :select id from wh_dashboard_persentase_day where company_id=2 and vhc_batch_id=6 and seat=29 and date='2023/6/2'
19/06/2023 14:27:01	SQL :UPDATE wh_dashboard_persentase_day SET date='2023/6/2',company_id=2,vhc_batch_id=6,seat=29,tot_perbaikan=5,created_date=GETDATE() WHERE company_id=2 and vhc_batch_id=6 and seat=29 and date='2023/6/2'
19/06/2023 14:27:01	Open DB Connection
19/06/2023 14:27:01	SQL :select id from wh_dashboard_persentase_day where company_id=2 and vhc_batch_id=6 and seat=29 and date='2023/6/3'
19/06/2023 14:27:01	SQL :UPDATE wh_dashboard_persentase_day SET date='2023/6/3',company_id=2,vhc_batch_id=6,seat=29,tot_perbaikan=2,created_date=GETDATE() WHERE company_id=2 and vhc_batch_id=6 and seat=29 and date='2023/6/3'
19/06/2023 14:27:01	Open DB Connection
19/06/2023 14:27:01	SQL :select id from wh_dashboard_persentase_day where company_id=2 and vhc_batch_id=6 and seat=29 and date='2023/6/4'
19/06/2023 14:27:01	SQL :UPDATE wh_dashboard_persentase_day SET date='2023/6/4',company_id=2,vhc_batch_id=6,seat=29,tot_perbaikan=5,created_date=GETDATE() WHERE company_id=2 and vhc_batch_id=6 and seat=29 and date='2023/6/4'
19/06/2023 14:27:01	Open DB Connection
19/06/2023 14:27:01	SQL :select id from wh_dashboard_persentase_day where company_id=2 and vhc_batch_id=6 and seat=29 and date='2023/6/5'
19/06/2023 14:27:01	SQL :UPDATE wh_dashboard_persentase_day SET date='2023/6/5',company_id=2,vhc_batch_id=6,seat=29,tot_perbaikan=3,created_date=GETDATE() WHERE company_id=2 and vhc_batch_id=6 and seat=29 and date='2023/6/5'
19/06/2023 14:27:01	Open DB Connection
19/06/2023 14:27:01	SQL :select id from wh_dashboard_persentase_day where company_id=2 and vhc_batch_id=6 and seat=29 and date='2023/6/6'
19/06/2023 14:27:01	SQL :UPDATE wh_dashboard_persentase_day SET date='2023/6/6',company_id=2,vhc_batch_id=6,seat=29,tot_perbaikan=3,created_date=GETDATE() WHERE company_id=2 and vhc_batch_id=6 and seat=29 and date='2023/6/6'
19/06/2023 14:27:01	Open DB Connection
19/06/2023 14:27:01	SQL :select id from wh_dashboard_persentase_day where company_id=2 and vhc_batch_id=6 and seat=29 and date='2023/6/7'
19/06/2023 14:27:02	SQL :UPDATE wh_dashboard_persentase_day SET date='2023/6/7',company_id=2,vhc_batch_id=6,seat=29,tot_perbaikan=3,created_date=GETDATE() WHERE company_id=2 and vhc_batch_id=6 and seat=29 and date='2023/6/7'
19/06/2023 14:27:02	Open DB Connection
19/06/2023 14:27:02	SQL :select id from wh_dashboard_persentase_day where company_id=2 and vhc_batch_id=6 and seat=29 and date='2023/6/8'
19/06/2023 14:27:02	SQL :UPDATE wh_dashboard_persentase_day SET date='2023/6/8',company_id=2,vhc_batch_id=6,seat=29,tot_perbaikan=3,created_date=GETDATE() WHERE company_id=2 and vhc_batch_id=6 and seat=29 and date='2023/6/8'
19/06/2023 14:27:02	Open DB Connection
19/06/2023 14:27:02	SQL :select id from wh_dashboard_persentase_day where company_id=2 and vhc_batch_id=6 and seat=29 and date='2023/6/9'
19/06/2023 14:27:02	SQL :UPDATE wh_dashboard_persentase_day SET date='2023/6/9',company_id=2,vhc_batch_id=6,seat=29,tot_perbaikan=3,created_date=GETDATE() WHERE company_id=2 and vhc_batch_id=6 and seat=29 and date='2023/6/9'
19/06/2023 14:27:02	Open DB Connection
19/06/2023 14:27:02	SQL :select id from wh_dashboard_persentase_day where company_id=2 and vhc_batch_id=6 and seat=29 and date='2023/6/10'
19/06/2023 14:27:02	SQL :UPDATE wh_dashboard_persentase_day SET date='2023/6/10',company_id=2,vhc_batch_id=6,seat=29,tot_perbaikan=7,created_date=GETDATE() WHERE company_id=2 and vhc_batch_id=6 and seat=29 and date='2023/6/10'
19/06/2023 14:27:02	Open DB Connection
19/06/2023 14:27:02	SQL :select id from wh_dashboard_persentase_day where company_id=2 and vhc_batch_id=6 and seat=29 and date='2023/6/11'
19/06/2023 14:27:02	SQL :UPDATE wh_dashboard_persentase_day SET date='2023/6/11',company_id=2,vhc_batch_id=6,seat=29,tot_perbaikan=8,created_date=GETDATE() WHERE company_id=2 and vhc_batch_id=6 and seat=29 and date='2023/6/11'
19/06/2023 14:27:02	Open DB Connection
19/06/2023 14:27:02	SQL :select id from wh_dashboard_persentase_day where company_id=2 and vhc_batch_id=6 and seat=29 and date='2023/6/12'
19/06/2023 14:27:02	SQL :UPDATE wh_dashboard_persentase_day SET date='2023/6/12',company_id=2,vhc_batch_id=6,seat=29,tot_perbaikan=3,created_date=GETDATE() WHERE company_id=2 and vhc_batch_id=6 and seat=29 and date='2023/6/12'
19/06/2023 14:27:03	Open DB Connection
19/06/2023 14:27:03	SQL :select id from wh_dashboard_persentase_day where company_id=2 and vhc_batch_id=6 and seat=29 and date='2023/6/13'
19/06/2023 14:27:03	SQL :UPDATE wh_dashboard_persentase_day SET date='2023/6/13',company_id=2,vhc_batch_id=6,seat=29,tot_perbaikan=3,created_date=GETDATE() WHERE company_id=2 and vhc_batch_id=6 and seat=29 and date='2023/6/13'
19/06/2023 14:27:03	Open DB Connection
19/06/2023 14:27:03	SQL :select id from wh_dashboard_persentase_day where company_id=2 and vhc_batch_id=6 and seat=29 and date='2023/6/14'
19/06/2023 14:27:03	SQL :UPDATE wh_dashboard_persentase_day SET date='2023/6/14',company_id=2,vhc_batch_id=6,seat=29,tot_perbaikan=3,created_date=GETDATE() WHERE company_id=2 and vhc_batch_id=6 and seat=29 and date='2023/6/14'
19/06/2023 14:27:03	Open DB Connection
19/06/2023 14:27:03	SQL :select id from wh_dashboard_persentase_day where company_id=2 and vhc_batch_id=6 and seat=29 and date='2023/6/15'
19/06/2023 14:27:03	SQL :UPDATE wh_dashboard_persentase_day SET date='2023/6/15',company_id=2,vhc_batch_id=6,seat=29,tot_perbaikan=2,created_date=GETDATE() WHERE company_id=2 and vhc_batch_id=6 and seat=29 and date='2023/6/15'
19/06/2023 14:27:04	Open DB Connection
19/06/2023 14:27:04	SQL :select id from wh_dashboard_persentase_day where company_id=2 and vhc_batch_id=6 and seat=29 and date='2023/6/16'
19/06/2023 14:27:04	SQL :UPDATE wh_dashboard_persentase_day SET date='2023/6/16',company_id=2,vhc_batch_id=6,seat=29,tot_perbaikan=3,created_date=GETDATE() WHERE company_id=2 and vhc_batch_id=6 and seat=29 and date='2023/6/16'
19/06/2023 14:27:04	Open DB Connection
19/06/2023 14:27:04	SQL :select id from wh_dashboard_persentase_day where company_id=2 and vhc_batch_id=6 and seat=29 and date='2023/6/17'
19/06/2023 14:27:04	SQL :UPDATE wh_dashboard_persentase_day SET date='2023/6/17',company_id=2,vhc_batch_id=6,seat=29,tot_perbaikan=4,created_date=GETDATE() WHERE company_id=2 and vhc_batch_id=6 and seat=29 and date='2023/6/17'
19/06/2023 14:27:05	Open DB Connection
19/06/2023 14:27:05	SQL :select id from wh_dashboard_persentase_day where company_id=2 and vhc_batch_id=6 and seat=29 and date='2023/6/18'
19/06/2023 14:27:05	SQL :UPDATE wh_dashboard_persentase_day SET date='2023/6/18',company_id=2,vhc_batch_id=6,seat=29,tot_perbaikan=5,created_date=GETDATE() WHERE company_id=2 and vhc_batch_id=6 and seat=29 and date='2023/6/18'
19/06/2023 14:27:06	Open DB Connection
19/06/2023 14:27:06	SQL :select id from wh_dashboard_persentase_day where company_id=2 and vhc_batch_id=6 and seat=29 and date='2023/6/19'
19/06/2023 14:27:06	SQL :UPDATE wh_dashboard_persentase_day SET date='2023/6/19',company_id=2,vhc_batch_id=6,seat=29,tot_perbaikan=4,created_date=GETDATE() WHERE company_id=2 and vhc_batch_id=6 and seat=29 and date='2023/6/19'
19/06/2023 14:27:07	Open DB Connection
19/06/2023 14:27:07	SQL :select id from wh_dashboard_persentase_day where company_id=2 and vhc_batch_id=6 and seat=29 and date='2023/6/20'
19/06/2023 14:27:07	SQL :UPDATE wh_dashboard_persentase_day SET date='2023/6/20',company_id=2,vhc_batch_id=6,seat=29,tot_perbaikan=4,created_date=GETDATE() WHERE company_id=2 and vhc_batch_id=6 and seat=29 and date='2023/6/20'
19/06/2023 14:27:07	Open DB Connection
19/06/2023 14:27:07	SQL :select id from wh_dashboard_persentase_day where company_id=2 and vhc_batch_id=6 and seat=29 and date='2023/6/21'
19/06/2023 14:27:08	SQL :UPDATE wh_dashboard_persentase_day SET date='2023/6/21',company_id=2,vhc_batch_id=6,seat=29,tot_perbaikan=5,created_date=GETDATE() WHERE company_id=2 and vhc_batch_id=6 and seat=29 and date='2023/6/21'
19/06/2023 14:27:08	Open DB Connection
19/06/2023 14:27:08	SQL :select id from wh_dashboard_persentase_day where company_id=2 and vhc_batch_id=6 and seat=29 and date='2023/6/22'
19/06/2023 14:27:08	SQL :UPDATE wh_dashboard_persentase_day SET date='2023/6/22',company_id=2,vhc_batch_id=6,seat=29,tot_perbaikan=4,created_date=GETDATE() WHERE company_id=2 and vhc_batch_id=6 and seat=29 and date='2023/6/22'
19/06/2023 14:27:08	Open DB Connection
19/06/2023 14:27:08	SQL :select id from wh_dashboard_persentase_day where company_id=2 and vhc_batch_id=6 and seat=29 and date='2023/6/23'
19/06/2023 14:27:08	SQL :UPDATE wh_dashboard_persentase_day SET date='2023/6/23',company_id=2,vhc_batch_id=6,seat=29,tot_perbaikan=4,created_date=GETDATE() WHERE company_id=2 and vhc_batch_id=6 and seat=29 and date='2023/6/23'
19/06/2023 14:27:08	Open DB Connection
19/06/2023 14:27:08	SQL :select id from wh_dashboard_persentase_day where company_id=2 and vhc_batch_id=6 and seat=29 and date='2023/6/24'
19/06/2023 14:27:08	SQL :UPDATE wh_dashboard_persentase_day SET date='2023/6/24',company_id=2,vhc_batch_id=6,seat=29,tot_perbaikan=6,created_date=GETDATE() WHERE company_id=2 and vhc_batch_id=6 and seat=29 and date='2023/6/24'
19/06/2023 14:27:08	Open DB Connection
19/06/2023 14:27:08	SQL :select id from wh_dashboard_persentase_day where company_id=2 and vhc_batch_id=6 and seat=29 and date='2023/6/25'
19/06/2023 14:27:08	SQL :UPDATE wh_dashboard_persentase_day SET date='2023/6/25',company_id=2,vhc_batch_id=6,seat=29,tot_perbaikan=6,created_date=GETDATE() WHERE company_id=2 and vhc_batch_id=6 and seat=29 and date='2023/6/25'
19/06/2023 14:27:08	Open DB Connection
19/06/2023 14:27:08	SQL :select id from wh_dashboard_persentase_day where company_id=2 and vhc_batch_id=6 and seat=29 and date='2023/6/26'
19/06/2023 14:27:08	SQL :UPDATE wh_dashboard_persentase_day SET date='2023/6/26',company_id=2,vhc_batch_id=6,seat=29,tot_perbaikan=4,created_date=GETDATE() WHERE company_id=2 and vhc_batch_id=6 and seat=29 and date='2023/6/26'
19/06/2023 14:27:08	Open DB Connection
19/06/2023 14:27:08	SQL :select id from wh_dashboard_persentase_day where company_id=2 and vhc_batch_id=6 and seat=29 and date='2023/6/27'
19/06/2023 14:27:08	SQL :UPDATE wh_dashboard_persentase_day SET date='2023/6/27',company_id=2,vhc_batch_id=6,seat=29,tot_perbaikan=4,created_date=GETDATE() WHERE company_id=2 and vhc_batch_id=6 and seat=29 and date='2023/6/27'
19/06/2023 14:27:08	Open DB Connection
19/06/2023 14:27:08	SQL :select id from wh_dashboard_persentase_day where company_id=2 and vhc_batch_id=6 and seat=29 and date='2023/6/28'
19/06/2023 14:27:09	SQL :UPDATE wh_dashboard_persentase_day SET date='2023/6/28',company_id=2,vhc_batch_id=6,seat=29,tot_perbaikan=4,created_date=GETDATE() WHERE company_id=2 and vhc_batch_id=6 and seat=29 and date='2023/6/28'
19/06/2023 14:27:09	Open DB Connection
19/06/2023 14:27:09	SQL :select id from wh_dashboard_persentase_day where company_id=2 and vhc_batch_id=6 and seat=29 and date='2023/6/29'
19/06/2023 14:27:09	SQL :UPDATE wh_dashboard_persentase_day SET date='2023/6/29',company_id=2,vhc_batch_id=6,seat=29,tot_perbaikan=4,created_date=GETDATE() WHERE company_id=2 and vhc_batch_id=6 and seat=29 and date='2023/6/29'
19/06/2023 14:27:09	Open DB Connection
19/06/2023 14:27:09	SQL :select id from wh_dashboard_persentase_day where company_id=2 and vhc_batch_id=6 and seat=29 and date='2023/6/30'
19/06/2023 14:27:09	SQL :UPDATE wh_dashboard_persentase_day SET date='2023/6/30',company_id=2,vhc_batch_id=6,seat=29,tot_perbaikan=4,created_date=GETDATE() WHERE company_id=2 and vhc_batch_id=6 and seat=29 and date='2023/6/30'
19/06/2023 14:27:09	Open DB Connection
19/06/2023 14:27:09	SQL :select id from wh_dashboard_persentase_day where company_id=2 and vhc_batch_id=6 and seat=29 and date='2023/6/1'
19/06/2023 14:27:09	SQL :UPDATE wh_dashboard_persentase_day SET date='2023/6/1',company_id=2,vhc_batch_id=6,seat=29,persentase_jalan=100,created_date=GETDATE() WHERE company_id=2 and vhc_batch_id=6 and seat=29 and date='2023/6/1'
19/06/2023 14:27:09	Open DB Connection
19/06/2023 14:27:09	SQL :select id from wh_dashboard_persentase_day where company_id=2 and vhc_batch_id=6 and seat=29 and date='2023/6/2'
19/06/2023 14:27:09	SQL :UPDATE wh_dashboard_persentase_day SET date='2023/6/2',company_id=2,vhc_batch_id=6,seat=29,persentase_jalan=90,created_date=GETDATE() WHERE company_id=2 and vhc_batch_id=6 and seat=29 and date='2023/6/2'
19/06/2023 14:27:09	Open DB Connection
19/06/2023 14:27:09	SQL :select id from wh_dashboard_persentase_day where company_id=2 and vhc_batch_id=6 and seat=29 and date='2023/6/3'
19/06/2023 14:27:09	SQL :UPDATE wh_dashboard_persentase_day SET date='2023/6/3',company_id=2,vhc_batch_id=6,seat=29,persentase_jalan=100,created_date=GETDATE() WHERE company_id=2 and vhc_batch_id=6 and seat=29 and date='2023/6/3'
19/06/2023 14:27:09	Open DB Connection
19/06/2023 14:27:09	SQL :select id from wh_dashboard_persentase_day where company_id=2 and vhc_batch_id=6 and seat=29 and date='2023/6/4'
19/06/2023 14:27:09	SQL :UPDATE wh_dashboard_persentase_day SET date='2023/6/4',company_id=2,vhc_batch_id=6,seat=29,persentase_jalan=100,created_date=GETDATE() WHERE company_id=2 and vhc_batch_id=6 and seat=29 and date='2023/6/4'
19/06/2023 14:27:09	Open DB Connection
19/06/2023 14:27:09	SQL :select id from wh_dashboard_persentase_day where company_id=2 and vhc_batch_id=6 and seat=29 and date='2023/6/5'
19/06/2023 14:27:09	SQL :UPDATE wh_dashboard_persentase_day SET date='2023/6/5',company_id=2,vhc_batch_id=6,seat=29,persentase_jalan=92,created_date=GETDATE() WHERE company_id=2 and vhc_batch_id=6 and seat=29 and date='2023/6/5'
19/06/2023 14:27:09	Open DB Connection
19/06/2023 14:27:09	SQL :select id from wh_dashboard_persentase_day where company_id=2 and vhc_batch_id=6 and seat=29 and date='2023/6/6'
19/06/2023 14:27:09	SQL :UPDATE wh_dashboard_persentase_day SET date='2023/6/6',company_id=2,vhc_batch_id=6,seat=29,persentase_jalan=100,created_date=GETDATE() WHERE company_id=2 and vhc_batch_id=6 and seat=29 and date='2023/6/6'
19/06/2023 14:27:09	Open DB Connection
19/06/2023 14:27:09	SQL :select id from wh_dashboard_persentase_day where company_id=2 and vhc_batch_id=6 and seat=29 and date='2023/6/7'
19/06/2023 14:27:09	SQL :UPDATE wh_dashboard_persentase_day SET date='2023/6/7',company_id=2,vhc_batch_id=6,seat=29,persentase_jalan=100,created_date=GETDATE() WHERE company_id=2 and vhc_batch_id=6 and seat=29 and date='2023/6/7'
19/06/2023 14:27:09	Open DB Connection
19/06/2023 14:27:09	SQL :select id from wh_dashboard_persentase_day where company_id=2 and vhc_batch_id=6 and seat=29 and date='2023/6/8'
19/06/2023 14:27:10	SQL :UPDATE wh_dashboard_persentase_day SET date='2023/6/8',company_id=2,vhc_batch_id=6,seat=29,persentase_jalan=100,created_date=GETDATE() WHERE company_id=2 and vhc_batch_id=6 and seat=29 and date='2023/6/8'
19/06/2023 14:27:10	Open DB Connection
19/06/2023 14:27:10	SQL :select id from wh_dashboard_persentase_day where company_id=2 and vhc_batch_id=6 and seat=29 and date='2023/6/9'
19/06/2023 14:27:10	SQL :UPDATE wh_dashboard_persentase_day SET date='2023/6/9',company_id=2,vhc_batch_id=6,seat=29,persentase_jalan=100,created_date=GETDATE() WHERE company_id=2 and vhc_batch_id=6 and seat=29 and date='2023/6/9'
19/06/2023 14:27:10	Open DB Connection
19/06/2023 14:27:10	SQL :select id from wh_dashboard_persentase_day where company_id=2 and vhc_batch_id=6 and seat=29 and date='2023/6/10'
19/06/2023 14:27:10	SQL :UPDATE wh_dashboard_persentase_day SET date='2023/6/10',company_id=2,vhc_batch_id=6,seat=29,persentase_jalan=100,created_date=GETDATE() WHERE company_id=2 and vhc_batch_id=6 and seat=29 and date='2023/6/10'
19/06/2023 14:27:10	Open DB Connection
19/06/2023 14:27:10	SQL :select id from wh_dashboard_persentase_day where company_id=2 and vhc_batch_id=6 and seat=29 and date='2023/6/11'
19/06/2023 14:27:10	SQL :UPDATE wh_dashboard_persentase_day SET date='2023/6/11',company_id=2,vhc_batch_id=6,seat=29,persentase_jalan=100,created_date=GETDATE() WHERE company_id=2 and vhc_batch_id=6 and seat=29 and date='2023/6/11'
19/06/2023 14:27:10	Open DB Connection
19/06/2023 14:27:10	SQL :select id from wh_dashboard_persentase_day where company_id=2 and vhc_batch_id=6 and seat=29 and date='2023/6/12'
19/06/2023 14:27:10	SQL :UPDATE wh_dashboard_persentase_day SET date='2023/6/12',company_id=2,vhc_batch_id=6,seat=29,persentase_jalan=100,created_date=GETDATE() WHERE company_id=2 and vhc_batch_id=6 and seat=29 and date='2023/6/12'
19/06/2023 14:27:10	Open DB Connection
19/06/2023 14:27:10	SQL :select id from wh_dashboard_persentase_day where company_id=2 and vhc_batch_id=6 and seat=29 and date='2023/6/13'
19/06/2023 14:27:10	SQL :UPDATE wh_dashboard_persentase_day SET date='2023/6/13',company_id=2,vhc_batch_id=6,seat=29,persentase_jalan=100,created_date=GETDATE() WHERE company_id=2 and vhc_batch_id=6 and seat=29 and date='2023/6/13'
19/06/2023 14:27:10	Open DB Connection
19/06/2023 14:27:10	SQL :select id from wh_dashboard_persentase_day where company_id=2 and vhc_batch_id=6 and seat=29 and date='2023/6/14'
19/06/2023 14:27:10	SQL :UPDATE wh_dashboard_persentase_day SET date='2023/6/14',company_id=2,vhc_batch_id=6,seat=29,persentase_jalan=100,created_date=GETDATE() WHERE company_id=2 and vhc_batch_id=6 and seat=29 and date='2023/6/14'
19/06/2023 14:27:10	Open DB Connection
19/06/2023 14:27:10	SQL :select id from wh_dashboard_persentase_day where company_id=2 and vhc_batch_id=6 and seat=29 and date='2023/6/15'
19/06/2023 14:27:10	SQL :UPDATE wh_dashboard_persentase_day SET date='2023/6/15',company_id=2,vhc_batch_id=6,seat=29,persentase_jalan=100,created_date=GETDATE() WHERE company_id=2 and vhc_batch_id=6 and seat=29 and date='2023/6/15'
19/06/2023 14:27:10	Open DB Connection
19/06/2023 14:27:10	SQL :select id from wh_dashboard_persentase_day where company_id=2 and vhc_batch_id=6 and seat=29 and date='2023/6/16'
19/06/2023 14:27:10	SQL :UPDATE wh_dashboard_persentase_day SET date='2023/6/16',company_id=2,vhc_batch_id=6,seat=29,persentase_jalan=100,created_date=GETDATE() WHERE company_id=2 and vhc_batch_id=6 and seat=29 and date='2023/6/16'
19/06/2023 14:27:10	Open DB Connection
19/06/2023 14:27:10	SQL :select id from wh_dashboard_persentase_day where company_id=2 and vhc_batch_id=6 and seat=29 and date='2023/6/17'
19/06/2023 14:27:10	SQL :UPDATE wh_dashboard_persentase_day SET date='2023/6/17',company_id=2,vhc_batch_id=6,seat=29,persentase_jalan=100,created_date=GETDATE() WHERE company_id=2 and vhc_batch_id=6 and seat=29 and date='2023/6/17'
19/06/2023 14:27:10	Open DB Connection
19/06/2023 14:27:10	SQL :select id from wh_dashboard_persentase_day where company_id=2 and vhc_batch_id=6 and seat=29 and date='2023/6/18'
19/06/2023 14:27:10	SQL :UPDATE wh_dashboard_persentase_day SET date='2023/6/18',company_id=2,vhc_batch_id=6,seat=29,persentase_jalan=60,created_date=GETDATE() WHERE company_id=2 and vhc_batch_id=6 and seat=29 and date='2023/6/18'
19/06/2023 14:27:10	Open DB Connection
19/06/2023 14:27:10	SQL :select id from wh_dashboard_persentase_day where company_id=2 and vhc_batch_id=6 and seat=29 and date='2023/6/19'
19/06/2023 14:27:11	SQL :UPDATE wh_dashboard_persentase_day SET date='2023/6/19',company_id=2,vhc_batch_id=6,seat=29,persentase_jalan=82,created_date=GETDATE() WHERE company_id=2 and vhc_batch_id=6 and seat=29 and date='2023/6/19'
19/06/2023 14:27:11	Open DB Connection
19/06/2023 14:27:11	SQL :select id from wh_dashboard_persentase_day where company_id=2 and vhc_batch_id=6 and seat=29 and date='2023/6/20'
19/06/2023 14:27:11	SQL :UPDATE wh_dashboard_persentase_day SET date='2023/6/20',company_id=2,vhc_batch_id=6,seat=29,persentase_jalan=100,created_date=GETDATE() WHERE company_id=2 and vhc_batch_id=6 and seat=29 and date='2023/6/20'
19/06/2023 14:27:11	Open DB Connection
19/06/2023 14:27:11	SQL :select id from wh_dashboard_persentase_day where company_id=2 and vhc_batch_id=6 and seat=29 and date='2023/6/21'
19/06/2023 14:27:11	SQL :UPDATE wh_dashboard_persentase_day SET date='2023/6/21',company_id=2,vhc_batch_id=6,seat=29,persentase_jalan=80,created_date=GETDATE() WHERE company_id=2 and vhc_batch_id=6 and seat=29 and date='2023/6/21'
19/06/2023 14:27:11	Open DB Connection
19/06/2023 14:27:11	SQL :select id from wh_dashboard_persentase_day where company_id=2 and vhc_batch_id=6 and seat=29 and date='2023/6/22'
19/06/2023 14:27:11	SQL :UPDATE wh_dashboard_persentase_day SET date='2023/6/22',company_id=2,vhc_batch_id=6,seat=29,persentase_jalan=82,created_date=GETDATE() WHERE company_id=2 and vhc_batch_id=6 and seat=29 and date='2023/6/22'
19/06/2023 14:27:11	Open DB Connection
19/06/2023 14:27:11	SQL :select id from wh_dashboard_persentase_day where company_id=2 and vhc_batch_id=6 and seat=29 and date='2023/6/23'
19/06/2023 14:27:11	SQL :UPDATE wh_dashboard_persentase_day SET date='2023/6/23',company_id=2,vhc_batch_id=6,seat=29,persentase_jalan=64,created_date=GETDATE() WHERE company_id=2 and vhc_batch_id=6 and seat=29 and date='2023/6/23'
19/06/2023 14:27:11	Open DB Connection
19/06/2023 14:27:11	SQL :select id from wh_dashboard_persentase_day where company_id=2 and vhc_batch_id=6 and seat=29 and date='2023/6/24'
19/06/2023 14:27:11	SQL :UPDATE wh_dashboard_persentase_day SET date='2023/6/24',company_id=2,vhc_batch_id=6,seat=29,persentase_jalan=67,created_date=GETDATE() WHERE company_id=2 and vhc_batch_id=6 and seat=29 and date='2023/6/24'
19/06/2023 14:27:11	Open DB Connection
19/06/2023 14:27:11	SQL :select id from wh_dashboard_persentase_day where company_id=2 and vhc_batch_id=6 and seat=29 and date='2023/6/25'
19/06/2023 14:27:11	SQL :UPDATE wh_dashboard_persentase_day SET date='2023/6/25',company_id=2,vhc_batch_id=6,seat=29,persentase_jalan=44,created_date=GETDATE() WHERE company_id=2 and vhc_batch_id=6 and seat=29 and date='2023/6/25'
19/06/2023 14:27:11	Open DB Connection
19/06/2023 14:27:11	SQL :select id from wh_dashboard_persentase_day where company_id=2 and vhc_batch_id=6 and seat=29 and date='2023/6/26'
19/06/2023 14:27:11	SQL :UPDATE wh_dashboard_persentase_day SET date='2023/6/26',company_id=2,vhc_batch_id=6,seat=29,persentase_jalan=64,created_date=GETDATE() WHERE company_id=2 and vhc_batch_id=6 and seat=29 and date='2023/6/26'
19/06/2023 14:27:11	Open DB Connection
19/06/2023 14:27:11	SQL :select id from wh_dashboard_persentase_day where company_id=2 and vhc_batch_id=6 and seat=29 and date='2023/6/27'
19/06/2023 14:27:11	SQL :UPDATE wh_dashboard_persentase_day SET date='2023/6/27',company_id=2,vhc_batch_id=6,seat=29,persentase_jalan=64,created_date=GETDATE() WHERE company_id=2 and vhc_batch_id=6 and seat=29 and date='2023/6/27'
19/06/2023 14:27:11	Open DB Connection
19/06/2023 14:27:11	SQL :select id from wh_dashboard_persentase_day where company_id=2 and vhc_batch_id=6 and seat=29 and date='2023/6/28'
19/06/2023 14:27:11	SQL :UPDATE wh_dashboard_persentase_day SET date='2023/6/28',company_id=2,vhc_batch_id=6,seat=29,persentase_jalan=82,created_date=GETDATE() WHERE company_id=2 and vhc_batch_id=6 and seat=29 and date='2023/6/28'
19/06/2023 14:27:11	Open DB Connection
19/06/2023 14:27:11	SQL :select id from wh_dashboard_persentase_day where company_id=2 and vhc_batch_id=6 and seat=29 and date='2023/6/29'
19/06/2023 14:27:12	SQL :UPDATE wh_dashboard_persentase_day SET date='2023/6/29',company_id=2,vhc_batch_id=6,seat=29,persentase_jalan=82,created_date=GETDATE() WHERE company_id=2 and vhc_batch_id=6 and seat=29 and date='2023/6/29'
19/06/2023 14:27:12	Open DB Connection
19/06/2023 14:27:12	SQL :select id from wh_dashboard_persentase_day where company_id=2 and vhc_batch_id=6 and seat=29 and date='2023/6/30'
19/06/2023 14:27:12	SQL :UPDATE wh_dashboard_persentase_day SET date='2023/6/30',company_id=2,vhc_batch_id=6,seat=29,persentase_jalan=91,created_date=GETDATE() WHERE company_id=2 and vhc_batch_id=6 and seat=29 and date='2023/6/30'
19/06/2023 14:30:32	Message:Port Check
19/06/2023 14:30:32	Message:Open DB Connection
19/06/2023 14:30:32	SQL :EXEC GetMessage '01','nanang.andriani';
19/06/2023 14:30:32	SQL :SELECT CONVERT(VARCHAR(8),GETDATE(),108) AS hour_minute;
19/06/2023 14:30:32	SQL :SELECT CONVERT(VARCHAR(10),GETDATE(),103) AS date_time;
19/06/2023 14:31:12	Open Menu :130205
19/06/2023 14:31:12	Open DB Connection
19/06/2023 14:31:12	SQL :EXEC AuthMenu 'nanang.andriani',130205;
19/06/2023 14:31:12	Form Check :EmployeeList
19/06/2023 14:31:12	Open DB Connection
19/06/2023 14:31:12	SQL :EXEC GetCompanyLocationList
19/06/2023 14:31:12	Open DB Connection
19/06/2023 14:31:12	SQL :EXEC GetEmployeeList 2,6,1,@CompanyId=2;
19/06/2023 14:31:52	Form Check :EmployeeForm
19/06/2023 14:31:52	Open DB Connection
19/06/2023 14:31:52	SQL :SELECT * FROM wh_education
19/06/2023 14:31:52	SQL :SELECT * FROM wh_religion
19/06/2023 14:31:52	SQL :SELECT * FROM wh_reference WHERE company_id=2
19/06/2023 14:31:52	SQL :EXEC GetCompanyLocationList
19/06/2023 14:31:52	SQL :SELECT * FROM wh_license_type
19/06/2023 14:31:53	SQL :SELECT * FROM wh_department WHERE active=1
19/06/2023 14:31:53	Open DB Connection
19/06/2023 14:31:53	SQL :EXEC GetEmployeeDetail BU13090003
19/06/2023 14:31:53	SQL :SELECT * FROM wh_empl_image WHERE empl_image_id=(SELECT MAX(empl_image_id) FROM wh_empl_image  WHERE employee_id='BU13090003' AND image_id=1);
19/06/2023 14:31:53	SQL :SELECT * FROM wh_empl_image WHERE empl_image_id=(SELECT MAX(empl_image_id) FROM wh_empl_image  WHERE employee_id='BU13090003' AND image_id=2);
19/06/2023 14:31:54	SQL :SELECT * FROM wh_empl_image WHERE empl_image_id=(SELECT MAX(empl_image_id) FROM wh_empl_image  WHERE employee_id='BU13090003' AND image_id=6);
19/06/2023 14:31:54	SQL :SELECT * FROM wh_empl_image WHERE empl_image_id=(SELECT MAX(empl_image_id) FROM wh_empl_image  WHERE employee_id='BU13090003' AND image_id=5);
19/06/2023 14:31:54	Open DB Connection
19/06/2023 14:31:54	SQL :SELECT a.empl_mutation_id,CONVERT(VARCHAR(10),a.from_date,105) AS from_date,COALESCE(CONVERT(VARCHAR(10),a.to_date,105),'') AS to_date  ,b.name AS company,c.location,d.status,a.description AS descr FROM wh_empl_mutation a  INNER JOIN wh_company b ON b.company_id=a.company_id INNER JOIN wh_location c ON c.location_id=a.location_id INNER JOIN wh_empl_status d ON d.status_id=a.status_id WHERE employee_id='BU13090003';
19/06/2023 14:32:43	Open Menu :130202
19/06/2023 14:32:43	Open DB Connection
19/06/2023 14:32:43	SQL :EXEC AuthMenu 'nanang.andriani',130202;
19/06/2023 14:32:43	Form Check :EmployeeList
19/06/2023 14:32:45	Form Check :EmployeeForm
19/06/2023 14:32:45	Open DB Connection
19/06/2023 14:32:45	SQL :SELECT * FROM wh_education
19/06/2023 14:32:45	SQL :SELECT * FROM wh_religion
19/06/2023 14:32:45	SQL :SELECT * FROM wh_reference WHERE company_id=2
19/06/2023 14:32:45	SQL :EXEC GetCompanyLocationList
19/06/2023 14:32:46	SQL :SELECT * FROM wh_license_type
19/06/2023 14:32:46	SQL :SELECT * FROM wh_department WHERE active=1
19/06/2023 14:32:46	Open DB Connection
19/06/2023 14:32:46	SQL :EXEC GetEmployeeDetail BS22060005
19/06/2023 14:32:46	SQL :SELECT * FROM wh_empl_image WHERE empl_image_id=(SELECT MAX(empl_image_id) FROM wh_empl_image  WHERE employee_id='BS22060005' AND image_id=1);
19/06/2023 14:32:46	SQL :SELECT * FROM wh_empl_image WHERE empl_image_id=(SELECT MAX(empl_image_id) FROM wh_empl_image  WHERE employee_id='BS22060005' AND image_id=2);
19/06/2023 14:32:46	SQL :SELECT * FROM wh_empl_image WHERE empl_image_id=(SELECT MAX(empl_image_id) FROM wh_empl_image  WHERE employee_id='BS22060005' AND image_id=6);
19/06/2023 14:32:46	SQL :SELECT * FROM wh_empl_image WHERE empl_image_id=(SELECT MAX(empl_image_id) FROM wh_empl_image  WHERE employee_id='BS22060005' AND image_id=5);
19/06/2023 14:32:46	Open DB Connection
19/06/2023 14:32:46	SQL :SELECT a.empl_mutation_id,CONVERT(VARCHAR(10),a.from_date,105) AS from_date,COALESCE(CONVERT(VARCHAR(10),a.to_date,105),'') AS to_date  ,b.name AS company,c.location,d.status,a.description AS descr FROM wh_empl_mutation a  INNER JOIN wh_company b ON b.company_id=a.company_id INNER JOIN wh_location c ON c.location_id=a.location_id INNER JOIN wh_empl_status d ON d.status_id=a.status_id WHERE employee_id='BS22060005';
19/06/2023 14:35:16	Form Check :ChatClient
19/06/2023 14:35:17	Form Check :AuthorizedForm
19/06/2023 14:35:17	Form Check :RePrintForm
19/06/2023 14:35:17	Form Check :EmployeeSearch
19/06/2023 14:35:17	Form Check :TimeInputForm
19/06/2023 14:35:17	Log Out
19/06/2023 14:35:18	Start Return Local Settings
19/06/2023 14:35:19	Change short date format
19/06/2023 14:35:19	Change Long date format
19/06/2023 14:35:19	Finish Return Local Settings
19/06/2023 14:35:19	Delete cursor File
19/06/2023 14:35:19	Destroying Object
19/06/2023 14:35:19	Closing Apps
19/06/2023 14:35:39	Get Local Settings
19/06/2023 14:35:39	Start Change Local Settings
19/06/2023 14:35:39	Change short date format
19/06/2023 14:35:39	Change Long date format
19/06/2023 14:35:39	Finish Change Local Settings
19/06/2023 14:35:39	Registry Read: Path=SOFTWARE\WEHA\Aplikasi\3
19/06/2023 14:35:39	Registry Read/Write
19/06/2023 14:35:39	Registry Read: Path=SOFTWARE\WEHA\Aplikasi\3
19/06/2023 14:35:39	Registry Read:Fail
19/06/2023 14:35:39	Setting DB Param
19/06/2023 14:35:39	Create DB Object
19/06/2023 14:35:39	Init DB
19/06/2023 14:35:42	Error Create DB Connection
19/06/2023 14:35:46	Change Db Connection to :Provider=MSDASQL.1
19/06/2023 14:35:46	Finish Create DB Connection
19/06/2023 14:35:46	Get File Version
19/06/2023 14:35:46	Change  Caption
19/06/2023 14:35:46	Init Shortkey
19/06/2023 14:35:47	Form Check :Setting
19/06/2023 14:35:47	Form Open: Setting
19/06/2023 14:36:08	Create DB Object
19/06/2023 14:36:08	Init DB
19/06/2023 14:36:08	Finish Init DB
19/06/2023 14:36:08	Port Check
19/06/2023 14:36:08	Connection Check
19/06/2023 14:36:08	Check Success
19/06/2023 14:36:09	Registry Write: 192.168.10.247,wh_prod,sa,SQLNCLI10
19/06/2023 14:36:09	Registry Read: Path=SOFTWARE\WEHA\Aplikasi\3
19/06/2023 14:36:09	Registry Read:Fail
19/06/2023 14:36:11	Create DB Object
19/06/2023 14:36:11	Init DB
19/06/2023 14:36:11	Finish Init DB
19/06/2023 14:36:17	Update new version check
19/06/2023 14:36:17	Open DB Connection
19/06/2023 14:36:17	SQL :
19/06/2023 14:36:17	Update check version
19/06/2023 14:36:17	Open DB Connection
19/06/2023 14:36:17	SQL :SELECT version FROM wh_application WHERE application_id=(SELECT MAX(application_id) FROM wh_application);
19/06/2023 14:36:17	Start Login
19/06/2023 14:36:17	Open DB Connection
19/06/2023 14:36:17	SQL :EXEC AuthenticateUser 'nanang.andriani','3b5929d0c23006c99522f38746d85dd4';
19/06/2023 14:36:17	SQL :INSERT INTO wh_log (user_id,app_date,app_version,app_version_svr,location_id,company_id,department_id,host_name,ip_address)  VALUES ('nanang.andriani','19/06/2023','6.1.5.23','6.1.5.23',6,2,13,'DESKTOP-88BM05S','192.168.25.214');
19/06/2023 14:36:17	Open DB Connection
19/06/2023 14:36:17	SQL :EXEC GetUserMenu 'nanang.andriani';
19/06/2023 14:36:17	SQL :EXEC GetUserSubMenu 'nanang.andriani','11';
19/06/2023 14:36:17	SQL :EXEC GetUserTreeMenu 'nanang.andriani','1101',@CompanyId=2;
19/06/2023 14:36:17	SQL :EXEC GetUserTreeMenu 'nanang.andriani','1102',@CompanyId=2;
19/06/2023 14:36:17	SQL :EXEC GetUserTreeMenu 'nanang.andriani','1103',@CompanyId=2;
19/06/2023 14:36:17	SQL :EXEC GetUserTreeMenu 'nanang.andriani','1104',@CompanyId=2;
19/06/2023 14:36:17	SQL :EXEC GetUserTreeMenu 'nanang.andriani','1105',@CompanyId=2;
19/06/2023 14:36:17	SQL :EXEC GetUserTreeMenu 'nanang.andriani','1106',@CompanyId=2;
19/06/2023 14:36:17	SQL :EXEC GetUserTreeMenu 'nanang.andriani','1107',@CompanyId=2;
19/06/2023 14:36:17	SQL :EXEC GetUserTreeMenu 'nanang.andriani','1108',@CompanyId=2;
19/06/2023 14:36:17	SQL :EXEC GetUserTreeMenu 'nanang.andriani','1109',@CompanyId=2;
19/06/2023 14:36:17	SQL :EXEC GetUserTreeMenu 'nanang.andriani','1110',@CompanyId=2;
19/06/2023 14:36:17	SQL :EXEC GetUserTreeMenu 'nanang.andriani','1111',@CompanyId=2;
19/06/2023 14:36:17	SQL :EXEC GetUserTreeMenu 'nanang.andriani','1112',@CompanyId=2;
19/06/2023 14:36:17	SQL :EXEC GetUserTreeMenu 'nanang.andriani','1113',@CompanyId=2;
19/06/2023 14:36:17	SQL :EXEC GetUserTreeMenu 'nanang.andriani','1114',@CompanyId=2;
19/06/2023 14:36:17	SQL :EXEC GetUserTreeMenu 'nanang.andriani','1115',@CompanyId=2;
19/06/2023 14:36:17	SQL :EXEC GetUserTreeMenu 'nanang.andriani','1116',@CompanyId=2;
19/06/2023 14:36:17	SQL :EXEC GetUserTreeMenu 'nanang.andriani','1117',@CompanyId=2;
19/06/2023 14:36:17	SQL :EXEC GetUserTreeMenu 'nanang.andriani','1198',@CompanyId=2;
19/06/2023 14:36:17	SQL :EXEC GetUserTreeMenu 'nanang.andriani','1199',@CompanyId=2;
19/06/2023 14:36:17	SQL :EXEC GetUserSubMenu 'nanang.andriani','12';
19/06/2023 14:36:17	SQL :EXEC GetUserTreeMenu 'nanang.andriani','1201',@CompanyId=2;
19/06/2023 14:36:17	SQL :EXEC GetUserTreeMenu 'nanang.andriani','1202',@CompanyId=2;
19/06/2023 14:36:17	SQL :EXEC GetUserTreeMenu 'nanang.andriani','1203',@CompanyId=2;
19/06/2023 14:36:17	SQL :EXEC GetUserTreeMenu 'nanang.andriani','1204',@CompanyId=2;
19/06/2023 14:36:17	SQL :EXEC GetUserTreeMenu 'nanang.andriani','1205',@CompanyId=2;
19/06/2023 14:36:17	SQL :EXEC GetUserTreeMenu 'nanang.andriani','1206',@CompanyId=2;
19/06/2023 14:36:17	SQL :EXEC GetUserTreeMenu 'nanang.andriani','1207',@CompanyId=2;
19/06/2023 14:36:17	SQL :EXEC GetUserSubMenu 'nanang.andriani','13';
19/06/2023 14:36:17	SQL :EXEC GetUserTreeMenu 'nanang.andriani','1301',@CompanyId=2;
19/06/2023 14:36:17	SQL :EXEC GetUserTreeMenu 'nanang.andriani','1302',@CompanyId=2;
19/06/2023 14:36:17	SQL :EXEC GetUserTreeMenu 'nanang.andriani','1303',@CompanyId=2;
19/06/2023 14:36:17	SQL :EXEC GetUserTreeMenu 'nanang.andriani','1304',@CompanyId=2;
19/06/2023 14:36:18	SQL :EXEC GetUserTreeMenu 'nanang.andriani','1305',@CompanyId=2;
19/06/2023 14:36:18	SQL :EXEC GetUserTreeMenu 'nanang.andriani','1306',@CompanyId=2;
19/06/2023 14:36:18	SQL :EXEC GetUserTreeMenu 'nanang.andriani','1307',@CompanyId=2;
19/06/2023 14:36:18	SQL :EXEC GetUserTreeMenu 'nanang.andriani','1308',@CompanyId=2;
19/06/2023 14:36:18	SQL :EXEC GetUserTreeMenu 'nanang.andriani','1309',@CompanyId=2;
19/06/2023 14:36:18	SQL :EXEC GetUserTreeMenu 'nanang.andriani','1310',@CompanyId=2;
19/06/2023 14:36:18	SQL :EXEC GetUserTreeMenu 'nanang.andriani','1311',@CompanyId=2;
19/06/2023 14:36:18	SQL :EXEC GetUserTreeMenu 'nanang.andriani','1312',@CompanyId=2;
19/06/2023 14:36:18	SQL :EXEC GetUserTreeMenu 'nanang.andriani','1313',@CompanyId=2;
19/06/2023 14:36:18	SQL :EXEC GetUserTreeMenu 'nanang.andriani','1314',@CompanyId=2;
19/06/2023 14:36:18	SQL :EXEC GetUserTreeMenu 'nanang.andriani','1315',@CompanyId=2;
19/06/2023 14:36:18	SQL :EXEC GetUserTreeMenu 'nanang.andriani','1316',@CompanyId=2;
19/06/2023 14:36:18	SQL :EXEC GetUserTreeMenu 'nanang.andriani','1317',@CompanyId=2;
19/06/2023 14:36:18	SQL :EXEC GetUserTreeMenu 'nanang.andriani','1318',@CompanyId=2;
19/06/2023 14:36:18	SQL :EXEC GetUserTreeMenu 'nanang.andriani','1319',@CompanyId=2;
19/06/2023 14:36:18	SQL :EXEC GetUserTreeMenu 'nanang.andriani','1320',@CompanyId=2;
19/06/2023 14:36:18	SQL :EXEC GetUserTreeMenu 'nanang.andriani','1321',@CompanyId=2;
19/06/2023 14:36:18	SQL :EXEC GetUserTreeMenu 'nanang.andriani','1322',@CompanyId=2;
19/06/2023 14:36:18	SQL :EXEC GetUserSubMenu 'nanang.andriani','14';
19/06/2023 14:36:18	SQL :EXEC GetUserTreeMenu 'nanang.andriani','1401',@CompanyId=2;
19/06/2023 14:36:18	SQL :EXEC GetUserTreeMenu 'nanang.andriani','1402',@CompanyId=2;
19/06/2023 14:36:18	SQL :EXEC GetUserTreeMenu 'nanang.andriani','1403',@CompanyId=2;
19/06/2023 14:36:18	SQL :EXEC GetUserTreeMenu 'nanang.andriani','1404',@CompanyId=2;
19/06/2023 14:36:18	SQL :EXEC GetUserTreeMenu 'nanang.andriani','1406',@CompanyId=2;
19/06/2023 14:36:18	SQL :EXEC GetUserTreeMenu 'nanang.andriani','1408',@CompanyId=2;
19/06/2023 14:36:18	SQL :EXEC GetUserTreeMenu 'nanang.andriani','1410',@CompanyId=2;
19/06/2023 14:36:18	SQL :EXEC GetUserTreeMenu 'nanang.andriani','1411',@CompanyId=2;
19/06/2023 14:36:18	SQL :EXEC GetUserTreeMenu 'nanang.andriani','1412',@CompanyId=2;
19/06/2023 14:36:18	SQL :EXEC GetUserTreeMenu 'nanang.andriani','1413',@CompanyId=2;
19/06/2023 14:36:18	SQL :EXEC GetUserTreeMenu 'nanang.andriani','1414',@CompanyId=2;
19/06/2023 14:36:18	SQL :EXEC GetUserSubMenu 'nanang.andriani','15';
19/06/2023 14:36:18	SQL :EXEC GetUserTreeMenu 'nanang.andriani','1501',@CompanyId=2;
19/06/2023 14:36:18	SQL :EXEC GetUserTreeMenu 'nanang.andriani','1502',@CompanyId=2;
19/06/2023 14:36:18	SQL :EXEC GetUserTreeMenu 'nanang.andriani','1503',@CompanyId=2;
19/06/2023 14:36:18	SQL :EXEC GetUserTreeMenu 'nanang.andriani','1504',@CompanyId=2;
19/06/2023 14:36:18	SQL :EXEC GetUserTreeMenu 'nanang.andriani','1505',@CompanyId=2;
19/06/2023 14:36:18	SQL :EXEC GetUserTreeMenu 'nanang.andriani','1506',@CompanyId=2;
19/06/2023 14:36:18	SQL :EXEC GetUserTreeMenu 'nanang.andriani','1507',@CompanyId=2;
19/06/2023 14:36:18	SQL :EXEC GetUserTreeMenu 'nanang.andriani','1508',@CompanyId=2;
19/06/2023 14:36:18	SQL :EXEC GetUserTreeMenu 'nanang.andriani','1509',@CompanyId=2;
19/06/2023 14:36:18	SQL :EXEC GetUserTreeMenu 'nanang.andriani','1510',@CompanyId=2;
19/06/2023 14:36:18	SQL :EXEC GetUserTreeMenu 'nanang.andriani','1511',@CompanyId=2;
19/06/2023 14:36:18	SQL :EXEC GetUserSubMenu 'nanang.andriani','16';
19/06/2023 14:36:18	SQL :EXEC GetUserTreeMenu 'nanang.andriani','1601',@CompanyId=2;
19/06/2023 14:36:18	SQL :EXEC GetUserTreeMenu 'nanang.andriani','1602',@CompanyId=2;
19/06/2023 14:36:18	SQL :EXEC GetUserTreeMenu 'nanang.andriani','1603',@CompanyId=2;
19/06/2023 14:36:18	SQL :EXEC GetUserTreeMenu 'nanang.andriani','1604',@CompanyId=2;
19/06/2023 14:36:18	SQL :EXEC GetUserTreeMenu 'nanang.andriani','1605',@CompanyId=2;
19/06/2023 14:36:18	SQL :EXEC GetUserTreeMenu 'nanang.andriani','1606',@CompanyId=2;
19/06/2023 14:36:18	SQL :EXEC GetUserTreeMenu 'nanang.andriani','1607',@CompanyId=2;
19/06/2023 14:36:18	SQL :EXEC GetUserTreeMenu 'nanang.andriani','1608',@CompanyId=2;
19/06/2023 14:36:19	SQL :EXEC GetUserTreeMenu 'nanang.andriani','1609',@CompanyId=2;
19/06/2023 14:36:19	SQL :EXEC GetUserTreeMenu 'nanang.andriani','1610',@CompanyId=2;
19/06/2023 14:36:19	SQL :EXEC GetUserTreeMenu 'nanang.andriani','1611',@CompanyId=2;
19/06/2023 14:36:19	SQL :EXEC GetUserTreeMenu 'nanang.andriani','1612',@CompanyId=2;
19/06/2023 14:36:19	SQL :EXEC GetUserTreeMenu 'nanang.andriani','1613',@CompanyId=2;
19/06/2023 14:36:19	SQL :EXEC GetUserTreeMenu 'nanang.andriani','1614',@CompanyId=2;
19/06/2023 14:36:19	SQL :EXEC GetUserTreeMenu 'nanang.andriani','1615',@CompanyId=2;
19/06/2023 14:36:19	SQL :EXEC GetUserTreeMenu 'nanang.andriani','1616',@CompanyId=2;
19/06/2023 14:36:19	SQL :EXEC GetUserTreeMenu 'nanang.andriani','1619',@CompanyId=2;
19/06/2023 14:36:19	SQL :EXEC GetUserTreeMenu 'nanang.andriani','1620',@CompanyId=2;
19/06/2023 14:36:19	SQL :EXEC GetUserSubMenu 'nanang.andriani','17';
19/06/2023 14:36:19	SQL :EXEC GetUserTreeMenu 'nanang.andriani','1701',@CompanyId=2;
19/06/2023 14:36:19	SQL :EXEC GetUserTreeMenu 'nanang.andriani','1702',@CompanyId=2;
19/06/2023 14:36:19	SQL :EXEC GetUserTreeMenu 'nanang.andriani','1703',@CompanyId=2;
19/06/2023 14:36:19	SQL :EXEC GetUserTreeMenu 'nanang.andriani','1704',@CompanyId=2;
19/06/2023 14:36:19	SQL :EXEC GetUserTreeMenu 'nanang.andriani','1705',@CompanyId=2;
19/06/2023 14:36:19	SQL :EXEC GetUserTreeMenu 'nanang.andriani','1706',@CompanyId=2;
19/06/2023 14:36:19	SQL :EXEC GetUserTreeMenu 'nanang.andriani','1707',@CompanyId=2;
19/06/2023 14:36:19	SQL :EXEC GetUserTreeMenu 'nanang.andriani','1708',@CompanyId=2;
19/06/2023 14:36:19	SQL :EXEC GetUserTreeMenu 'nanang.andriani','1709',@CompanyId=2;
19/06/2023 14:36:19	SQL :EXEC GetUserTreeMenu 'nanang.andriani','1710',@CompanyId=2;
19/06/2023 14:36:19	SQL :EXEC GetUserTreeMenu 'nanang.andriani','1711',@CompanyId=2;
19/06/2023 14:36:19	SQL :EXEC GetUserTreeMenu 'nanang.andriani','1712',@CompanyId=2;
19/06/2023 14:36:19	SQL :EXEC GetUserTreeMenu 'nanang.andriani','1713',@CompanyId=2;
19/06/2023 14:36:19	SQL :EXEC GetUserTreeMenu 'nanang.andriani','1714',@CompanyId=2;
19/06/2023 14:36:19	SQL :EXEC GetUserTreeMenu 'nanang.andriani','1715',@CompanyId=2;
19/06/2023 14:36:19	SQL :EXEC GetUserTreeMenu 'nanang.andriani','1716',@CompanyId=2;
19/06/2023 14:36:19	SQL :EXEC GetUserTreeMenu 'nanang.andriani','1717',@CompanyId=2;
19/06/2023 14:36:19	SQL :EXEC GetUserSubMenu 'nanang.andriani','18';
19/06/2023 14:36:19	SQL :EXEC GetUserTreeMenu 'nanang.andriani','1801',@CompanyId=2;
19/06/2023 14:36:19	SQL :EXEC GetUserSubMenu 'nanang.andriani','19';
19/06/2023 14:36:19	SQL :EXEC GetUserTreeMenu 'nanang.andriani','1901',@CompanyId=2;
19/06/2023 14:36:19	SQL :EXEC GetUserTreeMenu 'nanang.andriani','1902',@CompanyId=2;
19/06/2023 14:36:19	SQL :EXEC GetUserTreeMenu 'nanang.andriani','1903',@CompanyId=2;
19/06/2023 14:36:19	SQL :EXEC GetUserTreeMenu 'nanang.andriani','1904',@CompanyId=2;
19/06/2023 14:36:19	SQL :EXEC GetUserTreeMenu 'nanang.andriani','1905',@CompanyId=2;
19/06/2023 14:36:19	SQL :EXEC GetUserTreeMenu 'nanang.andriani','1906',@CompanyId=2;
19/06/2023 14:36:19	SQL :EXEC GetUserTreeMenu 'nanang.andriani','1907',@CompanyId=2;
19/06/2023 14:36:19	SQL :EXEC GetUserTreeMenu 'nanang.andriani','1908',@CompanyId=2;
19/06/2023 14:36:19	SQL :EXEC GetUserTreeMenu 'nanang.andriani','1909',@CompanyId=2;
19/06/2023 14:36:19	SQL :EXEC GetUserTreeMenu 'nanang.andriani','1910',@CompanyId=2;
19/06/2023 14:36:19	SQL :EXEC GetUserTreeMenu 'nanang.andriani','1911',@CompanyId=2;
19/06/2023 14:36:19	SQL :EXEC GetUserTreeMenu 'nanang.andriani','1912',@CompanyId=2;
19/06/2023 14:36:19	SQL :SELECT CONVERT(VARCHAR(8),GETDATE(),108) AS hour_minute;
19/06/2023 14:36:19	SQL :SELECT CONVERT(VARCHAR(10),GETDATE(),103) AS date_time;
19/06/2023 14:36:20	Loading Setting
19/06/2023 14:36:20	Open DB Connection
19/06/2023 14:36:20	SQL :SELECT * FROM wh_setting WHERE setting_name='Hold_Less_Deposit';
19/06/2023 14:36:20	SQL :SELECT * FROM wh_setting WHERE setting_name='Max_Less_Deposit';
19/06/2023 14:36:20	SQL :SELECT * FROM wh_setting WHERE setting_name='Dashboard_2';
19/06/2023 14:36:20	Finish Logging
19/06/2023 14:36:20	SQL :SELECT value_string FROM wh_setting WHERE (setting_name='Interval_CheckInDate') AND (active=1);
19/06/2023 14:36:20	SQL :SELECT value_string FROM wh_setting WHERE (setting_name='Interval_CheckInTime') AND (active=1);
19/06/2023 14:36:20	SQL :SELECT value_string FROM wh_setting WHERE (setting_name='ChatEnable') and (active=1);
19/06/2023 14:36:21	Message:Port Check
19/06/2023 14:36:21	Message:Open DB Connection
19/06/2023 14:36:21	SQL :EXEC GetMessage '01','nanang.andriani';
19/06/2023 14:36:21	SQL :SELECT CONVERT(VARCHAR(8),GETDATE(),108) AS hour_minute;
19/06/2023 14:36:21	SQL :SELECT CONVERT(VARCHAR(10),GETDATE(),103) AS date_time;
19/06/2023 14:36:28	Open Menu :190507
19/06/2023 14:36:28	Open DB Connection
19/06/2023 14:36:28	SQL :EXEC AuthMenu 'nanang.andriani',190507;
19/06/2023 14:36:28	Form Check :BusRunningDaysminiRpt
19/06/2023 14:36:28	Form Open: BusRunningDaysMiniRpt=,0
19/06/2023 14:36:28	Open DB Connection
19/06/2023 14:36:28	SQL :EXEC GetCompanyLocationList
19/06/2023 14:36:28	SQL :EXEC GetUserRDLocationList @UserName='nanang.andriani' ;
19/06/2023 14:36:28	SQL :EXEC GetGroup 2;
19/06/2023 14:36:29	Open DB Connection
19/06/2023 14:36:33	Open Menu :130205
19/06/2023 14:36:33	Open DB Connection
19/06/2023 14:36:33	SQL :EXEC AuthMenu 'nanang.andriani',130205;
19/06/2023 14:36:33	Form Check :EmployeeList
19/06/2023 14:36:33	Open DB Connection
19/06/2023 14:36:33	SQL :EXEC GetCompanyLocationList
19/06/2023 14:36:33	Open DB Connection
19/06/2023 14:36:33	SQL :EXEC GetEmployeeList 2,6,1,@CompanyId=2;
19/06/2023 14:38:12	Open DB Connection
19/06/2023 14:38:16	Open DB Connection
19/06/2023 14:38:16	SQL :SELECT * FROM wh_setting WHERE (setting_name='ServiceBerkala_as_PKB_2') AND (active=1);
19/06/2023 14:38:16	Open DB Connection
19/06/2023 14:38:16	SQL :EXEC GetVhcList 6,@CompanyId=2,@BatchId=6,@Seat=29,@OrderBy='category, category_sequence_number,h.vhc_batch_id,seat,license_plate',@ShowBatch=1,@isOutsideRent=0,@Dates='2023/06/30';
19/06/2023 14:38:16	SQL :EXEC GetRunningDaysDetail 'BS221070063',@FromDate='2023-06-01',@ToDate='2023-06-30', @CompanyId=2;
19/06/2023 14:38:16	SQL :EXEC GetRunningDaysDetail 'BS221070060',@FromDate='2023-06-01',@ToDate='2023-06-30', @CompanyId=2;
19/06/2023 14:38:16	SQL :EXEC GetRunningDaysDetail 'BS220080008',@FromDate='2023-06-01',@ToDate='2023-06-30', @CompanyId=2;
19/06/2023 14:38:16	SQL :EXEC GetRunningDaysDetail 'BS220080009',@FromDate='2023-06-01',@ToDate='2023-06-30', @CompanyId=2;
19/06/2023 14:38:17	SQL :EXEC GetRunningDaysDetail 'BS221070061',@FromDate='2023-06-01',@ToDate='2023-06-30', @CompanyId=2;
19/06/2023 14:38:17	SQL :EXEC GetRunningDaysDetail 'BS221070041',@FromDate='2023-06-01',@ToDate='2023-06-30', @CompanyId=2;
19/06/2023 14:38:17	SQL :EXEC GetRunningDaysDetail 'BS221070064',@FromDate='2023-06-01',@ToDate='2023-06-30', @CompanyId=2;
19/06/2023 14:38:17	SQL :EXEC GetRunningDaysDetail 'BS220080007',@FromDate='2023-06-01',@ToDate='2023-06-30', @CompanyId=2;
19/06/2023 14:38:17	SQL :EXEC GetRunningDaysDetail 'BS220080006',@FromDate='2023-06-01',@ToDate='2023-06-30', @CompanyId=2;
19/06/2023 14:38:17	SQL :EXEC GetRunningDaysDetail 'BS220080010',@FromDate='2023-06-01',@ToDate='2023-06-30', @CompanyId=2;
19/06/2023 14:38:18	SQL :EXEC GetRunningDaysDetail 'BS221070068',@FromDate='2023-06-01',@ToDate='2023-06-30', @CompanyId=2;
19/06/2023 14:38:18	SQL :EXEC GetRunningDaysDetail 'BS221070062',@FromDate='2023-06-01',@ToDate='2023-06-30', @CompanyId=2;
19/06/2023 14:38:18	SQL :EXEC GetRunningDaysDetail 'BS221070069',@FromDate='2023-06-01',@ToDate='2023-06-30', @CompanyId=2;
19/06/2023 14:38:18	SQL :EXEC GetRunningDaysDetail 'BS221070066',@FromDate='2023-06-01',@ToDate='2023-06-30', @CompanyId=2;
19/06/2023 14:38:18	SQL :EXEC GetRunningDaysDetail 'BS221070067',@FromDate='2023-06-01',@ToDate='2023-06-30', @CompanyId=2;
19/06/2023 14:38:18	Open DB Connection
19/06/2023 14:38:18	SQL :select id from wh_dashboard_persentase_day where company_id=2 and vhc_batch_id=6 and seat=29 and date='2023/6/1'
19/06/2023 14:38:18	SQL :UPDATE wh_dashboard_persentase_day SET date='2023/6/1',company_id=2,vhc_batch_id=6,seat=29,tot_perbaikan=4,created_date=GETDATE() WHERE company_id=2 and vhc_batch_id=6 and seat=29 and date='2023/6/1'
19/06/2023 14:38:18	Open DB Connection
19/06/2023 14:38:18	SQL :select id from wh_dashboard_persentase_day where company_id=2 and vhc_batch_id=6 and seat=29 and date='2023/6/2'
19/06/2023 14:38:18	SQL :UPDATE wh_dashboard_persentase_day SET date='2023/6/2',company_id=2,vhc_batch_id=6,seat=29,tot_perbaikan=4,created_date=GETDATE() WHERE company_id=2 and vhc_batch_id=6 and seat=29 and date='2023/6/2'
19/06/2023 14:38:18	Open DB Connection
19/06/2023 14:38:18	SQL :select id from wh_dashboard_persentase_day where company_id=2 and vhc_batch_id=6 and seat=29 and date='2023/6/3'
19/06/2023 14:38:18	SQL :UPDATE wh_dashboard_persentase_day SET date='2023/6/3',company_id=2,vhc_batch_id=6,seat=29,tot_perbaikan=1,created_date=GETDATE() WHERE company_id=2 and vhc_batch_id=6 and seat=29 and date='2023/6/3'
19/06/2023 14:38:19	Open DB Connection
19/06/2023 14:38:19	SQL :select id from wh_dashboard_persentase_day where company_id=2 and vhc_batch_id=6 and seat=29 and date='2023/6/4'
19/06/2023 14:38:19	SQL :UPDATE wh_dashboard_persentase_day SET date='2023/6/4',company_id=2,vhc_batch_id=6,seat=29,tot_perbaikan=3,created_date=GETDATE() WHERE company_id=2 and vhc_batch_id=6 and seat=29 and date='2023/6/4'
19/06/2023 14:38:19	Open DB Connection
19/06/2023 14:38:19	SQL :select id from wh_dashboard_persentase_day where company_id=2 and vhc_batch_id=6 and seat=29 and date='2023/6/5'
19/06/2023 14:38:19	SQL :UPDATE wh_dashboard_persentase_day SET date='2023/6/5',company_id=2,vhc_batch_id=6,seat=29,tot_perbaikan=2,created_date=GETDATE() WHERE company_id=2 and vhc_batch_id=6 and seat=29 and date='2023/6/5'
19/06/2023 14:38:19	Open DB Connection
19/06/2023 14:38:19	SQL :select id from wh_dashboard_persentase_day where company_id=2 and vhc_batch_id=6 and seat=29 and date='2023/6/6'
19/06/2023 14:38:19	SQL :UPDATE wh_dashboard_persentase_day SET date='2023/6/6',company_id=2,vhc_batch_id=6,seat=29,tot_perbaikan=1,created_date=GETDATE() WHERE company_id=2 and vhc_batch_id=6 and seat=29 and date='2023/6/6'
19/06/2023 14:38:19	Open DB Connection
19/06/2023 14:38:19	SQL :select id from wh_dashboard_persentase_day where company_id=2 and vhc_batch_id=6 and seat=29 and date='2023/6/7'
19/06/2023 14:38:19	SQL :UPDATE wh_dashboard_persentase_day SET date='2023/6/7',company_id=2,vhc_batch_id=6,seat=29,tot_perbaikan=1,created_date=GETDATE() WHERE company_id=2 and vhc_batch_id=6 and seat=29 and date='2023/6/7'
19/06/2023 14:38:19	Open DB Connection
19/06/2023 14:38:19	SQL :select id from wh_dashboard_persentase_day where company_id=2 and vhc_batch_id=6 and seat=29 and date='2023/6/8'
19/06/2023 14:38:19	SQL :UPDATE wh_dashboard_persentase_day SET date='2023/6/8',company_id=2,vhc_batch_id=6,seat=29,tot_perbaikan=2,created_date=GETDATE() WHERE company_id=2 and vhc_batch_id=6 and seat=29 and date='2023/6/8'
19/06/2023 14:38:19	Open DB Connection
19/06/2023 14:38:19	SQL :select id from wh_dashboard_persentase_day where company_id=2 and vhc_batch_id=6 and seat=29 and date='2023/6/9'
19/06/2023 14:38:19	SQL :UPDATE wh_dashboard_persentase_day SET date='2023/6/9',company_id=2,vhc_batch_id=6,seat=29,tot_perbaikan=1,created_date=GETDATE() WHERE company_id=2 and vhc_batch_id=6 and seat=29 and date='2023/6/9'
19/06/2023 14:38:19	Open DB Connection
19/06/2023 14:38:19	SQL :select id from wh_dashboard_persentase_day where company_id=2 and vhc_batch_id=6 and seat=29 and date='2023/6/10'
19/06/2023 14:38:19	SQL :UPDATE wh_dashboard_persentase_day SET date='2023/6/10',company_id=2,vhc_batch_id=6,seat=29,tot_perbaikan=3,created_date=GETDATE() WHERE company_id=2 and vhc_batch_id=6 and seat=29 and date='2023/6/10'
19/06/2023 14:38:19	Open DB Connection
19/06/2023 14:38:19	SQL :select id from wh_dashboard_persentase_day where company_id=2 and vhc_batch_id=6 and seat=29 and date='2023/6/11'
19/06/2023 14:38:19	SQL :UPDATE wh_dashboard_persentase_day SET date='2023/6/11',company_id=2,vhc_batch_id=6,seat=29,tot_perbaikan=2,created_date=GETDATE() WHERE company_id=2 and vhc_batch_id=6 and seat=29 and date='2023/6/11'
19/06/2023 14:38:19	Open DB Connection
19/06/2023 14:38:19	SQL :select id from wh_dashboard_persentase_day where company_id=2 and vhc_batch_id=6 and seat=29 and date='2023/6/12'
19/06/2023 14:38:19	SQL :UPDATE wh_dashboard_persentase_day SET date='2023/6/12',company_id=2,vhc_batch_id=6,seat=29,tot_perbaikan=0,created_date=GETDATE() WHERE company_id=2 and vhc_batch_id=6 and seat=29 and date='2023/6/12'
19/06/2023 14:38:19	Open DB Connection
19/06/2023 14:38:19	SQL :select id from wh_dashboard_persentase_day where company_id=2 and vhc_batch_id=6 and seat=29 and date='2023/6/13'
19/06/2023 14:38:19	SQL :UPDATE wh_dashboard_persentase_day SET date='2023/6/13',company_id=2,vhc_batch_id=6,seat=29,tot_perbaikan=1,created_date=GETDATE() WHERE company_id=2 and vhc_batch_id=6 and seat=29 and date='2023/6/13'
19/06/2023 14:38:20	Open DB Connection
19/06/2023 14:38:20	SQL :select id from wh_dashboard_persentase_day where company_id=2 and vhc_batch_id=6 and seat=29 and date='2023/6/14'
19/06/2023 14:38:20	SQL :UPDATE wh_dashboard_persentase_day SET date='2023/6/14',company_id=2,vhc_batch_id=6,seat=29,tot_perbaikan=1,created_date=GETDATE() WHERE company_id=2 and vhc_batch_id=6 and seat=29 and date='2023/6/14'
19/06/2023 14:38:20	Open DB Connection
19/06/2023 14:38:20	SQL :select id from wh_dashboard_persentase_day where company_id=2 and vhc_batch_id=6 and seat=29 and date='2023/6/15'
19/06/2023 14:38:20	SQL :UPDATE wh_dashboard_persentase_day SET date='2023/6/15',company_id=2,vhc_batch_id=6,seat=29,tot_perbaikan=0,created_date=GETDATE() WHERE company_id=2 and vhc_batch_id=6 and seat=29 and date='2023/6/15'
19/06/2023 14:38:20	Open DB Connection
19/06/2023 14:38:20	SQL :select id from wh_dashboard_persentase_day where company_id=2 and vhc_batch_id=6 and seat=29 and date='2023/6/16'
19/06/2023 14:38:20	SQL :UPDATE wh_dashboard_persentase_day SET date='2023/6/16',company_id=2,vhc_batch_id=6,seat=29,tot_perbaikan=1,created_date=GETDATE() WHERE company_id=2 and vhc_batch_id=6 and seat=29 and date='2023/6/16'
19/06/2023 14:38:20	Open DB Connection
19/06/2023 14:38:20	SQL :select id from wh_dashboard_persentase_day where company_id=2 and vhc_batch_id=6 and seat=29 and date='2023/6/17'
19/06/2023 14:38:20	SQL :UPDATE wh_dashboard_persentase_day SET date='2023/6/17',company_id=2,vhc_batch_id=6,seat=29,tot_perbaikan=0,created_date=GETDATE() WHERE company_id=2 and vhc_batch_id=6 and seat=29 and date='2023/6/17'
19/06/2023 14:38:20	Open DB Connection
19/06/2023 14:38:20	SQL :select id from wh_dashboard_persentase_day where company_id=2 and vhc_batch_id=6 and seat=29 and date='2023/6/18'
19/06/2023 14:38:20	SQL :UPDATE wh_dashboard_persentase_day SET date='2023/6/18',company_id=2,vhc_batch_id=6,seat=29,tot_perbaikan=0,created_date=GETDATE() WHERE company_id=2 and vhc_batch_id=6 and seat=29 and date='2023/6/18'
19/06/2023 14:38:20	Open DB Connection
19/06/2023 14:38:20	SQL :select id from wh_dashboard_persentase_day where company_id=2 and vhc_batch_id=6 and seat=29 and date='2023/6/19'
19/06/2023 14:38:20	SQL :UPDATE wh_dashboard_persentase_day SET date='2023/6/19',company_id=2,vhc_batch_id=6,seat=29,tot_perbaikan=1,created_date=GETDATE() WHERE company_id=2 and vhc_batch_id=6 and seat=29 and date='2023/6/19'
19/06/2023 14:38:20	Open DB Connection
19/06/2023 14:38:20	SQL :select id from wh_dashboard_persentase_day where company_id=2 and vhc_batch_id=6 and seat=29 and date='2023/6/20'
19/06/2023 14:38:20	SQL :UPDATE wh_dashboard_persentase_day SET date='2023/6/20',company_id=2,vhc_batch_id=6,seat=29,tot_perbaikan=0,created_date=GETDATE() WHERE company_id=2 and vhc_batch_id=6 and seat=29 and date='2023/6/20'
19/06/2023 14:38:20	Open DB Connection
19/06/2023 14:38:20	SQL :select id from wh_dashboard_persentase_day where company_id=2 and vhc_batch_id=6 and seat=29 and date='2023/6/21'
19/06/2023 14:38:20	SQL :UPDATE wh_dashboard_persentase_day SET date='2023/6/21',company_id=2,vhc_batch_id=6,seat=29,tot_perbaikan=2,created_date=GETDATE() WHERE company_id=2 and vhc_batch_id=6 and seat=29 and date='2023/6/21'
19/06/2023 14:38:20	Open DB Connection
19/06/2023 14:38:20	SQL :select id from wh_dashboard_persentase_day where company_id=2 and vhc_batch_id=6 and seat=29 and date='2023/6/22'
19/06/2023 14:38:20	SQL :UPDATE wh_dashboard_persentase_day SET date='2023/6/22',company_id=2,vhc_batch_id=6,seat=29,tot_perbaikan=2,created_date=GETDATE() WHERE company_id=2 and vhc_batch_id=6 and seat=29 and date='2023/6/22'
19/06/2023 14:38:20	Open DB Connection
19/06/2023 14:38:20	SQL :select id from wh_dashboard_persentase_day where company_id=2 and vhc_batch_id=6 and seat=29 and date='2023/6/23'
19/06/2023 14:38:21	SQL :UPDATE wh_dashboard_persentase_day SET date='2023/6/23',company_id=2,vhc_batch_id=6,seat=29,tot_perbaikan=2,created_date=GETDATE() WHERE company_id=2 and vhc_batch_id=6 and seat=29 and date='2023/6/23'
19/06/2023 14:38:21	Open DB Connection
19/06/2023 14:38:21	SQL :select id from wh_dashboard_persentase_day where company_id=2 and vhc_batch_id=6 and seat=29 and date='2023/6/24'
19/06/2023 14:38:21	SQL :UPDATE wh_dashboard_persentase_day SET date='2023/6/24',company_id=2,vhc_batch_id=6,seat=29,tot_perbaikan=3,created_date=GETDATE() WHERE company_id=2 and vhc_batch_id=6 and seat=29 and date='2023/6/24'
19/06/2023 14:38:21	Open DB Connection
19/06/2023 14:38:21	SQL :select id from wh_dashboard_persentase_day where company_id=2 and vhc_batch_id=6 and seat=29 and date='2023/6/25'
19/06/2023 14:38:21	SQL :UPDATE wh_dashboard_persentase_day SET date='2023/6/25',company_id=2,vhc_batch_id=6,seat=29,tot_perbaikan=3,created_date=GETDATE() WHERE company_id=2 and vhc_batch_id=6 and seat=29 and date='2023/6/25'
19/06/2023 14:38:21	Open DB Connection
19/06/2023 14:38:21	SQL :select id from wh_dashboard_persentase_day where company_id=2 and vhc_batch_id=6 and seat=29 and date='2023/6/26'
19/06/2023 14:38:21	SQL :UPDATE wh_dashboard_persentase_day SET date='2023/6/26',company_id=2,vhc_batch_id=6,seat=29,tot_perbaikan=2,created_date=GETDATE() WHERE company_id=2 and vhc_batch_id=6 and seat=29 and date='2023/6/26'
19/06/2023 14:38:21	Open DB Connection
19/06/2023 14:38:21	SQL :select id from wh_dashboard_persentase_day where company_id=2 and vhc_batch_id=6 and seat=29 and date='2023/6/27'
19/06/2023 14:38:21	SQL :UPDATE wh_dashboard_persentase_day SET date='2023/6/27',company_id=2,vhc_batch_id=6,seat=29,tot_perbaikan=2,created_date=GETDATE() WHERE company_id=2 and vhc_batch_id=6 and seat=29 and date='2023/6/27'
19/06/2023 14:38:21	Open DB Connection
19/06/2023 14:38:21	SQL :select id from wh_dashboard_persentase_day where company_id=2 and vhc_batch_id=6 and seat=29 and date='2023/6/28'
19/06/2023 14:38:21	SQL :UPDATE wh_dashboard_persentase_day SET date='2023/6/28',company_id=2,vhc_batch_id=6,seat=29,tot_perbaikan=2,created_date=GETDATE() WHERE company_id=2 and vhc_batch_id=6 and seat=29 and date='2023/6/28'
19/06/2023 14:38:21	Open DB Connection
19/06/2023 14:38:21	SQL :select id from wh_dashboard_persentase_day where company_id=2 and vhc_batch_id=6 and seat=29 and date='2023/6/29'
19/06/2023 14:38:21	SQL :UPDATE wh_dashboard_persentase_day SET date='2023/6/29',company_id=2,vhc_batch_id=6,seat=29,tot_perbaikan=2,created_date=GETDATE() WHERE company_id=2 and vhc_batch_id=6 and seat=29 and date='2023/6/29'
19/06/2023 14:38:21	Open DB Connection
19/06/2023 14:38:21	SQL :select id from wh_dashboard_persentase_day where company_id=2 and vhc_batch_id=6 and seat=29 and date='2023/6/30'
19/06/2023 14:38:21	SQL :UPDATE wh_dashboard_persentase_day SET date='2023/6/30',company_id=2,vhc_batch_id=6,seat=29,tot_perbaikan=2,created_date=GETDATE() WHERE company_id=2 and vhc_batch_id=6 and seat=29 and date='2023/6/30'
19/06/2023 14:38:21	Open DB Connection
19/06/2023 14:38:21	SQL :select id from wh_dashboard_persentase_day where company_id=2 and vhc_batch_id=6 and seat=29 and date='2023/6/1'
19/06/2023 14:38:21	SQL :UPDATE wh_dashboard_persentase_day SET date='2023/6/1',company_id=2,vhc_batch_id=6,seat=29,persentase_jalan=82,created_date=GETDATE() WHERE company_id=2 and vhc_batch_id=6 and seat=29 and date='2023/6/1'
19/06/2023 14:38:21	Open DB Connection
19/06/2023 14:38:21	SQL :select id from wh_dashboard_persentase_day where company_id=2 and vhc_batch_id=6 and seat=29 and date='2023/6/2'
19/06/2023 14:38:21	SQL :UPDATE wh_dashboard_persentase_day SET date='2023/6/2',company_id=2,vhc_batch_id=6,seat=29,persentase_jalan=82,created_date=GETDATE() WHERE company_id=2 and vhc_batch_id=6 and seat=29 and date='2023/6/2'
19/06/2023 14:38:22	Open DB Connection
19/06/2023 14:38:22	SQL :select id from wh_dashboard_persentase_day where company_id=2 and vhc_batch_id=6 and seat=29 and date='2023/6/3'
19/06/2023 14:38:22	SQL :UPDATE wh_dashboard_persentase_day SET date='2023/6/3',company_id=2,vhc_batch_id=6,seat=29,persentase_jalan=93,created_date=GETDATE() WHERE company_id=2 and vhc_batch_id=6 and seat=29 and date='2023/6/3'
19/06/2023 14:38:22	Open DB Connection
19/06/2023 14:38:22	SQL :select id from wh_dashboard_persentase_day where company_id=2 and vhc_batch_id=6 and seat=29 and date='2023/6/4'
19/06/2023 14:38:22	SQL :UPDATE wh_dashboard_persentase_day SET date='2023/6/4',company_id=2,vhc_batch_id=6,seat=29,persentase_jalan=83,created_date=GETDATE() WHERE company_id=2 and vhc_batch_id=6 and seat=29 and date='2023/6/4'
19/06/2023 14:38:22	Open DB Connection
19/06/2023 14:38:22	SQL :select id from wh_dashboard_persentase_day where company_id=2 and vhc_batch_id=6 and seat=29 and date='2023/6/5'
19/06/2023 14:38:22	SQL :UPDATE wh_dashboard_persentase_day SET date='2023/6/5',company_id=2,vhc_batch_id=6,seat=29,persentase_jalan=85,created_date=GETDATE() WHERE company_id=2 and vhc_batch_id=6 and seat=29 and date='2023/6/5'
19/06/2023 14:38:22	Open DB Connection
19/06/2023 14:38:22	SQL :select id from wh_dashboard_persentase_day where company_id=2 and vhc_batch_id=6 and seat=29 and date='2023/6/6'
19/06/2023 14:38:22	SQL :UPDATE wh_dashboard_persentase_day SET date='2023/6/6',company_id=2,vhc_batch_id=6,seat=29,persentase_jalan=86,created_date=GETDATE() WHERE company_id=2 and vhc_batch_id=6 and seat=29 and date='2023/6/6'
19/06/2023 14:38:22	Open DB Connection
19/06/2023 14:38:22	SQL :select id from wh_dashboard_persentase_day where company_id=2 and vhc_batch_id=6 and seat=29 and date='2023/6/7'
19/06/2023 14:38:22	SQL :UPDATE wh_dashboard_persentase_day SET date='2023/6/7',company_id=2,vhc_batch_id=6,seat=29,persentase_jalan=86,created_date=GETDATE() WHERE company_id=2 and vhc_batch_id=6 and seat=29 and date='2023/6/7'
19/06/2023 14:38:22	Open DB Connection
19/06/2023 14:38:22	SQL :select id from wh_dashboard_persentase_day where company_id=2 and vhc_batch_id=6 and seat=29 and date='2023/6/8'
19/06/2023 14:38:22	SQL :UPDATE wh_dashboard_persentase_day SET date='2023/6/8',company_id=2,vhc_batch_id=6,seat=29,persentase_jalan=92,created_date=GETDATE() WHERE company_id=2 and vhc_batch_id=6 and seat=29 and date='2023/6/8'
19/06/2023 14:38:22	Open DB Connection
19/06/2023 14:38:22	SQL :select id from wh_dashboard_persentase_day where company_id=2 and vhc_batch_id=6 and seat=29 and date='2023/6/9'
19/06/2023 14:38:22	SQL :UPDATE wh_dashboard_persentase_day SET date='2023/6/9',company_id=2,vhc_batch_id=6,seat=29,persentase_jalan=86,created_date=GETDATE() WHERE company_id=2 and vhc_batch_id=6 and seat=29 and date='2023/6/9'
19/06/2023 14:38:22	Open DB Connection
19/06/2023 14:38:22	SQL :select id from wh_dashboard_persentase_day where company_id=2 and vhc_batch_id=6 and seat=29 and date='2023/6/10'
19/06/2023 14:38:22	SQL :UPDATE wh_dashboard_persentase_day SET date='2023/6/10',company_id=2,vhc_batch_id=6,seat=29,persentase_jalan=67,created_date=GETDATE() WHERE company_id=2 and vhc_batch_id=6 and seat=29 and date='2023/6/10'
19/06/2023 14:38:22	Open DB Connection
19/06/2023 14:38:22	SQL :select id from wh_dashboard_persentase_day where company_id=2 and vhc_batch_id=6 and seat=29 and date='2023/6/11'
19/06/2023 14:38:22	SQL :UPDATE wh_dashboard_persentase_day SET date='2023/6/11',company_id=2,vhc_batch_id=6,seat=29,persentase_jalan=54,created_date=GETDATE() WHERE company_id=2 and vhc_batch_id=6 and seat=29 and date='2023/6/11'
19/06/2023 14:38:22	Open DB Connection
19/06/2023 14:38:22	SQL :select id from wh_dashboard_persentase_day where company_id=2 and vhc_batch_id=6 and seat=29 and date='2023/6/12'
19/06/2023 14:38:22	SQL :UPDATE wh_dashboard_persentase_day SET date='2023/6/12',company_id=2,vhc_batch_id=6,seat=29,persentase_jalan=80,created_date=GETDATE() WHERE company_id=2 and vhc_batch_id=6 and seat=29 and date='2023/6/12'
19/06/2023 14:38:22	Open DB Connection
19/06/2023 14:38:22	SQL :select id from wh_dashboard_persentase_day where company_id=2 and vhc_batch_id=6 and seat=29 and date='2023/6/13'
19/06/2023 14:38:22	SQL :UPDATE wh_dashboard_persentase_day SET date='2023/6/13',company_id=2,vhc_batch_id=6,seat=29,persentase_jalan=86,created_date=GETDATE() WHERE company_id=2 and vhc_batch_id=6 and seat=29 and date='2023/6/13'
19/06/2023 14:38:22	Open DB Connection
19/06/2023 14:38:22	SQL :select id from wh_dashboard_persentase_day where company_id=2 and vhc_batch_id=6 and seat=29 and date='2023/6/14'
19/06/2023 14:38:22	SQL :UPDATE wh_dashboard_persentase_day SET date='2023/6/14',company_id=2,vhc_batch_id=6,seat=29,persentase_jalan=86,created_date=GETDATE() WHERE company_id=2 and vhc_batch_id=6 and seat=29 and date='2023/6/14'
19/06/2023 14:38:22	Open DB Connection
19/06/2023 14:38:22	SQL :select id from wh_dashboard_persentase_day where company_id=2 and vhc_batch_id=6 and seat=29 and date='2023/6/15'
19/06/2023 14:38:22	SQL :UPDATE wh_dashboard_persentase_day SET date='2023/6/15',company_id=2,vhc_batch_id=6,seat=29,persentase_jalan=87,created_date=GETDATE() WHERE company_id=2 and vhc_batch_id=6 and seat=29 and date='2023/6/15'
19/06/2023 14:38:22	Open DB Connection
19/06/2023 14:38:22	SQL :select id from wh_dashboard_persentase_day where company_id=2 and vhc_batch_id=6 and seat=29 and date='2023/6/16'
19/06/2023 14:38:22	SQL :UPDATE wh_dashboard_persentase_day SET date='2023/6/16',company_id=2,vhc_batch_id=6,seat=29,persentase_jalan=86,created_date=GETDATE() WHERE company_id=2 and vhc_batch_id=6 and seat=29 and date='2023/6/16'
19/06/2023 14:38:22	Open DB Connection
19/06/2023 14:38:22	SQL :select id from wh_dashboard_persentase_day where company_id=2 and vhc_batch_id=6 and seat=29 and date='2023/6/17'
19/06/2023 14:38:22	SQL :UPDATE wh_dashboard_persentase_day SET date='2023/6/17',company_id=2,vhc_batch_id=6,seat=29,persentase_jalan=73,created_date=GETDATE() WHERE company_id=2 and vhc_batch_id=6 and seat=29 and date='2023/6/17'
19/06/2023 14:38:22	Open DB Connection
19/06/2023 14:38:22	SQL :select id from wh_dashboard_persentase_day where company_id=2 and vhc_batch_id=6 and seat=29 and date='2023/6/18'
19/06/2023 14:38:23	SQL :UPDATE wh_dashboard_persentase_day SET date='2023/6/18',company_id=2,vhc_batch_id=6,seat=29,persentase_jalan=40,created_date=GETDATE() WHERE company_id=2 and vhc_batch_id=6 and seat=29 and date='2023/6/18'
19/06/2023 14:38:23	Open DB Connection
19/06/2023 14:38:23	SQL :select id from wh_dashboard_persentase_day where company_id=2 and vhc_batch_id=6 and seat=29 and date='2023/6/19'
19/06/2023 14:38:23	SQL :UPDATE wh_dashboard_persentase_day SET date='2023/6/19',company_id=2,vhc_batch_id=6,seat=29,persentase_jalan=64,created_date=GETDATE() WHERE company_id=2 and vhc_batch_id=6 and seat=29 and date='2023/6/19'
19/06/2023 14:38:23	Open DB Connection
19/06/2023 14:38:23	SQL :select id from wh_dashboard_persentase_day where company_id=2 and vhc_batch_id=6 and seat=29 and date='2023/6/20'
19/06/2023 14:38:23	SQL :UPDATE wh_dashboard_persentase_day SET date='2023/6/20',company_id=2,vhc_batch_id=6,seat=29,persentase_jalan=73,created_date=GETDATE() WHERE company_id=2 and vhc_batch_id=6 and seat=29 and date='2023/6/20'
19/06/2023 14:38:23	Open DB Connection
19/06/2023 14:38:23	SQL :select id from wh_dashboard_persentase_day where company_id=2 and vhc_batch_id=6 and seat=29 and date='2023/6/21'
19/06/2023 14:38:23	SQL :UPDATE wh_dashboard_persentase_day SET date='2023/6/21',company_id=2,vhc_batch_id=6,seat=29,persentase_jalan=62,created_date=GETDATE() WHERE company_id=2 and vhc_batch_id=6 and seat=29 and date='2023/6/21'
19/06/2023 14:38:23	Open DB Connection
19/06/2023 14:38:23	SQL :select id from wh_dashboard_persentase_day where company_id=2 and vhc_batch_id=6 and seat=29 and date='2023/6/22'
19/06/2023 14:38:23	SQL :UPDATE wh_dashboard_persentase_day SET date='2023/6/22',company_id=2,vhc_batch_id=6,seat=29,persentase_jalan=69,created_date=GETDATE() WHERE company_id=2 and vhc_batch_id=6 and seat=29 and date='2023/6/22'
19/06/2023 14:38:23	Open DB Connection
19/06/2023 14:38:23	SQL :select id from wh_dashboard_persentase_day where company_id=2 and vhc_batch_id=6 and seat=29 and date='2023/6/23'
19/06/2023 14:38:23	SQL :UPDATE wh_dashboard_persentase_day SET date='2023/6/23',company_id=2,vhc_batch_id=6,seat=29,persentase_jalan=54,created_date=GETDATE() WHERE company_id=2 and vhc_batch_id=6 and seat=29 and date='2023/6/23'
19/06/2023 14:38:23	Open DB Connection
19/06/2023 14:38:23	SQL :select id from wh_dashboard_persentase_day where company_id=2 and vhc_batch_id=6 and seat=29 and date='2023/6/24'
19/06/2023 14:38:23	SQL :UPDATE wh_dashboard_persentase_day SET date='2023/6/24',company_id=2,vhc_batch_id=6,seat=29,persentase_jalan=50,created_date=GETDATE() WHERE company_id=2 and vhc_batch_id=6 and seat=29 and date='2023/6/24'
19/06/2023 14:38:23	Open DB Connection
19/06/2023 14:38:23	SQL :select id from wh_dashboard_persentase_day where company_id=2 and vhc_batch_id=6 and seat=29 and date='2023/6/25'
19/06/2023 14:38:23	SQL :UPDATE wh_dashboard_persentase_day SET date='2023/6/25',company_id=2,vhc_batch_id=6,seat=29,persentase_jalan=33,created_date=GETDATE() WHERE company_id=2 and vhc_batch_id=6 and seat=29 and date='2023/6/25'
19/06/2023 14:38:23	Open DB Connection
19/06/2023 14:38:23	SQL :select id from wh_dashboard_persentase_day where company_id=2 and vhc_batch_id=6 and seat=29 and date='2023/6/26'
19/06/2023 14:38:23	SQL :UPDATE wh_dashboard_persentase_day SET date='2023/6/26',company_id=2,vhc_batch_id=6,seat=29,persentase_jalan=54,created_date=GETDATE() WHERE company_id=2 and vhc_batch_id=6 and seat=29 and date='2023/6/26'
19/06/2023 14:38:23	Open DB Connection
19/06/2023 14:38:23	SQL :select id from wh_dashboard_persentase_day where company_id=2 and vhc_batch_id=6 and seat=29 and date='2023/6/27'
19/06/2023 14:38:24	SQL :UPDATE wh_dashboard_persentase_day SET date='2023/6/27',company_id=2,vhc_batch_id=6,seat=29,persentase_jalan=54,created_date=GETDATE() WHERE company_id=2 and vhc_batch_id=6 and seat=29 and date='2023/6/27'
19/06/2023 14:38:24	Open DB Connection
19/06/2023 14:38:24	SQL :select id from wh_dashboard_persentase_day where company_id=2 and vhc_batch_id=6 and seat=29 and date='2023/6/28'
19/06/2023 14:38:24	SQL :UPDATE wh_dashboard_persentase_day SET date='2023/6/28',company_id=2,vhc_batch_id=6,seat=29,persentase_jalan=69,created_date=GETDATE() WHERE company_id=2 and vhc_batch_id=6 and seat=29 and date='2023/6/28'
19/06/2023 14:38:24	Open DB Connection
19/06/2023 14:38:24	SQL :select id from wh_dashboard_persentase_day where company_id=2 and vhc_batch_id=6 and seat=29 and date='2023/6/29'
19/06/2023 14:38:24	SQL :UPDATE wh_dashboard_persentase_day SET date='2023/6/29',company_id=2,vhc_batch_id=6,seat=29,persentase_jalan=69,created_date=GETDATE() WHERE company_id=2 and vhc_batch_id=6 and seat=29 and date='2023/6/29'
19/06/2023 14:38:24	Open DB Connection
19/06/2023 14:38:24	SQL :select id from wh_dashboard_persentase_day where company_id=2 and vhc_batch_id=6 and seat=29 and date='2023/6/30'
19/06/2023 14:38:24	SQL :UPDATE wh_dashboard_persentase_day SET date='2023/6/30',company_id=2,vhc_batch_id=6,seat=29,persentase_jalan=77,created_date=GETDATE() WHERE company_id=2 and vhc_batch_id=6 and seat=29 and date='2023/6/30'
19/06/2023 14:39:46	Open Menu :130205
19/06/2023 14:39:46	Open DB Connection
19/06/2023 14:39:46	SQL :EXEC AuthMenu 'nanang.andriani',130205;
19/06/2023 14:39:46	Form Check :EmployeeList
19/06/2023 14:39:46	Open DB Connection
19/06/2023 14:39:46	SQL :EXEC GetCompanyLocationList
19/06/2023 14:39:46	Open DB Connection
19/06/2023 14:39:46	SQL :EXEC GetEmployeeList 2,6,1,@CompanyId=2;
19/06/2023 14:39:49	Form Check :EmployeeForm
19/06/2023 14:39:49	Open DB Connection
19/06/2023 14:39:49	SQL :SELECT * FROM wh_education
19/06/2023 14:39:49	SQL :SELECT * FROM wh_religion
19/06/2023 14:39:49	SQL :SELECT * FROM wh_reference WHERE company_id=2
19/06/2023 14:39:49	SQL :EXEC GetCompanyLocationList
19/06/2023 14:39:49	SQL :SELECT * FROM wh_license_type
19/06/2023 14:39:49	SQL :SELECT * FROM wh_department WHERE active=1
19/06/2023 14:39:49	Open DB Connection
19/06/2023 14:39:49	SQL :EXEC GetEmployeeDetail BS20080003
19/06/2023 14:39:50	SQL :SELECT * FROM wh_empl_image WHERE empl_image_id=(SELECT MAX(empl_image_id) FROM wh_empl_image  WHERE employee_id='BS20080003' AND image_id=1);
19/06/2023 14:39:50	SQL :SELECT * FROM wh_empl_image WHERE empl_image_id=(SELECT MAX(empl_image_id) FROM wh_empl_image  WHERE employee_id='BS20080003' AND image_id=2);
19/06/2023 14:39:50	SQL :SELECT * FROM wh_empl_image WHERE empl_image_id=(SELECT MAX(empl_image_id) FROM wh_empl_image  WHERE employee_id='BS20080003' AND image_id=6);
19/06/2023 14:39:50	SQL :SELECT * FROM wh_empl_image WHERE empl_image_id=(SELECT MAX(empl_image_id) FROM wh_empl_image  WHERE employee_id='BS20080003' AND image_id=5);
19/06/2023 14:39:50	Open DB Connection
19/06/2023 14:39:50	SQL :SELECT a.empl_mutation_id,CONVERT(VARCHAR(10),a.from_date,105) AS from_date,COALESCE(CONVERT(VARCHAR(10),a.to_date,105),'') AS to_date  ,b.name AS company,c.location,d.status,a.description AS descr FROM wh_empl_mutation a  INNER JOIN wh_company b ON b.company_id=a.company_id INNER JOIN wh_location c ON c.location_id=a.location_id INNER JOIN wh_empl_status d ON d.status_id=a.status_id WHERE employee_id='BS20080003';
19/06/2023 14:46:34	Message:Port Check
19/06/2023 14:46:34	Message:Open DB Connection
19/06/2023 14:46:34	SQL :EXEC GetMessage '01','nanang.andriani';
19/06/2023 14:46:34	SQL :SELECT CONVERT(VARCHAR(8),GETDATE(),108) AS hour_minute;
19/06/2023 14:46:34	SQL :SELECT CONVERT(VARCHAR(10),GETDATE(),103) AS date_time;
19/06/2023 14:50:17	Form Check :OrderForm
19/06/2023 14:50:17	Form Open: SelectBooking=BLCRB23060101  PKBRB2319/06/2023 15:10:03	Get Local Settings
19/06/2023 15:10:03	Start Change Local Settings
19/06/2023 15:10:03	Change short date format
19/06/2023 15:10:03	Change Long date format
19/06/2023 15:10:03	Finish Change Local Settings
19/06/2023 15:10:03	Registry Read: Path=SOFTWARE\WEHA\Aplikasi\3
19/06/2023 15:10:03	Registry Read/Write
19/06/2023 15:10:03	Registry Read: Path=SOFTWARE\WEHA\Aplikasi\3
19/06/2023 15:10:03	Registry Read:Fail
19/06/2023 15:10:03	Setting DB Param
19/06/2023 15:10:03	Create DB Object
19/06/2023 15:10:03	Init DB
19/06/2023 15:18:17	Error Create DB Connection
19/06/2023 15:18:20	Change Db Connection to :Provider=MSDASQL.1
19/06/2023 15:18:20	Finish Create DB Connection
19/06/2023 15:18:20	Get File Version
19/06/2023 15:18:20	Change  Caption
19/06/2023 15:18:20	Init Shortkey
19/06/2023 15:18:21	Form Check :Setting
19/06/2023 15:18:21	Form Open: Setting
19/06/2023 15:18:41	Create DB Object
19/06/2023 15:18:41	Init DB
19/06/2023 15:18:41	Finish Init DB
19/06/2023 15:18:41	Port Check
19/06/2023 15:18:41	Connection Check
19/06/2023 15:18:41	Check Success
19/06/2023 15:18:42	Registry Write: 192.168.10.247,wh_prod,sa,SQLNCLI10
19/06/2023 15:18:42	Registry Read: Path=SOFTWARE\WEHA\Aplikasi\3
19/06/2023 15:18:42	Registry Read:Fail
19/06/2023 15:18:46	Create DB Object
19/06/2023 15:18:46	Init DB
19/06/2023 15:18:46	Finish Init DB
19/06/2023 15:18:52	Update new version check
19/06/2023 15:18:52	Open DB Connection
19/06/2023 15:18:52	SQL :
19/06/2023 15:18:52	Update check version
19/06/2023 15:18:52	Open DB Connection
19/06/2023 15:18:52	SQL :SELECT version FROM wh_application WHERE application_id=(SELECT MAX(application_id) FROM wh_application);
19/06/2023 15:18:52	Start Login
19/06/2023 15:18:52	Open DB Connection
19/06/2023 15:18:52	SQL :EXEC AuthenticateUser 'nanang.andriani','3b5929d0c23006c99522f38746d85dd4';
19/06/2023 15:18:52	SQL :INSERT INTO wh_log (user_id,app_date,app_version,app_version_svr,location_id,company_id,department_id,host_name,ip_address)  VALUES ('nanang.andriani','19/06/2023','6.1.5.23','6.1.5.23',6,2,13,'DESKTOP-88BM05S','192.168.25.214');
19/06/2023 15:18:52	Open DB Connection
19/06/2023 15:18:52	SQL :EXEC GetUserMenu 'nanang.andriani';
19/06/2023 15:18:52	SQL :EXEC GetUserSubMenu 'nanang.andriani','11';
19/06/2023 15:18:52	SQL :EXEC GetUserTreeMenu 'nanang.andriani','1101',@CompanyId=2;
19/06/2023 15:18:52	SQL :EXEC GetUserTreeMenu 'nanang.andriani','1102',@CompanyId=2;
19/06/2023 15:18:52	SQL :EXEC GetUserTreeMenu 'nanang.andriani','1103',@CompanyId=2;
19/06/2023 15:18:52	SQL :EXEC GetUserTreeMenu 'nanang.andriani','1104',@CompanyId=2;
19/06/2023 15:18:52	SQL :EXEC GetUserTreeMenu 'nanang.andriani','1105',@CompanyId=2;
19/06/2023 15:18:52	SQL :EXEC GetUserTreeMenu 'nanang.andriani','1106',@CompanyId=2;
19/06/2023 15:18:52	SQL :EXEC GetUserTreeMenu 'nanang.andriani','1107',@CompanyId=2;
19/06/2023 15:18:52	SQL :EXEC GetUserTreeMenu 'nanang.andriani','1108',@CompanyId=2;
19/06/2023 15:18:52	SQL :EXEC GetUserTreeMenu 'nanang.andriani','1109',@CompanyId=2;
19/06/2023 15:18:52	SQL :EXEC GetUserTreeMenu 'nanang.andriani','1110',@CompanyId=2;
19/06/2023 15:18:52	SQL :EXEC GetUserTreeMenu 'nanang.andriani','1111',@CompanyId=2;
19/06/2023 15:18:52	SQL :EXEC GetUserTreeMenu 'nanang.andriani','1112',@CompanyId=2;
19/06/2023 15:18:52	SQL :EXEC GetUserTreeMenu 'nanang.andriani','1113',@CompanyId=2;
19/06/2023 15:18:52	SQL :EXEC GetUserTreeMenu 'nanang.andriani','1114',@CompanyId=2;
19/06/2023 15:18:53	SQL :EXEC GetUserTreeMenu 'nanang.andriani','1115',@CompanyId=2;
19/06/2023 15:18:53	SQL :EXEC GetUserTreeMenu 'nanang.andriani','1116',@CompanyId=2;
19/06/2023 15:18:53	SQL :EXEC GetUserTreeMenu 'nanang.andriani','1117',@CompanyId=2;
19/06/2023 15:18:53	SQL :EXEC GetUserTreeMenu 'nanang.andriani','1198',@CompanyId=2;
19/06/2023 15:18:53	SQL :EXEC GetUserTreeMenu 'nanang.andriani','1199',@CompanyId=2;
19/06/2023 15:18:53	SQL :EXEC GetUserSubMenu 'nanang.andriani','12';
19/06/2023 15:18:53	SQL :EXEC GetUserTreeMenu 'nanang.andriani','1201',@CompanyId=2;
19/06/2023 15:18:53	SQL :EXEC GetUserTreeMenu 'nanang.andriani','1202',@CompanyId=2;
19/06/2023 15:18:53	SQL :EXEC GetUserTreeMenu 'nanang.andriani','1203',@CompanyId=2;
19/06/2023 15:18:53	SQL :EXEC GetUserTreeMenu 'nanang.andriani','1204',@CompanyId=2;
19/06/2023 15:18:53	SQL :EXEC GetUserTreeMenu 'nanang.andriani','1205',@CompanyId=2;
19/06/2023 15:18:53	SQL :EXEC GetUserTreeMenu 'nanang.andriani','1206',@CompanyId=2;
19/06/2023 15:18:53	SQL :EXEC GetUserTreeMenu 'nanang.andriani','1207',@CompanyId=2;
19/06/2023 15:18:53	SQL :EXEC GetUserSubMenu 'nanang.andriani','13';
19/06/2023 15:18:53	SQL :EXEC GetUserTreeMenu 'nanang.andriani','1301',@CompanyId=2;
19/06/2023 15:18:53	SQL :EXEC GetUserTreeMenu 'nanang.andriani','1302',@CompanyId=2;
19/06/2023 15:18:53	SQL :EXEC GetUserTreeMenu 'nanang.andriani','1303',@CompanyId=2;
19/06/2023 15:18:53	SQL :EXEC GetUserTreeMenu 'nanang.andriani','1304',@CompanyId=2;
19/06/2023 15:18:53	SQL :EXEC GetUserTreeMenu 'nanang.andriani','1305',@CompanyId=2;
19/06/2023 15:18:53	SQL :EXEC GetUserTreeMenu 'nanang.andriani','1306',@CompanyId=2;
19/06/2023 15:18:53	SQL :EXEC GetUserTreeMenu 'nanang.andriani','1307',@CompanyId=2;
19/06/2023 15:18:53	SQL :EXEC GetUserTreeMenu 'nanang.andriani','1308',@CompanyId=2;
19/06/2023 15:18:53	SQL :EXEC GetUserTreeMenu 'nanang.andriani','1309',@CompanyId=2;
19/06/2023 15:18:53	SQL :EXEC GetUserTreeMenu 'nanang.andriani','1310',@CompanyId=2;
19/06/2023 15:18:53	SQL :EXEC GetUserTreeMenu 'nanang.andriani','1311',@CompanyId=2;
19/06/2023 15:18:53	SQL :EXEC GetUserTreeMenu 'nanang.andriani','1312',@CompanyId=2;
19/06/2023 15:18:53	SQL :EXEC GetUserTreeMenu 'nanang.andriani','1313',@CompanyId=2;
19/06/2023 15:18:53	SQL :EXEC GetUserTreeMenu 'nanang.andriani','1314',@CompanyId=2;
19/06/2023 15:18:53	SQL :EXEC GetUserTreeMenu 'nanang.andriani','1315',@CompanyId=2;
19/06/2023 15:18:53	SQL :EXEC GetUserTreeMenu 'nanang.andriani','1316',@CompanyId=2;
19/06/2023 15:18:53	SQL :EXEC GetUserTreeMenu 'nanang.andriani','1317',@CompanyId=2;
19/06/2023 15:18:53	SQL :EXEC GetUserTreeMenu 'nanang.andriani','1318',@CompanyId=2;
19/06/2023 15:18:53	SQL :EXEC GetUserTreeMenu 'nanang.andriani','1319',@CompanyId=2;
19/06/2023 15:18:53	SQL :EXEC GetUserTreeMenu 'nanang.andriani','1320',@CompanyId=2;
19/06/2023 15:18:53	SQL :EXEC GetUserTreeMenu 'nanang.andriani','1321',@CompanyId=2;
19/06/2023 15:18:53	SQL :EXEC GetUserTreeMenu 'nanang.andriani','1322',@CompanyId=2;
19/06/2023 15:18:53	SQL :EXEC GetUserSubMenu 'nanang.andriani','14';
19/06/2023 15:18:53	SQL :EXEC GetUserTreeMenu 'nanang.andriani','1401',@CompanyId=2;
19/06/2023 15:18:53	SQL :EXEC GetUserTreeMenu 'nanang.andriani','1402',@CompanyId=2;
19/06/2023 15:18:53	SQL :EXEC GetUserTreeMenu 'nanang.andriani','1403',@CompanyId=2;
19/06/2023 15:18:53	SQL :EXEC GetUserTreeMenu 'nanang.andriani','1404',@CompanyId=2;
19/06/2023 15:18:53	SQL :EXEC GetUserTreeMenu 'nanang.andriani','1406',@CompanyId=2;
19/06/2023 15:18:53	SQL :EXEC GetUserTreeMenu 'nanang.andriani','1408',@CompanyId=2;
19/06/2023 15:18:54	SQL :EXEC GetUserTreeMenu 'nanang.andriani','1410',@CompanyId=2;
19/06/2023 15:18:54	SQL :EXEC GetUserTreeMenu 'nanang.andriani','1411',@CompanyId=2;
19/06/2023 15:18:54	SQL :EXEC GetUserTreeMenu 'nanang.andriani','1412',@CompanyId=2;
19/06/2023 15:18:54	SQL :EXEC GetUserTreeMenu 'nanang.andriani','1413',@CompanyId=2;
19/06/2023 15:18:54	SQL :EXEC GetUserTreeMenu 'nanang.andriani','1414',@CompanyId=2;
19/06/2023 15:18:54	SQL :EXEC GetUserSubMenu 'nanang.andriani','15';
19/06/2023 15:18:54	SQL :EXEC GetUserTreeMenu 'nanang.andriani','1501',@CompanyId=2;
19/06/2023 15:18:54	SQL :EXEC GetUserTreeMenu 'nanang.andriani','1502',@CompanyId=2;
19/06/2023 15:18:54	SQL :EXEC GetUserTreeMenu 'nanang.andriani','1503',@CompanyId=2;
19/06/2023 15:18:54	SQL :EXEC GetUserTreeMenu 'nanang.andriani','1504',@CompanyId=2;
19/06/2023 15:18:54	SQL :EXEC GetUserTreeMenu 'nanang.andriani','1505',@CompanyId=2;
19/06/2023 15:18:54	SQL :EXEC GetUserTreeMenu 'nanang.andriani','1506',@CompanyId=2;
19/06/2023 15:18:54	SQL :EXEC GetUserTreeMenu 'nanang.andriani','1507',@CompanyId=2;
19/06/2023 15:18:54	SQL :EXEC GetUserTreeMenu 'nanang.andriani','1508',@CompanyId=2;
19/06/2023 15:18:54	SQL :EXEC GetUserTreeMenu 'nanang.andriani','1509',@CompanyId=2;
19/06/2023 15:18:54	SQL :EXEC GetUserTreeMenu 'nanang.andriani','1510',@CompanyId=2;
19/06/2023 15:18:54	SQL :EXEC GetUserTreeMenu 'nanang.andriani','1511',@CompanyId=2;
19/06/2023 15:18:54	SQL :EXEC GetUserSubMenu 'nanang.andriani','16';
19/06/2023 15:18:54	SQL :EXEC GetUserTreeMenu 'nanang.andriani','1601',@CompanyId=2;
19/06/2023 15:18:54	SQL :EXEC GetUserTreeMenu 'nanang.andriani','1602',@CompanyId=2;
19/06/2023 15:18:54	SQL :EXEC GetUserTreeMenu 'nanang.andriani','1603',@CompanyId=2;
19/06/2023 15:18:54	SQL :EXEC GetUserTreeMenu 'nanang.andriani','1604',@CompanyId=2;
19/06/2023 15:18:54	SQL :EXEC GetUserTreeMenu 'nanang.andriani','1605',@CompanyId=2;
19/06/2023 15:18:54	SQL :EXEC GetUserTreeMenu 'nanang.andriani','1606',@CompanyId=2;
19/06/2023 15:18:54	SQL :EXEC GetUserTreeMenu 'nanang.andriani','1607',@CompanyId=2;
19/06/2023 15:18:54	SQL :EXEC GetUserTreeMenu 'nanang.andriani','1608',@CompanyId=2;
19/06/2023 15:18:54	SQL :EXEC GetUserTreeMenu 'nanang.andriani','1609',@CompanyId=2;
19/06/2023 15:18:54	SQL :EXEC GetUserTreeMenu 'nanang.andriani','1610',@CompanyId=2;
19/06/2023 15:18:54	SQL :EXEC GetUserTreeMenu 'nanang.andriani','1611',@CompanyId=2;
19/06/2023 15:18:54	SQL :EXEC GetUserTreeMenu 'nanang.andriani','1612',@CompanyId=2;
19/06/2023 15:18:54	SQL :EXEC GetUserTreeMenu 'nanang.andriani','1613',@CompanyId=2;
19/06/2023 15:18:54	SQL :EXEC GetUserTreeMenu 'nanang.andriani','1614',@CompanyId=2;
19/06/2023 15:18:54	SQL :EXEC GetUserTreeMenu 'nanang.andriani','1615',@CompanyId=2;
19/06/2023 15:18:54	SQL :EXEC GetUserTreeMenu 'nanang.andriani','1616',@CompanyId=2;
19/06/2023 15:18:54	SQL :EXEC GetUserTreeMenu 'nanang.andriani','1619',@CompanyId=2;
19/06/2023 15:18:54	SQL :EXEC GetUserTreeMenu 'nanang.andriani','1620',@CompanyId=2;
19/06/2023 15:18:54	SQL :EXEC GetUserSubMenu 'nanang.andriani','17';
19/06/2023 15:18:54	SQL :EXEC GetUserTreeMenu 'nanang.andriani','1701',@CompanyId=2;
19/06/2023 15:18:54	SQL :EXEC GetUserTreeMenu 'nanang.andriani','1702',@CompanyId=2;
19/06/2023 15:18:54	SQL :EXEC GetUserTreeMenu 'nanang.andriani','1703',@CompanyId=2;
19/06/2023 15:18:54	SQL :EXEC GetUserTreeMenu 'nanang.andriani','1704',@CompanyId=2;
19/06/2023 15:18:54	SQL :EXEC GetUserTreeMenu 'nanang.andriani','1705',@CompanyId=2;
19/06/2023 15:18:54	SQL :EXEC GetUserTreeMenu 'nanang.andriani','1706',@CompanyId=2;
19/06/2023 15:18:54	SQL :EXEC GetUserTreeMenu 'nanang.andriani','1707',@CompanyId=2;
19/06/2023 15:18:54	SQL :EXEC GetUserTreeMenu 'nanang.andriani','1708',@CompanyId=2;
19/06/2023 15:18:55	SQL :EXEC GetUserTreeMenu 'nanang.andriani','1709',@CompanyId=2;
19/06/2023 15:18:55	SQL :EXEC GetUserTreeMenu 'nanang.andriani','1710',@CompanyId=2;
19/06/2023 15:18:55	SQL :EXEC GetUserTreeMenu 'nanang.andriani','1711',@CompanyId=2;
19/06/2023 15:18:55	SQL :EXEC GetUserTreeMenu 'nanang.andriani','1712',@CompanyId=2;
19/06/2023 15:18:55	SQL :EXEC GetUserTreeMenu 'nanang.andriani','1713',@CompanyId=2;
19/06/2023 15:18:55	SQL :EXEC GetUserTreeMenu 'nanang.andriani','1714',@CompanyId=2;
19/06/2023 15:18:55	SQL :EXEC GetUserTreeMenu 'nanang.andriani','1715',@CompanyId=2;
19/06/2023 15:18:55	SQL :EXEC GetUserTreeMenu 'nanang.andriani','1716',@CompanyId=2;
19/06/2023 15:18:55	SQL :EXEC GetUserTreeMenu 'nanang.andriani','1717',@CompanyId=2;
19/06/2023 15:18:55	SQL :EXEC GetUserSubMenu 'nanang.andriani','18';
19/06/2023 15:18:55	SQL :EXEC GetUserTreeMenu 'nanang.andriani','1801',@CompanyId=2;
19/06/2023 15:18:55	SQL :EXEC GetUserSubMenu 'nanang.andriani','19';
19/06/2023 15:18:55	SQL :EXEC GetUserTreeMenu 'nanang.andriani','1901',@CompanyId=2;
19/06/2023 15:18:55	SQL :EXEC GetUserTreeMenu 'nanang.andriani','1902',@CompanyId=2;
19/06/2023 15:18:55	SQL :EXEC GetUserTreeMenu 'nanang.andriani','1903',@CompanyId=2;
19/06/2023 15:18:55	SQL :EXEC GetUserTreeMenu 'nanang.andriani','1904',@CompanyId=2;
19/06/2023 15:18:55	SQL :EXEC GetUserTreeMenu 'nanang.andriani','1905',@CompanyId=2;
19/06/2023 15:18:55	SQL :EXEC GetUserTreeMenu 'nanang.andriani','1906',@CompanyId=2;
19/06/2023 15:18:55	SQL :EXEC GetUserTreeMenu 'nanang.andriani','1907',@CompanyId=2;
19/06/2023 15:18:55	SQL :EXEC GetUserTreeMenu 'nanang.andriani','1908',@CompanyId=2;
19/06/2023 15:18:55	SQL :EXEC GetUserTreeMenu 'nanang.andriani','1909',@CompanyId=2;
19/06/2023 15:18:55	SQL :EXEC GetUserTreeMenu 'nanang.andriani','1910',@CompanyId=2;
19/06/2023 15:18:55	SQL :EXEC GetUserTreeMenu 'nanang.andriani','1911',@CompanyId=2;
19/06/2023 15:18:55	SQL :EXEC GetUserTreeMenu 'nanang.andriani','1912',@CompanyId=2;
19/06/2023 15:18:55	SQL :SELECT CONVERT(VARCHAR(8),GETDATE(),108) AS hour_minute;
19/06/2023 15:18:55	SQL :SELECT CONVERT(VARCHAR(10),GETDATE(),103) AS date_time;
19/06/2023 15:18:55	Loading Setting
19/06/2023 15:18:55	Open DB Connection
19/06/2023 15:18:55	SQL :SELECT * FROM wh_setting WHERE setting_name='Hold_Less_Deposit';
19/06/2023 15:18:55	SQL :SELECT * FROM wh_setting WHERE setting_name='Max_Less_Deposit';
19/06/2023 15:18:55	SQL :SELECT * FROM wh_setting WHERE setting_name='Dashboard_2';
19/06/2023 15:18:55	Finish Logging
19/06/2023 15:18:55	SQL :SELECT value_string FROM wh_setting WHERE (setting_name='Interval_CheckInDate') AND (active=1);
19/06/2023 15:18:56	SQL :SELECT value_string FROM wh_setting WHERE (setting_name='Interval_CheckInTime') AND (active=1);
19/06/2023 15:18:56	SQL :SELECT value_string FROM wh_setting WHERE (setting_name='ChatEnable') and (active=1);
19/06/2023 15:18:56	Message:Port Check
19/06/2023 15:18:56	Message:Open DB Connection
19/06/2023 15:18:56	SQL :EXEC GetMessage '01','nanang.andriani';
19/06/2023 15:18:56	SQL :SELECT CONVERT(VARCHAR(8),GETDATE(),108) AS hour_minute;
19/06/2023 15:18:56	SQL :SELECT CONVERT(VARCHAR(10),GETDATE(),103) AS date_time;
19/06/2023 15:20:01	Open Menu :190507
19/06/2023 15:20:01	Open DB Connection
19/06/2023 15:20:01	SQL :EXEC AuthMenu 'nanang.andriani',190507;
19/06/2023 15:20:02	Form Check :BusRunningDaysminiRpt
19/06/2023 15:20:02	Form Open: BusRunningDaysMiniRpt=,0
19/06/2023 15:20:02	Open DB Connection
19/06/2023 15:20:02	SQL :EXEC GetCompanyLocationList
19/06/2023 15:20:02	SQL :EXEC GetUserRDLocationList @UserName='nanang.andriani' ;
19/06/2023 15:20:03	SQL :EXEC GetGroup 2;
19/06/2023 15:20:04	Open DB Connection
19/06/2023 15:20:06	Open DB Connection
19/06/2023 15:20:08	Open DB Connection
19/06/2023 15:20:08	SQL :SELECT * FROM wh_setting WHERE (setting_name='ServiceBerkala_as_PKB_2') AND (active=1);
19/06/2023 15:20:09	Open DB Connection
19/06/2023 15:20:09	SQL :EXEC GetVhcList 6,@CompanyId=2,@BatchId=6,@Seat=29,@OrderBy='category, category_sequence_number,h.vhc_batch_id,seat,license_plate',@ShowBatch=1,@isOutsideRent=0,@Dates='2023/06/30';
19/06/2023 15:20:09	SQL :EXEC GetRunningDaysDetail 'BS221070063',@FromDate='2023-06-01',@ToDate='2023-06-30', @CompanyId=2;
19/06/2023 15:20:10	SQL :EXEC GetRunningDaysDetail 'BS221070060',@FromDate='2023-06-01',@ToDate='2023-06-30', @CompanyId=2;
19/06/2023 15:20:10	SQL :EXEC GetRunningDaysDetail 'BS220080008',@FromDate='2023-06-01',@ToDate='2023-06-30', @CompanyId=2;
19/06/2023 15:20:11	SQL :EXEC GetRunningDaysDetail 'BS220080009',@FromDate='2023-06-01',@ToDate='2023-06-30', @CompanyId=2;
19/06/2023 15:20:12	SQL :EXEC GetRunningDaysDetail 'BS221070061',@FromDate='2023-06-01',@ToDate='2023-06-30', @CompanyId=2;
19/06/2023 15:20:12	SQL :EXEC GetRunningDaysDetail 'BS221070041',@FromDate='2023-06-01',@ToDate='2023-06-30', @CompanyId=2;
19/06/2023 15:20:13	SQL :EXEC GetRunningDaysDetail 'BS221070064',@FromDate='2023-06-01',@ToDate='2023-06-30', @CompanyId=2;
19/06/2023 15:20:13	SQL :EXEC GetRunningDaysDetail 'BS220080007',@FromDate='2023-06-01',@ToDate='2023-06-30', @CompanyId=2;
19/06/2023 15:20:14	SQL :EXEC GetRunningDaysDetail 'BS220080006',@FromDate='2023-06-01',@ToDate='2023-06-30', @CompanyId=2;
19/06/2023 15:20:14	SQL :EXEC GetRunningDaysDetail 'BS220080010',@FromDate='2023-06-01',@ToDate='2023-06-30', @CompanyId=2;
19/06/2023 15:20:15	SQL :EXEC GetRunningDaysDetail 'BS221070068',@FromDate='2023-06-01',@ToDate='2023-06-30', @CompanyId=2;
19/06/2023 15:20:15	SQL :EXEC GetRunningDaysDetail 'BS221070062',@FromDate='2023-06-01',@ToDate='2023-06-30', @CompanyId=2;
19/06/2023 15:20:16	SQL :EXEC GetRunningDaysDetail 'BS221070069',@FromDate='2023-06-01',@ToDate='2023-06-30', @CompanyId=2;
19/06/2023 15:20:17	SQL :EXEC GetRunningDaysDetail 'BS221070066',@FromDate='2023-06-01',@ToDate='2023-06-30', @CompanyId=2;
19/06/2023 15:20:17	SQL :EXEC GetRunningDaysDetail 'BS221070067',@FromDate='2023-06-01',@ToDate='2023-06-30', @CompanyId=2;
19/06/2023 15:20:19	Open DB Connection
19/06/2023 15:20:19	SQL :select id from wh_dashboard_persentase_day where company_id=2 and vhc_batch_id=6 and seat=29 and date='2023/6/1'
19/06/2023 15:20:19	SQL :UPDATE wh_dashboard_persentase_day SET date='2023/6/1',company_id=2,vhc_batch_id=6,seat=29,tot_perbaikan=4,created_date=GETDATE() WHERE company_id=2 and vhc_batch_id=6 and seat=29 and date='2023/6/1'
19/06/2023 15:20:20	Open DB Connection
19/06/2023 15:20:20	SQL :select id from wh_dashboard_persentase_day where company_id=2 and vhc_batch_id=6 and seat=29 and date='2023/6/2'
19/06/2023 15:20:20	SQL :UPDATE wh_dashboard_persentase_day SET date='2023/6/2',company_id=2,vhc_batch_id=6,seat=29,tot_perbaikan=4,created_date=GETDATE() WHERE company_id=2 and vhc_batch_id=6 and seat=29 and date='2023/6/2'
19/06/2023 15:20:21	Open DB Connection
19/06/2023 15:20:21	SQL :select id from wh_dashboard_persentase_day where company_id=2 and vhc_batch_id=6 and seat=29 and date='2023/6/3'
19/06/2023 15:20:21	SQL :UPDATE wh_dashboard_persentase_day SET date='2023/6/3',company_id=2,vhc_batch_id=6,seat=29,tot_perbaikan=1,created_date=GETDATE() WHERE company_id=2 and vhc_batch_id=6 and seat=29 and date='2023/6/3'
19/06/2023 15:20:21	Open DB Connection
19/06/2023 15:20:21	SQL :select id from wh_dashboard_persentase_day where company_id=2 and vhc_batch_id=6 and seat=29 and date='2023/6/4'
19/06/2023 15:20:21	SQL :UPDATE wh_dashboard_persentase_day SET date='2023/6/4',company_id=2,vhc_batch_id=6,seat=29,tot_perbaikan=3,created_date=GETDATE() WHERE company_id=2 and vhc_batch_id=6 and seat=29 and date='2023/6/4'
19/06/2023 15:20:22	Open DB Connection
19/06/2023 15:20:22	SQL :select id from wh_dashboard_persentase_day where company_id=2 and vhc_batch_id=6 and seat=29 and date='2023/6/5'
19/06/2023 15:20:22	SQL :UPDATE wh_dashboard_persentase_day SET date='2023/6/5',company_id=2,vhc_batch_id=6,seat=29,tot_perbaikan=2,created_date=GETDATE() WHERE company_id=2 and vhc_batch_id=6 and seat=29 and date='2023/6/5'
19/06/2023 15:20:22	Open DB Connection
19/06/2023 15:20:22	SQL :select id from wh_dashboard_persentase_day where company_id=2 and vhc_batch_id=6 and seat=29 and date='2023/6/6'
19/06/2023 15:20:22	SQL :UPDATE wh_dashboard_persentase_day SET date='2023/6/6',company_id=2,vhc_batch_id=6,seat=29,tot_perbaikan=1,created_date=GETDATE() WHERE company_id=2 and vhc_batch_id=6 and seat=29 and date='2023/6/6'
19/06/2023 15:20:22	Open DB Connection
19/06/2023 15:20:22	SQL :select id from wh_dashboard_persentase_day where company_id=2 and vhc_batch_id=6 and seat=29 and date='2023/6/7'
19/06/2023 15:20:22	SQL :UPDATE wh_dashboard_persentase_day SET date='2023/6/7',company_id=2,vhc_batch_id=6,seat=29,tot_perbaikan=1,created_date=GETDATE() WHERE company_id=2 and vhc_batch_id=6 and seat=29 and date='2023/6/7'
19/06/2023 15:20:22	Open DB Connection
19/06/2023 15:20:22	SQL :select id from wh_dashboard_persentase_day where company_id=2 and vhc_batch_id=6 and seat=29 and date='2023/6/8'
19/06/2023 15:20:22	SQL :UPDATE wh_dashboard_persentase_day SET date='2023/6/8',company_id=2,vhc_batch_id=6,seat=29,tot_perbaikan=2,created_date=GETDATE() WHERE company_id=2 and vhc_batch_id=6 and seat=29 and date='2023/6/8'
19/06/2023 15:20:22	Open DB Connection
19/06/2023 15:20:22	SQL :select id from wh_dashboard_persentase_day where company_id=2 and vhc_batch_id=6 and seat=29 and date='2023/6/9'
19/06/2023 15:20:22	SQL :UPDATE wh_dashboard_persentase_day SET date='2023/6/9',company_id=2,vhc_batch_id=6,seat=29,tot_perbaikan=1,created_date=GETDATE() WHERE company_id=2 and vhc_batch_id=6 and seat=29 and date='2023/6/9'
19/06/2023 15:20:22	Open DB Connection
19/06/2023 15:20:22	SQL :select id from wh_dashboard_persentase_day where company_id=2 and vhc_batch_id=6 and seat=29 and date='2023/6/10'
19/06/2023 15:20:22	SQL :UPDATE wh_dashboard_persentase_day SET date='2023/6/10',company_id=2,vhc_batch_id=6,seat=29,tot_perbaikan=3,created_date=GETDATE() WHERE company_id=2 and vhc_batch_id=6 and seat=29 and date='2023/6/10'
19/06/2023 15:20:22	Open DB Connection
19/06/2023 15:20:22	SQL :select id from wh_dashboard_persentase_day where company_id=2 and vhc_batch_id=6 and seat=29 and date='2023/6/11'
19/06/2023 15:20:22	SQL :UPDATE wh_dashboard_persentase_day SET date='2023/6/11',company_id=2,vhc_batch_id=6,seat=29,tot_perbaikan=2,created_date=GETDATE() WHERE company_id=2 and vhc_batch_id=6 and seat=29 and date='2023/6/11'
19/06/2023 15:20:22	Open DB Connection
19/06/2023 15:20:22	SQL :select id from wh_dashboard_persentase_day where company_id=2 and vhc_batch_id=6 and seat=29 and date='2023/6/12'
19/06/2023 15:20:22	SQL :UPDATE wh_dashboard_persentase_day SET date='2023/6/12',company_id=2,vhc_batch_id=6,seat=29,tot_perbaikan=0,created_date=GETDATE() WHERE company_id=2 and vhc_batch_id=6 and seat=29 and date='2023/6/12'
19/06/2023 15:20:22	Open DB Connection
19/06/2023 15:20:22	SQL :select id from wh_dashboard_persentase_day where company_id=2 and vhc_batch_id=6 and seat=29 and date='2023/6/13'
19/06/2023 15:20:22	SQL :UPDATE wh_dashboard_persentase_day SET date='2023/6/13',company_id=2,vhc_batch_id=6,seat=29,tot_perbaikan=1,created_date=GETDATE() WHERE company_id=2 and vhc_batch_id=6 and seat=29 and date='2023/6/13'
19/06/2023 15:20:22	Open DB Connection
19/06/2023 15:20:22	SQL :select id from wh_dashboard_persentase_day where company_id=2 and vhc_batch_id=6 and seat=29 and date='2023/6/14'
19/06/2023 15:20:22	SQL :UPDATE wh_dashboard_persentase_day SET date='2023/6/14',company_id=2,vhc_batch_id=6,seat=29,tot_perbaikan=1,created_date=GETDATE() WHERE company_id=2 and vhc_batch_id=6 and seat=29 and date='2023/6/14'
19/06/2023 15:20:22	Open DB Connection
19/06/2023 15:20:22	SQL :select id from wh_dashboard_persentase_day where company_id=2 and vhc_batch_id=6 and seat=29 and date='2023/6/15'
19/06/2023 15:20:23	SQL :UPDATE wh_dashboard_persentase_day SET date='2023/6/15',company_id=2,vhc_batch_id=6,seat=29,tot_perbaikan=0,created_date=GETDATE() WHERE company_id=2 and vhc_batch_id=6 and seat=29 and date='2023/6/15'
19/06/2023 15:20:23	Open DB Connection
19/06/2023 15:20:23	SQL :select id from wh_dashboard_persentase_day where company_id=2 and vhc_batch_id=6 and seat=29 and date='2023/6/16'
19/06/2023 15:20:23	SQL :UPDATE wh_dashboard_persentase_day SET date='2023/6/16',company_id=2,vhc_batch_id=6,seat=29,tot_perbaikan=1,created_date=GETDATE() WHERE company_id=2 and vhc_batch_id=6 and seat=29 and date='2023/6/16'
19/06/2023 15:20:23	Open DB Connection
19/06/2023 15:20:23	SQL :select id from wh_dashboard_persentase_day where company_id=2 and vhc_batch_id=6 and seat=29 and date='2023/6/17'
19/06/2023 15:20:23	SQL :UPDATE wh_dashboard_persentase_day SET date='2023/6/17',company_id=2,vhc_batch_id=6,seat=29,tot_perbaikan=0,created_date=GETDATE() WHERE company_id=2 and vhc_batch_id=6 and seat=29 and date='2023/6/17'
19/06/2023 15:20:23	Open DB Connection
19/06/2023 15:20:23	SQL :select id from wh_dashboard_persentase_day where company_id=2 and vhc_batch_id=6 and seat=29 and date='2023/6/18'
19/06/2023 15:20:23	SQL :UPDATE wh_dashboard_persentase_day SET date='2023/6/18',company_id=2,vhc_batch_id=6,seat=29,tot_perbaikan=0,created_date=GETDATE() WHERE company_id=2 and vhc_batch_id=6 and seat=29 and date='2023/6/18'
19/06/2023 15:20:23	Open DB Connection
19/06/2023 15:20:23	SQL :select id from wh_dashboard_persentase_day where company_id=2 and vhc_batch_id=6 and seat=29 and date='2023/6/19'
19/06/2023 15:20:23	SQL :UPDATE wh_dashboard_persentase_day SET date='2023/6/19',company_id=2,vhc_batch_id=6,seat=29,tot_perbaikan=1,created_date=GETDATE() WHERE company_id=2 and vhc_batch_id=6 and seat=29 and date='2023/6/19'
19/06/2023 15:20:23	Open DB Connection
19/06/2023 15:20:23	SQL :select id from wh_dashboard_persentase_day where company_id=2 and vhc_batch_id=6 and seat=29 and date='2023/6/20'
19/06/2023 15:20:23	SQL :UPDATE wh_dashboard_persentase_day SET date='2023/6/20',company_id=2,vhc_batch_id=6,seat=29,tot_perbaikan=0,created_date=GETDATE() WHERE company_id=2 and vhc_batch_id=6 and seat=29 and date='2023/6/20'
19/06/2023 15:20:23	Open DB Connection
19/06/2023 15:20:23	SQL :select id from wh_dashboard_persentase_day where company_id=2 and vhc_batch_id=6 and seat=29 and date='2023/6/21'
19/06/2023 15:20:23	SQL :UPDATE wh_dashboard_persentase_day SET date='2023/6/21',company_id=2,vhc_batch_id=6,seat=29,tot_perbaikan=2,created_date=GETDATE() WHERE company_id=2 and vhc_batch_id=6 and seat=29 and date='2023/6/21'
19/06/2023 15:20:23	Open DB Connection
19/06/2023 15:20:23	SQL :select id from wh_dashboard_persentase_day where company_id=2 and vhc_batch_id=6 and seat=29 and date='2023/6/22'
19/06/2023 15:20:23	SQL :UPDATE wh_dashboard_persentase_day SET date='2023/6/22',company_id=2,vhc_batch_id=6,seat=29,tot_perbaikan=2,created_date=GETDATE() WHERE company_id=2 and vhc_batch_id=6 and seat=29 and date='2023/6/22'
19/06/2023 15:20:23	Open DB Connection
19/06/2023 15:20:23	SQL :select id from wh_dashboard_persentase_day where company_id=2 and vhc_batch_id=6 and seat=29 and date='2023/6/23'
19/06/2023 15:20:24	SQL :UPDATE wh_dashboard_persentase_day SET date='2023/6/23',company_id=2,vhc_batch_id=6,seat=29,tot_perbaikan=2,created_date=GETDATE() WHERE company_id=2 and vhc_batch_id=6 and seat=29 and date='2023/6/23'
19/06/2023 15:20:24	Open DB Connection
19/06/2023 15:20:24	SQL :select id from wh_dashboard_persentase_day where company_id=2 and vhc_batch_id=6 and seat=29 and date='2023/6/24'
19/06/2023 15:20:24	SQL :UPDATE wh_dashboard_persentase_day SET date='2023/6/24',company_id=2,vhc_batch_id=6,seat=29,tot_perbaikan=3,created_date=GETDATE() WHERE company_id=2 and vhc_batch_id=6 and seat=29 and date='2023/6/24'
19/06/2023 15:20:24	Open DB Connection
19/06/2023 15:20:24	SQL :select id from wh_dashboard_persentase_day where company_id=2 and vhc_batch_id=6 and seat=29 and date='2023/6/25'
19/06/2023 15:20:24	SQL :UPDATE wh_dashboard_persentase_day SET date='2023/6/25',company_id=2,vhc_batch_id=6,seat=29,tot_perbaikan=3,created_date=GETDATE() WHERE company_id=2 and vhc_batch_id=6 and seat=29 and date='2023/6/25'
19/06/2023 15:20:24	Open DB Connection
19/06/2023 15:20:24	SQL :select id from wh_dashboard_persentase_day where company_id=2 and vhc_batch_id=6 and seat=29 and date='2023/6/26'
19/06/2023 15:20:24	SQL :UPDATE wh_dashboard_persentase_day SET date='2023/6/26',company_id=2,vhc_batch_id=6,seat=29,tot_perbaikan=2,created_date=GETDATE() WHERE company_id=2 and vhc_batch_id=6 and seat=29 and date='2023/6/26'
19/06/2023 15:20:24	Open DB Connection
19/06/2023 15:20:24	SQL :select id from wh_dashboard_persentase_day where company_id=2 and vhc_batch_id=6 and seat=29 and date='2023/6/27'
19/06/2023 15:20:24	SQL :UPDATE wh_dashboard_persentase_day SET date='2023/6/27',company_id=2,vhc_batch_id=6,seat=29,tot_perbaikan=2,created_date=GETDATE() WHERE company_id=2 and vhc_batch_id=6 and seat=29 and date='2023/6/27'
19/06/2023 15:20:24	Open DB Connection
19/06/2023 15:20:24	SQL :select id from wh_dashboard_persentase_day where company_id=2 and vhc_batch_id=6 and seat=29 and date='2023/6/28'
19/06/2023 15:20:24	SQL :UPDATE wh_dashboard_persentase_day SET date='2023/6/28',company_id=2,vhc_batch_id=6,seat=29,tot_perbaikan=2,created_date=GETDATE() WHERE company_id=2 and vhc_batch_id=6 and seat=29 and date='2023/6/28'
19/06/2023 15:20:24	Open DB Connection
19/06/2023 15:20:24	SQL :select id from wh_dashboard_persentase_day where company_id=2 and vhc_batch_id=6 and seat=29 and date='2023/6/29'
19/06/2023 15:20:24	SQL :UPDATE wh_dashboard_persentase_day SET date='2023/6/29',company_id=2,vhc_batch_id=6,seat=29,tot_perbaikan=2,created_date=GETDATE() WHERE company_id=2 and vhc_batch_id=6 and seat=29 and date='2023/6/29'
19/06/2023 15:20:24	Open DB Connection
19/06/2023 15:20:24	SQL :select id from wh_dashboard_persentase_day where company_id=2 and vhc_batch_id=6 and seat=29 and date='2023/6/30'
19/06/2023 15:20:24	SQL :UPDATE wh_dashboard_persentase_day SET date='2023/6/30',company_id=2,vhc_batch_id=6,seat=29,tot_perbaikan=2,created_date=GETDATE() WHERE company_id=2 and vhc_batch_id=6 and seat=29 and date='2023/6/30'
19/06/2023 15:20:24	Open DB Connection
19/06/2023 15:20:24	SQL :select id from wh_dashboard_persentase_day where company_id=2 and vhc_batch_id=6 and seat=29 and date='2023/6/1'
19/06/2023 15:20:25	SQL :UPDATE wh_dashboard_persentase_day SET date='2023/6/1',company_id=2,vhc_batch_id=6,seat=29,persentase_jalan=82,created_date=GETDATE() WHERE company_id=2 and vhc_batch_id=6 and seat=29 and date='2023/6/1'
19/06/2023 15:20:25	Open DB Connection
19/06/2023 15:20:25	SQL :select id from wh_dashboard_persentase_day where company_id=2 and vhc_batch_id=6 and seat=29 and date='2023/6/2'
19/06/2023 15:20:25	SQL :UPDATE wh_dashboard_persentase_day SET date='2023/6/2',company_id=2,vhc_batch_id=6,seat=29,persentase_jalan=82,created_date=GETDATE() WHERE company_id=2 and vhc_batch_id=6 and seat=29 and date='2023/6/2'
19/06/2023 15:20:25	Open DB Connection
19/06/2023 15:20:25	SQL :select id from wh_dashboard_persentase_day where company_id=2 and vhc_batch_id=6 and seat=29 and date='2023/6/3'
19/06/2023 15:20:25	SQL :UPDATE wh_dashboard_persentase_day SET date='2023/6/3',company_id=2,vhc_batch_id=6,seat=29,persentase_jalan=93,created_date=GETDATE() WHERE company_id=2 and vhc_batch_id=6 and seat=29 and date='2023/6/3'
19/06/2023 15:20:25	Open DB Connection
19/06/2023 15:20:25	SQL :select id from wh_dashboard_persentase_day where company_id=2 and vhc_batch_id=6 and seat=29 and date='2023/6/4'
19/06/2023 15:20:25	SQL :UPDATE wh_dashboard_persentase_day SET date='2023/6/4',company_id=2,vhc_batch_id=6,seat=29,persentase_jalan=83,created_date=GETDATE() WHERE company_id=2 and vhc_batch_id=6 and seat=29 and date='2023/6/4'
19/06/2023 15:20:25	Open DB Connection
19/06/2023 15:20:25	SQL :select id from wh_dashboard_persentase_day where company_id=2 and vhc_batch_id=6 and seat=29 and date='2023/6/5'
19/06/2023 15:20:25	SQL :UPDATE wh_dashboard_persentase_day SET date='2023/6/5',company_id=2,vhc_batch_id=6,seat=29,persentase_jalan=85,created_date=GETDATE() WHERE company_id=2 and vhc_batch_id=6 and seat=29 and date='2023/6/5'
19/06/2023 15:20:25	Open DB Connection
19/06/2023 15:20:25	SQL :select id from wh_dashboard_persentase_day where company_id=2 and vhc_batch_id=6 and seat=29 and date='2023/6/6'
19/06/2023 15:20:25	SQL :UPDATE wh_dashboard_persentase_day SET date='2023/6/6',company_id=2,vhc_batch_id=6,seat=29,persentase_jalan=86,created_date=GETDATE() WHERE company_id=2 and vhc_batch_id=6 and seat=29 and date='2023/6/6'
19/06/2023 15:20:25	Open DB Connection
19/06/2023 15:20:25	SQL :select id from wh_dashboard_persentase_day where company_id=2 and vhc_batch_id=6 and seat=29 and date='2023/6/7'
19/06/2023 15:20:25	SQL :UPDATE wh_dashboard_persentase_day SET date='2023/6/7',company_id=2,vhc_batch_id=6,seat=29,persentase_jalan=86,created_date=GETDATE() WHERE company_id=2 and vhc_batch_id=6 and seat=29 and date='2023/6/7'
19/06/2023 15:20:25	Open DB Connection
19/06/2023 15:20:25	SQL :select id from wh_dashboard_persentase_day where company_id=2 and vhc_batch_id=6 and seat=29 and date='2023/6/8'
19/06/2023 15:20:25	SQL :UPDATE wh_dashboard_persentase_day SET date='2023/6/8',company_id=2,vhc_batch_id=6,seat=29,persentase_jalan=92,created_date=GETDATE() WHERE company_id=2 and vhc_batch_id=6 and seat=29 and date='2023/6/8'
19/06/2023 15:20:25	Open DB Connection
19/06/2023 15:20:25	SQL :select id from wh_dashboard_persentase_day where company_id=2 and vhc_batch_id=6 and seat=29 and date='2023/6/9'
19/06/2023 15:20:25	SQL :UPDATE wh_dashboard_persentase_day SET date='2023/6/9',company_id=2,vhc_batch_id=6,seat=29,persentase_jalan=86,created_date=GETDATE() WHERE company_id=2 and vhc_batch_id=6 and seat=29 and date='2023/6/9'
19/06/2023 15:20:25	Open DB Connection
19/06/2023 15:20:25	SQL :select id from wh_dashboard_persentase_day where company_id=2 and vhc_batch_id=6 and seat=29 and date='2023/6/10'
19/06/2023 15:20:26	SQL :UPDATE wh_dashboard_persentase_day SET date='2023/6/10',company_id=2,vhc_batch_id=6,seat=29,persentase_jalan=67,created_date=GETDATE() WHERE company_id=2 and vhc_batch_id=6 and seat=29 and date='2023/6/10'
19/06/2023 15:20:26	Open DB Connection
19/06/2023 15:20:26	SQL :select id from wh_dashboard_persentase_day where company_id=2 and vhc_batch_id=6 and seat=29 and date='2023/6/11'
19/06/2023 15:20:26	SQL :UPDATE wh_dashboard_persentase_day SET date='2023/6/11',company_id=2,vhc_batch_id=6,seat=29,persentase_jalan=54,created_date=GETDATE() WHERE company_id=2 and vhc_batch_id=6 and seat=29 and date='2023/6/11'
19/06/2023 15:20:26	Open DB Connection
19/06/2023 15:20:26	SQL :select id from wh_dashboard_persentase_day where company_id=2 and vhc_batch_id=6 and seat=29 and date='2023/6/12'
19/06/2023 15:20:26	SQL :UPDATE wh_dashboard_persentase_day SET date='2023/6/12',company_id=2,vhc_batch_id=6,seat=29,persentase_jalan=80,created_date=GETDATE() WHERE company_id=2 and vhc_batch_id=6 and seat=29 and date='2023/6/12'
19/06/2023 15:20:26	Open DB Connection
19/06/2023 15:20:26	SQL :select id from wh_dashboard_persentase_day where company_id=2 and vhc_batch_id=6 and seat=29 and date='2023/6/13'
19/06/2023 15:20:26	SQL :UPDATE wh_dashboard_persentase_day SET date='2023/6/13',company_id=2,vhc_batch_id=6,seat=29,persentase_jalan=86,created_date=GETDATE() WHERE company_id=2 and vhc_batch_id=6 and seat=29 and date='2023/6/13'
19/06/2023 15:20:26	Open DB Connection
19/06/2023 15:20:26	SQL :select id from wh_dashboard_persentase_day where company_id=2 and vhc_batch_id=6 and seat=29 and date='2023/6/14'
19/06/2023 15:20:26	SQL :UPDATE wh_dashboard_persentase_day SET date='2023/6/14',company_id=2,vhc_batch_id=6,seat=29,persentase_jalan=86,created_date=GETDATE() WHERE company_id=2 and vhc_batch_id=6 and seat=29 and date='2023/6/14'
19/06/2023 15:20:26	Open DB Connection
19/06/2023 15:20:26	SQL :select id from wh_dashboard_persentase_day where company_id=2 and vhc_batch_id=6 and seat=29 and date='2023/6/15'
19/06/2023 15:20:26	SQL :UPDATE wh_dashboard_persentase_day SET date='2023/6/15',company_id=2,vhc_batch_id=6,seat=29,persentase_jalan=87,created_date=GETDATE() WHERE company_id=2 and vhc_batch_id=6 and seat=29 and date='2023/6/15'
19/06/2023 15:20:26	Open DB Connection
19/06/2023 15:20:26	SQL :select id from wh_dashboard_persentase_day where company_id=2 and vhc_batch_id=6 and seat=29 and date='2023/6/16'
19/06/2023 15:20:26	SQL :UPDATE wh_dashboard_persentase_day SET date='2023/6/16',company_id=2,vhc_batch_id=6,seat=29,persentase_jalan=86,created_date=GETDATE() WHERE company_id=2 and vhc_batch_id=6 and seat=29 and date='2023/6/16'
19/06/2023 15:20:27	Open DB Connection
19/06/2023 15:20:27	SQL :select id from wh_dashboard_persentase_day where company_id=2 and vhc_batch_id=6 and seat=29 and date='2023/6/17'
19/06/2023 15:20:27	SQL :UPDATE wh_dashboard_persentase_day SET date='2023/6/17',company_id=2,vhc_batch_id=6,seat=29,persentase_jalan=73,created_date=GETDATE() WHERE company_id=2 and vhc_batch_id=6 and seat=29 and date='2023/6/17'
19/06/2023 15:20:27	Open DB Connection
19/06/2023 15:20:27	SQL :select id from wh_dashboard_persentase_day where company_id=2 and vhc_batch_id=6 and seat=29 and date='2023/6/18'
19/06/2023 15:20:27	SQL :UPDATE wh_dashboard_persentase_day SET date='2023/6/18',company_id=2,vhc_batch_id=6,seat=29,persentase_jalan=40,created_date=GETDATE() WHERE company_id=2 and vhc_batch_id=6 and seat=29 and date='2023/6/18'
19/06/2023 15:20:27	Open DB Connection
19/06/2023 15:20:27	SQL :select id from wh_dashboard_persentase_day where company_id=2 and vhc_batch_id=6 and seat=29 and date='2023/6/19'
19/06/2023 15:20:27	SQL :UPDATE wh_dashboard_persentase_day SET date='2023/6/19',company_id=2,vhc_batch_id=6,seat=29,persentase_jalan=64,created_date=GETDATE() WHERE company_id=2 and vhc_batch_id=6 and seat=29 and date='2023/6/19'
19/06/2023 15:20:28	Open DB Connection
19/06/2023 15:20:28	SQL :select id from wh_dashboard_persentase_day where company_id=2 and vhc_batch_id=6 and seat=29 and date='2023/6/20'
19/06/2023 15:20:28	SQL :UPDATE wh_dashboard_persentase_day SET date='2023/6/20',company_id=2,vhc_batch_id=6,seat=29,persentase_jalan=73,created_date=GETDATE() WHERE company_id=2 and vhc_batch_id=6 and seat=29 and date='2023/6/20'
19/06/2023 15:20:29	Open DB Connection
19/06/2023 15:20:29	SQL :select id from wh_dashboard_persentase_day where company_id=2 and vhc_batch_id=6 and seat=29 and date='2023/6/21'
19/06/2023 15:20:29	SQL :UPDATE wh_dashboard_persentase_day SET date='2023/6/21',company_id=2,vhc_batch_id=6,seat=29,persentase_jalan=62,created_date=GETDATE() WHERE company_id=2 and vhc_batch_id=6 and seat=29 and date='2023/6/21'
19/06/2023 15:20:30	Open DB Connection
19/06/2023 15:20:30	SQL :select id from wh_dashboard_persentase_day where company_id=2 and vhc_batch_id=6 and seat=29 and date='2023/6/22'
19/06/2023 15:20:30	SQL :UPDATE wh_dashboard_persentase_day SET date='2023/6/22',company_id=2,vhc_batch_id=6,seat=29,persentase_jalan=69,created_date=GETDATE() WHERE company_id=2 and vhc_batch_id=6 and seat=29 and date='2023/6/22'
19/06/2023 15:20:30	Open DB Connection
19/06/2023 15:20:30	SQL :select id from wh_dashboard_persentase_day where company_id=2 and vhc_batch_id=6 and seat=29 and date='2023/6/23'
19/06/2023 15:20:30	SQL :UPDATE wh_dashboard_persentase_day SET date='2023/6/23',company_id=2,vhc_batch_id=6,seat=29,persentase_jalan=54,created_date=GETDATE() WHERE company_id=2 and vhc_batch_id=6 and seat=29 and date='2023/6/23'
19/06/2023 15:20:30	Open DB Connection
19/06/2023 15:20:30	SQL :select id from wh_dashboard_persentase_day where company_id=2 and vhc_batch_id=6 and seat=29 and date='2023/6/24'
19/06/2023 15:20:30	SQL :UPDATE wh_dashboard_persentase_day SET date='2023/6/24',company_id=2,vhc_batch_id=6,seat=29,persentase_jalan=50,created_date=GETDATE() WHERE company_id=2 and vhc_batch_id=6 and seat=29 and date='2023/6/24'
19/06/2023 15:20:30	Open DB Connection
19/06/2023 15:20:30	SQL :select id from wh_dashboard_persentase_day where company_id=2 and vhc_batch_id=6 and seat=29 and date='2023/6/25'
19/06/2023 15:20:31	SQL :UPDATE wh_dashboard_persentase_day SET date='2023/6/25',company_id=2,vhc_batch_id=6,seat=29,persentase_jalan=33,created_date=GETDATE() WHERE company_id=2 and vhc_batch_id=6 and seat=29 and date='2023/6/25'
19/06/2023 15:20:31	Open DB Connection
19/06/2023 15:20:31	SQL :select id from wh_dashboard_persentase_day where company_id=2 and vhc_batch_id=6 and seat=29 and date='2023/6/26'
19/06/2023 15:20:31	SQL :UPDATE wh_dashboard_persentase_day SET date='2023/6/26',company_id=2,vhc_batch_id=6,seat=29,persentase_jalan=54,created_date=GETDATE() WHERE company_id=2 and vhc_batch_id=6 and seat=29 and date='2023/6/26'
19/06/2023 15:20:31	Open DB Connection
19/06/2023 15:20:31	SQL :select id from wh_dashboard_persentase_day where company_id=2 and vhc_batch_id=6 and seat=29 and date='2023/6/27'
19/06/2023 15:20:31	SQL :UPDATE wh_dashboard_persentase_day SET date='2023/6/27',company_id=2,vhc_batch_id=6,seat=29,persentase_jalan=54,created_date=GETDATE() WHERE company_id=2 and vhc_batch_id=6 and seat=29 and date='2023/6/27'
19/06/2023 15:20:31	Open DB Connection
19/06/2023 15:20:31	SQL :select id from wh_dashboard_persentase_day where company_id=2 and vhc_batch_id=6 and seat=29 and date='2023/6/28'
19/06/2023 15:20:31	SQL :UPDATE wh_dashboard_persentase_day SET date='2023/6/28',company_id=2,vhc_batch_id=6,seat=29,persentase_jalan=69,created_date=GETDATE() WHERE company_id=2 and vhc_batch_id=6 and seat=29 and date='2023/6/28'
19/06/2023 15:20:31	Open DB Connection
19/06/2023 15:20:31	SQL :select id from wh_dashboard_persentase_day where company_id=2 and vhc_batch_id=6 and seat=29 and date='2023/6/29'
19/06/2023 15:20:31	SQL :UPDATE wh_dashboard_persentase_day SET date='2023/6/29',company_id=2,vhc_batch_id=6,seat=29,persentase_jalan=69,created_date=GETDATE() WHERE company_id=2 and vhc_batch_id=6 and seat=29 and date='2023/6/29'
19/06/2023 15:20:31	Open DB Connection
19/06/2023 15:20:31	SQL :select id from wh_dashboard_persentase_day where company_id=2 and vhc_batch_id=6 and seat=29 and date='2023/6/30'
19/06/2023 15:20:31	SQL :UPDATE wh_dashboard_persentase_day SET date='2023/6/30',company_id=2,vhc_batch_id=6,seat=29,persentase_jalan=77,created_date=GETDATE() WHERE company_id=2 and vhc_batch_id=6 and se19/06/2023 15:23:15	Get Local Settings
19/06/2023 15:23:15	Start Change Local Settings
19/06/2023 15:23:15	Change short date format
19/06/2023 15:23:15	Change Long date format
19/06/2023 15:23:15	Finish Change Local Settings
19/06/2023 15:23:15	Registry Read: Path=SOFTWARE\WEHA\Aplikasi\3
19/06/2023 15:23:15	Registry Read/Write
19/06/2023 15:23:15	Registry Read: Path=SOFTWARE\WEHA\Aplikasi\3
19/06/2023 15:23:15	Registry Read:Fail
19/06/2023 15:23:15	Setting DB Param
19/06/2023 15:23:15	Create DB Object
19/06/2023 15:23:15	Init DB
19/06/2023 15:23:17	Error Create DB Connection
19/06/2023 15:23:20	Change Db Connection to :Provider=MSDASQL.1
19/06/2023 15:23:20	Finish Create DB Connection
19/06/2023 15:23:20	Get File Version
19/06/2023 15:23:20	Change  Caption
19/06/2023 15:23:20	Init Shortkey
19/06/2023 15:23:21	Setting DB Param
19/06/2023 15:23:21	Create DB Object
19/06/2023 15:23:21	Init DB
19/06/2023 15:23:25	Error Create DB Connection
19/06/2023 15:23:27	Change Db Connection to :Provider=MSDASQL.1
19/06/2023 15:23:27	Finish Create DB Connection
19/06/2023 15:23:28	Form Check :Setting
19/06/2023 15:23:28	Form Open: Setting
19/06/2023 15:23:51	Create DB Object
19/06/2023 15:23:51	Init DB
19/06/2023 15:23:51	Finish Init DB
19/06/2023 15:23:51	Port Check
19/06/2023 15:23:51	Connection Check
19/06/2023 15:23:51	Check Success
19/06/2023 15:23:52	Registry Write: 192.168.10.247,wh_prod,sa,SQLNCLI10
19/06/2023 15:23:52	Registry Read: Path=SOFTWARE\WEHA\Aplikasi\3
19/06/2023 15:23:52	Registry Read:Fail
19/06/2023 15:24:00	Update new version check
19/06/2023 15:24:00	Open DB Connection
19/06/2023 15:24:00	SQL :
19/06/2023 15:24:00	Update check version
19/06/2023 15:24:00	Open DB Connection
19/06/2023 15:24:00	SQL :SELECT version FROM wh_application WHERE application_id=(SELECT MAX(application_id) FROM wh_application);
19/06/2023 15:24:00	Start Login
19/06/2023 15:24:00	Open DB Connection
19/06/2023 15:24:00	SQL :EXEC AuthenticateUser 'nanang.andriani','3b5929d0c23006c99522f38746d85dd4';
19/06/2023 15:24:00	SQL :INSERT INTO wh_log (user_id,app_date,app_version,app_version_svr,location_id,company_id,department_id,host_name,ip_address)  VALUES ('nanang.andriani','19/06/2023','6.1.5.23','6.1.5.23',6,2,13,'DESKTOP-88BM05S','192.168.25.214');
19/06/2023 15:24:00	Open DB Connection
19/06/2023 15:24:00	SQL :EXEC GetUserMenu 'nanang.andriani';
19/06/2023 15:24:00	SQL :EXEC GetUserSubMenu 'nanang.andriani','11';
19/06/2023 15:24:00	SQL :EXEC GetUserTreeMenu 'nanang.andriani','1101',@CompanyId=2;
19/06/2023 15:24:00	SQL :EXEC GetUserTreeMenu 'nanang.andriani','1102',@CompanyId=2;
19/06/2023 15:24:00	SQL :EXEC GetUserTreeMenu 'nanang.andriani','1103',@CompanyId=2;
19/06/2023 15:24:00	SQL :EXEC GetUserTreeMenu 'nanang.andriani','1104',@CompanyId=2;
19/06/2023 15:24:00	SQL :EXEC GetUserTreeMenu 'nanang.andriani','1105',@CompanyId=2;
19/06/2023 15:24:00	SQL :EXEC GetUserTreeMenu 'nanang.andriani','1106',@CompanyId=2;
19/06/2023 15:24:00	SQL :EXEC GetUserTreeMenu 'nanang.andriani','1107',@CompanyId=2;
19/06/2023 15:24:00	SQL :EXEC GetUserTreeMenu 'nanang.andriani','1108',@CompanyId=2;
19/06/2023 15:24:00	SQL :EXEC GetUserTreeMenu 'nanang.andriani','1109',@CompanyId=2;
19/06/2023 15:24:00	SQL :EXEC GetUserTreeMenu 'nanang.andriani','1110',@CompanyId=2;
19/06/2023 15:24:00	SQL :EXEC GetUserTreeMenu 'nanang.andriani','1111',@CompanyId=2;
19/06/2023 15:24:00	SQL :EXEC GetUserTreeMenu 'nanang.andriani','1112',@CompanyId=2;
19/06/2023 15:24:00	SQL :EXEC GetUserTreeMenu 'nanang.andriani','1113',@CompanyId=2;
19/06/2023 15:24:00	SQL :EXEC GetUserTreeMenu 'nanang.andriani','1114',@CompanyId=2;
19/06/2023 15:24:00	SQL :EXEC GetUserTreeMenu 'nanang.andriani','1115',@CompanyId=2;
19/06/2023 15:24:00	SQL :EXEC GetUserTreeMenu 'nanang.andriani','1116',@CompanyId=2;
19/06/2023 15:24:00	SQL :EXEC GetUserTreeMenu 'nanang.andriani','1117',@CompanyId=2;
19/06/2023 15:24:00	SQL :EXEC GetUserTreeMenu 'nanang.andriani','1198',@CompanyId=2;
19/06/2023 15:24:00	SQL :EXEC GetUserTreeMenu 'nanang.andriani','1199',@CompanyId=2;
19/06/2023 15:24:00	SQL :EXEC GetUserSubMenu 'nanang.andriani','12';
19/06/2023 15:24:01	SQL :EXEC GetUserTreeMenu 'nanang.andriani','1201',@CompanyId=2;
19/06/2023 15:24:01	SQL :EXEC GetUserTreeMenu 'nanang.andriani','1202',@CompanyId=2;
19/06/2023 15:24:01	SQL :EXEC GetUserTreeMenu 'nanang.andriani','1203',@CompanyId=2;
19/06/2023 15:24:01	SQL :EXEC GetUserTreeMenu 'nanang.andriani','1204',@CompanyId=2;
19/06/2023 15:24:01	SQL :EXEC GetUserTreeMenu 'nanang.andriani','1205',@CompanyId=2;
19/06/2023 15:24:01	SQL :EXEC GetUserTreeMenu 'nanang.andriani','1206',@CompanyId=2;
19/06/2023 15:24:01	SQL :EXEC GetUserTreeMenu 'nanang.andriani','1207',@CompanyId=2;
19/06/2023 15:24:01	SQL :EXEC GetUserSubMenu 'nanang.andriani','13';
19/06/2023 15:24:01	SQL :EXEC GetUserTreeMenu 'nanang.andriani','1301',@CompanyId=2;
19/06/2023 15:24:01	SQL :EXEC GetUserTreeMenu 'nanang.andriani','1302',@CompanyId=2;
19/06/2023 15:24:01	SQL :EXEC GetUserTreeMenu 'nanang.andriani','1303',@CompanyId=2;
19/06/2023 15:24:01	SQL :EXEC GetUserTreeMenu 'nanang.andriani','1304',@CompanyId=2;
19/06/2023 15:24:01	SQL :EXEC GetUserTreeMenu 'nanang.andriani','1305',@CompanyId=2;
19/06/2023 15:24:01	SQL :EXEC GetUserTreeMenu 'nanang.andriani','1306',@CompanyId=2;
19/06/2023 15:24:01	SQL :EXEC GetUserTreeMenu 'nanang.andriani','1307',@CompanyId=2;
19/06/2023 15:24:01	SQL :EXEC GetUserTreeMenu 'nanang.andriani','1308',@CompanyId=2;
19/06/2023 15:24:01	SQL :EXEC GetUserTreeMenu 'nanang.andriani','1309',@CompanyId=2;
19/06/2023 15:24:01	SQL :EXEC GetUserTreeMenu 'nanang.andriani','1310',@CompanyId=2;
19/06/2023 15:24:01	SQL :EXEC GetUserTreeMenu 'nanang.andriani','1311',@CompanyId=2;
19/06/2023 15:24:01	SQL :EXEC GetUserTreeMenu 'nanang.andriani','1312',@CompanyId=2;
19/06/2023 15:24:01	SQL :EXEC GetUserTreeMenu 'nanang.andriani','1313',@CompanyId=2;
19/06/2023 15:24:01	SQL :EXEC GetUserTreeMenu 'nanang.andriani','1314',@CompanyId=2;
19/06/2023 15:24:01	SQL :EXEC GetUserTreeMenu 'nanang.andriani','1315',@CompanyId=2;
19/06/2023 15:24:01	SQL :EXEC GetUserTreeMenu 'nanang.andriani','1316',@CompanyId=2;
19/06/2023 15:24:01	SQL :EXEC GetUserTreeMenu 'nanang.andriani','1317',@CompanyId=2;
19/06/2023 15:24:01	SQL :EXEC GetUserTreeMenu 'nanang.andriani','1318',@CompanyId=2;
19/06/2023 15:24:01	SQL :EXEC GetUserTreeMenu 'nanang.andriani','1319',@CompanyId=2;
19/06/2023 15:24:02	SQL :EXEC GetUserTreeMenu 'nanang.andriani','1320',@CompanyId=2;
19/06/2023 15:24:02	SQL :EXEC GetUserTreeMenu 'nanang.andriani','1321',@CompanyId=2;
19/06/2023 15:24:02	SQL :EXEC GetUserTreeMenu 'nanang.andriani','1322',@CompanyId=2;
19/06/2023 15:24:02	SQL :EXEC GetUserSubMenu 'nanang.andriani','14';
19/06/2023 15:24:02	SQL :EXEC GetUserTreeMenu 'nanang.andriani','1401',@CompanyId=2;
19/06/2023 15:24:02	SQL :EXEC GetUserTreeMenu 'nanang.andriani','1402',@CompanyId=2;
19/06/2023 15:24:02	SQL :EXEC GetUserTreeMenu 'nanang.andriani','1403',@CompanyId=2;
19/06/2023 15:24:02	SQL :EXEC GetUserTreeMenu 'nanang.andriani','1404',@CompanyId=2;
19/06/2023 15:24:02	SQL :EXEC GetUserTreeMenu 'nanang.andriani','1406',@CompanyId=2;
19/06/2023 15:24:02	SQL :EXEC GetUserTreeMenu 'nanang.andriani','1408',@CompanyId=2;
19/06/2023 15:24:02	SQL :EXEC GetUserTreeMenu 'nanang.andriani','1410',@CompanyId=2;
19/06/2023 15:24:02	SQL :EXEC GetUserTreeMenu 'nanang.andriani','1411',@CompanyId=2;
19/06/2023 15:24:02	SQL :EXEC GetUserTreeMenu 'nanang.andriani','1412',@CompanyId=2;
19/06/2023 15:24:02	SQL :EXEC GetUserTreeMenu 'nanang.andriani','1413',@CompanyId=2;
19/06/2023 15:24:02	SQL :EXEC GetUserTreeMenu 'nanang.andriani','1414',@CompanyId=2;
19/06/2023 15:24:02	SQL :EXEC GetUserSubMenu 'nanang.andriani','15';
19/06/2023 15:24:02	SQL :EXEC GetUserTreeMenu 'nanang.andriani','1501',@CompanyId=2;
19/06/2023 15:24:02	SQL :EXEC GetUserTreeMenu 'nanang.andriani','1502',@CompanyId=2;
19/06/2023 15:24:02	SQL :EXEC GetUserTreeMenu 'nanang.andriani','1503',@CompanyId=2;
19/06/2023 15:24:02	SQL :EXEC GetUserTreeMenu 'nanang.andriani','1504',@CompanyId=2;
19/06/2023 15:24:02	SQL :EXEC GetUserTreeMenu 'nanang.andriani','1505',@CompanyId=2;
19/06/2023 15:24:02	SQL :EXEC GetUserTreeMenu 'nanang.andriani','1506',@CompanyId=2;
19/06/2023 15:24:02	SQL :EXEC GetUserTreeMenu 'nanang.andriani','1507',@CompanyId=2;
19/06/2023 15:24:02	SQL :EXEC GetUserTreeMenu 'nanang.andriani','1508',@CompanyId=2;
19/06/2023 15:24:02	SQL :EXEC GetUserTreeMenu 'nanang.andriani','1509',@CompanyId=2;
19/06/2023 15:24:02	SQL :EXEC GetUserTreeMenu 'nanang.andriani','1510',@CompanyId=2;
19/06/2023 15:24:02	SQL :EXEC GetUserTreeMenu 'nanang.andriani','1511',@CompanyId=2;
19/06/2023 15:24:03	SQL :EXEC GetUserSubMenu 'nanang.andriani','16';
19/06/2023 15:24:03	SQL :EXEC GetUserTreeMenu 'nanang.andriani','1601',@CompanyId=2;
19/06/2023 15:24:03	SQL :EXEC GetUserTreeMenu 'nanang.andriani','1602',@CompanyId=2;
19/06/2023 15:24:03	SQL :EXEC GetUserTreeMenu 'nanang.andriani','1603',@CompanyId=2;
19/06/2023 15:24:03	SQL :EXEC GetUserTreeMenu 'nanang.andriani','1604',@CompanyId=2;
19/06/2023 15:24:03	SQL :EXEC GetUserTreeMenu 'nanang.andriani','1605',@CompanyId=2;
19/06/2023 15:24:03	SQL :EXEC GetUserTreeMenu 'nanang.andriani','1606',@CompanyId=2;
19/06/2023 15:24:03	SQL :EXEC GetUserTreeMenu 'nanang.andriani','1607',@CompanyId=2;
19/06/2023 15:24:03	SQL :EXEC GetUserTreeMenu 'nanang.andriani','1608',@CompanyId=2;
19/06/2023 15:24:03	SQL :EXEC GetUserTreeMenu 'nanang.andriani','1609',@CompanyId=2;
19/06/2023 15:24:03	SQL :EXEC GetUserTreeMenu 'nanang.andriani','1610',@CompanyId=2;
19/06/2023 15:24:03	SQL :EXEC GetUserTreeMenu 'nanang.andriani','1611',@CompanyId=2;
19/06/2023 15:24:03	SQL :EXEC GetUserTreeMenu 'nanang.andriani','1612',@CompanyId=2;
19/06/2023 15:24:03	SQL :EXEC GetUserTreeMenu 'nanang.andriani','1613',@CompanyId=2;
19/06/2023 15:24:03	SQL :EXEC GetUserTreeMenu 'nanang.andriani','1614',@CompanyId=2;
19/06/2023 15:24:03	SQL :EXEC GetUserTreeMenu 'nanang.andriani','1615',@CompanyId=2;
19/06/2023 15:24:03	SQL :EXEC GetUserTreeMenu 'nanang.andriani','1616',@CompanyId=2;
19/06/2023 15:24:03	SQL :EXEC GetUserTreeMenu 'nanang.andriani','1619',@CompanyId=2;
19/06/2023 15:24:03	SQL :EXEC GetUserTreeMenu 'nanang.andriani','1620',@CompanyId=2;
19/06/2023 15:24:03	SQL :EXEC GetUserSubMenu 'nanang.andriani','17';
19/06/2023 15:24:03	SQL :EXEC GetUserTreeMenu 'nanang.andriani','1701',@CompanyId=2;
19/06/2023 15:24:03	SQL :EXEC GetUserTreeMenu 'nanang.andriani','1702',@CompanyId=2;
19/06/2023 15:24:03	SQL :EXEC GetUserTreeMenu 'nanang.andriani','1703',@CompanyId=2;
19/06/2023 15:24:03	SQL :EXEC GetUserTreeMenu 'nanang.andriani','1704',@CompanyId=2;
19/06/2023 15:24:03	SQL :EXEC GetUserTreeMenu 'nanang.andriani','1705',@CompanyId=2;
19/06/2023 15:24:03	SQL :EXEC GetUserTreeMenu 'nanang.andriani','1706',@CompanyId=2;
19/06/2023 15:24:03	SQL :EXEC GetUserTreeMenu 'nanang.andriani','1707',@CompanyId=2;
19/06/2023 15:24:03	SQL :EXEC GetUserTreeMenu 'nanang.andriani','1708',@CompanyId=2;
19/06/2023 15:24:04	SQL :EXEC GetUserTreeMenu 'nanang.andriani','1709',@CompanyId=2;
19/06/2023 15:24:04	SQL :EXEC GetUserTreeMenu 'nanang.andriani','1710',@CompanyId=2;
19/06/2023 15:24:04	SQL :EXEC GetUserTreeMenu 'nanang.andriani','1711',@CompanyId=2;
19/06/2023 15:24:04	SQL :EXEC GetUserTreeMenu 'nanang.andriani','1712',@CompanyId=2;
19/06/2023 15:24:04	SQL :EXEC GetUserTreeMenu 'nanang.andriani','1713',@CompanyId=2;
19/06/2023 15:24:04	SQL :EXEC GetUserTreeMenu 'nanang.andriani','1714',@CompanyId=2;
19/06/2023 15:24:04	SQL :EXEC GetUserTreeMenu 'nanang.andriani','1715',@CompanyId=2;
19/06/2023 15:24:04	SQL :EXEC GetUserTreeMenu 'nanang.andriani','1716',@CompanyId=2;
19/06/2023 15:24:04	SQL :EXEC GetUserTreeMenu 'nanang.andriani','1717',@CompanyId=2;
19/06/2023 15:24:04	SQL :EXEC GetUserSubMenu 'nanang.andriani','18';
19/06/2023 15:24:04	SQL :EXEC GetUserTreeMenu 'nanang.andriani','1801',@CompanyId=2;
19/06/2023 15:24:04	SQL :EXEC GetUserSubMenu 'nanang.andriani','19';
19/06/2023 15:24:04	SQL :EXEC GetUserTreeMenu 'nanang.andriani','1901',@CompanyId=2;
19/06/2023 15:24:04	SQL :EXEC GetUserTreeMenu 'nanang.andriani','1902',@CompanyId=2;
19/06/2023 15:24:04	SQL :EXEC GetUserTreeMenu 'nanang.andriani','1903',@CompanyId=2;
19/06/2023 15:24:04	SQL :EXEC GetUserTreeMenu 'nanang.andriani','1904',@CompanyId=2;
19/06/2023 15:24:04	SQL :EXEC GetUserTreeMenu 'nanang.andriani','1905',@CompanyId=2;
19/06/2023 15:24:04	SQL :EXEC GetUserTreeMenu 'nanang.andriani','1906',@CompanyId=2;
19/06/2023 15:24:04	SQL :EXEC GetUserTreeMenu 'nanang.andriani','1907',@CompanyId=2;
19/06/2023 15:24:04	SQL :EXEC GetUserTreeMenu 'nanang.andriani','1908',@CompanyId=2;
19/06/2023 15:24:04	SQL :EXEC GetUserTreeMenu 'nanang.andriani','1909',@CompanyId=2;
19/06/2023 15:24:04	SQL :EXEC GetUserTreeMenu 'nanang.andriani','1910',@CompanyId=2;
19/06/2023 15:24:04	SQL :EXEC GetUserTreeMenu 'nanang.andriani','1911',@CompanyId=2;
19/06/2023 15:24:04	SQL :EXEC GetUserTreeMenu 'nanang.andriani','1912',@CompanyId=2;
19/06/2023 15:24:04	SQL :SELECT CONVERT(VARCHAR(8),GETDATE(),108) AS hour_minute;
19/06/2023 15:24:04	SQL :SELECT CONVERT(VARCHAR(10),GETDATE(),103) AS date_time;
19/06/2023 15:24:05	Loading Setting
19/06/2023 15:24:05	Open DB Connection
19/06/2023 15:24:05	SQL :SELECT * FROM wh_setting WHERE setting_name='Hold_Less_Deposit';
19/06/2023 15:24:05	SQL :SELECT * FROM wh_setting WHERE setting_name='Max_Less_Deposit';
19/06/2023 15:24:05	SQL :SELECT * FROM wh_setting WHERE setting_name='Dashboard_2';
19/06/2023 15:24:05	Finish Logging
19/06/2023 15:24:05	SQL :SELECT value_string FROM wh_setting WHERE (setting_name='Interval_CheckInDate') AND (active=1);
19/06/2023 15:24:05	SQL :SELECT value_string FROM wh_setting WHERE (setting_name='Interval_CheckInTime') AND (active=1);
19/06/2023 15:24:05	SQL :SELECT value_string FROM wh_setting WHERE (setting_name='ChatEnable') and (active=1);
19/06/2023 15:24:06	Message:Port Check
19/06/2023 15:24:06	Message:Open DB Connection
19/06/2023 15:24:06	SQL :EXEC GetMessage '01','nanang.andriani';
19/06/2023 15:24:06	SQL :SELECT CONVERT(VARCHAR(8),GETDATE(),108) AS hour_minute;
19/06/2023 15:24:06	SQL :SELECT CONVERT(VARCHAR(10),GETDATE(),103) AS date_time;
19/06/2023 15:24:09	Open Menu :190507
19/06/2023 15:24:09	Open DB Connection
19/06/2023 15:24:09	SQL :EXEC AuthMenu 'nanang.andriani',190507;
19/06/2023 15:24:09	Form Check :BusRunningDaysminiRpt
19/06/2023 15:24:09	Form Open: BusRunningDaysMiniRpt=,0
19/06/2023 15:24:09	Open DB Connection
19/06/2023 15:24:09	SQL :EXEC GetCompanyLocationList
19/06/2023 15:24:09	SQL :EXEC GetUserRDLocationList @UserName='nanang.andriani' ;
19/06/2023 15:24:09	SQL :EXEC GetGroup 2;
19/06/2023 15:24:09	Open DB Connection
19/06/2023 15:24:11	Open DB Connection
19/06/2023 15:24:13	Open DB Connection
19/06/2023 15:24:13	SQL :SELECT * FROM wh_setting WHERE (setting_name='ServiceBerkala_as_PKB_2') AND (active=1);
19/06/2023 15:24:13	Open DB Connection
19/06/2023 15:24:13	SQL :EXEC GetVhcList 6,@CompanyId=2,@BatchId=6,@Seat=29,@OrderBy='category, category_sequence_number,h.vhc_batch_id,seat,license_plate',@ShowBatch=1,@isOutsideRent=0,@Dates='2023/06/30';
19/06/2023 15:24:13	SQL :EXEC GetRunningDaysDetail 'BS221070063',@FromDate='2023-06-01',@ToDate='2023-06-30', @CompanyId=2;
19/06/2023 15:24:14	SQL :EXEC GetRunningDaysDetail 'BS221070060',@FromDate='2023-06-01',@ToDate='2023-06-30', @CompanyId=2;
19/06/2023 15:24:14	SQL :EXEC GetRunningDaysDetail 'BS220080008',@FromDate='2023-06-01',@ToDate='2023-06-30', @CompanyId=2;
19/06/2023 15:24:14	SQL :EXEC GetRunningDaysDetail 'BS220080009',@FromDate='2023-06-01',@ToDate='2023-06-30', @CompanyId=2;
19/06/2023 15:24:14	SQL :EXEC GetRunningDaysDetail 'BS221070061',@FromDate='2023-06-01',@ToDate='2023-06-30', @CompanyId=2;
19/06/2023 15:24:14	SQL :EXEC GetRunningDaysDetail 'BS221070041',@FromDate='2023-06-01',@ToDate='2023-06-30', @CompanyId=2;
19/06/2023 15:24:14	SQL :EXEC GetRunningDaysDetail 'BS221070064',@FromDate='2023-06-01',@ToDate='2023-06-30', @CompanyId=2;
19/06/2023 15:24:14	SQL :EXEC GetRunningDaysDetail 'BS220080007',@FromDate='2023-06-01',@ToDate='2023-06-30', @CompanyId=2;
19/06/2023 15:24:14	SQL :EXEC GetRunningDaysDetail 'BS220080006',@FromDate='2023-06-01',@ToDate='2023-06-30', @CompanyId=2;
19/06/2023 15:24:14	SQL :EXEC GetRunningDaysDetail 'BS220080010',@FromDate='2023-06-01',@ToDate='2023-06-30', @CompanyId=2;
19/06/2023 15:24:15	SQL :EXEC GetRunningDaysDetail 'BS221070068',@FromDate='2023-06-01',@ToDate='2023-06-30', @CompanyId=2;
19/06/2023 15:24:15	SQL :EXEC GetRunningDaysDetail 'BS221070062',@FromDate='2023-06-01',@ToDate='2023-06-30', @CompanyId=2;
19/06/2023 15:24:15	SQL :EXEC GetRunningDaysDetail 'BS221070069',@FromDate='2023-06-01',@ToDate='2023-06-30', @CompanyId=2;
19/06/2023 15:24:15	SQL :EXEC GetRunningDaysDetail 'BS221070066',@FromDate='2023-06-01',@ToDate='2023-06-30', @CompanyId=2;
19/06/2023 15:24:15	SQL :EXEC GetRunningDaysDetail 'BS221070067',@FromDate='2023-06-01',@ToDate='2023-06-30', @CompanyId=2;
19/06/2023 15:24:15	Open DB Connection
19/06/2023 15:24:15	SQL :select id from wh_dashboard_persentase_day where company_id=2 and vhc_batch_id=6 and seat=29 and date='2023/6/1'
19/06/2023 15:24:15	SQL :UPDATE wh_dashboard_persentase_day SET date='2023/6/1',company_id=2,vhc_batch_id=6,seat=29,tot_perbaikan=4,created_date=GETDATE() WHERE company_id=2 and vhc_batch_id=6 and seat=29 and date='2023/6/1'
19/06/2023 15:24:15	Open DB Connection
19/06/2023 15:24:15	SQL :select id from wh_dashboard_persentase_day where company_id=2 and vhc_batch_id=6 and seat=29 and date='2023/6/2'
19/06/2023 15:24:15	SQL :UPDATE wh_dashboard_persentase_day SET date='2023/6/2',company_id=2,vhc_batch_id=6,seat=29,tot_perbaikan=4,created_date=GETDATE() WHERE company_id=2 and vhc_batch_id=6 and seat=29 and date='2023/6/2'
19/06/2023 15:24:15	Open DB Connection
19/06/2023 15:24:15	SQL :select id from wh_dashboard_persentase_day where company_id=2 and vhc_batch_id=6 and seat=29 and date='2023/6/3'
19/06/2023 15:24:16	SQL :UPDATE wh_dashboard_persentase_day SET date='2023/6/3',company_id=2,vhc_batch_id=6,seat=29,tot_perbaikan=1,created_date=GETDATE() WHERE company_id=2 and vhc_batch_id=6 and seat=29 and date='2023/6/3'
19/06/2023 15:24:16	Open DB Connection
19/06/2023 15:24:16	SQL :select id from wh_dashboard_persentase_day where company_id=2 and vhc_batch_id=6 and seat=29 and date='2023/6/4'
19/06/2023 15:24:16	SQL :UPDATE wh_dashboard_persentase_day SET date='2023/6/4',company_id=2,vhc_batch_id=6,seat=29,tot_perbaikan=3,created_date=GETDATE() WHERE company_id=2 and vhc_batch_id=6 and seat=29 and date='2023/6/4'
19/06/2023 15:24:16	Open DB Connection
19/06/2023 15:24:16	SQL :select id from wh_dashboard_persentase_day where company_id=2 and vhc_batch_id=6 and seat=29 and date='2023/6/5'
19/06/2023 15:24:16	SQL :UPDATE wh_dashboard_persentase_day SET date='2023/6/5',company_id=2,vhc_batch_id=6,seat=29,tot_perbaikan=2,created_date=GETDATE() WHERE company_id=2 and vhc_batch_id=6 and seat=29 and date='2023/6/5'
19/06/2023 15:24:16	Open DB Connection
19/06/2023 15:24:16	SQL :select id from wh_dashboard_persentase_day where company_id=2 and vhc_batch_id=6 and seat=29 and date='2023/6/6'
19/06/2023 15:24:16	SQL :UPDATE wh_dashboard_persentase_day SET date='2023/6/6',company_id=2,vhc_batch_id=6,seat=29,tot_perbaikan=1,created_date=GETDATE() WHERE company_id=2 and vhc_batch_id=6 and seat=29 and date='2023/6/6'
19/06/2023 15:24:16	Open DB Connection
19/06/2023 15:24:16	SQL :select id from wh_dashboard_persentase_day where company_id=2 and vhc_batch_id=6 and seat=29 and date='2023/6/7'
19/06/2023 15:24:16	SQL :UPDATE wh_dashboard_persentase_day SET date='2023/6/7',company_id=2,vhc_batch_id=6,seat=29,tot_perbaikan=1,created_date=GETDATE() WHERE company_id=2 and vhc_batch_id=6 and seat=29 and date='2023/6/7'
19/06/2023 15:24:16	Open DB Connection
19/06/2023 15:24:16	SQL :select id from wh_dashboard_persentase_day where company_id=2 and vhc_batch_id=6 and seat=29 and date='2023/6/8'
19/06/2023 15:24:16	SQL :UPDATE wh_dashboard_persentase_day SET date='2023/6/8',company_id=2,vhc_batch_id=6,seat=29,tot_perbaikan=2,created_date=GETDATE() WHERE company_id=2 and vhc_batch_id=6 and seat=29 and date='2023/6/8'
19/06/2023 15:24:16	Open DB Connection
19/06/2023 15:24:16	SQL :select id from wh_dashboard_persentase_day where company_id=2 and vhc_batch_id=6 and seat=29 and date='2023/6/9'
19/06/2023 15:24:16	SQL :UPDATE wh_dashboard_persentase_day SET date='2023/6/9',company_id=2,vhc_batch_id=6,seat=29,tot_perbaikan=1,created_date=GETDATE() WHERE company_id=2 and vhc_batch_id=6 and seat=29 and date='2023/6/9'
19/06/2023 15:24:16	Open DB Connection
19/06/2023 15:24:16	SQL :select id from wh_dashboard_persentase_day where company_id=2 and vhc_batch_id=6 and seat=29 and date='2023/6/10'
19/06/2023 15:24:16	SQL :UPDATE wh_dashboard_persentase_day SET date='2023/6/10',company_id=2,vhc_batch_id=6,seat=29,tot_perbaikan=3,created_date=GETDATE() WHERE company_id=2 and vhc_batch_id=6 and seat=29 and date='2023/6/10'
19/06/2023 15:24:16	Open DB Connection
19/06/2023 15:24:16	SQL :select id from wh_dashboard_persentase_day where company_id=2 and vhc_batch_id=6 and seat=29 and date='2023/6/11'
19/06/2023 15:24:16	SQL :UPDATE wh_dashboard_persentase_day SET date='2023/6/11',company_id=2,vhc_batch_id=6,seat=29,tot_perbaikan=2,created_date=GETDATE() WHERE company_id=2 and vhc_batch_id=6 and seat=29 and date='2023/6/11'
19/06/2023 15:24:16	Open DB Connection
19/06/2023 15:24:16	SQL :select id from wh_dashboard_persentase_day where company_id=2 and vhc_batch_id=6 and seat=29 and date='2023/6/12'
19/06/2023 15:24:17	SQL :UPDATE wh_dashboard_persentase_day SET date='2023/6/12',company_id=2,vhc_batch_id=6,seat=29,tot_perbaikan=0,created_date=GETDATE() WHERE company_id=2 and vhc_batch_id=6 and seat=29 and date='2023/6/12'
19/06/2023 15:24:17	Open DB Connection
19/06/2023 15:24:17	SQL :select id from wh_dashboard_persentase_day where company_id=2 and vhc_batch_id=6 and seat=29 and date='2023/6/13'
19/06/2023 15:24:17	SQL :UPDATE wh_dashboard_persentase_day SET date='2023/6/13',company_id=2,vhc_batch_id=6,seat=29,tot_perbaikan=1,created_date=GETDATE() WHERE company_id=2 and vhc_batch_id=6 and seat=29 and date='2023/6/13'
19/06/2023 15:24:17	Open DB Connection
19/06/2023 15:24:17	SQL :select id from wh_dashboard_persentase_day where company_id=2 and vhc_batch_id=6 and seat=29 and date='2023/6/14'
19/06/2023 15:24:17	SQL :UPDATE wh_dashboard_persentase_day SET date='2023/6/14',company_id=2,vhc_batch_id=6,seat=29,tot_perbaikan=1,created_date=GETDATE() WHERE company_id=2 and vhc_batch_id=6 and seat=29 and date='2023/6/14'
19/06/2023 15:24:17	Open DB Connection
19/06/2023 15:24:17	SQL :select id from wh_dashboard_persentase_day where company_id=2 and vhc_batch_id=6 and seat=29 and date='2023/6/15'
19/06/2023 15:24:17	SQL :UPDATE wh_dashboard_persentase_day SET date='2023/6/15',company_id=2,vhc_batch_id=6,seat=29,tot_perbaikan=0,created_date=GETDATE() WHERE company_id=2 and vhc_batch_id=6 and seat=29 and date='2023/6/15'
19/06/2023 15:24:17	Open DB Connection
19/06/2023 15:24:17	SQL :select id from wh_dashboard_persentase_day where company_id=2 and vhc_batch_id=6 and seat=29 and date='2023/6/16'
19/06/2023 15:24:17	SQL :UPDATE wh_dashboard_persentase_day SET date='2023/6/16',company_id=2,vhc_batch_id=6,seat=29,tot_perbaikan=1,created_date=GETDATE() WHERE company_id=2 and vhc_batch_id=6 and seat=29 and date='2023/6/16'
19/06/2023 15:24:17	Open DB Connection
19/06/2023 15:24:17	SQL :select id from wh_dashboard_persentase_day where company_id=2 and vhc_batch_id=6 and seat=29 and date='2023/6/17'
19/06/2023 15:24:17	SQL :UPDATE wh_dashboard_persentase_day SET date='2023/6/17',company_id=2,vhc_batch_id=6,seat=29,tot_perbaikan=0,created_date=GETDATE() WHERE company_id=2 and vhc_batch_id=6 and seat=29 and date='2023/6/17'
19/06/2023 15:24:17	Open DB Connection
19/06/2023 15:24:17	SQL :select id from wh_dashboard_persentase_day where company_id=2 and vhc_batch_id=6 and seat=29 and date='2023/6/18'
19/06/2023 15:24:17	SQL :UPDATE wh_dashboard_persentase_day SET date='2023/6/18',company_id=2,vhc_batch_id=6,seat=29,tot_perbaikan=0,created_date=GETDATE() WHERE company_id=2 and vhc_batch_id=6 and seat=29 and date='2023/6/18'
19/06/2023 15:24:17	Open DB Connection
19/06/2023 15:24:17	SQL :select id from wh_dashboard_persentase_day where company_id=2 and vhc_batch_id=6 and seat=29 and date='2023/6/19'
19/06/2023 15:24:17	SQL :UPDATE wh_dashboard_persentase_day SET date='2023/6/19',company_id=2,vhc_batch_id=6,seat=29,tot_perbaikan=1,created_date=GETDATE() WHERE company_id=2 and vhc_batch_id=6 and seat=29 and date='2023/6/19'
19/06/2023 15:24:17	Open DB Connection
19/06/2023 15:24:17	SQL :select id from wh_dashboard_persentase_day where company_id=2 and vhc_batch_id=6 and seat=29 and date='2023/6/20'
19/06/2023 15:24:17	SQL :UPDATE wh_dashboard_persentase_day SET date='2023/6/20',company_id=2,vhc_batch_id=6,seat=29,tot_perbaikan=0,created_date=GETDATE() WHERE company_id=2 and vhc_batch_id=6 and seat=29 and date='2023/6/20'
19/06/2023 15:24:17	Open DB Connection
19/06/2023 15:24:17	SQL :select id from wh_dashboard_persentase_day where company_id=2 and vhc_batch_id=6 and seat=29 and date='2023/6/21'
19/06/2023 15:24:17	SQL :UPDATE wh_dashboard_persentase_day SET date='2023/6/21',company_id=2,vhc_batch_id=6,seat=29,tot_perbaikan=2,created_date=GETDATE() WHERE company_id=2 and vhc_batch_id=6 and seat=29 and date='2023/6/21'
19/06/2023 15:24:17	Open DB Connection
19/06/2023 15:24:17	SQL :select id from wh_dashboard_persentase_day where company_id=2 and vhc_batch_id=6 and seat=29 and date='2023/6/22'
19/06/2023 15:24:17	SQL :UPDATE wh_dashboard_persentase_day SET date='2023/6/22',company_id=2,vhc_batch_id=6,seat=29,tot_perbaikan=2,created_date=GETDATE() WHERE company_id=2 and vhc_batch_id=6 and seat=29 and date='2023/6/22'
19/06/2023 15:24:17	Open DB Connection
19/06/2023 15:24:17	SQL :select id from wh_dashboard_persentase_day where company_id=2 and vhc_batch_id=6 and seat=29 and date='2023/6/23'
19/06/2023 15:24:17	SQL :UPDATE wh_dashboard_persentase_day SET date='2023/6/23',company_id=2,vhc_batch_id=6,seat=29,tot_perbaikan=2,created_date=GETDATE() WHERE company_id=2 and vhc_batch_id=6 and seat=29 and date='2023/6/23'
19/06/2023 15:24:17	Open DB Connection
19/06/2023 15:24:17	SQL :select id from wh_dashboard_persentase_day where company_id=2 and vhc_batch_id=6 and seat=29 and date='2023/6/24'
19/06/2023 15:24:17	SQL :UPDATE wh_dashboard_persentase_day SET date='2023/6/24',company_id=2,vhc_batch_id=6,seat=29,tot_perbaikan=3,created_date=GETDATE() WHERE company_id=2 and vhc_batch_id=6 and seat=29 and date='2023/6/24'
19/06/2023 15:24:17	Open DB Connection
19/06/2023 15:24:17	SQL :select id from wh_dashboard_persentase_day where company_id=2 and vhc_batch_id=6 and seat=29 and date='2023/6/25'
19/06/2023 15:24:17	SQL :UPDATE wh_dashboard_persentase_day SET date='2023/6/25',company_id=2,vhc_batch_id=6,seat=29,tot_perbaikan=3,created_date=GETDATE() WHERE company_id=2 and vhc_batch_id=6 and seat=29 and date='2023/6/25'
19/06/2023 15:24:17	Open DB Connection
19/06/2023 15:24:17	SQL :select id from wh_dashboard_persentase_day where company_id=2 and vhc_batch_id=6 and seat=29 and date='2023/6/26'
19/06/2023 15:24:18	SQL :UPDATE wh_dashboard_persentase_day SET date='2023/6/26',company_id=2,vhc_batch_id=6,seat=29,tot_perbaikan=2,created_date=GETDATE() WHERE company_id=2 and vhc_batch_id=6 and seat=29 and date='2023/6/26'
19/06/2023 15:24:18	Open DB Connection
19/06/2023 15:24:18	SQL :select id from wh_dashboard_persentase_day where company_id=2 and vhc_batch_id=6 and seat=29 and date='2023/6/27'
19/06/2023 15:24:18	SQL :UPDATE wh_dashboard_persentase_day SET date='2023/6/27',company_id=2,vhc_batch_id=6,seat=29,tot_perbaikan=2,created_date=GETDATE() WHERE company_id=2 and vhc_batch_id=6 and seat=29 and date='2023/6/27'
19/06/2023 15:24:18	Open DB Connection
19/06/2023 15:24:18	SQL :select id from wh_dashboard_persentase_day where company_id=2 and vhc_batch_id=6 and seat=29 and date='2023/6/28'
19/06/2023 15:24:18	SQL :UPDATE wh_dashboard_persentase_day SET date='2023/6/28',company_id=2,vhc_batch_id=6,seat=29,tot_perbaikan=2,created_date=GETDATE() WHERE company_id=2 and vhc_batch_id=6 and seat=29 and date='2023/6/28'
19/06/2023 15:24:18	Open DB Connection
19/06/2023 15:24:18	SQL :select id from wh_dashboard_persentase_day where company_id=2 and vhc_batch_id=6 and seat=29 and date='2023/6/29'
19/06/2023 15:24:18	SQL :UPDATE wh_dashboard_persentase_day SET date='2023/6/29',company_id=2,vhc_batch_id=6,seat=29,tot_perbaikan=2,created_date=GETDATE() WHERE company_id=2 and vhc_batch_id=6 and seat=29 and date='2023/6/29'
19/06/2023 15:24:18	Open DB Connection
19/06/2023 15:24:18	SQL :select id from wh_dashboard_persentase_day where company_id=2 and vhc_batch_id=6 and seat=29 and date='2023/6/30'
19/06/2023 15:24:18	SQL :UPDATE wh_dashboard_persentase_day SET date='2023/6/30',company_id=2,vhc_batch_id=6,seat=29,tot_perbaikan=2,created_date=GETDATE() WHERE company_id=2 and vhc_batch_id=6 and seat=29 and date='2023/6/30'
19/06/2023 15:24:18	Open DB Connection
19/06/2023 15:24:18	SQL :select id from wh_dashboard_persentase_day where company_id=2 and vhc_batch_id=6 and seat=29 and date='2023/6/1'
19/06/2023 15:24:18	SQL :UPDATE wh_dashboard_persentase_day SET date='2023/6/1',company_id=2,vhc_batch_id=6,seat=29,persentase_jalan=82,created_date=GETDATE() WHERE company_id=2 and vhc_batch_id=6 and seat=29 and date='2023/6/1'
19/06/2023 15:24:18	Open DB Connection
19/06/2023 15:24:18	SQL :select id from wh_dashboard_persentase_day where company_id=2 and vhc_batch_id=6 and seat=29 and date='2023/6/2'
19/06/2023 15:24:18	SQL :UPDATE wh_dashboard_persentase_day SET date='2023/6/2',company_id=2,vhc_batch_id=6,seat=29,persentase_jalan=82,created_date=GETDATE() WHERE company_id=2 and vhc_batch_id=6 and seat=29 and date='2023/6/2'
19/06/2023 15:24:18	Open DB Connection
19/06/2023 15:24:18	SQL :select id from wh_dashboard_persentase_day where company_id=2 and vhc_batch_id=6 and seat=29 and date='2023/6/3'
19/06/2023 15:24:18	SQL :UPDATE wh_dashboard_persentase_day SET date='2023/6/3',company_id=2,vhc_batch_id=6,seat=29,persentase_jalan=93,created_date=GETDATE() WHERE company_id=2 and vhc_batch_id=6 and seat=29 and date='2023/6/3'
19/06/2023 15:24:18	Open DB Connection
19/06/2023 15:24:18	SQL :select id from wh_dashboard_persentase_day where company_id=2 and vhc_batch_id=6 and seat=29 and date='2023/6/4'
19/06/2023 15:24:18	SQL :UPDATE wh_dashboard_persentase_day SET date='2023/6/4',company_id=2,vhc_batch_id=6,seat=29,persentase_jalan=83,created_date=GETDATE() WHERE company_id=2 and vhc_batch_id=6 and seat=29 and date='2023/6/4'
19/06/2023 15:24:18	Open DB Connection
19/06/2023 15:24:18	SQL :select id from wh_dashboard_persentase_day where company_id=2 and vhc_batch_id=6 and seat=29 and date='2023/6/5'
19/06/2023 15:24:18	SQL :UPDATE wh_dashboard_persentase_day SET date='2023/6/5',company_id=2,vhc_batch_id=6,seat=29,persentase_jalan=85,created_date=GETDATE() WHERE company_id=2 and vhc_batch_id=6 and seat=29 and date='2023/6/5'
19/06/2023 15:24:18	Open DB Connection
19/06/2023 15:24:18	SQL :select id from wh_dashboard_persentase_day where company_id=2 and vhc_batch_id=6 and seat=29 and date='2023/6/6'
19/06/2023 15:24:18	SQL :UPDATE wh_dashboard_persentase_day SET date='2023/6/6',company_id=2,vhc_batch_id=6,seat=29,persentase_jalan=86,created_date=GETDATE() WHERE company_id=2 and vhc_batch_id=6 and seat=29 and date='2023/6/6'
19/06/2023 15:24:19	Open DB Connection
19/06/2023 15:24:19	SQL :select id from wh_dashboard_persentase_day where company_id=2 and vhc_batch_id=6 and seat=29 and date='2023/6/7'
19/06/2023 15:24:19	SQL :UPDATE wh_dashboard_persentase_day SET date='2023/6/7',company_id=2,vhc_batch_id=6,seat=29,persentase_jalan=86,created_date=GETDATE() WHERE company_id=2 and vhc_batch_id=6 and seat=29 and date='2023/6/7'
19/06/2023 15:24:19	Open DB Connection
19/06/2023 15:24:19	SQL :select id from wh_dashboard_persentase_day where company_id=2 and vhc_batch_id=6 and seat=29 and date='2023/6/8'
19/06/2023 15:24:19	SQL :UPDATE wh_dashboard_persentase_day SET date='2023/6/8',company_id=2,vhc_batch_id=6,seat=29,persentase_jalan=92,created_date=GETDATE() WHERE company_id=2 and vhc_batch_id=6 and seat=29 and date='2023/6/8'
19/06/2023 15:24:19	Open DB Connection
19/06/2023 15:24:19	SQL :select id from wh_dashboard_persentase_day where company_id=2 and vhc_batch_id=6 and seat=29 and date='2023/6/9'
19/06/2023 15:24:19	SQL :UPDATE wh_dashboard_persentase_day SET date='2023/6/9',company_id=2,vhc_batch_id=6,seat=29,persentase_jalan=86,created_date=GETDATE() WHERE company_id=2 and vhc_batch_id=6 and seat=29 and date='2023/6/9'
19/06/2023 15:24:19	Open DB Connection
19/06/2023 15:24:19	SQL :select id from wh_dashboard_persentase_day where company_id=2 and vhc_batch_id=6 and seat=29 and date='2023/6/10'
19/06/2023 15:24:19	SQL :UPDATE wh_dashboard_persentase_day SET date='2023/6/10',company_id=2,vhc_batch_id=6,seat=29,persentase_jalan=67,created_date=GETDATE() WHERE company_id=2 and vhc_batch_id=6 and seat=29 and date='2023/6/10'
19/06/2023 15:24:19	Open DB Connection
19/06/2023 15:24:19	SQL :select id from wh_dashboard_persentase_day where company_id=2 and vhc_batch_id=6 and seat=29 and date='2023/6/11'
19/06/2023 15:24:19	SQL :UPDATE wh_dashboard_persentase_day SET date='2023/6/11',company_id=2,vhc_batch_id=6,seat=29,persentase_jalan=54,created_date=GETDATE() WHERE company_id=2 and vhc_batch_id=6 and seat=29 and date='2023/6/11'
19/06/2023 15:24:19	Open DB Connection
19/06/2023 15:24:19	SQL :select id from wh_dashboard_persentase_day where company_id=2 and vhc_batch_id=6 and seat=29 and date='2023/6/12'
19/06/2023 15:24:19	SQL :UPDATE wh_dashboard_persentase_day SET date='2023/6/12',company_id=2,vhc_batch_id=6,seat=29,persentase_jalan=80,created_date=GETDATE() WHERE company_id=2 and vhc_batch_id=6 and seat=29 and date='2023/6/12'
19/06/2023 15:24:19	Open DB Connection
19/06/2023 15:24:19	SQL :select id from wh_dashboard_persentase_day where company_id=2 and vhc_batch_id=6 and seat=29 and date='2023/6/13'
19/06/2023 15:24:19	SQL :UPDATE wh_dashboard_persentase_day SET date='2023/6/13',company_id=2,vhc_batch_id=6,seat=29,persentase_jalan=86,created_date=GETDATE() WHERE company_id=2 and vhc_batch_id=6 and seat=29 and date='2023/6/13'
19/06/2023 15:24:19	Open DB Connection
19/06/2023 15:24:19	SQL :select id from wh_dashboard_persentase_day where company_id=2 and vhc_batch_id=6 and seat=29 and date='2023/6/14'
19/06/2023 15:24:19	SQL :UPDATE wh_dashboard_persentase_day SET date='2023/6/14',company_id=2,vhc_batch_id=6,seat=29,persentase_jalan=86,created_date=GETDATE() WHERE company_id=2 and vhc_batch_id=6 and seat=29 and date='2023/6/14'
19/06/2023 15:24:19	Open DB Connection
19/06/2023 15:24:19	SQL :select id from wh_dashboard_persentase_day where company_id=2 and vhc_batch_id=6 and seat=29 and date='2023/6/15'
19/06/2023 15:24:19	SQL :UPDATE wh_dashboard_persentase_day SET date='2023/6/15',company_id=2,vhc_batch_id=6,seat=29,persentase_jalan=87,created_date=GETDATE() WHERE company_id=2 and vhc_batch_id=6 and seat=29 and date='2023/6/15'
19/06/2023 15:24:19	Open DB Connection
19/06/2023 15:24:19	SQL :select id from wh_dashboard_persentase_day where company_id=2 and vhc_batch_id=6 and seat=29 and date='2023/6/16'
19/06/2023 15:24:19	SQL :UPDATE wh_dashboard_persentase_day SET date='2023/6/16',company_id=2,vhc_batch_id=6,seat=29,persentase_jalan=86,created_date=GETDATE() WHERE company_id=2 and vhc_batch_id=6 and seat=29 and date='2023/6/16'
19/06/2023 15:24:19	Open DB Connection
19/06/2023 15:24:19	SQL :select id from wh_dashboard_persentase_day where company_id=2 and vhc_batch_id=6 and seat=29 and date='2023/6/17'
19/06/2023 15:24:19	SQL :UPDATE wh_dashboard_persentase_day SET date='2023/6/17',company_id=2,vhc_batch_id=6,seat=29,persentase_jalan=73,created_date=GETDATE() WHERE company_id=2 and vhc_batch_id=6 and seat=29 and date='2023/6/17'
19/06/2023 15:24:19	Open DB Connection
19/06/2023 15:24:19	SQL :select id from wh_dashboard_persentase_day where company_id=2 and vhc_batch_id=6 and seat=29 and date='2023/6/18'
19/06/2023 15:24:19	SQL :UPDATE wh_dashboard_persentase_day SET date='2023/6/18',company_id=2,vhc_batch_id=6,seat=29,persentase_jalan=40,created_date=GETDATE() WHERE company_id=2 and vhc_batch_id=6 and seat=29 and date='2023/6/18'
19/06/2023 15:24:19	Open DB Connection
19/06/2023 15:24:19	SQL :select id from wh_dashboard_persentase_day where company_id=2 and vhc_batch_id=6 and seat=29 and date='2023/6/19'
19/06/2023 15:24:19	SQL :UPDATE wh_dashboard_persentase_day SET date='2023/6/19',company_id=2,vhc_batch_id=6,seat=29,persentase_jalan=64,created_date=GETDATE() WHERE company_id=2 and vhc_batch_id=6 and seat=29 and date='2023/6/19'
19/06/2023 15:24:19	Open DB Connection
19/06/2023 15:24:19	SQL :select id from wh_dashboard_persentase_day where company_id=2 and vhc_batch_id=6 and seat=29 and date='2023/6/20'
19/06/2023 15:24:20	SQL :UPDATE wh_dashboard_persentase_day SET date='2023/6/20',company_id=2,vhc_batch_id=6,seat=29,persentase_jalan=73,created_date=GETDATE() WHERE company_id=2 and vhc_batch_id=6 and seat=29 and date='2023/6/20'
19/06/2023 15:24:20	Open DB Connection
19/06/2023 15:24:20	SQL :select id from wh_dashboard_persentase_day where company_id=2 and vhc_batch_id=6 and seat=29 and date='2023/6/21'
19/06/2023 15:24:20	SQL :UPDATE wh_dashboard_persentase_day SET date='2023/6/21',company_id=2,vhc_batch_id=6,seat=29,persentase_jalan=62,created_date=GETDATE() WHERE company_id=2 and vhc_batch_id=6 and seat=29 and date='2023/6/21'
19/06/2023 15:24:20	Open DB Connection
19/06/2023 15:24:20	SQL :select id from wh_dashboard_persentase_day where company_id=2 and vhc_batch_id=6 and seat=29 and date='2023/6/22'
19/06/2023 15:24:20	SQL :UPDATE wh_dashboard_persentase_day SET date='2023/6/22',company_id=2,vhc_batch_id=6,seat=29,persentase_jalan=69,created_date=GETDATE() WHERE company_id=2 and vhc_batch_id=6 and seat=29 and date='2023/6/22'
19/06/2023 15:24:20	Open DB Connection
19/06/2023 15:24:20	SQL :select id from wh_dashboard_persentase_day where company_id=2 and vhc_batch_id=6 and seat=29 and date='2023/6/23'
19/06/2023 15:24:20	SQL :UPDATE wh_dashboard_persentase_day SET date='2023/6/23',company_id=2,vhc_batch_id=6,seat=29,persentase_jalan=54,created_date=GETDATE() WHERE company_id=2 and vhc_batch_id=6 and seat=29 and date='2023/6/23'
19/06/2023 15:24:20	Open DB Connection
19/06/2023 15:24:20	SQL :select id from wh_dashboard_persentase_day where company_id=2 and vhc_batch_id=6 and seat=29 and date='2023/6/24'
19/06/2023 15:24:20	SQL :UPDATE wh_dashboard_persentase_day SET date='2023/6/24',company_id=2,vhc_batch_id=6,seat=29,persentase_jalan=50,created_date=GETDATE() WHERE company_id=2 and vhc_batch_id=6 and seat=29 and date='2023/6/24'
19/06/2023 15:24:20	Open DB Connection
19/06/2023 15:24:20	SQL :select id from wh_dashboard_persentase_day where company_id=2 and vhc_batch_id=6 and seat=29 and date='2023/6/25'
19/06/2023 15:24:20	SQL :UPDATE wh_dashboard_persentase_day SET date='2023/6/25',company_id=2,vhc_batch_id=6,seat=29,persentase_jalan=33,created_date=GETDATE() WHERE company_id=2 and vhc_batch_id=6 and seat=29 and date='2023/6/25'
19/06/2023 15:24:20	Open DB Connection
19/06/2023 15:24:20	SQL :select id from wh_dashboard_persentase_day where company_id=2 and vhc_batch_id=6 and seat=29 and date='2023/6/26'
19/06/2023 15:24:20	SQL :UPDATE wh_dashboard_persentase_day SET date='2023/6/26',company_id=2,vhc_batch_id=6,seat=29,persentase_jalan=54,created_date=GETDATE() WHERE company_id=2 and vhc_batch_id=6 and seat=29 and date='2023/6/26'
19/06/2023 15:24:20	Open DB Connection
19/06/2023 15:24:20	SQL :select id from wh_dashboard_persentase_day where company_id=2 and vhc_batch_id=6 and seat=29 and date='2023/6/27'
19/06/2023 15:24:20	SQL :UPDATE wh_dashboard_persentase_day SET date='2023/6/27',company_id=2,vhc_batch_id=6,seat=29,persentase_jalan=54,created_date=GETDATE() WHERE company_id=2 and vhc_batch_id=6 and seat=29 and date='2023/6/27'
19/06/2023 15:24:20	Open DB Connection
19/06/2023 15:24:20	SQL :select id from wh_dashboard_persentase_day where company_id=2 and vhc_batch_id=6 and seat=29 and date='2023/6/28'
19/06/2023 15:24:20	SQL :UPDATE wh_dashboard_persentase_day SET date='2023/6/28',company_id=2,vhc_batch_id=6,seat=29,persentase_jalan=69,created_date=GETDATE() WHERE company_id=2 and vhc_batch_id=6 and seat=29 and date='2023/6/28'
19/06/2023 15:24:20	Open DB Connection
19/06/2023 15:24:20	SQL :select id from wh_dashboard_persentase_day where company_id=2 and vhc_batch_id=6 and seat=29 and date='2023/6/29'
19/06/2023 15:24:20	SQL :UPDATE wh_dashboard_persentase_day SET date='2023/6/29',company_id=2,vhc_batch_id=6,seat=29,persentase_jalan=69,created_date=GETDATE() WHERE company_id=2 and vhc_batch_id=6 and seat=29 and date='2023/6/29'
19/06/2023 15:24:20	Open DB Connection
19/06/2023 15:24:20	SQL :select id from wh_dashboard_persentase_day where company_id=2 and vhc_batch_id=6 and seat=29 and date='2023/6/30'
19/06/2023 15:24:20	SQL :UPDATE wh_dashboard_persentase_day SET date='2023/6/30',company_id=2,vhc_batch_id=6,seat=29,persentase_jalan=77,created_date=GETDATE() WHERE company_id=2 and vhc_batch_id=6 and seat=29 and date='2023/6/30'
19/06/2023 15:24:26	Form Check :OrderForm
19/06/2023 15:24:26	Form Open: SelectBooking=PKBRB23060126  BLCRB23060109  MSRRB23060035,FormRequest=,0
19/06/2023 15:24:33	Form Check :OrderForm
19/06/2023 15:24:33	Form Open: SelectBooking=BLCRB23050094  MSRRB23060029,FormRequest=,0
19/06/2023 15:24:45	Form Check :OrderFo19/06/2023 15:35:45	Get Local Settings
19/06/2023 15:35:45	Start Change Local Settings
19/06/2023 15:35:45	Change short date format
19/06/2023 15:35:45	Change Long date format
19/06/2023 15:35:45	Finish Change Local Settings
19/06/2023 15:35:45	Registry Read: Path=SOFTWARE\WEHA\Aplikasi\3
19/06/2023 15:35:45	Registry Read/Write
19/06/2023 15:35:45	Registry Read: Path=SOFTWARE\WEHA\Aplikasi\3
19/06/2023 15:35:45	Registry Read:Fail
19/06/2023 15:35:45	Setting DB Param
19/06/2023 15:35:45	Create DB Object
19/06/2023 15:35:45	Init DB
19/06/2023 15:39:47	Error Create DB Connection
19/06/2023 15:39:49	Change Db Connection to :Provider=MSDASQL.1
19/06/2023 15:39:49	Finish Create DB Connection
19/06/2023 15:39:49	Get File Version
19/06/2023 15:39:49	Change  Caption
19/06/2023 15:39:49	Init Shortkey
19/06/2023 15:39:50	Form Check :Setting
19/06/2023 15:39:50	Form Open: Setting
19/06/2023 15:40:08	Create DB Object
19/06/2023 15:40:08	Init DB
19/06/2023 15:40:08	Finish Init DB
19/06/2023 15:40:08	Port Check
19/06/2023 15:40:08	Connection Check
19/06/2023 15:40:11	Check Success
19/06/2023 15:40:12	Registry Write: 192.168.10.247,wh_prod,sa,SQLNCLI10
19/06/2023 15:40:12	Registry Read: Path=SOFTWARE\WEHA\Aplikasi\3
19/06/2023 15:40:12	Registry Read:Fail
19/06/2023 15:40:15	Create DB Object
19/06/2023 15:40:15	Init DB
19/06/2023 15:40:15	Finish Init DB
19/06/2023 15:40:21	Update new version check
19/06/2023 15:40:21	Open DB Connection
19/06/2023 15:40:21	SQL :
19/06/2023 15:40:21	Update check version
19/06/2023 15:40:21	Open DB Connection
19/06/2023 15:40:21	SQL :SELECT version FROM wh_application WHERE application_id=(SELECT MAX(application_id) FROM wh_application);
19/06/2023 15:40:22	Start Login
19/06/2023 15:40:22	Open DB Connection
19/06/2023 15:40:22	SQL :EXEC AuthenticateUser 'nanang.andriani','3b5929d0c23006c99522f38746d85dd4';
19/06/2023 15:40:22	SQL :INSERT INTO wh_log (user_id,app_date,app_version,app_version_svr,location_id,company_id,department_id,host_name,ip_address)  VALUES ('nanang.andriani','19/06/2023','6.1.5.23','6.1.5.23',6,2,13,'DESKTOP-88BM05S','192.168.25.214');
19/06/2023 15:40:22	Open DB Connection
19/06/2023 15:40:22	SQL :EXEC GetUserMenu 'nanang.andriani';
19/06/2023 15:40:22	SQL :EXEC GetUserSubMenu 'nanang.andriani','11';
19/06/2023 15:40:22	SQL :EXEC GetUserTreeMenu 'nanang.andriani','1101',@CompanyId=2;
19/06/2023 15:40:22	SQL :EXEC GetUserTreeMenu 'nanang.andriani','1102',@CompanyId=2;
19/06/2023 15:40:22	SQL :EXEC GetUserTreeMenu 'nanang.andriani','1103',@CompanyId=2;
19/06/2023 15:40:22	SQL :EXEC GetUserTreeMenu 'nanang.andriani','1104',@CompanyId=2;
19/06/2023 15:40:22	SQL :EXEC GetUserTreeMenu 'nanang.andriani','1105',@CompanyId=2;
19/06/2023 15:40:22	SQL :EXEC GetUserTreeMenu 'nanang.andriani','1106',@CompanyId=2;
19/06/2023 15:40:22	SQL :EXEC GetUserTreeMenu 'nanang.andriani','1107',@CompanyId=2;
19/06/2023 15:40:22	SQL :EXEC GetUserTreeMenu 'nanang.andriani','1108',@CompanyId=2;
19/06/2023 15:40:22	SQL :EXEC GetUserTreeMenu 'nanang.andriani','1109',@CompanyId=2;
19/06/2023 15:40:22	SQL :EXEC GetUserTreeMenu 'nanang.andriani','1110',@CompanyId=2;
19/06/2023 15:40:22	SQL :EXEC GetUserTreeMenu 'nanang.andriani','1111',@CompanyId=2;
19/06/2023 15:40:22	SQL :EXEC GetUserTreeMenu 'nanang.andriani','1112',@CompanyId=2;
19/06/2023 15:40:22	SQL :EXEC GetUserTreeMenu 'nanang.andriani','1113',@CompanyId=2;
19/06/2023 15:40:22	SQL :EXEC GetUserTreeMenu 'nanang.andriani','1114',@CompanyId=2;
19/06/2023 15:40:22	SQL :EXEC GetUserTreeMenu 'nanang.andriani','1115',@CompanyId=2;
19/06/2023 15:40:22	SQL :EXEC GetUserTreeMenu 'nanang.andriani','1116',@CompanyId=2;
19/06/2023 15:40:22	SQL :EXEC GetUserTreeMenu 'nanang.andriani','1117',@CompanyId=2;
19/06/2023 15:40:22	SQL :EXEC GetUserTreeMenu 'nanang.andriani','1198',@CompanyId=2;
19/06/2023 15:40:22	SQL :EXEC GetUserTreeMenu 'nanang.andriani','1199',@CompanyId=2;
19/06/2023 15:40:22	SQL :EXEC GetUserSubMenu 'nanang.andriani','12';
19/06/2023 15:40:22	SQL :EXEC GetUserTreeMenu 'nanang.andriani','1201',@CompanyId=2;
19/06/2023 15:40:22	SQL :EXEC GetUserTreeMenu 'nanang.andriani','1202',@CompanyId=2;
19/06/2023 15:40:22	SQL :EXEC GetUserTreeMenu 'nanang.andriani','1203',@CompanyId=2;
19/06/2023 15:40:22	SQL :EXEC GetUserTreeMenu 'nanang.andriani','1204',@CompanyId=2;
19/06/2023 15:40:22	SQL :EXEC GetUserTreeMenu 'nanang.andriani','1205',@CompanyId=2;
19/06/2023 15:40:22	SQL :EXEC GetUserTreeMenu 'nanang.andriani','1206',@CompanyId=2;
19/06/2023 15:40:22	SQL :EXEC GetUserTreeMenu 'nanang.andriani','1207',@CompanyId=2;
19/06/2023 15:40:22	SQL :EXEC GetUserSubMenu 'nanang.andriani','13';
19/06/2023 15:40:22	SQL :EXEC GetUserTreeMenu 'nanang.andriani','1301',@CompanyId=2;
19/06/2023 15:40:22	SQL :EXEC GetUserTreeMenu 'nanang.andriani','1302',@CompanyId=2;
19/06/2023 15:40:22	SQL :EXEC GetUserTreeMenu 'nanang.andriani','1303',@CompanyId=2;
19/06/2023 15:40:22	SQL :EXEC GetUserTreeMenu 'nanang.andriani','1304',@CompanyId=2;
19/06/2023 15:40:22	SQL :EXEC GetUserTreeMenu 'nanang.andriani','1305',@CompanyId=2;
19/06/2023 15:40:22	SQL :EXEC GetUserTreeMenu 'nanang.andriani','1306',@CompanyId=2;
19/06/2023 15:40:22	SQL :EXEC GetUserTreeMenu 'nanang.andriani','1307',@CompanyId=2;
19/06/2023 15:40:22	SQL :EXEC GetUserTreeMenu 'nanang.andriani','1308',@CompanyId=2;
19/06/2023 15:40:22	SQL :EXEC GetUserTreeMenu 'nanang.andriani','1309',@CompanyId=2;
19/06/2023 15:40:22	SQL :EXEC GetUserTreeMenu 'nanang.andriani','1310',@CompanyId=2;
19/06/2023 15:40:22	SQL :EXEC GetUserTreeMenu 'nanang.andriani','1311',@CompanyId=2;
19/06/2023 15:40:22	SQL :EXEC GetUserTreeMenu 'nanang.andriani','1312',@CompanyId=2;
19/06/2023 15:40:22	SQL :EXEC GetUserTreeMenu 'nanang.andriani','1313',@CompanyId=2;
19/06/2023 15:40:22	SQL :EXEC GetUserTreeMenu 'nanang.andriani','1314',@CompanyId=2;
19/06/2023 15:40:22	SQL :EXEC GetUserTreeMenu 'nanang.andriani','1315',@CompanyId=2;
19/06/2023 15:40:22	SQL :EXEC GetUserTreeMenu 'nanang.andriani','1316',@CompanyId=2;
19/06/2023 15:40:22	SQL :EXEC GetUserTreeMenu 'nanang.andriani','1317',@CompanyId=2;
19/06/2023 15:40:23	SQL :EXEC GetUserTreeMenu 'nanang.andriani','1318',@CompanyId=2;
19/06/2023 15:40:23	SQL :EXEC GetUserTreeMenu 'nanang.andriani','1319',@CompanyId=2;
19/06/2023 15:40:23	SQL :EXEC GetUserTreeMenu 'nanang.andriani','1320',@CompanyId=2;
19/06/2023 15:40:23	SQL :EXEC GetUserTreeMenu 'nanang.andriani','1321',@CompanyId=2;
19/06/2023 15:40:23	SQL :EXEC GetUserTreeMenu 'nanang.andriani','1322',@CompanyId=2;
19/06/2023 15:40:23	SQL :EXEC GetUserSubMenu 'nanang.andriani','14';
19/06/2023 15:40:23	SQL :EXEC GetUserTreeMenu 'nanang.andriani','1401',@CompanyId=2;
19/06/2023 15:40:23	SQL :EXEC GetUserTreeMenu 'nanang.andriani','1402',@CompanyId=2;
19/06/2023 15:40:23	SQL :EXEC GetUserTreeMenu 'nanang.andriani','1403',@CompanyId=2;
19/06/2023 15:40:23	SQL :EXEC GetUserTreeMenu 'nanang.andriani','1404',@CompanyId=2;
19/06/2023 15:40:23	SQL :EXEC GetUserTreeMenu 'nanang.andriani','1406',@CompanyId=2;
19/06/2023 15:40:23	SQL :EXEC GetUserTreeMenu 'nanang.andriani','1408',@CompanyId=2;
19/06/2023 15:40:23	SQL :EXEC GetUserTreeMenu 'nanang.andriani','1410',@CompanyId=2;
19/06/2023 15:40:23	SQL :EXEC GetUserTreeMenu 'nanang.andriani','1411',@CompanyId=2;
19/06/2023 15:40:23	SQL :EXEC GetUserTreeMenu 'nanang.andriani','1412',@CompanyId=2;
19/06/2023 15:40:23	SQL :EXEC GetUserTreeMenu 'nanang.andriani','1413',@CompanyId=2;
19/06/2023 15:40:23	SQL :EXEC GetUserTreeMenu 'nanang.andriani','1414',@CompanyId=2;
19/06/2023 15:40:23	SQL :EXEC GetUserSubMenu 'nanang.andriani','15';
19/06/2023 15:40:23	SQL :EXEC GetUserTreeMenu 'nanang.andriani','1501',@CompanyId=2;
19/06/2023 15:40:23	SQL :EXEC GetUserTreeMenu 'nanang.andriani','1502',@CompanyId=2;
19/06/2023 15:40:23	SQL :EXEC GetUserTreeMenu 'nanang.andriani','1503',@CompanyId=2;
19/06/2023 15:40:23	SQL :EXEC GetUserTreeMenu 'nanang.andriani','1504',@CompanyId=2;
19/06/2023 15:40:23	SQL :EXEC GetUserTreeMenu 'nanang.andriani','1505',@CompanyId=2;
19/06/2023 15:40:23	SQL :EXEC GetUserTreeMenu 'nanang.andriani','1506',@CompanyId=2;
19/06/2023 15:40:23	SQL :EXEC GetUserTreeMenu 'nanang.andriani','1507',@CompanyId=2;
19/06/2023 15:40:23	SQL :EXEC GetUserTreeMenu 'nanang.andriani','1508',@CompanyId=2;
19/06/2023 15:40:23	SQL :EXEC GetUserTreeMenu 'nanang.andriani','1509',@CompanyId=2;
19/06/2023 15:40:23	SQL :EXEC GetUserTreeMenu 'nanang.andriani','1510',@CompanyId=2;
19/06/2023 15:40:23	SQL :EXEC GetUserTreeMenu 'nanang.andriani','1511',@CompanyId=2;
19/06/2023 15:40:23	SQL :EXEC GetUserSubMenu 'nanang.andriani','16';
19/06/2023 15:40:23	SQL :EXEC GetUserTreeMenu 'nanang.andriani','1601',@CompanyId=2;
19/06/2023 15:40:23	SQL :EXEC GetUserTreeMenu 'nanang.andriani','1602',@CompanyId=2;
19/06/2023 15:40:23	SQL :EXEC GetUserTreeMenu 'nanang.andriani','1603',@CompanyId=2;
19/06/2023 15:40:23	SQL :EXEC GetUserTreeMenu 'nanang.andriani','1604',@CompanyId=2;
19/06/2023 15:40:23	SQL :EXEC GetUserTreeMenu 'nanang.andriani','1605',@CompanyId=2;
19/06/2023 15:40:23	SQL :EXEC GetUserTreeMenu 'nanang.andriani','1606',@CompanyId=2;
19/06/2023 15:40:23	SQL :EXEC GetUserTreeMenu 'nanang.andriani','1607',@CompanyId=2;
19/06/2023 15:40:23	SQL :EXEC GetUserTreeMenu 'nanang.andriani','1608',@CompanyId=2;
19/06/2023 15:40:23	SQL :EXEC GetUserTreeMenu 'nanang.andriani','1609',@CompanyId=2;
19/06/2023 15:40:23	SQL :EXEC GetUserTreeMenu 'nanang.andriani','1610',@CompanyId=2;
19/06/2023 15:40:23	SQL :EXEC GetUserTreeMenu 'nanang.andriani','1611',@CompanyId=2;
19/06/2023 15:40:23	SQL :EXEC GetUserTreeMenu 'nanang.andriani','1612',@CompanyId=2;
19/06/2023 15:40:23	SQL :EXEC GetUserTreeMenu 'nanang.andriani','1613',@CompanyId=2;
19/06/2023 15:40:23	SQL :EXEC GetUserTreeMenu 'nanang.andriani','1614',@CompanyId=2;
19/06/2023 15:40:23	SQL :EXEC GetUserTreeMenu 'nanang.andriani','1615',@CompanyId=2;
19/06/2023 15:40:23	SQL :EXEC GetUserTreeMenu 'nanang.andriani','1616',@CompanyId=2;
19/06/2023 15:40:23	SQL :EXEC GetUserTreeMenu 'nanang.andriani','1619',@CompanyId=2;
19/06/2023 15:40:23	SQL :EXEC GetUserTreeMenu 'nanang.andriani','1620',@CompanyId=2;
19/06/2023 15:40:23	SQL :EXEC GetUserSubMenu 'nanang.andriani','17';
19/06/2023 15:40:24	SQL :EXEC GetUserTreeMenu 'nanang.andriani','1701',@CompanyId=2;
19/06/2023 15:40:24	SQL :EXEC GetUserTreeMenu 'nanang.andriani','1702',@CompanyId=2;
19/06/2023 15:40:24	SQL :EXEC GetUserTreeMenu 'nanang.andriani','1703',@CompanyId=2;
19/06/2023 15:40:24	SQL :EXEC GetUserTreeMenu 'nanang.andriani','1704',@CompanyId=2;
19/06/2023 15:40:24	SQL :EXEC GetUserTreeMenu 'nanang.andriani','1705',@CompanyId=2;
19/06/2023 15:40:24	SQL :EXEC GetUserTreeMenu 'nanang.andriani','1706',@CompanyId=2;
19/06/2023 15:40:24	SQL :EXEC GetUserTreeMenu 'nanang.andriani','1707',@CompanyId=2;
19/06/2023 15:40:24	SQL :EXEC GetUserTreeMenu 'nanang.andriani','1708',@CompanyId=2;
19/06/2023 15:40:24	SQL :EXEC GetUserTreeMenu 'nanang.andriani','1709',@CompanyId=2;
19/06/2023 15:40:24	SQL :EXEC GetUserTreeMenu 'nanang.andriani','1710',@CompanyId=2;
19/06/2023 15:40:24	SQL :EXEC GetUserTreeMenu 'nanang.andriani','1711',@CompanyId=2;
19/06/2023 15:40:24	SQL :EXEC GetUserTreeMenu 'nanang.andriani','1712',@CompanyId=2;
19/06/2023 15:40:24	SQL :EXEC GetUserTreeMenu 'nanang.andriani','1713',@CompanyId=2;
19/06/2023 15:40:24	SQL :EXEC GetUserTreeMenu 'nanang.andriani','1714',@CompanyId=2;
19/06/2023 15:40:24	SQL :EXEC GetUserTreeMenu 'nanang.andriani','1715',@CompanyId=2;
19/06/2023 15:40:24	SQL :EXEC GetUserTreeMenu 'nanang.andriani','1716',@CompanyId=2;
19/06/2023 15:40:24	SQL :EXEC GetUserTreeMenu 'nanang.andriani','1717',@CompanyId=2;
19/06/2023 15:40:24	SQL :EXEC GetUserSubMenu 'nanang.andriani','18';
19/06/2023 15:40:24	SQL :EXEC GetUserTreeMenu 'nanang.andriani','1801',@CompanyId=2;
19/06/2023 15:40:24	SQL :EXEC GetUserSubMenu 'nanang.andriani','19';
19/06/2023 15:40:24	SQL :EXEC GetUserTreeMenu 'nanang.andriani','1901',@CompanyId=2;
19/06/2023 15:40:24	SQL :EXEC GetUserTreeMenu 'nanang.andriani','1902',@CompanyId=2;
19/06/2023 15:40:24	SQL :EXEC GetUserTreeMenu 'nanang.andriani','1903',@CompanyId=2;
19/06/2023 15:40:24	SQL :EXEC GetUserTreeMenu 'nanang.andriani','1904',@CompanyId=2;
19/06/2023 15:40:24	SQL :EXEC GetUserTreeMenu 'nanang.andriani','1905',@CompanyId=2;
19/06/2023 15:40:24	SQL :EXEC GetUserTreeMenu 'nanang.andriani','1906',@CompanyId=2;
19/06/2023 15:40:24	SQL :EXEC GetUserTreeMenu 'nanang.andriani','1907',@CompanyId=2;
19/06/2023 15:40:24	SQL :EXEC GetUserTreeMenu 'nanang.andriani','1908',@CompanyId=2;
19/06/2023 15:40:24	SQL :EXEC GetUserTreeMenu 'nanang.andriani','1909',@CompanyId=2;
19/06/2023 15:40:24	SQL :EXEC GetUserTreeMenu 'nanang.andriani','1910',@CompanyId=2;
19/06/2023 15:40:24	SQL :EXEC GetUserTreeMenu 'nanang.andriani','1911',@CompanyId=2;
19/06/2023 15:40:24	SQL :EXEC GetUserTreeMenu 'nanang.andriani','1912',@CompanyId=2;
19/06/2023 15:40:25	SQL :SELECT CONVERT(VARCHAR(8),GETDATE(),108) AS hour_minute;
19/06/2023 15:40:25	SQL :SELECT CONVERT(VARCHAR(10),GETDATE(),103) AS date_time;
19/06/2023 15:40:25	Loading Setting
19/06/2023 15:40:25	Open DB Connection
19/06/2023 15:40:25	SQL :SELECT * FROM wh_setting WHERE setting_name='Hold_Less_Deposit';
19/06/2023 15:40:25	SQL :SELECT * FROM wh_setting WHERE setting_name='Max_Less_Deposit';
19/06/2023 15:40:25	SQL :SELECT * FROM wh_setting WHERE setting_name='Dashboard_2';
19/06/2023 15:40:25	Finish Logging
19/06/2023 15:40:25	SQL :SELECT value_string FROM wh_setting WHERE (setting_name='Interval_CheckInDate') AND (active=1);
19/06/2023 15:40:25	SQL :SELECT value_string FROM wh_setting WHERE (setting_name='Interval_CheckInTime') AND (active=1);
19/06/2023 15:40:25	SQL :SELECT value_string FROM wh_setting WHERE (setting_name='ChatEnable') and (active=1);
19/06/2023 15:40:26	Message:Port Check
19/06/2023 15:40:26	Message:Open DB Connection
19/06/2023 15:40:26	SQL :EXEC GetMessage '01','nanang.andriani';
19/06/2023 15:40:26	SQL :SELECT CONVERT(VARCHAR(8),GETDATE(),108) AS hour_minute;
19/06/2023 15:40:26	SQL :SELECT CONVERT(VARCHAR(10),GETDATE(),103) AS date_time;
19/06/2023 15:40:39	Open Menu :131901
19/06/2023 15:40:39	Open DB Connection
19/06/2023 15:40:39	SQL :EXEC AuthMenu 'nanang.andriani',131901;
19/06/2023 15:40:39	Form Check :CheckListIntegrateHpp
19/06/2023 15:40:39	Open DB Connection
19/06/2023 15:40:39	SQL :EXEC GetCompanyLocationList
19/06/2023 15:43:38	Open Menu :190507
19/06/2023 15:43:38	Open DB Connection
19/06/2023 15:43:38	SQL :EXEC AuthMenu 'nanang.andriani',190507;
19/06/2023 15:43:39	Form Check :BusRunningDaysminiRpt
19/06/2023 15:43:39	Form Open: BusRunningDaysMiniRpt=,0
19/06/2023 15:43:39	Open DB Connection
19/06/2023 15:43:39	SQL :EXEC GetCompanyLocationList
19/06/2023 15:43:39	SQL :EXEC GetUserRDLocationList @UserName='nanang.andriani' ;
19/06/2023 15:43:39	SQL :EXEC GetGroup 2;
19/06/2023 15:43:39	Open DB Connection
19/06/2023 15:43:41	Open DB Connection
19/06/2023 15:43:44	Open DB Connection
19/06/2023 15:43:44	SQL :SELECT * FROM wh_setting WHERE (setting_name='ServiceBerkala_as_PKB_2') AND (active=1);
19/06/2023 15:43:44	Open DB Connection
19/06/2023 15:43:44	SQL :EXEC GetVhcList 6,@CompanyId=2,@BatchId=6,@Seat=29,@OrderBy='category, category_sequence_number,h.vhc_batch_id,seat,license_plate',@ShowBatch=1,@isOutsideRent=0,@Dates='2023/06/30';
19/06/2023 15:43:44	SQL :EXEC GetRunningDaysDetail 'BS221070063',@FromDate='2023-06-01',@ToDate='2023-06-30', @CompanyId=2;
19/06/2023 15:43:48	SQL :EXEC GetRunningDaysDetail 'BS221070060',@FromDate='2023-06-01',@ToDate='2023-06-30', @CompanyId=2;
19/06/2023 15:43:48	SQL :EXEC GetRunningDaysDetail 'BS220080008',@FromDate='2023-06-01',@ToDate='2023-06-30', @CompanyId=2;
19/06/2023 15:43:48	SQL :EXEC GetRunningDaysDetail 'BS220080009',@FromDate='2023-06-01',@ToDate='2023-06-30', @CompanyId=2;
19/06/2023 15:43:48	SQL :EXEC GetRunningDaysDetail 'BS221070061',@FromDate='2023-06-01',@ToDate='2023-06-30', @CompanyId=2;
19/06/2023 15:43:48	SQL :EXEC GetRunningDaysDetail 'BS221070041',@FromDate='2023-06-01',@ToDate='2023-06-30', @CompanyId=2;
19/06/2023 15:43:48	SQL :EXEC GetRunningDaysDetail 'BS221070064',@FromDate='2023-06-01',@ToDate='2023-06-30', @CompanyId=2;
19/06/2023 15:43:48	SQL :EXEC GetRunningDaysDetail 'BS220080007',@FromDate='2023-06-01',@ToDate='2023-06-30', @CompanyId=2;
19/06/2023 15:43:48	SQL :EXEC GetRunningDaysDetail 'BS220080006',@FromDate='2023-06-01',@ToDate='2023-06-30', @CompanyId=2;
19/06/2023 15:43:49	SQL :EXEC GetRunningDaysDetail 'BS220080010',@FromDate='2023-06-01',@ToDate='2023-06-30', @CompanyId=2;
19/06/2023 15:43:49	SQL :EXEC GetRunningDaysDetail 'BS221070068',@FromDate='2023-06-01',@ToDate='2023-06-30', @CompanyId=2;
19/06/2023 15:43:49	SQL :EXEC GetRunningDaysDetail 'BS221070062',@FromDate='2023-06-01',@ToDate='2023-06-30', @CompanyId=2;
19/06/2023 15:43:49	SQL :EXEC GetRunningDaysDetail 'BS221070069',@FromDate='2023-06-01',@ToDate='2023-06-30', @CompanyId=2;
19/06/2023 15:43:49	SQL :EXEC GetRunningDaysDetail 'BS221070066',@FromDate='2023-06-01',@ToDate='2023-06-30', @CompanyId=2;
19/06/2023 15:43:49	SQL :EXEC GetRunningDaysDetail 'BS221070067',@FromDate='2023-06-01',@ToDate='2023-06-30', @CompanyId=2;
19/06/2023 15:43:49	Open DB Connection
19/06/2023 15:43:49	SQL :select id from wh_dashboard_persentase_day where company_id=2 and vhc_batch_id=6 and seat=29 and date='2023/6/1'
19/06/2023 15:43:49	SQL :UPDATE wh_dashboard_persentase_day SET date='2023/6/1',company_id=2,vhc_batch_id=6,seat=29,tot_perbaikan=4,created_date=GETDATE() WHERE company_id=2 and vhc_batch_id=6 and seat=29 and date='2023/6/1'
19/06/2023 15:43:49	Open DB Connection
19/06/2023 15:43:49	SQL :select id from wh_dashboard_persentase_day where company_id=2 and vhc_batch_id=6 and seat=29 and date='2023/6/2'
19/06/2023 15:43:49	SQL :UPDATE wh_dashboard_persentase_day SET date='2023/6/2',company_id=2,vhc_batch_id=6,seat=29,tot_perbaikan=4,created_date=GETDATE() WHERE company_id=2 and vhc_batch_id=6 and seat=29 and date='2023/6/2'
19/06/2023 15:43:49	Open DB Connection
19/06/2023 15:43:49	SQL :select id from wh_dashboard_persentase_day where company_id=2 and vhc_batch_id=6 and seat=29 and date='2023/6/3'
19/06/2023 15:43:49	SQL :UPDATE wh_dashboard_persentase_day SET date='2023/6/3',company_id=2,vhc_batch_id=6,seat=29,tot_perbaikan=1,created_date=GETDATE() WHERE company_id=2 and vhc_batch_id=6 and seat=29 and date='2023/6/3'
19/06/2023 15:43:49	Open DB Connection
19/06/2023 15:43:49	SQL :select id from wh_dashboard_persentase_day where company_id=2 and vhc_batch_id=6 and seat=29 and date='2023/6/4'
19/06/2023 15:43:50	SQL :UPDATE wh_dashboard_persentase_day SET date='2023/6/4',company_id=2,vhc_batch_id=6,seat=29,tot_perbaikan=3,created_date=GETDATE() WHERE company_id=2 and vhc_batch_id=6 and seat=29 and date='2023/6/4'
19/06/2023 15:43:50	Open DB Connection
19/06/2023 15:43:50	SQL :select id from wh_dashboard_persentase_day where company_id=2 and vhc_batch_id=6 and seat=29 and date='2023/6/5'
19/06/2023 15:43:50	SQL :UPDATE wh_dashboard_persentase_day SET date='2023/6/5',company_id=2,vhc_batch_id=6,seat=29,tot_perbaikan=2,created_date=GETDATE() WHERE company_id=2 and vhc_batch_id=6 and seat=29 and date='2023/6/5'
19/06/2023 15:43:50	Open DB Connection
19/06/2023 15:43:50	SQL :select id from wh_dashboard_persentase_day where company_id=2 and vhc_batch_id=6 and seat=29 and date='2023/6/6'
19/06/2023 15:43:50	SQL :UPDATE wh_dashboard_persentase_day SET date='2023/6/6',company_id=2,vhc_batch_id=6,seat=29,tot_perbaikan=1,created_date=GETDATE() WHERE company_id=2 and vhc_batch_id=6 and seat=29 and date='2023/6/6'
19/06/2023 15:43:50	Open DB Connection
19/06/2023 15:43:50	SQL :select id from wh_dashboard_persentase_day where company_id=2 and vhc_batch_id=6 and seat=29 and date='2023/6/7'
19/06/2023 15:43:50	SQL :UPDATE wh_dashboard_persentase_day SET date='2023/6/7',company_id=2,vhc_batch_id=6,seat=29,tot_perbaikan=1,created_date=GETDATE() WHERE company_id=2 and vhc_batch_id=6 and seat=29 and date='2023/6/7'
19/06/2023 15:43:50	Open DB Connection
19/06/2023 15:43:50	SQL :select id from wh_dashboard_persentase_day where company_id=2 and vhc_batch_id=6 and seat=29 and date='2023/6/8'
19/06/2023 15:43:50	SQL :UPDATE wh_dashboard_persentase_day SET date='2023/6/8',company_id=2,vhc_batch_id=6,seat=29,tot_perbaikan=2,created_date=GETDATE() WHERE company_id=2 and vhc_batch_id=6 and seat=29 and date='2023/6/8'
19/06/2023 15:43:50	Open DB Connection
19/06/2023 15:43:50	SQL :select id from wh_dashboard_persentase_day where company_id=2 and vhc_batch_id=6 and seat=29 and date='2023/6/9'
19/06/2023 15:43:50	SQL :UPDATE wh_dashboard_persentase_day SET date='2023/6/9',company_id=2,vhc_batch_id=6,seat=29,tot_perbaikan=1,created_date=GETDATE() WHERE company_id=2 and vhc_batch_id=6 and seat=29 and date='2023/6/9'
19/06/2023 15:43:50	Open DB Connection
19/06/2023 15:43:50	SQL :select id from wh_dashboard_persentase_day where company_id=2 and vhc_batch_id=6 and seat=29 and date='2023/6/10'
19/06/2023 15:43:50	SQL :UPDATE wh_dashboard_persentase_day SET date='2023/6/10',company_id=2,vhc_batch_id=6,seat=29,tot_perbaikan=3,created_date=GETDATE() WHERE company_id=2 and vhc_batch_id=6 and seat=29 and date='2023/6/10'
19/06/2023 15:43:50	Open DB Connection
19/06/2023 15:43:50	SQL :select id from wh_dashboard_persentase_day where company_id=2 and vhc_batch_id=6 and seat=29 and date='2023/6/11'
19/06/2023 15:43:50	SQL :UPDATE wh_dashboard_persentase_day SET date='2023/6/11',company_id=2,vhc_batch_id=6,seat=29,tot_perbaikan=2,created_date=GETDATE() WHERE company_id=2 and vhc_batch_id=6 and seat=29 and date='2023/6/11'
19/06/2023 15:43:50	Open DB Connection
19/06/2023 15:43:50	SQL :select id from wh_dashboard_persentase_day where company_id=2 and vhc_batch_id=6 and seat=29 and date='2023/6/12'
19/06/2023 15:43:50	SQL :UPDATE wh_dashboard_persentase_day SET date='2023/6/12',company_id=2,vhc_batch_id=6,seat=29,tot_perbaikan=0,created_date=GETDATE() WHERE company_id=2 and vhc_batch_id=6 and seat=29 and date='2023/6/12'
19/06/2023 15:43:50	Open DB Connection
19/06/2023 15:43:50	SQL :select id from wh_dashboard_persentase_day where company_id=2 and vhc_batch_id=6 and seat=29 and date='2023/6/13'
19/06/2023 15:43:50	SQL :UPDATE wh_dashboard_persentase_day SET date='2023/6/13',company_id=2,vhc_batch_id=6,seat=29,tot_perbaikan=1,created_date=GETDATE() WHERE company_id=2 and vhc_batch_id=6 and seat=29 and date='2023/6/13'
19/06/2023 15:43:50	Open DB Connection
19/06/2023 15:43:50	SQL :select id from wh_dashboard_persentase_day where company_id=2 and vhc_batch_id=6 and seat=29 and date='2023/6/14'
19/06/2023 15:43:51	SQL :UPDATE wh_dashboard_persentase_day SET date='2023/6/14',company_id=2,vhc_batch_id=6,seat=29,tot_perbaikan=1,created_date=GETDATE() WHERE company_id=2 and vhc_batch_id=6 and seat=29 and date='2023/6/14'
19/06/2023 15:43:51	Open DB Connection
19/06/2023 15:43:51	SQL :select id from wh_dashboard_persentase_day where company_id=2 and vhc_batch_id=6 and seat=29 and date='2023/6/15'
19/06/2023 15:43:51	SQL :UPDATE wh_dashboard_persentase_day SET date='2023/6/15',company_id=2,vhc_batch_id=6,seat=29,tot_perbaikan=0,created_date=GETDATE() WHERE company_id=2 and vhc_batch_id=6 and seat=29 and date='2023/6/15'
19/06/2023 15:43:51	Open DB Connection
19/06/2023 15:43:51	SQL :select id from wh_dashboard_persentase_day where company_id=2 and vhc_batch_id=6 and seat=29 and date='2023/6/16'
19/06/2023 15:43:51	SQL :UPDATE wh_dashboard_persentase_day SET date='2023/6/16',company_id=2,vhc_batch_id=6,seat=29,tot_perbaikan=1,created_date=GETDATE() WHERE company_id=2 and vhc_batch_id=6 and seat=29 and date='2023/6/16'
19/06/2023 15:43:51	Open DB Connection
19/06/2023 15:43:51	SQL :select id from wh_dashboard_persentase_day where company_id=2 and vhc_batch_id=6 and seat=29 and date='2023/6/17'
19/06/2023 15:43:51	SQL :UPDATE wh_dashboard_persentase_day SET date='2023/6/17',company_id=2,vhc_batch_id=6,seat=29,tot_perbaikan=0,created_date=GETDATE() WHERE company_id=2 and vhc_batch_id=6 and seat=29 and date='2023/6/17'
19/06/2023 15:43:51	Open DB Connection
19/06/2023 15:43:51	SQL :select id from wh_dashboard_persentase_day where company_id=2 and vhc_batch_id=6 and seat=29 and date='2023/6/18'
19/06/2023 15:43:51	SQL :UPDATE wh_dashboard_persentase_day SET date='2023/6/18',company_id=2,vhc_batch_id=6,seat=29,tot_perbaikan=0,created_date=GETDATE() WHERE company_id=2 and vhc_batch_id=6 and seat=29 and date='2023/6/18'
19/06/2023 15:43:51	Open DB Connection
19/06/2023 15:43:51	SQL :select id from wh_dashboard_persentase_day where company_id=2 and vhc_batch_id=6 and seat=29 and date='2023/6/19'
19/06/2023 15:43:51	SQL :UPDATE wh_dashboard_persentase_day SET date='2023/6/19',company_id=2,vhc_batch_id=6,seat=29,tot_perbaikan=1,created_date=GETDATE() WHERE company_id=2 and vhc_batch_id=6 and seat=29 and date='2023/6/19'
19/06/2023 15:43:51	Open DB Connection
19/06/2023 15:43:51	SQL :select id from wh_dashboard_persentase_day where company_id=2 and vhc_batch_id=6 and seat=29 and date='2023/6/20'
19/06/2023 15:43:51	SQL :UPDATE wh_dashboard_persentase_day SET date='2023/6/20',company_id=2,vhc_batch_id=6,seat=29,tot_perbaikan=0,created_date=GETDATE() WHERE company_id=2 and vhc_batch_id=6 and seat=29 and date='2023/6/20'
19/06/2023 15:43:51	Open DB Connection
19/06/2023 15:43:51	SQL :select id from wh_dashboard_persentase_day where company_id=2 and vhc_batch_id=6 and seat=29 and date='2023/6/21'
19/06/2023 15:43:51	SQL :UPDATE wh_dashboard_persentase_day SET date='2023/6/21',company_id=2,vhc_batch_id=6,seat=29,tot_perbaikan=2,created_date=GETDATE() WHERE company_id=2 and vhc_batch_id=6 and seat=29 and date='2023/6/21'
19/06/2023 15:43:51	Open DB Connection
19/06/2023 15:43:51	SQL :select id from wh_dashboard_persentase_day where company_id=2 and vhc_batch_id=6 and seat=29 and date='2023/6/22'
19/06/2023 15:43:51	SQL :UPDATE wh_dashboard_persentase_day SET date='2023/6/22',company_id=2,vhc_batch_id=6,seat=29,tot_perbaikan=2,created_date=GETDATE() WHERE company_id=2 and vhc_batch_id=6 and seat=29 and date='2023/6/22'
19/06/2023 15:43:51	Open DB Connection
19/06/2023 15:43:51	SQL :select id from wh_dashboard_persentase_day where company_id=2 and vhc_batch_id=6 and seat=29 and date='2023/6/23'
19/06/2023 15:43:51	SQL :UPDATE wh_dashboard_persentase_day SET date='2023/6/23',company_id=2,vhc_batch_id=6,seat=29,tot_perbaikan=2,created_date=GETDATE() WHERE company_id=2 and vhc_batch_id=6 and seat=29 and date='2023/6/23'
19/06/2023 15:43:51	Open DB Connection
19/06/2023 15:43:51	SQL :select id from wh_dashboard_persentase_day where company_id=2 and vhc_batch_id=6 and seat=29 and date='2023/6/24'
19/06/2023 15:43:51	SQL :UPDATE wh_dashboard_persentase_day SET date='2023/6/24',company_id=2,vhc_batch_id=6,seat=29,tot_perbaikan=3,created_date=GETDATE() WHERE company_id=2 and vhc_batch_id=6 and seat=29 and date='2023/6/24'
19/06/2023 15:43:51	Open DB Connection
19/06/2023 15:43:51	SQL :select id from wh_dashboard_persentase_day where company_id=2 and vhc_batch_id=6 and seat=29 and date='2023/6/25'
19/06/2023 15:43:51	SQL :UPDATE wh_dashboard_persentase_day SET date='2023/6/25',company_id=2,vhc_batch_id=6,seat=29,tot_perbaikan=3,created_date=GETDATE() WHERE company_id=2 and vhc_batch_id=6 and seat=29 and date='2023/6/25'
19/06/2023 15:43:52	Open DB Connection
19/06/2023 15:43:52	SQL :select id from wh_dashboard_persentase_day where company_id=2 and vhc_batch_id=6 and seat=29 and date='2023/6/26'
19/06/2023 15:43:52	SQL :UPDATE wh_dashboard_persentase_day SET date='2023/6/26',company_id=2,vhc_batch_id=6,seat=29,tot_perbaikan=2,created_date=GETDATE() WHERE company_id=2 and vhc_batch_id=6 and seat=29 and date='2023/6/26'
19/06/2023 15:43:52	Open DB Connection
19/06/2023 15:43:52	SQL :select id from wh_dashboard_persentase_day where company_id=2 and vhc_batch_id=6 and seat=29 and date='2023/6/27'
19/06/2023 15:43:52	SQL :UPDATE wh_dashboard_persentase_day SET date='2023/6/27',company_id=2,vhc_batch_id=6,seat=29,tot_perbaikan=2,created_date=GETDATE() WHERE company_id=2 and vhc_batch_id=6 and seat=29 and date='2023/6/27'
19/06/2023 15:43:52	Open DB Connection
19/06/2023 15:43:52	SQL :select id from wh_dashboard_persentase_day where company_id=2 and vhc_batch_id=6 and seat=29 and date='2023/6/28'
19/06/2023 15:43:52	SQL :UPDATE wh_dashboard_persentase_day SET date='2023/6/28',company_id=2,vhc_batch_id=6,seat=29,tot_perbaikan=2,created_date=GETDATE() WHERE company_id=2 and vhc_batch_id=6 and seat=29 and date='2023/6/28'
19/06/2023 15:43:52	Open DB Connection
19/06/2023 15:43:52	SQL :select id from wh_dashboard_persentase_day where company_id=2 and vhc_batch_id=6 and seat=29 and date='2023/6/29'
19/06/2023 15:43:52	SQL :UPDATE wh_dashboard_persentase_day SET date='2023/6/29',company_id=2,vhc_batch_id=6,seat=29,tot_perbaikan=2,created_date=GETDATE() WHERE company_id=2 and vhc_batch_id=6 and seat=29 and date='2023/6/29'
19/06/2023 15:43:52	Open DB Connection
19/06/2023 15:43:52	SQL :select id from wh_dashboard_persentase_day where company_id=2 and vhc_batch_id=6 and seat=29 and date='2023/6/30'
19/06/2023 15:43:52	SQL :UPDATE wh_dashboard_persentase_day SET date='2023/6/30',company_id=2,vhc_batch_id=6,seat=29,tot_perbaikan=2,created_date=GETDATE() WHERE company_id=2 and vhc_batch_id=6 and seat=29 and date='2023/6/30'
19/06/2023 15:43:52	Open DB Connection
19/06/2023 15:43:52	SQL :select id from wh_dashboard_persentase_day where company_id=2 and vhc_batch_id=6 and seat=29 and date='2023/6/1'
19/06/2023 15:43:52	SQL :UPDATE wh_dashboard_persentase_day SET date='2023/6/1',company_id=2,vhc_batch_id=6,seat=29,persentase_jalan=82,created_date=GETDATE() WHERE company_id=2 and vhc_batch_id=6 and seat=29 and date='2023/6/1'
19/06/2023 15:43:52	Open DB Connection
19/06/2023 15:43:52	SQL :select id from wh_dashboard_persentase_day where company_id=2 and vhc_batch_id=6 and seat=29 and date='2023/6/2'
19/06/2023 15:43:52	SQL :UPDATE wh_dashboard_persentase_day SET date='2023/6/2',company_id=2,vhc_batch_id=6,seat=29,persentase_jalan=82,created_date=GETDATE() WHERE company_id=2 and vhc_batch_id=6 and seat=29 and date='2023/6/2'
19/06/2023 15:43:52	Open DB Connection
19/06/2023 15:43:52	SQL :select id from wh_dashboard_persentase_day where company_id=2 and vhc_batch_id=6 and seat=29 and date='2023/6/3'
19/06/2023 15:43:52	SQL :UPDATE wh_dashboard_persentase_day SET date='2023/6/3',company_id=2,vhc_batch_id=6,seat=29,persentase_jalan=93,created_date=GETDATE() WHERE company_id=2 and vhc_batch_id=6 and seat=29 and date='2023/6/3'
19/06/2023 15:43:52	Open DB Connection
19/06/2023 15:43:52	SQL :select id from wh_dashboard_persentase_day where company_id=2 and vhc_batch_id=6 and seat=29 and date='2023/6/4'
19/06/2023 15:43:52	SQL :UPDATE wh_dashboard_persentase_day SET date='2023/6/4',company_id=2,vhc_batch_id=6,seat=29,persentase_jalan=83,created_date=GETDATE() WHERE company_id=2 and vhc_batch_id=6 and seat=29 and date='2023/6/4'
19/06/2023 15:43:52	Open DB Connection
19/06/2023 15:43:52	SQL :select id from wh_dashboard_persentase_day where company_id=2 and vhc_batch_id=6 and seat=29 and date='2023/6/5'
19/06/2023 15:43:52	SQL :UPDATE wh_dashboard_persentase_day SET date='2023/6/5',company_id=2,vhc_batch_id=6,seat=29,persentase_jalan=85,created_date=GETDATE() WHERE company_id=2 and vhc_batch_id=6 and seat=29 and date='2023/6/5'
19/06/2023 15:43:52	Open DB Connection
19/06/2023 15:43:52	SQL :select id from wh_dashboard_persentase_day where company_id=2 and vhc_batch_id=6 and seat=29 and date='2023/6/6'
19/06/2023 15:43:53	SQL :UPDATE wh_dashboard_persentase_day SET date='2023/6/6',company_id=2,vhc_batch_id=6,seat=29,persentase_jalan=86,created_date=GETDATE() WHERE company_id=2 and vhc_batch_id=6 and seat=29 and date='2023/6/6'
19/06/2023 15:43:53	Open DB Connection
19/06/2023 15:43:53	SQL :select id from wh_dashboard_persentase_day where company_id=2 and vhc_batch_id=6 and seat=29 and date='2023/6/7'
19/06/2023 15:43:53	SQL :UPDATE wh_dashboard_persentase_day SET date='2023/6/7',company_id=2,vhc_batch_id=6,seat=29,persentase_jalan=86,created_date=GETDATE() WHERE company_id=2 and vhc_batch_id=6 and seat=29 and date='2023/6/7'
19/06/2023 15:43:53	Open DB Connection
19/06/2023 15:43:53	SQL :select id from wh_dashboard_persentase_day where company_id=2 and vhc_batch_id=6 and seat=29 and date='2023/6/8'
19/06/2023 15:43:53	SQL :UPDATE wh_dashboard_persentase_day SET date='2023/6/8',company_id=2,vhc_batch_id=6,seat=29,persentase_jalan=92,created_date=GETDATE() WHERE company_id=2 and vhc_batch_id=6 and seat=29 and date='2023/6/8'
19/06/2023 15:43:53	Open DB Connection
19/06/2023 15:43:53	SQL :select id from wh_dashboard_persentase_day where company_id=2 and vhc_batch_id=6 and seat=29 and date='2023/6/9'
19/06/2023 15:43:53	SQL :UPDATE wh_dashboard_persentase_day SET date='2023/6/9',company_id=2,vhc_batch_id=6,seat=29,persentase_jalan=86,created_date=GETDATE() WHERE company_id=2 and vhc_batch_id=6 and seat=29 and date='2023/6/9'
19/06/2023 15:43:53	Open DB Connection
19/06/2023 15:43:53	SQL :select id from wh_dashboard_persentase_day where company_id=2 and vhc_batch_id=6 and seat=29 and date='2023/6/10'
19/06/2023 15:43:53	SQL :UPDATE wh_dashboard_persentase_day SET date='2023/6/10',company_id=2,vhc_batch_id=6,seat=29,persentase_jalan=67,created_date=GETDATE() WHERE company_id=2 and vhc_batch_id=6 and seat=29 and date='2023/6/10'
19/06/2023 15:43:53	Open DB Connection
19/06/2023 15:43:53	SQL :select id from wh_dashboard_persentase_day where company_id=2 and vhc_batch_id=6 and seat=29 and date='2023/6/11'
19/06/2023 15:43:53	SQL :UPDATE wh_dashboard_persentase_day SET date='2023/6/11',company_id=2,vhc_batch_id=6,seat=29,persentase_jalan=54,created_date=GETDATE() WHERE company_id=2 and vhc_batch_id=6 and seat=29 and date='2023/6/11'
19/06/2023 15:43:53	Open DB Connection
19/06/2023 15:43:53	SQL :select id from wh_dashboard_persentase_day where company_id=2 and vhc_batch_id=6 and seat=29 and date='2023/6/12'
19/06/2023 15:43:53	SQL :UPDATE wh_dashboard_persentase_day SET date='2023/6/12',company_id=2,vhc_batch_id=6,seat=29,persentase_jalan=80,created_date=GETDATE() WHERE company_id=2 and vhc_batch_id=6 and seat=29 and date='2023/6/12'
19/06/2023 15:43:53	Open DB Connection
19/06/2023 15:43:53	SQL :select id from wh_dashboard_persentase_day where company_id=2 and vhc_batch_id=6 and seat=29 and date='2023/6/13'
19/06/2023 15:43:53	SQL :UPDATE wh_dashboard_persentase_day SET date='2023/6/13',company_id=2,vhc_batch_id=6,seat=29,persentase_jalan=86,created_date=GETDATE() WHERE company_id=2 and vhc_batch_id=6 and seat=29 and date='2023/6/13'
19/06/2023 15:43:53	Open DB Connection
19/06/2023 15:43:53	SQL :select id from wh_dashboard_persentase_day where company_id=2 and vhc_batch_id=6 and seat=29 and date='2023/6/14'
19/06/2023 15:43:53	SQL :UPDATE wh_dashboard_persentase_day SET date='2023/6/14',company_id=2,vhc_batch_id=6,seat=29,persentase_jalan=86,created_date=GETDATE() WHERE company_id=2 and vhc_batch_id=6 and seat=29 and date='2023/6/14'
19/06/2023 15:43:53	Open DB Connection
19/06/2023 15:43:53	SQL :select id from wh_dashboard_persentase_day where company_id=2 and vhc_batch_id=6 and seat=29 and date='2023/6/15'
19/06/2023 15:43:53	SQL :UPDATE wh_dashboard_persentase_day SET date='2023/6/15',company_id=2,vhc_batch_id=6,seat=29,persentase_jalan=87,created_date=GETDATE() WHERE company_id=2 and vhc_batch_id=6 and seat=29 and date='2023/6/15'
19/06/2023 15:43:54	Open DB Connection
19/06/2023 15:43:54	SQL :select id from wh_dashboard_persentase_day where company_id=2 and vhc_batch_id=6 and seat=29 and date='2023/6/16'
19/06/2023 15:43:54	SQL :UPDATE wh_dashboard_persentase_day SET date='2023/6/16',company_id=2,vhc_batch_id=6,seat=29,persentase_jalan=86,created_date=GETDATE() WHERE company_id=2 and vhc_batch_id=6 and seat=29 and date='2023/6/16'
19/06/2023 15:43:54	Open DB Connection
19/06/2023 15:43:54	SQL :select id from wh_dashboard_persentase_day where company_id=2 and vhc_batch_id=6 and seat=29 and date='2023/6/17'
19/06/2023 15:43:54	SQL :UPDATE wh_dashboard_persentase_day SET date='2023/6/17',company_id=2,vhc_batch_id=6,seat=29,persentase_jalan=73,created_date=GETDATE() WHERE company_id=2 and vhc_batch_id=6 and seat=29 and date='2023/6/17'
19/06/2023 15:43:54	Open DB Connection
19/06/2023 15:43:54	SQL :select id from wh_dashboard_persentase_day where company_id=2 and vhc_batch_id=6 and seat=29 and date='2023/6/18'
19/06/2023 15:43:54	SQL :UPDATE wh_dashboard_persentase_day SET date='2023/6/18',company_id=2,vhc_batch_id=6,seat=29,persentase_jalan=40,created_date=GETDATE() WHERE company_id=2 and vhc_batch_id=6 and seat=29 and date='2023/6/18'
19/06/2023 15:43:54	Open DB Connection
19/06/2023 15:43:54	SQL :select id from wh_dashboard_persentase_day where company_id=2 and vhc_batch_id=6 and seat=29 and date='2023/6/19'
19/06/2023 15:43:54	SQL :UPDATE wh_dashboard_persentase_day SET date='2023/6/19',company_id=2,vhc_batch_id=6,seat=29,persentase_jalan=64,created_date=GETDATE() WHERE company_id=2 and vhc_batch_id=6 and seat=29 and date='2023/6/19'
19/06/2023 15:43:54	Open DB Connection
19/06/2023 15:43:54	SQL :select id from wh_dashboard_persentase_day where company_id=2 and vhc_batch_id=6 and seat=29 and date='2023/6/20'
19/06/2023 15:43:54	SQL :UPDATE wh_dashboard_persentase_day SET date='2023/6/20',company_id=2,vhc_batch_id=6,seat=29,persentase_jalan=73,created_date=GETDATE() WHERE company_id=2 and vhc_batch_id=6 and seat=29 and date='2023/6/20'
19/06/2023 15:43:54	Open DB Connection
19/06/2023 15:43:54	SQL :select id from wh_dashboard_persentase_day where company_id=2 and vhc_batch_id=6 and seat=29 and date='2023/6/21'
19/06/2023 15:43:54	SQL :UPDATE wh_dashboard_persentase_day SET date='2023/6/21',company_id=2,vhc_batch_id=6,seat=29,persentase_jalan=62,created_date=GETDATE() WHERE company_id=2 and vhc_batch_id=6 and seat=29 and date='2023/6/21'
19/06/2023 15:43:54	Open DB Connection
19/06/2023 15:43:54	SQL :select id from wh_dashboard_persentase_day where company_id=2 and vhc_batch_id=6 and seat=29 and date='2023/6/22'
19/06/2023 15:43:54	SQL :UPDATE wh_dashboard_persentase_day SET date='2023/6/22',company_id=2,vhc_batch_id=6,seat=29,persentase_jalan=69,created_date=GETDATE() WHERE company_id=2 and vhc_batch_id=6 and seat=29 and date='2023/6/22'
19/06/2023 15:43:54	Open DB Connection
19/06/2023 15:43:54	SQL :select id from wh_dashboard_persentase_day where company_id=2 and vhc_batch_id=6 and seat=29 and date='2023/6/23'
19/06/2023 15:43:54	SQL :UPDATE wh_dashboard_persentase_day SET date='2023/6/23',company_id=2,vhc_batch_id=6,seat=29,persentase_jalan=54,created_date=GETDATE() WHERE company_id=2 and vhc_batch_id=6 and seat=29 and date='2023/6/23'
19/06/2023 15:43:54	Open DB Connection
19/06/2023 15:43:54	SQL :select id from wh_dashboard_persentase_day where company_id=2 and vhc_batch_id=6 and seat=29 and date='2023/6/24'
19/06/2023 15:43:54	SQL :UPDATE wh_dashboard_persentase_day SET date='2023/6/24',company_id=2,vhc_batch_id=6,seat=29,persentase_jalan=67,created_date=GETDATE() WHERE company_id=2 and vhc_batch_id=6 and seat=29 and date='2023/6/24'
19/06/2023 15:43:54	Open DB Connection
19/06/2023 15:43:54	SQL :select id from wh_dashboard_persentase_day where company_id=2 and vhc_batch_id=6 and seat=29 and date='2023/6/25'
19/06/2023 15:43:55	SQL :UPDATE wh_dashboard_persentase_day SET date='2023/6/25',company_id=2,vhc_batch_id=6,seat=29,persentase_jalan=50,created_date=GETDATE() WHERE company_id=2 and vhc_batch_id=6 and seat=29 and date='2023/6/25'
19/06/2023 15:43:55	Open DB Connection
19/06/2023 15:43:55	SQL :select id from wh_dashboard_persentase_day where company_id=2 and vhc_batch_id=6 and seat=29 and date='2023/6/26'
19/06/2023 15:43:55	SQL :UPDATE wh_dashboard_persentase_day SET date='2023/6/26',company_id=2,vhc_batch_id=6,seat=29,persentase_jalan=54,created_date=GETDATE() WHERE company_id=2 and vhc_batch_id=6 and seat=29 and date='2023/6/26'
19/06/2023 15:43:55	Open DB Connection
19/06/2023 15:43:55	SQL :select id from wh_dashboard_persentase_day where company_id=2 and vhc_batch_id=6 and seat=29 and date='2023/6/27'
19/06/2023 15:43:55	SQL :UPDATE wh_dashboard_persentase_day SET date='2023/6/27',company_id=2,vhc_batch_id=6,seat=29,persentase_jalan=54,created_date=GETDATE() WHERE company_id=2 and vhc_batch_id=6 and seat=29 and date='2023/6/27'
19/06/2023 15:43:55	Open DB Connection
19/06/2023 15:43:55	SQL :select id from wh_dashboard_persentase_day where company_id=2 and vhc_batch_id=6 and seat=29 and date='2023/6/28'
19/06/2023 15:43:55	SQL :UPDATE wh_dashboard_persentase_day SET date='2023/6/28',company_id=2,vhc_batch_id=6,seat=29,persentase_jalan=69,created_date=GETDATE() WHERE company_id=2 and vhc_batch_id=6 and seat=29 and date='2023/6/28'
19/06/2023 15:43:55	Open DB Connection
19/06/2023 15:43:55	SQL :select id from wh_dashboard_persentase_day where company_id=2 and vhc_batch_id=6 and seat=29 and date='2023/6/29'
19/06/2023 15:43:55	SQL :UPDATE wh_dashboard_persentase_day SET date='2023/6/29',company_id=2,vhc_batch_id=6,seat=29,persentase_jalan=69,created_date=GETDATE() WHERE company_id=2 and vhc_batch_id=6 and seat=29 and date='2023/6/29'
19/06/2023 15:43:55	Open DB Connection
19/06/2023 15:43:55	SQL :select id from wh_dashboard_persentase_day where company_id=2 and vhc_batch_id=6 and seat=29 and date='2023/6/30'
19/06/2023 15:43:55	SQL :UPDATE wh_dashboard_persentase_day SET date='2023/6/30',company_id=2,vhc_batch_id=6,seat=29,persentase_jalan=77,created_date=GETDATE() WHERE company_id=2 and vhc_batch_id=6 and seat=29 and date='2023/6/30'
19/06/2023 15:44:59	Form Check :OrderForm
19/06/2023 15:44:59	Form Open: SelectBooking=PKBRB23050318  PKBRB23050399,FormRequest=,0
19/06/2023 15:45:08	Form Check :OrderForm
19/06/2023 15:45:08	Form Check :WorkOrderForm
19/06/2023 15:45:08	Form Open: WorkOrderForm=PKBRB23040040,,-1
19/06/2023 15:45:09	Open DB Connection
19/06/2023 15:45:09	SQL :EXEC GetWorkOrderLists 2,6 ;
19/06/2023 15:45:14	Open DB Connection
19/06/2023 15:45:36	Form Check :OrderForm
19/06/2023 15:45:36	Form Open: SelectBooking=PKBRB23050318  PKBRB23050399,FormRequest=,0
19/06/2023 15:48:43	Open Menu :190505
19/06/2023 15:48:43	Open DB Connection
19/06/2023 15:48:44	SQL :EXEC AuthMenu 'nanang.andriani',190505;
19/06/2023 15:48:44	Form Check :DailyOrderFeeRpt
19/06/2023 15:48:44	Open DB Connection
19/06/2023 15:48:44	SQL :EXEC GetCompanyLocationList
19/06/2023 15:49:10	Open Menu :130210
19/06/2023 15:49:10	Open DB Connection
19/06/2023 15:49:10	SQL :EXEC AuthMenu 'nanang.andriani',130210;
19/06/2023 15:49:10	Form Check :EmployeeList
19/06/2023 15:49:10	Open DB Connection
19/06/2023 15:49:10	SQL :EXEC GetCompanyLocationList
19/06/2023 15:49:10	Open DB Connection
19/06/2023 15:49:10	SQL :EXEC GetEmployeeList 2,6,1,@CompanyId=2;
19/06/2023 15:49:13	Form Check :EmployeeForm
19/06/2023 15:49:13	Form Open: EmployeeHistoryList=Bus,BU13090093
19/06/2023 15:49:13	Open DB Connection
19/06/2023 15:49:13	Open DB Connection
19/06/2023 15:49:36	Open Menu :180102
19/06/2023 15:49:36	Open DB Connection
19/06/2023 15:49:36	SQL :EXEC AuthMenu 'nanang.andriani',180102;
19/06/2023 15:49:39	Form Check :EmployeeList
19/06/2023 15:49:39	Open DB Connection
19/06/2023 15:49:39	SQL :EXEC GetCompanyLocationList
19/06/2023 15:49:39	Open DB Connection
19/06/2023 15:49:39	SQL :EXEC GetEmployeeList 3,6,9,@CompanyId=2;
19/06/2023 15:49:53	Form Check :EmployeeForm
19/06/2023 15:49:54	Open DB Connection
19/06/2023 15:49:54	SQL :SELECT * FROM wh_education
19/06/2023 15:49:54	SQL :SELECT * FROM wh_religion
19/06/2023 15:49:54	SQL :SELECT * FROM wh_reference WHERE company_id=2
19/06/2023 15:49:54	SQL :EXEC GetCompanyLocationList
19/06/2023 15:49:54	SQL :SELECT * FROM wh_license_type
19/06/2023 15:49:54	SQL :SELECT * FROM wh_department WHERE active=1
19/06/2023 15:49:54	Open DB Connection
19/06/2023 15:49:54	SQL :EXEC GetEmployeeDetail OF21050052
19/06/2023 15:49:55	SQL :SELECT * FROM wh_empl_image WHERE empl_image_id=(SELECT MAX(empl_image_id) FROM wh_empl_image  WHERE employee_id='OF21050052' AND image_id=1);
19/06/2023 15:49:55	SQL :SELECT * FROM wh_empl_image WHERE empl_image_id=(SELECT MAX(empl_image_id) FROM wh_empl_image  WHERE employee_id='OF21050052' AND image_id=2);
19/06/2023 15:49:55	SQL :SELECT * FROM wh_empl_image WHERE empl_image_id=(SELECT MAX(empl_image_id) FROM wh_empl_image  WHERE employee_id='OF21050052' AND image_id=6);
19/06/2023 15:49:55	SQL :SELECT * FROM wh_empl_image WHERE empl_image_id=(SELECT MAX(empl_image_id) FROM wh_empl_image  WHERE employee_id='OF21050052' AND image_id=5);
19/06/2023 15:49:55	Open DB Connection
19/06/2023 15:49:55	SQL :SELECT a.empl_mutation_id,CONVERT(VARCHAR(10),a.from_date,105) AS from_date,COALESCE(CONVERT(VARCHAR(10),a.to_date,105),'') AS to_date  ,b.name AS company,c.location,d.status,a.description AS descr FROM wh_empl_mutation a  INNER JOIN wh_company b ON b.company_id=a.company_id INNER JOIN wh_location c ON c.location_id=a.location_id INNER JOIN wh_empl_status d ON d.status_id=a.status_id WHERE employee_id='OF21050052';
19/06/2023 15:50:19	Open Menu :130205
19/06/2023 15:50:19	Open DB Connection
19/06/2023 15:50:19	SQL :EXEC AuthMenu 'nanang.andriani',130205;
19/06/2023 15:50:19	Form Check :EmployeeList
19/06/2023 15:50:19	Open DB Connection
19/06/2023 15:50:19	SQL :EXEC GetCompanyLocationList
19/06/2023 15:50:19	Open DB Connection
19/06/2023 15:50:19	SQL :EXEC GetEmployeeList 2,6,1,@CompanyId=2;
19/06/2023 15:50:38	Open Menu :180102
19/06/2023 15:50:38	Open DB Connection
19/06/2023 15:50:38	SQL :EXEC AuthMenu 'nanang.andriani',180102;
19/06/2023 15:50:38	Form Check :EmployeeList
19/06/2023 15:50:46	Open Menu :180102
19/06/2023 15:50:46	Open DB Connection
19/06/2023 15:50:46	SQL :EXEC AuthMenu 'nanang.andriani',180102;
19/06/2023 15:50:46	Form Check :EmployeeList
19/06/2023 15:50:46	Open DB Connection
19/06/2023 15:50:46	SQL :EXEC GetCompanyLocationList
19/06/2023 15:50:46	Open DB Connection
19/06/2023 15:50:46	SQL :EXEC GetEmployeeList 3,6,9,@CompanyId=2;
19/06/2023 15:50:51	Open DB Connection
19/06/2023 15:50:51	SQL :EXEC GetEmployeeList 3,6,9,@CompanyId=2;
19/06/2023 15:50:55	Open DB Connection
19/06/2023 15:50:55	SQL :EXEC GetEmployeeList 3,6,9,@CompanyId=2;
19/06/2023 15:51:04	Message:Port Check
19/06/2023 15:51:05	Message:Open DB Connection
19/06/2023 15:51:05	SQL :EXEC GetMessage '01','nanang.andriani';
19/06/2023 15:51:05	SQL :SELECT CONVERT(VARCHAR(8),GETDATE(),108) AS hour_minute;
19/06/2023 15:51:05	SQL :SELECT CONVERT(VARCHAR(10),GETDATE(),103) AS date_time;
19/06/2023 15:53:39	Open Menu :190507
19/06/2023 15:53:39	Open DB Connection
19/06/2023 15:53:39	SQL :EXEC AuthMenu 'nanang.andriani',190507;
19/06/2023 15:53:39	Form Check :BusRunningDaysminiRpt
19/06/2023 15:53:39	Form Open: BusRunningDaysMiniRpt=,0
19/06/2023 15:53:39	Open DB Connection
19/06/2023 15:53:39	SQL :EXEC GetCompanyLocationList
19/06/2023 15:53:39	SQL :EXEC GetUserRDLocationList @UserName='nanang.andriani' ;
19/06/2023 15:53:39	SQL :EXEC GetGroup 2;
19/06/2023 15:53:39	Open DB Connection
19/06/2023 15:53:41	Open DB Connection
19/06/2023 15:53:43	Open DB Connection
19/06/2023 15:53:43	SQL :SELECT * FROM wh_setting WHERE (setting_name='ServiceBerkala_as_PKB_2') AND (active=1);
19/06/2023 15:53:43	Open DB Connection
19/06/2023 15:53:43	SQL :EXEC GetVhcList 6,@CompanyId=2,@BatchId=6,@Seat=29,@OrderBy='category, category_sequence_number,h.vhc_batch_id,seat,license_plate',@ShowBatch=1,@isOutsideRent=0,@Dates='2023/06/30';
19/06/2023 15:53:44	SQL :EXEC GetRunningDaysDetail 'BS221070063',@FromDate='2023-06-01',@ToDate='2023-06-30', @CompanyId=2;
19/06/2023 15:53:44	SQL :EXEC GetRunningDaysDetail 'BS221070060',@FromDate='2023-06-01',@ToDate='2023-06-30', @CompanyId=2;
19/06/2023 15:53:44	SQL :EXEC GetRunningDaysDetail 'BS220080008',@FromDate='2023-06-01',@ToDate='2023-06-30', @CompanyId=2;
19/06/2023 15:53:44	SQL :EXEC GetRunningDaysDetail 'BS220080009',@FromDate='2023-06-01',@ToDate='2023-06-30', @CompanyId=2;
19/06/2023 15:53:44	SQL :EXEC GetRunningDaysDetail 'BS221070061',@FromDate='2023-06-01',@ToDate='2023-06-30', @CompanyId=2;
19/06/2023 15:53:44	SQL :EXEC GetRunningDaysDetail 'BS221070041',@FromDate='2023-06-01',@ToDate='2023-06-30', @CompanyId=2;
19/06/2023 15:53:44	SQL :EXEC GetRunningDaysDetail 'BS221070064',@FromDate='2023-06-01',@ToDate='2023-06-30', @CompanyId=2;
19/06/2023 15:53:44	SQL :EXEC GetRunningDaysDetail 'BS220080007',@FromDate='2023-06-01',@ToDate='2023-06-30', @CompanyId=2;
19/06/2023 15:53:45	SQL :EXEC GetRunningDaysDetail 'BS220080006',@FromDate='2023-06-01',@ToDate='2023-06-30', @CompanyId=2;
19/06/2023 15:53:45	SQL :EXEC GetRunningDaysDetail 'BS220080010',@FromDate='2023-06-01',@ToDate='2023-06-30', @CompanyId=2;
19/06/2023 15:53:45	SQL :EXEC GetRunningDaysDetail 'BS221070068',@FromDate='2023-06-01',@ToDate='2023-06-30', @CompanyId=2;
19/06/2023 15:53:45	SQL :EXEC GetRunningDaysDetail 'BS221070062',@FromDate='2023-06-01',@ToDate='2023-06-30', @CompanyId=2;
19/06/2023 15:53:45	SQL :EXEC GetRunningDaysDetail 'BS221070069',@FromDate='2023-06-01',@ToDate='2023-06-30', @CompanyId=2;
19/06/2023 15:53:45	SQL :EXEC GetRunningDaysDetail 'BS221070066',@FromDate='2023-06-01',@ToDate='2023-06-30', @CompanyId=2;
19/06/2023 15:53:45	SQL :EXEC GetRunningDaysDetail 'BS221070067',@FromDate='2023-06-01',@ToDate='2023-06-30', @CompanyId=2;
19/06/2023 15:53:45	Open DB Connection
19/06/2023 15:53:45	SQL :select id from wh_dashboard_persentase_day where company_id=2 and vhc_batch_id=6 and seat=29 and date='2023/6/1'
19/06/2023 15:53:45	SQL :UPDATE wh_dashboard_persentase_day SET date='2023/6/1',company_id=2,vhc_batch_id=6,seat=29,tot_perbaikan=4,created_date=GETDATE() WHERE company_id=2 and vhc_batch_id=6 and seat=29 and date='2023/6/1'
19/06/2023 15:53:45	Open DB Connection
19/06/2023 15:53:45	SQL :select id from wh_dashboard_persentase_day where company_id=2 and vhc_batch_id=6 and seat=29 and date='2023/6/2'
19/06/2023 15:53:45	SQL :UPDATE wh_dashboard_persentase_day SET date='2023/6/2',company_id=2,vhc_batch_id=6,seat=29,tot_perbaikan=4,created_date=GETDATE() WHERE company_id=2 and vhc_batch_id=6 and seat=29 and date='2023/6/2'
19/06/2023 15:53:45	Open DB Connection
19/06/2023 15:53:45	SQL :select id from wh_dashboard_persentase_day where company_id=2 and vhc_batch_id=6 and seat=29 and date='2023/6/3'
19/06/2023 15:53:46	SQL :UPDATE wh_dashboard_persentase_day SET date='2023/6/3',company_id=2,vhc_batch_id=6,seat=29,tot_perbaikan=1,created_date=GETDATE() WHERE company_id=2 and vhc_batch_id=6 and seat=29 and date='2023/6/3'
19/06/2023 15:53:46	Open DB Connection
19/06/2023 15:53:46	SQL :select id from wh_dashboard_persentase_day where company_id=2 and vhc_batch_id=6 and seat=29 and date='2023/6/4'
19/06/2023 15:53:46	SQL :UPDATE wh_dashboard_persentase_day SET date='2023/6/4',company_id=2,vhc_batch_id=6,seat=29,tot_perbaikan=3,created_date=GETDATE() WHERE company_id=2 and vhc_batch_id=6 and seat=29 and date='2023/6/4'
19/06/2023 15:53:46	Open DB Connection
19/06/2023 15:53:46	SQL :select id from wh_dashboard_persentase_day where company_id=2 and vhc_batch_id=6 and seat=29 and date='2023/6/5'
19/06/2023 15:53:46	SQL :UPDATE wh_dashboard_persentase_day SET date='2023/6/5',company_id=2,vhc_batch_id=6,seat=29,tot_perbaikan=2,created_date=GETDATE() WHERE company_id=2 and vhc_batch_id=6 and seat=29 and date='2023/6/5'
19/06/2023 15:53:46	Open DB Connection
19/06/2023 15:53:46	SQL :select id from wh_dashboard_persentase_day where company_id=2 and vhc_batch_id=6 and seat=29 and date='2023/6/6'
19/06/2023 15:53:46	SQL :UPDATE wh_dashboard_persentase_day SET date='2023/6/6',company_id=2,vhc_batch_id=6,seat=29,tot_perbaikan=1,created_date=GETDATE() WHERE company_id=2 and vhc_batch_id=6 and seat=29 and date='2023/6/6'
19/06/2023 15:53:46	Open DB Connection
19/06/2023 15:53:46	SQL :select id from wh_dashboard_persentase_day where company_id=2 and vhc_batch_id=6 and seat=29 and date='2023/6/7'
19/06/2023 15:53:46	SQL :UPDATE wh_dashboard_persentase_day SET date='2023/6/7',company_id=2,vhc_batch_id=6,seat=29,tot_perbaikan=1,created_date=GETDATE() WHERE company_id=2 and vhc_batch_id=6 and seat=29 and date='2023/6/7'
19/06/2023 15:53:46	Open DB Connection
19/06/2023 15:53:46	SQL :select id from wh_dashboard_persentase_day where company_id=2 and vhc_batch_id=6 and seat=29 and date='2023/6/8'
19/06/2023 15:53:46	SQL :UPDATE wh_dashboard_persentase_day SET date='2023/6/8',company_id=2,vhc_batch_id=6,seat=29,tot_perbaikan=2,created_date=GETDATE() WHERE company_id=2 and vhc_batch_id=6 and seat=29 and date='2023/6/8'
19/06/2023 15:53:46	Open DB Connection
19/06/2023 15:53:46	SQL :select id from wh_dashboard_persentase_day where company_id=2 and vhc_batch_id=6 and seat=29 and date='2023/6/9'
19/06/2023 15:53:46	SQL :UPDATE wh_dashboard_persentase_day SET date='2023/6/9',company_id=2,vhc_batch_id=6,seat=29,tot_perbaikan=1,created_date=GETDATE() WHERE company_id=2 and vhc_batch_id=6 and seat=29 and date='2023/6/9'
19/06/2023 15:53:46	Open DB Connection
19/06/2023 15:53:46	SQL :select id from wh_dashboard_persentase_day where company_id=2 and vhc_batch_id=6 and seat=29 and date='2023/6/10'
19/06/2023 15:53:46	SQL :UPDATE wh_dashboard_persentase_day SET date='2023/6/10',company_id=2,vhc_batch_id=6,seat=29,tot_perbaikan=3,created_date=GETDATE() WHERE company_id=2 and vhc_batch_id=6 and seat=29 and date='2023/6/10'
19/06/2023 15:53:46	Open DB Connection
19/06/2023 15:53:46	SQL :select id from wh_dashboard_persentase_day where company_id=2 and vhc_batch_id=6 and seat=29 and date='2023/6/11'
19/06/2023 15:53:46	SQL :UPDATE wh_dashboard_persentase_day SET date='2023/6/11',company_id=2,vhc_batch_id=6,seat=29,tot_perbaikan=2,created_date=GETDATE() WHERE company_id=2 and vhc_batch_id=6 and seat=29 and date='2023/6/11'
19/06/2023 15:53:46	Open DB Connection
19/06/2023 15:53:46	SQL :select id from wh_dashboard_persentase_day where company_id=2 and vhc_batch_id=6 and seat=29 and date='2023/6/12'
19/06/2023 15:53:46	SQL :UPDATE wh_dashboard_persentase_day SET date='2023/6/12',company_id=2,vhc_batch_id=6,seat=29,tot_perbaikan=0,created_date=GETDATE() WHERE company_id=2 and vhc_batch_id=6 and seat=29 and date='2023/6/12'
19/06/2023 15:53:46	Open DB Connection
19/06/2023 15:53:46	SQL :select id from wh_dashboard_persentase_day where company_id=2 and vhc_batch_id=6 and seat=29 and date='2023/6/13'
19/06/2023 15:53:46	SQL :UPDATE wh_dashboard_persentase_day SET date='2023/6/13',company_id=2,vhc_batch_id=6,seat=29,tot_perbaikan=1,created_date=GETDATE() WHERE company_id=2 and vhc_batch_id=6 and seat=29 and date='2023/6/13'
19/06/2023 15:53:46	Open DB Connection
19/06/2023 15:53:46	SQL :select id from wh_dashboard_persentase_day where company_id=2 and vhc_batch_id=6 and seat=29 and date='2023/6/14'
19/06/2023 15:53:47	SQL :UPDATE wh_dashboard_persentase_day SET date='2023/6/14',company_id=2,vhc_batch_id=6,seat=29,tot_perbaikan=1,created_date=GETDATE() WHERE company_id=2 and vhc_batch_id=6 and seat=29 and date='2023/6/14'
19/06/2023 15:53:47	Open DB Connection
19/06/2023 15:53:47	SQL :select id from wh_dashboard_persentase_day where company_id=2 and vhc_batch_id=6 and seat=29 and date='2023/6/15'
19/06/2023 15:53:47	SQL :UPDATE wh_dashboard_persentase_day SET date='2023/6/15',company_id=2,vhc_batch_id=6,seat=29,tot_perbaikan=0,created_date=GETDATE() WHERE company_id=2 and vhc_batch_id=6 and seat=29 and date='2023/6/15'
19/06/2023 15:53:47	Open DB Connection
19/06/2023 15:53:47	SQL :select id from wh_dashboard_persentase_day where company_id=2 and vhc_batch_id=6 and seat=29 and date='2023/6/16'
19/06/2023 15:53:47	SQL :UPDATE wh_dashboard_persentase_day SET date='2023/6/16',company_id=2,vhc_batch_id=6,seat=29,tot_perbaikan=1,created_date=GETDATE() WHERE company_id=2 and vhc_batch_id=6 and seat=29 and date='2023/6/16'
19/06/2023 15:53:47	Open DB Connection
19/06/2023 15:53:47	SQL :select id from wh_dashboard_persentase_day where company_id=2 and vhc_batch_id=6 and seat=29 and date='2023/6/17'
19/06/2023 15:53:47	SQL :UPDATE wh_dashboard_persentase_day SET date='2023/6/17',company_id=2,vhc_batch_id=6,seat=29,tot_perbaikan=0,created_date=GETDATE() WHERE company_id=2 and vhc_batch_id=6 and seat=29 and date='2023/6/17'
19/06/2023 15:53:47	Open DB Connection
19/06/2023 15:53:47	SQL :select id from wh_dashboard_persentase_day where company_id=2 and vhc_batch_id=6 and seat=29 and date='2023/6/18'
19/06/2023 15:53:47	SQL :UPDATE wh_dashboard_persentase_day SET date='2023/6/18',company_id=2,vhc_batch_id=6,seat=29,tot_perbaikan=0,created_date=GETDATE() WHERE company_id=2 and vhc_batch_id=6 and seat=29 and date='2023/6/18'
19/06/2023 15:53:47	Open DB Connection
19/06/2023 15:53:47	SQL :select id from wh_dashboard_persentase_day where company_id=2 and vhc_batch_id=6 and seat=29 and date='2023/6/19'
19/06/2023 15:53:47	SQL :UPDATE wh_dashboard_persentase_day SET date='2023/6/19',company_id=2,vhc_batch_id=6,seat=29,tot_perbaikan=1,created_date=GETDATE() WHERE company_id=2 and vhc_batch_id=6 and seat=29 and date='2023/6/19'
19/06/2023 15:53:47	Open DB Connection
19/06/2023 15:53:47	SQL :select id from wh_dashboard_persentase_day where company_id=2 and vhc_batch_id=6 and seat=29 and date='2023/6/20'
19/06/2023 15:53:47	SQL :UPDATE wh_dashboard_persentase_day SET date='2023/6/20',company_id=2,vhc_batch_id=6,seat=29,tot_perbaikan=0,created_date=GETDATE() WHERE company_id=2 and vhc_batch_id=6 and seat=29 and date='2023/6/20'
19/06/2023 15:53:47	Open DB Connection
19/06/2023 15:53:47	SQL :select id from wh_dashboard_persentase_day where company_id=2 and vhc_batch_id=6 and seat=29 and date='2023/6/21'
19/06/2023 15:53:47	SQL :UPDATE wh_dashboard_persentase_day SET date='2023/6/21',company_id=2,vhc_batch_id=6,seat=29,tot_perbaikan=2,created_date=GETDATE() WHERE company_id=2 and vhc_batch_id=6 and seat=29 and date='2023/6/21'
19/06/2023 15:53:47	Open DB Connection
19/06/2023 15:53:47	SQL :select id from wh_dashboard_persentase_day where company_id=2 and vhc_batch_id=6 and seat=29 and date='2023/6/22'
19/06/2023 15:53:47	SQL :UPDATE wh_dashboard_persentase_day SET date='2023/6/22',company_id=2,vhc_batch_id=6,seat=29,tot_perbaikan=2,created_date=GETDATE() WHERE company_id=2 and vhc_batch_id=6 and seat=29 and date='2023/6/22'
19/06/2023 15:53:47	Open DB Connection
19/06/2023 15:53:47	SQL :select id from wh_dashboard_persentase_day where company_id=2 and vhc_batch_id=6 and seat=29 and date='2023/6/23'
19/06/2023 15:53:47	SQL :UPDATE wh_dashboard_persentase_day SET date='2023/6/23',company_id=2,vhc_batch_id=6,seat=29,tot_perbaikan=2,created_date=GETDATE() WHERE company_id=2 and vhc_batch_id=6 and seat=29 and date='2023/6/23'
19/06/2023 15:53:47	Open DB Connection
19/06/2023 15:53:47	SQL :select id from wh_dashboard_persentase_day where company_id=2 and vhc_batch_id=6 and seat=29 and date='2023/6/24'
19/06/2023 15:53:47	SQL :UPDATE wh_dashboard_persentase_day SET date='2023/6/24',company_id=2,vhc_batch_id=6,seat=29,tot_perbaikan=3,created_date=GETDATE() WHERE company_id=2 and vhc_batch_id=6 and seat=29 and date='2023/6/24'
19/06/2023 15:53:48	Open DB Connection
19/06/2023 15:53:48	SQL :select id from wh_dashboard_persentase_day where company_id=2 and vhc_batch_id=6 and seat=29 and date='2023/6/25'
19/06/2023 15:53:48	SQL :UPDATE wh_dashboard_persentase_day SET date='2023/6/25',company_id=2,vhc_batch_id=6,seat=29,tot_perbaikan=3,created_date=GETDATE() WHERE company_id=2 and vhc_batch_id=6 and seat=29 and date='2023/6/25'
19/06/2023 15:53:48	Open DB Connection
19/06/2023 15:53:48	SQL :select id from wh_dashboard_persentase_day where company_id=2 and vhc_batch_id=6 and seat=29 and date='2023/6/26'
19/06/2023 15:53:48	SQL :UPDATE wh_dashboard_persentase_day SET date='2023/6/26',company_id=2,vhc_batch_id=6,seat=29,tot_perbaikan=2,created_date=GETDATE() WHERE company_id=2 and vhc_batch_id=6 and seat=29 and date='2023/6/26'
19/06/2023 15:53:48	Open DB Connection
19/06/2023 15:53:48	SQL :select id from wh_dashboard_persentase_day where company_id=2 and vhc_batch_id=6 and seat=29 and date='2023/6/27'
19/06/2023 15:53:48	SQL :UPDATE wh_dashboard_persentase_day SET date='2023/6/27',company_id=2,vhc_batch_id=6,seat=29,tot_perbaikan=2,created_date=GETDATE() WHERE company_id=2 and vhc_batch_id=6 and seat=29 and date='2023/6/27'
19/06/2023 15:53:48	Open DB Connection
19/06/2023 15:53:48	SQL :select id from wh_dashboard_persentase_day where company_id=2 and vhc_batch_id=6 and seat=29 and date='2023/6/28'
19/06/2023 15:53:48	SQL :UPDATE wh_dashboard_persentase_day SET date='2023/6/28',company_id=2,vhc_batch_id=6,seat=29,tot_perbaikan=2,created_date=GETDATE() WHERE company_id=2 and vhc_batch_id=6 and seat=29 and date='2023/6/28'
19/06/2023 15:53:48	Open DB Connection
19/06/2023 15:53:48	SQL :select id from wh_dashboard_persentase_day where company_id=2 and vhc_batch_id=6 and seat=29 and date='2023/6/29'
19/06/2023 15:53:48	SQL :UPDATE wh_dashboard_persentase_day SET date='2023/6/29',company_id=2,vhc_batch_id=6,seat=29,tot_perbaikan=2,created_date=GETDATE() WHERE company_id=2 and vhc_batch_id=6 and seat=29 and date='2023/6/29'
19/06/2023 15:53:48	Open DB Connection
19/06/2023 15:53:48	SQL :select id from wh_dashboard_persentase_day where company_id=2 and vhc_batch_id=6 and seat=29 and date='2023/6/30'
19/06/2023 15:53:48	SQL :UPDATE wh_dashboard_persentase_day SET date='2023/6/30',company_id=2,vhc_batch_id=6,seat=29,tot_perbaikan=2,created_date=GETDATE() WHERE company_id=2 and vhc_batch_id=6 and seat=29 and date='2023/6/30'
19/06/2023 15:53:48	Open DB Connection
19/06/2023 15:53:48	SQL :select id from wh_dashboard_persentase_day where company_id=2 and vhc_batch_id=6 and seat=29 and date='2023/6/1'
19/06/2023 15:53:48	SQL :UPDATE wh_dashboard_persentase_day SET date='2023/6/1',company_id=2,vhc_batch_id=6,seat=29,persentase_jalan=82,created_date=GETDATE() WHERE company_id=2 and vhc_batch_id=6 and seat=29 and date='2023/6/1'
19/06/2023 15:53:48	Open DB Connection
19/06/2023 15:53:48	SQL :select id from wh_dashboard_persentase_day where company_id=2 and vhc_batch_id=6 and seat=29 and date='2023/6/2'
19/06/2023 15:53:48	SQL :UPDATE wh_dashboard_persentase_day SET date='2023/6/2',company_id=2,vhc_batch_id=6,seat=29,persentase_jalan=82,created_date=GETDATE() WHERE company_id=2 and vhc_batch_id=6 and seat=29 and date='2023/6/2'
19/06/2023 15:53:48	Open DB Connection
19/06/2023 15:53:48	SQL :select id from wh_dashboard_persentase_day where company_id=2 and vhc_batch_id=6 and seat=29 and date='2023/6/3'
19/06/2023 15:53:48	SQL :UPDATE wh_dashboard_persentase_day SET date='2023/6/3',company_id=2,vhc_batch_id=6,seat=29,persentase_jalan=93,created_date=GETDATE() WHERE company_id=2 and vhc_batch_id=6 and seat=29 and date='2023/6/3'
19/06/2023 15:53:48	Open DB Connection
19/06/2023 15:53:48	SQL :select id from wh_dashboard_persentase_day where company_id=2 and vhc_batch_id=6 and seat=29 and date='2023/6/4'
19/06/2023 15:53:48	SQL :UPDATE wh_dashboard_persentase_day SET date='2023/6/4',company_id=2,vhc_batch_id=6,seat=29,persentase_jalan=83,created_date=GETDATE() WHERE company_id=2 and vhc_batch_id=6 and seat=29 and date='2023/6/4'
19/06/2023 15:53:48	Open DB Connection
19/06/2023 15:53:48	SQL :select id from wh_dashboard_persentase_day where company_id=2 and vhc_batch_id=6 and seat=29 and date='2023/6/5'
19/06/2023 15:53:48	SQL :UPDATE wh_dashboard_persentase_day SET date='2023/6/5',company_id=2,vhc_batch_id=6,seat=29,persentase_jalan=85,created_date=GETDATE() WHERE company_id=2 and vhc_batch_id=6 and seat=29 and date='2023/6/5'
19/06/2023 15:53:49	Open DB Connection
19/06/2023 15:53:49	SQL :select id from wh_dashboard_persentase_day where company_id=2 and vhc_batch_id=6 and seat=29 and date='2023/6/6'
19/06/2023 15:53:49	SQL :UPDATE wh_dashboard_persentase_day SET date='2023/6/6',company_id=2,vhc_batch_id=6,seat=29,persentase_jalan=86,created_date=GETDATE() WHERE company_id=2 and vhc_batch_id=6 and seat=29 and date='2023/6/6'
19/06/2023 15:53:49	Open DB Connection
19/06/2023 15:53:49	SQL :select id from wh_dashboard_persentase_day where company_id=2 and vhc_batch_id=6 and seat=29 and date='2023/6/7'
19/06/2023 15:53:49	SQL :UPDATE wh_dashboard_persentase_day SET date='2023/6/7',company_id=2,vhc_batch_id=6,seat=29,persentase_jalan=86,created_date=GETDATE() WHERE company_id=2 and vhc_batch_id=6 and seat=29 and date='2023/6/7'
19/06/2023 15:53:49	Open DB Connection
19/06/2023 15:53:49	SQL :select id from wh_dashboard_persentase_day where company_id=2 and vhc_batch_id=6 and seat=29 and date='2023/6/8'
19/06/2023 15:53:49	SQL :UPDATE wh_dashboard_persentase_day SET date='2023/6/8',company_id=2,vhc_batch_id=6,seat=29,persentase_jalan=92,created_date=GETDATE() WHERE company_id=2 and vhc_batch_id=6 and seat=29 and date='2023/6/8'
19/06/2023 15:53:49	Open DB Connection
19/06/2023 15:53:49	SQL :select id from wh_dashboard_persentase_day where company_id=2 and vhc_batch_id=6 and seat=29 and date='2023/6/9'
19/06/2023 15:53:49	SQL :UPDATE wh_dashboard_persentase_day SET date='2023/6/9',company_id=2,vhc_batch_id=6,seat=29,persentase_jalan=86,created_date=GETDATE() WHERE company_id=2 and vhc_batch_id=6 and seat=29 and date='2023/6/9'
19/06/2023 15:53:49	Open DB Connection
19/06/2023 15:53:49	SQL :select id from wh_dashboard_persentase_day where company_id=2 and vhc_batch_id=6 and seat=29 and date='2023/6/10'
19/06/2023 15:53:49	SQL :UPDATE wh_dashboard_persentase_day SET date='2023/6/10',company_id=2,vhc_batch_id=6,seat=29,persentase_jalan=67,created_date=GETDATE() WHERE company_id=2 and vhc_batch_id=6 and seat=29 and date='2023/6/10'
19/06/2023 15:53:49	Open DB Connection
19/06/2023 15:53:49	SQL :select id from wh_dashboard_persentase_day where company_id=2 and vhc_batch_id=6 and seat=29 and date='2023/6/11'
19/06/2023 15:53:49	SQL :UPDATE wh_dashboard_persentase_day SET date='2023/6/11',company_id=2,vhc_batch_id=6,seat=29,persentase_jalan=54,created_date=GETDATE() WHERE company_id=2 and vhc_batch_id=6 and seat=29 and date='2023/6/11'
19/06/2023 15:53:49	Open DB Connection
19/06/2023 15:53:49	SQL :select id from wh_dashboard_persentase_day where company_id=2 and vhc_batch_id=6 and seat=29 and date='2023/6/12'
19/06/2023 15:53:50	SQL :UPDATE wh_dashboard_persentase_day SET date='2023/6/12',company_id=2,vhc_batch_id=6,seat=29,persentase_jalan=80,created_date=GETDATE() WHERE company_id=2 and vhc_batch_id=6 and seat=29 and date='2023/6/12'
19/06/2023 15:53:50	Open DB Connection
19/06/2023 15:53:50	SQL :select id from wh_dashboard_persentase_day where company_id=2 and vhc_batch_id=6 and seat=29 and date='2023/6/13'
19/06/2023 15:53:50	SQL :UPDATE wh_dashboard_persentase_day SET date='2023/6/13',company_id=2,vhc_batch_id=6,seat=29,persentase_jalan=86,created_date=GETDATE() WHERE company_id=2 and vhc_batch_id=6 and seat=29 and date='2023/6/13'
19/06/2023 15:53:50	Open DB Connection
19/06/2023 15:53:50	SQL :select id from wh_dashboard_persentase_day where company_id=2 and vhc_batch_id=6 and seat=29 and date='2023/6/14'
19/06/2023 15:53:50	SQL :UPDATE wh_dashboard_persentase_day SET date='2023/6/14',company_id=2,vhc_batch_id=6,seat=29,persentase_jalan=86,created_date=GETDATE() WHERE company_id=2 and vhc_batch_id=6 and seat=29 and date='2023/6/14'
19/06/2023 15:53:50	Open DB Connection
19/06/2023 15:53:50	SQL :select id from wh_dashboard_persentase_day where company_id=2 and vhc_batch_id=6 and seat=29 and date='2023/6/15'
19/06/2023 15:53:50	SQL :UPDATE wh_dashboard_persentase_day SET date='2023/6/15',company_id=2,vhc_batch_id=6,seat=29,persentase_jalan=87,created_date=GETDATE() WHERE company_id=2 and vhc_batch_id=6 and seat=29 and date='2023/6/15'
19/06/2023 15:53:50	Open DB Connection
19/06/2023 15:53:50	SQL :select id from wh_dashboard_persentase_day where company_id=2 and vhc_batch_id=6 and seat=29 and date='2023/6/16'
19/06/2023 15:53:50	SQL :UPDATE wh_dashboard_persentase_day SET date='2023/6/16',company_id=2,vhc_batch_id=6,seat=29,persentase_jalan=86,created_date=GETDATE() WHERE company_id=2 and vhc_batch_id=6 and seat=29 and date='2023/6/16'
19/06/2023 15:53:50	Open DB Connection
19/06/2023 15:53:50	SQL :select id from wh_dashboard_persentase_day where company_id=2 and vhc_batch_id=6 and seat=29 and date='2023/6/17'
19/06/2023 15:53:50	SQL :UPDATE wh_dashboard_persentase_day SET date='2023/6/17',company_id=2,vhc_batch_id=6,seat=29,persentase_jalan=73,created_date=GETDATE() WHERE company_id=2 and vhc_batch_id=6 and seat=29 and date='2023/6/17'
19/06/2023 15:53:50	Open DB Connection
19/06/2023 15:53:50	SQL :select id from wh_dashboard_persentase_day where company_id=2 and vhc_batch_id=6 and seat=29 and date='2023/6/18'
19/06/2023 15:53:50	SQL :UPDATE wh_dashboard_persentase_day SET date='2023/6/18',company_id=2,vhc_batch_id=6,seat=29,persentase_jalan=40,created_date=GETDATE() WHERE company_id=2 and vhc_batch_id=6 and seat=29 and date='2023/6/18'
19/06/2023 15:53:50	Open DB Connection
19/06/2023 15:53:50	SQL :select id from wh_dashboard_persentase_day where company_id=2 and vhc_batch_id=6 and seat=29 and date='2023/6/19'
19/06/2023 15:53:50	SQL :UPDATE wh_dashboard_persentase_day SET date='2023/6/19',company_id=2,vhc_batch_id=6,seat=29,persentase_jalan=64,created_date=GETDATE() WHERE company_id=2 and vhc_batch_id=6 and seat=29 and date='2023/6/19'
19/06/2023 15:53:50	Open DB Connection
19/06/2023 15:53:50	SQL :select id from wh_dashboard_persentase_day where company_id=2 and vhc_batch_id=6 and seat=29 and date='2023/6/20'
19/06/2023 15:53:50	SQL :UPDATE wh_dashboard_persentase_day SET date='2023/6/20',company_id=2,vhc_batch_id=6,seat=29,persentase_jalan=73,created_date=GETDATE() WHERE company_id=2 and vhc_batch_id=6 and seat=29 and date='2023/6/20'
19/06/2023 15:53:50	Open DB Connection
19/06/2023 15:53:50	SQL :select id from wh_dashboard_persentase_day where company_id=2 and vhc_batch_id=6 and seat=29 and date='2023/6/21'
19/06/2023 15:53:51	SQL :UPDATE wh_dashboard_persentase_day SET date='2023/6/21',company_id=2,vhc_batch_id=6,seat=29,persentase_jalan=62,created_date=GETDATE() WHERE company_id=2 and vhc_batch_id=6 and seat=29 and date='2023/6/21'
19/06/2023 15:53:51	Open DB Connection
19/06/2023 15:53:51	SQL :select id from wh_dashboard_persentase_day where company_id=2 and vhc_batch_id=6 and seat=29 and date='2023/6/22'
19/06/2023 15:53:51	SQL :UPDATE wh_dashboard_persentase_day SET date='2023/6/22',company_id=2,vhc_batch_id=6,seat=29,persentase_jalan=69,created_date=GETDATE() WHERE company_id=2 and vhc_batch_id=6 and seat=29 and date='2023/6/22'
19/06/2023 15:53:51	Open DB Connection
19/06/2023 15:53:51	SQL :select id from wh_dashboard_persentase_day where company_id=2 and vhc_batch_id=6 and seat=29 and date='2023/6/23'
19/06/2023 15:53:51	SQL :UPDATE wh_dashboard_persentase_day SET date='2023/6/23',company_id=2,vhc_batch_id=6,seat=29,persentase_jalan=54,created_date=GETDATE() WHERE company_id=2 and vhc_batch_id=6 and seat=29 and date='2023/6/23'
19/06/2023 15:53:51	Open DB Connection
19/06/2023 15:53:51	SQL :select id from wh_dashboard_persentase_day where company_id=2 and vhc_batch_id=6 and seat=29 and date='2023/6/24'
19/06/2023 15:53:51	SQL :UPDATE wh_dashboard_persentase_day SET date='2023/6/24',company_id=2,vhc_batch_id=6,seat=29,persentase_jalan=67,created_date=GETDATE() WHERE company_id=2 and vhc_batch_id=6 and seat=29 and date='2023/6/24'
19/06/2023 15:53:51	Open DB Connection
19/06/2023 15:53:51	SQL :select id from wh_dashboard_persentase_day where company_id=2 and vhc_batch_id=6 and seat=29 and date='2023/6/25'
19/06/2023 15:53:51	SQL :UPDATE wh_dashboard_persentase_day SET date='2023/6/25',company_id=2,vhc_batch_id=6,seat=29,persentase_jalan=50,created_date=GETDATE() WHERE company_id=2 and vhc_batch_id=6 and seat=29 and date='2023/6/25'
19/06/2023 15:53:51	Open DB Connection
19/06/2023 15:53:51	SQL :select id from wh_dashboard_persentase_day where company_id=2 and vhc_batch_id=6 and seat=29 and date='2023/6/26'
19/06/2023 15:53:51	SQL :UPDATE wh_dashboard_persentase_day SET date='2023/6/26',company_id=2,vhc_batch_id=6,seat=29,persentase_jalan=54,created_date=GETDATE() WHERE company_id=2 and vhc_batch_id=6 and seat=29 and date='2023/6/26'
19/06/2023 15:53:51	Open DB Connection
19/06/2023 15:53:51	SQL :select id from wh_dashboard_persentase_day where company_id=2 and vhc_batch_id=6 and seat=29 and date='2023/6/27'
19/06/2023 15:53:51	SQL :UPDATE wh_dashboard_persentase_day SET date='2023/6/27',company_id=2,vhc_batch_id=6,seat=29,persentase_jalan=54,created_date=GETDATE() WHERE company_id=2 and vhc_batch_id=6 and seat=29 and date='2023/6/27'
19/06/2023 15:53:51	Open DB Connection
19/06/2023 15:53:51	SQL :select id from wh_dashboard_persentase_day where company_id=2 and vhc_batch_id=6 and seat=29 and date='2023/6/28'
19/06/2023 15:53:51	SQL :UPDATE wh_dashboard_persentase_day SET date='2023/6/28',company_id=2,vhc_batch_id=6,seat=29,persentase_jalan=69,created_date=GETDATE() WHERE company_id=2 and vhc_batch_id=6 and seat=29 and date='2023/6/28'
19/06/2023 15:53:52	Open DB Connection
19/06/2023 15:53:52	SQL :select id from wh_dashboard_persentase_day where company_id=2 and vhc_batch_id=6 and seat=29 and date='2023/6/29'
19/06/2023 15:53:52	SQL :UPDATE wh_dashboard_persentase_day SET date='2023/6/29',company_id=2,vhc_batch_id=6,seat=29,persentase_jalan=69,created_date=GETDATE() WHERE company_id=2 and vhc_batch_id=6 and seat=29 and date='2023/6/29'
19/06/2023 15:53:52	Open DB Connection
19/06/2023 15:53:52	SQL :select id from wh_dashboard_persentase_day where company_id=2 and vhc_batch_id=6 and seat=29 and date='2023/6/30'
19/06/2023 15:53:52	SQL :UPDATE wh_dashboard_persentase_day SET date='2023/6/30',company_id=2,vhc_batch_id=6,seat=29,persentase_jalan=77,created_date=GETDATE() WHERE company_id=2 and vhc_batch_id=6 and seat=29 and date='2023/6/30'
19/06/2023 15:54:40	Form Check :OrderForm
19/06/2023 15:54:40	Form Check :WorkOrderForm
19/06/2023 15:54:40	Form Open: WorkOrderForm=PKBRB23040040,,-1
19/06/2019/06/2023 16:08:56	Get Local Settings
19/06/2023 16:08:56	Start Change Local Settings
19/06/2023 16:08:56	Change short date format
19/06/2023 16:08:56	Change Long date format
19/06/2023 16:08:56	Finish Change Local Settings
19/06/2023 16:08:56	Registry Read: Path=SOFTWARE\WEHA\Aplikasi\3
19/06/2023 16:08:56	Registry Read/Write
19/06/2023 16:08:56	Registry Read: Path=SOFTWARE\WEHA\Aplikasi\3
19/06/2023 16:08:56	Registry Read:Fail
19/06/2023 16:08:56	Setting DB Param
19/06/2023 16:08:56	Create DB Object
19/06/2023 16:08:56	Init DB
19/06/2023 16:09:01	Error Create DB Connection
19/06/2023 16:09:04	Change Db Connection to :Provider=MSDASQL.1
19/06/2023 16:09:04	Finish Create DB Connection
19/06/2023 16:09:04	Get File Version
19/06/2023 16:09:04	Change  Caption
19/06/2023 16:09:04	Init Shortkey
19/06/2023 16:09:06	Setting DB Param
19/06/2023 16:09:06	Create DB Object
19/06/2023 16:09:06	Init DB
19/06/2023 16:09:10	Error Create DB Connection
19/06/2023 16:09:13	Change Db Connection to :Provider=MSDASQL.1
19/06/2023 16:09:13	Finish Create DB Connection
19/06/2023 16:09:14	Form Check :Setting
19/06/2023 16:09:14	Form Open: Setting
19/06/2023 16:09:33	Create DB Object
19/06/2023 16:09:33	Init DB
19/06/2023 16:09:33	Finish Init DB
19/06/2023 16:09:33	Port Check
19/06/2023 16:09:33	Connection Check
19/06/2023 16:09:33	Check Success
19/06/2023 16:09:34	Registry Write: 192.168.10.247,wh_prod,sa,SQLNCLI10
19/06/2023 16:09:34	Registry Read: Path=SOFTWARE\WEHA\Aplikasi\3
19/06/2023 16:09:34	Registry Read:Fail
19/06/2023 16:09:43	Update new version check
19/06/2023 16:09:43	Open DB Connection
19/06/2023 16:09:43	SQL :
19/06/2023 16:09:43	Update check version
19/06/2023 16:09:43	Open DB Connection
19/06/2023 16:09:43	SQL :SELECT version FROM wh_application WHERE application_id=(SELECT MAX(application_id) FROM wh_application);
19/06/2023 16:09:43	Start Login
19/06/2023 16:09:43	Open DB Connection
19/06/2023 16:09:43	SQL :EXEC AuthenticateUser 'nanang.andriani','3b5929d0c23006c99522f38746d85dd4';
19/06/2023 16:09:43	SQL :INSERT INTO wh_log (user_id,app_date,app_version,app_version_svr,location_id,company_id,department_id,host_name,ip_address)  VALUES ('nanang.andriani','19/06/2023','6.1.5.23','6.1.5.23',6,2,13,'DESKTOP-88BM05S','192.168.25.214');
19/06/2023 16:09:43	Open DB Connection
19/06/2023 16:09:43	SQL :EXEC GetUserMenu 'nanang.andriani';
19/06/2023 16:09:43	SQL :EXEC GetUserSubMenu 'nanang.andriani','11';
19/06/2023 16:09:43	SQL :EXEC GetUserTreeMenu 'nanang.andriani','1101',@CompanyId=2;
19/06/2023 16:09:43	SQL :EXEC GetUserTreeMenu 'nanang.andriani','1102',@CompanyId=2;
19/06/2023 16:09:43	SQL :EXEC GetUserTreeMenu 'nanang.andriani','1103',@CompanyId=2;
19/06/2023 16:09:43	SQL :EXEC GetUserTreeMenu 'nanang.andriani','1104',@CompanyId=2;
19/06/2023 16:09:43	SQL :EXEC GetUserTreeMenu 'nanang.andriani','1105',@CompanyId=2;
19/06/2023 16:09:43	SQL :EXEC GetUserTreeMenu 'nanang.andriani','1106',@CompanyId=2;
19/06/2023 16:09:43	SQL :EXEC GetUserTreeMenu 'nanang.andriani','1107',@CompanyId=2;
19/06/2023 16:09:43	SQL :EXEC GetUserTreeMenu 'nanang.andriani','1108',@CompanyId=2;
19/06/2023 16:09:43	SQL :EXEC GetUserTreeMenu 'nanang.andriani','1109',@CompanyId=2;
19/06/2023 16:09:43	SQL :EXEC GetUserTreeMenu 'nanang.andriani','1110',@CompanyId=2;
19/06/2023 16:09:43	SQL :EXEC GetUserTreeMenu 'nanang.andriani','1111',@CompanyId=2;
19/06/2023 16:09:43	SQL :EXEC GetUserTreeMenu 'nanang.andriani','1112',@CompanyId=2;
19/06/2023 16:09:43	SQL :EXEC GetUserTreeMenu 'nanang.andriani','1113',@CompanyId=2;
19/06/2023 16:09:43	SQL :EXEC GetUserTreeMenu 'nanang.andriani','1114',@CompanyId=2;
19/06/2023 16:09:43	SQL :EXEC GetUserTreeMenu 'nanang.andriani','1115',@CompanyId=2;
19/06/2023 16:09:43	SQL :EXEC GetUserTreeMenu 'nanang.andriani','1116',@CompanyId=2;
19/06/2023 16:09:43	SQL :EXEC GetUserTreeMenu 'nanang.andriani','1117',@CompanyId=2;
19/06/2023 16:09:43	SQL :EXEC GetUserTreeMenu 'nanang.andriani','1198',@CompanyId=2;
19/06/2023 16:09:43	SQL :EXEC GetUserTreeMenu 'nanang.andriani','1199',@CompanyId=2;
19/06/2023 16:09:43	SQL :EXEC GetUserSubMenu 'nanang.andriani','12';
19/06/2023 16:09:43	SQL :EXEC GetUserTreeMenu 'nanang.andriani','1201',@CompanyId=2;
19/06/2023 16:09:43	SQL :EXEC GetUserTreeMenu 'nanang.andriani','1202',@CompanyId=2;
19/06/2023 16:09:43	SQL :EXEC GetUserTreeMenu 'nanang.andriani','1203',@CompanyId=2;
19/06/2023 16:09:43	SQL :EXEC GetUserTreeMenu 'nanang.andriani','1204',@CompanyId=2;
19/06/2023 16:09:43	SQL :EXEC GetUserTreeMenu 'nanang.andriani','1205',@CompanyId=2;
19/06/2023 16:09:43	SQL :EXEC GetUserTreeMenu 'nanang.andriani','1206',@CompanyId=2;
19/06/2023 16:09:43	SQL :EXEC GetUserTreeMenu 'nanang.andriani','1207',@CompanyId=2;
19/06/2023 16:09:43	SQL :EXEC GetUserSubMenu 'nanang.andriani','13';
19/06/2023 16:09:43	SQL :EXEC GetUserTreeMenu 'nanang.andriani','1301',@CompanyId=2;
19/06/2023 16:09:43	SQL :EXEC GetUserTreeMenu 'nanang.andriani','1302',@CompanyId=2;
19/06/2023 16:09:43	SQL :EXEC GetUserTreeMenu 'nanang.andriani','1303',@CompanyId=2;
19/06/2023 16:09:43	SQL :EXEC GetUserTreeMenu 'nanang.andriani','1304',@CompanyId=2;
19/06/2023 16:09:43	SQL :EXEC GetUserTreeMenu 'nanang.andriani','1305',@CompanyId=2;
19/06/2023 16:09:43	SQL :EXEC GetUserTreeMenu 'nanang.andriani','1306',@CompanyId=2;
19/06/2023 16:09:43	SQL :EXEC GetUserTreeMenu 'nanang.andriani','1307',@CompanyId=2;
19/06/2023 16:09:43	SQL :EXEC GetUserTreeMenu 'nanang.andriani','1308',@CompanyId=2;
19/06/2023 16:09:44	SQL :EXEC GetUserTreeMenu 'nanang.andriani','1309',@CompanyId=2;
19/06/2023 16:09:44	SQL :EXEC GetUserTreeMenu 'nanang.andriani','1310',@CompanyId=2;
19/06/2023 16:09:44	SQL :EXEC GetUserTreeMenu 'nanang.andriani','1311',@CompanyId=2;
19/06/2023 16:09:44	SQL :EXEC GetUserTreeMenu 'nanang.andriani','1312',@CompanyId=2;
19/06/2023 16:09:44	SQL :EXEC GetUserTreeMenu 'nanang.andriani','1313',@CompanyId=2;
19/06/2023 16:09:44	SQL :EXEC GetUserTreeMenu 'nanang.andriani','1314',@CompanyId=2;
19/06/2023 16:09:44	SQL :EXEC GetUserTreeMenu 'nanang.andriani','1315',@CompanyId=2;
19/06/2023 16:09:44	SQL :EXEC GetUserTreeMenu 'nanang.andriani','1316',@CompanyId=2;
19/06/2023 16:09:44	SQL :EXEC GetUserTreeMenu 'nanang.andriani','1317',@CompanyId=2;
19/06/2023 16:09:44	SQL :EXEC GetUserTreeMenu 'nanang.andriani','1318',@CompanyId=2;
19/06/2023 16:09:44	SQL :EXEC GetUserTreeMenu 'nanang.andriani','1319',@CompanyId=2;
19/06/2023 16:09:44	SQL :EXEC GetUserTreeMenu 'nanang.andriani','1320',@CompanyId=2;
19/06/2023 16:09:44	SQL :EXEC GetUserTreeMenu 'nanang.andriani','1321',@CompanyId=2;
19/06/2023 16:09:44	SQL :EXEC GetUserTreeMenu 'nanang.andriani','1322',@CompanyId=2;
19/06/2023 16:09:44	SQL :EXEC GetUserSubMenu 'nanang.andriani','14';
19/06/2023 16:09:44	SQL :EXEC GetUserTreeMenu 'nanang.andriani','1401',@CompanyId=2;
19/06/2023 16:09:44	SQL :EXEC GetUserTreeMenu 'nanang.andriani','1402',@CompanyId=2;
19/06/2023 16:09:44	SQL :EXEC GetUserTreeMenu 'nanang.andriani','1403',@CompanyId=2;
19/06/2023 16:09:44	SQL :EXEC GetUserTreeMenu 'nanang.andriani','1404',@CompanyId=2;
19/06/2023 16:09:44	SQL :EXEC GetUserTreeMenu 'nanang.andriani','1406',@CompanyId=2;
19/06/2023 16:09:44	SQL :EXEC GetUserTreeMenu 'nanang.andriani','1408',@CompanyId=2;
19/06/2023 16:09:44	SQL :EXEC GetUserTreeMenu 'nanang.andriani','1410',@CompanyId=2;
19/06/2023 16:09:44	SQL :EXEC GetUserTreeMenu 'nanang.andriani','1411',@CompanyId=2;
19/06/2023 16:09:44	SQL :EXEC GetUserTreeMenu 'nanang.andriani','1412',@CompanyId=2;
19/06/2023 16:09:44	SQL :EXEC GetUserTreeMenu 'nanang.andriani','1413',@CompanyId=2;
19/06/2023 16:09:44	SQL :EXEC GetUserTreeMenu 'nanang.andriani','1414',@CompanyId=2;
19/06/2023 16:09:44	SQL :EXEC GetUserSubMenu 'nanang.andriani','15';
19/06/2023 16:09:44	SQL :EXEC GetUserTreeMenu 'nanang.andriani','1501',@CompanyId=2;
19/06/2023 16:09:44	SQL :EXEC GetUserTreeMenu 'nanang.andriani','1502',@CompanyId=2;
19/06/2023 16:09:44	SQL :EXEC GetUserTreeMenu 'nanang.andriani','1503',@CompanyId=2;
19/06/2023 16:09:44	SQL :EXEC GetUserTreeMenu 'nanang.andriani','1504',@CompanyId=2;
19/06/2023 16:09:44	SQL :EXEC GetUserTreeMenu 'nanang.andriani','1505',@CompanyId=2;
19/06/2023 16:09:44	SQL :EXEC GetUserTreeMenu 'nanang.andriani','1506',@CompanyId=2;
19/06/2023 16:09:44	SQL :EXEC GetUserTreeMenu 'nanang.andriani','1507',@CompanyId=2;
19/06/2023 16:09:44	SQL :EXEC GetUserTreeMenu 'nanang.andriani','1508',@CompanyId=2;
19/06/2023 16:09:44	SQL :EXEC GetUserTreeMenu 'nanang.andriani','1509',@CompanyId=2;
19/06/2023 16:09:44	SQL :EXEC GetUserTreeMenu 'nanang.andriani','1510',@CompanyId=2;
19/06/2023 16:09:44	SQL :EXEC GetUserTreeMenu 'nanang.andriani','1511',@CompanyId=2;
19/06/2023 16:09:44	SQL :EXEC GetUserSubMenu 'nanang.andriani','16';
19/06/2023 16:09:44	SQL :EXEC GetUserTreeMenu 'nanang.andriani','1601',@CompanyId=2;
19/06/2023 16:09:44	SQL :EXEC GetUserTreeMenu 'nanang.andriani','1602',@CompanyId=2;
19/06/2023 16:09:44	SQL :EXEC GetUserTreeMenu 'nanang.andriani','1603',@CompanyId=2;
19/06/2023 16:09:44	SQL :EXEC GetUserTreeMenu 'nanang.andriani','1604',@CompanyId=2;
19/06/2023 16:09:44	SQL :EXEC GetUserTreeMenu 'nanang.andriani','1605',@CompanyId=2;
19/06/2023 16:09:44	SQL :EXEC GetUserTreeMenu 'nanang.andriani','1606',@CompanyId=2;
19/06/2023 16:09:44	SQL :EXEC GetUserTreeMenu 'nanang.andriani','1607',@CompanyId=2;
19/06/2023 16:09:44	SQL :EXEC GetUserTreeMenu 'nanang.andriani','1608',@CompanyId=2;
19/06/2023 16:09:44	SQL :EXEC GetUserTreeMenu 'nanang.andriani','1609',@CompanyId=2;
19/06/2023 16:09:44	SQL :EXEC GetUserTreeMenu 'nanang.andriani','1610',@CompanyId=2;
19/06/2023 16:09:44	SQL :EXEC GetUserTreeMenu 'nanang.andriani','1611',@CompanyId=2;
19/06/2023 16:09:44	SQL :EXEC GetUserTreeMenu 'nanang.andriani','1612',@CompanyId=2;
19/06/2023 16:09:44	SQL :EXEC GetUserTreeMenu 'nanang.andriani','1613',@CompanyId=2;
19/06/2023 16:09:44	SQL :EXEC GetUserTreeMenu 'nanang.andriani','1614',@CompanyId=2;
19/06/2023 16:09:44	SQL :EXEC GetUserTreeMenu 'nanang.andriani','1615',@CompanyId=2;
19/06/2023 16:09:44	SQL :EXEC GetUserTreeMenu 'nanang.andriani','1616',@CompanyId=2;
19/06/2023 16:09:44	SQL :EXEC GetUserTreeMenu 'nanang.andriani','1619',@CompanyId=2;
19/06/2023 16:09:44	SQL :EXEC GetUserTreeMenu 'nanang.andriani','1620',@CompanyId=2;
19/06/2023 16:09:44	SQL :EXEC GetUserSubMenu 'nanang.andriani','17';
19/06/2023 16:09:45	SQL :EXEC GetUserTreeMenu 'nanang.andriani','1701',@CompanyId=2;
19/06/2023 16:09:45	SQL :EXEC GetUserTreeMenu 'nanang.andriani','1702',@CompanyId=2;
19/06/2023 16:09:45	SQL :EXEC GetUserTreeMenu 'nanang.andriani','1703',@CompanyId=2;
19/06/2023 16:09:45	SQL :EXEC GetUserTreeMenu 'nanang.andriani','1704',@CompanyId=2;
19/06/2023 16:09:45	SQL :EXEC GetUserTreeMenu 'nanang.andriani','1705',@CompanyId=2;
19/06/2023 16:09:45	SQL :EXEC GetUserTreeMenu 'nanang.andriani','1706',@CompanyId=2;
19/06/2023 16:09:45	SQL :EXEC GetUserTreeMenu 'nanang.andriani','1707',@CompanyId=2;
19/06/2023 16:09:45	SQL :EXEC GetUserTreeMenu 'nanang.andriani','1708',@CompanyId=2;
19/06/2023 16:09:45	SQL :EXEC GetUserTreeMenu 'nanang.andriani','1709',@CompanyId=2;
19/06/2023 16:09:45	SQL :EXEC GetUserTreeMenu 'nanang.andriani','1710',@CompanyId=2;
19/06/2023 16:09:45	SQL :EXEC GetUserTreeMenu 'nanang.andriani','1711',@CompanyId=2;
19/06/2023 16:09:45	SQL :EXEC GetUserTreeMenu 'nanang.andriani','1712',@CompanyId=2;
19/06/2023 16:09:45	SQL :EXEC GetUserTreeMenu 'nanang.andriani','1713',@CompanyId=2;
19/06/2023 16:09:45	SQL :EXEC GetUserTreeMenu 'nanang.andriani','1714',@CompanyId=2;
19/06/2023 16:09:45	SQL :EXEC GetUserTreeMenu 'nanang.andriani','1715',@CompanyId=2;
19/06/2023 16:09:45	SQL :EXEC GetUserTreeMenu 'nanang.andriani','1716',@CompanyId=2;
19/06/2023 16:09:45	SQL :EXEC GetUserTreeMenu 'nanang.andriani','1717',@CompanyId=2;
19/06/2023 16:09:45	SQL :EXEC GetUserSubMenu 'nanang.andriani','18';
19/06/2023 16:09:45	SQL :EXEC GetUserTreeMenu 'nanang.andriani','1801',@CompanyId=2;
19/06/2023 16:09:45	SQL :EXEC GetUserSubMenu 'nanang.andriani','19';
19/06/2023 16:09:45	SQL :EXEC GetUserTreeMenu 'nanang.andriani','1901',@CompanyId=2;
19/06/2023 16:09:45	SQL :EXEC GetUserTreeMenu 'nanang.andriani','1902',@CompanyId=2;
19/06/2023 16:09:45	SQL :EXEC GetUserTreeMenu 'nanang.andriani','1903',@CompanyId=2;
19/06/2023 16:09:45	SQL :EXEC GetUserTreeMenu 'nanang.andriani','1904',@CompanyId=2;
19/06/2023 16:09:45	SQL :EXEC GetUserTreeMenu 'nanang.andriani','1905',@CompanyId=2;
19/06/2023 16:09:45	SQL :EXEC GetUserTreeMenu 'nanang.andriani','1906',@CompanyId=2;
19/06/2023 16:09:45	SQL :EXEC GetUserTreeMenu 'nanang.andriani','1907',@CompanyId=2;
19/06/2023 16:09:45	SQL :EXEC GetUserTreeMenu 'nanang.andriani','1908',@CompanyId=2;
19/06/2023 16:09:45	SQL :EXEC GetUserTreeMenu 'nanang.andriani','1909',@CompanyId=2;
19/06/2023 16:09:45	SQL :EXEC GetUserTreeMenu 'nanang.andriani','1910',@CompanyId=2;
19/06/2023 16:09:45	SQL :EXEC GetUserTreeMenu 'nanang.andriani','1911',@CompanyId=2;
19/06/2023 16:09:45	SQL :EXEC GetUserTreeMenu 'nanang.andriani','1912',@CompanyId=2;
19/06/2023 16:09:45	SQL :SELECT CONVERT(VARCHAR(8),GETDATE(),108) AS hour_minute;
19/06/2023 16:09:45	SQL :SELECT CONVERT(VARCHAR(10),GETDATE(),103) AS date_time;
19/06/2023 16:09:45	Loading Setting
19/06/2023 16:09:45	Open DB Connection
19/06/2023 16:09:45	SQL :SELECT * FROM wh_setting WHERE setting_name='Hold_Less_Deposit';
19/06/2023 16:09:45	SQL :SELECT * FROM wh_setting WHERE setting_name='Max_Less_Deposit';
19/06/2023 16:09:45	SQL :SELECT * FROM wh_setting WHERE setting_name='Dashboard_2';
19/06/2023 16:09:45	Finish Logging
19/06/2023 16:09:45	SQL :SELECT value_string FROM wh_setting WHERE (setting_name='Interval_CheckInDate') AND (active=1);
19/06/2023 16:09:45	SQL :SELECT value_string FROM wh_setting WHERE (setting_name='Interval_CheckInTime') AND (active=1);
19/06/2023 16:09:45	SQL :SELECT value_string FROM wh_setting WHERE (setting_name='ChatEnable') and (active=1);
19/06/2023 16:09:46	Message:Port Check
19/06/2023 16:09:46	Message:Open DB Connection
19/06/2023 16:09:46	SQL :EXEC GetMessage '01','nanang.andriani';
19/06/2023 16:09:46	SQL :SELECT CONVERT(VARCHAR(8),GETDATE(),108) AS hour_minute;
19/06/2023 16:09:46	SQL :SELECT CONVERT(VARCHAR(10),GETDATE(),103) AS date_time;
19/06/2023 16:09:52	Open Menu :190507
19/06/2023 16:09:52	Open DB Connection
19/06/2023 16:09:52	SQL :EXEC AuthMenu 'nanang.andriani',190507;
19/06/2023 16:09:52	Form Check :BusRunningDaysminiRpt
19/06/2023 16:09:52	Form Open: BusRunningDaysMiniRpt=,0
19/06/2023 16:09:52	Open DB Connection
19/06/2023 16:09:52	SQL :EXEC GetCompanyLocationList
19/06/2023 16:09:52	SQL :EXEC GetUserRDLocationList @UserName='nanang.andriani' ;
19/06/2023 16:09:52	SQL :EXEC GetGroup 2;
19/06/2023 16:09:53	Open DB Connection
19/06/2023 16:09:54	Open DB Connection
19/06/2023 16:09:56	Open DB Connection
19/06/2023 16:09:56	SQL :SELECT * FROM wh_setting WHERE (setting_name='ServiceBerkala_as_PKB_2') AND (active=1);
19/06/2023 16:09:56	Open DB Connection
19/06/2023 16:09:56	SQL :EXEC GetVhcList 6,@CompanyId=2,@BatchId=6,@Seat=29,@OrderBy='category, category_sequence_number,h.vhc_batch_id,seat,license_plate',@ShowBatch=1,@isOutsideRent=0,@Dates='2023/06/30';
19/06/2023 16:09:57	SQL :EXEC GetRunningDaysDetail 'BS221070063',@FromDate='2023-06-01',@ToDate='2023-06-30', @CompanyId=2;
19/06/2023 16:09:57	SQL :EXEC GetRunningDaysDetail 'BS221070060',@FromDate='2023-06-01',@ToDate='2023-06-30', @CompanyId=2;
19/06/2023 16:09:57	SQL :EXEC GetRunningDaysDetail 'BS220080008',@FromDate='2023-06-01',@ToDate='2023-06-30', @CompanyId=2;
19/06/2023 16:09:57	SQL :EXEC GetRunningDaysDetail 'BS220080009',@FromDate='2023-06-01',@ToDate='2023-06-30', @CompanyId=2;
19/06/2023 16:09:57	SQL :EXEC GetRunningDaysDetail 'BS221070061',@FromDate='2023-06-01',@ToDate='2023-06-30', @CompanyId=2;
19/06/2023 16:09:57	SQL :EXEC GetRunningDaysDetail 'BS221070041',@FromDate='2023-06-01',@ToDate='2023-06-30', @CompanyId=2;
19/06/2023 16:09:57	SQL :EXEC GetRunningDaysDetail 'BS221070064',@FromDate='2023-06-01',@ToDate='2023-06-30', @CompanyId=2;
19/06/2023 16:09:57	SQL :EXEC GetRunningDaysDetail 'BS220080007',@FromDate='2023-06-01',@ToDate='2023-06-30', @CompanyId=2;
19/06/2023 16:09:57	SQL :EXEC GetRunningDaysDetail 'BS220080006',@FromDate='2023-06-01',@ToDate='2023-06-30', @CompanyId=2;
19/06/2023 16:09:57	SQL :EXEC GetRunningDaysDetail 'BS220080010',@FromDate='2023-06-01',@ToDate='2023-06-30', @CompanyId=2;
19/06/2023 16:09:57	SQL :EXEC GetRunningDaysDetail 'BS221070068',@FromDate='2023-06-01',@ToDate='2023-06-30', @CompanyId=2;
19/06/2023 16:09:58	SQL :EXEC GetRunningDaysDetail 'BS221070062',@FromDate='2023-06-01',@ToDate='2023-06-30', @CompanyId=2;
19/06/2023 16:09:58	SQL :EXEC GetRunningDaysDetail 'BS221070069',@FromDate='2023-06-01',@ToDate='2023-06-30', @CompanyId=2;
19/06/2023 16:09:58	SQL :EXEC GetRunningDaysDetail 'BS221070066',@FromDate='2023-06-01',@ToDate='2023-06-30', @CompanyId=2;
19/06/2023 16:09:58	SQL :EXEC GetRunningDaysDetail 'BS221070067',@FromDate='2023-06-01',@ToDate='2023-06-30', @CompanyId=2;
19/06/2023 16:09:58	Open DB Connection
19/06/2023 16:09:58	SQL :select id from wh_dashboard_persentase_day where company_id=2 and vhc_batch_id=6 and seat=29 and date='2023/6/1'
19/06/2023 16:09:58	SQL :UPDATE wh_dashboard_persentase_day SET date='2023/6/1',company_id=2,vhc_batch_id=6,seat=29,tot_perbaikan=4,created_date=GETDATE() WHERE company_id=2 and vhc_batch_id=6 and seat=29 and date='2023/6/1'
19/06/2023 16:09:58	Open DB Connection
19/06/2023 16:09:58	SQL :select id from wh_dashboard_persentase_day where company_id=2 and vhc_batch_id=6 and seat=29 and date='2023/6/2'
19/06/2023 16:09:58	SQL :UPDATE wh_dashboard_persentase_day SET date='2023/6/2',company_id=2,vhc_batch_id=6,seat=29,tot_perbaikan=4,created_date=GETDATE() WHERE company_id=2 and vhc_batch_id=6 and seat=29 and date='2023/6/2'
19/06/2023 16:09:58	Open DB Connection
19/06/2023 16:09:58	SQL :select id from wh_dashboard_persentase_day where company_id=2 and vhc_batch_id=6 and seat=29 and date='2023/6/3'
19/06/2023 16:09:58	SQL :UPDATE wh_dashboard_persentase_day SET date='2023/6/3',company_id=2,vhc_batch_id=6,seat=29,tot_perbaikan=1,created_date=GETDATE() WHERE company_id=2 and vhc_batch_id=6 and seat=29 and date='2023/6/3'
19/06/2023 16:09:58	Open DB Connection
19/06/2023 16:09:58	SQL :select id from wh_dashboard_persentase_day where company_id=2 and vhc_batch_id=6 and seat=29 and date='2023/6/4'
19/06/2023 16:09:58	SQL :UPDATE wh_dashboard_persentase_day SET date='2023/6/4',company_id=2,vhc_batch_id=6,seat=29,tot_perbaikan=3,created_date=GETDATE() WHERE company_id=2 and vhc_batch_id=6 and seat=29 and date='2023/6/4'
19/06/2023 16:09:58	Open DB Connection
19/06/2023 16:09:58	SQL :select id from wh_dashboard_persentase_day where company_id=2 and vhc_batch_id=6 and seat=29 and date='2023/6/5'
19/06/2023 16:09:59	SQL :UPDATE wh_dashboard_persentase_day SET date='2023/6/5',company_id=2,vhc_batch_id=6,seat=29,tot_perbaikan=2,created_date=GETDATE() WHERE company_id=2 and vhc_batch_id=6 and seat=29 and date='2023/6/5'
19/06/2023 16:09:59	Open DB Connection
19/06/2023 16:09:59	SQL :select id from wh_dashboard_persentase_day where company_id=2 and vhc_batch_id=6 and seat=29 and date='2023/6/6'
19/06/2023 16:09:59	SQL :UPDATE wh_dashboard_persentase_day SET date='2023/6/6',company_id=2,vhc_batch_id=6,seat=29,tot_perbaikan=1,created_date=GETDATE() WHERE company_id=2 and vhc_batch_id=6 and seat=29 and date='2023/6/6'
19/06/2023 16:09:59	Open DB Connection
19/06/2023 16:09:59	SQL :select id from wh_dashboard_persentase_day where company_id=2 and vhc_batch_id=6 and seat=29 and date='2023/6/7'
19/06/2023 16:09:59	SQL :UPDATE wh_dashboard_persentase_day SET date='2023/6/7',company_id=2,vhc_batch_id=6,seat=29,tot_perbaikan=1,created_date=GETDATE() WHERE company_id=2 and vhc_batch_id=6 and seat=29 and date='2023/6/7'
19/06/2023 16:09:59	Open DB Connection
19/06/2023 16:09:59	SQL :select id from wh_dashboard_persentase_day where company_id=2 and vhc_batch_id=6 and seat=29 and date='2023/6/8'
19/06/2023 16:09:59	SQL :UPDATE wh_dashboard_persentase_day SET date='2023/6/8',company_id=2,vhc_batch_id=6,seat=29,tot_perbaikan=2,created_date=GETDATE() WHERE company_id=2 and vhc_batch_id=6 and seat=29 and date='2023/6/8'
19/06/2023 16:09:59	Open DB Connection
19/06/2023 16:09:59	SQL :select id from wh_dashboard_persentase_day where company_id=2 and vhc_batch_id=6 and seat=29 and date='2023/6/9'
19/06/2023 16:09:59	SQL :UPDATE wh_dashboard_persentase_day SET date='2023/6/9',company_id=2,vhc_batch_id=6,seat=29,tot_perbaikan=1,created_date=GETDATE() WHERE company_id=2 and vhc_batch_id=6 and seat=29 and date='2023/6/9'
19/06/2023 16:09:59	Open DB Connection
19/06/2023 16:09:59	SQL :select id from wh_dashboard_persentase_day where company_id=2 and vhc_batch_id=6 and seat=29 and date='2023/6/10'
19/06/2023 16:09:59	SQL :UPDATE wh_dashboard_persentase_day SET date='2023/6/10',company_id=2,vhc_batch_id=6,seat=29,tot_perbaikan=3,created_date=GETDATE() WHERE company_id=2 and vhc_batch_id=6 and seat=29 and date='2023/6/10'
19/06/2023 16:09:59	Open DB Connection
19/06/2023 16:09:59	SQL :select id from wh_dashboard_persentase_day where company_id=2 and vhc_batch_id=6 and seat=29 and date='2023/6/11'
19/06/2023 16:09:59	SQL :UPDATE wh_dashboard_persentase_day SET date='2023/6/11',company_id=2,vhc_batch_id=6,seat=29,tot_perbaikan=2,created_date=GETDATE() WHERE company_id=2 and vhc_batch_id=6 and seat=29 and date='2023/6/11'
19/06/2023 16:09:59	Open DB Connection
19/06/2023 16:09:59	SQL :select id from wh_dashboard_persentase_day where company_id=2 and vhc_batch_id=6 and seat=29 and date='2023/6/12'
19/06/2023 16:09:59	SQL :UPDATE wh_dashboard_persentase_day SET date='2023/6/12',company_id=2,vhc_batch_id=6,seat=29,tot_perbaikan=0,created_date=GETDATE() WHERE company_id=2 and vhc_batch_id=6 and seat=29 and date='2023/6/12'
19/06/2023 16:09:59	Open DB Connection
19/06/2023 16:09:59	SQL :select id from wh_dashboard_persentase_day where company_id=2 and vhc_batch_id=6 and seat=29 and date='2023/6/13'
19/06/2023 16:09:59	SQL :UPDATE wh_dashboard_persentase_day SET date='2023/6/13',company_id=2,vhc_batch_id=6,seat=29,tot_perbaikan=1,created_date=GETDATE() WHERE company_id=2 and vhc_batch_id=6 and seat=29 and date='2023/6/13'
19/06/2023 16:09:59	Open DB Connection
19/06/2023 16:09:59	SQL :select id from wh_dashboard_persentase_day where company_id=2 and vhc_batch_id=6 and seat=29 and date='2023/6/14'
19/06/2023 16:09:59	SQL :UPDATE wh_dashboard_persentase_day SET date='2023/6/14',company_id=2,vhc_batch_id=6,seat=29,tot_perbaikan=1,created_date=GETDATE() WHERE company_id=2 and vhc_batch_id=6 and seat=29 and date='2023/6/14'
19/06/2023 16:09:59	Open DB Connection
19/06/2023 16:09:59	SQL :select id from wh_dashboard_persentase_day where company_id=2 and vhc_batch_id=6 and seat=29 and date='2023/6/15'
19/06/2023 16:10:00	SQL :UPDATE wh_dashboard_persentase_day SET date='2023/6/15',company_id=2,vhc_batch_id=6,seat=29,tot_perbaikan=0,created_date=GETDATE() WHERE company_id=2 and vhc_batch_id=6 and seat=29 and date='2023/6/15'
19/06/2023 16:10:00	Open DB Connection
19/06/2023 16:10:00	SQL :select id from wh_dashboard_persentase_day where company_id=2 and vhc_batch_id=6 and seat=29 and date='2023/6/16'
19/06/2023 16:10:00	SQL :UPDATE wh_dashboard_persentase_day SET date='2023/6/16',company_id=2,vhc_batch_id=6,seat=29,tot_perbaikan=1,created_date=GETDATE() WHERE company_id=2 and vhc_batch_id=6 and seat=29 and date='2023/6/16'
19/06/2023 16:10:00	Open DB Connection
19/06/2023 16:10:00	SQL :select id from wh_dashboard_persentase_day where company_id=2 and vhc_batch_id=6 and seat=29 and date='2023/6/17'
19/06/2023 16:10:00	SQL :UPDATE wh_dashboard_persentase_day SET date='2023/6/17',company_id=2,vhc_batch_id=6,seat=29,tot_perbaikan=0,created_date=GETDATE() WHERE company_id=2 and vhc_batch_id=6 and seat=29 and date='2023/6/17'
19/06/2023 16:10:00	Open DB Connection
19/06/2023 16:10:00	SQL :select id from wh_dashboard_persentase_day where company_id=2 and vhc_batch_id=6 and seat=29 and date='2023/6/18'
19/06/2023 16:10:00	SQL :UPDATE wh_dashboard_persentase_day SET date='2023/6/18',company_id=2,vhc_batch_id=6,seat=29,tot_perbaikan=0,created_date=GETDATE() WHERE company_id=2 and vhc_batch_id=6 and seat=29 and date='2023/6/18'
19/06/2023 16:10:00	Open DB Connection
19/06/2023 16:10:00	SQL :select id from wh_dashboard_persentase_day where company_id=2 and vhc_batch_id=6 and seat=29 and date='2023/6/19'
19/06/2023 16:10:00	SQL :UPDATE wh_dashboard_persentase_day SET date='2023/6/19',company_id=2,vhc_batch_id=6,seat=29,tot_perbaikan=1,created_date=GETDATE() WHERE company_id=2 and vhc_batch_id=6 and seat=29 and date='2023/6/19'
19/06/2023 16:10:00	Open DB Connection
19/06/2023 16:10:00	SQL :select id from wh_dashboard_persentase_day where company_id=2 and vhc_batch_id=6 and seat=29 and date='2023/6/20'
19/06/2023 16:10:01	SQL :UPDATE wh_dashboard_persentase_day SET date='2023/6/20',company_id=2,vhc_batch_id=6,seat=29,tot_perbaikan=0,created_date=GETDATE() WHERE company_id=2 and vhc_batch_id=6 and seat=29 and date='2023/6/20'
19/06/2023 16:10:01	Open DB Connection
19/06/2023 16:10:01	SQL :select id from wh_dashboard_persentase_day where company_id=2 and vhc_batch_id=6 and seat=29 and date='2023/6/21'
19/06/2023 16:10:01	SQL :UPDATE wh_dashboard_persentase_day SET date='2023/6/21',company_id=2,vhc_batch_id=6,seat=29,tot_perbaikan=2,created_date=GETDATE() WHERE company_id=2 and vhc_batch_id=6 and seat=29 and date='2023/6/21'
19/06/2023 16:10:01	Open DB Connection
19/06/2023 16:10:01	SQL :select id from wh_dashboard_persentase_day where company_id=2 and vhc_batch_id=6 and seat=29 and date='2023/6/22'
19/06/2023 16:10:01	SQL :UPDATE wh_dashboard_persentase_day SET date='2023/6/22',company_id=2,vhc_batch_id=6,seat=29,tot_perbaikan=2,created_date=GETDATE() WHERE company_id=2 and vhc_batch_id=6 and seat=29 and date='2023/6/22'
19/06/2023 16:10:01	Open DB Connection
19/06/2023 16:10:01	SQL :select id from wh_dashboard_persentase_day where company_id=2 and vhc_batch_id=6 and seat=29 and date='2023/6/23'
19/06/2023 16:10:01	SQL :UPDATE wh_dashboard_persentase_day SET date='2023/6/23',company_id=2,vhc_batch_id=6,seat=29,tot_perbaikan=2,created_date=GETDATE() WHERE company_id=2 and vhc_batch_id=6 and seat=29 and date='2023/6/23'
19/06/2023 16:10:01	Open DB Connection
19/06/2023 16:10:01	SQL :select id from wh_dashboard_persentase_day where company_id=2 and vhc_batch_id=6 and seat=29 and date='2023/6/24'
19/06/2023 16:10:01	SQL :UPDATE wh_dashboard_persentase_day SET date='2023/6/24',company_id=2,vhc_batch_id=6,seat=29,tot_perbaikan=3,created_date=GETDATE() WHERE company_id=2 and vhc_batch_id=6 and seat=29 and date='2023/6/24'
19/06/2023 16:10:01	Open DB Connection
19/06/2023 16:10:01	SQL :select id from wh_dashboard_persentase_day where company_id=2 and vhc_batch_id=6 and seat=29 and date='2023/6/25'
19/06/2023 16:10:01	SQL :UPDATE wh_dashboard_persentase_day SET date='2023/6/25',company_id=2,vhc_batch_id=6,seat=29,tot_perbaikan=3,created_date=GETDATE() WHERE company_id=2 and vhc_batch_id=6 and seat=29 and date='2023/6/25'
19/06/2023 16:10:01	Open DB Connection
19/06/2023 16:10:01	SQL :select id from wh_dashboard_persentase_day where company_id=2 and vhc_batch_id=6 and seat=29 and date='2023/6/26'
19/06/2023 16:10:01	SQL :UPDATE wh_dashboard_persentase_day SET date='2023/6/26',company_id=2,vhc_batch_id=6,seat=29,tot_perbaikan=2,created_date=GETDATE() WHERE company_id=2 and vhc_batch_id=6 and seat=29 and date='2023/6/26'
19/06/2023 16:10:01	Open DB Connection
19/06/2023 16:10:01	SQL :select id from wh_dashboard_persentase_day where company_id=2 and vhc_batch_id=6 and seat=29 and date='2023/6/27'
19/06/2023 16:10:01	SQL :UPDATE wh_dashboard_persentase_day SET date='2023/6/27',company_id=2,vhc_batch_id=6,seat=29,tot_perbaikan=2,created_date=GETDATE() WHERE company_id=2 and vhc_batch_id=6 and seat=29 and date='2023/6/27'
19/06/2023 16:10:01	Open DB Connection
19/06/2023 16:10:01	SQL :select id from wh_dashboard_persentase_day where company_id=2 and vhc_batch_id=6 and seat=29 and date='2023/6/28'
19/06/2023 16:10:01	SQL :UPDATE wh_dashboard_persentase_day SET date='2023/6/28',company_id=2,vhc_batch_id=6,seat=29,tot_perbaikan=2,created_date=GETDATE() WHERE company_id=2 and vhc_batch_id=6 and seat=29 and date='2023/6/28'
19/06/2023 16:10:01	Open DB Connection
19/06/2023 16:10:01	SQL :select id from wh_dashboard_persentase_day where company_id=2 and vhc_batch_id=6 and seat=29 and date='2023/6/29'
19/06/2023 16:10:02	SQL :UPDATE wh_dashboard_persentase_day SET date='2023/6/29',company_id=2,vhc_batch_id=6,seat=29,tot_perbaikan=2,created_date=GETDATE() WHERE company_id=2 and vhc_batch_id=6 and seat=29 and date='2023/6/29'
19/06/2023 16:10:02	Open DB Connection
19/06/2023 16:10:02	SQL :select id from wh_dashboard_persentase_day where company_id=2 and vhc_batch_id=6 and seat=29 and date='2023/6/30'
19/06/2023 16:10:02	SQL :UPDATE wh_dashboard_persentase_day SET date='2023/6/30',company_id=2,vhc_batch_id=6,seat=29,tot_perbaikan=2,created_date=GETDATE() WHERE company_id=2 and vhc_batch_id=6 and seat=29 and date='2023/6/30'
19/06/2023 16:10:02	Open DB Connection
19/06/2023 16:10:02	SQL :select id from wh_dashboard_persentase_day where company_id=2 and vhc_batch_id=6 and seat=29 and date='2023/6/1'
19/06/2023 16:10:02	SQL :UPDATE wh_dashboard_persentase_day SET date='2023/6/1',company_id=2,vhc_batch_id=6,seat=29,persentase_jalan=100,created_date=GETDATE() WHERE company_id=2 and vhc_batch_id=6 and seat=29 and date='2023/6/1'
19/06/2023 16:10:02	Open DB Connection
19/06/2023 16:10:02	SQL :select id from wh_dashboard_persentase_day where company_id=2 and vhc_batch_id=6 and seat=29 and date='2023/6/2'
19/06/2023 16:10:02	SQL :UPDATE wh_dashboard_persentase_day SET date='2023/6/2',company_id=2,vhc_batch_id=6,seat=29,persentase_jalan=91,created_date=GETDATE() WHERE company_id=2 and vhc_batch_id=6 and seat=29 and date='2023/6/2'
19/06/2023 16:10:02	Open DB Connection
19/06/2023 16:10:02	SQL :select id from wh_dashboard_persentase_day where company_id=2 and vhc_batch_id=6 and seat=29 and date='2023/6/3'
19/06/2023 16:10:02	SQL :UPDATE wh_dashboard_persentase_day SET date='2023/6/3',company_id=2,vhc_batch_id=6,seat=29,persentase_jalan=100,created_date=GETDATE() WHERE company_id=2 and vhc_batch_id=6 and seat=29 and date='2023/6/3'
19/06/2023 16:10:02	Open DB Connection
19/06/2023 16:10:02	SQL :select id from wh_dashboard_persentase_day where company_id=2 and vhc_batch_id=6 and seat=29 and date='2023/6/4'
19/06/2023 16:10:02	SQL :UPDATE wh_dashboard_persentase_day SET date='2023/6/4',company_id=2,vhc_batch_id=6,seat=29,persentase_jalan=100,created_date=GETDATE() WHERE company_id=2 and vhc_batch_id=6 and seat=29 and date='2023/6/4'
19/06/2023 16:10:02	Open DB Connection
19/06/2023 16:10:02	SQL :select id from wh_dashboard_persentase_day where company_id=2 and vhc_batch_id=6 and seat=29 and date='2023/6/5'
19/06/2023 16:10:02	SQL :UPDATE wh_dashboard_persentase_day SET date='2023/6/5',company_id=2,vhc_batch_id=6,seat=29,persentase_jalan=92,created_date=GETDATE() WHERE company_id=2 and vhc_batch_id=6 and seat=29 and date='2023/6/5'
19/06/2023 16:10:02	Open DB Connection
19/06/2023 16:10:02	SQL :select id from wh_dashboard_persentase_day where company_id=2 and vhc_batch_id=6 and seat=29 and date='2023/6/6'
19/06/2023 16:10:02	SQL :UPDATE wh_dashboard_persentase_day SET date='2023/6/6',company_id=2,vhc_batch_id=6,seat=29,persentase_jalan=100,created_date=GETDATE() WHERE company_id=2 and vhc_batch_id=6 and seat=29 and date='2023/6/6'
19/06/2023 16:10:02	Open DB Connection
19/06/2023 16:10:02	SQL :select id from wh_dashboard_persentase_day where company_id=2 and vhc_batch_id=6 and seat=29 and date='2023/6/7'
19/06/2023 16:10:02	SQL :UPDATE wh_dashboard_persentase_day SET date='2023/6/7',company_id=2,vhc_batch_id=6,seat=29,persentase_jalan=100,created_date=GETDATE() WHERE company_id=2 and vhc_batch_id=6 and seat=29 and date='2023/6/7'
19/06/2023 16:10:02	Open DB Connection
19/06/2023 16:10:02	SQL :select id from wh_dashboard_persentase_day where company_id=2 and vhc_batch_id=6 and seat=29 and date='2023/6/8'
19/06/2023 16:10:02	SQL :UPDATE wh_dashboard_persentase_day SET date='2023/6/8',company_id=2,vhc_batch_id=6,seat=29,persentase_jalan=100,created_date=GETDATE() WHERE company_id=2 and vhc_batch_id=6 and seat=29 and date='2023/6/8'
19/06/2023 16:10:02	Open DB Connection
19/06/2023 16:10:02	SQL :select id from wh_dashboard_persentase_day where company_id=2 and vhc_batch_id=6 and seat=29 and date='2023/6/9'
19/06/2023 16:10:03	SQL :UPDATE wh_dashboard_persentase_day SET date='2023/6/9',company_id=2,vhc_batch_id=6,seat=29,persentase_jalan=100,created_date=GETDATE() WHERE company_id=2 and vhc_batch_id=6 and seat=29 and date='2023/6/9'
19/06/2023 16:10:03	Open DB Connection
19/06/2023 16:10:03	SQL :select id from wh_dashboard_persentase_day where company_id=2 and vhc_batch_id=6 and seat=29 and date='2023/6/10'
19/06/2023 16:10:03	SQL :UPDATE wh_dashboard_persentase_day SET date='2023/6/10',company_id=2,vhc_batch_id=6,seat=29,persentase_jalan=100,created_date=GETDATE() WHERE company_id=2 and vhc_batch_id=6 and seat=29 and date='2023/6/10'
19/06/2023 16:10:03	Open DB Connection
19/06/2023 16:10:03	SQL :select id from wh_dashboard_persentase_day where company_id=2 and vhc_batch_id=6 and seat=29 and date='2023/6/11'
19/06/2023 16:10:03	SQL :UPDATE wh_dashboard_persentase_day SET date='2023/6/11',company_id=2,vhc_batch_id=6,seat=29,persentase_jalan=100,created_date=GETDATE() WHERE company_id=2 and vhc_batch_id=6 and seat=29 and date='2023/6/11'
19/06/2023 16:10:03	Open DB Connection
19/06/2023 16:10:03	SQL :select id from wh_dashboard_persentase_day where company_id=2 and vhc_batch_id=6 and seat=29 and date='2023/6/12'
19/06/2023 16:10:03	SQL :UPDATE wh_dashboard_persentase_day SET date='2023/6/12',company_id=2,vhc_batch_id=6,seat=29,persentase_jalan=100,created_date=GETDATE() WHERE company_id=2 and vhc_batch_id=6 and seat=29 and date='2023/6/12'
19/06/2023 16:10:03	Open DB Connection
19/06/2023 16:10:03	SQL :select id from wh_dashboard_persentase_day where company_id=2 and vhc_batch_id=6 and seat=29 and date='2023/6/13'
19/06/2023 16:10:03	SQL :UPDATE wh_dashboard_persentase_day SET date='2023/6/13',company_id=2,vhc_batch_id=6,seat=29,persentase_jalan=100,created_date=GETDATE() WHERE company_id=2 and vhc_batch_id=6 and seat=29 and date='2023/6/13'
19/06/2023 16:10:03	Open DB Connection
19/06/2023 16:10:03	SQL :select id from wh_dashboard_persentase_day where company_id=2 and vhc_batch_id=6 and seat=29 and date='2023/6/14'
19/06/2023 16:10:03	SQL :UPDATE wh_dashboard_persentase_day SET date='2023/6/14',company_id=2,vhc_batch_id=6,seat=29,persentase_jalan=100,created_date=GETDATE() WHERE company_id=2 and vhc_batch_id=6 and seat=29 and date='2023/6/14'
19/06/2023 16:10:03	Open DB Connection
19/06/2023 16:10:03	SQL :select id from wh_dashboard_persentase_day where company_id=2 and vhc_batch_id=6 and seat=29 and date='2023/6/15'
19/06/2023 16:10:03	SQL :UPDATE wh_dashboard_persentase_day SET date='2023/6/15',company_id=2,vhc_batch_id=6,seat=29,persentase_jalan=100,created_date=GETDATE() WHERE company_id=2 and vhc_batch_id=6 and seat=29 and date='2023/6/15'
19/06/2023 16:10:03	Open DB Connection
19/06/2023 16:10:03	SQL :select id from wh_dashboard_persentase_day where company_id=2 and vhc_batch_id=6 and seat=29 and date='2023/6/16'
19/06/2023 16:10:03	SQL :UPDATE wh_dashboard_persentase_day SET date='2023/6/16',company_id=2,vhc_batch_id=6,seat=29,persentase_jalan=100,created_date=GETDATE() WHERE company_id=2 and vhc_batch_id=6 and seat=29 and date='2023/6/16'
19/06/2023 16:10:03	Open DB Connection
19/06/2023 16:10:03	SQL :select id from wh_dashboard_persentase_day where company_id=2 and vhc_batch_id=6 and seat=29 and date='2023/6/17'
19/06/2023 16:10:03	SQL :UPDATE wh_dashboard_persentase_day SET date='2023/6/17',company_id=2,vhc_batch_id=6,seat=29,persentase_jalan=100,created_date=GETDATE() WHERE company_id=2 and vhc_batch_id=6 and seat=29 and date='2023/6/17'
19/06/2023 16:10:03	Open DB Connection
19/06/2023 16:10:03	SQL :select id from wh_dashboard_persentase_day where company_id=2 and vhc_batch_id=6 and seat=29 and date='2023/6/18'
19/06/2023 16:10:03	SQL :UPDATE wh_dashboard_persentase_day SET date='2023/6/18',company_id=2,vhc_batch_id=6,seat=29,persentase_jalan=73,created_date=GETDATE() WHERE company_id=2 and vhc_batch_id=6 and seat=29 and date='2023/6/18'
19/06/2023 16:10:04	Open DB Connection
19/06/2023 16:10:04	SQL :select id from wh_dashboard_persentase_day where company_id=2 and vhc_batch_id=6 and seat=29 and date='2023/6/19'
19/06/2023 16:10:04	SQL :UPDATE wh_dashboard_persentase_day SET date='2023/6/19',company_id=2,vhc_batch_id=6,seat=29,persentase_jalan=86,created_date=GETDATE() WHERE company_id=2 and vhc_batch_id=6 and seat=29 and date='2023/6/19'
19/06/2023 16:10:04	Open DB Connection
19/06/2023 16:10:04	SQL :select id from wh_dashboard_persentase_day where company_id=2 and vhc_batch_id=6 and seat=29 and date='2023/6/20'
19/06/2023 16:10:04	SQL :UPDATE wh_dashboard_persentase_day SET date='2023/6/20',company_id=2,vhc_batch_id=6,seat=29,persentase_jalan=100,created_date=GETDATE() WHERE company_id=2 and vhc_batch_id=6 and seat=29 and date='2023/6/20'
19/06/2023 16:10:04	Open DB Connection
19/06/2023 16:10:04	SQL :select id from wh_dashboard_persentase_day where company_id=2 and vhc_batch_id=6 and seat=29 and date='2023/6/21'
19/06/2023 16:10:04	SQL :UPDATE wh_dashboard_persentase_day SET date='2023/6/21',company_id=2,vhc_batch_id=6,seat=29,persentase_jalan=85,created_date=GETDATE() WHERE company_id=2 and vhc_batch_id=6 and seat=29 and date='2023/6/21'
19/06/2023 16:10:04	Open DB Connection
19/06/2023 16:10:04	SQL :select id from wh_dashboard_persentase_day where company_id=2 and vhc_batch_id=6 and seat=29 and date='2023/6/22'
19/06/2023 16:10:04	SQL :UPDATE wh_dashboard_persentase_day SET date='2023/6/22',company_id=2,vhc_batch_id=6,seat=29,persentase_jalan=92,created_date=GETDATE() WHERE company_id=2 and vhc_batch_id=6 and seat=29 and date='2023/6/22'
19/06/2023 16:10:04	Open DB Connection
19/06/2023 16:10:04	SQL :select id from wh_dashboard_persentase_day where company_id=2 and vhc_batch_id=6 and seat=29 and date='2023/6/23'
19/06/2023 16:10:04	SQL :UPDATE wh_dashboard_persentase_day SET date='2023/6/23',company_id=2,vhc_batch_id=6,seat=29,persentase_jalan=69,created_date=GETDATE() WHERE company_id=2 and vhc_batch_id=6 and seat=29 and date='2023/6/23'
19/06/2023 16:10:04	Open DB Connection
19/06/2023 16:10:04	SQL :select id from wh_dashboard_persentase_day where company_id=2 and vhc_batch_id=6 and seat=29 and date='2023/6/24'
19/06/2023 16:10:04	SQL :UPDATE wh_dashboard_persentase_day SET date='2023/6/24',company_id=2,vhc_batch_id=6,seat=29,persentase_jalan=92,created_date=GETDATE() WHERE company_id=2 and vhc_batch_id=6 and seat=29 and date='2023/6/24'
19/06/2023 16:10:04	Open DB Connection
19/06/2023 16:10:04	SQL :select id from wh_dashboard_persentase_day where company_id=2 and vhc_batch_id=6 and seat=29 and date='2023/6/25'
19/06/2023 16:10:04	SQL :UPDATE wh_dashboard_persentase_day SET date='2023/6/25',company_id=2,vhc_batch_id=6,seat=29,persentase_jalan=75,created_date=GETDATE() WHERE company_id=2 and vhc_batch_id=6 and seat=29 and date='2023/6/25'
19/06/2023 16:10:04	Open DB Connection
19/06/2023 16:10:04	SQL :select id from wh_dashboard_persentase_day where company_id=2 and vhc_batch_id=6 and seat=29 and date='2023/6/26'
19/06/2023 16:10:04	SQL :UPDATE wh_dashboard_persentase_day SET date='2023/6/26',company_id=2,vhc_batch_id=6,seat=29,persentase_jalan=69,created_date=GETDATE() WHERE company_id=2 and vhc_batch_id=6 and seat=29 and date='2023/6/26'
19/06/2023 16:10:04	Open DB Connection
19/06/2023 16:10:04	SQL :select id from wh_dashboard_persentase_day where company_id=2 and vhc_batch_id=6 and seat=29 and date='2023/6/27'
19/06/2023 16:10:04	SQL :UPDATE wh_dashboard_persentase_day SET date='2023/6/27',company_id=2,vhc_batch_id=6,seat=29,persentase_jalan=69,created_date=GETDATE() WHERE company_id=2 and vhc_batch_id=6 and seat=29 and date='2023/6/27'
19/06/2023 16:10:04	Open DB Connection
19/06/2023 16:10:04	SQL :select id from wh_dashboard_persentase_day where company_id=2 and vhc_batch_id=6 and seat=29 and date='2023/6/28'
19/06/2023 16:10:04	SQL :UPDATE wh_dashboard_persentase_day SET date='2023/6/28',company_id=2,vhc_batch_id=6,seat=29,persentase_jalan=85,created_date=GETDATE() WHERE company_id=2 and vhc_batch_id=6 and seat=29 and date='2023/6/28'
19/06/2023 16:10:04	Open DB Connection
19/06/2023 16:10:04	SQL :select id from wh_dashboard_persentase_day where company_id=2 and vhc_batch_id=6 and seat=29 and date='2023/6/29'
19/06/2023 16:10:04	SQL :UPDATE wh_dashboard_persentase_day SET date='2023/6/29',company_id=2,vhc_batch_id=6,seat=29,persentase_jalan=85,created_date=GETDATE() WHERE company_id=2 and vhc_batch_id=6 and seat=29 and date='2023/6/29'
19/06/2023 16:10:04	Open DB Connection
19/06/2023 16:10:04	SQL :select id from wh_dashboard_persentase_day where company_id=2 and vhc_batch_id=6 and seat=29 and date='2023/6/30'
19/06/2023 16:10:05	SQL :UPDATE wh_dashboard_persentase_day SET date='2023/6/30',company_id=2,vhc_batch_id=6,seat=29,persentase_jalan=92,created_date=GETDATE() WHERE company_id=2 and vhc_batch_id=6 and seat=29 and date='2023/6/30'
19/06/2023 16:10:29	Form Check :ChatClient
19/06/2023 16:10:30	Form Check :AuthorizedForm
19/06/2023 16:10:30	Form Check :RePrintForm
19/06/2023 16:10:30	Form Check :EmployeeSearch
19/06/2023 16:10:30	Form Check :TimeInputForm
19/06/2023 16:10:30	Log Out
19/06/2023 16:10:33	Start Return Local Settings
19/06/2023 16:10:34	Change short date format
19/06/2023 16:10:34	Change Long date format
19/06/2023 16:10:34	Finish Return Local Settings
19/06/2023 16:10:34	Delete cursor File
19/06/2023 16:10:34	Destroying Object
19/06/2023 16:10:34	Closing Apps
19/06/2023 16:49:44	Get Local Settings
19/06/2023 16:49:44	Start Change Local Settings
19/06/2023 16:49:44	Change short date format
19/06/2023 16:49:44	Change Long date format
19/06/2023 16:49:44	Finish Change Local Settings
19/06/2023 16:49:44	Registry Read: Path=SOFTWARE\WEHA\Aplikasi\3
19/06/2023 16:49:44	Registry Read/Write
19/06/2023 16:49:44	Registry Read: Path=SOFTWARE\WEHA\Aplikasi\3
19/06/2023 16:49:44	Registry Read:Fail
19/06/2023 16:49:44	Setting DB Param
19/06/2023 16:49:44	Create DB Object
19/06/2023 16:49:44	Init DB
19/06/2023 16:49:47	Error Create DB Connection
19/06/2023 16:49:49	Change Db Connection to :Provider=MSDASQL.1
19/06/2023 16:49:49	Finish Create DB Connection
19/06/2023 16:49:49	Get File Version
19/06/2023 16:49:49	Change  Caption
19/06/2023 16:49:49	Init Shortkey
19/06/2023 16:49:51	Form Check :Setting
19/06/2023 16:49:51	Form Open: Setting
19/06/2023 16:50:09	Create DB Object
19/06/2023 16:50:09	Init DB
19/06/2023 16:50:09	Finish Init DB
19/06/2023 16:50:09	Port Check
19/06/2023 16:50:09	Connection Check
19/06/2023 16:50:09	Check Success
19/06/2023 16:50:11	Registry Write: 192.168.10.247,wh_prod,sa,SQLNCLI10
19/06/2023 16:50:11	Registry Read: Path=SOFTWARE\WEHA\Aplikasi\3
19/06/2023 16:50:11	Registry Read:Fail
19/06/2023 16:52:00	Create DB Object
19/06/2023 16:52:00	Init DB
19/06/2023 16:52:00	Finish Init DB
19/06/2023 16:52:09	Update new version check
19/06/2023 16:52:09	Open DB Connection
19/06/2023 16:52:09	SQL :
19/06/2023 16:52:09	Update check version
19/06/2023 16:52:09	Open DB Connection
19/06/2023 16:52:09	SQL :SELECT version FROM wh_application WHERE application_id=(SELECT MAX(application_id) FROM wh_application);
19/06/2023 16:52:09	Start Login
19/06/2023 16:52:09	Open DB Connection
19/06/2023 16:52:09	SQL :EXEC AuthenticateUser 'nanang.andriani','3b5929d0c23006c99522f38746d85dd4';
19/06/2023 16:52:09	SQL :INSERT INTO wh_log (user_id,app_date,app_version,app_version_svr,location_id,company_id,department_id,host_name,ip_address)  VALUES ('nanang.andriani','19/06/2023','6.1.5.23','6.1.5.23',6,2,13,'DESKTOP-88BM05S','192.168.25.214');
19/06/2023 16:52:09	Open DB Connection
19/06/2023 16:52:09	SQL :EXEC GetUserMenu 'nanang.andriani';
19/06/2023 16:52:09	SQL :EXEC GetUserSubMenu 'nanang.andriani','11';
19/06/2023 16:52:09	SQL :EXEC GetUserTreeMenu 'nanang.andriani','1101',@CompanyId=2;
19/06/2023 16:52:10	SQL :EXEC GetUserTreeMenu 'nanang.andriani','1102',@CompanyId=2;
19/06/2023 16:52:10	SQL :EXEC GetUserTreeMenu 'nanang.andriani','1103',@CompanyId=2;
19/06/2023 16:52:10	SQL :EXEC GetUserTreeMenu 'nanang.andriani','1104',@CompanyId=2;
19/06/2023 16:52:10	SQL :EXEC GetUserTreeMenu 'nanang.andriani','1105',@CompanyId=2;
19/06/2023 16:52:10	SQL :EXEC GetUserTreeMenu 'nanang.andriani','1106',@CompanyId=2;
19/06/2023 16:52:10	SQL :EXEC GetUserTreeMenu 'nanang.andriani','1107',@CompanyId=2;
19/06/2023 16:52:10	SQL :EXEC GetUserTreeMenu 'nanang.andriani','1108',@CompanyId=2;
19/06/2023 16:52:10	SQL :EXEC GetUserTreeMenu 'nanang.andriani','1109',@CompanyId=2;
19/06/2023 16:52:10	SQL :EXEC GetUserTreeMenu 'nanang.andriani','1110',@CompanyId=2;
19/06/2023 16:52:10	SQL :EXEC GetUserTreeMenu 'nanang.andriani','1111',@CompanyId=2;
19/06/2023 16:52:10	SQL :EXEC GetUserTreeMenu 'nanang.andriani','1112',@CompanyId=2;
19/06/2023 16:52:10	SQL :EXEC GetUserTreeMenu 'nanang.andriani','1113',@CompanyId=2;
19/06/2023 16:52:10	SQL :EXEC GetUserTreeMenu 'nanang.andriani','1114',@CompanyId=2;
19/06/2023 16:52:10	SQL :EXEC GetUserTreeMenu 'nanang.andriani','1115',@CompanyId=2;
19/06/2023 16:52:10	SQL :EXEC GetUserTreeMenu 'nanang.andriani','1116',@CompanyId=2;
19/06/2023 16:52:10	SQL :EXEC GetUserTreeMenu 'nanang.andriani','1117',@CompanyId=2;
19/06/2023 16:52:10	SQL :EXEC GetUserTreeMenu 'nanang.andriani','1198',@CompanyId=2;
19/06/2023 16:52:10	SQL :EXEC GetUserTreeMenu 'nanang.andriani','1199',@CompanyId=2;
19/06/2023 16:52:10	SQL :EXEC GetUserSubMenu 'nanang.andriani','12';
19/06/2023 16:52:10	SQL :EXEC GetUserTreeMenu 'nanang.andriani','1201',@CompanyId=2;
19/06/2023 16:52:10	SQL :EXEC GetUserTreeMenu 'nanang.andriani','1202',@CompanyId=2;
19/06/2023 16:52:10	SQL :EXEC GetUserTreeMenu 'nanang.andriani','1203',@CompanyId=2;
19/06/2023 16:52:10	SQL :EXEC GetUserTreeMenu 'nanang.andriani','1204',@CompanyId=2;
19/06/2023 16:52:10	SQL :EXEC GetUserTreeMenu 'nanang.andriani','1205',@CompanyId=2;
19/06/2023 16:52:10	SQL :EXEC GetUserTreeMenu 'nanang.andriani','1206',@CompanyId=2;
19/06/2023 16:52:10	SQL :EXEC GetUserTreeMenu 'nanang.andriani','1207',@CompanyId=2;
19/06/2023 16:52:10	SQL :EXEC GetUserSubMenu 'nanang.andriani','13';
19/06/2023 16:52:10	SQL :EXEC GetUserTreeMenu 'nanang.andriani','1301',@CompanyId=2;
19/06/2023 16:52:11	SQL :EXEC GetUserTreeMenu 'nanang.andriani','1302',@CompanyId=2;
19/06/2023 16:52:11	SQL :EXEC GetUserTreeMenu 'nanang.andriani','1303',@CompanyId=2;
19/06/2023 16:52:11	SQL :EXEC GetUserTreeMenu 'nanang.andriani','1304',@CompanyId=2;
19/06/2023 16:52:11	SQL :EXEC GetUserTreeMenu 'nanang.andriani','1305',@CompanyId=2;
19/06/2023 16:52:11	SQL :EXEC GetUserTreeMenu 'nanang.andriani','1306',@CompanyId=2;
19/06/2023 16:52:11	SQL :EXEC GetUserTreeMenu 'nanang.andriani','1307',@CompanyId=2;
19/06/2023 16:52:11	SQL :EXEC GetUserTreeMenu 'nanang.andriani','1308',@CompanyId=2;
19/06/2023 16:52:11	SQL :EXEC GetUserTreeMenu 'nanang.andriani','1309',@CompanyId=2;
19/06/2023 16:52:11	SQL :EXEC GetUserTreeMenu 'nanang.andriani','1310',@CompanyId=2;
19/06/2023 16:52:11	SQL :EXEC GetUserTreeMenu 'nanang.andriani','1311',@CompanyId=2;
19/06/2023 16:52:11	SQL :EXEC GetUserTreeMenu 'nanang.andriani','1312',@CompanyId=2;
19/06/2023 16:52:11	SQL :EXEC GetUserTreeMenu 'nanang.andriani','1313',@CompanyId=2;
19/06/2023 16:52:11	SQL :EXEC GetUserTreeMenu 'nanang.andriani','1314',@CompanyId=2;
19/06/2023 16:52:11	SQL :EXEC GetUserTreeMenu 'nanang.andriani','1315',@CompanyId=2;
19/06/2023 16:52:11	SQL :EXEC GetUserTreeMenu 'nanang.andriani','1316',@CompanyId=2;
19/06/2023 16:52:11	SQL :EXEC GetUserTreeMenu 'nanang.andriani','1317',@CompanyId=2;
19/06/2023 16:52:11	SQL :EXEC GetUserTreeMenu 'nanang.andriani','1318',@CompanyId=2;
19/06/2023 16:52:11	SQL :EXEC GetUserTreeMenu 'nanang.andriani','1319',@CompanyId=2;
19/06/2023 16:52:11	SQL :EXEC GetUserTreeMenu 'nanang.andriani','1320',@CompanyId=2;
19/06/2023 16:52:11	SQL :EXEC GetUserTreeMenu 'nanang.andriani','1321',@CompanyId=2;
19/06/2023 16:52:11	SQL :EXEC GetUserTreeMenu 'nanang.andriani','1322',@CompanyId=2;
19/06/2023 16:52:11	SQL :EXEC GetUserSubMenu 'nanang.andriani','14';
19/06/2023 16:52:11	SQL :EXEC GetUserTreeMenu 'nanang.andriani','1401',@CompanyId=2;
19/06/2023 16:52:11	SQL :EXEC GetUserTreeMenu 'nanang.andriani','1402',@CompanyId=2;
19/06/2023 16:52:11	SQL :EXEC GetUserTreeMenu 'nanang.andriani','1403',@CompanyId=2;
19/06/2023 16:52:11	SQL :EXEC GetUserTreeMenu 'nanang.andriani','1404',@CompanyId=2;
19/06/2023 16:52:11	SQL :EXEC GetUserTreeMenu 'nanang.andriani','1406',@CompanyId=2;
19/06/2023 16:52:11	SQL :EXEC GetUserTreeMenu 'nanang.andriani','1408',@CompanyId=2;
19/06/2023 16:52:12	SQL :EXEC GetUserTreeMenu 'nanang.andriani','1410',@CompanyId=2;
19/06/2023 16:52:12	SQL :EXEC GetUserTreeMenu 'nanang.andriani','1411',@CompanyId=2;
19/06/2023 16:52:12	SQL :EXEC GetUserTreeMenu 'nanang.andriani','1412',@CompanyId=2;
19/06/2023 16:52:12	SQL :EXEC GetUserTreeMenu 'nanang.andriani','1413',@CompanyId=2;
19/06/2023 16:52:12	SQL :EXEC GetUserTreeMenu 'nanang.andriani','1414',@CompanyId=2;
19/06/2023 16:52:12	SQL :EXEC GetUserSubMenu 'nanang.andriani','15';
19/06/2023 16:52:12	SQL :EXEC GetUserTreeMenu 'nanang.andriani','1501',@CompanyId=2;
19/06/2023 16:52:12	SQL :EXEC GetUserTreeMenu 'nanang.andriani','1502',@CompanyId=2;
19/06/2023 16:52:12	SQL :EXEC GetUserTreeMenu 'nanang.andriani','1503',@CompanyId=2;
19/06/2023 16:52:12	SQL :EXEC GetUserTreeMenu 'nanang.andriani','1504',@CompanyId=2;
19/06/2023 16:52:12	SQL :EXEC GetUserTreeMenu 'nanang.andriani','1505',@CompanyId=2;
19/06/2023 16:52:12	SQL :EXEC GetUserTreeMenu 'nanang.andriani','1506',@CompanyId=2;
19/06/2023 16:52:12	SQL :EXEC GetUserTreeMenu 'nanang.andriani','1507',@CompanyId=2;
19/06/2023 16:52:12	SQL :EXEC GetUserTreeMenu 'nanang.andriani','1508',@CompanyId=2;
19/06/2023 16:52:12	SQL :EXEC GetUserTreeMenu 'nanang.andriani','1509',@CompanyId=2;
19/06/2023 16:52:12	SQL :EXEC GetUserTreeMenu 'nanang.andriani','1510',@CompanyId=2;
19/06/2023 16:52:12	SQL :EXEC GetUserTreeMenu 'nanang.andriani','1511',@CompanyId=2;
19/06/2023 16:52:12	SQL :EXEC GetUserSubMenu 'nanang.andriani','16';
19/06/2023 16:52:12	SQL :EXEC GetUserTreeMenu 'nanang.andriani','1601',@CompanyId=2;
19/06/2023 16:52:12	SQL :EXEC GetUserTreeMenu 'nanang.andriani','1602',@CompanyId=2;
19/06/2023 16:52:12	SQL :EXEC GetUserTreeMenu 'nanang.andriani','1603',@CompanyId=2;
19/06/2023 16:52:12	SQL :EXEC GetUserTreeMenu 'nanang.andriani','1604',@CompanyId=2;
19/06/2023 16:52:12	SQL :EXEC GetUserTreeMenu 'nanang.andriani','1605',@CompanyId=2;
19/06/2023 16:52:12	SQL :EXEC GetUserTreeMenu 'nanang.andriani','1606',@CompanyId=2;
19/06/2023 16:52:12	SQL :EXEC GetUserTreeMenu 'nanang.andriani','1607',@CompanyId=2;
19/06/2023 16:52:12	SQL :EXEC GetUserTreeMenu 'nanang.andriani','1608',@CompanyId=2;
19/06/2023 16:52:12	SQL :EXEC GetUserTreeMenu 'nanang.andriani','1609',@CompanyId=2;
19/06/2023 16:52:12	SQL :EXEC GetUserTreeMenu 'nanang.andriani','1610',@CompanyId=2;
19/06/2023 16:52:12	SQL :EXEC GetUserTreeMenu 'nanang.andriani','1611',@CompanyId=2;
19/06/2023 16:52:12	SQL :EXEC GetUserTreeMenu 'nanang.andriani','1612',@CompanyId=2;
19/06/2023 16:52:13	SQL :EXEC GetUserTreeMenu 'nanang.andriani','1613',@CompanyId=2;
19/06/2023 16:52:13	SQL :EXEC GetUserTreeMenu 'nanang.andriani','1614',@CompanyId=2;
19/06/2023 16:52:13	SQL :EXEC GetUserTreeMenu 'nanang.andriani','1615',@CompanyId=2;
19/06/2023 16:52:13	SQL :EXEC GetUserTreeMenu 'nanang.andriani','1616',@CompanyId=2;
19/06/2023 16:52:13	SQL :EXEC GetUserTreeMenu 'nanang.andriani','1619',@CompanyId=2;
19/06/2023 16:52:13	SQL :EXEC GetUserTreeMenu 'nanang.andriani','1620',@CompanyId=2;
19/06/2023 16:52:13	SQL :EXEC GetUserSubMenu 'nanang.andriani','17';
19/06/2023 16:52:13	SQL :EXEC GetUserTreeMenu 'nanang.andriani','1701',@CompanyId=2;
19/06/2023 16:52:13	SQL :EXEC GetUserTreeMenu 'nanang.andriani','1702',@CompanyId=2;
19/06/2023 16:52:13	SQL :EXEC GetUserTreeMenu 'nanang.andriani','1703',@CompanyId=2;
19/06/2023 16:52:13	SQL :EXEC GetUserTreeMenu 'nanang.andriani','1704',@CompanyId=2;
19/06/2023 16:52:13	SQL :EXEC GetUserTreeMenu 'nanang.andriani','1705',@CompanyId=2;
19/06/2023 16:52:13	SQL :EXEC GetUserTreeMenu 'nanang.andriani','1706',@CompanyId=2;
19/06/2023 16:52:13	SQL :EXEC GetUserTreeMenu 'nanang.andriani','1707',@CompanyId=2;
19/06/2023 16:52:13	SQL :EXEC GetUserTreeMenu 'nanang.andriani','1708',@CompanyId=2;
19/06/2023 16:52:13	SQL :EXEC GetUserTreeMenu 'nanang.andriani','1709',@CompanyId=2;
19/06/2023 16:52:13	SQL :EXEC GetUserTreeMenu 'nanang.andriani','1710',@CompanyId=2;
19/06/2023 16:52:13	SQL :EXEC GetUserTreeMenu 'nanang.andriani','1711',@CompanyId=2;
19/06/2023 16:52:13	SQL :EXEC GetUserTreeMenu 'nanang.andriani','1712',@CompanyId=2;
19/06/2023 16:52:13	SQL :EXEC GetUserTreeMenu 'nanang.andriani','1713',@CompanyId=2;
19/06/2023 16:52:13	SQL :EXEC GetUserTreeMenu 'nanang.andriani','1714',@CompanyId=2;
19/06/2023 16:52:13	SQL :EXEC GetUserTreeMenu 'nanang.andriani','1715',@CompanyId=2;
19/06/2023 16:52:13	SQL :EXEC GetUserTreeMenu 'nanang.andriani','1716',@CompanyId=2;
19/06/2023 16:52:13	SQL :EXEC GetUserTreeMenu 'nanang.andriani','1717',@CompanyId=2;
19/06/2023 16:52:13	SQL :EXEC GetUserSubMenu 'nanang.andriani','18';
19/06/2023 16:52:13	SQL :EXEC GetUserTreeMenu 'nanang.andriani','1801',@CompanyId=2;
19/06/2023 16:52:13	SQL :EXEC GetUserSubMenu 'nanang.andriani','19';
19/06/2023 16:52:13	SQL :EXEC GetUserTreeMenu 'nanang.andriani','1901',@CompanyId=2;
19/06/2023 16:52:13	SQL :EXEC GetUserTreeMenu 'nanang.andriani','1902',@CompanyId=2;
19/06/2023 16:52:14	SQL :EXEC GetUserTreeMenu 'nanang.andriani','1903',@CompanyId=2;
19/06/2023 16:52:14	SQL :EXEC GetUserTreeMenu 'nanang.andriani','1904',@CompanyId=2;
19/06/2023 16:52:14	SQL :EXEC GetUserTreeMenu 'nanang.andriani','1905',@CompanyId=2;
19/06/2023 16:52:14	SQL :EXEC GetUserTreeMenu 'nanang.andriani','1906',@CompanyId=2;
19/06/2023 16:52:14	SQL :EXEC GetUserTreeMenu 'nanang.andriani','1907',@CompanyId=2;
19/06/2023 16:52:14	SQL :EXEC GetUserTreeMenu 'nanang.andriani','1908',@CompanyId=2;
19/06/2023 16:52:14	SQL :EXEC GetUserTreeMenu 'nanang.andriani','1909',@CompanyId=2;
19/06/2023 16:52:14	SQL :EXEC GetUserTreeMenu 'nanang.andriani','1910',@CompanyId=2;
19/06/2023 16:52:14	SQL :EXEC GetUserTreeMenu 'nanang.andriani','1911',@CompanyId=2;
19/06/2023 16:52:14	SQL :EXEC GetUserTreeMenu 'nanang.andriani','1912',@CompanyId=2;
19/06/2023 16:52:14	SQL :SELECT CONVERT(VARCHAR(8),GETDATE(),108) AS hour_minute;
19/06/2023 16:52:14	SQL :SELECT CONVERT(VARCHAR(10),GETDATE(),103) AS date_time;
19/06/2023 16:52:14	Loading Setting
19/06/2023 16:52:14	Open DB Connection
19/06/2023 16:52:14	SQL :SELECT * FROM wh_setting WHERE setting_name='Hold_Less_Deposit';
19/06/2023 16:52:14	SQL :SELECT * FROM wh_setting WHERE setting_name='Max_Less_Deposit';
19/06/2023 16:52:14	SQL :SELECT * FROM wh_setting WHERE setting_name='Dashboard_2';
19/06/2023 16:52:14	Finish Logging
19/06/2023 16:52:14	SQL :SELECT value_string FROM wh_setting WHERE (setting_name='Interval_CheckInDate') AND (active=1);
19/06/2023 16:52:14	SQL :SELECT value_string FROM wh_setting WHERE (setting_name='Interval_CheckInTime') AND (active=1);
19/06/2023 16:52:14	SQL :SELECT value_string FROM wh_setting WHERE (setting_name='ChatEnable') and (active=1);
19/06/2023 16:52:15	Message:Port Check
19/06/2023 16:52:15	Message:Open DB Connection
19/06/2023 16:52:15	SQL :EXEC GetMessage '01','nanang.andriani';
19/06/2023 16:52:15	SQL :SELECT CONVERT(VARCHAR(8),GETDATE(),108) AS hour_minute;
19/06/2023 16:52:15	SQL :SELECT CONVERT(VARCHAR(10),GETDATE(),103) AS date_time;
19/06/2023 17:02:20	Message:Port Check
19/06/2023 17:02:21	Message:Open DB Connection
19/06/2023 17:02:21	SQL :EXEC GetMessage '01','nanang.andriani';
19/06/2023 17:02:21	SQL :SELECT CONVERT(VARCHAR(8),GETDATE(),108) AS hour_minute;
19/06/2023 17:02:21	SQL :SELECT CONVERT(VARCHAR(10),GETDATE(),103) AS date_time;
19/06/2023 17:09:50	Open Menu :190507
19/06/2023 17:09:50	Open DB Connection
19/06/2023 17:09:50	SQL :EXEC AuthMenu 'nanang.andriani',190507;
19/06/2023 17:09:50	Form Check :BusRunningDaysminiRpt
19/06/2023 17:09:50	Form Open: BusRunningDaysMiniRpt=,0
19/06/2023 17:09:50	Open DB Connection
19/06/2023 17:09:50	SQL :EXEC GetCompanyLocationList
19/06/2023 17:09:50	SQL :EXEC GetUserRDLocationList @UserName='nanang.andriani' ;
19/06/2023 17:09:50	SQL :EXEC GetGroup 2;
19/06/2023 17:09:50	Open DB Connection
19/06/2023 17:09:52	Open DB Connection
19/06/2023 17:09:54	Open DB Connection
19/06/2023 17:09:54	SQL :SELECT * FROM wh_setting WHERE (setting_name='ServiceBerkala_as_PKB_2') AND (active=1);
19/06/2023 17:09:54	Open DB Connection
19/06/2023 17:09:54	SQL :EXEC GetVhcList 6,@CompanyId=2,@BatchId=6,@Seat=29,@OrderBy='category, category_sequence_number,h.vhc_batch_id,seat,license_plate',@ShowBatch=1,@isOutsideRent=0,@Dates='2023/06/30';
19/06/2023 17:09:55	SQL :EXEC GetRunningDaysDetail 'BS221070063',@FromDate='2023-06-01',@ToDate='2023-06-30', @CompanyId=2;
19/06/2023 17:09:56	SQL :EXEC GetRunningDaysDetail 'BS221070060',@FromDate='2023-06-01',@ToDate='2023-06-30', @CompanyId=2;
19/06/2023 17:09:56	SQL :EXEC GetRunningDaysDetail 'BS220080008',@FromDate='2023-06-01',@ToDate='2023-06-30', @CompanyId=2;
19/06/2023 17:09:57	SQL :EXEC GetRunningDaysDetail 'BS220080009',@FromDate='2023-06-01',@ToDate='2023-06-30', @CompanyId=2;
19/06/2023 17:09:57	SQL :EXEC GetRunningDaysDetail 'BS221070061',@FromDate='2023-06-01',@ToDate='2023-06-30', @CompanyId=2;
19/06/2023 17:09:58	SQL :EXEC GetRunningDaysDetail 'BS221070041',@FromDate='2023-06-01',@ToDate='2023-06-30', @CompanyId=2;
19/06/2023 17:09:58	SQL :EXEC GetRunningDaysDetail 'BS221070064',@FromDate='2023-06-01',@ToDate='2023-06-30', @CompanyId=2;
19/06/2023 17:09:59	SQL :EXEC GetRunningDaysDetail 'BS220080007',@FromDate='2023-06-01',@ToDate='2023-06-30', @CompanyId=2;
19/06/2023 17:09:59	SQL :EXEC GetRunningDaysDetail 'BS220080006',@FromDate='2023-06-01',@ToDate='2023-06-30', @CompanyId=2;
19/06/2023 17:10:00	SQL :EXEC GetRunningDaysDetail 'BS220080010',@FromDate='2023-06-01',@ToDate='2023-06-30', @CompanyId=2;
19/06/2023 17:10:01	SQL :EXEC GetRunningDaysDetail 'BS221070068',@FromDate='2023-06-01',@ToDate='2023-06-30', @CompanyId=2;
19/06/2023 17:10:01	SQL :EXEC GetRunningDaysDetail 'BS221070062',@FromDate='2023-06-01',@ToDate='2023-06-30', @CompanyId=2;
19/06/2023 17:10:02	SQL :EXEC GetRunningDaysDetail 'BS221070069',@FromDate='2023-06-01',@ToDate='2023-06-30', @CompanyId=2;
19/06/2023 17:10:03	SQL :EXEC GetRunningDaysDetail 'BS221070066',@FromDate='2023-06-01',@ToDate='2023-06-30', @CompanyId=2;
19/06/2023 17:10:04	SQL :EXEC GetRunningDaysDetail 'BS221070067',@FromDate='2023-06-01',@ToDate='2023-06-30', @CompanyId=2;
19/06/2023 17:10:06	Open DB Connection
19/06/2023 17:10:06	SQL :select id from wh_dashboard_persentase_day where company_id=2 and vhc_batch_id=6 and seat=29 and date='2023/6/1'
19/06/2023 17:10:06	SQL :UPDATE wh_dashboard_persentase_day SET date='2023/6/1',company_id=2,vhc_batch_id=6,seat=29,tot_perbaikan=4,created_date=GETDATE() WHERE company_id=2 and vhc_batch_id=6 and seat=29 and date='2023/6/1'
19/06/2023 17:10:06	Open DB Connection
19/06/2023 17:10:06	SQL :select id from wh_dashboard_persentase_day where company_id=2 and vhc_batch_id=6 and seat=29 and date='2023/6/2'
19/06/2023 17:10:06	SQL :UPDATE wh_dashboard_persentase_day SET date='2023/6/2',company_id=2,vhc_batch_id=6,seat=29,tot_perbaikan=4,created_date=GETDATE() WHERE company_id=2 and vhc_batch_id=6 and seat=29 and date='2023/6/2'
19/06/2023 17:10:06	Open DB Connection
19/06/2023 17:10:06	SQL :select id from wh_dashboard_persentase_day where company_id=2 and vhc_batch_id=6 and seat=29 and date='2023/6/3'
19/06/2023 17:10:06	SQL :UPDATE wh_dashboard_persentase_day SET date='2023/6/3',company_id=2,vhc_batch_id=6,seat=29,tot_perbaikan=1,created_date=GETDATE() WHERE company_id=2 and vhc_batch_id=6 and seat=29 and date='2023/6/3'
19/06/2023 17:10:06	Open DB Connection
19/06/2023 17:10:06	SQL :select id from wh_dashboard_persentase_day where company_id=2 and vhc_batch_id=6 and seat=29 and date='2023/6/4'
19/06/2023 17:10:06	SQL :UPDATE wh_dashboard_persentase_day SET date='2023/6/4',company_id=2,vhc_batch_id=6,seat=29,tot_perbaikan=3,created_date=GETDATE() WHERE company_id=2 and vhc_batch_id=6 and seat=29 and date='2023/6/4'
19/06/2023 17:10:06	Open DB Connection
19/06/2023 17:10:06	SQL :select id from wh_dashboard_persentase_day where company_id=2 and vhc_batch_id=6 and seat=29 and date='2023/6/5'
19/06/2023 17:10:06	SQL :UPDATE wh_dashboard_persentase_day SET date='2023/6/5',company_id=2,vhc_batch_id=6,seat=29,tot_perbaikan=2,created_date=GETDATE() WHERE company_id=2 and vhc_batch_id=6 and seat=29 and date='2023/6/5'
19/06/2023 17:10:06	Open DB Connection
19/06/2023 17:10:06	SQL :select id from wh_dashboard_persentase_day where company_id=2 and vhc_batch_id=6 and seat=29 and date='2023/6/6'
19/06/2023 17:10:06	SQL :UPDATE wh_dashboard_persentase_day SET date='2023/6/6',company_id=2,vhc_batch_id=6,seat=29,tot_perbaikan=1,created_date=GETDATE() WHERE company_id=2 and vhc_batch_id=6 and seat=29 and date='2023/6/6'
19/06/2023 17:10:06	Open DB Connection
19/06/2023 17:10:06	SQL :select id from wh_dashboard_persentase_day where company_id=2 and vhc_batch_id=6 and seat=29 and date='2023/6/7'
19/06/2023 17:10:07	SQL :UPDATE wh_dashboard_persentase_day SET date='2023/6/7',company_id=2,vhc_batch_id=6,seat=29,tot_perbaikan=1,created_date=GETDATE() WHERE company_id=2 and vhc_batch_id=6 and seat=29 and date='2023/6/7'
19/06/2023 17:10:07	Open DB Connection
19/06/2023 17:10:07	SQL :select id from wh_dashboard_persentase_day where company_id=2 and vhc_batch_id=6 and seat=29 and date='2023/6/8'
19/06/2023 17:10:07	SQL :UPDATE wh_dashboard_persentase_day SET date='2023/6/8',company_id=2,vhc_batch_id=6,seat=29,tot_perbaikan=2,created_date=GETDATE() WHERE company_id=2 and vhc_batch_id=6 and seat=29 and date='2023/6/8'
19/06/2023 17:10:07	Open DB Connection
19/06/2023 17:10:07	SQL :select id from wh_dashboard_persentase_day where company_id=2 and vhc_batch_id=6 and seat=29 and date='2023/6/9'
19/06/2023 17:10:07	SQL :UPDATE wh_dashboard_persentase_day SET date='2023/6/9',company_id=2,vhc_batch_id=6,seat=29,tot_perbaikan=1,created_date=GETDATE() WHERE company_id=2 and vhc_batch_id=6 and seat=29 and date='2023/6/9'
19/06/2023 17:10:07	Open DB Connection
19/06/2023 17:10:07	SQL :select id from wh_dashboard_persentase_day where company_id=2 and vhc_batch_id=6 and seat=29 and date='2023/6/10'
19/06/2023 17:10:07	SQL :UPDATE wh_dashboard_persentase_day SET date='2023/6/10',company_id=2,vhc_batch_id=6,seat=29,tot_perbaikan=3,created_date=GETDATE() WHERE company_id=2 and vhc_batch_id=6 and seat=29 and date='2023/6/10'
19/06/2023 17:10:07	Open DB Connection
19/06/2023 17:10:07	SQL :select id from wh_dashboard_persentase_day where company_id=2 and vhc_batch_id=6 and seat=29 and date='2023/6/11'
19/06/2023 17:10:07	SQL :UPDATE wh_dashboard_persentase_day SET date='2023/6/11',company_id=2,vhc_batch_id=6,seat=29,tot_perbaikan=2,created_date=GETDATE() WHERE company_id=2 and vhc_batch_id=6 and seat=29 and date='2023/6/11'
19/06/2023 17:10:07	Open DB Connection
19/06/2023 17:10:07	SQL :select id from wh_dashboard_persentase_day where company_id=2 and vhc_batch_id=6 and seat=29 and date='2023/6/12'
19/06/2023 17:10:07	SQL :UPDATE wh_dashboard_persentase_day SET date='2023/6/12',company_id=2,vhc_batch_id=6,seat=29,tot_perbaikan=0,created_date=GETDATE() WHERE company_id=2 and vhc_batch_id=6 and seat=29 and date='2023/6/12'
19/06/2023 17:10:07	Open DB Connection
19/06/2023 17:10:07	SQL :select id from wh_dashboard_persentase_day where company_id=2 and vhc_batch_id=6 and seat=29 and date='2023/6/13'
19/06/2023 17:10:07	SQL :UPDATE wh_dashboard_persentase_day SET date='2023/6/13',company_id=2,vhc_batch_id=6,seat=29,tot_perbaikan=1,created_date=GETDATE() WHERE company_id=2 and vhc_batch_id=6 and seat=29 and date='2023/6/13'
19/06/2023 17:10:07	Open DB Connection
19/06/2023 17:10:07	SQL :select id from wh_dashboard_persentase_day where company_id=2 and vhc_batch_id=6 and seat=29 and date='2023/6/14'
19/06/2023 17:10:07	SQL :UPDATE wh_dashboard_persentase_day SET date='2023/6/14',company_id=2,vhc_batch_id=6,seat=29,tot_perbaikan=1,created_date=GETDATE() WHERE company_id=2 and vhc_batch_id=6 and seat=29 and date='2023/6/14'
19/06/2023 17:10:07	Open DB Connection
19/06/2023 17:10:07	SQL :select id from wh_dashboard_persentase_day where company_id=2 and vhc_batch_id=6 and seat=29 and date='2023/6/15'
19/06/2023 17:10:07	SQL :UPDATE wh_dashboard_persentase_day SET date='2023/6/15',company_id=2,vhc_batch_id=6,seat=29,tot_perbaikan=0,created_date=GETDATE() WHERE company_id=2 and vhc_batch_id=6 and seat=29 and date='2023/6/15'
19/06/2023 17:10:07	Open DB Connection
19/06/2023 17:10:07	SQL :select id from wh_dashboard_persentase_day where company_id=2 and vhc_batch_id=6 and seat=29 and date='2023/6/16'
19/06/2023 17:10:07	SQL :UPDATE wh_dashboard_persentase_day SET date='2023/6/16',company_id=2,vhc_batch_id=6,seat=29,tot_perbaikan=1,created_date=GETDATE() WHERE company_id=2 and vhc_batch_id=6 and seat=29 and date='2023/6/16'
19/06/2023 17:10:07	Open DB Connection
19/06/2023 17:10:07	SQL :select id from wh_dashboard_persentase_day where company_id=2 and vhc_batch_id=6 and seat=29 and date='2023/6/17'
19/06/2023 17:10:07	SQL :UPDATE wh_dashboard_persentase_day SET date='2023/6/17',company_id=2,vhc_batch_id=6,seat=29,tot_perbaikan=0,created_date=GETDATE() WHERE company_id=2 and vhc_batch_id=6 and seat=29 and date='2023/6/17'
19/06/2023 17:10:07	Open DB Connection
19/06/2023 17:10:07	SQL :select id from wh_dashboard_persentase_day where company_id=2 and vhc_batch_id=6 and seat=29 and date='2023/6/18'
19/06/2023 17:10:08	SQL :UPDATE wh_dashboard_persentase_day SET date='2023/6/18',company_id=2,vhc_batch_id=6,seat=29,tot_perbaikan=0,created_date=GETDATE() WHERE company_id=2 and vhc_batch_id=6 and seat=29 and date='2023/6/18'
19/06/2023 17:10:08	Open DB Connection
19/06/2023 17:10:08	SQL :select id from wh_dashboard_persentase_day where company_id=2 and vhc_batch_id=6 and seat=29 and date='2023/6/19'
19/06/2023 17:10:08	SQL :UPDATE wh_dashboard_persentase_day SET date='2023/6/19',company_id=2,vhc_batch_id=6,seat=29,tot_perbaikan=1,created_date=GETDATE() WHERE company_id=2 and vhc_batch_id=6 and seat=29 and date='2023/6/19'
19/06/2023 17:10:08	Open DB Connection
19/06/2023 17:10:08	SQL :select id from wh_dashboard_persentase_day where company_id=2 and vhc_batch_id=6 and seat=29 and date='2023/6/20'
19/06/2023 17:10:08	SQL :UPDATE wh_dashboard_persentase_day SET date='2023/6/20',company_id=2,vhc_batch_id=6,seat=29,tot_perbaikan=0,created_date=GETDATE() WHERE company_id=2 and vhc_batch_id=6 and seat=29 and date='2023/6/20'
19/06/2023 17:10:08	Open DB Connection
19/06/2023 17:10:08	SQL :select id from wh_dashboard_persentase_day where company_id=2 and vhc_batch_id=6 and seat=29 and date='2023/6/21'
19/06/2023 17:10:08	SQL :UPDATE wh_dashboard_persentase_day SET date='2023/6/21',company_id=2,vhc_batch_id=6,seat=29,tot_perbaikan=2,created_date=GETDATE() WHERE company_id=2 and vhc_batch_id=6 and seat=29 and date='2023/6/21'
19/06/2023 17:10:08	Open DB Connection
19/06/2023 17:10:08	SQL :select id from wh_dashboard_persentase_day where company_id=2 and vhc_batch_id=6 and seat=29 and date='2023/6/22'
19/06/2023 17:10:08	SQL :UPDATE wh_dashboard_persentase_day SET date='2023/6/22',company_id=2,vhc_batch_id=6,seat=29,tot_perbaikan=2,created_date=GETDATE() WHERE company_id=2 and vhc_batch_id=6 and seat=29 and date='2023/6/22'
19/06/2023 17:10:08	Open DB Connection
19/06/2023 17:10:08	SQL :select id from wh_dashboard_persentase_day where company_id=2 and vhc_batch_id=6 and seat=29 and date='2023/6/23'
19/06/2023 17:10:08	SQL :UPDATE wh_dashboard_persentase_day SET date='2023/6/23',company_id=2,vhc_batch_id=6,seat=29,tot_perbaikan=2,created_date=GETDATE() WHERE company_id=2 and vhc_batch_id=6 and seat=29 and date='2023/6/23'
19/06/2023 17:10:08	Open DB Connection
19/06/2023 17:10:08	SQL :select id from wh_dashboard_persentase_day where company_id=2 and vhc_batch_id=6 and seat=29 and date='2023/6/24'
19/06/2023 17:10:08	SQL :UPDATE wh_dashboard_persentase_day SET date='2023/6/24',company_id=2,vhc_batch_id=6,seat=29,tot_perbaikan=3,created_date=GETDATE() WHERE company_id=2 and vhc_batch_id=6 and seat=29 and date='2023/6/24'
19/06/2023 17:10:08	Open DB Connection
19/06/2023 17:10:08	SQL :select id from wh_dashboard_persentase_day where company_id=2 and vhc_batch_id=6 and seat=29 and date='2023/6/25'
19/06/2023 17:10:08	SQL :UPDATE wh_dashboard_persentase_day SET date='2023/6/25',company_id=2,vhc_batch_id=6,seat=29,tot_perbaikan=3,created_date=GETDATE() WHERE company_id=2 and vhc_batch_id=6 and seat=29 and date='2023/6/25'
19/06/2023 17:10:08	Open DB Connection
19/06/2023 17:10:08	SQL :select id from wh_dashboard_persentase_day where company_id=2 and vhc_batch_id=6 and seat=29 and date='2023/6/26'
19/06/2023 17:10:08	SQL :UPDATE wh_dashboard_persentase_day SET date='2023/6/26',company_id=2,vhc_batch_id=6,seat=29,tot_perbaikan=2,created_date=GETDATE() WHERE company_id=2 and vhc_batch_id=6 and seat=29 and date='2023/6/26'
19/06/2023 17:10:08	Open DB Connection
19/06/2023 17:10:08	SQL :select id from wh_dashboard_persentase_day where company_id=2 and vhc_batch_id=6 and seat=29 and date='2023/6/27'
19/06/2023 17:10:08	SQL :UPDATE wh_dashboard_persentase_day SET date='2023/6/27',company_id=2,vhc_batch_id=6,seat=29,tot_perbaikan=2,created_date=GETDATE() WHERE company_id=2 and vhc_batch_id=6 and seat=29 and date='2023/6/27'
19/06/2023 17:10:08	Open DB Connection
19/06/2023 17:10:08	SQL :select id from wh_dashboard_persentase_day where company_id=2 and vhc_batch_id=6 and seat=29 and date='2023/6/28'
19/06/2023 17:10:08	SQL :UPDATE wh_dashboard_persentase_day SET date='2023/6/28',company_id=2,vhc_batch_id=6,seat=29,tot_perbaikan=2,created_date=GETDATE() WHERE company_id=2 and vhc_batch_id=6 and seat=29 and date='2023/6/28'
19/06/2023 17:10:08	Open DB Connection
19/06/2023 17:10:08	SQL :select id from wh_dashboard_persentase_day where company_id=2 and vhc_batch_id=6 and seat=29 and date='2023/6/29'
19/06/2023 17:10:08	SQL :UPDATE wh_dashboard_persentase_day SET date='2023/6/29',company_id=2,vhc_batch_id=6,seat=29,tot_perbaikan=2,created_date=GETDATE() WHERE company_id=2 and vhc_batch_id=6 and seat=29 and date='2023/6/29'
19/06/2023 17:10:08	Open DB Connection
19/06/2023 17:10:08	SQL :select id from wh_dashboard_persentase_day where company_id=2 and vhc_batch_id=6 and seat=29 and date='2023/6/30'
19/06/2023 17:10:08	SQL :UPDATE wh_dashboard_persentase_day SET date='2023/6/30',company_id=2,vhc_batch_id=6,seat=29,tot_perbaikan=2,created_date=GETDATE() WHERE company_id=2 and vhc_batch_id=6 and seat=29 and date='2023/6/30'
19/06/2023 17:10:09	Open DB Connection
19/06/2023 17:10:09	SQL :select id from wh_dashboard_persentase_day where company_id=2 and vhc_batch_id=6 and seat=29 and date='2023/6/1'
19/06/2023 17:10:09	SQL :UPDATE wh_dashboard_persentase_day SET date='2023/6/1',company_id=2,vhc_batch_id=6,seat=29,persentase_jalan=82,created_date=GETDATE() WHERE company_id=2 and vhc_batch_id=6 and seat=29 and date='2023/6/1'
19/06/2023 17:10:09	Open DB Connection
19/06/2023 17:10:09	SQL :select id from wh_dashboard_persentase_day where company_id=2 and vhc_batch_id=6 and seat=29 and date='2023/6/2'
19/06/2023 17:10:09	SQL :UPDATE wh_dashboard_persentase_day SET date='2023/6/2',company_id=2,vhc_batch_id=6,seat=29,persentase_jalan=82,created_date=GETDATE() WHERE company_id=2 and vhc_batch_id=6 and seat=29 and date='2023/6/2'
19/06/2023 17:10:09	Open DB Connection
19/06/2023 17:10:09	SQL :select id from wh_dashboard_persentase_day where company_id=2 and vhc_batch_id=6 and seat=29 and date='2023/6/3'
19/06/2023 17:10:09	SQL :UPDATE wh_dashboard_persentase_day SET date='2023/6/3',company_id=2,vhc_batch_id=6,seat=29,persentase_jalan=93,created_date=GETDATE() WHERE company_id=2 and vhc_batch_id=6 and seat=29 and date='2023/6/3'
19/06/2023 17:10:09	Open DB Connection
19/06/2023 17:10:09	SQL :select id from wh_dashboard_persentase_day where company_id=2 and vhc_batch_id=6 and seat=29 and date='2023/6/4'
19/06/2023 17:10:09	SQL :UPDATE wh_dashboard_persentase_day SET date='2023/6/4',company_id=2,vhc_batch_id=6,seat=29,persentase_jalan=83,created_date=GETDATE() WHERE company_id=2 and vhc_batch_id=6 and seat=29 and date='2023/6/4'
19/06/2023 17:10:09	Open DB Connection
19/06/2023 17:10:09	SQL :select id from wh_dashboard_persentase_day where company_id=2 and vhc_batch_id=6 and seat=29 and date='2023/6/5'
19/06/2023 17:10:09	SQL :UPDATE wh_dashboard_persentase_day SET date='2023/6/5',company_id=2,vhc_batch_id=6,seat=29,persentase_jalan=85,created_date=GETDATE() WHERE company_id=2 and vhc_batch_id=6 and seat=29 and date='2023/6/5'
19/06/2023 17:10:09	Open DB Connection
19/06/2023 17:10:09	SQL :select id from wh_dashboard_persentase_day where company_id=2 and vhc_batch_id=6 and seat=29 and date='2023/6/6'
19/06/2023 17:10:09	SQL :UPDATE wh_dashboard_persentase_day SET date='2023/6/6',company_id=2,vhc_batch_id=6,seat=29,persentase_jalan=86,created_date=GETDATE() WHERE company_id=2 and vhc_batch_id=6 and seat=29 and date='2023/6/6'
19/06/2023 17:10:09	Open DB Connection
19/06/2023 17:10:09	SQL :select id from wh_dashboard_persentase_day where company_id=2 and vhc_batch_id=6 and seat=29 and date='2023/6/7'
19/06/2023 17:10:09	SQL :UPDATE wh_dashboard_persentase_day SET date='2023/6/7',company_id=2,vhc_batch_id=6,seat=29,persentase_jalan=86,created_date=GETDATE() WHERE company_id=2 and vhc_batch_id=6 and seat=29 and date='2023/6/7'
19/06/2023 17:10:09	Open DB Connection
19/06/2023 17:10:09	SQL :select id from wh_dashboard_persentase_day where company_id=2 and vhc_batch_id=6 and seat=29 and date='2023/6/8'
19/06/2023 17:10:09	SQL :UPDATE wh_dashboard_persentase_day SET date='2023/6/8',company_id=2,vhc_batch_id=6,seat=29,persentase_jalan=92,created_date=GETDATE() WHERE company_id=2 and vhc_batch_id=6 and seat=29 and date='2023/6/8'
19/06/2023 17:10:09	Open DB Connection
19/06/2023 17:10:09	SQL :select id from wh_dashboard_persentase_day where company_id=2 and vhc_batch_id=6 and seat=29 and date='2023/6/9'
19/06/2023 17:10:10	SQL :UPDATE wh_dashboard_persentase_day SET date='2023/6/9',company_id=2,vhc_batch_id=6,seat=29,persentase_jalan=86,created_date=GETDATE() WHERE company_id=2 and vhc_batch_id=6 and seat=29 and date='2023/6/9'
19/06/2023 17:10:10	Open DB Connection
19/06/2023 17:10:10	SQL :select id from wh_dashboard_persentase_day where company_id=2 and vhc_batch_id=6 and seat=29 and date='2023/6/10'
19/06/2023 17:10:10	SQL :UPDATE wh_dashboard_persentase_day SET date='2023/6/10',company_id=2,vhc_batch_id=6,seat=29,persentase_jalan=67,created_date=GETDATE() WHERE company_id=2 and vhc_batch_id=6 and seat=29 and date='2023/6/10'
19/06/2023 17:10:10	Open DB Connection
19/06/2023 17:10:10	SQL :select id from wh_dashboard_persentase_day where company_id=2 and vhc_batch_id=6 and seat=29 and date='2023/6/11'
19/06/2023 17:10:10	SQL :UPDATE wh_dashboard_persentase_day SET date='2023/6/11',company_id=2,vhc_batch_id=6,seat=29,persentase_jalan=54,created_date=GETDATE() WHERE company_id=2 and vhc_batch_id=6 and seat=29 and date='2023/6/11'
19/06/2023 17:10:10	Open DB Connection
19/06/2023 17:10:10	SQL :select id from wh_dashboard_persentase_day where company_id=2 and vhc_batch_id=6 and seat=29 and date='2023/6/12'
19/06/2023 17:10:10	SQL :UPDATE wh_dashboard_persentase_day SET date='2023/6/12',company_id=2,vhc_batch_id=6,seat=29,persentase_jalan=80,created_date=GETDATE() WHERE company_id=2 and vhc_batch_id=6 and seat=29 and date='2023/6/12'
19/06/2023 17:10:10	Open DB Connection
19/06/2023 17:10:10	SQL :select id from wh_dashboard_persentase_day where company_id=2 and vhc_batch_id=6 and seat=29 and date='2023/6/13'
19/06/2023 17:10:10	SQL :UPDATE wh_dashboard_persentase_day SET date='2023/6/13',company_id=2,vhc_batch_id=6,seat=29,persentase_jalan=86,created_date=GETDATE() WHERE company_id=2 and vhc_batch_id=6 and seat=29 and date='2023/6/13'
19/06/2023 17:10:10	Open DB Connection
19/06/2023 17:10:10	SQL :select id from wh_dashboard_persentase_day where company_id=2 and vhc_batch_id=6 and seat=29 and date='2023/6/14'
19/06/2023 17:10:10	SQL :UPDATE wh_dashboard_persentase_day SET date='2023/6/14',company_id=2,vhc_batch_id=6,seat=29,persentase_jalan=86,created_date=GETDATE() WHERE company_id=2 and vhc_batch_id=6 and seat=29 and date='2023/6/14'
19/06/2023 17:10:10	Open DB Connection
19/06/2023 17:10:10	SQL :select id from wh_dashboard_persentase_day where company_id=2 and vhc_batch_id=6 and seat=29 and date='2023/6/15'
19/06/2023 17:10:10	SQL :UPDATE wh_dashboard_persentase_day SET date='2023/6/15',company_id=2,vhc_batch_id=6,seat=29,persentase_jalan=87,created_date=GETDATE() WHERE company_id=2 and vhc_batch_id=6 and seat=29 and date='2023/6/15'
19/06/2023 17:10:11	Open DB Connection
19/06/2023 17:10:11	SQL :select id from wh_dashboard_persentase_day where company_id=2 and vhc_batch_id=6 and seat=29 and date='2023/6/16'
19/06/2023 17:10:11	SQL :UPDATE wh_dashboard_persentase_day SET date='2023/6/16',company_id=2,vhc_batch_id=6,seat=29,persentase_jalan=86,created_date=GETDATE() WHERE company_id=2 and vhc_batch_id=6 and seat=29 and date='2023/6/16'
19/06/2023 17:10:11	Open DB Connection
19/06/2023 17:10:11	SQL :select id from wh_dashboard_persentase_day where company_id=2 and vhc_batch_id=6 and seat=29 and date='2023/6/17'
19/06/2023 17:10:11	SQL :UPDATE wh_dashboard_persentase_day SET date='2023/6/17',company_id=2,vhc_batch_id=6,seat=29,persentase_jalan=73,created_date=GETDATE() WHERE company_id=2 and vhc_batch_id=6 and seat=29 and date='2023/6/17'
19/06/2023 17:10:11	Open DB Connection
19/06/2023 17:10:11	SQL :select id from wh_dashboard_persentase_day where company_id=2 and vhc_batch_id=6 and seat=29 and date='2023/6/18'
19/06/2023 17:10:11	SQL :UPDATE wh_dashboard_persentase_day SET date='2023/6/18',company_id=2,vhc_batch_id=6,seat=29,persentase_jalan=40,created_date=GETDATE() WHERE company_id=2 and vhc_batch_id=6 and seat=29 and date='2023/6/18'
19/06/2023 17:10:11	Open DB Connection
19/06/2023 17:10:11	SQL :select id from wh_dashboard_persentase_day where company_id=2 and vhc_batch_id=6 and seat=29 and date='2023/6/19'
19/06/2023 17:10:11	SQL :UPDATE wh_dashboard_persentase_day SET date='2023/6/19',company_id=2,vhc_batch_id=6,seat=29,persentase_jalan=64,created_date=GETDATE() WHERE company_id=2 and vhc_batch_id=6 and seat=29 and date='2023/6/19'
19/06/2023 17:10:11	Open DB Connection
19/06/2023 17:10:11	SQL :select id from wh_dashboard_persentase_day where company_id=2 and vhc_batch_id=6 and seat=29 and date='2023/6/20'
19/06/2023 17:10:11	SQL :UPDATE wh_dashboard_persentase_day SET date='2023/6/20',company_id=2,vhc_batch_id=6,seat=29,persentase_jalan=73,created_date=GETDATE() WHERE company_id=2 and vhc_batch_id=6 and seat=29 and date='2023/6/20'
19/06/2023 17:10:11	Open DB Connection
19/06/2023 17:10:11	SQL :select id from wh_dashboard_persentase_day where company_id=2 and vhc_batch_id=6 and seat=29 and date='2023/6/21'
19/06/2023 17:10:11	SQL :UPDATE wh_dashboard_persentase_day SET date='2023/6/21',company_id=2,vhc_batch_id=6,seat=29,persentase_jalan=62,created_date=GETDATE() WHERE company_id=2 and vhc_batch_id=6 and seat=29 and date='2023/6/21'
19/06/2023 17:10:11	Open DB Connection
19/06/2023 17:10:11	SQL :select id from wh_dashboard_persentase_day where company_id=2 and vhc_batch_id=6 and seat=29 and date='2023/6/22'
19/06/2023 17:10:11	SQL :UPDATE wh_dashboard_persentase_day SET date='2023/6/22',company_id=2,vhc_batch_id=6,seat=29,persentase_jalan=69,created_date=GETDATE() WHERE company_id=2 and vhc_batch_id=6 and seat=29 and date='2023/6/22'
19/06/2023 17:10:12	Open DB Connection
19/06/2023 17:10:12	SQL :select id from wh_dashboard_persentase_day where company_id=2 and vhc_batch_id=6 and seat=29 and date='2023/6/23'
19/06/2023 17:10:12	SQL :UPDATE wh_dashboard_persentase_day SET date='2023/6/23',company_id=2,vhc_batch_id=6,seat=29,persentase_jalan=54,created_date=GETDATE() WHERE company_id=2 and vhc_batch_id=6 and seat=29 and date='2023/6/23'
19/06/2023 17:10:12	Open DB Connection
19/06/2023 17:10:12	SQL :select id from wh_dashboard_persentase_day where company_id=2 and vhc_batch_id=6 and seat=29 and date='2023/6/24'
19/06/2023 17:10:12	SQL :UPDATE wh_dashboard_persentase_day SET date='2023/6/24',company_id=2,vhc_batch_id=6,seat=29,persentase_jalan=75,created_date=GETDATE() WHERE company_id=2 and vhc_batch_id=6 and seat=29 and date='2023/6/24'
19/06/2023 17:10:12	Open DB Connection
19/06/2023 17:10:12	SQL :select id from wh_dashboard_persentase_day where company_id=2 and vhc_batch_id=6 and seat=29 and date='2023/6/25'
19/06/2023 17:10:12	SQL :UPDATE wh_dashboard_persentase_day SET date='2023/6/25',company_id=2,vhc_batch_id=6,seat=29,persentase_jalan=58,created_date=GETDATE() WHERE company_id=2 and vhc_batch_id=6 and seat=29 and date='2023/6/25'
19/06/2023 17:10:12	Open DB Connection
19/06/2023 17:10:12	SQL :select id from wh_dashboard_persentase_day where company_id=2 and vhc_batch_id=6 and seat=29 and date='2023/6/26'
19/06/2023 17:10:12	SQL :UPDATE wh_dashboard_persentase_day SET date='2023/6/26',company_id=2,vhc_batch_id=6,seat=29,persentase_jalan=54,created_date=GETDATE() WHERE company_id=2 and vhc_batch_id=6 and seat=29 and date='2023/6/26'
19/06/2023 17:10:12	Open DB Connection
19/06/2023 17:10:12	SQL :select id from wh_dashboard_persentase_day where company_id=2 and vhc_batch_id=6 and seat=29 and date='2023/6/27'
19/06/2023 17:10:12	SQL :UPDATE wh_dashboard_persentase_day SET date='2023/6/27',company_id=2,vhc_batch_id=6,seat=29,persentase_jalan=54,created_date=GETDATE() WHERE company_id=2 and vhc_batch_id=6 and seat=29 and date='2023/6/27'
19/06/2023 17:10:12	Open DB Connection
19/06/2023 17:10:12	SQL :select id from wh_dashboard_persentase_day where company_id=2 and vhc_batch_id=6 and seat=29 and date='2023/6/28'
19/06/2023 17:10:12	SQL :UPDATE wh_dashboard_persentase_day SET date='2023/6/28',company_id=2,vhc_batch_id=6,seat=29,persentase_jalan=69,created_date=GETDATE() WHERE company_id=2 and vhc_batch_id=6 and seat=29 and date='2023/6/28'
19/06/2023 17:10:12	Open DB Connection
19/06/2023 17:10:12	SQL :select id from wh_dashboard_persentase_day where company_id=2 and vhc_batch_id=6 and seat=29 and date='2023/6/29'
19/06/2023 17:10:12	SQL :UPDATE wh_dashboard_persentase_day SET date='2023/6/29',company_id=2,vhc_batch_id=6,seat=29,persentase_jalan=69,created_date=GETDATE() WHERE company_id=2 and vhc_batch_id=6 and seat=29 and date='2023/6/29'
19/06/2023 17:10:12	Open DB Connection
19/06/2023 17:10:12	SQL :select id from wh_dashboard_persentase_day where company_id=2 and vhc_batch_id=6 and seat=29 and date='2023/6/30'
19/06/2023 17:10:12	SQL :UPDATE wh_dashboard_persentase_day SET date='2023/6/30',company_id=2,vhc_batch_id=6,seat=29,persentase_jalan=77,created_date=GETDATE() WHERE company_id=2 and vhc_batch_id=6 and seat=29 and date='2023/6/30'
19/06/2023 17:12:39	Message:Port Check
19/06/2023 17:12:39	Message:Open DB Connection
19/06/2023 17:12:39	SQL :EXEC GetMessage '01','nanang.andriani';
19/06/2023 17:12:39	SQL :SELECT CONVERT(VARCHAR(8),GETDATE(),108) AS hour_minute;
19/06/2023 17:12:39	SQL :SELECT CONVERT(VARCHAR(10),GETDATE(),103) AS date_time;
19/06/2023 17:22:46	Message:Port Check
19/06/2023 17:22:47	Message:Open DB Connection
19/06/2023 17:22:47	SQL :EXEC GetMessage '01','nanang.andriani';
19/06/2023 17:22:47	SQL :SELECT CONVERT(VARCHAR(8),GETDATE(),108) AS hour_minute;
19/06/2023 17:22:47	SQL :SELECT CONVERT(VARCHAR(10),GETDATE(),103) AS date_time;
19/06/2023 17:32:54	Message:Port Check
19/06/2023 17:32:54	Message:Open DB Connection
19/06/2023 17:32:54	SQL :EXEC GetMessage '01','nanang.andriani';
19/06/2023 17:32:54	SQL :SELECT CONVERT(VARCHAR(8),GETDATE(),108) AS hour_minute;
19/06/2023 17:32:54	SQL :SELECT CONVERT(VARCHAR(10),GETDATE(),103) AS date_time;
19/06/2023 17:39:29	Open Menu :130205
19/06/2023 17:39:29	Open DB Connection
19/06/2023 17:39:29	SQL :EXEC AuthMenu 'nanang.andriani',130205;
19/06/2023 17:39:29	Form Check :EmployeeList
19/06/2023 17:39:29	Open DB Connection
19/06/2023 17:39:29	SQL :EXEC GetCompanyLocationList
19/06/2023 17:39:29	Open DB Connection
19/06/2023 17:39:29	SQL :EXEC GetEmployeeList 2,6,1,@CompanyId=2;
19/06/2023 17:42:28	Open DB Connection
19/06/2023 17:42:28	SQL :SELECT * FROM wh_setting WHERE (setting_name='ServiceBerkala_as_PKB_2') AND (active=1);
19/06/2023 17:42:28	Open DB Connection
19/06/2023 17:42:28	SQL :EXEC GetVhcList 6,@CompanyId=2,@BatchId=6,@Seat=29,@OrderBy='category, category_sequence_number,h.vhc_batch_id,seat,license_plate',@ShowBatch=1,@isOutsideRent=0,@Dates='2023/06/30';
19/06/2023 17:42:28	SQL :EXEC GetRunningDaysDetail 'BS221070063',@FromDate='2023-06-01',@ToDate='2023-06-30', @CompanyId=2;
19/06/2023 17:42:29	SQL :EXEC GetRunningDaysDetail 'BS221070060',@FromDate='2023-06-01',@ToDate='2023-06-30', @CompanyId=2;
19/06/2023 17:42:30	SQL :EXEC GetRunningDaysDetail 'BS220080008',@FromDate='2023-06-01',@ToDate='2023-06-30', @CompanyId=2;
19/06/2023 17:42:31	SQL :EXEC GetRunningDaysDetail 'BS220080009',@FromDate='2023-06-01',@ToDate='2023-06-30', @CompanyId=2;
19/06/2023 17:42:31	SQL :EXEC GetRunningDaysDetail 'BS221070061',@FromDate='2023-06-01',@ToDate='2023-06-30', @CompanyId=2;
19/06/2023 17:42:31	SQL :EXEC GetRunningDaysDetail 'BS221070041',@FromDate='2023-06-01',@ToDate='2023-06-30', @CompanyId=2;
19/06/2023 17:42:32	SQL :EXEC GetRunningDaysDetail 'BS221070064',@FromDate='2023-06-01',@ToDate='2023-06-30', @CompanyId=2;
19/06/2023 17:42:32	SQL :EXEC GetRunningDaysDetail 'BS220080007',@FromDate='2023-06-01',@ToDate='2023-06-30', @CompanyId=2;
19/06/2023 17:42:33	SQL :EXEC GetRunningDaysDetail 'BS220080006',@FromDate='2023-06-01',@ToDate='2023-06-30', @CompanyId=2;
19/06/2023 17:42:33	SQL :EXEC GetRunningDaysDetail 'BS220080010',@FromDate='2023-06-01',@ToDate='2023-06-30', @CompanyId=2;
19/06/2023 17:42:33	SQL :EXEC GetRunningDaysDetail 'BS221070068',@FromDate='2023-06-01',@ToDate='2023-06-30', @CompanyId=2;
19/06/2023 17:42:33	SQL :EXEC GetRunningDaysDetail 'BS221070062',@FromDate='2023-06-01',@ToDate='2023-06-30', @CompanyId=2;
19/06/2023 17:42:33	SQL :EXEC GetRunningDaysDetail 'BS221070069',@FromDate='2023-06-01',@ToDate='2023-06-30', @CompanyId=2;
19/06/2023 17:42:33	SQL :EXEC GetRunningDaysDetail 'BS221070066',@FromDate='2023-06-01',@ToDate='2023-06-30', @CompanyId=2;
19/06/2023 17:42:34	SQL :EXEC GetRunningDaysDetail 'BS221070067',@FromDate='2023-06-01',@ToDate='2023-06-30', @CompanyId=2;
19/06/2023 17:42:34	Open DB Connection
19/06/2023 17:42:34	SQL :select id from wh_dashboard_persentase_day where company_id=2 and vhc_batch_id=6 and seat=29 and date='2023/6/1'
19/06/2023 17:42:34	SQL :UPDATE wh_dashboard_persentase_day SET date='2023/6/1',company_id=2,vhc_batch_id=6,seat=29,tot_perbaikan=4,created_date=GETDATE() WHERE company_id=2 and vhc_batch_id=6 and seat=29 and date='2023/6/1'
19/06/2023 17:42:34	Open DB Connection
19/06/2023 17:42:34	SQL :select id from wh_dashboard_persentase_day where company_id=2 and vhc_batch_id=6 and seat=29 and date='2023/6/2'
19/06/2023 17:42:34	SQL :UPDATE wh_dashboard_persentase_day SET date='2023/6/2',company_id=2,vhc_batch_id=6,seat=29,tot_perbaikan=4,created_date=GETDATE() WHERE company_id=2 and vhc_batch_id=6 and seat=29 and date='2023/6/2'
19/06/2023 17:42:34	Open DB Connection
19/06/2023 17:42:34	SQL :select id from wh_dashboard_persentase_day where company_id=2 and vhc_batch_id=6 and seat=29 and date='2023/6/3'
19/06/2023 17:42:34	SQL :UPDATE wh_dashboard_persentase_day SET date='2023/6/3',company_id=2,vhc_batch_id=6,seat=29,tot_perbaikan=1,created_date=GETDATE() WHERE company_id=2 and vhc_batch_id=6 and seat=29 and date='2023/6/3'
19/06/2023 17:42:34	Open DB Connection
19/06/2023 17:42:34	SQL :select id from wh_dashboard_persentase_day where company_id=2 and vhc_batch_id=6 and seat=29 and date='2023/6/4'
19/06/2023 17:42:34	SQL :UPDATE wh_dashboard_persentase_day SET date='2023/6/4',company_id=2,vhc_batch_id=6,seat=29,tot_perbaikan=3,created_date=GETDATE() WHERE company_id=2 and vhc_batch_id=6 and seat=29 and date='2023/6/4'
19/06/2023 17:42:34	Open DB Connection
19/06/2023 17:42:34	SQL :select id from wh_dashboard_persentase_day where company_id=2 and vhc_batch_id=6 and seat=29 and date='2023/6/5'
19/06/2023 17:42:34	SQL :UPDATE wh_dashboard_persentase_day SET date='2023/6/5',company_id=2,vhc_batch_id=6,seat=29,tot_perbaikan=2,created_date=GETDATE() WHERE company_id=2 and vhc_batch_id=6 and seat=29 and date='2023/6/5'
19/06/2023 17:42:34	Open DB Connection
19/06/2023 17:42:34	SQL :select id from wh_dashboard_persentase_day where company_id=2 and vhc_batch_id=6 and seat=29 and date='2023/6/6'
19/06/2023 17:42:34	SQL :UPDATE wh_dashboard_persentase_day SET date='2023/6/6',company_id=2,vhc_batch_id=6,seat=29,tot_perbaikan=1,created_date=GETDATE() WHERE company_id=2 and vhc_batch_id=6 and seat=29 and date='2023/6/6'
19/06/2023 17:42:34	Open DB Connection
19/06/2023 17:42:34	SQL :select id from wh_dashboard_persentase_day where company_id=2 and vhc_batch_id=6 and seat=29 and date='2023/6/7'
19/06/2023 17:42:34	SQL :UPDATE wh_dashboard_persentase_day SET date='2023/6/7',company_id=2,vhc_batch_id=6,seat=29,tot_perbaikan=1,created_date=GETDATE() WHERE company_id=2 and vhc_batch_id=6 and seat=29 and date='2023/6/7'
19/06/2023 17:42:34	Open DB Connection
19/06/2023 17:42:34	SQL :select id from wh_dashboard_persentase_day where company_id=2 and vhc_batch_id=6 and seat=29 and date='2023/6/8'
19/06/2023 17:42:34	SQL :UPDATE wh_dashboard_persentase_day SET date='2023/6/8',company_id=2,vhc_batch_id=6,seat=29,tot_perbaikan=2,created_date=GETDATE() WHERE company_id=2 and vhc_batch_id=6 and seat=29 and date='2023/6/8'
19/06/2023 17:42:34	Open DB Connection
19/06/2023 17:42:34	SQL :select id from wh_dashboard_persentase_day where company_id=2 and vhc_batch_id=6 and seat=29 and date='2023/6/9'
19/06/2023 17:42:34	SQL :UPDATE wh_dashboard_persentase_day SET date='2023/6/9',company_id=2,vhc_batch_id=6,seat=29,tot_perbaikan=1,created_date=GETDATE() WHERE company_id=2 and vhc_batch_id=6 and seat=29 and date='2023/6/9'
19/06/2023 17:42:34	Open DB Connection
19/06/2023 17:42:34	SQL :select id from wh_dashboard_persentase_day where company_id=2 and vhc_batch_id=6 and seat=29 and date='2023/6/10'
19/06/2023 17:42:34	SQL :UPDATE wh_dashboard_persentase_day SET date='2023/6/10',company_id=2,vhc_batch_id=6,seat=29,tot_perbaikan=3,created_date=GETDATE() WHERE company_id=2 and vhc_batch_id=6 and seat=29 and date='2023/6/10'
19/06/2023 17:42:34	Open DB Connection
19/06/2023 17:42:34	SQL :select id from wh_dashboard_persentase_day where company_id=2 and vhc_batch_id=6 and seat=29 and date='2023/6/11'
19/06/2023 17:42:34	SQL :UPDATE wh_dashboard_persentase_day SET date='2023/6/11',company_id=2,vhc_batch_id=6,seat=29,tot_perbaikan=2,created_date=GETDATE() WHERE company_id=2 and vhc_batch_id=6 and seat=29 and date='2023/6/11'
19/06/2023 17:42:34	Open DB Connection
19/06/2023 17:42:34	SQL :select id from wh_dashboard_persentase_day where company_id=2 and vhc_batch_id=6 and seat=29 and date='2023/6/12'
19/06/2023 17:42:35	SQL :UPDATE wh_dashboard_persentase_day SET date='2023/6/12',company_id=2,vhc_batch_id=6,seat=29,tot_perbaikan=0,created_date=GETDATE() WHERE company_id=2 and vhc_batch_id=6 and seat=29 and date='2023/6/12'
19/06/2023 17:42:35	Open DB Connection
19/06/2023 17:42:35	SQL :select id from wh_dashboard_persentase_day where company_id=2 and vhc_batch_id=6 and seat=29 and date='2023/6/13'
19/06/2023 17:42:35	SQL :UPDATE wh_dashboard_persentase_day SET date='2023/6/13',company_id=2,vhc_batch_id=6,seat=29,tot_perbaikan=1,created_date=GETDATE() WHERE company_id=2 and vhc_batch_id=6 and seat=29 and date='2023/6/13'
19/06/2023 17:42:35	Open DB Connection
19/06/2023 17:42:35	SQL :select id from wh_dashboard_persentase_day where company_id=2 and vhc_batch_id=6 and seat=29 and date='2023/6/14'
19/06/2023 17:42:35	SQL :UPDATE wh_dashboard_persentase_day SET date='2023/6/14',company_id=2,vhc_batch_id=6,seat=29,tot_perbaikan=1,created_date=GETDATE() WHERE company_id=2 and vhc_batch_id=6 and seat=29 and date='2023/6/14'
19/06/2023 17:42:35	Open DB Connection
19/06/2023 17:42:35	SQL :select id from wh_dashboard_persentase_day where company_id=2 and vhc_batch_id=6 and seat=29 and date='2023/6/15'
19/06/2023 17:42:35	SQL :UPDATE wh_dashboard_persentase_day SET date='2023/6/15',company_id=2,vhc_batch_id=6,seat=29,tot_perbaikan=0,created_date=GETDATE() WHERE company_id=2 and vhc_batch_id=6 and seat=29 and date='2023/6/15'
19/06/2023 17:42:35	Open DB Connection
19/06/2023 17:42:35	SQL :select id from wh_dashboard_persentase_day where company_id=2 and vhc_batch_id=6 and seat=29 and date='2023/6/16'
19/06/2023 17:42:35	SQL :UPDATE wh_dashboard_persentase_day SET date='2023/6/16',company_id=2,vhc_batch_id=6,seat=29,tot_perbaikan=1,created_date=GETDATE() WHERE company_id=2 and vhc_batch_id=6 and seat=29 and date='2023/6/16'
19/06/2023 17:42:35	Open DB Connection
19/06/2023 17:42:35	SQL :select id from wh_dashboard_persentase_day where company_id=2 and vhc_batch_id=6 and seat=29 and date='2023/6/17'
19/06/2023 17:42:35	SQL :UPDATE wh_dashboard_persentase_day SET date='2023/6/17',company_id=2,vhc_batch_id=6,seat=29,tot_perbaikan=0,created_date=GETDATE() WHERE company_id=2 and vhc_batch_id=6 and seat=29 and date='2023/6/17'
19/06/2023 17:42:35	Open DB Connection
19/06/2023 17:42:35	SQL :select id from wh_dashboard_persentase_day where company_id=2 and vhc_batch_id=6 and seat=29 and date='2023/6/18'
19/06/2023 17:42:35	SQL :UPDATE wh_dashboard_persentase_day SET date='2023/6/18',company_id=2,vhc_batch_id=6,seat=29,tot_perbaikan=0,created_date=GETDATE() WHERE company_id=2 and vhc_batch_id=6 and seat=29 and date='2023/6/18'
19/06/2023 17:42:35	Open DB Connection
19/06/2023 17:42:35	SQL :select id from wh_dashboard_persentase_day where company_id=2 and vhc_batch_id=6 and seat=29 and date='2023/6/19'
19/06/2023 17:42:35	SQL :UPDATE wh_dashboard_persentase_day SET date='2023/6/19',company_id=2,vhc_batch_id=6,seat=29,tot_perbaikan=1,created_date=GETDATE() WHERE company_id=2 and vhc_batch_id=6 and seat=29 and date='2023/6/19'
19/06/2023 17:42:35	Open DB Connection
19/06/2023 17:42:35	SQL :select id from wh_dashboard_persentase_day where company_id=2 and vhc_batch_id=6 and seat=29 and date='2023/6/20'
19/06/2023 17:42:35	SQL :UPDATE wh_dashboard_persentase_day SET date='2023/6/20',company_id=2,vhc_batch_id=6,seat=29,tot_perbaikan=0,created_date=GETDATE() WHERE company_id=2 and vhc_batch_id=6 and seat=29 and date='2023/6/20'
19/06/2023 17:42:35	Open DB Connection
19/06/2023 17:42:35	SQL :select id from wh_dashboard_persentase_day where company_id=2 and vhc_batch_id=6 and seat=29 and date='2023/6/21'
19/06/2023 17:42:35	SQL :UPDATE wh_dashboard_persentase_day SET date='2023/6/21',company_id=2,vhc_batch_id=6,seat=29,tot_perbaikan=2,created_date=GETDATE() WHERE company_id=2 and vhc_batch_id=6 and seat=29 and date='2023/6/21'
19/06/2023 17:42:35	Open DB Connection
19/06/2023 17:42:35	SQL :select id from wh_dashboard_persentase_day where company_id=2 and vhc_batch_id=6 and seat=29 and date='2023/6/22'
19/06/2023 17:42:35	SQL :UPDATE wh_dashboard_persentase_day SET date='2023/6/22',company_id=2,vhc_batch_id=6,seat=29,tot_perbaikan=2,created_date=GETDATE() WHERE company_id=2 and vhc_batch_id=6 and seat=29 and date='2023/6/22'
19/06/2023 17:42:35	Open DB Connection
19/06/2023 17:42:35	SQL :select id from wh_dashboard_persentase_day where company_id=2 and vhc_batch_id=6 and seat=29 and date='2023/6/23'
19/06/2023 17:42:35	SQL :UPDATE wh_dashboard_persentase_day SET date='2023/6/23',company_id=2,vhc_batch_id=6,seat=29,tot_perbaikan=2,created_date=GETDATE() WHERE company_id=2 and vhc_batch_id=6 and seat=29 and date='2023/6/23'
19/06/2023 17:42:35	Open DB Connection
19/06/2023 17:42:35	SQL :select id from wh_dashboard_persentase_day where company_id=2 and vhc_batch_id=6 and seat=29 and date='2023/6/24'
19/06/2023 17:42:35	SQL :UPDATE wh_dashboard_persentase_day SET date='2023/6/24',company_id=2,vhc_batch_id=6,seat=29,tot_perbaikan=3,created_date=GETDATE() WHERE company_id=2 and vhc_batch_id=6 and seat=29 and date='2023/6/24'
19/06/2023 17:42:35	Open DB Connection
19/06/2023 17:42:35	SQL :select id from wh_dashboard_persentase_day where company_id=2 and vhc_batch_id=6 and seat=29 and date='2023/6/25'
19/06/2023 17:42:35	SQL :UPDATE wh_dashboard_persentase_day SET date='2023/6/25',company_id=2,vhc_batch_id=6,seat=29,tot_perbaikan=3,created_date=GETDATE() WHERE company_id=2 and vhc_batch_id=6 and seat=29 and date='2023/6/25'
19/06/2023 17:42:35	Open DB Connection
19/06/2023 17:42:35	SQL :select id from wh_dashboard_persentase_day where company_id=2 and vhc_batch_id=6 and seat=29 and date='2023/6/26'
19/06/2023 17:42:35	SQL :UPDATE wh_dashboard_persentase_day SET date='2023/6/26',company_id=2,vhc_batch_id=6,seat=29,tot_perbaikan=2,created_date=GETDATE() WHERE company_id=2 and vhc_batch_id=6 and seat=29 and date='2023/6/26'
19/06/2023 17:42:35	Open DB Connection
19/06/2023 17:42:35	SQL :select id from wh_dashboard_persentase_day where company_id=2 and vhc_batch_id=6 and seat=29 and date='2023/6/27'
19/06/2023 17:42:35	SQL :UPDATE wh_dashboard_persentase_day SET date='2023/6/27',company_id=2,vhc_batch_id=6,seat=29,tot_perbaikan=2,created_date=GETDATE() WHERE company_id=2 and vhc_batch_id=6 and seat=29 and date='2023/6/27'
19/06/2023 17:42:35	Open DB Connection
19/06/2023 17:42:35	SQL :select id from wh_dashboard_persentase_day where company_id=2 and vhc_batch_id=6 and seat=29 and date='2023/6/28'
19/06/2023 17:42:36	SQL :UPDATE wh_dashboard_persentase_day SET date='2023/6/28',company_id=2,vhc_batch_id=6,seat=29,tot_perbaikan=2,created_date=GETDATE() WHERE company_id=2 and vhc_batch_id=6 and seat=29 and date='2023/6/28'
19/06/2023 17:42:36	Open DB Connection
19/06/2023 17:42:36	SQL :select id from wh_dashboard_persentase_day where company_id=2 and vhc_batch_id=6 and seat=29 and date='2023/6/29'
19/06/2023 17:42:36	SQL :UPDATE wh_dashboard_persentase_day SET date='2023/6/29',company_id=2,vhc_batch_id=6,seat=29,tot_perbaikan=2,created_date=GETDATE() WHERE company_id=2 and vhc_batch_id=6 and seat=29 and date='2023/6/29'
19/06/2023 17:42:36	Open DB Connection
19/06/2023 17:42:36	SQL :select id from wh_dashboard_persentase_day where company_id=2 and vhc_batch_id=6 and seat=29 and date='2023/6/30'
19/06/2023 17:42:36	SQL :UPDATE wh_dashboard_persentase_day SET date='2023/6/30',company_id=2,vhc_batch_id=6,seat=29,tot_perbaikan=2,created_date=GETDATE() WHERE company_id=2 and vhc_batch_id=6 and seat=29 and date='2023/6/30'
19/06/2023 17:42:36	Open DB Connection
19/06/2023 17:42:36	SQL :select id from wh_dashboard_persentase_day where company_id=2 and vhc_batch_id=6 and seat=29 and date='2023/6/1'
19/06/2023 17:42:36	SQL :UPDATE wh_dashboard_persentase_day SET date='2023/6/1',company_id=2,vhc_batch_id=6,seat=29,persentase_jalan=82,created_date=GETDATE() WHERE company_id=2 and vhc_batch_id=6 and seat=29 and date='2023/6/1'
19/06/2023 17:42:36	Open DB Connection
19/06/2023 17:42:36	SQL :select id from wh_dashboard_persentase_day where company_id=2 and vhc_batch_id=6 and seat=29 and date='2023/6/2'
19/06/2023 17:42:36	SQL :UPDATE wh_dashboard_persentase_day SET date='2023/6/2',company_id=2,vhc_batch_id=6,seat=29,persentase_jalan=82,created_date=GETDATE() WHERE company_id=2 and vhc_batch_id=6 and seat=29 and date='2023/6/2'
19/06/2023 17:42:36	Open DB Connection
19/06/2023 17:42:36	SQL :select id from wh_dashboard_persentase_day where company_id=2 and vhc_batch_id=6 and seat=29 and date='2023/6/3'
19/06/2023 17:42:36	SQL :UPDATE wh_dashboard_persentase_day SET date='2023/6/3',company_id=2,vhc_batch_id=6,seat=29,persentase_jalan=93,created_date=GETDATE() WHERE company_id=2 and vhc_batch_id=6 and seat=29 and date='2023/6/3'
19/06/2023 17:42:36	Open DB Connection
19/06/2023 17:42:36	SQL :select id from wh_dashboard_persentase_day where company_id=2 and vhc_batch_id=6 and seat=29 and date='2023/6/4'
19/06/2023 17:42:36	SQL :UPDATE wh_dashboard_persentase_day SET date='2023/6/4',company_id=2,vhc_batch_id=6,seat=29,persentase_jalan=83,created_date=GETDATE() WHERE company_id=2 and vhc_batch_id=6 and seat=29 and date='2023/6/4'
19/06/2023 17:42:36	Open DB Connection
19/06/2023 17:42:36	SQL :select id from wh_dashboard_persentase_day where company_id=2 and vhc_batch_id=6 and seat=29 and date='2023/6/5'
19/06/2023 17:42:36	SQL :UPDATE wh_dashboard_persentase_day SET date='2023/6/5',company_id=2,vhc_batch_id=6,seat=29,persentase_jalan=85,created_date=GETDATE() WHERE company_id=2 and vhc_batch_id=6 and seat=29 and date='2023/6/5'
19/06/2023 17:42:36	Open DB Connection
19/06/2023 17:42:36	SQL :select id from wh_dashboard_persentase_day where company_id=2 and vhc_batch_id=6 and seat=29 and date='2023/6/6'
19/06/2023 17:42:36	SQL :UPDATE wh_dashboard_persentase_day SET date='2023/6/6',company_id=2,vhc_batch_id=6,seat=29,persentase_jalan=86,created_date=GETDATE() WHERE company_id=2 and vhc_batch_id=6 and seat=29 and date='2023/6/6'
19/06/2023 17:42:36	Open DB Connection
19/06/2023 17:42:36	SQL :select id from wh_dashboard_persentase_day where company_id=2 and vhc_batch_id=6 and seat=29 and date='2023/6/7'
19/06/2023 17:42:36	SQL :UPDATE wh_dashboard_persentase_day SET date='2023/6/7',company_id=2,vhc_batch_id=6,seat=29,persentase_jalan=86,created_date=GETDATE() WHERE company_id=2 and vhc_batch_id=6 and seat=29 and date='2023/6/7'
19/06/2023 17:42:36	Open DB Connection
19/06/2023 17:42:36	SQL :select id from wh_dashboard_persentase_day where company_id=2 and vhc_batch_id=6 and seat=29 and date='2023/6/8'
19/06/2023 17:42:36	SQL :UPDATE wh_dashboard_persentase_day SET date='2023/6/8',company_id=2,vhc_batch_id=6,seat=29,persentase_jalan=92,created_date=GETDATE() WHERE company_id=2 and vhc_batch_id=6 and seat=29 and date='2023/6/8'
19/06/2023 17:42:36	Open DB Connection
19/06/2023 17:42:36	SQL :select id from wh_dashboard_persentase_day where company_id=2 and vhc_batch_id=6 and seat=29 and date='2023/6/9'
19/06/2023 17:42:36	SQL :UPDATE wh_dashboard_persentase_day SET date='2023/6/9',company_id=2,vhc_batch_id=6,seat=29,persentase_jalan=86,created_date=GETDATE() WHERE company_id=2 and vhc_batch_id=6 and seat=29 and date='2023/6/9'
19/06/2023 17:42:36	Open DB Connection
19/06/2023 17:42:36	SQL :select id from wh_dashboard_persentase_day where company_id=2 and vhc_batch_id=6 and seat=29 and date='2023/6/10'
19/06/2023 17:42:36	SQL :UPDATE wh_dashboard_persentase_day SET date='2023/6/10',company_id=2,vhc_batch_id=6,seat=29,persentase_jalan=67,created_date=GETDATE() WHERE company_id=2 and vhc_batch_id=6 and seat=29 and date='2023/6/10'
19/06/2023 17:42:36	Open DB Connection
19/06/2023 17:42:36	SQL :select id from wh_dashboard_persentase_day where company_id=2 and vhc_batch_id=6 and seat=29 and date='2023/6/11'
19/06/2023 17:42:36	SQL :UPDATE wh_dashboard_persentase_day SET date='2023/6/11',company_id=2,vhc_batch_id=6,seat=29,persentase_jalan=54,created_date=GETDATE() WHERE company_id=2 and vhc_batch_id=6 and seat=29 and date='2023/6/11'
19/06/2023 17:42:36	Open DB Connection
19/06/2023 17:42:36	SQL :select id from wh_dashboard_persentase_day where company_id=2 and vhc_batch_id=6 and seat=29 and date='2023/6/12'
19/06/2023 17:42:36	SQL :UPDATE wh_dashboard_persentase_day SET date='2023/6/12',company_id=2,vhc_batch_id=6,seat=29,persentase_jalan=80,created_date=GETDATE() WHERE company_id=2 and vhc_batch_id=6 and seat=29 and date='2023/6/12'
19/06/2023 17:42:36	Open DB Connection
19/06/2023 17:42:36	SQL :select id from wh_dashboard_persentase_day where company_id=2 and vhc_batch_id=6 and seat=29 and date='2023/6/13'
19/06/2023 17:42:36	SQL :UPDATE wh_dashboard_persentase_day SET date='2023/6/13',company_id=2,vhc_batch_id=6,seat=29,persentase_jalan=86,created_date=GETDATE() WHERE company_id=2 and vhc_batch_id=6 and seat=29 and date='2023/6/13'
19/06/2023 17:42:36	Open DB Connection
19/06/2023 17:42:36	SQL :select id from wh_dashboard_persentase_day where company_id=2 and vhc_batch_id=6 and seat=29 and date='2023/6/14'
19/06/2023 17:42:37	SQL :UPDATE wh_dashboard_persentase_day SET date='2023/6/14',company_id=2,vhc_batch_id=6,seat=29,persentase_jalan=86,created_date=GETDATE() WHERE company_id=2 and vhc_batch_id=6 and seat=29 and date='2023/6/14'
19/06/2023 17:42:37	Open DB Connection
19/06/2023 17:42:37	SQL :select id from wh_dashboard_persentase_day where company_id=2 and vhc_batch_id=6 and seat=29 and date='2023/6/15'
19/06/2023 17:42:37	SQL :UPDATE wh_dashboard_persentase_day SET date='2023/6/15',company_id=2,vhc_batch_id=6,seat=29,persentase_jalan=87,created_date=GETDATE() WHERE company_id=2 and vhc_batch_id=6 and seat=29 and date='2023/6/15'
19/06/2023 17:42:37	Open DB Connection
19/06/2023 17:42:37	SQL :select id from wh_dashboard_persentase_day where company_id=2 and vhc_batch_id=6 and seat=29 and date='2023/6/16'
19/06/2023 17:42:37	SQL :UPDATE wh_dashboard_persentase_day SET date='2023/6/16',company_id=2,vhc_batch_id=6,seat=29,persentase_jalan=86,created_date=GETDATE() WHERE company_id=2 and vhc_batch_id=6 and seat=29 and date='2023/6/16'
19/06/2023 17:42:37	Open DB Connection
19/06/2023 17:42:37	SQL :select id from wh_dashboard_persentase_day where company_id=2 and vhc_batch_id=6 and seat=29 and date='2023/6/17'
19/06/2023 17:42:37	SQL :UPDATE wh_dashboard_persentase_day SET date='2023/6/17',company_id=2,vhc_batch_id=6,seat=29,persentase_jalan=73,created_date=GETDATE() WHERE company_id=2 and vhc_batch_id=6 and seat=29 and date='2023/6/17'
19/06/2023 17:42:37	Open DB Connection
19/06/2023 17:42:37	SQL :select id from wh_dashboard_persentase_day where company_id=2 and vhc_batch_id=6 and seat=29 and date='2023/6/18'
19/06/2023 17:42:37	SQL :UPDATE wh_dashboard_persentase_day SET date='2023/6/18',company_id=2,vhc_batch_id=6,seat=29,persentase_jalan=40,created_date=GETDATE() WHERE company_id=2 and vhc_batch_id=6 and seat=29 and date='2023/6/18'
19/06/2023 17:42:37	Open DB Connection
19/06/2023 17:42:37	SQL :select id from wh_dashboard_persentase_day where company_id=2 and vhc_batch_id=6 and seat=29 and date='2023/6/19'
19/06/2023 17:42:37	SQL :UPDATE wh_dashboard_persentase_day SET date='2023/6/19',company_id=2,vhc_batch_id=6,seat=29,persentase_jalan=64,created_date=GETDATE() WHERE company_id=2 and vhc_batch_id=6 and seat=29 and date='2023/6/19'
19/06/2023 17:42:37	Open DB Connection
19/06/2023 17:42:37	SQL :select id from wh_dashboard_persentase_day where company_id=2 and vhc_batch_id=6 and seat=29 and date='2023/6/20'
19/06/2023 17:42:37	SQL :UPDATE wh_dashboard_persentase_day SET date='2023/6/20',company_id=2,vhc_batch_id=6,seat=29,persentase_jalan=67,created_date=GETDATE() WHERE company_id=2 and vhc_batch_id=6 and seat=29 and date='2023/6/20'
19/06/2023 17:42:37	Open DB Connection
19/06/2023 17:42:37	SQL :select id from wh_dashboard_persentase_day where company_id=2 and vhc_batch_id=6 and seat=29 and date='2023/6/21'
19/06/2023 17:42:37	SQL :UPDATE wh_dashboard_persentase_day SET date='2023/6/21',company_id=2,vhc_batch_id=6,seat=29,persentase_jalan=62,created_date=GETDATE() WHERE company_id=2 and vhc_batch_id=6 and seat=29 and date='2023/6/21'
19/06/2023 17:42:37	Open DB Connection
19/06/2023 17:42:37	SQL :select id from wh_dashboard_persentase_day where company_id=2 and vhc_batch_id=6 and seat=29 and date='2023/6/22'
19/06/2023 17:42:37	SQL :UPDATE wh_dashboard_persentase_day SET date='2023/6/22',company_id=2,vhc_batch_id=6,seat=29,persentase_jalan=69,created_date=GETDATE() WHERE company_id=2 and vhc_batch_id=6 and seat=29 and date='2023/6/22'
19/06/2023 17:42:37	Open DB Connection
19/06/2023 17:42:37	SQL :select id from wh_dashboard_persentase_day where company_id=2 and vhc_batch_id=6 and seat=29 and date='2023/6/23'
19/06/2023 17:42:37	SQL :UPDATE wh_dashboard_persentase_day SET date='2023/6/23',company_id=2,vhc_batch_id=6,seat=29,persentase_jalan=54,created_date=GETDATE() WHERE company_id=2 and vhc_batch_id=6 and seat=29 and date='2023/6/23'
19/06/2023 17:42:37	Open DB Connection
19/06/2023 17:42:37	SQL :select id from wh_dashboard_persentase_day where company_id=2 and vhc_batch_id=6 and seat=29 and date='2023/6/24'
19/06/2023 17:42:38	SQL :UPDATE wh_dashboard_persentase_day SET date='2023/6/24',company_id=2,vhc_batch_id=6,seat=29,persentase_jalan=75,created_date=GETDATE() WHERE company_id=2 and vhc_batch_id=6 and seat=29 and date='2023/6/24'
19/06/2023 17:42:38	Open DB Connection
19/06/2023 17:42:38	SQL :select id from wh_dashboard_persentase_day where company_id=2 and vhc_batch_id=6 and seat=29 and date='2023/6/25'
19/06/2023 17:42:38	SQL :UPDATE wh_dashboard_persentase_day SET date='2023/6/25',company_id=2,vhc_batch_id=6,seat=29,persentase_jalan=58,created_date=GETDATE() WHERE company_id=2 and vhc_batch_id=6 and seat=29 and date='2023/6/25'
19/06/2023 17:42:38	Open DB Connection
19/06/2023 17:42:38	SQL :select id from wh_dashboard_persentase_day where company_id=2 and vhc_batch_id=6 and seat=29 and date='2023/6/26'
19/06/2023 17:42:38	SQL :UPDATE wh_dashboard_persentase_day SET date='2023/6/26',company_id=2,vhc_batch_id=6,seat=29,persentase_jalan=54,created_date=GETDATE() WHERE company_id=2 and vhc_batch_id=6 and seat=29 and date='2023/6/26'
19/06/2023 17:42:38	Open DB Connection
19/06/2023 17:42:38	SQL :select id from wh_dashboard_persentase_day where company_id=2 and vhc_batch_id=6 and seat=29 and date='2023/6/27'
19/06/2023 17:42:38	SQL :UPDATE wh_dashboard_persentase_day SET date='2023/6/27',company_id=2,vhc_batch_id=6,seat=29,persentase_jalan=54,created_date=GETDATE() WHERE company_id=2 and vhc_batch_id=6 and seat=29 and date='2023/6/27'
19/06/2023 17:42:38	Open DB Connection
19/06/2023 17:42:38	SQL :select id from wh_dashboard_persentase_day where company_id=2 and vhc_batch_id=6 and seat=29 and date='2023/6/28'
19/06/2023 17:42:38	SQL :UPDATE wh_dashboard_persentase_day SET date='2023/6/28',company_id=2,vhc_batch_id=6,seat=29,persentase_jalan=69,created_date=GETDATE() WHERE company_id=2 and vhc_batch_id=6 and seat=29 and date='2023/6/28'
19/06/2023 17:42:38	Open DB Connection
19/06/2023 17:42:38	SQL :select id from wh_dashboard_persentase_day where company_id=2 and vhc_batch_id=6 and seat=29 and date='2023/6/29'
19/06/2023 17:42:38	SQL :UPDATE wh_dashboard_persentase_day SET date='2023/6/29',company_id=2,vhc_batch_id=6,seat=29,persentase_jalan=69,created_date=GETDATE() WHERE company_id=2 and vhc_batch_id=6 and seat=29 and date='2023/6/29'
19/06/2023 17:42:38	Open DB Connection
19/06/2023 17:42:38	SQL :select id from wh_dashboard_persentase_day where company_id=2 and vhc_batch_id=6 and seat=29 and date='2023/6/30'
19/06/2023 17:42:38	SQL :UPDATE wh_dashboard_persentase_day SET date='2023/6/30',company_id=2,vhc_batch_id=6,seat=29,persentase_jalan=77,created_date=GETDATE() WHERE company_id=2 and vhc_batch_id=6 and seat=29 and date='2023/6/30'
19/06/2023 17:42:41	Location change from6
19/06/2023 17:42:41	Open DB Connection
19/06/2023 17:42:45	Open DB Connection
19/06/2023 17:42:45	SQL :UPDATE wh_user SET company_location_id=26 WHERE username='nanang.andriani';
19/06/2023 17:42:45	Location change to2-6
19/06/2023 17:42:45	Open DB Connection
19/06/2023 17:42:45	SQL :EXEC GetUserMenu 'nanang.andriani';
19/06/2023 17:42:45	SQL :EXEC GetUserSubMenu 'nanang.andriani','11';
19/06/2023 17:42:45	SQL :EXEC GetUserTreeMenu 'nanang.andriani','1101',@CompanyId=9;
19/06/2023 17:42:45	SQL :EXEC GetUserTreeMenu 'nanang.andriani','1102',@CompanyId=9;
19/06/2023 17:42:45	SQL :EXEC GetUserTreeMenu 'nanang.andriani','1103',@CompanyId=9;
19/06/2023 17:42:45	SQL :EXEC GetUserTreeMenu 'nanang.andriani','1104',@CompanyId=9;
19/06/2023 17:42:46	SQL :EXEC GetUserTreeMenu 'nanang.andriani','1105',@CompanyId=9;
19/06/2023 17:42:46	SQL :EXEC GetUserTreeMenu 'nanang.andriani','1106',@CompanyId=9;
19/06/2023 17:42:46	SQL :EXEC GetUserTreeMenu 'nanang.andriani','1107',@CompanyId=9;
19/06/2023 17:42:46	SQL :EXEC GetUserTreeMenu 'nanang.andriani','1108',@CompanyId=9;
19/06/2023 17:42:46	SQL :EXEC GetUserTreeMenu 'nanang.andriani','1109',@CompanyId=9;
19/06/2023 17:42:46	SQL :EXEC GetUserTreeMenu 'nanang.andriani','1110',@CompanyId=9;
19/06/2023 17:42:46	SQL :EXEC GetUserTreeMenu 'nanang.andriani','1111',@CompanyId=9;
19/06/2023 17:42:46	SQL :EXEC GetUserTreeMenu 'nanang.andriani','1112',@CompanyId=9;
19/06/2023 17:42:46	SQL :EXEC GetUserTreeMenu 'nanang.andriani','1113',@CompanyId=9;
19/06/2023 17:42:46	SQL :EXEC GetUserTreeMenu 'nanang.andriani','1114',@CompanyId=9;
19/06/2023 17:42:46	SQL :EXEC GetUserTreeMenu 'nanang.andriani','1115',@CompanyId=9;
19/06/2023 17:42:46	SQL :EXEC GetUserTreeMenu 'nanang.andriani','1116',@CompanyId=9;
19/06/2023 17:42:46	SQL :EXEC GetUserTreeMenu 'nanang.andriani','1117',@CompanyId=9;
19/06/2023 17:42:46	SQL :EXEC GetUserTreeMenu 'nanang.andriani','1198',@CompanyId=9;
19/06/2023 17:42:46	SQL :EXEC GetUserTreeMenu 'nanang.andriani','1199',@CompanyId=9;
19/06/2023 17:42:47	SQL :EXEC GetUserSubMenu 'nanang.andriani','12';
19/06/2023 17:42:47	SQL :EXEC GetUserTreeMenu 'nanang.andriani','1201',@CompanyId=9;
19/06/2023 17:42:47	SQL :EXEC GetUserTreeMenu 'nanang.andriani','1202',@CompanyId=9;
19/06/2023 17:42:47	SQL :EXEC GetUserTreeMenu 'nanang.andriani','1203',@CompanyId=9;
19/06/2023 17:42:47	SQL :EXEC GetUserTreeMenu 'nanang.andriani','1204',@CompanyId=9;
19/06/2023 17:42:47	SQL :EXEC GetUserTreeMenu 'nanang.andriani','1205',@CompanyId=9;
19/06/2023 17:42:47	SQL :EXEC GetUserTreeMenu 'nanang.andriani','1206',@CompanyId=9;
19/06/2023 17:42:47	SQL :EXEC GetUserTreeMenu 'nanang.andriani','1207',@CompanyId=9;
19/06/2023 17:42:47	SQL :EXEC GetUserSubMenu 'nanang.andriani','13';
19/06/2023 17:42:47	SQL :EXEC GetUserTreeMenu 'nanang.andriani','1301',@CompanyId=9;
19/06/2023 17:42:47	SQL :EXEC GetUserTreeMenu 'nanang.andriani','1302',@CompanyId=9;
19/06/2023 17:42:48	SQL :EXEC GetUserTreeMenu 'nanang.andriani','1303',@CompanyId=9;
19/06/2023 17:42:48	SQL :EXEC GetUserTreeMenu 'nanang.andriani','1304',@CompanyId=9;
19/06/2023 17:42:48	SQL :EXEC GetUserTreeMenu 'nanang.andriani','1305',@CompanyId=9;
19/06/2023 17:42:48	SQL :EXEC GetUserTreeMenu 'nanang.andriani','1306',@CompanyId=9;
19/06/2023 17:42:48	SQL :EXEC GetUserTreeMenu 'nanang.andriani','1307',@CompanyId=9;
19/06/2023 17:42:48	SQL :EXEC GetUserTreeMenu 'nanang.andriani','1308',@CompanyId=9;
19/06/2023 17:42:48	SQL :EXEC GetUserTreeMenu 'nanang.andriani','1309',@CompanyId=9;
19/06/2023 17:42:48	SQL :EXEC GetUserTreeMenu 'nanang.andriani','1310',@CompanyId=9;
19/06/2023 17:42:48	SQL :EXEC GetUserTreeMenu 'nanang.andriani','1311',@CompanyId=9;
19/06/2023 17:42:48	SQL :EXEC GetUserTreeMenu 'nanang.andriani','1312',@CompanyId=9;
19/06/2023 17:42:48	SQL :EXEC GetUserTreeMenu 'nanang.andriani','1313',@CompanyId=9;
19/06/2023 17:42:48	SQL :EXEC GetUserTreeMenu 'nanang.andriani','1314',@CompanyId=9;
19/06/2023 17:42:48	SQL :EXEC GetUserTreeMenu 'nanang.andriani','1315',@CompanyId=9;
19/06/2023 17:42:48	SQL :EXEC GetUserTreeMenu 'nanang.andriani','1316',@CompanyId=9;
19/06/2023 17:42:48	SQL :EXEC GetUserTreeMenu 'nanang.andriani','1317',@CompanyId=9;
19/06/2023 17:42:48	SQL :EXEC GetUserTreeMenu 'nanang.andriani','1318',@CompanyId=9;
19/06/2023 17:42:49	SQL :EXEC GetUserTreeMenu 'nanang.andriani','1319',@CompanyId=9;
19/06/2023 17:42:49	SQL :EXEC GetUserTreeMenu 'nanang.andriani','1320',@CompanyId=9;
19/06/2023 17:42:49	SQL :EXEC GetUserTreeMenu 'nanang.andriani','1321',@CompanyId=9;
19/06/2023 17:42:49	SQL :EXEC GetUserTreeMenu 'nanang.andriani','1322',@CompanyId=9;
19/06/2023 17:42:49	SQL :EXEC GetUserSubMenu 'nanang.andriani','14';
19/06/2023 17:42:49	SQL :EXEC GetUserTreeMenu 'nanang.andriani','1401',@CompanyId=9;
19/06/2023 17:42:49	SQL :EXEC GetUserTreeMenu 'nanang.andriani','1402',@CompanyId=9;
19/06/2023 17:42:49	SQL :EXEC GetUserTreeMenu 'nanang.andriani','1403',@CompanyId=9;
19/06/2023 17:42:49	SQL :EXEC GetUserTreeMenu 'nanang.andriani','1404',@CompanyId=9;
19/06/2023 17:42:49	SQL :EXEC GetUserTreeMenu 'nanang.andriani','1406',@CompanyId=9;
19/06/2023 17:42:49	SQL :EXEC GetUserTreeMenu 'nanang.andriani','1408',@CompanyId=9;
19/06/2023 17:42:49	SQL :EXEC GetUserTreeMenu 'nanang.andriani','1410',@CompanyId=9;
19/06/2023 17:42:49	SQL :EXEC GetUserTreeMenu 'nanang.andriani','1411',@CompanyId=9;
19/06/2023 17:42:49	SQL :EXEC GetUserTreeMenu 'nanang.andriani','1412',@CompanyId=9;
19/06/2023 17:42:50	SQL :EXEC GetUserTreeMenu 'nanang.andriani','1413',@CompanyId=9;
19/06/2023 17:42:50	SQL :EXEC GetUserTreeMenu 'nanang.andriani','1414',@CompanyId=9;
19/06/2023 17:42:50	SQL :EXEC GetUserSubMenu 'nanang.andriani','15';
19/06/2023 17:42:50	SQL :EXEC GetUserTreeMenu 'nanang.andriani','1501',@CompanyId=9;
19/06/2023 17:42:50	SQL :EXEC GetUserTreeMenu 'nanang.andriani','1502',@CompanyId=9;
19/06/2023 17:42:50	SQL :EXEC GetUserTreeMenu 'nanang.andriani','1503',@CompanyId=9;
19/06/2023 17:42:50	SQL :EXEC GetUserTreeMenu 'nanang.andriani','1504',@CompanyId=9;
19/06/2023 17:42:50	SQL :EXEC GetUserTreeMenu 'nanang.andriani','1505',@CompanyId=9;
19/06/2023 17:42:50	SQL :EXEC GetUserTreeMenu 'nanang.andriani','1506',@CompanyId=9;
19/06/2023 17:42:50	SQL :EXEC GetUserTreeMenu 'nanang.andriani','1507',@CompanyId=9;
19/06/2023 17:42:50	SQL :EXEC GetUserTreeMenu 'nanang.andriani','1508',@CompanyId=9;
19/06/2023 17:42:50	SQL :EXEC GetUserTreeMenu 'nanang.andriani','1509',@CompanyId=9;
19/06/2023 17:42:50	SQL :EXEC GetUserTreeMenu 'nanang.andriani','1510',@CompanyId=9;
19/06/2023 17:42:50	SQL :EXEC GetUserTreeMenu 'nanang.andriani','1511',@CompanyId=9;
19/06/2023 17:42:50	SQL :EXEC GetUserSubMenu 'nanang.andriani','16';
19/06/2023 17:42:50	SQL :EXEC GetUserTreeMenu 'nanang.andriani','1601',@CompanyId=9;
19/06/2023 17:42:50	SQL :EXEC GetUserTreeMenu 'nanang.andriani','1602',@CompanyId=9;
19/06/2023 17:42:50	SQL :EXEC GetUserTreeMenu 'nanang.andriani','1603',@CompanyId=9;
19/06/2023 17:42:50	SQL :EXEC GetUserTreeMenu 'nanang.andriani','1604',@CompanyId=9;
19/06/2023 17:42:50	SQL :EXEC GetUserTreeMenu 'nanang.andriani','1605',@CompanyId=9;
19/06/2023 17:42:50	SQL :EXEC GetUserTreeMenu 'nanang.andriani','1606',@CompanyId=9;
19/06/2023 17:42:50	SQL :EXEC GetUserTreeMenu 'nanang.andriani','1607',@CompanyId=9;
19/06/2023 17:42:50	SQL :EXEC GetUserTreeMenu 'nanang.andriani','1608',@CompanyId=9;
19/06/2023 17:42:51	SQL :EXEC GetUserTreeMenu 'nanang.andriani','1609',@CompanyId=9;
19/06/2023 17:42:51	SQL :EXEC GetUserTreeMenu 'nanang.andriani','1610',@CompanyId=9;
19/06/2023 17:42:51	SQL :EXEC GetUserTreeMenu 'nanang.andriani','1611',@CompanyId=9;
19/06/2023 17:42:51	SQL :EXEC GetUserTreeMenu 'nanang.andriani','1612',@CompanyId=9;
19/06/2023 17:42:51	SQL :EXEC GetUserTreeMenu 'nanang.andriani','1613',@CompanyId=9;
19/06/2023 17:42:51	SQL :EXEC GetUserTreeMenu 'nanang.andriani','1614',@CompanyId=9;
19/06/2023 17:42:51	SQL :EXEC GetUserTreeMenu 'nanang.andriani','1615',@CompanyId=9;
19/06/2023 17:42:51	SQL :EXEC GetUserTreeMenu 'nanang.andriani','1616',@CompanyId=9;
19/06/2023 17:42:51	SQL :EXEC GetUserTreeMenu 'nanang.andriani','1619',@CompanyId=9;
19/06/2023 17:42:51	SQL :EXEC GetUserTreeMenu 'nanang.andriani','1620',@CompanyId=9;
19/06/2023 17:42:51	SQL :EXEC GetUserSubMenu 'nanang.andriani','17';
19/06/2023 17:42:52	SQL :EXEC GetUserTreeMenu 'nanang.andriani','1701',@CompanyId=9;
19/06/2023 17:42:52	SQL :EXEC GetUserTreeMenu 'nanang.andriani','1702',@CompanyId=9;
19/06/2023 17:42:52	SQL :EXEC GetUserTreeMenu 'nanang.andriani','1703',@CompanyId=9;
19/06/2023 17:42:52	SQL :EXEC GetUserTreeMenu 'nanang.andriani','1704',@CompanyId=9;
19/06/2023 17:42:52	SQL :EXEC GetUserTreeMenu 'nanang.andriani','1705',@CompanyId=9;
19/06/2023 17:42:52	SQL :EXEC GetUserTreeMenu 'nanang.andriani','1706',@CompanyId=9;
19/06/2023 17:42:52	SQL :EXEC GetUserTreeMenu 'nanang.andriani','1707',@CompanyId=9;
19/06/2023 17:42:52	SQL :EXEC GetUserTreeMenu 'nanang.andriani','1708',@CompanyId=9;
19/06/2023 17:42:52	SQL :EXEC GetUserTreeMenu 'nanang.andriani','1709',@CompanyId=9;
19/06/2023 17:42:52	SQL :EXEC GetUserTreeMenu 'nanang.andriani','1710',@CompanyId=9;
19/06/2023 17:42:52	SQL :EXEC GetUserTreeMenu 'nanang.andriani','1711',@CompanyId=9;
19/06/2023 17:42:52	SQL :EXEC GetUserTreeMenu 'nanang.andriani','1712',@CompanyId=9;
19/06/2023 17:42:52	SQL :EXEC GetUserTreeMenu 'nanang.andriani','1713',@CompanyId=9;
19/06/2023 17:42:52	SQL :EXEC GetUserTreeMenu 'nanang.andriani','1714',@CompanyId=9;
19/06/2023 17:42:52	SQL :EXEC GetUserTreeMenu 'nanang.andriani','1715',@CompanyId=9;
19/06/2023 17:42:52	SQL :EXEC GetUserTreeMenu 'nanang.andriani','1716',@CompanyId=9;
19/06/2023 17:42:52	SQL :EXEC GetUserTreeMenu 'nanang.andriani','1717',@CompanyId=9;
19/06/2023 17:42:52	SQL :EXEC GetUserSubMenu 'nanang.andriani','18';
19/06/2023 17:42:52	SQL :EXEC GetUserTreeMenu 'nanang.andriani','1801',@CompanyId=9;
19/06/2023 17:42:52	SQL :EXEC GetUserSubMenu 'nanang.andriani','19';
19/06/2023 17:42:52	SQL :EXEC GetUserTreeMenu 'nanang.andriani','1901',@CompanyId=9;
19/06/2023 17:42:52	SQL :EXEC GetUserTreeMenu 'nanang.andriani','1902',@CompanyId=9;
19/06/2023 17:42:52	SQL :EXEC GetUserTreeMenu 'nanang.andriani','1903',@CompanyId=9;
19/06/2023 17:42:52	SQL :EXEC GetUserTreeMenu 'nanang.andriani','1904',@CompanyId=9;
19/06/2023 17:42:53	SQL :EXEC GetUserTreeMenu 'nanang.andriani','1905',@CompanyId=9;
19/06/2023 17:42:53	SQL :EXEC GetUserTreeMenu 'nanang.andriani','1906',@CompanyId=9;
19/06/2023 17:42:53	SQL :EXEC GetUserTreeMenu 'nanang.andriani','1907',@CompanyId=9;
19/06/2023 17:42:53	SQL :EXEC GetUserTreeMenu 'nanang.andriani','1908',@CompanyId=9;
19/06/2023 17:42:53	SQL :EXEC GetUserTreeMenu 'nanang.andriani','1909',@CompanyId=9;
19/06/2023 17:42:53	SQL :EXEC GetUserTreeMenu 'nanang.andriani','1910',@CompanyId=9;
19/06/2023 17:42:53	SQL :EXEC GetUserTreeMenu 'nanang.andriani','1911',@CompanyId=9;
19/06/2023 17:42:53	SQL :EXEC GetUserTreeMenu 'nanang.andriani','1912',@CompanyId=9;
19/06/2023 17:43:01	Open Menu :190507
19/06/2023 17:43:01	Open DB Connection
19/06/2023 17:43:01	SQL :EXEC AuthMenu 'nanang.andriani',190507;
19/06/2023 17:43:01	Form Check :BusRunningDaysminiRpt
19/06/2023 17:43:01	Form Open: BusRunningDaysMiniRpt=,0
19/06/2023 17:43:01	Open DB Connection
19/06/2023 17:43:01	SQL :EXEC GetCompanyLocationList
19/06/2023 17:43:01	SQL :EXEC GetUserRDLocationList @UserName='nanang.andriani' ;
19/06/2023 17:43:01	SQL :EXEC GetGroup 9;
19/06/2023 17:43:01	Open DB Connection
19/06/2023 17:43:04	Open DB Connection
19/06/2023 17:43:11	Open DB Connection
19/06/2023 17:43:12	Open DB Connection
19/06/2023 17:43:12	SQL :SELECT * FROM wh_setting WHERE (setting_name='ServiceBerkala_as_PKB_9') AND (active=1);
19/06/2023 17:43:12	Open DB Connection
19/06/2023 17:43:12	SQL :EXEC GetVhcList 14,@CompanyId=9,@OrderBy='category, category_sequence_number,h.vhc_batch_id,seat,license_plate',@ShowBatch=1,@isOutsideRent=0,@Dates='2023/06/30';
19/06/2023 17:43:12	SQL :EXEC GetRunningDaysDetail 'BS923010001',@FromDate='2023-06-01',@ToDate='2023-06-30', @CompanyId=9;
19/06/2023 17:43:13	SQL :EXEC GetRunningDaysDetail 'BS923030002',@FromDate='2023-06-01',@ToDate='2023-06-30', @CompanyId=9;
19/06/2023 17:43:13	SQL :EXEC GetRunningDaysDetail 'BS217020006',@FromDate='2023-06-01',@ToDate='2023-06-30', @CompanyId=9;
19/06/2023 17:43:13	SQL :EXEC GetRunningDaysDetail 'BS221070071',@FromDate='2023-06-01',@ToDate='2023-06-30', @CompanyId=9;
19/06/2023 17:43:13	SQL :EXEC GetRunningDaysDetail 'BS221070070',@FromDate='2023-06-01',@ToDate='2023-06-30', @CompanyId=9;
19/06/2023 17:43:14	SQL :EXEC GetRunningDaysDetail 'BS221070065',@FromDate='2023-06-01',@ToDate='2023-06-30', @CompanyId=9;
19/06/2023 17:43:14	SQL :EXEC GetRunningDaysDetail 'BS17100019',@FromDate='2023-06-01',@ToDate='2023-06-30', @CompanyId=9;
19/06/2023 17:43:14	SQL :EXEC GetRunningDaysDetail 'BS1118070004',@FromDate='2023-06-01',@ToDate='2023-06-30', @CompanyId=9;
19/06/2023 17:43:14	SQL :EXEC GetRunningDaysDetail 'BS923020002',@FromDate='2023-06-01',@ToDate='2023-06-30', @CompanyId=9;
19/06/2023 17:43:15	SQL :EXEC GetRunningDaysDetail 'BS922120003',@FromDate='2023-06-01',@ToDate='2023-06-30', @CompanyId=9;
19/06/2023 17:43:15	SQL :EXEC GetRunningDaysDetail 'BS923030004',@FromDate='2023-06-01',@ToDate='2023-06-30', @CompanyId=9;
19/06/2023 17:43:15	SQL :EXEC GetRunningDaysDetail 'BS923030006',@FromDate='2023-06-01',@ToDate='2023-06-30', @CompanyId=9;
19/06/2023 17:43:15	SQL :EXEC GetRunningDaysDetail 'BS923030003',@FromDate='2023-06-01',@ToDate='2023-06-30', @CompanyId=9;
19/06/2023 17:43:15	SQL :EXEC GetRunningDaysDetail 'BS923030005',@FromDate='2023-06-01',@ToDate='2023-06-30', @CompanyId=9;
19/06/2023 17:43:15	SQL :EXEC GetRunningDaysDetail 'BS923030007',@FromDate='2023-06-01',@ToDate='2023-06-30', @CompanyId=9;
19/06/2023 17:43:15	SQL :EXEC GetRunningDaysDetail 'BS923040002',@FromDate='2023-06-01',@ToDate='2023-06-30', @CompanyId=9;
19/06/2023 17:43:15	SQL :EXEC GetRunningDaysDetail 'BS15090027',@FromDate='2023-06-01',@ToDate='2023-06-30', @CompanyId=9;
19/06/2023 17:43:15	SQL :EXEC GetRunningDaysDetail 'BS15090017',@FromDate='2023-06-01',@ToDate='2023-06-30', @CompanyId=9;
19/06/2023 17:43:16	SQL :EXEC GetRunningDaysDetail 'BS15090016',@FromDate='2023-06-01',@ToDate='2023-06-30', @CompanyId=9;
19/06/2023 17:43:16	SQL :EXEC GetRunningDaysDetail 'BS15090031',@FromDate='2023-06-01',@ToDate='2023-06-30', @CompanyId=9;
19/06/2023 17:43:16	SQL :EXEC GetRunningDaysDetail 'BS15090030',@FromDate='2023-06-01',@ToDate='2023-06-30', @CompanyId=9;
19/06/2023 17:43:16	SQL :EXEC GetRunningDaysDetail 'BS922070001',@FromDate='2023-06-01',@ToDate='2023-06-30', @CompanyId=9;
19/06/2023 17:43:17	SQL :EXEC GetRunningDaysDetail 'BS922070002',@FromDate='2023-06-01',@ToDate='2023-06-30', @CompanyId=9;
19/06/2023 17:43:17	Message:Port Check
19/06/2023 17:43:17	Message:Open DB Connection
19/06/2023 17:43:17	SQL :EXEC GetMessage '01','nanang.andriani';
19/06/2023 17:43:17	SQL :SELECT CONVERT(VARCHAR(8),GETDATE(),108) AS hour_minute;
19/06/2023 17:43:17	SQL :SELECT CONVERT(VARCHAR(10),GETDATE(),103) AS date_time;
19/06/2023 17:43:17	SQL :EXEC GetRunningDaysDetail 'BS923020003',@FromDate='2023-06-01',@ToDate='2023-06-30', @CompanyId=9;
19/06/2023 17:43:18	SQL :EXEC GetRunningDaysDetail 'BU00000023',@FromDate='2023-06-01',@ToDate='2023-06-30', @CompanyId=9;
19/06/2023 17:43:18	SQL :EXEC GetRunningDaysDetail 'BS922110001',@FromDate='2023-06-01',@ToDate='2023-06-30', @CompanyId=9;
19/06/2023 17:43:18	SQL :EXEC GetRunningDaysDetail 'BS922120001',@FromDate='2023-06-01',@ToDate='2023-06-30', @CompanyId=9;
19/06/2023 17:43:18	SQL :EXEC GetRunningDaysDetail 'BS921120001',@FromDate='2023-06-01',@ToDate='2023-06-30', @CompanyId=9;
19/06/2023 17:43:18	SQL :EXEC GetRunningDaysDetail 'BS920050001',@FromDate='2023-06-01',@ToDate='2023-06-30', @CompanyId=9;
19/06/2023 17:43:18	Open DB Connection
19/06/2023 17:43:18	SQL :SELECT value FROM wh_dashboard WHERE (name='persen_utilisasi')AND(company_id=9)AND(location_id=14)AND(month=6)AND(year=2023);
19/06/2023 17:43:19	SQL :UPDATE wh_dashboard SET value='49 %',update_time=GETDATE(),update_user='nanang.andriani' WHERE (name='persen_utilisasi')AND(company_id=9)AND(location_id=14)AND(month=6) AND (year=2023);
19/06/2023 17:53:24	Message:Port Check
19/06/2023 17:53:24	Message:Open DB Connection
19/06/2023 17:53:24	SQL :EXEC GetMessage '01','nanang.andriani';
19/06/2023 17:53:24	SQL :SELECT CONVERT(VARCHAR(8),GETDATE(),108) AS hour_minute;
19/06/2023 17:53:24	SQL :SELECT CONVERT(VARCHAR(10),GETDATE(),103) AS date_time;
19/06/2023 18:03:31	Message:Port Check
19/06/2023 18:03:31	Message:Open DB Connection
19/06/2023 18:03:31	SQL :EXEC GetMessage '01','nanang.andriani';
19/06/2023 18:03:31	SQL :SELECT CONVERT(VARCHAR(8),GETDATE(),108) AS hour_minute;
19/06/2023 18:03:31	SQL :SELECT CONVERT(VARCHAR(10),GETDATE(),103) AS date_time;
19/06/2023 18:13:39	Message:Port Check
19/06/2023 18:13:39	Message:Open DB Connection
19/06/2023 18:13:39	SQL :EXEC GetMessage '01','nanang.andriani';
19/06/2023 18:13:39	SQL :SELECT CONVERT(VARCHAR(8),GETDATE(),108) AS hour_minute;
19/06/2023 18:13:39	SQL :SELECT CONVERT(VARCHAR(10),GETDATE(),103) AS date_time;
19/06/2023 18:23:47	Message:Port Check
19/06/2023 18:23:48	Message:Open DB Connection
19/06/2023 18:23:48	SQL :EXEC GetMessage '01','nanang.andriani';
19/06/2023 18:23:48	SQL :SELECT CONVERT(VARCHAR(8),GETDATE(),108) AS hour_minute;
19/06/2023 18:23:48	SQL :SELECT CONVERT(VARCHAR(10),GETDATE(),103) AS date_time;
19/06/2023 18:33:56	Message:Port Check
19/06/2023 18:33:56	Message:Open DB Connection
19/06/2023 18:33:56	SQL :EXEC GetMessage '01','nanang.andriani';
19/06/2023 18:33:56	SQL :SELECT CONVERT(VARCHAR(8),GETDATE(),108) AS hour_minute;
19/06/2023 18:33:56	SQL :SELECT CONVERT(VARCHAR(10),GETDATE(),103) AS date_time;
19/06/2023 18:44:04	Message:Port Check
19/06/2023 18:44:04	Message:Open DB Connection
19/06/2023 18:44:04	SQL :EXEC GetMessage '01','nanang.andriani';
19/06/2023 18:44:04	SQL :SELECT CONVERT(VARCHAR(8),GETDATE(),108) AS hour_minute;
19/06/2023 18:44:04	SQL :SELECT CONVERT(VARCHAR(10),GETDATE(),103) AS date_time;
19/06/2023 18:54:13	Message:Port Check
19/06/2023 18:54:13	Message:Open DB Connection
19/06/2023 18:54:13	SQL :EXEC GetMessage '01','nanang.andriani';
19/06/2023 18:54:13	SQL :SELECT CONVERT(VARCHAR(8),GETDATE(),108) AS hour_minute;
19/06/2023 18:54:13	SQL :SELECT CONVERT(VARCHAR(10),GETDATE(),103) AS date_time;
19/06/2023 19:04:21	Message:Port Check
19/06/2023 19:04:21	Message:Open DB Connection
19/06/2023 19:04:21	SQL :EXEC GetMessage '01','nanang.andriani';
19/06/2023 19:04:21	SQL :SELECT CONVERT(VARCHAR(8),GETDATE(),108) AS hour_minute;
19/06/2023 19:04:21	SQL :SELECT CONVERT(VARCHAR(10),GETDATE(),103) AS date_time;
19/06/2023 19:14:29	Message:Port Check
19/06/2023 19:14:29	Message:Open DB Connection
19/06/2023 19:14:29	SQL :EXEC GetMessage '01','nanang.andriani';
19/06/2023 19:14:29	SQL :SELECT CONVERT(VARCHAR(8),GETDATE(),108) AS hour_minute;
19/06/2023 19:14:29	SQL :SELECT CONVERT(VARCHAR(10),GETDATE(),103) AS date_time;
19/06/2023 19:24:37	Message:Port Check
19/06/2023 19:24:37	Message:Open DB Connection
19/06/2023 19:24:37	SQL :EXEC GetMessage '01','nanang.andriani';
19/06/2023 19:24:38	SQL :SELECT CONVERT(VARCHAR(8),GETDATE(),108) AS hour_minute;
19/06/2023 19:24:38	SQL :SELECT CONVERT(VARCHAR(10),GETDATE(),103) AS date_time;
19/06/2023 19:34:46	Message:Port Check
19/06/2023 19:34:46	Message:Open DB Connection
19/06/2023 19:34:46	SQL :EXEC GetMessage '01','nanang.andriani';
19/06/2023 19:34:46	SQL :SELECT CONVERT(VARCHAR(8),GETDATE(),108) AS hour_minute;
19/06/2023 19:34:46	SQL :SELECT CONVERT(VARCHAR(10),GETDATE(),103) AS date_time;
19/06/2023 19:44:54	Message:Port Check
19/06/2023 19:44:54	Message:Open DB Connection
19/06/2023 19:44:54	SQL :EXEC GetMessage '01','nanang.andriani';
19/06/2023 19:44:54	SQL :SELECT CONVERT(VARCHAR(8),GETDATE(),108) AS hour_minute;
19/06/2023 19:44:54	SQL :SELECT CONVERT(VARCHAR(10),GETDATE(),103) AS date_time;
19/06/2023 19:55:03	Message:Port Check
19/06/2023 19:55:03	Message:Open DB Connection
19/06/2023 19:55:03	SQL :EXEC GetMessage '01','nanang.andriani';
19/06/2023 19:55:03	SQL :SELECT CONVERT(VARCHAR(8),GETDATE(),108) AS hour_minute;
19/06/2023 19:55:03	SQL :SELECT CONVERT(VARCHAR(10),GETDATE(),103) AS date_time;
19/06/2023 20:05:11	Message:Port Check
19/06/2023 20:05:11	Message:Open DB Connection
19/06/2023 20:05:11	SQL :EXEC GetMessage '01','nanang.andriani';
19/06/2023 20:05:11	SQL :SELECT CONVERT(VARCHAR(8),GETDATE(),108) AS hour_minute;
19/06/2023 20:05:11	SQL :SELECT CONVERT(VARCHAR(10),GETDATE(),103) AS date_time;
19/06/2023 20:15:20	Message:Port Check
19/06/2023 20:15:20	Message:Open DB Connection
19/06/2023 20:15:20	SQL :EXEC GetMessage '01','nanang.andriani';
19/06/2023 20:15:20	SQL :SELECT CONVERT(VARCHAR(8),GETDATE(),108) AS hour_minute;
19/06/2023 20:15:20	SQL :SELECT CONVERT(VARCHAR(10),GETDATE(),103) AS date_time;
19/06/2023 20:25:28	Message:Port Check
19/06/2023 20:25:28	Message:Open DB Connection
19/06/2023 20:25:28	SQL :EXEC GetMessage '01','nanang.andriani';
19/06/2023 20:25:28	SQL :SELECT CONVERT(VARCHAR(8),GETDATE(),108) AS hour_minute;
19/06/2023 20:25:28	SQL :SELECT CONVERT(VARCHAR(10),GETDATE(),103) AS date_time;
19/06/2023 20:35:37	Message:Port Check
19/06/2023 20:35:37	Message:Open DB Connection
19/06/2023 20:35:37	SQL :EXEC GetMessage '01','nanang.andriani';
19/06/2023 20:35:37	SQL :SELECT CONVERT(VARCHAR(8),GETDATE(),108) AS hour_minute;
19/06/2023 20:35:37	SQL :SELECT CONVERT(VARCHAR(10),GETDATE(),103) AS date_time;
19/06/2023 20:45:45	Message:Port Check
19/06/2023 20:45:45	Message:Open DB Connection
19/06/2023 20:45:45	SQL :EXEC GetMessage '01','nanang.andriani';
19/06/2023 20:45:45	SQL :SELECT CONVERT(VARCHAR(8),GETDATE(),108) AS hour_minute;
19/06/2023 20:45:45	SQL :SELECT CONVERT(VARCHAR(10),GETDATE(),103) AS date_time;
19/06/2023 20:55:53	Message:Port Check
19/06/2023 20:55:54	Message:Open DB Connection
19/06/2023 20:55:54	SQL :EXEC GetMessage '01','nanang.andriani';
19/06/2023 20:55:54	SQL :SELECT CONVERT(VARCHAR(8),GETDATE(),108) AS hour_minute;
19/06/2023 20:55:54	SQL :SELECT CONVERT(VARCHAR(10),GETDATE(),103) AS date_time;
19/06/2023 21:06:02	Message:Port Check
19/06/2023 21:06:02	Message:Open DB Connection
19/06/2023 21:06:02	SQL :EXEC GetMessage '01','nanang.andriani';
19/06/2023 21:06:02	SQL :SELECT CONVERT(VARCHAR(8),GETDATE(),108) AS hour_minute;
19/06/2023 21:06:02	SQL :SELECT CONVERT(VARCHAR(10),GETDATE(),103) AS date_time;
19/06/2023 21:16:10	Message:Port Check
19/06/2023 21:16:10	Message:Open DB Connection
19/06/2023 21:16:10	SQL :EXEC GetMessage '01','nanang.andriani';
19/06/2023 21:16:10	SQL :SELECT CONVERT(VARCHAR(8),GETDATE(),108) AS hour_minute;
19/06/2023 21:16:10	SQL :SELECT CONVERT(VARCHAR(10),GETDATE(),103) AS date_time;
19/06/2023 21:26:19	Message:Port Check
19/06/2023 21:26:19	Message:Open DB Connection
19/06/2023 21:26:19	SQL :EXEC GetMessage '01','nanang.andriani';
19/06/2023 21:26:19	SQL :SELECT CONVERT(VARCHAR(8),GETDATE(),108) AS hour_minute;
19/06/2023 21:26:19	SQL :SELECT CONVERT(VARCHAR(10),GETDATE(),103) AS date_time;
19/06/2023 21:36:27	Message:Port Check
19/06/2023 21:36:27	Message:Open DB Connection
19/06/2023 21:36:27	SQL :EXEC GetMessage '01','nanang.andriani';
19/06/2023 21:36:27	SQL :SELECT CONVERT(VARCHAR(8),GETDATE(),108) AS hour_minute;
19/06/2023 21:36:27	SQL :SELECT CONVERT(VARCHAR(10),GETDATE(),103) AS date_time;
19/06/2023 21:46:35	Message:Port Check
19/06/2023 21:46:35	Message:Open DB Connection
19/06/2023 21:46:35	SQL :EXEC GetMessage '01','nanang.andriani';
19/06/2023 21:46:35	SQL :SELECT CONVERT(VARCHAR(8),GETDATE(),108) AS hour_minute;
19/06/2023 21:46:35	SQL :SELECT CONVERT(VARCHAR(10),GETDATE(),103) AS date_time;
19/06/2023 21:56:44	Message:Port Check
19/06/2023 21:56:44	Message:Open DB Connection
19/06/2023 21:56:44	SQL :EXEC GetMessage '01','nanang.andriani';
19/06/2023 21:56:44	SQL :SELECT CONVERT(VARCHAR(8),GETDATE(),108) AS hour_minute;
19/06/2023 21:56:44	SQL :SELECT CONVERT(VARCHAR(10),GETDATE(),103) AS date_time;
19/06/2023 22:06:52	Message:Port Check
19/06/2023 22:06:52	Message:Open DB Connection
19/06/2023 22:06:52	SQL :EXEC GetMessage '01','nanang.andriani';
19/06/2023 22:06:52	SQL :SELECT CONVERT(VARCHAR(8),GETDATE(),108) AS hour_minute;
19/06/2023 22:06:52	SQL :SELECT CONVERT(VARCHAR(10),GETDATE(),103) AS date_time;
19/06/2023 22:17:00	Message:Port Check
19/06/2023 22:17:00	Message:Open DB Connection
19/06/2023 22:17:00	SQL :EXEC GetMessage '01','nanang.andriani';
19/06/2023 22:17:00	SQL :SELECT CONVERT(VARCHAR(8),GETDATE(),108) AS hour_minute;
19/06/2023 22:17:00	SQL :SELECT CONVERT(VARCHAR(10),GETDATE(),103) AS date_time;
19/06/2023 22:27:09	Message:Port Check
19/06/2023 22:27:09	Message:Open DB Connection
19/06/2023 22:27:09	SQL :EXEC GetMessage '01','nanang.andriani';
19/06/2023 22:27:09	SQL :SELECT CONVERT(VARCHAR(8),GETDATE(),108) AS hour_minute;
19/06/2023 22:27:09	SQL :SELECT CONVERT(VARCHAR(10),GETDATE(),103) AS date_time;
19/06/2023 22:37:17	Message:Port Check
19/06/2023 22:37:17	Message:Open DB Connection
19/06/2023 22:37:17	SQL :EXEC GetMessage '01','nanang.andriani';
19/06/2023 22:37:17	SQL :SELECT CONVERT(VARCHAR(8),GETDATE(),108) AS hour_minute;
19/06/2023 22:37:17	SQL :SELECT CONVERT(VARCHAR(10),GETDATE(),103) AS date_time;
19/06/2023 22:47:25	Message:Port Check
19/06/2023 22:47:25	Message:Open DB Connection
19/06/2023 22:47:25	SQL :EXEC GetMessage '01','nanang.andriani';
19/06/2023 22:47:25	SQL :SELECT CONVERT(VARCHAR(8),GETDATE(),108) AS hour_minute;
19/06/2023 22:47:26	SQL :SELECT CONVERT(VARCHAR(10),GETDATE(),103) AS date_time;
19/06/2023 22:57:33	Message:Port Check
19/06/2023 22:57:33	Message:Open DB Connection
19/06/2023 22:57:33	SQL :EXEC GetMessage '01','nanang.andriani';
19/06/2023 22:57:34	SQL :SELECT CONVERT(VARCHAR(8),GETDATE(),108) AS hour_minute;
19/06/2023 22:57:34	SQL :SELECT CONVERT(VARCHAR(10),GETDATE(),103) AS date_time;
19/06/2023 23:07:42	Message:Port Check
19/06/2023 23:07:42	Message:Open DB Connection
19/06/2023 23:07:42	SQL :EXEC GetMessage '01','nanang.andriani';
19/06/2023 23:07:42	SQL :SELECT CONVERT(VARCHAR(8),GETDATE(),108) AS hour_minute;
19/06/2023 23:07:42	SQL :SELECT CONVERT(VARCHAR(10),GETDATE(),103) AS date_time;
19/06/2023 23:17:50	Message:Port Check
19/06/2023 23:17:50	Message:Open DB Connection
19/06/2023 23:17:50	SQL :EXEC GetMessage '01','nanang.andriani';
19/06/2023 23:17:50	SQL :SELECT CONVERT(VARCHAR(8),GETDATE(),108) AS hour_minute;
19/06/2023 23:17:50	SQL :SELECT CONVERT(VARCHAR(10),GETDATE(),103) AS date_time;
19/06/2023 23:27:58	Message:Port Check
19/06/2023 23:27:58	Message:Open DB Connection
19/06/2023 23:27:58	SQL :EXEC GetMessage '01','nanang.andriani';
19/06/2023 23:27:59	SQL :SELECT CONVERT(VARCHAR(8),GETDATE(),108) AS hour_minute;
19/06/2023 23:27:59	SQL :SELECT CONVERT(VARCHAR(10),GETDATE(),103) AS date_time;
19/06/2023 23:38:07	Message:Port Check
19/06/2023 23:38:07	Message:Open DB Connection
19/06/2023 23:38:07	SQL :EXEC GetMessage '01','nanang.andriani';
19/06/2023 23:38:07	SQL :SELECT CONVERT(VARCHAR(8),GETDATE(),108) AS hour_minute;
19/06/2023 23:38:07	SQL :SELECT CONVERT(VARCHAR(10),GETDATE(),103) AS date_time;
19/06/2023 23:48:15	Message:Port Check
19/06/2023 23:48:15	Message:Open DB Connection
19/06/2023 23:48:15	SQL :EXEC GetMessage '01','nanang.andriani';
19/06/2023 23:48:15	SQL :SELECT CONVERT(VARCHAR(8),GETDATE(),108) AS hour_minute;
19/06/2023 23:48:15	SQL :SELECT CONVERT(VARCHAR(10),GETDATE(),103) AS date_time;
19/06/2023 23:58:23	Message:Port Check
19/06/2023 23:58:23	Message:Open DB Connection
19/06/2023 23:58:23	SQL :EXEC GetMessage '01','nanang.andriani';
19/06/2023 23:58:23	SQL :SELECT CONVERT(VARCHAR(8),GETDATE(),108) AS hour_minute;
19/06/2023 23:58:23	SQL :SELECT CONVERT(VARCHAR(10),GETDATE(),103) AS date_time;
20/06/2023 00:08:32	Message:Port Check
20/06/2023 00:08:32	Message:Open DB Connection
20/06/2023 00:08:32	SQL :EXEC GetMessage '01','nanang.andriani';
20/06/2023 00:08:32	SQL :SELECT CONVERT(VARCHAR(8),GETDATE(),108) AS hour_minute;
20/06/2023 00:08:32	SQL :SELECT CONVERT(VARCHAR(10),GETDATE(),103) AS date_time;
20/06/2023 00:18:40	Message:Port Check
20/06/2023 00:18:40	Message:Open DB Connection
20/06/2023 00:18:40	SQL :EXEC GetMessage '01','nanang.andriani';
20/06/2023 00:18:40	SQL :SELECT CONVERT(VARCHAR(8),GETDATE(),108) AS hour_minute;
20/06/2023 00:18:40	SQL :SELECT CONVERT(VARCHAR(10),GETDATE(),103) AS date_time;
20/06/2023 00:28:48	Message:Port Check
20/06/2023 00:28:48	Message:Open DB Connection
20/06/2023 00:28:48	SQL :EXEC GetMessage '01','nanang.andriani';
20/06/2023 00:28:48	SQL :SELECT CONVERT(VARCHAR(8),GETDATE(),108) AS hour_minute;
20/06/2023 00:28:48	SQL :SELECT CONVERT(VARCHAR(10),GETDATE(),103) AS date_time;
20/06/2023 00:38:56	Message:Port Check
20/06/2023 00:38:56	Message:Open DB Connection
20/06/2023 00:38:56	SQL :EXEC GetMessage '01','nanang.andriani';
20/06/2023 00:38:56	SQL :SELECT CONVERT(VARCHAR(8),GETDATE(),108) AS hour_minute;
20/06/2023 00:38:56	SQL :SELECT CONVERT(VARCHAR(10),GETDATE(),103) AS date_time;
20/06/2023 00:49:04	Message:Port Check
20/06/2023 00:49:05	Message:Open DB Connection
20/06/2023 00:49:05	SQL :EXEC GetMessage '01','nanang.andriani';
20/06/2023 00:49:05	SQL :SELECT CONVERT(VARCHAR(8),GETDATE(),108) AS hour_minute;
20/06/2023 00:49:05	SQL :SELECT CONVERT(VARCHAR(10),GETDATE(),103) AS date_time;
20/06/2023 00:59:13	Message:Port Check
20/06/2023 00:59:13	Message:Open DB Connection
20/06/2023 00:59:13	SQL :EXEC GetMessage '01','nanang.andriani';
20/06/2023 00:59:13	SQL :SELECT CONVERT(VARCHAR(8),GETDATE(),108) AS hour_minute;
20/06/2023 00:59:13	SQL :SELECT CONVERT(VARCHAR(10),GETDATE(),103) AS date_time;
20/06/2023 01:09:21	Message:Port Check
20/06/2023 01:09:21	Message:Open DB Connection
20/06/2023 01:09:21	SQL :EXEC GetMessage '01','nanang.andriani';
20/06/2023 01:09:21	SQL :SELECT CONVERT(VARCHAR(8),GETDATE(),108) AS hour_minute;
20/06/2023 01:09:21	SQL :SELECT CONVERT(VARCHAR(10),GETDATE(),103) AS date_time;
20/06/2023 01:19:29	Message:Port Check
20/06/2023 01:19:29	Message:Open DB Connection
20/06/2023 01:19:29	SQL :EXEC GetMessage '01','nanang.andriani';
20/06/2023 01:19:30	SQL :SELECT CONVERT(VARCHAR(8),GETDATE(),108) AS hour_minute;
20/06/2023 01:19:30	SQL :SELECT CONVERT(VARCHAR(10),GETDATE(),103) AS date_time;
20/06/2023 01:29:38	Message:Port Check
20/06/2023 01:29:38	Message:Open DB Connection
20/06/2023 01:29:38	SQL :EXEC GetMessage '01','nanang.andriani';
20/06/2023 01:29:38	SQL :SELECT CONVERT(VARCHAR(8),GETDATE(),108) AS hour_minute;
20/06/2023 01:29:38	SQL :SELECT CONVERT(VARCHAR(10),GETDATE(),103) AS date_time;
20/06/2023 01:39:46	Message:Port Check
20/06/2023 01:39:46	Message:Open DB Connection
20/06/2023 01:39:46	SQL :EXEC GetMessage '01','nanang.andriani';
20/06/2023 01:39:46	SQL :SELECT CONVERT(VARCHAR(8),GETDATE(),108) AS hour_minute;
20/06/2023 01:39:46	SQL :SELECT CONVERT(VARCHAR(10),GETDATE(),103) AS date_time;
20/06/2023 01:49:54	Message:Port Check
20/06/2023 01:49:54	Message:Open DB Connection
20/06/2023 01:49:54	SQL :EXEC GetMessage '01','nanang.andriani';
20/06/2023 01:49:55	SQL :SELECT CONVERT(VARCHAR(8),GETDATE(),108) AS hour_minute;
20/06/2023 01:49:55	SQL :SELECT CONVERT(VARCHAR(10),GETDATE(),103) AS date_time;
20/06/2023 02:00:03	Message:Port Check
20/06/2023 02:00:03	Message:Open DB Connection
20/06/2023 02:00:03	SQL :EXEC GetMessage '01','nanang.andriani';
20/06/2023 02:00:03	SQL :SELECT CONVERT(VARCHAR(8),GETDATE(),108) AS hour_minute;
20/06/2023 02:00:03	SQL :SELECT CONVERT(VARCHAR(10),GETDATE(),103) AS date_time;
20/06/2023 02:10:11	Message:Port Check
20/06/2023 02:10:11	Message:Open DB Connection
20/06/2023 02:10:11	SQL :EXEC GetMessage '01','nanang.andriani';
20/06/2023 02:10:11	SQL :SELECT CONVERT(VARCHAR(8),GETDATE(),108) AS hour_minute;
20/06/2023 02:10:11	SQL :SELECT CONVERT(VARCHAR(10),GETDATE(),103) AS date_time;
20/06/2023 02:20:19	Message:Port Check
20/06/2023 02:20:19	Message:Open DB Connection
20/06/2023 02:20:19	SQL :EXEC GetMessage '01','nanang.andriani';
20/06/2023 02:20:20	SQL :SELECT CONVERT(VARCHAR(8),GETDATE(),108) AS hour_minute;
20/06/2023 02:20:20	SQL :SELECT CONVERT(VARCHAR(10),GETDATE(),103) AS date_time;
20/06/2023 02:30:28	Message:Port Check
20/06/2023 02:30:28	Message:Open DB Connection
20/06/2023 02:30:28	SQL :EXEC GetMessage '01','nanang.andriani';
20/06/2023 02:30:28	SQL :SELECT CONVERT(VARCHAR(8),GETDATE(),108) AS hour_minute;
20/06/2023 02:30:28	SQL :SELECT CONVERT(VARCHAR(10),GETDATE(),103) AS date_time;
20/06/2023 02:40:36	Message:Port Check
20/06/2023 02:40:36	Message:Open DB Connection
20/06/2023 02:40:36	SQL :EXEC GetMessage '01','nanang.andriani';
20/06/2023 02:40:36	SQL :SELECT CONVERT(VARCHAR(8),GETDATE(),108) AS hour_minute;
20/06/2023 02:40:36	SQL :SELECT CONVERT(VARCHAR(10),GETDATE(),103) AS date_time;
20/06/2023 02:50:44	Message:Port Check
20/06/2023 02:50:44	Message:Open DB Connection
20/06/2023 02:50:44	SQL :EXEC GetMessage '01','nanang.andriani';
20/06/2023 02:50:44	SQL :SELECT CONVERT(VARCHAR(8),GETDATE(),108) AS hour_minute;
20/06/2023 02:50:44	SQL :SELECT CONVERT(VARCHAR(10),GETDATE(),103) AS date_time;
20/06/2023 03:00:52	Message:Port Check
20/06/2023 03:00:52	Message:Open DB Connection
20/06/2023 03:00:52	SQL :EXEC GetMessage '01','nanang.andriani';
20/06/2023 03:00:53	SQL :SELECT CONVERT(VARCHAR(8),GETDATE(),108) AS hour_minute;
20/06/2023 03:00:53	SQL :SELECT CONVERT(VARCHAR(10),GETDATE(),103) AS date_time;
20/06/2023 03:11:01	Message:Port Check
20/06/2023 03:11:01	Message:Open DB Connection
20/06/2023 03:11:01	SQL :EXEC GetMessage '01','nanang.andriani';
20/06/2023 03:11:01	SQL :SELECT CONVERT(VARCHAR(8),GETDATE(),108) AS hour_minute;
20/06/2023 03:11:01	SQL :SELECT CONVERT(VARCHAR(10),GETDATE(),103) AS date_time;
20/06/2023 03:21:09	Message:Port Check
20/06/2023 03:21:09	Message:Open DB Connection
20/06/2023 03:21:09	SQL :EXEC GetMessage '01','nanang.andriani';
20/06/2023 03:21:09	SQL :SELECT CONVERT(VARCHAR(8),GETDATE(),108) AS hour_minute;
20/06/2023 03:21:09	SQL :SELECT CONVERT(VARCHAR(10),GETDATE(),103) AS date_time;
20/06/2023 03:31:17	Message:Port Check
20/06/2023 03:31:17	Message:Open DB Connection
20/06/2023 03:31:17	SQL :EXEC GetMessage '01','nanang.andriani';
20/06/2023 03:31:17	SQL :SELECT CONVERT(VARCHAR(8),GETDATE(),108) AS hour_minute;
20/06/2023 03:31:17	SQL :SELECT CONVERT(VARCHAR(10),GETDATE(),103) AS date_time;
20/06/2023 03:41:26	Message:Port Check
20/06/2023 03:41:26	Message:Open DB Connection
20/06/2023 03:41:26	SQL :EXEC GetMessage '01','nanang.andriani';
20/06/2023 03:41:26	SQL :SELECT CONVERT(VARCHAR(8),GETDATE(),108) AS hour_minute;
20/06/2023 03:41:26	SQL :SELECT CONVERT(VARCHAR(10),GETDATE(),103) AS date_time;
20/06/2023 03:51:34	Message:Port Check
20/06/2023 03:51:34	Message:Open DB Connection
20/06/2023 03:51:34	SQL :EXEC GetMessage '01','nanang.andriani';
20/06/2023 03:51:35	SQL :SELECT CONVERT(VARCHAR(8),GETDATE(),108) AS hour_minute;
20/06/2023 03:51:35	SQL :SELECT CONVERT(VARCHAR(10),GETDATE(),103) AS date_time;
20/06/2023 04:01:43	Message:Port Check
20/06/2023 04:01:43	Message:Open DB Connection
20/06/2023 04:01:43	SQL :EXEC GetMessage '01','nanang.andriani';
20/06/2023 04:01:43	SQL :SELECT CONVERT(VARCHAR(8),GETDATE(),108) AS hour_minute;
20/06/2023 04:01:43	SQL :SELECT CONVERT(VARCHAR(10),GETDATE(),103) AS date_time;
20/06/2023 04:11:51	Message:Port Check
20/06/2023 04:11:51	Message:Open DB Connection
20/06/2023 04:11:51	SQL :EXEC GetMessage '01','nanang.andriani';
20/06/2023 04:11:51	SQL :SELECT CONVERT(VARCHAR(8),GETDATE(),108) AS hour_minute;
20/06/2023 04:11:51	SQL :SELECT CONVERT(VARCHAR(10),GETDATE(),103) AS date_time;
20/06/2023 04:21:59	Message:Port Check
20/06/2023 04:21:59	Message:Open DB Connection
20/06/2023 04:21:59	SQL :EXEC GetMessage '01','nanang.andriani';
20/06/2023 04:21:59	SQL :SELECT CONVERT(VARCHAR(8),GETDATE(),108) AS hour_minute;
20/06/2023 04:21:59	SQL :SELECT CONVERT(VARCHAR(10),GETDATE(),103) AS date_time;
20/06/2023 04:32:07	Message:Port Check
20/06/2023 04:32:08	Message:Open DB Connection
20/06/2023 04:32:08	SQL :EXEC GetMessage '01','nanang.andriani';
20/06/2023 04:32:08	SQL :SELECT CONVERT(VARCHAR(8),GETDATE(),108) AS hour_minute;
20/06/2023 04:32:08	SQL :SELECT CONVERT(VARCHAR(10),GETDATE(),103) AS date_time;
20/06/2023 04:42:16	Message:Port Check
20/06/2023 04:42:16	Message:Open DB Connection
20/06/2023 04:42:16	SQL :EXEC GetMessage '01','nanang.andriani';
20/06/2023 04:42:16	SQL :SELECT CONVERT(VARCHAR(8),GETDATE(),108) AS hour_minute;
20/06/2023 04:42:16	SQL :SELECT CONVERT(VARCHAR(10),GETDATE(),103) AS date_time;
20/06/2023 04:52:24	Message:Port Check
20/06/2023 04:52:24	Message:Open DB Connection
20/06/2023 04:52:24	SQL :EXEC GetMessage '01','nanang.andriani';
20/06/2023 04:52:24	SQL :SELECT CONVERT(VARCHAR(8),GETDATE(),108) AS hour_minute;
20/06/2023 04:52:24	SQL :SELECT CONVERT(VARCHAR(10),GETDATE(),103) AS date_time;
20/06/2023 05:02:33	Message:Port Check
20/06/2023 05:02:33	Message:Open DB Connection
20/06/2023 05:02:33	SQL :EXEC GetMessage '01','nanang.andriani';
20/06/2023 05:02:33	SQL :SELECT CONVERT(VARCHAR(8),GETDATE(),108) AS hour_minute;
20/06/2023 05:02:33	SQL :SELECT CONVERT(VARCHAR(10),GETDATE(),103) AS date_time;
20/06/2023 05:12:42	Message:Port Check
20/06/2023 05:12:42	Message:Open DB Connection
20/06/2023 05:12:42	SQL :EXEC GetMessage '01','nanang.andriani';
20/06/2023 05:12:42	SQL :SELECT CONVERT(VARCHAR(8),GETDATE(),108) AS hour_minute;
20/06/2023 05:12:42	SQL :SELECT CONVERT(VARCHAR(10),GETDATE(),103) AS date_time;
20/06/2023 05:22:50	Message:Port Check
20/06/2023 05:22:50	Message:Open DB Connection
20/06/2023 05:22:50	SQL :EXEC GetMessage '01','nanang.andriani';
20/06/2023 05:22:50	SQL :SELECT CONVERT(VARCHAR(8),GETDATE(),108) AS hour_minute;
20/06/2023 05:22:50	SQL :SELECT CONVERT(VARCHAR(10),GETDATE(),103) AS date_time;
20/06/2023 05:32:58	Message:Port Check
20/06/2023 05:32:58	Message:Open DB Connection
20/06/2023 05:32:58	SQL :EXEC GetMessage '01','nanang.andriani';
20/06/2023 05:32:58	SQL :SELECT CONVERT(VARCHAR(8),GETDATE(),108) AS hour_minute;
20/06/2023 05:32:58	SQL :SELECT CONVERT(VARCHAR(10),GETDATE(),103) AS date_time;
20/06/2023 05:43:06	Message:Port Check
20/06/2023 05:43:06	Message:Open DB Connection
20/06/2023 05:43:06	SQL :EXEC GetMessage '01','nanang.andriani';
20/06/2023 05:43:07	SQL :SELECT CONVERT(VARCHAR(8),GETDATE(),108) AS hour_minute;
20/06/2023 05:43:07	SQL :SELECT CONVERT(VARCHAR(10),GETDATE(),103) AS date_time;
20/06/2023 05:53:15	Message:Port Check
20/06/2023 05:53:15	Message:Open DB Connection
20/06/2023 05:53:15	SQL :EXEC GetMessage '01','nanang.andriani';
20/06/2023 05:53:15	SQL :SELECT CONVERT(VARCHAR(8),GETDATE(),108) AS hour_minute;
20/06/2023 05:53:15	SQL :SELECT CONVERT(VARCHAR(10),GETDATE(),103) AS date_time;
20/06/2023 06:03:23	Message:Port Check
20/06/2023 06:03:23	Message:Open DB Connection
20/06/2023 06:03:23	SQL :EXEC GetMessage '01','nanang.andriani';
20/06/2023 06:03:23	SQL :SELECT CONVERT(VARCHAR(8),GETDATE(),108) AS hour_minute;
20/06/2023 06:03:23	SQL :SELECT CONVERT(VARCHAR(10),GETDATE(),103) AS date_time;
20/06/2023 06:13:32	Message:Port Check
20/06/2023 06:13:32	Message:Open DB Connection
20/06/2023 06:13:32	SQL :EXEC GetMessage '01','nanang.andriani';
20/06/2023 06:13:32	SQL :SELECT CONVERT(VARCHAR(8),GETDATE(),108) AS hour_minute;
20/06/2023 06:13:32	SQL :SELECT CONVERT(VARCHAR(10),GETDATE(),103) AS date_time;
20/06/2023 06:23:40	Message:Port Check
20/06/2023 06:23:40	Message:Open DB Connection
20/06/2023 06:23:40	SQL :EXEC GetMessage '01','nanang.andriani';
20/06/2023 06:23:40	SQL :SELECT CONVERT(VARCHAR(8),GETDATE(),108) AS hour_minute;
20/06/2023 06:23:40	SQL :SELECT CONVERT(VARCHAR(10),GETDATE(),103) AS date_time;
20/06/2023 06:33:49	Message:Port Check
20/06/2023 06:33:49	Message:Open DB Connection
20/06/2023 06:33:49	SQL :EXEC GetMessage '01','nanang.andriani';
20/06/2023 06:33:49	SQL :SELECT CONVERT(VARCHAR(8),GETDATE(),108) AS hour_minute;
20/06/2023 06:33:49	SQL :SELECT CONVERT(VARCHAR(10),GETDATE(),103) AS date_time;
20/06/2023 06:43:57	Message:Port Check
20/06/2023 06:43:57	Message:Open DB Connection
20/06/2023 06:43:57	SQL :EXEC GetMessage '01','nanang.andriani';
20/06/2023 06:43:57	SQL :SELECT CONVERT(VARCHAR(8),GETDATE(),108) AS hour_minute;
20/06/2023 06:43:57	SQL :SELECT CONVERT(VARCHAR(10),GETDATE(),103) AS date_time;
20/06/2023 06:54:05	Message:Port Check
20/06/2023 06:54:05	Message:Open DB Connection
20/06/2023 06:54:05	SQL :EXEC GetMessage '01','nanang.andriani';
20/06/2023 06:54:06	SQL :SELECT CONVERT(VARCHAR(8),GETDATE(),108) AS hour_minute;
20/06/2023 06:54:06	SQL :SELECT CONVERT(VARCHAR(10),GETDATE(),103) AS date_time;
20/06/2023 07:04:14	Message:Port Check
20/06/2023 07:04:14	Message:Open DB Connection
20/06/2023 07:04:14	SQL :EXEC GetMessage '01','nanang.andriani';
20/06/2023 07:04:14	SQL :SELECT CONVERT(VARCHAR(8),GETDATE(),108) AS hour_minute;
20/06/2023 07:04:14	SQL :SELECT CONVERT(VARCHAR(10),GETDATE(),103) AS date_time;
20/06/2023 07:14:22	Message:Port Check
20/06/2023 07:14:22	Message:Open DB Connection
20/06/2023 07:14:22	SQL :EXEC GetMessage '01','nanang.andriani';
20/06/2023 07:14:23	SQL :SELECT CONVERT(VARCHAR(8),GETDATE(),108) AS hour_minute;
20/06/2023 07:14:23	SQL :SELECT CONVERT(VARCHAR(10),GETDATE(),103) AS date_time;
20/06/2023 07:24:31	Message:Port Check
20/06/2023 07:24:31	Message:Open DB Connection
20/06/2023 07:24:31	SQL :EXEC GetMessage '01','nanang.andriani';
20/06/2023 07:24:31	SQL :SELECT CONVERT(VARCHAR(8),GETDATE(),108) AS hour_minute;
20/06/2023 07:24:31	SQL :SELECT CONVERT(VARCHAR(10),GETDATE(),103) AS date_time;
20/06/2023 07:34:39	Message:Port Check
20/06/2023 07:34:39	Message:Open DB Connection
20/06/2023 07:34:39	SQL :EXEC GetMessage '01','nanang.andriani';
20/06/2023 07:34:39	SQL :SELECT CONVERT(VARCHAR(8),GETDATE(),108) AS hour_minute;
20/06/2023 07:34:39	SQL :SELECT CONVERT(VARCHAR(10),GETDATE(),103) AS date_time;
20/06/2023 07:44:47	Message:Port Check
20/06/2023 07:44:47	Message:Open DB Connection
20/06/2023 07:44:47	SQL :EXEC GetMessage '01','nanang.andriani';
20/06/2023 07:44:48	SQL :SELECT CONVERT(VARCHAR(8),GETDATE(),108) AS hour_minute;
20/06/2023 07:44:48	SQL :SELECT CONVERT(VARCHAR(10),GETDATE(),103) AS date_time;
20/06/2023 07:54:56	Message:Port Check
20/06/2023 07:54:56	Message:Open DB Connection
20/06/2023 07:54:56	SQL :EXEC GetMessage '01','nanang.andriani';
20/06/2023 07:54:56	SQL :SELECT CONVERT(VARCHAR(8),GETDATE(),108) AS hour_minute;
20/06/2023 07:54:56	SQL :SELECT CONVERT(VARCHAR(10),GETDATE(),103) AS date_time;
20/06/2023 08:05:04	Message:Port Check
20/06/2023 08:05:04	Message:Open DB Connection
20/06/2023 08:05:04	SQL :EXEC GetMessage '01','nanang.andriani';
20/06/2023 08:05:04	SQL :SELECT CONVERT(VARCHAR(8),GETDATE(),108) AS hour_minute;
20/06/2023 08:05:04	SQL :SELECT CONVERT(VARCHAR(10),GETDATE(),103) AS date_time;
20/06/2023 08:15:12	Message:Port Check
20/06/2023 08:15:13	Message:Open DB Connection
20/06/2023 08:15:13	SQL :EXEC GetMessage '01','nanang.andriani';
20/06/2023 08:15:13	SQL :SELECT CONVERT(VARCHAR(8),GETDATE(),108) AS hour_minute;
20/06/2023 08:15:13	SQL :SELECT CONVERT(VARCHAR(10),GETDATE(),103) AS date_time;
20/06/2023 08:25:21	Message:Port Check
20/06/2023 08:25:21	Message:Open DB Connection
20/06/2023 08:25:21	SQL :EXEC GetMessage '01','nanang.andriani';
20/06/2023 08:25:21	SQL :SELECT CONVERT(VARCHAR(8),GETDATE(),108) AS hour_minute;
20/06/2023 08:25:21	SQL :SELECT CONVERT(VARCHAR(10),GETDATE(),103) AS date_time;
20/06/2023 08:35:29	Message:Port Check
20/06/2023 08:35:29	Message:Open DB Connection
20/06/2023 08:35:29	SQL :EXEC GetMessage '01','nanang.andriani';
20/06/2023 08:35:30	SQL :SELECT CONVERT(VARCHAR(8),GETDATE(),108) AS hour_minute;
20/06/2023 08:35:30	SQL :SELECT CONVERT(VARCHAR(10),GETDATE(),103) AS date_time;
20/06/2023 08:45:38	Message:Port Check
20/06/2023 08:45:38	Message:Open DB Connection
20/06/2023 08:45:38	SQL :EXEC GetMessage '01','nanang.andriani';
20/06/2023 08:45:38	SQL :SELECT CONVERT(VARCHAR(8),GETDATE(),108) AS hour_minute;
20/06/2023 08:45:38	SQL :SELECT CONVERT(VARCHAR(10),GETDATE(),103) AS date_time;
20/06/2023 08:55:46	Message:Port Check
20/06/2023 08:55:46	Message:Open DB Connection
20/06/2023 08:55:46	SQL :EXEC GetMessage '01','nanang.andriani';
20/06/2023 08:55:46	SQL :SELECT CONVERT(VARCHAR(8),GETDATE(),108) AS hour_minute;
20/06/2023 08:55:46	SQL :SELECT CONVERT(VARCHAR(10),GETDATE(),103) AS date_time;
20/06/2023 09:05:54	Message:Port Check
20/06/2023 09:05:54	Message:Open DB Connection
20/06/2023 09:05:54	SQL :EXEC GetMessage '01','nanang.andriani';
20/06/2023 09:05:54	SQL :SELECT CONVERT(VARCHAR(8),GETDATE(),108) AS hour_minute;
20/06/2023 09:05:54	SQL :SELECT CONVERT(VARCHAR(10),GETDATE(),103) AS date_time;
20/06/2023 09:16:02	Message:Port Check
20/06/2023 09:16:02	Message:Open DB Connection
20/06/2023 09:16:02	SQL :EXEC GetMessage '01','nanang.andriani';
20/06/2023 09:16:02	SQL :SELECT CONVERT(VARCHAR(8),GETDATE(),108) AS hour_minute;
20/06/2023 09:16:02	SQL :SELECT CONVERT(VARCHAR(10),GETDATE(),103) AS date_time;
20/06/2023 09:23:57	Location change from14
20/06/2023 09:23:57	Open DB Connection
20/06/2023 09:26:10	Message:Port Check
20/06/2023 09:26:10	Message:Open DB Connection
20/06/2023 09:26:10	SQL :EXEC GetMessage '01','nanang.andriani';
20/06/2023 09:26:10	SQL :SELECT CONVERT(VARCHAR(8),GETDATE(),108) AS hour_minute;
20/06/2023 09:26:10	SQL :SELECT CONVERT(VARCHAR(10),GETDATE(),103) AS date_time;
20/06/2023 09:36:17	Message:Port Check
20/06/2023 09:36:17	Message:Open DB Connection
20/06/2023 09:36:17	SQL :EXEC GetMessage '01','nanang.andriani';
20/06/2023 09:36:18	SQL :SELECT CONVERT(VARCHAR(8),GETDATE(),108) AS hour_minute;
20/06/2023 09:36:18	SQL :SELECT CONVERT(VARCHAR(10),GETDATE(),103) AS date_time;
20/06/2023 09:46:25	Message:Port Check
20/06/2023 09:46:25	Message:Open DB Connection
20/06/2023 09:46:25	SQL :EXEC GetMessage '01','nanang.andriani';
20/06/2023 09:46:25	SQL :SELECT CONVERT(VARCHAR(8),GETDATE(),108) AS hour_minute;
20/06/2023 09:46:25	SQL :SELECT CONVERT(VARCHAR(10),GETDATE(),103) AS date_time;
20/06/2023 09:56:33	Message:Port Check
20/06/2023 09:56:33	Message:Open DB Connection
20/06/2023 09:56:33	SQL :EXEC GetMessage '01','nanang.andriani';
20/06/2023 09:56:33	SQL :SELECT CONVERT(VARCHAR(8),GETDATE(),108) AS hour_minute;
20/06/2023 09:56:33	SQL :SELECT CONVERT(VARCHAR(10),GETDATE(),103) AS date_time;
20/06/2023 10:06:41	Message:Port Check
20/06/2023 10:06:41	Message:Open DB Connection
20/06/2023 10:06:41	SQL :EXEC GetMessage '01','nanang.andriani';
20/06/2023 10:06:41	SQL :SELECT CONVERT(VARCHAR(8),GETDATE(),108) AS hour_minute;
20/06/2023 10:06:41	SQL :SELECT CONVERT(VARCHAR(10),GETDATE(),103) AS date_time;
20/06/2023 10:16:48	Message:Port Check
20/06/2023 10:16:48	Message:Open DB Connection
20/06/2023 10:16:48	SQL :EXEC GetMessage '01','nanang.andriani';
20/06/2023 10:16:48	SQL :SELECT CONVERT(VARCHAR(8),GETDATE(),108) AS hour_minute;
20/06/2023 10:16:48	SQL :SELECT CONVERT(VARCHAR(10),GETDATE(),103) AS date_time;
20/06/2023 10:21:24	Open Menu :130205
20/06/2023 10:21:24	Open DB Connection
20/06/2023 10:21:24	SQL :EXEC AuthMenu 'nanang.andriani',130205;
20/06/2023 10:21:25	Form Check :EmployeeList
20/06/2023 10:21:25	Open DB Connection
20/06/2023 10:21:25	SQL :EXEC GetCompanyLocationList
20/06/2023 10:21:25	Open DB Connection
20/06/2023 10:21:25	SQL :EXEC GetEmployeeList 2,14,1,@CompanyId=9;
20/06/2023 10:24:27	Open Menu :130217
20/06/2023 10:24:27	Open DB Connection
20/06/2023 10:24:27	SQL :EXEC AuthMenu 'nanang.andriani',130217;
20/06/2023 10:24:27	Form Check :EmployeeList
20/06/2023 10:24:27	Open DB Connection
20/06/2023 10:24:27	SQL :EXEC GetCompanyLocationList
20/06/2023 10:24:28	Open DB Connection
20/06/2023 10:24:28	SQL :EXEC GetEmployeeList 4,14,1,@CompanyId=9;
20/06/2023 10:32:29	Message:Port Check
20/06/2023 10:32:29	Message:Open DB Connection
20/06/2023 10:32:29	SQL :EXEC GetMessage '01','nanang.andriani';
20/06/2023 10:32:29	SQL :SELECT CONVERT(VARCHAR(8),GETDATE(),108) AS hour_minute;
20/06/2023 10:32:29	SQL :SELECT CONVERT(VARCHAR(10),GETDATE(),103) AS date_time;
20/06/2023 10:34:54	Location change from14
20/06/2023 10:34:54	Open DB Connection
20/06/2023 10:34:57	Open DB Connection
20/06/2023 10:34:57	SQL :UPDATE wh_user SET company_location_id=2 WHERE username='nanang.andriani';
20/06/2023 10:34:57	Location change to9-14
20/06/2023 10:34:57	Open DB Connection
20/06/2023 10:34:57	SQL :EXEC GetUserMenu 'nanang.andriani';
20/06/2023 10:34:57	SQL :EXEC GetUserSubMenu 'nanang.andriani','11';
20/06/2023 10:34:57	SQL :EXEC GetUserTreeMenu 'nanang.andriani','1101',@CompanyId=2;
20/06/2023 10:34:57	SQL :EXEC GetUserTreeMenu 'nanang.andriani','1102',@CompanyId=2;
20/06/2023 10:34:57	SQL :EXEC GetUserTreeMenu 'nanang.andriani','1103',@CompanyId=2;
20/06/2023 10:34:57	SQL :EXEC GetUserTreeMenu 'nanang.andriani','1104',@CompanyId=2;
20/06/2023 10:34:57	SQL :EXEC GetUserTreeMenu 'nanang.andriani','1105',@CompanyId=2;
20/06/2023 10:34:57	SQL :EXEC GetUserTreeMenu 'nanang.andriani','1106',@CompanyId=2;
20/06/2023 10:34:57	SQL :EXEC GetUserTreeMenu 'nanang.andriani','1107',@CompanyId=2;
20/06/2023 10:34:57	SQL :EXEC GetUserTreeMenu 'nanang.andriani','1108',@CompanyId=2;
20/06/2023 10:34:57	SQL :EXEC GetUserTreeMenu 'nanang.andriani','1109',@CompanyId=2;
20/06/2023 10:34:57	SQL :EXEC GetUserTreeMenu 'nanang.andriani','1110',@CompanyId=2;
20/06/2023 10:34:57	SQL :EXEC GetUserTreeMenu 'nanang.andriani','1111',@CompanyId=2;
20/06/2023 10:34:58	SQL :EXEC GetUserTreeMenu 'nanang.andriani','1112',@CompanyId=2;
20/06/2023 10:34:58	SQL :EXEC GetUserTreeMenu 'nanang.andriani','1113',@CompanyId=2;
20/06/2023 10:34:58	SQL :EXEC GetUserTreeMenu 'nanang.andriani','1114',@CompanyId=2;
20/06/2023 10:34:58	SQL :EXEC GetUserTreeMenu 'nanang.andriani','1115',@CompanyId=2;
20/06/2023 10:34:58	SQL :EXEC GetUserTreeMenu 'nanang.andriani','1116',@CompanyId=2;
20/06/2023 10:34:58	SQL :EXEC GetUserTreeMenu 'nanang.andriani','1117',@CompanyId=2;
20/06/2023 10:34:58	SQL :EXEC GetUserTreeMenu 'nanang.andriani','1198',@CompanyId=2;
20/06/2023 10:34:58	SQL :EXEC GetUserTreeMenu 'nanang.andriani','1199',@CompanyId=2;
20/06/2023 10:34:58	SQL :EXEC GetUserSubMenu 'nanang.andriani','12';
20/06/2023 10:34:58	SQL :EXEC GetUserTreeMenu 'nanang.andriani','1201',@CompanyId=2;
20/06/2023 10:34:58	SQL :EXEC GetUserTreeMenu 'nanang.andriani','1202',@CompanyId=2;
20/06/2023 10:34:58	SQL :EXEC GetUserTreeMenu 'nanang.andriani','1203',@CompanyId=2;
20/06/2023 10:34:58	SQL :EXEC GetUserTreeMenu 'nanang.andriani','1204',@CompanyId=2;
20/06/2023 10:34:58	SQL :EXEC GetUserTreeMenu 'nanang.andriani','1205',@CompanyId=2;
20/06/2023 10:34:58	SQL :EXEC GetUserTreeMenu 'nanang.andriani','1206',@CompanyId=2;
20/06/2023 10:34:58	SQL :EXEC GetUserTreeMenu 'nanang.andriani','1207',@CompanyId=2;
20/06/2023 10:34:58	SQL :EXEC GetUserSubMenu 'nanang.andriani','13';
20/06/2023 10:34:58	SQL :EXEC GetUserTreeMenu 'nanang.andriani','1301',@CompanyId=2;
20/06/2023 10:34:58	SQL :EXEC GetUserTreeMenu 'nanang.andriani','1302',@CompanyId=2;
20/06/2023 10:34:58	SQL :EXEC GetUserTreeMenu 'nanang.andriani','1303',@CompanyId=2;
20/06/2023 10:34:58	SQL :EXEC GetUserTreeMenu 'nanang.andriani','1304',@CompanyId=2;
20/06/2023 10:34:58	SQL :EXEC GetUserTreeMenu 'nanang.andriani','1305',@CompanyId=2;
20/06/2023 10:34:59	SQL :EXEC GetUserTreeMenu 'nanang.andriani','1306',@CompanyId=2;
20/06/2023 10:34:59	SQL :EXEC GetUserTreeMenu 'nanang.andriani','1307',@CompanyId=2;
20/06/2023 10:34:59	SQL :EXEC GetUserTreeMenu 'nanang.andriani','1308',@CompanyId=2;
20/06/2023 10:34:59	SQL :EXEC GetUserTreeMenu 'nanang.andriani','1309',@CompanyId=2;
20/06/2023 10:34:59	SQL :EXEC GetUserTreeMenu 'nanang.andriani','1310',@CompanyId=2;
20/06/2023 10:34:59	SQL :EXEC GetUserTreeMenu 'nanang.andriani','1311',@CompanyId=2;
20/06/2023 10:34:59	SQL :EXEC GetUserTreeMenu 'nanang.andriani','1312',@CompanyId=2;
20/06/2023 10:34:59	SQL :EXEC GetUserTreeMenu 'nanang.andriani','1313',@CompanyId=2;
20/06/2023 10:34:59	SQL :EXEC GetUserTreeMenu 'nanang.andriani','1314',@CompanyId=2;
20/06/2023 10:34:59	SQL :EXEC GetUserTreeMenu 'nanang.andriani','1315',@CompanyId=2;
20/06/2023 10:34:59	SQL :EXEC GetUserTreeMenu 'nanang.andriani','1316',@CompanyId=2;
20/06/2023 10:34:59	SQL :EXEC GetUserTreeMenu 'nanang.andriani','1317',@CompanyId=2;
20/06/2023 10:34:59	SQL :EXEC GetUserTreeMenu 'nanang.andriani','1318',@CompanyId=2;
20/06/2023 10:34:59	SQL :EXEC GetUserTreeMenu 'nanang.andriani','1319',@CompanyId=2;
20/06/2023 10:34:59	SQL :EXEC GetUserTreeMenu 'nanang.andriani','1320',@CompanyId=2;
20/06/2023 10:34:59	SQL :EXEC GetUserTreeMenu 'nanang.andriani','1321',@CompanyId=2;
20/06/2023 10:34:59	SQL :EXEC GetUserTreeMenu 'nanang.andriani','1322',@CompanyId=2;
20/06/2023 10:34:59	SQL :EXEC GetUserSubMenu 'nanang.andriani','14';
20/06/2023 10:34:59	SQL :EXEC GetUserTreeMenu 'nanang.andriani','1401',@CompanyId=2;
20/06/2023 10:34:59	SQL :EXEC GetUserTreeMenu 'nanang.andriani','1402',@CompanyId=2;
20/06/2023 10:34:59	SQL :EXEC GetUserTreeMenu 'nanang.andriani','1403',@CompanyId=2;
20/06/2023 10:34:59	SQL :EXEC GetUserTreeMenu 'nanang.andriani','1404',@CompanyId=2;
20/06/2023 10:35:00	SQL :EXEC GetUserTreeMenu 'nanang.andriani','1406',@CompanyId=2;
20/06/2023 10:35:00	SQL :EXEC GetUserTreeMenu 'nanang.andriani','1408',@CompanyId=2;
20/06/2023 10:35:00	SQL :EXEC GetUserTreeMenu 'nanang.andriani','1410',@CompanyId=2;
20/06/2023 10:35:00	SQL :EXEC GetUserTreeMenu 'nanang.andriani','1411',@CompanyId=2;
20/06/2023 10:35:00	SQL :EXEC GetUserTreeMenu 'nanang.andriani','1412',@CompanyId=2;
20/06/2023 10:35:00	SQL :EXEC GetUserTreeMenu 'nanang.andriani','1413',@CompanyId=2;
20/06/2023 10:35:00	SQL :EXEC GetUserTreeMenu 'nanang.andriani','1414',@CompanyId=2;
20/06/2023 10:35:00	SQL :EXEC GetUserSubMenu 'nanang.andriani','15';
20/06/2023 10:35:00	SQL :EXEC GetUserTreeMenu 'nanang.andriani','1501',@CompanyId=2;
20/06/2023 10:35:00	SQL :EXEC GetUserTreeMenu 'nanang.andriani','1502',@CompanyId=2;
20/06/2023 10:35:00	SQL :EXEC GetUserTreeMenu 'nanang.andriani','1503',@CompanyId=2;
20/06/2023 10:35:00	SQL :EXEC GetUserTreeMenu 'nanang.andriani','1504',@CompanyId=2;
20/06/2023 10:35:00	SQL :EXEC GetUserTreeMenu 'nanang.andriani','1505',@CompanyId=2;
20/06/2023 10:35:00	SQL :EXEC GetUserTreeMenu 'nanang.andriani','1506',@CompanyId=2;
20/06/2023 10:35:00	SQL :EXEC GetUserTreeMenu 'nanang.andriani','1507',@CompanyId=2;
20/06/2023 10:35:00	SQL :EXEC GetUserTreeMenu 'nanang.andriani','1508',@CompanyId=2;
20/06/2023 10:35:00	SQL :EXEC GetUserTreeMenu 'nanang.andriani','1509',@CompanyId=2;
20/06/2023 10:35:00	SQL :EXEC GetUserTreeMenu 'nanang.andriani','1510',@CompanyId=2;
20/06/2023 10:35:00	SQL :EXEC GetUserTreeMenu 'nanang.andriani','1511',@CompanyId=2;
20/06/2023 10:35:00	SQL :EXEC GetUserSubMenu 'nanang.andriani','16';
20/06/2023 10:35:00	SQL :EXEC GetUserTreeMenu 'nanang.andriani','1601',@CompanyId=2;
20/06/2023 10:35:00	SQL :EXEC GetUserTreeMenu 'nanang.andriani','1602',@CompanyId=2;
20/06/2023 10:35:00	SQL :EXEC GetUserTreeMenu 'nanang.andriani','1603',@CompanyId=2;
20/06/2023 10:35:00	SQL :EXEC GetUserTreeMenu 'nanang.andriani','1604',@CompanyId=2;
20/06/2023 10:35:00	SQL :EXEC GetUserTreeMenu 'nanang.andriani','1605',@CompanyId=2;
20/06/2023 10:35:00	SQL :EXEC GetUserTreeMenu 'nanang.andriani','1606',@CompanyId=2;
20/06/2023 10:35:01	SQL :EXEC GetUserTreeMenu 'nanang.andriani','1607',@CompanyId=2;
20/06/2023 10:35:01	SQL :EXEC GetUserTreeMenu 'nanang.andriani','1608',@CompanyId=2;
20/06/2023 10:35:01	SQL :EXEC GetUserTreeMenu 'nanang.andriani','1609',@CompanyId=2;
20/06/2023 10:35:01	SQL :EXEC GetUserTreeMenu 'nanang.andriani','1610',@CompanyId=2;
20/06/2023 10:35:01	SQL :EXEC GetUserTreeMenu 'nanang.andriani','1611',@CompanyId=2;
20/06/2023 10:35:01	SQL :EXEC GetUserTreeMenu 'nanang.andriani','1612',@CompanyId=2;
20/06/2023 10:35:01	SQL :EXEC GetUserTreeMenu 'nanang.andriani','1613',@CompanyId=2;
20/06/2023 10:35:01	SQL :EXEC GetUserTreeMenu 'nanang.andriani','1614',@CompanyId=2;
20/06/2023 10:35:01	SQL :EXEC GetUserTreeMenu 'nanang.andriani','1615',@CompanyId=2;
20/06/2023 10:35:01	SQL :EXEC GetUserTreeMenu 'nanang.andriani','1616',@CompanyId=2;
20/06/2023 10:35:01	SQL :EXEC GetUserTreeMenu 'nanang.andriani','1619',@CompanyId=2;
20/06/2023 10:35:01	SQL :EXEC GetUserTreeMenu 'nanang.andriani','1620',@CompanyId=2;
20/06/2023 10:35:01	SQL :EXEC GetUserSubMenu 'nanang.andriani','17';
20/06/2023 10:35:01	SQL :EXEC GetUserTreeMenu 'nanang.andriani','1701',@CompanyId=2;
20/06/2023 10:35:01	SQL :EXEC GetUserTreeMenu 'nanang.andriani','1702',@CompanyId=2;
20/06/2023 10:35:01	SQL :EXEC GetUserTreeMenu 'nanang.andriani','1703',@CompanyId=2;
20/06/2023 10:35:01	SQL :EXEC GetUserTreeMenu 'nanang.andriani','1704',@CompanyId=2;
20/06/2023 10:35:01	SQL :EXEC GetUserTreeMenu 'nanang.andriani','1705',@CompanyId=2;
20/06/2023 10:35:01	SQL :EXEC GetUserTreeMenu 'nanang.andriani','1706',@CompanyId=2;
20/06/2023 10:35:01	SQL :EXEC GetUserTreeMenu 'nanang.andriani','1707',@CompanyId=2;
20/06/2023 10:35:01	SQL :EXEC GetUserTreeMenu 'nanang.andriani','1708',@CompanyId=2;
20/06/2023 10:35:01	SQL :EXEC GetUserTreeMenu 'nanang.andriani','1709',@CompanyId=2;
20/06/2023 10:35:01	SQL :EXEC GetUserTreeMenu 'nanang.andriani','1710',@CompanyId=2;
20/06/2023 10:35:01	SQL :EXEC GetUserTreeMenu 'nanang.andriani','1711',@CompanyId=2;
20/06/2023 10:35:01	SQL :EXEC GetUserTreeMenu 'nanang.andriani','1712',@CompanyId=2;
20/06/2023 10:35:02	SQL :EXEC GetUserTreeMenu 'nanang.andriani','1713',@CompanyId=2;
20/06/2023 10:35:02	SQL :EXEC GetUserTreeMenu 'nanang.andriani','1714',@CompanyId=2;
20/06/2023 10:35:02	SQL :EXEC GetUserTreeMenu 'nanang.andriani','1715',@CompanyId=2;
20/06/2023 10:35:02	SQL :EXEC GetUserTreeMenu 'nanang.andriani','1716',@CompanyId=2;
20/06/2023 10:35:02	SQL :EXEC GetUserTreeMenu 'nanang.andriani','1717',@CompanyId=2;
20/06/2023 10:35:02	SQL :EXEC GetUserSubMenu 'nanang.andriani','18';
20/06/2023 10:35:02	SQL :EXEC GetUserTreeMenu 'nanang.andriani','1801',@CompanyId=2;
20/06/2023 10:35:02	SQL :EXEC GetUserSubMenu 'nanang.andriani','19';
20/06/2023 10:35:02	SQL :EXEC GetUserTreeMenu 'nanang.andriani','1901',@CompanyId=2;
20/06/2023 10:35:02	SQL :EXEC GetUserTreeMenu 'nanang.andriani','1902',@CompanyId=2;
20/06/2023 10:35:02	SQL :EXEC GetUserTreeMenu 'nanang.andriani','1903',@CompanyId=2;
20/06/2023 10:35:02	SQL :EXEC GetUserTreeMenu 'nanang.andriani','1904',@CompanyId=2;
20/06/2023 10:35:02	SQL :EXEC GetUserTreeMenu 'nanang.andriani','1905',@CompanyId=2;
20/06/2023 10:35:02	SQL :EXEC GetUserTreeMenu 'nanang.andriani','1906',@CompanyId=2;
20/06/2023 10:35:02	SQL :EXEC GetUserTreeMenu 'nanang.andriani','1907',@CompanyId=2;
20/06/2023 10:35:02	SQL :EXEC GetUserTreeMenu 'nanang.andriani','1908',@CompanyId=2;
20/06/2023 10:35:02	SQL :EXEC GetUserTreeMenu 'nanang.andriani','1909',@CompanyId=2;
20/06/2023 10:35:02	SQL :EXEC GetUserTreeMenu 'nanang.andriani','1910',@CompanyId=2;
20/06/2023 10:35:02	SQL :EXEC GetUserTreeMenu 'nanang.andriani','1911',@CompanyId=2;
20/06/2023 10:35:02	SQL :EXEC GetUserTreeMenu 'nanang.andriani','1912',@CompanyId=2;
20/06/2023 10:35:38	Open Menu :190507
20/06/2023 10:35:38	Open DB Connection
20/06/2023 10:35:38	SQL :EXEC AuthMenu 'nanang.andriani',190507;
20/06/2023 10:35:40	Form Check :BusRunningDaysminiRpt
20/06/2023 10:35:40	Form Open: BusRunningDaysMiniRpt=,0
20/06/2023 10:35:40	Open DB Connection
20/06/2023 10:35:40	SQL :EXEC GetCompanyLocationList
20/06/2023 10:35:40	SQL :EXEC GetUserRDLocationList @UserName='nanang.andriani' ;
20/06/2023 10:35:41	SQL :EXEC GetGroup 2;
20/06/2023 10:35:41	Open DB Connection
20/06/2023 10:35:44	Open DB Connection
20/06/2023 10:35:53	Open DB Connection
20/06/2023 10:35:56	Open DB Connection
20/06/2023 10:35:56	SQL :SELECT * FROM wh_setting WHERE (setting_name='ServiceBerkala_as_PKB_2') AND (active=1);
20/06/2023 10:35:56	Open DB Connection
20/06/2023 10:35:56	SQL :EXEC GetVhcList 6,@CompanyId=2,@BatchId=10,@Seat=59,@OrderBy='category, category_sequence_number,h.vhc_batch_id,seat,license_plate',@ShowBatch=1,@isOutsideRent=0,@Dates='2023/06/30';
20/06/2023 10:35:56	SQL :EXEC GetRunningDaysDetail 'BS1121110002',@FromDate='2023-06-01',@ToDate='2023-06-30', @CompanyId=2;
20/06/2023 10:35:57	SQL :EXEC GetRunningDaysDetail 'BS14050001',@FromDate='2023-06-01',@ToDate='2023-06-30', @CompanyId=2;
20/06/2023 10:35:57	SQL :EXEC GetRunningDaysDetail 'BU13090044',@FromDate='2023-06-01',@ToDate='2023-06-30', @CompanyId=2;
20/06/2023 10:35:58	SQL :EXEC GetRunningDaysDetail 'BU13090046',@FromDate='2023-06-01',@ToDate='2023-06-30', @CompanyId=2;
20/06/2023 10:35:58	SQL :EXEC GetRunningDaysDetail 'BU13090047',@FromDate='2023-06-01',@ToDate='2023-06-30', @CompanyId=2;
20/06/2023 10:35:58	SQL :EXEC GetRunningDaysDetail 'BU13090048',@FromDate='2023-06-01',@ToDate='2023-06-30', @CompanyId=2;
20/06/2023 10:35:58	SQL :EXEC GetRunningDaysDetail 'BU13090051',@FromDate='2023-06-01',@ToDate='2023-06-30', @CompanyId=2;
20/06/2023 10:35:58	SQL :EXEC GetRunningDaysDetail 'BU13090056',@FromDate='2023-06-01',@ToDate='2023-06-30', @CompanyId=2;
20/06/2023 10:35:59	SQL :EXEC GetRunningDaysDetail 'BS14050005',@FromDate='2023-06-01',@ToDate='2023-06-30', @CompanyId=2;
20/06/2023 10:35:59	SQL :EXEC GetRunningDaysDetail 'BS14050002',@FromDate='2023-06-01',@ToDate='2023-06-30', @CompanyId=2;
20/06/2023 10:35:59	SQL :EXEC GetRunningDaysDetail 'BS14050003',@FromDate='2023-06-01',@ToDate='2023-06-30', @CompanyId=2;
20/06/2023 10:35:59	SQL :EXEC GetRunningDaysDetail 'BS14050004',@FromDate='2023-06-01',@ToDate='2023-06-30', @CompanyId=2;
20/06/2023 10:35:59	SQL :EXEC GetRunningDaysDetail 'BS14050008',@FromDate='2023-06-01',@ToDate='2023-06-30', @CompanyId=2;
20/06/2023 10:35:59	SQL :EXEC GetRunningDaysDetail 'BS14050006',@FromDate='2023-06-01',@ToDate='2023-06-30', @CompanyId=2;
20/06/2023 10:36:00	SQL :EXEC GetRunningDaysDetail 'BS221070003',@FromDate='2023-06-01',@ToDate='2023-06-30', @CompanyId=2;
20/06/2023 10:36:00	SQL :EXEC GetRunningDaysDetail 'BS221070010',@FromDate='2023-06-01',@ToDate='2023-06-30', @CompanyId=2;
20/06/2023 10:36:00	SQL :EXEC GetRunningDaysDetail 'BS221070018',@FromDate='2023-06-01',@ToDate='2023-06-30', @CompanyId=2;
20/06/2023 10:36:00	Open DB Connection
20/06/2023 10:36:00	SQL :select id from wh_dashboard_persentase_day where company_id=2 and vhc_batch_id=10 and seat=59 and date='2023/6/1'
20/06/2023 10:36:00	SQL :UPDATE wh_dashboard_persentase_day SET date='2023/6/1',company_id=2,vhc_batch_id=10,seat=59,tot_perbaikan=0,created_date=GETDATE() WHERE company_id=2 and vhc_batch_id=10 and seat=59 and date='2023/6/1'
20/06/2023 10:36:00	Open DB Connection
20/06/2023 10:36:00	SQL :select id from wh_dashboard_persentase_day where company_id=2 and vhc_batch_id=10 and seat=59 and date='2023/6/2'
20/06/2023 10:36:00	SQL :UPDATE wh_dashboard_persentase_day SET date='2023/6/2',company_id=2,vhc_batch_id=10,seat=59,tot_perbaikan=0,created_date=GETDATE() WHERE company_id=2 and vhc_batch_id=10 and seat=59 and date='2023/6/2'
20/06/2023 10:36:00	Open DB Connection
20/06/2023 10:36:00	SQL :select id from wh_dashboard_persentase_day where company_id=2 and vhc_batch_id=10 and seat=59 and date='2023/6/3'
20/06/2023 10:36:00	SQL :UPDATE wh_dashboard_persentase_day SET date='2023/6/3',company_id=2,vhc_batch_id=10,seat=59,tot_perbaikan=0,created_date=GETDATE() WHERE company_id=2 and vhc_batch_id=10 and seat=59 and date='2023/6/3'
20/06/2023 10:36:00	Open DB Connection
20/06/2023 10:36:00	SQL :select id from wh_dashboard_persentase_day where company_id=2 and vhc_batch_id=10 and seat=59 and date='2023/6/4'
20/06/2023 10:36:00	SQL :UPDATE wh_dashboard_persentase_day SET date='2023/6/4',company_id=2,vhc_batch_id=10,seat=59,tot_perbaikan=0,created_date=GETDATE() WHERE company_id=2 and vhc_batch_id=10 and seat=59 and date='2023/6/4'
20/06/2023 10:36:00	Open DB Connection
20/06/2023 10:36:00	SQL :select id from wh_dashboard_persentase_day where company_id=2 and vhc_batch_id=10 and seat=59 and date='2023/6/5'
20/06/2023 10:36:00	SQL :UPDATE wh_dashboard_persentase_day SET date='2023/6/5',company_id=2,vhc_batch_id=10,seat=59,tot_perbaikan=2,created_date=GETDATE() WHERE company_id=2 and vhc_batch_id=10 and seat=59 and date='2023/6/5'
20/06/2023 10:36:01	Open DB Connection
20/06/2023 10:36:01	SQL :select id from wh_dashboard_persentase_day where company_id=2 and vhc_batch_id=10 and seat=59 and date='2023/6/6'
20/06/2023 10:36:01	SQL :UPDATE wh_dashboard_persentase_day SET date='2023/6/6',company_id=2,vhc_batch_id=10,seat=59,tot_perbaikan=1,created_date=GETDATE() WHERE company_id=2 and vhc_batch_id=10 and seat=59 and date='2023/6/6'
20/06/2023 10:36:01	Open DB Connection
20/06/2023 10:36:01	SQL :select id from wh_dashboard_persentase_day where company_id=2 and vhc_batch_id=10 and seat=59 and date='2023/6/7'
20/06/2023 10:36:01	SQL :UPDATE wh_dashboard_persentase_day SET date='2023/6/7',company_id=2,vhc_batch_id=10,seat=59,tot_perbaikan=0,created_date=GETDATE() WHERE company_id=2 and vhc_batch_id=10 and seat=59 and date='2023/6/7'
20/06/2023 10:36:01	Open DB Connection
20/06/2023 10:36:01	SQL :select id from wh_dashboard_persentase_day where company_id=2 and vhc_batch_id=10 and seat=59 and date='2023/6/8'
20/06/2023 10:36:01	SQL :UPDATE wh_dashboard_persentase_day SET date='2023/6/8',company_id=2,vhc_batch_id=10,seat=59,tot_perbaikan=0,created_date=GETDATE() WHERE company_id=2 and vhc_batch_id=10 and seat=59 and date='2023/6/8'
20/06/2023 10:36:01	Open DB Connection
20/06/2023 10:36:01	SQL :select id from wh_dashboard_persentase_day where company_id=2 and vhc_batch_id=10 and seat=59 and date='2023/6/9'
20/06/2023 10:36:01	SQL :UPDATE wh_dashboard_persentase_day SET date='2023/6/9',company_id=2,vhc_batch_id=10,seat=59,tot_perbaikan=-1,created_date=GETDATE() WHERE company_id=2 and vhc_batch_id=10 and seat=59 and date='2023/6/9'
20/06/2023 10:36:01	Open DB Connection
20/06/2023 10:36:01	SQL :select id from wh_dashboard_persentase_day where company_id=2 and vhc_batch_id=10 and seat=59 and date='2023/6/10'
20/06/2023 10:36:02	SQL :UPDATE wh_dashboard_persentase_day SET date='2023/6/10',company_id=2,vhc_batch_id=10,seat=59,tot_perbaikan=0,created_date=GETDATE() WHERE company_id=2 and vhc_batch_id=10 and seat=59 and date='2023/6/10'
20/06/2023 10:36:02	Open DB Connection
20/06/2023 10:36:02	SQL :select id from wh_dashboard_persentase_day where company_id=2 and vhc_batch_id=10 and seat=59 and date='2023/6/11'
20/06/2023 10:36:02	SQL :UPDATE wh_dashboard_persentase_day SET date='2023/6/11',company_id=2,vhc_batch_id=10,seat=59,tot_perbaikan=-1,created_date=GETDATE() WHERE company_id=2 and vhc_batch_id=10 and seat=59 and date='2023/6/11'
20/06/2023 10:36:02	Open DB Connection
20/06/2023 10:36:02	SQL :select id from wh_dashboard_persentase_day where company_id=2 and vhc_batch_id=10 and seat=59 and date='2023/6/12'
20/06/2023 10:36:02	SQL :UPDATE wh_dashboard_persentase_day SET date='2023/6/12',company_id=2,vhc_batch_id=10,seat=59,tot_perbaikan=0,created_date=GETDATE() WHERE company_id=2 and vhc_batch_id=10 and seat=59 and date='2023/6/12'
20/06/2023 10:36:02	Open DB Connection
20/06/2023 10:36:02	SQL :select id from wh_dashboard_persentase_day where company_id=2 and vhc_batch_id=10 and seat=59 and date='2023/6/13'
20/06/2023 10:36:02	SQL :UPDATE wh_dashboard_persentase_day SET date='2023/6/13',company_id=2,vhc_batch_id=10,seat=59,tot_perbaikan=0,created_date=GETDATE() WHERE company_id=2 and vhc_batch_id=10 and seat=59 and date='2023/6/13'
20/06/2023 10:36:02	Open DB Connection
20/06/2023 10:36:02	SQL :select id from wh_dashboard_persentase_day where company_id=2 and vhc_batch_id=10 and seat=59 and date='2023/6/14'
20/06/2023 10:36:02	SQL :UPDATE wh_dashboard_persentase_day SET date='2023/6/14',company_id=2,vhc_batch_id=10,seat=59,tot_perbaikan=0,created_date=GETDATE() WHERE company_id=2 and vhc_batch_id=10 and seat=59 and date='2023/6/14'
20/06/2023 10:36:02	Open DB Connection
20/06/2023 10:36:02	SQL :select id from wh_dashboard_persentase_day where company_id=2 and vhc_batch_id=10 and seat=59 and date='2023/6/15'
20/06/2023 10:36:02	SQL :UPDATE wh_dashboard_persentase_day SET date='2023/6/15',company_id=2,vhc_batch_id=10,seat=59,tot_perbaikan=1,created_date=GETDATE() WHERE company_id=2 and vhc_batch_id=10 and seat=59 and date='2023/6/15'
20/06/2023 10:36:02	Open DB Connection
20/06/2023 10:36:02	SQL :select id from wh_dashboard_persentase_day where company_id=2 and vhc_batch_id=10 and seat=59 and date='2023/6/16'
20/06/2023 10:36:02	SQL :UPDATE wh_dashboard_persentase_day SET date='2023/6/16',company_id=2,vhc_batch_id=10,seat=59,tot_perbaikan=3,created_date=GETDATE() WHERE company_id=2 and vhc_batch_id=10 and seat=59 and date='2023/6/16'
20/06/2023 10:36:02	Open DB Connection
20/06/2023 10:36:02	SQL :select id from wh_dashboard_persentase_day where company_id=2 and vhc_batch_id=10 and seat=59 and date='2023/6/17'
20/06/2023 10:36:02	SQL :UPDATE wh_dashboard_persentase_day SET date='2023/6/17',company_id=2,vhc_batch_id=10,seat=59,tot_perbaikan=0,created_date=GETDATE() WHERE company_id=2 and vhc_batch_id=10 and seat=59 and date='2023/6/17'
20/06/2023 10:36:02	Open DB Connection
20/06/2023 10:36:02	SQL :select id from wh_dashboard_persentase_day where company_id=2 and vhc_batch_id=10 and seat=59 and date='2023/6/18'
20/06/2023 10:36:02	SQL :UPDATE wh_dashboard_persentase_day SET date='2023/6/18',company_id=2,vhc_batch_id=10,seat=59,tot_perbaikan=0,created_date=GETDATE() WHERE company_id=2 and vhc_batch_id=10 and seat=59 and date='2023/6/18'
20/06/2023 10:36:02	Open DB Connection
20/06/2023 10:36:02	SQL :select id from wh_dashboard_persentase_day where company_id=2 and vhc_batch_id=10 and seat=59 and date='2023/6/19'
20/06/2023 10:36:02	SQL :UPDATE wh_dashboard_persentase_day SET date='2023/6/19',company_id=2,vhc_batch_id=10,seat=59,tot_perbaikan=0,created_date=GETDATE() WHERE company_id=2 and vhc_batch_id=10 and seat=59 and date='2023/6/19'
20/06/2023 10:36:02	Open DB Connection
20/06/2023 10:36:02	SQL :select id from wh_dashboard_persentase_day where company_id=2 and vhc_batch_id=10 and seat=59 and date='2023/6/20'
20/06/2023 10:36:02	SQL :UPDATE wh_dashboard_persentase_day SET date='2023/6/20',company_id=2,vhc_batch_id=10,seat=59,tot_perbaikan=0,created_date=GETDATE() WHERE company_id=2 and vhc_batch_id=10 and seat=59 and date='2023/6/20'
20/06/2023 10:36:02	Open DB Connection
20/06/2023 10:36:02	SQL :select id from wh_dashboard_persentase_day where company_id=2 and vhc_batch_id=10 and seat=59 and date='2023/6/21'
20/06/2023 10:36:02	SQL :UPDATE wh_dashboard_persentase_day SET date='2023/6/21',company_id=2,vhc_batch_id=10,seat=59,tot_perbaikan=0,created_date=GETDATE() WHERE company_id=2 and vhc_batch_id=10 and seat=59 and date='2023/6/21'
20/06/2023 10:36:02	Open DB Connection
20/06/2023 10:36:02	SQL :select id from wh_dashboard_persentase_day where company_id=2 and vhc_batch_id=10 and seat=59 and date='2023/6/22'
20/06/2023 10:36:02	SQL :UPDATE wh_dashboard_persentase_day SET date='2023/6/22',company_id=2,vhc_batch_id=10,seat=59,tot_perbaikan=0,created_date=GETDATE() WHERE company_id=2 and vhc_batch_id=10 and seat=59 and date='2023/6/22'
20/06/2023 10:36:02	Open DB Connection
20/06/2023 10:36:02	SQL :select id from wh_dashboard_persentase_day where company_id=2 and vhc_batch_id=10 and seat=59 and date='2023/6/23'
20/06/2023 10:36:02	SQL :UPDATE wh_dashboard_persentase_day SET date='2023/6/23',company_id=2,vhc_batch_id=10,seat=59,tot_perbaikan=0,created_date=GETDATE() WHERE company_id=2 and vhc_batch_id=10 and seat=59 and date='2023/6/23'
20/06/2023 10:36:03	Open DB Connection
20/06/2023 10:36:03	SQL :select id from wh_dashboard_persentase_day where company_id=2 and vhc_batch_id=10 and seat=59 and date='2023/6/24'
20/06/2023 10:36:03	SQL :UPDATE wh_dashboard_persentase_day SET date='2023/6/24',company_id=2,vhc_batch_id=10,seat=59,tot_perbaikan=0,created_date=GETDATE() WHERE company_id=2 and vhc_batch_id=10 and seat=59 and date='2023/6/24'
20/06/2023 10:36:03	Open DB Connection
20/06/2023 10:36:03	SQL :select id from wh_dashboard_persentase_day where company_id=2 and vhc_batch_id=10 and seat=59 and date='2023/6/25'
20/06/2023 10:36:03	SQL :UPDATE wh_dashboard_persentase_day SET date='2023/6/25',company_id=2,vhc_batch_id=10,seat=59,tot_perbaikan=0,created_date=GETDATE() WHERE company_id=2 and vhc_batch_id=10 and seat=59 and date='2023/6/25'
20/06/2023 10:36:03	Open DB Connection
20/06/2023 10:36:03	SQL :select id from wh_dashboard_persentase_day where company_id=2 and vhc_batch_id=10 and seat=59 and date='2023/6/26'
20/06/2023 10:36:03	SQL :UPDATE wh_dashboard_persentase_day SET date='2023/6/26',company_id=2,vhc_batch_id=10,seat=59,tot_perbaikan=1,created_date=GETDATE() WHERE company_id=2 and vhc_batch_id=10 and seat=59 and date='2023/6/26'
20/06/2023 10:36:03	Open DB Connection
20/06/2023 10:36:03	SQL :select id from wh_dashboard_persentase_day where company_id=2 and vhc_batch_id=10 and seat=59 and date='2023/6/27'
20/06/2023 10:36:03	SQL :UPDATE wh_dashboard_persentase_day SET date='2023/6/27',company_id=2,vhc_batch_id=10,seat=59,tot_perbaikan=2,created_date=GETDATE() WHERE company_id=2 and vhc_batch_id=10 and seat=59 and date='2023/6/27'
20/06/2023 10:36:03	Open DB Connection
20/06/2023 10:36:03	SQL :select id from wh_dashboard_persentase_day where company_id=2 and vhc_batch_id=10 and seat=59 and date='2023/6/28'
20/06/2023 10:36:03	SQL :UPDATE wh_dashboard_persentase_day SET date='2023/6/28',company_id=2,vhc_batch_id=10,seat=59,tot_perbaikan=0,created_date=GETDATE() WHERE company_id=2 and vhc_batch_id=10 and seat=59 and date='2023/6/28'
20/06/2023 10:36:03	Open DB Connection
20/06/2023 10:36:03	SQL :select id from wh_dashboard_persentase_day where company_id=2 and vhc_batch_id=10 and seat=59 and date='2023/6/29'
20/06/2023 10:36:03	SQL :UPDATE wh_dashboard_persentase_day SET date='2023/6/29',company_id=2,vhc_batch_id=10,seat=59,tot_perbaikan=0,created_date=GETDATE() WHERE company_id=2 and vhc_batch_id=10 and seat=59 and date='2023/6/29'
20/06/2023 10:36:03	Open DB Connection
20/06/2023 10:36:03	SQL :select id from wh_dashboard_persentase_day where company_id=2 and vhc_batch_id=10 and seat=59 and date='2023/6/30'
20/06/2023 10:36:04	SQL :UPDATE wh_dashboard_persentase_day SET date='2023/6/30',company_id=2,vhc_batch_id=10,seat=59,tot_perbaikan=0,created_date=GETDATE() WHERE company_id=2 and vhc_batch_id=10 and seat=59 and date='2023/6/30'
20/06/2023 10:36:04	Open DB Connection
20/06/2023 10:36:04	SQL :select id from wh_dashboard_persentase_day where company_id=2 and vhc_batch_id=10 and seat=59 and date='2023/6/1'
20/06/2023 10:36:04	SQL :UPDATE wh_dashboard_persentase_day SET date='2023/6/1',company_id=2,vhc_batch_id=10,seat=59,persentase_jalan=94,created_date=GETDATE() WHERE company_id=2 and vhc_batch_id=10 and seat=59 and date='2023/6/1'
20/06/2023 10:36:04	Open DB Connection
20/06/2023 10:36:04	SQL :select id from wh_dashboard_persentase_day where company_id=2 and vhc_batch_id=10 and seat=59 and date='2023/6/2'
20/06/2023 10:36:04	SQL :UPDATE wh_dashboard_persentase_day SET date='2023/6/2',company_id=2,vhc_batch_id=10,seat=59,persentase_jalan=100,created_date=GETDATE() WHERE company_id=2 and vhc_batch_id=10 and seat=59 and date='2023/6/2'
20/06/2023 10:36:04	Open DB Connection
20/06/2023 10:36:04	SQL :select id from wh_dashboard_persentase_day where company_id=2 and vhc_batch_id=10 and seat=59 and date='2023/6/3'
20/06/2023 10:36:04	SQL :UPDATE wh_dashboard_persentase_day SET date='2023/6/3',company_id=2,vhc_batch_id=10,seat=59,persentase_jalan=100,created_date=GETDATE() WHERE company_id=2 and vhc_batch_id=10 and seat=59 and date='2023/6/3'
20/06/2023 10:36:04	Open DB Connection
20/06/2023 10:36:04	SQL :select id from wh_dashboard_persentase_day where company_id=2 and vhc_batch_id=10 and seat=59 and date='2023/6/4'
20/06/2023 10:36:04	SQL :UPDATE wh_dashboard_persentase_day SET date='2023/6/4',company_id=2,vhc_batch_id=10,seat=59,persentase_jalan=100,created_date=GETDATE() WHERE company_id=2 and vhc_batch_id=10 and seat=59 and date='2023/6/4'
20/06/2023 10:36:04	Open DB Connection
20/06/2023 10:36:04	SQL :select id from wh_dashboard_persentase_day where company_id=2 and vhc_batch_id=10 and seat=59 and date='2023/6/5'
20/06/2023 10:36:04	SQL :UPDATE wh_dashboard_persentase_day SET date='2023/6/5',company_id=2,vhc_batch_id=10,seat=59,persentase_jalan=87,created_date=GETDATE() WHERE company_id=2 and vhc_batch_id=10 and seat=59 and date='2023/6/5'
20/06/2023 10:36:04	Open DB Connection
20/06/2023 10:36:04	SQL :select id from wh_dashboard_persentase_day where company_id=2 and vhc_batch_id=10 and seat=59 and date='2023/6/6'
20/06/2023 10:36:05	SQL :UPDATE wh_dashboard_persentase_day SET date='2023/6/6',company_id=2,vhc_batch_id=10,seat=59,persentase_jalan=75,created_date=GETDATE() WHERE company_id=2 and vhc_batch_id=10 and seat=59 and date='2023/6/6'
20/06/2023 10:36:05	Open DB Connection
20/06/2023 10:36:05	SQL :select id from wh_dashboard_persentase_day where company_id=2 and vhc_batch_id=10 and seat=59 and date='2023/6/7'
20/06/2023 10:36:05	SQL :UPDATE wh_dashboard_persentase_day SET date='2023/6/7',company_id=2,vhc_batch_id=10,seat=59,persentase_jalan=94,created_date=GETDATE() WHERE company_id=2 and vhc_batch_id=10 and seat=59 and date='2023/6/7'
20/06/2023 10:36:05	Open DB Connection
20/06/2023 10:36:05	SQL :select id from wh_dashboard_persentase_day where company_id=2 and vhc_batch_id=10 and seat=59 and date='2023/6/8'
20/06/2023 10:36:05	SQL :UPDATE wh_dashboard_persentase_day SET date='2023/6/8',company_id=2,vhc_batch_id=10,seat=59,persentase_jalan=88,created_date=GETDATE() WHERE company_id=2 and vhc_batch_id=10 and seat=59 and date='2023/6/8'
20/06/2023 10:36:05	Open DB Connection
20/06/2023 10:36:05	SQL :select id from wh_dashboard_persentase_day where company_id=2 and vhc_batch_id=10 and seat=59 and date='2023/6/9'
20/06/2023 10:36:05	SQL :UPDATE wh_dashboard_persentase_day SET date='2023/6/9',company_id=2,vhc_batch_id=10,seat=59,persentase_jalan=94,created_date=GETDATE() WHERE company_id=2 and vhc_batch_id=10 and seat=59 and date='2023/6/9'
20/06/2023 10:36:05	Open DB Connection
20/06/2023 10:36:05	SQL :select id from wh_dashboard_persentase_day where company_id=2 and vhc_batch_id=10 and seat=59 and date='2023/6/10'
20/06/2023 10:36:05	SQL :UPDATE wh_dashboard_persentase_day SET date='2023/6/10',company_id=2,vhc_batch_id=10,seat=59,persentase_jalan=94,created_date=GETDATE() WHERE company_id=2 and vhc_batch_id=10 and seat=59 and date='2023/6/10'
20/06/2023 10:36:05	Open DB Connection
20/06/2023 10:36:05	SQL :select id from wh_dashboard_persentase_day where company_id=2 and vhc_batch_id=10 and seat=59 and date='2023/6/11'
20/06/2023 10:36:06	SQL :UPDATE wh_dashboard_persentase_day SET date='2023/6/11',company_id=2,vhc_batch_id=10,seat=59,persentase_jalan=94,created_date=GETDATE() WHERE company_id=2 and vhc_batch_id=10 and seat=59 and date='2023/6/11'
20/06/2023 10:36:06	Open DB Connection
20/06/2023 10:36:06	SQL :select id from wh_dashboard_persentase_day where company_id=2 and vhc_batch_id=10 and seat=59 and date='2023/6/12'
20/06/2023 10:36:06	SQL :UPDATE wh_dashboard_persentase_day SET date='2023/6/12',company_id=2,vhc_batch_id=10,seat=59,persentase_jalan=100,created_date=GETDATE() WHERE company_id=2 and vhc_batch_id=10 and seat=59 and date='2023/6/12'
20/06/2023 10:36:06	Open DB Connection
20/06/2023 10:36:06	SQL :select id from wh_dashboard_persentase_day where company_id=2 and vhc_batch_id=10 and seat=59 and date='2023/6/13'
20/06/2023 10:36:06	SQL :UPDATE wh_dashboard_persentase_day SET date='2023/6/13',company_id=2,vhc_batch_id=10,seat=59,persentase_jalan=100,created_date=GETDATE() WHERE company_id=2 and vhc_batch_id=10 and seat=59 and date='2023/6/13'
20/06/2023 10:36:06	Open DB Connection
20/06/2023 10:36:06	SQL :select id from wh_dashboard_persentase_day where company_id=2 and vhc_batch_id=10 and seat=59 and date='2023/6/14'
20/06/2023 10:36:06	SQL :UPDATE wh_dashboard_persentase_day SET date='2023/6/14',company_id=2,vhc_batch_id=10,seat=59,persentase_jalan=100,created_date=GETDATE() WHERE company_id=2 and vhc_batch_id=10 and seat=59 and date='2023/6/14'
20/06/2023 10:36:07	Open DB Connection
20/06/2023 10:36:07	SQL :select id from wh_dashboard_persentase_day where company_id=2 and vhc_batch_id=10 and seat=59 and date='2023/6/15'
20/06/2023 10:36:07	SQL :UPDATE wh_dashboard_persentase_day SET date='2023/6/15',company_id=2,vhc_batch_id=10,seat=59,persentase_jalan=94,created_date=GETDATE() WHERE company_id=2 and vhc_batch_id=10 and seat=59 and date='2023/6/15'
20/06/2023 10:36:07	Open DB Connection
20/06/2023 10:36:07	SQL :select id from wh_dashboard_persentase_day where company_id=2 and vhc_batch_id=10 and seat=59 and date='2023/6/16'
20/06/2023 10:36:07	SQL :UPDATE wh_dashboard_persentase_day SET date='2023/6/16',company_id=2,vhc_batch_id=10,seat=59,persentase_jalan=43,created_date=GETDATE() WHERE company_id=2 and vhc_batch_id=10 and seat=59 and date='2023/6/16'
20/06/2023 10:36:08	Open DB Connection
20/06/2023 10:36:08	SQL :select id from wh_dashboard_persentase_day where company_id=2 and vhc_batch_id=10 and seat=59 and date='2023/6/17'
20/06/2023 10:36:08	SQL :UPDATE wh_dashboard_persentase_day SET date='2023/6/17',company_id=2,vhc_batch_id=10,seat=59,persentase_jalan=82,created_date=GETDATE() WHERE company_id=2 and vhc_batch_id=10 and seat=59 and date='2023/6/17'
20/06/2023 10:36:08	Open DB Connection
20/06/2023 10:36:08	SQL :select id from wh_dashboard_persentase_day where company_id=2 and vhc_batch_id=10 and seat=59 and date='2023/6/18'
20/06/2023 10:36:08	SQL :UPDATE wh_dashboard_persentase_day SET date='2023/6/18',company_id=2,vhc_batch_id=10,seat=59,persentase_jalan=82,created_date=GETDATE() WHERE company_id=2 and vhc_batch_id=10 and seat=59 and date='2023/6/18'
20/06/2023 10:36:08	Open DB Connection
20/06/2023 10:36:08	SQL :select id from wh_dashboard_persentase_day where company_id=2 and vhc_batch_id=10 and seat=59 and date='2023/6/19'
20/06/2023 10:36:08	SQL :UPDATE wh_dashboard_persentase_day SET date='2023/6/19',company_id=2,vhc_batch_id=10,seat=59,persentase_jalan=88,created_date=GETDATE() WHERE company_id=2 and vhc_batch_id=10 and seat=59 and date='2023/6/19'
20/06/2023 10:36:08	Open DB Connection
20/06/2023 10:36:08	SQL :select id from wh_dashboard_persentase_day where company_id=2 and vhc_batch_id=10 and seat=59 and date='2023/6/20'
20/06/2023 10:36:08	SQL :UPDATE wh_dashboard_persentase_day SET date='2023/6/20',company_id=2,vhc_batch_id=10,seat=59,persentase_jalan=100,created_date=GETDATE() WHERE company_id=2 and vhc_batch_id=10 and seat=59 and date='2023/6/20'
20/06/2023 10:36:08	Open DB Connection
20/06/2023 10:36:08	SQL :select id from wh_dashboard_persentase_day where company_id=2 and vhc_batch_id=10 and seat=59 and date='2023/6/21'
20/06/2023 10:36:08	SQL :UPDATE wh_dashboard_persentase_day SET date='2023/6/21',company_id=2,vhc_batch_id=10,seat=59,persentase_jalan=100,created_date=GETDATE() WHERE company_id=2 and vhc_batch_id=10 and seat=59 and date='2023/6/21'
20/06/2023 10:36:08	Open DB Connection
20/06/2023 10:36:08	SQL :select id from wh_dashboard_persentase_day where company_id=2 and vhc_batch_id=10 and seat=59 and date='2023/6/22'
20/06/2023 10:36:09	SQL :UPDATE wh_dashboard_persentase_day SET date='2023/6/22',company_id=2,vhc_batch_id=10,seat=59,persentase_jalan=100,created_date=GETDATE() WHERE company_id=2 and vhc_batch_id=10 and seat=59 and date='2023/6/22'
20/06/2023 10:36:09	Open DB Connection
20/06/2023 10:36:09	SQL :select id from wh_dashboard_persentase_day where company_id=2 and vhc_batch_id=10 and seat=59 and date='2023/6/23'
20/06/2023 10:36:09	SQL :UPDATE wh_dashboard_persentase_day SET date='2023/6/23',company_id=2,vhc_batch_id=10,seat=59,persentase_jalan=100,created_date=GETDATE() WHERE company_id=2 and vhc_batch_id=10 and seat=59 and date='2023/6/23'
20/06/2023 10:36:09	Open DB Connection
20/06/2023 10:36:09	SQL :select id from wh_dashboard_persentase_day where company_id=2 and vhc_batch_id=10 and seat=59 and date='2023/6/24'
20/06/2023 10:36:09	SQL :UPDATE wh_dashboard_persentase_day SET date='2023/6/24',company_id=2,vhc_batch_id=10,seat=59,persentase_jalan=100,created_date=GETDATE() WHERE company_id=2 and vhc_batch_id=10 and seat=59 and date='2023/6/24'
20/06/2023 10:36:09	Open DB Connection
20/06/2023 10:36:09	SQL :select id from wh_dashboard_persentase_day where company_id=2 and vhc_batch_id=10 and seat=59 and date='2023/6/25'
20/06/2023 10:36:09	SQL :UPDATE wh_dashboard_persentase_day SET date='2023/6/25',company_id=2,vhc_batch_id=10,seat=59,persentase_jalan=100,created_date=GETDATE() WHERE company_id=2 and vhc_batch_id=10 and seat=59 and date='2023/6/25'
20/06/2023 10:36:09	Open DB Connection
20/06/2023 10:36:09	SQL :select id from wh_dashboard_persentase_day where company_id=2 and vhc_batch_id=10 and seat=59 and date='2023/6/26'
20/06/2023 10:36:09	SQL :UPDATE wh_dashboard_persentase_day SET date='2023/6/26',company_id=2,vhc_batch_id=10,seat=59,persentase_jalan=44,created_date=GETDATE() WHERE company_id=2 and vhc_batch_id=10 and seat=59 and date='2023/6/26'
20/06/2023 10:36:09	Open DB Connection
20/06/2023 10:36:09	SQL :select id from wh_dashboard_persentase_day where company_id=2 and vhc_batch_id=10 and seat=59 and date='2023/6/27'
20/06/2023 10:36:10	SQL :UPDATE wh_dashboard_persentase_day SET date='2023/6/27',company_id=2,vhc_batch_id=10,seat=59,persentase_jalan=60,created_date=GETDATE() WHERE company_id=2 and vhc_batch_id=10 and seat=59 and date='2023/6/27'
20/06/2023 10:36:10	Open DB Connection
20/06/2023 10:36:10	SQL :select id from wh_dashboard_persentase_day where company_id=2 and vhc_batch_id=10 and seat=59 and date='2023/6/28'
20/06/2023 10:36:10	SQL :UPDATE wh_dashboard_persentase_day SET date='2023/6/28',company_id=2,vhc_batch_id=10,seat=59,persentase_jalan=100,created_date=GETDATE() WHERE company_id=2 and vhc_batch_id=10 and seat=59 and date='2023/6/28'
20/06/2023 10:36:10	Open DB Connection
20/06/2023 10:36:10	SQL :select id from wh_dashboard_persentase_day where company_id=2 and vhc_batch_id=10 and seat=59 and date='2023/6/29'
20/06/2023 10:36:10	SQL :UPDATE wh_dashboard_persentase_day SET date='2023/6/29',company_id=2,vhc_batch_id=10,seat=59,persentase_jalan=100,created_date=GETDATE() WHERE company_id=2 and vhc_batch_id=10 and seat=59 and date='2023/6/29'
20/06/2023 10:36:10	Open DB Connection
20/06/2023 10:36:10	SQL :select id from wh_dashboard_persentase_day where company_id=2 and vhc_batch_id=10 and seat=59 and date='2023/6/30'
20/06/2023 10:36:10	SQL :UPDATE wh_dashboard_persentase_day SET date='2023/6/30',company_id=2,vhc_batch_id=10,seat=59,persentase_jalan=59,created_date=GETDATE() WHERE company_id=2 and vhc_batch_id=10 and seat=59 and date='2023/6/30'
20/06/2023 10:36:53	Form Check :OrderForm
20/06/2023 10:36:53	Form Check :WorkOrderForm
20/06/2023 10:36:53	Form Open: WorkOrderForm=PKBRB23050387,,-1
20/06/2023 10:36:53	Open DB Connection
20/06/2023 10:36:53	SQL :EXEC GetWorkOrderLists 2,6 ;
20/06/2023 10:36:59	Open DB Connection
20/06/2023 10:43:00	Message:Port Check
20/06/2023 10:43:00	Message:Open DB Connection
20/06/2023 10:43:00	SQL :EXEC GetMessage '01','nanang.andriani';
20/06/2023 10:43:00	SQL :SELECT CONVERT(VARCHAR(8),GETDATE(),108) AS hour_minute;
20/06/2023 10:43:00	SQ20/06/2023 10:46:02	Get Local Settings
20/06/2023 10:46:02	Start Change Local Settings
20/06/2023 10:46:02	Change short date format
20/06/2023 10:46:02	Change Long date format
20/06/2023 10:46:02	Finish Change Local Settings
20/06/2023 10:46:02	Registry Read: Path=SOFTWARE\WEHA\Aplikasi\3
20/06/2023 10:46:02	Registry Read/Write
20/06/2023 10:46:02	Registry Read: Path=SOFTWARE\WEHA\Aplikasi\3
20/06/2023 10:46:02	Registry Read:Fail
20/06/2023 10:46:02	Setting DB Param
20/06/2023 10:46:02	Create DB Object
20/06/2023 10:46:02	Init DB
20/06/2023 10:46:05	Error Create DB Connection
20/06/2023 10:46:08	Change Db Connection to :Provider=MSDASQL.1
20/06/2023 10:46:08	Finish Create DB Connection
20/06/2023 10:46:08	Get File Version
20/06/2023 10:46:08	Change  Caption
20/06/2023 10:46:08	Init Shortkey
20/06/2023 10:46:09	Form Check :Setting
20/06/2023 10:46:09	Form Open: Setting
20/06/2023 10:46:27	Create DB Object
20/06/2023 10:46:27	Init DB
20/06/2023 10:46:27	Finish Init DB
20/06/2023 10:46:27	Port Check
20/06/2023 10:46:27	Connection Check
20/06/2023 10:46:27	Check Success
20/06/2023 10:46:29	Registry Write: 192.168.10.247,wh_prod,sa,SQLNCLI10
20/06/2023 10:46:29	Registry Read: Path=SOFTWARE\WEHA\Aplikasi\3
20/06/2023 10:46:29	Registry Read:Fail
20/06/2023 10:46:32	Create DB Object
20/06/2023 10:46:32	Init DB
20/06/2023 10:46:32	Finish Init DB
20/06/2023 10:46:37	Update new version check
20/06/2023 10:46:37	Open DB Connection
20/06/2023 10:46:38	SQL :
20/06/2023 10:46:38	Update check version
20/06/2023 10:46:38	Open DB Connection
20/06/2023 10:46:38	SQL :SELECT version FROM wh_application WHERE application_id=(SELECT MAX(application_id) FROM wh_application);
20/06/2023 10:46:38	Start Login
20/06/2023 10:46:38	Open DB Connection
20/06/2023 10:46:38	SQL :EXEC AuthenticateUser 'nanang.andriani','3b5929d0c23006c99522f38746d85dd4';
20/06/2023 10:46:38	SQL :INSERT INTO wh_log (user_id,app_date,app_version,app_version_svr,location_id,company_id,department_id,host_name,ip_address)  VALUES ('nanang.andriani','20/06/2023','6.1.5.23','6.1.5.23',6,2,13,'DESKTOP-88BM05S','192.168.25.214');
20/06/2023 10:46:38	Open DB Connection
20/06/2023 10:46:38	SQL :EXEC GetUserMenu 'nanang.andriani';
20/06/2023 10:46:38	SQL :EXEC GetUserSubMenu 'nanang.andriani','11';
20/06/2023 10:46:38	SQL :EXEC GetUserTreeMenu 'nanang.andriani','1101',@CompanyId=2;
20/06/2023 10:46:38	SQL :EXEC GetUserTreeMenu 'nanang.andriani','1102',@CompanyId=2;
20/06/2023 10:46:38	SQL :EXEC GetUserTreeMenu 'nanang.andriani','1103',@CompanyId=2;
20/06/2023 10:46:38	SQL :EXEC GetUserTreeMenu 'nanang.andriani','1104',@CompanyId=2;
20/06/2023 10:46:38	SQL :EXEC GetUserTreeMenu 'nanang.andriani','1105',@CompanyId=2;
20/06/2023 10:46:38	SQL :EXEC GetUserTreeMenu 'nanang.andriani','1106',@CompanyId=2;
20/06/2023 10:46:38	SQL :EXEC GetUserTreeMenu 'nanang.andriani','1107',@CompanyId=2;
20/06/2023 10:46:38	SQL :EXEC GetUserTreeMenu 'nanang.andriani','1108',@CompanyId=2;
20/06/2023 10:46:38	SQL :EXEC GetUserTreeMenu 'nanang.andriani','1109',@CompanyId=2;
20/06/2023 10:46:38	SQL :EXEC GetUserTreeMenu 'nanang.andriani','1110',@CompanyId=2;
20/06/2023 10:46:38	SQL :EXEC GetUserTreeMenu 'nanang.andriani','1111',@CompanyId=2;
20/06/2023 10:46:38	SQL :EXEC GetUserTreeMenu 'nanang.andriani','1112',@CompanyId=2;
20/06/2023 10:46:38	SQL :EXEC GetUserTreeMenu 'nanang.andriani','1113',@CompanyId=2;
20/06/2023 10:46:38	SQL :EXEC GetUserTreeMenu 'nanang.andriani','1114',@CompanyId=2;
20/06/2023 10:46:38	SQL :EXEC GetUserTreeMenu 'nanang.andriani','1115',@CompanyId=2;
20/06/2023 10:46:38	SQL :EXEC GetUserTreeMenu 'nanang.andriani','1116',@CompanyId=2;
20/06/2023 10:46:38	SQL :EXEC GetUserTreeMenu 'nanang.andriani','1117',@CompanyId=2;
20/06/2023 10:46:38	SQL :EXEC GetUserTreeMenu 'nanang.andriani','1198',@CompanyId=2;
20/06/2023 10:46:38	SQL :EXEC GetUserTreeMenu 'nanang.andriani','1199',@CompanyId=2;
20/06/2023 10:46:38	SQL :EXEC GetUserSubMenu 'nanang.andriani','12';
20/06/2023 10:46:38	SQL :EXEC GetUserTreeMenu 'nanang.andriani','1201',@CompanyId=2;
20/06/2023 10:46:38	SQL :EXEC GetUserTreeMenu 'nanang.andriani','1202',@CompanyId=2;
20/06/2023 10:46:38	SQL :EXEC GetUserTreeMenu 'nanang.andriani','1203',@CompanyId=2;
20/06/2023 10:46:38	SQL :EXEC GetUserTreeMenu 'nanang.andriani','1204',@CompanyId=2;
20/06/2023 10:46:38	SQL :EXEC GetUserTreeMenu 'nanang.andriani','1205',@CompanyId=2;
20/06/2023 10:46:38	SQL :EXEC GetUserTreeMenu 'nanang.andriani','1206',@CompanyId=2;
20/06/2023 10:46:38	SQL :EXEC GetUserTreeMenu 'nanang.andriani','1207',@CompanyId=2;
20/06/2023 10:46:38	SQL :EXEC GetUserSubMenu 'nanang.andriani','13';
20/06/2023 10:46:38	SQL :EXEC GetUserTreeMenu 'nanang.andriani','1301',@CompanyId=2;
20/06/2023 10:46:38	SQL :EXEC GetUserTreeMenu 'nanang.andriani','1302',@CompanyId=2;
20/06/2023 10:46:38	SQL :EXEC GetUserTreeMenu 'nanang.andriani','1303',@CompanyId=2;
20/06/2023 10:46:38	SQL :EXEC GetUserTreeMenu 'nanang.andriani','1304',@CompanyId=2;
20/06/2023 10:46:38	SQL :EXEC GetUserTreeMenu 'nanang.andriani','1305',@CompanyId=2;
20/06/2023 10:46:38	SQL :EXEC GetUserTreeMenu 'nanang.andriani','1306',@CompanyId=2;
20/06/2023 10:46:38	SQL :EXEC GetUserTreeMenu 'nanang.andriani','1307',@CompanyId=2;
20/06/2023 10:46:39	SQL :EXEC GetUserTreeMenu 'nanang.andriani','1308',@CompanyId=2;
20/06/2023 10:46:39	SQL :EXEC GetUserTreeMenu 'nanang.andriani','1309',@CompanyId=2;
20/06/2023 10:46:39	SQL :EXEC GetUserTreeMenu 'nanang.andriani','1310',@CompanyId=2;
20/06/2023 10:46:39	SQL :EXEC GetUserTreeMenu 'nanang.andriani','1311',@CompanyId=2;
20/06/2023 10:46:39	SQL :EXEC GetUserTreeMenu 'nanang.andriani','1312',@CompanyId=2;
20/06/2023 10:46:39	SQL :EXEC GetUserTreeMenu 'nanang.andriani','1313',@CompanyId=2;
20/06/2023 10:46:39	SQL :EXEC GetUserTreeMenu 'nanang.andriani','1314',@CompanyId=2;
20/06/2023 10:46:39	SQL :EXEC GetUserTreeMenu 'nanang.andriani','1315',@CompanyId=2;
20/06/2023 10:46:39	SQL :EXEC GetUserTreeMenu 'nanang.andriani','1316',@CompanyId=2;
20/06/2023 10:46:39	SQL :EXEC GetUserTreeMenu 'nanang.andriani','1317',@CompanyId=2;
20/06/2023 10:46:39	SQL :EXEC GetUserTreeMenu 'nanang.andriani','1318',@CompanyId=2;
20/06/2023 10:46:39	SQL :EXEC GetUserTreeMenu 'nanang.andriani','1319',@CompanyId=2;
20/06/2023 10:46:39	SQL :EXEC GetUserTreeMenu 'nanang.andriani','1320',@CompanyId=2;
20/06/2023 10:46:39	SQL :EXEC GetUserTreeMenu 'nanang.andriani','1321',@CompanyId=2;
20/06/2023 10:46:39	SQL :EXEC GetUserTreeMenu 'nanang.andriani','1322',@CompanyId=2;
20/06/2023 10:46:39	SQL :EXEC GetUserSubMenu 'nanang.andriani','14';
20/06/2023 10:46:39	SQL :EXEC GetUserTreeMenu 'nanang.andriani','1401',@CompanyId=2;
20/06/2023 10:46:39	SQL :EXEC GetUserTreeMenu 'nanang.andriani','1402',@CompanyId=2;
20/06/2023 10:46:39	SQL :EXEC GetUserTreeMenu 'nanang.andriani','1403',@CompanyId=2;
20/06/2023 10:46:39	SQL :EXEC GetUserTreeMenu 'nanang.andriani','1404',@CompanyId=2;
20/06/2023 10:46:39	SQL :EXEC GetUserTreeMenu 'nanang.andriani','1406',@CompanyId=2;
20/06/2023 10:46:39	SQL :EXEC GetUserTreeMenu 'nanang.andriani','1408',@CompanyId=2;
20/06/2023 10:46:39	SQL :EXEC GetUserTreeMenu 'nanang.andriani','1410',@CompanyId=2;
20/06/2023 10:46:39	SQL :EXEC GetUserTreeMenu 'nanang.andriani','1411',@CompanyId=2;
20/06/2023 10:46:39	SQL :EXEC GetUserTreeMenu 'nanang.andriani','1412',@CompanyId=2;
20/06/2023 10:46:39	SQL :EXEC GetUserTreeMenu 'nanang.andriani','1413',@CompanyId=2;
20/06/2023 10:46:39	SQL :EXEC GetUserTreeMenu 'nanang.andriani','1414',@CompanyId=2;
20/06/2023 10:46:39	SQL :EXEC GetUserSubMenu 'nanang.andriani','15';
20/06/2023 10:46:39	SQL :EXEC GetUserTreeMenu 'nanang.andriani','1501',@CompanyId=2;
20/06/2023 10:46:39	SQL :EXEC GetUserTreeMenu 'nanang.andriani','1502',@CompanyId=2;
20/06/2023 10:46:39	SQL :EXEC GetUserTreeMenu 'nanang.andriani','1503',@CompanyId=2;
20/06/2023 10:46:39	SQL :EXEC GetUserTreeMenu 'nanang.andriani','1504',@CompanyId=2;
20/06/2023 10:46:39	SQL :EXEC GetUserTreeMenu 'nanang.andriani','1505',@CompanyId=2;
20/06/2023 10:46:39	SQL :EXEC GetUserTreeMenu 'nanang.andriani','1506',@CompanyId=2;
20/06/2023 10:46:39	SQL :EXEC GetUserTreeMenu 'nanang.andriani','1507',@CompanyId=2;
20/06/2023 10:46:39	SQL :EXEC GetUserTreeMenu 'nanang.andriani','1508',@CompanyId=2;
20/06/2023 10:46:39	SQL :EXEC GetUserTreeMenu 'nanang.andriani','1509',@CompanyId=2;
20/06/2023 10:46:39	SQL :EXEC GetUserTreeMenu 'nanang.andriani','1510',@CompanyId=2;
20/06/2023 10:46:39	SQL :EXEC GetUserTreeMenu 'nanang.andriani','1511',@CompanyId=2;
20/06/2023 10:46:39	SQL :EXEC GetUserSubMenu 'nanang.andriani','16';
20/06/2023 10:46:39	SQL :EXEC GetUserTreeMenu 'nanang.andriani','1601',@CompanyId=2;
20/06/2023 10:46:39	SQL :EXEC GetUserTreeMenu 'nanang.andriani','1602',@CompanyId=2;
20/06/2023 10:46:39	SQL :EXEC GetUserTreeMenu 'nanang.andriani','1603',@CompanyId=2;
20/06/2023 10:46:39	SQL :EXEC GetUserTreeMenu 'nanang.andriani','1604',@CompanyId=2;
20/06/2023 10:46:39	SQL :EXEC GetUserTreeMenu 'nanang.andriani','1605',@CompanyId=2;
20/06/2023 10:46:39	SQL :EXEC GetUserTreeMenu 'nanang.andriani','1606',@CompanyId=2;
20/06/2023 10:46:39	SQL :EXEC GetUserTreeMenu 'nanang.andriani','1607',@CompanyId=2;
20/06/2023 10:46:39	SQL :EXEC GetUserTreeMenu 'nanang.andriani','1608',@CompanyId=2;
20/06/2023 10:46:39	SQL :EXEC GetUserTreeMenu 'nanang.andriani','1609',@CompanyId=2;
20/06/2023 10:46:39	SQL :EXEC GetUserTreeMenu 'nanang.andriani','1610',@CompanyId=2;
20/06/2023 10:46:39	SQL :EXEC GetUserTreeMenu 'nanang.andriani','1611',@CompanyId=2;
20/06/2023 10:46:39	SQL :EXEC GetUserTreeMenu 'nanang.andriani','1612',@CompanyId=2;
20/06/2023 10:46:39	SQL :EXEC GetUserTreeMenu 'nanang.andriani','1613',@CompanyId=2;
20/06/2023 10:46:39	SQL :EXEC GetUserTreeMenu 'nanang.andriani','1614',@CompanyId=2;
20/06/2023 10:46:39	SQL :EXEC GetUserTreeMenu 'nanang.andriani','1615',@CompanyId=2;
20/06/2023 10:46:39	SQL :EXEC GetUserTreeMenu 'nanang.andriani','1616',@CompanyId=2;
20/06/2023 10:46:39	SQL :EXEC GetUserTreeMenu 'nanang.andriani','1619',@CompanyId=2;
20/06/2023 10:46:39	SQL :EXEC GetUserTreeMenu 'nanang.andriani','1620',@CompanyId=2;
20/06/2023 10:46:39	SQL :EXEC GetUserSubMenu 'nanang.andriani','17';
20/06/2023 10:46:40	SQL :EXEC GetUserTreeMenu 'nanang.andriani','1701',@CompanyId=2;
20/06/2023 10:46:40	SQL :EXEC GetUserTreeMenu 'nanang.andriani','1702',@CompanyId=2;
20/06/2023 10:46:40	SQL :EXEC GetUserTreeMenu 'nanang.andriani','1703',@CompanyId=2;
20/06/2023 10:46:40	SQL :EXEC GetUserTreeMenu 'nanang.andriani','1704',@CompanyId=2;
20/06/2023 10:46:40	SQL :EXEC GetUserTreeMenu 'nanang.andriani','1705',@CompanyId=2;
20/06/2023 10:46:40	SQL :EXEC GetUserTreeMenu 'nanang.andriani','1706',@CompanyId=2;
20/06/2023 10:46:40	SQL :EXEC GetUserTreeMenu 'nanang.andriani','1707',@CompanyId=2;
20/06/2023 10:46:40	SQL :EXEC GetUserTreeMenu 'nanang.andriani','1708',@CompanyId=2;
20/06/2023 10:46:40	SQL :EXEC GetUserTreeMenu 'nanang.andriani','1709',@CompanyId=2;
20/06/2023 10:46:40	SQL :EXEC GetUserTreeMenu 'nanang.andriani','1710',@CompanyId=2;
20/06/2023 10:46:40	SQL :EXEC GetUserTreeMenu 'nanang.andriani','1711',@CompanyId=2;
20/06/2023 10:46:40	SQL :EXEC GetUserTreeMenu 'nanang.andriani','1712',@CompanyId=2;
20/06/2023 10:46:40	SQL :EXEC GetUserTreeMenu 'nanang.andriani','1713',@CompanyId=2;
20/06/2023 10:46:40	SQL :EXEC GetUserTreeMenu 'nanang.andriani','1714',@CompanyId=2;
20/06/2023 10:46:40	SQL :EXEC GetUserTreeMenu 'nanang.andriani','1715',@CompanyId=2;
20/06/2023 10:46:40	SQL :EXEC GetUserTreeMenu 'nanang.andriani','1716',@CompanyId=2;
20/06/2023 10:46:40	SQL :EXEC GetUserTreeMenu 'nanang.andriani','1717',@CompanyId=2;
20/06/2023 10:46:40	SQL :EXEC GetUserSubMenu 'nanang.andriani','18';
20/06/2023 10:46:40	SQL :EXEC GetUserTreeMenu 'nanang.andriani','1801',@CompanyId=2;
20/06/2023 10:46:40	SQL :EXEC GetUserSubMenu 'nanang.andriani','19';
20/06/2023 10:46:40	SQL :EXEC GetUserTreeMenu 'nanang.andriani','1901',@CompanyId=2;
20/06/2023 10:46:40	SQL :EXEC GetUserTreeMenu 'nanang.andriani','1902',@CompanyId=2;
20/06/2023 10:46:40	SQL :EXEC GetUserTreeMenu 'nanang.andriani','1903',@CompanyId=2;
20/06/2023 10:46:40	SQL :EXEC GetUserTreeMenu 'nanang.andriani','1904',@CompanyId=2;
20/06/2023 10:46:40	SQL :EXEC GetUserTreeMenu 'nanang.andriani','1905',@CompanyId=2;
20/06/2023 10:46:40	SQL :EXEC GetUserTreeMenu 'nanang.andriani','1906',@CompanyId=2;
20/06/2023 10:46:40	SQL :EXEC GetUserTreeMenu 'nanang.andriani','1907',@CompanyId=2;
20/06/2023 10:46:40	SQL :EXEC GetUserTreeMenu 'nanang.andriani','1908',@CompanyId=2;
20/06/2023 10:46:40	SQL :EXEC GetUserTreeMenu 'nanang.andriani','1909',@CompanyId=2;
20/06/2023 10:46:40	SQL :EXEC GetUserTreeMenu 'nanang.andriani','1910',@CompanyId=2;
20/06/2023 10:46:40	SQL :EXEC GetUserTreeMenu 'nanang.andriani','1911',@CompanyId=2;
20/06/2023 10:46:40	SQL :EXEC GetUserTreeMenu 'nanang.andriani','1912',@CompanyId=2;
20/06/2023 10:46:40	SQL :SELECT CONVERT(VARCHAR(8),GETDATE(),108) AS hour_minute;
20/06/2023 10:46:40	SQL :SELECT CONVERT(VARCHAR(10),GETDATE(),103) AS date_time;
20/06/2023 10:46:40	Loading Setting
20/06/2023 10:46:40	Open DB Connection
20/06/2023 10:46:40	SQL :SELECT * FROM wh_setting WHERE setting_name='Hold_Less_Deposit';
20/06/2023 10:46:40	SQL :SELECT * FROM wh_setting WHERE setting_name='Max_Less_Deposit';
20/06/2023 10:46:40	SQL :SELECT * FROM wh_setting WHERE setting_name='Dashboard_2';
20/06/2023 10:46:40	Finish Logging
20/06/2023 10:46:40	SQL :SELECT value_string FROM wh_setting WHERE (setting_name='Interval_CheckInDate') AND (active=1);
20/06/2023 10:46:40	SQL :SELECT value_string FROM wh_setting WHERE (setting_name='Interval_CheckInTime') AND (active=1);
20/06/2023 10:46:41	SQL :SELECT value_string FROM wh_setting WHERE (setting_name='ChatEnable') and (active=1);
20/06/2023 10:46:41	Message:Port Check
20/06/2023 10:46:41	Message:Open DB Connection
20/06/2023 10:46:41	SQL :EXEC GetMessage '01','nanang.andriani';
20/06/2023 10:46:41	SQL :SELECT CONVERT(VARCHAR(8),GETDATE(),108) AS hour_minute;
20/06/2023 10:46:41	SQL :SELECT CONVERT(VARCHAR(10),GETDATE(),103) AS date_time;
20/06/2023 10:47:37	Open Menu :190507
20/06/2023 10:47:37	Open DB Connection
20/06/2023 10:47:37	SQL :EXEC AuthMenu 'nanang.andriani',190507;
20/06/2023 10:47:37	Form Check :BusRunningDaysminiRpt
20/06/2023 10:47:37	Form Open: BusRunningDaysMiniRpt=,0
20/06/2023 10:47:37	Open DB Connection
20/06/2023 10:47:37	SQL :EXEC GetCompanyLocationList
20/06/2023 10:47:37	SQL :EXEC GetUserRDLocationList @UserName='nanang.andriani' ;
20/06/2023 10:47:37	SQL :EXEC GetGroup 2;
20/06/2023 10:47:38	Open DB Connection
20/06/2023 10:47:40	Open DB Connection
20/06/2023 10:47:42	Open DB Connection
20/06/2023 10:47:42	SQL :SELECT * FROM wh_setting WHERE (setting_name='ServiceBerkala_as_PKB_2') AND (active=1);
20/06/2023 10:47:42	Open DB Connection
20/06/2023 10:47:42	SQL :EXEC GetVhcList 6,@CompanyId=2,@BatchId=10,@Seat=47,@OrderBy='category, category_sequence_number,h.vhc_batch_id,seat,license_plate',@ShowBatch=1,@isOutsideRent=0,@Dates='2023/06/30';
20/06/2023 10:47:43	SQL :EXEC GetRunningDaysDetail 'BS220010001',@FromDate='2023-06-01',@ToDate='2023-06-30', @CompanyId=2;
20/06/2023 10:47:43	SQL :EXEC GetRunningDaysDetail 'BS220010002',@FromDate='2023-06-01',@ToDate='2023-06-30', @CompanyId=2;
20/06/2023 10:47:44	SQL :EXEC GetRunningDaysDetail 'BS220010003',@FromDate='2023-06-01',@ToDate='2023-06-30', @CompanyId=2;
20/06/2023 10:47:44	SQL :EXEC GetRunningDaysDetail 'BS220010004',@FromDate='2023-06-01',@ToDate='2023-06-30', @CompanyId=2;
20/06/2023 10:47:45	SQL :EXEC GetRunningDaysDetail 'BS220010005',@FromDate='2023-06-01',@ToDate='2023-06-30', @CompanyId=2;
20/06/2023 10:47:45	SQL :EXEC GetRunningDaysDetail 'BU13090049',@FromDate='2023-06-01',@ToDate='2023-06-30', @CompanyId=2;
20/06/2023 10:47:46	SQL :EXEC GetRunningDaysDetail 'BU13090054',@FromDate='2023-06-01',@ToDate='2023-06-30', @CompanyId=2;
20/06/2023 10:47:46	SQL :EXEC GetRunningDaysDetail 'BU13090057',@FromDate='2023-06-01',@ToDate='2023-06-30', @CompanyId=2;
20/06/2023 10:47:47	SQL :EXEC GetRunningDaysDetail 'BS14050007',@FromDate='2023-06-01',@ToDate='2023-06-30', @CompanyId=2;
20/06/2023 10:47:48	Open DB Connection
20/06/2023 10:47:48	SQL :select id from wh_dashboard_persentase_day where company_id=2 and vhc_batch_id=10 and seat=47 and date='2023/6/1'
20/06/2023 10:47:48	SQL :UPDATE wh_dashboard_persentase_day SET date='2023/6/1',company_id=2,vhc_batch_id=10,seat=47,tot_perbaikan=0,created_date=GETDATE() WHERE company_id=2 and vhc_batch_id=10 and seat=47 and date='2023/6/1'
20/06/2023 10:47:48	Open DB Connection
20/06/2023 10:47:48	SQL :select id from wh_dashboard_persentase_day where company_id=2 and vhc_batch_id=10 and seat=47 and date='2023/6/2'
20/06/2023 10:47:48	SQL :UPDATE wh_dashboard_persentase_day SET date='2023/6/2',company_id=2,vhc_batch_id=10,seat=47,tot_perbaikan=0,created_date=GETDATE() WHERE company_id=2 and vhc_batch_id=10 and seat=47 and date='2023/6/2'
20/06/2023 10:47:48	Open DB Connection
20/06/2023 10:47:48	SQL :select id from wh_dashboard_persentase_day where company_id=2 and vhc_batch_id=10 and seat=47 and date='2023/6/3'
20/06/2023 10:47:48	SQL :UPDATE wh_dashboard_persentase_day SET date='2023/6/3',company_id=2,vhc_batch_id=10,seat=47,tot_perbaikan=0,created_date=GETDATE() WHERE company_id=2 and vhc_batch_id=10 and seat=47 and date='2023/6/3'
20/06/2023 10:47:48	Open DB Connection
20/06/2023 10:47:48	SQL :select id from wh_dashboard_persentase_day where company_id=2 and vhc_batch_id=10 and seat=47 and date='2023/6/4'
20/06/2023 10:47:48	SQL :UPDATE wh_dashboard_persentase_day SET date='2023/6/4',company_id=2,vhc_batch_id=10,seat=47,tot_perbaikan=0,created_date=GETDATE() WHERE company_id=2 and vhc_batch_id=10 and seat=47 and date='2023/6/4'
20/06/2023 10:47:48	Open DB Connection
20/06/2023 10:47:48	SQL :select id from wh_dashboard_persentase_day where company_id=2 and vhc_batch_id=10 and seat=47 and date='2023/6/5'
20/06/2023 10:47:48	SQL :UPDATE wh_dashboard_persentase_day SET date='2023/6/5',company_id=2,vhc_batch_id=10,seat=47,tot_perbaikan=0,created_date=GETDATE() WHERE company_id=2 and vhc_batch_id=10 and seat=47 and date='2023/6/5'
20/06/2023 10:47:48	Open DB Connection
20/06/2023 10:47:48	SQL :select id from wh_dashboard_persentase_day where company_id=2 and vhc_batch_id=10 and seat=47 and date='2023/6/6'
20/06/2023 10:47:48	SQL :UPDATE wh_dashboard_persentase_day SET date='2023/6/6',company_id=2,vhc_batch_id=10,seat=47,tot_perbaikan=0,created_date=GETDATE() WHERE company_id=2 and vhc_batch_id=10 and seat=47 and date='2023/6/6'
20/06/2023 10:47:48	Open DB Connection
20/06/2023 10:47:48	SQL :select id from wh_dashboard_persentase_day where company_id=2 and vhc_batch_id=10 and seat=47 and date='2023/6/7'
20/06/2023 10:47:49	SQL :UPDATE wh_dashboard_persentase_day SET date='2023/6/7',company_id=2,vhc_batch_id=10,seat=47,tot_perbaikan=0,created_date=GETDATE() WHERE company_id=2 and vhc_batch_id=10 and seat=47 and date='2023/6/7'
20/06/2023 10:47:49	Open DB Connection
20/06/2023 10:47:49	SQL :select id from wh_dashboard_persentase_day where company_id=2 and vhc_batch_id=10 and seat=47 and date='2023/6/8'
20/06/2023 10:47:49	SQL :UPDATE wh_dashboard_persentase_day SET date='2023/6/8',company_id=2,vhc_batch_id=10,seat=47,tot_perbaikan=0,created_date=GETDATE() WHERE company_id=2 and vhc_batch_id=10 and seat=47 and date='2023/6/8'
20/06/2023 10:47:49	Open DB Connection
20/06/2023 10:47:49	SQL :select id from wh_dashboard_persentase_day where company_id=2 and vhc_batch_id=10 and seat=47 and date='2023/6/9'
20/06/2023 10:47:49	SQL :UPDATE wh_dashboard_persentase_day SET date='2023/6/9',company_id=2,vhc_batch_id=10,seat=47,tot_perbaikan=0,created_date=GETDATE() WHERE company_id=2 and vhc_batch_id=10 and seat=47 and date='2023/6/9'
20/06/2023 10:47:49	Open DB Connection
20/06/2023 10:47:49	SQL :select id from wh_dashboard_persentase_day where company_id=2 and vhc_batch_id=10 and seat=47 and date='2023/6/10'
20/06/2023 10:47:49	SQL :UPDATE wh_dashboard_persentase_day SET date='2023/6/10',company_id=2,vhc_batch_id=10,seat=47,tot_perbaikan=-1,created_date=GETDATE() WHERE company_id=2 and vhc_batch_id=10 and seat=47 and date='2023/6/10'
20/06/2023 10:47:49	Open DB Connection
20/06/2023 10:47:49	SQL :select id from wh_dashboard_persentase_day where company_id=2 and vhc_batch_id=10 and seat=47 and date='2023/6/11'
20/06/2023 10:47:49	SQL :UPDATE wh_dashboard_persentase_day SET date='2023/6/11',company_id=2,vhc_batch_id=10,seat=47,tot_perbaikan=0,created_date=GETDATE() WHERE company_id=2 and vhc_batch_id=10 and seat=47 and date='2023/6/11'
20/06/2023 10:47:49	Open DB Connection
20/06/2023 10:47:49	SQL :select id from wh_dashboard_persentase_day where company_id=2 and vhc_batch_id=10 and seat=47 and date='2023/6/12'
20/06/2023 10:47:49	SQL :UPDATE wh_dashboard_persentase_day SET date='2023/6/12',company_id=2,vhc_batch_id=10,seat=47,tot_perbaikan=-1,created_date=GETDATE() WHERE company_id=2 and vhc_batch_id=10 and seat=47 and date='2023/6/12'
20/06/2023 10:47:49	Open DB Connection
20/06/2023 10:47:49	SQL :select id from wh_dashboard_persentase_day where company_id=2 and vhc_batch_id=10 and seat=47 and date='2023/6/13'
20/06/2023 10:47:49	SQL :UPDATE wh_dashboard_persentase_day SET date='2023/6/13',company_id=2,vhc_batch_id=10,seat=47,tot_perbaikan=0,created_date=GETDATE() WHERE company_id=2 and vhc_batch_id=10 and seat=47 and date='2023/6/13'
20/06/2023 10:47:50	Open DB Connection
20/06/2023 10:47:50	SQL :select id from wh_dashboard_persentase_day where company_id=2 and vhc_batch_id=10 and seat=47 and date='2023/6/14'
20/06/2023 10:47:50	SQL :UPDATE wh_dashboard_persentase_day SET date='2023/6/14',company_id=2,vhc_batch_id=10,seat=47,tot_perbaikan=0,created_date=GETDATE() WHERE company_id=2 and vhc_batch_id=10 and seat=47 and date='2023/6/14'
20/06/2023 10:47:50	Open DB Connection
20/06/2023 10:47:50	SQL :select id from wh_dashboard_persentase_day where company_id=2 and vhc_batch_id=10 and seat=47 and date='2023/6/15'
20/06/2023 10:47:50	SQL :UPDATE wh_dashboard_persentase_day SET date='2023/6/15',company_id=2,vhc_batch_id=10,seat=47,tot_perbaikan=0,created_date=GETDATE() WHERE company_id=2 and vhc_batch_id=10 and seat=47 and date='2023/6/15'
20/06/2023 10:47:50	Open DB Connection
20/06/2023 10:47:50	SQL :select id from wh_dashboard_persentase_day where company_id=2 and vhc_batch_id=10 and seat=47 and date='2023/6/16'
20/06/2023 10:47:50	SQL :UPDATE wh_dashboard_persentase_day SET date='2023/6/16',company_id=2,vhc_batch_id=10,seat=47,tot_perbaikan=2,created_date=GETDATE() WHERE company_id=2 and vhc_batch_id=10 and seat=47 and date='2023/6/16'
20/06/2023 10:47:50	Open DB Connection
20/06/2023 10:47:50	SQL :select id from wh_dashboard_persentase_day where company_id=2 and vhc_batch_id=10 and seat=47 and date='2023/6/17'
20/06/2023 10:47:50	SQL :UPDATE wh_dashboard_persentase_day SET date='2023/6/17',company_id=2,vhc_batch_id=10,seat=47,tot_perbaikan=0,created_date=GETDATE() WHERE company_id=2 and vhc_batch_id=10 and seat=47 and date='2023/6/17'
20/06/2023 10:47:50	Open DB Connection
20/06/2023 10:47:50	SQL :select id from wh_dashboard_persentase_day where company_id=2 and vhc_batch_id=10 and seat=47 and date='2023/6/18'
20/06/2023 10:47:50	SQL :UPDATE wh_dashboard_persentase_day SET date='2023/6/18',company_id=2,vhc_batch_id=10,seat=47,tot_perbaikan=0,created_date=GETDATE() WHERE company_id=2 and vhc_batch_id=10 and seat=47 and date='2023/6/18'
20/06/2023 10:47:50	Open DB Connection
20/06/2023 10:47:50	SQL :select id from wh_dashboard_persentase_day where company_id=2 and vhc_batch_id=10 and seat=47 and date='2023/6/19'
20/06/2023 10:47:50	SQL :UPDATE wh_dashboard_persentase_day SET date='2023/6/19',company_id=2,vhc_batch_id=10,seat=47,tot_perbaikan=0,created_date=GETDATE() WHERE company_id=2 and vhc_batch_id=10 and seat=47 and date='2023/6/19'
20/06/2023 10:47:50	Open DB Connection
20/06/2023 10:47:50	SQL :select id from wh_dashboard_persentase_day where company_id=2 and vhc_batch_id=10 and seat=47 and date='2023/6/20'
20/06/2023 10:47:51	SQL :UPDATE wh_dashboard_persentase_day SET date='2023/6/20',company_id=2,vhc_batch_id=10,seat=47,tot_perbaikan=0,created_date=GETDATE() WHERE company_id=2 and vhc_batch_id=10 and seat=47 and date='2023/6/20'
20/06/2023 10:47:51	Open DB Connection
20/06/2023 10:47:51	SQL :select id from wh_dashboard_persentase_day where company_id=2 and vhc_batch_id=10 and seat=47 and date='2023/6/21'
20/06/2023 10:47:51	SQL :UPDATE wh_dashboard_persentase_day SET date='2023/6/21',company_id=2,vhc_batch_id=10,seat=47,tot_perbaikan=0,created_date=GETDATE() WHERE company_id=2 and vhc_batch_id=10 and seat=47 and date='2023/6/21'
20/06/2023 10:47:51	Open DB Connection
20/06/2023 10:47:51	SQL :select id from wh_dashboard_persentase_day where company_id=2 and vhc_batch_id=10 and seat=47 and date='2023/6/22'
20/06/2023 10:47:51	SQL :UPDATE wh_dashboard_persentase_day SET date='2023/6/22',company_id=2,vhc_batch_id=10,seat=47,tot_perbaikan=0,created_date=GETDATE() WHERE company_id=2 and vhc_batch_id=10 and seat=47 and date='2023/6/22'
20/06/2023 10:47:51	Open DB Connection
20/06/2023 10:47:51	SQL :select id from wh_dashboard_persentase_day where company_id=2 and vhc_batch_id=10 and seat=47 and date='2023/6/23'
20/06/2023 10:47:51	SQL :UPDATE wh_dashboard_persentase_day SET date='2023/6/23',company_id=2,vhc_batch_id=10,seat=47,tot_perbaikan=0,created_date=GETDATE() WHERE company_id=2 and vhc_batch_id=10 and seat=47 and date='2023/6/23'
20/06/2023 10:47:51	Open DB Connection
20/06/2023 10:47:51	SQL :select id from wh_dashboard_persentase_day where company_id=2 and vhc_batch_id=10 and seat=47 and date='2023/6/24'
20/06/2023 10:47:51	SQL :UPDATE wh_dashboard_persentase_day SET date='2023/6/24',company_id=2,vhc_batch_id=10,seat=47,tot_perbaikan=0,created_date=GETDATE() WHERE company_id=2 and vhc_batch_id=10 and seat=47 and date='2023/6/24'
20/06/2023 10:47:51	Open DB Connection
20/06/2023 10:47:51	SQL :select id from wh_dashboard_persentase_day where company_id=2 and vhc_batch_id=10 and seat=47 and date='2023/6/25'
20/06/2023 10:47:51	SQL :UPDATE wh_dashboard_persentase_day SET date='2023/6/25',company_id=2,vhc_batch_id=10,seat=47,tot_perbaikan=0,created_date=GETDATE() WHERE company_id=2 and vhc_batch_id=10 and seat=47 and date='2023/6/25'
20/06/2023 10:47:51	Open DB Connection
20/06/2023 10:47:51	SQL :select id from wh_dashboard_persentase_day where company_id=2 and vhc_batch_id=10 and seat=47 and date='2023/6/26'
20/06/2023 10:47:51	SQL :UPDATE wh_dashboard_persentase_day SET date='2023/6/26',company_id=2,vhc_batch_id=10,seat=47,tot_perbaikan=0,created_date=GETDATE() WHERE company_id=2 and vhc_batch_id=10 and seat=47 and date='2023/6/26'
20/06/2023 10:47:51	Open DB Connection
20/06/2023 10:47:51	SQL :select id from wh_dashboard_persentase_day where company_id=2 and vhc_batch_id=10 and seat=47 and date='2023/6/27'
20/06/2023 10:47:51	SQL :UPDATE wh_dashboard_persentase_day SET date='2023/6/27',company_id=2,vhc_batch_id=10,seat=47,tot_perbaikan=0,created_date=GETDATE() WHERE company_id=2 and vhc_batch_id=10 and seat=47 and date='2023/6/27'
20/06/2023 10:47:51	Open DB Connection
20/06/2023 10:47:51	SQL :select id from wh_dashboard_persentase_day where company_id=2 and vhc_batch_id=10 and seat=47 and date='2023/6/28'
20/06/2023 10:47:51	SQL :UPDATE wh_dashboard_persentase_day SET date='2023/6/28',company_id=2,vhc_batch_id=10,seat=47,tot_perbaikan=0,created_date=GETDATE() WHERE company_id=2 and vhc_batch_id=10 and seat=47 and date='2023/6/28'
20/06/2023 10:47:51	Open DB Connection
20/06/2023 10:47:51	SQL :select id from wh_dashboard_persentase_day where company_id=2 and vhc_batch_id=10 and seat=47 and date='2023/6/29'
20/06/2023 10:47:51	SQL :UPDATE wh_dashboard_persentase_day SET date='2023/6/29',company_id=2,vhc_batch_id=10,seat=47,tot_perbaikan=0,created_date=GETDATE() WHERE company_id=2 and vhc_batch_id=10 and seat=47 and date='2023/6/29'
20/06/2023 10:47:51	Open DB Connection
20/06/2023 10:47:51	SQL :select id from wh_dashboard_persentase_day where company_id=2 and vhc_batch_id=10 and seat=47 and date='2023/6/30'
20/06/2023 10:47:51	SQL :UPDATE wh_dashboard_persentase_day SET date='2023/6/30',company_id=2,vhc_batch_id=10,seat=47,tot_perbaikan=0,created_date=GETDATE() WHERE company_id=2 and vhc_batch_id=10 and seat=47 and date='2023/6/30'
20/06/2023 10:47:51	Open DB Connection
20/06/2023 10:47:51	SQL :select id from wh_dashboard_persentase_day where company_id=2 and vhc_batch_id=10 and seat=47 and date='2023/6/1'
20/06/2023 10:47:51	SQL :UPDATE wh_dashboard_persentase_day SET date='2023/6/1',company_id=2,vhc_batch_id=10,seat=47,persentase_jalan=100,created_date=GETDATE() WHERE company_id=2 and vhc_batch_id=10 and seat=47 and date='2023/6/1'
20/06/2023 10:47:52	Open DB Connection
20/06/2023 10:47:52	SQL :select id from wh_dashboard_persentase_day where company_id=2 and vhc_batch_id=10 and seat=47 and date='2023/6/2'
20/06/2023 10:47:52	SQL :UPDATE wh_dashboard_persentase_day SET date='2023/6/2',company_id=2,vhc_batch_id=10,seat=47,persentase_jalan=100,created_date=GETDATE() WHERE company_id=2 and vhc_batch_id=10 and seat=47 and date='2023/6/2'
20/06/2023 10:47:52	Open DB Connection
20/06/2023 10:47:52	SQL :select id from wh_dashboard_persentase_day where company_id=2 and vhc_batch_id=10 and seat=47 and date='2023/6/3'
20/06/2023 10:47:52	SQL :UPDATE wh_dashboard_persentase_day SET date='2023/6/3',company_id=2,vhc_batch_id=10,seat=47,persentase_jalan=100,created_date=GETDATE() WHERE company_id=2 and vhc_batch_id=10 and seat=47 and date='2023/6/3'
20/06/2023 10:47:52	Open DB Connection
20/06/2023 10:47:52	SQL :select id from wh_dashboard_persentase_day where company_id=2 and vhc_batch_id=10 and seat=47 and date='2023/6/4'
20/06/2023 10:47:52	SQL :UPDATE wh_dashboard_persentase_day SET date='2023/6/4',company_id=2,vhc_batch_id=10,seat=47,persentase_jalan=100,created_date=GETDATE() WHERE company_id=2 and vhc_batch_id=10 and seat=47 and date='2023/6/4'
20/06/2023 10:47:52	Open DB Connection
20/06/2023 10:47:52	SQL :select id from wh_dashboard_persentase_day where company_id=2 and vhc_batch_id=10 and seat=47 and date='2023/6/5'
20/06/2023 10:47:52	SQL :UPDATE wh_dashboard_persentase_day SET date='2023/6/5',company_id=2,vhc_batch_id=10,seat=47,persentase_jalan=100,created_date=GETDATE() WHERE company_id=2 and vhc_batch_id=10 and seat=47 and date='2023/6/5'
20/06/2023 10:47:52	Open DB Connection
20/06/2023 10:47:52	SQL :select id from wh_dashboard_persentase_day where company_id=2 and vhc_batch_id=10 and seat=47 and date='2023/6/6'
20/06/2023 10:47:52	SQL :UPDATE wh_dashboard_persentase_day SET date='2023/6/6',company_id=2,vhc_batch_id=10,seat=47,persentase_jalan=78,created_date=GETDATE() WHERE company_id=2 and vhc_batch_id=10 and seat=47 and date='2023/6/6'
20/06/2023 10:47:52	Open DB Connection
20/06/2023 10:47:52	SQL :select id from wh_dashboard_persentase_day where company_id=2 and vhc_batch_id=10 and seat=47 and date='2023/6/7'
20/06/2023 10:47:52	SQL :UPDATE wh_dashboard_persentase_day SET date='2023/6/7',company_id=2,vhc_batch_id=10,seat=47,persentase_jalan=78,created_date=GETDATE() WHERE company_id=2 and vhc_batch_id=10 and seat=47 and date='2023/6/7'
20/06/2023 10:47:52	Open DB Connection
20/06/2023 10:47:52	SQL :select id from wh_dashboard_persentase_day where company_id=2 and vhc_batch_id=10 and seat=47 and date='2023/6/8'
20/06/2023 10:47:52	SQL :UPDATE wh_dashboard_persentase_day SET date='2023/6/8',company_id=2,vhc_batch_id=10,seat=47,persentase_jalan=89,created_date=GETDATE() WHERE company_id=2 and vhc_batch_id=10 and seat=47 and date='2023/6/8'
20/06/2023 10:47:52	Open DB Connection
20/06/2023 10:47:52	SQL :select id from wh_dashboard_persentase_day where company_id=2 and vhc_batch_id=10 and seat=47 and date='2023/6/9'
20/06/2023 10:47:53	SQL :UPDATE wh_dashboard_persentase_day SET date='2023/6/9',company_id=2,vhc_batch_id=10,seat=47,persentase_jalan=89,created_date=GETDATE() WHERE company_id=2 and vhc_batch_id=10 and seat=47 and date='2023/6/9'
20/06/2023 10:47:53	Open DB Connection
20/06/2023 10:47:53	SQL :select id from wh_dashboard_persentase_day where company_id=2 and vhc_batch_id=10 and seat=47 and date='2023/6/10'
20/06/2023 10:47:53	SQL :UPDATE wh_dashboard_persentase_day SET date='2023/6/10',company_id=2,vhc_batch_id=10,seat=47,persentase_jalan=90,created_date=GETDATE() WHERE company_id=2 and vhc_batch_id=10 and seat=47 and date='2023/6/10'
20/06/2023 10:47:53	Open DB Connection
20/06/2023 10:47:53	SQL :select id from wh_dashboard_persentase_day where company_id=2 and vhc_batch_id=10 and seat=47 and date='2023/6/11'
20/06/2023 10:47:53	SQL :UPDATE wh_dashboard_persentase_day SET date='2023/6/11',company_id=2,vhc_batch_id=10,seat=47,persentase_jalan=100,created_date=GETDATE() WHERE company_id=2 and vhc_batch_id=10 and seat=47 and date='2023/6/11'
20/06/2023 10:47:53	Open DB Connection
20/06/2023 10:47:53	SQL :select id from wh_dashboard_persentase_day where company_id=2 and vhc_batch_id=10 and seat=47 and date='2023/6/12'
20/06/2023 10:47:53	SQL :UPDATE wh_dashboard_persentase_day SET date='2023/6/12',company_id=2,vhc_batch_id=10,seat=47,persentase_jalan=80,created_date=GETDATE() WHERE company_id=2 and vhc_batch_id=10 and seat=47 and date='2023/6/12'
20/06/2023 10:47:53	Open DB Connection
20/06/2023 10:47:53	SQL :select id from wh_dashboard_persentase_day where company_id=2 and vhc_batch_id=10 and seat=47 and date='2023/6/13'
20/06/2023 10:47:53	SQL :UPDATE wh_dashboard_persentase_day SET date='2023/6/13',company_id=2,vhc_batch_id=10,seat=47,persentase_jalan=100,created_date=GETDATE() WHERE company_id=2 and vhc_batch_id=10 and seat=47 and date='2023/6/13'
20/06/2023 10:47:53	Open DB Connection
20/06/2023 10:47:53	SQL :select id from wh_dashboard_persentase_day where company_id=2 and vhc_batch_id=10 and seat=47 and date='2023/6/14'
20/06/2023 10:47:53	SQL :UPDATE wh_dashboard_persentase_day SET date='2023/6/14',company_id=2,vhc_batch_id=10,seat=47,persentase_jalan=100,created_date=GETDATE() WHERE company_id=2 and vhc_batch_id=10 and seat=47 and date='2023/6/14'
20/06/2023 10:47:53	Open DB Connection
20/06/2023 10:47:53	SQL :select id from wh_dashboard_persentase_day where company_id=2 and vhc_batch_id=10 and seat=47 and date='2023/6/15'
20/06/2023 10:47:53	SQL :UPDATE wh_dashboard_persentase_day SET date='2023/6/15',company_id=2,vhc_batch_id=10,seat=47,persentase_jalan=100,created_date=GETDATE() WHERE company_id=2 and vhc_batch_id=10 and seat=47 and date='2023/6/15'
20/06/2023 10:47:53	Open DB Connection
20/06/2023 10:47:53	SQL :select id from wh_dashboard_persentase_day where company_id=2 and vhc_batch_id=10 and seat=47 and date='2023/6/16'
20/06/2023 10:47:53	SQL :UPDATE wh_dashboard_persentase_day SET date='2023/6/16',company_id=2,vhc_batch_id=10,seat=47,persentase_jalan=43,created_date=GETDATE() WHERE company_id=2 and vhc_batch_id=10 and seat=47 and date='2023/6/16'
20/06/2023 10:47:53	Open DB Connection
20/06/2023 10:47:53	SQL :select id from wh_dashboard_persentase_day where company_id=2 and vhc_batch_id=10 and seat=47 and date='2023/6/17'
20/06/2023 10:47:54	SQL :UPDATE wh_dashboard_persentase_day SET date='2023/6/17',company_id=2,vhc_batch_id=10,seat=47,persentase_jalan=100,created_date=GETDATE() WHERE company_id=2 and vhc_batch_id=10 and seat=47 and date='2023/6/17'
20/06/2023 10:47:54	Open DB Connection
20/06/2023 10:47:54	SQL :select id from wh_dashboard_persentase_day where company_id=2 and vhc_batch_id=10 and seat=47 and date='2023/6/18'
20/06/2023 10:47:54	SQL :UPDATE wh_dashboard_persentase_day SET date='2023/6/18',company_id=2,vhc_batch_id=10,seat=47,persentase_jalan=100,created_date=GETDATE() WHERE company_id=2 and vhc_batch_id=10 and seat=47 and date='2023/6/18'
20/06/2023 10:47:54	Open DB Connection
20/06/2023 10:47:54	SQL :select id from wh_dashboard_persentase_day where company_id=2 and vhc_batch_id=10 and seat=47 and date='2023/6/19'
20/06/2023 10:47:54	SQL :UPDATE wh_dashboard_persentase_day SET date='2023/6/19',company_id=2,vhc_batch_id=10,seat=47,persentase_jalan=78,created_date=GETDATE() WHERE company_id=2 and vhc_batch_id=10 and seat=47 and date='2023/6/19'
20/06/2023 10:47:54	Open DB Connection
20/06/2023 10:47:54	SQL :select id from wh_dashboard_persentase_day where company_id=2 and vhc_batch_id=10 and seat=47 and date='2023/6/20'
20/06/2023 10:47:54	SQL :UPDATE wh_dashboard_persentase_day SET date='2023/6/20',company_id=2,vhc_batch_id=10,seat=47,persentase_jalan=67,created_date=GETDATE() WHERE company_id=2 and vhc_batch_id=10 and seat=47 and date='2023/6/20'
20/06/2023 10:47:54	Open DB Connection
20/06/2023 10:47:54	SQL :select id from wh_dashboard_persentase_day where company_id=2 and vhc_batch_id=10 and seat=47 and date='2023/6/21'
20/06/2023 10:47:54	SQL :UPDATE wh_dashboard_persentase_day SET date='2023/6/21',company_id=2,vhc_batch_id=10,seat=47,persentase_jalan=89,created_date=GETDATE() WHERE company_id=2 and vhc_batch_id=10 and seat=47 and date='2023/6/21'
20/06/2023 10:47:54	Open DB Connection
20/06/2023 10:47:54	SQL :select id from wh_dashboard_persentase_day where company_id=2 and vhc_batch_id=10 and seat=47 and date='2023/6/22'
20/06/2023 10:47:54	SQL :UPDATE wh_dashboard_persentase_day SET date='2023/6/22',company_id=2,vhc_batch_id=10,seat=47,persentase_jalan=78,created_date=GETDATE() WHERE company_id=2 and vhc_batch_id=10 and seat=47 and date='2023/6/22'
20/06/2023 10:47:54	Open DB Connection
20/06/2023 10:47:54	SQL :select id from wh_dashboard_persentase_day where company_id=2 and vhc_batch_id=10 and seat=47 and date='2023/6/23'
20/06/2023 10:47:54	SQL :UPDATE wh_dashboard_persentase_day SET date='2023/6/23',company_id=2,vhc_batch_id=10,seat=47,persentase_jalan=100,created_date=GETDATE() WHERE company_id=2 and vhc_batch_id=10 and seat=47 and date='2023/6/23'
20/06/2023 10:47:54	Open DB Connection
20/06/2023 10:47:54	SQL :select id from wh_dashboard_persentase_day where company_id=2 and vhc_batch_id=10 and seat=47 and date='2023/6/24'
20/06/2023 10:47:54	SQL :UPDATE wh_dashboard_persentase_day SET date='2023/6/24',company_id=2,vhc_batch_id=10,seat=47,persentase_jalan=100,created_date=GETDATE() WHERE company_id=2 and vhc_batch_id=10 and seat=47 and date='2023/6/24'
20/06/2023 10:47:55	Open DB Connection
20/06/2023 10:47:55	SQL :select id from wh_dashboard_persentase_day where company_id=2 and vhc_batch_id=10 and seat=47 and date='2023/6/25'
20/06/2023 10:47:55	SQL :UPDATE wh_dashboard_persentase_day SET date='2023/6/25',company_id=2,vhc_batch_id=10,seat=47,persentase_jalan=100,created_date=GETDATE() WHERE company_id=2 and vhc_batch_id=10 and seat=47 and date='2023/6/25'
20/06/2023 10:47:55	Open DB Connection
20/06/2023 10:47:55	SQL :select id from wh_dashboard_persentase_day where company_id=2 and vhc_batch_id=10 and seat=47 and date='2023/6/26'
20/06/2023 10:47:55	SQL :UPDATE wh_dashboard_persentase_day SET date='2023/6/26',company_id=2,vhc_batch_id=10,seat=47,persentase_jalan=56,created_date=GETDATE() WHERE company_id=2 and vhc_batch_id=10 and seat=47 and date='2023/6/26'
20/06/2023 10:47:55	Open DB Connection
20/06/2023 10:47:55	SQL :select id from wh_dashboard_persentase_day where company_id=2 and vhc_batch_id=10 and seat=47 and date='2023/6/27'
20/06/2023 10:47:55	SQL :UPDATE wh_dashboard_persentase_day SET date='2023/6/27',company_id=2,vhc_batch_id=10,seat=47,persentase_jalan=11,created_date=GETDATE() WHERE company_id=2 and vhc_batch_id=10 and seat=47 and date='2023/6/27'
20/06/2023 10:47:55	Open DB Connection
20/06/2023 10:47:55	SQL :select id from wh_dashboard_persentase_day where company_id=2 and vhc_batch_id=10 and seat=47 and date='2023/6/28'
20/06/2023 10:47:55	SQL :UPDATE wh_dashboard_persentase_day SET date='2023/6/28',company_id=2,vhc_batch_id=10,seat=47,persentase_jalan=100,created_date=GETDATE() WHERE company_id=2 and vhc_batch_id=10 and seat=47 and date='2023/6/28'
20/06/2023 10:47:55	Open DB Connection
20/06/2023 10:47:55	SQL :select id from wh_dashboard_persentase_day where company_id=2 and vhc_batch_id=10 and seat=47 and date='2023/6/29'
20/06/2023 10:47:55	SQL :UPDATE wh_dashboard_persentase_day SET date='2023/6/29',company_id=2,vhc_batch_id=10,seat=47,persentase_jalan=100,created_date=GETDATE() WHERE company_id=2 and vhc_batch_id=10 and seat=47 and date='2023/6/29'
20/06/2023 10:47:55	Open DB Connection
20/06/2023 10:47:55	SQL :select id from wh_dashboard_persentase_day where company_id=2 and vhc_batch_id=10 and seat=47 and date='2023/6/30'
20/06/2023 10:47:55	SQL :UPDATE wh_dashboard_persentase_day SET date='2023/6/30',company_id=2,vhc_batch_id=10,seat=47,persentase_jalan=56,created_date=GETDATE() WHERE company_id=2 and vhc_batch_id=10 and seat=47 and date='2023/6/30'
20/06/2023 10:48:14	Open DB Connection
20/06/2023 10:48:14	SQL :SELECT * FROM wh_setting WHERE (setting_name='ServiceBerkala_as_PKB_2') AND (active=1);
20/06/2023 10:48:14	Open DB Connection
20/06/2023 10:48:14	SQL :EXEC GetVhcList 6,@CompanyId=2,@BatchId=10,@Seat=59,@OrderBy='category, category_sequence_number,h.vhc_batch_id,seat,license_plate',@ShowBatch=1,@isOutsideRent=0,@Dates='2023/06/30';
20/06/2023 10:48:15	SQL :EXEC GetRunningDaysDetail 'BS1121110002',@FromDate='2023-06-01',@ToDate='2023-06-30', @CompanyId=2;
20/06/2023 10:48:15	SQL :EXEC GetRunningDaysDetail 'BS14050001',@FromDate='2023-06-01',@ToDate='2023-06-30', @CompanyId=2;
20/06/2023 10:48:15	SQL :EXEC GetRunningDaysDetail 'BU13090044',@FromDate='2023-06-01',@ToDate='2023-06-30', @CompanyId=2;
20/06/2023 10:48:15	SQL :EXEC GetRunningDaysDetail 'BU13090046',@FromDate='2023-06-01',@ToDate='2023-06-30', @CompanyId=2;
20/06/2023 10:48:16	SQL :EXEC GetRunningDaysDetail 'BU13090047',@FromDate='2023-06-01',@ToDate='2023-06-30', @CompanyId=2;
20/06/2023 10:48:16	SQL :EXEC GetRunningDaysDetail 'BU13090048',@FromDate='2023-06-01',@ToDate='2023-06-30', @CompanyId=2;
20/06/2023 10:48:16	SQL :EXEC GetRunningDaysDetail 'BU13090051',@FromDate='2023-06-01',@ToDate='2023-06-30', @CompanyId=2;
20/06/2023 10:48:16	SQL :EXEC GetRunningDaysDetail 'BU13090056',@FromDate='2023-06-01',@ToDate='2023-06-30', @CompanyId=2;
20/06/2023 10:48:17	SQL :EXEC GetRunningDaysDetail 'BS14050005',@FromDate='2023-06-01',@ToDate='2023-06-30', @CompanyId=2;
20/06/2023 10:48:17	SQL :EXEC GetRunningDaysDetail 'BS14050002',@FromDate='2023-06-01',@ToDate='2023-06-30', @CompanyId=2;
20/06/2023 10:48:17	SQL :EXEC GetRunningDaysDetail 'BS14050003',@FromDate='2023-06-01',@ToDate='2023-06-30', @CompanyId=2;
20/06/2023 10:48:17	SQL :EXEC GetRunningDaysDetail 'BS14050004',@FromDate='2023-06-01',@ToDate='2023-06-30', @CompanyId=2;
20/06/2023 10:48:17	SQL :EXEC GetRunningDaysDetail 'BS14050008',@FromDate='2023-06-01',@ToDate='2023-06-30', @CompanyId=2;
20/06/2023 10:48:18	SQL :EXEC GetRunningDaysDetail 'BS14050006',@FromDate='2023-06-01',@ToDate='2023-06-30', @CompanyId=2;
20/06/2023 10:48:18	SQL :EXEC GetRunningDaysDetail 'BS221070003',@FromDate='2023-06-01',@ToDate='2023-06-30', @CompanyId=2;
20/06/2023 10:48:18	SQL :EXEC GetRunningDaysDetail 'BS221070010',@FromDate='2023-06-01',@ToDate='2023-06-30', @CompanyId=2;
20/06/2023 10:48:18	SQL :EXEC GetRunningDaysDetail 'BS221070018',@FromDate='2023-06-01',@ToDate='2023-06-30', @CompanyId=2;
20/06/2023 10:48:18	Open DB Connection
20/06/2023 10:48:18	SQL :select id from wh_dashboard_persentase_day where company_id=2 and vhc_batch_id=10 and seat=59 and date='2023/6/1'
20/06/2023 10:48:19	SQL :UPDATE wh_dashboard_persentase_day SET date='2023/6/1',company_id=2,vhc_batch_id=10,seat=59,tot_perbaikan=0,created_date=GETDATE() WHERE company_id=2 and vhc_batch_id=10 and seat=59 and date='2023/6/1'
20/06/2023 10:48:19	Open DB Connection
20/06/2023 10:48:19	SQL :select id from wh_dashboard_persentase_day where company_id=2 and vhc_batch_id=10 and seat=59 and date='2023/6/2'
20/06/2023 10:48:19	SQL :UPDATE wh_dashboard_persentase_day SET date='2023/6/2',company_id=2,vhc_batch_id=10,seat=59,tot_perbaikan=0,created_date=GETDATE() WHERE company_id=2 and vhc_batch_id=10 and seat=59 and date='2023/6/2'
20/06/2023 10:48:19	Open DB Connection
20/06/2023 10:48:19	SQL :select id from wh_dashboard_persentase_day where company_id=2 and vhc_batch_id=10 and seat=59 and date='2023/6/3'
20/06/2023 10:48:19	SQL :UPDATE wh_dashboard_persentase_day SET date='2023/6/3',company_id=2,vhc_batch_id=10,seat=59,tot_perbaikan=0,created_date=GETDATE() WHERE company_id=2 and vhc_batch_id=10 and seat=59 and date='2023/6/3'
20/06/2023 10:48:19	Open DB Connection
20/06/2023 10:48:19	SQL :select id from wh_dashboard_persentase_day where company_id=2 and vhc_batch_id=10 and seat=59 and date='2023/6/4'
20/06/2023 10:48:19	SQL :UPDATE wh_dashboard_persentase_day SET date='2023/6/4',company_id=2,vhc_batch_id=10,seat=59,tot_perbaikan=0,created_date=GETDATE() WHERE company_id=2 and vhc_batch_id=10 and seat=59 and date='2023/6/4'
20/06/2023 10:48:19	Open DB Connection
20/06/2023 10:48:19	SQL :select id from wh_dashboard_persentase_day where company_id=2 and vhc_batch_id=10 and seat=59 and date='2023/6/5'
20/06/2023 10:48:19	SQL :UPDATE wh_dashboard_persentase_day SET date='2023/6/5',company_id=2,vhc_batch_id=10,seat=59,tot_perbaikan=2,created_date=GETDATE() WHERE company_id=2 and vhc_batch_id=10 and seat=59 and date='2023/6/5'
20/06/2023 10:48:19	Open DB Connection
20/06/2023 10:48:19	SQL :select id from wh_dashboard_persentase_day where company_id=2 and vhc_batch_id=10 and seat=59 and date='2023/6/6'
20/06/2023 10:48:19	SQL :UPDATE wh_dashboard_persentase_day SET date='2023/6/6',company_id=2,vhc_batch_id=10,seat=59,tot_perbaikan=1,created_date=GETDATE() WHERE company_id=2 and vhc_batch_id=10 and seat=59 and date='2023/6/6'
20/06/2023 10:48:19	Open DB Connection
20/06/2023 10:48:19	SQL :select id from wh_dashboard_persentase_day where company_id=2 and vhc_batch_id=10 and seat=59 and date='2023/6/7'
20/06/2023 10:48:19	SQL :UPDATE wh_dashboard_persentase_day SET date='2023/6/7',company_id=2,vhc_batch_id=10,seat=59,tot_perbaikan=0,created_date=GETDATE() WHERE company_id=2 and vhc_batch_id=10 and seat=59 and date='2023/6/7'
20/06/2023 10:48:19	Open DB Connection
20/06/2023 10:48:19	SQL :select id from wh_dashboard_persentase_day where company_id=2 and vhc_batch_id=10 and seat=59 and date='2023/6/8'
20/06/2023 10:48:19	SQL :UPDATE wh_dashboard_persentase_day SET date='2023/6/8',company_id=2,vhc_batch_id=10,seat=59,tot_perbaikan=0,created_date=GETDATE() WHERE company_id=2 and vhc_batch_id=10 and seat=59 and date='2023/6/8'
20/06/2023 10:48:19	Open DB Connection
20/06/2023 10:48:19	SQL :select id from wh_dashboard_persentase_day where company_id=2 and vhc_batch_id=10 and seat=59 and date='2023/6/9'
20/06/2023 10:48:19	SQL :UPDATE wh_dashboard_persentase_day SET date='2023/6/9',company_id=2,vhc_batch_id=10,seat=59,tot_perbaikan=-1,created_date=GETDATE() WHERE company_id=2 and vhc_batch_id=10 and seat=59 and date='2023/6/9'
20/06/2023 10:48:19	Open DB Connection
20/06/2023 10:48:19	SQL :select id from wh_dashboard_persentase_day where company_id=2 and vhc_batch_id=10 and seat=59 and date='2023/6/10'
20/06/2023 10:48:19	SQL :UPDATE wh_dashboard_persentase_day SET date='2023/6/10',company_id=2,vhc_batch_id=10,seat=59,tot_perbaikan=0,created_date=GETDATE() WHERE company_id=2 and vhc_batch_id=10 and seat=59 and date='2023/6/10'
20/06/2023 10:48:20	Open DB Connection
20/06/2023 10:48:20	SQL :select id from wh_dashboard_persentase_day where company_id=2 and vhc_batch_id=10 and seat=59 and date='2023/6/11'
20/06/2023 10:48:20	SQL :UPDATE wh_dashboard_persentase_day SET date='2023/6/11',company_id=2,vhc_batch_id=10,seat=59,tot_perbaikan=-1,created_date=GETDATE() WHERE company_id=2 and vhc_batch_id=10 and seat=59 and date='2023/6/11'
20/06/2023 10:48:20	Open DB Connection
20/06/2023 10:48:20	SQL :select id from wh_dashboard_persentase_day where company_id=2 and vhc_batch_id=10 and seat=59 and date='2023/6/12'
20/06/2023 10:48:20	SQL :UPDATE wh_dashboard_persentase_day SET date='2023/6/12',company_id=2,vhc_batch_id=10,seat=59,tot_perbaikan=0,created_date=GETDATE() WHERE company_id=2 and vhc_batch_id=10 and seat=59 and date='2023/6/12'
20/06/2023 10:48:20	Open DB Connection
20/06/2023 10:48:20	SQL :select id from wh_dashboard_persentase_day where company_id=2 and vhc_batch_id=10 and seat=59 and date='2023/6/13'
20/06/2023 10:48:20	SQL :UPDATE wh_dashboard_persentase_day SET date='2023/6/13',company_id=2,vhc_batch_id=10,seat=59,tot_perbaikan=0,created_date=GETDATE() WHERE company_id=2 and vhc_batch_id=10 and seat=59 and date='2023/6/13'
20/06/2023 10:48:20	Open DB Connection
20/06/2023 10:48:20	SQL :select id from wh_dashboard_persentase_day where company_id=2 and vhc_batch_id=10 and seat=59 and date='2023/6/14'
20/06/2023 10:48:20	SQL :UPDATE wh_dashboard_persentase_day SET date='2023/6/14',company_id=2,vhc_batch_id=10,seat=59,tot_perbaikan=0,created_date=GETDATE() WHERE company_id=2 and vhc_batch_id=10 and seat=59 and date='2023/6/14'
20/06/2023 10:48:20	Open DB Connection
20/06/2023 10:48:20	SQL :select id from wh_dashboard_persentase_day where company_id=2 and vhc_batch_id=10 and seat=59 and date='2023/6/15'
20/06/2023 10:48:21	SQL :UPDATE wh_dashboard_persentase_day SET date='2023/6/15',company_id=2,vhc_batch_id=10,seat=59,tot_perbaikan=1,created_date=GETDATE() WHERE company_id=2 and vhc_batch_id=10 and seat=59 and date='2023/6/15'
20/06/2023 10:48:21	Open DB Connection
20/06/2023 10:48:21	SQL :select id from wh_dashboard_persentase_day where company_id=2 and vhc_batch_id=10 and seat=59 and date='2023/6/16'
20/06/2023 10:48:21	SQL :UPDATE wh_dashboard_persentase_day SET date='2023/6/16',company_id=2,vhc_batch_id=10,seat=59,tot_perbaikan=3,created_date=GETDATE() WHERE company_id=2 and vhc_batch_id=10 and seat=59 and date='2023/6/16'
20/06/2023 10:48:21	Open DB Connection
20/06/2023 10:48:21	SQL :select id from wh_dashboard_persentase_day where company_id=2 and vhc_batch_id=10 and seat=59 and date='2023/6/17'
20/06/2023 10:48:21	SQL :UPDATE wh_dashboard_persentase_day SET date='2023/6/17',company_id=2,vhc_batch_id=10,seat=59,tot_perbaikan=0,created_date=GETDATE() WHERE company_id=2 and vhc_batch_id=10 and seat=59 and date='2023/6/17'
20/06/2023 10:48:21	Open DB Connection
20/06/2023 10:48:21	SQL :select id from wh_dashboard_persentase_day where company_id=2 and vhc_batch_id=10 and seat=59 and date='2023/6/18'
20/06/2023 10:48:21	SQL :UPDATE wh_dashboard_persentase_day SET date='2023/6/18',company_id=2,vhc_batch_id=10,seat=59,tot_perbaikan=0,created_date=GETDATE() WHERE company_id=2 and vhc_batch_id=10 and seat=59 and date='2023/6/18'
20/06/2023 10:48:21	Open DB Connection
20/06/2023 10:48:21	SQL :select id from wh_dashboard_persentase_day where company_id=2 and vhc_batch_id=10 and seat=59 and date='2023/6/19'
20/06/2023 10:48:21	SQL :UPDATE wh_dashboard_persentase_day SET date='2023/6/19',company_id=2,vhc_batch_id=10,seat=59,tot_perbaikan=0,created_date=GETDATE() WHERE company_id=2 and vhc_batch_id=10 and seat=59 and date='2023/6/19'
20/06/2023 10:48:21	Open DB Connection
20/06/2023 10:48:21	SQL :select id from wh_dashboard_persentase_day where company_id=2 and vhc_batch_id=10 and seat=59 and date='2023/6/20'
20/06/2023 10:48:21	SQL :UPDATE wh_dashboard_persentase_day SET date='2023/6/20',company_id=2,vhc_batch_id=10,seat=59,tot_perbaikan=0,created_date=GETDATE() WHERE company_id=2 and vhc_batch_id=10 and seat=59 and date='2023/6/20'
20/06/2023 10:48:21	Open DB Connection
20/06/2023 10:48:21	SQL :select id from wh_dashboard_persentase_day where company_id=2 and vhc_batch_id=10 and seat=59 and date='2023/6/21'
20/06/2023 10:48:21	SQL :UPDATE wh_dashboard_persentase_day SET date='2023/6/21',company_id=2,vhc_batch_id=10,seat=59,tot_perbaikan=0,created_date=GETDATE() WHERE company_id=2 and vhc_batch_id=10 and seat=59 and date='2023/6/21'
20/06/2023 10:48:21	Open DB Connection
20/06/2023 10:48:21	SQL :select id from wh_dashboard_persentase_day where company_id=2 and vhc_batch_id=10 and seat=59 and date='2023/6/22'
20/06/2023 10:48:21	SQL :UPDATE wh_dashboard_persentase_day SET date='2023/6/22',company_id=2,vhc_batch_id=10,seat=59,tot_perbaikan=0,created_date=GETDATE() WHERE company_id=2 and vhc_batch_id=10 and seat=59 and date='2023/6/22'
20/06/2023 10:48:22	Open DB Connection
20/06/2023 10:48:22	SQL :select id from wh_dashboard_persentase_day where company_id=2 and vhc_batch_id=10 and seat=59 and date='2023/6/23'
20/06/2023 10:48:22	SQL :UPDATE wh_dashboard_persentase_day SET date='2023/6/23',company_id=2,vhc_batch_id=10,seat=59,tot_perbaikan=0,created_date=GETDATE() WHERE company_id=2 and vhc_batch_id=10 and seat=59 and date='2023/6/23'
20/06/2023 10:48:22	Open DB Connection
20/06/2023 10:48:22	SQL :select id from wh_dashboard_persentase_day where company_id=2 and vhc_batch_id=10 and seat=59 and date='2023/6/24'
20/06/2023 10:48:22	SQL :UPDATE wh_dashboard_persentase_day SET date='2023/6/24',company_id=2,vhc_batch_id=10,seat=59,tot_perbaikan=0,created_date=GETDATE() WHERE company_id=2 and vhc_batch_id=10 and seat=59 and date='2023/6/24'
20/06/2023 10:48:22	Open DB Connection
20/06/2023 10:48:22	SQL :select id from wh_dashboard_persentase_day where company_id=2 and vhc_batch_id=10 and seat=59 and date='2023/6/25'
20/06/2023 10:48:22	SQL :UPDATE wh_dashboard_persentase_day SET date='2023/6/25',company_id=2,vhc_batch_id=10,seat=59,tot_perbaikan=0,created_date=GETDATE() WHERE company_id=2 and vhc_batch_id=10 and seat=59 and date='2023/6/25'
20/06/2023 10:48:22	Open DB Connection
20/06/2023 10:48:22	SQL :select id from wh_dashboard_persentase_day where company_id=2 and vhc_batch_id=10 and seat=59 and date='2023/6/26'
20/06/2023 10:48:22	SQL :UPDATE wh_dashboard_persentase_day SET date='2023/6/26',company_id=2,vhc_batch_id=10,seat=59,tot_perbaikan=1,created_date=GETDATE() WHERE company_id=2 and vhc_batch_id=10 and seat=59 and date='2023/6/26'
20/06/2023 10:48:22	Open DB Connection
20/06/2023 10:48:22	SQL :select id from wh_dashboard_persentase_day where company_id=2 and vhc_batch_id=10 and seat=59 and date='2023/6/27'
20/06/2023 10:48:22	SQL :UPDATE wh_dashboard_persentase_day SET date='2023/6/27',company_id=2,vhc_batch_id=10,seat=59,tot_perbaikan=2,created_date=GETDATE() WHERE company_id=2 and vhc_batch_id=10 and seat=59 and date='2023/6/27'
20/06/2023 10:48:22	Open DB Connection
20/06/2023 10:48:22	SQL :select id from wh_dashboard_persentase_day where company_id=2 and vhc_batch_id=10 and seat=59 and date='2023/6/28'
20/06/2023 10:48:22	SQL :UPDATE wh_dashboard_persentase_day SET date='2023/6/28',company_id=2,vhc_batch_id=10,seat=59,tot_perbaikan=0,created_date=GETDATE() WHERE company_id=2 and vhc_batch_id=10 and seat=59 and date='2023/6/28'
20/06/2023 10:48:22	Open DB Connection
20/06/2023 10:48:22	SQL :select id from wh_dashboard_persentase_day where company_id=2 and vhc_batch_id=10 and seat=59 and date='2023/6/29'
20/06/2023 10:48:23	SQL :UPDATE wh_dashboard_persentase_day SET date='2023/6/29',company_id=2,vhc_batch_id=10,seat=59,tot_perbaikan=0,created_date=GETDATE() WHERE company_id=2 and vhc_batch_id=10 and seat=59 and date='2023/6/29'
20/06/2023 10:48:23	Open DB Connection
20/06/2023 10:48:23	SQL :select id from wh_dashboard_persentase_day where company_id=2 and vhc_batch_id=10 and seat=59 and date='2023/6/30'
20/06/2023 10:48:23	SQL :UPDATE wh_dashboard_persentase_day SET date='2023/6/30',company_id=2,vhc_batch_id=10,seat=59,tot_perbaikan=0,created_date=GETDATE() WHERE company_id=2 and vhc_batch_id=10 and seat=59 and date='2023/6/30'
20/06/2023 10:48:23	Open DB Connection
20/06/2023 10:48:23	SQL :select id from wh_dashboard_persentase_day where company_id=2 and vhc_batch_id=10 and seat=59 and date='2023/6/1'
20/06/2023 10:48:23	SQL :UPDATE wh_dashboard_persentase_day SET date='2023/6/1',company_id=2,vhc_batch_id=10,seat=59,persentase_jalan=94,created_date=GETDATE() WHERE company_id=2 and vhc_batch_id=10 and seat=59 and date='2023/6/1'
20/06/2023 10:48:23	Open DB Connection
20/06/2023 10:48:23	SQL :select id from wh_dashboard_persentase_day where company_id=2 and vhc_batch_id=10 and seat=59 and date='2023/6/2'
20/06/2023 10:48:23	SQL :UPDATE wh_dashboard_persentase_day SET date='2023/6/2',company_id=2,vhc_batch_id=10,seat=59,persentase_jalan=100,created_date=GETDATE() WHERE company_id=2 and vhc_batch_id=10 and seat=59 and date='2023/6/2'
20/06/2023 10:48:23	Open DB Connection
20/06/2023 10:48:23	SQL :select id from wh_dashboard_persentase_day where company_id=2 and vhc_batch_id=10 and seat=59 and date='2023/6/3'
20/06/2023 10:48:23	SQL :UPDATE wh_dashboard_persentase_day SET date='2023/6/3',company_id=2,vhc_batch_id=10,seat=59,persentase_jalan=100,created_date=GETDATE() WHERE company_id=2 and vhc_batch_id=10 and seat=59 and date='2023/6/3'
20/06/2023 10:48:23	Open DB Connection
20/06/2023 10:48:23	SQL :select id from wh_dashboard_persentase_day where company_id=2 and vhc_batch_id=10 and seat=59 and date='2023/6/4'
20/06/2023 10:48:23	SQL :UPDATE wh_dashboard_persentase_day SET date='2023/6/4',company_id=2,vhc_batch_id=10,seat=59,persentase_jalan=100,created_date=GETDATE() WHERE company_id=2 and vhc_batch_id=10 and seat=59 and date='2023/6/4'
20/06/2023 10:48:23	Open DB Connection
20/06/2023 10:48:23	SQL :select id from wh_dashboard_persentase_day where company_id=2 and vhc_batch_id=10 and seat=59 and date='2023/6/5'
20/06/2023 10:48:23	SQL :UPDATE wh_dashboard_persentase_day SET date='2023/6/5',company_id=2,vhc_batch_id=10,seat=59,persentase_jalan=87,created_date=GETDATE() WHERE company_id=2 and vhc_batch_id=10 and seat=59 and date='2023/6/5'
20/06/2023 10:48:23	Open DB Connection
20/06/2023 10:48:23	SQL :select id from wh_dashboard_persentase_day where company_id=2 and vhc_batch_id=10 and seat=59 and date='2023/6/6'
20/06/2023 10:48:23	SQL :UPDATE wh_dashboard_persentase_day SET date='2023/6/6',company_id=2,vhc_batch_id=10,seat=59,persentase_jalan=75,created_date=GETDATE() WHERE company_id=2 and vhc_batch_id=10 and seat=59 and date='2023/6/6'
20/06/2023 10:48:23	Open DB Connection
20/06/2023 10:48:23	SQL :select id from wh_dashboard_persentase_day where company_id=2 and vhc_batch_id=10 and seat=59 and date='2023/6/7'
20/06/2023 10:48:23	SQL :UPDATE wh_dashboard_persentase_day SET date='2023/6/7',company_id=2,vhc_batch_id=10,seat=59,persentase_jalan=94,created_date=GETDATE() WHERE company_id=2 and vhc_batch_id=10 and seat=59 and date='2023/6/7'
20/06/2023 10:48:23	Open DB Connection
20/06/2023 10:48:23	SQL :select id from wh_dashboard_persentase_day where company_id=2 and vhc_batch_id=10 and seat=59 and date='2023/6/8'
20/06/2023 10:48:24	SQL :UPDATE wh_dashboard_persentase_day SET date='2023/6/8',company_id=2,vhc_batch_id=10,seat=59,persentase_jalan=88,created_date=GETDATE() WHERE company_id=2 and vhc_batch_id=10 and seat=59 and date='2023/6/8'
20/06/2023 10:48:24	Open DB Connection
20/06/2023 10:48:24	SQL :select id from wh_dashboard_persentase_day where company_id=2 and vhc_batch_id=10 and seat=59 and date='2023/6/9'
20/06/2023 10:48:24	SQL :UPDATE wh_dashboard_persentase_day SET date='2023/6/9',company_id=2,vhc_batch_id=10,seat=59,persentase_jalan=94,created_date=GETDATE() WHERE company_id=2 and vhc_batch_id=10 and seat=59 and date='2023/6/9'
20/06/2023 10:48:24	Open DB Connection
20/06/2023 10:48:24	SQL :select id from wh_dashboard_persentase_day where company_id=2 and vhc_batch_id=10 and seat=59 and date='2023/6/10'
20/06/2023 10:48:24	SQL :UPDATE wh_dashboard_persentase_day SET date='2023/6/10',company_id=2,vhc_batch_id=10,seat=59,persentase_jalan=94,created_date=GETDATE() WHERE company_id=2 and vhc_batch_id=10 and seat=59 and date='2023/6/10'
20/06/2023 10:48:24	Open DB Connection
20/06/2023 10:48:24	SQL :select id from wh_dashboard_persentase_day where company_id=2 and vhc_batch_id=10 and seat=59 and date='2023/6/11'
20/06/2023 10:48:24	SQL :UPDATE wh_dashboard_persentase_day SET date='2023/6/11',company_id=2,vhc_batch_id=10,seat=59,persentase_jalan=94,created_date=GETDATE() WHERE company_id=2 and vhc_batch_id=10 and seat=59 and date='2023/6/11'
20/06/2023 10:48:24	Open DB Connection
20/06/2023 10:48:24	SQL :select id from wh_dashboard_persentase_day where company_id=2 and vhc_batch_id=10 and seat=59 and date='2023/6/12'
20/06/2023 10:48:24	SQL :UPDATE wh_dashboard_persentase_day SET date='2023/6/12',company_id=2,vhc_batch_id=10,seat=59,persentase_jalan=100,created_date=GETDATE() WHERE company_id=2 and vhc_batch_id=10 and seat=59 and date='2023/6/12'
20/06/2023 10:48:24	Open DB Connection
20/06/2023 10:48:24	SQL :select id from wh_dashboard_persentase_day where company_id=2 and vhc_batch_id=10 and seat=59 and date='2023/6/13'
20/06/2023 10:48:24	SQL :UPDATE wh_dashboard_persentase_day SET date='2023/6/13',company_id=2,vhc_batch_id=10,seat=59,persentase_jalan=100,created_date=GETDATE() WHERE company_id=2 and vhc_batch_id=10 and seat=59 and date='2023/6/13'
20/06/2023 10:48:24	Open DB Connection
20/06/2023 10:48:24	SQL :select id from wh_dashboard_persentase_day where company_id=2 and vhc_batch_id=10 and seat=59 and date='2023/6/14'
20/06/2023 10:48:24	SQL :UPDATE wh_dashboard_persentase_day SET date='2023/6/14',company_id=2,vhc_batch_id=10,seat=59,persentase_jalan=100,created_date=GETDATE() WHERE company_id=2 and vhc_batch_id=10 and seat=59 and date='2023/6/14'
20/06/2023 10:48:24	Open DB Connection
20/06/2023 10:48:24	SQL :select id from wh_dashboard_persentase_day where company_id=2 and vhc_batch_id=10 and seat=59 and date='2023/6/15'
20/06/2023 10:48:24	SQL :UPDATE wh_dashboard_persentase_day SET date='2023/6/15',company_id=2,vhc_batch_id=10,seat=59,persentase_jalan=94,created_date=GETDATE() WHERE company_id=2 and vhc_batch_id=10 and seat=59 and date='2023/6/15'
20/06/2023 10:48:24	Open DB Connection
20/06/2023 10:48:24	SQL :select id from wh_dashboard_persentase_day where company_id=2 and vhc_batch_id=10 and seat=59 and date='2023/6/16'
20/06/2023 10:48:24	SQL :UPDATE wh_dashboard_persentase_day SET date='2023/6/16',company_id=2,vhc_batch_id=10,seat=59,persentase_jalan=43,created_date=GETDATE() WHERE company_id=2 and vhc_batch_id=10 and seat=59 and date='2023/6/16'
20/06/2023 10:48:24	Open DB Connection
20/06/2023 10:48:24	SQL :select id from wh_dashboard_persentase_day where company_id=2 and vhc_batch_id=10 and seat=59 and date='2023/6/17'
20/06/2023 10:48:24	SQL :UPDATE wh_dashboard_persentase_day SET date='2023/6/17',company_id=2,vhc_batch_id=10,seat=59,persentase_jalan=82,created_date=GETDATE() WHERE company_id=2 and vhc_batch_id=10 and seat=59 and date='2023/6/17'
20/06/2023 10:48:24	Open DB Connection
20/06/2023 10:48:24	SQL :select id from wh_dashboard_persentase_day where company_id=2 and vhc_batch_id=10 and seat=59 and date='2023/6/18'
20/06/2023 10:48:24	SQL :UPDATE wh_dashboard_persentase_day SET date='2023/6/18',company_id=2,vhc_batch_id=10,seat=59,persentase_jalan=82,created_date=GETDATE() WHERE company_id=2 and vhc_batch_id=10 and seat=59 and date='2023/6/18'
20/06/2023 10:48:24	Open DB Connection
20/06/2023 10:48:24	SQL :select id from wh_dashboard_persentase_day where company_id=2 and vhc_batch_id=10 and seat=59 and date='2023/6/19'
20/06/2023 10:48:24	SQL :UPDATE wh_dashboard_persentase_day SET date='2023/6/19',company_id=2,vhc_batch_id=10,seat=59,persentase_jalan=88,created_date=GETDATE() WHERE company_id=2 and vhc_batch_id=10 and seat=59 and date='2023/6/19'
20/06/2023 10:48:24	Open DB Connection
20/06/2023 10:48:24	SQL :select id from wh_dashboard_persentase_day where company_id=2 and vhc_batch_id=10 and seat=59 and date='2023/6/20'
20/06/2023 10:48:24	SQL :UPDATE wh_dashboard_persentase_day SET date='2023/6/20',company_id=2,vhc_batch_id=10,seat=59,persentase_jalan=100,created_date=GETDATE() WHERE company_id=2 and vhc_batch_id=10 and seat=59 and date='2023/6/20'
20/06/2023 10:48:25	Open DB Connection
20/06/2023 10:48:25	SQL :select id from wh_dashboard_persentase_day where company_id=2 and vhc_batch_id=10 and seat=59 and date='2023/6/21'
20/06/2023 10:48:25	SQL :UPDATE wh_dashboard_persentase_day SET date='2023/6/21',company_id=2,vhc_batch_id=10,seat=59,persentase_jalan=100,created_date=GETDATE() WHERE company_id=2 and vhc_batch_id=10 and seat=59 and date='2023/6/21'
20/06/2023 10:48:25	Open DB Connection
20/06/2023 10:48:25	SQL :select id from wh_dashboard_persentase_day where company_id=2 and vhc_batch_id=10 and seat=59 and date='2023/6/22'
20/06/2023 10:48:25	SQL :UPDATE wh_dashboard_persentase_day SET date='2023/6/22',company_id=2,vhc_batch_id=10,seat=59,persentase_jalan=100,created_date=GETDATE() WHERE company_id=2 and vhc_batch_id=10 and seat=59 and date='2023/6/22'
20/06/2023 10:48:25	Open DB Connection
20/06/2023 10:48:25	SQL :select id from wh_dashboard_persentase_day where company_id=2 and vhc_batch_id=10 and seat=59 and date='2023/6/23'
20/06/2023 10:48:25	SQL :UPDATE wh_dashboard_persentase_day SET date='2023/6/23',company_id=2,vhc_batch_id=10,seat=59,persentase_jalan=100,created_date=GETDATE() WHERE company_id=2 and vhc_batch_id=10 and seat=59 and date='2023/6/23'
20/06/2023 10:48:25	Open DB Connection
20/06/2023 10:48:25	SQL :select id from wh_dashboard_persentase_day where company_id=2 and vhc_batch_id=10 and seat=59 and date='2023/6/24'
20/06/2023 10:48:25	SQL :UPDATE wh_dashboard_persentase_day SET date='2023/6/24',company_id=2,vhc_batch_id=10,seat=59,persentase_jalan=100,created_date=GETDATE() WHERE company_id=2 and vhc_batch_id=10 and seat=59 and date='2023/6/24'
20/06/2023 10:48:25	Open DB Connection
20/06/2023 10:48:25	SQL :select id from wh_dashboard_persentase_day where company_id=2 and vhc_batch_id=10 and seat=59 and date='2023/6/25'
20/06/2023 10:48:25	SQL :UPDATE wh_dashboard_persentase_day SET date='2023/6/25',company_id=2,vhc_batch_id=10,seat=59,persentase_jalan=100,created_date=GETDATE() WHERE company_id=2 and vhc_batch_id=10 and seat=59 and date='2023/6/25'
20/06/2023 10:48:25	Open DB Connection
20/06/2023 10:48:25	SQL :select id from wh_dashboard_persentase_day where company_id=2 and vhc_batch_id=10 and seat=59 and date='2023/6/26'
20/06/2023 10:48:25	SQL :UPDATE wh_dashboard_persentase_day SET date='2023/6/26',company_id=2,vhc_batch_id=10,seat=59,persentase_jalan=38,created_date=GETDATE() WHERE company_id=2 and vhc_batch_id=10 and seat=59 and date='2023/6/26'
20/06/2023 10:48:25	Open DB Connection
20/06/2023 10:48:25	SQL :select id from wh_dashboard_persentase_day where company_id=2 and vhc_batch_id=10 and seat=59 and date='2023/6/27'
20/06/2023 10:48:25	SQL :UPDATE wh_dashboard_persentase_day SET date='2023/6/27',company_id=2,vhc_batch_id=10,seat=59,persentase_jalan=60,created_date=GETDATE() WHERE company_id=2 and vhc_batch_id=10 and seat=59 and date='2023/6/27'
20/06/2023 10:48:25	Open DB Connection
20/06/2023 10:48:25	SQL :select id from wh_dashboard_persentase_day where company_id=2 and vhc_batch_id=10 and seat=59 and date='2023/6/28'
20/06/2023 10:48:25	SQL :UPDATE wh_dashboard_persentase_day SET date='2023/6/28',company_id=2,vhc_batch_id=10,seat=59,persentase_jalan=100,created_date=GETDATE() WHERE company_id=2 and vhc_batch_id=10 and seat=59 and date='2023/6/28'
20/06/2023 10:48:25	Open DB Connection
20/06/2023 10:48:25	SQL :select id from wh_dashboard_persentase_day where company_id=2 and vhc_batch_id=10 and seat=59 and date='2023/6/29'
20/06/2023 10:48:25	SQL :UPDATE wh_dashboard_persentase_day SET date='2023/6/29',company_id=2,vhc_batch_id=10,seat=59,persentase_jalan=100,created_date=GETDATE() WHERE company_id=2 and vhc_batch_id=10 and seat=59 and date='2023/6/29'
20/06/2023 10:48:25	Open DB Connection
20/06/2023 10:48:25	SQL :select id from wh_dashboard_persentase_day where company_id=2 and vhc_batch_id=10 and seat=59 and date='2023/6/30'
20/06/2023 10:48:25	SQL :UPDATE wh_dashboard_persentase_day SET date='2023/6/30',company_id=2,vhc_batch_id=10,seat=59,persentas