25/06/2021 11:03:05	Get Local Settings
25/06/2021 11:03:05	Start Change Local Settings
25/06/2021 11:03:05	Change short date format
25/06/2021 11:03:05	Change Long date format
25/06/2021 11:03:05	Finish Change Local Settings
25/06/2021 11:03:05	Registry Read: Path=SOFTWARE\WEHA\Aplikasi\3
25/06/2021 11:03:05	Registry Read/Write
25/06/2021 11:03:05	Registry Read: Path=SOFTWARE\WEHA\Aplikasi\3
25/06/2021 11:03:05	Setting DB Param
25/06/2021 11:03:05	Create DB Object
25/06/2021 11:03:05	Init DB
25/06/2021 11:03:05	Finish Init DB
25/06/2021 11:03:05	Get File Version
25/06/2021 11:03:05	Change  Caption
25/06/2021 11:03:05	Init Shortkey
25/06/2021 11:11:17	Get Local Settings
25/06/2021 11:11:17	Start Change Local Settings
25/06/2021 11:11:17	Change short date format
25/06/2021 11:11:17	Change Long date format
25/06/2021 11:11:17	Finish Change Local Settings
25/06/2021 11:11:17	Registry Read: Path=SOFTWARE\WEHA\Aplikasi\3
25/06/2021 11:11:17	Registry Read/Write
25/06/2021 11:11:17	Registry Read: Path=SOFTWARE\WEHA\Aplikasi\3
25/06/2021 11:11:17	Setting DB Param
25/06/2021 11:11:17	Create DB Object
25/06/2021 11:11:17	Init DB
25/06/2021 11:11:17	Finish Init DB
25/06/2021 11:11:17	Get File Version
25/06/2021 11:11:17	Change  Caption
25/06/2021 11:11:17	Init Shortkey
25/06/2021 11:11:19	Setting DB Param
25/06/2021 11:11:19	Create DB Object
25/06/2021 11:11:19	Init DB
25/06/2021 11:11:19	Finish Init DB
25/06/2021 11:11:21	Update new version check
25/06/2021 11:11:21	Open DB Connection
25/06/2021 11:11:21	SQL :
25/06/2021 11:11:21	Update check version
25/06/2021 11:11:21	Open DB Connection
25/06/2021 11:11:21	SQL :SELECT version FROM wh_application WHERE application_id=(SELECT MAX(application_id) FROM wh_application);
25/06/2021 11:11:21	Start Login
25/06/2021 11:11:21	Open DB Connection
25/06/2021 11:11:21	SQL :EXEC AuthenticateUser 'pramudyono hadi','6f2b8366efa56f0c06dd6b31fcff8a73';
25/06/2021 11:11:21	SQL :INSERT INTO wh_log (user_id,app_date,app_version,app_version_svr,location_id,company_id,department_id,host_name,ip_address)  VALUES ('pramudyono hadi','25/06/2021','6.1.3.4','6.1.3.2',6,2,13,'DESKTOP-S1PD9OD','192.168.25.214');
25/06/2021 11:11:21	Open DB Connection
25/06/2021 11:11:21	SQL :EXEC GetUserMenu 'pramudyono hadi';
25/06/2021 11:11:21	SQL :EXEC GetUserSubMenu 'pramudyono hadi','11';
25/06/2021 11:11:21	SQL :EXEC GetUserTreeMenu 'pramudyono hadi','1101',@CompanyId=2;
25/06/2021 11:11:21	SQL :EXEC GetUserTreeMenu 'pramudyono hadi','1102',@CompanyId=2;
25/06/2021 11:11:21	SQL :EXEC GetUserTreeMenu 'pramudyono hadi','1103',@CompanyId=2;
25/06/2021 11:11:21	SQL :EXEC GetUserTreeMenu 'pramudyono hadi','1104',@CompanyId=2;
25/06/2021 11:11:21	SQL :EXEC GetUserTreeMenu 'pramudyono hadi','1105',@CompanyId=2;
25/06/2021 11:11:21	SQL :EXEC GetUserTreeMenu 'pramudyono hadi','1106',@CompanyId=2;
25/06/2021 11:11:21	SQL :EXEC GetUserTreeMenu 'pramudyono hadi','1107',@CompanyId=2;
25/06/2021 11:11:21	SQL :EXEC GetUserTreeMenu 'pramudyono hadi','1108',@CompanyId=2;
25/06/2021 11:11:21	SQL :EXEC GetUserTreeMenu 'pramudyono hadi','1109',@CompanyId=2;
25/06/2021 11:11:21	SQL :EXEC GetUserTreeMenu 'pramudyono hadi','1110',@CompanyId=2;
25/06/2021 11:11:21	SQL :EXEC GetUserTreeMenu 'pramudyono hadi','1111',@CompanyId=2;
25/06/2021 11:11:21	SQL :EXEC GetUserTreeMenu 'pramudyono hadi','1112',@CompanyId=2;
25/06/2021 11:11:21	SQL :EXEC GetUserTreeMenu 'pramudyono hadi','1113',@CompanyId=2;
25/06/2021 11:11:21	SQL :EXEC GetUserTreeMenu 'pramudyono hadi','1114',@CompanyId=2;
25/06/2021 11:11:21	SQL :EXEC GetUserTreeMenu 'pramudyono hadi','1115',@CompanyId=2;
25/06/2021 11:11:21	SQL :EXEC GetUserTreeMenu 'pramudyono hadi','1116',@CompanyId=2;
25/06/2021 11:11:21	SQL :EXEC GetUserTreeMenu 'pramudyono hadi','1117',@CompanyId=2;
25/06/2021 11:11:21	SQL :EXEC GetUserTreeMenu 'pramudyono hadi','1198',@CompanyId=2;
25/06/2021 11:11:21	SQL :EXEC GetUserTreeMenu 'pramudyono hadi','1199',@CompanyId=2;
25/06/2021 11:11:21	SQL :EXEC GetUserSubMenu 'pramudyono hadi','12';
25/06/2021 11:11:21	SQL :EXEC GetUserTreeMenu 'pramudyono hadi','1201',@CompanyId=2;
25/06/2021 11:11:21	SQL :EXEC GetUserTreeMenu 'pramudyono hadi','1202',@CompanyId=2;
25/06/2021 11:11:21	SQL :EXEC GetUserTreeMenu 'pramudyono hadi','1203',@CompanyId=2;
25/06/2021 11:11:21	SQL :EXEC GetUserTreeMenu 'pramudyono hadi','1204',@CompanyId=2;
25/06/2021 11:11:21	SQL :EXEC GetUserTreeMenu 'pramudyono hadi','1205',@CompanyId=2;
25/06/2021 11:11:21	SQL :EXEC GetUserTreeMenu 'pramudyono hadi','1206',@CompanyId=2;
25/06/2021 11:11:21	SQL :EXEC GetUserTreeMenu 'pramudyono hadi','1207',@CompanyId=2;
25/06/2021 11:11:21	SQL :EXEC GetUserSubMenu 'pramudyono hadi','13';
25/06/2021 11:11:21	SQL :EXEC GetUserTreeMenu 'pramudyono hadi','1301',@CompanyId=2;
25/06/2021 11:11:21	SQL :EXEC GetUserTreeMenu 'pramudyono hadi','1302',@CompanyId=2;
25/06/2021 11:11:22	SQL :EXEC GetUserTreeMenu 'pramudyono hadi','1303',@CompanyId=2;
25/06/2021 11:11:22	SQL :EXEC GetUserTreeMenu 'pramudyono hadi','1304',@CompanyId=2;
25/06/2021 11:11:22	SQL :EXEC GetUserTreeMenu 'pramudyono hadi','1305',@CompanyId=2;
25/06/2021 11:11:22	SQL :EXEC GetUserTreeMenu 'pramudyono hadi','1306',@CompanyId=2;
25/06/2021 11:11:22	SQL :EXEC GetUserTreeMenu 'pramudyono hadi','1307',@CompanyId=2;
25/06/2021 11:11:22	SQL :EXEC GetUserTreeMenu 'pramudyono hadi','1308',@CompanyId=2;
25/06/2021 11:11:22	SQL :EXEC GetUserTreeMenu 'pramudyono hadi','1309',@CompanyId=2;
25/06/2021 11:11:22	SQL :EXEC GetUserTreeMenu 'pramudyono hadi','1310',@CompanyId=2;
25/06/2021 11:11:22	SQL :EXEC GetUserTreeMenu 'pramudyono hadi','1311',@CompanyId=2;
25/06/2021 11:11:22	SQL :EXEC GetUserTreeMenu 'pramudyono hadi','1312',@CompanyId=2;
25/06/2021 11:11:22	SQL :EXEC GetUserTreeMenu 'pramudyono hadi','1313',@CompanyId=2;
25/06/2021 11:11:22	SQL :EXEC GetUserTreeMenu 'pramudyono hadi','1314',@CompanyId=2;
25/06/2021 11:11:22	SQL :EXEC GetUserTreeMenu 'pramudyono hadi','1315',@CompanyId=2;
25/06/2021 11:11:22	SQL :EXEC GetUserTreeMenu 'pramudyono hadi','1316',@CompanyId=2;
25/06/2021 11:11:22	SQL :EXEC GetUserTreeMenu 'pramudyono hadi','1317',@CompanyId=2;
25/06/2021 11:11:22	SQL :EXEC GetUserTreeMenu 'pramudyono hadi','1318',@CompanyId=2;
25/06/2021 11:11:22	SQL :EXEC GetUserTreeMenu 'pramudyono hadi','1319',@CompanyId=2;
25/06/2021 11:11:22	SQL :EXEC GetUserTreeMenu 'pramudyono hadi','1320',@CompanyId=2;
25/06/2021 11:11:22	SQL :EXEC GetUserTreeMenu 'pramudyono hadi','1321',@CompanyId=2;
25/06/2021 11:11:22	SQL :EXEC GetUserSubMenu 'pramudyono hadi','14';
25/06/2021 11:11:22	SQL :EXEC GetUserTreeMenu 'pramudyono hadi','1401',@CompanyId=2;
25/06/2021 11:11:22	SQL :EXEC GetUserTreeMenu 'pramudyono hadi','1402',@CompanyId=2;
25/06/2021 11:11:22	SQL :EXEC GetUserTreeMenu 'pramudyono hadi','1403',@CompanyId=2;
25/06/2021 11:11:22	SQL :EXEC GetUserTreeMenu 'pramudyono hadi','1404',@CompanyId=2;
25/06/2021 11:11:22	SQL :EXEC GetUserTreeMenu 'pramudyono hadi','1406',@CompanyId=2;
25/06/2021 11:11:22	SQL :EXEC GetUserTreeMenu 'pramudyono hadi','1408',@CompanyId=2;
25/06/2021 11:11:22	SQL :EXEC GetUserTreeMenu 'pramudyono hadi','1410',@CompanyId=2;
25/06/2021 11:11:22	SQL :EXEC GetUserTreeMenu 'pramudyono hadi','1411',@CompanyId=2;
25/06/2021 11:11:22	SQL :EXEC GetUserTreeMenu 'pramudyono hadi','1412',@CompanyId=2;
25/06/2021 11:11:22	SQL :EXEC GetUserTreeMenu 'pramudyono hadi','1413',@CompanyId=2;
25/06/2021 11:11:22	SQL :EXEC GetUserTreeMenu 'pramudyono hadi','1414',@CompanyId=2;
25/06/2021 11:11:22	SQL :EXEC GetUserSubMenu 'pramudyono hadi','15';
25/06/2021 11:11:22	SQL :EXEC GetUserTreeMenu 'pramudyono hadi','1501',@CompanyId=2;
25/06/2021 11:11:22	SQL :EXEC GetUserTreeMenu 'pramudyono hadi','1502',@CompanyId=2;
25/06/2021 11:11:22	SQL :EXEC GetUserTreeMenu 'pramudyono hadi','1503',@CompanyId=2;
25/06/2021 11:11:22	SQL :EXEC GetUserTreeMenu 'pramudyono hadi','1504',@CompanyId=2;
25/06/2021 11:11:22	SQL :EXEC GetUserTreeMenu 'pramudyono hadi','1505',@CompanyId=2;
25/06/2021 11:11:22	SQL :EXEC GetUserTreeMenu 'pramudyono hadi','1506',@CompanyId=2;
25/06/2021 11:11:22	SQL :EXEC GetUserTreeMenu 'pramudyono hadi','1507',@CompanyId=2;
25/06/2021 11:11:22	SQL :EXEC GetUserTreeMenu 'pramudyono hadi','1508',@CompanyId=2;
25/06/2021 11:11:22	SQL :EXEC GetUserTreeMenu 'pramudyono hadi','1509',@CompanyId=2;
25/06/2021 11:11:22	SQL :EXEC GetUserTreeMenu 'pramudyono hadi','1510',@CompanyId=2;
25/06/2021 11:11:22	SQL :EXEC GetUserTreeMenu 'pramudyono hadi','1511',@CompanyId=2;
25/06/2021 11:11:22	SQL :EXEC GetUserSubMenu 'pramudyono hadi','16';
25/06/2021 11:11:22	SQL :EXEC GetUserTreeMenu 'pramudyono hadi','1601',@CompanyId=2;
25/06/2021 11:11:22	SQL :EXEC GetUserTreeMenu 'pramudyono hadi','1602',@CompanyId=2;
25/06/2021 11:11:22	SQL :EXEC GetUserTreeMenu 'pramudyono hadi','1603',@CompanyId=2;
25/06/2021 11:11:22	SQL :EXEC GetUserTreeMenu 'pramudyono hadi','1604',@CompanyId=2;
25/06/2021 11:11:22	SQL :EXEC GetUserTreeMenu 'pramudyono hadi','1605',@CompanyId=2;
25/06/2021 11:11:22	SQL :EXEC GetUserTreeMenu 'pramudyono hadi','1606',@CompanyId=2;
25/06/2021 11:11:22	SQL :EXEC GetUserTreeMenu 'pramudyono hadi','1607',@CompanyId=2;
25/06/2021 11:11:22	SQL :EXEC GetUserTreeMenu 'pramudyono hadi','1608',@CompanyId=2;
25/06/2021 11:11:22	SQL :EXEC GetUserTreeMenu 'pramudyono hadi','1609',@CompanyId=2;
25/06/2021 11:11:22	SQL :EXEC GetUserTreeMenu 'pramudyono hadi','1610',@CompanyId=2;
25/06/2021 11:11:22	SQL :EXEC GetUserTreeMenu 'pramudyono hadi','1611',@CompanyId=2;
25/06/2021 11:11:22	SQL :EXEC GetUserTreeMenu 'pramudyono hadi','1612',@CompanyId=2;
25/06/2021 11:11:22	SQL :EXEC GetUserTreeMenu 'pramudyono hadi','1613',@CompanyId=2;
25/06/2021 11:11:22	SQL :EXEC GetUserTreeMenu 'pramudyono hadi','1614',@CompanyId=2;
25/06/2021 11:11:22	SQL :EXEC GetUserTreeMenu 'pramudyono hadi','1615',@CompanyId=2;
25/06/2021 11:11:22	SQL :EXEC GetUserTreeMenu 'pramudyono hadi','1616',@CompanyId=2;
25/06/2021 11:11:22	SQL :EXEC GetUserTreeMenu 'pramudyono hadi','1619',@CompanyId=2;
25/06/2021 11:11:22	SQL :EXEC GetUserTreeMenu 'pramudyono hadi','1620',@CompanyId=2;
25/06/2021 11:11:22	SQL :EXEC GetUserSubMenu 'pramudyono hadi','17';
25/06/2021 11:11:22	SQL :EXEC GetUserTreeMenu 'pramudyono hadi','1701',@CompanyId=2;
25/06/2021 11:11:22	SQL :EXEC GetUserTreeMenu 'pramudyono hadi','1702',@CompanyId=2;
25/06/2021 11:11:22	SQL :EXEC GetUserTreeMenu 'pramudyono hadi','1703',@CompanyId=2;
25/06/2021 11:11:22	SQL :EXEC GetUserTreeMenu 'pramudyono hadi','1704',@CompanyId=2;
25/06/2021 11:11:22	SQL :EXEC GetUserTreeMenu 'pramudyono hadi','1705',@CompanyId=2;
25/06/2021 11:11:22	SQL :EXEC GetUserTreeMenu 'pramudyono hadi','1706',@CompanyId=2;
25/06/2021 11:11:22	SQL :EXEC GetUserTreeMenu 'pramudyono hadi','1707',@CompanyId=2;
25/06/2021 11:11:22	SQL :EXEC GetUserTreeMenu 'pramudyono hadi','1708',@CompanyId=2;
25/06/2021 11:11:22	SQL :EXEC GetUserTreeMenu 'pramudyono hadi','1709',@CompanyId=2;
25/06/2021 11:11:22	SQL :EXEC GetUserTreeMenu 'pramudyono hadi','1710',@CompanyId=2;
25/06/2021 11:11:22	SQL :EXEC GetUserTreeMenu 'pramudyono hadi','1711',@CompanyId=2;
25/06/2021 11:11:22	SQL :EXEC GetUserTreeMenu 'pramudyono hadi','1712',@CompanyId=2;
25/06/2021 11:11:22	SQL :EXEC GetUserTreeMenu 'pramudyono hadi','1713',@CompanyId=2;
25/06/2021 11:11:22	SQL :EXEC GetUserTreeMenu 'pramudyono hadi','1714',@CompanyId=2;
25/06/2021 11:11:22	SQL :EXEC GetUserTreeMenu 'pramudyono hadi','1715',@CompanyId=2;
25/06/2021 11:11:22	SQL :EXEC GetUserTreeMenu 'pramudyono hadi','1716',@CompanyId=2;
25/06/2021 11:11:22	SQL :EXEC GetUserTreeMenu 'pramudyono hadi','1717',@CompanyId=2;
25/06/2021 11:11:22	SQL :EXEC GetUserSubMenu 'pramudyono hadi','18';
25/06/2021 11:11:22	SQL :EXEC GetUserTreeMenu 'pramudyono hadi','1801',@CompanyId=2;
25/06/2021 11:11:22	SQL :EXEC GetUserSubMenu 'pramudyono hadi','19';
25/06/2021 11:11:23	SQL :EXEC GetUserTreeMenu 'pramudyono hadi','1901',@CompanyId=2;
25/06/2021 11:11:23	SQL :EXEC GetUserTreeMenu 'pramudyono hadi','1902',@CompanyId=2;
25/06/2021 11:11:23	SQL :EXEC GetUserTreeMenu 'pramudyono hadi','1903',@CompanyId=2;
25/06/2021 11:11:23	SQL :EXEC GetUserTreeMenu 'pramudyono hadi','1904',@CompanyId=2;
25/06/2021 11:11:23	SQL :EXEC GetUserTreeMenu 'pramudyono hadi','1905',@CompanyId=2;
25/06/2021 11:11:23	SQL :EXEC GetUserTreeMenu 'pramudyono hadi','1906',@CompanyId=2;
25/06/2021 11:11:23	SQL :EXEC GetUserTreeMenu 'pramudyono hadi','1907',@CompanyId=2;
25/06/2021 11:11:23	SQL :EXEC GetUserTreeMenu 'pramudyono hadi','1908',@CompanyId=2;
25/06/2021 11:11:23	SQL :EXEC GetUserTreeMenu 'pramudyono hadi','1909',@CompanyId=2;
25/06/2021 11:11:23	SQL :EXEC GetUserTreeMenu 'pramudyono hadi','1910',@CompanyId=2;
25/06/2021 11:11:23	SQL :EXEC GetUserTreeMenu 'pramudyono hadi','1911',@CompanyId=2;
25/06/2021 11:11:23	SQL :EXEC GetUserTreeMenu 'pramudyono hadi','1912',@CompanyId=2;
25/06/2021 11:11:23	SQL :SELECT CONVERT(VARCHAR(8),GETDATE(),108) AS hour_minute;
25/06/2021 11:11:23	SQL :SELECT CONVERT(VARCHAR(10),GETDATE(),103) AS date_time;
25/06/2021 11:11:23	Loading Setting
25/06/2021 11:11:23	Open DB Connection
25/06/2021 11:11:23	SQL :SELECT * FROM wh_setting WHERE setting_name='Hold_Less_Deposit';
25/06/2021 11:11:23	SQL :SELECT * FROM wh_setting WHERE setting_name='Max_Less_Deposit';
25/06/2021 11:11:23	SQL :SELECT * FROM wh_setting WHERE setting_name='Dashboard_2';
25/06/2021 11:11:23	Finish Logging
25/06/2021 11:11:23	SQL :SELECT value_string FROM wh_setting WHERE (setting_name='Interval_CheckInDate') AND (active=1);
25/06/2021 11:11:23	SQL :SELECT value_string FROM wh_setting WHERE (setting_name='Interval_CheckInTime') AND (active=1);
25/06/2021 11:11:23	SQL :SELECT value_string FROM wh_setting WHERE (setting_name='ChatEnable') and (active=1);
25/06/2021 11:11:24	Message:Port Check
25/06/2021 11:11:24	Message:Open DB Connection
25/06/2021 11:11:24	SQL :EXEC GetMessage '01','pramudyono hadi';
25/06/2021 11:11:24	SQL :SELECT CONVERT(VARCHAR(8),GETDATE(),108) AS hour_minute;
25/06/2021 11:11:24	SQL :SELECT CONVERT(VARCHAR(10),GETDATE(),103) AS date_time;
25/06/2021 11:11:29	Open Menu :130806
25/06/2021 11:11:29	Open DB Connection
25/06/2021 11:11:29	SQL :EXEC AuthMenu 'pramudyono hadi',130806;
25/06/2021 11:11:29	Form Open: OrderForm=,-1,,0
25/06/2021 11:11:29	Open DB Connection
25/06/2021 11:11:29	SQL :EXEC GetProductPriceList 2,@LocationId=6,@ContractId='';
25/06/2021 11:11:30	Open DB Connection
25/06/2021 11:11:30	SQL :EXEC GetOrderServiceType;
25/06/2021 11:11:30	SQL :EXEC GetTransactionType 'Order';
25/06/2021 11:11:30	Open DB Connection
25/06/2021 11:11:30	SQL :SELECT dbo.GetUsername('pramudyono hadi') AS sales UNION ALL SELECT dbo.GetUsername(username) AS sales FROM wh_user a LEFT JOIN wh_user_detail b ON b.user_id=a.username LEFT JOIN wh_company_location c ON c.company_location_id=a.company_location_id WHERE (b.department_id=14) AND (c.location_id='6');
25/06/2021 11:11:30	SQL :SELECT dbo.GetUsername('pramudyono hadi') AS sales;
25/06/2021 11:11:30	Open DB Connection
25/06/2021 11:11:30	SQL :SELECT value_string FROM wh_setting WHERE setting_name='Auto_Schedule';
25/06/2021 11:11:30	SQL :SELECT value_string FROM wh_setting WHERE setting_name='Confirmation_Form_Line_CompanyId_2';
25/06/2021 11:11:30	SQL :SELECT value_string FROM wh_setting WHERE setting_name='Waiting_List_Enabled_2';
25/06/2021 11:12:31	Get Local Settings
25/06/2021 11:12:31	Start Change Local Settings
25/06/2021 11:12:31	Change short date format
25/06/2021 11:12:31	Change Long date format
25/06/2021 11:12:31	Finish Change Local Settings
25/06/2021 11:12:31	Registry Read: Path=SOFTWARE\WEHA\Aplikasi\3
25/06/2021 11:12:31	Registry Read/Write
25/06/2021 11:12:31	Registry Read: Path=SOFTWARE\WEHA\Aplikasi\3
25/06/2021 11:12:31	Setting DB Param
25/06/2021 11:12:31	Create DB Object
25/06/2021 11:12:31	Init DB
25/06/2021 11:12:31	Finish Init DB
25/06/2021 11:12:31	Get File Version
25/06/2021 11:12:31	Change  Caption
25/06/2021 11:12:31	Init Shortkey
25/06/2021 11:12:38	Setting DB Param
25/06/2021 11:12:38	Create DB Object
25/06/2021 11:12:38	Init DB
25/06/2021 11:12:38	Finish Init DB
25/06/2021 11:12:40	Update new version check
25/06/2021 11:12:40	Open DB Connection
25/06/2021 11:12:40	SQL :
25/06/2021 11:12:40	Update check version
25/06/2021 11:12:41	Open DB Connection
25/06/2021 11:12:41	SQL :SELECT version FROM wh_application WHERE application_id=(SELECT MAX(application_id) FROM wh_application);
25/06/2021 11:12:41	Start Login
25/06/2021 11:12:41	Open DB Connection
25/06/2021 11:12:41	SQL :EXEC AuthenticateUser 'pramudyono hadi','6f2b8366efa56f0c06dd6b31fcff8a73';
25/06/2021 11:12:41	SQL :INSERT INTO wh_log (user_id,app_date,app_version,app_version_svr,location_id,company_id,department_id,host_name,ip_address)  VALUES ('pramudyono hadi','25/06/2021','6.1.3.4','6.1.3.2',6,2,13,'DESKTOP-S1PD9OD','192.168.25.214');
25/06/2021 11:12:41	Open DB Connection
25/06/2021 11:12:41	SQL :EXEC GetUserMenu 'pramudyono hadi';
25/06/2021 11:12:41	SQL :EXEC GetUserSubMenu 'pramudyono hadi','11';
25/06/2021 11:12:41	SQL :EXEC GetUserTreeMenu 'pramudyono hadi','1101',@CompanyId=2;
25/06/2021 11:12:41	SQL :EXEC GetUserTreeMenu 'pramudyono hadi','1102',@CompanyId=2;
25/06/2021 11:12:41	SQL :EXEC GetUserTreeMenu 'pramudyono hadi','1103',@CompanyId=2;
25/06/2021 11:12:41	SQL :EXEC GetUserTreeMenu 'pramudyono hadi','1104',@CompanyId=2;
25/06/2021 11:12:41	SQL :EXEC GetUserTreeMenu 'pramudyono hadi','1105',@CompanyId=2;
25/06/2021 11:12:41	SQL :EXEC GetUserTreeMenu 'pramudyono hadi','1106',@CompanyId=2;
25/06/2021 11:12:41	SQL :EXEC GetUserTreeMenu 'pramudyono hadi','1107',@CompanyId=2;
25/06/2021 11:12:41	SQL :EXEC GetUserTreeMenu 'pramudyono hadi','1108',@CompanyId=2;
25/06/2021 11:12:41	SQL :EXEC GetUserTreeMenu 'pramudyono hadi','1109',@CompanyId=2;
25/06/2021 11:12:41	SQL :EXEC GetUserTreeMenu 'pramudyono hadi','1110',@CompanyId=2;
25/06/2021 11:12:41	SQL :EXEC GetUserTreeMenu 'pramudyono hadi','1111',@CompanyId=2;
25/06/2021 11:12:41	SQL :EXEC GetUserTreeMenu 'pramudyono hadi','1112',@CompanyId=2;
25/06/2021 11:12:41	SQL :EXEC GetUserTreeMenu 'pramudyono hadi','1113',@CompanyId=2;
25/06/2021 11:12:41	SQL :EXEC GetUserTreeMenu 'pramudyono hadi','1114',@CompanyId=2;
25/06/2021 11:12:41	SQL :EXEC GetUserTreeMenu 'pramudyono hadi','1115',@CompanyId=2;
25/06/2021 11:12:41	SQL :EXEC GetUserTreeMenu 'pramudyono hadi','1116',@CompanyId=2;
25/06/2021 11:12:41	SQL :EXEC GetUserTreeMenu 'pramudyono hadi','1117',@CompanyId=2;
25/06/2021 11:12:41	SQL :EXEC GetUserTreeMenu 'pramudyono hadi','1198',@CompanyId=2;
25/06/2021 11:12:41	SQL :EXEC GetUserTreeMenu 'pramudyono hadi','1199',@CompanyId=2;
25/06/2021 11:12:41	SQL :EXEC GetUserSubMenu 'pramudyono hadi','12';
25/06/2021 11:12:41	SQL :EXEC GetUserTreeMenu 'pramudyono hadi','1201',@CompanyId=2;
25/06/2021 11:12:41	SQL :EXEC GetUserTreeMenu 'pramudyono hadi','1202',@CompanyId=2;
25/06/2021 11:12:41	SQL :EXEC GetUserTreeMenu 'pramudyono hadi','1203',@CompanyId=2;
25/06/2021 11:12:41	SQL :EXEC GetUserTreeMenu 'pramudyono hadi','1204',@CompanyId=2;
25/06/2021 11:12:41	SQL :EXEC GetUserTreeMenu 'pramudyono hadi','1205',@CompanyId=2;
25/06/2021 11:12:41	SQL :EXEC GetUserTreeMenu 'pramudyono hadi','1206',@CompanyId=2;
25/06/2021 11:12:41	SQL :EXEC GetUserTreeMenu 'pramudyono hadi','1207',@CompanyId=2;
25/06/2021 11:12:41	SQL :EXEC GetUserSubMenu 'pramudyono hadi','13';
25/06/2021 11:12:41	SQL :EXEC GetUserTreeMenu 'pramudyono hadi','1301',@CompanyId=2;
25/06/2021 11:12:41	SQL :EXEC GetUserTreeMenu 'pramudyono hadi','1302',@CompanyId=2;
25/06/2021 11:12:41	SQL :EXEC GetUserTreeMenu 'pramudyono hadi','1303',@CompanyId=2;
25/06/2021 11:12:41	SQL :EXEC GetUserTreeMenu 'pramudyono hadi','1304',@CompanyId=2;
25/06/2021 11:12:41	SQL :EXEC GetUserTreeMenu 'pramudyono hadi','1305',@CompanyId=2;
25/06/2021 11:12:41	SQL :EXEC GetUserTreeMenu 'pramudyono hadi','1306',@CompanyId=2;
25/06/2021 11:12:41	SQL :EXEC GetUserTreeMenu 'pramudyono hadi','1307',@CompanyId=2;
25/06/2021 11:12:41	SQL :EXEC GetUserTreeMenu 'pramudyono hadi','1308',@CompanyId=2;
25/06/2021 11:12:41	SQL :EXEC GetUserTreeMenu 'pramudyono hadi','1309',@CompanyId=2;
25/06/2021 11:12:41	SQL :EXEC GetUserTreeMenu 'pramudyono hadi','1310',@CompanyId=2;
25/06/2021 11:12:41	SQL :EXEC GetUserTreeMenu 'pramudyono hadi','1311',@CompanyId=2;
25/06/2021 11:12:41	SQL :EXEC GetUserTreeMenu 'pramudyono hadi','1312',@CompanyId=2;
25/06/2021 11:12:41	SQL :EXEC GetUserTreeMenu 'pramudyono hadi','1313',@CompanyId=2;
25/06/2021 11:12:41	SQL :EXEC GetUserTreeMenu 'pramudyono hadi','1314',@CompanyId=2;
25/06/2021 11:12:41	SQL :EXEC GetUserTreeMenu 'pramudyono hadi','1315',@CompanyId=2;
25/06/2021 11:12:41	SQL :EXEC GetUserTreeMenu 'pramudyono hadi','1316',@CompanyId=2;
25/06/2021 11:12:41	SQL :EXEC GetUserTreeMenu 'pramudyono hadi','1317',@CompanyId=2;
25/06/2021 11:12:41	SQL :EXEC GetUserTreeMenu 'pramudyono hadi','1318',@CompanyId=2;
25/06/2021 11:12:41	SQL :EXEC GetUserTreeMenu 'pramudyono hadi','1319',@CompanyId=2;
25/06/2021 11:12:41	SQL :EXEC GetUserTreeMenu 'pramudyono hadi','1320',@CompanyId=2;
25/06/2021 11:12:41	SQL :EXEC GetUserTreeMenu 'pramudyono hadi','1321',@CompanyId=2;
25/06/2021 11:12:42	SQL :EXEC GetUserSubMenu 'pramudyono hadi','14';
25/06/2021 11:12:42	SQL :EXEC GetUserTreeMenu 'pramudyono hadi','1401',@CompanyId=2;
25/06/2021 11:12:42	SQL :EXEC GetUserTreeMenu 'pramudyono hadi','1402',@CompanyId=2;
25/06/2021 11:12:42	SQL :EXEC GetUserTreeMenu 'pramudyono hadi','1403',@CompanyId=2;
25/06/2021 11:12:42	SQL :EXEC GetUserTreeMenu 'pramudyono hadi','1404',@CompanyId=2;
25/06/2021 11:12:42	SQL :EXEC GetUserTreeMenu 'pramudyono hadi','1406',@CompanyId=2;
25/06/2021 11:12:42	SQL :EXEC GetUserTreeMenu 'pramudyono hadi','1408',@CompanyId=2;
25/06/2021 11:12:42	SQL :EXEC GetUserTreeMenu 'pramudyono hadi','1410',@CompanyId=2;
25/06/2021 11:12:42	SQL :EXEC GetUserTreeMenu 'pramudyono hadi','1411',@CompanyId=2;
25/06/2021 11:12:42	SQL :EXEC GetUserTreeMenu 'pramudyono hadi','1412',@CompanyId=2;
25/06/2021 11:12:42	SQL :EXEC GetUserTreeMenu 'pramudyono hadi','1413',@CompanyId=2;
25/06/2021 11:12:42	SQL :EXEC GetUserTreeMenu 'pramudyono hadi','1414',@CompanyId=2;
25/06/2021 11:12:42	SQL :EXEC GetUserSubMenu 'pramudyono hadi','15';
25/06/2021 11:12:42	SQL :EXEC GetUserTreeMenu 'pramudyono hadi','1501',@CompanyId=2;
25/06/2021 11:12:42	SQL :EXEC GetUserTreeMenu 'pramudyono hadi','1502',@CompanyId=2;
25/06/2021 11:12:42	SQL :EXEC GetUserTreeMenu 'pramudyono hadi','1503',@CompanyId=2;
25/06/2021 11:12:42	SQL :EXEC GetUserTreeMenu 'pramudyono hadi','1504',@CompanyId=2;
25/06/2021 11:12:42	SQL :EXEC GetUserTreeMenu 'pramudyono hadi','1505',@CompanyId=2;
25/06/2021 11:12:42	SQL :EXEC GetUserTreeMenu 'pramudyono hadi','1506',@CompanyId=2;
25/06/2021 11:12:42	SQL :EXEC GetUserTreeMenu 'pramudyono hadi','1507',@CompanyId=2;
25/06/2021 11:12:42	SQL :EXEC GetUserTreeMenu 'pramudyono hadi','1508',@CompanyId=2;
25/06/2021 11:12:42	SQL :EXEC GetUserTreeMenu 'pramudyono hadi','1509',@CompanyId=2;
25/06/2021 11:12:42	SQL :EXEC GetUserTreeMenu 'pramudyono hadi','1510',@CompanyId=2;
25/06/2021 11:12:42	SQL :EXEC GetUserTreeMenu 'pramudyono hadi','1511',@CompanyId=2;
25/06/2021 11:12:42	SQL :EXEC GetUserSubMenu 'pramudyono hadi','16';
25/06/2021 11:12:42	SQL :EXEC GetUserTreeMenu 'pramudyono hadi','1601',@CompanyId=2;
25/06/2021 11:12:42	SQL :EXEC GetUserTreeMenu 'pramudyono hadi','1602',@CompanyId=2;
25/06/2021 11:12:42	SQL :EXEC GetUserTreeMenu 'pramudyono hadi','1603',@CompanyId=2;
25/06/2021 11:12:42	SQL :EXEC GetUserTreeMenu 'pramudyono hadi','1604',@CompanyId=2;
25/06/2021 11:12:42	SQL :EXEC GetUserTreeMenu 'pramudyono hadi','1605',@CompanyId=2;
25/06/2021 11:12:42	SQL :EXEC GetUserTreeMenu 'pramudyono hadi','1606',@CompanyId=2;
25/06/2021 11:12:42	SQL :EXEC GetUserTreeMenu 'pramudyono hadi','1607',@CompanyId=2;
25/06/2021 11:12:42	SQL :EXEC GetUserTreeMenu 'pramudyono hadi','1608',@CompanyId=2;
25/06/2021 11:12:42	SQL :EXEC GetUserTreeMenu 'pramudyono hadi','1609',@CompanyId=2;
25/06/2021 11:12:42	SQL :EXEC GetUserTreeMenu 'pramudyono hadi','1610',@CompanyId=2;
25/06/2021 11:12:42	SQL :EXEC GetUserTreeMenu 'pramudyono hadi','1611',@CompanyId=2;
25/06/2021 11:12:42	SQL :EXEC GetUserTreeMenu 'pramudyono hadi','1612',@CompanyId=2;
25/06/2021 11:12:42	SQL :EXEC GetUserTreeMenu 'pramudyono hadi','1613',@CompanyId=2;
25/06/2021 11:12:42	SQL :EXEC GetUserTreeMenu 'pramudyono hadi','1614',@CompanyId=2;
25/06/2021 11:12:42	SQL :EXEC GetUserTreeMenu 'pramudyono hadi','1615',@CompanyId=2;
25/06/2021 11:12:42	SQL :EXEC GetUserTreeMenu 'pramudyono hadi','1616',@CompanyId=2;
25/06/2021 11:12:42	SQL :EXEC GetUserTreeMenu 'pramudyono hadi','1619',@CompanyId=2;
25/06/2021 11:12:42	SQL :EXEC GetUserTreeMenu 'pramudyono hadi','1620',@CompanyId=2;
25/06/2021 11:12:42	SQL :EXEC GetUserSubMenu 'pramudyono hadi','17';
25/06/2021 11:12:42	SQL :EXEC GetUserTreeMenu 'pramudyono hadi','1701',@CompanyId=2;
25/06/2021 11:12:42	SQL :EXEC GetUserTreeMenu 'pramudyono hadi','1702',@CompanyId=2;
25/06/2021 11:12:42	SQL :EXEC GetUserTreeMenu 'pramudyono hadi','1703',@CompanyId=2;
25/06/2021 11:12:42	SQL :EXEC GetUserTreeMenu 'pramudyono hadi','1704',@CompanyId=2;
25/06/2021 11:12:42	SQL :EXEC GetUserTreeMenu 'pramudyono hadi','1705',@CompanyId=2;
25/06/2021 11:12:42	SQL :EXEC GetUserTreeMenu 'pramudyono hadi','1706',@CompanyId=2;
25/06/2021 11:12:42	SQL :EXEC GetUserTreeMenu 'pramudyono hadi','1707',@CompanyId=2;
25/06/2021 11:12:42	SQL :EXEC GetUserTreeMenu 'pramudyono hadi','1708',@CompanyId=2;
25/06/2021 11:12:42	SQL :EXEC GetUserTreeMenu 'pramudyono hadi','1709',@CompanyId=2;
25/06/2021 11:12:42	SQL :EXEC GetUserTreeMenu 'pramudyono hadi','1710',@CompanyId=2;
25/06/2021 11:12:42	SQL :EXEC GetUserTreeMenu 'pramudyono hadi','1711',@CompanyId=2;
25/06/2021 11:12:42	SQL :EXEC GetUserTreeMenu 'pramudyono hadi','1712',@CompanyId=2;
25/06/2021 11:12:42	SQL :EXEC GetUserTreeMenu 'pramudyono hadi','1713',@CompanyId=2;
25/06/2021 11:12:42	SQL :EXEC GetUserTreeMenu 'pramudyono hadi','1714',@CompanyId=2;
25/06/2021 11:12:42	SQL :EXEC GetUserTreeMenu 'pramudyono hadi','1715',@CompanyId=2;
25/06/2021 11:12:42	SQL :EXEC GetUserTreeMenu 'pramudyono hadi','1716',@CompanyId=2;
25/06/2021 11:12:42	SQL :EXEC GetUserTreeMenu 'pramudyono hadi','1717',@CompanyId=2;
25/06/2021 11:12:42	SQL :EXEC GetUserSubMenu 'pramudyono hadi','18';
25/06/2021 11:12:42	SQL :EXEC GetUserTreeMenu 'pramudyono hadi','1801',@CompanyId=2;
25/06/2021 11:12:42	SQL :EXEC GetUserSubMenu 'pramudyono hadi','19';
25/06/2021 11:12:42	SQL :EXEC GetUserTreeMenu 'pramudyono hadi','1901',@CompanyId=2;
25/06/2021 11:12:42	SQL :EXEC GetUserTreeMenu 'pramudyono hadi','1902',@CompanyId=2;
25/06/2021 11:12:42	SQL :EXEC GetUserTreeMenu 'pramudyono hadi','1903',@CompanyId=2;
25/06/2021 11:12:42	SQL :EXEC GetUserTreeMenu 'pramudyono hadi','1904',@CompanyId=2;
25/06/2021 11:12:42	SQL :EXEC GetUserTreeMenu 'pramudyono hadi','1905',@CompanyId=2;
25/06/2021 11:12:42	SQL :EXEC GetUserTreeMenu 'pramudyono hadi','1906',@CompanyId=2;
25/06/2021 11:12:42	SQL :EXEC GetUserTreeMenu 'pramudyono hadi','1907',@CompanyId=2;
25/06/2021 11:12:42	SQL :EXEC GetUserTreeMenu 'pramudyono hadi','1908',@CompanyId=2;
25/06/2021 11:12:42	SQL :EXEC GetUserTreeMenu 'pramudyono hadi','1909',@CompanyId=2;
25/06/2021 11:12:42	SQL :EXEC GetUserTreeMenu 'pramudyono hadi','1910',@CompanyId=2;
25/06/2021 11:12:42	SQL :EXEC GetUserTreeMenu 'pramudyono hadi','1911',@CompanyId=2;
25/06/2021 11:12:42	SQL :EXEC GetUserTreeMenu 'pramudyono hadi','1912',@CompanyId=2;
25/06/2021 11:12:42	SQL :SELECT CONVERT(VARCHAR(8),GETDATE(),108) AS hour_minute;
25/06/2021 11:12:42	SQL :SELECT CONVERT(VARCHAR(10),GETDATE(),103) AS date_time;
25/06/2021 11:12:43	Loading Setting
25/06/2021 11:12:43	Open DB Connection
25/06/2021 11:12:43	SQL :SELECT * FROM wh_setting WHERE setting_name='Hold_Less_Deposit';
25/06/2021 11:12:43	SQL :SELECT * FROM wh_setting WHERE setting_name='Max_Less_Deposit';
25/06/2021 11:12:43	SQL :SELECT * FROM wh_setting WHERE setting_name='Dashboard_2';
25/06/2021 11:12:43	Finish Logging
25/06/2021 11:12:43	SQL :SELECT value_string FROM wh_setting WHERE (setting_name='Interval_CheckInDate') AND (active=1);
25/06/2021 11:12:43	SQL :SELECT value_string FROM wh_setting WHERE (setting_name='Interval_CheckInTime') AND (active=1);
25/06/2021 11:12:43	SQL :SELECT value_string FROM wh_setting WHERE (setting_name='ChatEnable') and (active=1);
25/06/2021 11:12:44	Message:Port Check
25/06/2021 11:12:44	Message:Open DB Connection
25/06/2021 11:12:44	SQL :EXEC GetMessage '01','pramudyono hadi';
25/06/2021 11:12:44	SQL :SELECT CONVERT(VARCHAR(8),GETDATE(),108) AS hour_minute;
25/06/2021 11:12:44	SQL :SELECT CONVERT(VARCHAR(10),GETDATE(),103) AS date_time;
25/06/2021 11:12:47	Open Menu :130806
25/06/2021 11:12:47	Open DB Connection
25/06/2021 11:12:47	SQL :EXEC AuthMenu 'pramudyono hadi',130806;
25/06/2021 11:12:47	Form Open: OrderForm=,-1,,0
25/06/2021 11:12:47	Open DB Connection
25/06/2021 11:12:47	SQL :EXEC GetProductPriceList 2,@LocationId=6,@ContractId='';
25/06/2021 11:12:47	Open DB Connection
25/06/2021 11:12:47	SQL :EXEC GetOrderServiceType;
25/06/2021 11:12:47	SQL :EXEC GetTransactionType 'Order';
25/06/2021 11:12:47	Open DB Connection
25/06/2021 11:12:47	SQL :SELECT dbo.GetUsername('pramudyono hadi') AS sales UNION ALL SELECT dbo.GetUsername(username) AS sales FROM wh_user a LEFT JOIN wh_user_detail b ON b.user_id=a.username LEFT JOIN wh_company_location c ON c.company_location_id=a.company_location_id WHERE (b.department_id=14) AND (c.location_id='6');
25/06/2021 11:12:47	SQL :SELECT dbo.GetUsername('pramudyono hadi') AS sales;
25/06/2021 11:12:47	Open DB Connection
25/06/2021 11:12:47	SQL :SELECT value_string FROM wh_setting WHERE setting_name='Auto_Schedule';
25/06/2021 11:12:47	SQL :SELECT value_string FROM wh_setting WHERE setting_name='Confirmation_Form_Line_CompanyId_2';
25/06/2021 11:12:47	SQL :SELECT value_string FROM wh_setting WHERE setting_name='Waiting_List_Enabled_2';
25/06/2021 15:02:56	Get Local Settings
25/06/2021 15:02:56	Start Change Local Settings
25/06/2021 15:02:56	Change short date format
25/06/2021 15:02:56	Change Long date format
25/06/2021 15:02:56	Finish Change Local Settings
25/06/2021 15:02:56	Registry Read: Path=SOFTWARE\WEHA\Aplikasi\3
25/06/2021 15:02:56	Registry Read/Write
25/06/2021 15:02:56	Registry Read: Path=SOFTWARE\WEHA\Aplikasi\3
25/06/2021 15:02:56	Setting DB Param
25/06/2021 15:02:56	Create DB Object
25/06/2021 15:02:56	Init DB
25/06/2021 15:02:56	Finish Init DB
25/06/2021 15:02:56	Get File Version
25/06/2021 15:02:56	Change  Caption
25/06/2021 15:02:56	Init Shortkey
25/06/2021 15:02:59	Setting DB Param
25/06/2021 15:02:59	Create DB Object
25/06/2021 15:02:59	Init DB
25/06/2021 15:02:59	Finish Init DB
25/06/2021 15:03:01	Update new version check
25/06/2021 15:03:01	Open DB Connection
25/06/2021 15:03:02	SQL :
25/06/2021 15:03:02	Update check version
25/06/2021 15:03:02	Open DB Connection
25/06/2021 15:03:02	SQL :SELECT version FROM wh_application WHERE application_id=(SELECT MAX(application_id) FROM wh_application);
25/06/2021 15:03:02	Start Login
25/06/2021 15:03:02	Open DB Connection
25/06/2021 15:03:02	SQL :EXEC AuthenticateUser 'pramudyono hadi','6f2b8366efa56f0c06dd6b31fcff8a73';
25/06/2021 15:03:02	SQL :INSERT INTO wh_log (user_id,app_date,app_version,app_version_svr,location_id,company_id,department_id,host_name,ip_address)  VALUES ('pramudyono hadi','25/06/2021','6.1.3.4','6.1.3.2',6,2,13,'DESKTOP-S1PD9OD','192.168.25.214');
25/06/2021 15:03:02	Open DB Connection
25/06/2021 15:03:02	SQL :EXEC GetUserMenu 'pramudyono hadi';
25/06/2021 15:03:02	SQL :EXEC GetUserSubMenu 'pramudyono hadi','11';
25/06/2021 15:03:02	SQL :EXEC GetUserTreeMenu 'pramudyono hadi','1101',@CompanyId=2;
25/06/2021 15:03:03	SQL :EXEC GetUserTreeMenu 'pramudyono hadi','1102',@CompanyId=2;
25/06/2021 15:03:03	SQL :EXEC GetUserTreeMenu 'pramudyono hadi','1103',@CompanyId=2;
25/06/2021 15:03:03	SQL :EXEC GetUserTreeMenu 'pramudyono hadi','1104',@CompanyId=2;
25/06/2021 15:03:03	SQL :EXEC GetUserTreeMenu 'pramudyono hadi','1105',@CompanyId=2;
25/06/2021 15:03:03	SQL :EXEC GetUserTreeMenu 'pramudyono hadi','1106',@CompanyId=2;
25/06/2021 15:03:03	SQL :EXEC GetUserTreeMenu 'pramudyono hadi','1107',@CompanyId=2;
25/06/2021 15:03:03	SQL :EXEC GetUserTreeMenu 'pramudyono hadi','1108',@CompanyId=2;
25/06/2021 15:03:03	SQL :EXEC GetUserTreeMenu 'pramudyono hadi','1109',@CompanyId=2;
25/06/2021 15:03:03	SQL :EXEC GetUserTreeMenu 'pramudyono hadi','1110',@CompanyId=2;
25/06/2021 15:03:03	SQL :EXEC GetUserTreeMenu 'pramudyono hadi','1111',@CompanyId=2;
25/06/2021 15:03:03	SQL :EXEC GetUserTreeMenu 'pramudyono hadi','1112',@CompanyId=2;
25/06/2021 15:03:03	SQL :EXEC GetUserTreeMenu 'pramudyono hadi','1113',@CompanyId=2;
25/06/2021 15:03:03	SQL :EXEC GetUserTreeMenu 'pramudyono hadi','1114',@CompanyId=2;
25/06/2021 15:03:03	SQL :EXEC GetUserTreeMenu 'pramudyono hadi','1115',@CompanyId=2;
25/06/2021 15:03:03	SQL :EXEC GetUserTreeMenu 'pramudyono hadi','1116',@CompanyId=2;
25/06/2021 15:03:03	SQL :EXEC GetUserTreeMenu 'pramudyono hadi','1117',@CompanyId=2;
25/06/2021 15:03:03	SQL :EXEC GetUserTreeMenu 'pramudyono hadi','1198',@CompanyId=2;
25/06/2021 15:03:03	SQL :EXEC GetUserTreeMenu 'pramudyono hadi','1199',@CompanyId=2;
25/06/2021 15:03:03	SQL :EXEC GetUserSubMenu 'pramudyono hadi','12';
25/06/2021 15:03:03	SQL :EXEC GetUserTreeMenu 'pramudyono hadi','1201',@CompanyId=2;
25/06/2021 15:03:03	SQL :EXEC GetUserTreeMenu 'pramudyono hadi','1202',@CompanyId=2;
25/06/2021 15:03:03	SQL :EXEC GetUserTreeMenu 'pramudyono hadi','1203',@CompanyId=2;
25/06/2021 15:03:03	SQL :EXEC GetUserTreeMenu 'pramudyono hadi','1204',@CompanyId=2;
25/06/2021 15:03:03	SQL :EXEC GetUserTreeMenu 'pramudyono hadi','1205',@CompanyId=2;
25/06/2021 15:03:03	SQL :EXEC GetUserTreeMenu 'pramudyono hadi','1206',@CompanyId=2;
25/06/2021 15:03:03	SQL :EXEC GetUserTreeMenu 'pramudyono hadi','1207',@CompanyId=2;
25/06/2021 15:03:03	SQL :EXEC GetUserSubMenu 'pramudyono hadi','13';
25/06/2021 15:03:03	SQL :EXEC GetUserTreeMenu 'pramudyono hadi','1301',@CompanyId=2;
25/06/2021 15:03:03	SQL :EXEC GetUserTreeMenu 'pramudyono hadi','1302',@CompanyId=2;
25/06/2021 15:03:03	SQL :EXEC GetUserTreeMenu 'pramudyono hadi','1303',@CompanyId=2;
25/06/2021 15:03:03	SQL :EXEC GetUserTreeMenu 'pramudyono hadi','1304',@CompanyId=2;
25/06/2021 15:03:03	SQL :EXEC GetUserTreeMenu 'pramudyono hadi','1305',@CompanyId=2;
25/06/2021 15:03:03	SQL :EXEC GetUserTreeMenu 'pramudyono hadi','1306',@CompanyId=2;
25/06/2021 15:03:03	SQL :EXEC GetUserTreeMenu 'pramudyono hadi','1307',@CompanyId=2;
25/06/2021 15:03:03	SQL :EXEC GetUserTreeMenu 'pramudyono hadi','1308',@CompanyId=2;
25/06/2021 15:03:03	SQL :EXEC GetUserTreeMenu 'pramudyono hadi','1309',@CompanyId=2;
25/06/2021 15:03:03	SQL :EXEC GetUserTreeMenu 'pramudyono hadi','1310',@CompanyId=2;
25/06/2021 15:03:03	SQL :EXEC GetUserTreeMenu 'pramudyono hadi','1311',@CompanyId=2;
25/06/2021 15:03:03	SQL :EXEC GetUserTreeMenu 'pramudyono hadi','1312',@CompanyId=2;
25/06/2021 15:03:03	SQL :EXEC GetUserTreeMenu 'pramudyono hadi','1313',@CompanyId=2;
25/06/2021 15:03:03	SQL :EXEC GetUserTreeMenu 'pramudyono hadi','1314',@CompanyId=2;
25/06/2021 15:03:03	SQL :EXEC GetUserTreeMenu 'pramudyono hadi','1315',@CompanyId=2;
25/06/2021 15:03:03	SQL :EXEC GetUserTreeMenu 'pramudyono hadi','1316',@CompanyId=2;
25/06/2021 15:03:03	SQL :EXEC GetUserTreeMenu 'pramudyono hadi','1317',@CompanyId=2;
25/06/2021 15:03:03	SQL :EXEC GetUserTreeMenu 'pramudyono hadi','1318',@CompanyId=2;
25/06/2021 15:03:03	SQL :EXEC GetUserTreeMenu 'pramudyono hadi','1319',@CompanyId=2;
25/06/2021 15:03:03	SQL :EXEC GetUserTreeMenu 'pramudyono hadi','1320',@CompanyId=2;
25/06/2021 15:03:03	SQL :EXEC GetUserTreeMenu 'pramudyono hadi','1321',@CompanyId=2;
25/06/2021 15:03:03	SQL :EXEC GetUserSubMenu 'pramudyono hadi','14';
25/06/2021 15:03:03	SQL :EXEC GetUserTreeMenu 'pramudyono hadi','1401',@CompanyId=2;
25/06/2021 15:03:03	SQL :EXEC GetUserTreeMenu 'pramudyono hadi','1402',@CompanyId=2;
25/06/2021 15:03:03	SQL :EXEC GetUserTreeMenu 'pramudyono hadi','1403',@CompanyId=2;
25/06/2021 15:03:03	SQL :EXEC GetUserTreeMenu 'pramudyono hadi','1404',@CompanyId=2;
25/06/2021 15:03:03	SQL :EXEC GetUserTreeMenu 'pramudyono hadi','1406',@CompanyId=2;
25/06/2021 15:03:03	SQL :EXEC GetUserTreeMenu 'pramudyono hadi','1408',@CompanyId=2;
25/06/2021 15:03:03	SQL :EXEC GetUserTreeMenu 'pramudyono hadi','1410',@CompanyId=2;
25/06/2021 15:03:03	SQL :EXEC GetUserTreeMenu 'pramudyono hadi','1411',@CompanyId=2;
25/06/2021 15:03:03	SQL :EXEC GetUserTreeMenu 'pramudyono hadi','1412',@CompanyId=2;
25/06/2021 15:03:03	SQL :EXEC GetUserTreeMenu 'pramudyono hadi','1413',@CompanyId=2;
25/06/2021 15:03:03	SQL :EXEC GetUserTreeMenu 'pramudyono hadi','1414',@CompanyId=2;
25/06/2021 15:03:04	SQL :EXEC GetUserSubMenu 'pramudyono hadi','15';
25/06/2021 15:03:04	SQL :EXEC GetUserTreeMenu 'pramudyono hadi','1501',@CompanyId=2;
25/06/2021 15:03:04	SQL :EXEC GetUserTreeMenu 'pramudyono hadi','1502',@CompanyId=2;
25/06/2021 15:03:04	SQL :EXEC GetUserTreeMenu 'pramudyono hadi','1503',@CompanyId=2;
25/06/2021 15:03:04	SQL :EXEC GetUserTreeMenu 'pramudyono hadi','1504',@CompanyId=2;
25/06/2021 15:03:04	SQL :EXEC GetUserTreeMenu 'pramudyono hadi','1505',@CompanyId=2;
25/06/2021 15:03:04	SQL :EXEC GetUserTreeMenu 'pramudyono hadi','1506',@CompanyId=2;
25/06/2021 15:03:04	SQL :EXEC GetUserTreeMenu 'pramudyono hadi','1507',@CompanyId=2;
25/06/2021 15:03:04	SQL :EXEC GetUserTreeMenu 'pramudyono hadi','1508',@CompanyId=2;
25/06/2021 15:03:04	SQL :EXEC GetUserTreeMenu 'pramudyono hadi','1509',@CompanyId=2;
25/06/2021 15:03:04	SQL :EXEC GetUserTreeMenu 'pramudyono hadi','1510',@CompanyId=2;
25/06/2021 15:03:04	SQL :EXEC GetUserTreeMenu 'pramudyono hadi','1511',@CompanyId=2;
25/06/2021 15:03:04	SQL :EXEC GetUserSubMenu 'pramudyono hadi','16';
25/06/2021 15:03:04	SQL :EXEC GetUserTreeMenu 'pramudyono hadi','1601',@CompanyId=2;
25/06/2021 15:03:04	SQL :EXEC GetUserTreeMenu 'pramudyono hadi','1602',@CompanyId=2;
25/06/2021 15:03:04	SQL :EXEC GetUserTreeMenu 'pramudyono hadi','1603',@CompanyId=2;
25/06/2021 15:03:04	SQL :EXEC GetUserTreeMenu 'pramudyono hadi','1604',@CompanyId=2;
25/06/2021 15:03:04	SQL :EXEC GetUserTreeMenu 'pramudyono hadi','1605',@CompanyId=2;
25/06/2021 15:03:04	SQL :EXEC GetUserTreeMenu 'pramudyono hadi','1606',@CompanyId=2;
25/06/2021 15:03:04	SQL :EXEC GetUserTreeMenu 'pramudyono hadi','1607',@CompanyId=2;
25/06/2021 15:03:04	SQL :EXEC GetUserTreeMenu 'pramudyono hadi','1608',@CompanyId=2;
25/06/2021 15:03:04	SQL :EXEC GetUserTreeMenu 'pramudyono hadi','1609',@CompanyId=2;
25/06/2021 15:03:04	SQL :EXEC GetUserTreeMenu 'pramudyono hadi','1610',@CompanyId=2;
25/06/2021 15:03:04	SQL :EXEC GetUserTreeMenu 'pramudyono hadi','1611',@CompanyId=2;
25/06/2021 15:03:04	SQL :EXEC GetUserTreeMenu 'pramudyono hadi','1612',@CompanyId=2;
25/06/2021 15:03:04	SQL :EXEC GetUserTreeMenu 'pramudyono hadi','1613',@CompanyId=2;
25/06/2021 15:03:04	SQL :EXEC GetUserTreeMenu 'pramudyono hadi','1614',@CompanyId=2;
25/06/2021 15:03:04	SQL :EXEC GetUserTreeMenu 'pramudyono hadi','1615',@CompanyId=2;
25/06/2021 15:03:04	SQL :EXEC GetUserTreeMenu 'pramudyono hadi','1616',@CompanyId=2;
25/06/2021 15:03:04	SQL :EXEC GetUserTreeMenu 'pramudyono hadi','1619',@CompanyId=2;
25/06/2021 15:03:04	SQL :EXEC GetUserTreeMenu 'pramudyono hadi','1620',@CompanyId=2;
25/06/2021 15:03:04	SQL :EXEC GetUserSubMenu 'pramudyono hadi','17';
25/06/2021 15:03:04	SQL :EXEC GetUserTreeMenu 'pramudyono hadi','1701',@CompanyId=2;
25/06/2021 15:03:04	SQL :EXEC GetUserTreeMenu 'pramudyono hadi','1702',@CompanyId=2;
25/06/2021 15:03:04	SQL :EXEC GetUserTreeMenu 'pramudyono hadi','1703',@CompanyId=2;
25/06/2021 15:03:04	SQL :EXEC GetUserTreeMenu 'pramudyono hadi','1704',@CompanyId=2;
25/06/2021 15:03:04	SQL :EXEC GetUserTreeMenu 'pramudyono hadi','1705',@CompanyId=2;
25/06/2021 15:03:04	SQL :EXEC GetUserTreeMenu 'pramudyono hadi','1706',@CompanyId=2;
25/06/2021 15:03:04	SQL :EXEC GetUserTreeMenu 'pramudyono hadi','1707',@CompanyId=2;
25/06/2021 15:03:04	SQL :EXEC GetUserTreeMenu 'pramudyono hadi','1708',@CompanyId=2;
25/06/2021 15:03:04	SQL :EXEC GetUserTreeMenu 'pramudyono hadi','1709',@CompanyId=2;
25/06/2021 15:03:04	SQL :EXEC GetUserTreeMenu 'pramudyono hadi','1710',@CompanyId=2;
25/06/2021 15:03:04	SQL :EXEC GetUserTreeMenu 'pramudyono hadi','1711',@CompanyId=2;
25/06/2021 15:03:04	SQL :EXEC GetUserTreeMenu 'pramudyono hadi','1712',@CompanyId=2;
25/06/2021 15:03:04	SQL :EXEC GetUserTreeMenu 'pramudyono hadi','1713',@CompanyId=2;
25/06/2021 15:03:04	SQL :EXEC GetUserTreeMenu 'pramudyono hadi','1714',@CompanyId=2;
25/06/2021 15:03:04	SQL :EXEC GetUserTreeMenu 'pramudyono hadi','1715',@CompanyId=2;
25/06/2021 15:03:04	SQL :EXEC GetUserTreeMenu 'pramudyono hadi','1716',@CompanyId=2;
25/06/2021 15:03:04	SQL :EXEC GetUserTreeMenu 'pramudyono hadi','1717',@CompanyId=2;
25/06/2021 15:03:04	SQL :EXEC GetUserSubMenu 'pramudyono hadi','18';
25/06/2021 15:03:04	SQL :EXEC GetUserTreeMenu 'pramudyono hadi','1801',@CompanyId=2;
25/06/2021 15:03:04	SQL :EXEC GetUserSubMenu 'pramudyono hadi','19';
25/06/2021 15:03:04	SQL :EXEC GetUserTreeMenu 'pramudyono hadi','1901',@CompanyId=2;
25/06/2021 15:03:04	SQL :EXEC GetUserTreeMenu 'pramudyono hadi','1902',@CompanyId=2;
25/06/2021 15:03:04	SQL :EXEC GetUserTreeMenu 'pramudyono hadi','1903',@CompanyId=2;
25/06/2021 15:03:04	SQL :EXEC GetUserTreeMenu 'pramudyono hadi','1904',@CompanyId=2;
25/06/2021 15:03:05	SQL :EXEC GetUserTreeMenu 'pramudyono hadi','1905',@CompanyId=2;
25/06/2021 15:03:05	SQL :EXEC GetUserTreeMenu 'pramudyono hadi','1906',@CompanyId=2;
25/06/2021 15:03:05	SQL :EXEC GetUserTreeMenu 'pramudyono hadi','1907',@CompanyId=2;
25/06/2021 15:03:05	SQL :EXEC GetUserTreeMenu 'pramudyono hadi','1908',@CompanyId=2;
25/06/2021 15:03:05	SQL :EXEC GetUserTreeMenu 'pramudyono hadi','1909',@CompanyId=2;
25/06/2021 15:03:05	SQL :EXEC GetUserTreeMenu 'pramudyono hadi','1910',@CompanyId=2;
25/06/2021 15:03:05	SQL :EXEC GetUserTreeMenu 'pramudyono hadi','1911',@CompanyId=2;
25/06/2021 15:03:05	SQL :EXEC GetUserTreeMenu 'pramudyono hadi','1912',@CompanyId=2;
25/06/2021 15:03:05	SQL :SELECT CONVERT(VARCHAR(8),GETDATE(),108) AS hour_minute;
25/06/2021 15:03:05	SQL :SELECT CONVERT(VARCHAR(10),GETDATE(),103) AS date_time;
25/06/2021 15:03:05	Loading Setting
25/06/2021 15:03:05	Open DB Connection
25/06/2021 15:03:05	SQL :SELECT * FROM wh_setting WHERE setting_name='Hold_Less_Deposit';
25/06/2021 15:03:05	SQL :SELECT * FROM wh_setting WHERE setting_name='Max_Less_Deposit';
25/06/2021 15:03:05	SQL :SELECT * FROM wh_setting WHERE setting_name='Dashboard_2';
25/06/2021 15:03:05	Finish Logging
25/06/2021 15:03:05	SQL :SELECT value_string FROM wh_setting WHERE (setting_name='Interval_CheckInDate') AND (active=1);
25/06/2021 15:03:05	SQL :SELECT value_string FROM wh_setting WHERE (setting_name='Interval_CheckInTime') AND (active=1);
25/06/2021 15:03:05	SQL :SELECT value_string FROM wh_setting WHERE (setting_name='ChatEnable') and (active=1);
25/06/2021 15:03:06	Message:Port Check
25/06/2021 15:03:06	Message:Open DB Connection
25/06/2021 15:03:06	SQL :EXEC GetMessage '01','pramudyono hadi';
25/06/2021 15:03:06	SQL :SELECT CONVERT(VARCHAR(8),GETDATE(),108) AS hour_minute;
25/06/2021 15:03:06	SQL :SELECT CONVERT(VARCHAR(10),GETDATE(),103) AS date_time;
25/06/2021 15:03:10	Open Menu :190505
25/06/2021 15:03:10	Open DB Connection
25/06/2021 15:03:10	SQL :EXEC AuthMenu 'pramudyono hadi',190505;
25/06/2021 15:03:10	Form Check :DailyOrderFeeRpt
25/06/2021 15:03:10	Open DB Connection
25/06/2021 15:03:10	SQL :EXEC GetCompanyLocationList
25/06/2021 15:03:33	Form Check :OrderFee
25/06/2021 15:03:33	Form Open: OrderFee=SJBRB21051417,0
25/06/2021 15:03:34	Open DB Connection
25/06/2021 15:03:34	SQL :SELECT value_string FROM wh_setting WHERE (setting_name='OrderFee_Form_Day_CompanyId_2') and (active=1);
25/06/2021 15:03:34	SQL :SELECT value_string FROM wh_setting WHERE (setting_name='OrderFee_Form_Days_CompanyId_2') and (active=1);
25/06/2021 15:03:34	SQL :SELECT value_string FROM wh_setting WHERE (setting_name='Show_eToll_CompanyId_2') and (active=1);
25/06/2021 15:03:34	SQL :SELECT * FROM wh_setting WHERE (setting_name='Lock_Budget_CompanyId_2') AND (active=1);
25/06/2021 15:03:34	SQL :SELECT * FROM wh_setting WHERE (setting_name='Allow_UnlockBudget_NULL_CompanyId_2') AND (active=1);
25/06/2021 15:03:34	Open DB Connection
25/06/2021 15:03:34	SQL :SELECT * FROM wh_setting WHERE (setting_name='Lock_Budget_Integrate_CompanyId_2') AND (active=1);
25/06/2021 15:03:34	SQL :EXEC GetVhcOutDetail 'SJBRB21051417';
25/06/2021 15:03:35	SQL :EXEC GetCustomerOrderServiceList 'COWDC21050391';
25/06/2021 15:03:35	SQL :EXEC GetPrice;
25/06/2021 15:03:39	Open DB Connection
25/06/2021 15:03:39	Auth Form:13120102 -1
25/06/2021 15:04:37	Open Menu :131102
25/06/2021 15:04:37	Open DB Connection
25/06/2021 15:04:37	SQL :EXEC AuthMenu 'pramudyono hadi',131102;
25/06/2021 15:04:37	Form Check :BookingList
25/06/2021 15:04:37	Form Open: BookingList=Bus,,Main-Change,0,,0
25/06/2021 15:04:37	Open DB Connection
25/06/2021 15:04:37	SQL :EXEC GetCompanyLocationList
25/06/2021 15:04:37	Open DB Connection
25/06/2021 15:04:37	SQL :EXEC GetReservedOrderList 2,@LocationId=6,@Finish=0,@PaymentDetail=2;
25/06/2021 15:04:44	Form Check :BookingForm
25/06/2021 15:04:44	Form Open: BookingForm=RESWDC21020531,,-1,
25/06/2021 15:04:44	Open DB Connection
25/06/2021 15:04:44	SQL :SELECT * FROM wh_setting WHERE (setting_name='PostingData_API_CompanyId_2') AND (active=1);
25/06/2021 15:04:44	Open DB Connection
25/06/2021 15:04:44	SQL :EXEC GetReservedOrderDetail 'RESWDC21020531';
25/06/2021 15:04:45	Open DB Connection
25/06/2021 15:04:45	SQL :EXEC GetReservedOrderDetailList 'RESWDC21020531';
25/06/2021 15:04:45	SQL :EXEC GetCustomerOrderServiceList 'COWDC21020522';
25/06/2021 15:04:47	Form Check :EmployeeList
25/06/2021 15:04:47	Open DB Connection
25/06/2021 15:04:47	Open DB Connection
25/06/2021 15:14:54	Message:Port Check
25/06/2021 15:14:54	Message:Open DB Connection
25/06/2021 15:14:54	SQL :EXEC GetMessage '01','pramudyono hadi';
25/06/2021 15:14:54	SQL :SELECT CONVERT(VARCHAR(8),GETDATE(),108) AS hour_minute;
25/06/2021 15:14:54	SQL :SELECT CONVERT(VARCHAR(10),GETDATE(),103) AS date_time;
25/06/2021 15:18:16	Form Check :EmployeeList
25/06/2021 15:18:44	Open DB Connection
25/06/2021 15:18:44	Open DB Connection
25/06/2021 15:26:37	Message:Port Check
25/06/2021 15:26:37	Message:Open DB Connection
25/06/2021 15:26:37	SQL :EXEC GetMessage '01','pramudyono hadi';
25/06/2021 15:26:38	SQL :SELECT CONVERT(VARCHAR(8),GETDATE(),108) AS hour_minute;
25/06/2021 15:26:38	SQL :SELECT CONVERT(VARCHAR(10),GETDATE(),103) AS date_time;
25/06/2021 15:36:44	Message:Port Check
25/06/2021 15:36:44	Message:Open DB Connection
25/06/2021 15:36:44	SQL :EXEC GetMessage '01','pramudyono hadi';
25/06/2021 15:36:44	SQL :SELECT CONVERT(VARCHAR(8),GETDATE(),108) AS hour_minute;
25/06/2021 15:36:44	SQL :SELECT CONVERT(VARCHAR(10),GETDATE(),103) AS date_time;
25/06/2021 15:46:50	Message:Port Check
25/06/2021 15:46:50	Message:Open DB Connection
25/06/2021 15:46:50	SQL :EXEC GetMessage '01','pramudyono hadi';
25/06/2021 15:46:50	SQL :SELECT CONVERT(VARCHAR(8),GETDATE(),108) AS hour_minute;
25/06/2021 15:46:50	SQL :SELECT CONVERT(VARCHAR(10),GETDATE(),103) AS date_time;
25/06/2021 15:59:55	Message:Port Check
25/06/2021 15:59:55	Message:Open DB Connection
25/06/2021 15:59:55	SQL :EXEC GetMessage '01','pramudyono hadi';
25/06/2021 15:59:55	SQL :SELECT CONVERT(VARCHAR(8),GETDATE(),108) AS hour_minute;
25/06/2021 15:59:55	SQL :SELECT CONVERT(VARCHAR(10),GETDATE(),103) AS date_time;
25/06/2021 16:10:01	Message:Port Check
25/06/2021 16:10:01	Message:Open DB Connection
25/06/2021 16:10:01	SQL :EXEC GetMessage '01','pramudyono hadi';
25/06/2021 16:10:01	SQL :SELECT CONVERT(VARCHAR(8),GETDATE(),108) AS hour_minute;
25/06/2021 16:10:01	SQL :SELECT CONVERT(VARCHAR(10),GETDATE(),103) AS date_time;
25/06/2021 16:20:07	Message:Port Check
25/06/2021 16:20:07	Message:Open DB Connection
25/06/2021 16:20:07	SQL :EXEC GetMessage '01','pramudyono hadi';
25/06/2021 16:20:08	SQL :SELECT CONVERT(VARCHAR(8),GETDATE(),108) AS hour_minute;
25/06/2021 16:20:08	SQL :SELECT CONVERT(VARCHAR(10),GETDATE(),103) AS date_time;
25/06/2021 16:30:15	Message:Port Check
25/06/2021 16:30:15	Message:Open DB Connection
25/06/2021 16:30:15	SQL :EXEC GetMessage '01','pramudyono hadi';
25/06/2021 16:30:15	SQL :SELECT CONVERT(VARCHAR(8),GETDATE(),108) AS hour_minute;
25/06/2021 16:30:15	SQL :SELECT CONVERT(VARCHAR(10),GETDATE(),103) AS date_time;
25/06/2021 16:40:23	Message:Port Check
25/06/2021 16:40:23	Message:Open DB Connection
25/06/2021 16:40:23	SQL :EXEC GetMessage '01','pramudyono hadi';
25/06/2021 16:40:23	SQL :SELECT CONVERT(VARCHAR(8),GETDATE(),108) AS hour_minute;
25/06/2021 16:40:23	SQL :SELECT CONVERT(VARCHAR(10),GETDATE(),103) AS date_time;
25/06/2021 16:50:31	Message:Port Check
25/06/2021 16:50:31	Message:Open DB Connection
25/06/2021 16:50:31	SQL :EXEC GetMessage '01','pramudyono hadi';
25/06/2021 16:50:31	SQL :SELECT CONVERT(VARCHAR(8),GETDATE(),108) AS hour_minute;
25/06/2021 16:50:31	SQL :SELECT CONVERT(VARCHAR(10),GETDATE(),103) AS date_time;
25/06/2021 17:00:39	Message:Port Check
25/06/2021 17:00:39	Message:Open DB Connection
25/06/2021 17:00:39	SQL :EXEC GetMessage '01','pramudyono hadi';
25/06/2021 17:00:39	SQL :SELECT CONVERT(VARCHAR(8),GETDATE(),108) AS hour_minute;
25/06/2021 17:00:39	SQL :SELECT CONVERT(VARCHAR(10),GETDATE(),103) AS date_time;
25/06/2021 17:10:46	Message:Port Check
25/06/2021 17:10:46	Message:Open DB Connection
25/06/2021 17:10:46	SQL :EXEC GetMessage '01','pramudyono hadi';
25/06/2021 17:10:46	SQL :SELECT CONVERT(VARCHAR(8),GETDATE(),108) AS hour_minute;
25/06/2021 17:10:46	SQL :SELECT CONVERT(VARCHAR(10),GETDATE(),103) AS date_time;
25/06/2021 17:20:54	Message:Port Check
25/06/2021 17:20:54	Message:Open DB Connection
25/06/2021 17:20:54	SQL :EXEC GetMessage '01','pramudyono hadi';
25/06/2021 17:20:54	SQL :SELECT CONVERT(VARCHAR(8),GETDATE(),108) AS hour_minute;
25/06/2021 17:20:54	SQL :SELECT CONVERT(VARCHAR(10),GETDATE(),103) AS date_time;
25/06/2021 17:31:02	Message:Port Check
25/06/2021 17:31:02	Message:Open DB Connection
25/06/2021 17:31:02	SQL :EXEC GetMessage '01','pramudyono hadi';
25/06/2021 17:31:02	SQL :SELECT CONVERT(VARCHAR(8),GETDATE(),108) AS hour_minute;
25/06/2021 17:31:02	SQL :SELECT CONVERT(VARCHAR(10),GETDATE(),103) AS date_time;
25/06/2021 17:31:44	Form Check :Setting
25/06/2021 17:31:44	Form Open: Setting
25/06/2021 17:31:47	Create DB Object
25/06/2021 17:31:47	Init DB
25/06/2021 17:31:47	Finish Init DB
25/06/2021 17:31:47	Port Check
25/06/2021 17:31:47	Connection Check
25/06/2021 17:31:47	Check Success
25/06/2021 17:31:48	Registry Write: 192.168.10.247,wh_prod,sa,SQLNCLI11
25/06/2021 17:31:48	Registry Read: Path=SOFTWARE\WEHA\Aplikasi\3
25/06/2021 17:31:48	Form Check :ChatClient
25/06/2021 17:31:49	Form Check :AuthorizedForm
25/06/2021 17:31:49	Form Check :RePrintForm
25/06/2021 17:31:49	Form Check :EmployeeSearch
25/06/2021 17:31:49	Form Check :TimeInputForm
25/06/2021 17:31:49	Log Out
25/06/2021 17:31:50	Form Check :Login
25/06/2021 17:31:51	Update new version check
25/06/2021 17:31:51	Open DB Connection
25/06/2021 17:31:51	SQL :
25/06/2021 17:31:51	Update check version
25/06/2021 17:31:51	Open DB Connection
25/06/2021 17:31:51	SQL :SELECT version FROM wh_application WHERE application_id=(SELECT MAX(application_id) FROM wh_application);
25/06/2021 17:31:51	Start Login
25/06/2021 17:31:51	Open DB Connection
25/06/2021 17:31:51	SQL :EXEC AuthenticateUser 'pramudyono hadi','6f2b8366efa56f0c06dd6b31fcff8a73';
25/06/2021 17:31:51	SQL :INSERT INTO wh_log (user_id,app_date,app_version,app_version_svr,location_id,company_id,department_id,host_name,ip_address)  VALUES ('pramudyono hadi','25/06/2021','6.1.3.4','6.1.3.3',6,2,13,'DESKTOP-S1PD9OD','192.168.25.214');
25/06/2021 17:31:51	Open DB Connection
25/06/2021 17:31:51	SQL :EXEC GetUserMenu 'pramudyono hadi';
25/06/2021 17:31:52	SQL :EXEC GetUserSubMenu 'pramudyono hadi','11';
25/06/2021 17:31:52	SQL :EXEC GetUserTreeMenu 'pramudyono hadi','1101',@CompanyId=2;
25/06/2021 17:31:52	SQL :EXEC GetUserTreeMenu 'pramudyono hadi','1102',@CompanyId=2;
25/06/2021 17:31:52	SQL :EXEC GetUserTreeMenu 'pramudyono hadi','1103',@CompanyId=2;
25/06/2021 17:31:52	SQL :EXEC GetUserTreeMenu 'pramudyono hadi','1104',@CompanyId=2;
25/06/2021 17:31:52	SQL :EXEC GetUserTreeMenu 'pramudyono hadi','1105',@CompanyId=2;
25/06/2021 17:31:52	SQL :EXEC GetUserTreeMenu 'pramudyono hadi','1106',@CompanyId=2;
25/06/2021 17:31:52	SQL :EXEC GetUserTreeMenu 'pramudyono hadi','1107',@CompanyId=2;
25/06/2021 17:31:52	SQL :EXEC GetUserTreeMenu 'pramudyono hadi','1108',@CompanyId=2;
25/06/2021 17:31:52	SQL :EXEC GetUserTreeMenu 'pramudyono hadi','1109',@CompanyId=2;
25/06/2021 17:31:52	SQL :EXEC GetUserTreeMenu 'pramudyono hadi','1110',@CompanyId=2;
25/06/2021 17:31:52	SQL :EXEC GetUserTreeMenu 'pramudyono hadi','1111',@CompanyId=2;
25/06/2021 17:31:52	SQL :EXEC GetUserTreeMenu 'pramudyono hadi','1112',@CompanyId=2;
25/06/2021 17:31:52	SQL :EXEC GetUserTreeMenu 'pramudyono hadi','1113',@CompanyId=2;
25/06/2021 17:31:52	SQL :EXEC GetUserTreeMenu 'pramudyono hadi','1114',@CompanyId=2;
25/06/2021 17:31:52	SQL :EXEC GetUserTreeMenu 'pramudyono hadi','1115',@CompanyId=2;
25/06/2021 17:31:52	SQL :EXEC GetUserTreeMenu 'pramudyono hadi','1116',@CompanyId=2;
25/06/2021 17:31:53	SQL :EXEC GetUserTreeMenu 'pramudyono hadi','1117',@CompanyId=2;
25/06/2021 17:31:53	SQL :EXEC GetUserTreeMenu 'pramudyono hadi','1198',@CompanyId=2;
25/06/2021 17:31:53	SQL :EXEC GetUserTreeMenu 'pramudyono hadi','1199',@CompanyId=2;
25/06/2021 17:31:53	SQL :EXEC GetUserSubMenu 'pramudyono hadi','12';
25/06/2021 17:31:53	SQL :EXEC GetUserTreeMenu 'pramudyono hadi','1201',@CompanyId=2;
25/06/2021 17:31:53	SQL :EXEC GetUserTreeMenu 'pramudyono hadi','1202',@CompanyId=2;
25/06/2021 17:31:53	SQL :EXEC GetUserTreeMenu 'pramudyono hadi','1203',@CompanyId=2;
25/06/2021 17:31:53	SQL :EXEC GetUserTreeMenu 'pramudyono hadi','1204',@CompanyId=2;
25/06/2021 17:31:53	SQL :EXEC GetUserTreeMenu 'pramudyono hadi','1205',@CompanyId=2;
25/06/2021 17:31:53	SQL :EXEC GetUserTreeMenu 'pramudyono hadi','1206',@CompanyId=2;
25/06/2021 17:31:53	SQL :EXEC GetUserTreeMenu 'pramudyono hadi','1207',@CompanyId=2;
25/06/2021 17:31:53	SQL :EXEC GetUserSubMenu 'pramudyono hadi','13';
25/06/2021 17:31:53	SQL :EXEC GetUserTreeMenu 'pramudyono hadi','1301',@CompanyId=2;
25/06/2021 17:31:53	SQL :EXEC GetUserTreeMenu 'pramudyono hadi','1302',@CompanyId=2;
25/06/2021 17:31:53	SQL :EXEC GetUserTreeMenu 'pramudyono hadi','1303',@CompanyId=2;
25/06/2021 17:31:53	SQL :EXEC GetUserTreeMenu 'pramudyono hadi','1304',@CompanyId=2;
25/06/2021 17:31:53	SQL :EXEC GetUserTreeMenu 'pramudyono hadi','1305',@CompanyId=2;
25/06/2021 17:31:53	SQL :EXEC GetUserTreeMenu 'pramudyono hadi','1306',@CompanyId=2;
25/06/2021 17:31:53	SQL :EXEC GetUserTreeMenu 'pramudyono hadi','1307',@CompanyId=2;
25/06/2021 17:31:53	SQL :EXEC GetUserTreeMenu 'pramudyono hadi','1308',@CompanyId=2;
25/06/2021 17:31:53	SQL :EXEC GetUserTreeMenu 'pramudyono hadi','1309',@CompanyId=2;
25/06/2021 17:31:53	SQL :EXEC GetUserTreeMenu 'pramudyono hadi','1310',@CompanyId=2;
25/06/2021 17:31:53	SQL :EXEC GetUserTreeMenu 'pramudyono hadi','1311',@CompanyId=2;
25/06/2021 17:31:53	SQL :EXEC GetUserTreeMenu 'pramudyono hadi','1312',@CompanyId=2;
25/06/2021 17:31:53	SQL :EXEC GetUserTreeMenu 'pramudyono hadi','1313',@CompanyId=2;
25/06/2021 17:31:53	SQL :EXEC GetUserTreeMenu 'pramudyono hadi','1314',@CompanyId=2;
25/06/2021 17:31:53	SQL :EXEC GetUserTreeMenu 'pramudyono hadi','1315',@CompanyId=2;
25/06/2021 17:31:53	SQL :EXEC GetUserTreeMenu 'pramudyono hadi','1316',@CompanyId=2;
25/06/2021 17:31:53	SQL :EXEC GetUserTreeMenu 'pramudyono hadi','1317',@CompanyId=2;
25/06/2021 17:31:54	SQL :EXEC GetUserTreeMenu 'pramudyono hadi','1318',@CompanyId=2;
25/06/2021 17:31:54	SQL :EXEC GetUserTreeMenu 'pramudyono hadi','1319',@CompanyId=2;
25/06/2021 17:31:54	SQL :EXEC GetUserTreeMenu 'pramudyono hadi','1320',@CompanyId=2;
25/06/2021 17:31:54	SQL :EXEC GetUserTreeMenu 'pramudyono hadi','1321',@CompanyId=2;
25/06/2021 17:31:54	SQL :EXEC GetUserSubMenu 'pramudyono hadi','14';
25/06/2021 17:31:54	SQL :EXEC GetUserTreeMenu 'pramudyono hadi','1401',@CompanyId=2;
25/06/2021 17:31:54	SQL :EXEC GetUserTreeMenu 'pramudyono hadi','1402',@CompanyId=2;
25/06/2021 17:31:54	SQL :EXEC GetUserTreeMenu 'pramudyono hadi','1403',@CompanyId=2;
25/06/2021 17:31:54	SQL :EXEC GetUserTreeMenu 'pramudyono hadi','1404',@CompanyId=2;
25/06/2021 17:31:54	SQL :EXEC GetUserTreeMenu 'pramudyono hadi','1406',@CompanyId=2;
25/06/2021 17:31:54	SQL :EXEC GetUserTreeMenu 'pramudyono hadi','1408',@CompanyId=2;
25/06/2021 17:31:54	SQL :EXEC GetUserTreeMenu 'pramudyono hadi','1410',@CompanyId=2;
25/06/2021 17:31:54	SQL :EXEC GetUserTreeMenu 'pramudyono hadi','1411',@CompanyId=2;
25/06/2021 17:31:54	SQL :EXEC GetUserTreeMenu 'pramudyono hadi','1412',@CompanyId=2;
25/06/2021 17:31:54	SQL :EXEC GetUserTreeMenu 'pramudyono hadi','1413',@CompanyId=2;
25/06/2021 17:31:54	SQL :EXEC GetUserTreeMenu 'pramudyono hadi','1414',@CompanyId=2;
25/06/2021 17:31:54	SQL :EXEC GetUserSubMenu 'pramudyono hadi','15';
25/06/2021 17:31:54	SQL :EXEC GetUserTreeMenu 'pramudyono hadi','1501',@CompanyId=2;
25/06/2021 17:31:54	SQL :EXEC GetUserTreeMenu 'pramudyono hadi','1502',@CompanyId=2;
25/06/2021 17:31:54	SQL :EXEC GetUserTreeMenu 'pramudyono hadi','1503',@CompanyId=2;
25/06/2021 17:31:54	SQL :EXEC GetUserTreeMenu 'pramudyono hadi','1504',@CompanyId=2;
25/06/2021 17:31:54	SQL :EXEC GetUserTreeMenu 'pramudyono hadi','1505',@CompanyId=2;
25/06/2021 17:31:54	SQL :EXEC GetUserTreeMenu 'pramudyono hadi','1506',@CompanyId=2;
25/06/2021 17:31:54	SQL :EXEC GetUserTreeMenu 'pramudyono hadi','1507',@CompanyId=2;
25/06/2021 17:31:54	SQL :EXEC GetUserTreeMenu 'pramudyono hadi','1508',@CompanyId=2;
25/06/2021 17:31:54	SQL :EXEC GetUserTreeMenu 'pramudyono hadi','1509',@CompanyId=2;
25/06/2021 17:31:54	SQL :EXEC GetUserTreeMenu 'pramudyono hadi','1510',@CompanyId=2;
25/06/2021 17:31:54	SQL :EXEC GetUserTreeMenu 'pramudyono hadi','1511',@CompanyId=2;
25/06/2021 17:31:54	SQL :EXEC GetUserSubMenu 'pramudyono hadi','16';
25/06/2021 17:31:54	SQL :EXEC GetUserTreeMenu 'pramudyono hadi','1601',@CompanyId=2;
25/06/2021 17:31:54	SQL :EXEC GetUserTreeMenu 'pramudyono hadi','1602',@CompanyId=2;
25/06/2021 17:31:54	SQL :EXEC GetUserTreeMenu 'pramudyono hadi','1603',@CompanyId=2;
25/06/2021 17:31:54	SQL :EXEC GetUserTreeMenu 'pramudyono hadi','1604',@CompanyId=2;
25/06/2021 17:31:54	SQL :EXEC GetUserTreeMenu 'pramudyono hadi','1605',@CompanyId=2;
25/06/2021 17:31:55	SQL :EXEC GetUserTreeMenu 'pramudyono hadi','1606',@CompanyId=2;
25/06/2021 17:31:55	SQL :EXEC GetUserTreeMenu 'pramudyono hadi','1607',@CompanyId=2;
25/06/2021 17:31:55	SQL :EXEC GetUserTreeMenu 'pramudyono hadi','1608',@CompanyId=2;
25/06/2021 17:31:55	SQL :EXEC GetUserTreeMenu 'pramudyono hadi','1609',@CompanyId=2;
25/06/2021 17:31:55	SQL :EXEC GetUserTreeMenu 'pramudyono hadi','1610',@CompanyId=2;
25/06/2021 17:31:55	SQL :EXEC GetUserTreeMenu 'pramudyono hadi','1611',@CompanyId=2;
25/06/2021 17:31:55	SQL :EXEC GetUserTreeMenu 'pramudyono hadi','1612',@CompanyId=2;
25/06/2021 17:31:55	SQL :EXEC GetUserTreeMenu 'pramudyono hadi','1613',@CompanyId=2;
25/06/2021 17:31:55	SQL :EXEC GetUserTreeMenu 'pramudyono hadi','1614',@CompanyId=2;
25/06/2021 17:31:55	SQL :EXEC GetUserTreeMenu 'pramudyono hadi','1615',@CompanyId=2;
25/06/2021 17:31:55	SQL :EXEC GetUserTreeMenu 'pramudyono hadi','1616',@CompanyId=2;
25/06/2021 17:31:55	SQL :EXEC GetUserTreeMenu 'pramudyono hadi','1619',@CompanyId=2;
25/06/2021 17:31:55	SQL :EXEC GetUserTreeMenu 'pramudyono hadi','1620',@CompanyId=2;
25/06/2021 17:31:55	SQL :EXEC GetUserSubMenu 'pramudyono hadi','17';
25/06/2021 17:31:55	SQL :EXEC GetUserTreeMenu 'pramudyono hadi','1701',@CompanyId=2;
25/06/2021 17:31:55	SQL :EXEC GetUserTreeMenu 'pramudyono hadi','1702',@CompanyId=2;
25/06/2021 17:31:55	SQL :EXEC GetUserTreeMenu 'pramudyono hadi','1703',@CompanyId=2;
25/06/2021 17:31:55	SQL :EXEC GetUserTreeMenu 'pramudyono hadi','1704',@CompanyId=2;
25/06/2021 17:31:55	SQL :EXEC GetUserTreeMenu 'pramudyono hadi','1705',@CompanyId=2;
25/06/2021 17:31:55	SQL :EXEC GetUserTreeMenu 'pramudyono hadi','1706',@CompanyId=2;
25/06/2021 17:31:55	SQL :EXEC GetUserTreeMenu 'pramudyono hadi','1707',@CompanyId=2;
25/06/2021 17:31:55	SQL :EXEC GetUserTreeMenu 'pramudyono hadi','1708',@CompanyId=2;
25/06/2021 17:31:55	SQL :EXEC GetUserTreeMenu 'pramudyono hadi','1709',@CompanyId=2;
25/06/2021 17:31:55	SQL :EXEC GetUserTreeMenu 'pramudyono hadi','1710',@CompanyId=2;
25/06/2021 17:31:55	SQL :EXEC GetUserTreeMenu 'pramudyono hadi','1711',@CompanyId=2;
25/06/2021 17:31:55	SQL :EXEC GetUserTreeMenu 'pramudyono hadi','1712',@CompanyId=2;
25/06/2021 17:31:55	SQL :EXEC GetUserTreeMenu 'pramudyono hadi','1713',@CompanyId=2;
25/06/2021 17:31:55	SQL :EXEC GetUserTreeMenu 'pramudyono hadi','1714',@CompanyId=2;
25/06/2021 17:31:55	SQL :EXEC GetUserTreeMenu 'pramudyono hadi','1715',@CompanyId=2;
25/06/2021 17:31:55	SQL :EXEC GetUserTreeMenu 'pramudyono hadi','1716',@CompanyId=2;
25/06/2021 17:31:55	SQL :EXEC GetUserTreeMenu 'pramudyono hadi','1717',@CompanyId=2;
25/06/2021 17:31:55	SQL :EXEC GetUserSubMenu 'pramudyono hadi','18';
25/06/2021 17:31:55	SQL :EXEC GetUserTreeMenu 'pramudyono hadi','1801',@CompanyId=2;
25/06/2021 17:31:56	SQL :EXEC GetUserSubMenu 'pramudyono hadi','19';
25/06/2021 17:31:56	SQL :EXEC GetUserTreeMenu 'pramudyono hadi','1901',@CompanyId=2;
25/06/2021 17:31:56	SQL :EXEC GetUserTreeMenu 'pramudyono hadi','1902',@CompanyId=2;
25/06/2021 17:31:56	SQL :EXEC GetUserTreeMenu 'pramudyono hadi','1903',@CompanyId=2;
25/06/2021 17:31:56	SQL :EXEC GetUserTreeMenu 'pramudyono hadi','1904',@CompanyId=2;
25/06/2021 17:31:56	SQL :EXEC GetUserTreeMenu 'pramudyono hadi','1905',@CompanyId=2;
25/06/2021 17:31:56	SQL :EXEC GetUserTreeMenu 'pramudyono hadi','1906',@CompanyId=2;
25/06/2021 17:31:56	SQL :EXEC GetUserTreeMenu 'pramudyono hadi','1907',@CompanyId=2;
25/06/2021 17:31:56	SQL :EXEC GetUserTreeMenu 'pramudyono hadi','1908',@CompanyId=2;
25/06/2021 17:31:56	SQL :EXEC GetUserTreeMenu 'pramudyono hadi','1909',@CompanyId=2;
25/06/2021 17:31:56	SQL :EXEC GetUserTreeMenu 'pramudyono hadi','1910',@CompanyId=2;
25/06/2021 17:31:56	SQL :EXEC GetUserTreeMenu 'pramudyono hadi','1911',@CompanyId=2;
25/06/2021 17:31:56	SQL :EXEC GetUserTreeMenu 'pramudyono hadi','1912',@CompanyId=2;
25/06/2021 17:31:56	SQL :SELECT CONVERT(VARCHAR(8),GETDATE(),108) AS hour_minute;
25/06/2021 17:31:56	SQL :SELECT CONVERT(VARCHAR(10),GETDATE(),103) AS date_time;
25/06/2021 17:31:56	Loading Setting
25/06/2021 17:31:56	Open DB Connection
25/06/2021 17:31:56	SQL :SELECT * FROM wh_setting WHERE setting_name='Hold_Less_Deposit';
25/06/2021 17:31:56	SQL :SELECT * FROM wh_setting WHERE setting_name='Max_Less_Deposit';
25/06/2021 17:31:56	SQL :SELECT * FROM wh_setting WHERE setting_name='Dashboard_2';
25/06/2021 17:31:56	Finish Logging
25/06/2021 17:31:56	SQL :SELECT value_string FROM wh_setting WHERE (setting_name='Interval_CheckInDate') AND (active=1);
25/06/2021 17:31:56	SQL :SELECT value_string FROM wh_setting WHERE (setting_name='Interval_CheckInTime') AND (active=1);
25/06/2021 17:31:56	SQL :SELECT value_string FROM wh_setting WHERE (setting_name='ChatEnable') and (active=1);
25/06/2021 17:31:57	Message:Port Check
25/06/2021 17:31:57	Message:Open DB Connection
25/06/2021 17:31:57	SQL :EXEC GetMessage '01','pramudyono hadi';
25/06/2021 17:31:57	SQL :SELECT CONVERT(VARCHAR(8),GETDATE(),108) AS hour_minute;
25/06/2021 17:31:57	SQL :SELECT CONVERT(VARCHAR(10),GETDATE(),103) AS date_time;
25/06/2021 17:32:00	Open Menu :131301
25/06/2021 17:32:00	Open DB Connection
25/06/2021 17:32:00	SQL :EXEC AuthMenu 'pramudyono hadi',131301;
25/06/2021 17:32:00	Form Check :CheckerOut
25/06/2021 17:32:00	Open DB Connection
25/06/2021 17:32:00	SQL :SELECT * FROM wh_setting WHERE (setting_name='PostingData_API_CompanyId_2') AND (active=1);
25/06/2021 17:32:00	Open DB Connection
25/06/2021 17:32:10	Open DB Connection
25/06/2021 17:32:10	SQL :EXEC GetSJDetail 'SJBRB21061350';
28/06/2021 09:49:27	Get Local Settings
28/06/2021 09:49:27	Start Change Local Settings
28/06/2021 09:49:27	Change short date format
28/06/2021 09:49:27	Change Long date format
28/06/2021 09:49:27	Finish Change Local Settings
28/06/2021 09:49:27	Registry Read: Path=SOFTWARE\WEHA\Aplikasi\3
28/06/2021 09:49:27	Registry Read/Write
28/06/2021 09:49:27	Registry Read: Path=SOFTWARE\WEHA\Aplikasi\3
28/06/2021 09:49:27	Create DB Object
28/06/2021 09:49:27	Init DB
28/06/2021 09:49:27	Finish Init DB
28/06/2021 09:49:27	Get File Version
28/06/2021 09:49:27	Change  Caption
28/06/2021 09:49:27	Init Shortkey
28/06/2021 09:49:28	Create DB Object
28/06/2021 09:49:28	Init DB
28/06/2021 09:49:28	Finish Init DB
28/06/2021 09:49:29	Update new version check
28/06/2021 09:49:29	Open DB Connection
28/06/2021 09:49:30	SQL :
28/06/2021 09:49:30	Update check version
28/06/2021 09:49:30	Open DB Connection
28/06/2021 09:49:30	SQL :SELECT version FROM wh_application WHERE application_id=(SELECT MAX(application_id) FROM wh_application);
28/06/2021 09:49:30	Start Login
28/06/2021 09:49:30	Open DB Connection
28/06/2021 09:49:30	SQL :EXEC AuthenticateUser 'pramudyono hadi','6f2b8366efa56f0c06dd6b31fcff8a73';
28/06/2021 09:49:30	SQL :INSERT INTO wh_log (user_id,app_date,app_version,app_version_svr,location_id,company_id,department_id,host_name,ip_address)  VALUES ('pramudyono hadi','28/06/2021','6.1.3.4','6.1.3.3',6,2,13,'DESKTOP-S1PD9OD','192.168.25.214');
28/06/2021 09:49:30	Open DB Connection
28/06/2021 09:49:30	SQL :EXEC GetUserMenu 'pramudyono hadi';
28/06/2021 09:49:30	SQL :EXEC GetUserSubMenu 'pramudyono hadi','11';
28/06/2021 09:49:30	SQL :EXEC GetUserTreeMenu 'pramudyono hadi','1101',@CompanyId=2;
28/06/2021 09:49:30	SQL :EXEC GetUserTreeMenu 'pramudyono hadi','1102',@CompanyId=2;
28/06/2021 09:49:30	SQL :EXEC GetUserTreeMenu 'pramudyono hadi','1103',@CompanyId=2;
28/06/2021 09:49:30	SQL :EXEC GetUserTreeMenu 'pramudyono hadi','1104',@CompanyId=2;
28/06/2021 09:49:30	SQL :EXEC GetUserTreeMenu 'pramudyono hadi','1105',@CompanyId=2;
28/06/2021 09:49:30	SQL :EXEC GetUserTreeMenu 'pramudyono hadi','1106',@CompanyId=2;
28/06/2021 09:49:30	SQL :EXEC GetUserTreeMenu 'pramudyono hadi','1107',@CompanyId=2;
28/06/2021 09:49:30	SQL :EXEC GetUserTreeMenu 'pramudyono hadi','1108',@CompanyId=2;
28/06/2021 09:49:30	SQL :EXEC GetUserTreeMenu 'pramudyono hadi','1109',@CompanyId=2;
28/06/2021 09:49:31	SQL :EXEC GetUserTreeMenu 'pramudyono hadi','1110',@CompanyId=2;
28/06/2021 09:49:31	SQL :EXEC GetUserTreeMenu 'pramudyono hadi','1111',@CompanyId=2;
28/06/2021 09:49:31	SQL :EXEC GetUserTreeMenu 'pramudyono hadi','1112',@CompanyId=2;
28/06/2021 09:49:31	SQL :EXEC GetUserTreeMenu 'pramudyono hadi','1113',@CompanyId=2;
28/06/2021 09:49:31	SQL :EXEC GetUserTreeMenu 'pramudyono hadi','1114',@CompanyId=2;
28/06/2021 09:49:31	SQL :EXEC GetUserTreeMenu 'pramudyono hadi','1115',@CompanyId=2;
28/06/2021 09:49:31	SQL :EXEC GetUserTreeMenu 'pramudyono hadi','1116',@CompanyId=2;
28/06/2021 09:49:31	SQL :EXEC GetUserTreeMenu 'pramudyono hadi','1117',@CompanyId=2;
28/06/2021 09:49:31	SQL :EXEC GetUserTreeMenu 'pramudyono hadi','1198',@CompanyId=2;
28/06/2021 09:49:31	SQL :EXEC GetUserTreeMenu 'pramudyono hadi','1199',@CompanyId=2;
28/06/2021 09:49:31	SQL :EXEC GetUserSubMenu 'pramudyono hadi','12';
28/06/2021 09:49:31	SQL :EXEC GetUserTreeMenu 'pramudyono hadi','1201',@CompanyId=2;
28/06/2021 09:49:31	SQL :EXEC GetUserTreeMenu 'pramudyono hadi','1202',@CompanyId=2;
28/06/2021 09:49:31	SQL :EXEC GetUserTreeMenu 'pramudyono hadi','1203',@CompanyId=2;
28/06/2021 09:49:31	SQL :EXEC GetUserTreeMenu 'pramudyono hadi','1204',@CompanyId=2;
28/06/2021 09:49:31	SQL :EXEC GetUserTreeMenu 'pramudyono hadi','1205',@CompanyId=2;
28/06/2021 09:49:31	SQL :EXEC GetUserTreeMenu 'pramudyono hadi','1206',@CompanyId=2;
28/06/2021 09:49:31	SQL :EXEC GetUserTreeMenu 'pramudyono hadi','1207',@CompanyId=2;
28/06/2021 09:49:31	SQL :EXEC GetUserSubMenu 'pramudyono hadi','13';
28/06/2021 09:49:31	SQL :EXEC GetUserTreeMenu 'pramudyono hadi','1301',@CompanyId=2;
28/06/2021 09:49:31	SQL :EXEC GetUserTreeMenu 'pramudyono hadi','1302',@CompanyId=2;
28/06/2021 09:49:31	SQL :EXEC GetUserTreeMenu 'pramudyono hadi','1303',@CompanyId=2;
28/06/2021 09:49:31	SQL :EXEC GetUserTreeMenu 'pramudyono hadi','1304',@CompanyId=2;
28/06/2021 09:49:31	SQL :EXEC GetUserTreeMenu 'pramudyono hadi','1305',@CompanyId=2;
28/06/2021 09:49:31	SQL :EXEC GetUserTreeMenu 'pramudyono hadi','1306',@CompanyId=2;
28/06/2021 09:49:31	SQL :EXEC GetUserTreeMenu 'pramudyono hadi','1307',@CompanyId=2;
28/06/2021 09:49:31	SQL :EXEC GetUserTreeMenu 'pramudyono hadi','1308',@CompanyId=2;
28/06/2021 09:49:31	SQL :EXEC GetUserTreeMenu 'pramudyono hadi','1309',@CompanyId=2;
28/06/2021 09:49:31	SQL :EXEC GetUserTreeMenu 'pramudyono hadi','1310',@CompanyId=2;
28/06/2021 09:49:31	SQL :EXEC GetUserTreeMenu 'pramudyono hadi','1311',@CompanyId=2;
28/06/2021 09:49:32	SQL :EXEC GetUserTreeMenu 'pramudyono hadi','1312',@CompanyId=2;
28/06/2021 09:49:32	SQL :EXEC GetUserTreeMenu 'pramudyono hadi','1313',@CompanyId=2;
28/06/2021 09:49:32	SQL :EXEC GetUserTreeMenu 'pramudyono hadi','1314',@CompanyId=2;
28/06/2021 09:49:32	SQL :EXEC GetUserTreeMenu 'pramudyono hadi','1315',@CompanyId=2;
28/06/2021 09:49:32	SQL :EXEC GetUserTreeMenu 'pramudyono hadi','1316',@CompanyId=2;
28/06/2021 09:49:32	SQL :EXEC GetUserTreeMenu 'pramudyono hadi','1317',@CompanyId=2;
28/06/2021 09:49:32	SQL :EXEC GetUserTreeMenu 'pramudyono hadi','1318',@CompanyId=2;
28/06/2021 09:49:32	SQL :EXEC GetUserTreeMenu 'pramudyono hadi','1319',@CompanyId=2;
28/06/2021 09:49:32	SQL :EXEC GetUserTreeMenu 'pramudyono hadi','1320',@CompanyId=2;
28/06/2021 09:49:32	SQL :EXEC GetUserTreeMenu 'pramudyono hadi','1321',@CompanyId=2;
28/06/2021 09:49:32	SQL :EXEC GetUserSubMenu 'pramudyono hadi','14';
28/06/2021 09:49:32	SQL :EXEC GetUserTreeMenu 'pramudyono hadi','1401',@CompanyId=2;
28/06/2021 09:49:32	SQL :EXEC GetUserTreeMenu 'pramudyono hadi','1402',@CompanyId=2;
28/06/2021 09:49:32	SQL :EXEC GetUserTreeMenu 'pramudyono hadi','1403',@CompanyId=2;
28/06/2021 09:49:32	SQL :EXEC GetUserTreeMenu 'pramudyono hadi','1404',@CompanyId=2;
28/06/2021 09:49:32	SQL :EXEC GetUserTreeMenu 'pramudyono hadi','1406',@CompanyId=2;
28/06/2021 09:49:32	SQL :EXEC GetUserTreeMenu 'pramudyono hadi','1408',@CompanyId=2;
28/06/2021 09:49:32	SQL :EXEC GetUserTreeMenu 'pramudyono hadi','1410',@CompanyId=2;
28/06/2021 09:49:32	SQL :EXEC GetUserTreeMenu 'pramudyono hadi','1411',@CompanyId=2;
28/06/2021 09:49:32	SQL :EXEC GetUserTreeMenu 'pramudyono hadi','1412',@CompanyId=2;
28/06/2021 09:49:32	SQL :EXEC GetUserTreeMenu 'pramudyono hadi','1413',@CompanyId=2;
28/06/2021 09:49:32	SQL :EXEC GetUserTreeMenu 'pramudyono hadi','1414',@CompanyId=2;
28/06/2021 09:49:32	SQL :EXEC GetUserSubMenu 'pramudyono hadi','15';
28/06/2021 09:49:32	SQL :EXEC GetUserTreeMenu 'pramudyono hadi','1501',@CompanyId=2;
28/06/2021 09:49:32	SQL :EXEC GetUserTreeMenu 'pramudyono hadi','1502',@CompanyId=2;
28/06/2021 09:49:32	SQL :EXEC GetUserTreeMenu 'pramudyono hadi','1503',@CompanyId=2;
28/06/2021 09:49:32	SQL :EXEC GetUserTreeMenu 'pramudyono hadi','1504',@CompanyId=2;
28/06/2021 09:49:32	SQL :EXEC GetUserTreeMenu 'pramudyono hadi','1505',@CompanyId=2;
28/06/2021 09:49:32	SQL :EXEC GetUserTreeMenu 'pramudyono hadi','1506',@CompanyId=2;
28/06/2021 09:49:33	SQL :EXEC GetUserTreeMenu 'pramudyono hadi','1507',@CompanyId=2;
28/06/2021 09:49:33	SQL :EXEC GetUserTreeMenu 'pramudyono hadi','1508',@CompanyId=2;
28/06/2021 09:49:33	SQL :EXEC GetUserTreeMenu 'pramudyono hadi','1509',@CompanyId=2;
28/06/2021 09:49:33	SQL :EXEC GetUserTreeMenu 'pramudyono hadi','1510',@CompanyId=2;
28/06/2021 09:49:33	SQL :EXEC GetUserTreeMenu 'pramudyono hadi','1511',@CompanyId=2;
28/06/2021 09:49:33	SQL :EXEC GetUserSubMenu 'pramudyono hadi','16';
28/06/2021 09:49:33	SQL :EXEC GetUserTreeMenu 'pramudyono hadi','1601',@CompanyId=2;
28/06/2021 09:49:33	SQL :EXEC GetUserTreeMenu 'pramudyono hadi','1602',@CompanyId=2;
28/06/2021 09:49:33	SQL :EXEC GetUserTreeMenu 'pramudyono hadi','1603',@CompanyId=2;
28/06/2021 09:49:33	SQL :EXEC GetUserTreeMenu 'pramudyono hadi','1604',@CompanyId=2;
28/06/2021 09:49:33	SQL :EXEC GetUserTreeMenu 'pramudyono hadi','1605',@CompanyId=2;
28/06/2021 09:49:33	SQL :EXEC GetUserTreeMenu 'pramudyono hadi','1606',@CompanyId=2;
28/06/2021 09:49:33	SQL :EXEC GetUserTreeMenu 'pramudyono hadi','1607',@CompanyId=2;
28/06/2021 09:49:33	SQL :EXEC GetUserTreeMenu 'pramudyono hadi','1608',@CompanyId=2;
28/06/2021 09:49:33	SQL :EXEC GetUserTreeMenu 'pramudyono hadi','1609',@CompanyId=2;
28/06/2021 09:49:33	SQL :EXEC GetUserTreeMenu 'pramudyono hadi','1610',@CompanyId=2;
28/06/2021 09:49:33	SQL :EXEC GetUserTreeMenu 'pramudyono hadi','1611',@CompanyId=2;
28/06/2021 09:49:33	SQL :EXEC GetUserTreeMenu 'pramudyono hadi','1612',@CompanyId=2;
28/06/2021 09:49:33	SQL :EXEC GetUserTreeMenu 'pramudyono hadi','1613',@CompanyId=2;
28/06/2021 09:49:34	SQL :EXEC GetUserTreeMenu 'pramudyono hadi','1614',@CompanyId=2;
28/06/2021 09:49:34	SQL :EXEC GetUserTreeMenu 'pramudyono hadi','1615',@CompanyId=2;
28/06/2021 09:49:34	SQL :EXEC GetUserTreeMenu 'pramudyono hadi','1616',@CompanyId=2;
28/06/2021 09:49:34	SQL :EXEC GetUserTreeMenu 'pramudyono hadi','1619',@CompanyId=2;
28/06/2021 09:49:34	SQL :EXEC GetUserTreeMenu 'pramudyono hadi','1620',@CompanyId=2;
28/06/2021 09:49:34	SQL :EXEC GetUserSubMenu 'pramudyono hadi','17';
28/06/2021 09:49:34	SQL :EXEC GetUserTreeMenu 'pramudyono hadi','1701',@CompanyId=2;
28/06/2021 09:49:34	SQL :EXEC GetUserTreeMenu 'pramudyono hadi','1702',@CompanyId=2;
28/06/2021 09:49:34	SQL :EXEC GetUserTreeMenu 'pramudyono hadi','1703',@CompanyId=2;
28/06/2021 09:49:34	SQL :EXEC GetUserTreeMenu 'pramudyono hadi','1704',@CompanyId=2;
28/06/2021 09:49:34	SQL :EXEC GetUserTreeMenu 'pramudyono hadi','1705',@CompanyId=2;
28/06/2021 09:49:34	SQL :EXEC GetUserTreeMenu 'pramudyono hadi','1706',@CompanyId=2;
28/06/2021 09:49:34	SQL :EXEC GetUserTreeMenu 'pramudyono hadi','1707',@CompanyId=2;
28/06/2021 09:49:34	SQL :EXEC GetUserTreeMenu 'pramudyono hadi','1708',@CompanyId=2;
28/06/2021 09:49:34	SQL :EXEC GetUserTreeMenu 'pramudyono hadi','1709',@CompanyId=2;
28/06/2021 09:49:34	SQL :EXEC GetUserTreeMenu 'pramudyono hadi','1710',@CompanyId=2;
28/06/2021 09:49:34	SQL :EXEC GetUserTreeMenu 'pramudyono hadi','1711',@CompanyId=2;
28/06/2021 09:49:34	SQL :EXEC GetUserTreeMenu 'pramudyono hadi','1712',@CompanyId=2;
28/06/2021 09:49:34	SQL :EXEC GetUserTreeMenu 'pramudyono hadi','1713',@CompanyId=2;
28/06/2021 09:49:34	SQL :EXEC GetUserTreeMenu 'pramudyono hadi','1714',@CompanyId=2;
28/06/2021 09:49:34	SQL :EXEC GetUserTreeMenu 'pramudyono hadi','1715',@CompanyId=2;
28/06/2021 09:49:34	SQL :EXEC GetUserTreeMenu 'pramudyono hadi','1716',@CompanyId=2;
28/06/2021 09:49:34	SQL :EXEC GetUserTreeMenu 'pramudyono hadi','1717',@CompanyId=2;
28/06/2021 09:49:34	SQL :EXEC GetUserSubMenu 'pramudyono hadi','18';
28/06/2021 09:49:34	SQL :EXEC GetUserTreeMenu 'pramudyono hadi','1801',@CompanyId=2;
28/06/2021 09:49:34	SQL :EXEC GetUserSubMenu 'pramudyono hadi','19';
28/06/2021 09:49:34	SQL :EXEC GetUserTreeMenu 'pramudyono hadi','1901',@CompanyId=2;
28/06/2021 09:49:35	SQL :EXEC GetUserTreeMenu 'pramudyono hadi','1902',@CompanyId=2;
28/06/2021 09:49:35	SQL :EXEC GetUserTreeMenu 'pramudyono hadi','1903',@CompanyId=2;
28/06/2021 09:49:35	SQL :EXEC GetUserTreeMenu 'pramudyono hadi','1904',@CompanyId=2;
28/06/2021 09:49:35	SQL :EXEC GetUserTreeMenu 'pramudyono hadi','1905',@CompanyId=2;
28/06/2021 09:49:35	SQL :EXEC GetUserTreeMenu 'pramudyono hadi','1906',@CompanyId=2;
28/06/2021 09:49:35	SQL :EXEC GetUserTreeMenu 'pramudyono hadi','1907',@CompanyId=2;
28/06/2021 09:49:35	SQL :EXEC GetUserTreeMenu 'pramudyono hadi','1908',@CompanyId=2;
28/06/2021 09:49:35	SQL :EXEC GetUserTreeMenu 'pramudyono hadi','1909',@CompanyId=2;
28/06/2021 09:49:35	SQL :EXEC GetUserTreeMenu 'pramudyono hadi','1910',@CompanyId=2;
28/06/2021 09:49:35	SQL :EXEC GetUserTreeMenu 'pramudyono hadi','1911',@CompanyId=2;
28/06/2021 09:49:35	SQL :EXEC GetUserTreeMenu 'pramudyono hadi','1912',@CompanyId=2;
28/06/2021 09:49:35	SQL :SELECT CONVERT(VARCHAR(8),GETDATE(),108) AS hour_minute;
28/06/2021 09:49:35	SQL :SELECT CONVERT(VARCHAR(10),GETDATE(),103) AS date_time;
28/06/2021 09:49:35	Loading Setting
28/06/2021 09:49:35	Open DB Connection
28/06/2021 09:49:35	SQL :SELECT * FROM wh_setting WHERE setting_name='Hold_Less_Deposit';
28/06/2021 09:49:35	SQL :SELECT * FROM wh_setting WHERE setting_name='Max_Less_Deposit';
28/06/2021 09:49:35	SQL :SELECT * FROM wh_setting WHERE setting_name='Dashboard_2';
28/06/2021 09:49:35	Finish Logging
28/06/2021 09:49:35	SQL :SELECT value_string FROM wh_setting WHERE (setting_name='Interval_CheckInDate') AND (active=1);
28/06/2021 09:49:35	SQL :SELECT value_string FROM wh_setting WHERE (setting_name='Interval_CheckInTime') AND (active=1);
28/06/2021 09:49:35	SQL :SELECT value_string FROM wh_setting WHERE (setting_name='ChatEnable') and (active=1);
28/06/2021 09:49:36	Message:Port Check
28/06/2021 09:49:36	Message:Open DB Connection
28/06/2021 09:49:36	SQL :EXEC GetMessage '01','pramudyono hadi';
28/06/2021 09:49:36	SQL :SELECT CONVERT(VARCHAR(8),GETDATE(),108) AS hour_minute;
28/06/2021 09:49:36	SQL :SELECT CONVERT(VARCHAR(10),GETDATE(),103) AS date_time;
28/06/2021 09:50:09	Open Menu :190505
28/06/2021 09:50:09	Open DB Connection
28/06/2021 09:50:09	SQL :EXEC AuthMenu 'pramudyono hadi',190505;
28/06/2021 09:50:09	Form Check :DailyOrderFeeRpt
28/06/2021 09:50:09	Open DB Connection
28/06/2021 09:50:09	SQL :EXEC GetCompanyLocationList
28/06/2021 09:50:42	Form Check :Setting
28/06/2021 09:50:42	Form Open: Setting
28/06/2021 10:00:30	Message:Port Check
28/06/2021 10:00:30	Message:Open DB Connection
28/06/2021 10:00:30	SQL :EXEC GetMessage '01','pramudyono hadi';
28/06/2021 10:00:30	SQL :SELECT CONVERT(VARCHAR(8),GETDATE(),108) AS hour_minute;
28/06/2021 10:00:31	SQL :SELECT CONVERT(VARCHAR(10),GETDATE(),103) AS date_time;
28/06/2021 10:10:37	Message:Port Check
28/06/2021 10:10:37	Message:Open DB Connection
28/06/2021 10:10:37	SQL :EXEC GetMessage '01','pramudyono hadi';
28/06/2021 10:10:37	SQL :SELECT CONVERT(VARCHAR(8),GETDATE(),108) AS hour_minute;
28/06/2021 10:10:37	SQL :SELECT CONVERT(VARCHAR(10),GETDATE(),103) AS date_time;
28/06/2021 10:20:43	Message:Port Check
28/06/2021 10:20:43	Message:Open DB Connection
28/06/2021 10:20:43	SQL :EXEC GetMessage '01','pramudyono hadi';
28/06/2021 10:20:43	SQL :SELECT CONVERT(VARCHAR(8),GETDATE(),108) AS hour_minute;
28/06/2021 10:20:43	SQL :SELECT CONVERT(VARCHAR(10),GETDATE(),103) AS date_time;
28/06/2021 10:30:49	Message:Port Check
28/06/2021 10:30:49	Message:Open DB Connection
28/06/2021 10:30:49	SQL :EXEC GetMessage '01','pramudyono hadi';
28/06/2021 10:30:49	SQL :SELECT CONVERT(VARCHAR(8),GETDATE(),108) AS hour_minute;
28/06/2021 10:30:49	SQL :SELECT CONVERT(VARCHAR(10),GETDATE(),103) AS date_time;
28/06/2021 10:40:55	Message:Port Check
28/06/2021 10:40:55	Message:Open DB Connection
28/06/2021 10:40:55	SQL :EXEC GetMessage '01','pramudyono hadi';
28/06/2021 10:40:55	SQL :SELECT CONVERT(VARCHAR(8),GETDATE(),108) AS hour_minute;
28/06/2021 10:40:55	SQL :SELECT CONVERT(VARCHAR(10),GETDATE(),103) AS date_time;
28/06/2021 10:45:05	Open Menu :130806
28/06/2021 10:45:05	Open DB Connection
28/06/2021 10:45:05	SQL :EXEC AuthMenu 'pramudyono hadi',130806;
28/06/2021 10:45:05	Form Open: OrderForm=,-1,,0
28/06/2021 10:45:05	Open DB Connection
28/06/2021 10:45:05	SQL :EXEC GetProductPriceList 2,@LocationId=6,@ContractId='';
28/06/2021 10:45:05	Open DB Connection
28/06/2021 10:45:05	SQL :EXEC GetOrderServiceType;
28/06/2021 10:45:05	SQL :EXEC GetTransactionType 'Order';
28/06/2021 10:45:05	Open DB Connection
28/06/2021 10:45:05	SQL :SELECT dbo.GetUsername('pramudyono hadi') AS sales UNION ALL SELECT dbo.GetUsername(username) AS sales FROM wh_user a LEFT JOIN wh_user_detail b ON b.user_id=a.username LEFT JOIN wh_company_location c ON c.company_location_id=a.company_location_id WHERE (b.department_id=14) AND (c.location_id='6');
28/06/2021 10:45:05	SQL :SELECT dbo.GetUsername('pramudyono hadi') AS sales;
28/06/2021 10:45:05	Open DB Connection
28/06/2021 10:45:05	SQL :SELECT value_string FROM wh_setting WHERE setting_name='Auto_Schedule';
28/06/2021 10:45:05	SQL :SELECT value_string FROM wh_setting WHERE setting_name='Confirmation_Form_Line_CompanyId_2';
28/06/2021 10:45:05	SQL :SELECT value_string FROM wh_setting WHERE setting_name='Waiting_List_Enabled_2';
28/06/2021 10:53:50	Get Local Settings
28/06/2021 10:53:50	Start Change Local Settings
28/06/2021 10:53:50	Change short date format
28/06/2021 10:53:50	Change Long date format
28/06/2021 10:53:50	Finish Change Local Settings
28/06/2021 10:53:50	Registry Read: Path=SOFTWARE\WEHA\Aplikasi\3
28/06/2021 10:53:50	Registry Read/Write
28/06/2021 10:53:50	Registry Read: Path=SOFTWARE\WEHA\Aplikasi\3
28/06/2021 10:53:50	Create DB Object
28/06/2021 10:53:50	Init DB
28/06/2021 10:53:50	Finish Init DB
28/06/2021 10:53:50	Get File Version
28/06/2021 10:53:50	Change  Caption
28/06/2021 10:53:50	Init Shortkey
28/06/2021 10:55:12	Get Local Settings
28/06/2021 10:55:12	Start Change Local Settings
28/06/2021 10:55:12	Change short date format
28/06/2021 10:55:12	Change Long date format
28/06/2021 10:55:12	Finish Change Local Settings
28/06/2021 10:55:12	Registry Read: Path=SOFTWARE\WEHA\Aplikasi\3
28/06/2021 10:55:12	Registry Read/Write
28/06/2021 10:55:12	Registry Read: Path=SOFTWARE\WEHA\Aplikasi\3
28/06/2021 10:55:12	Create DB Object
28/06/2021 10:55:12	Init DB
28/06/2021 10:55:12	Finish Init DB
28/06/2021 10:55:12	Get File Version
28/06/2021 10:55:12	Change  Caption
28/06/2021 10:55:12	Init Shortkey
28/06/2021 10:55:14	Create DB Object
28/06/2021 10:55:14	Init DB
28/06/2021 10:55:14	Finish Init DB
28/06/2021 10:55:16	Update new version check
28/06/2021 10:55:16	Open DB Connection
28/06/2021 10:55:16	SQL :
28/06/2021 10:55:16	Update check version
28/06/2021 10:55:16	Open DB Connection
28/06/2021 10:55:16	SQL :SELECT version FROM wh_application WHERE application_id=(SELECT MAX(application_id) FROM wh_application);
28/06/2021 10:55:16	Start Login
28/06/2021 10:55:16	Open DB Connection
28/06/2021 10:55:16	SQL :EXEC AuthenticateUser 'pramudyono hadi','6f2b8366efa56f0c06dd6b31fcff8a73';
28/06/2021 10:55:16	SQL :INSERT INTO wh_log (user_id,app_date,app_version,app_version_svr,location_id,company_id,department_id,host_name,ip_address)  VALUES ('pramudyono hadi','28/06/2021','6.1.3.4','6.1.3.3',6,2,13,'DESKTOP-S1PD9OD','192.168.25.214');
28/06/2021 10:55:16	Open DB Connection
28/06/2021 10:55:16	SQL :EXEC GetUserMenu 'pramudyono hadi';
28/06/2021 10:55:16	SQL :EXEC GetUserSubMenu 'pramudyono hadi','11';
28/06/2021 10:55:16	SQL :EXEC GetUserTreeMenu 'pramudyono hadi','1101',@CompanyId=2;
28/06/2021 10:55:16	SQL :EXEC GetUserTreeMenu 'pramudyono hadi','1102',@CompanyId=2;
28/06/2021 10:55:16	SQL :EXEC GetUserTreeMenu 'pramudyono hadi','1103',@CompanyId=2;
28/06/2021 10:55:16	SQL :EXEC GetUserTreeMenu 'pramudyono hadi','1104',@CompanyId=2;
28/06/2021 10:55:16	SQL :EXEC GetUserTreeMenu 'pramudyono hadi','1105',@CompanyId=2;
28/06/2021 10:55:16	SQL :EXEC GetUserTreeMenu 'pramudyono hadi','1106',@CompanyId=2;
28/06/2021 10:55:16	SQL :EXEC GetUserTreeMenu 'pramudyono hadi','1107',@CompanyId=2;
28/06/2021 10:55:16	SQL :EXEC GetUserTreeMenu 'pramudyono hadi','1108',@CompanyId=2;
28/06/2021 10:55:16	SQL :EXEC GetUserTreeMenu 'pramudyono hadi','1109',@CompanyId=2;
28/06/2021 10:55:16	SQL :EXEC GetUserTreeMenu 'pramudyono hadi','1110',@CompanyId=2;
28/06/2021 10:55:16	SQL :EXEC GetUserTreeMenu 'pramudyono hadi','1111',@CompanyId=2;
28/06/2021 10:55:16	SQL :EXEC GetUserTreeMenu 'pramudyono hadi','1112',@CompanyId=2;
28/06/2021 10:55:16	SQL :EXEC GetUserTreeMenu 'pramudyono hadi','1113',@CompanyId=2;
28/06/2021 10:55:16	SQL :EXEC GetUserTreeMenu 'pramudyono hadi','1114',@CompanyId=2;
28/06/2021 10:55:16	SQL :EXEC GetUserTreeMenu 'pramudyono hadi','1115',@CompanyId=2;
28/06/2021 10:55:16	SQL :EXEC GetUserTreeMenu 'pramudyono hadi','1116',@CompanyId=2;
28/06/2021 10:55:16	SQL :EXEC GetUserTreeMenu 'pramudyono hadi','1117',@CompanyId=2;
28/06/2021 10:55:16	SQL :EXEC GetUserTreeMenu 'pramudyono hadi','1198',@CompanyId=2;
28/06/2021 10:55:16	SQL :EXEC GetUserTreeMenu 'pramudyono hadi','1199',@CompanyId=2;
28/06/2021 10:55:17	SQL :EXEC GetUserSubMenu 'pramudyono hadi','12';
28/06/2021 10:55:17	SQL :EXEC GetUserTreeMenu 'pramudyono hadi','1201',@CompanyId=2;
28/06/2021 10:55:17	SQL :EXEC GetUserTreeMenu 'pramudyono hadi','1202',@CompanyId=2;
28/06/2021 10:55:17	SQL :EXEC GetUserTreeMenu 'pramudyono hadi','1203',@CompanyId=2;
28/06/2021 10:55:17	SQL :EXEC GetUserTreeMenu 'pramudyono hadi','1204',@CompanyId=2;
28/06/2021 10:55:17	SQL :EXEC GetUserTreeMenu 'pramudyono hadi','1205',@CompanyId=2;
28/06/2021 10:55:17	SQL :EXEC GetUserTreeMenu 'pramudyono hadi','1206',@CompanyId=2;
28/06/2021 10:55:17	SQL :EXEC GetUserTreeMenu 'pramudyono hadi','1207',@CompanyId=2;
28/06/2021 10:55:17	SQL :EXEC GetUserSubMenu 'pramudyono hadi','13';
28/06/2021 10:55:17	SQL :EXEC GetUserTreeMenu 'pramudyono hadi','1301',@CompanyId=2;
28/06/2021 10:55:17	SQL :EXEC GetUserTreeMenu 'pramudyono hadi','1302',@CompanyId=2;
28/06/2021 10:55:17	SQL :EXEC GetUserTreeMenu 'pramudyono hadi','1303',@CompanyId=2;
28/06/2021 10:55:17	SQL :EXEC GetUserTreeMenu 'pramudyono hadi','1304',@CompanyId=2;
28/06/2021 10:55:17	SQL :EXEC GetUserTreeMenu 'pramudyono hadi','1305',@CompanyId=2;
28/06/2021 10:55:17	SQL :EXEC GetUserTreeMenu 'pramudyono hadi','1306',@CompanyId=2;
28/06/2021 10:55:17	SQL :EXEC GetUserTreeMenu 'pramudyono hadi','1307',@CompanyId=2;
28/06/2021 10:55:17	SQL :EXEC GetUserTreeMenu 'pramudyono hadi','1308',@CompanyId=2;
28/06/2021 10:55:17	SQL :EXEC GetUserTreeMenu 'pramudyono hadi','1309',@CompanyId=2;
28/06/2021 10:55:17	SQL :EXEC GetUserTreeMenu 'pramudyono hadi','1310',@CompanyId=2;
28/06/2021 10:55:17	SQL :EXEC GetUserTreeMenu 'pramudyono hadi','1311',@CompanyId=2;
28/06/2021 10:55:17	SQL :EXEC GetUserTreeMenu 'pramudyono hadi','1312',@CompanyId=2;
28/06/2021 10:55:17	SQL :EXEC GetUserTreeMenu 'pramudyono hadi','1313',@CompanyId=2;
28/06/2021 10:55:17	SQL :EXEC GetUserTreeMenu 'pramudyono hadi','1314',@CompanyId=2;
28/06/2021 10:55:17	SQL :EXEC GetUserTreeMenu 'pramudyono hadi','1315',@CompanyId=2;
28/06/2021 10:55:17	SQL :EXEC GetUserTreeMenu 'pramudyono hadi','1316',@CompanyId=2;
28/06/2021 10:55:17	SQL :EXEC GetUserTreeMenu 'pramudyono hadi','1317',@CompanyId=2;
28/06/2021 10:55:17	SQL :EXEC GetUserTreeMenu 'pramudyono hadi','1318',@CompanyId=2;
28/06/2021 10:55:17	SQL :EXEC GetUserTreeMenu 'pramudyono hadi','1319',@CompanyId=2;
28/06/2021 10:55:17	SQL :EXEC GetUserTreeMenu 'pramudyono hadi','1320',@CompanyId=2;
28/06/2021 10:55:17	SQL :EXEC GetUserTreeMenu 'pramudyono hadi','1321',@CompanyId=2;
28/06/2021 10:55:17	SQL :EXEC GetUserSubMenu 'pramudyono hadi','14';
28/06/2021 10:55:17	SQL :EXEC GetUserTreeMenu 'pramudyono hadi','1401',@CompanyId=2;
28/06/2021 10:55:17	SQL :EXEC GetUserTreeMenu 'pramudyono hadi','1402',@CompanyId=2;
28/06/2021 10:55:17	SQL :EXEC GetUserTreeMenu 'pramudyono hadi','1403',@CompanyId=2;
28/06/2021 10:55:17	SQL :EXEC GetUserTreeMenu 'pramudyono hadi','1404',@CompanyId=2;
28/06/2021 10:55:17	SQL :EXEC GetUserTreeMenu 'pramudyono hadi','1406',@CompanyId=2;
28/06/2021 10:55:17	SQL :EXEC GetUserTreeMenu 'pramudyono hadi','1408',@CompanyId=2;
28/06/2021 10:55:17	SQL :EXEC GetUserTreeMenu 'pramudyono hadi','1410',@CompanyId=2;
28/06/2021 10:55:17	SQL :EXEC GetUserTreeMenu 'pramudyono hadi','1411',@CompanyId=2;
28/06/2021 10:55:17	SQL :EXEC GetUserTreeMenu 'pramudyono hadi','1412',@CompanyId=2;
28/06/2021 10:55:17	SQL :EXEC GetUserTreeMenu 'pramudyono hadi','1413',@CompanyId=2;
28/06/2021 10:55:17	SQL :EXEC GetUserTreeMenu 'pramudyono hadi','1414',@CompanyId=2;
28/06/2021 10:55:17	SQL :EXEC GetUserSubMenu 'pramudyono hadi','15';
28/06/2021 10:55:17	SQL :EXEC GetUserTreeMenu 'pramudyono hadi','1501',@CompanyId=2;
28/06/2021 10:55:17	SQL :EXEC GetUserTreeMenu 'pramudyono hadi','1502',@CompanyId=2;
28/06/2021 10:55:17	SQL :EXEC GetUserTreeMenu 'pramudyono hadi','1503',@CompanyId=2;
28/06/2021 10:55:17	SQL :EXEC GetUserTreeMenu 'pramudyono hadi','1504',@CompanyId=2;
28/06/2021 10:55:17	SQL :EXEC GetUserTreeMenu 'pramudyono hadi','1505',@CompanyId=2;
28/06/2021 10:55:17	SQL :EXEC GetUserTreeMenu 'pramudyono hadi','1506',@CompanyId=2;
28/06/2021 10:55:17	SQL :EXEC GetUserTreeMenu 'pramudyono hadi','1507',@CompanyId=2;
28/06/2021 10:55:17	SQL :EXEC GetUserTreeMenu 'pramudyono hadi','1508',@CompanyId=2;
28/06/2021 10:55:17	SQL :EXEC GetUserTreeMenu 'pramudyono hadi','1509',@CompanyId=2;
28/06/2021 10:55:17	SQL :EXEC GetUserTreeMenu 'pramudyono hadi','1510',@CompanyId=2;
28/06/2021 10:55:17	SQL :EXEC GetUserTreeMenu 'pramudyono hadi','1511',@CompanyId=2;
28/06/2021 10:55:17	SQL :EXEC GetUserSubMenu 'pramudyono hadi','16';
28/06/2021 10:55:17	SQL :EXEC GetUserTreeMenu 'pramudyono hadi','1601',@CompanyId=2;
28/06/2021 10:55:17	SQL :EXEC GetUserTreeMenu 'pramudyono hadi','1602',@CompanyId=2;
28/06/2021 10:55:17	SQL :EXEC GetUserTreeMenu 'pramudyono hadi','1603',@CompanyId=2;
28/06/2021 10:55:17	SQL :EXEC GetUserTreeMenu 'pramudyono hadi','1604',@CompanyId=2;
28/06/2021 10:55:17	SQL :EXEC GetUserTreeMenu 'pramudyono hadi','1605',@CompanyId=2;
28/06/2021 10:55:17	SQL :EXEC GetUserTreeMenu 'pramudyono hadi','1606',@CompanyId=2;
28/06/2021 10:55:17	SQL :EXEC GetUserTreeMenu 'pramudyono hadi','1607',@CompanyId=2;
28/06/2021 10:55:17	SQL :EXEC GetUserTreeMenu 'pramudyono hadi','1608',@CompanyId=2;
28/06/2021 10:55:17	SQL :EXEC GetUserTreeMenu 'pramudyono hadi','1609',@CompanyId=2;
28/06/2021 10:55:17	SQL :EXEC GetUserTreeMenu 'pramudyono hadi','1610',@CompanyId=2;
28/06/2021 10:55:17	SQL :EXEC GetUserTreeMenu 'pramudyono hadi','1611',@CompanyId=2;
28/06/2021 10:55:17	SQL :EXEC GetUserTreeMenu 'pramudyono hadi','1612',@CompanyId=2;
28/06/2021 10:55:17	SQL :EXEC GetUserTreeMenu 'pramudyono hadi','1613',@CompanyId=2;
28/06/2021 10:55:17	SQL :EXEC GetUserTreeMenu 'pramudyono hadi','1614',@CompanyId=2;
28/06/2021 10:55:17	SQL :EXEC GetUserTreeMenu 'pramudyono hadi','1615',@CompanyId=2;
28/06/2021 10:55:17	SQL :EXEC GetUserTreeMenu 'pramudyono hadi','1616',@CompanyId=2;
28/06/2021 10:55:17	SQL :EXEC GetUserTreeMenu 'pramudyono hadi','1619',@CompanyId=2;
28/06/2021 10:55:17	SQL :EXEC GetUserTreeMenu 'pramudyono hadi','1620',@CompanyId=2;
28/06/2021 10:55:17	SQL :EXEC GetUserSubMenu 'pramudyono hadi','17';
28/06/2021 10:55:17	SQL :EXEC GetUserTreeMenu 'pramudyono hadi','1701',@CompanyId=2;
28/06/2021 10:55:17	SQL :EXEC GetUserTreeMenu 'pramudyono hadi','1702',@CompanyId=2;
28/06/2021 10:55:17	SQL :EXEC GetUserTreeMenu 'pramudyono hadi','1703',@CompanyId=2;
28/06/2021 10:55:17	SQL :EXEC GetUserTreeMenu 'pramudyono hadi','1704',@CompanyId=2;
28/06/2021 10:55:17	SQL :EXEC GetUserTreeMenu 'pramudyono hadi','1705',@CompanyId=2;
28/06/2021 10:55:17	SQL :EXEC GetUserTreeMenu 'pramudyono hadi','1706',@CompanyId=2;
28/06/2021 10:55:17	SQL :EXEC GetUserTreeMenu 'pramudyono hadi','1707',@CompanyId=2;
28/06/2021 10:55:18	SQL :EXEC GetUserTreeMenu 'pramudyono hadi','1708',@CompanyId=2;
28/06/2021 10:55:18	SQL :EXEC GetUserTreeMenu 'pramudyono hadi','1709',@CompanyId=2;
28/06/2021 10:55:18	SQL :EXEC GetUserTreeMenu 'pramudyono hadi','1710',@CompanyId=2;
28/06/2021 10:55:18	SQL :EXEC GetUserTreeMenu 'pramudyono hadi','1711',@CompanyId=2;
28/06/2021 10:55:18	SQL :EXEC GetUserTreeMenu 'pramudyono hadi','1712',@CompanyId=2;
28/06/2021 10:55:18	SQL :EXEC GetUserTreeMenu 'pramudyono hadi','1713',@CompanyId=2;
28/06/2021 10:55:18	SQL :EXEC GetUserTreeMenu 'pramudyono hadi','1714',@CompanyId=2;
28/06/2021 10:55:18	SQL :EXEC GetUserTreeMenu 'pramudyono hadi','1715',@CompanyId=2;
28/06/2021 10:55:18	SQL :EXEC GetUserTreeMenu 'pramudyono hadi','1716',@CompanyId=2;
28/06/2021 10:55:18	SQL :EXEC GetUserTreeMenu 'pramudyono hadi','1717',@CompanyId=2;
28/06/2021 10:55:18	SQL :EXEC GetUserSubMenu 'pramudyono hadi','18';
28/06/2021 10:55:18	SQL :EXEC GetUserTreeMenu 'pramudyono hadi','1801',@CompanyId=2;
28/06/2021 10:55:18	SQL :EXEC GetUserSubMenu 'pramudyono hadi','19';
28/06/2021 10:55:18	SQL :EXEC GetUserTreeMenu 'pramudyono hadi','1901',@CompanyId=2;
28/06/2021 10:55:18	SQL :EXEC GetUserTreeMenu 'pramudyono hadi','1902',@CompanyId=2;
28/06/2021 10:55:18	SQL :EXEC GetUserTreeMenu 'pramudyono hadi','1903',@CompanyId=2;
28/06/2021 10:55:18	SQL :EXEC GetUserTreeMenu 'pramudyono hadi','1904',@CompanyId=2;
28/06/2021 10:55:18	SQL :EXEC GetUserTreeMenu 'pramudyono hadi','1905',@CompanyId=2;
28/06/2021 10:55:18	SQL :EXEC GetUserTreeMenu 'pramudyono hadi','1906',@CompanyId=2;
28/06/2021 10:55:18	SQL :EXEC GetUserTreeMenu 'pramudyono hadi','1907',@CompanyId=2;
28/06/2021 10:55:18	SQL :EXEC GetUserTreeMenu 'pramudyono hadi','1908',@CompanyId=2;
28/06/2021 10:55:18	SQL :EXEC GetUserTreeMenu 'pramudyono hadi','1909',@CompanyId=2;
28/06/2021 10:55:18	SQL :EXEC GetUserTreeMenu 'pramudyono hadi','1910',@CompanyId=2;
28/06/2021 10:55:18	SQL :EXEC GetUserTreeMenu 'pramudyono hadi','1911',@CompanyId=2;
28/06/2021 10:55:18	SQL :EXEC GetUserTreeMenu 'pramudyono hadi','1912',@CompanyId=2;
28/06/2021 10:55:18	SQL :SELECT CONVERT(VARCHAR(8),GETDATE(),108) AS hour_minute;
28/06/2021 10:55:18	SQL :SELECT CONVERT(VARCHAR(10),GETDATE(),103) AS date_time;
28/06/2021 10:55:18	Loading Setting
28/06/2021 10:55:18	Open DB Connection
28/06/2021 10:55:18	SQL :SELECT * FROM wh_setting WHERE setting_name='Hold_Less_Deposit';
28/06/2021 10:55:18	SQL :SELECT * FROM wh_setting WHERE setting_name='Max_Less_Deposit';
28/06/2021 10:55:18	SQL :SELECT * FROM wh_setting WHERE setting_name='Dashboard_2';
28/06/2021 10:55:18	Finish Logging
28/06/2021 10:55:18	SQL :SELECT value_string FROM wh_setting WHERE (setting_name='Interval_CheckInDate') AND (active=1);
28/06/2021 10:55:18	SQL :SELECT value_string FROM wh_setting WHERE (setting_name='Interval_CheckInTime') AND (active=1);
28/06/2021 10:55:18	SQL :SELECT value_string FROM wh_setting WHERE (setting_name='ChatEnable') and (active=1);
28/06/2021 10:55:19	Message:Port Check
28/06/2021 10:55:19	Message:Open DB Connection
28/06/2021 10:55:19	SQL :EXEC GetMessage '01','pramudyono hadi';
28/06/2021 10:55:19	SQL :SELECT CONVERT(VARCHAR(8),GETDATE(),108) AS hour_minute;
28/06/2021 10:55:19	SQL :SELECT CONVERT(VARCHAR(10),GETDATE(),103) AS date_time;
28/06/2021 10:55:33	Open Menu :131202
28/06/2021 10:55:33	Open DB Connection
28/06/2021 10:55:33	SQL :EXEC AuthMenu 'pramudyono hadi',131202;
28/06/2021 10:55:34	Form Check :OrderFeeList
28/06/2021 10:55:34	Form Open: OrderFeeList=Main-Change
28/06/2021 10:55:36	SQL :EXEC GetVhcOutList2_S 6,1,2,@OutDate='2021/06/02'
28/06/2021 10:55:45	SQL :EXEC GetVhcOutList2_S 6,1,2,@OutDate='2021/06/03'
28/06/2021 10:55:58	Open Menu :131202
28/06/2021 10:55:58	Open DB Connection
28/06/2021 10:55:58	SQL :EXEC AuthMenu 'pramudyono hadi',131202;
28/06/2021 10:55:58	Form Check :OrderFeeList
28/06/2021 10:55:58	Form Open: OrderFeeList=Main-Change
28/06/2021 10:56:01	SQL :EXEC GetVhcOutList2_S 6,1,2,@OutDate='2021/06/02'
28/06/2021 10:56:02	SQL :EXEC GetVhcOutList2_S 6,1,2,@OutDate='2021/06/02'
28/06/2021 10:56:02	SQL :EXEC GetVhcOutList2_S 6,1,2,@AllFoward=2
28/06/2021 10:56:03	SQL :EXEC GetVhcOutList2_S 6,1,2,@AllFoward=2
28/06/2021 10:56:12	Open Menu :131204
28/06/2021 10:56:12	Open DB Connection
28/06/2021 10:56:12	SQL :EXEC AuthMenu 'pramudyono hadi',131204;
28/06/2021 10:56:12	Form Check :OrderFeeList
28/06/2021 10:56:12	Form Open: OrderFeeList=
28/06/2021 10:56:15	SQL :EXEC GetVhcOutList2_S 6,1,2,@OutDate='2021/06/02',@InOut=1
28/06/2021 10:56:34	Open Menu :131205
28/06/2021 10:56:34	Open DB Connection
28/06/2021 10:56:34	SQL :EXEC AuthMenu 'pramudyono hadi',131205;
28/06/2021 10:56:34	Form Check :OrderFeeAdd
28/06/2021 10:56:34	Form Open: ProductPriceList=,-1
28/06/2021 10:56:34	Open DB Connection
28/06/2021 10:56:34	SQL :SELECT value_string FROM wh_setting WHERE (setting_name='OrderFee_Form_Day_CompanyId_2') and (active=1);
28/06/2021 10:56:34	SQL :SELECT value_string FROM wh_setting WHERE (setting_name='OrderFee_Form_Days_CompanyId_2') and (active=1);
28/06/2021 10:56:34	SQL :SELECT value_string FROM wh_setting WHERE (setting_name='Show_eToll_CompanyId_2') and (active=1);
28/06/2021 10:56:34	SQL :EXEC GetPrice;
28/06/2021 10:56:36	Form Check :SPJBusList
28/06/2021 10:56:36	Form Open: ProductPriceList=OrderFee-Additional,0,0,2
28/06/2021 10:56:36	Open DB Connection
28/06/2021 10:56:36	SQL :EXEC GetCompanyLocationList
28/06/2021 10:56:36	Open DB Connection
28/06/2021 10:56:36	SQL :EXEC GetVhcOutList2 6,1,2,@AllFoward=-2,@InOut=2;
28/06/2021 10:56:48	Open DB Connection
28/06/2021 10:56:48	SQL :SELECT * FROM wh_setting WHERE (setting_name='Lock_Budget_Integrate_CompanyId_2') AND (active=1);
28/06/2021 10:56:48	SQL :EXEC GetVhcOutDetail 'SJBRB21060750';
28/06/2021 10:57:43	Get Local Settings
28/06/2021 10:57:43	Start Change Local Settings
28/06/2021 10:57:43	Change short date format
28/06/2021 10:57:43	Change Long date format
28/06/2021 10:57:43	Finish Change Local Settings
28/06/2021 10:57:43	Registry Read: Path=SOFTWARE\WEHA\Aplikasi\3
28/06/2021 10:57:43	Registry Read/Write
28/06/2021 10:57:43	Registry Read: Path=SOFTWARE\WEHA\Aplikasi\3
28/06/2021 10:57:43	Create DB Object
28/06/2021 10:57:43	Init DB
28/06/2021 10:57:43	Finish Init DB
28/06/2021 10:57:43	Get File Version
28/06/2021 10:57:43	Change  Caption
28/06/2021 10:57:43	Init Shortkey
28/06/2021 10:57:44	Create DB Object
28/06/2021 10:57:44	Init DB
28/06/2021 10:57:44	Finish Init DB
28/06/2021 10:57:47	Update new version check
28/06/2021 10:57:47	Open DB Connection
28/06/2021 10:57:47	SQL :
28/06/2021 10:57:47	Update check version
28/06/2021 10:57:47	Open DB Connection
28/06/2021 10:57:47	SQL :SELECT version FROM wh_application WHERE application_id=(SELECT MAX(application_id) FROM wh_application);
28/06/2021 10:57:47	Start Login
28/06/2021 10:57:47	Open DB Connection
28/06/2021 10:57:47	SQL :EXEC AuthenticateUser 'pramudyono hadi','6f2b8366efa56f0c06dd6b31fcff8a73';
28/06/2021 10:57:47	SQL :INSERT INTO wh_log (user_id,app_date,app_version,app_version_svr,location_id,company_id,department_id,host_name,ip_address)  VALUES ('pramudyono hadi','28/06/2021','6.1.3.4','6.1.3.3',6,2,13,'DESKTOP-S1PD9OD','192.168.25.214');
28/06/2021 10:57:47	Open DB Connection
28/06/2021 10:57:47	SQL :EXEC GetUserMenu 'pramudyono hadi';
28/06/2021 10:57:47	SQL :EXEC GetUserSubMenu 'pramudyono hadi','11';
28/06/2021 10:57:47	SQL :EXEC GetUserTreeMenu 'pramudyono hadi','1101',@CompanyId=2;
28/06/2021 10:57:47	SQL :EXEC GetUserTreeMenu 'pramudyono hadi','1102',@CompanyId=2;
28/06/2021 10:57:48	SQL :EXEC GetUserTreeMenu 'pramudyono hadi','1103',@CompanyId=2;
28/06/2021 10:57:48	SQL :EXEC GetUserTreeMenu 'pramudyono hadi','1104',@CompanyId=2;
28/06/2021 10:57:48	SQL :EXEC GetUserTreeMenu 'pramudyono hadi','1105',@CompanyId=2;
28/06/2021 10:57:48	SQL :EXEC GetUserTreeMenu 'pramudyono hadi','1106',@CompanyId=2;
28/06/2021 10:57:48	SQL :EXEC GetUserTreeMenu 'pramudyono hadi','1107',@CompanyId=2;
28/06/2021 10:57:48	SQL :EXEC GetUserTreeMenu 'pramudyono hadi','1108',@CompanyId=2;
28/06/2021 10:57:48	SQL :EXEC GetUserTreeMenu 'pramudyono hadi','1109',@CompanyId=2;
28/06/2021 10:57:48	SQL :EXEC GetUserTreeMenu 'pramudyono hadi','1110',@CompanyId=2;
28/06/2021 10:57:48	SQL :EXEC GetUserTreeMenu 'pramudyono hadi','1111',@CompanyId=2;
28/06/2021 10:57:48	SQL :EXEC GetUserTreeMenu 'pramudyono hadi','1112',@CompanyId=2;
28/06/2021 10:57:48	SQL :EXEC GetUserTreeMenu 'pramudyono hadi','1113',@CompanyId=2;
28/06/2021 10:57:48	SQL :EXEC GetUserTreeMenu 'pramudyono hadi','1114',@CompanyId=2;
28/06/2021 10:57:48	SQL :EXEC GetUserTreeMenu 'pramudyono hadi','1115',@CompanyId=2;
28/06/2021 10:57:48	SQL :EXEC GetUserTreeMenu 'pramudyono hadi','1116',@CompanyId=2;
28/06/2021 10:57:48	SQL :EXEC GetUserTreeMenu 'pramudyono hadi','1117',@CompanyId=2;
28/06/2021 10:57:48	SQL :EXEC GetUserTreeMenu 'pramudyono hadi','1198',@CompanyId=2;
28/06/2021 10:57:48	SQL :EXEC GetUserTreeMenu 'pramudyono hadi','1199',@CompanyId=2;
28/06/2021 10:57:48	SQL :EXEC GetUserSubMenu 'pramudyono hadi','12';
28/06/2021 10:57:48	SQL :EXEC GetUserTreeMenu 'pramudyono hadi','1201',@CompanyId=2;
28/06/2021 10:57:48	SQL :EXEC GetUserTreeMenu 'pramudyono hadi','1202',@CompanyId=2;
28/06/2021 10:57:48	SQL :EXEC GetUserTreeMenu 'pramudyono hadi','1203',@CompanyId=2;
28/06/2021 10:57:48	SQL :EXEC GetUserTreeMenu 'pramudyono hadi','1204',@CompanyId=2;
28/06/2021 10:57:48	SQL :EXEC GetUserTreeMenu 'pramudyono hadi','1205',@CompanyId=2;
28/06/2021 10:57:48	SQL :EXEC GetUserTreeMenu 'pramudyono hadi','1206',@CompanyId=2;
28/06/2021 10:57:48	SQL :EXEC GetUserTreeMenu 'pramudyono hadi','1207',@CompanyId=2;
28/06/2021 10:57:48	SQL :EXEC GetUserSubMenu 'pramudyono hadi','13';
28/06/2021 10:57:48	SQL :EXEC GetUserTreeMenu 'pramudyono hadi','1301',@CompanyId=2;
28/06/2021 10:57:48	SQL :EXEC GetUserTreeMenu 'pramudyono hadi','1302',@CompanyId=2;
28/06/2021 10:57:48	SQL :EXEC GetUserTreeMenu 'pramudyono hadi','1303',@CompanyId=2;
28/06/2021 10:57:48	SQL :EXEC GetUserTreeMenu 'pramudyono hadi','1304',@CompanyId=2;
28/06/2021 10:57:48	SQL :EXEC GetUserTreeMenu 'pramudyono hadi','1305',@CompanyId=2;
28/06/2021 10:57:48	SQL :EXEC GetUserTreeMenu 'pramudyono hadi','1306',@CompanyId=2;
28/06/2021 10:57:48	SQL :EXEC GetUserTreeMenu 'pramudyono hadi','1307',@CompanyId=2;
28/06/2021 10:57:48	SQL :EXEC GetUserTreeMenu 'pramudyono hadi','1308',@CompanyId=2;
28/06/2021 10:57:48	SQL :EXEC GetUserTreeMenu 'pramudyono hadi','1309',@CompanyId=2;
28/06/2021 10:57:48	SQL :EXEC GetUserTreeMenu 'pramudyono hadi','1310',@CompanyId=2;
28/06/2021 10:57:48	SQL :EXEC GetUserTreeMenu 'pramudyono hadi','1311',@CompanyId=2;
28/06/2021 10:57:48	SQL :EXEC GetUserTreeMenu 'pramudyono hadi','1312',@CompanyId=2;
28/06/2021 10:57:48	SQL :EXEC GetUserTreeMenu 'pramudyono hadi','1313',@CompanyId=2;
28/06/2021 10:57:48	SQL :EXEC GetUserTreeMenu 'pramudyono hadi','1314',@CompanyId=2;
28/06/2021 10:57:48	SQL :EXEC GetUserTreeMenu 'pramudyono hadi','1315',@CompanyId=2;
28/06/2021 10:57:48	SQL :EXEC GetUserTreeMenu 'pramudyono hadi','1316',@CompanyId=2;
28/06/2021 10:57:48	SQL :EXEC GetUserTreeMenu 'pramudyono hadi','1317',@CompanyId=2;
28/06/2021 10:57:49	SQL :EXEC GetUserTreeMenu 'pramudyono hadi','1318',@CompanyId=2;
28/06/2021 10:57:49	SQL :EXEC GetUserTreeMenu 'pramudyono hadi','1319',@CompanyId=2;
28/06/2021 10:57:49	SQL :EXEC GetUserTreeMenu 'pramudyono hadi','1320',@CompanyId=2;
28/06/2021 10:57:49	SQL :EXEC GetUserTreeMenu 'pramudyono hadi','1321',@CompanyId=2;
28/06/2021 10:57:49	SQL :EXEC GetUserSubMenu 'pramudyono hadi','14';
28/06/2021 10:57:49	SQL :EXEC GetUserTreeMenu 'pramudyono hadi','1401',@CompanyId=2;
28/06/2021 10:57:49	SQL :EXEC GetUserTreeMenu 'pramudyono hadi','1402',@CompanyId=2;
28/06/2021 10:57:49	SQL :EXEC GetUserTreeMenu 'pramudyono hadi','1403',@CompanyId=2;
28/06/2021 10:57:49	SQL :EXEC GetUserTreeMenu 'pramudyono hadi','1404',@CompanyId=2;
28/06/2021 10:57:49	SQL :EXEC GetUserTreeMenu 'pramudyono hadi','1406',@CompanyId=2;
28/06/2021 10:57:49	SQL :EXEC GetUserTreeMenu 'pramudyono hadi','1408',@CompanyId=2;
28/06/2021 10:57:49	SQL :EXEC GetUserTreeMenu 'pramudyono hadi','1410',@CompanyId=2;
28/06/2021 10:57:49	SQL :EXEC GetUserTreeMenu 'pramudyono hadi','1411',@CompanyId=2;
28/06/2021 10:57:49	SQL :EXEC GetUserTreeMenu 'pramudyono hadi','1412',@CompanyId=2;
28/06/2021 10:57:49	SQL :EXEC GetUserTreeMenu 'pramudyono hadi','1413',@CompanyId=2;
28/06/2021 10:57:49	SQL :EXEC GetUserTreeMenu 'pramudyono hadi','1414',@CompanyId=2;
28/06/2021 10:57:49	SQL :EXEC GetUserSubMenu 'pramudyono hadi','15';
28/06/2021 10:57:49	SQL :EXEC GetUserTreeMenu 'pramudyono hadi','1501',@CompanyId=2;
28/06/2021 10:57:49	SQL :EXEC GetUserTreeMenu 'pramudyono hadi','1502',@CompanyId=2;
28/06/2021 10:57:49	SQL :EXEC GetUserTreeMenu 'pramudyono hadi','1503',@CompanyId=2;
28/06/2021 10:57:49	SQL :EXEC GetUserTreeMenu 'pramudyono hadi','1504',@CompanyId=2;
28/06/2021 10:57:49	SQL :EXEC GetUserTreeMenu 'pramudyono hadi','1505',@CompanyId=2;
28/06/2021 10:57:49	SQL :EXEC GetUserTreeMenu 'pramudyono hadi','1506',@CompanyId=2;
28/06/2021 10:57:49	SQL :EXEC GetUserTreeMenu 'pramudyono hadi','1507',@CompanyId=2;
28/06/2021 10:57:49	SQL :EXEC GetUserTreeMenu 'pramudyono hadi','1508',@CompanyId=2;
28/06/2021 10:57:49	SQL :EXEC GetUserTreeMenu 'pramudyono hadi','1509',@CompanyId=2;
28/06/2021 10:57:49	SQL :EXEC GetUserTreeMenu 'pramudyono hadi','1510',@CompanyId=2;
28/06/2021 10:57:49	SQL :EXEC GetUserTreeMenu 'pramudyono hadi','1511',@CompanyId=2;
28/06/2021 10:57:49	SQL :EXEC GetUserSubMenu 'pramudyono hadi','16';
28/06/2021 10:57:49	SQL :EXEC GetUserTreeMenu 'pramudyono hadi','1601',@CompanyId=2;
28/06/2021 10:57:49	SQL :EXEC GetUserTreeMenu 'pramudyono hadi','1602',@CompanyId=2;
28/06/2021 10:57:49	SQL :EXEC GetUserTreeMenu 'pramudyono hadi','1603',@CompanyId=2;
28/06/2021 10:57:49	SQL :EXEC GetUserTreeMenu 'pramudyono hadi','1604',@CompanyId=2;
28/06/2021 10:57:49	SQL :EXEC GetUserTreeMenu 'pramudyono hadi','1605',@CompanyId=2;
28/06/2021 10:57:49	SQL :EXEC GetUserTreeMenu 'pramudyono hadi','1606',@CompanyId=2;
28/06/2021 10:57:49	SQL :EXEC GetUserTreeMenu 'pramudyono hadi','1607',@CompanyId=2;
28/06/2021 10:57:49	SQL :EXEC GetUserTreeMenu 'pramudyono hadi','1608',@CompanyId=2;
28/06/2021 10:57:49	SQL :EXEC GetUserTreeMenu 'pramudyono hadi','1609',@CompanyId=2;
28/06/2021 10:57:49	SQL :EXEC GetUserTreeMenu 'pramudyono hadi','1610',@CompanyId=2;
28/06/2021 10:57:49	SQL :EXEC GetUserTreeMenu 'pramudyono hadi','1611',@CompanyId=2;
28/06/2021 10:57:49	SQL :EXEC GetUserTreeMenu 'pramudyono hadi','1612',@CompanyId=2;
28/06/2021 10:57:49	SQL :EXEC GetUserTreeMenu 'pramudyono hadi','1613',@CompanyId=2;
28/06/2021 10:57:49	SQL :EXEC GetUserTreeMenu 'pramudyono hadi','1614',@CompanyId=2;
28/06/2021 10:57:49	SQL :EXEC GetUserTreeMenu 'pramudyono hadi','1615',@CompanyId=2;
28/06/2021 10:57:49	SQL :EXEC GetUserTreeMenu 'pramudyono hadi','1616',@CompanyId=2;
28/06/2021 10:57:49	SQL :EXEC GetUserTreeMenu 'pramudyono hadi','1619',@CompanyId=2;
28/06/2021 10:57:49	SQL :EXEC GetUserTreeMenu 'pramudyono hadi','1620',@CompanyId=2;
28/06/2021 10:57:49	SQL :EXEC GetUserSubMenu 'pramudyono hadi','17';
28/06/2021 10:57:49	SQL :EXEC GetUserTreeMenu 'pramudyono hadi','1701',@CompanyId=2;
28/06/2021 10:57:49	SQL :EXEC GetUserTreeMenu 'pramudyono hadi','1702',@CompanyId=2;
28/06/2021 10:57:49	SQL :EXEC GetUserTreeMenu 'pramudyono hadi','1703',@CompanyId=2;
28/06/2021 10:57:49	SQL :EXEC GetUserTreeMenu 'pramudyono hadi','1704',@CompanyId=2;
28/06/2021 10:57:49	SQL :EXEC GetUserTreeMenu 'pramudyono hadi','1705',@CompanyId=2;
28/06/2021 10:57:49	SQL :EXEC GetUserTreeMenu 'pramudyono hadi','1706',@CompanyId=2;
28/06/2021 10:57:49	SQL :EXEC GetUserTreeMenu 'pramudyono hadi','1707',@CompanyId=2;
28/06/2021 10:57:49	SQL :EXEC GetUserTreeMenu 'pramudyono hadi','1708',@CompanyId=2;
28/06/2021 10:57:50	SQL :EXEC GetUserTreeMenu 'pramudyono hadi','1709',@CompanyId=2;
28/06/2021 10:57:50	SQL :EXEC GetUserTreeMenu 'pramudyono hadi','1710',@CompanyId=2;
28/06/2021 10:57:50	SQL :EXEC GetUserTreeMenu 'pramudyono hadi','1711',@CompanyId=2;
28/06/2021 10:57:50	SQL :EXEC GetUserTreeMenu 'pramudyono hadi','1712',@CompanyId=2;
28/06/2021 10:57:50	SQL :EXEC GetUserTreeMenu 'pramudyono hadi','1713',@CompanyId=2;
28/06/2021 10:57:50	SQL :EXEC GetUserTreeMenu 'pramudyono hadi','1714',@CompanyId=2;
28/06/2021 10:57:50	SQL :EXEC GetUserTreeMenu 'pramudyono hadi','1715',@CompanyId=2;
28/06/2021 10:57:50	SQL :EXEC GetUserTreeMenu 'pramudyono hadi','1716',@CompanyId=2;
28/06/2021 10:57:50	SQL :EXEC GetUserTreeMenu 'pramudyono hadi','1717',@CompanyId=2;
28/06/2021 10:57:50	SQL :EXEC GetUserSubMenu 'pramudyono hadi','18';
28/06/2021 10:57:50	SQL :EXEC GetUserTreeMenu 'pramudyono hadi','1801',@CompanyId=2;
28/06/2021 10:57:50	SQL :EXEC GetUserSubMenu 'pramudyono hadi','19';
28/06/2021 10:57:50	SQL :EXEC GetUserTreeMenu 'pramudyono hadi','1901',@CompanyId=2;
28/06/2021 10:57:50	SQL :EXEC GetUserTreeMenu 'pramudyono hadi','1902',@CompanyId=2;
28/06/2021 10:57:50	SQL :EXEC GetUserTreeMenu 'pramudyono hadi','1903',@CompanyId=2;
28/06/2021 10:57:50	SQL :EXEC GetUserTreeMenu 'pramudyono hadi','1904',@CompanyId=2;
28/06/2021 10:57:50	SQL :EXEC GetUserTreeMenu 'pramudyono hadi','1905',@CompanyId=2;
28/06/2021 10:57:50	SQL :EXEC GetUserTreeMenu 'pramudyono hadi','1906',@CompanyId=2;
28/06/2021 10:57:50	SQL :EXEC GetUserTreeMenu 'pramudyono hadi','1907',@CompanyId=2;
28/06/2021 10:57:50	SQL :EXEC GetUserTreeMenu 'pramudyono hadi','1908',@CompanyId=2;
28/06/2021 10:57:50	SQL :EXEC GetUserTreeMenu 'pramudyono hadi','1909',@CompanyId=2;
28/06/2021 10:57:50	SQL :EXEC GetUserTreeMenu 'pramudyono hadi','1910',@CompanyId=2;
28/06/2021 10:57:50	SQL :EXEC GetUserTreeMenu 'pramudyono hadi','1911',@CompanyId=2;
28/06/2021 10:57:50	SQL :EXEC GetUserTreeMenu 'pramudyono hadi','1912',@CompanyId=2;
28/06/2021 10:57:50	SQL :SELECT CONVERT(VARCHAR(8),GETDATE(),108) AS hour_minute;
28/06/2021 10:57:50	SQL :SELECT CONVERT(VARCHAR(10),GETDATE(),103) AS date_time;
28/06/2021 10:57:50	Loading Setting
28/06/2021 10:57:50	Open DB Connection
28/06/2021 10:57:50	SQL :SELECT * FROM wh_setting WHERE setting_name='Hold_Less_Deposit';
28/06/2021 10:57:50	SQL :SELECT * FROM wh_setting WHERE setting_name='Max_Less_Deposit';
28/06/2021 10:57:50	SQL :SELECT * FROM wh_setting WHERE setting_name='Dashboard_2';
28/06/2021 10:57:50	Finish Logging
28/06/2021 10:57:50	SQL :SELECT value_string FROM wh_setting WHERE (setting_name='Interval_CheckInDate') AND (active=1);
28/06/2021 10:57:50	SQL :SELECT value_string FROM wh_setting WHERE (setting_name='Interval_CheckInTime') AND (active=1);
28/06/2021 10:57:50	SQL :SELECT value_string FROM wh_setting WHERE (setting_name='ChatEnable') and (active=1);
28/06/2021 10:57:51	Message:Port Check
28/06/2021 10:57:51	Message:Open DB Connection
28/06/2021 10:57:51	SQL :EXEC GetMessage '01','pramudyono hadi';
28/06/2021 10:57:51	SQL :SELECT CONVERT(VARCHAR(8),GETDATE(),108) AS hour_minute;
28/06/2021 10:57:51	SQL :SELECT CONVERT(VARCHAR(10),GETDATE(),103) AS date_time;
28/06/2021 10:57:54	Open Menu :131205
28/06/2021 10:57:54	Open DB Connection
28/06/2021 10:57:54	SQL :EXEC AuthMenu 'pramudyono hadi',131205;
28/06/2021 10:57:54	Form Check :OrderFeeAdd
28/06/2021 10:57:54	Form Open: ProductPriceList=,-1
28/06/2021 10:57:54	Open DB Connection
28/06/2021 10:57:54	SQL :SELECT value_string FROM wh_setting WHERE (setting_name='OrderFee_Form_Day_CompanyId_2') and (active=1);
28/06/2021 10:57:54	SQL :SELECT value_string FROM wh_setting WHERE (setting_name='OrderFee_Form_Days_CompanyId_2') and (active=1);
28/06/2021 10:57:54	SQL :SELECT value_string FROM wh_setting WHERE (setting_name='Show_eToll_CompanyId_2') and (active=1);
28/06/2021 10:57:54	SQL :EXEC GetPrice;
28/06/2021 10:57:55	Form Check :SPJBusList
28/06/2021 10:57:55	Form Open: ProductPriceList=OrderFee-Additional,0,0,2
28/06/2021 10:57:55	Open DB Connection
28/06/2021 10:57:55	SQL :EXEC GetCompanyLocationList
28/06/2021 10:57:55	Open DB Connection
28/06/2021 10:57:55	SQL :EXEC GetVhcOutList2 6,1,2,@AllFoward=-2,@InOut=2;
28/06/2021 10:58:03	Open DB Connection
28/06/2021 10:58:03	SQL :SELECT * FROM wh_setting WHERE (setting_name='Lock_Budget_Integrate_CompanyId_2') AND (active=1);
28/06/2021 10:58:03	SQ28/06/2021 15:20:16	Get Local Settings
28/06/2021 15:20:16	Start Change Local Settings
28/06/2021 15:20:16	Change short date format
28/06/2021 15:20:16	Change Long date format
28/06/2021 15:20:16	Finish Change Local Settings
28/06/2021 15:20:16	Registry Read: Path=SOFTWARE\WEHA\Aplikasi\3
28/06/2021 15:20:16	Registry Read/Write
28/06/2021 15:20:16	Registry Read: Path=SOFTWARE\WEHA\Aplikasi\3
28/06/2021 15:20:16	Create DB Object
28/06/2021 15:20:16	Init DB
28/06/2021 15:20:16	Finish Init DB
28/06/2021 15:20:16	Get File Version
28/06/2021 15:20:16	Change  Caption
28/06/2021 15:20:16	Init Shortkey
28/06/2021 15:20:18	Create DB Object
28/06/2021 15:20:18	Init DB
28/06/2021 15:20:18	Finish Init DB
28/06/2021 15:20:19	Update new version check
28/06/2021 15:20:19	Open DB Connection
28/06/2021 15:20:24	SQL :
28/06/2021 15:20:24	Update check version
28/06/2021 15:20:24	Open DB Connection
28/06/2021 15:20:24	SQL :SELECT version FROM wh_application WHERE application_id=(SELECT MAX(application_id) FROM wh_application);
28/06/2021 15:20:24	Start Login
28/06/2021 15:20:24	Open DB Connection
28/06/2021 15:20:24	SQL :EXEC AuthenticateUser 'pramudyono hadi','6f2b8366efa56f0c06dd6b31fcff8a73';
28/06/2021 15:20:26	SQL :INSERT INTO wh_log (user_id,app_date,app_version,app_version_svr,location_id,company_id,department_id,host_name,ip_address)  VALUES ('pramudyono hadi','28/06/2021','6.1.3.4','6.1.3.4',6,2,13,'DESKTOP-S1PD9OD','192.168.25.214');
28/06/2021 15:20:26	Open DB Connection
28/06/2021 15:20:26	SQL :EXEC GetUserMenu 'pramudyono hadi';
28/06/2021 15:20:26	SQL :EXEC GetUserSubMenu 'pramudyono hadi','11';
28/06/2021 15:20:26	SQL :EXEC GetUserTreeMenu 'pramudyono hadi','1101',@CompanyId=2;
28/06/2021 15:20:26	SQL :EXEC GetUserTreeMenu 'pramudyono hadi','1102',@CompanyId=2;
28/06/2021 15:20:26	SQL :EXEC GetUserTreeMenu 'pramudyono hadi','1103',@CompanyId=2;
28/06/2021 15:20:26	SQL :EXEC GetUserTreeMenu 'pramudyono hadi','1104',@CompanyId=2;
28/06/2021 15:20:26	SQL :EXEC GetUserTreeMenu 'pramudyono hadi','1105',@CompanyId=2;
28/06/2021 15:20:26	SQL :EXEC GetUserTreeMenu 'pramudyono hadi','1106',@CompanyId=2;
28/06/2021 15:20:26	SQL :EXEC GetUserTreeMenu 'pramudyono hadi','1107',@CompanyId=2;
28/06/2021 15:20:26	SQL :EXEC GetUserTreeMenu 'pramudyono hadi','1108',@CompanyId=2;
28/06/2021 15:20:26	SQL :EXEC GetUserTreeMenu 'pramudyono hadi','1109',@CompanyId=2;
28/06/2021 15:20:26	SQL :EXEC GetUserTreeMenu 'pramudyono hadi','1110',@CompanyId=2;
28/06/2021 15:20:26	SQL :EXEC GetUserTreeMenu 'pramudyono hadi','1111',@CompanyId=2;
28/06/2021 15:20:26	SQL :EXEC GetUserTreeMenu 'pramudyono hadi','1112',@CompanyId=2;
28/06/2021 15:20:26	SQL :EXEC GetUserTreeMenu 'pramudyono hadi','1113',@CompanyId=2;
28/06/2021 15:20:26	SQL :EXEC GetUserTreeMenu 'pramudyono hadi','1114',@CompanyId=2;
28/06/2021 15:20:26	SQL :EXEC GetUserTreeMenu 'pramudyono hadi','1115',@CompanyId=2;
28/06/2021 15:20:26	SQL :EXEC GetUserTreeMenu 'pramudyono hadi','1116',@CompanyId=2;
28/06/2021 15:20:26	SQL :EXEC GetUserTreeMenu 'pramudyono hadi','1117',@CompanyId=2;
28/06/2021 15:20:26	SQL :EXEC GetUserTreeMenu 'pramudyono hadi','1198',@CompanyId=2;
28/06/2021 15:20:26	SQL :EXEC GetUserTreeMenu 'pramudyono hadi','1199',@CompanyId=2;
28/06/2021 15:20:26	SQL :EXEC GetUserSubMenu 'pramudyono hadi','12';
28/06/2021 15:20:26	SQL :EXEC GetUserTreeMenu 'pramudyono hadi','1201',@CompanyId=2;
28/06/2021 15:20:26	SQL :EXEC GetUserTreeMenu 'pramudyono hadi','1202',@CompanyId=2;
28/06/2021 15:20:26	SQL :EXEC GetUserTreeMenu 'pramudyono hadi','1203',@CompanyId=2;
28/06/2021 15:20:26	SQL :EXEC GetUserTreeMenu 'pramudyono hadi','1204',@CompanyId=2;
28/06/2021 15:20:26	SQL :EXEC GetUserTreeMenu 'pramudyono hadi','1205',@CompanyId=2;
28/06/2021 15:20:26	SQL :EXEC GetUserTreeMenu 'pramudyono hadi','1206',@CompanyId=2;
28/06/2021 15:20:26	SQL :EXEC GetUserTreeMenu 'pramudyono hadi','1207',@CompanyId=2;
28/06/2021 15:20:26	SQL :EXEC GetUserSubMenu 'pramudyono hadi','13';
28/06/2021 15:20:26	SQL :EXEC GetUserTreeMenu 'pramudyono hadi','1301',@CompanyId=2;
28/06/2021 15:20:26	SQL :EXEC GetUserTreeMenu 'pramudyono hadi','1302',@CompanyId=2;
28/06/2021 15:20:26	SQL :EXEC GetUserTreeMenu 'pramudyono hadi','1303',@CompanyId=2;
28/06/2021 15:20:26	SQL :EXEC GetUserTreeMenu 'pramudyono hadi','1304',@CompanyId=2;
28/06/2021 15:20:26	SQL :EXEC GetUserTreeMenu 'pramudyono hadi','1305',@CompanyId=2;
28/06/2021 15:20:26	SQL :EXEC GetUserTreeMenu 'pramudyono hadi','1306',@CompanyId=2;
28/06/2021 15:20:26	SQL :EXEC GetUserTreeMenu 'pramudyono hadi','1307',@CompanyId=2;
28/06/2021 15:20:26	SQL :EXEC GetUserTreeMenu 'pramudyono hadi','1308',@CompanyId=2;
28/06/2021 15:20:26	SQL :EXEC GetUserTreeMenu 'pramudyono hadi','1309',@CompanyId=2;
28/06/2021 15:20:26	SQL :EXEC GetUserTreeMenu 'pramudyono hadi','1310',@CompanyId=2;
28/06/2021 15:20:26	SQL :EXEC GetUserTreeMenu 'pramudyono hadi','1311',@CompanyId=2;
28/06/2021 15:20:26	SQL :EXEC GetUserTreeMenu 'pramudyono hadi','1312',@CompanyId=2;
28/06/2021 15:20:26	SQL :EXEC GetUserTreeMenu 'pramudyono hadi','1313',@CompanyId=2;
28/06/2021 15:20:26	SQL :EXEC GetUserTreeMenu 'pramudyono hadi','1314',@CompanyId=2;
28/06/2021 15:20:26	SQL :EXEC GetUserTreeMenu 'pramudyono hadi','1315',@CompanyId=2;
28/06/2021 15:20:26	SQL :EXEC GetUserTreeMenu 'pramudyono hadi','1316',@CompanyId=2;
28/06/2021 15:20:26	SQL :EXEC GetUserTreeMenu 'pramudyono hadi','1317',@CompanyId=2;
28/06/2021 15:20:26	SQL :EXEC GetUserTreeMenu 'pramudyono hadi','1318',@CompanyId=2;
28/06/2021 15:20:26	SQL :EXEC GetUserTreeMenu 'pramudyono hadi','1319',@CompanyId=2;
28/06/2021 15:20:26	SQL :EXEC GetUserTreeMenu 'pramudyono hadi','1320',@CompanyId=2;
28/06/2021 15:20:26	SQL :EXEC GetUserTreeMenu 'pramudyono hadi','1321',@CompanyId=2;
28/06/2021 15:20:26	SQL :EXEC GetUserSubMenu 'pramudyono hadi','14';
28/06/2021 15:20:26	SQL :EXEC GetUserTreeMenu 'pramudyono hadi','1401',@CompanyId=2;
28/06/2021 15:20:26	SQL :EXEC GetUserTreeMenu 'pramudyono hadi','1402',@CompanyId=2;
28/06/2021 15:20:26	SQL :EXEC GetUserTreeMenu 'pramudyono hadi','1403',@CompanyId=2;
28/06/2021 15:20:26	SQL :EXEC GetUserTreeMenu 'pramudyono hadi','1404',@CompanyId=2;
28/06/2021 15:20:26	SQL :EXEC GetUserTreeMenu 'pramudyono hadi','1406',@CompanyId=2;
28/06/2021 15:20:26	SQL :EXEC GetUserTreeMenu 'pramudyono hadi','1408',@CompanyId=2;
28/06/2021 15:20:26	SQL :EXEC GetUserTreeMenu 'pramudyono hadi','1410',@CompanyId=2;
28/06/2021 15:20:26	SQL :EXEC GetUserTreeMenu 'pramudyono hadi','1411',@CompanyId=2;
28/06/2021 15:20:26	SQL :EXEC GetUserTreeMenu 'pramudyono hadi','1412',@CompanyId=2;
28/06/2021 15:20:26	SQL :EXEC GetUserTreeMenu 'pramudyono hadi','1413',@CompanyId=2;
28/06/2021 15:20:26	SQL :EXEC GetUserTreeMenu 'pramudyono hadi','1414',@CompanyId=2;
28/06/2021 15:20:26	SQL :EXEC GetUserSubMenu 'pramudyono hadi','15';
28/06/2021 15:20:26	SQL :EXEC GetUserTreeMenu 'pramudyono hadi','1501',@CompanyId=2;
28/06/2021 15:20:27	SQL :EXEC GetUserTreeMenu 'pramudyono hadi','1502',@CompanyId=2;
28/06/2021 15:20:27	SQL :EXEC GetUserTreeMenu 'pramudyono hadi','1503',@CompanyId=2;
28/06/2021 15:20:27	SQL :EXEC GetUserTreeMenu 'pramudyono hadi','1504',@CompanyId=2;
28/06/2021 15:20:27	SQL :EXEC GetUserTreeMenu 'pramudyono hadi','1505',@CompanyId=2;
28/06/2021 15:20:27	SQL :EXEC GetUserTreeMenu 'pramudyono hadi','1506',@CompanyId=2;
28/06/2021 15:20:27	SQL :EXEC GetUserTreeMenu 'pramudyono hadi','1507',@CompanyId=2;
28/06/2021 15:20:27	SQL :EXEC GetUserTreeMenu 'pramudyono hadi','1508',@CompanyId=2;
28/06/2021 15:20:27	SQL :EXEC GetUserTreeMenu 'pramudyono hadi','1509',@CompanyId=2;
28/06/2021 15:20:27	SQL :EXEC GetUserTreeMenu 'pramudyono hadi','1510',@CompanyId=2;
28/06/2021 15:20:27	SQL :EXEC GetUserTreeMenu 'pramudyono hadi','1511',@CompanyId=2;
28/06/2021 15:20:27	SQL :EXEC GetUserSubMenu 'pramudyono hadi','16';
28/06/2021 15:20:27	SQL :EXEC GetUserTreeMenu 'pramudyono hadi','1601',@CompanyId=2;
28/06/2021 15:20:27	SQL :EXEC GetUserTreeMenu 'pramudyono hadi','1602',@CompanyId=2;
28/06/2021 15:20:27	SQL :EXEC GetUserTreeMenu 'pramudyono hadi','1603',@CompanyId=2;
28/06/2021 15:20:27	SQL :EXEC GetUserTreeMenu 'pramudyono hadi','1604',@CompanyId=2;
28/06/2021 15:20:27	SQL :EXEC GetUserTreeMenu 'pramudyono hadi','1605',@CompanyId=2;
28/06/2021 15:20:27	SQL :EXEC GetUserTreeMenu 'pramudyono hadi','1606',@CompanyId=2;
28/06/2021 15:20:27	SQL :EXEC GetUserTreeMenu 'pramudyono hadi','1607',@CompanyId=2;
28/06/2021 15:20:27	SQL :EXEC GetUserTreeMenu 'pramudyono hadi','1608',@CompanyId=2;
28/06/2021 15:20:27	SQL :EXEC GetUserTreeMenu 'pramudyono hadi','1609',@CompanyId=2;
28/06/2021 15:20:27	SQL :EXEC GetUserTreeMenu 'pramudyono hadi','1610',@CompanyId=2;
28/06/2021 15:20:27	SQL :EXEC GetUserTreeMenu 'pramudyono hadi','1611',@CompanyId=2;
28/06/2021 15:20:27	SQL :EXEC GetUserTreeMenu 'pramudyono hadi','1612',@CompanyId=2;
28/06/2021 15:20:27	SQL :EXEC GetUserTreeMenu 'pramudyono hadi','1613',@CompanyId=2;
28/06/2021 15:20:27	SQL :EXEC GetUserTreeMenu 'pramudyono hadi','1614',@CompanyId=2;
28/06/2021 15:20:27	SQL :EXEC GetUserTreeMenu 'pramudyono hadi','1615',@CompanyId=2;
28/06/2021 15:20:27	SQL :EXEC GetUserTreeMenu 'pramudyono hadi','1616',@CompanyId=2;
28/06/2021 15:20:27	SQL :EXEC GetUserTreeMenu 'pramudyono hadi','1619',@CompanyId=2;
28/06/2021 15:20:27	SQL :EXEC GetUserTreeMenu 'pramudyono hadi','1620',@CompanyId=2;
28/06/2021 15:20:27	SQL :EXEC GetUserSubMenu 'pramudyono hadi','17';
28/06/2021 15:20:27	SQL :EXEC GetUserTreeMenu 'pramudyono hadi','1701',@CompanyId=2;
28/06/2021 15:20:27	SQL :EXEC GetUserTreeMenu 'pramudyono hadi','1702',@CompanyId=2;
28/06/2021 15:20:27	SQL :EXEC GetUserTreeMenu 'pramudyono hadi','1703',@CompanyId=2;
28/06/2021 15:20:27	SQL :EXEC GetUserTreeMenu 'pramudyono hadi','1704',@CompanyId=2;
28/06/2021 15:20:27	SQL :EXEC GetUserTreeMenu 'pramudyono hadi','1705',@CompanyId=2;
28/06/2021 15:20:27	SQL :EXEC GetUserTreeMenu 'pramudyono hadi','1706',@CompanyId=2;
28/06/2021 15:20:27	SQL :EXEC GetUserTreeMenu 'pramudyono hadi','1707',@CompanyId=2;
28/06/2021 15:20:27	SQL :EXEC GetUserTreeMenu 'pramudyono hadi','1708',@CompanyId=2;
28/06/2021 15:20:27	SQL :EXEC GetUserTreeMenu 'pramudyono hadi','1709',@CompanyId=2;
28/06/2021 15:20:27	SQL :EXEC GetUserTreeMenu 'pramudyono hadi','1710',@CompanyId=2;
28/06/2021 15:20:27	SQL :EXEC GetUserTreeMenu 'pramudyono hadi','1711',@CompanyId=2;
28/06/2021 15:20:27	SQL :EXEC GetUserTreeMenu 'pramudyono hadi','1712',@CompanyId=2;
28/06/2021 15:20:27	SQL :EXEC GetUserTreeMenu 'pramudyono hadi','1713',@CompanyId=2;
28/06/2021 15:20:27	SQL :EXEC GetUserTreeMenu 'pramudyono hadi','1714',@CompanyId=2;
28/06/2021 15:20:27	SQL :EXEC GetUserTreeMenu 'pramudyono hadi','1715',@CompanyId=2;
28/06/2021 15:20:27	SQL :EXEC GetUserTreeMenu 'pramudyono hadi','1716',@CompanyId=2;
28/06/2021 15:20:27	SQL :EXEC GetUserTreeMenu 'pramudyono hadi','1717',@CompanyId=2;
28/06/2021 15:20:27	SQL :EXEC GetUserSubMenu 'pramudyono hadi','18';
28/06/2021 15:20:27	SQL :EXEC GetUserTreeMenu 'pramudyono hadi','1801',@CompanyId=2;
28/06/2021 15:20:27	SQL :EXEC GetUserSubMenu 'pramudyono hadi','19';
28/06/2021 15:20:27	SQL :EXEC GetUserTreeMenu 'pramudyono hadi','1901',@CompanyId=2;
28/06/2021 15:20:27	SQL :EXEC GetUserTreeMenu 'pramudyono hadi','1902',@CompanyId=2;
28/06/2021 15:20:27	SQL :EXEC GetUserTreeMenu 'pramudyono hadi','1903',@CompanyId=2;
28/06/2021 15:20:27	SQL :EXEC GetUserTreeMenu 'pramudyono hadi','1904',@CompanyId=2;
28/06/2021 15:20:27	SQL :EXEC GetUserTreeMenu 'pramudyono hadi','1905',@CompanyId=2;
28/06/2021 15:20:27	SQL :EXEC GetUserTreeMenu 'pramudyono hadi','1906',@CompanyId=2;
28/06/2021 15:20:27	SQL :EXEC GetUserTreeMenu 'pramudyono hadi','1907',@CompanyId=2;
28/06/2021 15:20:27	SQL :EXEC GetUserTreeMenu 'pramudyono hadi','1908',@CompanyId=2;
28/06/2021 15:20:28	SQL :EXEC GetUserTreeMenu 'pramudyono hadi','1909',@CompanyId=2;
28/06/2021 15:20:28	SQL :EXEC GetUserTreeMenu 'pramudyono hadi','1910',@CompanyId=2;
28/06/2021 15:20:28	SQL :EXEC GetUserTreeMenu 'pramudyono hadi','1911',@CompanyId=2;
28/06/2021 15:20:28	SQL :EXEC GetUserTreeMenu 'pramudyono hadi','1912',@CompanyId=2;
28/06/2021 15:20:28	SQL :SELECT CONVERT(VARCHAR(8),GETDATE(),108) AS hour_minute;
28/06/2021 15:20:28	SQL :SELECT CONVERT(VARCHAR(10),GETDATE(),103) AS date_time;
28/06/2021 15:20:28	Loading Setting
28/06/2021 15:20:28	Open DB Connection
28/06/2021 15:20:28	SQL :SELECT * FROM wh_setting WHERE setting_name='Hold_Less_Deposit';
28/06/2021 15:20:28	SQL :SELECT * FROM wh_setting WHERE setting_name='Max_Less_Deposit';
28/06/2021 15:20:28	SQL :SELECT * FROM wh_setting WHERE setting_name='Dashboard_2';
28/06/2021 15:20:28	Finish Logging
28/06/2021 15:20:28	SQL :SELECT value_string FROM wh_setting WHERE (setting_name='Interval_CheckInDate') AND (active=1);
28/06/2021 15:20:28	SQL :SELECT value_string FROM wh_setting WHERE (setting_name='Interval_CheckInTime') AND (active=1);
28/06/2021 15:20:28	SQL :SELECT value_string FROM wh_setting WHERE (setting_name='ChatEnable') and (active=1);
28/06/2021 15:20:29	Message:Port Check
28/06/2021 15:20:29	Message:Open DB Connection
28/06/2021 15:20:29	SQL :EXEC GetMessage '01','pramudyono hadi';
28/06/2021 15:20:29	SQL :SELECT CONVERT(VARCHAR(8),GETDATE(),108) AS hour_minute;
28/06/2021 15:20:29	SQL :SELECT CONVERT(VARCHAR(10),GETDATE(),103) AS date_time;
28/06/2021 15:20:58	Open Menu :190505
28/06/2021 15:20:58	Open DB Connection
28/06/2021 15:20:58	SQL :EXEC AuthMenu 'pramudyono hadi',190505;
28/06/2021 15:20:58	Form Check :DailyOrderFeeRpt
28/06/2021 15:20:58	Open DB Connection
28/06/2021 15:20:58	SQL :EXEC GetCompanyLocationList
28/06/2021 15:32:11	Open Menu :132106
28/06/2021 15:32:11	Open DB Connection
28/06/2021 15:32:12	SQL :EXEC AuthMenu 'pramudyono hadi',132106;
28/06/2021 15:32:12	Form Check :Topup_eTollList
28/06/2021 15:32:12	Form Open: eTollList=MAIN-CHANGE
28/06/2021 15:32:12	Open DB Connection
28/06/2021 15:32:12	SQL :EXEC GetCompanyLocationList
28/06/2021 15:32:17	Open DB Connection
28/06/2021 15:32:17	SQL :EXEC GetEtollTopupList 6,2,'18-06-2021';
28/06/2021 15:32:33	Form Check :TopUpETollForm
28/06/2021 15:32:34	Open DB Connection
28/06/2021 15:32:34	SQL :EXEC GetTopupETollDetail 'TOPRB21060705';
28/06/2021 15:32:39	Message:Port Check
28/06/2021 15:32:39	Message:Open DB Connection
28/06/2021 15:32:39	SQL :EXEC GetMessage '01','pramudyono hadi';
28/06/2021 15:32:39	SQL :SELECT CONVERT(VARCHAR(8)28/06/2021 15:41:44	Get Local Settings
28/06/2021 15:41:44	Start Change Local Settings
28/06/2021 15:41:44	Change short date format
28/06/2021 15:41:44	Change Long date format
28/06/2021 15:41:44	Finish Change Local Settings
28/06/2021 15:41:44	Registry Read: Path=SOFTWARE\WEHA\Aplikasi\3
28/06/2021 15:41:44	Registry Read/Write
28/06/2021 15:41:44	Registry Read: Path=SOFTWARE\WEHA\Aplikasi\3
28/06/2021 15:41:44	Create DB Object
28/06/2021 15:41:44	Init DB
28/06/2021 15:41:44	Finish Init DB
28/06/2021 15:41:44	Get File Version
28/06/2021 15:41:44	Change  Caption
28/06/2021 15:41:44	Init Shortkey
28/06/2021 16:42:31	Create DB Object
28/06/2021 16:42:31	Init DB
28/06/2021 16:42:31	Finish Init DB
28/06/2021 16:42:32	Update new version check
28/06/2021 16:42:33	Open DB Connection
28/06/2021 16:42:37	SQL :
28/06/2021 16:42:37	Update check version
28/06/2021 16:42:37	Open DB Connection
28/06/2021 16:42:37	SQL :SELECT version FROM wh_application WHERE application_id=(SELECT MAX(application_id) FROM wh_application);
28/06/2021 16:42:37	Start Login
28/06/2021 16:42:37	Open DB Connection
28/06/2021 16:42:37	SQL :EXEC AuthenticateUser 'pramudyono hadi','6f2b8366efa56f0c06dd6b31fcff8a73';
28/06/2021 16:42:38	SQL :INSERT INTO wh_log (user_id,app_date,app_version,app_version_svr,location_id,company_id,department_id,host_name,ip_address)  VALUES ('pramudyono hadi','28/06/2021','6.1.3.5','6.1.3.5',6,2,13,'DESKTOP-S1PD9OD','192.168.25.214');
28/06/2021 16:42:38	Open DB Connection
28/06/2021 16:42:38	SQL :EXEC GetUserMenu 'pramudyono hadi';
28/06/2021 16:42:39	SQL :EXEC GetUserSubMenu 'pramudyono hadi','11';
28/06/2021 16:42:39	SQL :EXEC GetUserTreeMenu 'pramudyono hadi','1101',@CompanyId=2;
28/06/2021 16:42:39	SQL :EXEC GetUserTreeMenu 'pramudyono hadi','1102',@CompanyId=2;
28/06/2021 16:42:39	SQL :EXEC GetUserTreeMenu 'pramudyono hadi','1103',@CompanyId=2;
28/06/2021 16:42:39	SQL :EXEC GetUserTreeMenu 'pramudyono hadi','1104',@CompanyId=2;
28/06/2021 16:42:39	SQL :EXEC GetUserTreeMenu 'pramudyono hadi','1105',@CompanyId=2;
28/06/2021 16:42:39	SQL :EXEC GetUserTreeMenu 'pramudyono hadi','1106',@CompanyId=2;
28/06/2021 16:42:39	SQL :EXEC GetUserTreeMenu 'pramudyono hadi','1107',@CompanyId=2;
28/06/2021 16:42:39	SQL :EXEC GetUserTreeMenu 'pramudyono hadi','1108',@CompanyId=2;
28/06/2021 16:42:39	SQL :EXEC GetUserTreeMenu 'pramudyono hadi','1109',@CompanyId=2;
28/06/2021 16:42:39	SQL :EXEC GetUserTreeMenu 'pramudyono hadi','1110',@CompanyId=2;
28/06/2021 16:42:39	SQL :EXEC GetUserTreeMenu 'pramudyono hadi','1111',@CompanyId=2;
28/06/2021 16:42:39	SQL :EXEC GetUserTreeMenu 'pramudyono hadi','1112',@CompanyId=2;
28/06/2021 16:42:40	SQL :EXEC GetUserTreeMenu 'pramudyono hadi','1113',@CompanyId=2;
28/06/2021 16:42:40	SQL :EXEC GetUserTreeMenu 'pramudyono hadi','1114',@CompanyId=2;
28/06/2021 16:42:40	SQL :EXEC GetUserTreeMenu 'pramudyono hadi','1115',@CompanyId=2;
28/06/2021 16:42:40	SQL :EXEC GetUserTreeMenu 'pramudyono hadi','1116',@CompanyId=2;
28/06/2021 16:42:40	SQL :EXEC GetUserTreeMenu 'pramudyono hadi','1117',@CompanyId=2;
28/06/2021 16:42:40	SQL :EXEC GetUserTreeMenu 'pramudyono hadi','1198',@CompanyId=2;
28/06/2021 16:42:40	SQL :EXEC GetUserTreeMenu 'pramudyono hadi','1199',@CompanyId=2;
28/06/2021 16:42:40	SQL :EXEC GetUserSubMenu 'pramudyono hadi','12';
28/06/2021 16:42:40	SQL :EXEC GetUserTreeMenu 'pramudyono hadi','1201',@CompanyId=2;
28/06/2021 16:42:40	SQL :EXEC GetUserTreeMenu 'pramudyono hadi','1202',@CompanyId=2;
28/06/2021 16:42:40	SQL :EXEC GetUserTreeMenu 'pramudyono hadi','1203',@CompanyId=2;
28/06/2021 16:42:40	SQL :EXEC GetUserTreeMenu 'pramudyono hadi','1204',@CompanyId=2;
28/06/2021 16:42:40	SQL :EXEC GetUserTreeMenu 'pramudyono hadi','1205',@CompanyId=2;
28/06/2021 16:42:40	SQL :EXEC GetUserTreeMenu 'pramudyono hadi','1206',@CompanyId=2;
28/06/2021 16:42:40	SQL :EXEC GetUserTreeMenu 'pramudyono hadi','1207',@CompanyId=2;
28/06/2021 16:42:40	SQL :EXEC GetUserSubMenu 'pramudyono hadi','13';
28/06/2021 16:42:40	SQL :EXEC GetUserTreeMenu 'pramudyono hadi','1301',@CompanyId=2;
28/06/2021 16:42:40	SQL :EXEC GetUserTreeMenu 'pramudyono hadi','1302',@CompanyId=2;
28/06/2021 16:42:40	SQL :EXEC GetUserTreeMenu 'pramudyono hadi','1303',@CompanyId=2;
28/06/2021 16:42:40	SQL :EXEC GetUserTreeMenu 'pramudyono hadi','1304',@CompanyId=2;
28/06/2021 16:42:40	SQL :EXEC GetUserTreeMenu 'pramudyono hadi','1305',@CompanyId=2;
28/06/2021 16:42:40	SQL :EXEC GetUserTreeMenu 'pramudyono hadi','1306',@CompanyId=2;
28/06/2021 16:42:40	SQL :EXEC GetUserTreeMenu 'pramudyono hadi','1307',@CompanyId=2;
28/06/2021 16:42:40	SQL :EXEC GetUserTreeMenu 'pramudyono hadi','1308',@CompanyId=2;
28/06/2021 16:42:40	SQL :EXEC GetUserTreeMenu 'pramudyono hadi','1309',@CompanyId=2;
28/06/2021 16:42:40	SQL :EXEC GetUserTreeMenu 'pramudyono hadi','1310',@CompanyId=2;
28/06/2021 16:42:40	SQL :EXEC GetUserTreeMenu 'pramudyono hadi','1311',@CompanyId=2;
28/06/2021 16:42:40	SQL :EXEC GetUserTreeMenu 'pramudyono hadi','1312',@CompanyId=2;
28/06/2021 16:42:41	SQL :EXEC GetUserTreeMenu 'pramudyono hadi','1313',@CompanyId=2;
28/06/2021 16:42:41	SQL :EXEC GetUserTreeMenu 'pramudyono hadi','1314',@CompanyId=2;
28/06/2021 16:42:41	SQL :EXEC GetUserTreeMenu 'pramudyono hadi','1315',@CompanyId=2;
28/06/2021 16:42:41	SQL :EXEC GetUserTreeMenu 'pramudyono hadi','1316',@CompanyId=2;
28/06/2021 16:42:41	SQL :EXEC GetUserTreeMenu 'pramudyono hadi','1317',@CompanyId=2;
28/06/2021 16:42:41	SQL :EXEC GetUserTreeMenu 'pramudyono hadi','1318',@CompanyId=2;
28/06/2021 16:42:41	SQL :EXEC GetUserTreeMenu 'pramudyono hadi','1319',@CompanyId=2;
28/06/2021 16:42:41	SQL :EXEC GetUserTreeMenu 'pramudyono hadi','1320',@CompanyId=2;
28/06/2021 16:42:41	SQL :EXEC GetUserTreeMenu 'pramudyono hadi','1321',@CompanyId=2;
28/06/2021 16:42:41	SQL :EXEC GetUserSubMenu 'pramudyono hadi','14';
28/06/2021 16:42:41	SQL :EXEC GetUserTreeMenu 'pramudyono hadi','1401',@CompanyId=2;
28/06/2021 16:42:41	SQL :EXEC GetUserTreeMenu 'pramudyono hadi','1402',@CompanyId=2;
28/06/2021 16:42:41	SQL :EXEC GetUserTreeMenu 'pramudyono hadi','1403',@CompanyId=2;
28/06/2021 16:42:41	SQL :EXEC GetUserTreeMenu 'pramudyono hadi','1404',@CompanyId=2;
28/06/2021 16:42:41	SQL :EXEC GetUserTreeMenu 'pramudyono hadi','1406',@CompanyId=2;
28/06/2021 16:42:41	SQL :EXEC GetUserTreeMenu 'pramudyono hadi','1408',@CompanyId=2;
28/06/2021 16:42:41	SQL :EXEC GetUserTreeMenu 'pramudyono hadi','1410',@CompanyId=2;
28/06/2021 16:42:41	SQL :EXEC GetUserTreeMenu 'pramudyono hadi','1411',@CompanyId=2;
28/06/2021 16:42:41	SQL :EXEC GetUserTreeMenu 'pramudyono hadi','1412',@CompanyId=2;
28/06/2021 16:42:41	SQL :EXEC GetUserTreeMenu 'pramudyono hadi','1413',@CompanyId=2;
28/06/2021 16:42:41	SQL :EXEC GetUserTreeMenu 'pramudyono hadi','1414',@CompanyId=2;
28/06/2021 16:42:41	SQL :EXEC GetUserSubMenu 'pramudyono hadi','15';
28/06/2021 16:42:41	SQL :EXEC GetUserTreeMenu 'pramudyono hadi','1501',@CompanyId=2;
28/06/2021 16:42:41	SQL :EXEC GetUserTreeMenu 'pramudyono hadi','1502',@CompanyId=2;
28/06/2021 16:42:41	SQL :EXEC GetUserTreeMenu 'pramudyono hadi','1503',@CompanyId=2;
28/06/2021 16:42:41	SQL :EXEC GetUserTreeMenu 'pramudyono hadi','1504',@CompanyId=2;
28/06/2021 16:42:41	SQL :EXEC GetUserTreeMenu 'pramudyono hadi','1505',@CompanyId=2;
28/06/2021 16:42:41	SQL :EXEC GetUserTreeMenu 'pramudyono hadi','1506',@CompanyId=2;
28/06/2021 16:42:42	SQL :EXEC GetUserTreeMenu 'pramudyono hadi','1507',@CompanyId=2;
28/06/2021 16:42:42	SQL :EXEC GetUserTreeMenu 'pramudyono hadi','1508',@CompanyId=2;
28/06/2021 16:42:42	SQL :EXEC GetUserTreeMenu 'pramudyono hadi','1509',@CompanyId=2;
28/06/2021 16:42:42	SQL :EXEC GetUserTreeMenu 'pramudyono hadi','1510',@CompanyId=2;
28/06/2021 16:42:42	SQL :EXEC GetUserTreeMenu 'pramudyono hadi','1511',@CompanyId=2;
28/06/2021 16:42:42	SQL :EXEC GetUserSubMenu 'pramudyono hadi','16';
28/06/2021 16:42:42	SQL :EXEC GetUserTreeMenu 'pramudyono hadi','1601',@CompanyId=2;
28/06/2021 16:42:42	SQL :EXEC GetUserTreeMenu 'pramudyono hadi','1602',@CompanyId=2;
28/06/2021 16:42:42	SQL :EXEC GetUserTreeMenu 'pramudyono hadi','1603',@CompanyId=2;
28/06/2021 16:42:42	SQL :EXEC GetUserTreeMenu 'pramudyono hadi','1604',@CompanyId=2;
28/06/2021 16:42:42	SQL :EXEC GetUserTreeMenu 'pramudyono hadi','1605',@CompanyId=2;
28/06/2021 16:42:42	SQL :EXEC GetUserTreeMenu 'pramudyono hadi','1606',@CompanyId=2;
28/06/2021 16:42:42	SQL :EXEC GetUserTreeMenu 'pramudyono hadi','1607',@CompanyId=2;
28/06/2021 16:42:42	SQL :EXEC GetUserTreeMenu 'pramudyono hadi','1608',@CompanyId=2;
28/06/2021 16:42:42	SQL :EXEC GetUserTreeMenu 'pramudyono hadi','1609',@CompanyId=2;
28/06/2021 16:42:42	SQL :EXEC GetUserTreeMenu 'pramudyono hadi','1610',@CompanyId=2;
28/06/2021 16:42:42	SQL :EXEC GetUserTreeMenu 'pramudyono hadi','1611',@CompanyId=2;
28/06/2021 16:42:42	SQL :EXEC GetUserTreeMenu 'pramudyono hadi','1612',@CompanyId=2;
28/06/2021 16:42:42	SQL :EXEC GetUserTreeMenu 'pramudyono hadi','1613',@CompanyId=2;
28/06/2021 16:42:42	SQL :EXEC GetUserTreeMenu 'pramudyono hadi','1614',@CompanyId=2;
28/06/2021 16:42:42	SQL :EXEC GetUserTreeMenu 'pramudyono hadi','1615',@CompanyId=2;
28/06/2021 16:42:42	SQL :EXEC GetUserTreeMenu 'pramudyono hadi','1616',@CompanyId=2;
28/06/2021 16:42:42	SQL :EXEC GetUserTreeMenu 'pramudyono hadi','1619',@CompanyId=2;
28/06/2021 16:42:43	SQL :EXEC GetUserTreeMenu 'pramudyono hadi','1620',@CompanyId=2;
28/06/2021 16:42:43	SQL :EXEC GetUserSubMenu 'pramudyono hadi','17';
28/06/2021 16:42:43	SQL :EXEC GetUserTreeMenu 'pramudyono hadi','1701',@CompanyId=2;
28/06/2021 16:42:43	SQL :EXEC GetUserTreeMenu 'pramudyono hadi','1702',@CompanyId=2;
28/06/2021 16:42:43	SQL :EXEC GetUserTreeMenu 'pramudyono hadi','1703',@CompanyId=2;
28/06/2021 16:42:43	SQL :EXEC GetUserTreeMenu 'pramudyono hadi','1704',@CompanyId=2;
28/06/2021 16:42:43	SQL :EXEC GetUserTreeMenu 'pramudyono hadi','1705',@CompanyId=2;
28/06/2021 16:42:43	SQL :EXEC GetUserTreeMenu 'pramudyono hadi','1706',@CompanyId=2;
28/06/2021 16:42:43	SQL :EXEC GetUserTreeMenu 'pramudyono hadi','1707',@CompanyId=2;
28/06/2021 16:42:43	SQL :EXEC GetUserTreeMenu 'pramudyono hadi','1708',@CompanyId=2;
28/06/2021 16:42:43	SQL :EXEC GetUserTreeMenu 'pramudyono hadi','1709',@CompanyId=2;
28/06/2021 16:42:43	SQL :EXEC GetUserTreeMenu 'pramudyono hadi','1710',@CompanyId=2;
28/06/2021 16:42:43	SQL :EXEC GetUserTreeMenu 'pramudyono hadi','1711',@CompanyId=2;
28/06/2021 16:42:43	SQL :EXEC GetUserTreeMenu 'pramudyono hadi','1712',@CompanyId=2;
28/06/2021 16:42:43	SQL :EXEC GetUserTreeMenu 'pramudyono hadi','1713',@CompanyId=2;
28/06/2021 16:42:43	SQL :EXEC GetUserTreeMenu 'pramudyono hadi','1714',@CompanyId=2;
28/06/2021 16:42:43	SQL :EXEC GetUserTreeMenu 'pramudyono hadi','1715',@CompanyId=2;
28/06/2021 16:42:43	SQL :EXEC GetUserTreeMenu 'pramudyono hadi','1716',@CompanyId=2;
28/06/2021 16:42:43	SQL :EXEC GetUserTreeMenu 'pramudyono hadi','1717',@CompanyId=2;
28/06/2021 16:42:43	SQL :EXEC GetUserSubMenu 'pramudyono hadi','18';
28/06/2021 16:42:43	SQL :EXEC GetUserTreeMenu 'pramudyono hadi','1801',@CompanyId=2;
28/06/2021 16:42:43	SQL :EXEC GetUserSubMenu 'pramudyono hadi','19';
28/06/2021 16:42:43	SQL :EXEC GetUserTreeMenu 'pramudyono hadi','1901',@CompanyId=2;
28/06/2021 16:42:43	SQL :EXEC GetUserTreeMenu 'pramudyono hadi','1902',@CompanyId=2;
28/06/2021 16:42:43	SQL :EXEC GetUserTreeMenu 'pramudyono hadi','1903',@CompanyId=2;
28/06/2021 16:42:43	SQL :EXEC GetUserTreeMenu 'pramudyono hadi','1904',@CompanyId=2;
28/06/2021 16:42:43	SQL :EXEC GetUserTreeMenu 'pramudyono hadi','1905',@CompanyId=2;
28/06/2021 16:42:43	SQL :EXEC GetUserTreeMenu 'pramudyono hadi','1906',@CompanyId=2;
28/06/2021 16:42:44	SQL :EXEC GetUserTreeMenu 'pramudyono hadi','1907',@CompanyId=2;
28/06/2021 16:42:44	SQL :EXEC GetUserTreeMenu 'pramudyono hadi','1908',@CompanyId=2;
28/06/2021 16:42:44	SQL :EXEC GetUserTreeMenu 'pramudyono hadi','1909',@CompanyId=2;
28/06/2021 16:42:44	SQL :EXEC GetUserTreeMenu 'pramudyono hadi','1910',@CompanyId=2;
28/06/2021 16:42:44	SQL :EXEC GetUserTreeMenu 'pramudyono hadi','1911',@CompanyId=2;
28/06/2021 16:42:44	SQL :EXEC GetUserTreeMenu 'pramudyono hadi','1912',@CompanyId=2;
28/06/2021 16:42:44	SQL :SELECT CONVERT(VARCHAR(8),GETDATE(),108) AS hour_minute;
28/06/2021 16:42:44	SQL :SELECT CONVERT(VARCHAR(10),GETDATE(),103) AS date_time;
28/06/2021 16:42:44	Loading Setting
28/06/2021 16:42:44	Open DB Connection
28/06/2021 16:42:44	SQL :SELECT * FROM wh_setting WHERE setting_name='Hold_Less_Deposit';
28/06/2021 16:42:44	SQL :SELECT * FROM wh_setting WHERE setting_name='Max_Less_Deposit';
28/06/2021 16:42:44	SQL :SELECT * FROM wh_setting WHERE setting_name='Dashboard_2';
28/06/2021 16:42:44	Finish Logging
28/06/2021 16:42:44	SQL :SELECT value_string FROM wh_setting WHERE (setting_name='Interval_CheckInDate') AND (active=1);
28/06/2021 16:42:44	SQL :SELECT value_string FROM wh_setting WHERE (setting_name='Interval_CheckInTime') AND (active=1);
28/06/2021 16:42:44	SQL :SELECT value_string FROM wh_setting WHERE (setting_name='ChatEnable') and (active=1);
28/06/2021 16:42:45	Message:Port Check
28/06/2021 16:42:45	Message:Open DB Connection
28/06/2021 16:42:45	SQL :EXEC GetMessage '01','pramudyono hadi';
28/06/2021 16:42:45	SQL :SELECT CONVERT(VARCHAR(8),GETDATE(),108) AS hour_minute;
28/06/2021 16:42:45	SQL :SELECT CONVERT(VARCHAR(10),GETDATE(),103) AS date_time;
28/06/2021 16:43:04	Open Menu :190505
28/06/2021 16:43:04	Open DB Connection
28/06/2021 16:43:04	SQL :EXEC AuthMenu 'pramudyono hadi',190505;
28/06/2021 16:43:04	Form Check :DailyOrderFeeRpt
28/06/2021 16:43:04	Open DB Connection
28/06/2021 16:43:04	SQL :EXEC GetCompanyLocationList
28/06/2021 16:44:01	Get Local Settings
28/06/2021 16:44:01	Start Change Local Settings
28/06/2021 16:44:01	Change short date format
28/06/2021 16:44:01	Change Long date format
28/06/2021 16:44:01	Finish Change Local Settings
28/06/2021 16:44:01	Registry Read: Path=SOFTWARE\WEHA\Aplikasi\3
28/06/2021 16:44:01	Registry Read/Write
28/06/2021 16:44:01	Registry Read: Path=SOFTWARE\WEHA\Aplikasi\3
28/06/2021 16:44:01	Create DB Object
28/06/2021 16:44:01	Init DB
28/06/2021 16:44:01	Finish Init DB
28/06/2021 16:44:01	Get File Version
28/06/2021 16:44:01	Change  Caption
28/06/2021 16:44:01	Init Shortkey
28/06/2021 16:44:04	Create DB Object
28/06/2021 16:44:04	Init DB
28/06/2021 16:44:04	Finish Init DB
28/06/2021 16:44:05	Update new version check
28/06/2021 16:44:05	Open DB Connection
28/06/2021 16:44:09	SQL :
28/06/2021 16:44:09	Update check version
28/06/2021 16:44:09	Open DB Connection
28/06/2021 16:44:09	SQL :SELECT version FROM wh_application WHERE application_id=(SELECT MAX(application_id) FROM wh_application);
28/06/2021 16:44:09	Start Login
28/06/2021 16:44:09	Open DB Connection
28/06/2021 16:44:09	SQL :EXEC AuthenticateUser 'pramudyono hadi','6f2b8366efa56f0c06dd6b31fcff8a73';
28/06/2021 16:44:10	SQL :INSERT INTO wh_log (user_id,app_date,app_version,app_version_svr,location_id,company_id,department_id,host_name,ip_address)  VALUES ('pramudyono hadi','28/06/2021','6.1.3.5','6.1.3.5',6,2,13,'DESKTOP-S1PD9OD','192.168.25.214');
28/06/2021 16:44:10	Open DB Connection
28/06/2021 16:44:10	SQL :EXEC GetUserMenu 'pramudyono hadi';
28/06/2021 16:44:10	SQL :EXEC GetUserSubMenu 'pramudyono hadi','11';
28/06/2021 16:44:10	SQL :EXEC GetUserTreeMenu 'pramudyono hadi','1101',@CompanyId=2;
28/06/2021 16:44:10	SQL :EXEC GetUserTreeMenu 'pramudyono hadi','1102',@CompanyId=2;
28/06/2021 16:44:10	SQL :EXEC GetUserTreeMenu 'pramudyono hadi','1103',@CompanyId=2;
28/06/2021 16:44:10	SQL :EXEC GetUserTreeMenu 'pramudyono hadi','1104',@CompanyId=2;
28/06/2021 16:44:10	SQL :EXEC GetUserTreeMenu 'pramudyono hadi','1105',@CompanyId=2;
28/06/2021 16:44:10	SQL :EXEC GetUserTreeMenu 'pramudyono hadi','1106',@CompanyId=2;
28/06/2021 16:44:11	SQL :EXEC GetUserTreeMenu 'pramudyono hadi','1107',@CompanyId=2;
28/06/2021 16:44:11	SQL :EXEC GetUserTreeMenu 'pramudyono hadi','1108',@CompanyId=2;
28/06/2021 16:44:11	SQL :EXEC GetUserTreeMenu 'pramudyono hadi','1109',@CompanyId=2;
28/06/2021 16:44:11	SQL :EXEC GetUserTreeMenu 'pramudyono hadi','1110',@CompanyId=2;
28/06/2021 16:44:11	SQL :EXEC GetUserTreeMenu 'pramudyono hadi','1111',@CompanyId=2;
28/06/2021 16:44:11	SQL :EXEC GetUserTreeMenu 'pramudyono hadi','1112',@CompanyId=2;
28/06/2021 16:44:11	SQL :EXEC GetUserTreeMenu 'pramudyono hadi','1113',@CompanyId=2;
28/06/2021 16:44:11	SQL :EXEC GetUserTreeMenu 'pramudyono hadi','1114',@CompanyId=2;
28/06/2021 16:44:11	SQL :EXEC GetUserTreeMenu 'pramudyono hadi','1115',@CompanyId=2;
28/06/2021 16:44:11	SQL :EXEC GetUserTreeMenu 'pramudyono hadi','1116',@CompanyId=2;
28/06/2021 16:44:11	SQL :EXEC GetUserTreeMenu 'pramudyono hadi','1117',@CompanyId=2;
28/06/2021 16:44:11	SQL :EXEC GetUserTreeMenu 'pramudyono hadi','1198',@CompanyId=2;
28/06/2021 16:44:11	SQL :EXEC GetUserTreeMenu 'pramudyono hadi','1199',@CompanyId=2;
28/06/2021 16:44:11	SQL :EXEC GetUserSubMenu 'pramudyono hadi','12';
28/06/2021 16:44:11	SQL :EXEC GetUserTreeMenu 'pramudyono hadi','1201',@CompanyId=2;
28/06/2021 16:44:11	SQL :EXEC GetUserTreeMenu 'pramudyono hadi','1202',@CompanyId=2;
28/06/2021 16:44:11	SQL :EXEC GetUserTreeMenu 'pramudyono hadi','1203',@CompanyId=2;
28/06/2021 16:44:11	SQL :EXEC GetUserTreeMenu 'pramudyono hadi','1204',@CompanyId=2;
28/06/2021 16:44:11	SQL :EXEC GetUserTreeMenu 'pramudyono hadi','1205',@CompanyId=2;
28/06/2021 16:44:11	SQL :EXEC GetUserTreeMenu 'pramudyono hadi','1206',@CompanyId=2;
28/06/2021 16:44:11	SQL :EXEC GetUserTreeMenu 'pramudyono hadi','1207',@CompanyId=2;
28/06/2021 16:44:11	SQL :EXEC GetUserSubMenu 'pramudyono hadi','13';
28/06/2021 16:44:11	SQL :EXEC GetUserTreeMenu 'pramudyono hadi','1301',@CompanyId=2;
28/06/2021 16:44:11	SQL :EXEC GetUserTreeMenu 'pramudyono hadi','1302',@CompanyId=2;
28/06/2021 16:44:11	SQL :EXEC GetUserTreeMenu 'pramudyono hadi','1303',@CompanyId=2;
28/06/2021 16:44:11	SQL :EXEC GetUserTreeMenu 'pramudyono hadi','1304',@CompanyId=2;
28/06/2021 16:44:11	SQL :EXEC GetUserTreeMenu 'pramudyono hadi','1305',@CompanyId=2;
28/06/2021 16:44:11	SQL :EXEC GetUserTreeMenu 'pramudyono hadi','1306',@CompanyId=2;
28/06/2021 16:44:11	SQL :EXEC GetUserTreeMenu 'pramudyono hadi','1307',@CompanyId=2;
28/06/2021 16:44:11	SQL :EXEC GetUserTreeMenu 'pramudyono hadi','1308',@CompanyId=2;
28/06/2021 16:44:11	SQL :EXEC GetUserTreeMenu 'pramudyono hadi','1309',@CompanyId=2;
28/06/2021 16:44:11	SQL :EXEC GetUserTreeMenu 'pramudyono hadi','1310',@CompanyId=2;
28/06/2021 16:44:11	SQL :EXEC GetUserTreeMenu 'pramudyono hadi','1311',@CompanyId=2;
28/06/2021 16:44:11	SQL :EXEC GetUserTreeMenu 'pramudyono hadi','1312',@CompanyId=2;
28/06/2021 16:44:11	SQL :EXEC GetUserTreeMenu 'pramudyono hadi','1313',@CompanyId=2;
28/06/2021 16:44:11	SQL :EXEC GetUserTreeMenu 'pramudyono hadi','1314',@CompanyId=2;
28/06/2021 16:44:11	SQL :EXEC GetUserTreeMenu 'pramudyono hadi','1315',@CompanyId=2;
28/06/2021 16:44:11	SQL :EXEC GetUserTreeMenu 'pramudyono hadi','1316',@CompanyId=2;
28/06/2021 16:44:11	SQL :EXEC GetUserTreeMenu 'pramudyono hadi','1317',@CompanyId=2;
28/06/2021 16:44:11	SQL :EXEC GetUserTreeMenu 'pramudyono hadi','1318',@CompanyId=2;
28/06/2021 16:44:11	SQL :EXEC GetUserTreeMenu 'pramudyono hadi','1319',@CompanyId=2;
28/06/2021 16:44:11	SQL :EXEC GetUserTreeMenu 'pramudyono hadi','1320',@CompanyId=2;
28/06/2021 16:44:11	SQL :EXEC GetUserTreeMenu 'pramudyono hadi','1321',@CompanyId=2;
28/06/2021 16:44:11	SQL :EXEC GetUserSubMenu 'pramudyono hadi','14';
28/06/2021 16:44:11	SQL :EXEC GetUserTreeMenu 'pramudyono hadi','1401',@CompanyId=2;
28/06/2021 16:44:11	SQL :EXEC GetUserTreeMenu 'pramudyono hadi','1402',@CompanyId=2;
28/06/2021 16:44:11	SQL :EXEC GetUserTreeMenu 'pramudyono hadi','1403',@CompanyId=2;
28/06/2021 16:44:11	SQL :EXEC GetUserTreeMenu 'pramudyono hadi','1404',@CompanyId=2;
28/06/2021 16:44:11	SQL :EXEC GetUserTreeMenu 'pramudyono hadi','1406',@CompanyId=2;
28/06/2021 16:44:11	SQL :EXEC GetUserTreeMenu 'pramudyono hadi','1408',@CompanyId=2;
28/06/2021 16:44:11	SQL :EXEC GetUserTreeMenu 'pramudyono hadi','1410',@CompanyId=2;
28/06/2021 16:44:11	SQL :EXEC GetUserTreeMenu 'pramudyono hadi','1411',@CompanyId=2;
28/06/2021 16:44:11	SQL :EXEC GetUserTreeMenu 'pramudyono hadi','1412',@CompanyId=2;
28/06/2021 16:44:11	SQL :EXEC GetUserTreeMenu 'pramudyono hadi','1413',@CompanyId=2;
28/06/2021 16:44:11	SQL :EXEC GetUserTreeMenu 'pramudyono hadi','1414',@CompanyId=2;
28/06/2021 16:44:11	SQL :EXEC GetUserSubMenu 'pramudyono hadi','15';
28/06/2021 16:44:11	SQL :EXEC GetUserTreeMenu 'pramudyono hadi','1501',@CompanyId=2;
28/06/2021 16:44:11	SQL :EXEC GetUserTreeMenu 'pramudyono hadi','1502',@CompanyId=2;
28/06/2021 16:44:11	SQL :EXEC GetUserTreeMenu 'pramudyono hadi','1503',@CompanyId=2;
28/06/2021 16:44:11	SQL :EXEC GetUserTreeMenu 'pramudyono hadi','1504',@CompanyId=2;
28/06/2021 16:44:11	SQL :EXEC GetUserTreeMenu 'pramudyono hadi','1505',@CompanyId=2;
28/06/2021 16:44:11	SQL :EXEC GetUserTreeMenu 'pramudyono hadi','1506',@CompanyId=2;
28/06/2021 16:44:11	SQL :EXEC GetUserTreeMenu 'pramudyono hadi','1507',@CompanyId=2;
28/06/2021 16:44:11	SQL :EXEC GetUserTreeMenu 'pramudyono hadi','1508',@CompanyId=2;
28/06/2021 16:44:11	SQL :EXEC GetUserTreeMenu 'pramudyono hadi','1509',@CompanyId=2;
28/06/2021 16:44:11	SQL :EXEC GetUserTreeMenu 'pramudyono hadi','1510',@CompanyId=2;
28/06/2021 16:44:11	SQL :EXEC GetUserTreeMenu 'pramudyono hadi','1511',@CompanyId=2;
28/06/2021 16:44:11	SQL :EXEC GetUserSubMenu 'pramudyono hadi','16';
28/06/2021 16:44:11	SQL :EXEC GetUserTreeMenu 'pramudyono hadi','1601',@CompanyId=2;
28/06/2021 16:44:11	SQL :EXEC GetUserTreeMenu 'pramudyono hadi','1602',@CompanyId=2;
28/06/2021 16:44:11	SQL :EXEC GetUserTreeMenu 'pramudyono hadi','1603',@CompanyId=2;
28/06/2021 16:44:11	SQL :EXEC GetUserTreeMenu 'pramudyono hadi','1604',@CompanyId=2;
28/06/2021 16:44:11	SQL :EXEC GetUserTreeMenu 'pramudyono hadi','1605',@CompanyId=2;
28/06/2021 16:44:11	SQL :EXEC GetUserTreeMenu 'pramudyono hadi','1606',@CompanyId=2;
28/06/2021 16:44:11	SQL :EXEC GetUserTreeMenu 'pramudyono hadi','1607',@CompanyId=2;
28/06/2021 16:44:12	SQL :EXEC GetUserTreeMenu 'pramudyono hadi','1608',@CompanyId=2;
28/06/2021 16:44:12	SQL :EXEC GetUserTreeMenu 'pramudyono hadi','1609',@CompanyId=2;
28/06/2021 16:44:12	SQL :EXEC GetUserTreeMenu 'pramudyono hadi','1610',@CompanyId=2;
28/06/2021 16:44:12	SQL :EXEC GetUserTreeMenu 'pramudyono hadi','1611',@CompanyId=2;
28/06/2021 16:44:12	SQL :EXEC GetUserTreeMenu 'pramudyono hadi','1612',@CompanyId=2;
28/06/2021 16:44:12	SQL :EXEC GetUserTreeMenu 'pramudyono hadi','1613',@CompanyId=2;
28/06/2021 16:44:12	SQL :EXEC GetUserTreeMenu 'pramudyono hadi','1614',@CompanyId=2;
28/06/2021 16:44:12	SQL :EXEC GetUserTreeMenu 'pramudyono hadi','1615',@CompanyId=2;
28/06/2021 16:44:12	SQL :EXEC GetUserTreeMenu 'pramudyono hadi','1616',@CompanyId=2;
28/06/2021 16:44:12	SQL :EXEC GetUserTreeMenu 'pramudyono hadi','1619',@CompanyId=2;
28/06/2021 16:44:12	SQL :EXEC GetUserTreeMenu 'pramudyono hadi','1620',@CompanyId=2;
28/06/2021 16:44:12	SQL :EXEC GetUserSubMenu 'pramudyono hadi','17';
28/06/2021 16:44:12	SQL :EXEC GetUserTreeMenu 'pramudyono hadi','1701',@CompanyId=2;
28/06/2021 16:44:12	SQL :EXEC GetUserTreeMenu 'pramudyono hadi','1702',@CompanyId=2;
28/06/2021 16:44:12	SQL :EXEC GetUserTreeMenu 'pramudyono hadi','1703',@CompanyId=2;
28/06/2021 16:44:12	SQL :EXEC GetUserTreeMenu 'pramudyono hadi','1704',@CompanyId=2;
28/06/2021 16:44:12	SQL :EXEC GetUserTreeMenu 'pramudyono hadi','1705',@CompanyId=2;
28/06/2021 16:44:12	SQL :EXEC GetUserTreeMenu 'pramudyono hadi','1706',@CompanyId=2;
28/06/2021 16:44:12	SQL :EXEC GetUserTreeMenu 'pramudyono hadi','1707',@CompanyId=2;
28/06/2021 16:44:12	SQL :EXEC GetUserTreeMenu 'pramudyono hadi','1708',@CompanyId=2;
28/06/2021 16:44:12	SQL :EXEC GetUserTreeMenu 'pramudyono hadi','1709',@CompanyId=2;
28/06/2021 16:44:12	SQL :EXEC GetUserTreeMenu 'pramudyono hadi','1710',@CompanyId=2;
28/06/2021 16:44:12	SQL :EXEC GetUserTreeMenu 'pramudyono hadi','1711',@CompanyId=2;
28/06/2021 16:44:12	SQL :EXEC GetUserTreeMenu 'pramudyono hadi','1712',@CompanyId=2;
28/06/2021 16:44:12	SQL :EXEC GetUserTreeMenu 'pramudyono hadi','1713',@CompanyId=2;
28/06/2021 16:44:12	SQL :EXEC GetUserTreeMenu 'pramudyono hadi','1714',@CompanyId=2;
28/06/2021 16:44:12	SQL :EXEC GetUserTreeMenu 'pramudyono hadi','1715',@CompanyId=2;
28/06/2021 16:44:12	SQL :EXEC GetUserTreeMenu 'pramudyono hadi','1716',@CompanyId=2;
28/06/2021 16:44:12	SQL :EXEC GetUserTreeMenu 'pramudyono hadi','1717',@CompanyId=2;
28/06/2021 16:44:12	SQL :EXEC GetUserSubMenu 'pramudyono hadi','18';
28/06/2021 16:44:12	SQL :EXEC GetUserTreeMenu 'pramudyono hadi','1801',@CompanyId=2;
28/06/2021 16:44:12	SQL :EXEC GetUserSubMenu 'pramudyono hadi','19';
28/06/2021 16:44:12	SQL :EXEC GetUserTreeMenu 'pramudyono hadi','1901',@CompanyId=2;
28/06/2021 16:44:12	SQL :EXEC GetUserTreeMenu 'pramudyono hadi','1902',@CompanyId=2;
28/06/2021 16:44:12	SQL :EXEC GetUserTreeMenu 'pramudyono hadi','1903',@CompanyId=2;
28/06/2021 16:44:12	SQL :EXEC GetUserTreeMenu 'pramudyono hadi','1904',@CompanyId=2;
28/06/2021 16:44:12	SQL :EXEC GetUserTreeMenu 'pramudyono hadi','1905',@CompanyId=2;
28/06/2021 16:44:12	SQL :EXEC GetUserTreeMenu 'pramudyono hadi','1906',@CompanyId=2;
28/06/2021 16:44:12	SQL :EXEC GetUserTreeMenu 'pramudyono hadi','1907',@CompanyId=2;
28/06/2021 16:44:12	SQL :EXEC GetUserTreeMenu 'pramudyono hadi','1908',@CompanyId=2;
28/06/2021 16:44:12	SQL :EXEC GetUserTreeMenu 'pramudyono hadi','1909',@CompanyId=2;
28/06/2021 16:44:12	SQL :EXEC GetUserTreeMenu 'pramudyono hadi','1910',@CompanyId=2;
28/06/2021 16:44:12	SQL :EXEC GetUserTreeMenu 'pramudyono hadi','1911',@CompanyId=2;
28/06/2021 16:44:12	SQL :EXEC GetUserTreeMenu 'pramudyono hadi','1912',@CompanyId=2;
28/06/2021 16:44:12	SQL :SELECT CONVERT(VARCHAR(8),GETDATE(),108) AS hour_minute;
28/06/2021 16:44:12	SQL :SELECT CONVERT(VARCHAR(10),GETDATE(),103) AS date_time;
28/06/2021 16:44:12	Loading Setting
28/06/2021 16:44:12	Open DB Connection
28/06/2021 16:44:12	SQL :SELECT * FROM wh_setting WHERE setting_name='Hold_Less_Deposit';
28/06/2021 16:44:12	SQL :SELECT * FROM wh_setting WHERE setting_name='Max_Less_Deposit';
28/06/2021 16:44:12	SQL :SELECT * FROM wh_setting WHERE setting_name='Dashboard_2';
28/06/2021 16:44:12	Finish Logging
28/06/2021 16:44:12	SQL :SELECT value_string FROM wh_setting WHERE (setting_name='Interval_CheckInDate') AND (active=1);
28/06/2021 16:44:12	SQL :SELECT value_string FROM wh_setting WHERE (setting_name='Interval_CheckInTime') AND (active=1);
28/06/2021 16:44:12	SQL :SELECT value_string FROM wh_setting WHERE (setting_name='ChatEnable') and (active=1);
28/06/2021 16:44:13	Message:Port Check
28/06/2021 16:44:13	Message:Open DB Connection
28/06/2021 16:44:13	SQL :EXEC GetMessage '01','pramudyono hadi';
28/06/2021 16:44:13	SQL :SELECT CONVERT(VARCHAR(8),GETDATE(),108) AS hour_minute;
28/06/2021 16:44:13	SQL :SELECT CONVERT(VARCHAR(10),GETDATE(),103) AS date_time;
28/06/2021 16:44:25	Open Menu :190505
28/06/2021 16:44:25	Open DB Connection
28/06/2021 16:44:25	SQL :EXEC AuthMenu 'pramudyono hadi',190505;
28/06/2021 16:44:25	Form Check :DailyOrderFeeRpt
28/06/2021 16:44:25	Open DB Connection
28/06/2021 16:44:25	SQL :EXEC GetCompanyLocationList
28/06/2021 16:49:29	Form Check :OrderFee
28/06/2021 16:49:29	Form Open: OrderFee=SJBRB21060888,0
28/06/2021 16:49:30	Open DB Connection
28/06/2021 16:49:30	SQL :SELECT value_string FROM wh_setting WHERE (setting_name='OrderFee_Form_Day_CompanyId_2') and (active=1);
28/06/2021 16:49:30	SQL :SELECT value_string FROM wh_setting WHERE (setting_name='OrderFee_Form_Days_CompanyId_2') and (active=1);
28/06/2021 16:49:30	SQL :SELECT value_string FROM wh_setting WHERE (setting_name='Show_eToll_CompanyId_2') and (active=1);
28/06/2021 16:49:30	SQL :SELECT * FROM wh_setting WHERE (setting_name='Lock_Budget_CompanyId_2') AND (active=1);
28/06/2021 16:49:30	SQL :SELECT * FROM wh_setting WHERE (setting_name='Allow_UnlockBudget_NULL_CompanyId_2') AND (active=1);
28/06/2021 16:49:30	Open DB Connection
28/06/2021 16:49:30	SQL :SELECT * FROM wh_setting WHERE (setting_name='Lock_Budget_Integrate_CompanyId_2') AND (active=1);
28/06/2021 16:49:30	SQL :EXEC GetVhcOutDetail 'SJBRB21060888';
28/06/2021 16:49:31	SQL :EXEC GetCustomerOrderServiceList 'COWDC21050240';
28/06/2021 16:49:31	SQL :EXEC GetPrice;
28/06/2021 16:49:36	Open Menu :131205
28/06/2021 16:49:36	Open DB Connection
28/06/2021 16:49:36	SQL :EXEC AuthMenu 'pramudyono hadi',131205;
28/06/2021 16:49:36	Form Check :OrderFeeAdd
28/06/2021 16:49:36	Form Open: ProductPriceList=,-1
28/06/2021 16:49:37	Open DB Connection
28/06/2021 16:49:37	SQL :SELECT value_string FROM wh_setting WHERE (setting_name='OrderFee_Form_Day_CompanyId_2') and (active=1);
28/06/2021 16:49:37	SQL :SELECT value_string FROM wh_setting WHERE (setting_name='OrderFee_Form_Days_CompanyId_2') and (active=1);
28/06/2021 16:49:37	SQL :SELECT value_string FROM wh_setting WHERE (setting_name='Show_eToll_CompanyId_2') and (active=1);
28/06/2021 16:49:37	SQL :EXEC GetPrice;
28/06/2021 16:49:38	Form Check :SPJBusList
28/06/2021 16:49:38	Form Open: ProductPriceList=OrderFee-Additional,0,0,2
28/06/2021 16:49:38	Open DB Connection
28/06/2021 16:49:38	SQL :EXEC GetCompanyLocationList
28/06/2021 16:49:38	Open DB Connection
28/06/2021 16:49:38	SQL :EXEC GetVhcOutList2 6,1,2,@AllFoward=-2,@InOut=2;
28/06/2021 16:49:52	Open DB Connection
28/06/2021 16:49:52	SQL :SELECT * FROM wh_setting WHERE (setting_name='Lock_Budget_Integrate_CompanyId_2') AND (active=1);
28/06/2021 16:49:52	SQL :EXEC GetVhcOutDetail 'SJBRB21060888';
28/06/2021 16:54:41	Message:Port Check
28/06/2021 16:54:41	Message:Open DB Connection
28/06/2021 16:54:41	SQL :EXEC GetMessage '01','pramudyono hadi';
28/06/2021 16:54:41	SQL :SELECT CONVERT(VARCHAR(8),GETDATE(),108) AS hour_minute;
28/06/2021 16:54:41	SQL :SELECT CONVERT(VARCHAR(10),GETDATE(),103) AS date_time;
28/06/2021 17:04:47	Message:Port Check
28/06/2021 17:04:47	Message:Open DB Connection
28/06/2021 17:04:47	SQL :EXEC GetMessage '01','pramudyono hadi';
28/06/2021 17:04:47	SQL :SELECT CONVERT(VARCHAR(8),GETDATE(),108) AS hour_minute;
28/06/2021 17:04:47	SQL :SELECT CONVERT(VARCHAR(10),GETDATE(),103) AS date_time;
28/06/2021 17:14:54	Message:Port Check
28/06/2021 17:14:54	Message:Open DB Connection
28/06/2021 17:14:54	SQL :EXEC GetMessage '01','pramudyono hadi';
28/06/2021 17:14:54	SQL :SELECT CONVERT(VARCHAR(8),GETDATE(),108) AS hour_minute;
28/06/2021 17:14:54	SQL :SELECT CONVERT(VARCHAR(10),GETDATE(),103) AS date_time;
28/06/2021 17:25:00	Message:Port Check
28/06/2021 17:25:00	Message:Open DB Connection
28/06/2021 17:25:00	SQL :EXEC GetMessage '01','pramudyono hadi';
28/06/2021 17:25:00	SQL :SELECT CONVERT(VARCHAR(8),GETDATE(),108) AS hour_minute;
28/06/2021 17:25:00	SQL :SELECT CONVERT(VARCHAR(10),GETDATE(),103) AS date_time;
28/06/2021 17:27:57	Location change from6
28/06/2021 17:27:57	Open DB Connection
28/06/2021 17:28:12	Open DB Connection
28/06/2021 17:28:12	SQL :UPDATE wh_user SET company_location_id=26 WHERE username='pramudyono hadi';
28/06/2021 17:28:12	Location change to2-6
28/06/2021 17:28:12	Open DB Connection
28/06/2021 17:28:12	SQL :EXEC GetUserMenu 'pramudyono hadi';
28/06/2021 17:28:12	SQL :EXEC GetUserSubMenu 'pramudyono hadi','11';
28/06/2021 17:28:12	SQL :EXEC GetUserTreeMenu 'pramudyono hadi','1101',@CompanyId=9;
28/06/2021 17:28:12	SQL :EXEC GetUserTreeMenu 'pramudyono hadi','1102',@CompanyId=9;
28/06/2021 17:28:12	SQL :EXEC GetUserTreeMenu 'pramudyono hadi','1103',@CompanyId=9;
28/06/2021 17:28:12	SQL :EXEC GetUserTreeMenu 'pramudyono hadi','1104',@CompanyId=9;
28/06/2021 17:28:12	SQL :EXEC GetUserTreeMenu 'pramudyono hadi','1105',@CompanyId=9;
28/06/2021 17:28:12	SQL :EXEC GetUserTreeMenu 'pramudyono hadi','1106',@CompanyId=9;
28/06/2021 17:28:12	SQL :EXEC GetUserTreeMenu 'pramudyono hadi','1107',@CompanyId=9;
28/06/2021 17:28:12	SQL :EXEC GetUserTreeMenu 'pramudyono hadi','1108',@CompanyId=9;
28/06/2021 17:28:12	SQL :EXEC GetUserTreeMenu 'pramudyono hadi','1109',@CompanyId=9;
28/06/2021 17:28:12	SQL :EXEC GetUserTreeMenu 'pramudyono hadi','1110',@CompanyId=9;
28/06/2021 17:28:12	SQL :EXEC GetUserTreeMenu 'pramudyono hadi','1111',@CompanyId=9;
28/06/2021 17:28:12	SQL :EXEC GetUserTreeMenu 'pramudyono hadi','1112',@CompanyId=9;
28/06/2021 17:28:12	SQL :EXEC GetUserTreeMenu 'pramudyono hadi','1113',@CompanyId=9;
28/06/2021 17:28:12	SQL :EXEC GetUserTreeMenu 'pramudyono hadi','1114',@CompanyId=9;
28/06/2021 17:28:12	SQL :EXEC GetUserTreeMenu 'pramudyono hadi','1115',@CompanyId=9;
28/06/2021 17:28:12	SQL :EXEC GetUserTreeMenu 'pramudyono hadi','1116',@CompanyId=9;
28/06/2021 17:28:12	SQL :EXEC GetUserTreeMenu 'pramudyono hadi','1117',@CompanyId=9;
28/06/2021 17:28:12	SQL :EXEC GetUserTreeMenu 'pramudyono hadi','1198',@CompanyId=9;
28/06/2021 17:28:12	SQL :EXEC GetUserTreeMenu 'pramudyono hadi','1199',@CompanyId=9;
28/06/2021 17:28:13	SQL :EXEC GetUserSubMenu 'pramudyono hadi','12';
28/06/2021 17:28:13	SQL :EXEC GetUserTreeMenu 'pramudyono hadi','1201',@CompanyId=9;
28/06/2021 17:28:13	SQL :EXEC GetUserTreeMenu 'pramudyono hadi','1202',@CompanyId=9;
28/06/2021 17:28:13	SQL :EXEC GetUserTreeMenu 'pramudyono hadi','1203',@CompanyId=9;
28/06/2021 17:28:13	SQL :EXEC GetUserTreeMenu 'pramudyono hadi','1204',@CompanyId=9;
28/06/2021 17:28:13	SQL :EXEC GetUserTreeMenu 'pramudyono hadi','1205',@CompanyId=9;
28/06/2021 17:28:13	SQL :EXEC GetUserTreeMenu 'pramudyono hadi','1206',@CompanyId=9;
28/06/2021 17:28:13	SQL :EXEC GetUserTreeMenu 'pramudyono hadi','1207',@CompanyId=9;
28/06/2021 17:28:13	SQL :EXEC GetUserSubMenu 'pramudyono hadi','13';
28/06/2021 17:28:13	SQL :EXEC GetUserTreeMenu 'pramudyono hadi','1301',@CompanyId=9;
28/06/2021 17:28:13	SQL :EXEC GetUserTreeMenu 'pramudyono hadi','1302',@CompanyId=9;
28/06/2021 17:28:13	SQL :EXEC GetUserTreeMenu 'pramudyono hadi','1303',@CompanyId=9;
28/06/2021 17:28:13	SQL :EXEC GetUserTreeMenu 'pramudyono hadi','1304',@CompanyId=9;
28/06/2021 17:28:13	SQL :EXEC GetUserTreeMenu 'pramudyono hadi','1305',@CompanyId=9;
28/06/2021 17:28:13	SQL :EXEC GetUserTreeMenu 'pramudyono hadi','1306',@CompanyId=9;
28/06/2021 17:28:13	SQL :EXEC GetUserTreeMenu 'pramudyono hadi','1307',@CompanyId=9;
28/06/2021 17:28:13	SQL :EXEC GetUserTreeMenu 'pramudyono hadi','1308',@CompanyId=9;
28/06/2021 17:28:13	SQL :EXEC GetUserTreeMenu 'pramudyono hadi','1309',@CompanyId=9;
28/06/2021 17:28:13	SQL :EXEC GetUserTreeMenu 'pramudyono hadi','1310',@CompanyId=9;
28/06/2021 17:28:13	SQL :EXEC GetUserTreeMenu 'pramudyono hadi','1311',@CompanyId=9;
28/06/2021 17:28:13	SQL :EXEC GetUserTreeMenu 'pramudyono hadi','1312',@CompanyId=9;
28/06/2021 17:28:13	SQL :EXEC GetUserTreeMenu 'pramudyono hadi','1313',@CompanyId=9;
28/06/2021 17:28:13	SQL :EXEC GetUserTreeMenu 'pramudyono hadi','1314',@CompanyId=9;
28/06/2021 17:28:13	SQL :EXEC GetUserTreeMenu 'pramudyono hadi','1315',@CompanyId=9;
28/06/2021 17:28:13	SQL :EXEC GetUserTreeMenu 'pramudyono hadi','1316',@CompanyId=9;
28/06/2021 17:28:13	SQL :EXEC GetUserTreeMenu 'pramudyono hadi','1317',@CompanyId=9;
28/06/2021 17:28:13	SQL :EXEC GetUserTreeMenu 'pramudyono hadi','1318',@CompanyId=9;
28/06/2021 17:28:13	SQL :EXEC GetUserTreeMenu 'pramudyono hadi','1319',@CompanyId=9;
28/06/2021 17:28:13	SQL :EXEC GetUserTreeMenu 'pramudyono hadi','1320',@CompanyId=9;
28/06/2021 17:28:13	SQL :EXEC GetUserTreeMenu 'pramudyono hadi','1321',@CompanyId=9;
28/06/2021 17:28:14	SQL :EXEC GetUserSubMenu 'pramudyono hadi','14';
28/06/2021 17:28:14	SQL :EXEC GetUserTreeMenu 'pramudyono hadi','1401',@CompanyId=9;
28/06/2021 17:28:14	SQL :EXEC GetUserTreeMenu 'pramudyono hadi','1402',@CompanyId=9;
28/06/2021 17:28:14	SQL :EXEC GetUserTreeMenu 'pramudyono hadi','1403',@CompanyId=9;
28/06/2021 17:28:14	SQL :EXEC GetUserTreeMenu 'pramudyono hadi','1404',@CompanyId=9;
28/06/2021 17:28:14	SQL :EXEC GetUserTreeMenu 'pramudyono hadi','1406',@CompanyId=9;
28/06/2021 17:28:14	SQL :EXEC GetUserTreeMenu 'pramudyono hadi','1408',@CompanyId=9;
28/06/2021 17:28:14	SQL :EXEC GetUserTreeMenu 'pramudyono hadi','1410',@CompanyId=9;
28/06/2021 17:28:14	SQL :EXEC GetUserTreeMenu 'pramudyono hadi','1411',@CompanyId=9;
28/06/2021 17:28:14	SQL :EXEC GetUserTreeMenu 'pramudyono hadi','1412',@CompanyId=9;
28/06/2021 17:28:14	SQL :EXEC GetUserTreeMenu 'pramudyono hadi','1413',@CompanyId=9;
28/06/2021 17:28:14	SQL :EXEC GetUserTreeMenu 'pramudyono hadi','1414',@CompanyId=9;
28/06/2021 17:28:14	SQL :EXEC GetUserSubMenu 'pramudyono hadi','15';
28/06/2021 17:28:14	SQL :EXEC GetUserTreeMenu 'pramudyono hadi','1501',@CompanyId=9;
28/06/2021 17:28:14	SQL :EXEC GetUserTreeMenu 'pramudyono hadi','1502',@CompanyId=9;
28/06/2021 17:28:14	SQL :EXEC GetUserTreeMenu 'pramudyono hadi','1503',@CompanyId=9;
28/06/2021 17:28:14	SQL :EXEC GetUserTreeMenu 'pramudyono hadi','1504',@CompanyId=9;
28/06/2021 17:28:14	SQL :EXEC GetUserTreeMenu 'pramudyono hadi','1505',@CompanyId=9;
28/06/2021 17:28:14	SQL :EXEC GetUserTreeMenu 'pramudyono hadi','1506',@CompanyId=9;
28/06/2021 17:28:14	SQL :EXEC GetUserTreeMenu 'pramudyono hadi','1507',@CompanyId=9;
28/06/2021 17:28:14	SQL :EXEC GetUserTreeMenu 'pramudyono hadi','1508',@CompanyId=9;
28/06/2021 17:28:14	SQL :EXEC GetUserTreeMenu 'pramudyono hadi','1509',@CompanyId=9;
28/06/2021 17:28:14	SQL :EXEC GetUserTreeMenu 'pramudyono hadi','1510',@CompanyId=9;
28/06/2021 17:28:14	SQL :EXEC GetUserTreeMenu 'pramudyono hadi','1511',@CompanyId=9;
28/06/2021 17:28:15	SQL :EXEC GetUserSubMenu 'pramudyono hadi','16';
28/06/2021 17:28:15	SQL :EXEC GetUserTreeMenu 'pramudyono hadi','1601',@CompanyId=9;
28/06/2021 17:28:15	SQL :EXEC GetUserTreeMenu 'pramudyono hadi','1602',@CompanyId=9;
28/06/2021 17:28:15	SQL :EXEC GetUserTreeMenu 'pramudyono hadi','1603',@CompanyId=9;
28/06/2021 17:28:15	SQL :EXEC GetUserTreeMenu 'pramudyono hadi','1604',@CompanyId=9;
28/06/2021 17:28:15	SQL :EXEC GetUserTreeMenu 'pramudyono hadi','1605',@CompanyId=9;
28/06/2021 17:28:15	SQL :EXEC GetUserTreeMenu 'pramudyono hadi','1606',@CompanyId=9;
28/06/2021 17:28:15	SQL :EXEC GetUserTreeMenu 'pramudyono hadi','1607',@CompanyId=9;
28/06/2021 17:28:15	SQL :EXEC GetUserTreeMenu 'pramudyono hadi','1608',@CompanyId=9;
28/06/2021 17:28:15	SQL :EXEC GetUserTreeMenu 'pramudyono hadi','1609',@CompanyId=9;
28/06/2021 17:28:15	SQL :EXEC GetUserTreeMenu 'pramudyono hadi','1610',@CompanyId=9;
28/06/2021 17:28:15	SQL :EXEC GetUserTreeMenu 'pramudyono hadi','1611',@CompanyId=9;
28/06/2021 17:28:15	SQL :EXEC GetUserTreeMenu 'pramudyono hadi','1612',@CompanyId=9;
28/06/2021 17:28:15	SQL :EXEC GetUserTreeMenu 'pramudyono hadi','1613',@CompanyId=9;
28/06/2021 17:28:15	SQL :EXEC GetUserTreeMenu 'pramudyono hadi','1614',@CompanyId=9;
28/06/2021 17:28:15	SQL :EXEC GetUserTreeMenu 'pramudyono hadi','1615',@CompanyId=9;
28/06/2021 17:28:15	SQL :EXEC GetUserTreeMenu 'pramudyono hadi','1616',@CompanyId=9;
28/06/2021 17:28:15	SQL :EXEC GetUserTreeMenu 'pramudyono hadi','1619',@CompanyId=9;
28/06/2021 17:28:15	SQL :EXEC GetUserTreeMenu 'pramudyono hadi','1620',@CompanyId=9;
28/06/2021 17:28:15	SQL :EXEC GetUserSubMenu 'pramudyono hadi','17';
28/06/2021 17:28:15	SQL :EXEC GetUserTreeMenu 'pramudyono hadi','1701',@CompanyId=9;
28/06/2021 17:28:15	SQL :EXEC GetUserTreeMenu 'pramudyono hadi','1702',@CompanyId=9;
28/06/2021 17:28:15	SQL :EXEC GetUserTreeMenu 'pramudyono hadi','1703',@CompanyId=9;
28/06/2021 17:28:15	SQL :EXEC GetUserTreeMenu 'pramudyono hadi','1704',@CompanyId=9;
28/06/2021 17:28:15	SQL :EXEC GetUserTreeMenu 'pramudyono hadi','1705',@CompanyId=9;
28/06/2021 17:28:15	SQL :EXEC GetUserTreeMenu 'pramudyono hadi','1706',@CompanyId=9;
28/06/2021 17:28:15	SQL :EXEC GetUserTreeMenu 'pramudyono hadi','1707',@CompanyId=9;
28/06/2021 17:28:15	SQL :EXEC GetUserTreeMenu 'pramudyono hadi','1708',@CompanyId=9;
28/06/2021 17:28:15	SQL :EXEC GetUserTreeMenu 'pramudyono hadi','1709',@CompanyId=9;
28/06/2021 17:28:16	SQL :EXEC GetUserTreeMenu 'pramudyono hadi','1710',@CompanyId=9;
28/06/2021 17:28:16	SQL :EXEC GetUserTreeMenu 'pramudyono hadi','1711',@CompanyId=9;
28/06/2021 17:28:16	SQL :EXEC GetUserTreeMenu 'pramudyono hadi','1712',@CompanyId=9;
28/06/2021 17:28:16	SQL :EXEC GetUserTreeMenu 'pramudyono hadi','1713',@CompanyId=9;
28/06/2021 17:28:16	SQL :EXEC GetUserTreeMenu 'pramudyono hadi','1714',@CompanyId=9;
28/06/2021 17:28:16	SQL :EXEC GetUserTreeMenu 'pramudyono hadi','1715',@CompanyId=9;
28/06/2021 17:28:16	SQL :EXEC GetUserTreeMenu 'pramudyono hadi','1716',@CompanyId=9;
28/06/2021 17:28:16	SQL :EXEC GetUserTreeMenu 'pramudyono hadi','1717',@CompanyId=9;
28/06/2021 17:28:16	SQL :EXEC GetUserSubMenu 'pramudyono hadi','18';
28/06/2021 17:28:16	SQL :EXEC GetUserTreeMenu 'pramudyono hadi','1801',@CompanyId=9;
28/06/2021 17:28:16	SQL :EXEC GetUserSubMenu 'pramudyono hadi','19';
28/06/2021 17:28:16	SQL :EXEC GetUserTreeMenu 'pramudyono hadi','1901',@CompanyId=9;
28/06/2021 17:28:16	SQL :EXEC GetUserTreeMenu 'pramudyono hadi','1902',@CompanyId=9;
28/06/2021 17:28:16	SQL :EXEC GetUserTreeMenu 'pramudyono hadi','1903',@CompanyId=9;
28/06/2021 17:28:16	SQL :EXEC GetUserTreeMenu 'pramudyono hadi','1904',@CompanyId=9;
28/06/2021 17:28:16	SQL :EXEC GetUserTreeMenu 'pramudyono hadi','1905',@CompanyId=9;
28/06/2021 17:28:16	SQL :EXEC GetUserTreeMenu 'pramudyono hadi','1906',@CompanyId=9;
28/06/2021 17:28:16	SQL :EXEC GetUserTreeMenu 'pramudyono hadi','1907',@CompanyId=9;
28/06/2021 17:28:16	SQL :EXEC GetUserTreeMenu 'pramudyono hadi','1908',@CompanyId=9;
28/06/2021 17:28:16	SQL :EXEC GetUserTreeMenu 'pramudyono hadi','1909',@CompanyId=9;
28/06/2021 17:28:16	SQL :EXEC GetUserTreeMenu 'pramudyono hadi','1910',@CompanyId=9;
28/06/2021 17:28:16	SQL :EXEC GetUserTreeMenu 'pramudyono hadi','1911',@CompanyId=9;
28/06/2021 17:28:16	SQL :EXEC GetUserTreeMenu 'pramudyono hadi','1912',@CompanyId=9;
28/06/2021 17:28:42	Open Menu :190507
28/06/2021 17:28:42	Open DB Connection
28/06/2021 17:28:42	SQL :EXEC AuthMenu 'pramudyono hadi',190507;
28/06/2021 17:28:42	Form Check :BusRunningDaysminiRpt
28/06/2021 17:28:42	Form Open: BusRunningDaysMiniRpt=,0
28/06/2021 17:28:42	Open DB Connection
28/06/2021 17:28:42	SQL :EXEC GetCompanyLocationList
28/06/2021 17:28:42	SQL :EXEC GetUserRDLocationList @UserName='pramudyono hadi' ;
28/06/2021 17:28:42	SQL :EXEC GetGroup 9;
28/06/2021 17:28:43	Open DB Connection
28/06/2021 17:28:51	Open DB Connection
28/06/2021 17:28:54	Open DB Connection
28/06/2021 17:28:54	SQL :SELECT * FROM wh_setting WHERE (setting_name='ServiceBerkala_as_PKB_9') AND (active=1);
28/06/2021 17:28:54	Open DB Connection
28/06/2021 17:28:54	SQL :EXEC GetVhcList 14,@CompanyId=9,@BatchId=14,@Seat=34,@OrderBy='h.vhc_batch_id,seat,license_plate',@ShowBatch=1,@Dates='2021/06/30';
28/06/2021 17:28:54	SQL :EXEC GetRunningDaysDetail 'BS15090001',@FromDate='2021-06-01',@ToDate='2021-06-30', @CompanyId=9;
28/06/2021 17:28:55	SQL :EXEC GetRunningDaysDetail 'BS15090004',@FromDate='2021-06-01',@ToDate='2021-06-30', @CompanyId=9;
28/06/2021 17:28:55	SQL :EXEC GetRunningDaysDetail 'BS15090009',@FromDate='2021-06-01',@ToDate='2021-06-30', @CompanyId=9;
28/06/2021 17:29:01	Form Check :Setting
28/06/2021 17:29:01	Form Open: Setting
28/06/2021 17:29:09	Form Check :OrderForm
28/06/2021 17:29:09	Form Open: OrderForm=COPKT21060017,0,,0
28/06/2021 17:29:09	Open DB Connection
28/06/2021 17:29:09	SQL :EXEC GetProductPriceList 9,@LocationId=14,@ContractId='';
28/06/2021 17:29:09	Open DB Connection
28/06/2021 17:29:09	SQL :EXEC GetOrderServiceType;
28/06/2021 17:29:09	SQL :EXEC GetTransactionType 'Order';
28/06/2021 17:29:09	Open DB Connection
28/06/2021 17:29:09	SQL :SELECT dbo.GetUsername('pramudyono hadi') AS sales UNION ALL SELECT dbo.GetUsername(username) AS sales FROM wh_user a LEFT JOIN wh_user_detail b ON b.user_id=a.username LEFT JOIN wh_company_location c ON c.company_location_id=a.company_location_id WHERE (b.department_id=14) AND (c.location_id='14');
28/06/2021 17:29:09	SQL :SELECT dbo.GetUsername('pramudyono hadi') AS sales;
28/06/2021 17:29:09	Open DB Connection
28/06/2021 17:29:09	SQL :EXEC GetCustomerOrderDetail 'COPKT21060017';
28/06/2021 17:29:10	Open DB Connection
28/06/2021 17:29:10	SQL :EXEC GetCustomerOrderDetailList 'COPKT21060017';
28/06/2021 17:29:11	SQL :EXEC GetCustomerOrderServiceList 'COPKT21060017';
28/06/2021 17:29:11	Open DB Connection
28/06/2021 17:29:11	Open DB Connection
28/06/2021 17:29:21	Form Check :OrderForm
28/06/2021 17:29:21	Form Open: OrderForm=COPKT21060017,0,,0
28/06/2021 17:29:21	Open DB Connection
28/06/2021 17:29:21	SQL :EXEC GetProductPriceList 9,@LocationId=14,@ContractId='';
28/06/2021 17:29:21	Open DB Connection
28/06/2021 17:29:21	SQL :EXEC GetOrderServiceType;
28/06/2021 17:29:21	SQL :EXEC GetTransactionType 'Order';
28/06/2021 17:29:21	Open DB Connection
28/06/2021 17:29:21	SQL :SELECT dbo.GetUsername('pramudyono hadi') AS sales UNION ALL SELECT dbo.GetUsername(username) AS sales FROM wh_user a LEFT JOIN wh_user_detail b ON b.user_id=a.username LEFT JOIN wh_company_location c ON c.company_location_id=a.company_location_id WHERE (b.department_id=14) AND (c.location_id='14');
28/06/2021 17:29:21	SQL :SELECT dbo.GetUsername('pramudyono hadi') AS sales;
28/06/2021 17:29:21	Open DB Connection
28/06/2021 17:29:21	SQL :EXEC GetCustomerOrderDetail 'COPKT21060017';
28/06/2021 17:29:22	Open DB Connection
28/06/2021 17:29:22	SQL :EXEC GetCustomerOrderDetailList 'COPKT21060017';
28/06/2021 17:29:22	SQL :EXEC GetCustomerOrderServiceList 'COPKT21060017';
28/06/2021 17:29:22	Open DB Connection
28/06/2021 17:29:22	Open DB Connection
28/06/2021 17:29:51	Form Check :OrderForm
28/06/2021 17:29:51	Form Open: OrderForm=COPKT21060017,0,,0
28/06/2021 17:29:51	Open DB Connection
28/06/2021 17:29:51	SQL :EXEC GetProductPriceList 9,@LocationId=14,@ContractId='';
28/06/2021 17:29:51	Open DB Connection
28/06/2021 17:29:51	SQL :EXEC GetOrderServiceType;
28/06/2021 17:29:51	SQL :EXEC GetTransactionType 'Order';
28/06/2021 17:29:51	Open DB Connection
28/06/2021 17:29:51	SQL :SELECT dbo.GetUsername('pramudyono hadi') AS sales UNION ALL SELECT dbo.GetUsername(username) AS sales FROM wh_user a LEFT JOIN wh_user_detail b ON b.user_id=a.username LEFT JOIN wh_company_location c ON c.company_location_id=a.company_location_id WHERE (b.department_id=14) AND (c.location_id='14');
28/06/2021 17:29:51	SQL :SELECT dbo.GetUsername('pramudyono hadi') AS sales;
28/06/2021 17:29:51	Open DB Connection
28/06/2021 17:29:51	SQL :EXEC GetCustomerOrderDetail 'COPKT21060017';
28/06/2021 17:29:51	Open DB Connection
28/06/2021 17:29:51	SQL :EXEC GetCustomerOrderDetailList 'COPKT21060017';
28/06/2021 17:29:52	SQL :EXEC GetCustomerOrderServiceList 'COPKT21060017';
28/06/2021 17:29:52	Open DB Connection
28/06/2021 17:29:52	Open DB Connection
28/06/2021 17:30:14	Open Menu :130717
28/06/2021 17:30:14	Open DB Connection
28/06/2021 17:30:14	SQL :EXEC AuthMenu 'pramudyono hadi',130717;
28/06/2021 17:30:15	Form Check :OrderList
28/06/2021 17:30:15	Form Open: OrderList=Bus,WaitingList-Allocate,,20,,0,0,0
28/06/2021 17:30:15	Open DB Connection
28/06/2021 17:30:15	SQL :EXEC GetCompanyLocationList
28/06/2021 17:30:16	Open DB Connection
28/06/2021 17:30:16	SQL :EXEC GetCustomerOrderList 9,@LocationId=14,@Finish=20 ;
28/06/2021 17:35:24	Message:Port Check
28/06/2021 17:35:24	Message:Open DB Connection
28/06/2021 17:35:24	SQL :EXEC GetMessage '01','pramudyono hadi';
28/06/2021 17:35:24	SQL :SELECT CONVERT(VARCHAR(8),GETDATE(),108) AS hour_minute;
28/06/2021 17:35:24	SQL :SELECT CONVERT(VARCHAR(10),GETDATE(),103) AS date_time;
28/06/2021 17:36:57	Open DB Connection
28/06/2021 17:36:58	Open DB Connection
28/06/2021 17:36:58	SQL :SELECT * FROM wh_setting WHERE (setting_name='ServiceBerkala_as_PKB_9') AND (active=1);
28/06/2021 17:36:58	Open DB Connection
28/06/2021 17:36:58	SQL :EXEC GetVhcList 14,@CompanyId=9,@OrderBy='h.vhc_batch_id,seat,license_plate',@ShowBatch=1,@Dates='2021/06/30';
28/06/2021 17:36:58	SQL :EXEC GetRunningDaysDetail 'BS15090019',@FromDate='2021-06-01',@ToDate='2021-06-30', @CompanyId=9;
28/06/2021 17:36:59	SQL :EXEC GetRunningDaysDetail 'BS15090018',@FromDate='2021-06-01',@ToDate='2021-06-30', @CompanyId=9;
28/06/2021 17:36:59	SQL :EXEC GetRunningDaysDetail 'BS15090027',@FromDate='2021-06-01',@ToDate='2021-06-30', @CompanyId=9;
28/06/2021 17:37:00	SQL :EXEC GetRunningDaysDetail 'BS15090017',@FromDate='2021-06-01',@ToDate='2021-06-30', @CompanyId=9;
28/06/2021 17:37:01	SQL :EXEC GetRunningDaysDetail 'BS15090016',@FromDate='2021-06-01',@ToDate='2021-06-30', @CompanyId=9;
28/06/2021 17:37:01	SQL :EXEC GetRunningDaysDetail 'BS15090031',@FromDate='2021-06-01',@ToDate='2021-06-30', @CompanyId=9;
28/06/2021 17:37:02	SQL :EXEC GetRunningDaysDetail 'BS15090030',@FromDate='2021-06-01',@ToDate='2021-06-30', @CompanyId=9;
28/06/2021 17:37:02	SQL :EXEC GetRunningDaysDetail 'BS15090001',@FromDate='2021-06-01',@ToDate='2021-06-30', @CompanyId=9;
28/06/2021 17:37:03	SQL :EXEC GetRunningDaysDetail 'BS15090004',@FromDate='2021-06-01',@ToDate='2021-06-30', @CompanyId=9;
28/06/2021 17:37:03	SQL :EXEC GetRunningDaysDetail 'BS15090009',@FromDate='2021-06-01',@ToDate='2021-06-30', @CompanyId=9;
28/06/2021 17:37:04	SQL :EXEC GetRunningDaysDetail 'BS920050001',@FromDate='2021-06-01',@ToDate='2021-06-30', @CompanyId=9;
28/06/2021 17:37:04	SQL :EXEC GetRunningDaysDetail 'BS17100019',@FromDate='2021-06-01',@ToDate='2021-06-30', @CompanyId=9;
28/06/2021 17:37:06	SQL :EXEC GetRunningDaysDetail 'BS1118070004',@FromDate='2021-06-01',@ToDate='2021-06-30', @CompanyId=9;
28/06/2021 17:37:06	SQL :EXEC GetRunningDaysDetail 'BU00000023',@FromDate='2021-06-01',@ToDate='2021-06-30', @CompanyId=9;
28/06/2021 17:37:08	Open DB Connection
28/06/2021 17:37:08	SQL :SELECT value FROM wh_dashboard WHERE (name='persen_utilisasi')AND(company_id=9)AND(location_id=14)AND(month=6)AND(year=2021);
28/06/2021 17:37:08	SQL :UPDATE wh_dashboard SET value='13 %',update_time=GETDATE(),update_user='pramudyono hadi' WHERE (name='persen_utilisasi')AND(company_id=9)AND(location_id=14)AND(month=6) AND (year=2021);
28/06/2021 17:37:10	Form Check :OrderForm
28/06/2021 17:37:10	Form Open: OrderForm=COPKT21060019,0,,0
28/06/2021 17:37:10	Open DB Connection
28/06/2021 17:37:10	SQL :EXEC GetProductPriceList 9,@LocationId=14,@ContractId='';
28/06/2021 17:37:11	Open DB Connection
28/06/2021 17:37:11	SQL :EXEC GetOrderServiceType;
28/06/2021 17:37:11	SQL :EXEC GetTransactionType 'Order';
28/06/2021 17:37:11	Open DB Connection
28/06/2021 17:37:11	SQL :SELECT dbo.GetUsername('pramudyono hadi') AS sales UNION ALL SELECT dbo.GetUsername(username) AS sales FROM wh_user a LEFT JOIN wh_user_detail b ON b.user_id=a.username LEFT JOIN wh_company_location c ON c.company_location_id=a.company_location_id WHERE (b.department_id=14) AND (c.location_id='14');
28/06/2021 17:37:11	SQL :SELECT dbo.GetUsername('pramudyono hadi') AS sales;
28/06/2021 17:37:11	Open DB Connection
28/06/2021 17:37:11	SQL :EXEC GetCustomerOrderDetail 'COPKT21060019';
28/06/2021 17:37:11	Open DB Connection
28/06/2021 17:37:11	SQL :EXEC GetCustomerOrderDetailList 'COPKT21060019';
28/06/2021 17:37:11	SQL :EXEC GetCustomerOrderServiceList 'COPKT21060019';
28/06/2021 17:37:11	Open DB Connection
28/06/2021 17:37:11	Open DB Connection
28/06/2021 17:37:26	Form Check :OrderForm
28/06/2021 17:37:26	Form Open: OrderForm=COPKT21060017,0,,0
28/06/2021 17:37:26	Open DB Connection
28/06/2021 17:37:26	SQL :EXEC GetProductPriceList 9,@LocationId=14,@ContractId='';
28/06/2021 17:37:26	Open DB Connection
28/06/2021 17:37:26	SQL :EXEC GetOrderServiceType;
28/06/2021 17:37:26	SQL :EXEC GetTransactionType 'Order';
28/06/2021 17:37:26	Open DB Connection
28/06/2021 17:37:26	SQL :SELECT dbo.GetUsername('pramudyono hadi') AS sales UNION ALL SELECT dbo.GetUsername(username) AS sales FROM wh_user a LEFT JOIN wh_user_detail b ON b.user_id=a.username LEFT JOIN wh_company_location c ON c.company_location_id=a.company_location_id WHERE (b.department_id=14) AND (c.location_id='14');
28/06/2021 17:37:26	SQL :SELECT dbo.GetUsername('pramudyono hadi') AS sales;
28/06/2021 17:37:26	Open DB Connection
28/06/2021 17:37:26	SQL :EXEC GetCustomerOrderDetail 'COPKT21060017';
28/06/2021 17:37:27	Open DB Connection
28/06/2021 17:37:27	SQL :EXEC GetCustomerOrderDetailList 'COPKT21060017';
28/06/2021 17:37:27	SQL :EXEC GetCustomerOrderServiceList 'COPKT21060017';
28/06/2021 17:37:27	Open DB Connection
28/06/2021 17:37:27	Open DB Connection
28/06/2021 17:45:37	Message:Port Check
28/06/2021 17:45:37	Message:Open DB Connection
28/06/2021 17:45:37	SQL :EXEC GetMessage '01','pramudyono hadi';
28/06/2021 17:45:37	SQL :SELECT CONVERT(VARCHAR(8),GETDATE(),108) AS hour_minute;
28/06/2021 17:45:37	SQL :SELECT CONVERT(VARCHAR(10),GETDATE(),103) AS date_time;
28/06/2021 17:55:43	Message:Port Check
28/06/2021 17:55:43	Message:Open DB Connection
28/06/2021 17:55:43	SQL :EXEC GetMessage '01','pramudyono hadi';
28/06/2021 17:55:43	SQL :SELECT CONVERT(VARCHAR(8),GETDATE(),108) AS hour_minute;
28/06/2021 17:55:43	SQL :SELECT CONVERT(VARCHAR(10),GETDATE(),103) AS date_time;
28/06/2021 18:05:49	Message:Port Check
28/06/2021 18:05:49	Message:Open DB Connection
28/06/2021 18:05:49	SQL :EXEC GetMessage '01','pramudyono hadi';
28/06/2021 18:05:49	SQL :SELECT CONVERT(VARCHAR(8),GETDATE(),108) AS hour_minute;
28/06/2021 18:05:49	SQL :SELECT CONVERT(VARCHAR(10),GETDATE(),103) AS date_time;
28/06/2021 18:21:15	Message:Port Check
28/06/2021 18:21:15	Message:Open DB Connection
28/06/2021 18:21:15	SQL :EXEC GetMessage '01','pramudyono hadi';
28/06/2021 18:21:15	SQL :SELECT CONVERT(VARCHAR(8),GETDATE(),108) AS hour_minute;
28/06/2021 18:21:15	SQL :SELECT CONVERT(VARCHAR(10),GETDATE(),103) AS date_time;
28/06/2021 18:31:22	Message:Port Check
28/06/2021 18:31:22	Message:Open DB Connection
28/06/2021 18:31:22	SQL :EXEC GetMessage '01','pramudyono hadi';
28/06/2021 18:31:22	SQL :SELECT CONVERT(VARCHAR(8),GETDATE(),108) AS hour_minute;
28/06/2021 18:31:22	SQL :SELECT CONVERT(VARCHAR(10),GETDATE(),103) AS date_time;
28/06/2021 18:41:29	Message:Port Check
28/06/2021 18:41:29	Message:Open DB Connection
28/06/2021 18:41:29	SQL :EXEC GetMessage '01','pramudyono hadi';
28/06/2021 18:41:29	SQL :SELECT CONVERT(VARCHAR(8),GETDATE(),108) AS hour_minute;
28/06/2021 18:41:29	SQL :SELECT CONVERT(VARCHAR(10),GETDATE(),103) AS date_time;
28/06/2021 18:56:44	Message:Port Check
28/06/2021 18:56:44	Message:Open DB Connection
28/06/2021 18:56:44	SQL :EXEC GetMessage '01','pramudyono hadi';
28/06/2021 18:56:44	SQL :SELECT CONVERT(VARCHAR(8),GETDATE(),108) AS hour_minute;
28/06/2021 18:56:44	SQL :SELECT CONVERT(VARCHAR(10),GETDATE(),103) AS date_time;
28/06/2021 19:06:51	Message:Port Check
28/06/2021 19:06:51	Message:Open DB Connection
28/06/2021 19:06:51	SQL :EXEC GetMessage '01','pramudyono hadi';
28/06/2021 19:06:51	SQL :SELECT CONVERT(VARCHAR(8),GETDATE(),108) AS hour_minute;
28/06/2021 19:06:51	SQL :SELECT CONVERT(VARCHAR(10),GETDATE(),103) AS date_time;
28/06/2021 19:16:58	Message:Port Check
28/06/2021 19:16:58	Message:Open DB Connection
28/06/2021 19:16:58	SQL :EXEC GetMessage '01','pramudyono hadi';
28/06/2021 19:16:58	SQL :SELECT CONVERT(VARCHAR(8),GETDATE(),108) AS hour_minute;
28/06/2021 19:16:58	SQL :SELECT CONVERT(VARCHAR(10),GETDATE(),103) AS date_time;
28/06/2021 19:32:45	Message:Port Check
28/06/2021 19:32:45	Message:Open DB Connection
28/06/2021 19:32:45	SQL :EXEC GetMessage '01','pramudyono hadi';
28/06/2021 19:32:45	SQL :SELECT CONVERT(VARCHAR(8),GETDATE(),108) AS hour_minute;
28/06/2021 19:32:45	SQL :SELECT CONVERT(VARCHAR(10),GETDATE(),103) AS date_time;
28/06/2021 19:42:50	Message:Port Check
28/06/2021 19:42:50	Message:Open DB Connection
28/06/2021 19:42:50	SQL :EXEC GetMessage '01','pramudyono hadi';
28/06/2021 19:42:51	SQL :SELECT CONVERT(VARCHAR(8),GETDATE(),108) AS hour_minute;
28/06/2021 19:42:51	SQL :SELECT CONVERT(VARCHAR(10),GETDATE(),103) AS date_time;
28/06/2021 19:52:57	Message:Port Check
28/06/2021 19:52:57	Message:Open DB Connection
28/06/2021 19:52:57	SQL :EXEC GetMessage '01','pramudyono hadi';
28/06/2021 19:52:57	SQL :SELECT CONVERT(VARCHAR(8),GETDATE(),108) AS hour_minute;
28/06/2021 19:52:57	SQL :SELECT CONVERT(VARCHAR(10),GETDATE(),103) AS date_time;
28/06/2021 20:11:40	Message:Port Check
28/06/2021 20:11:40	Message:Open DB Connection
28/06/2021 20:11:40	SQL :EXEC GetMessage '01','pramudyono hadi';
28/06/2021 20:11:40	SQL :SELECT CONVERT(VARCHAR(8),GETDATE(),108) AS hour_minute;
28/06/2021 20:11:41	SQL :SELECT CONVERT(VARCHAR(10),GETDATE(),103) AS date_time;
28/06/2021 20:21:46	Message:Port Check
28/06/2021 20:21:46	Message:Open DB Connection
28/06/2021 20:21:46	SQL :EXEC GetMessage '01','pramudyono hadi';
28/06/2021 20:21:46	SQL :SELECT CONVERT(VARCHAR(8),GETDATE(),108) AS hour_minute;
28/06/2021 20:21:47	SQL :SELECT CONVERT(VARCHAR(10),GETDATE(),103) AS date_time;
28/06/2021 20:31:53	Message:Port Check
28/06/2021 20:31:53	Message:Open DB Connection
28/06/2021 20:31:53	SQL :EXEC GetMessage '01','pramudyono hadi';
28/06/2021 20:31:53	SQL :SELECT CONVERT(VARCHAR(8),GETDATE(),108) AS hour_minute;
28/06/2021 20:31:53	SQL :SELECT CONVERT(VARCHAR(10),GETDATE(),103) AS date_time;
28/06/2021 20:54:50	Message:Port Check
28/06/2021 20:54:50	Message:Open DB Connection
28/06/2021 20:54:50	SQL :EXEC GetMessage '01','pramudyono hadi';
28/06/2021 20:54:50	SQL :SELECT CONVERT(VARCHAR(8),GETDATE(),108) AS hour_minute;
28/06/2021 20:54:50	SQL :SELECT CONVERT(VARCHAR(10),GETDATE(),103) AS date_time;
28/06/2021 21:04:56	Message:Port Check
28/06/2021 21:04:56	Message:Open DB Connection
28/06/2021 21:04:56	SQL :EXEC GetMessage '01','pramudyono hadi';
28/06/2021 21:04:56	SQL :SELECT CONVERT(VARCHAR(8),GETDATE(),108) AS hour_minute;
28/06/2021 21:04:56	SQL :SELECT CONVERT(VARCHAR(10),GETDATE(),103) AS date_time;
28/06/2021 21:15:03	Message:Port Check
28/06/2021 21:15:03	Message:Open DB Connection
28/06/2021 21:15:03	SQL :EXEC GetMessage '01','pramudyono hadi';
28/06/2021 21:15:03	SQL :SELECT CONVERT(VARCHAR(8),GETDATE(),108) AS hour_minute;
28/06/2021 21:15:03	SQL :SELECT CONVERT(VARCHAR(10),GETDATE(),103) AS date_time;
28/06/2021 21:25:12	Message:Port Check
28/06/2021 21:25:12	Message:Open DB Connection
28/06/2021 21:25:12	SQL :EXEC GetMessage '01','pramudyono hadi';
28/06/2021 21:25:12	SQL :SELECT CONVERT(VARCHAR(8),GETDATE(),108) AS hour_minute;
28/06/2021 21:25:12	SQL :SELECT CONVERT(VARCHAR(10),GETDATE(),103) AS date_time;
28/06/2021 21:35:18	Message:Port Check
28/06/2021 21:35:18	Message:Open DB Connection
28/06/2021 21:35:18	SQL :EXEC GetMessage '01','pramudyono hadi';
28/06/2021 21:35:18	SQL :SELECT CONVERT(VARCHAR(8),GETDATE(),108) AS hour_minute;
28/06/2021 21:35:18	SQL :SELECT CONVERT(VARCHAR(10),GETDATE(),103) AS date_time;
28/06/2021 21:45:25	Message:Port Check
28/06/2021 21:45:25	Message:Open DB Connection
28/06/2021 21:45:25	SQL :EXEC GetMessage '01','pramudyono hadi';
28/06/2021 21:45:25	SQL :SELECT CONVERT(VARCHAR(8),GETDATE(),108) AS hour_minute;
28/06/2021 21:45:25	SQL :SELECT CONVERT(VARCHAR(10),GETDATE(),103) AS date_time;
28/06/2021 21:56:07	Message:Port Check
28/06/2021 21:56:07	Message:Open DB Connection
28/06/2021 21:56:07	SQL :EXEC GetMessage '01','pramudyono hadi';
28/06/2021 21:56:08	SQL :SELECT CONVERT(VARCHAR(8),GETDATE(),108) AS hour_minute;
28/06/2021 21:56:08	SQL :SELECT CONVERT(VARCHAR(10),GETDATE(),103) AS date_time;
28/06/2021 22:06:14	Message:Port Check
28/06/2021 22:06:14	Message:Open DB Connection
28/06/2021 22:06:14	SQL :EXEC GetMessage '01','pramudyono hadi';
28/06/2021 22:06:14	SQL :SELECT CONVERT(VARCHAR(8),GETDATE(),108) AS hour_minute;
28/06/2021 22:06:14	SQL :SELECT CONVERT(VARCHAR(10),GETDATE(),103) AS date_time;
28/06/2021 22:16:21	Message:Port Check
28/06/2021 22:16:21	Message:Open DB Connection
28/06/2021 22:16:21	SQL :EXEC GetMessage '01','pramudyono hadi';
28/06/2021 22:16:21	SQL :SELECT CONVERT(VARCHAR(8),GETDATE(),108) AS hour_minute;
28/06/2021 22:16:21	SQL :SELECT CONVERT(VARCHAR(10),GETDATE(),103) AS date_time;
28/06/2021 22:34:12	Message:Port Check
28/06/2021 22:34:12	Message:Open DB Connection
28/06/2021 22:34:12	SQL :EXEC GetMessage '01','pramudyono hadi';
28/06/2021 22:34:13	SQL :SELECT CONVERT(VARCHAR(8),GETDATE(),108) AS hour_minute;
28/06/2021 22:34:13	SQL :SELECT CONVERT(VARCHAR(10),GETDATE(),103) AS date_time;
28/06/2021 22:44:20	Message:Port Check
28/06/2021 22:44:20	Message:Open DB Connection
28/06/2021 22:44:20	SQL :EXEC GetMessage '01','pramudyono hadi';
28/06/2021 22:44:20	SQL :SELECT CONVERT(VARCHAR(8),GETDATE(),108) AS hour_minute;
28/06/2021 22:44:20	SQL :SELECT CONVERT(VARCHAR(10),GETDATE(),103) AS date_time;
28/06/2021 22:54:28	Message:Port Check
28/06/2021 22:54:28	Message:Open DB Connection
28/06/2021 22:54:28	SQL :EXEC GetMessage '01','pramudyono hadi';
28/06/2021 22:54:28	SQL :SELECT CONVERT(VARCHAR(8),GETDATE(),108) AS hour_minute;
28/06/2021 22:54:28	SQL :SELECT CONVERT(VARCHAR(10),GETDATE(),103) AS date_time;
28/06/2021 23:08:53	Message:Port Check
28/06/2021 23:08:53	Message:Open DB Connection
28/06/2021 23:08:53	SQL :EXEC GetMessage '01','pramudyono hadi';
28/06/2021 23:08:53	SQL :SELECT CONVERT(VARCHAR(8),GETDATE(),108) AS hour_minute;
28/06/2021 23:08:53	SQL :SELECT CONVERT(VARCHAR(10),GETDATE(),103) AS date_time;
28/06/2021 23:19:00	Message:Port Check
28/06/2021 23:19:00	Message:Open DB Connection
28/06/2021 23:19:00	SQL :EXEC GetMessage '01','pramudyono hadi';
28/06/2021 23:19:00	SQL :SELECT CONVERT(VARCHAR(8),GETDATE(),108) AS hour_minute;
28/06/2021 23:19:00	SQL :SELECT CONVERT(VARCHAR(10),GETDATE(),103) AS date_time;
28/06/2021 23:29:07	Message:Port Check
28/06/2021 23:29:07	Message:Open DB Connection
28/06/2021 23:29:07	SQL :EXEC GetMessage '01','pramudyono hadi';
28/06/2021 23:29:07	SQL :SELECT CONVERT(VARCHAR(8),GETDATE(),108) AS hour_minute;
28/06/2021 23:29:07	SQL :SELECT CONVERT(VARCHAR(10),GETDATE(),103) AS date_time;
28/06/2021 23:40:47	Message:Port Check
28/06/2021 23:40:47	Message:Open DB Connection
28/06/2021 23:40:47	SQL :EXEC GetMessage '01','pramudyono hadi';
28/06/2021 23:40:47	SQL :SELECT CONVERT(VARCHAR(8),GETDATE(),108) AS hour_minute;
28/06/2021 23:40:48	SQL :SELECT CONVERT(VARCHAR(10),GETDATE(),103) AS date_time;
28/06/2021 23:50:53	Message:Port Check
28/06/2021 23:50:53	Message:Open DB Connection
28/06/2021 23:50:53	SQL :EXEC GetMessage '01','pramudyono hadi';
28/06/2021 23:50:53	SQL :SELECT CONVERT(VARCHAR(8),GETDATE(),108) AS hour_minute;
28/06/2021 23:50:53	SQL :SELECT CONVERT(VARCHAR(10),GETDATE(),103) AS date_time;
29/06/2021 00:01:00	Message:Port Check
29/06/2021 00:01:00	Message:Open DB Connection
29/06/2021 00:01:00	SQL :EXEC GetMessage '01','pramudyono hadi';
29/06/2021 00:01:01	SQL :SELECT CONVERT(VARCHAR(8),GETDATE(),108) AS hour_minute;
29/06/2021 00:01:01	SQL :SELECT CONVERT(VARCHAR(10),GETDATE(),103) AS date_time;
29/06/2021 00:11:40	Message:Port Check
29/06/2021 00:11:40	Message:Open DB Connection
29/06/2021 00:11:40	SQL :EXEC GetMessage '01','pramudyono hadi';
29/06/2021 00:11:40	SQL :SELECT CONVERT(VARCHAR(8),GETDATE(),108) AS hour_minute;
29/06/2021 00:11:40	SQL :SELECT CONVERT(VARCHAR(10),GETDATE(),103) AS date_time;
29/06/2021 00:21:46	Message:Port Check
29/06/2021 00:21:46	Message:Open DB Connection
29/06/2021 00:21:46	SQL :EXEC GetMessage '01','pramudyono hadi';
29/06/2021 00:21:46	SQL :SELECT CONVERT(VARCHAR(8),GETDATE(),108) AS hour_minute;
29/06/2021 00:21:46	SQL :SELECT CONVERT(VARCHAR(10),GETDATE(),103) AS date_time;
29/06/2021 00:31:51	Message:Port Check
29/06/2021 00:31:51	Message:Open DB Connection
29/06/2021 00:31:51	SQL :EXEC GetMessage '01','pramudyono hadi';
29/06/2021 00:31:52	SQL :SELECT CONVERT(VARCHAR(8),GETDATE(),108) AS hour_minute;
29/06/2021 00:31:52	SQL :SELECT CONVERT(VARCHAR(10),GETDATE(),103) AS date_time;
29/06/2021 00:43:20	Message:Port Check
29/06/2021 00:43:20	Message:Open DB Connection
29/06/2021 00:43:20	SQL :EXEC GetMessage '01','pramudyono hadi';
29/06/2021 00:43:20	SQL :SELECT CONVERT(VARCHAR(8),GETDATE(),108) AS hour_minute;
29/06/2021 00:43:20	SQL :SELECT CONVERT(VARCHAR(10),GETDATE(),103) AS date_time;
29/06/2021 00:53:26	Message:Port Check
29/06/2021 00:53:26	Message:Open DB Connection
29/06/2021 00:53:26	SQL :EXEC GetMessage '01','pramudyono hadi';
29/06/2021 00:53:26	SQL :SELECT CONVERT(VARCHAR(8),GETDATE(),108) AS hour_minute;
29/06/2021 00:53:26	SQL :SELECT CONVERT(VARCHAR(10),GETDATE(),103) AS date_time;
29/06/2021 01:03:33	Message:Port Check
29/06/2021 01:03:33	Message:Open DB Connection
29/06/2021 01:03:33	SQL :EXEC GetMessage '01','pramudyono hadi';
29/06/2021 01:03:33	SQL :SELECT CONVERT(VARCHAR(8),GETDATE(),108) AS hour_minute;
29/06/2021 01:03:33	SQL :SELECT CONVERT(VARCHAR(10),GETDATE(),103) AS date_time;
29/06/2021 01:19:35	Message:Port Check
29/06/2021 01:19:35	Message:Open DB Connection
29/06/2021 01:19:35	SQL :EXEC GetMessage '01','pramudyono hadi';
29/06/2021 01:19:35	SQL :SELECT CONVERT(VARCHAR(8),GETDATE(),108) AS hour_minute;
29/06/2021 01:19:35	SQL :SELECT CONVERT(VARCHAR(10),GETDATE(),103) AS date_time;
29/06/2021 01:29:43	Message:Port Check
29/06/2021 01:29:43	Message:Open DB Connection
29/06/2021 01:29:43	SQL :EXEC GetMessage '01','pramudyono hadi';
29/06/2021 01:29:43	SQL :SELECT CONVERT(VARCHAR(8),GETDATE(),108) AS hour_minute;
29/06/2021 01:29:43	SQL :SELECT CONVERT(VARCHAR(10),GETDATE(),103) AS date_time;
29/06/2021 01:39:51	Message:Port Check
29/06/2021 01:39:51	Message:Open DB Connection
29/06/2021 01:39:51	SQL :EXEC GetMessage '01','pramudyono hadi';
29/06/2021 01:39:51	SQL :SELECT CONVERT(VARCHAR(8),GETDATE(),108) AS hour_minute;
29/06/2021 01:39:51	SQL :SELECT CONVERT(VARCHAR(10),GETDATE(),103) AS date_time;
29/06/2021 01:55:19	Message:Port Check
29/06/2021 01:55:19	Message:Open DB Connection
29/06/2021 01:55:19	SQL :EXEC GetMessage '01','pramudyono hadi';
29/06/2021 01:55:19	SQL :SELECT CONVERT(VARCHAR(8),GETDATE(),108) AS hour_minute;
29/06/2021 01:55:19	SQL :SELECT CONVERT(VARCHAR(10),GETDATE(),103) AS date_time;
29/06/2021 02:05:26	Message:Port Check
29/06/2021 02:05:26	Message:Open DB Connection
29/06/2021 02:05:26	SQL :EXEC GetMessage '01','pramudyono hadi';
29/06/2021 02:05:26	SQL :SELECT CONVERT(VARCHAR(8),GETDATE(),108) AS hour_minute;
29/06/2021 02:05:26	SQL :SELECT CONVERT(VARCHAR(10),GETDATE(),103) AS date_time;
29/06/2021 02:15:34	Message:Port Check
29/06/2021 02:15:34	Message:Open DB Connection
29/06/2021 02:15:34	SQL :EXEC GetMessage '01','pramudyono hadi';
29/06/2021 02:15:34	SQL :SELECT CONVERT(VARCHAR(8),GETDATE(),108) AS hour_minute;
29/06/2021 02:15:34	SQL :SELECT CONVERT(VARCHAR(10),GETDATE(),103) AS date_time;
29/06/2021 02:34:25	Message:Port Check
29/06/2021 02:34:25	Message:Open DB Connection
29/06/2021 02:34:25	SQL :EXEC GetMessage '01','pramudyono hadi';
29/06/2021 02:34:25	SQL :SELECT CONVERT(VARCHAR(8),GETDATE(),108) AS hour_minute;
29/06/2021 02:34:25	SQL :SELECT CONVERT(VARCHAR(10),GETDATE(),103) AS date_time;
29/06/2021 02:44:32	Message:Port Check
29/06/2021 02:44:32	Message:Open DB Connection
29/06/2021 02:44:32	SQL :EXEC GetMessage '01','pramudyono hadi';
29/06/2021 02:44:32	SQL :SELECT CONVERT(VARCHAR(8),GETDATE(),108) AS hour_minute;
29/06/2021 02:44:32	SQL :SELECT CONVERT(VARCHAR(10),GETDATE(),103) AS date_time;
29/06/2021 02:54:39	Message:Port Check
29/06/2021 02:54:39	Message:Open DB Connection
29/06/2021 02:54:39	SQL :EXEC GetMessage '01','pramudyono hadi';
29/06/2021 02:54:39	SQL :SELECT CONVERT(VARCHAR(8),GETDATE(),108) AS hour_minute;
29/06/2021 02:54:39	SQL :SELECT CONVERT(VARCHAR(10),GETDATE(),103) AS date_time;
29/06/2021 03:10:04	Message:Port Check
29/06/2021 03:10:04	Message:Open DB Connection
29/06/2021 03:10:04	SQL :EXEC GetMessage '01','pramudyono hadi';
29/06/2021 03:10:04	SQL :SELECT CONVERT(VARCHAR(8),GETDATE(),108) AS hour_minute;
29/06/2021 03:10:04	SQL :SELECT CONVERT(VARCHAR(10),GETDATE(),103) AS date_time;
29/06/2021 03:20:11	Message:Port Check
29/06/2021 03:20:11	Message:Open DB Connection
29/06/2021 03:20:11	SQL :EXEC GetMessage '01','pramudyono hadi';
29/06/2021 03:20:11	SQL :SELECT CONVERT(VARCHAR(8),GETDATE(),108) AS hour_minute;
29/06/2021 03:20:11	SQL :SELECT CONVERT(VARCHAR(10),GETDATE(),103) AS date_time;
29/06/2021 03:30:18	Message:Port Check
29/06/2021 03:30:18	Message:Open DB Connection
29/06/2021 03:30:18	SQL :EXEC GetMessage '01','pramudyono hadi';
29/06/2021 03:30:18	SQL :SELECT CONVERT(VARCHAR(8),GETDATE(),108) AS hour_minute;
29/06/2021 03:30:18	SQL :SELECT CONVERT(VARCHAR(10),GETDATE(),103) AS date_time;
29/06/2021 03:49:04	Message:Port Check
29/06/2021 03:49:04	Message:Open DB Connection
29/06/2021 03:49:04	SQL :EXEC GetMessage '01','pramudyono hadi';
29/06/2021 03:49:04	SQL :SELECT CONVERT(VARCHAR(8),GETDATE(),108) AS hour_minute;
29/06/2021 03:49:04	SQL :SELECT CONVERT(VARCHAR(10),GETDATE(),103) AS date_time;
29/06/2021 03:59:11	Message:Port Check
29/06/2021 03:59:11	Message:Open DB Connection
29/06/2021 03:59:11	SQL :EXEC GetMessage '01','pramudyono hadi';
29/06/2021 03:59:11	SQL :SELECT CONVERT(VARCHAR(8),GETDATE(),108) AS hour_minute;
29/06/2021 03:59:11	SQL :SELECT CONVERT(VARCHAR(10),GETDATE(),103) AS date_time;
29/06/2021 04:09:17	Message:Port Check
29/06/2021 04:09:17	Message:Open DB Connection
29/06/2021 04:09:17	SQL :EXEC GetMessage '01','pramudyono hadi';
29/06/2021 04:09:17	SQL :SELECT CONVERT(VARCHAR(8),GETDATE(),108) AS hour_minute;
29/06/2021 04:09:17	SQL :SELECT CONVERT(VARCHAR(10),GETDATE(),103) AS date_time;
29/06/2021 04:25:00	Message:Port Check
29/06/2021 04:25:00	Message:Open DB Connection
29/06/2021 04:25:00	SQL :EXEC GetMessage '01','pramudyono hadi';
29/06/2021 04:25:00	SQL :SELECT CONVERT(VARCHAR(8),GETDATE(),108) AS hour_minute;
29/06/2021 04:25:00	SQL :SELECT CONVERT(VARCHAR(10),GETDATE(),103) AS date_time;
29/06/2021 04:35:07	Message:Port Check
29/06/2021 04:35:07	Message:Open DB Connection
29/06/2021 04:35:07	SQL :EXEC GetMessage '01','pramudyono hadi';
29/06/2021 04:35:07	SQL :SELECT CONVERT(VARCHAR(8),GETDATE(),108) AS hour_minute;
29/06/2021 04:35:07	SQL :SELECT CONVERT(VARCHAR(10),GETDATE(),103) AS date_time;
29/06/2021 04:45:13	Message:Port Check
29/06/2021 04:45:13	Message:Open DB Connection
29/06/2021 04:45:13	SQL :EXEC GetMessage '01','pramudyono hadi';
29/06/2021 04:45:13	SQL :SELECT CONVERT(VARCHAR(8),GETDATE(),108) AS hour_minute;
29/06/2021 04:45:13	SQL :SELECT CONVERT(VARCHAR(10),GETDATE(),103) AS date_time;
29/06/2021 05:09:52	Message:Port Check
29/06/2021 05:09:52	Message:Open DB Connection
29/06/2021 05:09:52	SQL :EXEC GetMessage '01','pramudyono hadi';
29/06/2021 05:09:52	SQL :SELECT CONVERT(VARCHAR(8),GETDATE(),108) AS hour_minute;
29/06/2021 05:09:52	SQL :SELECT CONVERT(VARCHAR(10),GETDATE(),103) AS date_time;
29/06/2021 05:20:00	Message:Port Check
29/06/2021 05:20:00	Message:Open DB Connection
29/06/2021 05:20:00	SQL :EXEC GetMessage '01','pramudyono hadi';
29/06/2021 05:20:00	SQL :SELECT CONVERT(VARCHAR(8),GETDATE(),108) AS hour_minute;
29/06/2021 05:20:00	SQL :SELECT CONVERT(VARCHAR(10),GETDATE(),103) AS date_time;
29/06/2021 05:30:07	Message:Port Check
29/06/2021 05:30:08	Message:Open DB Connection
29/06/2021 05:30:08	SQL :EXEC GetMessage '01','pramudyono hadi';
29/06/2021 05:30:08	SQL :SELECT CONVERT(VARCHAR(8),GETDATE(),108) AS hour_minute;
29/06/2021 05:30:08	SQL :SELECT CONVERT(VARCHAR(10),GETDATE(),103) AS date_time;
29/06/2021 05:41:01	Message:Port Check
29/06/2021 05:41:01	Message:Open DB Connection
29/06/2021 05:41:01	SQL :EXEC GetMessage '01','pramudyono hadi';
29/06/2021 05:41:01	SQL :SELECT CONVERT(VARCHAR(8),GETDATE(),108) AS hour_minute;
29/06/2021 05:41:01	SQL :SELECT CONVERT(VARCHAR(10),GETDATE(),103) AS date_time;
29/06/2021 05:51:09	Message:Port Check
29/06/2021 05:51:09	Message:Open DB Connection
29/06/2021 05:51:09	SQL :EXEC GetMessage '01','pramudyono hadi';
29/06/2021 05:51:09	SQL :SELECT CONVERT(VARCHAR(8),GETDATE(),108) AS hour_minute;
29/06/2021 05:51:09	SQL :SELECT CONVERT(VARCHAR(10),GETDATE(),103) AS date_time;
29/06/2021 06:01:17	Message:Port Check
29/06/2021 06:01:17	Message:Open DB Connection
29/06/2021 06:01:17	SQL :EXEC GetMessage '01','pramudyono hadi';
29/06/2021 06:01:17	SQL :SELECT CONVERT(VARCHAR(8),GETDATE(),108) AS hour_minute;
29/06/2021 06:01:17	SQL :SELECT CONVERT(VARCHAR(10),GETDATE(),103) AS date_time;
29/06/2021 06:24:11	Message:Port Check
29/06/2021 06:24:11	Message:Open DB Connection
29/06/2021 06:24:11	SQL :EXEC GetMessage '01','pramudyono hadi';
29/06/2021 06:24:11	SQL :SELECT CONVERT(VARCHAR(8),GETDATE(),108) AS hour_minute;
29/06/2021 06:24:11	SQL :SELECT CONVERT(VARCHAR(10),GETDATE(),103) AS date_time;
29/06/2021 06:34:18	Message:Port Check
29/06/2021 06:34:18	Message:Open DB Connection
29/06/2021 06:34:18	SQL :EXEC GetMessage '01','pramudyono hadi';
29/06/2021 06:34:19	SQL :SELECT CONVERT(VARCHAR(8),GETDATE(),108) AS hour_minute;
29/06/2021 06:34:19	SQL :SELECT CONVERT(VARCHAR(10),GETDATE(),103) AS date_time;
29/06/2021 06:44:25	Message:Port Check
29/06/2021 06:44:25	Message:Open DB Connection
29/06/2021 06:44:25	SQL :EXEC GetMessage '01','pramudyono hadi';
29/06/2021 06:44:25	SQL :SELECT CONVERT(VARCHAR(8),GETDATE(),108) AS hour_minute;
29/06/2021 06:44:25	SQL :SELECT CONVERT(VARCHAR(10),GETDATE(),103) AS date_time;
29/06/2021 06:55:58	Message:Port Check
29/06/2021 06:55:58	Message:Open DB Connection
29/06/2021 06:55:58	SQL :EXEC GetMessage '01','pramudyono hadi';
29/06/2021 06:55:58	SQL :SELECT CONVERT(VARCHAR(8),GETDATE(),108) AS hour_minute;
29/06/2021 06:55:58	SQL :SELECT CONVERT(VARCHAR(10),GETDATE(),103) AS date_time;
29/06/2021 07:06:05	Message:Port Check
29/06/2021 07:06:05	Message:Open DB Connection
29/06/2021 07:06:05	SQL :EXEC GetMessage '01','pramudyono hadi';
29/06/2021 07:06:05	SQL :SELECT CONVERT(VARCHAR(8),GETDATE(),108) AS hour_minute;
29/06/2021 07:06:05	SQL :SELECT CONVERT(VARCHAR(10),GETDATE(),103) AS date_time;
29/06/2021 07:16:12	Message:Port Check
29/06/2021 07:16:13	Message:Open DB Connection
29/06/2021 07:16:13	SQL :EXEC GetMessage '01','pramudyono hadi';
29/06/2021 07:16:13	SQL :SELECT CONVERT(VARCHAR(8),GETDATE(),108) AS hour_minute;
29/06/2021 07:16:13	SQL :SELECT CONVERT(VARCHAR(10),GETDATE(),103) AS date_time;
29/06/2021 07:39:06	Message:Port Check
29/06/2021 07:39:06	Message:Open DB Connection
29/06/2021 07:39:06	SQL :EXEC GetMessage '01','pramudyono hadi';
29/06/2021 07:39:07	SQL :SELECT CONVERT(VARCHAR(8),GETDATE(),108) AS hour_minute;
29/06/2021 07:39:07	SQL :SELECT CONVERT(VARCHAR(10),GETDATE(),103) AS date_time;
29/06/2021 07:49:13	Message:Port Check
29/06/2021 07:49:13	Message:Open DB Connection
29/06/2021 07:49:13	SQL :EXEC GetMessage '01','pramudyono hadi';
29/06/2021 07:49:13	SQL :SELECT CONVERT(VARCHAR(8),GETDATE(),108) AS hour_minute;
29/06/2021 07:49:13	SQL :SELECT CONVERT(VARCHAR(10),GETDATE(),103) AS date_time;
29/06/2021 07:59:20	Message:Port Check
29/06/2021 07:59:20	Message:Open DB Connection
29/06/2021 07:59:20	SQL :EXEC GetMessage '01','pramudyono hadi';
29/06/2021 07:59:20	SQL :SELECT CONVERT(VARCHAR(8),GETDATE(),108) AS hour_minute;
29/06/2021 07:59:20	SQL :SELECT CONVERT(VARCHAR(10),GETDATE(),103) AS date_time;
29/06/2021 08:11:32	Message:Port Check
29/06/2021 08:11:32	Message:Open DB Connection
29/06/2021 08:11:32	SQL :EXEC GetMessage '01','pramudyono hadi';
29/06/2021 08:11:32	SQL :SELECT CONVERT(VARCHAR(8),GETDATE(),108) AS hour_minute;
29/06/2021 08:11:32	SQL :SELECT CONVERT(VARCHAR(10),GETDATE(),103) AS date_time;
29/06/2021 08:21:39	Message:Port Check
29/06/2021 08:21:39	Message:Open DB Connection
29/06/2021 08:21:39	SQL :EXEC GetMessage '01','pramudyono hadi';
29/06/2021 08:21:39	SQL :SELECT CONVERT(VARCHAR(8),GETDATE(),108) AS hour_minute;
29/06/2021 08:21:39	SQL :SELECT CONVERT(VARCHAR(10),GETDATE(),103) AS date_time;
29/06/2021 08:31:45	Message:Port Check
29/06/2021 08:31:45	Message:Open DB Connection
29/06/2021 08:31:45	SQL :EXEC GetMessage '01','pramudyono hadi';
29/06/2021 08:31:45	SQL :SELECT CONVERT(VARCHAR(8),GETDATE(),108) AS hour_minute;
29/06/2021 08:31:45	SQL :SELECT CONVERT(VARCHAR(10),GETDATE(),103) AS date_time;
29/06/2021 08:42:03	Message:Port Check
29/06/2021 08:42:03	Message:Open DB Connection
29/06/2021 08:42:03	SQL :EXEC GetMessage '01','pramudyono hadi';
29/06/2021 08:42:03	SQL :SELECT CONVERT(VARCHAR(8),GETDATE(),108) AS hour_minute;
29/06/2021 08:42:03	SQL :SELECT CONVERT(VARCHAR(10),GETDATE(),103) AS date_time;
29/06/2021 08:52:11	Message:Port Check
29/06/2021 08:52:11	Message:Open DB Connection
29/06/2021 08:52:11	SQL :EXEC GetMessage '01','pramudyono hadi';
29/06/2021 08:52:11	SQL :SELECT CONVERT(VARCHAR(8),GETDATE(),108) AS hour_minute;
29/06/2021 08:52:11	SQL :SELECT CONVERT(VARCHAR(10),GETDATE(),103) AS date_time;
29/06/2021 09:02:19	Message:Port Check
29/06/2021 09:02:19	Message:Open DB Connection
29/06/2021 09:02:19	SQL :EXEC GetMessage '01','pramudyono hadi';
29/06/2021 09:02:19	SQL :SELECT CONVERT(VARCHAR(8),GETDATE(),108) AS hour_minute;
29/06/2021 09:02:19	SQL :SELECT CONVERT(VARCHAR(10),GETDATE(),103) AS date_time;
29/06/2021 09:12:26	Message:Port Check
29/06/2021 09:12:26	Message:Open DB Connection
29/06/2021 09:12:26	SQL :EXEC GetMessage '01','pramudyono hadi';
29/06/2021 09:12:26	SQL :SELECT CONVERT(VARCHAR(8),GETDATE(),108) AS hour_minute;
29/06/2021 09:12:26	SQL :SELECT CONVERT(VARCHAR(10),GETDATE(),103) AS date_time;
29/06/2021 09:22:33	Message:Port Check
29/06/2021 09:22:33	Message:Open DB Connection
29/06/2021 09:22:33	SQL :EXEC GetMessage '01','pramudyono hadi';
29/06/2021 09:22:33	SQL :SELECT CONVERT(VARCHAR(8),GETDATE(),108) AS hour_minute;
29/06/2021 09:22:33	SQL :SELECT CONVERT(VARCHAR(10),GETDATE(),103) AS date_time;
29/06/2021 09:26:12	Form Check :ChatClient
29/06/2021 09:26:14	Form Check :AuthorizedForm
29/06/2021 09:26:14	Form Check :RePrintForm
29/06/2021 09:26:14	Form Check :EmployeeSearch
29/06/2021 09:26:14	Form Check :TimeInputForm
29/06/2021 09:26:14	Log Out
29/06/2021 09:26:15	Start Return Local Settings
29/06/2021 09:26:18	Change short date format
29/06/2021 09:26:20	Change Long date format
29/06/2021 09:26:20	Finish Return Local Settings
29/06/2021 09:26:20	Delete cursor File
29/06/2021 09:26:20	Destroying Object
29/06/2021 09:26:20	Closing Apps
09/07/2021 10:57:46	Get Local Settings
09/07/2021 10:57:46	Start Change Local Settings
09/07/2021 10:57:46	Change short date format
09/07/2021 10:57:46	Change Long date format
09/07/2021 10:57:46	Finish Change Local Settings
09/07/2021 10:57:46	Registry Read: Path=SOFTWARE\WEHA\Aplikasi\3
09/07/2021 10:57:46	Registry Read/Write
09/07/2021 10:57:46	Registry Read: Path=SOFTWARE\WEHA\Aplikasi\3
09/07/2021 11:01:27	Get Local Settings
09/07/2021 11:01:27	Start Change Local Settings
09/07/2021 11:01:27	Change short date format
09/07/2021 11:01:27	Change Long date format
09/07/2021 11:01:27	Finish Change Local Settings
09/07/2021 11:01:27	Registry Read: Path=SOFTWARE\WEHA\Aplikasi\3
09/07/2021 11:01:27	Registry Read/Write
09/07/2021 11:01:27	Registry Read: Path=SOFTWARE\WEHA\Aplikasi\3
09/07/2021 11:29:25	Get Local Settings
09/07/2021 11:29:25	Start Change Local Settings
09/07/2021 11:29:25	Change short date format
09/07/2021 11:29:25	Change Long date format
09/07/2021 11:29:25	Finish Change Local Settings
09/07/2021 11:29:25	Registry Read: Path=SOFTWARE\WEHA\Aplikasi\3
09/07/2021 11:29:25	Registry Read/Write
09/07/2021 11:29:25	Registry Read: Path=SOFTWARE\WEHA\Aplikasi\3
09/07/2021 11:36:56	Get Local Settings
09/07/2021 11:36:56	Start Change Local Settings
09/07/2021 11:36:56	Change short date format
09/07/2021 11:36:56	Change Long date format
09/07/2021 11:36:56	Finish Change Local Settings
09/07/2021 11:36:56	Registry Read: Path=SOFTWARE\WEHA\Aplikasi\3
09/07/2021 11:36:56	Registry Read/Write
09/07/2021 11:36:56	Registry Read: Path=SOFTWARE\WEHA\Aplikasi\3
09/07/2021 11:42:59	Get Local Settings
09/07/2021 11:42:59	Start Change Local Settings
09/07/2021 11:42:59	Change short date format
09/07/2021 11:42:59	Change Long date format
09/07/2021 11:42:59	Finish Change Local Settings
09/07/2021 11:42:59	Registry Read: Path=SOFTWARE\WEHA\Aplikasi\3
09/07/2021 11:42:59	Registry Read/Write
09/07/2021 11:42:59	Registry Read: Path=SOFTWARE\WEHA\Aplikasi\3
09/07/2021 12:09:06	Get Local Settings
09/07/2021 12:09:06	Start Change Local Settings
09/07/2021 12:09:06	Change short date format
09/07/2021 12:09:06	Change Long date format
09/07/2021 12:09:06	Finish Change Local Settings
09/07/2021 12:09:06	Registry Read: Path=SOFTWARE\WEHA\Aplikasi\3
09/07/2021 12:09:06	Registry Read/Write
09/07/2021 12:09:06	Registry Read: Path=SOFTWARE\WEHA\Aplikasi\3
09/07/2021 15:17:41	Get Local Settings
09/07/2021 15:17:41	Start Change Local Settings
09/07/2021 15:17:41	Change short date format
09/07/2021 15:17:41	Change Long date format
09/07/2021 15:17:41	Finish Change Local Settings
09/07/2021 15:17:41	Registry Read: Path=SOFTWARE\WEHA\Aplikasi\3
09/07/2021 15:17:41	Registry Read/Write
09/07/2021 15:17:41	Registry Read: Path=SOFTWARE\WEHA\Aplikasi\3
13/07/2021 16:55:02	Get Local Settings
13/07/2021 16:55:02	Start Change Local Settings
13/07/2021 16:55:02	Change short date format
13/07/2021 16:55:02	Change Long date format
13/07/2021 16:55:02	Finish Change Local Settings
13/07/2021 16:55:02	Registry Read: Path=SOFTWARE\WEHA\Aplikasi\3
13/07/2021 16:55:02	Registry Read/Write
13/07/2021 16:55:02	Registry Read: Path=SOFTWARE\WEHA\Aplikasi\3
13/07/2021 16:55:35	Get Local Settings
13/07/2021 16:55:35	Start Change Local Settings
13/07/2021 16:55:35	Change short date format
13/07/2021 16:55:35	Change Long date format
13/07/2021 16:55:35	Finish Change Local Settings
13/07/2021 16:55:35	Registry Read: Path=SOFTWARE\WEHA\Aplikasi\3
13/07/2021 16:55:35	Registry Read/Write
13/07/2021 16:55:35	Registry Read: Path=SOFTWARE\WEHA\Aplikasi\3
13/07/2021 16:56:23	Get Local Settings
13/07/2021 16:56:23	Start Change Local Settings
13/07/2021 16:56:23	Change short date format
13/07/2021 16:56:23	Change Long date format
13/07/2021 16:56:23	Finish Change Local Settings
13/07/2021 16:56:23	Registry Read: Path=SOFTWARE\WEHA\Aplikasi\3
13/07/2021 16:56:23	Registry Read/Write
13/07/2021 16:56:23	Registry Read: Path=SOFTWARE\WEHA\Aplikasi\3
13/07/2021 16:57:11	Get Local Settings
13/07/2021 16:57:11	Start Change Local Settings
13/07/2021 16:57:11	Change short date format
13/07/2021 16:57:11	Change Long date format
13/07/2021 16:57:11	Finish Change Local Settings
13/07/2021 16:57:11	Registry Read: Path=SOFTWARE\WEHA\Aplikasi\3
13/07/2021 16:57:11	Registry Read/Write
13/07/2021 16:57:11	Registry Read: Path=SOFTWARE\WEHA\Aplikasi\3
13/07/2021 17:00:02	Get Local Settings
13/07/2021 17:00:02	Start Change Local Settings
13/07/2021 17:00:02	Change short date format
13/07/2021 17:00:02	Change Long date format
13/07/2021 17:00:02	Finish Change Local Settings
13/07/2021 17:00:02	Registry Read: Path=SOFTWARE\WEHA\Aplikasi\3
13/07/2021 17:00:02	Registry Read/Write
13/07/2021 17:00:02	Registry Read: Path=SOFTWARE\WEHA\Aplikasi\3
13/07/2021 17:09:55	Get Local Settings
13/07/2021 17:09:55	Start Change Local Settings
13/07/2021 17:09:55	Change short date format
13/07/2021 17:09:55	Change Long date format
13/07/2021 17:09:55	Finish Change Local Settings
13/07/2021 17:09:55	Registry Read: Path=SOFTWARE\WEHA\Aplikasi\3
13/07/2021 17:09:55	Registry Read/Write
13/07/2021 17:09:55	Registry Read: Path=SOFTWARE\WEHA\Aplikasi\3
15/07/2021 11:15:08	Get Local Settings
15/07/2021 11:15:08	Start Change Local Settings
15/07/2021 11:15:08	Change short date format
15/07/2021 11:15:08	Change Long date format
15/07/2021 11:15:08	Finish Change Local Settings
15/07/2021 11:15:08	Registry Read: Path=SOFTWARE\WEHA\Aplikasi\3
15/07/2021 11:15:08	Registry Read/Write
15/07/2021 11:15:08	Registry Read: Path=SOFTWARE\WEHA\Aplikasi\3
15/07/2021 11:28:12	Get Local Settings
15/07/2021 11:28:12	Start Change Local Settings
15/07/2021 11:28:12	Change short date format
15/07/2021 11:28:12	Change Long date format
15/07/2021 11:28:12	Finish Change Local Settings
15/07/2021 11:28:12	Registry Read: Path=SOFTWARE\WEHA\Aplikasi\3
15/07/2021 11:28:12	Registry Read/Write
15/07/2021 11:28:12	Registry Read: Path=SOFTWARE\WEHA\Aplikasi\3
15/07/2021 16:58:43	Get Local Settings
15/07/2021 16:58:43	Start Change Local Settings
15/07/2021 16:58:43	Change short date format
15/07/2021 16:58:43	Change Long date format
15/07/2021 16:58:43	Finish Change Local Settings
15/07/2021 16:58:43	Registry Read: Path=SOFTWARE\WEHA\Aplikasi\3
15/07/2021 16:58:43	Registry Read/Write
15/07/2021 16:58:43	Registry Read: Path=SOFTWARE\WEHA\Aplikasi\3
17/07/2021 12:43:52	Get Local Settings
17/07/2021 12:43:52	Start Change Local Settings
17/07/2021 12:43:52	Change short date format
17/07/2021 12:43:52	Change Long date format
17/07/2021 12:43:52	Finish Change Local Settings
17/07/2021 12:43:52	Registry Read: Path=SOFTWARE\WEHA\Aplikasi\3
17/07/2021 12:43:52	Registry Read/Write
17/07/2021 12:43:52	Registry Read: Path=SOFTWARE\WEHA\Aplikasi\3
17/07/2021 13:01:02	Get Local Settings
17/07/2021 13:01:02	Start Change Local Settings
17/07/2021 13:01:02	Change short date format
17/07/2021 13:01:02	Change Long date format
17/07/2021 13:01:02	Finish Change Local Settings
17/07/2021 13:01:02	Registry Read: Path=SOFTWARE\WEHA\Aplikasi\3
17/07/2021 13:01:02	Registry Read/Write
17/07/2021 13:01:02	Registry Read: Path=SOFTWARE\WEHA\Aplikasi\3
19/07/2021 14:01:04	Get Local Settings
19/07/2021 14:01:04	Start Change Local Settings
19/07/2021 14:01:04	Change short date format
19/07/2021 14:01:04	Change Long date format
19/07/2021 14:01:04	Finish Change Local Settings
19/07/2021 14:01:04	Registry Read: Path=SOFTWARE\WEHA\Aplikasi\3
19/07/2021 14:01:04	Registry Read/Write
19/07/2021 14:01:04	Registry Read: Path=SOFTWARE\WEHA\Aplikasi\3
21/07/2021 09:20:56	Get Local Settings
21/07/2021 09:20:56	Start Change Local Settings
21/07/2021 09:20:56	Change short date format
21/07/2021 09:20:56	Change Long date format
21/07/2021 09:20:56	Finish Change Local Settings
21/07/2021 09:20:56	Registry Read: Path=SOFTWARE\WEHA\Aplikasi\3
21/07/2021 09:20:56	Registry Read/Write
21/07/2021 09:20:56	Registry Read: Path=SOFTWARE\WEHA\Aplikasi\3
21/07/2021 09:57:27	Get Local Settings
21/07/2021 09:57:27	Start Change Local Settings
21/07/2021 09:57:27	Change short date format
21/07/2021 09:57:27	Change Long date format
21/07/2021 09:57:27	Finish Change Local Settings
21/07/2021 09:57:27	Registry Read: Path=SOFTWARE\WEHA\Aplikasi\3
21/07/2021 09:57:27	Registry Read/Write
21/07/2021 09:57:27	Registry Read: Path=SOFTWARE\WEHA\Aplikasi\3
21/07/2021 10:17:05	Get Local Settings
21/07/2021 10:17:05	Start Change Local Settings
21/07/2021 10:17:05	Change short date format
21/07/2021 10:17:05	Change Long date format
21/07/2021 10:17:05	Finish Change Local Settings
21/07/2021 10:17:05	Registry Read: Path=SOFTWARE\WEHA\Aplikasi\3
21/07/2021 10:17:05	Registry Read/Write
21/07/2021 10:17:05	Registry Read: Path=SOFTWARE\WEHA\Aplikasi\3
21/07/2021 10:30:04	Get Local Settings
21/07/2021 10:30:04	Start Change Local Settings
21/07/2021 10:30:04	Change short date format
21/07/2021 10:30:04	Change Long date format
21/07/2021 10:30:04	Finish Change Local Settings
21/07/2021 10:30:04	Registry Read: Path=SOFTWARE\WEHA\Aplikasi\3
21/07/2021 10:30:04	Registry Read/Write
21/07/2021 10:30:04	Registry Read: Path=SOFTWARE\WEHA\Aplikasi\3
21/07/2021 10:30:21	Setting DB Param
21/07/2021 10:30:21	Create DB Object
21/07/2021 10:30:21	Init DB
21/07/2021 10:30:21	Finish Init DB
21/07/2021 10:30:22	Update new version check
21/07/2021 10:30:22	Open DB Connection
21/07/2021 10:30:22	SQL :
21/07/2021 10:30:23	Update check version
21/07/2021 10:30:23	Open DB Connection
21/07/2021 10:30:23	SQL :SELECT version FROM wh_application WHERE application_id=(SELECT MAX(application_id) FROM wh_application);
21/07/2021 10:30:23	Start Login
21/07/2021 10:30:23	Open DB Connection
21/07/2021 10:30:23	SQL :EXEC AuthenticateUser 'pramudyono hadi','6f2b8366efa56f0c06dd6b31fcff8a73';
21/07/2021 10:30:23	SQL :INSERT INTO wh_log (user_id,app_date,app_version,app_version_svr,location_id,company_id,department_id,host_name,ip_address)  VALUES ('pramudyono hadi','21/07/2021','6.1.3.6','6.1.3.2',6,2,13,'DESKTOP-S1PD9OD','192.168.25.214');
21/07/2021 10:30:23	Open DB Connection
21/07/2021 10:30:23	SQL :EXEC GetUserMenu 'pramudyono hadi';
21/07/2021 10:30:23	SQL :EXEC GetUserSubMenu 'pramudyono hadi','11';
21/07/2021 10:30:23	SQL :EXEC GetUserTreeMenu 'pramudyono hadi','1101',@CompanyId=2;
21/07/2021 10:30:24	SQL :EXEC GetUserTreeMenu 'pramudyono hadi','1102',@CompanyId=2;
21/07/2021 10:30:24	SQL :EXEC GetUserTreeMenu 'pramudyono hadi','1103',@CompanyId=2;
21/07/2021 10:30:24	SQL :EXEC GetUserTreeMenu 'pramudyono hadi','1104',@CompanyId=2;
21/07/2021 10:30:24	SQL :EXEC GetUserTreeMenu 'pramudyono hadi','1105',@CompanyId=2;
21/07/2021 10:30:24	SQL :EXEC GetUserTreeMenu 'pramudyono hadi','1106',@CompanyId=2;
21/07/2021 10:30:24	SQL :EXEC GetUserTreeMenu 'pramudyono hadi','1107',@CompanyId=2;
21/07/2021 10:30:24	SQL :EXEC GetUserTreeMenu 'pramudyono hadi','1108',@CompanyId=2;
21/07/2021 10:30:24	SQL :EXEC GetUserTreeMenu 'pramudyono hadi','1109',@CompanyId=2;
21/07/2021 10:30:24	SQL :EXEC GetUserTreeMenu 'pramudyono hadi','1110',@CompanyId=2;
21/07/2021 10:30:24	SQL :EXEC GetUserTreeMenu 'pramudyono hadi','1111',@CompanyId=2;
21/07/2021 10:30:24	SQL :EXEC GetUserTreeMenu 'pramudyono hadi','1112',@CompanyId=2;
21/07/2021 10:30:24	SQL :EXEC GetUserTreeMenu 'pramudyono hadi','1113',@CompanyId=2;
21/07/2021 10:30:24	SQL :EXEC GetUserTreeMenu 'pramudyono hadi','1114',@CompanyId=2;
21/07/2021 10:30:24	SQL :EXEC GetUserTreeMenu 'pramudyono hadi','1115',@CompanyId=2;
21/07/2021 10:30:24	SQL :EXEC GetUserTreeMenu 'pramudyono hadi','1116',@CompanyId=2;
21/07/2021 10:30:24	SQL :EXEC GetUserTreeMenu 'pramudyono hadi','1117',@CompanyId=2;
21/07/2021 10:30:24	SQL :EXEC GetUserTreeMenu 'pramudyono hadi','1198',@CompanyId=2;
21/07/2021 10:30:25	SQL :EXEC GetUserTreeMenu 'pramudyono hadi','1199',@CompanyId=2;
21/07/2021 10:30:25	SQL :EXEC GetUserSubMenu 'pramudyono hadi','12';
21/07/2021 10:30:25	SQL :EXEC GetUserTreeMenu 'pramudyono hadi','1201',@CompanyId=2;
21/07/2021 10:30:25	SQL :EXEC GetUserTreeMenu 'pramudyono hadi','1202',@CompanyId=2;
21/07/2021 10:30:25	SQL :EXEC GetUserTreeMenu 'pramudyono hadi','1203',@CompanyId=2;
21/07/2021 10:30:25	SQL :EXEC GetUserTreeMenu 'pramudyono hadi','1204',@CompanyId=2;
21/07/2021 10:30:25	SQL :EXEC GetUserTreeMenu 'pramudyono hadi','1205',@CompanyId=2;
21/07/2021 10:30:25	SQL :EXEC GetUserTreeMenu 'pramudyono hadi','1206',@CompanyId=2;
21/07/2021 10:30:25	SQL :EXEC GetUserTreeMenu 'pramudyono hadi','1207',@CompanyId=2;
21/07/2021 10:30:25	SQL :EXEC GetUserSubMenu 'pramudyono hadi','13';
21/07/2021 10:30:25	SQL :EXEC GetUserTreeMenu 'pramudyono hadi','1301',@CompanyId=2;
21/07/2021 10:30:25	SQL :EXEC GetUserTreeMenu 'pramudyono hadi','1302',@CompanyId=2;
21/07/2021 10:30:25	SQL :EXEC GetUserTreeMenu 'pramudyono hadi','1303',@CompanyId=2;
21/07/2021 10:30:25	SQL :EXEC GetUserTreeMenu 'pramudyono hadi','1304',@CompanyId=2;
21/07/2021 10:30:25	SQL :EXEC GetUserTreeMenu 'pramudyono hadi','1305',@CompanyId=2;
21/07/2021 10:30:25	SQL :EXEC GetUserTreeMenu 'pramudyono hadi','1306',@CompanyId=2;
21/07/2021 10:30:25	SQL :EXEC GetUserTreeMenu 'pramudyono hadi','1307',@CompanyId=2;
21/07/2021 10:30:25	SQL :EXEC GetUserTreeMenu 'pramudyono hadi','1308',@CompanyId=2;
21/07/2021 10:30:25	SQL :EXEC GetUserTreeMenu 'pramudyono hadi','1309',@CompanyId=2;
21/07/2021 10:30:25	SQL :EXEC GetUserTreeMenu 'pramudyono hadi','1310',@CompanyId=2;
21/07/2021 10:30:25	SQL :EXEC GetUserTreeMenu 'pramudyono hadi','1311',@CompanyId=2;
21/07/2021 10:30:25	SQL :EXEC GetUserTreeMenu 'pramudyono hadi','1312',@CompanyId=2;
21/07/2021 10:30:25	SQL :EXEC GetUserTreeMenu 'pramudyono hadi','1313',@CompanyId=2;
21/07/2021 10:30:25	SQL :EXEC GetUserTreeMenu 'pramudyono hadi','1314',@CompanyId=2;
21/07/2021 10:30:25	SQL :EXEC GetUserTreeMenu 'pramudyono hadi','1315',@CompanyId=2;
21/07/2021 10:30:25	SQL :EXEC GetUserTreeMenu 'pramudyono hadi','1316',@CompanyId=2;
21/07/2021 10:30:25	SQL :EXEC GetUserTreeMenu 'pramudyono hadi','1317',@CompanyId=2;
21/07/2021 10:30:25	SQL :EXEC GetUserTreeMenu 'pramudyono hadi','1318',@CompanyId=2;
21/07/2021 10:30:25	SQL :EXEC GetUserTreeMenu 'pramudyono hadi','1319',@CompanyId=2;
21/07/2021 10:30:25	SQL :EXEC GetUserTreeMenu 'pramudyono hadi','1320',@CompanyId=2;
21/07/2021 10:30:25	SQL :EXEC GetUserTreeMenu 'pramudyono hadi','1321',@CompanyId=2;
21/07/2021 10:30:25	SQL :EXEC GetUserSubMenu 'pramudyono hadi','14';
21/07/2021 10:30:25	SQL :EXEC GetUserTreeMenu 'pramudyono hadi','1401',@CompanyId=2;
21/07/2021 10:30:26	SQL :EXEC GetUserTreeMenu 'pramudyono hadi','1402',@CompanyId=2;
21/07/2021 10:30:26	SQL :EXEC GetUserTreeMenu 'pramudyono hadi','1403',@CompanyId=2;
21/07/2021 10:30:26	SQL :EXEC GetUserTreeMenu 'pramudyono hadi','1404',@CompanyId=2;
21/07/2021 10:30:26	SQL :EXEC GetUserTreeMenu 'pramudyono hadi','1406',@CompanyId=2;
21/07/2021 10:30:26	SQL :EXEC GetUserTreeMenu 'pramudyono hadi','1408',@CompanyId=2;
21/07/2021 10:30:26	SQL :EXEC GetUserTreeMenu 'pramudyono hadi','1410',@CompanyId=2;
21/07/2021 10:30:26	SQL :EXEC GetUserTreeMenu 'pramudyono hadi','1411',@CompanyId=2;
21/07/2021 10:30:26	SQL :EXEC GetUserTreeMenu 'pramudyono hadi','1412',@CompanyId=2;
21/07/2021 10:30:26	SQL :EXEC GetUserTreeMenu 'pramudyono hadi','1413',@CompanyId=2;
21/07/2021 10:30:26	SQL :EXEC GetUserTreeMenu 'pramudyono hadi','1414',@CompanyId=2;
21/07/2021 10:30:26	SQL :EXEC GetUserSubMenu 'pramudyono hadi','15';
21/07/2021 10:30:26	SQL :EXEC GetUserTreeMenu 'pramudyono hadi','1501',@CompanyId=2;
21/07/2021 10:30:26	SQL :EXEC GetUserTreeMenu 'pramudyono hadi','1502',@CompanyId=2;
21/07/2021 10:30:26	SQL :EXEC GetUserTreeMenu 'pramudyono hadi','1503',@CompanyId=2;
21/07/2021 10:30:26	SQL :EXEC GetUserTreeMenu 'pramudyono hadi','1504',@CompanyId=2;
21/07/2021 10:30:26	SQL :EXEC GetUserTreeMenu 'pramudyono hadi','1505',@CompanyId=2;
21/07/2021 10:30:26	SQL :EXEC GetUserTreeMenu 'pramudyono hadi','1506',@CompanyId=2;
21/07/2021 10:30:26	SQL :EXEC GetUserTreeMenu 'pramudyono hadi','1507',@CompanyId=2;
21/07/2021 10:30:26	SQL :EXEC GetUserTreeMenu 'pramudyono hadi','1508',@CompanyId=2;
21/07/2021 10:30:26	SQL :EXEC GetUserTreeMenu 'pramudyono hadi','1509',@CompanyId=2;
21/07/2021 10:30:26	SQL :EXEC GetUserTreeMenu 'pramudyono hadi','1510',@CompanyId=2;
21/07/2021 10:30:26	SQL :EXEC GetUserTreeMenu 'pramudyono hadi','1511',@CompanyId=2;
21/07/2021 10:30:26	SQL :EXEC GetUserSubMenu 'pramudyono hadi','16';
21/07/2021 10:30:26	SQL :EXEC GetUserTreeMenu 'pramudyono hadi','1601',@CompanyId=2;
21/07/2021 10:30:26	SQL :EXEC GetUserTreeMenu 'pramudyono hadi','1602',@CompanyId=2;
21/07/2021 10:30:26	SQL :EXEC GetUserTreeMenu 'pramudyono hadi','1603',@CompanyId=2;
21/07/2021 10:30:26	SQL :EXEC GetUserTreeMenu 'pramudyono hadi','1604',@CompanyId=2;
21/07/2021 10:30:26	SQL :EXEC GetUserTreeMenu 'pramudyono hadi','1605',@CompanyId=2;
21/07/2021 10:30:26	SQL :EXEC GetUserTreeMenu 'pramudyono hadi','1606',@CompanyId=2;
21/07/2021 10:30:26	SQL :EXEC GetUserTreeMenu 'pramudyono hadi','1607',@CompanyId=2;
21/07/2021 10:30:26	SQL :EXEC GetUserTreeMenu 'pramudyono hadi','1608',@CompanyId=2;
21/07/2021 10:30:26	SQL :EXEC GetUserTreeMenu 'pramudyono hadi','1609',@CompanyId=2;
21/07/2021 10:30:26	SQL :EXEC GetUserTreeMenu 'pramudyono hadi','1610',@CompanyId=2;
21/07/2021 10:30:26	SQL :EXEC GetUserTreeMenu 'pramudyono hadi','1611',@CompanyId=2;
21/07/2021 10:30:27	SQL :EXEC GetUserTreeMenu 'pramudyono hadi','1612',@CompanyId=2;
21/07/2021 10:30:27	SQL :EXEC GetUserTreeMenu 'pramudyono hadi','1613',@CompanyId=2;
21/07/2021 10:30:27	SQL :EXEC GetUserTreeMenu 'pramudyono hadi','1614',@CompanyId=2;
21/07/2021 10:30:27	SQL :EXEC GetUserTreeMenu 'pramudyono hadi','1615',@CompanyId=2;
21/07/2021 10:30:27	SQL :EXEC GetUserTreeMenu 'pramudyono hadi','1616',@CompanyId=2;
21/07/2021 10:30:27	SQL :EXEC GetUserTreeMenu 'pramudyono hadi','1619',@CompanyId=2;
21/07/2021 10:30:27	SQL :EXEC GetUserTreeMenu 'pramudyono hadi','1620',@CompanyId=2;
21/07/2021 10:30:27	SQL :EXEC GetUserSubMenu 'pramudyono hadi','17';
21/07/2021 10:30:27	SQL :EXEC GetUserTreeMenu 'pramudyono hadi','1701',@CompanyId=2;
21/07/2021 10:30:27	SQL :EXEC GetUserTreeMenu 'pramudyono hadi','1702',@CompanyId=2;
21/07/2021 10:30:27	SQL :EXEC GetUserTreeMenu 'pramudyono hadi','1703',@CompanyId=2;
21/07/2021 10:30:27	SQL :EXEC GetUserTreeMenu 'pramudyono hadi','1704',@CompanyId=2;
21/07/2021 10:30:27	SQL :EXEC GetUserTreeMenu 'pramudyono hadi','1705',@CompanyId=2;
21/07/2021 10:30:27	SQL :EXEC GetUserTreeMenu 'pramudyono hadi','1706',@CompanyId=2;
21/07/2021 10:30:27	SQL :EXEC GetUserTreeMenu 'pramudyono hadi','1707',@CompanyId=2;
21/07/2021 10:30:27	SQL :EXEC GetUserTreeMenu 'pramudyono hadi','1708',@CompanyId=2;
21/07/2021 10:30:27	SQL :EXEC GetUserTreeMenu 'pramudyono hadi','1709',@CompanyId=2;
21/07/2021 10:30:27	SQL :EXEC GetUserTreeMenu 'pramudyono hadi','1710',@CompanyId=2;
21/07/2021 10:30:27	SQL :EXEC GetUserTreeMenu 'pramudyono hadi','1711',@CompanyId=2;
21/07/2021 10:30:27	SQL :EXEC GetUserTreeMenu 'pramudyono hadi','1712',@CompanyId=2;
21/07/2021 10:30:27	SQL :EXEC GetUserTreeMenu 'pramudyono hadi','1713',@CompanyId=2;
21/07/2021 10:30:27	SQL :EXEC GetUserTreeMenu 'pramudyono hadi','1714',@CompanyId=2;
21/07/2021 10:30:27	SQL :EXEC GetUserTreeMenu 'pramudyono hadi','1715',@CompanyId=2;
21/07/2021 10:30:27	SQL :EXEC GetUserTreeMenu 'pramudyono hadi','1716',@CompanyId=2;
21/07/2021 10:30:27	SQL :EXEC GetUserTreeMenu 'pramudyono hadi','1717',@CompanyId=2;
21/07/2021 10:30:27	SQL :EXEC GetUserSubMenu 'pramudyono hadi','18';
21/07/2021 10:30:27	SQL :EXEC GetUserTreeMenu 'pramudyono hadi','1801',@CompanyId=2;
21/07/2021 10:30:27	SQL :EXEC GetUserSubMenu 'pramudyono hadi','19';
21/07/2021 10:30:27	SQL :EXEC GetUserTreeMenu 'pramudyono hadi','1901',@CompanyId=2;
21/07/2021 10:30:27	SQL :EXEC GetUserTreeMenu 'pramudyono hadi','1902',@CompanyId=2;
21/07/2021 10:30:27	SQL :EXEC GetUserTreeMenu 'pramudyono hadi','1903',@CompanyId=2;
21/07/2021 10:30:27	SQL :EXEC GetUserTreeMenu 'pramudyono hadi','1904',@CompanyId=2;
21/07/2021 10:30:27	SQL :EXEC GetUserTreeMenu 'pramudyono hadi','1905',@CompanyId=2;
21/07/2021 10:30:27	SQL :EXEC GetUserTreeMenu 'pramudyono hadi','1906',@CompanyId=2;
21/07/2021 10:30:27	SQL :EXEC GetUserTreeMenu 'pramudyono hadi','1907',@CompanyId=2;
21/07/2021 10:30:27	SQL :EXEC GetUserTreeMenu 'pramudyono hadi','1908',@CompanyId=2;
21/07/2021 10:30:28	SQL :EXEC GetUserTreeMenu 'pramudyono hadi','1909',@CompanyId=2;
21/07/2021 10:30:28	SQL :EXEC GetUserTreeMenu 'pramudyono hadi','1910',@CompanyId=2;
21/07/2021 10:30:28	SQL :EXEC GetUserTreeMenu 'pramudyono hadi','1911',@CompanyId=2;
21/07/2021 10:30:28	SQL :EXEC GetUserTreeMenu 'pramudyono hadi','1912',@CompanyId=2;
21/07/2021 10:30:28	SQL :SELECT CONVERT(VARCHAR(8),GETDATE(),108) AS hour_minute;
21/07/2021 10:30:28	SQL :SELECT CONVERT(VARCHAR(10),GETDATE(),103) AS date_time;
21/07/2021 10:30:28	Loading Setting
21/07/2021 10:30:28	Open DB Connection
21/07/2021 10:30:28	SQL :SELECT * FROM wh_setting WHERE setting_name='Hold_Less_Deposit';
21/07/2021 10:30:28	SQL :SELECT * FROM wh_setting WHERE setting_name='Max_Less_Deposit';
21/07/2021 10:30:28	SQL :SELECT * FROM wh_setting WHERE setting_name='Dashboard_2';
21/07/2021 10:30:28	Finish Logging
21/07/2021 10:30:28	SQL :SELECT value_string FROM wh_setting WHERE (setting_name='Interval_CheckInDate') AND (active=1);
21/07/2021 10:30:28	SQL :SELECT value_string FROM wh_setting WHERE (setting_name='Interval_CheckInTime') AND (active=1);
21/07/2021 10:30:28	SQL :SELECT value_string FROM wh_setting WHERE (setting_name='ChatEnable') and (active=1);
21/07/2021 10:30:29	Message:Port Check
21/07/2021 10:30:29	Message:Open DB Connection
21/07/2021 10:30:29	SQL :EXEC GetMessage '01','pramudyono hadi';
21/07/2021 10:30:29	SQL :SELECT CONVERT(VARCHAR(8),GETDATE(),108) AS hour_minute;
21/07/2021 10:30:29	SQL :SELECT CONVERT(VARCHAR(10),GETDATE(),103) AS date_time;
21/07/2021 10:30:37	Open Menu :130510
21/07/2021 10:30:37	Open DB Connection
21/07/2021 10:30:37	SQL :EXEC AuthMenu 'pramudyono hadi',130510;
21/07/2021 10:30:56	Open Menu :110501
21/07/2021 10:30:56	Open DB Connection
21/07/2021 10:30:56	SQL :EXEC AuthMenu 'pramudyono hadi',110501;
21/07/2021 10:30:56	Open DB Connection
21/07/2021 10:30:58	Open DB Connection
21/07/2021 10:31:01	Open DB Connection
21/07/2021 10:31:01	SQL :SELECT * FROM wh_tree_sub_menu WHERE sub_menu_id='1305';
21/07/2021 10:31:05	Open DB Connection
21/07/2021 10:31:05	SQL :SELECT RIGHT(MAX(tree_sub_menu_id),2) AS max_id FROM wh_tree_sub_menu WHERE sub_menu_id='1305';
21/07/2021 10:31:05	SQL :INSERT INTO wh_tree_sub_menu (tree_sub_menu_id,sub_menu_id,tree_menu,tree_menu_description,active) VALUES ('130511','1305','-','',1);
21/07/2021 10:31:06	Form Check :TreeMenuList
21/07/2021 10:32:12	Open DB Connection
21/07/2021 10:32:14	Open DB Connection
21/07/2021 10:32:16	Open DB Connection
21/07/2021 10:32:16	SQL :SELECT * FROM wh_tree_sub_menu WHERE sub_menu_id='1305';
21/07/2021 10:32:37	Open DB Connection
21/07/2021 10:32:37	SQL :SELECT RIGHT(MAX(tree_sub_menu_id),2) AS max_id FROM wh_tree_sub_menu WHERE sub_menu_id='1305';
21/07/2021 10:32:37	SQL :INSERT INTO wh_tree_sub_menu (tree_sub_menu_id,sub_menu_id,tree_menu,tree_menu_description,active) VALUES ('130512','1305','Split KM Surat Jalan','',1);
21/07/2021 10:32:38	Form Check :TreeMenuList
21/07/2021 10:32:38	Open DB Connection
21/07/2021 10:32:40	Open DB Connection
21/07/2021 10:32:42	Open DB Connection
21/07/2021 10:32:42	SQL :SELECT * FROM wh_tree_sub_menu WHERE sub_menu_id='1305';
21/07/2021 10:33:04	Open DB Connection
21/07/2021 10:33:04	SQL :SELECT RIGHT(MAX(tree_sub_menu_id),2) AS max_id FROM wh_tree_sub_menu WHERE sub_menu_id='1305';
21/07/2021 10:33:04	SQL :INSERT INTO wh_tree_sub_menu (tree_sub_menu_id,sub_menu_id,tree_menu,tree_menu_description,active) VALUES ('130513','1305','Revisi KM Surat jalan','',1);
21/07/2021 10:33:04	Form Check :TreeMenuList
21/07/2021 10:34:32	Open Menu :110901
21/07/2021 10:34:32	Open DB Connection
21/07/2021 10:34:32	SQL :EXEC AuthMenu 'pramudyono hadi',110901;
21/07/2021 10:34:32	Open DB Connection
21/07/2021 10:34:36	Open DB Connection
21/07/2021 10:34:38	Open DB Connection
21/07/2021 10:34:39	Open DB Connection
21/07/2021 10:34:44	Open DB Connection
21/07/2021 10:34:44	Open DB Connection
21/07/2021 10:34:44	Form Check :UserGroupTreeMenuList
21/07/2021 10:34:46	Open DB Connection
21/07/2021 10:34:48	Open DB Connection
21/07/2021 10:34:50	Open DB Connection
21/07/2021 10:34:54	Open DB Connection
21/07/2021 10:34:55	Open DB Connection
21/07/2021 10:34:55	Form Check :UserGroupTreeMenuList
21/07/2021 10:34:57	Open DB Connection
21/07/2021 10:34:59	Open DB Connection
21/07/2021 10:35:01	Open DB Connection
21/07/2021 10:35:05	Open DB Connection
21/07/2021 10:35:07	Open DB Connection
21/07/2021 10:35:08	Open DB Connection
21/07/2021 10:35:08	Form Check :UserGroupTreeMenuList
21/07/2021 10:35:10	Form Check :ChatClient
21/07/2021 10:35:11	Form Check :AuthorizedForm
21/07/2021 10:35:11	Form Check :RePrintForm
21/07/2021 10:35:11	Form Check :EmployeeSearch
21/07/2021 10:35:11	Form Check :TimeInputForm
21/07/2021 10:35:11	Log Out
21/07/2021 10:35:12	Setting DB Param
21/07/2021 10:35:12	Create DB Object
21/07/2021 10:35:12	Init DB
21/07/2021 10:35:12	Finish Init DB
21/07/2021 10:35:13	Update new version check
21/07/2021 10:35:13	Open DB Connection
21/07/2021 10:35:13	SQL :
21/07/2021 10:35:13	Update check version
21/07/2021 10:35:13	Open DB Connection
21/07/2021 10:35:13	SQL :SELECT version FROM wh_application WHERE application_id=(SELECT MAX(application_id) FROM wh_application);
21/07/2021 10:35:13	Start Login
21/07/2021 10:35:13	Open DB Connection
21/07/2021 10:35:13	SQL :EXEC AuthenticateUser 'pramudyono hadi','6f2b8366efa56f0c06dd6b31fcff8a73';
21/07/2021 10:35:13	SQL :INSERT INTO wh_log (user_id,app_date,app_version,app_version_svr,location_id,company_id,department_id,host_name,ip_address)  VALUES ('pramudyono hadi','21/07/2021','6.1.3.6','6.1.3.2',6,2,13,'DESKTOP-S1PD9OD','192.168.25.214');
21/07/2021 10:35:13	Open DB Connection
21/07/2021 10:35:13	SQL :EXEC GetUserMenu 'pramudyono hadi';
21/07/2021 10:35:13	SQL :EXEC GetUserSubMenu 'pramudyono hadi','11';
21/07/2021 10:35:13	SQL :EXEC GetUserTreeMenu 'pramudyono hadi','1101',@CompanyId=2;
21/07/2021 10:35:13	SQL :EXEC GetUserTreeMenu 'pramudyono hadi','1102',@CompanyId=2;
21/07/2021 10:35:13	SQL :EXEC GetUserTreeMenu 'pramudyono hadi','1103',@CompanyId=2;
21/07/2021 10:35:13	SQL :EXEC GetUserTreeMenu 'pramudyono hadi','1104',@CompanyId=2;
21/07/2021 10:35:13	SQL :EXEC GetUserTreeMenu 'pramudyono hadi','1105',@CompanyId=2;
21/07/2021 10:35:14	SQL :EXEC GetUserTreeMenu 'pramudyono hadi','1106',@CompanyId=2;
21/07/2021 10:35:14	SQL :EXEC GetUserTreeMenu 'pramudyono hadi','1107',@CompanyId=2;
21/07/2021 10:35:14	SQL :EXEC GetUserTreeMenu 'pramudyono hadi','1108',@CompanyId=2;
21/07/2021 10:35:14	SQL :EXEC GetUserTreeMenu 'pramudyono hadi','1109',@CompanyId=2;
21/07/2021 10:35:14	SQL :EXEC GetUserTreeMenu 'pramudyono hadi','1110',@CompanyId=2;
21/07/2021 10:35:14	SQL :EXEC GetUserTreeMenu 'pramudyono hadi','1111',@CompanyId=2;
21/07/2021 10:35:14	SQL :EXEC GetUserTreeMenu 'pramudyono hadi','1112',@CompanyId=2;
21/07/2021 10:35:14	SQL :EXEC GetUserTreeMenu 'pramudyono hadi','1113',@CompanyId=2;
21/07/2021 10:35:14	SQL :EXEC GetUserTreeMenu 'pramudyono hadi','1114',@CompanyId=2;
21/07/2021 10:35:14	SQL :EXEC GetUserTreeMenu 'pramudyono hadi','1115',@CompanyId=2;
21/07/2021 10:35:14	SQL :EXEC GetUserTreeMenu 'pramudyono hadi','1116',@CompanyId=2;
21/07/2021 10:35:14	SQL :EXEC GetUserTreeMenu 'pramudyono hadi','1117',@CompanyId=2;
21/07/2021 10:35:14	SQL :EXEC GetUserTreeMenu 'pramudyono hadi','1198',@CompanyId=2;
21/07/2021 10:35:14	SQL :EXEC GetUserTreeMenu 'pramudyono hadi','1199',@CompanyId=2;
21/07/2021 10:35:14	SQL :EXEC GetUserSubMenu 'pramudyono hadi','12';
21/07/2021 10:35:14	SQL :EXEC GetUserTreeMenu 'pramudyono hadi','1201',@CompanyId=2;
21/07/2021 10:35:14	SQL :EXEC GetUserTreeMenu 'pramudyono hadi','1202',@CompanyId=2;
21/07/2021 10:35:14	SQL :EXEC GetUserTreeMenu 'pramudyono hadi','1203',@CompanyId=2;
21/07/2021 10:35:14	SQL :EXEC GetUserTreeMenu 'pramudyono hadi','1204',@CompanyId=2;
21/07/2021 10:35:14	SQL :EXEC GetUserTreeMenu 'pramudyono hadi','1205',@CompanyId=2;
21/07/2021 10:35:14	SQL :EXEC GetUserTreeMenu 'pramudyono hadi','1206',@CompanyId=2;
21/07/2021 10:35:14	SQL :EXEC GetUserTreeMenu 'pramudyono hadi','1207',@CompanyId=2;
21/07/2021 10:35:14	SQL :EXEC GetUserSubMenu 'pramudyono hadi','13';
21/07/2021 10:35:14	SQL :EXEC GetUserTreeMenu 'pramudyono hadi','1301',@CompanyId=2;
21/07/2021 10:35:14	SQL :EXEC GetUserTreeMenu 'pramudyono hadi','1302',@CompanyId=2;
21/07/2021 10:35:14	SQL :EXEC GetUserTreeMenu 'pramudyono hadi','1303',@CompanyId=2;
21/07/2021 10:35:14	SQL :EXEC GetUserTreeMenu 'pramudyono hadi','1304',@CompanyId=2;
21/07/2021 10:35:14	SQL :EXEC GetUserTreeMenu 'pramudyono hadi','1305',@CompanyId=2;
21/07/2021 10:35:14	SQL :EXEC GetUserTreeMenu 'pramudyono hadi','1306',@CompanyId=2;
21/07/2021 10:35:14	SQL :EXEC GetUserTreeMenu 'pramudyono hadi','1307',@CompanyId=2;
21/07/2021 10:35:14	SQL :EXEC GetUserTreeMenu 'pramudyono hadi','1308',@CompanyId=2;
21/07/2021 10:35:14	SQL :EXEC GetUserTreeMenu 'pramudyono hadi','1309',@CompanyId=2;
21/07/2021 10:35:14	SQL :EXEC GetUserTreeMenu 'pramudyono hadi','1310',@CompanyId=2;
21/07/2021 10:35:14	SQL :EXEC GetUserTreeMenu 'pramudyono hadi','1311',@CompanyId=2;
21/07/2021 10:35:14	SQL :EXEC GetUserTreeMenu 'pramudyono hadi','1312',@CompanyId=2;
21/07/2021 10:35:14	SQL :EXEC GetUserTreeMenu 'pramudyono hadi','1313',@CompanyId=2;
21/07/2021 10:35:14	SQL :EXEC GetUserTreeMenu 'pramudyono hadi','1314',@CompanyId=2;
21/07/2021 10:35:14	SQL :EXEC GetUserTreeMenu 'pramudyono hadi','1315',@CompanyId=2;
21/07/2021 10:35:14	SQL :EXEC GetUserTreeMenu 'pramudyono hadi','1316',@CompanyId=2;
21/07/2021 10:35:14	SQL :EXEC GetUserTreeMenu 'pramudyono hadi','1317',@CompanyId=2;
21/07/2021 10:35:14	SQL :EXEC GetUserTreeMenu 'pramudyono hadi','1318',@CompanyId=2;
21/07/2021 10:35:14	SQL :EXEC GetUserTreeMenu 'pramudyono hadi','1319',@CompanyId=2;
21/07/2021 10:35:14	SQL :EXEC GetUserTreeMenu 'pramudyono hadi','1320',@CompanyId=2;
21/07/2021 10:35:14	SQL :EXEC GetUserTreeMenu 'pramudyono hadi','1321',@CompanyId=2;
21/07/2021 10:35:14	SQL :EXEC GetUserSubMenu 'pramudyono hadi','14';
21/07/2021 10:35:14	SQL :EXEC GetUserTreeMenu 'pramudyono hadi','1401',@CompanyId=2;
21/07/2021 10:35:14	SQL :EXEC GetUserTreeMenu 'pramudyono hadi','1402',@CompanyId=2;
21/07/2021 10:35:14	SQL :EXEC GetUserTreeMenu 'pramudyono hadi','1403',@CompanyId=2;
21/07/2021 10:35:14	SQL :EXEC GetUserTreeMenu 'pramudyono hadi','1404',@CompanyId=2;
21/07/2021 10:35:14	SQL :EXEC GetUserTreeMenu 'pramudyono hadi','1406',@CompanyId=2;
21/07/2021 10:35:14	SQL :EXEC GetUserTreeMenu 'pramudyono hadi','1408',@CompanyId=2;
21/07/2021 10:35:14	SQL :EXEC GetUserTreeMenu 'pramudyono hadi','1410',@CompanyId=2;
21/07/2021 10:35:14	SQL :EXEC GetUserTreeMenu 'pramudyono hadi','1411',@CompanyId=2;
21/07/2021 10:35:14	SQL :EXEC GetUserTreeMenu 'pramudyono hadi','1412',@CompanyId=2;
21/07/2021 10:35:14	SQL :EXEC GetUserTreeMenu 'pramudyono hadi','1413',@CompanyId=2;
21/07/2021 10:35:14	SQL :EXEC GetUserTreeMenu 'pramudyono hadi','1414',@CompanyId=2;
21/07/2021 10:35:14	SQL :EXEC GetUserSubMenu 'pramudyono hadi','15';
21/07/2021 10:35:14	SQL :EXEC GetUserTreeMenu 'pramudyono hadi','1501',@CompanyId=2;
21/07/2021 10:35:14	SQL :EXEC GetUserTreeMenu 'pramudyono hadi','1502',@CompanyId=2;
21/07/2021 10:35:14	SQL :EXEC GetUserTreeMenu 'pramudyono hadi','1503',@CompanyId=2;
21/07/2021 10:35:14	SQL :EXEC GetUserTreeMenu 'pramudyono hadi','1504',@CompanyId=2;
21/07/2021 10:35:14	SQL :EXEC GetUserTreeMenu 'pramudyono hadi','1505',@CompanyId=2;
21/07/2021 10:35:14	SQL :EXEC GetUserTreeMenu 'pramudyono hadi','1506',@CompanyId=2;
21/07/2021 10:35:14	SQL :EXEC GetUserTreeMenu 'pramudyono hadi','1507',@CompanyId=2;
21/07/2021 10:35:14	SQL :EXEC GetUserTreeMenu 'pramudyono hadi','1508',@CompanyId=2;
21/07/2021 10:35:14	SQL :EXEC GetUserTreeMenu 'pramudyono hadi','1509',@CompanyId=2;
21/07/2021 10:35:14	SQL :EXEC GetUserTreeMenu 'pramudyono hadi','1510',@CompanyId=2;
21/07/2021 10:35:14	SQL :EXEC GetUserTreeMenu 'pramudyono hadi','1511',@CompanyId=2;
21/07/2021 10:35:14	SQL :EXEC GetUserSubMenu 'pramudyono hadi','16';
21/07/2021 10:35:14	SQL :EXEC GetUserTreeMenu 'pramudyono hadi','1601',@CompanyId=2;
21/07/2021 10:35:14	SQL :EXEC GetUserTreeMenu 'pramudyono hadi','1602',@CompanyId=2;
21/07/2021 10:35:14	SQL :EXEC GetUserTreeMenu 'pramudyono hadi','1603',@CompanyId=2;
21/07/2021 10:35:14	SQL :EXEC GetUserTreeMenu 'pramudyono hadi','1604',@CompanyId=2;
21/07/2021 10:35:14	SQL :EXEC GetUserTreeMenu 'pramudyono hadi','1605',@CompanyId=2;
21/07/2021 10:35:14	SQL :EXEC GetUserTreeMenu 'pramudyono hadi','1606',@CompanyId=2;
21/07/2021 10:35:14	SQL :EXEC GetUserTreeMenu 'pramudyono hadi','1607',@CompanyId=2;
21/07/2021 10:35:14	SQL :EXEC GetUserTreeMenu 'pramudyono hadi','1608',@CompanyId=2;
21/07/2021 10:35:14	SQL :EXEC GetUserTreeMenu 'pramudyono hadi','1609',@CompanyId=2;
21/07/2021 10:35:14	SQL :EXEC GetUserTreeMenu 'pramudyono hadi','1610',@CompanyId=2;
21/07/2021 10:35:14	SQL :EXEC GetUserTreeMenu 'pramudyono hadi','1611',@CompanyId=2;
21/07/2021 10:35:14	SQL :EXEC GetUserTreeMenu 'pramudyono hadi','1612',@CompanyId=2;
21/07/2021 10:35:14	SQL :EXEC GetUserTreeMenu 'pramudyono hadi','1613',@CompanyId=2;
21/07/2021 10:35:14	SQL :EXEC GetUserTreeMenu 'pramudyono hadi','1614',@CompanyId=2;
21/07/2021 10:35:14	SQL :EXEC GetUserTreeMenu 'pramudyono hadi','1615',@CompanyId=2;
21/07/2021 10:35:14	SQL :EXEC GetUserTreeMenu 'pramudyono hadi','1616',@CompanyId=2;
21/07/2021 10:35:14	SQL :EXEC GetUserTreeMenu 'pramudyono hadi','1619',@CompanyId=2;
21/07/2021 10:35:14	SQL :EXEC GetUserTreeMenu 'pramudyono hadi','1620',@CompanyId=2;
21/07/2021 10:35:15	SQL :EXEC GetUserSubMenu 'pramudyono hadi','17';
21/07/2021 10:35:15	SQL :EXEC GetUserTreeMenu 'pramudyono hadi','1701',@CompanyId=2;
21/07/2021 10:35:15	SQL :EXEC GetUserTreeMenu 'pramudyono hadi','1702',@CompanyId=2;
21/07/2021 10:35:15	SQL :EXEC GetUserTreeMenu 'pramudyono hadi','1703',@CompanyId=2;
21/07/2021 10:35:15	SQL :EXEC GetUserTreeMenu 'pramudyono hadi','1704',@CompanyId=2;
21/07/2021 10:35:15	SQL :EXEC GetUserTreeMenu 'pramudyono hadi','1705',@CompanyId=2;
21/07/2021 10:35:15	SQL :EXEC GetUserTreeMenu 'pramudyono hadi','1706',@CompanyId=2;
21/07/2021 10:35:15	SQL :EXEC GetUserTreeMenu 'pramudyono hadi','1707',@CompanyId=2;
21/07/2021 10:35:15	SQL :EXEC GetUserTreeMenu 'pramudyono hadi','1708',@CompanyId=2;
21/07/2021 10:35:15	SQL :EXEC GetUserTreeMenu 'pramudyono hadi','1709',@CompanyId=2;
21/07/2021 10:35:15	SQL :EXEC GetUserTreeMenu 'pramudyono hadi','1710',@CompanyId=2;
21/07/2021 10:35:15	SQL :EXEC GetUserTreeMenu 'pramudyono hadi','1711',@CompanyId=2;
21/07/2021 10:35:15	SQL :EXEC GetUserTreeMenu 'pramudyono hadi','1712',@CompanyId=2;
21/07/2021 10:35:15	SQL :EXEC GetUserTreeMenu 'pramudyono hadi','1713',@CompanyId=2;
21/07/2021 10:35:15	SQL :EXEC GetUserTreeMenu 'pramudyono hadi','1714',@CompanyId=2;
21/07/2021 10:35:15	SQL :EXEC GetUserTreeMenu 'pramudyono hadi','1715',@CompanyId=2;
21/07/2021 10:35:15	SQL :EXEC GetUserTreeMenu 'pramudyono hadi','1716',@CompanyId=2;
21/07/2021 10:35:15	SQL :EXEC GetUserTreeMenu 'pramudyono hadi','1717',@CompanyId=2;
21/07/2021 10:35:15	SQL :EXEC GetUserSubMenu 'pramudyono hadi','18';
21/07/2021 10:35:15	SQL :EXEC GetUserTreeMenu 'pramudyono hadi','1801',@CompanyId=2;
21/07/2021 10:35:15	SQL :EXEC GetUserSubMenu 'pramudyono hadi','19';
21/07/2021 10:35:15	SQL :EXEC GetUserTreeMenu 'pramudyono hadi','1901',@CompanyId=2;
21/07/2021 10:35:15	SQL :EXEC GetUserTreeMenu 'pramudyono hadi','1902',@CompanyId=2;
21/07/2021 10:35:15	SQL :EXEC GetUserTreeMenu 'pramudyono hadi','1903',@CompanyId=2;
21/07/2021 10:35:15	SQL :EXEC GetUserTreeMenu 'pramudyono hadi','1904',@CompanyId=2;
21/07/2021 10:35:15	SQL :EXEC GetUserTreeMenu 'pramudyono hadi','1905',@CompanyId=2;
21/07/2021 10:35:15	SQL :EXEC GetUserTreeMenu 'pramudyono hadi','1906',@CompanyId=2;
21/07/2021 10:35:15	SQL :EXEC GetUserTreeMenu 'pramudyono hadi','1907',@CompanyId=2;
21/07/2021 10:35:15	SQL :EXEC GetUserTreeMenu 'pramudyono hadi','1908',@CompanyId=2;
21/07/2021 10:35:15	SQL :EXEC GetUserTreeMenu 'pramudyono hadi','1909',@CompanyId=2;
21/07/2021 10:35:15	SQL :EXEC GetUserTreeMenu 'pramudyono hadi','1910',@CompanyId=2;
21/07/2021 10:35:15	SQL :EXEC GetUserTreeMenu 'pramudyono hadi','1911',@CompanyId=2;
21/07/2021 10:35:15	SQL :EXEC GetUserTreeMenu 'pramudyono hadi','1912',@CompanyId=2;
21/07/2021 10:35:15	SQL :SELECT CONVERT(VARCHAR(8),GETDATE(),108) AS hour_minute;
21/07/2021 10:35:15	SQL :SELECT CONVERT(VARCHAR(10),GETDATE(),103) AS date_time;
21/07/2021 10:35:15	Loading Setting
21/07/2021 10:35:15	Open DB Connection
21/07/2021 10:35:15	SQL :SELECT * FROM wh_setting WHERE setting_name='Hold_Less_Deposit';
21/07/2021 10:35:15	SQL :SELECT * FROM wh_setting WHERE setting_name='Max_Less_Deposit';
21/07/2021 10:35:15	SQL :SELECT * FROM wh_setting WHERE setting_name='Dashboard_2';
21/07/2021 10:35:15	Finish Logging
21/07/2021 10:35:15	SQL :SELECT value_string FROM wh_setting WHERE (setting_name='Interval_CheckInDate') AND (active=1);
21/07/2021 10:35:15	SQL :SELECT value_string FROM wh_setting WHERE (setting_name='Interval_CheckInTime') AND (active=1);
21/07/2021 10:35:15	SQL :SELECT value_string FROM wh_setting WHERE (setting_name='ChatEnable') and (active=1);
21/07/2021 10:35:16	Message:Port Check
21/07/2021 10:35:16	Message:Open DB Connection
21/07/2021 10:35:16	SQL :EXEC GetMessage '01','pramudyono hadi';
21/07/2021 10:35:16	SQL :SELECT CONVERT(VARCHAR(8),GETDATE(),108) AS hour_minute;
21/07/2021 10:35:16	SQL :SELECT CONVERT(VARCHAR(10),GETDATE(),103) AS date_time;
21/07/2021 10:35:59	Open Menu :130513
21/07/2021 10:35:59	Open DB Connection
21/07/2021 10:35:59	SQL :EXEC AuthMenu 'pramudyono hadi',130513;
21/07/2021 10:35:59	Form Check :OdoKmRevision
21/07/2021 10:35:59	Form Open: OdoRevision,2
21/07/2021 10:35:59	Open DB Connection
21/07/2021 10:35:59	SQL :EXEC GetCompanyLocationList
21/07/2021 10:35:59	Open DB Connection
21/07/2021 10:35:59	SQL :EXEC GetVhcOutList2 6,1,2,@AllFoward=3,@InOut=2,@Quick=0,@isFinish=1,@OutDate='2021/07/21',@Order='tgl_keluar desc';
21/07/2021 10:36:05	Open DB Connection
21/07/2021 10:36:05	SQL :EXEC GetVhcOutList2 6,1,2,@AllFoward=3,@InOut=2,@Quick=0,@isFinish=1,@OutDate='2021/06/08',@Order='tgl_keluar desc';
21/07/2021 10:36:12	Form Check :EditKMSJBusForm
21/07/2021 10:36:12	Open DB Connection
21/07/2021 10:36:12	SQL :EXEC GetVhcOutDetail 'SJBRB21060326';
21/07/2021 10:37:20	Open DB Connection
21/07/2021 10:37:20	Open DB Connection
21/07/2021 10:37:20	SQL :SELECT vhc_trans_id FROM wh_vhc_trans WHERE CANCEL is NULL AND vhc_trans_id='SJBRB21060326'
21/07/2021 10:37:35	Open DB Connection
21/07/2021 10:37:35	Open DB Connection
21/07/2021 10:37:35	SQL :SELECT vhc_trans_id FROM wh_vhc_trans WHERE CANCEL is NULL AND vhc_tr21/07/2021 10:39:12	Get Local Settings
21/07/2021 10:39:12	Start Change Local Settings
21/07/2021 10:39:12	Change short date format
21/07/2021 10:39:12	Change Long date format
21/07/2021 10:39:12	Finish Change Local Settings
21/07/2021 10:39:12	Registry Read: Path=SOFTWARE\WEHA\Aplikasi\3
21/07/2021 10:39:12	Registry Read/Write
21/07/2021 10:39:12	Registry Read: Path=SOFTWARE\WEHA\Aplikasi\3
21/07/2021 10:39:12	Setting DB Param
21/07/2021 10:39:12	Create DB Object
21/07/2021 10:39:12	Init DB
21/07/2021 10:39:12	Finish Init DB
21/07/2021 10:39:12	Get File Version
21/07/2021 10:39:12	Change  Caption
21/07/2021 10:39:12	Init Shortkey
21/07/2021 10:39:15	Setting DB Param
21/07/2021 10:39:15	Create DB Object
21/07/2021 10:39:15	Init DB
21/07/2021 10:39:15	Finish Init DB
21/07/2021 10:39:16	Update new version check
21/07/2021 10:39:16	Open DB Connection
21/07/2021 10:39:16	SQL :
21/07/2021 10:39:16	Update check version
21/07/2021 10:39:16	Open DB Connection
21/07/2021 10:39:16	SQL :SELECT version FROM wh_application WHERE application_id=(SELECT MAX(application_id) FROM wh_application);
21/07/2021 10:39:16	Start Login
21/07/2021 10:39:16	Open DB Connection
21/07/2021 10:39:16	SQL :EXEC AuthenticateUser 'pramudyono hadi','6f2b8366efa56f0c06dd6b31fcff8a73';
21/07/2021 10:39:16	SQL :INSERT INTO wh_log (user_id,app_date,app_version,app_version_svr,location_id,company_id,department_id,host_name,ip_address)  VALUES ('pramudyono hadi','21/07/2021','6.1.3.6','6.1.3.2',6,2,13,'DESKTOP-S1PD9OD','192.168.25.214');
21/07/2021 10:39:16	Open DB Connection
21/07/2021 10:39:16	SQL :EXEC GetUserMenu 'pramudyono hadi';
21/07/2021 10:39:16	SQL :EXEC GetUserSubMenu 'pramudyono hadi','11';
21/07/2021 10:39:16	SQL :EXEC GetUserTreeMenu 'pramudyono hadi','1101',@CompanyId=2;
21/07/2021 10:39:16	SQL :EXEC GetUserTreeMenu 'pramudyono hadi','1102',@CompanyId=2;
21/07/2021 10:39:16	SQL :EXEC GetUserTreeMenu 'pramudyono hadi','1103',@CompanyId=2;
21/07/2021 10:39:16	SQL :EXEC GetUserTreeMenu 'pramudyono hadi','1104',@CompanyId=2;
21/07/2021 10:39:16	SQL :EXEC GetUserTreeMenu 'pramudyono hadi','1105',@CompanyId=2;
21/07/2021 10:39:16	SQL :EXEC GetUserTreeMenu 'pramudyono hadi','1106',@CompanyId=2;
21/07/2021 10:39:16	SQL :EXEC GetUserTreeMenu 'pramudyono hadi','1107',@CompanyId=2;
21/07/2021 10:39:16	SQL :EXEC GetUserTreeMenu 'pramudyono hadi','1108',@CompanyId=2;
21/07/2021 10:39:16	SQL :EXEC GetUserTreeMenu 'pramudyono hadi','1109',@CompanyId=2;
21/07/2021 10:39:16	SQL :EXEC GetUserTreeMenu 'pramudyono hadi','1110',@CompanyId=2;
21/07/2021 10:39:16	SQL :EXEC GetUserTreeMenu 'pramudyono hadi','1111',@CompanyId=2;
21/07/2021 10:39:16	SQL :EXEC GetUserTreeMenu 'pramudyono hadi','1112',@CompanyId=2;
21/07/2021 10:39:16	SQL :EXEC GetUserTreeMenu 'pramudyono hadi','1113',@CompanyId=2;
21/07/2021 10:39:16	SQL :EXEC GetUserTreeMenu 'pramudyono hadi','1114',@CompanyId=2;
21/07/2021 10:39:17	SQL :EXEC GetUserTreeMenu 'pramudyono hadi','1115',@CompanyId=2;
21/07/2021 10:39:17	SQL :EXEC GetUserTreeMenu 'pramudyono hadi','1116',@CompanyId=2;
21/07/2021 10:39:17	SQL :EXEC GetUserTreeMenu 'pramudyono hadi','1117',@CompanyId=2;
21/07/2021 10:39:17	SQL :EXEC GetUserTreeMenu 'pramudyono hadi','1198',@CompanyId=2;
21/07/2021 10:39:17	SQL :EXEC GetUserTreeMenu 'pramudyono hadi','1199',@CompanyId=2;
21/07/2021 10:39:17	SQL :EXEC GetUserSubMenu 'pramudyono hadi','12';
21/07/2021 10:39:17	SQL :EXEC GetUserTreeMenu 'pramudyono hadi','1201',@CompanyId=2;
21/07/2021 10:39:17	SQL :EXEC GetUserTreeMenu 'pramudyono hadi','1202',@CompanyId=2;
21/07/2021 10:39:17	SQL :EXEC GetUserTreeMenu 'pramudyono hadi','1203',@CompanyId=2;
21/07/2021 10:39:17	SQL :EXEC GetUserTreeMenu 'pramudyono hadi','1204',@CompanyId=2;
21/07/2021 10:39:17	SQL :EXEC GetUserTreeMenu 'pramudyono hadi','1205',@CompanyId=2;
21/07/2021 10:39:17	SQL :EXEC GetUserTreeMenu 'pramudyono hadi','1206',@CompanyId=2;
21/07/2021 10:39:17	SQL :EXEC GetUserTreeMenu 'pramudyono hadi','1207',@CompanyId=2;
21/07/2021 10:39:17	SQL :EXEC GetUserSubMenu 'pramudyono hadi','13';
21/07/2021 10:39:17	SQL :EXEC GetUserTreeMenu 'pramudyono hadi','1301',@CompanyId=2;
21/07/2021 10:39:17	SQL :EXEC GetUserTreeMenu 'pramudyono hadi','1302',@CompanyId=2;
21/07/2021 10:39:17	SQL :EXEC GetUserTreeMenu 'pramudyono hadi','1303',@CompanyId=2;
21/07/2021 10:39:17	SQL :EXEC GetUserTreeMenu 'pramudyono hadi','1304',@CompanyId=2;
21/07/2021 10:39:17	SQL :EXEC GetUserTreeMenu 'pramudyono hadi','1305',@CompanyId=2;
21/07/2021 10:39:17	SQL :EXEC GetUserTreeMenu 'pramudyono hadi','1306',@CompanyId=2;
21/07/2021 10:39:17	SQL :EXEC GetUserTreeMenu 'pramudyono hadi','1307',@CompanyId=2;
21/07/2021 10:39:17	SQL :EXEC GetUserTreeMenu 'pramudyono hadi','1308',@CompanyId=2;
21/07/2021 10:39:17	SQL :EXEC GetUserTreeMenu 'pramudyono hadi','1309',@CompanyId=2;
21/07/2021 10:39:17	SQL :EXEC GetUserTreeMenu 'pramudyono hadi','1310',@CompanyId=2;
21/07/2021 10:39:17	SQL :EXEC GetUserTreeMenu 'pramudyono hadi','1311',@CompanyId=2;
21/07/2021 10:39:17	SQL :EXEC GetUserTreeMenu 'pramudyono hadi','1312',@CompanyId=2;
21/07/2021 10:39:17	SQL :EXEC GetUserTreeMenu 'pramudyono hadi','1313',@CompanyId=2;
21/07/2021 10:39:17	SQL :EXEC GetUserTreeMenu 'pramudyono hadi','1314',@CompanyId=2;
21/07/2021 10:39:17	SQL :EXEC GetUserTreeMenu 'pramudyono hadi','1315',@CompanyId=2;
21/07/2021 10:39:17	SQL :EXEC GetUserTreeMenu 'pramudyono hadi','1316',@CompanyId=2;
21/07/2021 10:39:17	SQL :EXEC GetUserTreeMenu 'pramudyono hadi','1317',@CompanyId=2;
21/07/2021 10:39:17	SQL :EXEC GetUserTreeMenu 'pramudyono hadi','1318',@CompanyId=2;
21/07/2021 10:39:17	SQL :EXEC GetUserTreeMenu 'pramudyono hadi','1319',@CompanyId=2;
21/07/2021 10:39:17	SQL :EXEC GetUserTreeMenu 'pramudyono hadi','1320',@CompanyId=2;
21/07/2021 10:39:17	SQL :EXEC GetUserTreeMenu 'pramudyono hadi','1321',@CompanyId=2;
21/07/2021 10:39:17	SQL :EXEC GetUserSubMenu 'pramudyono hadi','14';
21/07/2021 10:39:17	SQL :EXEC GetUserTreeMenu 'pramudyono hadi','1401',@CompanyId=2;
21/07/2021 10:39:17	SQL :EXEC GetUserTreeMenu 'pramudyono hadi','1402',@CompanyId=2;
21/07/2021 10:39:17	SQL :EXEC GetUserTreeMenu 'pramudyono hadi','1403',@CompanyId=2;
21/07/2021 10:39:17	SQL :EXEC GetUserTreeMenu 'pramudyono hadi','1404',@CompanyId=2;
21/07/2021 10:39:17	SQL :EXEC GetUserTreeMenu 'pramudyono hadi','1406',@CompanyId=2;
21/07/2021 10:39:17	SQL :EXEC GetUserTreeMenu 'pramudyono hadi','1408',@CompanyId=2;
21/07/2021 10:39:17	SQL :EXEC GetUserTreeMenu 'pramudyono hadi','1410',@CompanyId=2;
21/07/2021 10:39:17	SQL :EXEC GetUserTreeMenu 'pramudyono hadi','1411',@CompanyId=2;
21/07/2021 10:39:17	SQL :EXEC GetUserTreeMenu 'pramudyono hadi','1412',@CompanyId=2;
21/07/2021 10:39:17	SQL :EXEC GetUserTreeMenu 'pramudyono hadi','1413',@CompanyId=2;
21/07/2021 10:39:17	SQL :EXEC GetUserTreeMenu 'pramudyono hadi','1414',@CompanyId=2;
21/07/2021 10:39:17	SQL :EXEC GetUserSubMenu 'pramudyono hadi','15';
21/07/2021 10:39:17	SQL :EXEC GetUserTreeMenu 'pramudyono hadi','1501',@CompanyId=2;
21/07/2021 10:39:17	SQL :EXEC GetUserTreeMenu 'pramudyono hadi','1502',@CompanyId=2;
21/07/2021 10:39:17	SQL :EXEC GetUserTreeMenu 'pramudyono hadi','1503',@CompanyId=2;
21/07/2021 10:39:17	SQL :EXEC GetUserTreeMenu 'pramudyono hadi','1504',@CompanyId=2;
21/07/2021 10:39:17	SQL :EXEC GetUserTreeMenu 'pramudyono hadi','1505',@CompanyId=2;
21/07/2021 10:39:17	SQL :EXEC GetUserTreeMenu 'pramudyono hadi','1506',@CompanyId=2;
21/07/2021 10:39:17	SQL :EXEC GetUserTreeMenu 'pramudyono hadi','1507',@CompanyId=2;
21/07/2021 10:39:17	SQL :EXEC GetUserTreeMenu 'pramudyono hadi','1508',@CompanyId=2;
21/07/2021 10:39:17	SQL :EXEC GetUserTreeMenu 'pramudyono hadi','1509',@CompanyId=2;
21/07/2021 10:39:17	SQL :EXEC GetUserTreeMenu 'pramudyono hadi','1510',@CompanyId=2;
21/07/2021 10:39:17	SQL :EXEC GetUserTreeMenu 'pramudyono hadi','1511',@CompanyId=2;
21/07/2021 10:39:17	SQL :EXEC GetUserSubMenu 'pramudyono hadi','16';
21/07/2021 10:39:17	SQL :EXEC GetUserTreeMenu 'pramudyono hadi','1601',@CompanyId=2;
21/07/2021 10:39:17	SQL :EXEC GetUserTreeMenu 'pramudyono hadi','1602',@CompanyId=2;
21/07/2021 10:39:17	SQL :EXEC GetUserTreeMenu 'pramudyono hadi','1603',@CompanyId=2;
21/07/2021 10:39:17	SQL :EXEC GetUserTreeMenu 'pramudyono hadi','1604',@CompanyId=2;
21/07/2021 10:39:17	SQL :EXEC GetUserTreeMenu 'pramudyono hadi','1605',@CompanyId=2;
21/07/2021 10:39:17	SQL :EXEC GetUserTreeMenu 'pramudyono hadi','1606',@CompanyId=2;
21/07/2021 10:39:17	SQL :EXEC GetUserTreeMenu 'pramudyono hadi','1607',@CompanyId=2;
21/07/2021 10:39:17	SQL :EXEC GetUserTreeMenu 'pramudyono hadi','1608',@CompanyId=2;
21/07/2021 10:39:17	SQL :EXEC GetUserTreeMenu 'pramudyono hadi','1609',@CompanyId=2;
21/07/2021 10:39:17	SQL :EXEC GetUserTreeMenu 'pramudyono hadi','1610',@CompanyId=2;
21/07/2021 10:39:17	SQL :EXEC GetUserTreeMenu 'pramudyono hadi','1611',@CompanyId=2;
21/07/2021 10:39:17	SQL :EXEC GetUserTreeMenu 'pramudyono hadi','1612',@CompanyId=2;
21/07/2021 10:39:17	SQL :EXEC GetUserTreeMenu 'pramudyono hadi','1613',@CompanyId=2;
21/07/2021 10:39:17	SQL :EXEC GetUserTreeMenu 'pramudyono hadi','1614',@CompanyId=2;
21/07/2021 10:39:17	SQL :EXEC GetUserTreeMenu 'pramudyono hadi','1615',@CompanyId=2;
21/07/2021 10:39:17	SQL :EXEC GetUserTreeMenu 'pramudyono hadi','1616',@CompanyId=2;
21/07/2021 10:39:17	SQL :EXEC GetUserTreeMenu 'pramudyono hadi','1619',@CompanyId=2;
21/07/2021 10:39:17	SQL :EXEC GetUserTreeMenu 'pramudyono hadi','1620',@CompanyId=2;
21/07/2021 10:39:17	SQL :EXEC GetUserSubMenu 'pramudyono hadi','17';
21/07/2021 10:39:17	SQL :EXEC GetUserTreeMenu 'pramudyono hadi','1701',@CompanyId=2;
21/07/2021 10:39:17	SQL :EXEC GetUserTreeMenu 'pramudyono hadi','1702',@CompanyId=2;
21/07/2021 10:39:17	SQL :EXEC GetUserTreeMenu 'pramudyono hadi','1703',@CompanyId=2;
21/07/2021 10:39:17	SQL :EXEC GetUserTreeMenu 'pramudyono hadi','1704',@CompanyId=2;
21/07/2021 10:39:17	SQL :EXEC GetUserTreeMenu 'pramudyono hadi','1705',@CompanyId=2;
21/07/2021 10:39:17	SQL :EXEC GetUserTreeMenu 'pramudyono hadi','1706',@CompanyId=2;
21/07/2021 10:39:17	SQL :EXEC GetUserTreeMenu 'pramudyono hadi','1707',@CompanyId=2;
21/07/2021 10:39:17	SQL :EXEC GetUserTreeMenu 'pramudyono hadi','1708',@CompanyId=2;
21/07/2021 10:39:18	SQL :EXEC GetUserTreeMenu 'pramudyono hadi','1709',@CompanyId=2;
21/07/2021 10:39:18	SQL :EXEC GetUserTreeMenu 'pramudyono hadi','1710',@CompanyId=2;
21/07/2021 10:39:18	SQL :EXEC GetUserTreeMenu 'pramudyono hadi','1711',@CompanyId=2;
21/07/2021 10:39:18	SQL :EXEC GetUserTreeMenu 'pramudyono hadi','1712',@CompanyId=2;
21/07/2021 10:39:18	SQL :EXEC GetUserTreeMenu 'pramudyono hadi','1713',@CompanyId=2;
21/07/2021 10:39:18	SQL :EXEC GetUserTreeMenu 'pramudyono hadi','1714',@CompanyId=2;
21/07/2021 10:39:18	SQL :EXEC GetUserTreeMenu 'pramudyono hadi','1715',@CompanyId=2;
21/07/2021 10:39:18	SQL :EXEC GetUserTreeMenu 'pramudyono hadi','1716',@CompanyId=2;
21/07/2021 10:39:18	SQL :EXEC GetUserTreeMenu 'pramudyono hadi','1717',@CompanyId=2;
21/07/2021 10:39:18	SQL :EXEC GetUserSubMenu 'pramudyono hadi','18';
21/07/2021 10:39:18	SQL :EXEC GetUserTreeMenu 'pramudyono hadi','1801',@CompanyId=2;
21/07/2021 10:39:18	SQL :EXEC GetUserSubMenu 'pramudyono hadi','19';
21/07/2021 10:39:18	SQL :EXEC GetUserTreeMenu 'pramudyono hadi','1901',@CompanyId=2;
21/07/2021 10:39:18	SQL :EXEC GetUserTreeMenu 'pramudyono hadi','1902',@CompanyId=2;
21/07/2021 10:39:18	SQL :EXEC GetUserTreeMenu 'pramudyono hadi','1903',@CompanyId=2;
21/07/2021 10:39:18	SQL :EXEC GetUserTreeMenu 'pramudyono hadi','1904',@CompanyId=2;
21/07/2021 10:39:18	SQL :EXEC GetUserTreeMenu 'pramudyono hadi','1905',@CompanyId=2;
21/07/2021 10:39:18	SQL :EXEC GetUserTreeMenu 'pramudyono hadi','1906',@CompanyId=2;
21/07/2021 10:39:18	SQL :EXEC GetUserTreeMenu 'pramudyono hadi','1907',@CompanyId=2;
21/07/2021 10:39:18	SQL :EXEC GetUserTreeMenu 'pramudyono hadi','1908',@CompanyId=2;
21/07/2021 10:39:18	SQL :EXEC GetUserTreeMenu 'pramudyono hadi','1909',@CompanyId=2;
21/07/2021 10:39:18	SQL :EXEC GetUserTreeMenu 'pramudyono hadi','1910',@CompanyId=2;
21/07/2021 10:39:18	SQL :EXEC GetUserTreeMenu 'pramudyono hadi','1911',@CompanyId=2;
21/07/2021 10:39:18	SQL :EXEC GetUserTreeMenu 'pramudyono hadi','1912',@CompanyId=2;
21/07/2021 10:39:18	SQL :SELECT CONVERT(VARCHAR(8),GETDATE(),108) AS hour_minute;
21/07/2021 10:39:18	SQL :SELECT CONVERT(VARCHAR(10),GETDATE(),103) AS date_time;
21/07/2021 10:39:18	Loading Setting
21/07/2021 10:39:18	Open DB Connection
21/07/2021 10:39:18	SQL :SELECT * FROM wh_setting WHERE setting_name='Hold_Less_Deposit';
21/07/2021 10:39:18	SQL :SELECT * FROM wh_setting WHERE setting_name='Max_Less_Deposit';
21/07/2021 10:39:18	SQL :SELECT * FROM wh_setting WHERE setting_name='Dashboard_2';
21/07/2021 10:39:18	Finish Logging
21/07/2021 10:39:18	SQL :SELECT value_string FROM wh_setting WHERE (setting_name='Interval_CheckInDate') AND (active=1);
21/07/2021 10:39:18	SQL :SELECT value_string FROM wh_setting WHERE (setting_name='Interval_CheckInTime') AND (active=1);
21/07/2021 10:39:18	SQL :SELECT value_string FROM wh_setting WHERE (setting_name='ChatEnable') and (active=1);
21/07/2021 10:39:19	Message:Port Check
21/07/2021 10:39:19	Message:Open DB Connection
21/07/2021 10:39:19	SQL :EXEC GetMessage '01','pramudyono hadi';
21/07/2021 10:39:19	SQL :SELECT CONVERT(VARCHAR(8),GETDATE(),108) AS hour_minute;
21/07/2021 10:39:19	SQL :SELECT CONVERT(VARCHAR(10),GETDATE(),103) AS date_time;
21/07/2021 10:40:07	Open Menu :130513
21/07/2021 10:40:07	Open DB Connection
21/07/2021 10:40:07	SQL :EXEC AuthMenu 'pramudyono hadi',130513;
21/07/2021 10:40:07	Form Check :OdoKmRevision
21/07/2021 10:40:07	Form Open: OdoRevision,2
21/07/2021 10:40:07	Open DB Connection
21/07/2021 10:40:07	SQL :EXEC GetCompanyLocationList
21/07/2021 10:40:07	Open DB Connection
21/07/2021 10:40:07	SQL :EXEC GetVhcOutList2 6,1,2,@AllFoward=3,@InOut=2,@Quick=0,@isFinish=1,@OutDate='2021/07/21',@Order='tgl_keluar desc';
21/07/2021 10:40:11	Open DB Connection
21/07/2021 10:40:11	SQL :EXEC GetVhcOutList2 6,1,2,@AllFoward=3,@InOut=2,@Quick=0,@isFinish=1,@OutDate='2021/07/08',@Order='tgl_keluar desc';
21/07/2021 10:40:16	Open DB Connection
21/07/2021 10:40:16	SQL :EXEC GetVhcOutList2 6,1,2,@AllFoward=3,@InOut=2,@Quick=0,@isFinish=1,@OutDate='2021/06/08',@Order='tgl_keluar desc';
21/07/2021 10:40:24	Form Check :EditKMSJBusForm
21/07/2021 10:40:24	Open DB Connection
21/07/2021 10:40:24	SQL :EXEC GetVhcOutDetail 'SJBRB21060326';
21/07/2021 10:40:31	Open DB Connection
21/07/2021 10:40:31	Open DB Connection
21/07/2021 10:40:31	SQL :SELECT vhc_trans_id FROM wh_vhc_trans WHERE CANCEL is NULL AND vhc_trans_id='SJBRB21060326'
21/07/2021 10:41:01	Open DB Connection
21/07/2021 10:41:01	Open DB Connection
21/021/07/2021 10:42:40	Get Local Settings
21/07/2021 10:42:40	Start Change Local Settings
21/07/2021 10:42:40	Change short date format
21/07/2021 10:42:40	Change Long date format
21/07/2021 10:42:40	Finish Change Local Settings
21/07/2021 10:42:40	Registry Read: Path=SOFTWARE\WEHA\Aplikasi\3
21/07/2021 10:42:40	Registry Read/Write
21/07/2021 10:42:41	Registry Read: Path=SOFTWARE\WEHA\Aplikasi\3
21/07/2021 10:42:41	Setting DB Param
21/07/2021 10:42:41	Create DB Object
21/07/2021 10:42:41	Init DB
21/07/2021 10:42:41	Finish Init DB
21/07/2021 10:42:41	Get File Version
21/07/2021 10:42:41	Change  Caption
21/07/2021 10:42:41	Init Shortkey
21/07/2021 10:42:42	Setting DB Param
21/07/2021 10:42:42	Create DB Object
21/07/2021 10:42:42	Init DB
21/07/2021 10:42:42	Finish Init DB
21/07/2021 10:42:44	Update new version check
21/07/2021 10:42:44	Open DB Connection
21/07/2021 10:42:44	SQL :
21/07/2021 10:42:44	Update check version
21/07/2021 10:42:44	Open DB Connection
21/07/2021 10:42:44	SQL :SELECT version FROM wh_application WHERE application_id=(SELECT MAX(application_id) FROM wh_application);
21/07/2021 10:42:44	Start Login
21/07/2021 10:42:44	Open DB Connection
21/07/2021 10:42:44	SQL :EXEC AuthenticateUser 'pramudyono hadi','6f2b8366efa56f0c06dd6b31fcff8a73';
21/07/2021 10:42:44	SQL :INSERT INTO wh_log (user_id,app_date,app_version,app_version_svr,location_id,company_id,department_id,host_name,ip_address)  VALUES ('pramudyono hadi','21/07/2021','6.1.3.6','6.1.3.2',6,2,13,'DESKTOP-S1PD9OD','192.168.25.214');
21/07/2021 10:42:44	Open DB Connection
21/07/2021 10:42:44	SQL :EXEC GetUserMenu 'pramudyono hadi';
21/07/2021 10:42:44	SQL :EXEC GetUserSubMenu 'pramudyono hadi','11';
21/07/2021 10:42:44	SQL :EXEC GetUserTreeMenu 'pramudyono hadi','1101',@CompanyId=2;
21/07/2021 10:42:44	SQL :EXEC GetUserTreeMenu 'pramudyono hadi','1102',@CompanyId=2;
21/07/2021 10:42:44	SQL :EXEC GetUserTreeMenu 'pramudyono hadi','1103',@CompanyId=2;
21/07/2021 10:42:44	SQL :EXEC GetUserTreeMenu 'pramudyono hadi','1104',@CompanyId=2;
21/07/2021 10:42:44	SQL :EXEC GetUserTreeMenu 'pramudyono hadi','1105',@CompanyId=2;
21/07/2021 10:42:45	SQL :EXEC GetUserTreeMenu 'pramudyono hadi','1106',@CompanyId=2;
21/07/2021 10:42:45	SQL :EXEC GetUserTreeMenu 'pramudyono hadi','1107',@CompanyId=2;
21/07/2021 10:42:45	SQL :EXEC GetUserTreeMenu 'pramudyono hadi','1108',@CompanyId=2;
21/07/2021 10:42:45	SQL :EXEC GetUserTreeMenu 'pramudyono hadi','1109',@CompanyId=2;
21/07/2021 10:42:45	SQL :EXEC GetUserTreeMenu 'pramudyono hadi','1110',@CompanyId=2;
21/07/2021 10:42:45	SQL :EXEC GetUserTreeMenu 'pramudyono hadi','1111',@CompanyId=2;
21/07/2021 10:42:45	SQL :EXEC GetUserTreeMenu 'pramudyono hadi','1112',@CompanyId=2;
21/07/2021 10:42:45	SQL :EXEC GetUserTreeMenu 'pramudyono hadi','1113',@CompanyId=2;
21/07/2021 10:42:45	SQL :EXEC GetUserTreeMenu 'pramudyono hadi','1114',@CompanyId=2;
21/07/2021 10:42:45	SQL :EXEC GetUserTreeMenu 'pramudyono hadi','1115',@CompanyId=2;
21/07/2021 10:42:45	SQL :EXEC GetUserTreeMenu 'pramudyono hadi','1116',@CompanyId=2;
21/07/2021 10:42:45	SQL :EXEC GetUserTreeMenu 'pramudyono hadi','1117',@CompanyId=2;
21/07/2021 10:42:45	SQL :EXEC GetUserTreeMenu 'pramudyono hadi','1198',@CompanyId=2;
21/07/2021 10:42:45	SQL :EXEC GetUserTreeMenu 'pramudyono hadi','1199',@CompanyId=2;
21/07/2021 10:42:45	SQL :EXEC GetUserSubMenu 'pramudyono hadi','12';
21/07/2021 10:42:45	SQL :EXEC GetUserTreeMenu 'pramudyono hadi','1201',@CompanyId=2;
21/07/2021 10:42:45	SQL :EXEC GetUserTreeMenu 'pramudyono hadi','1202',@CompanyId=2;
21/07/2021 10:42:45	SQL :EXEC GetUserTreeMenu 'pramudyono hadi','1203',@CompanyId=2;
21/07/2021 10:42:45	SQL :EXEC GetUserTreeMenu 'pramudyono hadi','1204',@CompanyId=2;
21/07/2021 10:42:45	SQL :EXEC GetUserTreeMenu 'pramudyono hadi','1205',@CompanyId=2;
21/07/2021 10:42:45	SQL :EXEC GetUserTreeMenu 'pramudyono hadi','1206',@CompanyId=2;
21/07/2021 10:42:45	SQL :EXEC GetUserTreeMenu 'pramudyono hadi','1207',@CompanyId=2;
21/07/2021 10:42:45	SQL :EXEC GetUserSubMenu 'pramudyono hadi','13';
21/07/2021 10:42:45	SQL :EXEC GetUserTreeMenu 'pramudyono hadi','1301',@CompanyId=2;
21/07/2021 10:42:45	SQL :EXEC GetUserTreeMenu 'pramudyono hadi','1302',@CompanyId=2;
21/07/2021 10:42:45	SQL :EXEC GetUserTreeMenu 'pramudyono hadi','1303',@CompanyId=2;
21/07/2021 10:42:45	SQL :EXEC GetUserTreeMenu 'pramudyono hadi','1304',@CompanyId=2;
21/07/2021 10:42:45	SQL :EXEC GetUserTreeMenu 'pramudyono hadi','1305',@CompanyId=2;
21/07/2021 10:42:45	SQL :EXEC GetUserTreeMenu 'pramudyono hadi','1306',@CompanyId=2;
21/07/2021 10:42:45	SQL :EXEC GetUserTreeMenu 'pramudyono hadi','1307',@CompanyId=2;
21/07/2021 10:42:45	SQL :EXEC GetUserTreeMenu 'pramudyono hadi','1308',@CompanyId=2;
21/07/2021 10:42:45	SQL :EXEC GetUserTreeMenu 'pramudyono hadi','1309',@CompanyId=2;
21/07/2021 10:42:45	SQL :EXEC GetUserTreeMenu 'pramudyono hadi','1310',@CompanyId=2;
21/07/2021 10:42:45	SQL :EXEC GetUserTreeMenu 'pramudyono hadi','1311',@CompanyId=2;
21/07/2021 10:42:45	SQL :EXEC GetUserTreeMenu 'pramudyono hadi','1312',@CompanyId=2;
21/07/2021 10:42:45	SQL :EXEC GetUserTreeMenu 'pramudyono hadi','1313',@CompanyId=2;
21/07/2021 10:42:45	SQL :EXEC GetUserTreeMenu 'pramudyono hadi','1314',@CompanyId=2;
21/07/2021 10:42:45	SQL :EXEC GetUserTreeMenu 'pramudyono hadi','1315',@CompanyId=2;
21/07/2021 10:42:45	SQL :EXEC GetUserTreeMenu 'pramudyono hadi','1316',@CompanyId=2;
21/07/2021 10:42:45	SQL :EXEC GetUserTreeMenu 'pramudyono hadi','1317',@CompanyId=2;
21/07/2021 10:42:45	SQL :EXEC GetUserTreeMenu 'pramudyono hadi','1318',@CompanyId=2;
21/07/2021 10:42:45	SQL :EXEC GetUserTreeMenu 'pramudyono hadi','1319',@CompanyId=2;
21/07/2021 10:42:45	SQL :EXEC GetUserTreeMenu 'pramudyono hadi','1320',@CompanyId=2;
21/07/2021 10:42:45	SQL :EXEC GetUserTreeMenu 'pramudyono hadi','1321',@CompanyId=2;
21/07/2021 10:42:45	SQL :EXEC GetUserSubMenu 'pramudyono hadi','14';
21/07/2021 10:42:45	SQL :EXEC GetUserTreeMenu 'pramudyono hadi','1401',@CompanyId=2;
21/07/2021 10:42:45	SQL :EXEC GetUserTreeMenu 'pramudyono hadi','1402',@CompanyId=2;
21/07/2021 10:42:45	SQL :EXEC GetUserTreeMenu 'pramudyono hadi','1403',@CompanyId=2;
21/07/2021 10:42:45	SQL :EXEC GetUserTreeMenu 'pramudyono hadi','1404',@CompanyId=2;
21/07/2021 10:42:45	SQL :EXEC GetUserTreeMenu 'pramudyono hadi','1406',@CompanyId=2;
21/07/2021 10:42:45	SQL :EXEC GetUserTreeMenu 'pramudyono hadi','1408',@CompanyId=2;
21/07/2021 10:42:45	SQL :EXEC GetUserTreeMenu 'pramudyono hadi','1410',@CompanyId=2;
21/07/2021 10:42:45	SQL :EXEC GetUserTreeMenu 'pramudyono hadi','1411',@CompanyId=2;
21/07/2021 10:42:45	SQL :EXEC GetUserTreeMenu 'pramudyono hadi','1412',@CompanyId=2;
21/07/2021 10:42:45	SQL :EXEC GetUserTreeMenu 'pramudyono hadi','1413',@CompanyId=2;
21/07/2021 10:42:45	SQL :EXEC GetUserTreeMenu 'pramudyono hadi','1414',@CompanyId=2;
21/07/2021 10:42:45	SQL :EXEC GetUserSubMenu 'pramudyono hadi','15';
21/07/2021 10:42:45	SQL :EXEC GetUserTreeMenu 'pramudyono hadi','1501',@CompanyId=2;
21/07/2021 10:42:45	SQL :EXEC GetUserTreeMenu 'pramudyono hadi','1502',@CompanyId=2;
21/07/2021 10:42:45	SQL :EXEC GetUserTreeMenu 'pramudyono hadi','1503',@CompanyId=2;
21/07/2021 10:42:45	SQL :EXEC GetUserTreeMenu 'pramudyono hadi','1504',@CompanyId=2;
21/07/2021 10:42:45	SQL :EXEC GetUserTreeMenu 'pramudyono hadi','1505',@CompanyId=2;
21/07/2021 10:42:45	SQL :EXEC GetUserTreeMenu 'pramudyono hadi','1506',@CompanyId=2;
21/07/2021 10:42:45	SQL :EXEC GetUserTreeMenu 'pramudyono hadi','1507',@CompanyId=2;
21/07/2021 10:42:45	SQL :EXEC GetUserTreeMenu 'pramudyono hadi','1508',@CompanyId=2;
21/07/2021 10:42:45	SQL :EXEC GetUserTreeMenu 'pramudyono hadi','1509',@CompanyId=2;
21/07/2021 10:42:45	SQL :EXEC GetUserTreeMenu 'pramudyono hadi','1510',@CompanyId=2;
21/07/2021 10:42:45	SQL :EXEC GetUserTreeMenu 'pramudyono hadi','1511',@CompanyId=2;
21/07/2021 10:42:45	SQL :EXEC GetUserSubMenu 'pramudyono hadi','16';
21/07/2021 10:42:45	SQL :EXEC GetUserTreeMenu 'pramudyono hadi','1601',@CompanyId=2;
21/07/2021 10:42:45	SQL :EXEC GetUserTreeMenu 'pramudyono hadi','1602',@CompanyId=2;
21/07/2021 10:42:45	SQL :EXEC GetUserTreeMenu 'pramudyono hadi','1603',@CompanyId=2;
21/07/2021 10:42:45	SQL :EXEC GetUserTreeMenu 'pramudyono hadi','1604',@CompanyId=2;
21/07/2021 10:42:45	SQL :EXEC GetUserTreeMenu 'pramudyono hadi','1605',@CompanyId=2;
21/07/2021 10:42:45	SQL :EXEC GetUserTreeMenu 'pramudyono hadi','1606',@CompanyId=2;
21/07/2021 10:42:45	SQL :EXEC GetUserTreeMenu 'pramudyono hadi','1607',@CompanyId=2;
21/07/2021 10:42:45	SQL :EXEC GetUserTreeMenu 'pramudyono hadi','1608',@CompanyId=2;
21/07/2021 10:42:45	SQL :EXEC GetUserTreeMenu 'pramudyono hadi','1609',@CompanyId=2;
21/07/2021 10:42:45	SQL :EXEC GetUserTreeMenu 'pramudyono hadi','1610',@CompanyId=2;
21/07/2021 10:42:45	SQL :EXEC GetUserTreeMenu 'pramudyono hadi','1611',@CompanyId=2;
21/07/2021 10:42:45	SQL :EXEC GetUserTreeMenu 'pramudyono hadi','1612',@CompanyId=2;
21/07/2021 10:42:45	SQL :EXEC GetUserTreeMenu 'pramudyono hadi','1613',@CompanyId=2;
21/07/2021 10:42:45	SQL :EXEC GetUserTreeMenu 'pramudyono hadi','1614',@CompanyId=2;
21/07/2021 10:42:45	SQL :EXEC GetUserTreeMenu 'pramudyono hadi','1615',@CompanyId=2;
21/07/2021 10:42:45	SQL :EXEC GetUserTreeMenu 'pramudyono hadi','1616',@CompanyId=2;
21/07/2021 10:42:45	SQL :EXEC GetUserTreeMenu 'pramudyono hadi','1619',@CompanyId=2;
21/07/2021 10:42:45	SQL :EXEC GetUserTreeMenu 'pramudyono hadi','1620',@CompanyId=2;
21/07/2021 10:42:45	SQL :EXEC GetUserSubMenu 'pramudyono hadi','17';
21/07/2021 10:42:45	SQL :EXEC GetUserTreeMenu 'pramudyono hadi','1701',@CompanyId=2;
21/07/2021 10:42:45	SQL :EXEC GetUserTreeMenu 'pramudyono hadi','1702',@CompanyId=2;
21/07/2021 10:42:45	SQL :EXEC GetUserTreeMenu 'pramudyono hadi','1703',@CompanyId=2;
21/07/2021 10:42:46	SQL :EXEC GetUserTreeMenu 'pramudyono hadi','1704',@CompanyId=2;
21/07/2021 10:42:46	SQL :EXEC GetUserTreeMenu 'pramudyono hadi','1705',@CompanyId=2;
21/07/2021 10:42:46	SQL :EXEC GetUserTreeMenu 'pramudyono hadi','1706',@CompanyId=2;
21/07/2021 10:42:46	SQL :EXEC GetUserTreeMenu 'pramudyono hadi','1707',@CompanyId=2;
21/07/2021 10:42:46	SQL :EXEC GetUserTreeMenu 'pramudyono hadi','1708',@CompanyId=2;
21/07/2021 10:42:46	SQL :EXEC GetUserTreeMenu 'pramudyono hadi','1709',@CompanyId=2;
21/07/2021 10:42:46	SQL :EXEC GetUserTreeMenu 'pramudyono hadi','1710',@CompanyId=2;
21/07/2021 10:42:46	SQL :EXEC GetUserTreeMenu 'pramudyono hadi','1711',@CompanyId=2;
21/07/2021 10:42:46	SQL :EXEC GetUserTreeMenu 'pramudyono hadi','1712',@CompanyId=2;
21/07/2021 10:42:46	SQL :EXEC GetUserTreeMenu 'pramudyono hadi','1713',@CompanyId=2;
21/07/2021 10:42:46	SQL :EXEC GetUserTreeMenu 'pramudyono hadi','1714',@CompanyId=2;
21/07/2021 10:42:46	SQL :EXEC GetUserTreeMenu 'pramudyono hadi','1715',@CompanyId=2;
21/07/2021 10:42:46	SQL :EXEC GetUserTreeMenu 'pramudyono hadi','1716',@CompanyId=2;
21/07/2021 10:42:46	SQL :EXEC GetUserTreeMenu 'pramudyono hadi','1717',@CompanyId=2;
21/07/2021 10:42:46	SQL :EXEC GetUserSubMenu 'pramudyono hadi','18';
21/07/2021 10:42:46	SQL :EXEC GetUserTreeMenu 'pramudyono hadi','1801',@CompanyId=2;
21/07/2021 10:42:46	SQL :EXEC GetUserSubMenu 'pramudyono hadi','19';
21/07/2021 10:42:46	SQL :EXEC GetUserTreeMenu 'pramudyono hadi','1901',@CompanyId=2;
21/07/2021 10:42:46	SQL :EXEC GetUserTreeMenu 'pramudyono hadi','1902',@CompanyId=2;
21/07/2021 10:42:46	SQL :EXEC GetUserTreeMenu 'pramudyono hadi','1903',@CompanyId=2;
21/07/2021 10:42:46	SQL :EXEC GetUserTreeMenu 'pramudyono hadi','1904',@CompanyId=2;
21/07/2021 10:42:46	SQL :EXEC GetUserTreeMenu 'pramudyono hadi','1905',@CompanyId=2;
21/07/2021 10:42:46	SQL :EXEC GetUserTreeMenu 'pramudyono hadi','1906',@CompanyId=2;
21/07/2021 10:42:46	SQL :EXEC GetUserTreeMenu 'pramudyono hadi','1907',@CompanyId=2;
21/07/2021 10:42:46	SQL :EXEC GetUserTreeMenu 'pramudyono hadi','1908',@CompanyId=2;
21/07/2021 10:42:46	SQL :EXEC GetUserTreeMenu 'pramudyono hadi','1909',@CompanyId=2;
21/07/2021 10:42:46	SQL :EXEC GetUserTreeMenu 'pramudyono hadi','1910',@CompanyId=2;
21/07/2021 10:42:46	SQL :EXEC GetUserTreeMenu 'pramudyono hadi','1911',@CompanyId=2;
21/07/2021 10:42:46	SQL :EXEC GetUserTreeMenu 'pramudyono hadi','1912',@CompanyId=2;
21/07/2021 10:42:46	SQL :SELECT CONVERT(VARCHAR(8),GETDATE(),108) AS hour_minute;
21/07/2021 10:42:46	SQL :SELECT CONVERT(VARCHAR(10),GETDATE(),103) AS date_time;
21/07/2021 10:42:46	Loading Setting
21/07/2021 10:42:46	Open DB Connection
21/07/2021 10:42:46	SQL :SELECT * FROM wh_setting WHERE setting_name='Hold_Less_Deposit';
21/07/2021 10:42:46	SQL :SELECT * FROM wh_setting WHERE setting_name='Max_Less_Deposit';
21/07/2021 10:42:46	SQL :SELECT * FROM wh_setting WHERE setting_name='Dashboard_2';
21/07/2021 10:42:46	Finish Logging
21/07/2021 10:42:46	SQL :SELECT value_string FROM wh_setting WHERE (setting_name='Interval_CheckInDate') AND (active=1);
21/07/2021 10:42:46	SQL :SELECT value_string FROM wh_setting WHERE (setting_name='Interval_CheckInTime') AND (active=1);
21/07/2021 10:42:46	SQL :SELECT value_string FROM wh_setting WHERE (setting_name='ChatEnable') and (active=1);
21/07/2021 10:42:47	Message:Port Check
21/07/2021 10:42:47	Message:Open DB Connection
21/07/2021 10:42:47	SQL :EXEC GetMessage '01','pramudyono hadi';
21/07/2021 10:42:47	SQL :SELECT CONVERT(VARCHAR(8),GETDATE(),108) AS hour_minute;
21/07/2021 10:42:47	SQL :SELECT CONVERT(VARCHAR(10),GETDATE(),103) AS date_time;
21/07/2021 10:42:50	Open Menu :130513
21/07/2021 10:42:50	Open DB Connection
21/07/2021 10:42:50	SQL :EXEC AuthMenu 'pramudyono hadi',130513;
21/07/2021 10:42:51	Form Check :OdoKmRevision
21/07/2021 10:42:51	Form Open: OdoRevision,2
21/07/2021 10:42:51	Open DB Connection
21/07/2021 10:42:51	SQL :EXEC GetCompanyLocationList
21/07/2021 10:42:51	Open DB Connection
21/07/2021 10:42:51	SQL :EXEC GetVhcOutList2 6,1,2,@AllFoward=3,@InOut=2,@Quick=0,@isFinish=1,@OutDate='2021/07/21',@Order='tgl_keluar desc';
21/07/2021 10:42:56	Open DB Connection
21/07/2021 10:42:56	SQL :EXEC GetVhcOutList2 6,1,2,@AllFoward=3,@InOut=2,@Quick=0,@isFinish=1,@OutDate='2021/06/08',@Order='tgl_keluar desc';
21/07/2021 10:42:58	Form Check :EditKMSJBusForm
21/07/2021 10:42:58	Open DB Connection
21/07/2021 10:42:58	SQL :EXEC GetVhcOutDetail 'SJBRB21060326';
21/07/2021 10:43:04	Open DB Connection
21/07/2021 10:43:04	Open DB Connection
21/07/2021 10:43:04	SQL :SELECT vhc_trans_id FROM wh_vhc_trans WHERE CANCEL is NULL AND vhc_trans_id='SJBRB21060326'
21/07/2021 10:43:26	Open DB Connection
21/07/2021 10:43:26	Open DB Connection
21/07/2021 10:43:26	SQL :SELECT vhc_trans_id FROM wh_vhc_trans WHERE CANCEL is NULL AND vhc_trans_id='SJBRB21060326'
21/07/2021 10:43:44	Open DB Connection
21/07/2021 10:43:44	Open DB Connection
21/07/2021 10:43:44	SQL :SELECT vhc_trans_id FROM wh_vhc_trans WHERE CANCEL is NULL AND vhc_trans_id='SJBRB21060326'21/07/2021 10:44:12	Get Local Settings
21/07/2021 10:44:12	Start Change Local Settings
21/07/2021 10:44:12	Change short date format
21/07/2021 10:44:12	Change Long date format
21/07/2021 10:44:12	Finish Change Local Settings
21/07/2021 10:44:12	Registry Read: Path=SOFTWARE\WEHA\Aplikasi\3
21/07/2021 10:44:12	Registry Read/Write
21/07/2021 10:44:12	Registry Read: Path=SOFTWARE\WEHA\Aplikasi\3
21/07/2021 10:44:12	Setting DB Param
21/07/2021 10:44:12	Create DB Object
21/07/2021 10:44:12	Init DB
21/07/2021 10:44:12	Finish Init DB
21/07/2021 10:44:12	Get File Version
21/07/2021 10:44:12	Change  Caption
21/07/2021 10:44:12	Init Shortkey
21/07/2021 10:44:14	Setting DB Param
21/07/2021 10:44:14	Create DB Object
21/07/2021 10:44:14	Init DB
21/07/2021 10:44:14	Finish Init DB
21/07/2021 10:44:18	Update new version check
21/07/2021 10:44:18	Open DB Connection
21/07/2021 10:44:18	SQL :
21/07/2021 10:44:18	Update check version
21/07/2021 10:44:18	Open DB Connection
21/07/2021 10:44:18	SQL :SELECT version FROM wh_application WHERE application_id=(SELECT MAX(application_id) FROM wh_application);
21/07/2021 10:44:18	Start Login
21/07/2021 10:44:18	Open DB Connection
21/07/2021 10:44:18	SQL :EXEC AuthenticateUser 'pramudyono hadi','6f2b8366efa56f0c06dd6b31fcff8a73';
21/07/2021 10:44:18	SQL :INSERT INTO wh_log (user_id,app_date,app_version,app_version_svr,location_id,company_id,department_id,host_name,ip_address)  VALUES ('pramudyono hadi','21/07/2021','6.1.3.6','6.1.3.2',6,2,13,'DESKTOP-S1PD9OD','192.168.25.214');
21/07/2021 10:44:18	Open DB Connection
21/07/2021 10:44:18	SQL :EXEC GetUserMenu 'pramudyono hadi';
21/07/2021 10:44:18	SQL :EXEC GetUserSubMenu 'pramudyono hadi','11';
21/07/2021 10:44:18	SQL :EXEC GetUserTreeMenu 'pramudyono hadi','1101',@CompanyId=2;
21/07/2021 10:44:18	SQL :EXEC GetUserTreeMenu 'pramudyono hadi','1102',@CompanyId=2;
21/07/2021 10:44:18	SQL :EXEC GetUserTreeMenu 'pramudyono hadi','1103',@CompanyId=2;
21/07/2021 10:44:18	SQL :EXEC GetUserTreeMenu 'pramudyono hadi','1104',@CompanyId=2;
21/07/2021 10:44:18	SQL :EXEC GetUserTreeMenu 'pramudyono hadi','1105',@CompanyId=2;
21/07/2021 10:44:18	SQL :EXEC GetUserTreeMenu 'pramudyono hadi','1106',@CompanyId=2;
21/07/2021 10:44:18	SQL :EXEC GetUserTreeMenu 'pramudyono hadi','1107',@CompanyId=2;
21/07/2021 10:44:18	SQL :EXEC GetUserTreeMenu 'pramudyono hadi','1108',@CompanyId=2;
21/07/2021 10:44:18	SQL :EXEC GetUserTreeMenu 'pramudyono hadi','1109',@CompanyId=2;
21/07/2021 10:44:18	SQL :EXEC GetUserTreeMenu 'pramudyono hadi','1110',@CompanyId=2;
21/07/2021 10:44:18	SQL :EXEC GetUserTreeMenu 'pramudyono hadi','1111',@CompanyId=2;
21/07/2021 10:44:18	SQL :EXEC GetUserTreeMenu 'pramudyono hadi','1112',@CompanyId=2;
21/07/2021 10:44:19	SQL :EXEC GetUserTreeMenu 'pramudyono hadi','1113',@CompanyId=2;
21/07/2021 10:44:19	SQL :EXEC GetUserTreeMenu 'pramudyono hadi','1114',@CompanyId=2;
21/07/2021 10:44:19	SQL :EXEC GetUserTreeMenu 'pramudyono hadi','1115',@CompanyId=2;
21/07/2021 10:44:19	SQL :EXEC GetUserTreeMenu 'pramudyono hadi','1116',@CompanyId=2;
21/07/2021 10:44:19	SQL :EXEC GetUserTreeMenu 'pramudyono hadi','1117',@CompanyId=2;
21/07/2021 10:44:19	SQL :EXEC GetUserTreeMenu 'pramudyono hadi','1198',@CompanyId=2;
21/07/2021 10:44:19	SQL :EXEC GetUserTreeMenu 'pramudyono hadi','1199',@CompanyId=2;
21/07/2021 10:44:19	SQL :EXEC GetUserSubMenu 'pramudyono hadi','12';
21/07/2021 10:44:19	SQL :EXEC GetUserTreeMenu 'pramudyono hadi','1201',@CompanyId=2;
21/07/2021 10:44:19	SQL :EXEC GetUserTreeMenu 'pramudyono hadi','1202',@CompanyId=2;
21/07/2021 10:44:19	SQL :EXEC GetUserTreeMenu 'pramudyono hadi','1203',@CompanyId=2;
21/07/2021 10:44:19	SQL :EXEC GetUserTreeMenu 'pramudyono hadi','1204',@CompanyId=2;
21/07/2021 10:44:19	SQL :EXEC GetUserTreeMenu 'pramudyono hadi','1205',@CompanyId=2;
21/07/2021 10:44:19	SQL :EXEC GetUserTreeMenu 'pramudyono hadi','1206',@CompanyId=2;
21/07/2021 10:44:19	SQL :EXEC GetUserTreeMenu 'pramudyono hadi','1207',@CompanyId=2;
21/07/2021 10:44:19	SQL :EXEC GetUserSubMenu 'pramudyono hadi','13';
21/07/2021 10:44:19	SQL :EXEC GetUserTreeMenu 'pramudyono hadi','1301',@CompanyId=2;
21/07/2021 10:44:19	SQL :EXEC GetUserTreeMenu 'pramudyono hadi','1302',@CompanyId=2;
21/07/2021 10:44:19	SQL :EXEC GetUserTreeMenu 'pramudyono hadi','1303',@CompanyId=2;
21/07/2021 10:44:19	SQL :EXEC GetUserTreeMenu 'pramudyono hadi','1304',@CompanyId=2;
21/07/2021 10:44:19	SQL :EXEC GetUserTreeMenu 'pramudyono hadi','1305',@CompanyId=2;
21/07/2021 10:44:19	SQL :EXEC GetUserTreeMenu 'pramudyono hadi','1306',@CompanyId=2;
21/07/2021 10:44:19	SQL :EXEC GetUserTreeMenu 'pramudyono hadi','1307',@CompanyId=2;
21/07/2021 10:44:19	SQL :EXEC GetUserTreeMenu 'pramudyono hadi','1308',@CompanyId=2;
21/07/2021 10:44:19	SQL :EXEC GetUserTreeMenu 'pramudyono hadi','1309',@CompanyId=2;
21/07/2021 10:44:19	SQL :EXEC GetUserTreeMenu 'pramudyono hadi','1310',@CompanyId=2;
21/07/2021 10:44:19	SQL :EXEC GetUserTreeMenu 'pramudyono hadi','1311',@CompanyId=2;
21/07/2021 10:44:19	SQL :EXEC GetUserTreeMenu 'pramudyono hadi','1312',@CompanyId=2;
21/07/2021 10:44:19	SQL :EXEC GetUserTreeMenu 'pramudyono hadi','1313',@CompanyId=2;
21/07/2021 10:44:19	SQL :EXEC GetUserTreeMenu 'pramudyono hadi','1314',@CompanyId=2;
21/07/2021 10:44:19	SQL :EXEC GetUserTreeMenu 'pramudyono hadi','1315',@CompanyId=2;
21/07/2021 10:44:19	SQL :EXEC GetUserTreeMenu 'pramudyono hadi','1316',@CompanyId=2;
21/07/2021 10:44:19	SQL :EXEC GetUserTreeMenu 'pramudyono hadi','1317',@CompanyId=2;
21/07/2021 10:44:19	SQL :EXEC GetUserTreeMenu 'pramudyono hadi','1318',@CompanyId=2;
21/07/2021 10:44:19	SQL :EXEC GetUserTreeMenu 'pramudyono hadi','1319',@CompanyId=2;
21/07/2021 10:44:19	SQL :EXEC GetUserTreeMenu 'pramudyono hadi','1320',@CompanyId=2;
21/07/2021 10:44:19	SQL :EXEC GetUserTreeMenu 'pramudyono hadi','1321',@CompanyId=2;
21/07/2021 10:44:19	SQL :EXEC GetUserSubMenu 'pramudyono hadi','14';
21/07/2021 10:44:19	SQL :EXEC GetUserTreeMenu 'pramudyono hadi','1401',@CompanyId=2;
21/07/2021 10:44:19	SQL :EXEC GetUserTreeMenu 'pramudyono hadi','1402',@CompanyId=2;
21/07/2021 10:44:19	SQL :EXEC GetUserTreeMenu 'pramudyono hadi','1403',@CompanyId=2;
21/07/2021 10:44:19	SQL :EXEC GetUserTreeMenu 'pramudyono hadi','1404',@CompanyId=2;
21/07/2021 10:44:19	SQL :EXEC GetUserTreeMenu 'pramudyono hadi','1406',@CompanyId=2;
21/07/2021 10:44:19	SQL :EXEC GetUserTreeMenu 'pramudyono hadi','1408',@CompanyId=2;
21/07/2021 10:44:19	SQL :EXEC GetUserTreeMenu 'pramudyono hadi','1410',@CompanyId=2;
21/07/2021 10:44:19	SQL :EXEC GetUserTreeMenu 'pramudyono hadi','1411',@CompanyId=2;
21/07/2021 10:44:19	SQL :EXEC GetUserTreeMenu 'pramudyono hadi','1412',@CompanyId=2;
21/07/2021 10:44:19	SQL :EXEC GetUserTreeMenu 'pramudyono hadi','1413',@CompanyId=2;
21/07/2021 10:44:19	SQL :EXEC GetUserTreeMenu 'pramudyono hadi','1414',@CompanyId=2;
21/07/2021 10:44:19	SQL :EXEC GetUserSubMenu 'pramudyono hadi','15';
21/07/2021 10:44:19	SQL :EXEC GetUserTreeMenu 'pramudyono hadi','1501',@CompanyId=2;
21/07/2021 10:44:19	SQL :EXEC GetUserTreeMenu 'pramudyono hadi','1502',@CompanyId=2;
21/07/2021 10:44:19	SQL :EXEC GetUserTreeMenu 'pramudyono hadi','1503',@CompanyId=2;
21/07/2021 10:44:19	SQL :EXEC GetUserTreeMenu 'pramudyono hadi','1504',@CompanyId=2;
21/07/2021 10:44:19	SQL :EXEC GetUserTreeMenu 'pramudyono hadi','1505',@CompanyId=2;
21/07/2021 10:44:19	SQL :EXEC GetUserTreeMenu 'pramudyono hadi','1506',@CompanyId=2;
21/07/2021 10:44:19	SQL :EXEC GetUserTreeMenu 'pramudyono hadi','1507',@CompanyId=2;
21/07/2021 10:44:19	SQL :EXEC GetUserTreeMenu 'pramudyono hadi','1508',@CompanyId=2;
21/07/2021 10:44:19	SQL :EXEC GetUserTreeMenu 'pramudyono hadi','1509',@CompanyId=2;
21/07/2021 10:44:19	SQL :EXEC GetUserTreeMenu 'pramudyono hadi','1510',@CompanyId=2;
21/07/2021 10:44:19	SQL :EXEC GetUserTreeMenu 'pramudyono hadi','1511',@CompanyId=2;
21/07/2021 10:44:19	SQL :EXEC GetUserSubMenu 'pramudyono hadi','16';
21/07/2021 10:44:19	SQL :EXEC GetUserTreeMenu 'pramudyono hadi','1601',@CompanyId=2;
21/07/2021 10:44:19	SQL :EXEC GetUserTreeMenu 'pramudyono hadi','1602',@CompanyId=2;
21/07/2021 10:44:19	SQL :EXEC GetUserTreeMenu 'pramudyono hadi','1603',@CompanyId=2;
21/07/2021 10:44:19	SQL :EXEC GetUserTreeMenu 'pramudyono hadi','1604',@CompanyId=2;
21/07/2021 10:44:19	SQL :EXEC GetUserTreeMenu 'pramudyono hadi','1605',@CompanyId=2;
21/07/2021 10:44:19	SQL :EXEC GetUserTreeMenu 'pramudyono hadi','1606',@CompanyId=2;
21/07/2021 10:44:19	SQL :EXEC GetUserTreeMenu 'pramudyono hadi','1607',@CompanyId=2;
21/07/2021 10:44:19	SQL :EXEC GetUserTreeMenu 'pramudyono hadi','1608',@CompanyId=2;
21/07/2021 10:44:19	SQL :EXEC GetUserTreeMenu 'pramudyono hadi','1609',@CompanyId=2;
21/07/2021 10:44:19	SQL :EXEC GetUserTreeMenu 'pramudyono hadi','1610',@CompanyId=2;
21/07/2021 10:44:19	SQL :EXEC GetUserTreeMenu 'pramudyono hadi','1611',@CompanyId=2;
21/07/2021 10:44:19	SQL :EXEC GetUserTreeMenu 'pramudyono hadi','1612',@CompanyId=2;
21/07/2021 10:44:19	SQL :EXEC GetUserTreeMenu 'pramudyono hadi','1613',@CompanyId=2;
21/07/2021 10:44:19	SQL :EXEC GetUserTreeMenu 'pramudyono hadi','1614',@CompanyId=2;
21/07/2021 10:44:19	SQL :EXEC GetUserTreeMenu 'pramudyono hadi','1615',@CompanyId=2;
21/07/2021 10:44:19	SQL :EXEC GetUserTreeMenu 'pramudyono hadi','1616',@CompanyId=2;
21/07/2021 10:44:19	SQL :EXEC GetUserTreeMenu 'pramudyono hadi','1619',@CompanyId=2;
21/07/2021 10:44:19	SQL :EXEC GetUserTreeMenu 'pramudyono hadi','1620',@CompanyId=2;
21/07/2021 10:44:19	SQL :EXEC GetUserSubMenu 'pramudyono hadi','17';
21/07/2021 10:44:19	SQL :EXEC GetUserTreeMenu 'pramudyono hadi','1701',@CompanyId=2;
21/07/2021 10:44:19	SQL :EXEC GetUserTreeMenu 'pramudyono hadi','1702',@CompanyId=2;
21/07/2021 10:44:19	SQL :EXEC GetUserTreeMenu 'pramudyono hadi','1703',@CompanyId=2;
21/07/2021 10:44:19	SQL :EXEC GetUserTreeMenu 'pramudyono hadi','1704',@CompanyId=2;
21/07/2021 10:44:19	SQL :EXEC GetUserTreeMenu 'pramudyono hadi','1705',@CompanyId=2;
21/07/2021 10:44:19	SQL :EXEC GetUserTreeMenu 'pramudyono hadi','1706',@CompanyId=2;
21/07/2021 10:44:19	SQL :EXEC GetUserTreeMenu 'pramudyono hadi','1707',@CompanyId=2;
21/07/2021 10:44:19	SQL :EXEC GetUserTreeMenu 'pramudyono hadi','1708',@CompanyId=2;
21/07/2021 10:44:19	SQL :EXEC GetUserTreeMenu 'pramudyono hadi','1709',@CompanyId=2;
21/07/2021 10:44:19	SQL :EXEC GetUserTreeMenu 'pramudyono hadi','1710',@CompanyId=2;
21/07/2021 10:44:19	SQL :EXEC GetUserTreeMenu 'pramudyono hadi','1711',@CompanyId=2;
21/07/2021 10:44:19	SQL :EXEC GetUserTreeMenu 'pramudyono hadi','1712',@CompanyId=2;
21/07/2021 10:44:19	SQL :EXEC GetUserTreeMenu 'pramudyono hadi','1713',@CompanyId=2;
21/07/2021 10:44:19	SQL :EXEC GetUserTreeMenu 'pramudyono hadi','1714',@CompanyId=2;
21/07/2021 10:44:19	SQL :EXEC GetUserTreeMenu 'pramudyono hadi','1715',@CompanyId=2;
21/07/2021 10:44:19	SQL :EXEC GetUserTreeMenu 'pramudyono hadi','1716',@CompanyId=2;
21/07/2021 10:44:19	SQL :EXEC GetUserTreeMenu 'pramudyono hadi','1717',@CompanyId=2;
21/07/2021 10:44:20	SQL :EXEC GetUserSubMenu 'pramudyono hadi','18';
21/07/2021 10:44:20	SQL :EXEC GetUserTreeMenu 'pramudyono hadi','1801',@CompanyId=2;
21/07/2021 10:44:20	SQL :EXEC GetUserSubMenu 'pramudyono hadi','19';
21/07/2021 10:44:20	SQL :EXEC GetUserTreeMenu 'pramudyono hadi','1901',@CompanyId=2;
21/07/2021 10:44:20	SQL :EXEC GetUserTreeMenu 'pramudyono hadi','1902',@CompanyId=2;
21/07/2021 10:44:20	SQL :EXEC GetUserTreeMenu 'pramudyono hadi','1903',@CompanyId=2;
21/07/2021 10:44:20	SQL :EXEC GetUserTreeMenu 'pramudyono hadi','1904',@CompanyId=2;
21/07/2021 10:44:20	SQL :EXEC GetUserTreeMenu 'pramudyono hadi','1905',@CompanyId=2;
21/07/2021 10:44:20	SQL :EXEC GetUserTreeMenu 'pramudyono hadi','1906',@CompanyId=2;
21/07/2021 10:44:20	SQL :EXEC GetUserTreeMenu 'pramudyono hadi','1907',@CompanyId=2;
21/07/2021 10:44:20	SQL :EXEC GetUserTreeMenu 'pramudyono hadi','1908',@CompanyId=2;
21/07/2021 10:44:20	SQL :EXEC GetUserTreeMenu 'pramudyono hadi','1909',@CompanyId=2;
21/07/2021 10:44:20	SQL :EXEC GetUserTreeMenu 'pramudyono hadi','1910',@CompanyId=2;
21/07/2021 10:44:20	SQL :EXEC GetUserTreeMenu 'pramudyono hadi','1911',@CompanyId=2;
21/07/2021 10:44:20	SQL :EXEC GetUserTreeMenu 'pramudyono hadi','1912',@CompanyId=2;
21/07/2021 10:44:20	SQL :SELECT CONVERT(VARCHAR(8),GETDATE(),108) AS hour_minute;
21/07/2021 10:44:20	SQL :SELECT CONVERT(VARCHAR(10),GETDATE(),103) AS date_time;
21/07/2021 10:44:20	Loading Setting
21/07/2021 10:44:20	Open DB Connection
21/07/2021 10:44:20	SQL :SELECT * FROM wh_setting WHERE setting_name='Hold_Less_Deposit';
21/07/2021 10:44:20	SQL :SELECT * FROM wh_setting WHERE setting_name='Max_Less_Deposit';
21/07/2021 10:44:20	SQL :SELECT * FROM wh_setting WHERE setting_name='Dashboard_2';
21/07/2021 10:44:20	Finish Logging
21/07/2021 10:44:20	SQL :SELECT value_string FROM wh_setting WHERE (setting_name='Interval_CheckInDate') AND (active=1);
21/07/2021 10:44:20	SQL :SELECT value_string FROM wh_setting WHERE (setting_name='Interval_CheckInTime') AND (active=1);
21/07/2021 10:44:20	SQL :SELECT value_string FROM wh_setting WHERE (setting_name='ChatEnable') and (active=1);
21/07/2021 10:44:21	Message:Port Check
21/07/2021 10:44:21	Message:Open DB Connection
21/07/2021 10:44:21	SQL :EXEC GetMessage '01','pramudyono hadi';
21/07/2021 10:44:21	SQL :SELECT CONVERT(VARCHAR(8),GETDATE(),108) AS hour_minute;
21/07/2021 10:44:21	SQL :SELECT CONVERT(VARCHAR(10),GETDATE(),103) AS date_time;
21/07/2021 10:54:28	Message:Port Check
21/07/2021 10:54:28	Message:Open DB Connection
21/07/2021 10:54:28	SQL :EXEC GetMessage '01','pramudyono hadi';
21/07/2021 10:54:28	SQL :SELECT CONVERT(VARCHAR(8),GETDATE(),108) AS hour_minute;
21/07/2021 10:54:28	SQL :SELECT CONVERT(VARCHAR(10),GETDATE(),103) AS date_time;
21/07/2021 10:57:47	Open Menu :130513
21/07/2021 10:57:47	Open DB Connection
21/07/2021 10:57:47	SQL :EXEC AuthMenu 'pramudyono hadi',130513;
21/07/2021 10:57:47	Form Check :OdoKmRevision
21/07/2021 10:57:47	Form Open: OdoRevision,2
21/07/2021 10:57:48	Open DB Connection
21/07/2021 10:57:48	SQL :EXEC GetCompanyLocationList
21/07/2021 10:57:48	Open DB Connection
21/07/2021 10:57:48	SQL :EXEC GetVhcOutList2 6,1,2,@AllFoward=3,@InOut=2,@Quick=0,@isFinish=1,@OutDate='2021/07/21',@Order='tgl_keluar desc';
21/07/2021 10:57:52	Open DB Connection
21/07/2021 10:57:52	SQL :EXEC GetVhcOutList2 6,1,2,@AllFoward=3,@InOut=2,@Quick=0,@isFinish=1,@OutDate='2021/06/08',@Order='tgl_keluar desc';
21/07/2021 10:57:54	Form Check :EditKMSJBusForm
21/07/2021 10:57:54	Open DB Connection
21/07/2021 10:57:54	SQL :EXEC GetVhcOutDetail 'SJBRB21060326';
21/07/2021 10:58:00	Open DB Connection
21/07/2021 10:58:00	Open DB Connection
21/07/2021 10:58:00	SQL :SELECT vhc_trans_id FROM wh_vhc_trans WHERE CANCEL is NULL AND vhc_trans_id='SJBRB21060326'
21/07/2021 10:58:14	Form Check :EditKMSJBusForm
21/07/2021 10:58:14	Open DB Connection
21/07/2021 10:58:14	SQL :EXEC GetVhcOutDetail 'SJBRB21060326';
21/07/2021 10:58:23	Form Check :EditKMSJBusForm
21/07/2021 10:58:23	Open DB Connection
21/07/2021 10:58:23	SQL :EXEC GetVhcOutDetail 'SJBRB21060327';
21/07/2021 10:58:29	Form Check :EditKMSJBusForm
21/07/2021 10:58:29	Open DB Connection
21/07/2021 10:58:29	SQL :EXEC GetVhcOutDetail 'SJBRB21060326';
21/07/2021 11:00:04	Open Menu :130512
21/07/2021 11:00:04	Open DB Connection
21/07/2021 11:00:04	SQL :EXEC AuthMenu 'pramudyono hadi',130512;
21/07/2021 11:00:05	Form Check :SplitBusSJ
21/07/2021 11:00:25	Form Check :SPJBusList
21/07/2021 11:00:25	Form Open: ProductPriceList=SplitSJ,0,-1,2
21/07/2021 11:00:25	Open DB Connection
21/07/2021 11:00:25	SQL :EXEC GetCompanyLocationList
21/07/2021 11:00:25	Open DB Connection
21/07/2021 11:00:25	SQL :EXEC GetVhcOutList2 6,1,2,@AllFoward=2,@InOut=2;
21/07/2021 11:00:27	Open DB Connection
21/07/2021 11:00:27	SQL :EXEC GetVhcOutList2 6,1,2,@AllFoward=1,@InOut=2;
21/07/2021 11:00:29	Open DB Connection
21/07/2021 11:00:29	SQL :EXEC GetVhcOutList2 6,1,2,@AllFoward=-1,@InOut=2;
21/07/2021 11:05:09	Message:Port Check
21/07/2021 11:05:09	Message:Open DB Connection
21/07/2021 11:05:09	SQL :EXEC GetMessage '01','pramudyono hadi';
21/07/2021 11:05:09	SQL :SELECT CONVERT(VARCHAR(8),GETDATE(),108) AS hour_minute;
21/07/2021 11:05:09	SQL :SELECT CONVERT(VARCHAR(10)21/07/2021 11:15:31	Get Local Settings
21/07/2021 11:15:31	Start Change Local Settings
21/07/2021 11:15:31	Change short date format
21/07/2021 11:15:31	Change Long date format
21/07/2021 11:15:31	Finish Change Local Settings
21/07/2021 11:15:31	Registry Read: Path=SOFTWARE\WEHA\Aplikasi\3
21/07/2021 11:15:31	Registry Read/Write
21/07/2021 11:15:31	Registry Read: Path=SOFTWARE\WEHA\Aplikasi\3
21/07/2021 11:15:31	Setting DB Param
21/07/2021 11:15:31	Create DB Object
21/07/2021 11:15:31	Init DB
21/07/2021 11:15:31	Finish Init DB
21/07/2021 11:15:31	Get File Version
21/07/2021 11:15:31	Change  Caption
21/07/2021 11:15:31	Init Shortkey
21/07/2021 11:15:34	Setting DB Param
21/07/2021 11:15:34	Create DB Object
21/07/2021 11:15:34	Init DB
21/07/2021 11:15:34	Finish Init DB
21/07/2021 11:15:36	Update new version check
21/07/2021 11:15:36	Open DB Connection
21/07/2021 11:15:36	SQL :
21/07/2021 11:15:36	Update check version
21/07/2021 11:15:36	Open DB Connection
21/07/2021 11:15:36	SQL :SELECT version FROM wh_application WHERE application_id=(SELECT MAX(application_id) FROM wh_application);
21/07/2021 11:15:36	Start Login
21/07/2021 11:15:36	Open DB Connection
21/07/2021 11:15:36	SQL :EXEC AuthenticateUser 'pramudyono hadi','6f2b8366efa56f0c06dd6b31fcff8a73';
21/07/2021 11:15:36	SQL :INSERT INTO wh_log (user_id,app_date,app_version,app_version_svr,location_id,company_id,department_id,host_name,ip_address)  VALUES ('pramudyono hadi','21/07/2021','6.1.3.6','6.1.3.2',6,2,13,'DESKTOP-S1PD9OD','192.168.25.214');
21/07/2021 11:15:36	Open DB Connection
21/07/2021 11:15:36	SQL :EXEC GetUserMenu 'pramudyono hadi';
21/07/2021 11:15:36	SQL :EXEC GetUserSubMenu 'pramudyono hadi','11';
21/07/2021 11:15:36	SQL :EXEC GetUserTreeMenu 'pramudyono hadi','1101',@CompanyId=2;
21/07/2021 11:15:36	SQL :EXEC GetUserTreeMenu 'pramudyono hadi','1102',@CompanyId=2;
21/07/2021 11:15:36	SQL :EXEC GetUserTreeMenu 'pramudyono hadi','1103',@CompanyId=2;
21/07/2021 11:15:36	SQL :EXEC GetUserTreeMenu 'pramudyono hadi','1104',@CompanyId=2;
21/07/2021 11:15:36	SQL :EXEC GetUserTreeMenu 'pramudyono hadi','1105',@CompanyId=2;
21/07/2021 11:15:36	SQL :EXEC GetUserTreeMenu 'pramudyono hadi','1106',@CompanyId=2;
21/07/2021 11:15:36	SQL :EXEC GetUserTreeMenu 'pramudyono hadi','1107',@CompanyId=2;
21/07/2021 11:15:36	SQL :EXEC GetUserTreeMenu 'pramudyono hadi','1108',@CompanyId=2;
21/07/2021 11:15:36	SQL :EXEC GetUserTreeMenu 'pramudyono hadi','1109',@CompanyId=2;
21/07/2021 11:15:36	SQL :EXEC GetUserTreeMenu 'pramudyono hadi','1110',@CompanyId=2;
21/07/2021 11:15:36	SQL :EXEC GetUserTreeMenu 'pramudyono hadi','1111',@CompanyId=2;
21/07/2021 11:15:36	SQL :EXEC GetUserTreeMenu 'pramudyono hadi','1112',@CompanyId=2;
21/07/2021 11:15:36	SQL :EXEC GetUserTreeMenu 'pramudyono hadi','1113',@CompanyId=2;
21/07/2021 11:15:36	SQL :EXEC GetUserTreeMenu 'pramudyono hadi','1114',@CompanyId=2;
21/07/2021 11:15:36	SQL :EXEC GetUserTreeMenu 'pramudyono hadi','1115',@CompanyId=2;
21/07/2021 11:15:36	SQL :EXEC GetUserTreeMenu 'pramudyono hadi','1116',@CompanyId=2;
21/07/2021 11:15:36	SQL :EXEC GetUserTreeMenu 'pramudyono hadi','1117',@CompanyId=2;
21/07/2021 11:15:36	SQL :EXEC GetUserTreeMenu 'pramudyono hadi','1198',@CompanyId=2;
21/07/2021 11:15:36	SQL :EXEC GetUserTreeMenu 'pramudyono hadi','1199',@CompanyId=2;
21/07/2021 11:15:36	SQL :EXEC GetUserSubMenu 'pramudyono hadi','12';
21/07/2021 11:15:36	SQL :EXEC GetUserTreeMenu 'pramudyono hadi','1201',@CompanyId=2;
21/07/2021 11:15:36	SQL :EXEC GetUserTreeMenu 'pramudyono hadi','1202',@CompanyId=2;
21/07/2021 11:15:36	SQL :EXEC GetUserTreeMenu 'pramudyono hadi','1203',@CompanyId=2;
21/07/2021 11:15:36	SQL :EXEC GetUserTreeMenu 'pramudyono hadi','1204',@CompanyId=2;
21/07/2021 11:15:36	SQL :EXEC GetUserTreeMenu 'pramudyono hadi','1205',@CompanyId=2;
21/07/2021 11:15:36	SQL :EXEC GetUserTreeMenu 'pramudyono hadi','1206',@CompanyId=2;
21/07/2021 11:15:36	SQL :EXEC GetUserTreeMenu 'pramudyono hadi','1207',@CompanyId=2;
21/07/2021 11:15:36	SQL :EXEC GetUserSubMenu 'pramudyono hadi','13';
21/07/2021 11:15:36	SQL :EXEC GetUserTreeMenu 'pramudyono hadi','1301',@CompanyId=2;
21/07/2021 11:15:37	SQL :EXEC GetUserTreeMenu 'pramudyono hadi','1302',@CompanyId=2;
21/07/2021 11:15:37	SQL :EXEC GetUserTreeMenu 'pramudyono hadi','1303',@CompanyId=2;
21/07/2021 11:15:37	SQL :EXEC GetUserTreeMenu 'pramudyono hadi','1304',@CompanyId=2;
21/07/2021 11:15:37	SQL :EXEC GetUserTreeMenu 'pramudyono hadi','1305',@CompanyId=2;
21/07/2021 11:15:37	SQL :EXEC GetUserTreeMenu 'pramudyono hadi','1306',@CompanyId=2;
21/07/2021 11:15:37	SQL :EXEC GetUserTreeMenu 'pramudyono hadi','1307',@CompanyId=2;
21/07/2021 11:15:37	SQL :EXEC GetUserTreeMenu 'pramudyono hadi','1308',@CompanyId=2;
21/07/2021 11:15:37	SQL :EXEC GetUserTreeMenu 'pramudyono hadi','1309',@CompanyId=2;
21/07/2021 11:15:37	SQL :EXEC GetUserTreeMenu 'pramudyono hadi','1310',@CompanyId=2;
21/07/2021 11:15:37	SQL :EXEC GetUserTreeMenu 'pramudyono hadi','1311',@CompanyId=2;
21/07/2021 11:15:37	SQL :EXEC GetUserTreeMenu 'pramudyono hadi','1312',@CompanyId=2;
21/07/2021 11:15:37	SQL :EXEC GetUserTreeMenu 'pramudyono hadi','1313',@CompanyId=2;
21/07/2021 11:15:37	SQL :EXEC GetUserTreeMenu 'pramudyono hadi','1314',@CompanyId=2;
21/07/2021 11:15:37	SQL :EXEC GetUserTreeMenu 'pramudyono hadi','1315',@CompanyId=2;
21/07/2021 11:15:37	SQL :EXEC GetUserTreeMenu 'pramudyono hadi','1316',@CompanyId=2;
21/07/2021 11:15:37	SQL :EXEC GetUserTreeMenu 'pramudyono hadi','1317',@CompanyId=2;
21/07/2021 11:15:37	SQL :EXEC GetUserTreeMenu 'pramudyono hadi','1318',@CompanyId=2;
21/07/2021 11:15:37	SQL :EXEC GetUserTreeMenu 'pramudyono hadi','1319',@CompanyId=2;
21/07/2021 11:15:37	SQL :EXEC GetUserTreeMenu 'pramudyono hadi','1320',@CompanyId=2;
21/07/2021 11:15:37	SQL :EXEC GetUserTreeMenu 'pramudyono hadi','1321',@CompanyId=2;
21/07/2021 11:15:37	SQL :EXEC GetUserSubMenu 'pramudyono hadi','14';
21/07/2021 11:15:37	SQL :EXEC GetUserTreeMenu 'pramudyono hadi','1401',@CompanyId=2;
21/07/2021 11:15:37	SQL :EXEC GetUserTreeMenu 'pramudyono hadi','1402',@CompanyId=2;
21/07/2021 11:15:37	SQL :EXEC GetUserTreeMenu 'pramudyono hadi','1403',@CompanyId=2;
21/07/2021 11:15:37	SQL :EXEC GetUserTreeMenu 'pramudyono hadi','1404',@CompanyId=2;
21/07/2021 11:15:37	SQL :EXEC GetUserTreeMenu 'pramudyono hadi','1406',@CompanyId=2;
21/07/2021 11:15:37	SQL :EXEC GetUserTreeMenu 'pramudyono hadi','1408',@CompanyId=2;
21/07/2021 11:15:37	SQL :EXEC GetUserTreeMenu 'pramudyono hadi','1410',@CompanyId=2;
21/07/2021 11:15:37	SQL :EXEC GetUserTreeMenu 'pramudyono hadi','1411',@CompanyId=2;
21/07/2021 11:15:37	SQL :EXEC GetUserTreeMenu 'pramudyono hadi','1412',@CompanyId=2;
21/07/2021 11:15:37	SQL :EXEC GetUserTreeMenu 'pramudyono hadi','1413',@CompanyId=2;
21/07/2021 11:15:37	SQL :EXEC GetUserTreeMenu 'pramudyono hadi','1414',@CompanyId=2;
21/07/2021 11:15:37	SQL :EXEC GetUserSubMenu 'pramudyono hadi','15';
21/07/2021 11:15:37	SQL :EXEC GetUserTreeMenu 'pramudyono hadi','1501',@CompanyId=2;
21/07/2021 11:15:37	SQL :EXEC GetUserTreeMenu 'pramudyono hadi','1502',@CompanyId=2;
21/07/2021 11:15:37	SQL :EXEC GetUserTreeMenu 'pramudyono hadi','1503',@CompanyId=2;
21/07/2021 11:15:37	SQL :EXEC GetUserTreeMenu 'pramudyono hadi','1504',@CompanyId=2;
21/07/2021 11:15:37	SQL :EXEC GetUserTreeMenu 'pramudyono hadi','1505',@CompanyId=2;
21/07/2021 11:15:37	SQL :EXEC GetUserTreeMenu 'pramudyono hadi','1506',@CompanyId=2;
21/07/2021 11:15:37	SQL :EXEC GetUserTreeMenu 'pramudyono hadi','1507',@CompanyId=2;
21/07/2021 11:15:37	SQL :EXEC GetUserTreeMenu 'pramudyono hadi','1508',@CompanyId=2;
21/07/2021 11:15:37	SQL :EXEC GetUserTreeMenu 'pramudyono hadi','1509',@CompanyId=2;
21/07/2021 11:15:37	SQL :EXEC GetUserTreeMenu 'pramudyono hadi','1510',@CompanyId=2;
21/07/2021 11:15:37	SQL :EXEC GetUserTreeMenu 'pramudyono hadi','1511',@CompanyId=2;
21/07/2021 11:15:37	SQL :EXEC GetUserSubMenu 'pramudyono hadi','16';
21/07/2021 11:15:37	SQL :EXEC GetUserTreeMenu 'pramudyono hadi','1601',@CompanyId=2;
21/07/2021 11:15:37	SQL :EXEC GetUserTreeMenu 'pramudyono hadi','1602',@CompanyId=2;
21/07/2021 11:15:37	SQL :EXEC GetUserTreeMenu 'pramudyono hadi','1603',@CompanyId=2;
21/07/2021 11:15:37	SQL :EXEC GetUserTreeMenu 'pramudyono hadi','1604',@CompanyId=2;
21/07/2021 11:15:37	SQL :EXEC GetUserTreeMenu 'pramudyono hadi','1605',@CompanyId=2;
21/07/2021 11:15:37	SQL :EXEC GetUserTreeMenu 'pramudyono hadi','1606',@CompanyId=2;
21/07/2021 11:15:37	SQL :EXEC GetUserTreeMenu 'pramudyono hadi','1607',@CompanyId=2;
21/07/2021 11:15:37	SQL :EXEC GetUserTreeMenu 'pramudyono hadi','1608',@CompanyId=2;
21/07/2021 11:15:37	SQL :EXEC GetUserTreeMenu 'pramudyono hadi','1609',@CompanyId=2;
21/07/2021 11:15:37	SQL :EXEC GetUserTreeMenu 'pramudyono hadi','1610',@CompanyId=2;
21/07/2021 11:15:37	SQL :EXEC GetUserTreeMenu 'pramudyono hadi','1611',@CompanyId=2;
21/07/2021 11:15:37	SQL :EXEC GetUserTreeMenu 'pramudyono hadi','1612',@CompanyId=2;
21/07/2021 11:15:37	SQL :EXEC GetUserTreeMenu 'pramudyono hadi','1613',@CompanyId=2;
21/07/2021 11:15:37	SQL :EXEC GetUserTreeMenu 'pramudyono hadi','1614',@CompanyId=2;
21/07/2021 11:15:37	SQL :EXEC GetUserTreeMenu 'pramudyono hadi','1615',@CompanyId=2;
21/07/2021 11:15:37	SQL :EXEC GetUserTreeMenu 'pramudyono hadi','1616',@CompanyId=2;
21/07/2021 11:15:37	SQL :EXEC GetUserTreeMenu 'pramudyono hadi','1619',@CompanyId=2;
21/07/2021 11:15:37	SQL :EXEC GetUserTreeMenu 'pramudyono hadi','1620',@CompanyId=2;
21/07/2021 11:15:37	SQL :EXEC GetUserSubMenu 'pramudyono hadi','17';
21/07/2021 11:15:37	SQL :EXEC GetUserTreeMenu 'pramudyono hadi','1701',@CompanyId=2;
21/07/2021 11:15:37	SQL :EXEC GetUserTreeMenu 'pramudyono hadi','1702',@CompanyId=2;
21/07/2021 11:15:37	SQL :EXEC GetUserTreeMenu 'pramudyono hadi','1703',@CompanyId=2;
21/07/2021 11:15:37	SQL :EXEC GetUserTreeMenu 'pramudyono hadi','1704',@CompanyId=2;
21/07/2021 11:15:37	SQL :EXEC GetUserTreeMenu 'pramudyono hadi','1705',@CompanyId=2;
21/07/2021 11:15:37	SQL :EXEC GetUserTreeMenu 'pramudyono hadi','1706',@CompanyId=2;
21/07/2021 11:15:37	SQL :EXEC GetUserTreeMenu 'pramudyono hadi','1707',@CompanyId=2;
21/07/2021 11:15:37	SQL :EXEC GetUserTreeMenu 'pramudyono hadi','1708',@CompanyId=2;
21/07/2021 11:15:37	SQL :EXEC GetUserTreeMenu 'pramudyono hadi','1709',@CompanyId=2;
21/07/2021 11:15:37	SQL :EXEC GetUserTreeMenu 'pramudyono hadi','1710',@CompanyId=2;
21/07/2021 11:15:37	SQL :EXEC GetUserTreeMenu 'pramudyono hadi','1711',@CompanyId=2;
21/07/2021 11:15:37	SQL :EXEC GetUserTreeMenu 'pramudyono hadi','1712',@CompanyId=2;
21/07/2021 11:15:37	SQL :EXEC GetUserTreeMenu 'pramudyono hadi','1713',@CompanyId=2;
21/07/2021 11:15:37	SQL :EXEC GetUserTreeMenu 'pramudyono hadi','1714',@CompanyId=2;
21/07/2021 11:15:37	SQL :EXEC GetUserTreeMenu 'pramudyono hadi','1715',@CompanyId=2;
21/07/2021 11:15:37	SQL :EXEC GetUserTreeMenu 'pramudyono hadi','1716',@CompanyId=2;
21/07/2021 11:15:37	SQL :EXEC GetUserTreeMenu 'pramudyono hadi','1717',@CompanyId=2;
21/07/2021 11:15:37	SQL :EXEC GetUserSubMenu 'pramudyono hadi','18';
21/07/2021 11:15:37	SQL :EXEC GetUserTreeMenu 'pramudyono hadi','1801',@CompanyId=2;
21/07/2021 11:15:37	SQL :EXEC GetUserSubMenu 'pramudyono hadi','19';
21/07/2021 11:15:37	SQL :EXEC GetUserTreeMenu 'pramudyono hadi','1901',@CompanyId=2;
21/07/2021 11:15:38	SQL :EXEC GetUserTreeMenu 'pramudyono hadi','1902',@CompanyId=2;
21/07/2021 11:15:38	SQL :EXEC GetUserTreeMenu 'pramudyono hadi','1903',@CompanyId=2;
21/07/2021 11:15:38	SQL :EXEC GetUserTreeMenu 'pramudyono hadi','1904',@CompanyId=2;
21/07/2021 11:15:38	SQL :EXEC GetUserTreeMenu 'pramudyono hadi','1905',@CompanyId=2;
21/07/2021 11:15:38	SQL :EXEC GetUserTreeMenu 'pramudyono hadi','1906',@CompanyId=2;
21/07/2021 11:15:38	SQL :EXEC GetUserTreeMenu 'pramudyono hadi','1907',@CompanyId=2;
21/07/2021 11:15:38	SQL :EXEC GetUserTreeMenu 'pramudyono hadi','1908',@CompanyId=2;
21/07/2021 11:15:38	SQL :EXEC GetUserTreeMenu 'pramudyono hadi','1909',@CompanyId=2;
21/07/2021 11:15:38	SQL :EXEC GetUserTreeMenu 'pramudyono hadi','1910',@CompanyId=2;
21/07/2021 11:15:38	SQL :EXEC GetUserTreeMenu 'pramudyono hadi','1911',@CompanyId=2;
21/07/2021 11:15:38	SQL :EXEC GetUserTreeMenu 'pramudyono hadi','1912',@CompanyId=2;
21/07/2021 11:15:38	SQL :SELECT CONVERT(VARCHAR(8),GETDATE(),108) AS hour_minute;
21/07/2021 11:15:38	SQL :SELECT CONVERT(VARCHAR(10),GETDATE(),103) AS date_time;
21/07/2021 11:15:38	Loading Setting
21/07/2021 11:15:38	Open DB Connection
21/07/2021 11:15:38	SQL :SELECT * FROM wh_setting WHERE setting_name='Hold_Less_Deposit';
21/07/2021 11:15:38	SQL :SELECT * FROM wh_setting WHERE setting_name='Max_Less_Deposit';
21/07/2021 11:15:38	SQL :SELECT * FROM wh_setting WHERE setting_name='Dashboard_2';
21/07/2021 11:15:38	Finish Logging
21/07/2021 11:15:38	SQL :SELECT value_string FROM wh_setting WHERE (setting_name='Interval_CheckInDate') AND (active=1);
21/07/2021 11:15:38	SQL :SELECT value_string FROM wh_setting WHERE (setting_name='Interval_CheckInTime') AND (active=1);
21/07/2021 11:15:38	SQL :SELECT value_string FROM wh_setting WHERE (setting_name='ChatEnable') and (active=1);
21/07/2021 11:15:39	Message:Port Check
21/07/2021 11:15:39	Message:Open DB Connection
21/07/2021 11:15:39	SQL :EXEC GetMessage '01','pramudyono hadi';
21/07/2021 11:15:39	SQL :SELECT CONVERT(VARCHAR(8),GETDATE(),108) AS hour_minute;
21/07/2021 11:15:39	SQL :SELECT CONVERT(VARCHAR(10),GETDATE(),103) AS date_time;
21/07/2021 11:17:23	Open Menu :130512
21/07/2021 11:17:23	Open DB Connection
21/07/2021 11:17:23	SQL :EXEC AuthMenu 'pramudyono hadi',130512;
21/07/2021 11:17:23	Form Check :SplitBusSJ
21/07/2021 11:17:24	Form Check :SPJBusList
21/07/2021 11:17:24	Form Open: ProductPriceList=SplitSJ,0,-1,2
21/07/2021 11:17:24	Open DB Connection
21/07/2021 11:17:24	SQL :EXEC GetCompanyLocationList
21/07/2021 11:17:24	Open DB Connection
21/07/2021 11:17:24	SQL :EXEC GetVhcOutList2 6,1,2,@AllFoward=2,@InOut=2;
21/07/2021 11:17:26	Open DB Connection
21/07/2021 11:17:26	SQL :EXEC GetVhcOutList2 6,1,2,@AllFoward=-2,@InOut=2;
21/07/2021 11:17:27	Open DB Connection
21/07/2021 11:17:27	SQL :EXEC GetVhcOutList2 6,1,2,@AllFoward=-1,@InOut=2;
21/07/2021 11:17:59	Open Menu :130513
21/07/2021 11:17:59	Open DB Connection
21/07/2021 11:17:59	SQL :EXEC AuthMenu 'pramudyono hadi',130513;
21/07/2021 11:17:59	Form Check :OdoKmRevision
21/07/2021 11:17:59	Form Open: OdoRevision,2
21/07/2021 11:17:59	Open DB Connection
21/07/2021 11:17:59	SQL :EXEC GetCompanyLocationList
21/07/2021 11:17:59	Open DB Connection
21/07/2021 11:17:59	SQL :EXEC GetVhcOutList2 6,1,2,@AllFoward=3,@InOut=2,@Quick=0,@isFinish=1,@OutDate='2021/07/21',@Order='tgl_keluar desc';
21/07/2021 11:18:03	Open DB Connection
21/07/2021 11:18:03	SQL :EXEC GetVhcOutList2 6,1,2,@AllFoward=3,@InOut=2,@Quick=0,@isFinish=1,@OutDate='2021/06/08',@Order='tgl_keluar desc';
21/07/2021 11:18:10	Form Check :EditKMSJBusForm
21/07/2021 11:18:10	Open DB Connection
21/07/2021 11:18:10	SQL :EXEC GetVhcOutDetail 'SJBRB21060326';
21/07/2021 11:18:52	Open DB Connection
21/07/2021 11:18:52	Open DB Connection
21/07/2021 11:18:52	SQL :SELECT21/07/2021 11:23:26	Get Local Settings
21/07/2021 11:23:26	Start Change Local Settings
21/07/2021 11:23:26	Change short date format
21/07/2021 11:23:26	Change Long date format
21/07/2021 11:23:26	Finish Change Local Settings
21/07/2021 11:23:26	Registry Read: Path=SOFTWARE\WEHA\Aplikasi\3
21/07/2021 11:23:26	Registry Read/Write
21/07/2021 11:23:26	Registry Read: Path=SOFTWARE\WEHA\Aplikasi\3
21/07/2021 11:23:26	Setting DB Param
21/07/2021 11:23:26	Create DB Object
21/07/2021 11:23:26	Init DB
21/07/2021 11:23:26	Finish Init DB
21/07/2021 11:23:26	Get File Version
21/07/2021 11:23:26	Change  Caption
21/07/2021 11:23:26	Init Shortkey
21/07/2021 11:23:28	Setting DB Param
21/07/2021 11:23:28	Create DB Object
21/07/2021 11:23:28	Init DB
21/07/2021 11:23:28	Finish Init DB
21/07/2021 11:23:30	Update new version check
21/07/2021 11:23:30	Open DB Connection
21/07/2021 11:23:30	SQL :
21/07/2021 11:23:30	Update check version
21/07/2021 11:23:30	Open DB Connection
21/07/2021 11:23:30	SQL :SELECT version FROM wh_application WHERE application_id=(SELECT MAX(application_id) FROM wh_application);
21/07/2021 11:23:30	Start Login
21/07/2021 11:23:30	Open DB Connection
21/07/2021 11:23:30	SQL :EXEC AuthenticateUser 'pramudyono hadi','6f2b8366efa56f0c06dd6b31fcff8a73';
21/07/2021 11:23:30	SQL :INSERT INTO wh_log (user_id,app_date,app_version,app_version_svr,location_id,company_id,department_id,host_name,ip_address)  VALUES ('pramudyono hadi','21/07/2021','6.1.3.6','6.1.3.2',6,2,13,'DESKTOP-S1PD9OD','192.168.25.214');
21/07/2021 11:23:30	Open DB Connection
21/07/2021 11:23:30	SQL :EXEC GetUserMenu 'pramudyono hadi';
21/07/2021 11:23:30	SQL :EXEC GetUserSubMenu 'pramudyono hadi','11';
21/07/2021 11:23:30	SQL :EXEC GetUserTreeMenu 'pramudyono hadi','1101',@CompanyId=2;
21/07/2021 11:23:30	SQL :EXEC GetUserTreeMenu 'pramudyono hadi','1102',@CompanyId=2;
21/07/2021 11:23:30	SQL :EXEC GetUserTreeMenu 'pramudyono hadi','1103',@CompanyId=2;
21/07/2021 11:23:30	SQL :EXEC GetUserTreeMenu 'pramudyono hadi','1104',@CompanyId=2;
21/07/2021 11:23:30	SQL :EXEC GetUserTreeMenu 'pramudyono hadi','1105',@CompanyId=2;
21/07/2021 11:23:30	SQL :EXEC GetUserTreeMenu 'pramudyono hadi','1106',@CompanyId=2;
21/07/2021 11:23:30	SQL :EXEC GetUserTreeMenu 'pramudyono hadi','1107',@CompanyId=2;
21/07/2021 11:23:30	SQL :EXEC GetUserTreeMenu 'pramudyono hadi','1108',@CompanyId=2;
21/07/2021 11:23:30	SQL :EXEC GetUserTreeMenu 'pramudyono hadi','1109',@CompanyId=2;
21/07/2021 11:23:30	SQL :EXEC GetUserTreeMenu 'pramudyono hadi','1110',@CompanyId=2;
21/07/2021 11:23:30	SQL :EXEC GetUserTreeMenu 'pramudyono hadi','1111',@CompanyId=2;
21/07/2021 11:23:30	SQL :EXEC GetUserTreeMenu 'pramudyono hadi','1112',@CompanyId=2;
21/07/2021 11:23:30	SQL :EXEC GetUserTreeMenu 'pramudyono hadi','1113',@CompanyId=2;
21/07/2021 11:23:30	SQL :EXEC GetUserTreeMenu 'pramudyono hadi','1114',@CompanyId=2;
21/07/2021 11:23:30	SQL :EXEC GetUserTreeMenu 'pramudyono hadi','1115',@CompanyId=2;
21/07/2021 11:23:30	SQL :EXEC GetUserTreeMenu 'pramudyono hadi','1116',@CompanyId=2;
21/07/2021 11:23:30	SQL :EXEC GetUserTreeMenu 'pramudyono hadi','1117',@CompanyId=2;
21/07/2021 11:23:30	SQL :EXEC GetUserTreeMenu 'pramudyono hadi','1198',@CompanyId=2;
21/07/2021 11:23:30	SQL :EXEC GetUserTreeMenu 'pramudyono hadi','1199',@CompanyId=2;
21/07/2021 11:23:30	SQL :EXEC GetUserSubMenu 'pramudyono hadi','12';
21/07/2021 11:23:30	SQL :EXEC GetUserTreeMenu 'pramudyono hadi','1201',@CompanyId=2;
21/07/2021 11:23:30	SQL :EXEC GetUserTreeMenu 'pramudyono hadi','1202',@CompanyId=2;
21/07/2021 11:23:30	SQL :EXEC GetUserTreeMenu 'pramudyono hadi','1203',@CompanyId=2;
21/07/2021 11:23:30	SQL :EXEC GetUserTreeMenu 'pramudyono hadi','1204',@CompanyId=2;
21/07/2021 11:23:31	SQL :EXEC GetUserTreeMenu 'pramudyono hadi','1205',@CompanyId=2;
21/07/2021 11:23:31	SQL :EXEC GetUserTreeMenu 'pramudyono hadi','1206',@CompanyId=2;
21/07/2021 11:23:31	SQL :EXEC GetUserTreeMenu 'pramudyono hadi','1207',@CompanyId=2;
21/07/2021 11:23:31	SQL :EXEC GetUserSubMenu 'pramudyono hadi','13';
21/07/2021 11:23:31	SQL :EXEC GetUserTreeMenu 'pramudyono hadi','1301',@CompanyId=2;
21/07/2021 11:23:31	SQL :EXEC GetUserTreeMenu 'pramudyono hadi','1302',@CompanyId=2;
21/07/2021 11:23:31	SQL :EXEC GetUserTreeMenu 'pramudyono hadi','1303',@CompanyId=2;
21/07/2021 11:23:31	SQL :EXEC GetUserTreeMenu 'pramudyono hadi','1304',@CompanyId=2;
21/07/2021 11:23:31	SQL :EXEC GetUserTreeMenu 'pramudyono hadi','1305',@CompanyId=2;
21/07/2021 11:23:31	SQL :EXEC GetUserTreeMenu 'pramudyono hadi','1306',@CompanyId=2;
21/07/2021 11:23:31	SQL :EXEC GetUserTreeMenu 'pramudyono hadi','1307',@CompanyId=2;
21/07/2021 11:23:31	SQL :EXEC GetUserTreeMenu 'pramudyono hadi','1308',@CompanyId=2;
21/07/2021 11:23:31	SQL :EXEC GetUserTreeMenu 'pramudyono hadi','1309',@CompanyId=2;
21/07/2021 11:23:31	SQL :EXEC GetUserTreeMenu 'pramudyono hadi','1310',@CompanyId=2;
21/07/2021 11:23:31	SQL :EXEC GetUserTreeMenu 'pramudyono hadi','1311',@CompanyId=2;
21/07/2021 11:23:31	SQL :EXEC GetUserTreeMenu 'pramudyono hadi','1312',@CompanyId=2;
21/07/2021 11:23:31	SQL :EXEC GetUserTreeMenu 'pramudyono hadi','1313',@CompanyId=2;
21/07/2021 11:23:31	SQL :EXEC GetUserTreeMenu 'pramudyono hadi','1314',@CompanyId=2;
21/07/2021 11:23:31	SQL :EXEC GetUserTreeMenu 'pramudyono hadi','1315',@CompanyId=2;
21/07/2021 11:23:31	SQL :EXEC GetUserTreeMenu 'pramudyono hadi','1316',@CompanyId=2;
21/07/2021 11:23:31	SQL :EXEC GetUserTreeMenu 'pramudyono hadi','1317',@CompanyId=2;
21/07/2021 11:23:31	SQL :EXEC GetUserTreeMenu 'pramudyono hadi','1318',@CompanyId=2;
21/07/2021 11:23:31	SQL :EXEC GetUserTreeMenu 'pramudyono hadi','1319',@CompanyId=2;
21/07/2021 11:23:31	SQL :EXEC GetUserTreeMenu 'pramudyono hadi','1320',@CompanyId=2;
21/07/2021 11:23:31	SQL :EXEC GetUserTreeMenu 'pramudyono hadi','1321',@CompanyId=2;
21/07/2021 11:23:31	SQL :EXEC GetUserSubMenu 'pramudyono hadi','14';
21/07/2021 11:23:31	SQL :EXEC GetUserTreeMenu 'pramudyono hadi','1401',@CompanyId=2;
21/07/2021 11:23:31	SQL :EXEC GetUserTreeMenu 'pramudyono hadi','1402',@CompanyId=2;
21/07/2021 11:23:31	SQL :EXEC GetUserTreeMenu 'pramudyono hadi','1403',@CompanyId=2;
21/07/2021 11:23:31	SQL :EXEC GetUserTreeMenu 'pramudyono hadi','1404',@CompanyId=2;
21/07/2021 11:23:31	SQL :EXEC GetUserTreeMenu 'pramudyono hadi','1406',@CompanyId=2;
21/07/2021 11:23:31	SQL :EXEC GetUserTreeMenu 'pramudyono hadi','1408',@CompanyId=2;
21/07/2021 11:23:31	SQL :EXEC GetUserTreeMenu 'pramudyono hadi','1410',@CompanyId=2;
21/07/2021 11:23:31	SQL :EXEC GetUserTreeMenu 'pramudyono hadi','1411',@CompanyId=2;
21/07/2021 11:23:31	SQL :EXEC GetUserTreeMenu 'pramudyono hadi','1412',@CompanyId=2;
21/07/2021 11:23:31	SQL :EXEC GetUserTreeMenu 'pramudyono hadi','1413',@CompanyId=2;
21/07/2021 11:23:31	SQL :EXEC GetUserTreeMenu 'pramudyono hadi','1414',@CompanyId=2;
21/07/2021 11:23:31	SQL :EXEC GetUserSubMenu 'pramudyono hadi','15';
21/07/2021 11:23:31	SQL :EXEC GetUserTreeMenu 'pramudyono hadi','1501',@CompanyId=2;
21/07/2021 11:23:31	SQL :EXEC GetUserTreeMenu 'pramudyono hadi','1502',@CompanyId=2;
21/07/2021 11:23:31	SQL :EXEC GetUserTreeMenu 'pramudyono hadi','1503',@CompanyId=2;
21/07/2021 11:23:31	SQL :EXEC GetUserTreeMenu 'pramudyono hadi','1504',@CompanyId=2;
21/07/2021 11:23:31	SQL :EXEC GetUserTreeMenu 'pramudyono hadi','1505',@CompanyId=2;
21/07/2021 11:23:31	SQL :EXEC GetUserTreeMenu 'pramudyono hadi','1506',@CompanyId=2;
21/07/2021 11:23:31	SQL :EXEC GetUserTreeMenu 'pramudyono hadi','1507',@CompanyId=2;
21/07/2021 11:23:31	SQL :EXEC GetUserTreeMenu 'pramudyono hadi','1508',@CompanyId=2;
21/07/2021 11:23:31	SQL :EXEC GetUserTreeMenu 'pramudyono hadi','1509',@CompanyId=2;
21/07/2021 11:23:31	SQL :EXEC GetUserTreeMenu 'pramudyono hadi','1510',@CompanyId=2;
21/07/2021 11:23:31	SQL :EXEC GetUserTreeMenu 'pramudyono hadi','1511',@CompanyId=2;
21/07/2021 11:23:31	SQL :EXEC GetUserSubMenu 'pramudyono hadi','16';
21/07/2021 11:23:31	SQL :EXEC GetUserTreeMenu 'pramudyono hadi','1601',@CompanyId=2;
21/07/2021 11:23:31	SQL :EXEC GetUserTreeMenu 'pramudyono hadi','1602',@CompanyId=2;
21/07/2021 11:23:31	SQL :EXEC GetUserTreeMenu 'pramudyono hadi','1603',@CompanyId=2;
21/07/2021 11:23:31	SQL :EXEC GetUserTreeMenu 'pramudyono hadi','1604',@CompanyId=2;
21/07/2021 11:23:31	SQL :EXEC GetUserTreeMenu 'pramudyono hadi','1605',@CompanyId=2;
21/07/2021 11:23:31	SQL :EXEC GetUserTreeMenu 'pramudyono hadi','1606',@CompanyId=2;
21/07/2021 11:23:31	SQL :EXEC GetUserTreeMenu 'pramudyono hadi','1607',@CompanyId=2;
21/07/2021 11:23:31	SQL :EXEC GetUserTreeMenu 'pramudyono hadi','1608',@CompanyId=2;
21/07/2021 11:23:31	SQL :EXEC GetUserTreeMenu 'pramudyono hadi','1609',@CompanyId=2;
21/07/2021 11:23:31	SQL :EXEC GetUserTreeMenu 'pramudyono hadi','1610',@CompanyId=2;
21/07/2021 11:23:31	SQL :EXEC GetUserTreeMenu 'pramudyono hadi','1611',@CompanyId=2;
21/07/2021 11:23:31	SQL :EXEC GetUserTreeMenu 'pramudyono hadi','1612',@CompanyId=2;
21/07/2021 11:23:31	SQL :EXEC GetUserTreeMenu 'pramudyono hadi','1613',@CompanyId=2;
21/07/2021 11:23:31	SQL :EXEC GetUserTreeMenu 'pramudyono hadi','1614',@CompanyId=2;
21/07/2021 11:23:31	SQL :EXEC GetUserTreeMenu 'pramudyono hadi','1615',@CompanyId=2;
21/07/2021 11:23:31	SQL :EXEC GetUserTreeMenu 'pramudyono hadi','1616',@CompanyId=2;
21/07/2021 11:23:31	SQL :EXEC GetUserTreeMenu 'pramudyono hadi','1619',@CompanyId=2;
21/07/2021 11:23:31	SQL :EXEC GetUserTreeMenu 'pramudyono hadi','1620',@CompanyId=2;
21/07/2021 11:23:31	SQL :EXEC GetUserSubMenu 'pramudyono hadi','17';
21/07/2021 11:23:31	SQL :EXEC GetUserTreeMenu 'pramudyono hadi','1701',@CompanyId=2;
21/07/2021 11:23:31	SQL :EXEC GetUserTreeMenu 'pramudyono hadi','1702',@CompanyId=2;
21/07/2021 11:23:31	SQL :EXEC GetUserTreeMenu 'pramudyono hadi','1703',@CompanyId=2;
21/07/2021 11:23:31	SQL :EXEC GetUserTreeMenu 'pramudyono hadi','1704',@CompanyId=2;
21/07/2021 11:23:31	SQL :EXEC GetUserTreeMenu 'pramudyono hadi','1705',@CompanyId=2;
21/07/2021 11:23:31	SQL :EXEC GetUserTreeMenu 'pramudyono hadi','1706',@CompanyId=2;
21/07/2021 11:23:31	SQL :EXEC GetUserTreeMenu 'pramudyono hadi','1707',@CompanyId=2;
21/07/2021 11:23:31	SQL :EXEC GetUserTreeMenu 'pramudyono hadi','1708',@CompanyId=2;
21/07/2021 11:23:31	SQL :EXEC GetUserTreeMenu 'pramudyono hadi','1709',@CompanyId=2;
21/07/2021 11:23:31	SQL :EXEC GetUserTreeMenu 'pramudyono hadi','1710',@CompanyId=2;
21/07/2021 11:23:31	SQL :EXEC GetUserTreeMenu 'pramudyono hadi','1711',@CompanyId=2;
21/07/2021 11:23:31	SQL :EXEC GetUserTreeMenu 'pramudyono hadi','1712',@CompanyId=2;
21/07/2021 11:23:31	SQL :EXEC GetUserTreeMenu 'pramudyono hadi','1713',@CompanyId=2;
21/07/2021 11:23:31	SQL :EXEC GetUserTreeMenu 'pramudyono hadi','1714',@CompanyId=2;
21/07/2021 11:23:31	SQL :EXEC GetUserTreeMenu 'pramudyono hadi','1715',@CompanyId=2;
21/07/2021 11:23:32	SQL :EXEC GetUserTreeMenu 'pramudyono hadi','1716',@CompanyId=2;
21/07/2021 11:23:32	SQL :EXEC GetUserTreeMenu 'pramudyono hadi','1717',@CompanyId=2;
21/07/2021 11:23:32	SQL :EXEC GetUserSubMenu 'pramudyono hadi','18';
21/07/2021 11:23:32	SQL :EXEC GetUserTreeMenu 'pramudyono hadi','1801',@CompanyId=2;
21/07/2021 11:23:32	SQL :EXEC GetUserSubMenu 'pramudyono hadi','19';
21/07/2021 11:23:32	SQL :EXEC GetUserTreeMenu 'pramudyono hadi','1901',@CompanyId=2;
21/07/2021 11:23:32	SQL :EXEC GetUserTreeMenu 'pramudyono hadi','1902',@CompanyId=2;
21/07/2021 11:23:32	SQL :EXEC GetUserTreeMenu 'pramudyono hadi','1903',@CompanyId=2;
21/07/2021 11:23:32	SQL :EXEC GetUserTreeMenu 'pramudyono hadi','1904',@CompanyId=2;
21/07/2021 11:23:32	SQL :EXEC GetUserTreeMenu 'pramudyono hadi','1905',@CompanyId=2;
21/07/2021 11:23:32	SQL :EXEC GetUserTreeMenu 'pramudyono hadi','1906',@CompanyId=2;
21/07/2021 11:23:32	SQL :EXEC GetUserTreeMenu 'pramudyono hadi','1907',@CompanyId=2;
21/07/2021 11:23:32	SQL :EXEC GetUserTreeMenu 'pramudyono hadi','1908',@CompanyId=2;
21/07/2021 11:23:32	SQL :EXEC GetUserTreeMenu 'pramudyono hadi','1909',@CompanyId=2;
21/07/2021 11:23:32	SQL :EXEC GetUserTreeMenu 'pramudyono hadi','1910',@CompanyId=2;
21/07/2021 11:23:32	SQL :EXEC GetUserTreeMenu 'pramudyono hadi','1911',@CompanyId=2;
21/07/2021 11:23:32	SQL :EXEC GetUserTreeMenu 'pramudyono hadi','1912',@CompanyId=2;
21/07/2021 11:23:32	SQL :SELECT CONVERT(VARCHAR(8),GETDATE(),108) AS hour_minute;
21/07/2021 11:23:32	SQL :SELECT CONVERT(VARCHAR(10),GETDATE(),103) AS date_time;
21/07/2021 11:23:32	Loading Setting
21/07/2021 11:23:32	Open DB Connection
21/07/2021 11:23:32	SQL :SELECT * FROM wh_setting WHERE setting_name='Hold_Less_Deposit';
21/07/2021 11:23:32	SQL :SELECT * FROM wh_setting WHERE setting_name='Max_Less_Deposit';
21/07/2021 11:23:32	SQL :SELECT * FROM wh_setting WHERE setting_name='Dashboard_2';
21/07/2021 11:23:32	Finish Logging
21/07/2021 11:23:32	SQL :SELECT value_string FROM wh_setting WHERE (setting_name='Interval_CheckInDate') AND (active=1);
21/07/2021 11:23:32	SQL :SELECT value_string FROM wh_setting WHERE (setting_name='Interval_CheckInTime') AND (active=1);
21/07/2021 11:23:32	SQL :SELECT value_string FROM wh_setting WHERE (setting_name='ChatEnable') and (active=1);
21/07/2021 11:23:33	Message:Port Check
21/07/2021 11:23:33	Message:Open DB Connection
21/07/2021 11:23:33	SQL :EXEC GetMessage '01','pramudyono hadi';
21/07/2021 11:23:33	SQL :SELECT CONVERT(VARCHAR(8),GETDATE(),108) AS hour_minute;
21/07/2021 11:23:33	SQL :SELECT CONVERT(VARCHAR(10),GETDATE(),103) AS date_time;
21/07/2021 11:23:39	Open Menu :130512
21/07/2021 11:23:39	Open DB Connection
21/07/2021 11:23:39	SQL :EXEC AuthMenu 'pramudyono hadi',130512;
21/07/2021 11:23:39	Form Check :SplitBusSJ
21/07/2021 11:23:40	Form Check :SPJBusList
21/07/2021 11:23:40	Form Open: ProductPriceList=SplitSJ,0,-1,2
21/07/2021 11:23:40	Open DB Connection
21/07/2021 11:23:40	SQL :EXEC GetCompanyLocationList
21/07/2021 11:23:40	Open DB Connection
21/07/2021 11:23:40	SQL :EXEC GetVhcOutList2 6,1,2,@AllFoward=2,@InOut=2;
21/07/2021 11:23:42	Open DB Connection
21/07/2021 11:23:42	SQL :EXEC GetVhcOutList2 6,1,2,@AllFoward=1,@InOut=2;
21/07/2021 11:23:42	Open DB Connection
21/07/2021 11:23:42	SQL :EXEC GetVhcOutList2 6,1,2,@AllFoward=-1,@InOut=2;
21/07/2021 11:23:58	Open Menu :130513
21/07/2021 11:23:58	Open DB Connection
21/07/2021 11:23:58	SQL :EXEC AuthMenu 'pramudyono hadi',130513;
21/07/2021 11:23:58	Form Check :OdoKmRevision
21/07/2021 11:23:58	Form Open: OdoRevision,2
21/07/2021 11:23:58	Open DB Connection
21/07/2021 11:23:58	SQL :EXEC GetCompanyLocationList
21/07/2021 11:23:59	Open DB Connection
21/07/2021 11:23:59	SQL :EXEC GetVhcOutList2 6,1,2,@AllFoward=3,@InOut=2,@Quick=0,@isFinish=1,@OutDate='2021/07/21',@Order='tgl_keluar desc';
21/07/2021 11:24:02	Open DB Connection
21/07/2021 11:24:02	SQL :EXEC GetVhcOutList2 6,1,2,@AllFoward=3,@InOut=2,@Quick=0,@isFinish=1,@OutDate='2021/06/08',@Order='tgl_keluar desc';
21/07/2021 11:24:04	Form Check :EditKMSJBusForm
21/07/2021 11:24:04	Open DB Connection
21/07/2021 11:24:04	SQL :EXEC GetVhcOutDetail 'S21/07/2021 11:26:05	Get Local Settings
21/07/2021 11:26:05	Start Change Local Settings
21/07/2021 11:26:05	Change short date format
21/07/2021 11:26:05	Change Long date format
21/07/2021 11:26:05	Finish Change Local Settings
21/07/2021 11:26:05	Registry Read: Path=SOFTWARE\WEHA\Aplikasi\3
21/07/2021 11:26:05	Registry Read/Write
21/07/2021 11:26:05	Registry Read: Path=SOFTWARE\WEHA\Aplikasi\3
21/07/2021 11:26:05	Setting DB Param
21/07/2021 11:26:05	Create DB Object
21/07/2021 11:26:05	Init DB
21/07/2021 11:26:05	Finish Init DB
21/07/2021 11:26:05	Get File Version
21/07/2021 11:26:05	Change  Caption
21/07/2021 11:26:05	Init Shortkey
21/07/2021 11:26:13	Setting DB Param
21/07/2021 11:26:13	Create DB Object
21/07/2021 11:26:13	Init DB
21/07/2021 11:26:13	Finish Init DB
21/07/2021 11:26:15	Update new version check
21/07/2021 11:26:15	Open DB Connection
21/07/2021 11:26:15	SQL :
21/07/2021 11:26:15	Update check version
21/07/2021 11:26:15	Open DB Connection
21/07/2021 11:26:15	SQL :SELECT version FROM wh_application WHERE application_id=(SELECT MAX(application_id) FROM wh_application);
21/07/2021 11:26:15	Start Login
21/07/2021 11:26:15	Open DB Connection
21/07/2021 11:26:15	SQL :EXEC AuthenticateUser 'pramudyono hadi','6f2b8366efa56f0c06dd6b31fcff8a73';
21/07/2021 11:26:15	SQL :INSERT INTO wh_log (user_id,app_date,app_version,app_version_svr,location_id,company_id,department_id,host_name,ip_address)  VALUES ('pramudyono hadi','21/07/2021','6.1.3.6','6.1.3.2',6,2,13,'DESKTOP-S1PD9OD','192.168.25.214');
21/07/2021 11:26:15	Open DB Connection
21/07/2021 11:26:15	SQL :EXEC GetUserMenu 'pramudyono hadi';
21/07/2021 11:26:15	SQL :EXEC GetUserSubMenu 'pramudyono hadi','11';
21/07/2021 11:26:15	SQL :EXEC GetUserTreeMenu 'pramudyono hadi','1101',@CompanyId=2;
21/07/2021 11:26:15	SQL :EXEC GetUserTreeMenu 'pramudyono hadi','1102',@CompanyId=2;
21/07/2021 11:26:15	SQL :EXEC GetUserTreeMenu 'pramudyono hadi','1103',@CompanyId=2;
21/07/2021 11:26:15	SQL :EXEC GetUserTreeMenu 'pramudyono hadi','1104',@CompanyId=2;
21/07/2021 11:26:15	SQL :EXEC GetUserTreeMenu 'pramudyono hadi','1105',@CompanyId=2;
21/07/2021 11:26:15	SQL :EXEC GetUserTreeMenu 'pramudyono hadi','1106',@CompanyId=2;
21/07/2021 11:26:15	SQL :EXEC GetUserTreeMenu 'pramudyono hadi','1107',@CompanyId=2;
21/07/2021 11:26:15	SQL :EXEC GetUserTreeMenu 'pramudyono hadi','1108',@CompanyId=2;
21/07/2021 11:26:15	SQL :EXEC GetUserTreeMenu 'pramudyono hadi','1109',@CompanyId=2;
21/07/2021 11:26:15	SQL :EXEC GetUserTreeMenu 'pramudyono hadi','1110',@CompanyId=2;
21/07/2021 11:26:15	SQL :EXEC GetUserTreeMenu 'pramudyono hadi','1111',@CompanyId=2;
21/07/2021 11:26:15	SQL :EXEC GetUserTreeMenu 'pramudyono hadi','1112',@CompanyId=2;
21/07/2021 11:26:15	SQL :EXEC GetUserTreeMenu 'pramudyono hadi','1113',@CompanyId=2;
21/07/2021 11:26:15	SQL :EXEC GetUserTreeMenu 'pramudyono hadi','1114',@CompanyId=2;
21/07/2021 11:26:15	SQL :EXEC GetUserTreeMenu 'pramudyono hadi','1115',@CompanyId=2;
21/07/2021 11:26:15	SQL :EXEC GetUserTreeMenu 'pramudyono hadi','1116',@CompanyId=2;
21/07/2021 11:26:15	SQL :EXEC GetUserTreeMenu 'pramudyono hadi','1117',@CompanyId=2;
21/07/2021 11:26:15	SQL :EXEC GetUserTreeMenu 'pramudyono hadi','1198',@CompanyId=2;
21/07/2021 11:26:15	SQL :EXEC GetUserTreeMenu 'pramudyono hadi','1199',@CompanyId=2;
21/07/2021 11:26:15	SQL :EXEC GetUserSubMenu 'pramudyono hadi','12';
21/07/2021 11:26:15	SQL :EXEC GetUserTreeMenu 'pramudyono hadi','1201',@CompanyId=2;
21/07/2021 11:26:16	SQL :EXEC GetUserTreeMenu 'pramudyono hadi','1202',@CompanyId=2;
21/07/2021 11:26:16	SQL :EXEC GetUserTreeMenu 'pramudyono hadi','1203',@CompanyId=2;
21/07/2021 11:26:16	SQL :EXEC GetUserTreeMenu 'pramudyono hadi','1204',@CompanyId=2;
21/07/2021 11:26:16	SQL :EXEC GetUserTreeMenu 'pramudyono hadi','1205',@CompanyId=2;
21/07/2021 11:26:16	SQL :EXEC GetUserTreeMenu 'pramudyono hadi','1206',@CompanyId=2;
21/07/2021 11:26:16	SQL :EXEC GetUserTreeMenu 'pramudyono hadi','1207',@CompanyId=2;
21/07/2021 11:26:16	SQL :EXEC GetUserSubMenu 'pramudyono hadi','13';
21/07/2021 11:26:16	SQL :EXEC GetUserTreeMenu 'pramudyono hadi','1301',@CompanyId=2;
21/07/2021 11:26:16	SQL :EXEC GetUserTreeMenu 'pramudyono hadi','1302',@CompanyId=2;
21/07/2021 11:26:16	SQL :EXEC GetUserTreeMenu 'pramudyono hadi','1303',@CompanyId=2;
21/07/2021 11:26:16	SQL :EXEC GetUserTreeMenu 'pramudyono hadi','1304',@CompanyId=2;
21/07/2021 11:26:16	SQL :EXEC GetUserTreeMenu 'pramudyono hadi','1305',@CompanyId=2;
21/07/2021 11:26:16	SQL :EXEC GetUserTreeMenu 'pramudyono hadi','1306',@CompanyId=2;
21/07/2021 11:26:16	SQL :EXEC GetUserTreeMenu 'pramudyono hadi','1307',@CompanyId=2;
21/07/2021 11:26:16	SQL :EXEC GetUserTreeMenu 'pramudyono hadi','1308',@CompanyId=2;
21/07/2021 11:26:16	SQL :EXEC GetUserTreeMenu 'pramudyono hadi','1309',@CompanyId=2;
21/07/2021 11:26:16	SQL :EXEC GetUserTreeMenu 'pramudyono hadi','1310',@CompanyId=2;
21/07/2021 11:26:16	SQL :EXEC GetUserTreeMenu 'pramudyono hadi','1311',@CompanyId=2;
21/07/2021 11:26:16	SQL :EXEC GetUserTreeMenu 'pramudyono hadi','1312',@CompanyId=2;
21/07/2021 11:26:16	SQL :EXEC GetUserTreeMenu 'pramudyono hadi','1313',@CompanyId=2;
21/07/2021 11:26:16	SQL :EXEC GetUserTreeMenu 'pramudyono hadi','1314',@CompanyId=2;
21/07/2021 11:26:16	SQL :EXEC GetUserTreeMenu 'pramudyono hadi','1315',@CompanyId=2;
21/07/2021 11:26:16	SQL :EXEC GetUserTreeMenu 'pramudyono hadi','1316',@CompanyId=2;
21/07/2021 11:26:16	SQL :EXEC GetUserTreeMenu 'pramudyono hadi','1317',@CompanyId=2;
21/07/2021 11:26:16	SQL :EXEC GetUserTreeMenu 'pramudyono hadi','1318',@CompanyId=2;
21/07/2021 11:26:16	SQL :EXEC GetUserTreeMenu 'pramudyono hadi','1319',@CompanyId=2;
21/07/2021 11:26:16	SQL :EXEC GetUserTreeMenu 'pramudyono hadi','1320',@CompanyId=2;
21/07/2021 11:26:16	SQL :EXEC GetUserTreeMenu 'pramudyono hadi','1321',@CompanyId=2;
21/07/2021 11:26:16	SQL :EXEC GetUserSubMenu 'pramudyono hadi','14';
21/07/2021 11:26:16	SQL :EXEC GetUserTreeMenu 'pramudyono hadi','1401',@CompanyId=2;
21/07/2021 11:26:16	SQL :EXEC GetUserTreeMenu 'pramudyono hadi','1402',@CompanyId=2;
21/07/2021 11:26:16	SQL :EXEC GetUserTreeMenu 'pramudyono hadi','1403',@CompanyId=2;
21/07/2021 11:26:16	SQL :EXEC GetUserTreeMenu 'pramudyono hadi','1404',@CompanyId=2;
21/07/2021 11:26:16	SQL :EXEC GetUserTreeMenu 'pramudyono hadi','1406',@CompanyId=2;
21/07/2021 11:26:16	SQL :EXEC GetUserTreeMenu 'pramudyono hadi','1408',@CompanyId=2;
21/07/2021 11:26:16	SQL :EXEC GetUserTreeMenu 'pramudyono hadi','1410',@CompanyId=2;
21/07/2021 11:26:16	SQL :EXEC GetUserTreeMenu 'pramudyono hadi','1411',@CompanyId=2;
21/07/2021 11:26:16	SQL :EXEC GetUserTreeMenu 'pramudyono hadi','1412',@CompanyId=2;
21/07/2021 11:26:16	SQL :EXEC GetUserTreeMenu 'pramudyono hadi','1413',@CompanyId=2;
21/07/2021 11:26:16	SQL :EXEC GetUserTreeMenu 'pramudyono hadi','1414',@CompanyId=2;
21/07/2021 11:26:16	SQL :EXEC GetUserSubMenu 'pramudyono hadi','15';
21/07/2021 11:26:16	SQL :EXEC GetUserTreeMenu 'pramudyono hadi','1501',@CompanyId=2;
21/07/2021 11:26:16	SQL :EXEC GetUserTreeMenu 'pramudyono hadi','1502',@CompanyId=2;
21/07/2021 11:26:16	SQL :EXEC GetUserTreeMenu 'pramudyono hadi','1503',@CompanyId=2;
21/07/2021 11:26:16	SQL :EXEC GetUserTreeMenu 'pramudyono hadi','1504',@CompanyId=2;
21/07/2021 11:26:16	SQL :EXEC GetUserTreeMenu 'pramudyono hadi','1505',@CompanyId=2;
21/07/2021 11:26:16	SQL :EXEC GetUserTreeMenu 'pramudyono hadi','1506',@CompanyId=2;
21/07/2021 11:26:16	SQL :EXEC GetUserTreeMenu 'pramudyono hadi','1507',@CompanyId=2;
21/07/2021 11:26:16	SQL :EXEC GetUserTreeMenu 'pramudyono hadi','1508',@CompanyId=2;
21/07/2021 11:26:16	SQL :EXEC GetUserTreeMenu 'pramudyono hadi','1509',@CompanyId=2;
21/07/2021 11:26:16	SQL :EXEC GetUserTreeMenu 'pramudyono hadi','1510',@CompanyId=2;
21/07/2021 11:26:16	SQL :EXEC GetUserTreeMenu 'pramudyono hadi','1511',@CompanyId=2;
21/07/2021 11:26:16	SQL :EXEC GetUserSubMenu 'pramudyono hadi','16';
21/07/2021 11:26:16	SQL :EXEC GetUserTreeMenu 'pramudyono hadi','1601',@CompanyId=2;
21/07/2021 11:26:16	SQL :EXEC GetUserTreeMenu 'pramudyono hadi','1602',@CompanyId=2;
21/07/2021 11:26:16	SQL :EXEC GetUserTreeMenu 'pramudyono hadi','1603',@CompanyId=2;
21/07/2021 11:26:16	SQL :EXEC GetUserTreeMenu 'pramudyono hadi','1604',@CompanyId=2;
21/07/2021 11:26:16	SQL :EXEC GetUserTreeMenu 'pramudyono hadi','1605',@CompanyId=2;
21/07/2021 11:26:16	SQL :EXEC GetUserTreeMenu 'pramudyono hadi','1606',@CompanyId=2;
21/07/2021 11:26:16	SQL :EXEC GetUserTreeMenu 'pramudyono hadi','1607',@CompanyId=2;
21/07/2021 11:26:16	SQL :EXEC GetUserTreeMenu 'pramudyono hadi','1608',@CompanyId=2;
21/07/2021 11:26:16	SQL :EXEC GetUserTreeMenu 'pramudyono hadi','1609',@CompanyId=2;
21/07/2021 11:26:16	SQL :EXEC GetUserTreeMenu 'pramudyono hadi','1610',@CompanyId=2;
21/07/2021 11:26:16	SQL :EXEC GetUserTreeMenu 'pramudyono hadi','1611',@CompanyId=2;
21/07/2021 11:26:16	SQL :EXEC GetUserTreeMenu 'pramudyono hadi','1612',@CompanyId=2;
21/07/2021 11:26:16	SQL :EXEC GetUserTreeMenu 'pramudyono hadi','1613',@CompanyId=2;
21/07/2021 11:26:16	SQL :EXEC GetUserTreeMenu 'pramudyono hadi','1614',@CompanyId=2;
21/07/2021 11:26:16	SQL :EXEC GetUserTreeMenu 'pramudyono hadi','1615',@CompanyId=2;
21/07/2021 11:26:17	SQL :EXEC GetUserTreeMenu 'pramudyono hadi','1616',@CompanyId=2;
21/07/2021 11:26:17	SQL :EXEC GetUserTreeMenu 'pramudyono hadi','1619',@CompanyId=2;
21/07/2021 11:26:17	SQL :EXEC GetUserTreeMenu 'pramudyono hadi','1620',@CompanyId=2;
21/07/2021 11:26:17	SQL :EXEC GetUserSubMenu 'pramudyono hadi','17';
21/07/2021 11:26:17	SQL :EXEC GetUserTreeMenu 'pramudyono hadi','1701',@CompanyId=2;
21/07/2021 11:26:17	SQL :EXEC GetUserTreeMenu 'pramudyono hadi','1702',@CompanyId=2;
21/07/2021 11:26:17	SQL :EXEC GetUserTreeMenu 'pramudyono hadi','1703',@CompanyId=2;
21/07/2021 11:26:17	SQL :EXEC GetUserTreeMenu 'pramudyono hadi','1704',@CompanyId=2;
21/07/2021 11:26:17	SQL :EXEC GetUserTreeMenu 'pramudyono hadi','1705',@CompanyId=2;
21/07/2021 11:26:17	SQL :EXEC GetUserTreeMenu 'pramudyono hadi','1706',@CompanyId=2;
21/07/2021 11:26:17	SQL :EXEC GetUserTreeMenu 'pramudyono hadi','1707',@CompanyId=2;
21/07/2021 11:26:17	SQL :EXEC GetUserTreeMenu 'pramudyono hadi','1708',@CompanyId=2;
21/07/2021 11:26:17	SQL :EXEC GetUserTreeMenu 'pramudyono hadi','1709',@CompanyId=2;
21/07/2021 11:26:17	SQL :EXEC GetUserTreeMenu 'pramudyono hadi','1710',@CompanyId=2;
21/07/2021 11:26:17	SQL :EXEC GetUserTreeMenu 'pramudyono hadi','1711',@CompanyId=2;
21/07/2021 11:26:17	SQL :EXEC GetUserTreeMenu 'pramudyono hadi','1712',@CompanyId=2;
21/07/2021 11:26:17	SQL :EXEC GetUserTreeMenu 'pramudyono hadi','1713',@CompanyId=2;
21/07/2021 11:26:17	SQL :EXEC GetUserTreeMenu 'pramudyono hadi','1714',@CompanyId=2;
21/07/2021 11:26:17	SQL :EXEC GetUserTreeMenu 'pramudyono hadi','1715',@CompanyId=2;
21/07/2021 11:26:17	SQL :EXEC GetUserTreeMenu 'pramudyono hadi','1716',@CompanyId=2;
21/07/2021 11:26:17	SQL :EXEC GetUserTreeMenu 'pramudyono hadi','1717',@CompanyId=2;
21/07/2021 11:26:17	SQL :EXEC GetUserSubMenu 'pramudyono hadi','18';
21/07/2021 11:26:17	SQL :EXEC GetUserTreeMenu 'pramudyono hadi','1801',@CompanyId=2;
21/07/2021 11:26:17	SQL :EXEC GetUserSubMenu 'pramudyono hadi','19';
21/07/2021 11:26:17	SQL :EXEC GetUserTreeMenu 'pramudyono hadi','1901',@CompanyId=2;
21/07/2021 11:26:17	SQL :EXEC GetUserTreeMenu 'pramudyono hadi','1902',@CompanyId=2;
21/07/2021 11:26:17	SQL :EXEC GetUserTreeMenu 'pramudyono hadi','1903',@CompanyId=2;
21/07/2021 11:26:17	SQL :EXEC GetUserTreeMenu 'pramudyono hadi','1904',@CompanyId=2;
21/07/2021 11:26:17	SQL :EXEC GetUserTreeMenu 'pramudyono hadi','1905',@CompanyId=2;
21/07/2021 11:26:17	SQL :EXEC GetUserTreeMenu 'pramudyono hadi','1906',@CompanyId=2;
21/07/2021 11:26:17	SQL :EXEC GetUserTreeMenu 'pramudyono hadi','1907',@CompanyId=2;
21/07/2021 11:26:17	SQL :EXEC GetUserTreeMenu 'pramudyono hadi','1908',@CompanyId=2;
21/07/2021 11:26:17	SQL :EXEC GetUserTreeMenu 'pramudyono hadi','1909',@CompanyId=2;
21/07/2021 11:26:17	SQL :EXEC GetUserTreeMenu 'pramudyono hadi','1910',@CompanyId=2;
21/07/2021 11:26:17	SQL :EXEC GetUserTreeMenu 'pramudyono hadi','1911',@CompanyId=2;
21/07/2021 11:26:17	SQL :EXEC GetUserTreeMenu 'pramudyono hadi','1912',@CompanyId=2;
21/07/2021 11:26:17	SQL :SELECT CONVERT(VARCHAR(8),GETDATE(),108) AS hour_minute;
21/07/2021 11:26:17	SQL :SELECT CONVERT(VARCHAR(10),GETDATE(),103) AS date_time;
21/07/2021 11:26:17	Loading Setting
21/07/2021 11:26:17	Open DB Connection
21/07/2021 11:26:17	SQL :SELECT * FROM wh_setting WHERE setting_name='Hold_Less_Deposit';
21/07/2021 11:26:17	SQL :SELECT * FROM wh_setting WHERE setting_name='Max_Less_Deposit';
21/07/2021 11:26:17	SQL :SELECT * FROM wh_setting WHERE setting_name='Dashboard_2';
21/07/2021 11:26:17	Finish Logging
21/07/2021 11:26:17	SQL :SELECT value_string FROM wh_setting WHERE (setting_name='Interval_CheckInDate') AND (active=1);
21/07/2021 11:26:17	SQL :SELECT value_string FROM wh_setting WHERE (setting_name='Interval_CheckInTime') AND (active=1);
21/07/2021 11:26:17	SQL :SELECT value_string FROM wh_setting WHERE (setting_name='ChatEnable') and (active=1);
21/07/2021 11:26:18	Message:Port Check
21/07/2021 11:26:18	Message:Open DB Connection
21/07/2021 11:26:18	SQL :EXEC GetMessage '01','pramudyono hadi';
21/07/2021 11:26:18	SQL :SELECT CONVERT(VARCHAR(8),GETDATE(),108) AS hour_minute;
21/07/2021 11:26:18	SQL :SELECT CONVERT(VARCHAR(10),GETDATE(),103) AS date_time;
21/07/2021 11:26:20	Open Menu :130513
21/07/2021 11:26:20	Open DB Connection
21/07/2021 11:26:20	SQL :EXEC AuthMenu 'pramudyono hadi',130513;
21/07/2021 11:26:21	Form Check :OdoKmRevision
21/07/2021 11:26:21	Form Open: OdoRevision,2
21/07/2021 11:26:21	Open DB Connection
21/07/2021 11:26:21	SQL :EXEC GetCompanyLocationList
21/07/2021 11:26:21	Open DB Connection
21/07/2021 11:26:21	SQL :EXEC GetVhcOutList2 6,1,2,@AllFoward=3,@InOut=2,@Quick=0,@isFinish=1,@OutDate='2021/07/21',@Order='tgl_keluar desc';
21/07/2021 11:26:24	Open DB Connection
21/07/2021 11:26:24	SQL :EXEC GetVhcOutList2 6,1,2,@AllFoward=3,@InOut=2,@Quick=0,@isFinish=1,@OutDate='2021/06/08',@Order='tgl_keluar desc';
21/07/2021 11:26:26	Form Check :EditKMSJBusForm
21/07/2021 11:26:26	Open DB Connection
21/07/2021 11:26:21/07/2021 11:29:51	Get Local Settings
21/07/2021 11:29:51	Start Change Local Settings
21/07/2021 11:29:51	Change short date format
21/07/2021 11:29:51	Change Long date format
21/07/2021 11:29:51	Finish Change Local Settings
21/07/2021 11:29:51	Registry Read: Path=SOFTWARE\WEHA\Aplikasi\3
21/07/2021 11:29:51	Registry Read/Write
21/07/2021 11:29:51	Registry Read: Path=SOFTWARE\WEHA\Aplikasi\3
21/07/2021 11:29:51	Setting DB Param
21/07/2021 11:29:51	Create DB Object
21/07/2021 11:29:51	Init DB
21/07/2021 11:29:51	Finish Init DB
21/07/2021 11:29:51	Get File Version
21/07/2021 11:29:51	Change  Caption
21/07/2021 11:29:51	Init Shortkey
21/07/2021 11:29:53	Setting DB Param
21/07/2021 11:29:53	Create DB Object
21/07/2021 11:29:53	Init DB
21/07/2021 11:29:53	Finish Init DB
21/07/2021 11:29:54	Update new version check
21/07/2021 11:29:54	Open DB Connection
21/07/2021 11:29:54	SQL :
21/07/2021 11:29:54	Update check version
21/07/2021 11:29:54	Open DB Connection
21/07/2021 11:29:54	SQL :SELECT version FROM wh_application WHERE application_id=(SELECT MAX(application_id) FROM wh_application);
21/07/2021 11:29:54	Start Login
21/07/2021 11:29:54	Open DB Connection
21/07/2021 11:29:54	SQL :EXEC AuthenticateUser 'pramudyono hadi','6f2b8366efa56f0c06dd6b31fcff8a73';
21/07/2021 11:29:54	SQL :INSERT INTO wh_log (user_id,app_date,app_version,app_version_svr,location_id,company_id,department_id,host_name,ip_address)  VALUES ('pramudyono hadi','21/07/2021','6.1.3.6','6.1.3.2',6,2,13,'DESKTOP-S1PD9OD','192.168.25.214');
21/07/2021 11:29:54	Open DB Connection
21/07/2021 11:29:54	SQL :EXEC GetUserMenu 'pramudyono hadi';
21/07/2021 11:29:54	SQL :EXEC GetUserSubMenu 'pramudyono hadi','11';
21/07/2021 11:29:54	SQL :EXEC GetUserTreeMenu 'pramudyono hadi','1101',@CompanyId=2;
21/07/2021 11:29:54	SQL :EXEC GetUserTreeMenu 'pramudyono hadi','1102',@CompanyId=2;
21/07/2021 11:29:54	SQL :EXEC GetUserTreeMenu 'pramudyono hadi','1103',@CompanyId=2;
21/07/2021 11:29:54	SQL :EXEC GetUserTreeMenu 'pramudyono hadi','1104',@CompanyId=2;
21/07/2021 11:29:54	SQL :EXEC GetUserTreeMenu 'pramudyono hadi','1105',@CompanyId=2;
21/07/2021 11:29:54	SQL :EXEC GetUserTreeMenu 'pramudyono hadi','1106',@CompanyId=2;
21/07/2021 11:29:54	SQL :EXEC GetUserTreeMenu 'pramudyono hadi','1107',@CompanyId=2;
21/07/2021 11:29:54	SQL :EXEC GetUserTreeMenu 'pramudyono hadi','1108',@CompanyId=2;
21/07/2021 11:29:54	SQL :EXEC GetUserTreeMenu 'pramudyono hadi','1109',@CompanyId=2;
21/07/2021 11:29:54	SQL :EXEC GetUserTreeMenu 'pramudyono hadi','1110',@CompanyId=2;
21/07/2021 11:29:54	SQL :EXEC GetUserTreeMenu 'pramudyono hadi','1111',@CompanyId=2;
21/07/2021 11:29:54	SQL :EXEC GetUserTreeMenu 'pramudyono hadi','1112',@CompanyId=2;
21/07/2021 11:29:54	SQL :EXEC GetUserTreeMenu 'pramudyono hadi','1113',@CompanyId=2;
21/07/2021 11:29:54	SQL :EXEC GetUserTreeMenu 'pramudyono hadi','1114',@CompanyId=2;
21/07/2021 11:29:54	SQL :EXEC GetUserTreeMenu 'pramudyono hadi','1115',@CompanyId=2;
21/07/2021 11:29:54	SQL :EXEC GetUserTreeMenu 'pramudyono hadi','1116',@CompanyId=2;
21/07/2021 11:29:54	SQL :EXEC GetUserTreeMenu 'pramudyono hadi','1117',@CompanyId=2;
21/07/2021 11:29:54	SQL :EXEC GetUserTreeMenu 'pramudyono hadi','1198',@CompanyId=2;
21/07/2021 11:29:54	SQL :EXEC GetUserTreeMenu 'pramudyono hadi','1199',@CompanyId=2;
21/07/2021 11:29:54	SQL :EXEC GetUserSubMenu 'pramudyono hadi','12';
21/07/2021 11:29:54	SQL :EXEC GetUserTreeMenu 'pramudyono hadi','1201',@CompanyId=2;
21/07/2021 11:29:54	SQL :EXEC GetUserTreeMenu 'pramudyono hadi','1202',@CompanyId=2;
21/07/2021 11:29:55	SQL :EXEC GetUserTreeMenu 'pramudyono hadi','1203',@CompanyId=2;
21/07/2021 11:29:55	SQL :EXEC GetUserTreeMenu 'pramudyono hadi','1204',@CompanyId=2;
21/07/2021 11:29:55	SQL :EXEC GetUserTreeMenu 'pramudyono hadi','1205',@CompanyId=2;
21/07/2021 11:29:55	SQL :EXEC GetUserTreeMenu 'pramudyono hadi','1206',@CompanyId=2;
21/07/2021 11:29:55	SQL :EXEC GetUserTreeMenu 'pramudyono hadi','1207',@CompanyId=2;
21/07/2021 11:29:55	SQL :EXEC GetUserSubMenu 'pramudyono hadi','13';
21/07/2021 11:29:55	SQL :EXEC GetUserTreeMenu 'pramudyono hadi','1301',@CompanyId=2;
21/07/2021 11:29:55	SQL :EXEC GetUserTreeMenu 'pramudyono hadi','1302',@CompanyId=2;
21/07/2021 11:29:55	SQL :EXEC GetUserTreeMenu 'pramudyono hadi','1303',@CompanyId=2;
21/07/2021 11:29:55	SQL :EXEC GetUserTreeMenu 'pramudyono hadi','1304',@CompanyId=2;
21/07/2021 11:29:55	SQL :EXEC GetUserTreeMenu 'pramudyono hadi','1305',@CompanyId=2;
21/07/2021 11:29:55	SQL :EXEC GetUserTreeMenu 'pramudyono hadi','1306',@CompanyId=2;
21/07/2021 11:29:55	SQL :EXEC GetUserTreeMenu 'pramudyono hadi','1307',@CompanyId=2;
21/07/2021 11:29:55	SQL :EXEC GetUserTreeMenu 'pramudyono hadi','1308',@CompanyId=2;
21/07/2021 11:29:55	SQL :EXEC GetUserTreeMenu 'pramudyono hadi','1309',@CompanyId=2;
21/07/2021 11:29:55	SQL :EXEC GetUserTreeMenu 'pramudyono hadi','1310',@CompanyId=2;
21/07/2021 11:29:55	SQL :EXEC GetUserTreeMenu 'pramudyono hadi','1311',@CompanyId=2;
21/07/2021 11:29:55	SQL :EXEC GetUserTreeMenu 'pramudyono hadi','1312',@CompanyId=2;
21/07/2021 11:29:55	SQL :EXEC GetUserTreeMenu 'pramudyono hadi','1313',@CompanyId=2;
21/07/2021 11:29:55	SQL :EXEC GetUserTreeMenu 'pramudyono hadi','1314',@CompanyId=2;
21/07/2021 11:29:55	SQL :EXEC GetUserTreeMenu 'pramudyono hadi','1315',@CompanyId=2;
21/07/2021 11:29:55	SQL :EXEC GetUserTreeMenu 'pramudyono hadi','1316',@CompanyId=2;
21/07/2021 11:29:55	SQL :EXEC GetUserTreeMenu 'pramudyono hadi','1317',@CompanyId=2;
21/07/2021 11:29:55	SQL :EXEC GetUserTreeMenu 'pramudyono hadi','1318',@CompanyId=2;
21/07/2021 11:29:55	SQL :EXEC GetUserTreeMenu 'pramudyono hadi','1319',@CompanyId=2;
21/07/2021 11:29:55	SQL :EXEC GetUserTreeMenu 'pramudyono hadi','1320',@CompanyId=2;
21/07/2021 11:29:55	SQL :EXEC GetUserTreeMenu 'pramudyono hadi','1321',@CompanyId=2;
21/07/2021 11:29:55	SQL :EXEC GetUserSubMenu 'pramudyono hadi','14';
21/07/2021 11:29:55	SQL :EXEC GetUserTreeMenu 'pramudyono hadi','1401',@CompanyId=2;
21/07/2021 11:29:55	SQL :EXEC GetUserTreeMenu 'pramudyono hadi','1402',@CompanyId=2;
21/07/2021 11:29:55	SQL :EXEC GetUserTreeMenu 'pramudyono hadi','1403',@CompanyId=2;
21/07/2021 11:29:55	SQL :EXEC GetUserTreeMenu 'pramudyono hadi','1404',@CompanyId=2;
21/07/2021 11:29:55	SQL :EXEC GetUserTreeMenu 'pramudyono hadi','1406',@CompanyId=2;
21/07/2021 11:29:55	SQL :EXEC GetUserTreeMenu 'pramudyono hadi','1408',@CompanyId=2;
21/07/2021 11:29:55	SQL :EXEC GetUserTreeMenu 'pramudyono hadi','1410',@CompanyId=2;
21/07/2021 11:29:55	SQL :EXEC GetUserTreeMenu 'pramudyono hadi','1411',@CompanyId=2;
21/07/2021 11:29:55	SQL :EXEC GetUserTreeMenu 'pramudyono hadi','1412',@CompanyId=2;
21/07/2021 11:29:55	SQL :EXEC GetUserTreeMenu 'pramudyono hadi','1413',@CompanyId=2;
21/07/2021 11:29:55	SQL :EXEC GetUserTreeMenu 'pramudyono hadi','1414',@CompanyId=2;
21/07/2021 11:29:55	SQL :EXEC GetUserSubMenu 'pramudyono hadi','15';
21/07/2021 11:29:55	SQL :EXEC GetUserTreeMenu 'pramudyono hadi','1501',@CompanyId=2;
21/07/2021 11:29:55	SQL :EXEC GetUserTreeMenu 'pramudyono hadi','1502',@CompanyId=2;
21/07/2021 11:29:55	SQL :EXEC GetUserTreeMenu 'pramudyono hadi','1503',@CompanyId=2;
21/07/2021 11:29:55	SQL :EXEC GetUserTreeMenu 'pramudyono hadi','1504',@CompanyId=2;
21/07/2021 11:29:55	SQL :EXEC GetUserTreeMenu 'pramudyono hadi','1505',@CompanyId=2;
21/07/2021 11:29:55	SQL :EXEC GetUserTreeMenu 'pramudyono hadi','1506',@CompanyId=2;
21/07/2021 11:29:55	SQL :EXEC GetUserTreeMenu 'pramudyono hadi','1507',@CompanyId=2;
21/07/2021 11:29:55	SQL :EXEC GetUserTreeMenu 'pramudyono hadi','1508',@CompanyId=2;
21/07/2021 11:29:55	SQL :EXEC GetUserTreeMenu 'pramudyono hadi','1509',@CompanyId=2;
21/07/2021 11:29:55	SQL :EXEC GetUserTreeMenu 'pramudyono hadi','1510',@CompanyId=2;
21/07/2021 11:29:55	SQL :EXEC GetUserTreeMenu 'pramudyono hadi','1511',@CompanyId=2;
21/07/2021 11:29:55	SQL :EXEC GetUserSubMenu 'pramudyono hadi','16';
21/07/2021 11:29:55	SQL :EXEC GetUserTreeMenu 'pramudyono hadi','1601',@CompanyId=2;
21/07/2021 11:29:55	SQL :EXEC GetUserTreeMenu 'pramudyono hadi','1602',@CompanyId=2;
21/07/2021 11:29:55	SQL :EXEC GetUserTreeMenu 'pramudyono hadi','1603',@CompanyId=2;
21/07/2021 11:29:55	SQL :EXEC GetUserTreeMenu 'pramudyono hadi','1604',@CompanyId=2;
21/07/2021 11:29:55	SQL :EXEC GetUserTreeMenu 'pramudyono hadi','1605',@CompanyId=2;
21/07/2021 11:29:55	SQL :EXEC GetUserTreeMenu 'pramudyono hadi','1606',@CompanyId=2;
21/07/2021 11:29:55	SQL :EXEC GetUserTreeMenu 'pramudyono hadi','1607',@CompanyId=2;
21/07/2021 11:29:55	SQL :EXEC GetUserTreeMenu 'pramudyono hadi','1608',@CompanyId=2;
21/07/2021 11:29:55	SQL :EXEC GetUserTreeMenu 'pramudyono hadi','1609',@CompanyId=2;
21/07/2021 11:29:55	SQL :EXEC GetUserTreeMenu 'pramudyono hadi','1610',@CompanyId=2;
21/07/2021 11:29:55	SQL :EXEC GetUserTreeMenu 'pramudyono hadi','1611',@CompanyId=2;
21/07/2021 11:29:55	SQL :EXEC GetUserTreeMenu 'pramudyono hadi','1612',@CompanyId=2;
21/07/2021 11:29:55	SQL :EXEC GetUserTreeMenu 'pramudyono hadi','1613',@CompanyId=2;
21/07/2021 11:29:55	SQL :EXEC GetUserTreeMenu 'pramudyono hadi','1614',@CompanyId=2;
21/07/2021 11:29:55	SQL :EXEC GetUserTreeMenu 'pramudyono hadi','1615',@CompanyId=2;
21/07/2021 11:29:55	SQL :EXEC GetUserTreeMenu 'pramudyono hadi','1616',@CompanyId=2;
21/07/2021 11:29:55	SQL :EXEC GetUserTreeMenu 'pramudyono hadi','1619',@CompanyId=2;
21/07/2021 11:29:55	SQL :EXEC GetUserTreeMenu 'pramudyono hadi','1620',@CompanyId=2;
21/07/2021 11:29:55	SQL :EXEC GetUserSubMenu 'pramudyono hadi','17';
21/07/2021 11:29:56	SQL :EXEC GetUserTreeMenu 'pramudyono hadi','1701',@CompanyId=2;
21/07/2021 11:29:56	SQL :EXEC GetUserTreeMenu 'pramudyono hadi','1702',@CompanyId=2;
21/07/2021 11:29:56	SQL :EXEC GetUserTreeMenu 'pramudyono hadi','1703',@CompanyId=2;
21/07/2021 11:29:56	SQL :EXEC GetUserTreeMenu 'pramudyono hadi','1704',@CompanyId=2;
21/07/2021 11:29:56	SQL :EXEC GetUserTreeMenu 'pramudyono hadi','1705',@CompanyId=2;
21/07/2021 11:29:56	SQL :EXEC GetUserTreeMenu 'pramudyono hadi','1706',@CompanyId=2;
21/07/2021 11:29:56	SQL :EXEC GetUserTreeMenu 'pramudyono hadi','1707',@CompanyId=2;
21/07/2021 11:29:56	SQL :EXEC GetUserTreeMenu 'pramudyono hadi','1708',@CompanyId=2;
21/07/2021 11:29:56	SQL :EXEC GetUserTreeMenu 'pramudyono hadi','1709',@CompanyId=2;
21/07/2021 11:29:56	SQL :EXEC GetUserTreeMenu 'pramudyono hadi','1710',@CompanyId=2;
21/07/2021 11:29:56	SQL :EXEC GetUserTreeMenu 'pramudyono hadi','1711',@CompanyId=2;
21/07/2021 11:29:56	SQL :EXEC GetUserTreeMenu 'pramudyono hadi','1712',@CompanyId=2;
21/07/2021 11:29:56	SQL :EXEC GetUserTreeMenu 'pramudyono hadi','1713',@CompanyId=2;
21/07/2021 11:29:56	SQL :EXEC GetUserTreeMenu 'pramudyono hadi','1714',@CompanyId=2;
21/07/2021 11:29:56	SQL :EXEC GetUserTreeMenu 'pramudyono hadi','1715',@CompanyId=2;
21/07/2021 11:29:56	SQL :EXEC GetUserTreeMenu 'pramudyono hadi','1716',@CompanyId=2;
21/07/2021 11:29:56	SQL :EXEC GetUserTreeMenu 'pramudyono hadi','1717',@CompanyId=2;
21/07/2021 11:29:56	SQL :EXEC GetUserSubMenu 'pramudyono hadi','18';
21/07/2021 11:29:56	SQL :EXEC GetUserTreeMenu 'pramudyono hadi','1801',@CompanyId=2;
21/07/2021 11:29:56	SQL :EXEC GetUserSubMenu 'pramudyono hadi','19';
21/07/2021 11:29:56	SQL :EXEC GetUserTreeMenu 'pramudyono hadi','1901',@CompanyId=2;
21/07/2021 11:29:56	SQL :EXEC GetUserTreeMenu 'pramudyono hadi','1902',@CompanyId=2;
21/07/2021 11:29:56	SQL :EXEC GetUserTreeMenu 'pramudyono hadi','1903',@CompanyId=2;
21/07/2021 11:29:56	SQL :EXEC GetUserTreeMenu 'pramudyono hadi','1904',@CompanyId=2;
21/07/2021 11:29:56	SQL :EXEC GetUserTreeMenu 'pramudyono hadi','1905',@CompanyId=2;
21/07/2021 11:29:56	SQL :EXEC GetUserTreeMenu 'pramudyono hadi','1906',@CompanyId=2;
21/07/2021 11:29:56	SQL :EXEC GetUserTreeMenu 'pramudyono hadi','1907',@CompanyId=2;
21/07/2021 11:29:56	SQL :EXEC GetUserTreeMenu 'pramudyono hadi','1908',@CompanyId=2;
21/07/2021 11:29:56	SQL :EXEC GetUserTreeMenu 'pramudyono hadi','1909',@CompanyId=2;
21/07/2021 11:29:56	SQL :EXEC GetUserTreeMenu 'pramudyono hadi','1910',@CompanyId=2;
21/07/2021 11:29:56	SQL :EXEC GetUserTreeMenu 'pramudyono hadi','1911',@CompanyId=2;
21/07/2021 11:29:56	SQL :EXEC GetUserTreeMenu 'pramudyono hadi','1912',@CompanyId=2;
21/07/2021 11:29:56	SQL :SELECT CONVERT(VARCHAR(8),GETDATE(),108) AS hour_minute;
21/07/2021 11:29:56	SQL :SELECT CONVERT(VARCHAR(10),GETDATE(),103) AS date_time;
21/07/2021 11:29:56	Loading Setting
21/07/2021 11:29:56	Open DB Connection
21/07/2021 11:29:56	SQL :SELECT * FROM wh_setting WHERE setting_name='Hold_Less_Deposit';
21/07/2021 11:29:56	SQL :SELECT * FROM wh_setting WHERE setting_name='Max_Less_Deposit';
21/07/2021 11:29:56	SQL :SELECT * FROM wh_setting WHERE setting_name='Dashboard_2';
21/07/2021 11:29:56	Finish Logging
21/07/2021 11:29:56	SQL :SELECT value_string FROM wh_setting WHERE (setting_name='Interval_CheckInDate') AND (active=1);
21/07/2021 11:29:56	SQL :SELECT value_string FROM wh_setting WHERE (setting_name='Interval_CheckInTime') AND (active=1);
21/07/2021 11:29:56	SQL :SELECT value_string FROM wh_setting WHERE (setting_name='ChatEnable') and (active=1);
21/07/2021 11:29:57	Message:Port Check
21/07/2021 11:29:57	Message:Open DB Connection
21/07/2021 11:29:57	SQL :EXEC GetMessage '01','pramudyono hadi';
21/07/2021 11:29:57	SQL :SELECT CONVERT(VARCHAR(8),GETDATE(),108) AS hour_minute;
21/07/2021 11:29:57	SQL :SELECT CONVERT(VARCHAR(10),GETDATE(),103) AS date_time;
21/07/2021 11:30:02	Open Menu :130513
21/07/2021 11:30:02	Open DB Connection
21/07/2021 11:30:02	SQL :EXEC AuthMenu 'pramudyono hadi',130513;
21/07/2021 11:30:02	Form Check :OdoKmRevision
21/07/2021 11:30:02	Form Open: OdoRevision,2
21/07/2021 11:30:02	Open DB Connection
21/07/2021 11:30:02	SQL :EXEC GetCompanyLocationList
21/07/2021 11:30:02	Open DB Connection
21/07/2021 11:30:02	SQL :EXEC GetVhcOutList2 6,1,2,@AllFoward=3,@InOut=2,@Quick=0,@isFinish=1,@OutDate='2021/07/21',@Order='tgl_keluar desc';
21/07/2021 11:30:05	Open DB Connection
21/07/2021 11:30:05	SQL :EXEC GetVhcOutList2 6,1,2,@AllFoward=3,@InOut=2,@Quick=0,@isFinish=1,@OutDate='2021/06/08',@Order='tgl_keluar desc';
21/07/2021 11:30:08	Form Check :EditKMSJBusForm
21/07/2021 11:30:08	Open DB Connection
21/07/2021 11:30:08	SQL :EXEC GetVhcOutDetail 'SJBRB21060326';
21/07/2021 11:31:03	Open DB Connection
21/07/2021 11:31:03	Open DB Connection
21/07/2021 11:31:03	SQL :SELECT vhc_trans_id FROM wh_vhc_trans WHERE CANCEL is NULL AND vhc_trans_id='SJBRB21060326'
21/07/2021 11:31:13	Form Check :EditKMSJBusForm
21/07/2021 11:31:13	Open DB Connection
21/07/2021 11:31:13	SQL :EXEC GetVhcOutDetail 'SJBRB21060326';
21/07/2021 11:33:12	Form Check :EditKMSJBusForm
21/07/2021 11:33:12	Open DB Connection
21/07/2021 11:33:12	SQL :EXEC GetVhcOutDetail 'SJBRB21060339';
21/07/2021 11:33:24	Form Check :EditKMSJBusForm
21/07/2021 11:33:24	Open DB Connection
21/07/2021 11:33:24	SQL :EXEC GetVhcOutDetail 'SJBRB21060342';
21/07/2021 11:35:15	Get Local Settings
21/07/2021 11:35:15	Start Change Local Settings
21/07/2021 11:35:15	Change short date format
21/07/2021 11:35:15	Change Long date format
21/07/2021 11:35:15	Finish Change Local Settings
21/07/2021 11:35:15	Registry Read: Path=SOFTWARE\WEHA\Aplikasi\3
21/07/2021 11:35:15	Registry Read/Write
21/07/2021 11:35:15	Registry Read: Path=SOFTWARE\WEHA\Aplikasi\3
21/07/2021 11:35:15	Setting DB Param
21/07/2021 11:35:15	Create DB Object
21/07/2021 11:35:15	Init DB
21/07/2021 11:35:15	Finish Init DB
21/07/2021 11:35:15	Get File Version
21/07/2021 11:35:15	Change  Caption
21/07/2021 11:35:15	Init Shortkey
21/07/2021 11:35:17	Setting DB Param
21/07/2021 11:35:17	Create DB Object
21/07/2021 11:35:17	Init DB
21/07/2021 11:35:17	Finish Init DB
21/07/2021 11:35:19	Update new version check
21/07/2021 11:35:19	Open DB Connection
21/07/2021 11:35:19	SQL :
21/07/2021 11:35:19	Update check version
21/07/2021 11:35:19	Open DB Connection
21/07/2021 11:35:19	SQL :SELECT version FROM wh_application WHERE application_id=(SELECT MAX(application_id) FROM wh_application);
21/07/2021 11:35:19	Start Login
21/07/2021 11:35:19	Open DB Connection
21/07/2021 11:35:19	SQL :EXEC AuthenticateUser 'pramudyono hadi','6f2b8366efa56f0c06dd6b31fcff8a73';
21/07/2021 11:35:19	SQL :INSERT INTO wh_log (user_id,app_date,app_version,app_version_svr,location_id,company_id,department_id,host_name,ip_address)  VALUES ('pramudyono hadi','21/07/2021','6.1.3.6','6.1.3.2',6,2,13,'DESKTOP-S1PD9OD','192.168.25.214');
21/07/2021 11:35:19	Open DB Connection
21/07/2021 11:35:19	SQL :EXEC GetUserMenu 'pramudyono hadi';
21/07/2021 11:35:19	SQL :EXEC GetUserSubMenu 'pramudyono hadi','11';
21/07/2021 11:35:19	SQL :EXEC GetUserTreeMenu 'pramudyono hadi','1101',@CompanyId=2;
21/07/2021 11:35:19	SQL :EXEC GetUserTreeMenu 'pramudyono hadi','1102',@CompanyId=2;
21/07/2021 11:35:19	SQL :EXEC GetUserTreeMenu 'pramudyono hadi','1103',@CompanyId=2;
21/07/2021 11:35:19	SQL :EXEC GetUserTreeMenu 'pramudyono hadi','1104',@CompanyId=2;
21/07/2021 11:35:19	SQL :EXEC GetUserTreeMenu 'pramudyono hadi','1105',@CompanyId=2;
21/07/2021 11:35:19	SQL :EXEC GetUserTreeMenu 'pramudyono hadi','1106',@CompanyId=2;
21/07/2021 11:35:19	SQL :EXEC GetUserTreeMenu 'pramudyono hadi','1107',@CompanyId=2;
21/07/2021 11:35:19	SQL :EXEC GetUserTreeMenu 'pramudyono hadi','1108',@CompanyId=2;
21/07/2021 11:35:19	SQL :EXEC GetUserTreeMenu 'pramudyono hadi','1109',@CompanyId=2;
21/07/2021 11:35:19	SQL :EXEC GetUserTreeMenu 'pramudyono hadi','1110',@CompanyId=2;
21/07/2021 11:35:19	SQL :EXEC GetUserTreeMenu 'pramudyono hadi','1111',@CompanyId=2;
21/07/2021 11:35:19	SQL :EXEC GetUserTreeMenu 'pramudyono hadi','1112',@CompanyId=2;
21/07/2021 11:35:19	SQL :EXEC GetUserTreeMenu 'pramudyono hadi','1113',@CompanyId=2;
21/07/2021 11:35:19	SQL :EXEC GetUserTreeMenu 'pramudyono hadi','1114',@CompanyId=2;
21/07/2021 11:35:19	SQL :EXEC GetUserTreeMenu 'pramudyono hadi','1115',@CompanyId=2;
21/07/2021 11:35:19	SQL :EXEC GetUserTreeMenu 'pramudyono hadi','1116',@CompanyId=2;
21/07/2021 11:35:19	SQL :EXEC GetUserTreeMenu 'pramudyono hadi','1117',@CompanyId=2;
21/07/2021 11:35:20	SQL :EXEC GetUserTreeMenu 'pramudyono hadi','1198',@CompanyId=2;
21/07/2021 11:35:20	SQL :EXEC GetUserTreeMenu 'pramudyono hadi','1199',@CompanyId=2;
21/07/2021 11:35:20	SQL :EXEC GetUserSubMenu 'pramudyono hadi','12';
21/07/2021 11:35:20	SQL :EXEC GetUserTreeMenu 'pramudyono hadi','1201',@CompanyId=2;
21/07/2021 11:35:20	SQL :EXEC GetUserTreeMenu 'pramudyono hadi','1202',@CompanyId=2;
21/07/2021 11:35:20	SQL :EXEC GetUserTreeMenu 'pramudyono hadi','1203',@CompanyId=2;
21/07/2021 11:35:20	SQL :EXEC GetUserTreeMenu 'pramudyono hadi','1204',@CompanyId=2;
21/07/2021 11:35:20	SQL :EXEC GetUserTreeMenu 'pramudyono hadi','1205',@CompanyId=2;
21/07/2021 11:35:20	SQL :EXEC GetUserTreeMenu 'pramudyono hadi','1206',@CompanyId=2;
21/07/2021 11:35:20	SQL :EXEC GetUserTreeMenu 'pramudyono hadi','1207',@CompanyId=2;
21/07/2021 11:35:20	SQL :EXEC GetUserSubMenu 'pramudyono hadi','13';
21/07/2021 11:35:20	SQL :EXEC GetUserTreeMenu 'pramudyono hadi','1301',@CompanyId=2;
21/07/2021 11:35:20	SQL :EXEC GetUserTreeMenu 'pramudyono hadi','1302',@CompanyId=2;
21/07/2021 11:35:20	SQL :EXEC GetUserTreeMenu 'pramudyono hadi','1303',@CompanyId=2;
21/07/2021 11:35:20	SQL :EXEC GetUserTreeMenu 'pramudyono hadi','1304',@CompanyId=2;
21/07/2021 11:35:20	SQL :EXEC GetUserTreeMenu 'pramudyono hadi','1305',@CompanyId=2;
21/07/2021 11:35:20	SQL :EXEC GetUserTreeMenu 'pramudyono hadi','1306',@CompanyId=2;
21/07/2021 11:35:20	SQL :EXEC GetUserTreeMenu 'pramudyono hadi','1307',@CompanyId=2;
21/07/2021 11:35:20	SQL :EXEC GetUserTreeMenu 'pramudyono hadi','1308',@CompanyId=2;
21/07/2021 11:35:20	SQL :EXEC GetUserTreeMenu 'pramudyono hadi','1309',@CompanyId=2;
21/07/2021 11:35:20	SQL :EXEC GetUserTreeMenu 'pramudyono hadi','1310',@CompanyId=2;
21/07/2021 11:35:20	SQL :EXEC GetUserTreeMenu 'pramudyono hadi','1311',@CompanyId=2;
21/07/2021 11:35:20	SQL :EXEC GetUserTreeMenu 'pramudyono hadi','1312',@CompanyId=2;
21/07/2021 11:35:20	SQL :EXEC GetUserTreeMenu 'pramudyono hadi','1313',@CompanyId=2;
21/07/2021 11:35:20	SQL :EXEC GetUserTreeMenu 'pramudyono hadi','1314',@CompanyId=2;
21/07/2021 11:35:20	SQL :EXEC GetUserTreeMenu 'pramudyono hadi','1315',@CompanyId=2;
21/07/2021 11:35:20	SQL :EXEC GetUserTreeMenu 'pramudyono hadi','1316',@CompanyId=2;
21/07/2021 11:35:20	SQL :EXEC GetUserTreeMenu 'pramudyono hadi','1317',@CompanyId=2;
21/07/2021 11:35:20	SQL :EXEC GetUserTreeMenu 'pramudyono hadi','1318',@CompanyId=2;
21/07/2021 11:35:20	SQL :EXEC GetUserTreeMenu 'pramudyono hadi','1319',@CompanyId=2;
21/07/2021 11:35:20	SQL :EXEC GetUserTreeMenu 'pramudyono hadi','1320',@CompanyId=2;
21/07/2021 11:35:20	SQL :EXEC GetUserTreeMenu 'pramudyono hadi','1321',@CompanyId=2;
21/07/2021 11:35:20	SQL :EXEC GetUserSubMenu 'pramudyono hadi','14';
21/07/2021 11:35:20	SQL :EXEC GetUserTreeMenu 'pramudyono hadi','1401',@CompanyId=2;
21/07/2021 11:35:20	SQL :EXEC GetUserTreeMenu 'pramudyono hadi','1402',@CompanyId=2;
21/07/2021 11:35:20	SQL :EXEC GetUserTreeMenu 'pramudyono hadi','1403',@CompanyId=2;
21/07/2021 11:35:20	SQL :EXEC GetUserTreeMenu 'pramudyono hadi','1404',@CompanyId=2;
21/07/2021 11:35:20	SQL :EXEC GetUserTreeMenu 'pramudyono hadi','1406',@CompanyId=2;
21/07/2021 11:35:20	SQL :EXEC GetUserTreeMenu 'pramudyono hadi','1408',@CompanyId=2;
21/07/2021 11:35:20	SQL :EXEC GetUserTreeMenu 'pramudyono hadi','1410',@CompanyId=2;
21/07/2021 11:35:20	SQL :EXEC GetUserTreeMenu 'pramudyono hadi','1411',@CompanyId=2;
21/07/2021 11:35:20	SQL :EXEC GetUserTreeMenu 'pramudyono hadi','1412',@CompanyId=2;
21/07/2021 11:35:20	SQL :EXEC GetUserTreeMenu 'pramudyono hadi','1413',@CompanyId=2;
21/07/2021 11:35:20	SQL :EXEC GetUserTreeMenu 'pramudyono hadi','1414',@CompanyId=2;
21/07/2021 11:35:20	SQL :EXEC GetUserSubMenu 'pramudyono hadi','15';
21/07/2021 11:35:20	SQL :EXEC GetUserTreeMenu 'pramudyono hadi','1501',@CompanyId=2;
21/07/2021 11:35:20	SQL :EXEC GetUserTreeMenu 'pramudyono hadi','1502',@CompanyId=2;
21/07/2021 11:35:20	SQL :EXEC GetUserTreeMenu 'pramudyono hadi','1503',@CompanyId=2;
21/07/2021 11:35:20	SQL :EXEC GetUserTreeMenu 'pramudyono hadi','1504',@CompanyId=2;
21/07/2021 11:35:20	SQL :EXEC GetUserTreeMenu 'pramudyono hadi','1505',@CompanyId=2;
21/07/2021 11:35:20	SQL :EXEC GetUserTreeMenu 'pramudyono hadi','1506',@CompanyId=2;
21/07/2021 11:35:20	SQL :EXEC GetUserTreeMenu 'pramudyono hadi','1507',@CompanyId=2;
21/07/2021 11:35:20	SQL :EXEC GetUserTreeMenu 'pramudyono hadi','1508',@CompanyId=2;
21/07/2021 11:35:20	SQL :EXEC GetUserTreeMenu 'pramudyono hadi','1509',@CompanyId=2;
21/07/2021 11:35:20	SQL :EXEC GetUserTreeMenu 'pramudyono hadi','1510',@CompanyId=2;
21/07/2021 11:35:20	SQL :EXEC GetUserTreeMenu 'pramudyono hadi','1511',@CompanyId=2;
21/07/2021 11:35:20	SQL :EXEC GetUserSubMenu 'pramudyono hadi','16';
21/07/2021 11:35:20	SQL :EXEC GetUserTreeMenu 'pramudyono hadi','1601',@CompanyId=2;
21/07/2021 11:35:20	SQL :EXEC GetUserTreeMenu 'pramudyono hadi','1602',@CompanyId=2;
21/07/2021 11:35:20	SQL :EXEC GetUserTreeMenu 'pramudyono hadi','1603',@CompanyId=2;
21/07/2021 11:35:20	SQL :EXEC GetUserTreeMenu 'pramudyono hadi','1604',@CompanyId=2;
21/07/2021 11:35:20	SQL :EXEC GetUserTreeMenu 'pramudyono hadi','1605',@CompanyId=2;
21/07/2021 11:35:20	SQL :EXEC GetUserTreeMenu 'pramudyono hadi','1606',@CompanyId=2;
21/07/2021 11:35:20	SQL :EXEC GetUserTreeMenu 'pramudyono hadi','1607',@CompanyId=2;
21/07/2021 11:35:20	SQL :EXEC GetUserTreeMenu 'pramudyono hadi','1608',@CompanyId=2;
21/07/2021 11:35:20	SQL :EXEC GetUserTreeMenu 'pramudyono hadi','1609',@CompanyId=2;
21/07/2021 11:35:20	SQL :EXEC GetUserTreeMenu 'pramudyono hadi','1610',@CompanyId=2;
21/07/2021 11:35:20	SQL :EXEC GetUserTreeMenu 'pramudyono hadi','1611',@CompanyId=2;
21/07/2021 11:35:20	SQL :EXEC GetUserTreeMenu 'pramudyono hadi','1612',@CompanyId=2;
21/07/2021 11:35:20	SQL :EXEC GetUserTreeMenu 'pramudyono hadi','1613',@CompanyId=2;
21/07/2021 11:35:20	SQL :EXEC GetUserTreeMenu 'pramudyono hadi','1614',@CompanyId=2;
21/07/2021 11:35:21	SQL :EXEC GetUserTreeMenu 'pramudyono hadi','1615',@CompanyId=2;
21/07/2021 11:35:21	SQL :EXEC GetUserTreeMenu 'pramudyono hadi','1616',@CompanyId=2;
21/07/2021 11:35:21	SQL :EXEC GetUserTreeMenu 'pramudyono hadi','1619',@CompanyId=2;
21/07/2021 11:35:21	SQL :EXEC GetUserTreeMenu 'pramudyono hadi','1620',@CompanyId=2;
21/07/2021 11:35:21	SQL :EXEC GetUserSubMenu 'pramudyono hadi','17';
21/07/2021 11:35:21	SQL :EXEC GetUserTreeMenu 'pramudyono hadi','1701',@CompanyId=2;
21/07/2021 11:35:21	SQL :EXEC GetUserTreeMenu 'pramudyono hadi','1702',@CompanyId=2;
21/07/2021 11:35:21	SQL :EXEC GetUserTreeMenu 'pramudyono hadi','1703',@CompanyId=2;
21/07/2021 11:35:21	SQL :EXEC GetUserTreeMenu 'pramudyono hadi','1704',@CompanyId=2;
21/07/2021 11:35:21	SQL :EXEC GetUserTreeMenu 'pramudyono hadi','1705',@CompanyId=2;
21/07/2021 11:35:21	SQL :EXEC GetUserTreeMenu 'pramudyono hadi','1706',@CompanyId=2;
21/07/2021 11:35:21	SQL :EXEC GetUserTreeMenu 'pramudyono hadi','1707',@CompanyId=2;
21/07/2021 11:35:21	SQL :EXEC GetUserTreeMenu 'pramudyono hadi','1708',@CompanyId=2;
21/07/2021 11:35:21	SQL :EXEC GetUserTreeMenu 'pramudyono hadi','1709',@CompanyId=2;
21/07/2021 11:35:21	SQL :EXEC GetUserTreeMenu 'pramudyono hadi','1710',@CompanyId=2;
21/07/2021 11:35:21	SQL :EXEC GetUserTreeMenu 'pramudyono hadi','1711',@CompanyId=2;
21/07/2021 11:35:21	SQL :EXEC GetUserTreeMenu 'pramudyono hadi','1712',@CompanyId=2;
21/07/2021 11:35:21	SQL :EXEC GetUserTreeMenu 'pramudyono hadi','1713',@CompanyId=2;
21/07/2021 11:35:21	SQL :EXEC GetUserTreeMenu 'pramudyono hadi','1714',@CompanyId=2;
21/07/2021 11:35:21	SQL :EXEC GetUserTreeMenu 'pramudyono hadi','1715',@CompanyId=2;
21/07/2021 11:35:21	SQL :EXEC GetUserTreeMenu 'pramudyono hadi','1716',@CompanyId=2;
21/07/2021 11:35:21	SQL :EXEC GetUserTreeMenu 'pramudyono hadi','1717',@CompanyId=2;
21/07/2021 11:35:21	SQL :EXEC GetUserSubMenu 'pramudyono hadi','18';
21/07/2021 11:35:21	SQL :EXEC GetUserTreeMenu 'pramudyono hadi','1801',@CompanyId=2;
21/07/2021 11:35:21	SQL :EXEC GetUserSubMenu 'pramudyono hadi','19';
21/07/2021 11:35:21	SQL :EXEC GetUserTreeMenu 'pramudyono hadi','1901',@CompanyId=2;
21/07/2021 11:35:21	SQL :EXEC GetUserTreeMenu 'pramudyono hadi','1902',@CompanyId=2;
21/07/2021 11:35:21	SQL :EXEC GetUserTreeMenu 'pramudyono hadi','1903',@CompanyId=2;
21/07/2021 11:35:21	SQL :EXEC GetUserTreeMenu 'pramudyono hadi','1904',@CompanyId=2;
21/07/2021 11:35:21	SQL :EXEC GetUserTreeMenu 'pramudyono hadi','1905',@CompanyId=2;
21/07/2021 11:35:21	SQL :EXEC GetUserTreeMenu 'pramudyono hadi','1906',@CompanyId=2;
21/07/2021 11:35:21	SQL :EXEC GetUserTreeMenu 'pramudyono hadi','1907',@CompanyId=2;
21/07/2021 11:35:21	SQL :EXEC GetUserTreeMenu 'pramudyono hadi','1908',@CompanyId=2;
21/07/2021 11:35:21	SQL :EXEC GetUserTreeMenu 'pramudyono hadi','1909',@CompanyId=2;
21/07/2021 11:35:21	SQL :EXEC GetUserTreeMenu 'pramudyono hadi','1910',@CompanyId=2;
21/07/2021 11:35:21	SQL :EXEC GetUserTreeMenu 'pramudyono hadi','1911',@CompanyId=2;
21/07/2021 11:35:21	SQL :EXEC GetUserTreeMenu 'pramudyono hadi','1912',@CompanyId=2;
21/07/2021 11:35:21	SQL :SELECT CONVERT(VARCHAR(8),GETDATE(),108) AS hour_minute;
21/07/2021 11:35:21	SQL :SELECT CONVERT(VARCHAR(10),GETDATE(),103) AS date_time;
21/07/2021 11:35:21	Loading Setting
21/07/2021 11:35:21	Open DB Connection
21/07/2021 11:35:21	SQL :SELECT * FROM wh_setting WHERE setting_name='Hold_Less_Deposit';
21/07/2021 11:35:21	SQL :SELECT * FROM wh_setting WHERE setting_name='Max_Less_Deposit';
21/07/2021 11:35:21	SQL :SELECT * FROM wh_setting WHERE setting_name='Dashboard_2';
21/07/2021 11:35:21	Finish Logging
21/07/2021 11:35:21	SQL :SELECT value_string FROM wh_setting WHERE (setting_name='Interval_CheckInDate') AND (active=1);
21/07/2021 11:35:21	SQL :SELECT value_string FROM wh_setting WHERE (setting_name='Interval_CheckInTime') AND (active=1);
21/07/2021 11:35:21	SQL :SELECT value_string FROM wh_setting WHERE (setting_name='ChatEnable') and (active=1);
21/07/2021 11:35:22	Message:Port Check
21/07/2021 11:35:22	Message:Open DB Connection
21/07/2021 11:35:22	SQL :EXEC GetMessage '01','pramudyono hadi';
21/07/2021 11:35:22	SQL :SELECT CONVERT(VARCHAR(8),GETDATE(),108) AS hour_minute;
21/07/2021 11:35:22	SQL :SELECT CONVERT(VARCHAR(10),GETDATE(),103) AS date_time;
21/07/2021 11:35:27	Open Menu :130512
21/07/2021 11:35:27	Open DB Connection
21/07/2021 11:35:27	SQL :EXEC AuthMenu 'pramudyono hadi',130512;
21/07/2021 11:35:27	Form Check :SplitBusSJ
21/07/2021 11:35:28	Form Check :SPJBusList
21/07/2021 11:35:28	Form Open: ProductPriceList=SplitSJ,0,-1,2
21/07/2021 11:35:28	Open DB Connection
21/07/2021 11:35:28	SQL :EXEC GetCompanyLocationList
21/07/2021 11:35:28	Open DB Connection
21/07/2021 11:35:28	SQL :EXEC GetVhcOutList2 6,1,2,@AllFoward=2,@InOut=2;
21/07/2021 11:35:29	Open DB Connection
21/07/2021 11:35:29	SQL :EXEC GetVhcOutList2 6,1,2,@AllFoward=1,@InOut=2;
21/07/2021 11:35:30	Open DB Connection
21/07/2021 11:35:30	SQL :EXEC GetVhcOutList2 6,1,2,@AllFoward=-1,@InOut=2;
21/07/2021 11:35:47	Form Check :SPJBusList
21/07/2021 11:35:47	Form Open: ProductPriceList=SplitSJ-SJAdd,0,-1,1
21/07/2021 11:35:47	Open DB Connection
21/07/2021 11:35:47	SQL :EXEC GetCompanyLocationList
21/07/2021 11:35:47	Open DB Connection
21/07/2021 11:35:47	SQL :EXEC GetVhcOutList2 6,1,2,@AllFoward=2,@InOut=1;
21/07/2021 11:35:49	Open DB Connection
21/07/2021 11:35:49	SQL :EXEC GetVhcOutList2 6,1,2,@AllFoward=-2,@InOut=1;
21/07/2021 11:35:50	Open DB Connection
21/07/2021 11:35:50	SQL :EXEC GetVhcOutList2 6,1,2,@AllFoward=-1,@InOut=1;
21/07/2021 11:40:20	Form Check :SPJBusList
21/07/2021 11:40:20	Form Open: ProductPriceList=SplitSJ,0,-1,2
21/07/2021 11:40:20	Open DB Connection
21/07/2021 11:40:20	SQL :EXEC GetCompanyLocationList
21/07/2021 11:40:20	Open DB Connection
21/07/2021 11:40:20	SQL :EXEC GetVhcOutList2 6,1,2,@AllFoward=2,@InOut=2;
21/07/2021 11:40:21	Open DB Connection
21/07/2021 11:40:21	SQL :EXEC GetVhcOutList2 6,1,2,@AllFoward=1,@InOut=2;
21/07/2021 11:40:22	Open DB Connection
21/07/2021 11:40:22	SQL :EXEC GetVhcOutList2 6,1,2,@AllFoward=-1,@InOut=2;
21/07/2021 11:40:39	Form Check :SPJBusList
21/07/2021 11:40:39	Form Open: ProductPriceList=SplitSJ-SJAdd,0,-1,1
21/07/2021 11:40:39	Open DB Connection
21/07/2021 11:40:39	SQL :EXEC GetCompanyLocationList
21/07/2021 11:40:39	Open DB Connection
21/07/2021 11:40:39	SQL :EXEC GetVhcOutList2 6,1,2,@AllFoward=2,@InOut=1;
21/07/2021 11:40:41	Open DB Connection
21/07/2021 11:40:41	SQL :EXEC GetVhcOutList2 6,1,2,@AllFoward=1,@InOut=1;
21/07/2021 11:40:41	Open DB Connection
21/07/2021 11:40:41	SQ21/07/2021 11:41:41	Get Local Settings
21/07/2021 11:41:41	Start Change Local Settings
21/07/2021 11:41:41	Change short date format
21/07/2021 11:41:41	Change Long date format
21/07/2021 11:41:41	Finish Change Local Settings
21/07/2021 11:41:41	Registry Read: Path=SOFTWARE\WEHA\Aplikasi\3
21/07/2021 11:41:41	Registry Read/Write
21/07/2021 11:41:41	Registry Read: Path=SOFTWARE\WEHA\Aplikasi\3
21/07/2021 11:41:41	Setting DB Param
21/07/2021 11:41:41	Create DB Object
21/07/2021 11:41:41	Init DB
21/07/2021 11:41:41	Finish Init DB
21/07/2021 11:41:41	Get File Version
21/07/2021 11:41:41	Change  Caption
21/07/2021 11:41:41	Init Shortkey
21/07/2021 11:41:43	Setting DB Param
21/07/2021 11:41:43	Create DB Object
21/07/2021 11:41:43	Init DB
21/07/2021 11:41:43	Finish Init DB
21/07/2021 11:41:44	Update new version check
21/07/2021 11:41:44	Open DB Connection
21/07/2021 11:41:44	SQL :
21/07/2021 11:41:44	Update check version
21/07/2021 11:41:44	Open DB Connection
21/07/2021 11:41:44	SQL :SELECT version FROM wh_application WHERE application_id=(SELECT MAX(application_id) FROM wh_application);
21/07/2021 11:41:45	Start Login
21/07/2021 11:41:45	Open DB Connection
21/07/2021 11:41:45	SQL :EXEC AuthenticateUser 'pramudyono hadi','6f2b8366efa56f0c06dd6b31fcff8a73';
21/07/2021 11:41:45	SQL :INSERT INTO wh_log (user_id,app_date,app_version,app_version_svr,location_id,company_id,department_id,host_name,ip_address)  VALUES ('pramudyono hadi','21/07/2021','6.1.3.6','6.1.3.2',6,2,13,'DESKTOP-S1PD9OD','192.168.25.214');
21/07/2021 11:41:45	Open DB Connection
21/07/2021 11:41:45	SQL :EXEC GetUserMenu 'pramudyono hadi';
21/07/2021 11:41:45	SQL :EXEC GetUserSubMenu 'pramudyono hadi','11';
21/07/2021 11:41:45	SQL :EXEC GetUserTreeMenu 'pramudyono hadi','1101',@CompanyId=2;
21/07/2021 11:41:45	SQL :EXEC GetUserTreeMenu 'pramudyono hadi','1102',@CompanyId=2;
21/07/2021 11:41:45	SQL :EXEC GetUserTreeMenu 'pramudyono hadi','1103',@CompanyId=2;
21/07/2021 11:41:45	SQL :EXEC GetUserTreeMenu 'pramudyono hadi','1104',@CompanyId=2;
21/07/2021 11:41:45	SQL :EXEC GetUserTreeMenu 'pramudyono hadi','1105',@CompanyId=2;
21/07/2021 11:41:45	SQL :EXEC GetUserTreeMenu 'pramudyono hadi','1106',@CompanyId=2;
21/07/2021 11:41:45	SQL :EXEC GetUserTreeMenu 'pramudyono hadi','1107',@CompanyId=2;
21/07/2021 11:41:45	SQL :EXEC GetUserTreeMenu 'pramudyono hadi','1108',@CompanyId=2;
21/07/2021 11:41:45	SQL :EXEC GetUserTreeMenu 'pramudyono hadi','1109',@CompanyId=2;
21/07/2021 11:41:45	SQL :EXEC GetUserTreeMenu 'pramudyono hadi','1110',@CompanyId=2;
21/07/2021 11:41:45	SQL :EXEC GetUserTreeMenu 'pramudyono hadi','1111',@CompanyId=2;
21/07/2021 11:41:45	SQL :EXEC GetUserTreeMenu 'pramudyono hadi','1112',@CompanyId=2;
21/07/2021 11:41:45	SQL :EXEC GetUserTreeMenu 'pramudyono hadi','1113',@CompanyId=2;
21/07/2021 11:41:45	SQL :EXEC GetUserTreeMenu 'pramudyono hadi','1114',@CompanyId=2;
21/07/2021 11:41:45	SQL :EXEC GetUserTreeMenu 'pramudyono hadi','1115',@CompanyId=2;
21/07/2021 11:41:45	SQL :EXEC GetUserTreeMenu 'pramudyono hadi','1116',@CompanyId=2;
21/07/2021 11:41:45	SQL :EXEC GetUserTreeMenu 'pramudyono hadi','1117',@CompanyId=2;
21/07/2021 11:41:45	SQL :EXEC GetUserTreeMenu 'pramudyono hadi','1198',@CompanyId=2;
21/07/2021 11:41:45	SQL :EXEC GetUserTreeMenu 'pramudyono hadi','1199',@CompanyId=2;
21/07/2021 11:41:45	SQL :EXEC GetUserSubMenu 'pramudyono hadi','12';
21/07/2021 11:41:45	SQL :EXEC GetUserTreeMenu 'pramudyono hadi','1201',@CompanyId=2;
21/07/2021 11:41:45	SQL :EXEC GetUserTreeMenu 'pramudyono hadi','1202',@CompanyId=2;
21/07/2021 11:41:45	SQL :EXEC GetUserTreeMenu 'pramudyono hadi','1203',@CompanyId=2;
21/07/2021 11:41:45	SQL :EXEC GetUserTreeMenu 'pramudyono hadi','1204',@CompanyId=2;
21/07/2021 11:41:45	SQL :EXEC GetUserTreeMenu 'pramudyono hadi','1205',@CompanyId=2;
21/07/2021 11:41:45	SQL :EXEC GetUserTreeMenu 'pramudyono hadi','1206',@CompanyId=2;
21/07/2021 11:41:45	SQL :EXEC GetUserTreeMenu 'pramudyono hadi','1207',@CompanyId=2;
21/07/2021 11:41:45	SQL :EXEC GetUserSubMenu 'pramudyono hadi','13';
21/07/2021 11:41:45	SQL :EXEC GetUserTreeMenu 'pramudyono hadi','1301',@CompanyId=2;
21/07/2021 11:41:45	SQL :EXEC GetUserTreeMenu 'pramudyono hadi','1302',@CompanyId=2;
21/07/2021 11:41:45	SQL :EXEC GetUserTreeMenu 'pramudyono hadi','1303',@CompanyId=2;
21/07/2021 11:41:45	SQL :EXEC GetUserTreeMenu 'pramudyono hadi','1304',@CompanyId=2;
21/07/2021 11:41:45	SQL :EXEC GetUserTreeMenu 'pramudyono hadi','1305',@CompanyId=2;
21/07/2021 11:41:45	SQL :EXEC GetUserTreeMenu 'pramudyono hadi','1306',@CompanyId=2;
21/07/2021 11:41:45	SQL :EXEC GetUserTreeMenu 'pramudyono hadi','1307',@CompanyId=2;
21/07/2021 11:41:45	SQL :EXEC GetUserTreeMenu 'pramudyono hadi','1308',@CompanyId=2;
21/07/2021 11:41:45	SQL :EXEC GetUserTreeMenu 'pramudyono hadi','1309',@CompanyId=2;
21/07/2021 11:41:45	SQL :EXEC GetUserTreeMenu 'pramudyono hadi','1310',@CompanyId=2;
21/07/2021 11:41:45	SQL :EXEC GetUserTreeMenu 'pramudyono hadi','1311',@CompanyId=2;
21/07/2021 11:41:45	SQL :EXEC GetUserTreeMenu 'pramudyono hadi','1312',@CompanyId=2;
21/07/2021 11:41:45	SQL :EXEC GetUserTreeMenu 'pramudyono hadi','1313',@CompanyId=2;
21/07/2021 11:41:45	SQL :EXEC GetUserTreeMenu 'pramudyono hadi','1314',@CompanyId=2;
21/07/2021 11:41:45	SQL :EXEC GetUserTreeMenu 'pramudyono hadi','1315',@CompanyId=2;
21/07/2021 11:41:45	SQL :EXEC GetUserTreeMenu 'pramudyono hadi','1316',@CompanyId=2;
21/07/2021 11:41:45	SQL :EXEC GetUserTreeMenu 'pramudyono hadi','1317',@CompanyId=2;
21/07/2021 11:41:45	SQL :EXEC GetUserTreeMenu 'pramudyono hadi','1318',@CompanyId=2;
21/07/2021 11:41:45	SQL :EXEC GetUserTreeMenu 'pramudyono hadi','1319',@CompanyId=2;
21/07/2021 11:41:45	SQL :EXEC GetUserTreeMenu 'pramudyono hadi','1320',@CompanyId=2;
21/07/2021 11:41:45	SQL :EXEC GetUserTreeMenu 'pramudyono hadi','1321',@CompanyId=2;
21/07/2021 11:41:45	SQL :EXEC GetUserSubMenu 'pramudyono hadi','14';
21/07/2021 11:41:45	SQL :EXEC GetUserTreeMenu 'pramudyono hadi','1401',@CompanyId=2;
21/07/2021 11:41:45	SQL :EXEC GetUserTreeMenu 'pramudyono hadi','1402',@CompanyId=2;
21/07/2021 11:41:45	SQL :EXEC GetUserTreeMenu 'pramudyono hadi','1403',@CompanyId=2;
21/07/2021 11:41:45	SQL :EXEC GetUserTreeMenu 'pramudyono hadi','1404',@CompanyId=2;
21/07/2021 11:41:45	SQL :EXEC GetUserTreeMenu 'pramudyono hadi','1406',@CompanyId=2;
21/07/2021 11:41:45	SQL :EXEC GetUserTreeMenu 'pramudyono hadi','1408',@CompanyId=2;
21/07/2021 11:41:45	SQL :EXEC GetUserTreeMenu 'pramudyono hadi','1410',@CompanyId=2;
21/07/2021 11:41:45	SQL :EXEC GetUserTreeMenu 'pramudyono hadi','1411',@CompanyId=2;
21/07/2021 11:41:45	SQL :EXEC GetUserTreeMenu 'pramudyono hadi','1412',@CompanyId=2;
21/07/2021 11:41:45	SQL :EXEC GetUserTreeMenu 'pramudyono hadi','1413',@CompanyId=2;
21/07/2021 11:41:45	SQL :EXEC GetUserTreeMenu 'pramudyono hadi','1414',@CompanyId=2;
21/07/2021 11:41:45	SQL :EXEC GetUserSubMenu 'pramudyono hadi','15';
21/07/2021 11:41:45	SQL :EXEC GetUserTreeMenu 'pramudyono hadi','1501',@CompanyId=2;
21/07/2021 11:41:45	SQL :EXEC GetUserTreeMenu 'pramudyono hadi','1502',@CompanyId=2;
21/07/2021 11:41:45	SQL :EXEC GetUserTreeMenu 'pramudyono hadi','1503',@CompanyId=2;
21/07/2021 11:41:45	SQL :EXEC GetUserTreeMenu 'pramudyono hadi','1504',@CompanyId=2;
21/07/2021 11:41:45	SQL :EXEC GetUserTreeMenu 'pramudyono hadi','1505',@CompanyId=2;
21/07/2021 11:41:45	SQL :EXEC GetUserTreeMenu 'pramudyono hadi','1506',@CompanyId=2;
21/07/2021 11:41:45	SQL :EXEC GetUserTreeMenu 'pramudyono hadi','1507',@CompanyId=2;
21/07/2021 11:41:45	SQL :EXEC GetUserTreeMenu 'pramudyono hadi','1508',@CompanyId=2;
21/07/2021 11:41:45	SQL :EXEC GetUserTreeMenu 'pramudyono hadi','1509',@CompanyId=2;
21/07/2021 11:41:45	SQL :EXEC GetUserTreeMenu 'pramudyono hadi','1510',@CompanyId=2;
21/07/2021 11:41:45	SQL :EXEC GetUserTreeMenu 'pramudyono hadi','1511',@CompanyId=2;
21/07/2021 11:41:45	SQL :EXEC GetUserSubMenu 'pramudyono hadi','16';
21/07/2021 11:41:45	SQL :EXEC GetUserTreeMenu 'pramudyono hadi','1601',@CompanyId=2;
21/07/2021 11:41:45	SQL :EXEC GetUserTreeMenu 'pramudyono hadi','1602',@CompanyId=2;
21/07/2021 11:41:45	SQL :EXEC GetUserTreeMenu 'pramudyono hadi','1603',@CompanyId=2;
21/07/2021 11:41:46	SQL :EXEC GetUserTreeMenu 'pramudyono hadi','1604',@CompanyId=2;
21/07/2021 11:41:46	SQL :EXEC GetUserTreeMenu 'pramudyono hadi','1605',@CompanyId=2;
21/07/2021 11:41:46	SQL :EXEC GetUserTreeMenu 'pramudyono hadi','1606',@CompanyId=2;
21/07/2021 11:41:46	SQL :EXEC GetUserTreeMenu 'pramudyono hadi','1607',@CompanyId=2;
21/07/2021 11:41:46	SQL :EXEC GetUserTreeMenu 'pramudyono hadi','1608',@CompanyId=2;
21/07/2021 11:41:46	SQL :EXEC GetUserTreeMenu 'pramudyono hadi','1609',@CompanyId=2;
21/07/2021 11:41:46	SQL :EXEC GetUserTreeMenu 'pramudyono hadi','1610',@CompanyId=2;
21/07/2021 11:41:46	SQL :EXEC GetUserTreeMenu 'pramudyono hadi','1611',@CompanyId=2;
21/07/2021 11:41:46	SQL :EXEC GetUserTreeMenu 'pramudyono hadi','1612',@CompanyId=2;
21/07/2021 11:41:46	SQL :EXEC GetUserTreeMenu 'pramudyono hadi','1613',@CompanyId=2;
21/07/2021 11:41:46	SQL :EXEC GetUserTreeMenu 'pramudyono hadi','1614',@CompanyId=2;
21/07/2021 11:41:46	SQL :EXEC GetUserTreeMenu 'pramudyono hadi','1615',@CompanyId=2;
21/07/2021 11:41:46	SQL :EXEC GetUserTreeMenu 'pramudyono hadi','1616',@CompanyId=2;
21/07/2021 11:41:46	SQL :EXEC GetUserTreeMenu 'pramudyono hadi','1619',@CompanyId=2;
21/07/2021 11:41:46	SQL :EXEC GetUserTreeMenu 'pramudyono hadi','1620',@CompanyId=2;
21/07/2021 11:41:46	SQL :EXEC GetUserSubMenu 'pramudyono hadi','17';
21/07/2021 11:41:46	SQL :EXEC GetUserTreeMenu 'pramudyono hadi','1701',@CompanyId=2;
21/07/2021 11:41:46	SQL :EXEC GetUserTreeMenu 'pramudyono hadi','1702',@CompanyId=2;
21/07/2021 11:41:46	SQL :EXEC GetUserTreeMenu 'pramudyono hadi','1703',@CompanyId=2;
21/07/2021 11:41:46	SQL :EXEC GetUserTreeMenu 'pramudyono hadi','1704',@CompanyId=2;
21/07/2021 11:41:46	SQL :EXEC GetUserTreeMenu 'pramudyono hadi','1705',@CompanyId=2;
21/07/2021 11:41:46	SQL :EXEC GetUserTreeMenu 'pramudyono hadi','1706',@CompanyId=2;
21/07/2021 11:41:46	SQL :EXEC GetUserTreeMenu 'pramudyono hadi','1707',@CompanyId=2;
21/07/2021 11:41:46	SQL :EXEC GetUserTreeMenu 'pramudyono hadi','1708',@CompanyId=2;
21/07/2021 11:41:46	SQL :EXEC GetUserTreeMenu 'pramudyono hadi','1709',@CompanyId=2;
21/07/2021 11:41:46	SQL :EXEC GetUserTreeMenu 'pramudyono hadi','1710',@CompanyId=2;
21/07/2021 11:41:46	SQL :EXEC GetUserTreeMenu 'pramudyono hadi','1711',@CompanyId=2;
21/07/2021 11:41:46	SQL :EXEC GetUserTreeMenu 'pramudyono hadi','1712',@CompanyId=2;
21/07/2021 11:41:46	SQL :EXEC GetUserTreeMenu 'pramudyono hadi','1713',@CompanyId=2;
21/07/2021 11:41:46	SQL :EXEC GetUserTreeMenu 'pramudyono hadi','1714',@CompanyId=2;
21/07/2021 11:41:46	SQL :EXEC GetUserTreeMenu 'pramudyono hadi','1715',@CompanyId=2;
21/07/2021 11:41:46	SQL :EXEC GetUserTreeMenu 'pramudyono hadi','1716',@CompanyId=2;
21/07/2021 11:41:46	SQL :EXEC GetUserTreeMenu 'pramudyono hadi','1717',@CompanyId=2;
21/07/2021 11:41:46	SQL :EXEC GetUserSubMenu 'pramudyono hadi','18';
21/07/2021 11:41:46	SQL :EXEC GetUserTreeMenu 'pramudyono hadi','1801',@CompanyId=2;
21/07/2021 11:41:46	SQL :EXEC GetUserSubMenu 'pramudyono hadi','19';
21/07/2021 11:41:46	SQL :EXEC GetUserTreeMenu 'pramudyono hadi','1901',@CompanyId=2;
21/07/2021 11:41:46	SQL :EXEC GetUserTreeMenu 'pramudyono hadi','1902',@CompanyId=2;
21/07/2021 11:41:46	SQL :EXEC GetUserTreeMenu 'pramudyono hadi','1903',@CompanyId=2;
21/07/2021 11:41:46	SQL :EXEC GetUserTreeMenu 'pramudyono hadi','1904',@CompanyId=2;
21/07/2021 11:41:46	SQL :EXEC GetUserTreeMenu 'pramudyono hadi','1905',@CompanyId=2;
21/07/2021 11:41:46	SQL :EXEC GetUserTreeMenu 'pramudyono hadi','1906',@CompanyId=2;
21/07/2021 11:41:46	SQL :EXEC GetUserTreeMenu 'pramudyono hadi','1907',@CompanyId=2;
21/07/2021 11:41:46	SQL :EXEC GetUserTreeMenu 'pramudyono hadi','1908',@CompanyId=2;
21/07/2021 11:41:46	SQL :EXEC GetUserTreeMenu 'pramudyono hadi','1909',@CompanyId=2;
21/07/2021 11:41:46	SQL :EXEC GetUserTreeMenu 'pramudyono hadi','1910',@CompanyId=2;
21/07/2021 11:41:46	SQL :EXEC GetUserTreeMenu 'pramudyono hadi','1911',@CompanyId=2;
21/07/2021 11:41:46	SQL :EXEC GetUserTreeMenu 'pramudyono hadi','1912',@CompanyId=2;
21/07/2021 11:41:46	SQL :SELECT CONVERT(VARCHAR(8),GETDATE(),108) AS hour_minute;
21/07/2021 11:41:46	SQL :SELECT CONVERT(VARCHAR(10),GETDATE(),103) AS date_time;
21/07/2021 11:41:46	Loading Setting
21/07/2021 11:41:46	Open DB Connection
21/07/2021 11:41:46	SQL :SELECT * FROM wh_setting WHERE setting_name='Hold_Less_Deposit';
21/07/2021 11:41:46	SQL :SELECT * FROM wh_setting WHERE setting_name='Max_Less_Deposit';
21/07/2021 11:41:46	SQL :SELECT * FROM wh_setting WHERE setting_name='Dashboard_2';
21/07/2021 11:41:46	Finish Logging
21/07/2021 11:41:46	SQL :SELECT value_string FROM wh_setting WHERE (setting_name='Interval_CheckInDate') AND (active=1);
21/07/2021 11:41:46	SQL :SELECT value_string FROM wh_setting WHERE (setting_name='Interval_CheckInTime') AND (active=1);
21/07/2021 11:41:46	SQL :SELECT value_string FROM wh_setting WHERE (setting_name='ChatEnable') and (active=1);
21/07/2021 11:41:47	Message:Port Check
21/07/2021 11:41:47	Message:Open DB Connection
21/07/2021 11:41:47	SQL :EXEC GetMessage '01','pramudyono hadi';
21/07/2021 11:41:47	SQL :SELECT CONVERT(VARCHAR(8),GETDATE(),108) AS hour_minute;
21/07/2021 11:41:47	SQL :SELECT CONVERT(VARCHAR(10),GETDATE(),103) AS date_time;
21/07/2021 11:41:50	Open Menu :130512
21/07/2021 11:41:50	Open DB Connection
21/07/2021 11:41:50	SQL :EXEC AuthMenu 'pramudyono hadi',130512;
21/07/2021 11:41:50	Form Check :SplitBusSJ
21/07/2021 11:41:52	Form Check :SPJBusList
21/07/2021 11:41:52	Form Open: ProductPriceList=SplitSJ,0,-1,2
21/07/2021 11:41:52	Open DB Connection
21/07/2021 11:41:52	SQL :EXEC GetCompanyLocationList
21/07/2021 11:41:52	Open DB Connection
21/07/2021 11:41:52	SQL :EXEC GetVhcOutList2 6,1,2,@AllFoward=2,@InOut=2;
21/07/2021 11:41:53	Open DB Connection
21/07/2021 11:41:53	SQL :EXEC GetVhcOutList2 6,1,2,@AllFoward=1,@InOut=2;
21/07/2021 11:41:54	Open DB Connection
21/07/2021 11:41:54	SQL :EXEC GetVhcOutList2 6,1,2,@AllFoward=-1,@InOut=2;
21/07/2021 11:42:13	Form Check :SPJBusList
21/07/2021 11:42:13	Form Open: ProductPriceList=SplitSJ-SJAdd,0,-1,1
21/07/2021 11:42:13	Open DB Connection
21/07/2021 11:42:13	SQL :EXEC GetCompanyLocationList
21/07/2021 11:42:13	Open DB Connection
21/07/2021 11:42:13	SQL :EXEC GetVhcOutList2 6,1,2,@AllFoward=2,@InOut=1;
21/07/2021 11:42:15	Open DB Connection
21/07/2021 11:42:15	SQL :EXEC GetVhcOutList2 6,1,2,@AllFoward=1,@InOut=1;
21/07/2021 11:42:16	Open DB Connection
21/07/2021 11:42:16	SQL :EXEC GetVhcOutList2 6,1,2,@AllFoward=-1,@InOut=1;
21/07/2021 11:42:53	Form Check :SPJBusList
21/07/2021 11:42:53	Form Open: ProductPriceList=SplitSJ-SJAdd,0,-1,1
21/07/2021 11:42:53	Open DB Connection
21/07/2021 11:42:53	SQL :EXEC GetCompanyLocationList
21/07/2021 11:42:53	Open DB Connection
21/07/2021 11:42:53	SQL :EXEC GetVhcOutList2 6,1,2,@AllFoward=2,@InOut=1;
21/07/2021 11:42:55	Open DB Connection
21/07/2021 11:42:55	SQL :EXEC GetVhcOutList2 6,1,2,@AllFoward=1,@InOut=1;
21/07/2021 11:42:56	Open DB Connection
21/07/2021 11:42:56	SQL :EXEC GetVhcOutList2 6,1,2,@AllFoward=-1,@InOut=1;
21/07/2021 11:43:18	Form Check :SPJBusList
21/07/2021 11:43:18	Form Open: ProductPriceList=SplitSJ-SJAdd,0,-1,1
21/07/2021 11:43:18	Open DB Connection
21/07/2021 11:43:18	SQL :EXEC GetCompanyLocationList
21/07/2021 11:43:18	Open DB Connection
21/07/2021 11:43:18	SQL :EXEC GetVhcOutList2 6,1,2,@AllFoward=2,@InOut=1;
21/07/2021 11:43:19	Open DB Connection
21/07/2021 11:43:19	SQL :EXEC GetVhcOutList2 6,1,2,@AllFoward=1,@InOut=1;
21/07/2021 11:43:20	Open DB Connection
21/07/2021 11:43:20	SQL :EXEC GetVhcOutList2 6,1,2,@AllFoward=-1,@InOut=1;
21/07/2021 11:52:41	Message:Port Check
21/07/2021 11:52:41	Message:Open DB Connection
21/07/2021 11:52:41	SQL :EXEC GetMessage '01','pramudyono hadi';
21/07/2021 11:52:41	SQL :SELECT CONVERT(VAR21/07/2021 17:22:24	Get Local Settings
21/07/2021 17:22:24	Start Change Local Settings
21/07/2021 17:22:24	Change short date format
21/07/2021 17:22:24	Change Long date format
21/07/2021 17:22:24	Finish Change Local Settings
21/07/2021 17:22:24	Registry Read: Path=SOFTWARE\WEHA\Aplikasi\3
21/07/2021 17:22:24	Registry Read/Write
21/07/2021 17:22:24	Registry Read: Path=SOFTWARE\WEHA\Aplikasi\3
21/07/2021 17:22:24	Setting DB Param
21/07/2021 17:22:24	Create DB Object
21/07/2021 17:22:24	Init DB
21/07/2021 17:22:24	Finish Init DB
21/07/2021 17:22:24	Get File Version
21/07/2021 17:22:24	Change  Caption
21/07/2021 17:22:24	Init Shortkey
21/07/2021 17:22:29	Setting DB Param
21/07/2021 17:22:29	Create DB Object
21/07/2021 17:22:29	Init DB
21/07/2021 17:22:29	Finish Init DB
21/07/2021 17:22:31	Update new version check
21/07/2021 17:22:31	Open DB Connection
21/07/2021 17:22:31	SQL :
21/07/2021 17:22:31	Update check version
21/07/2021 17:22:31	Open DB Connection
21/07/2021 17:22:31	SQL :SELECT version FROM wh_application WHERE application_id=(SELECT MAX(application_id) FROM wh_application);
21/07/2021 17:22:31	Start Login
21/07/2021 17:22:31	Open DB Connection
21/07/2021 17:22:31	SQL :EXEC AuthenticateUser 'pramudyono hadi','6f2b8366efa56f0c06dd6b31fcff8a73';
21/07/2021 17:22:33	SQL :INSERT INTO wh_log (user_id,app_date,app_version,app_version_svr,location_id,company_id,department_id,host_name,ip_address)  VALUES ('pramudyono hadi','21/07/2021','6.1.3.7','6.1.3.2',6,2,13,'DESKTOP-S1PD9OD','192.168.25.214');
21/07/2021 17:22:33	Open DB Connection
21/07/2021 17:22:33	SQL :EXEC GetUserMenu 'pramudyono hadi';
21/07/2021 17:22:33	SQL :EXEC GetUserSubMenu 'pramudyono hadi','11';
21/07/2021 17:22:34	SQL :EXEC GetUserTreeMenu 'pramudyono hadi','1101',@CompanyId=2;
21/07/2021 17:22:34	SQL :EXEC GetUserTreeMenu 'pramudyono hadi','1102',@CompanyId=2;
21/07/2021 17:22:34	SQL :EXEC GetUserTreeMenu 'pramudyono hadi','1103',@CompanyId=2;
21/07/2021 17:22:34	SQL :EXEC GetUserTreeMenu 'pramudyono hadi','1104',@CompanyId=2;
21/07/2021 17:22:34	SQL :EXEC GetUserTreeMenu 'pramudyono hadi','1105',@CompanyId=2;
21/07/2021 17:22:34	SQL :EXEC GetUserTreeMenu 'pramudyono hadi','1106',@CompanyId=2;
21/07/2021 17:22:34	SQL :EXEC GetUserTreeMenu 'pramudyono hadi','1107',@CompanyId=2;
21/07/2021 17:22:34	SQL :EXEC GetUserTreeMenu 'pramudyono hadi','1108',@CompanyId=2;
21/07/2021 17:22:34	SQL :EXEC GetUserTreeMenu 'pramudyono hadi','1109',@CompanyId=2;
21/07/2021 17:22:34	SQL :EXEC GetUserTreeMenu 'pramudyono hadi','1110',@CompanyId=2;
21/07/2021 17:22:34	SQL :EXEC GetUserTreeMenu 'pramudyono hadi','1111',@CompanyId=2;
21/07/2021 17:22:34	SQL :EXEC GetUserTreeMenu 'pramudyono hadi','1112',@CompanyId=2;
21/07/2021 17:22:34	SQL :EXEC GetUserTreeMenu 'pramudyono hadi','1113',@CompanyId=2;
21/07/2021 17:22:34	SQL :EXEC GetUserTreeMenu 'pramudyono hadi','1114',@CompanyId=2;
21/07/2021 17:22:34	SQL :EXEC GetUserTreeMenu 'pramudyono hadi','1115',@CompanyId=2;
21/07/2021 17:22:34	SQL :EXEC GetUserTreeMenu 'pramudyono hadi','1116',@CompanyId=2;
21/07/2021 17:22:34	SQL :EXEC GetUserTreeMenu 'pramudyono hadi','1117',@CompanyId=2;
21/07/2021 17:22:34	SQL :EXEC GetUserTreeMenu 'pramudyono hadi','1198',@CompanyId=2;
21/07/2021 17:22:34	SQL :EXEC GetUserTreeMenu 'pramudyono hadi','1199',@CompanyId=2;
21/07/2021 17:22:34	SQL :EXEC GetUserSubMenu 'pramudyono hadi','12';
21/07/2021 17:22:34	SQL :EXEC GetUserTreeMenu 'pramudyono hadi','1201',@CompanyId=2;
21/07/2021 17:22:34	SQL :EXEC GetUserTreeMenu 'pramudyono hadi','1202',@CompanyId=2;
21/07/2021 17:22:34	SQL :EXEC GetUserTreeMenu 'pramudyono hadi','1203',@CompanyId=2;
21/07/2021 17:22:34	SQL :EXEC GetUserTreeMenu 'pramudyono hadi','1204',@CompanyId=2;
21/07/2021 17:22:34	SQL :EXEC GetUserTreeMenu 'pramudyono hadi','1205',@CompanyId=2;
21/07/2021 17:22:34	SQL :EXEC GetUserTreeMenu 'pramudyono hadi','1206',@CompanyId=2;
21/07/2021 17:22:34	SQL :EXEC GetUserTreeMenu 'pramudyono hadi','1207',@CompanyId=2;
21/07/2021 17:22:34	SQL :EXEC GetUserSubMenu 'pramudyono hadi','13';
21/07/2021 17:22:34	SQL :EXEC GetUserTreeMenu 'pramudyono hadi','1301',@CompanyId=2;
21/07/2021 17:22:34	SQL :EXEC GetUserTreeMenu 'pramudyono hadi','1302',@CompanyId=2;
21/07/2021 17:22:34	SQL :EXEC GetUserTreeMenu 'pramudyono hadi','1303',@CompanyId=2;
21/07/2021 17:22:34	SQL :EXEC GetUserTreeMenu 'pramudyono hadi','1304',@CompanyId=2;
21/07/2021 17:22:34	SQL :EXEC GetUserTreeMenu 'pramudyono hadi','1305',@CompanyId=2;
21/07/2021 17:22:34	SQL :EXEC GetUserTreeMenu 'pramudyono hadi','1306',@CompanyId=2;
21/07/2021 17:22:34	SQL :EXEC GetUserTreeMenu 'pramudyono hadi','1307',@CompanyId=2;
21/07/2021 17:22:34	SQL :EXEC GetUserTreeMenu 'pramudyono hadi','1308',@CompanyId=2;
21/07/2021 17:22:34	SQL :EXEC GetUserTreeMenu 'pramudyono hadi','1309',@CompanyId=2;
21/07/2021 17:22:34	SQL :EXEC GetUserTreeMenu 'pramudyono hadi','1310',@CompanyId=2;
21/07/2021 17:22:34	SQL :EXEC GetUserTreeMenu 'pramudyono hadi','1311',@CompanyId=2;
21/07/2021 17:22:34	SQL :EXEC GetUserTreeMenu 'pramudyono hadi','1312',@CompanyId=2;
21/07/2021 17:22:35	SQL :EXEC GetUserTreeMenu 'pramudyono hadi','1313',@CompanyId=2;
21/07/2021 17:22:35	SQL :EXEC GetUserTreeMenu 'pramudyono hadi','1314',@CompanyId=2;
21/07/2021 17:22:35	SQL :EXEC GetUserTreeMenu 'pramudyono hadi','1315',@CompanyId=2;
21/07/2021 17:22:35	SQL :EXEC GetUserTreeMenu 'pramudyono hadi','1316',@CompanyId=2;
21/07/2021 17:22:35	SQL :EXEC GetUserTreeMenu 'pramudyono hadi','1317',@CompanyId=2;
21/07/2021 17:22:35	SQL :EXEC GetUserTreeMenu 'pramudyono hadi','1318',@CompanyId=2;
21/07/2021 17:22:35	SQL :EXEC GetUserTreeMenu 'pramudyono hadi','1319',@CompanyId=2;
21/07/2021 17:22:35	SQL :EXEC GetUserTreeMenu 'pramudyono hadi','1320',@CompanyId=2;
21/07/2021 17:22:35	SQL :EXEC GetUserTreeMenu 'pramudyono hadi','1321',@CompanyId=2;
21/07/2021 17:22:35	SQL :EXEC GetUserSubMenu 'pramudyono hadi','14';
21/07/2021 17:22:35	SQL :EXEC GetUserTreeMenu 'pramudyono hadi','1401',@CompanyId=2;
21/07/2021 17:22:35	SQL :EXEC GetUserTreeMenu 'pramudyono hadi','1402',@CompanyId=2;
21/07/2021 17:22:35	SQL :EXEC GetUserTreeMenu 'pramudyono hadi','1403',@CompanyId=2;
21/07/2021 17:22:35	SQL :EXEC GetUserTreeMenu 'pramudyono hadi','1404',@CompanyId=2;
21/07/2021 17:22:35	SQL :EXEC GetUserTreeMenu 'pramudyono hadi','1406',@CompanyId=2;
21/07/2021 17:22:35	SQL :EXEC GetUserTreeMenu 'pramudyono hadi','1408',@CompanyId=2;
21/07/2021 17:22:35	SQL :EXEC GetUserTreeMenu 'pramudyono hadi','1410',@CompanyId=2;
21/07/2021 17:22:35	SQL :EXEC GetUserTreeMenu 'pramudyono hadi','1411',@CompanyId=2;
21/07/2021 17:22:35	SQL :EXEC GetUserTreeMenu 'pramudyono hadi','1412',@CompanyId=2;
21/07/2021 17:22:35	SQL :EXEC GetUserTreeMenu 'pramudyono hadi','1413',@CompanyId=2;
21/07/2021 17:22:35	SQL :EXEC GetUserTreeMenu 'pramudyono hadi','1414',@CompanyId=2;
21/07/2021 17:22:35	SQL :EXEC GetUserSubMenu 'pramudyono hadi','15';
21/07/2021 17:22:35	SQL :EXEC GetUserTreeMenu 'pramudyono hadi','1501',@CompanyId=2;
21/07/2021 17:22:35	SQL :EXEC GetUserTreeMenu 'pramudyono hadi','1502',@CompanyId=2;
21/07/2021 17:22:35	SQL :EXEC GetUserTreeMenu 'pramudyono hadi','1503',@CompanyId=2;
21/07/2021 17:22:35	SQL :EXEC GetUserTreeMenu 'pramudyono hadi','1504',@CompanyId=2;
21/07/2021 17:22:35	SQL :EXEC GetUserTreeMenu 'pramudyono hadi','1505',@CompanyId=2;
21/07/2021 17:22:35	SQL :EXEC GetUserTreeMenu 'pramudyono hadi','1506',@CompanyId=2;
21/07/2021 17:22:35	SQL :EXEC GetUserTreeMenu 'pramudyono hadi','1507',@CompanyId=2;
21/07/2021 17:22:35	SQL :EXEC GetUserTreeMenu 'pramudyono hadi','1508',@CompanyId=2;
21/07/2021 17:22:35	SQL :EXEC GetUserTreeMenu 'pramudyono hadi','1509',@CompanyId=2;
21/07/2021 17:22:35	SQL :EXEC GetUserTreeMenu 'pramudyono hadi','1510',@CompanyId=2;
21/07/2021 17:22:35	SQL :EXEC GetUserTreeMenu 'pramudyono hadi','1511',@CompanyId=2;
21/07/2021 17:22:35	SQL :EXEC GetUserSubMenu 'pramudyono hadi','16';
21/07/2021 17:22:35	SQL :EXEC GetUserTreeMenu 'pramudyono hadi','1601',@CompanyId=2;
21/07/2021 17:22:35	SQL :EXEC GetUserTreeMenu 'pramudyono hadi','1602',@CompanyId=2;
21/07/2021 17:22:35	SQL :EXEC GetUserTreeMenu 'pramudyono hadi','1603',@CompanyId=2;
21/07/2021 17:22:35	SQL :EXEC GetUserTreeMenu 'pramudyono hadi','1604',@CompanyId=2;
21/07/2021 17:22:35	SQL :EXEC GetUserTreeMenu 'pramudyono hadi','1605',@CompanyId=2;
21/07/2021 17:22:35	SQL :EXEC GetUserTreeMenu 'pramudyono hadi','1606',@CompanyId=2;
21/07/2021 17:22:35	SQL :EXEC GetUserTreeMenu 'pramudyono hadi','1607',@CompanyId=2;
21/07/2021 17:22:35	SQL :EXEC GetUserTreeMenu 'pramudyono hadi','1608',@CompanyId=2;
21/07/2021 17:22:35	SQL :EXEC GetUserTreeMenu 'pramudyono hadi','1609',@CompanyId=2;
21/07/2021 17:22:35	SQL :EXEC GetUserTreeMenu 'pramudyono hadi','1610',@CompanyId=2;
21/07/2021 17:22:35	SQL :EXEC GetUserTreeMenu 'pramudyono hadi','1611',@CompanyId=2;
21/07/2021 17:22:35	SQL :EXEC GetUserTreeMenu 'pramudyono hadi','1612',@CompanyId=2;
21/07/2021 17:22:35	SQL :EXEC GetUserTreeMenu 'pramudyono hadi','1613',@CompanyId=2;
21/07/2021 17:22:35	SQL :EXEC GetUserTreeMenu 'pramudyono hadi','1614',@CompanyId=2;
21/07/2021 17:22:35	SQL :EXEC GetUserTreeMenu 'pramudyono hadi','1615',@CompanyId=2;
21/07/2021 17:22:35	SQL :EXEC GetUserTreeMenu 'pramudyono hadi','1616',@CompanyId=2;
21/07/2021 17:22:35	SQL :EXEC GetUserTreeMenu 'pramudyono hadi','1619',@CompanyId=2;
21/07/2021 17:22:35	SQL :EXEC GetUserTreeMenu 'pramudyono hadi','1620',@CompanyId=2;
21/07/2021 17:22:35	SQL :EXEC GetUserSubMenu 'pramudyono hadi','17';
21/07/2021 17:22:35	SQL :EXEC GetUserTreeMenu 'pramudyono hadi','1701',@CompanyId=2;
21/07/2021 17:22:35	SQL :EXEC GetUserTreeMenu 'pramudyono hadi','1702',@CompanyId=2;
21/07/2021 17:22:35	SQL :EXEC GetUserTreeMenu 'pramudyono hadi','1703',@CompanyId=2;
21/07/2021 17:22:35	SQL :EXEC GetUserTreeMenu 'pramudyono hadi','1704',@CompanyId=2;
21/07/2021 17:22:35	SQL :EXEC GetUserTreeMenu 'pramudyono hadi','1705',@CompanyId=2;
21/07/2021 17:22:35	SQL :EXEC GetUserTreeMenu 'pramudyono hadi','1706',@CompanyId=2;
21/07/2021 17:22:35	SQL :EXEC GetUserTreeMenu 'pramudyono hadi','1707',@CompanyId=2;
21/07/2021 17:22:35	SQL :EXEC GetUserTreeMenu 'pramudyono hadi','1708',@CompanyId=2;
21/07/2021 17:22:35	SQL :EXEC GetUserTreeMenu 'pramudyono hadi','1709',@CompanyId=2;
21/07/2021 17:22:35	SQL :EXEC GetUserTreeMenu 'pramudyono hadi','1710',@CompanyId=2;
21/07/2021 17:22:35	SQL :EXEC GetUserTreeMenu 'pramudyono hadi','1711',@CompanyId=2;
21/07/2021 17:22:35	SQL :EXEC GetUserTreeMenu 'pramudyono hadi','1712',@CompanyId=2;
21/07/2021 17:22:35	SQL :EXEC GetUserTreeMenu 'pramudyono hadi','1713',@CompanyId=2;
21/07/2021 17:22:35	SQL :EXEC GetUserTreeMenu 'pramudyono hadi','1714',@CompanyId=2;
21/07/2021 17:22:35	SQL :EXEC GetUserTreeMenu 'pramudyono hadi','1715',@CompanyId=2;
21/07/2021 17:22:35	SQL :EXEC GetUserTreeMenu 'pramudyono hadi','1716',@CompanyId=2;
21/07/2021 17:22:35	SQL :EXEC GetUserTreeMenu 'pramudyono hadi','1717',@CompanyId=2;
21/07/2021 17:22:35	SQL :EXEC GetUserSubMenu 'pramudyono hadi','18';
21/07/2021 17:22:35	SQL :EXEC GetUserTreeMenu 'pramudyono hadi','1801',@CompanyId=2;
21/07/2021 17:22:35	SQL :EXEC GetUserSubMenu 'pramudyono hadi','19';
21/07/2021 17:22:35	SQL :EXEC GetUserTreeMenu 'pramudyono hadi','1901',@CompanyId=2;
21/07/2021 17:22:35	SQL :EXEC GetUserTreeMenu 'pramudyono hadi','1902',@CompanyId=2;
21/07/2021 17:22:35	SQL :EXEC GetUserTreeMenu 'pramudyono hadi','1903',@CompanyId=2;
21/07/2021 17:22:35	SQL :EXEC GetUserTreeMenu 'pramudyono hadi','1904',@CompanyId=2;
21/07/2021 17:22:35	SQL :EXEC GetUserTreeMenu 'pramudyono hadi','1905',@CompanyId=2;
21/07/2021 17:22:35	SQL :EXEC GetUserTreeMenu 'pramudyono hadi','1906',@CompanyId=2;
21/07/2021 17:22:35	SQL :EXEC GetUserTreeMenu 'pramudyono hadi','1907',@CompanyId=2;
21/07/2021 17:22:35	SQL :EXEC GetUserTreeMenu 'pramudyono hadi','1908',@CompanyId=2;
21/07/2021 17:22:35	SQL :EXEC GetUserTreeMenu 'pramudyono hadi','1909',@CompanyId=2;
21/07/2021 17:22:35	SQL :EXEC GetUserTreeMenu 'pramudyono hadi','1910',@CompanyId=2;
21/07/2021 17:22:35	SQL :EXEC GetUserTreeMenu 'pramudyono hadi','1911',@CompanyId=2;
21/07/2021 17:22:36	SQL :EXEC GetUserTreeMenu 'pramudyono hadi','1912',@CompanyId=2;
21/07/2021 17:22:36	SQL :SELECT CONVERT(VARCHAR(8),GETDATE(),108) AS hour_minute;
21/07/2021 17:22:36	SQL :SELECT CONVERT(VARCHAR(10),GETDATE(),103) AS date_time;
21/07/2021 17:22:36	Loading Setting
21/07/2021 17:22:36	Open DB Connection
21/07/2021 17:22:36	SQL :SELECT * FROM wh_setting WHERE setting_name='Hold_Less_Deposit';
21/07/2021 17:22:36	SQL :SELECT * FROM wh_setting WHERE setting_name='Max_Less_Deposit';
21/07/2021 17:22:36	SQL :SELECT * FROM wh_setting WHERE setting_name='Dashboard_2';
21/07/2021 17:22:36	Finish Logging
21/07/2021 17:22:36	SQL :SELECT value_string FROM wh_setting WHERE (setting_name='Interval_CheckInDate') AND (active=1);
21/07/2021 17:22:36	SQL :SELECT value_string FROM wh_setting WHERE (setting_name='Interval_CheckInTime') AND (active=1);
21/07/2021 17:22:36	SQL :SELECT value_string FROM wh_setting WHERE (setting_name='ChatEnable') and (active=1);
21/07/2021 17:22:37	Message:Port Check
21/07/2021 17:22:37	Message:Open DB Connection
21/07/2021 17:22:37	SQL :EXEC GetMessage '01','pramudyono hadi';
21/07/2021 17:22:37	SQL :SELECT CONVERT(VARCHAR(8),GETDATE(),108) AS hour_minute;
21/07/2021 17:22:37	SQL :SELECT CONVERT(VARCHAR(10),GETDATE(),103) AS date_time;
21/07/2021 17:22:49	Form Check :Setting
21/07/2021 17:22:49	Form Open: Setting
21/07/2021 17:22:55	Open Menu :130512
21/07/2021 17:22:55	Open DB Connection
21/07/2021 17:22:55	SQL :EXEC AuthMenu 'pramudyono hadi',130512;
21/07/2021 17:22:55	Form Check :SplitBusSJ
21/07/2021 17:24:03	Form Check :SPJBusList
21/07/2021 17:24:03	Form Open: ProductPriceList=SplitSJ,0,-1,2
21/07/2021 17:24:03	Open DB Connection
21/07/2021 17:24:03	SQL :EXEC GetCompanyLocationList
21/07/2021 17:24:04	Open DB Connection
21/07/2021 17:24:04	SQL :EXEC GetVhcOutList2 6,1,2,@AllFoward=2,@InOut=2;
21/07/2021 17:24:08	Open DB Connection
21/07/2021 17:24:08	SQL :EXEC GetVhcOutList2 6,1,2,@AllFoward=1,@InOut=2;
21/07/2021 17:24:09	Open DB Connection
21/07/2021 17:24:09	SQL :EXEC GetVhcOutList2 6,1,2,@AllFoward=-1,@InOut=2;
21/07/2021 17:24:30	Form Check :SPJBusList
21/07/2021 17:24:30	Form Open: ProductPriceList=SplitSJ-SJAdd,0,-1,1
21/07/2021 17:24:30	Open DB Connection
21/07/2021 17:24:30	SQL :EXEC GetCompanyLocationList
21/07/2021 17:24:30	Open DB Connection
21/07/2021 17:24:30	SQL :EXEC GetVhcOutList2 6,1,2,@AllFoward=2,@InOut=1;
21/07/2021 17:24:32	Open DB Connection
21/07/2021 17:24:32	SQL :EXEC GetVhcOutList2 6,1,2,@AllFoward=1,@InOut=1;
21/07/2021 17:24:32	Open DB Connection
21/07/2021 17:24:32	SQL :EXEC GetVhcOutList2 6,1,2,@AllFoward=-1,@InOut=1;
21/07/2021 17:25:02	Form Check :SPJBusList
21/07/2021 17:25:02	Form Open: ProductPriceList=SplitSJ-SJAdd,0,-1,1
21/07/2021 17:25:02	Open DB Connection
21/07/2021 17:25:02	SQL :EXEC GetCompanyLocationList
21/07/2021 17:25:02	Open DB Connection
21/07/2021 17:25:02	SQL :EXEC GetVhcOutList2 6,1,2,@AllFoward=2,@InOut=1;
21/07/2021 17:25:04	Open DB Connection
21/07/2021 17:25:04	SQL :EXEC GetVhcOutList2 6,1,2,@AllFoward=1,@InOut=1;
21/07/2021 17:25:10	Open DB Connection
21/07/2021 17:25:10	SQL :EXEC GetVhcOutList2 6,1,2,@AllFoward=-1,@InOut=1;
21/07/2021 17:25:35	Form Check :SPJBusList
21/07/2021 17:25:35	Form Open: ProductPriceList=SplitSJ-SJAdd,0,-1,1
21/07/2021 17:25:35	Open DB Connection
21/07/2021 17:25:35	SQL :EXEC GetCompanyLocationList
21/07/2021 17:25:35	Open DB Connection
21/07/2021 17:25:35	SQL :EXEC GetVhcOutList2 6,1,2,@AllFoward=2,@InOut=1;
21/07/2021 17:25:36	Open DB Connection
21/07/2021 17:25:36	SQL :EXEC GetVhcOutList2 6,1,2,@AllFoward=1,@InOut=1;
21/07/2021 17:25:37	Open DB Connection
21/07/2021 17:25:37	SQL :EXEC GetVhcOutList2 6,1,2,@AllFoward=-1,@InOut=1;
21/07/2021 17:26:27	Form Check :SPJBusList
21/07/2021 17:26:27	Form Open: ProductPriceList=SplitSJ,0,-1,2
21/07/2021 17:26:27	Open DB Connection
21/07/2021 17:26:27	SQL :EXEC GetCompanyLocationList
21/07/2021 17:26:27	Open DB Connection
21/07/2021 17:26:27	SQL :EXEC GetVhcOutList2 6,1,2,@AllFoward=2,@InOut=2;
21/07/2021 17:26:28	Open DB Connection
21/07/2021 17:26:28	SQL :EXEC GetVhcOutList2 6,1,2,@AllFoward=1,@InOut=2;
21/07/2021 17:26:29	Open DB Connection
21/07/2021 17:26:29	SQL :EXEC GetVhcOutList2 6,1,2,@AllFoward=-1,@InOut=2;
21/07/2021 17:28:34	Get Local Settings
21/07/2021 17:28:34	Start Change Local Settings
21/07/2021 17:28:34	Change short date format
21/07/2021 17:28:34	Change Long date format
21/07/2021 17:28:34	Finish Change Local Settings
21/07/2021 17:28:34	Registry Read: Path=SOFTWARE\WEHA\Aplikasi\3
21/07/2021 17:28:34	Registry Read/Write
21/07/2021 17:28:34	Registry Read: Path=SOFTWARE\WEHA\Aplikasi\3
21/07/2021 17:28:34	Setting DB Param
21/07/2021 17:28:34	Create DB Object
21/07/2021 17:28:34	Init DB
21/07/2021 17:28:34	Finish Init DB
21/07/2021 17:28:34	Get File Version
21/07/2021 17:28:34	Change  Caption
21/07/2021 17:28:34	Init Shortkey
21/07/2021 17:28:37	Setting DB Param
21/07/2021 17:28:37	Create DB Object
21/07/2021 17:28:37	Init DB
21/07/2021 17:28:37	Finish Init DB
21/07/2021 17:28:38	Update new version check
21/07/2021 17:28:38	Open DB Connection
21/07/2021 17:28:38	SQL :
21/07/2021 17:28:39	Update check version
21/07/2021 17:28:39	Open DB Connection
21/07/2021 17:28:39	SQL :SELECT version FROM wh_application WHERE application_id=(SELECT MAX(application_id) FROM wh_application);
21/07/2021 17:28:39	Start Login
21/07/2021 17:28:39	Open DB Connection
21/07/2021 17:28:39	SQL :EXEC AuthenticateUser 'pramudyono hadi','6f2b8366efa56f0c06dd6b31fcff8a73';
21/07/2021 17:28:39	SQL :INSERT INTO wh_log (user_id,app_date,app_version,app_version_svr,location_id,company_id,department_id,host_name,ip_address)  VALUES ('pramudyono hadi','21/07/2021','6.1.3.7','6.1.3.2',6,2,13,'DESKTOP-S1PD9OD','192.168.25.214');
21/07/2021 17:28:39	Open DB Connection
21/07/2021 17:28:39	SQL :EXEC GetUserMenu 'pramudyono hadi';
21/07/2021 17:28:39	SQL :EXEC GetUserSubMenu 'pramudyono hadi','11';
21/07/2021 17:28:39	SQL :EXEC GetUserTreeMenu 'pramudyono hadi','1101',@CompanyId=2;
21/07/2021 17:28:39	SQL :EXEC GetUserTreeMenu 'pramudyono hadi','1102',@CompanyId=2;
21/07/2021 17:28:39	SQL :EXEC GetUserTreeMenu 'pramudyono hadi','1103',@CompanyId=2;
21/07/2021 17:28:39	SQL :EXEC GetUserTreeMenu 'pramudyono hadi','1104',@CompanyId=2;
21/07/2021 17:28:39	SQL :EXEC GetUserTreeMenu 'pramudyono hadi','1105',@CompanyId=2;
21/07/2021 17:28:39	SQL :EXEC GetUserTreeMenu 'pramudyono hadi','1106',@CompanyId=2;
21/07/2021 17:28:39	SQL :EXEC GetUserTreeMenu 'pramudyono hadi','1107',@CompanyId=2;
21/07/2021 17:28:39	SQL :EXEC GetUserTreeMenu 'pramudyono hadi','1108',@CompanyId=2;
21/07/2021 17:28:39	SQL :EXEC GetUserTreeMenu 'pramudyono hadi','1109',@CompanyId=2;
21/07/2021 17:28:39	SQL :EXEC GetUserTreeMenu 'pramudyono hadi','1110',@CompanyId=2;
21/07/2021 17:28:39	SQL :EXEC GetUserTreeMenu 'pramudyono hadi','1111',@CompanyId=2;
21/07/2021 17:28:39	SQL :EXEC GetUserTreeMenu 'pramudyono hadi','1112',@CompanyId=2;
21/07/2021 17:28:39	SQL :EXEC GetUserTreeMenu 'pramudyono hadi','1113',@CompanyId=2;
21/07/2021 17:28:39	SQL :EXEC GetUserTreeMenu 'pramudyono hadi','1114',@CompanyId=2;
21/07/2021 17:28:39	SQL :EXEC GetUserTreeMenu 'pramudyono hadi','1115',@CompanyId=2;
21/07/2021 17:28:39	SQL :EXEC GetUserTreeMenu 'pramudyono hadi','1116',@CompanyId=2;
21/07/2021 17:28:39	SQL :EXEC GetUserTreeMenu 'pramudyono hadi','1117',@CompanyId=2;
21/07/2021 17:28:39	SQL :EXEC GetUserTreeMenu 'pramudyono hadi','1198',@CompanyId=2;
21/07/2021 17:28:39	SQL :EXEC GetUserTreeMenu 'pramudyono hadi','1199',@CompanyId=2;
21/07/2021 17:28:39	SQL :EXEC GetUserSubMenu 'pramudyono hadi','12';
21/07/2021 17:28:39	SQL :EXEC GetUserTreeMenu 'pramudyono hadi','1201',@CompanyId=2;
21/07/2021 17:28:39	SQL :EXEC GetUserTreeMenu 'pramudyono hadi','1202',@CompanyId=2;
21/07/2021 17:28:39	SQL :EXEC GetUserTreeMenu 'pramudyono hadi','1203',@CompanyId=2;
21/07/2021 17:28:39	SQL :EXEC GetUserTreeMenu 'pramudyono hadi','1204',@CompanyId=2;
21/07/2021 17:28:39	SQL :EXEC GetUserTreeMenu 'pramudyono hadi','1205',@CompanyId=2;
21/07/2021 17:28:39	SQL :EXEC GetUserTreeMenu 'pramudyono hadi','1206',@CompanyId=2;
21/07/2021 17:28:39	SQL :EXEC GetUserTreeMenu 'pramudyono hadi','1207',@CompanyId=2;
21/07/2021 17:28:39	SQL :EXEC GetUserSubMenu 'pramudyono hadi','13';
21/07/2021 17:28:39	SQL :EXEC GetUserTreeMenu 'pramudyono hadi','1301',@CompanyId=2;
21/07/2021 17:28:39	SQL :EXEC GetUserTreeMenu 'pramudyono hadi','1302',@CompanyId=2;
21/07/2021 17:28:39	SQL :EXEC GetUserTreeMenu 'pramudyono hadi','1303',@CompanyId=2;
21/07/2021 17:28:39	SQL :EXEC GetUserTreeMenu 'pramudyono hadi','1304',@CompanyId=2;
21/07/2021 17:28:39	SQL :EXEC GetUserTreeMenu 'pramudyono hadi','1305',@CompanyId=2;
21/07/2021 17:28:39	SQL :EXEC GetUserTreeMenu 'pramudyono hadi','1306',@CompanyId=2;
21/07/2021 17:28:39	SQL :EXEC GetUserTreeMenu 'pramudyono hadi','1307',@CompanyId=2;
21/07/2021 17:28:39	SQL :EXEC GetUserTreeMenu 'pramudyono hadi','1308',@CompanyId=2;
21/07/2021 17:28:39	SQL :EXEC GetUserTreeMenu 'pramudyono hadi','1309',@CompanyId=2;
21/07/2021 17:28:39	SQL :EXEC GetUserTreeMenu 'pramudyono hadi','1310',@CompanyId=2;
21/07/2021 17:28:39	SQL :EXEC GetUserTreeMenu 'pramudyono hadi','1311',@CompanyId=2;
21/07/2021 17:28:39	SQL :EXEC GetUserTreeMenu 'pramudyono hadi','1312',@CompanyId=2;
21/07/2021 17:28:39	SQL :EXEC GetUserTreeMenu 'pramudyono hadi','1313',@CompanyId=2;
21/07/2021 17:28:39	SQL :EXEC GetUserTreeMenu 'pramudyono hadi','1314',@CompanyId=2;
21/07/2021 17:28:39	SQL :EXEC GetUserTreeMenu 'pramudyono hadi','1315',@CompanyId=2;
21/07/2021 17:28:39	SQL :EXEC GetUserTreeMenu 'pramudyono hadi','1316',@CompanyId=2;
21/07/2021 17:28:39	SQL :EXEC GetUserTreeMenu 'pramudyono hadi','1317',@CompanyId=2;
21/07/2021 17:28:39	SQL :EXEC GetUserTreeMenu 'pramudyono hadi','1318',@CompanyId=2;
21/07/2021 17:28:39	SQL :EXEC GetUserTreeMenu 'pramudyono hadi','1319',@CompanyId=2;
21/07/2021 17:28:39	SQL :EXEC GetUserTreeMenu 'pramudyono hadi','1320',@CompanyId=2;
21/07/2021 17:28:39	SQL :EXEC GetUserTreeMenu 'pramudyono hadi','1321',@CompanyId=2;
21/07/2021 17:28:39	SQL :EXEC GetUserSubMenu 'pramudyono hadi','14';
21/07/2021 17:28:39	SQL :EXEC GetUserTreeMenu 'pramudyono hadi','1401',@CompanyId=2;
21/07/2021 17:28:39	SQL :EXEC GetUserTreeMenu 'pramudyono hadi','1402',@CompanyId=2;
21/07/2021 17:28:39	SQL :EXEC GetUserTreeMenu 'pramudyono hadi','1403',@CompanyId=2;
21/07/2021 17:28:39	SQL :EXEC GetUserTreeMenu 'pramudyono hadi','1404',@CompanyId=2;
21/07/2021 17:28:39	SQL :EXEC GetUserTreeMenu 'pramudyono hadi','1406',@CompanyId=2;
21/07/2021 17:28:39	SQL :EXEC GetUserTreeMenu 'pramudyono hadi','1408',@CompanyId=2;
21/07/2021 17:28:39	SQL :EXEC GetUserTreeMenu 'pramudyono hadi','1410',@CompanyId=2;
21/07/2021 17:28:39	SQL :EXEC GetUserTreeMenu 'pramudyono hadi','1411',@CompanyId=2;
21/07/2021 17:28:39	SQL :EXEC GetUserTreeMenu 'pramudyono hadi','1412',@CompanyId=2;
21/07/2021 17:28:39	SQL :EXEC GetUserTreeMenu 'pramudyono hadi','1413',@CompanyId=2;
21/07/2021 17:28:39	SQL :EXEC GetUserTreeMenu 'pramudyono hadi','1414',@CompanyId=2;
21/07/2021 17:28:39	SQL :EXEC GetUserSubMenu 'pramudyono hadi','15';
21/07/2021 17:28:39	SQL :EXEC GetUserTreeMenu 'pramudyono hadi','1501',@CompanyId=2;
21/07/2021 17:28:39	SQL :EXEC GetUserTreeMenu 'pramudyono hadi','1502',@CompanyId=2;
21/07/2021 17:28:39	SQL :EXEC GetUserTreeMenu 'pramudyono hadi','1503',@CompanyId=2;
21/07/2021 17:28:39	SQL :EXEC GetUserTreeMenu 'pramudyono hadi','1504',@CompanyId=2;
21/07/2021 17:28:39	SQL :EXEC GetUserTreeMenu 'pramudyono hadi','1505',@CompanyId=2;
21/07/2021 17:28:39	SQL :EXEC GetUserTreeMenu 'pramudyono hadi','1506',@CompanyId=2;
21/07/2021 17:28:39	SQL :EXEC GetUserTreeMenu 'pramudyono hadi','1507',@CompanyId=2;
21/07/2021 17:28:40	SQL :EXEC GetUserTreeMenu 'pramudyono hadi','1508',@CompanyId=2;
21/07/2021 17:28:40	SQL :EXEC GetUserTreeMenu 'pramudyono hadi','1509',@CompanyId=2;
21/07/2021 17:28:40	SQL :EXEC GetUserTreeMenu 'pramudyono hadi','1510',@CompanyId=2;
21/07/2021 17:28:40	SQL :EXEC GetUserTreeMenu 'pramudyono hadi','1511',@CompanyId=2;
21/07/2021 17:28:40	SQL :EXEC GetUserSubMenu 'pramudyono hadi','16';
21/07/2021 17:28:40	SQL :EXEC GetUserTreeMenu 'pramudyono hadi','1601',@CompanyId=2;
21/07/2021 17:28:40	SQL :EXEC GetUserTreeMenu 'pramudyono hadi','1602',@CompanyId=2;
21/07/2021 17:28:40	SQL :EXEC GetUserTreeMenu 'pramudyono hadi','1603',@CompanyId=2;
21/07/2021 17:28:40	SQL :EXEC GetUserTreeMenu 'pramudyono hadi','1604',@CompanyId=2;
21/07/2021 17:28:40	SQL :EXEC GetUserTreeMenu 'pramudyono hadi','1605',@CompanyId=2;
21/07/2021 17:28:40	SQL :EXEC GetUserTreeMenu 'pramudyono hadi','1606',@CompanyId=2;
21/07/2021 17:28:40	SQL :EXEC GetUserTreeMenu 'pramudyono hadi','1607',@CompanyId=2;
21/07/2021 17:28:40	SQL :EXEC GetUserTreeMenu 'pramudyono hadi','1608',@CompanyId=2;
21/07/2021 17:28:40	SQL :EXEC GetUserTreeMenu 'pramudyono hadi','1609',@CompanyId=2;
21/07/2021 17:28:40	SQL :EXEC GetUserTreeMenu 'pramudyono hadi','1610',@CompanyId=2;
21/07/2021 17:28:40	SQL :EXEC GetUserTreeMenu 'pramudyono hadi','1611',@CompanyId=2;
21/07/2021 17:28:40	SQL :EXEC GetUserTreeMenu 'pramudyono hadi','1612',@CompanyId=2;
21/07/2021 17:28:40	SQL :EXEC GetUserTreeMenu 'pramudyono hadi','1613',@CompanyId=2;
21/07/2021 17:28:40	SQL :EXEC GetUserTreeMenu 'pramudyono hadi','1614',@CompanyId=2;
21/07/2021 17:28:40	SQL :EXEC GetUserTreeMenu 'pramudyono hadi','1615',@CompanyId=2;
21/07/2021 17:28:40	SQL :EXEC GetUserTreeMenu 'pramudyono hadi','1616',@CompanyId=2;
21/07/2021 17:28:40	SQL :EXEC GetUserTreeMenu 'pramudyono hadi','1619',@CompanyId=2;
21/07/2021 17:28:40	SQL :EXEC GetUserTreeMenu 'pramudyono hadi','1620',@CompanyId=2;
21/07/2021 17:28:40	SQL :EXEC GetUserSubMenu 'pramudyono hadi','17';
21/07/2021 17:28:40	SQL :EXEC GetUserTreeMenu 'pramudyono hadi','1701',@CompanyId=2;
21/07/2021 17:28:40	SQL :EXEC GetUserTreeMenu 'pramudyono hadi','1702',@CompanyId=2;
21/07/2021 17:28:40	SQL :EXEC GetUserTreeMenu 'pramudyono hadi','1703',@CompanyId=2;
21/07/2021 17:28:40	SQL :EXEC GetUserTreeMenu 'pramudyono hadi','1704',@CompanyId=2;
21/07/2021 17:28:40	SQL :EXEC GetUserTreeMenu 'pramudyono hadi','1705',@CompanyId=2;
21/07/2021 17:28:40	SQL :EXEC GetUserTreeMenu 'pramudyono hadi','1706',@CompanyId=2;
21/07/2021 17:28:40	SQL :EXEC GetUserTreeMenu 'pramudyono hadi','1707',@CompanyId=2;
21/07/2021 17:28:40	SQL :EXEC GetUserTreeMenu 'pramudyono hadi','1708',@CompanyId=2;
21/07/2021 17:28:40	SQL :EXEC GetUserTreeMenu 'pramudyono hadi','1709',@CompanyId=2;
21/07/2021 17:28:40	SQL :EXEC GetUserTreeMenu 'pramudyono hadi','1710',@CompanyId=2;
21/07/2021 17:28:40	SQL :EXEC GetUserTreeMenu 'pramudyono hadi','1711',@CompanyId=2;
21/07/2021 17:28:40	SQL :EXEC GetUserTreeMenu 'pramudyono hadi','1712',@CompanyId=2;
21/07/2021 17:28:40	SQL :EXEC GetUserTreeMenu 'pramudyono hadi','1713',@CompanyId=2;
21/07/2021 17:28:40	SQL :EXEC GetUserTreeMenu 'pramudyono hadi','1714',@CompanyId=2;
21/07/2021 17:28:40	SQL :EXEC GetUserTreeMenu 'pramudyono hadi','1715',@CompanyId=2;
21/07/2021 17:28:40	SQL :EXEC GetUserTreeMenu 'pramudyono hadi','1716',@CompanyId=2;
21/07/2021 17:28:40	SQL :EXEC GetUserTreeMenu 'pramudyono hadi','1717',@CompanyId=2;
21/07/2021 17:28:40	SQL :EXEC GetUserSubMenu 'pramudyono hadi','18';
21/07/2021 17:28:40	SQL :EXEC GetUserTreeMenu 'pramudyono hadi','1801',@CompanyId=2;
21/07/2021 17:28:40	SQL :EXEC GetUserSubMenu 'pramudyono hadi','19';
21/07/2021 17:28:40	SQL :EXEC GetUserTreeMenu 'pramudyono hadi','1901',@CompanyId=2;
21/07/2021 17:28:40	SQL :EXEC GetUserTreeMenu 'pramudyono hadi','1902',@CompanyId=2;
21/07/2021 17:28:40	SQL :EXEC GetUserTreeMenu 'pramudyono hadi','1903',@CompanyId=2;
21/07/2021 17:28:40	SQL :EXEC GetUserTreeMenu 'pramudyono hadi','1904',@CompanyId=2;
21/07/2021 17:28:40	SQL :EXEC GetUserTreeMenu 'pramudyono hadi','1905',@CompanyId=2;
21/07/2021 17:28:40	SQL :EXEC GetUserTreeMenu 'pramudyono hadi','1906',@CompanyId=2;
21/07/2021 17:28:40	SQL :EXEC GetUserTreeMenu 'pramudyono hadi','1907',@CompanyId=2;
21/07/2021 17:28:40	SQL :EXEC GetUserTreeMenu 'pramudyono hadi','1908',@CompanyId=2;
21/07/2021 17:28:40	SQL :EXEC GetUserTreeMenu 'pramudyono hadi','1909',@CompanyId=2;
21/07/2021 17:28:40	SQL :EXEC GetUserTreeMenu 'pramudyono hadi','1910',@CompanyId=2;
21/07/2021 17:28:40	SQL :EXEC GetUserTreeMenu 'pramudyono hadi','1911',@CompanyId=2;
21/07/2021 17:28:40	SQL :EXEC GetUserTreeMenu 'pramudyono hadi','1912',@CompanyId=2;
21/07/2021 17:28:40	SQL :SELECT CONVERT(VARCHAR(8),GETDATE(),108) AS hour_minute;
21/07/2021 17:28:40	SQL :SELECT CONVERT(VARCHAR(10),GETDATE(),103) AS date_time;
21/07/2021 17:28:40	Loading Setting
21/07/2021 17:28:40	Open DB Connection
21/07/2021 17:28:40	SQL :SELECT * FROM wh_setting WHERE setting_name='Hold_Less_Deposit';
21/07/2021 17:28:40	SQL :SELECT * FROM wh_setting WHERE setting_name='Max_Less_Deposit';
21/07/2021 17:28:40	SQL :SELECT * FROM wh_setting WHERE setting_name='Dashboard_2';
21/07/2021 17:28:40	Finish Logging
21/07/2021 17:28:40	SQL :SELECT value_string FROM wh_setting WHERE (setting_name='Interval_CheckInDate') AND (active=1);
21/07/2021 17:28:40	SQL :SELECT value_string FROM wh_setting WHERE (setting_name='Interval_CheckInTime') AND (active=1);
21/07/2021 17:28:40	SQL :SELECT value_string FROM wh_setting WHERE (setting_name='ChatEnable') and (active=1);
21/07/2021 17:28:41	Message:Port Check
21/07/2021 17:28:41	Message:Open DB Connection
21/07/2021 17:28:41	SQL :EXEC GetMessage '01','pramudyono hadi';
21/07/2021 17:28:41	SQL :SELECT CONVERT(VARCHAR(8),GETDATE(),108) AS hour_minute;
21/07/2021 17:28:41	SQL :SELECT CONVERT(VARCHAR(10),GETDATE(),103) AS date_time;
21/07/2021 17:28:44	Open Menu :130512
21/07/2021 17:28:44	Open DB Connection
21/07/2021 17:28:44	SQL :EXEC AuthMenu 'pramudyono hadi',130512;
21/07/2021 17:28:44	Form Check :SplitBusSJ
21/07/2021 17:28:45	Form Check :SPJBusList
21/07/2021 17:28:45	Form Open: ProductPriceList=SplitSJ,0,-1,2
21/07/2021 17:28:45	Open DB Connection
21/07/2021 17:28:45	SQL :EXEC GetCompanyLocationList
21/07/2021 17:28:45	Open DB Connection
21/07/2021 17:28:45	SQL :EXEC GetVhcOutList2 6,1,2,@AllFoward=2,@InOut=2;
21/07/2021 17:28:47	Open DB Connection
21/07/2021 17:28:47	SQL :EXEC GetVhcOutList2 6,1,2,@AllFoward=1,@InOut=2;
21/07/2021 17:28:48	Open DB Connection
21/07/2021 17:28:48	SQL :EXEC GetVhcOutList2 6,1,2,@AllFoward=-1,@InOut=2;
21/07/2021 17:29:07	Form Check :SPJBusList
21/07/2021 17:29:07	Form Open: ProductPriceList=SplitSJ-SJAdd,0,-1,1
21/07/2021 17:29:07	Open DB Connection
21/07/2021 17:29:07	SQL :EXEC GetCompanyLocationList
21/07/2021 17:29:07	Open DB Connection
21/07/2021 17:29:07	SQL :EXEC GetVhcOutList2 6,1,2,@AllFoward=2,@InOut=1;
21/07/2021 17:29:09	Open DB Connection
21/07/2021 17:29:09	SQL :EXEC GetVhcOutList2 6,1,2,@AllFoward=1,@InOut=1;
21/07/2021 17:29:10	Open DB Connection
21/07/2021 17:29:10	SQL :EXEC GetVhcOutList2 6,1,2,@AllFoward=-1,@InOut=1;
21/07/2021 17:29:28	Form Check :SPJBusList
21/07/2021 17:29:28	Form Open: ProductPriceList=SplitSJ-SJAdd,0,-1,1
21/07/2021 17:29:28	Open DB Connection
21/07/2021 17:29:28	SQL :EXEC GetCompanyLocationList
21/07/2021 17:29:28	Open DB Connection
21/07/2021 17:29:28	SQL :EXEC GetVhcOutList2 6,1,2,@AllFoward=2,@InOut=1;
21/07/2021 17:29:30	Open DB Connection
21/07/2021 17:29:30	SQL :EXEC GetVhcOutList2 6,1,2,@AllFoward=1,@InOut=1;
21/07/2021 17:29:30	Open DB Connection
21/07/2021 17:29:30	SQL :EXEC GetVhcOutList2 6,1,2,@AllFoward=-1,@InOut=1;
21/07/2021 17:29:49	Form Check :SPJBusList
21/07/2021 17:29:49	Form Open: ProductPriceList=SplitSJ-SJAdd,0,-1,1
21/07/2021 17:29:49	Open DB Connection
21/07/2021 17:29:49	SQL :EXEC GetCompanyLocationList
21/07/2021 17:29:49	Open DB Connection
21/07/2021 17:29:49	SQL :EXEC GetVhcOutList2 6,1,2,@AllFoward=2,@InOut=1;
21/07/2021 17:29:51	Open DB Connection
21/07/2021 17:29:51	SQL :EXEC GetVhcOutList2 6,1,2,@AllFoward=1,@InOut=1;
21/07/2021 17:29:51	Open DB Connection
21/07/2021 17:29:51	SQL :EXEC GetVhcOutList2 6,1,2,@AllFoward=-1,@InOut=1;
23/07/2021 09:50:19	Get Local Settings
23/07/2021 09:50:19	Start Change Local Settings
23/07/2021 09:50:19	Change short date format
23/07/2021 09:50:19	Change Long date format
23/07/2021 09:50:19	Finish Change Local Settings
23/07/2021 09:50:19	Registry Read: Path=SOFTWARE\WEHA\Aplikasi\3
23/07/2021 09:50:19	Registry Read/Write
23/07/2021 09:50:19	Registry Read: Path=SOFTWARE\WEHA\Aplikasi\3
23/07/2021 09:50:19	Create DB Object
23/07/2021 09:50:19	Init DB
23/07/2021 09:50:19	Finish Init DB
23/07/2021 09:50:19	Get File Version
23/07/2021 09:50:19	Change  Caption
23/07/2021 09:50:19	Init Shortkey
23/07/2021 09:50:22	Form Check :Login
23/07/2021 09:50:23	Form Check :Setting
23/07/2021 09:50:23	Form Open: Setting
23/07/2021 09:50:29	Setting DB Param
23/07/2021 09:50:29	Create DB Object
23/07/2021 09:50:29	Init DB
23/07/2021 09:50:29	Finish Init DB
23/07/2021 09:50:29	Port Check
23/07/2021 09:50:29	Connection Check
23/07/2021 09:50:33	Check Success
23/07/2021 09:50:34	Registry Write: 192.168.10.247,wh_dev1,sa,SQLNCLI11
23/07/2021 09:50:34	Registry Read: Path=SOFTWARE\WEHA\Aplikasi\3
23/07/2021 09:50:37	Update new version check
23/07/2021 09:50:37	Open DB Connection
23/07/2021 09:50:37	SQL :
23/07/2021 09:50:37	Update check version
23/07/2021 09:50:37	Open DB Connection
23/07/2021 09:50:37	SQL :SELECT version FROM wh_application WHERE application_id=(SELECT MAX(application_id) FROM wh_application);
23/07/2021 09:50:37	Start Login
23/07/2021 09:50:37	Open DB Connection
23/07/2021 09:50:37	SQL :EXEC AuthenticateUser 'pramudyono hadi','6f2b8366efa56f0c06dd6b31fcff8a73';
23/07/2021 09:50:38	SQL :INSERT INTO wh_log (user_id,app_date,app_version,app_version_svr,location_id,company_id,department_id,host_name,ip_address)  VALUES ('pramudyono hadi','21/07/2021','6.1.3.7','6.1.3.2',6,2,13,'DESKTOP-S1PD9OD','192.168.25.214');
23/07/2021 09:50:38	Open DB Connection
23/07/2021 09:50:38	SQL :EXEC GetUserMenu 'pramudyono hadi';
23/07/2021 09:50:38	SQL :EXEC GetUserSubMenu 'pramudyono hadi','11';
23/07/2021 09:50:38	SQL :EXEC GetUserTreeMenu 'pramudyono hadi','1101',@CompanyId=2;
23/07/2021 09:50:38	SQL :EXEC GetUserTreeMenu 'pramudyono hadi','1102',@CompanyId=2;
23/07/2021 09:50:38	SQL :EXEC GetUserTreeMenu 'pramudyono hadi','1103',@CompanyId=2;
23/07/2021 09:50:38	SQL :EXEC GetUserTreeMenu 'pramudyono hadi','1104',@CompanyId=2;
23/07/2021 09:50:38	SQL :EXEC GetUserTreeMenu 'pramudyono hadi','1105',@CompanyId=2;
23/07/2021 09:50:38	SQL :EXEC GetUserTreeMenu 'pramudyono hadi','1106',@CompanyId=2;
23/07/2021 09:50:38	SQL :EXEC GetUserTreeMenu 'pramudyono hadi','1107',@CompanyId=2;
23/07/2021 09:50:38	SQL :EXEC GetUserTreeMenu 'pramudyono hadi','1108',@CompanyId=2;
23/07/2021 09:50:38	SQL :EXEC GetUserTreeMenu 'pramudyono hadi','1109',@CompanyId=2;
23/07/2021 09:50:38	SQL :EXEC GetUserTreeMenu 'pramudyono hadi','1110',@CompanyId=2;
23/07/2021 09:50:38	SQL :EXEC GetUserTreeMenu 'pramudyono hadi','1111',@CompanyId=2;
23/07/2021 09:50:38	SQL :EXEC GetUserTreeMenu 'pramudyono hadi','1112',@CompanyId=2;
23/07/2021 09:50:38	SQL :EXEC GetUserTreeMenu 'pramudyono hadi','1113',@CompanyId=2;
23/07/2021 09:50:38	SQL :EXEC GetUserTreeMenu 'pramudyono hadi','1114',@CompanyId=2;
23/07/2021 09:50:38	SQL :EXEC GetUserTreeMenu 'pramudyono hadi','1115',@CompanyId=2;
23/07/2021 09:50:38	SQL :EXEC GetUserTreeMenu 'pramudyono hadi','1116',@CompanyId=2;
23/07/2021 09:50:38	SQL :EXEC GetUserTreeMenu 'pramudyono hadi','1117',@CompanyId=2;
23/07/2021 09:50:38	SQL :EXEC GetUserTreeMenu 'pramudyono hadi','1198',@CompanyId=2;
23/07/2021 09:50:38	SQL :EXEC GetUserTreeMenu 'pramudyono hadi','1199',@CompanyId=2;
23/07/2021 09:50:39	SQL :EXEC GetUserSubMenu 'pramudyono hadi','12';
23/07/2021 09:50:39	SQL :EXEC GetUserTreeMenu 'pramudyono hadi','1201',@CompanyId=2;
23/07/2021 09:50:39	SQL :EXEC GetUserTreeMenu 'pramudyono hadi','1202',@CompanyId=2;
23/07/2021 09:50:39	SQL :EXEC GetUserTreeMenu 'pramudyono hadi','1203',@CompanyId=2;
23/07/2021 09:50:39	SQL :EXEC GetUserTreeMenu 'pramudyono hadi','1204',@CompanyId=2;
23/07/2021 09:50:39	SQL :EXEC GetUserTreeMenu 'pramudyono hadi','1205',@CompanyId=2;
23/07/2021 09:50:39	SQL :EXEC GetUserTreeMenu 'pramudyono hadi','1206',@CompanyId=2;
23/07/2021 09:50:39	SQL :EXEC GetUserTreeMenu 'pramudyono hadi','1207',@CompanyId=2;
23/07/2021 09:50:39	SQL :EXEC GetUserSubMenu 'pramudyono hadi','13';
23/07/2021 09:50:39	SQL :EXEC GetUserTreeMenu 'pramudyono hadi','1301',@CompanyId=2;
23/07/2021 09:50:39	SQL :EXEC GetUserTreeMenu 'pramudyono hadi','1302',@CompanyId=2;
23/07/2021 09:50:39	SQL :EXEC GetUserTreeMenu 'pramudyono hadi','1303',@CompanyId=2;
23/07/2021 09:50:39	SQL :EXEC GetUserTreeMenu 'pramudyono hadi','1304',@CompanyId=2;
23/07/2021 09:50:39	SQL :EXEC GetUserTreeMenu 'pramudyono hadi','1305',@CompanyId=2;
23/07/2021 09:50:39	SQL :EXEC GetUserTreeMenu 'pramudyono hadi','1306',@CompanyId=2;
23/07/2021 09:50:39	SQL :EXEC GetUserTreeMenu 'pramudyono hadi','1307',@CompanyId=2;
23/07/2021 09:50:39	SQL :EXEC GetUserTreeMenu 'pramudyono hadi','1308',@CompanyId=2;
23/07/2021 09:50:39	SQL :EXEC GetUserTreeMenu 'pramudyono hadi','1309',@CompanyId=2;
23/07/2021 09:50:39	SQL :EXEC GetUserTreeMenu 'pramudyono hadi','1310',@CompanyId=2;
23/07/2021 09:50:39	SQL :EXEC GetUserTreeMenu 'pramudyono hadi','1311',@CompanyId=2;
23/07/2021 09:50:39	SQL :EXEC GetUserTreeMenu 'pramudyono hadi','1312',@CompanyId=2;
23/07/2021 09:50:39	SQL :EXEC GetUserTreeMenu 'pramudyono hadi','1313',@CompanyId=2;
23/07/2021 09:50:39	SQL :EXEC GetUserTreeMenu 'pramudyono hadi','1314',@CompanyId=2;
23/07/2021 09:50:39	SQL :EXEC GetUserTreeMenu 'pramudyono hadi','1315',@CompanyId=2;
23/07/2021 09:50:39	SQL :EXEC GetUserTreeMenu 'pramudyono hadi','1316',@CompanyId=2;
23/07/2021 09:50:39	SQL :EXEC GetUserTreeMenu 'pramudyono hadi','1317',@CompanyId=2;
23/07/2021 09:50:39	SQL :EXEC GetUserTreeMenu 'pramudyono hadi','1318',@CompanyId=2;
23/07/2021 09:50:39	SQL :EXEC GetUserTreeMenu 'pramudyono hadi','1319',@CompanyId=2;
23/07/2021 09:50:39	SQL :EXEC GetUserTreeMenu 'pramudyono hadi','1320',@CompanyId=2;
23/07/2021 09:50:39	SQL :EXEC GetUserTreeMenu 'pramudyono hadi','1321',@CompanyId=2;
23/07/2021 09:50:39	SQL :EXEC GetUserSubMenu 'pramudyono hadi','14';
23/07/2021 09:50:39	SQL :EXEC GetUserTreeMenu 'pramudyono hadi','1401',@CompanyId=2;
23/07/2021 09:50:39	SQL :EXEC GetUserTreeMenu 'pramudyono hadi','1402',@CompanyId=2;
23/07/2021 09:50:39	SQL :EXEC GetUserTreeMenu 'pramudyono hadi','1403',@CompanyId=2;
23/07/2021 09:50:39	SQL :EXEC GetUserTreeMenu 'pramudyono hadi','1404',@CompanyId=2;
23/07/2021 09:50:39	SQL :EXEC GetUserTreeMenu 'pramudyono hadi','1406',@CompanyId=2;
23/07/2021 09:50:39	SQL :EXEC GetUserTreeMenu 'pramudyono hadi','1408',@CompanyId=2;
23/07/2021 09:50:39	SQL :EXEC GetUserTreeMenu 'pramudyono hadi','1410',@CompanyId=2;
23/07/2021 09:50:39	SQL :EXEC GetUserTreeMenu 'pramudyono hadi','1411',@CompanyId=2;
23/07/2021 09:50:39	SQL :EXEC GetUserTreeMenu 'pramudyono hadi','1412',@CompanyId=2;
23/07/2021 09:50:39	SQL :EXEC GetUserTreeMenu 'pramudyono hadi','1413',@CompanyId=2;
23/07/2021 09:50:39	SQL :EXEC GetUserTreeMenu 'pramudyono hadi','1414',@CompanyId=2;
23/07/2021 09:50:39	SQL :EXEC GetUserSubMenu 'pramudyono hadi','15';
23/07/2021 09:50:39	SQL :EXEC GetUserTreeMenu 'pramudyono hadi','1501',@CompanyId=2;
23/07/2021 09:50:39	SQL :EXEC GetUserTreeMenu 'pramudyono hadi','1502',@CompanyId=2;
23/07/2021 09:50:39	SQL :EXEC GetUserTreeMenu 'pramudyono hadi','1503',@CompanyId=2;
23/07/2021 09:50:39	SQL :EXEC GetUserTreeMenu 'pramudyono hadi','1504',@CompanyId=2;
23/07/2021 09:50:39	SQL :EXEC GetUserTreeMenu 'pramudyono hadi','1505',@CompanyId=2;
23/07/2021 09:50:39	SQL :EXEC GetUserTreeMenu 'pramudyono hadi','1506',@CompanyId=2;
23/07/2021 09:50:39	SQL :EXEC GetUserTreeMenu 'pramudyono hadi','1507',@CompanyId=2;
23/07/2021 09:50:39	SQL :EXEC GetUserTreeMenu 'pramudyono hadi','1508',@CompanyId=2;
23/07/2021 09:50:39	SQL :EXEC GetUserTreeMenu 'pramudyono hadi','1509',@CompanyId=2;
23/07/2021 09:50:39	SQL :EXEC GetUserTreeMenu 'pramudyono hadi','1510',@CompanyId=2;
23/07/2021 09:50:39	SQL :EXEC GetUserTreeMenu 'pramudyono hadi','1511',@CompanyId=2;
23/07/2021 09:50:39	SQL :EXEC GetUserSubMenu 'pramudyono hadi','16';
23/07/2021 09:50:39	SQL :EXEC GetUserTreeMenu 'pramudyono hadi','1601',@CompanyId=2;
23/07/2021 09:50:39	SQL :EXEC GetUserTreeMenu 'pramudyono hadi','1602',@CompanyId=2;
23/07/2021 09:50:39	SQL :EXEC GetUserTreeMenu 'pramudyono hadi','1603',@CompanyId=2;
23/07/2021 09:50:39	SQL :EXEC GetUserTreeMenu 'pramudyono hadi','1604',@CompanyId=2;
23/07/2021 09:50:39	SQL :EXEC GetUserTreeMenu 'pramudyono hadi','1605',@CompanyId=2;
23/07/2021 09:50:39	SQL :EXEC GetUserTreeMenu 'pramudyono hadi','1606',@CompanyId=2;
23/07/2021 09:50:39	SQL :EXEC GetUserTreeMenu 'pramudyono hadi','1607',@CompanyId=2;
23/07/2021 09:50:39	SQL :EXEC GetUserTreeMenu 'pramudyono hadi','1608',@CompanyId=2;
23/07/2021 09:50:39	SQL :EXEC GetUserTreeMenu 'pramudyono hadi','1609',@CompanyId=2;
23/07/2021 09:50:39	SQL :EXEC GetUserTreeMenu 'pramudyono hadi','1610',@CompanyId=2;
23/07/2021 09:50:39	SQL :EXEC GetUserTreeMenu 'pramudyono hadi','1611',@CompanyId=2;
23/07/2021 09:50:39	SQL :EXEC GetUserTreeMenu 'pramudyono hadi','1612',@CompanyId=2;
23/07/2021 09:50:39	SQL :EXEC GetUserTreeMenu 'pramudyono hadi','1613',@CompanyId=2;
23/07/2021 09:50:39	SQL :EXEC GetUserTreeMenu 'pramudyono hadi','1614',@CompanyId=2;
23/07/2021 09:50:39	SQL :EXEC GetUserTreeMenu 'pramudyono hadi','1615',@CompanyId=2;
23/07/2021 09:50:39	SQL :EXEC GetUserTreeMenu 'pramudyono hadi','1616',@CompanyId=2;
23/07/2021 09:50:39	SQL :EXEC GetUserTreeMenu 'pramudyono hadi','1619',@CompanyId=2;
23/07/2021 09:50:39	SQL :EXEC GetUserTreeMenu 'pramudyono hadi','1620',@CompanyId=2;
23/07/2021 09:50:39	SQL :EXEC GetUserSubMenu 'pramudyono hadi','17';
23/07/2021 09:50:39	SQL :EXEC GetUserTreeMenu 'pramudyono hadi','1701',@CompanyId=2;
23/07/2021 09:50:39	SQL :EXEC GetUserTreeMenu 'pramudyono hadi','1702',@CompanyId=2;
23/07/2021 09:50:39	SQL :EXEC GetUserTreeMenu 'pramudyono hadi','1703',@CompanyId=2;
23/07/2021 09:50:40	SQL :EXEC GetUserTreeMenu 'pramudyono hadi','1704',@CompanyId=2;
23/07/2021 09:50:40	SQL :EXEC GetUserTreeMenu 'pramudyono hadi','1705',@CompanyId=2;
23/07/2021 09:50:40	SQL :EXEC GetUserTreeMenu 'pramudyono hadi','1706',@CompanyId=2;
23/07/2021 09:50:40	SQL :EXEC GetUserTreeMenu 'pramudyono hadi','1707',@CompanyId=2;
23/07/2021 09:50:40	SQL :EXEC GetUserTreeMenu 'pramudyono hadi','1708',@CompanyId=2;
23/07/2021 09:50:40	SQL :EXEC GetUserTreeMenu 'pramudyono hadi','1709',@CompanyId=2;
23/07/2021 09:50:40	SQL :EXEC GetUserTreeMenu 'pramudyono hadi','1710',@CompanyId=2;
23/07/2021 09:50:40	SQL :EXEC GetUserTreeMenu 'pramudyono hadi','1711',@CompanyId=2;
23/07/2021 09:50:40	SQL :EXEC GetUserTreeMenu 'pramudyono hadi','1712',@CompanyId=2;
23/07/2021 09:50:40	SQL :EXEC GetUserTreeMenu 'pramudyono hadi','1713',@CompanyId=2;
23/07/2021 09:50:40	SQL :EXEC GetUserTreeMenu 'pramudyono hadi','1714',@CompanyId=2;
23/07/2021 09:50:40	SQL :EXEC GetUserTreeMenu 'pramudyono hadi','1715',@CompanyId=2;
23/07/2021 09:50:40	SQL :EXEC GetUserTreeMenu 'pramudyono hadi','1716',@CompanyId=2;
23/07/2021 09:50:40	SQL :EXEC GetUserTreeMenu 'pramudyono hadi','1717',@CompanyId=2;
23/07/2021 09:50:40	SQL :EXEC GetUserSubMenu 'pramudyono hadi','18';
23/07/2021 09:50:40	SQL :EXEC GetUserTreeMenu 'pramudyono hadi','1801',@CompanyId=2;
23/07/2021 09:50:40	SQL :EXEC GetUserSubMenu 'pramudyono hadi','19';
23/07/2021 09:50:40	SQL :EXEC GetUserTreeMenu 'pramudyono hadi','1901',@CompanyId=2;
23/07/2021 09:50:40	SQL :EXEC GetUserTreeMenu 'pramudyono hadi','1902',@CompanyId=2;
23/07/2021 09:50:40	SQL :EXEC GetUserTreeMenu 'pramudyono hadi','1903',@CompanyId=2;
23/07/2021 09:50:40	SQL :EXEC GetUserTreeMenu 'pramudyono hadi','1904',@CompanyId=2;
23/07/2021 09:50:40	SQL :EXEC GetUserTreeMenu 'pramudyono hadi','1905',@CompanyId=2;
23/07/2021 09:50:40	SQL :EXEC GetUserTreeMenu 'pramudyono hadi','1906',@CompanyId=2;
23/07/2021 09:50:40	SQL :EXEC GetUserTreeMenu 'pramudyono hadi','1907',@CompanyId=2;
23/07/2021 09:50:40	SQL :EXEC GetUserTreeMenu 'pramudyono hadi','1908',@CompanyId=2;
23/07/2021 09:50:40	SQL :EXEC GetUserTreeMenu 'pramudyono hadi','1909',@CompanyId=2;
23/07/2021 09:50:40	SQL :EXEC GetUserTreeMenu 'pramudyono hadi','1910',@CompanyId=2;
23/07/2021 09:50:40	SQL :EXEC GetUserTreeMenu 'pramudyono hadi','1911',@CompanyId=2;
23/07/2021 09:50:40	SQL :EXEC GetUserTreeMenu 'pramudyono hadi','1912',@CompanyId=2;
23/07/2021 09:50:40	SQL :SELECT CONVERT(VARCHAR(8),GETDATE(),108) AS hour_minute;
23/07/2021 09:50:40	SQL :SELECT CONVERT(VARCHAR(10),GETDATE(),103) AS date_time;
23/07/2021 09:50:40	Loading Setting
23/07/2021 09:50:40	Open DB Connection
23/07/2021 09:50:40	SQL :SELECT * FROM wh_setting WHERE setting_name='Hold_Less_Deposit';
23/07/2021 09:50:40	SQL :SELECT * FROM wh_setting WHERE setting_name='Max_Less_Deposit';
23/07/2021 09:50:40	SQL :SELECT * FROM wh_setting WHERE setting_name='Dashboard_2';
23/07/2021 09:50:40	Finish Logging
23/07/2021 09:50:40	SQL :SELECT value_string FROM wh_setting WHERE (setting_name='Interval_CheckInDate') AND (active=1);
23/07/2021 09:50:40	SQL :SELECT value_string FROM wh_setting WHERE (setting_name='Interval_CheckInTime') AND (active=1);
23/07/2021 09:50:41	SQL :SELECT value_string FROM wh_setting WHERE (setting_name='ChatEnable') and (active=1);
23/07/2021 09:50:41	Message:Port Check
23/07/2021 09:50:41	Message:Open DB Connection
23/07/2021 09:50:41	SQL :EXEC GetMessage '01','pramudyono hadi';
23/07/2021 09:50:41	SQL :SELECT CONVERT(VARCHAR(8),GETDATE(),108) AS hour_minute;
23/07/2021 09:50:41	SQL :SELECT CONVERT(VARCHAR(10),GETDATE(),103) AS date_time;
23/07/2021 09:50:47	Open Menu :130512
23/07/2021 09:50:47	Open DB Connection
23/07/2021 09:50:47	SQL :EXEC AuthMenu 'pramudyono hadi',130512;
23/07/2021 09:50:47	Form Check :SplitBusSJ
23/07/2021 09:50:48	Form Check :SPJBusList
23/07/2021 09:50:48	Form Open: ProductPriceList=SplitSJ,0,-1,2
23/07/2021 09:50:48	Open DB Connection
23/07/2021 09:50:48	SQL :EXEC GetCompanyLocationList
23/07/2021 09:50:48	Open DB Connection
23/07/2021 09:50:48	SQL :EXEC GetVhcOutList2 6,1,2,@AllFoward=2,@InOut=2;
23/07/2021 09:50:52	Open DB Connection
23/07/2021 09:50:52	SQL :EXEC GetVhcOutList2 6,1,2,@AllFoward=1,@InOut=2;
23/07/2021 09:50:53	Open DB Connection
23/07/2021 09:50:53	SQL :EXEC GetVh23/07/2021 09:56:15	Get Local Settings
23/07/2021 09:56:15	Start Change Local Settings
23/07/2021 09:56:15	Change short date format
23/07/2021 09:56:15	Change Long date format
23/07/2021 09:56:15	Finish Change Local Settings
23/07/2021 09:56:15	Registry Read: Path=SOFTWARE\WEHA\Aplikasi\3
23/07/2021 09:56:15	Registry Read/Write
23/07/2021 09:56:15	Registry Read: Path=SOFTWARE\WEHA\Aplikasi\3
23/07/2021 09:56:15	Setting DB Param
23/07/2021 09:56:15	Create DB Object
23/07/2021 09:56:15	Init DB
23/07/2021 09:56:15	Finish Init DB
23/07/2021 09:56:15	Get File Version
23/07/2021 09:56:15	Change  Caption
23/07/2021 09:56:15	Init Shortkey
23/07/2021 09:56:18	Setting DB Param
23/07/2021 09:56:18	Create DB Object
23/07/2021 09:56:18	Init DB
23/07/2021 09:56:18	Finish Init DB
23/07/2021 09:56:19	Update new version check
23/07/2021 09:56:19	Open DB Connection
23/07/2021 09:56:24	SQL :
23/07/2021 09:56:24	Update check version
23/07/2021 09:56:24	Open DB Connection
23/07/2021 09:56:24	SQL :SELECT version FROM wh_application WHERE application_id=(SELECT MAX(application_id) FROM wh_application);
23/07/2021 09:56:24	Start Login
23/07/2021 09:56:24	Open DB Connection
23/07/2021 09:56:24	SQL :EXEC AuthenticateUser 'pramudyono hadi','6f2b8366efa56f0c06dd6b31fcff8a73';
23/07/2021 09:56:25	SQL :INSERT INTO wh_log (user_id,app_date,app_version,app_version_svr,location_id,company_id,department_id,host_name,ip_address)  VALUES ('pramudyono hadi','23/07/2021','6.1.3.7','6.1.3.2',6,2,13,'DESKTOP-S1PD9OD','192.168.25.214');
23/07/2021 09:56:25	Open DB Connection
23/07/2021 09:56:25	SQL :EXEC GetUserMenu 'pramudyono hadi';
23/07/2021 09:56:25	SQL :EXEC GetUserSubMenu 'pramudyono hadi','11';
23/07/2021 09:56:25	SQL :EXEC GetUserTreeMenu 'pramudyono hadi','1101',@CompanyId=2;
23/07/2021 09:56:25	SQL :EXEC GetUserTreeMenu 'pramudyono hadi','1102',@CompanyId=2;
23/07/2021 09:56:25	SQL :EXEC GetUserTreeMenu 'pramudyono hadi','1103',@CompanyId=2;
23/07/2021 09:56:25	SQL :EXEC GetUserTreeMenu 'pramudyono hadi','1104',@CompanyId=2;
23/07/2021 09:56:25	SQL :EXEC GetUserTreeMenu 'pramudyono hadi','1105',@CompanyId=2;
23/07/2021 09:56:25	SQL :EXEC GetUserTreeMenu 'pramudyono hadi','1106',@CompanyId=2;
23/07/2021 09:56:25	SQL :EXEC GetUserTreeMenu 'pramudyono hadi','1107',@CompanyId=2;
23/07/2021 09:56:25	SQL :EXEC GetUserTreeMenu 'pramudyono hadi','1108',@CompanyId=2;
23/07/2021 09:56:25	SQL :EXEC GetUserTreeMenu 'pramudyono hadi','1109',@CompanyId=2;
23/07/2021 09:56:25	SQL :EXEC GetUserTreeMenu 'pramudyono hadi','1110',@CompanyId=2;
23/07/2021 09:56:25	SQL :EXEC GetUserTreeMenu 'pramudyono hadi','1111',@CompanyId=2;
23/07/2021 09:56:25	SQL :EXEC GetUserTreeMenu 'pramudyono hadi','1112',@CompanyId=2;
23/07/2021 09:56:25	SQL :EXEC GetUserTreeMenu 'pramudyono hadi','1113',@CompanyId=2;
23/07/2021 09:56:25	SQL :EXEC GetUserTreeMenu 'pramudyono hadi','1114',@CompanyId=2;
23/07/2021 09:56:25	SQL :EXEC GetUserTreeMenu 'pramudyono hadi','1115',@CompanyId=2;
23/07/2021 09:56:25	SQL :EXEC GetUserTreeMenu 'pramudyono hadi','1116',@CompanyId=2;
23/07/2021 09:56:25	SQL :EXEC GetUserTreeMenu 'pramudyono hadi','1117',@CompanyId=2;
23/07/2021 09:56:25	SQL :EXEC GetUserTreeMenu 'pramudyono hadi','1198',@CompanyId=2;
23/07/2021 09:56:25	SQL :EXEC GetUserTreeMenu 'pramudyono hadi','1199',@CompanyId=2;
23/07/2021 09:56:25	SQL :EXEC GetUserSubMenu 'pramudyono hadi','12';
23/07/2021 09:56:25	SQL :EXEC GetUserTreeMenu 'pramudyono hadi','1201',@CompanyId=2;
23/07/2021 09:56:25	SQL :EXEC GetUserTreeMenu 'pramudyono hadi','1202',@CompanyId=2;
23/07/2021 09:56:25	SQL :EXEC GetUserTreeMenu 'pramudyono hadi','1203',@CompanyId=2;
23/07/2021 09:56:25	SQL :EXEC GetUserTreeMenu 'pramudyono hadi','1204',@CompanyId=2;
23/07/2021 09:56:25	SQL :EXEC GetUserTreeMenu 'pramudyono hadi','1205',@CompanyId=2;
23/07/2021 09:56:25	SQL :EXEC GetUserTreeMenu 'pramudyono hadi','1206',@CompanyId=2;
23/07/2021 09:56:25	SQL :EXEC GetUserTreeMenu 'pramudyono hadi','1207',@CompanyId=2;
23/07/2021 09:56:25	SQL :EXEC GetUserSubMenu 'pramudyono hadi','13';
23/07/2021 09:56:25	SQL :EXEC GetUserTreeMenu 'pramudyono hadi','1301',@CompanyId=2;
23/07/2021 09:56:25	SQL :EXEC GetUserTreeMenu 'pramudyono hadi','1302',@CompanyId=2;
23/07/2021 09:56:25	SQL :EXEC GetUserTreeMenu 'pramudyono hadi','1303',@CompanyId=2;
23/07/2021 09:56:25	SQL :EXEC GetUserTreeMenu 'pramudyono hadi','1304',@CompanyId=2;
23/07/2021 09:56:26	SQL :EXEC GetUserTreeMenu 'pramudyono hadi','1305',@CompanyId=2;
23/07/2021 09:56:26	SQL :EXEC GetUserTreeMenu 'pramudyono hadi','1306',@CompanyId=2;
23/07/2021 09:56:26	SQL :EXEC GetUserTreeMenu 'pramudyono hadi','1307',@CompanyId=2;
23/07/2021 09:56:26	SQL :EXEC GetUserTreeMenu 'pramudyono hadi','1308',@CompanyId=2;
23/07/2021 09:56:26	SQL :EXEC GetUserTreeMenu 'pramudyono hadi','1309',@CompanyId=2;
23/07/2021 09:56:26	SQL :EXEC GetUserTreeMenu 'pramudyono hadi','1310',@CompanyId=2;
23/07/2021 09:56:26	SQL :EXEC GetUserTreeMenu 'pramudyono hadi','1311',@CompanyId=2;
23/07/2021 09:56:26	SQL :EXEC GetUserTreeMenu 'pramudyono hadi','1312',@CompanyId=2;
23/07/2021 09:56:26	SQL :EXEC GetUserTreeMenu 'pramudyono hadi','1313',@CompanyId=2;
23/07/2021 09:56:26	SQL :EXEC GetUserTreeMenu 'pramudyono hadi','1314',@CompanyId=2;
23/07/2021 09:56:26	SQL :EXEC GetUserTreeMenu 'pramudyono hadi','1315',@CompanyId=2;
23/07/2021 09:56:26	SQL :EXEC GetUserTreeMenu 'pramudyono hadi','1316',@CompanyId=2;
23/07/2021 09:56:26	SQL :EXEC GetUserTreeMenu 'pramudyono hadi','1317',@CompanyId=2;
23/07/2021 09:56:26	SQL :EXEC GetUserTreeMenu 'pramudyono hadi','1318',@CompanyId=2;
23/07/2021 09:56:26	SQL :EXEC GetUserTreeMenu 'pramudyono hadi','1319',@CompanyId=2;
23/07/2021 09:56:26	SQL :EXEC GetUserTreeMenu 'pramudyono hadi','1320',@CompanyId=2;
23/07/2021 09:56:26	SQL :EXEC GetUserTreeMenu 'pramudyono hadi','1321',@CompanyId=2;
23/07/2021 09:56:26	SQL :EXEC GetUserSubMenu 'pramudyono hadi','14';
23/07/2021 09:56:26	SQL :EXEC GetUserTreeMenu 'pramudyono hadi','1401',@CompanyId=2;
23/07/2021 09:56:26	SQL :EXEC GetUserTreeMenu 'pramudyono hadi','1402',@CompanyId=2;
23/07/2021 09:56:26	SQL :EXEC GetUserTreeMenu 'pramudyono hadi','1403',@CompanyId=2;
23/07/2021 09:56:26	SQL :EXEC GetUserTreeMenu 'pramudyono hadi','1404',@CompanyId=2;
23/07/2021 09:56:26	SQL :EXEC GetUserTreeMenu 'pramudyono hadi','1406',@CompanyId=2;
23/07/2021 09:56:26	SQL :EXEC GetUserTreeMenu 'pramudyono hadi','1408',@CompanyId=2;
23/07/2021 09:56:26	SQL :EXEC GetUserTreeMenu 'pramudyono hadi','1410',@CompanyId=2;
23/07/2021 09:56:26	SQL :EXEC GetUserTreeMenu 'pramudyono hadi','1411',@CompanyId=2;
23/07/2021 09:56:26	SQL :EXEC GetUserTreeMenu 'pramudyono hadi','1412',@CompanyId=2;
23/07/2021 09:56:26	SQL :EXEC GetUserTreeMenu 'pramudyono hadi','1413',@CompanyId=2;
23/07/2021 09:56:26	SQL :EXEC GetUserTreeMenu 'pramudyono hadi','1414',@CompanyId=2;
23/07/2021 09:56:26	SQL :EXEC GetUserSubMenu 'pramudyono hadi','15';
23/07/2021 09:56:26	SQL :EXEC GetUserTreeMenu 'pramudyono hadi','1501',@CompanyId=2;
23/07/2021 09:56:26	SQL :EXEC GetUserTreeMenu 'pramudyono hadi','1502',@CompanyId=2;
23/07/2021 09:56:26	SQL :EXEC GetUserTreeMenu 'pramudyono hadi','1503',@CompanyId=2;
23/07/2021 09:56:26	SQL :EXEC GetUserTreeMenu 'pramudyono hadi','1504',@CompanyId=2;
23/07/2021 09:56:26	SQL :EXEC GetUserTreeMenu 'pramudyono hadi','1505',@CompanyId=2;
23/07/2021 09:56:26	SQL :EXEC GetUserTreeMenu 'pramudyono hadi','1506',@CompanyId=2;
23/07/2021 09:56:26	SQL :EXEC GetUserTreeMenu 'pramudyono hadi','1507',@CompanyId=2;
23/07/2021 09:56:26	SQL :EXEC GetUserTreeMenu 'pramudyono hadi','1508',@CompanyId=2;
23/07/2021 09:56:26	SQL :EXEC GetUserTreeMenu 'pramudyono hadi','1509',@CompanyId=2;
23/07/2021 09:56:26	SQL :EXEC GetUserTreeMenu 'pramudyono hadi','1510',@CompanyId=2;
23/07/2021 09:56:26	SQL :EXEC GetUserTreeMenu 'pramudyono hadi','1511',@CompanyId=2;
23/07/2021 09:56:26	SQL :EXEC GetUserSubMenu 'pramudyono hadi','16';
23/07/2021 09:56:26	SQL :EXEC GetUserTreeMenu 'pramudyono hadi','1601',@CompanyId=2;
23/07/2021 09:56:26	SQL :EXEC GetUserTreeMenu 'pramudyono hadi','1602',@CompanyId=2;
23/07/2021 09:56:26	SQL :EXEC GetUserTreeMenu 'pramudyono hadi','1603',@CompanyId=2;
23/07/2021 09:56:26	SQL :EXEC GetUserTreeMenu 'pramudyono hadi','1604',@CompanyId=2;
23/07/2021 09:56:26	SQL :EXEC GetUserTreeMenu 'pramudyono hadi','1605',@CompanyId=2;
23/07/2021 09:56:26	SQL :EXEC GetUserTreeMenu 'pramudyono hadi','1606',@CompanyId=2;
23/07/2021 09:56:26	SQL :EXEC GetUserTreeMenu 'pramudyono hadi','1607',@CompanyId=2;
23/07/2021 09:56:26	SQL :EXEC GetUserTreeMenu 'pramudyono hadi','1608',@CompanyId=2;
23/07/2021 09:56:26	SQL :EXEC GetUserTreeMenu 'pramudyono hadi','1609',@CompanyId=2;
23/07/2021 09:56:26	SQL :EXEC GetUserTreeMenu 'pramudyono hadi','1610',@CompanyId=2;
23/07/2021 09:56:26	SQL :EXEC GetUserTreeMenu 'pramudyono hadi','1611',@CompanyId=2;
23/07/2021 09:56:26	SQL :EXEC GetUserTreeMenu 'pramudyono hadi','1612',@CompanyId=2;
23/07/2021 09:56:26	SQL :EXEC GetUserTreeMenu 'pramudyono hadi','1613',@CompanyId=2;
23/07/2021 09:56:26	SQL :EXEC GetUserTreeMenu 'pramudyono hadi','1614',@CompanyId=2;
23/07/2021 09:56:26	SQL :EXEC GetUserTreeMenu 'pramudyono hadi','1615',@CompanyId=2;
23/07/2021 09:56:26	SQL :EXEC GetUserTreeMenu 'pramudyono hadi','1616',@CompanyId=2;
23/07/2021 09:56:26	SQL :EXEC GetUserTreeMenu 'pramudyono hadi','1619',@CompanyId=2;
23/07/2021 09:56:26	SQL :EXEC GetUserTreeMenu 'pramudyono hadi','1620',@CompanyId=2;
23/07/2021 09:56:26	SQL :EXEC GetUserSubMenu 'pramudyono hadi','17';
23/07/2021 09:56:26	SQL :EXEC GetUserTreeMenu 'pramudyono hadi','1701',@CompanyId=2;
23/07/2021 09:56:26	SQL :EXEC GetUserTreeMenu 'pramudyono hadi','1702',@CompanyId=2;
23/07/2021 09:56:26	SQL :EXEC GetUserTreeMenu 'pramudyono hadi','1703',@CompanyId=2;
23/07/2021 09:56:26	SQL :EXEC GetUserTreeMenu 'pramudyono hadi','1704',@CompanyId=2;
23/07/2021 09:56:26	SQL :EXEC GetUserTreeMenu 'pramudyono hadi','1705',@CompanyId=2;
23/07/2021 09:56:27	SQL :EXEC GetUserTreeMenu 'pramudyono hadi','1706',@CompanyId=2;
23/07/2021 09:56:27	SQL :EXEC GetUserTreeMenu 'pramudyono hadi','1707',@CompanyId=2;
23/07/2021 09:56:27	SQL :EXEC GetUserTreeMenu 'pramudyono hadi','1708',@CompanyId=2;
23/07/2021 09:56:27	SQL :EXEC GetUserTreeMenu 'pramudyono hadi','1709',@CompanyId=2;
23/07/2021 09:56:27	SQL :EXEC GetUserTreeMenu 'pramudyono hadi','1710',@CompanyId=2;
23/07/2021 09:56:27	SQL :EXEC GetUserTreeMenu 'pramudyono hadi','1711',@CompanyId=2;
23/07/2021 09:56:27	SQL :EXEC GetUserTreeMenu 'pramudyono hadi','1712',@CompanyId=2;
23/07/2021 09:56:27	SQL :EXEC GetUserTreeMenu 'pramudyono hadi','1713',@CompanyId=2;
23/07/2021 09:56:27	SQL :EXEC GetUserTreeMenu 'pramudyono hadi','1714',@CompanyId=2;
23/07/2021 09:56:27	SQL :EXEC GetUserTreeMenu 'pramudyono hadi','1715',@CompanyId=2;
23/07/2021 09:56:27	SQL :EXEC GetUserTreeMenu 'pramudyono hadi','1716',@CompanyId=2;
23/07/2021 09:56:27	SQL :EXEC GetUserTreeMenu 'pramudyono hadi','1717',@CompanyId=2;
23/07/2021 09:56:27	SQL :EXEC GetUserSubMenu 'pramudyono hadi','18';
23/07/2021 09:56:27	SQL :EXEC GetUserTreeMenu 'pramudyono hadi','1801',@CompanyId=2;
23/07/2021 09:56:27	SQL :EXEC GetUserSubMenu 'pramudyono hadi','19';
23/07/2021 09:56:27	SQL :EXEC GetUserTreeMenu 'pramudyono hadi','1901',@CompanyId=2;
23/07/2021 09:56:27	SQL :EXEC GetUserTreeMenu 'pramudyono hadi','1902',@CompanyId=2;
23/07/2021 09:56:27	SQL :EXEC GetUserTreeMenu 'pramudyono hadi','1903',@CompanyId=2;
23/07/2021 09:56:27	SQL :EXEC GetUserTreeMenu 'pramudyono hadi','1904',@CompanyId=2;
23/07/2021 09:56:27	SQL :EXEC GetUserTreeMenu 'pramudyono hadi','1905',@CompanyId=2;
23/07/2021 09:56:27	SQL :EXEC GetUserTreeMenu 'pramudyono hadi','1906',@CompanyId=2;
23/07/2021 09:56:27	SQL :EXEC GetUserTreeMenu 'pramudyono hadi','1907',@CompanyId=2;
23/07/2021 09:56:27	SQL :EXEC GetUserTreeMenu 'pramudyono hadi','1908',@CompanyId=2;
23/07/2021 09:56:27	SQL :EXEC GetUserTreeMenu 'pramudyono hadi','1909',@CompanyId=2;
23/07/2021 09:56:27	SQL :EXEC GetUserTreeMenu 'pramudyono hadi','1910',@CompanyId=2;
23/07/2021 09:56:27	SQL :EXEC GetUserTreeMenu 'pramudyono hadi','1911',@CompanyId=2;
23/07/2021 09:56:27	SQL :EXEC GetUserTreeMenu 'pramudyono hadi','1912',@CompanyId=2;
23/07/2021 09:56:27	SQL :SELECT CONVERT(VARCHAR(8),GETDATE(),108) AS hour_minute;
23/07/2021 09:56:27	SQL :SELECT CONVERT(VARCHAR(10),GETDATE(),103) AS date_time;
23/07/2021 09:56:27	Loading Setting
23/07/2021 09:56:27	Open DB Connection
23/07/2021 09:56:27	SQL :SELECT * FROM wh_setting WHERE setting_name='Hold_Less_Deposit';
23/07/2021 09:56:27	SQL :SELECT * FROM wh_setting WHERE setting_name='Max_Less_Deposit';
23/07/2021 09:56:27	SQL :SELECT * FROM wh_setting WHERE setting_name='Dashboard_2';
23/07/2021 09:56:27	Finish Logging
23/07/2021 09:56:27	SQL :SELECT value_string FROM wh_setting WHERE (setting_name='Interval_CheckInDate') AND (active=1);
23/07/2021 09:56:27	SQL :SELECT value_string FROM wh_setting WHERE (setting_name='Interval_CheckInTime') AND (active=1);
23/07/2021 09:56:27	SQL :SELECT value_string FROM wh_setting WHERE (setting_name='ChatEnable') and (active=1);
23/07/2021 09:56:28	Message:Port Check
23/07/2021 09:56:28	Message:Open DB Connection
23/07/2021 09:56:28	SQL :EXEC GetMessage '01','pramudyono hadi';
23/07/2021 09:56:28	SQL :SELECT CONVERT(VARCHAR(8),GETDATE(),108) AS hour_minute;
23/07/2021 09:56:28	SQL :SELECT CONVERT(VARCHAR(10),GETDATE(),103) AS date_time;
23/07/2021 09:56:32	Open Menu :130512
23/07/2021 09:56:32	Open DB Connection
23/07/2021 09:56:32	SQL :EXEC AuthMenu 'pramudyono hadi',130512;
23/07/2021 09:56:32	Form Check :SplitBusSJ
23/07/2021 09:56:33	Form Check :SPJBusList
23/07/2021 09:56:33	Form Open: ProductPriceList=SplitSJ,0,-1,2
23/07/2021 09:56:33	Open DB Connection
23/07/2021 09:56:33	SQL :EXEC GetCompanyLocationList
23/07/2021 09:56:33	Open DB Connection
23/07/2021 09:56:33	SQL :EXEC GetVhcOutList2 6,1,2,@AllFoward=2,@InOut=2;
23/07/2021 09:56:35	Open DB Connection
23/07/2021 09:56:35	SQL :EXEC GetVhcOutList2 6,1,2,@AllFoward=1,@InOut=2;
23/07/2021 09:56:35	Open DB Connection
23/07/2021 09:56:35	SQL :EXEC GetVhcOutList2 6,1,2,@AllFoward=-1,@InOut=2;
23/07/2021 09:57:14	Form Check :SPJBusList
23/07/2021 09:57:14	Form Open: ProductPriceList=SplitSJ-SJAdd,0,-1,1
23/07/2021 09:57:14	Open DB Connection
23/07/2021 09:57:14	SQL :EXEC GetCompanyLocationList
23/07/2021 09:57:14	Open DB Connection
23/07/2021 09:57:14	SQL :EXEC GetVhcOutList2 6,1,2,@AllFoward=2,@InOut=1;
23/07/2021 09:57:15	Open DB Connection
23/07/2021 09:57:15	SQL :EXEC GetVhcOutList2 6,1,2,@AllFoward=1,@InOut=1;
23/07/2021 09:57:17	Open DB Connection
23/07/2021 09:57:17	SQL :EXEC GetVhcOutList2 6,1,2,@AllFoward=-1,@InOut=1;
23/07/2021 09:58:23	Form Check :SPJBusList
23/07/2021 09:58:23	Form Open: ProductPriceList=SplitSJ-SJAdd,0,-1,1
23/07/2021 09:58:23	Open DB Connection
23/07/2021 09:58:23	SQL :EXEC GetCompanyLocationList
23/07/2021 09:58:23	Open DB Connection
23/07/2021 09:58:23	SQL :EXEC GetVhcOutList2 6,1,2,@AllFoward=2,@InOut=1;
23/07/2021 09:58:26	Open DB Connection
23/07/2021 09:58:26	SQL :EXEC GetVhcOutList2 6,1,2,@AllFoward=-2,@InOut=1;
23/07/2021 09:58:27	Open DB Connection
23/07/2021 09:58:27	SQL :EXEC GetVhcOutList2 6,1,2,@AllFoward=-1,@InOut=1;
23/07/2021 09:59:08	Form Check :SPJBusList
23/07/2021 09:59:08	Form Open: ProductPriceList=SplitSJ-SJAdd,0,-1,1
23/07/2021 09:59:08	Open DB Connection
23/07/2021 09:59:08	SQL :EXEC GetCompanyLocationList
23/07/2021 09:59:08	Open DB Connection
23/07/2021 09:59:08	SQL :EXEC GetVhcOutList2 6,1,2,@AllFoward=2,@InOut=1;
23/07/2021 09:59:10	Open DB Connection
23/07/2021 09:59:10	SQL :EXEC GetVhcOutList2 6,1,2,@AllFoward=1,@InOut=1;
23/07/2021 09:59:11	Open DB Connection
23/07/2021 09:59:11	SQL :EXEC GetVhcOutList2 6,1,2,@AllFoward=-1,@InOut=1;
23/07/2021 09:59:28	Form Check :SPJBusList
23/07/2021 09:59:28	Form Open: ProductPriceList=SplitSJ-SJAdd,0,-1,1
23/07/2021 09:59:28	Open DB Connection
23/07/2021 09:59:28	SQL :EXEC GetCompanyLocationList
23/07/2021 09:59:28	Open DB Connection
23/07/2021 09:59:28	SQL :EXEC GetVhcOutList2 6,1,2,@AllFoward=2,@InOut=1;
23/07/2021 09:59:29	Open DB Connection
23/07/2021 09:59:29	SQL :EXEC GetVhcOutList2 6,1,2,@AllFoward=1,@InOut=1;
23/07/2021 09:59:30	Open DB Connection
23/07/2021 09:59:30	SQL :EXEC GetVhcOutList2 6,1,2,@AllFoward=-1,@InOut=1;
23/07/2021 10:00:26	Open DB Connection
23/07/2021 10:00:53	Open DB Connection
23/07/2021 10:07:19	Open DB Connection
23/07/2021 10:40:29	Get Local Settings
23/07/2021 10:40:29	Start Change Local Settings
23/07/2021 10:40:29	Change short date format
23/07/2021 10:40:29	Change Long date format
23/07/2021 10:40:29	Finish Change Local Settings
23/07/2021 10:40:29	Registry Read: Path=SOFTWARE\WEHA\Aplikasi\3
23/07/2021 10:40:29	Registry Read/Write
23/07/2021 10:40:29	Registry Read: Path=SOFTWARE\WEHA\Aplikasi\3
23/07/2021 10:40:29	Setting DB Param
23/07/2021 10:40:29	Create DB Object
23/07/2021 10:40:29	Init DB
23/07/2021 10:40:29	Finish Init DB
23/07/2021 10:40:29	Get File Version
23/07/2021 10:40:29	Change  Caption
23/07/2021 10:40:29	Init Shortkey
23/07/2021 10:48:16	Setting DB Param
23/07/2021 10:48:16	Create DB Object
23/07/2021 10:48:16	Init DB
23/07/2021 10:48:16	Finish Init DB
23/07/2021 10:48:17	Update new version check
23/07/2021 10:48:17	Open DB Connection
23/07/2021 10:48:22	SQL :
23/07/2021 10:48:22	Update check version
23/07/2021 10:48:22	Open DB Connection
23/07/2021 10:48:22	SQL :SELECT version FROM wh_application WHERE application_id=(SELECT MAX(application_id) FROM wh_application);
23/07/2021 10:48:22	Start Login
23/07/2021 10:48:22	Open DB Connection
23/07/2021 10:48:22	SQL :EXEC AuthenticateUser 'pramudyono hadi','6f2b8366efa56f0c06dd6b31fcff8a73';
23/07/2021 10:48:23	SQL :INSERT INTO wh_log (user_id,app_date,app_version,app_version_svr,location_id,company_id,department_id,host_name,ip_address)  VALUES ('pramudyono hadi','23/07/2021','6.1.3.7','6.1.3.2',6,2,13,'DESKTOP-S1PD9OD','192.168.25.214');
23/07/2021 10:48:23	Open DB Connection
23/07/2021 10:48:23	SQL :EXEC GetUserMenu 'pramudyono hadi';
23/07/2021 10:48:23	SQL :EXEC GetUserSubMenu 'pramudyono hadi','11';
23/07/2021 10:48:23	SQL :EXEC GetUserTreeMenu 'pramudyono hadi','1101',@CompanyId=2;
23/07/2021 10:48:23	SQL :EXEC GetUserTreeMenu 'pramudyono hadi','1102',@CompanyId=2;
23/07/2021 10:48:24	SQL :EXEC GetUserTreeMenu 'pramudyono hadi','1103',@CompanyId=2;
23/07/2021 10:48:24	SQL :EXEC GetUserTreeMenu 'pramudyono hadi','1104',@CompanyId=2;
23/07/2021 10:48:24	SQL :EXEC GetUserTreeMenu 'pramudyono hadi','1105',@CompanyId=2;
23/07/2021 10:48:24	SQL :EXEC GetUserTreeMenu 'pramudyono hadi','1106',@CompanyId=2;
23/07/2021 10:48:24	SQL :EXEC GetUserTreeMenu 'pramudyono hadi','1107',@CompanyId=2;
23/07/2021 10:48:24	SQL :EXEC GetUserTreeMenu 'pramudyono hadi','1108',@CompanyId=2;
23/07/2021 10:48:24	SQL :EXEC GetUserTreeMenu 'pramudyono hadi','1109',@CompanyId=2;
23/07/2021 10:48:24	SQL :EXEC GetUserTreeMenu 'pramudyono hadi','1110',@CompanyId=2;
23/07/2021 10:48:24	SQL :EXEC GetUserTreeMenu 'pramudyono hadi','1111',@CompanyId=2;
23/07/2021 10:48:24	SQL :EXEC GetUserTreeMenu 'pramudyono hadi','1112',@CompanyId=2;
23/07/2021 10:48:24	SQL :EXEC GetUserTreeMenu 'pramudyono hadi','1113',@CompanyId=2;
23/07/2021 10:48:24	SQL :EXEC GetUserTreeMenu 'pramudyono hadi','1114',@CompanyId=2;
23/07/2021 10:48:24	SQL :EXEC GetUserTreeMenu 'pramudyono hadi','1115',@CompanyId=2;
23/07/2021 10:48:24	SQL :EXEC GetUserTreeMenu 'pramudyono hadi','1116',@CompanyId=2;
23/07/2021 10:48:24	SQL :EXEC GetUserTreeMenu 'pramudyono hadi','1117',@CompanyId=2;
23/07/2021 10:48:24	SQL :EXEC GetUserTreeMenu 'pramudyono hadi','1198',@CompanyId=2;
23/07/2021 10:48:24	SQL :EXEC GetUserTreeMenu 'pramudyono hadi','1199',@CompanyId=2;
23/07/2021 10:48:24	SQL :EXEC GetUserSubMenu 'pramudyono hadi','12';
23/07/2021 10:48:24	SQL :EXEC GetUserTreeMenu 'pramudyono hadi','1201',@CompanyId=2;
23/07/2021 10:48:24	SQL :EXEC GetUserTreeMenu 'pramudyono hadi','1202',@CompanyId=2;
23/07/2021 10:48:24	SQL :EXEC GetUserTreeMenu 'pramudyono hadi','1203',@CompanyId=2;
23/07/2021 10:48:24	SQL :EXEC GetUserTreeMenu 'pramudyono hadi','1204',@CompanyId=2;
23/07/2021 10:48:24	SQL :EXEC GetUserTreeMenu 'pramudyono hadi','1205',@CompanyId=2;
23/07/2021 10:48:24	SQL :EXEC GetUserTreeMenu 'pramudyono hadi','1206',@CompanyId=2;
23/07/2021 10:48:24	SQL :EXEC GetUserTreeMenu 'pramudyono hadi','1207',@CompanyId=2;
23/07/2021 10:48:24	SQL :EXEC GetUserSubMenu 'pramudyono hadi','13';
23/07/2021 10:48:24	SQL :EXEC GetUserTreeMenu 'pramudyono hadi','1301',@CompanyId=2;
23/07/2021 10:48:24	SQL :EXEC GetUserTreeMenu 'pramudyono hadi','1302',@CompanyId=2;
23/07/2021 10:48:24	SQL :EXEC GetUserTreeMenu 'pramudyono hadi','1303',@CompanyId=2;
23/07/2021 10:48:24	SQL :EXEC GetUserTreeMenu 'pramudyono hadi','1304',@CompanyId=2;
23/07/2021 10:48:24	SQL :EXEC GetUserTreeMenu 'pramudyono hadi','1305',@CompanyId=2;
23/07/2021 10:48:24	SQL :EXEC GetUserTreeMenu 'pramudyono hadi','1306',@CompanyId=2;
23/07/2021 10:48:24	SQL :EXEC GetUserTreeMenu 'pramudyono hadi','1307',@CompanyId=2;
23/07/2021 10:48:24	SQL :EXEC GetUserTreeMenu 'pramudyono hadi','1308',@CompanyId=2;
23/07/2021 10:48:24	SQL :EXEC GetUserTreeMenu 'pramudyono hadi','1309',@CompanyId=2;
23/07/2021 10:48:24	SQL :EXEC GetUserTreeMenu 'pramudyono hadi','1310',@CompanyId=2;
23/07/2021 10:48:24	SQL :EXEC GetUserTreeMenu 'pramudyono hadi','1311',@CompanyId=2;
23/07/2021 10:48:24	SQL :EXEC GetUserTreeMenu 'pramudyono hadi','1312',@CompanyId=2;
23/07/2021 10:48:24	SQL :EXEC GetUserTreeMenu 'pramudyono hadi','1313',@CompanyId=2;
23/07/2021 10:48:24	SQL :EXEC GetUserTreeMenu 'pramudyono hadi','1314',@CompanyId=2;
23/07/2021 10:48:24	SQL :EXEC GetUserTreeMenu 'pramudyono hadi','1315',@CompanyId=2;
23/07/2021 10:48:24	SQL :EXEC GetUserTreeMenu 'pramudyono hadi','1316',@CompanyId=2;
23/07/2021 10:48:24	SQL :EXEC GetUserTreeMenu 'pramudyono hadi','1317',@CompanyId=2;
23/07/2021 10:48:24	SQL :EXEC GetUserTreeMenu 'pramudyono hadi','1318',@CompanyId=2;
23/07/2021 10:48:24	SQL :EXEC GetUserTreeMenu 'pramudyono hadi','1319',@CompanyId=2;
23/07/2021 10:48:24	SQL :EXEC GetUserTreeMenu 'pramudyono hadi','1320',@CompanyId=2;
23/07/2021 10:48:24	SQL :EXEC GetUserTreeMenu 'pramudyono hadi','1321',@CompanyId=2;
23/07/2021 10:48:24	SQL :EXEC GetUserSubMenu 'pramudyono hadi','14';
23/07/2021 10:48:24	SQL :EXEC GetUserTreeMenu 'pramudyono hadi','1401',@CompanyId=2;
23/07/2021 10:48:24	SQL :EXEC GetUserTreeMenu 'pramudyono hadi','1402',@CompanyId=2;
23/07/2021 10:48:24	SQL :EXEC GetUserTreeMenu 'pramudyono hadi','1403',@CompanyId=2;
23/07/2021 10:48:24	SQL :EXEC GetUserTreeMenu 'pramudyono hadi','1404',@CompanyId=2;
23/07/2021 10:48:24	SQL :EXEC GetUserTreeMenu 'pramudyono hadi','1406',@CompanyId=2;
23/07/2021 10:48:24	SQL :EXEC GetUserTreeMenu 'pramudyono hadi','1408',@CompanyId=2;
23/07/2021 10:48:24	SQL :EXEC GetUserTreeMenu 'pramudyono hadi','1410',@CompanyId=2;
23/07/2021 10:48:24	SQL :EXEC GetUserTreeMenu 'pramudyono hadi','1411',@CompanyId=2;
23/07/2021 10:48:24	SQL :EXEC GetUserTreeMenu 'pramudyono hadi','1412',@CompanyId=2;
23/07/2021 10:48:24	SQL :EXEC GetUserTreeMenu 'pramudyono hadi','1413',@CompanyId=2;
23/07/2021 10:48:24	SQL :EXEC GetUserTreeMenu 'pramudyono hadi','1414',@CompanyId=2;
23/07/2021 10:48:24	SQL :EXEC GetUserSubMenu 'pramudyono hadi','15';
23/07/2021 10:48:24	SQL :EXEC GetUserTreeMenu 'pramudyono hadi','1501',@CompanyId=2;
23/07/2021 10:48:25	SQL :EXEC GetUserTreeMenu 'pramudyono hadi','1502',@CompanyId=2;
23/07/2021 10:48:25	SQL :EXEC GetUserTreeMenu 'pramudyono hadi','1503',@CompanyId=2;
23/07/2021 10:48:25	SQL :EXEC GetUserTreeMenu 'pramudyono hadi','1504',@CompanyId=2;
23/07/2021 10:48:25	SQL :EXEC GetUserTreeMenu 'pramudyono hadi','1505',@CompanyId=2;
23/07/2021 10:48:25	SQL :EXEC GetUserTreeMenu 'pramudyono hadi','1506',@CompanyId=2;
23/07/2021 10:48:25	SQL :EXEC GetUserTreeMenu 'pramudyono hadi','1507',@CompanyId=2;
23/07/2021 10:48:25	SQL :EXEC GetUserTreeMenu 'pramudyono hadi','1508',@CompanyId=2;
23/07/2021 10:48:25	SQL :EXEC GetUserTreeMenu 'pramudyono hadi','1509',@CompanyId=2;
23/07/2021 10:48:25	SQL :EXEC GetUserTreeMenu 'pramudyono hadi','1510',@CompanyId=2;
23/07/2021 10:48:25	SQL :EXEC GetUserTreeMenu 'pramudyono hadi','1511',@CompanyId=2;
23/07/2021 10:48:25	SQL :EXEC GetUserSubMenu 'pramudyono hadi','16';
23/07/2021 10:48:25	SQL :EXEC GetUserTreeMenu 'pramudyono hadi','1601',@CompanyId=2;
23/07/2021 10:48:25	SQL :EXEC GetUserTreeMenu 'pramudyono hadi','1602',@CompanyId=2;
23/07/2021 10:48:25	SQL :EXEC GetUserTreeMenu 'pramudyono hadi','1603',@CompanyId=2;
23/07/2021 10:48:25	SQL :EXEC GetUserTreeMenu 'pramudyono hadi','1604',@CompanyId=2;
23/07/2021 10:48:25	SQL :EXEC GetUserTreeMenu 'pramudyono hadi','1605',@CompanyId=2;
23/07/2021 10:48:25	SQL :EXEC GetUserTreeMenu 'pramudyono hadi','1606',@CompanyId=2;
23/07/2021 10:48:25	SQL :EXEC GetUserTreeMenu 'pramudyono hadi','1607',@CompanyId=2;
23/07/2021 10:48:25	SQL :EXEC GetUserTreeMenu 'pramudyono hadi','1608',@CompanyId=2;
23/07/2021 10:48:25	SQL :EXEC GetUserTreeMenu 'pramudyono hadi','1609',@CompanyId=2;
23/07/2021 10:48:25	SQL :EXEC GetUserTreeMenu 'pramudyono hadi','1610',@CompanyId=2;
23/07/2021 10:48:25	SQL :EXEC GetUserTreeMenu 'pramudyono hadi','1611',@CompanyId=2;
23/07/2021 10:48:25	SQL :EXEC GetUserTreeMenu 'pramudyono hadi','1612',@CompanyId=2;
23/07/2021 10:48:25	SQL :EXEC GetUserTreeMenu 'pramudyono hadi','1613',@CompanyId=2;
23/07/2021 10:48:25	SQL :EXEC GetUserTreeMenu 'pramudyono hadi','1614',@CompanyId=2;
23/07/2021 10:48:25	SQL :EXEC GetUserTreeMenu 'pramudyono hadi','1615',@CompanyId=2;
23/07/2021 10:48:25	SQL :EXEC GetUserTreeMenu 'pramudyono hadi','1616',@CompanyId=2;
23/07/2021 10:48:25	SQL :EXEC GetUserTreeMenu 'pramudyono hadi','1619',@CompanyId=2;
23/07/2021 10:48:25	SQL :EXEC GetUserTreeMenu 'pramudyono hadi','1620',@CompanyId=2;
23/07/2021 10:48:25	SQL :EXEC GetUserSubMenu 'pramudyono hadi','17';
23/07/2021 10:48:25	SQL :EXEC GetUserTreeMenu 'pramudyono hadi','1701',@CompanyId=2;
23/07/2021 10:48:25	SQL :EXEC GetUserTreeMenu 'pramudyono hadi','1702',@CompanyId=2;
23/07/2021 10:48:25	SQL :EXEC GetUserTreeMenu 'pramudyono hadi','1703',@CompanyId=2;
23/07/2021 10:48:25	SQL :EXEC GetUserTreeMenu 'pramudyono hadi','1704',@CompanyId=2;
23/07/2021 10:48:25	SQL :EXEC GetUserTreeMenu 'pramudyono hadi','1705',@CompanyId=2;
23/07/2021 10:48:25	SQL :EXEC GetUserTreeMenu 'pramudyono hadi','1706',@CompanyId=2;
23/07/2021 10:48:25	SQL :EXEC GetUserTreeMenu 'pramudyono hadi','1707',@CompanyId=2;
23/07/2021 10:48:25	SQL :EXEC GetUserTreeMenu 'pramudyono hadi','1708',@CompanyId=2;
23/07/2021 10:48:25	SQL :EXEC GetUserTreeMenu 'pramudyono hadi','1709',@CompanyId=2;
23/07/2021 10:48:25	SQL :EXEC GetUserTreeMenu 'pramudyono hadi','1710',@CompanyId=2;
23/07/2021 10:48:25	SQL :EXEC GetUserTreeMenu 'pramudyono hadi','1711',@CompanyId=2;
23/07/2021 10:48:25	SQL :EXEC GetUserTreeMenu 'pramudyono hadi','1712',@CompanyId=2;
23/07/2021 10:48:25	SQL :EXEC GetUserTreeMenu 'pramudyono hadi','1713',@CompanyId=2;
23/07/2021 10:48:25	SQL :EXEC GetUserTreeMenu 'pramudyono hadi','1714',@CompanyId=2;
23/07/2021 10:48:25	SQL :EXEC GetUserTreeMenu 'pramudyono hadi','1715',@CompanyId=2;
23/07/2021 10:48:25	SQL :EXEC GetUserTreeMenu 'pramudyono hadi','1716',@CompanyId=2;
23/07/2021 10:48:25	SQL :EXEC GetUserTreeMenu 'pramudyono hadi','1717',@CompanyId=2;
23/07/2021 10:48:25	SQL :EXEC GetUserSubMenu 'pramudyono hadi','18';
23/07/2021 10:48:25	SQL :EXEC GetUserTreeMenu 'pramudyono hadi','1801',@CompanyId=2;
23/07/2021 10:48:25	SQL :EXEC GetUserSubMenu 'pramudyono hadi','19';
23/07/2021 10:48:25	SQL :EXEC GetUserTreeMenu 'pramudyono hadi','1901',@CompanyId=2;
23/07/2021 10:48:25	SQL :EXEC GetUserTreeMenu 'pramudyono hadi','1902',@CompanyId=2;
23/07/2021 10:48:25	SQL :EXEC GetUserTreeMenu 'pramudyono hadi','1903',@CompanyId=2;
23/07/2021 10:48:25	SQL :EXEC GetUserTreeMenu 'pramudyono hadi','1904',@CompanyId=2;
23/07/2021 10:48:25	SQL :EXEC GetUserTreeMenu 'pramudyono hadi','1905',@CompanyId=2;
23/07/2021 10:48:25	SQL :EXEC GetUserTreeMenu 'pramudyono hadi','1906',@CompanyId=2;
23/07/2021 10:48:25	SQL :EXEC GetUserTreeMenu 'pramudyono hadi','1907',@CompanyId=2;
23/07/2021 10:48:25	SQL :EXEC GetUserTreeMenu 'pramudyono hadi','1908',@CompanyId=2;
23/07/2021 10:48:25	SQL :EXEC GetUserTreeMenu 'pramudyono hadi','1909',@CompanyId=2;
23/07/2021 10:48:26	SQL :EXEC GetUserTreeMenu 'pramudyono hadi','1910',@CompanyId=2;
23/07/2021 10:48:26	SQL :EXEC GetUserTreeMenu 'pramudyono hadi','1911',@CompanyId=2;
23/07/2021 10:48:26	SQL :EXEC GetUserTreeMenu 'pramudyono hadi','1912',@CompanyId=2;
23/07/2021 10:48:26	SQL :SELECT CONVERT(VARCHAR(8),GETDATE(),108) AS hour_minute;
23/07/2021 10:48:26	SQL :SELECT CONVERT(VARCHAR(10),GETDATE(),103) AS date_time;
23/07/2021 10:48:26	Loading Setting
23/07/2021 10:48:26	Open DB Connection
23/07/2021 10:48:26	SQL :SELECT * FROM wh_setting WHERE setting_name='Hold_Less_Deposit';
23/07/2021 10:48:26	SQL :SELECT * FROM wh_setting WHERE setting_name='Max_Less_Deposit';
23/07/2021 10:48:26	SQL :SELECT * FROM wh_setting WHERE setting_name='Dashboard_2';
23/07/2021 10:48:26	Finish Logging
23/07/2021 10:48:26	SQL :SELECT value_string FROM wh_setting WHERE (setting_name='Interval_CheckInDate') AND (active=1);
23/07/2021 10:48:26	SQL :SELECT value_string FROM wh_setting WHERE (setting_name='Interval_CheckInTime') AND (active=1);
23/07/2021 10:48:26	SQL :SELECT value_string FROM wh_setting WHERE (setting_name='ChatEnable') and (active=1);
23/07/2021 10:48:27	Message:Port Check
23/07/2021 10:48:27	Message:Open DB Connection
23/07/2021 10:48:27	SQL :EXEC GetMessage '01','pramudyono hadi';
23/07/2021 10:48:27	SQL :SELECT CONVERT(VARCHAR(8),GETDATE(),108) AS hour_minute;
23/07/2021 10:48:27	SQL :SELECT CONVERT(VARCHAR(10),GETDATE(),103) AS date_time;
23/07/2021 10:48:52	Open Menu :130512
23/07/2021 10:48:52	Open DB Connection
23/07/2021 10:48:52	SQL :EXEC AuthMenu 'pramudyono hadi',130512;
23/07/2021 10:48:52	Form Check :SplitBusSJ
23/07/2021 10:48:54	Form Check :SPJBusList
23/07/2021 10:48:54	Form Open: ProductPriceList=SplitSJ,0,-1,2
23/07/2021 10:48:54	Open DB Connection
23/07/2021 10:48:54	SQL :EXEC GetCompanyLocationList
23/07/2021 10:48:54	Open DB Connection
23/07/2021 10:48:54	SQL :EXEC GetVhcOutList2 6,1,2,@AllFoward=2,@InOut=2;
23/07/2021 10:48:55	Open DB Connection
23/07/2021 10:48:55	SQL :EXEC GetVhcOutList2 6,1,2,@AllFoward=1,@InOut=2;
23/07/2021 10:48:56	Open DB Connection
23/07/2021 10:48:56	SQL :EXEC GetVhcOutList2 6,1,2,@AllFoward=-1,@InOut=2;
23/07/2021 10:49:26	Form Check :SPJBusList
23/07/2021 10:49:26	Form Open: ProductPriceList=SplitSJ-SJAdd,0,-1,1
23/07/2021 10:49:26	Open DB Connection
23/07/2021 10:49:26	SQL :EXEC GetCompanyLocationList
23/07/2021 10:49:26	Open DB Connection
23/07/2021 10:49:26	SQL :EXEC GetVhcOutList2 6,1,2,@AllFoward=2,@InOut=1;
23/07/2021 10:49:28	Open DB Connection
23/07/2021 10:49:28	SQL :EXEC GetVhcOutList2 6,1,2,@AllFoward=1,@InOut=1;
23/07/2021 10:49:29	Open DB Connection
23/07/2021 10:49:29	SQL :EXEC GetVhcOutList2 6,1,2,@AllFoward=-1,@InOut=1;
23/07/2021 10:49:47	Form Check :SPJBusList
23/07/2021 10:49:47	Form Open: ProductPriceList=SplitSJ-SJAdd,0,-1,1
23/07/2021 10:49:47	Open DB Connection
23/07/2021 10:49:47	SQL :EXEC GetCompanyLocationList
23/07/2021 10:49:47	Open DB Connection
23/07/2021 10:49:47	SQL :EXEC GetVhcOutList2 6,1,2,@AllFoward=2,@InOut=1;
23/07/2021 10:49:48	Open DB Connection
23/07/2021 10:49:48	SQL :EXEC GetVhcOutList2 6,1,2,@AllFoward=1,@InOut=1;
23/07/2021 10:49:49	Open DB Connection
23/07/2021 10:49:49	SQL :EXEC GetVhcOutList2 6,1,2,@AllFoward=-1,@InOut=1;
23/07/2021 10:50:09	Form Check :SPJBusList
23/07/2021 10:50:09	Form Open: ProductPriceList=SplitSJ-SJAdd,0,-1,1
23/07/2021 10:50:09	Open DB Connection
23/07/2021 10:50:09	SQL :EXEC GetCompanyLocationList
23/07/2021 10:50:09	Open DB Connection
23/07/2021 10:50:09	SQL :EXEC GetVhcOutList2 6,1,2,@AllFoward=2,@InOut=1;
23/07/2021 10:50:16	Open DB Connection
23/07/2021 10:50:16	SQL :EXEC GetVhcOutList2 6,1,2,@AllFoward=1,@InOut=1;
23/07/2021 10:50:17	Open DB Connection
23/07/2021 10:50:17	SQL :EXEC GetVhcOutList2 6,1,2,@AllFoward=-1,@InOut=1;
23/07/2021 10:50:51	Open DB Connection
23/07/2021 10:54:27	Open Menu :130512
23/07/2021 10:54:27	Open DB Connection
23/07/2021 10:54:28	SQL :EXEC AuthMenu 'pramudyono hadi',130512;
23/07/2021 10:54:28	Form Check :SplitBusSJ
23/07/2021 10:54:29	Form Check :SPJBusList
23/07/2021 10:54:29	Form Open: ProductPriceList=SplitSJ,0,-1,2
23/07/2021 10:54:29	Open DB Connection
23/07/2021 10:54:29	SQL :EXEC GetCompanyLocationList
23/07/2021 10:54:29	Open DB Connection
23/07/2021 10:54:29	SQL :EXEC GetVhcOutList2 6,1,2,@AllFoward=2,@InOut=2;
23/07/2021 10:54:30	Open DB Connection
23/07/2021 10:54:30	SQL :EXEC GetVhcOutList2 6,1,2,@AllFoward=1,@InOut=2;
23/07/2021 10:54:30	Open DB Connection
23/07/2021 10:54:30	SQL :EXEC GetVhcOutList2 6,1,2,@AllFoward=-1,@InOut=2;
23/07/2021 10:55:37	Form Check :SPJBusList
23/07/2021 10:55:37	Form Open: ProductPriceList=SplitSJ-SJAdd,0,-1,1
23/07/2021 10:55:37	Open DB Connection
23/07/2021 10:55:37	SQL :EXEC GetCompanyLocationList
23/07/2021 10:55:37	Open DB Connection
23/07/2021 10:55:37	SQL :EXEC GetVhcOutList2 6,1,2,@AllFoward=2,@InOut=1;
23/07/2021 10:55:43	Open DB Connection
23/07/2021 10:55:43	SQL :EXEC GetVhcOutList2 6,1,2,@AllFoward=1,@InOut=1;
23/07/2021 10:55:44	Open DB Connection
23/07/2021 10:55:44	SQL :EXEC GetVhcOutList2 6,1,2,@AllFoward=-1,@InOut=1;
23/07/2021 10:56:03	Form Check :SPJBusList
23/07/2021 10:56:03	Form Open: ProductPriceList=SplitSJ-SJAdd,0,-1,1
23/07/2021 10:56:03	Open DB Connection
23/07/2021 10:56:03	SQL :EXEC GetCompanyLocationList
23/07/2021 10:56:03	Open DB Connection
23/07/2021 10:56:03	SQL :EXEC GetVhcOutList2 6,1,2,@AllFoward=2,@InOut=1;
23/07/2021 10:56:06	Open DB Connection
23/07/2021 10:56:06	SQL :EXEC GetVhcOutList2 6,1,2,@AllFoward=-2,@InOut=1;
23/07/2021 10:56:07	Open DB Connection
23/07/2021 10:56:07	SQL :EXEC GetVhcOutList2 6,1,2,@AllFoward=-1,@InOut=1;
23/07/2021 10:56:25	Form Check :SPJBusList
23/07/2021 10:56:25	Form Open: ProductPriceList=SplitSJ-SJAdd,0,-1,1
23/07/2021 10:56:25	Open DB Connection
23/07/2021 10:56:25	SQL :EXEC GetCompanyLocationList
23/07/2021 10:56:25	Open DB Connection
23/07/2021 10:56:25	SQL :EXEC GetVhcOutList2 6,1,2,@AllFoward=2,@InOut=1;
23/07/2021 10:56:26	Open DB Connection
23/07/2021 10:56:26	SQL :EXEC GetVhcOutList2 6,1,2,@AllFoward=-2,@InOut=1;
23/07/2021 10:56:27	Open DB Connection
23/07/2023/07/2021 11:01:39	Get Local Settings
23/07/2021 11:01:39	Start Change Local Settings
23/07/2021 11:01:39	Change short date format
23/07/2021 11:01:39	Change Long date format
23/07/2021 11:01:39	Finish Change Local Settings
23/07/2021 11:01:39	Registry Read: Path=SOFTWARE\WEHA\Aplikasi\3
23/07/2021 11:01:39	Registry Read/Write
23/07/2021 11:01:39	Registry Read: Path=SOFTWARE\WEHA\Aplikasi\3
23/07/2021 11:01:39	Setting DB Param
23/07/2021 11:01:39	Create DB Object
23/07/2021 11:01:39	Init DB
23/07/2021 11:01:39	Finish Init DB
23/07/2021 11:01:39	Get File Version
23/07/2021 11:01:39	Change  Caption
23/07/2021 11:01:39	Init Shortkey
23/07/2021 11:09:51	Setting DB Param
23/07/2021 11:09:51	Create DB Object
23/07/2021 11:09:51	Init DB
23/07/2021 11:09:51	Finish Init DB
23/07/2021 11:09:52	Update new version check
23/07/2021 11:09:52	Open DB Connection
23/07/2021 11:09:56	SQL :
23/07/2021 11:09:56	Update check version
23/07/2021 11:09:56	Open DB Connection
23/07/2021 11:09:56	SQL :SELECT version FROM wh_application WHERE application_id=(SELECT MAX(application_id) FROM wh_application);
23/07/2021 11:09:56	Start Login
23/07/2021 11:09:57	Open DB Connection
23/07/2021 11:09:57	SQL :EXEC AuthenticateUser 'pramudyono hadi','6f2b8366efa56f0c06dd6b31fcff8a73';
23/07/2021 11:09:58	SQL :INSERT INTO wh_log (user_id,app_date,app_version,app_version_svr,location_id,company_id,department_id,host_name,ip_address)  VALUES ('pramudyono hadi','23/07/2021','6.1.3.7','6.1.3.2',6,2,13,'DESKTOP-S1PD9OD','192.168.25.214');
23/07/2021 11:09:58	Open DB Connection
23/07/2021 11:09:58	SQL :EXEC GetUserMenu 'pramudyono hadi';
23/07/2021 11:09:58	SQL :EXEC GetUserSubMenu 'pramudyono hadi','11';
23/07/2021 11:09:58	SQL :EXEC GetUserTreeMenu 'pramudyono hadi','1101',@CompanyId=2;
23/07/2021 11:09:58	SQL :EXEC GetUserTreeMenu 'pramudyono hadi','1102',@CompanyId=2;
23/07/2021 11:09:58	SQL :EXEC GetUserTreeMenu 'pramudyono hadi','1103',@CompanyId=2;
23/07/2021 11:09:58	SQL :EXEC GetUserTreeMenu 'pramudyono hadi','1104',@CompanyId=2;
23/07/2021 11:09:58	SQL :EXEC GetUserTreeMenu 'pramudyono hadi','1105',@CompanyId=2;
23/07/2021 11:09:58	SQL :EXEC GetUserTreeMenu 'pramudyono hadi','1106',@CompanyId=2;
23/07/2021 11:09:58	SQL :EXEC GetUserTreeMenu 'pramudyono hadi','1107',@CompanyId=2;
23/07/2021 11:09:58	SQL :EXEC GetUserTreeMenu 'pramudyono hadi','1108',@CompanyId=2;
23/07/2021 11:09:58	SQL :EXEC GetUserTreeMenu 'pramudyono hadi','1109',@CompanyId=2;
23/07/2021 11:09:58	SQL :EXEC GetUserTreeMenu 'pramudyono hadi','1110',@CompanyId=2;
23/07/2021 11:09:58	SQL :EXEC GetUserTreeMenu 'pramudyono hadi','1111',@CompanyId=2;
23/07/2021 11:09:58	SQL :EXEC GetUserTreeMenu 'pramudyono hadi','1112',@CompanyId=2;
23/07/2021 11:09:58	SQL :EXEC GetUserTreeMenu 'pramudyono hadi','1113',@CompanyId=2;
23/07/2021 11:09:58	SQL :EXEC GetUserTreeMenu 'pramudyono hadi','1114',@CompanyId=2;
23/07/2021 11:09:58	SQL :EXEC GetUserTreeMenu 'pramudyono hadi','1115',@CompanyId=2;
23/07/2021 11:09:58	SQL :EXEC GetUserTreeMenu 'pramudyono hadi','1116',@CompanyId=2;
23/07/2021 11:09:58	SQL :EXEC GetUserTreeMenu 'pramudyono hadi','1117',@CompanyId=2;
23/07/2021 11:09:58	SQL :EXEC GetUserTreeMenu 'pramudyono hadi','1198',@CompanyId=2;
23/07/2021 11:09:58	SQL :EXEC GetUserTreeMenu 'pramudyono hadi','1199',@CompanyId=2;
23/07/2021 11:09:58	SQL :EXEC GetUserSubMenu 'pramudyono hadi','12';
23/07/2021 11:09:58	SQL :EXEC GetUserTreeMenu 'pramudyono hadi','1201',@CompanyId=2;
23/07/2021 11:09:58	SQL :EXEC GetUserTreeMenu 'pramudyono hadi','1202',@CompanyId=2;
23/07/2021 11:09:58	SQL :EXEC GetUserTreeMenu 'pramudyono hadi','1203',@CompanyId=2;
23/07/2021 11:09:58	SQL :EXEC GetUserTreeMenu 'pramudyono hadi','1204',@CompanyId=2;
23/07/2021 11:09:58	SQL :EXEC GetUserTreeMenu 'pramudyono hadi','1205',@CompanyId=2;
23/07/2021 11:09:58	SQL :EXEC GetUserTreeMenu 'pramudyono hadi','1206',@CompanyId=2;
23/07/2021 11:09:58	SQL :EXEC GetUserTreeMenu 'pramudyono hadi','1207',@CompanyId=2;
23/07/2021 11:09:58	SQL :EXEC GetUserSubMenu 'pramudyono hadi','13';
23/07/2021 11:09:58	SQL :EXEC GetUserTreeMenu 'pramudyono hadi','1301',@CompanyId=2;
23/07/2021 11:09:58	SQL :EXEC GetUserTreeMenu 'pramudyono hadi','1302',@CompanyId=2;
23/07/2021 11:09:58	SQL :EXEC GetUserTreeMenu 'pramudyono hadi','1303',@CompanyId=2;
23/07/2021 11:09:58	SQL :EXEC GetUserTreeMenu 'pramudyono hadi','1304',@CompanyId=2;
23/07/2021 11:09:58	SQL :EXEC GetUserTreeMenu 'pramudyono hadi','1305',@CompanyId=2;
23/07/2021 11:09:58	SQL :EXEC GetUserTreeMenu 'pramudyono hadi','1306',@CompanyId=2;
23/07/2021 11:09:58	SQL :EXEC GetUserTreeMenu 'pramudyono hadi','1307',@CompanyId=2;
23/07/2021 11:09:58	SQL :EXEC GetUserTreeMenu 'pramudyono hadi','1308',@CompanyId=2;
23/07/2021 11:09:58	SQL :EXEC GetUserTreeMenu 'pramudyono hadi','1309',@CompanyId=2;
23/07/2021 11:09:58	SQL :EXEC GetUserTreeMenu 'pramudyono hadi','1310',@CompanyId=2;
23/07/2021 11:09:58	SQL :EXEC GetUserTreeMenu 'pramudyono hadi','1311',@CompanyId=2;
23/07/2021 11:09:58	SQL :EXEC GetUserTreeMenu 'pramudyono hadi','1312',@CompanyId=2;
23/07/2021 11:09:58	SQL :EXEC GetUserTreeMenu 'pramudyono hadi','1313',@CompanyId=2;
23/07/2021 11:09:58	SQL :EXEC GetUserTreeMenu 'pramudyono hadi','1314',@CompanyId=2;
23/07/2021 11:09:58	SQL :EXEC GetUserTreeMenu 'pramudyono hadi','1315',@CompanyId=2;
23/07/2021 11:09:58	SQL :EXEC GetUserTreeMenu 'pramudyono hadi','1316',@CompanyId=2;
23/07/2021 11:09:58	SQL :EXEC GetUserTreeMenu 'pramudyono hadi','1317',@CompanyId=2;
23/07/2021 11:09:58	SQL :EXEC GetUserTreeMenu 'pramudyono hadi','1318',@CompanyId=2;
23/07/2021 11:09:58	SQL :EXEC GetUserTreeMenu 'pramudyono hadi','1319',@CompanyId=2;
23/07/2021 11:09:58	SQL :EXEC GetUserTreeMenu 'pramudyono hadi','1320',@CompanyId=2;
23/07/2021 11:09:59	SQL :EXEC GetUserTreeMenu 'pramudyono hadi','1321',@CompanyId=2;
23/07/2021 11:09:59	SQL :EXEC GetUserSubMenu 'pramudyono hadi','14';
23/07/2021 11:09:59	SQL :EXEC GetUserTreeMenu 'pramudyono hadi','1401',@CompanyId=2;
23/07/2021 11:09:59	SQL :EXEC GetUserTreeMenu 'pramudyono hadi','1402',@CompanyId=2;
23/07/2021 11:09:59	SQL :EXEC GetUserTreeMenu 'pramudyono hadi','1403',@CompanyId=2;
23/07/2021 11:09:59	SQL :EXEC GetUserTreeMenu 'pramudyono hadi','1404',@CompanyId=2;
23/07/2021 11:09:59	SQL :EXEC GetUserTreeMenu 'pramudyono hadi','1406',@CompanyId=2;
23/07/2021 11:09:59	SQL :EXEC GetUserTreeMenu 'pramudyono hadi','1408',@CompanyId=2;
23/07/2021 11:09:59	SQL :EXEC GetUserTreeMenu 'pramudyono hadi','1410',@CompanyId=2;
23/07/2021 11:09:59	SQL :EXEC GetUserTreeMenu 'pramudyono hadi','1411',@CompanyId=2;
23/07/2021 11:09:59	SQL :EXEC GetUserTreeMenu 'pramudyono hadi','1412',@CompanyId=2;
23/07/2021 11:09:59	SQL :EXEC GetUserTreeMenu 'pramudyono hadi','1413',@CompanyId=2;
23/07/2021 11:09:59	SQL :EXEC GetUserTreeMenu 'pramudyono hadi','1414',@CompanyId=2;
23/07/2021 11:09:59	SQL :EXEC GetUserSubMenu 'pramudyono hadi','15';
23/07/2021 11:09:59	SQL :EXEC GetUserTreeMenu 'pramudyono hadi','1501',@CompanyId=2;
23/07/2021 11:09:59	SQL :EXEC GetUserTreeMenu 'pramudyono hadi','1502',@CompanyId=2;
23/07/2021 11:09:59	SQL :EXEC GetUserTreeMenu 'pramudyono hadi','1503',@CompanyId=2;
23/07/2021 11:09:59	SQL :EXEC GetUserTreeMenu 'pramudyono hadi','1504',@CompanyId=2;
23/07/2021 11:10:00	SQL :EXEC GetUserTreeMenu 'pramudyono hadi','1505',@CompanyId=2;
23/07/2021 11:10:00	SQL :EXEC GetUserTreeMenu 'pramudyono hadi','1506',@CompanyId=2;
23/07/2021 11:10:00	SQL :EXEC GetUserTreeMenu 'pramudyono hadi','1507',@CompanyId=2;
23/07/2021 11:10:00	SQL :EXEC GetUserTreeMenu 'pramudyono hadi','1508',@CompanyId=2;
23/07/2021 11:10:00	SQL :EXEC GetUserTreeMenu 'pramudyono hadi','1509',@CompanyId=2;
23/07/2021 11:10:00	SQL :EXEC GetUserTreeMenu 'pramudyono hadi','1510',@CompanyId=2;
23/07/2021 11:10:00	SQL :EXEC GetUserTreeMenu 'pramudyono hadi','1511',@CompanyId=2;
23/07/2021 11:10:00	SQL :EXEC GetUserSubMenu 'pramudyono hadi','16';
23/07/2021 11:10:00	SQL :EXEC GetUserTreeMenu 'pramudyono hadi','1601',@CompanyId=2;
23/07/2021 11:10:00	SQL :EXEC GetUserTreeMenu 'pramudyono hadi','1602',@CompanyId=2;
23/07/2021 11:10:00	SQL :EXEC GetUserTreeMenu 'pramudyono hadi','1603',@CompanyId=2;
23/07/2021 11:10:00	SQL :EXEC GetUserTreeMenu 'pramudyono hadi','1604',@CompanyId=2;
23/07/2021 11:10:00	SQL :EXEC GetUserTreeMenu 'pramudyono hadi','1605',@CompanyId=2;
23/07/2021 11:10:00	SQL :EXEC GetUserTreeMenu 'pramudyono hadi','1606',@CompanyId=2;
23/07/2021 11:10:00	SQL :EXEC GetUserTreeMenu 'pramudyono hadi','1607',@CompanyId=2;
23/07/2021 11:10:00	SQL :EXEC GetUserTreeMenu 'pramudyono hadi','1608',@CompanyId=2;
23/07/2021 11:10:00	SQL :EXEC GetUserTreeMenu 'pramudyono hadi','1609',@CompanyId=2;
23/07/2021 11:10:00	SQL :EXEC GetUserTreeMenu 'pramudyono hadi','1610',@CompanyId=2;
23/07/2021 11:10:00	SQL :EXEC GetUserTreeMenu 'pramudyono hadi','1611',@CompanyId=2;
23/07/2021 11:10:00	SQL :EXEC GetUserTreeMenu 'pramudyono hadi','1612',@CompanyId=2;
23/07/2021 11:10:00	SQL :EXEC GetUserTreeMenu 'pramudyono hadi','1613',@CompanyId=2;
23/07/2021 11:10:00	SQL :EXEC GetUserTreeMenu 'pramudyono hadi','1614',@CompanyId=2;
23/07/2021 11:10:00	SQL :EXEC GetUserTreeMenu 'pramudyono hadi','1615',@CompanyId=2;
23/07/2021 11:10:00	SQL :EXEC GetUserTreeMenu 'pramudyono hadi','1616',@CompanyId=2;
23/07/2021 11:10:00	SQL :EXEC GetUserTreeMenu 'pramudyono hadi','1619',@CompanyId=2;
23/07/2021 11:10:01	SQL :EXEC GetUserTreeMenu 'pramudyono hadi','1620',@CompanyId=2;
23/07/2021 11:10:01	SQL :EXEC GetUserSubMenu 'pramudyono hadi','17';
23/07/2021 11:10:01	SQL :EXEC GetUserTreeMenu 'pramudyono hadi','1701',@CompanyId=2;
23/07/2021 11:10:01	SQL :EXEC GetUserTreeMenu 'pramudyono hadi','1702',@CompanyId=2;
23/07/2021 11:10:01	SQL :EXEC GetUserTreeMenu 'pramudyono hadi','1703',@CompanyId=2;
23/07/2021 11:10:01	SQL :EXEC GetUserTreeMenu 'pramudyono hadi','1704',@CompanyId=2;
23/07/2021 11:10:01	SQL :EXEC GetUserTreeMenu 'pramudyono hadi','1705',@CompanyId=2;
23/07/2021 11:10:01	SQL :EXEC GetUserTreeMenu 'pramudyono hadi','1706',@CompanyId=2;
23/07/2021 11:10:01	SQL :EXEC GetUserTreeMenu 'pramudyono hadi','1707',@CompanyId=2;
23/07/2021 11:10:01	SQL :EXEC GetUserTreeMenu 'pramudyono hadi','1708',@CompanyId=2;
23/07/2021 11:10:01	SQL :EXEC GetUserTreeMenu 'pramudyono hadi','1709',@CompanyId=2;
23/07/2021 11:10:01	SQL :EXEC GetUserTreeMenu 'pramudyono hadi','1710',@CompanyId=2;
23/07/2021 11:10:01	SQL :EXEC GetUserTreeMenu 'pramudyono hadi','1711',@CompanyId=2;
23/07/2021 11:10:01	SQL :EXEC GetUserTreeMenu 'pramudyono hadi','1712',@CompanyId=2;
23/07/2021 11:10:01	SQL :EXEC GetUserTreeMenu 'pramudyono hadi','1713',@CompanyId=2;
23/07/2021 11:10:01	SQL :EXEC GetUserTreeMenu 'pramudyono hadi','1714',@CompanyId=2;
23/07/2021 11:10:01	SQL :EXEC GetUserTreeMenu 'pramudyono hadi','1715',@CompanyId=2;
23/07/2021 11:10:01	SQL :EXEC GetUserTreeMenu 'pramudyono hadi','1716',@CompanyId=2;
23/07/2021 11:10:01	SQL :EXEC GetUserTreeMenu 'pramudyono hadi','1717',@CompanyId=2;
23/07/2021 11:10:01	SQL :EXEC GetUserSubMenu 'pramudyono hadi','18';
23/07/2021 11:10:01	SQL :EXEC GetUserTreeMenu 'pramudyono hadi','1801',@CompanyId=2;
23/07/2021 11:10:01	SQL :EXEC GetUserSubMenu 'pramudyono hadi','19';
23/07/2021 11:10:01	SQL :EXEC GetUserTreeMenu 'pramudyono hadi','1901',@CompanyId=2;
23/07/2021 11:10:01	SQL :EXEC GetUserTreeMenu 'pramudyono hadi','1902',@CompanyId=2;
23/07/2021 11:10:01	SQL :EXEC GetUserTreeMenu 'pramudyono hadi','1903',@CompanyId=2;
23/07/2021 11:10:02	SQL :EXEC GetUserTreeMenu 'pramudyono hadi','1904',@CompanyId=2;
23/07/2021 11:10:02	SQL :EXEC GetUserTreeMenu 'pramudyono hadi','1905',@CompanyId=2;
23/07/2021 11:10:02	SQL :EXEC GetUserTreeMenu 'pramudyono hadi','1906',@CompanyId=2;
23/07/2021 11:10:02	SQL :EXEC GetUserTreeMenu 'pramudyono hadi','1907',@CompanyId=2;
23/07/2021 11:10:02	SQL :EXEC GetUserTreeMenu 'pramudyono hadi','1908',@CompanyId=2;
23/07/2021 11:10:02	SQL :EXEC GetUserTreeMenu 'pramudyono hadi','1909',@CompanyId=2;
23/07/2021 11:10:02	SQL :EXEC GetUserTreeMenu 'pramudyono hadi','1910',@CompanyId=2;
23/07/2021 11:10:02	SQL :EXEC GetUserTreeMenu 'pramudyono hadi','1911',@CompanyId=2;
23/07/2021 11:10:02	SQL :EXEC GetUserTreeMenu 'pramudyono hadi','1912',@CompanyId=2;
23/07/2021 11:10:02	SQL :SELECT CONVERT(VARCHAR(8),GETDATE(),108) AS hour_minute;
23/07/2021 11:10:02	SQL :SELECT CONVERT(VARCHAR(10),GETDATE(),103) AS date_time;
23/07/2021 11:10:02	Loading Setting
23/07/2021 11:10:02	Open DB Connection
23/07/2021 11:10:02	SQL :SELECT * FROM wh_setting WHERE setting_name='Hold_Less_Deposit';
23/07/2021 11:10:02	SQL :SELECT * FROM wh_setting WHERE setting_name='Max_Less_Deposit';
23/07/2021 11:10:02	SQL :SELECT * FROM wh_setting WHERE setting_name='Dashboard_2';
23/07/2021 11:10:02	Finish Logging
23/07/2021 11:10:02	SQL :SELECT value_string FROM wh_setting WHERE (setting_name='Interval_CheckInDate') AND (active=1);
23/07/2021 11:10:02	SQL :SELECT value_string FROM wh_setting WHERE (setting_name='Interval_CheckInTime') AND (active=1);
23/07/2021 11:10:02	SQL :SELECT value_string FROM wh_setting WHERE (setting_name='ChatEnable') and (active=1);
23/07/2021 11:10:03	Message:Port Check
23/07/2021 11:10:03	Message:Open DB Connection
23/07/2021 11:10:03	SQL :EXEC GetMessage '01','pramudyono hadi';
23/07/2021 11:10:03	SQL :SELECT CONVERT(VARCHAR(8),GETDATE(),108) AS hour_minute;
23/07/2021 11:10:03	SQL :SELECT CONVERT(VARCHAR(10),GETDATE(),103) AS date_time;
23/07/2021 11:10:06	Open Menu :130512
23/07/2021 11:10:06	Open DB Connection
23/07/2021 11:10:06	SQL :EXEC AuthMenu 'pramudyono hadi',130512;
23/07/2021 11:10:06	Form Check :SplitBusSJ
23/07/2021 11:10:07	Form Check :SPJBusList
23/07/2021 11:10:07	Form Open: ProductPriceList=SplitSJ,0,-1,2
23/07/2021 11:10:07	Open DB Connection
23/07/2021 11:10:07	SQL :EXEC GetCompanyLocationList
23/07/2021 11:10:07	Open DB Connection
23/07/2021 11:10:07	SQL :EXEC GetVhcOutList2 6,1,2,@AllFoward=2,@InOut=2;
23/07/2021 11:10:10	Open DB Connection
23/07/2021 11:10:10	SQL :EXEC GetVhcOutList2 6,1,2,@AllFoward=1,@InOut=2;
23/07/2021 11:10:10	Open DB Connection
23/07/2021 11:10:10	SQL :EXEC GetVhcOutList2 6,1,2,@AllFoward=-1,@InOut=2;
23/07/2021 11:10:48	Form Check :SPJBusList
23/07/2021 11:10:48	Form Open: ProductPriceList=SplitSJ-SJAdd,0,-1,1
23/07/2021 11:10:48	Open DB Connection
23/07/2021 11:10:48	SQL :EXEC GetCompanyLocationList
23/07/2021 11:10:49	Open DB Connection
23/07/2021 11:10:49	SQL :EXEC GetVhcOutList2 6,1,2,@AllFoward=2,@InOut=1;
23/07/2021 11:10:50	Open DB Connection
23/07/2021 11:10:50	SQL :EXEC GetVhcOutList2 6,1,2,@AllFoward=1,@InOut=1;
23/07/2021 11:10:51	Open DB Connection
23/07/2021 11:10:51	SQL :EXEC GetVhcOutList2 6,1,2,@AllFoward=-1,@InOut=1;
23/07/2021 11:11:34	Form Check :SPJBusList
23/07/2021 11:11:34	Form Open: ProductPriceList=SplitSJ-SJAdd,0,-1,1
23/07/2021 11:11:34	Open DB Connection
23/07/2021 11:11:34	SQL :EXEC GetCompanyLocationList
23/07/2021 11:11:34	Open DB Connection
23/07/2021 11:11:34	SQL :EXEC GetVhcOutList2 6,1,2,@AllFoward=2,@InOut=1;
23/07/2021 11:11:35	Open DB Connection
23/07/2021 11:11:35	SQL :EXEC GetVhcOutList2 6,1,2,@AllFoward=-2,@InOut=1;
23/07/2021 11:11:36	Open DB Connection
23/07/2021 11:11:36	SQL :EXEC GetVhcOutList2 6,1,2,@AllFoward=-1,@InOut=1;
23/07/2021 11:12:09	Form Check :SPJBusList
23/07/2021 11:12:09	Form Open: ProductPriceList=SplitSJ-SJAdd,0,-1,1
23/07/2021 11:12:09	Open DB Connection
23/07/2021 11:12:09	SQL :EXEC GetCompanyLocationList
23/07/2021 11:12:09	Open DB Connection
23/07/2021 11:12:09	SQL :EXEC GetVhcOutList2 6,1,2,@AllFoward=2,@InOut=1;
23/07/2021 11:12:10	Open DB Connection
23/07/2021 11:12:10	SQL :EXEC GetVhcOutList2 6,1,2,@AllFoward=1,@InOut=1;
23/07/2021 11:12:11	Open DB Connection
23/07/2021 11:12:11	SQL :EXEC GetVhcOutList2 6,1,2,@AllFoward=-1,@InOut=1;
23/07/2021 11:12:48	Open DB Connection
23/07/2021 11:21:15	Open Menu :130512
23/07/2021 11:21:15	Open DB Connection
23/07/2021 11:21:15	SQL :EXEC AuthMenu 'pramudyono hadi',130512;
23/07/2021 11:21:15	Form Check :SplitBusSJ
23/07/2021 11:21:16	Form Check :SPJBusList
23/07/2021 11:21:16	Form Open: ProductPriceList=SplitSJ,0,-1,2
23/07/2021 11:21:16	Open DB Connection
23/07/2021 11:21:16	SQL :EXEC GetCompanyLocationList
23/07/2021 11:21:16	Open DB Connection
23/07/2021 11:21:16	SQL :EXEC GetVhcOutList2 6,1,2,@AllFoward=2,@InOut=2;
23/07/2021 11:21:18	Open DB Connection
23/07/2021 11:21:18	SQL :EXEC GetVhcOutList2 6,1,2,@AllFoward=1,@InOut=2;
23/07/2021 11:21:18	Open DB Connection
23/07/2021 11:21:18	SQL :EXEC GetVhcOutList2 6,1,2,@AllFoward=-1,@InOut=2;
23/07/2021 11:22:14	Message:Port Check
23/07/2021 11:22:14	Message:Open DB Connection
23/07/2021 11:22:14	SQL :EXEC GetMessage '01','pramudyono hadi';
23/07/2021 11:22:14	SQL :SELECT CONVERT(VARCHAR(8),GETDATE(),108) AS hour_minute;
23/07/2021 11:22:14	SQL :SELECT CONVERT(VARCHAR(10),GETDATE(),103) AS date_tim23/07/2021 11:24:51	Get Local Settings
23/07/2021 11:24:51	Start Change Local Settings
23/07/2021 11:24:51	Change short date format
23/07/2021 11:24:51	Change Long date format
23/07/2021 11:24:51	Finish Change Local Settings
23/07/2021 11:24:51	Registry Read: Path=SOFTWARE\WEHA\Aplikasi\3
23/07/2021 11:24:51	Registry Read/Write
23/07/2021 11:24:51	Registry Read: Path=SOFTWARE\WEHA\Aplikasi\3
23/07/2021 11:24:51	Setting DB Param
23/07/2021 11:24:51	Create DB Object
23/07/2021 11:24:51	Init DB
23/07/2021 11:24:51	Finish Init DB
23/07/2021 11:24:51	Get File Version
23/07/2021 11:24:51	Change  Caption
23/07/2021 11:24:51	Init Shortkey
23/07/2021 11:26:52	Setting DB Param
23/07/2021 11:26:52	Create DB Object
23/07/2021 11:26:52	Init DB
23/07/2021 11:26:52	Finish Init DB
23/07/2021 11:26:53	Update new version check
23/07/2021 11:26:53	Open DB Connection
23/07/2021 11:26:53	SQL :
23/07/2021 11:26:53	Update check version
23/07/2021 11:26:53	Open DB Connection
23/07/2021 11:26:53	SQL :SELECT version FROM wh_application WHERE application_id=(SELECT MAX(application_id) FROM wh_application);
23/07/2021 11:26:53	Start Login
23/07/2021 11:26:53	Open DB Connection
23/07/2021 11:26:53	SQL :EXEC AuthenticateUser 'pramudyono hadi','6f2b8366efa56f0c06dd6b31fcff8a73';
23/07/2021 11:26:54	SQL :INSERT INTO wh_log (user_id,app_date,app_version,app_version_svr,location_id,company_id,department_id,host_name,ip_address)  VALUES ('pramudyono hadi','23/07/2021','6.1.3.7','6.1.3.2',6,2,13,'DESKTOP-S1PD9OD','192.168.25.214');
23/07/2021 11:26:54	Open DB Connection
23/07/2021 11:26:54	SQL :EXEC GetUserMenu 'pramudyono hadi';
23/07/2021 11:26:54	SQL :EXEC GetUserSubMenu 'pramudyono hadi','11';
23/07/2021 11:26:54	SQL :EXEC GetUserTreeMenu 'pramudyono hadi','1101',@CompanyId=2;
23/07/2021 11:26:54	SQL :EXEC GetUserTreeMenu 'pramudyono hadi','1102',@CompanyId=2;
23/07/2021 11:26:54	SQL :EXEC GetUserTreeMenu 'pramudyono hadi','1103',@CompanyId=2;
23/07/2021 11:26:54	SQL :EXEC GetUserTreeMenu 'pramudyono hadi','1104',@CompanyId=2;
23/07/2021 11:26:54	SQL :EXEC GetUserTreeMenu 'pramudyono hadi','1105',@CompanyId=2;
23/07/2021 11:26:54	SQL :EXEC GetUserTreeMenu 'pramudyono hadi','1106',@CompanyId=2;
23/07/2021 11:26:54	SQL :EXEC GetUserTreeMenu 'pramudyono hadi','1107',@CompanyId=2;
23/07/2021 11:26:54	SQL :EXEC GetUserTreeMenu 'pramudyono hadi','1108',@CompanyId=2;
23/07/2021 11:26:54	SQL :EXEC GetUserTreeMenu 'pramudyono hadi','1109',@CompanyId=2;
23/07/2021 11:26:54	SQL :EXEC GetUserTreeMenu 'pramudyono hadi','1110',@CompanyId=2;
23/07/2021 11:26:54	SQL :EXEC GetUserTreeMenu 'pramudyono hadi','1111',@CompanyId=2;
23/07/2021 11:26:54	SQL :EXEC GetUserTreeMenu 'pramudyono hadi','1112',@CompanyId=2;
23/07/2021 11:26:54	SQL :EXEC GetUserTreeMenu 'pramudyono hadi','1113',@CompanyId=2;
23/07/2021 11:26:54	SQL :EXEC GetUserTreeMenu 'pramudyono hadi','1114',@CompanyId=2;
23/07/2021 11:26:54	SQL :EXEC GetUserTreeMenu 'pramudyono hadi','1115',@CompanyId=2;
23/07/2021 11:26:54	SQL :EXEC GetUserTreeMenu 'pramudyono hadi','1116',@CompanyId=2;
23/07/2021 11:26:54	SQL :EXEC GetUserTreeMenu 'pramudyono hadi','1117',@CompanyId=2;
23/07/2021 11:26:54	SQL :EXEC GetUserTreeMenu 'pramudyono hadi','1198',@CompanyId=2;
23/07/2021 11:26:54	SQL :EXEC GetUserTreeMenu 'pramudyono hadi','1199',@CompanyId=2;
23/07/2021 11:26:54	SQL :EXEC GetUserSubMenu 'pramudyono hadi','12';
23/07/2021 11:26:54	SQL :EXEC GetUserTreeMenu 'pramudyono hadi','1201',@CompanyId=2;
23/07/2021 11:26:54	SQL :EXEC GetUserTreeMenu 'pramudyono hadi','1202',@CompanyId=2;
23/07/2021 11:26:54	SQL :EXEC GetUserTreeMenu 'pramudyono hadi','1203',@CompanyId=2;
23/07/2021 11:26:54	SQL :EXEC GetUserTreeMenu 'pramudyono hadi','1204',@CompanyId=2;
23/07/2021 11:26:54	SQL :EXEC GetUserTreeMenu 'pramudyono hadi','1205',@CompanyId=2;
23/07/2021 11:26:54	SQL :EXEC GetUserTreeMenu 'pramudyono hadi','1206',@CompanyId=2;
23/07/2021 11:26:54	SQL :EXEC GetUserTreeMenu 'pramudyono hadi','1207',@CompanyId=2;
23/07/2021 11:26:54	SQL :EXEC GetUserSubMenu 'pramudyono hadi','13';
23/07/2021 11:26:54	SQL :EXEC GetUserTreeMenu 'pramudyono hadi','1301',@CompanyId=2;
23/07/2021 11:26:54	SQL :EXEC GetUserTreeMenu 'pramudyono hadi','1302',@CompanyId=2;
23/07/2021 11:26:54	SQL :EXEC GetUserTreeMenu 'pramudyono hadi','1303',@CompanyId=2;
23/07/2021 11:26:54	SQL :EXEC GetUserTreeMenu 'pramudyono hadi','1304',@CompanyId=2;
23/07/2021 11:26:54	SQL :EXEC GetUserTreeMenu 'pramudyono hadi','1305',@CompanyId=2;
23/07/2021 11:26:54	SQL :EXEC GetUserTreeMenu 'pramudyono hadi','1306',@CompanyId=2;
23/07/2021 11:26:54	SQL :EXEC GetUserTreeMenu 'pramudyono hadi','1307',@CompanyId=2;
23/07/2021 11:26:54	SQL :EXEC GetUserTreeMenu 'pramudyono hadi','1308',@CompanyId=2;
23/07/2021 11:26:54	SQL :EXEC GetUserTreeMenu 'pramudyono hadi','1309',@CompanyId=2;
23/07/2021 11:26:54	SQL :EXEC GetUserTreeMenu 'pramudyono hadi','1310',@CompanyId=2;
23/07/2021 11:26:54	SQL :EXEC GetUserTreeMenu 'pramudyono hadi','1311',@CompanyId=2;
23/07/2021 11:26:54	SQL :EXEC GetUserTreeMenu 'pramudyono hadi','1312',@CompanyId=2;
23/07/2021 11:26:54	SQL :EXEC GetUserTreeMenu 'pramudyono hadi','1313',@CompanyId=2;
23/07/2021 11:26:54	SQL :EXEC GetUserTreeMenu 'pramudyono hadi','1314',@CompanyId=2;
23/07/2021 11:26:54	SQL :EXEC GetUserTreeMenu 'pramudyono hadi','1315',@CompanyId=2;
23/07/2021 11:26:54	SQL :EXEC GetUserTreeMenu 'pramudyono hadi','1316',@CompanyId=2;
23/07/2021 11:26:54	SQL :EXEC GetUserTreeMenu 'pramudyono hadi','1317',@CompanyId=2;
23/07/2021 11:26:54	SQL :EXEC GetUserTreeMenu 'pramudyono hadi','1318',@CompanyId=2;
23/07/2021 11:26:54	SQL :EXEC GetUserTreeMenu 'pramudyono hadi','1319',@CompanyId=2;
23/07/2021 11:26:54	SQL :EXEC GetUserTreeMenu 'pramudyono hadi','1320',@CompanyId=2;
23/07/2021 11:26:54	SQL :EXEC GetUserTreeMenu 'pramudyono hadi','1321',@CompanyId=2;
23/07/2021 11:26:55	SQL :EXEC GetUserSubMenu 'pramudyono hadi','14';
23/07/2021 11:26:55	SQL :EXEC GetUserTreeMenu 'pramudyono hadi','1401',@CompanyId=2;
23/07/2021 11:26:55	SQL :EXEC GetUserTreeMenu 'pramudyono hadi','1402',@CompanyId=2;
23/07/2021 11:26:55	SQL :EXEC GetUserTreeMenu 'pramudyono hadi','1403',@CompanyId=2;
23/07/2021 11:26:55	SQL :EXEC GetUserTreeMenu 'pramudyono hadi','1404',@CompanyId=2;
23/07/2021 11:26:55	SQL :EXEC GetUserTreeMenu 'pramudyono hadi','1406',@CompanyId=2;
23/07/2021 11:26:55	SQL :EXEC GetUserTreeMenu 'pramudyono hadi','1408',@CompanyId=2;
23/07/2021 11:26:55	SQL :EXEC GetUserTreeMenu 'pramudyono hadi','1410',@CompanyId=2;
23/07/2021 11:26:55	SQL :EXEC GetUserTreeMenu 'pramudyono hadi','1411',@CompanyId=2;
23/07/2021 11:26:55	SQL :EXEC GetUserTreeMenu 'pramudyono hadi','1412',@CompanyId=2;
23/07/2021 11:26:55	SQL :EXEC GetUserTreeMenu 'pramudyono hadi','1413',@CompanyId=2;
23/07/2021 11:26:55	SQL :EXEC GetUserTreeMenu 'pramudyono hadi','1414',@CompanyId=2;
23/07/2021 11:26:55	SQL :EXEC GetUserSubMenu 'pramudyono hadi','15';
23/07/2021 11:26:55	SQL :EXEC GetUserTreeMenu 'pramudyono hadi','1501',@CompanyId=2;
23/07/2021 11:26:55	SQL :EXEC GetUserTreeMenu 'pramudyono hadi','1502',@CompanyId=2;
23/07/2021 11:26:55	SQL :EXEC GetUserTreeMenu 'pramudyono hadi','1503',@CompanyId=2;
23/07/2021 11:26:55	SQL :EXEC GetUserTreeMenu 'pramudyono hadi','1504',@CompanyId=2;
23/07/2021 11:26:55	SQL :EXEC GetUserTreeMenu 'pramudyono hadi','1505',@CompanyId=2;
23/07/2021 11:26:55	SQL :EXEC GetUserTreeMenu 'pramudyono hadi','1506',@CompanyId=2;
23/07/2021 11:26:55	SQL :EXEC GetUserTreeMenu 'pramudyono hadi','1507',@CompanyId=2;
23/07/2021 11:26:55	SQL :EXEC GetUserTreeMenu 'pramudyono hadi','1508',@CompanyId=2;
23/07/2021 11:26:55	SQL :EXEC GetUserTreeMenu 'pramudyono hadi','1509',@CompanyId=2;
23/07/2021 11:26:55	SQL :EXEC GetUserTreeMenu 'pramudyono hadi','1510',@CompanyId=2;
23/07/2021 11:26:55	SQL :EXEC GetUserTreeMenu 'pramudyono hadi','1511',@CompanyId=2;
23/07/2021 11:26:55	SQL :EXEC GetUserSubMenu 'pramudyono hadi','16';
23/07/2021 11:26:55	SQL :EXEC GetUserTreeMenu 'pramudyono hadi','1601',@CompanyId=2;
23/07/2021 11:26:55	SQL :EXEC GetUserTreeMenu 'pramudyono hadi','1602',@CompanyId=2;
23/07/2021 11:26:55	SQL :EXEC GetUserTreeMenu 'pramudyono hadi','1603',@CompanyId=2;
23/07/2021 11:26:55	SQL :EXEC GetUserTreeMenu 'pramudyono hadi','1604',@CompanyId=2;
23/07/2021 11:26:55	SQL :EXEC GetUserTreeMenu 'pramudyono hadi','1605',@CompanyId=2;
23/07/2021 11:26:55	SQL :EXEC GetUserTreeMenu 'pramudyono hadi','1606',@CompanyId=2;
23/07/2021 11:26:55	SQL :EXEC GetUserTreeMenu 'pramudyono hadi','1607',@CompanyId=2;
23/07/2021 11:26:55	SQL :EXEC GetUserTreeMenu 'pramudyono hadi','1608',@CompanyId=2;
23/07/2021 11:26:55	SQL :EXEC GetUserTreeMenu 'pramudyono hadi','1609',@CompanyId=2;
23/07/2021 11:26:55	SQL :EXEC GetUserTreeMenu 'pramudyono hadi','1610',@CompanyId=2;
23/07/2021 11:26:55	SQL :EXEC GetUserTreeMenu 'pramudyono hadi','1611',@CompanyId=2;
23/07/2021 11:26:55	SQL :EXEC GetUserTreeMenu 'pramudyono hadi','1612',@CompanyId=2;
23/07/2021 11:26:55	SQL :EXEC GetUserTreeMenu 'pramudyono hadi','1613',@CompanyId=2;
23/07/2021 11:26:55	SQL :EXEC GetUserTreeMenu 'pramudyono hadi','1614',@CompanyId=2;
23/07/2021 11:26:55	SQL :EXEC GetUserTreeMenu 'pramudyono hadi','1615',@CompanyId=2;
23/07/2021 11:26:55	SQL :EXEC GetUserTreeMenu 'pramudyono hadi','1616',@CompanyId=2;
23/07/2021 11:26:55	SQL :EXEC GetUserTreeMenu 'pramudyono hadi','1619',@CompanyId=2;
23/07/2021 11:26:55	SQL :EXEC GetUserTreeMenu 'pramudyono hadi','1620',@CompanyId=2;
23/07/2021 11:26:55	SQL :EXEC GetUserSubMenu 'pramudyono hadi','17';
23/07/2021 11:26:55	SQL :EXEC GetUserTreeMenu 'pramudyono hadi','1701',@CompanyId=2;
23/07/2021 11:26:55	SQL :EXEC GetUserTreeMenu 'pramudyono hadi','1702',@CompanyId=2;
23/07/2021 11:26:55	SQL :EXEC GetUserTreeMenu 'pramudyono hadi','1703',@CompanyId=2;
23/07/2021 11:26:55	SQL :EXEC GetUserTreeMenu 'pramudyono hadi','1704',@CompanyId=2;
23/07/2021 11:26:55	SQL :EXEC GetUserTreeMenu 'pramudyono hadi','1705',@CompanyId=2;
23/07/2021 11:26:55	SQL :EXEC GetUserTreeMenu 'pramudyono hadi','1706',@CompanyId=2;
23/07/2021 11:26:55	SQL :EXEC GetUserTreeMenu 'pramudyono hadi','1707',@CompanyId=2;
23/07/2021 11:26:55	SQL :EXEC GetUserTreeMenu 'pramudyono hadi','1708',@CompanyId=2;
23/07/2021 11:26:55	SQL :EXEC GetUserTreeMenu 'pramudyono hadi','1709',@CompanyId=2;
23/07/2021 11:26:55	SQL :EXEC GetUserTreeMenu 'pramudyono hadi','1710',@CompanyId=2;
23/07/2021 11:26:55	SQL :EXEC GetUserTreeMenu 'pramudyono hadi','1711',@CompanyId=2;
23/07/2021 11:26:55	SQL :EXEC GetUserTreeMenu 'pramudyono hadi','1712',@CompanyId=2;
23/07/2021 11:26:55	SQL :EXEC GetUserTreeMenu 'pramudyono hadi','1713',@CompanyId=2;
23/07/2021 11:26:55	SQL :EXEC GetUserTreeMenu 'pramudyono hadi','1714',@CompanyId=2;
23/07/2021 11:26:55	SQL :EXEC GetUserTreeMenu 'pramudyono hadi','1715',@CompanyId=2;
23/07/2021 11:26:56	SQL :EXEC GetUserTreeMenu 'pramudyono hadi','1716',@CompanyId=2;
23/07/2021 11:26:56	SQL :EXEC GetUserTreeMenu 'pramudyono hadi','1717',@CompanyId=2;
23/07/2021 11:26:56	SQL :EXEC GetUserSubMenu 'pramudyono hadi','18';
23/07/2021 11:26:56	SQL :EXEC GetUserTreeMenu 'pramudyono hadi','1801',@CompanyId=2;
23/07/2021 11:26:56	SQL :EXEC GetUserSubMenu 'pramudyono hadi','19';
23/07/2021 11:26:56	SQL :EXEC GetUserTreeMenu 'pramudyono hadi','1901',@CompanyId=2;
23/07/2021 11:26:56	SQL :EXEC GetUserTreeMenu 'pramudyono hadi','1902',@CompanyId=2;
23/07/2021 11:26:56	SQL :EXEC GetUserTreeMenu 'pramudyono hadi','1903',@CompanyId=2;
23/07/2021 11:26:56	SQL :EXEC GetUserTreeMenu 'pramudyono hadi','1904',@CompanyId=2;
23/07/2021 11:26:56	SQL :EXEC GetUserTreeMenu 'pramudyono hadi','1905',@CompanyId=2;
23/07/2021 11:26:56	SQL :EXEC GetUserTreeMenu 'pramudyono hadi','1906',@CompanyId=2;
23/07/2021 11:26:56	SQL :EXEC GetUserTreeMenu 'pramudyono hadi','1907',@CompanyId=2;
23/07/2021 11:26:56	SQL :EXEC GetUserTreeMenu 'pramudyono hadi','1908',@CompanyId=2;
23/07/2021 11:26:56	SQL :EXEC GetUserTreeMenu 'pramudyono hadi','1909',@CompanyId=2;
23/07/2021 11:26:56	SQL :EXEC GetUserTreeMenu 'pramudyono hadi','1910',@CompanyId=2;
23/07/2021 11:26:56	SQL :EXEC GetUserTreeMenu 'pramudyono hadi','1911',@CompanyId=2;
23/07/2021 11:26:56	SQL :EXEC GetUserTreeMenu 'pramudyono hadi','1912',@CompanyId=2;
23/07/2021 11:26:56	SQL :SELECT CONVERT(VARCHAR(8),GETDATE(),108) AS hour_minute;
23/07/2021 11:26:56	SQL :SELECT CONVERT(VARCHAR(10),GETDATE(),103) AS date_time;
23/07/2021 11:26:56	Loading Setting
23/07/2021 11:26:56	Open DB Connection
23/07/2021 11:26:56	SQL :SELECT * FROM wh_setting WHERE setting_name='Hold_Less_Deposit';
23/07/2021 11:26:56	SQL :SELECT * FROM wh_setting WHERE setting_name='Max_Less_Deposit';
23/07/2021 11:26:56	SQL :SELECT * FROM wh_setting WHERE setting_name='Dashboard_2';
23/07/2021 11:26:56	Finish Logging
23/07/2021 11:26:56	SQL :SELECT value_string FROM wh_setting WHERE (setting_name='Interval_CheckInDate') AND (active=1);
23/07/2021 11:26:56	SQL :SELECT value_string FROM wh_setting WHERE (setting_name='Interval_CheckInTime') AND (active=1);
23/07/2021 11:26:56	SQL :SELECT value_string FROM wh_setting WHERE (setting_name='ChatEnable') and (active=1);
23/07/2021 11:26:57	Message:Port Check
23/07/2021 11:26:57	Message:Open DB Connection
23/07/2021 11:26:57	SQL :EXEC GetMessage '01','pramudyono hadi';
23/07/2021 11:26:57	SQL :SELECT CONVERT(VARCHAR(8),GETDATE(),108) AS hour_minute;
23/07/2021 11:26:57	SQL :SELECT CONVERT(VARCHAR(10),GETDATE(),103) AS date_time;
23/07/2021 11:26:59	Open Menu :130512
23/07/2021 11:26:59	Open DB Connection
23/07/2021 11:26:59	SQL :EXEC AuthMenu 'pramudyono hadi',130512;
23/07/2021 11:26:59	Form Check :SplitBusSJ
23/07/2021 11:27:00	Form Check :SPJBusList
23/07/2021 11:27:00	Form Open: ProductPriceList=SplitSJ,0,-1,2
23/07/2021 11:27:00	Open DB Connection
23/07/2021 11:27:00	SQL :EXEC GetCompanyLocationList
23/07/2021 11:27:00	Open DB Connection
23/07/2021 11:27:00	SQL :EXEC GetVhcOutList2 6,1,2,@AllFoward=2,@InOut=2;
23/07/2021 11:27:01	Open DB Connection
23/07/2021 11:27:01	SQL :EXEC GetVhcOutList2 6,1,2,@AllFoward=1,@InOut=2;
23/07/2021 11:27:02	Open DB Connection
23/07/2021 11:27:02	SQL :EXEC GetVhcOutList2 6,1,2,@AllFoward=-1,@InOut=2;
23/07/2021 11:27:49	Form Check :SPJBusList
23/07/2021 11:27:49	Form Open: ProductPriceList=SplitSJ-SJAdd,0,-1,1
23/07/2021 11:27:49	Open DB Connection
23/07/2021 11:27:49	SQL :EXEC GetCompanyLocationList
23/07/2021 11:27:49	Open DB Connection
23/07/2021 11:27:49	SQL :EXEC GetVhcOutList2 6,1,2,@AllFoward=2,@InOut=1;
23/07/2021 11:27:51	Open DB Connection
23/07/2021 11:27:51	SQL :EXEC GetVhcOutList2 6,1,2,@AllFoward=-2,@InOut=1;
23/07/2021 11:27:52	Open DB Connection
23/07/2021 11:27:52	SQL :EXEC GetVhcOutList2 6,1,2,@AllFoward=-1,@InOut=1;
23/07/2021 11:29:25	Form Check :SPJBusList
23/07/2021 11:29:25	Form Open: ProductPriceList=SplitSJ-SJAdd,0,-1,1
23/07/2021 11:29:25	Open DB Connection
23/07/2021 11:29:25	SQL :EXEC GetCompanyLocationList
23/07/2021 11:29:25	Open DB Connection
23/07/2021 11:29:25	SQL :EXEC GetVhcOutList2 6,1,2,@AllFoward=2,@InOut=1;
23/07/2021 11:29:26	Open DB Connection
23/07/2021 11:29:26	SQL :EXEC GetVhcOutList2 6,1,2,@AllFoward=1,@InOut=1;
23/07/2021 11:29:27	Open DB Connection
23/07/2021 11:29:27	SQL :EXEC GetVhcOutList2 6,1,2,@AllFoward=-1,@InOut=1;
23/07/2021 11:29:50	Form Check :SPJBusList
23/07/2021 11:29:50	Form Open: ProductPriceList=SplitSJ-SJAdd,0,-1,1
23/07/2021 11:29:50	Open DB Connection
23/07/2021 11:29:50	SQL :EXEC GetCompanyLocationList
23/07/2021 11:29:50	Open DB Connection
23/07/2021 11:29:50	SQL :EXEC GetVhcOutList2 6,1,2,@AllFoward=2,@InOut=1;
23/07/2021 11:29:53	Open DB Connection
23/07/2021 11:29:53	SQL :EXEC GetVhcOutList2 6,1,2,@AllFoward=1,@InOut=1;
23/07/2021 11:29:54	Open DB Connection
23/07/2021 11:29:54	SQL :EXEC GetVhcOutList2 6,1,2,@AllFoward=-1,@InOut=1;
23/07/2021 11:30:43	Open DB Connection
23/07/2021 11:39:01	Message:Port Check
23/07/2021 11:39:01	Message:Open DB Connection
23/07/2021 11:39:01	SQL :EXEC GetMessage '01','pramudyono hadi';
23/07/2021 11:39:01	SQL :SELECT CONVERT(VARCHAR(8),GETDATE(),108) AS hour_minute;
23/07/2021 11:39:01	SQL :SELECT CONVERT(VARCHAR23/07/2021 11:39:40	Get Local Settings
23/07/2021 11:39:40	Start Change Local Settings
23/07/2021 11:39:40	Change short date format
23/07/2021 11:39:40	Change Long date format
23/07/2021 11:39:40	Finish Change Local Settings
23/07/2021 11:39:40	Registry Read: Path=SOFTWARE\WEHA\Aplikasi\3
23/07/2021 11:39:40	Registry Read/Write
23/07/2021 11:39:40	Registry Read: Path=SOFTWARE\WEHA\Aplikasi\3
23/07/2021 11:39:40	Setting DB Param
23/07/2021 11:39:40	Create DB Object
23/07/2021 11:39:40	Init DB
23/07/2021 11:39:40	Finish Init DB
23/07/2021 11:39:40	Get File Version
23/07/2021 11:39:40	Change  Caption
23/07/2021 11:39:40	Init Shortkey
23/07/2021 11:43:59	Setting DB Param
23/07/2021 11:43:59	Create DB Object
23/07/2021 11:43:59	Init DB
23/07/2021 11:43:59	Finish Init DB
23/07/2021 11:44:01	Update new version check
23/07/2021 11:44:01	Open DB Connection
23/07/2021 11:44:05	SQL :
23/07/2021 11:44:05	Update check version
23/07/2021 11:44:05	Open DB Connection
23/07/2021 11:44:05	SQL :SELECT version FROM wh_application WHERE application_id=(SELECT MAX(application_id) FROM wh_application);
23/07/2021 11:44:05	Start Login
23/07/2021 11:44:05	Open DB Connection
23/07/2021 11:44:05	SQL :EXEC AuthenticateUser 'pramudyono hadi','6f2b8366efa56f0c06dd6b31fcff8a73';
23/07/2021 11:44:06	SQL :INSERT INTO wh_log (user_id,app_date,app_version,app_version_svr,location_id,company_id,department_id,host_name,ip_address)  VALUES ('pramudyono hadi','23/07/2021','6.1.3.7','6.1.3.2',6,2,13,'DESKTOP-S1PD9OD','192.168.25.214');
23/07/2021 11:44:06	Open DB Connection
23/07/2021 11:44:06	SQL :EXEC GetUserMenu 'pramudyono hadi';
23/07/2021 11:44:06	SQL :EXEC GetUserSubMenu 'pramudyono hadi','11';
23/07/2021 11:44:07	SQL :EXEC GetUserTreeMenu 'pramudyono hadi','1101',@CompanyId=2;
23/07/2021 11:44:07	SQL :EXEC GetUserTreeMenu 'pramudyono hadi','1102',@CompanyId=2;
23/07/2021 11:44:07	SQL :EXEC GetUserTreeMenu 'pramudyono hadi','1103',@CompanyId=2;
23/07/2021 11:44:07	SQL :EXEC GetUserTreeMenu 'pramudyono hadi','1104',@CompanyId=2;
23/07/2021 11:44:07	SQL :EXEC GetUserTreeMenu 'pramudyono hadi','1105',@CompanyId=2;
23/07/2021 11:44:07	SQL :EXEC GetUserTreeMenu 'pramudyono hadi','1106',@CompanyId=2;
23/07/2021 11:44:07	SQL :EXEC GetUserTreeMenu 'pramudyono hadi','1107',@CompanyId=2;
23/07/2021 11:44:07	SQL :EXEC GetUserTreeMenu 'pramudyono hadi','1108',@CompanyId=2;
23/07/2021 11:44:07	SQL :EXEC GetUserTreeMenu 'pramudyono hadi','1109',@CompanyId=2;
23/07/2021 11:44:07	SQL :EXEC GetUserTreeMenu 'pramudyono hadi','1110',@CompanyId=2;
23/07/2021 11:44:07	SQL :EXEC GetUserTreeMenu 'pramudyono hadi','1111',@CompanyId=2;
23/07/2021 11:44:07	SQL :EXEC GetUserTreeMenu 'pramudyono hadi','1112',@CompanyId=2;
23/07/2021 11:44:07	SQL :EXEC GetUserTreeMenu 'pramudyono hadi','1113',@CompanyId=2;
23/07/2021 11:44:07	SQL :EXEC GetUserTreeMenu 'pramudyono hadi','1114',@CompanyId=2;
23/07/2021 11:44:07	SQL :EXEC GetUserTreeMenu 'pramudyono hadi','1115',@CompanyId=2;
23/07/2021 11:44:07	SQL :EXEC GetUserTreeMenu 'pramudyono hadi','1116',@CompanyId=2;
23/07/2021 11:44:07	SQL :EXEC GetUserTreeMenu 'pramudyono hadi','1117',@CompanyId=2;
23/07/2021 11:44:07	SQL :EXEC GetUserTreeMenu 'pramudyono hadi','1198',@CompanyId=2;
23/07/2021 11:44:07	SQL :EXEC GetUserTreeMenu 'pramudyono hadi','1199',@CompanyId=2;
23/07/2021 11:44:07	SQL :EXEC GetUserSubMenu 'pramudyono hadi','12';
23/07/2021 11:44:07	SQL :EXEC GetUserTreeMenu 'pramudyono hadi','1201',@CompanyId=2;
23/07/2021 11:44:07	SQL :EXEC GetUserTreeMenu 'pramudyono hadi','1202',@CompanyId=2;
23/07/2021 11:44:07	SQL :EXEC GetUserTreeMenu 'pramudyono hadi','1203',@CompanyId=2;
23/07/2021 11:44:07	SQL :EXEC GetUserTreeMenu 'pramudyono hadi','1204',@CompanyId=2;
23/07/2021 11:44:07	SQL :EXEC GetUserTreeMenu 'pramudyono hadi','1205',@CompanyId=2;
23/07/2021 11:44:08	SQL :EXEC GetUserTreeMenu 'pramudyono hadi','1206',@CompanyId=2;
23/07/2021 11:44:08	SQL :EXEC GetUserTreeMenu 'pramudyono hadi','1207',@CompanyId=2;
23/07/2021 11:44:08	SQL :EXEC GetUserSubMenu 'pramudyono hadi','13';
23/07/2021 11:44:08	SQL :EXEC GetUserTreeMenu 'pramudyono hadi','1301',@CompanyId=2;
23/07/2021 11:44:08	SQL :EXEC GetUserTreeMenu 'pramudyono hadi','1302',@CompanyId=2;
23/07/2021 11:44:08	SQL :EXEC GetUserTreeMenu 'pramudyono hadi','1303',@CompanyId=2;
23/07/2021 11:44:08	SQL :EXEC GetUserTreeMenu 'pramudyono hadi','1304',@CompanyId=2;
23/07/2021 11:44:08	SQL :EXEC GetUserTreeMenu 'pramudyono hadi','1305',@CompanyId=2;
23/07/2021 11:44:08	SQL :EXEC GetUserTreeMenu 'pramudyono hadi','1306',@CompanyId=2;
23/07/2021 11:44:08	SQL :EXEC GetUserTreeMenu 'pramudyono hadi','1307',@CompanyId=2;
23/07/2021 11:44:08	SQL :EXEC GetUserTreeMenu 'pramudyono hadi','1308',@CompanyId=2;
23/07/2021 11:44:08	SQL :EXEC GetUserTreeMenu 'pramudyono hadi','1309',@CompanyId=2;
23/07/2021 11:44:08	SQL :EXEC GetUserTreeMenu 'pramudyono hadi','1310',@CompanyId=2;
23/07/2021 11:44:08	SQL :EXEC GetUserTreeMenu 'pramudyono hadi','1311',@CompanyId=2;
23/07/2021 11:44:08	SQL :EXEC GetUserTreeMenu 'pramudyono hadi','1312',@CompanyId=2;
23/07/2021 11:44:08	SQL :EXEC GetUserTreeMenu 'pramudyono hadi','1313',@CompanyId=2;
23/07/2021 11:44:08	SQL :EXEC GetUserTreeMenu 'pramudyono hadi','1314',@CompanyId=2;
23/07/2021 11:44:08	SQL :EXEC GetUserTreeMenu 'pramudyono hadi','1315',@CompanyId=2;
23/07/2021 11:44:08	SQL :EXEC GetUserTreeMenu 'pramudyono hadi','1316',@CompanyId=2;
23/07/2021 11:44:08	SQL :EXEC GetUserTreeMenu 'pramudyono hadi','1317',@CompanyId=2;
23/07/2021 11:44:08	SQL :EXEC GetUserTreeMenu 'pramudyono hadi','1318',@CompanyId=2;
23/07/2021 11:44:08	SQL :EXEC GetUserTreeMenu 'pramudyono hadi','1319',@CompanyId=2;
23/07/2021 11:44:08	SQL :EXEC GetUserTreeMenu 'pramudyono hadi','1320',@CompanyId=2;
23/07/2021 11:44:08	SQL :EXEC GetUserTreeMenu 'pramudyono hadi','1321',@CompanyId=2;
23/07/2021 11:44:09	SQL :EXEC GetUserSubMenu 'pramudyono hadi','14';
23/07/2021 11:44:09	SQL :EXEC GetUserTreeMenu 'pramudyono hadi','1401',@CompanyId=2;
23/07/2021 11:44:09	SQL :EXEC GetUserTreeMenu 'pramudyono hadi','1402',@CompanyId=2;
23/07/2021 11:44:09	SQL :EXEC GetUserTreeMenu 'pramudyono hadi','1403',@CompanyId=2;
23/07/2021 11:44:09	SQL :EXEC GetUserTreeMenu 'pramudyono hadi','1404',@CompanyId=2;
23/07/2021 11:44:09	SQL :EXEC GetUserTreeMenu 'pramudyono hadi','1406',@CompanyId=2;
23/07/2021 11:44:09	SQL :EXEC GetUserTreeMenu 'pramudyono hadi','1408',@CompanyId=2;
23/07/2021 11:44:09	SQL :EXEC GetUserTreeMenu 'pramudyono hadi','1410',@CompanyId=2;
23/07/2021 11:44:09	SQL :EXEC GetUserTreeMenu 'pramudyono hadi','1411',@CompanyId=2;
23/07/2021 11:44:09	SQL :EXEC GetUserTreeMenu 'pramudyono hadi','1412',@CompanyId=2;
23/07/2021 11:44:09	SQL :EXEC GetUserTreeMenu 'pramudyono hadi','1413',@CompanyId=2;
23/07/2021 11:44:09	SQL :EXEC GetUserTreeMenu 'pramudyono hadi','1414',@CompanyId=2;
23/07/2021 11:44:09	SQL :EXEC GetUserSubMenu 'pramudyono hadi','15';
23/07/2021 11:44:09	SQL :EXEC GetUserTreeMenu 'pramudyono hadi','1501',@CompanyId=2;
23/07/2021 11:44:09	SQL :EXEC GetUserTreeMenu 'pramudyono hadi','1502',@CompanyId=2;
23/07/2021 11:44:09	SQL :EXEC GetUserTreeMenu 'pramudyono hadi','1503',@CompanyId=2;
23/07/2021 11:44:09	SQL :EXEC GetUserTreeMenu 'pramudyono hadi','1504',@CompanyId=2;
23/07/2021 11:44:09	SQL :EXEC GetUserTreeMenu 'pramudyono hadi','1505',@CompanyId=2;
23/07/2021 11:44:09	SQL :EXEC GetUserTreeMenu 'pramudyono hadi','1506',@CompanyId=2;
23/07/2021 11:44:09	SQL :EXEC GetUserTreeMenu 'pramudyono hadi','1507',@CompanyId=2;
23/07/2021 11:44:09	SQL :EXEC GetUserTreeMenu 'pramudyono hadi','1508',@CompanyId=2;
23/07/2021 11:44:09	SQL :EXEC GetUserTreeMenu 'pramudyono hadi','1509',@CompanyId=2;
23/07/2021 11:44:09	SQL :EXEC GetUserTreeMenu 'pramudyono hadi','1510',@CompanyId=2;
23/07/2021 11:44:09	SQL :EXEC GetUserTreeMenu 'pramudyono hadi','1511',@CompanyId=2;
23/07/2021 11:44:09	SQL :EXEC GetUserSubMenu 'pramudyono hadi','16';
23/07/2021 11:44:09	SQL :EXEC GetUserTreeMenu 'pramudyono hadi','1601',@CompanyId=2;
23/07/2021 11:44:09	SQL :EXEC GetUserTreeMenu 'pramudyono hadi','1602',@CompanyId=2;
23/07/2021 11:44:09	SQL :EXEC GetUserTreeMenu 'pramudyono hadi','1603',@CompanyId=2;
23/07/2021 11:44:09	SQL :EXEC GetUserTreeMenu 'pramudyono hadi','1604',@CompanyId=2;
23/07/2021 11:44:09	SQL :EXEC GetUserTreeMenu 'pramudyono hadi','1605',@CompanyId=2;
23/07/2021 11:44:09	SQL :EXEC GetUserTreeMenu 'pramudyono hadi','1606',@CompanyId=2;
23/07/2021 11:44:09	SQL :EXEC GetUserTreeMenu 'pramudyono hadi','1607',@CompanyId=2;
23/07/2021 11:44:09	SQL :EXEC GetUserTreeMenu 'pramudyono hadi','1608',@CompanyId=2;
23/07/2021 11:44:09	SQL :EXEC GetUserTreeMenu 'pramudyono hadi','1609',@CompanyId=2;
23/07/2021 11:44:09	SQL :EXEC GetUserTreeMenu 'pramudyono hadi','1610',@CompanyId=2;
23/07/2021 11:44:09	SQL :EXEC GetUserTreeMenu 'pramudyono hadi','1611',@CompanyId=2;
23/07/2021 11:44:09	SQL :EXEC GetUserTreeMenu 'pramudyono hadi','1612',@CompanyId=2;
23/07/2021 11:44:09	SQL :EXEC GetUserTreeMenu 'pramudyono hadi','1613',@CompanyId=2;
23/07/2021 11:44:09	SQL :EXEC GetUserTreeMenu 'pramudyono hadi','1614',@CompanyId=2;
23/07/2021 11:44:09	SQL :EXEC GetUserTreeMenu 'pramudyono hadi','1615',@CompanyId=2;
23/07/2021 11:44:09	SQL :EXEC GetUserTreeMenu 'pramudyono hadi','1616',@CompanyId=2;
23/07/2021 11:44:09	SQL :EXEC GetUserTreeMenu 'pramudyono hadi','1619',@CompanyId=2;
23/07/2021 11:44:09	SQL :EXEC GetUserTreeMenu 'pramudyono hadi','1620',@CompanyId=2;
23/07/2021 11:44:09	SQL :EXEC GetUserSubMenu 'pramudyono hadi','17';
23/07/2021 11:44:09	SQL :EXEC GetUserTreeMenu 'pramudyono hadi','1701',@CompanyId=2;
23/07/2021 11:44:09	SQL :EXEC GetUserTreeMenu 'pramudyono hadi','1702',@CompanyId=2;
23/07/2021 11:44:09	SQL :EXEC GetUserTreeMenu 'pramudyono hadi','1703',@CompanyId=2;
23/07/2021 11:44:09	SQL :EXEC GetUserTreeMenu 'pramudyono hadi','1704',@CompanyId=2;
23/07/2021 11:44:09	SQL :EXEC GetUserTreeMenu 'pramudyono hadi','1705',@CompanyId=2;
23/07/2021 11:44:09	SQL :EXEC GetUserTreeMenu 'pramudyono hadi','1706',@CompanyId=2;
23/07/2021 11:44:09	SQL :EXEC GetUserTreeMenu 'pramudyono hadi','1707',@CompanyId=2;
23/07/2021 11:44:09	SQL :EXEC GetUserTreeMenu 'pramudyono hadi','1708',@CompanyId=2;
23/07/2021 11:44:09	SQL :EXEC GetUserTreeMenu 'pramudyono hadi','1709',@CompanyId=2;
23/07/2021 11:44:09	SQL :EXEC GetUserTreeMenu 'pramudyono hadi','1710',@CompanyId=2;
23/07/2021 11:44:09	SQL :EXEC GetUserTreeMenu 'pramudyono hadi','1711',@CompanyId=2;
23/07/2021 11:44:09	SQL :EXEC GetUserTreeMenu 'pramudyono hadi','1712',@CompanyId=2;
23/07/2021 11:44:09	SQL :EXEC GetUserTreeMenu 'pramudyono hadi','1713',@CompanyId=2;
23/07/2021 11:44:09	SQL :EXEC GetUserTreeMenu 'pramudyono hadi','1714',@CompanyId=2;
23/07/2021 11:44:09	SQL :EXEC GetUserTreeMenu 'pramudyono hadi','1715',@CompanyId=2;
23/07/2021 11:44:09	SQL :EXEC GetUserTreeMenu 'pramudyono hadi','1716',@CompanyId=2;
23/07/2021 11:44:09	SQL :EXEC GetUserTreeMenu 'pramudyono hadi','1717',@CompanyId=2;
23/07/2021 11:44:09	SQL :EXEC GetUserSubMenu 'pramudyono hadi','18';
23/07/2021 11:44:09	SQL :EXEC GetUserTreeMenu 'pramudyono hadi','1801',@CompanyId=2;
23/07/2021 11:44:09	SQL :EXEC GetUserSubMenu 'pramudyono hadi','19';
23/07/2021 11:44:09	SQL :EXEC GetUserTreeMenu 'pramudyono hadi','1901',@CompanyId=2;
23/07/2021 11:44:09	SQL :EXEC GetUserTreeMenu 'pramudyono hadi','1902',@CompanyId=2;
23/07/2021 11:44:10	SQL :EXEC GetUserTreeMenu 'pramudyono hadi','1903',@CompanyId=2;
23/07/2021 11:44:10	SQL :EXEC GetUserTreeMenu 'pramudyono hadi','1904',@CompanyId=2;
23/07/2021 11:44:10	SQL :EXEC GetUserTreeMenu 'pramudyono hadi','1905',@CompanyId=2;
23/07/2021 11:44:10	SQL :EXEC GetUserTreeMenu 'pramudyono hadi','1906',@CompanyId=2;
23/07/2021 11:44:10	SQL :EXEC GetUserTreeMenu 'pramudyono hadi','1907',@CompanyId=2;
23/07/2021 11:44:10	SQL :EXEC GetUserTreeMenu 'pramudyono hadi','1908',@CompanyId=2;
23/07/2021 11:44:10	SQL :EXEC GetUserTreeMenu 'pramudyono hadi','1909',@CompanyId=2;
23/07/2021 11:44:10	SQL :EXEC GetUserTreeMenu 'pramudyono hadi','1910',@CompanyId=2;
23/07/2021 11:44:10	SQL :EXEC GetUserTreeMenu 'pramudyono hadi','1911',@CompanyId=2;
23/07/2021 11:44:10	SQL :EXEC GetUserTreeMenu 'pramudyono hadi','1912',@CompanyId=2;
23/07/2021 11:44:10	SQL :SELECT CONVERT(VARCHAR(8),GETDATE(),108) AS hour_minute;
23/07/2021 11:44:10	SQL :SELECT CONVERT(VARCHAR(10),GETDATE(),103) AS date_time;
23/07/2021 11:44:10	Loading Setting
23/07/2021 11:44:10	Open DB Connection
23/07/2021 11:44:10	SQL :SELECT * FROM wh_setting WHERE setting_name='Hold_Less_Deposit';
23/07/2021 11:44:10	SQL :SELECT * FROM wh_setting WHERE setting_name='Max_Less_Deposit';
23/07/2021 11:44:10	SQL :SELECT * FROM wh_setting WHERE setting_name='Dashboard_2';
23/07/2021 11:44:10	Finish Logging
23/07/2021 11:44:10	SQL :SELECT value_string FROM wh_setting WHERE (setting_name='Interval_CheckInDate') AND (active=1);
23/07/2021 11:44:10	SQL :SELECT value_string FROM wh_setting WHERE (setting_name='Interval_CheckInTime') AND (active=1);
23/07/2021 11:44:10	SQL :SELECT value_string FROM wh_setting WHERE (setting_name='ChatEnable') and (active=1);
23/07/2021 11:44:11	Message:Port Check
23/07/2021 11:44:11	Message:Open DB Connection
23/07/2021 11:44:11	SQL :EXEC GetMessage '01','pramudyono hadi';
23/07/2021 11:44:11	SQL :SELECT CONVERT(VARCHAR(8),GETDATE(),108) AS hour_minute;
23/07/2021 11:44:11	SQL :SELECT CONVERT(VARCHAR(10),GETDATE(),103) AS date_time;
23/07/2021 11:44:15	Open Menu :130512
23/07/2021 11:44:15	Open DB Connection
23/07/2021 11:44:15	SQL :EXEC AuthMenu 'pramudyono hadi',130512;
23/07/2021 11:44:15	Form Check :SplitBusSJ
23/07/2021 11:44:16	Form Check :SPJBusList
23/07/2021 11:44:16	Form Open: ProductPriceList=SplitSJ,0,-1,2
23/07/2021 11:44:16	Open DB Connection
23/07/2021 11:44:16	SQL :EXEC GetCompanyLocationList
23/07/2021 11:44:16	Open DB Connection
23/07/2021 11:44:16	SQL :EXEC GetVhcOutList2 6,1,2,@AllFoward=2,@InOut=2;
23/07/2021 11:44:17	Open DB Connection
23/07/2021 11:44:17	SQL :EXEC GetVhcOutList2 6,1,2,@AllFoward=1,@InOut=2;
23/07/2021 11:44:17	Open DB Connection
23/07/2021 11:44:17	SQL :EXEC GetVhcOutList2 6,1,2,@AllFoward=-1,@InOut=2;
23/07/2021 11:53:14	Form Check :SPJBusList
23/07/2021 11:53:14	Form Open: ProductPriceList=SplitSJ-SJAdd,0,-1,1
23/07/2021 11:53:14	Open DB Connection
23/07/2021 11:53:14	SQL :EXEC GetCompanyLocationList
23/07/2021 11:53:14	Open DB Connection
23/07/2021 11:53:14	SQL :EXEC GetVhcOutList2 6,1,2,@AllFoward=2,@InOut=1;
23/07/2021 11:53:16	Open DB Connection
23/07/2021 11:53:16	SQL :EXEC GetVhcOutList2 6,1,2,@AllFoward=1,@InOut=1;
23/07/2021 11:53:16	Open DB Connection
23/07/2021 11:53:16	SQL :EXEC GetVhcOutList2 6,1,2,@AllFoward=-1,@InOut=1;
23/07/2021 11:53:37	Form Check :SPJBusList
23/07/2021 11:53:37	Form Open: ProductPriceList=SplitSJ-SJAdd,0,-1,1
23/07/2021 11:53:37	Open DB Connection
23/07/2021 11:53:37	SQL :EXEC GetCompanyLocationList
23/07/2021 11:53:37	Open DB Connection
23/07/2021 11:53:37	SQL :EXEC GetVhcOutList2 6,1,2,@AllFoward=2,@InOut=1;
23/07/2021 11:53:38	Open DB Connection
23/07/2021 11:53:38	SQL :EXEC GetVhcOutList2 6,1,2,@AllFoward=-2,@InOut=1;
23/07/2021 11:53:39	Open DB Connection
23/07/2021 11:53:39	SQL :EXEC GetVhcOutList2 6,1,2,@AllFoward=-1,@InOut=1;
23/07/2021 11:53:58	Form Check :SPJBusList
23/07/2021 11:53:58	Form Open: ProductPriceList=SplitSJ-SJAdd,0,-1,1
23/07/2021 11:53:58	Open DB Connection
23/07/2021 11:53:58	SQL :EXEC GetCompanyLocationList
23/07/2021 11:53:58	Open DB Connection
23/07/2021 11:53:58	SQL :EXEC GetVhcOutList2 6,1,2,@AllFoward=2,@InOut=1;
23/07/2021 11:53:59	Open DB Connection
23/07/2021 11:53:59	SQL :EXEC GetVhcOutList2 6,1,2,@AllFoward=1,@InOut=1;
23/07/2021 11:54:00	Open DB Connection
23/07/2021 11:54:00	SQL :EXEC GetVhcOutList2 6,1,2,@AllFoward=-1,@InOut=1;
23/07/2021 11:55:10	Message:Port Check
23/07/2021 11:55:10	Message:Open DB Connection
23/07/2021 11:55:10	SQL :EXEC GetMessage '01','pramudyono hadi';
23/07/2021 11:55:10	SQL :SELECT CONVERT(VARCHAR(8),GETDATE(),108) AS hour_minute;
23/07/2021 11:55:10	SQL :SELECT CONVERT(VARCHAR(10),GETDATE(),103) AS date_time;
23/07/2021 11:55:21	Open DB Connection
23/07/2021 12:05:23	Message:Port Check
23/07/2021 12:05:23	Message:Open DB Connection
23/07/2021 12:05:23	SQL :EXEC GetMessage '01','pramudyono hadi';
23/07/2021 12:05:23	SQL :SELECT CONVERT(VARCHAR(8),GETDATE(),108) AS hour_minute;
23/07/2021 12:05:23	SQL :SELECT CONVERT(VARCHAR(10),GETDATE(),103) AS date_time;
23/07/2021 12:15:29	Message:Port Check
23/07/2021 12:15:29	Message:Open DB Connection
23/07/2021 12:15:29	SQL :EXEC GetMessage '01','pramudyono hadi';
23/07/2021 12:15:29	SQL :SELECT CONVERT(VARCHAR(8),GETDATE(),108) AS hour_minute;
23/07/2021 12:15:29	SQL :SELECT CONVERT(VARCHAR(10),GETDATE(),103) AS date_time;
23/07/2021 12:25:37	Message:Port Check
23/07/2021 12:25:37	Message:Open DB Connection
23/07/2021 12:25:37	SQL :EXEC GetMessage '01','pramudyono hadi';
23/07/2021 12:25:37	SQL :SELECT CONVERT(VARCHAR(8),GETDATE(),108) AS hour_minute;
23/07/2021 12:25:37	SQL :SELECT CONVERT(VARCHAR(10),GETDATE(),103) AS date_time;
23/07/2021 12:35:44	Message:Port Check
23/07/2021 12:35:44	Message:Open DB Connection
23/07/2021 12:35:44	SQL :EXEC GetMessage '01','pramudyono hadi';
23/07/2021 12:35:45	SQL :SELECT CONVERT(VARCHAR(8),GETDATE(),108) AS hour_minute;
23/07/2021 12:35:45	SQL :SELECT CONVERT(VARCHAR(10),GETDATE(),103) AS date_time;
23/07/2021 12:45:49	Message:Port Check
23/07/2021 12:45:49	Message:Open DB Connection
23/07/2021 12:45:49	SQL :EXEC GetMessage '01','pramudyono hadi';
23/07/2021 12:45:49	SQL :SELECT CONVERT(VARCHAR(8),GETDATE(),108) AS hour_minute;
23/07/2021 12:45:49	SQL :SELECT CONVERT(VARCHAR(10),GETDATE(),103) AS date_time;
23/07/2021 12:55:54	Message:Port Check
23/07/2021 12:55:54	Message:Open DB Connection
23/07/2021 12:55:54	SQL :EXEC GetMessage '01','pramudyono hadi';
23/07/2021 12:55:54	SQL :SELECT CONVERT(VARCHAR(8),GETDATE(),108) AS hour_minute;
23/07/2021 12:55:54	SQL :SELECT CONVERT(VARCHAR(10),GETDATE(),103) AS date_time;
23/07/2021 13:06:17	Message:Port Check
23/07/2021 13:06:17	Message:Open DB Connection
23/07/2021 13:06:17	SQL :EXEC GetMessage '01','pramudyono hadi';
23/07/2021 13:06:17	SQL :SELECT CONVERT(VARCHAR(8),GETDATE(),108) AS hour_minute;
23/07/2021 13:06:17	SQL :SELECT CONVERT(VARCHAR(10),GETDATE(),103) AS date_time;
23/07/2021 13:16:24	Message:Port Check
23/07/2021 13:16:24	Message:Open DB Connection
23/07/2021 13:16:24	SQL :EXEC GetMessage '01','pramudyono hadi';
23/07/2021 13:16:24	SQL :SELECT CONVERT(VARCHAR(8),GETDATE(),108) AS hour_minute;
23/07/2021 13:16:24	SQL :SELECT CONVERT(VARCHAR(10),GETDATE(),103) AS date_time;
23/07/2021 13:26:30	Message:Port Check
23/07/2021 13:26:30	Message:Open DB Connection
23/07/2021 13:26:30	SQL :EXEC GetMessage '01','pramudyono hadi';
23/07/2021 13:26:30	SQL :SELECT CONVERT(VARCHAR(8),GETDATE(),108) AS hour_minute;
23/07/2021 13:26:30	SQL :SELECT CONVERT(VARCHAR(10),GETDATE(),103) AS date_time;
23/07/2021 13:36:36	Message:Port Check
23/07/2021 13:36:36	Message:Open DB Connection
23/07/2021 13:36:36	SQL :EXEC GetMessage '01','pramudyono hadi';
23/07/2021 13:36:37	SQL :SELECT CONVERT(VARCHAR(8),GETDATE(),108) AS hour_minute;
23/07/2021 13:36:37	SQL :SELECT CONVERT(VARCHAR(10),GETDATE(),103) AS date_time;
23/07/2021 13:46:42	Message:Port Check
23/07/2021 13:46:42	Message:Open DB Connection
23/07/2021 13:46:42	SQL :EXEC GetMessage '01','pramudyono hadi';
23/07/2021 13:46:42	SQL :SELECT CONVERT(VARCHAR(8),GETDATE(),108) AS hour_minute;
23/07/2021 13:46:42	SQL :SELECT CONVERT(VARCHAR(10),GETDATE(),103) AS date_time;
23/07/2021 13:56:49	Message:Port Check
23/07/2021 13:56:49	Message:Open DB Connection
23/07/2021 13:56:49	SQL :EXEC GetMessage '01','pramudyono hadi';
23/07/2021 13:56:49	SQL :SELECT CONVERT(VARCHAR(8),GETDATE(),108) AS hour_minute;
23/07/2021 13:56:49	SQL :SELECT CONVERT(VARCHAR(10),GETDATE(),103) AS date_time;
23/07/2021 14:06:55	Message:Port Check
23/07/2021 14:06:55	Message:Open DB Connection
23/07/2021 14:06:55	SQL :EXEC GetMessage '01','pramudyono hadi';
23/07/2021 14:06:55	SQL :SELECT CONVERT(VARCHAR(8),GETDATE(),108) AS hour_minute;
23/07/2021 14:06:55	SQL :SELECT CONVERT(VARCHAR(10),GETDATE(),103) AS date_time;
23/07/2021 14:17:02	Message:Port Check
23/07/2021 14:17:02	Message:Open DB Connection
23/07/2021 14:17:02	SQL :EXEC GetMessage '01','pramudyono hadi';
23/07/2021 14:17:02	SQL :SELECT CONVERT(VARCHAR(8),GETDATE(),108) AS hour_minute;
23/07/2021 14:17:02	SQL :SELECT CONVERT(VARCHAR(10),GETDATE(),103) AS date_time;
23/07/2021 14:19:54	Get Local Settings
23/07/2021 14:19:54	Start Change Local Settings
23/07/2021 14:19:54	Change short date format
23/07/2021 14:19:54	Change Long date format
23/07/2021 14:19:54	Finish Change Local Settings
23/07/2021 14:19:54	Registry Read: Path=SOFTWARE\WEHA\Aplikasi\3
23/07/2021 14:19:54	Registry Read/Write
23/07/2021 14:19:54	Registry Read: Path=SOFTWARE\WEHA\Aplikasi\3
23/07/2021 14:19:54	Setting DB Param
23/07/2021 14:19:54	Create DB Object
23/07/2021 14:19:54	Init DB
23/07/2021 14:19:54	Finish Init DB
23/07/2021 14:19:54	Get File Version
23/07/2021 14:19:54	Change  Caption
23/07/2021 14:19:54	Init Shortkey
23/07/2021 14:20:11	Setting DB Param
23/07/2021 14:20:11	Create DB Object
23/07/2021 14:20:11	Init DB
23/07/2021 14:20:11	Finish Init DB
23/07/2021 14:20:13	Update new version check
23/07/2021 14:20:13	Open DB Connection
23/07/2021 14:20:16	SQL :
23/07/2021 14:20:16	Update check version
23/07/2021 14:20:16	Open DB Connection
23/07/2021 14:20:16	SQL :SELECT version FROM wh_application WHERE application_id=(SELECT MAX(application_id) FROM wh_application);
23/07/2021 14:20:16	Start Login
23/07/2021 14:20:16	Open DB Connection
23/07/2021 14:20:16	SQL :EXEC AuthenticateUser 'pramudyono hadi','6f2b8366efa56f0c06dd6b31fcff8a73';
23/07/2021 14:20:17	SQL :INSERT INTO wh_log (user_id,app_date,app_version,app_version_svr,location_id,company_id,department_id,host_name,ip_address)  VALUES ('pramudyono hadi','23/07/2021','6.1.3.7','6.1.3.2',6,2,13,'DESKTOP-S1PD9OD','192.168.25.214');
23/07/2021 14:20:18	Open DB Connection
23/07/2021 14:20:18	SQL :EXEC GetUserMenu 'pramudyono hadi';
23/07/2021 14:20:18	SQL :EXEC GetUserSubMenu 'pramudyono hadi','11';
23/07/2021 14:20:18	SQL :EXEC GetUserTreeMenu 'pramudyono hadi','1101',@CompanyId=2;
23/07/2021 14:20:18	SQL :EXEC GetUserTreeMenu 'pramudyono hadi','1102',@CompanyId=2;
23/07/2021 14:20:18	SQL :EXEC GetUserTreeMenu 'pramudyono hadi','1103',@CompanyId=2;
23/07/2021 14:20:18	SQL :EXEC GetUserTreeMenu 'pramudyono hadi','1104',@CompanyId=2;
23/07/2021 14:20:18	SQL :EXEC GetUserTreeMenu 'pramudyono hadi','1105',@CompanyId=2;
23/07/2021 14:20:18	SQL :EXEC GetUserTreeMenu 'pramudyono hadi','1106',@CompanyId=2;
23/07/2021 14:20:18	SQL :EXEC GetUserTreeMenu 'pramudyono hadi','1107',@CompanyId=2;
23/07/2021 14:20:18	SQL :EXEC GetUserTreeMenu 'pramudyono hadi','1108',@CompanyId=2;
23/07/2021 14:20:18	SQL :EXEC GetUserTreeMenu 'pramudyono hadi','1109',@CompanyId=2;
23/07/2021 14:20:18	SQL :EXEC GetUserTreeMenu 'pramudyono hadi','1110',@CompanyId=2;
23/07/2021 14:20:18	SQL :EXEC GetUserTreeMenu 'pramudyono hadi','1111',@CompanyId=2;
23/07/2021 14:20:18	SQL :EXEC GetUserTreeMenu 'pramudyono hadi','1112',@CompanyId=2;
23/07/2021 14:20:19	SQL :EXEC GetUserTreeMenu 'pramudyono hadi','1113',@CompanyId=2;
23/07/2021 14:20:19	SQL :EXEC GetUserTreeMenu 'pramudyono hadi','1114',@CompanyId=2;
23/07/2021 14:20:19	SQL :EXEC GetUserTreeMenu 'pramudyono hadi','1115',@CompanyId=2;
23/07/2021 14:20:19	SQL :EXEC GetUserTreeMenu 'pramudyono hadi','1116',@CompanyId=2;
23/07/2021 14:20:19	SQL :EXEC GetUserTreeMenu 'pramudyono hadi','1117',@CompanyId=2;
23/07/2021 14:20:19	SQL :EXEC GetUserTreeMenu 'pramudyono hadi','1198',@CompanyId=2;
23/07/2021 14:20:19	SQL :EXEC GetUserTreeMenu 'pramudyono hadi','1199',@CompanyId=2;
23/07/2021 14:20:19	SQL :EXEC GetUserSubMenu 'pramudyono hadi','12';
23/07/2021 14:20:19	SQL :EXEC GetUserTreeMenu 'pramudyono hadi','1201',@CompanyId=2;
23/07/2021 14:20:19	SQL :EXEC GetUserTreeMenu 'pramudyono hadi','1202',@CompanyId=2;
23/07/2021 14:20:19	SQL :EXEC GetUserTreeMenu 'pramudyono hadi','1203',@CompanyId=2;
23/07/2021 14:20:19	SQL :EXEC GetUserTreeMenu 'pramudyono hadi','1204',@CompanyId=2;
23/07/2021 14:20:19	SQL :EXEC GetUserTreeMenu 'pramudyono hadi','1205',@CompanyId=2;
23/07/2021 14:20:19	SQL :EXEC GetUserTreeMenu 'pramudyono hadi','1206',@CompanyId=2;
23/07/2021 14:20:19	SQL :EXEC GetUserTreeMenu 'pramudyono hadi','1207',@CompanyId=2;
23/07/2021 14:20:19	SQL :EXEC GetUserSubMenu 'pramudyono hadi','13';
23/07/2021 14:20:19	SQL :EXEC GetUserTreeMenu 'pramudyono hadi','1301',@CompanyId=2;
23/07/2021 14:20:19	SQL :EXEC GetUserTreeMenu 'pramudyono hadi','1302',@CompanyId=2;
23/07/2021 14:20:19	SQL :EXEC GetUserTreeMenu 'pramudyono hadi','1303',@CompanyId=2;
23/07/2021 14:20:19	SQL :EXEC GetUserTreeMenu 'pramudyono hadi','1304',@CompanyId=2;
23/07/2021 14:20:19	SQL :EXEC GetUserTreeMenu 'pramudyono hadi','1305',@CompanyId=2;
23/07/2021 14:20:19	SQL :EXEC GetUserTreeMenu 'pramudyono hadi','1306',@CompanyId=2;
23/07/2021 14:20:19	SQL :EXEC GetUserTreeMenu 'pramudyono hadi','1307',@CompanyId=2;
23/07/2021 14:20:19	SQL :EXEC GetUserTreeMenu 'pramudyono hadi','1308',@CompanyId=2;
23/07/2021 14:20:19	SQL :EXEC GetUserTreeMenu 'pramudyono hadi','1309',@CompanyId=2;
23/07/2021 14:20:19	SQL :EXEC GetUserTreeMenu 'pramudyono hadi','1310',@CompanyId=2;
23/07/2021 14:20:19	SQL :EXEC GetUserTreeMenu 'pramudyono hadi','1311',@CompanyId=2;
23/07/2021 14:20:19	SQL :EXEC GetUserTreeMenu 'pramudyono hadi','1312',@CompanyId=2;
23/07/2021 14:20:20	SQL :EXEC GetUserTreeMenu 'pramudyono hadi','1313',@CompanyId=2;
23/07/2021 14:20:20	SQL :EXEC GetUserTreeMenu 'pramudyono hadi','1314',@CompanyId=2;
23/07/2021 14:20:20	SQL :EXEC GetUserTreeMenu 'pramudyono hadi','1315',@CompanyId=2;
23/07/2021 14:20:20	SQL :EXEC GetUserTreeMenu 'pramudyono hadi','1316',@CompanyId=2;
23/07/2021 14:20:20	SQL :EXEC GetUserTreeMenu 'pramudyono hadi','1317',@CompanyId=2;
23/07/2021 14:20:20	SQL :EXEC GetUserTreeMenu 'pramudyono hadi','1318',@CompanyId=2;
23/07/2021 14:20:20	SQL :EXEC GetUserTreeMenu 'pramudyono hadi','1319',@CompanyId=2;
23/07/2021 14:20:20	SQL :EXEC GetUserTreeMenu 'pramudyono hadi','1320',@CompanyId=2;
23/07/2021 14:20:20	SQL :EXEC GetUserTreeMenu 'pramudyono hadi','1321',@CompanyId=2;
23/07/2021 14:20:20	SQL :EXEC GetUserSubMenu 'pramudyono hadi','14';
23/07/2021 14:20:20	SQL :EXEC GetUserTreeMenu 'pramudyono hadi','1401',@CompanyId=2;
23/07/2021 14:20:20	SQL :EXEC GetUserTreeMenu 'pramudyono hadi','1402',@CompanyId=2;
23/07/2021 14:20:20	SQL :EXEC GetUserTreeMenu 'pramudyono hadi','1403',@CompanyId=2;
23/07/2021 14:20:20	SQL :EXEC GetUserTreeMenu 'pramudyono hadi','1404',@CompanyId=2;
23/07/2021 14:20:20	SQL :EXEC GetUserTreeMenu 'pramudyono hadi','1406',@CompanyId=2;
23/07/2021 14:20:20	SQL :EXEC GetUserTreeMenu 'pramudyono hadi','1408',@CompanyId=2;
23/07/2021 14:20:20	SQL :EXEC GetUserTreeMenu 'pramudyono hadi','1410',@CompanyId=2;
23/07/2021 14:20:20	SQL :EXEC GetUserTreeMenu 'pramudyono hadi','1411',@CompanyId=2;
23/07/2021 14:20:20	SQL :EXEC GetUserTreeMenu 'pramudyono hadi','1412',@CompanyId=2;
23/07/2021 14:20:20	SQL :EXEC GetUserTreeMenu 'pramudyono hadi','1413',@CompanyId=2;
23/07/2021 14:20:20	SQL :EXEC GetUserTreeMenu 'pramudyono hadi','1414',@CompanyId=2;
23/07/2021 14:20:20	SQL :EXEC GetUserSubMenu 'pramudyono hadi','15';
23/07/2021 14:20:20	SQL :EXEC GetUserTreeMenu 'pramudyono hadi','1501',@CompanyId=2;
23/07/2021 14:20:20	SQL :EXEC GetUserTreeMenu 'pramudyono hadi','1502',@CompanyId=2;
23/07/2021 14:20:20	SQL :EXEC GetUserTreeMenu 'pramudyono hadi','1503',@CompanyId=2;
23/07/2021 14:20:21	SQL :EXEC GetUserTreeMenu 'pramudyono hadi','1504',@CompanyId=2;
23/07/2021 14:20:21	SQL :EXEC GetUserTreeMenu 'pramudyono hadi','1505',@CompanyId=2;
23/07/2021 14:20:21	SQL :EXEC GetUserTreeMenu 'pramudyono hadi','1506',@CompanyId=2;
23/07/2021 14:20:21	SQL :EXEC GetUserTreeMenu 'pramudyono hadi','1507',@CompanyId=2;
23/07/2021 14:20:21	SQL :EXEC GetUserTreeMenu 'pramudyono hadi','1508',@CompanyId=2;
23/07/2021 14:20:21	SQL :EXEC GetUserTreeMenu 'pramudyono hadi','1509',@CompanyId=2;
23/07/2021 14:20:21	SQL :EXEC GetUserTreeMenu 'pramudyono hadi','1510',@CompanyId=2;
23/07/2021 14:20:21	SQL :EXEC GetUserTreeMenu 'pramudyono hadi','1511',@CompanyId=2;
23/07/2021 14:20:21	SQL :EXEC GetUserSubMenu 'pramudyono hadi','16';
23/07/2021 14:20:21	SQL :EXEC GetUserTreeMenu 'pramudyono hadi','1601',@CompanyId=2;
23/07/2021 14:20:21	SQL :EXEC GetUserTreeMenu 'pramudyono hadi','1602',@CompanyId=2;
23/07/2021 14:20:21	SQL :EXEC GetUserTreeMenu 'pramudyono hadi','1603',@CompanyId=2;
23/07/2021 14:20:21	SQL :EXEC GetUserTreeMenu 'pramudyono hadi','1604',@CompanyId=2;
23/07/2021 14:20:21	SQL :EXEC GetUserTreeMenu 'pramudyono hadi','1605',@CompanyId=2;
23/07/2021 14:20:21	SQL :EXEC GetUserTreeMenu 'pramudyono hadi','1606',@CompanyId=2;
23/07/2021 14:20:21	SQL :EXEC GetUserTreeMenu 'pramudyono hadi','1607',@CompanyId=2;
23/07/2021 14:20:21	SQL :EXEC GetUserTreeMenu 'pramudyono hadi','1608',@CompanyId=2;
23/07/2021 14:20:21	SQL :EXEC GetUserTreeMenu 'pramudyono hadi','1609',@CompanyId=2;
23/07/2021 14:20:21	SQL :EXEC GetUserTreeMenu 'pramudyono hadi','1610',@CompanyId=2;
23/07/2021 14:20:21	SQL :EXEC GetUserTreeMenu 'pramudyono hadi','1611',@CompanyId=2;
23/07/2021 14:20:22	SQL :EXEC GetUserTreeMenu 'pramudyono hadi','1612',@CompanyId=2;
23/07/2021 14:20:22	SQL :EXEC GetUserTreeMenu 'pramudyono hadi','1613',@CompanyId=2;
23/07/2021 14:20:22	SQL :EXEC GetUserTreeMenu 'pramudyono hadi','1614',@CompanyId=2;
23/07/2021 14:20:22	SQL :EXEC GetUserTreeMenu 'pramudyono hadi','1615',@CompanyId=2;
23/07/2021 14:20:22	SQL :EXEC GetUserTreeMenu 'pramudyono hadi','1616',@CompanyId=2;
23/07/2021 14:20:22	SQL :EXEC GetUserTreeMenu 'pramudyono hadi','1619',@CompanyId=2;
23/07/2021 14:20:22	SQL :EXEC GetUserTreeMenu 'pramudyono hadi','1620',@CompanyId=2;
23/07/2021 14:20:22	SQL :EXEC GetUserSubMenu 'pramudyono hadi','17';
23/07/2021 14:20:22	SQL :EXEC GetUserTreeMenu 'pramudyono hadi','1701',@CompanyId=2;
23/07/2021 14:20:22	SQL :EXEC GetUserTreeMenu 'pramudyono hadi','1702',@CompanyId=2;
23/07/2021 14:20:22	SQL :EXEC GetUserTreeMenu 'pramudyono hadi','1703',@CompanyId=2;
23/07/2021 14:20:22	SQL :EXEC GetUserTreeMenu 'pramudyono hadi','1704',@CompanyId=2;
23/07/2021 14:20:22	SQL :EXEC GetUserTreeMenu 'pramudyono hadi','1705',@CompanyId=2;
23/07/2021 14:20:22	SQL :EXEC GetUserTreeMenu 'pramudyono hadi','1706',@CompanyId=2;
23/07/2021 14:20:22	SQL :EXEC GetUserTreeMenu 'pramudyono hadi','1707',@CompanyId=2;
23/07/2021 14:20:22	SQL :EXEC GetUserTreeMenu 'pramudyono hadi','1708',@CompanyId=2;
23/07/2021 14:20:22	SQL :EXEC GetUserTreeMenu 'pramudyono hadi','1709',@CompanyId=2;
23/07/2021 14:20:22	SQL :EXEC GetUserTreeMenu 'pramudyono hadi','1710',@CompanyId=2;
23/07/2021 14:20:22	SQL :EXEC GetUserTreeMenu 'pramudyono hadi','1711',@CompanyId=2;
23/07/2021 14:20:22	SQL :EXEC GetUserTreeMenu 'pramudyono hadi','1712',@CompanyId=2;
23/07/2021 14:20:22	SQL :EXEC GetUserTreeMenu 'pramudyono hadi','1713',@CompanyId=2;
23/07/2021 14:20:22	SQL :EXEC GetUserTreeMenu 'pramudyono hadi','1714',@CompanyId=2;
23/07/2021 14:20:22	SQL :EXEC GetUserTreeMenu 'pramudyono hadi','1715',@CompanyId=2;
23/07/2021 14:20:23	SQL :EXEC GetUserTreeMenu 'pramudyono hadi','1716',@CompanyId=2;
23/07/2021 14:20:23	SQL :EXEC GetUserTreeMenu 'pramudyono hadi','1717',@CompanyId=2;
23/07/2021 14:20:23	SQL :EXEC GetUserSubMenu 'pramudyono hadi','18';
23/07/2021 14:20:23	SQL :EXEC GetUserTreeMenu 'pramudyono hadi','1801',@CompanyId=2;
23/07/2021 14:20:23	SQL :EXEC GetUserSubMenu 'pramudyono hadi','19';
23/07/2021 14:20:23	SQL :EXEC GetUserTreeMenu 'pramudyono hadi','1901',@CompanyId=2;
23/07/2021 14:20:23	SQL :EXEC GetUserTreeMenu 'pramudyono hadi','1902',@CompanyId=2;
23/07/2021 14:20:23	SQL :EXEC GetUserTreeMenu 'pramudyono hadi','1903',@CompanyId=2;
23/07/2021 14:20:23	SQL :EXEC GetUserTreeMenu 'pramudyono hadi','1904',@CompanyId=2;
23/07/2021 14:20:23	SQL :EXEC GetUserTreeMenu 'pramudyono hadi','1905',@CompanyId=2;
23/07/2021 14:20:23	SQL :EXEC GetUserTreeMenu 'pramudyono hadi','1906',@CompanyId=2;
23/07/2021 14:20:23	SQL :EXEC GetUserTreeMenu 'pramudyono hadi','1907',@CompanyId=2;
23/07/2021 14:20:23	SQL :EXEC GetUserTreeMenu 'pramudyono hadi','1908',@CompanyId=2;
23/07/2021 14:20:23	SQL :EXEC GetUserTreeMenu 'pramudyono hadi','1909',@CompanyId=2;
23/07/2021 14:20:23	SQL :EXEC GetUserTreeMenu 'pramudyono hadi','1910',@CompanyId=2;
23/07/2021 14:20:23	SQL :EXEC GetUserTreeMenu 'pramudyono hadi','1911',@CompanyId=2;
23/07/2021 14:20:23	SQL :EXEC GetUserTreeMenu 'pramudyono hadi','1912',@CompanyId=2;
23/07/2021 14:20:23	SQL :SELECT CONVERT(VARCHAR(8),GETDATE(),108) AS hour_minute;
23/07/2021 14:20:23	SQL :SELECT CONVERT(VARCHAR(10),GETDATE(),103) AS date_time;
23/07/2021 14:20:23	Loading Setting
23/07/2021 14:20:23	Open DB Connection
23/07/2021 14:20:23	SQL :SELECT * FROM wh_setting WHERE setting_name='Hold_Less_Deposit';
23/07/2021 14:20:23	SQL :SELECT * FROM wh_setting WHERE setting_name='Max_Less_Deposit';
23/07/2021 14:20:23	SQL :SELECT * FROM wh_setting WHERE setting_name='Dashboard_2';
23/07/2021 14:20:23	Finish Logging
23/07/2021 14:20:23	SQL :SELECT value_string FROM wh_setting WHERE (setting_name='Interval_CheckInDate') AND (active=1);
23/07/2021 14:20:23	SQL :SELECT value_string FROM wh_setting WHERE (setting_name='Interval_CheckInTime') AND (active=1);
23/07/2021 14:20:23	SQL :SELECT value_string FROM wh_setting WHERE (setting_name='ChatEnable') and (active=1);
23/07/2021 14:20:24	Message:Port Check
23/07/2021 14:20:24	Message:Open DB Connection
23/07/2021 14:20:24	SQL :EXEC GetMessage '01','pramudyono hadi';
23/07/2021 14:20:24	SQL :SELECT CONVERT(VARCHAR(8),GETDATE(),108) AS hour_minute;
23/07/2021 14:20:24	SQL :SELECT CONVERT(VARCHAR(10),GETDATE(),103) AS date_time;
23/07/2021 14:20:27	Open Menu :130512
23/07/2021 14:20:27	Open DB Connection
23/07/2021 14:20:27	SQL :EXEC AuthMenu 'pramudyono hadi',130512;
23/07/2021 14:20:27	Form Check :SplitBusSJ
23/07/2021 14:20:28	Form Check :SPJBusList
23/07/2021 14:20:28	Form Open: ProductPriceList=SplitSJ,0,-1,2
23/07/2021 14:20:28	Open DB Connection
23/07/2021 14:20:28	SQL :EXEC GetCompanyLocationList
23/07/2021 14:20:28	Open DB Connection
23/07/2021 14:20:28	SQL :EXEC GetVhcOutList2 6,1,2,@AllFoward=2,@InOut=2;
23/07/2021 14:20:31	Form Check :Setting
23/07/2021 14:20:31	Form Open: Setting
23/07/2021 14:20:33	Open DB Connection
23/07/2021 14:20:33	SQL :EXEC GetVhcOutList2 6,1,2,@AllFoward=1,@InOut=2;
23/07/2021 14:20:34	Open DB Connection
23/07/2021 14:20:34	SQL :EXEC GetVhcOutList2 6,1,2,@AllFoward=-1,@InOut=2;
23/07/2021 14:21:08	Form Check :SPJBusList
23/07/2021 14:21:08	Form Open: ProductPriceList=SplitSJ-SJAdd,0,-1,1
23/07/2021 14:21:08	Open DB Connection
23/07/2021 14:21:08	SQL :EXEC GetCompanyLocationList
23/07/2021 14:21:08	Open DB Connection
23/07/2021 14:21:08	SQL :EXEC GetVhcOutList2 6,1,2,@AllFoward=2,@InOut=1;
23/07/2021 14:21:10	Open DB Connection
23/07/2021 14:21:10	SQL :EXEC GetVhcOutList2 6,1,2,@AllFoward=-2,@InOut=1;
23/07/2021 14:21:10	Open DB Connection
23/07/2021 14:21:10	SQL :EXEC GetVhcOutList2 6,1,2,@AllFoward=-1,@InOut=1;
23/07/2021 14:21:32	Form Check :SPJBusList
23/07/2021 14:21:32	Form Open: ProductPriceList=SplitSJ-SJAdd,0,-1,1
23/07/2021 14:21:32	Open DB Connection
23/07/2021 14:21:32	SQL :EXEC GetCompanyLocationList
23/07/2021 14:21:32	Open DB Connection
23/07/2021 14:21:32	SQL :EXEC GetVhcOutList2 6,1,2,@AllFoward=2,@InOut=1;
23/07/2021 14:21:33	Open DB Connection
23/07/2021 14:21:33	SQL :EXEC GetVhcOutList2 6,1,2,@AllFoward=1,@InOut=1;
23/07/2021 14:21:34	Open DB Connection
23/07/2021 14:21:34	SQL :EXEC GetVhcOutList2 6,1,2,@AllFoward=-1,@InOut=1;
23/07/2021 14:23:08	Form Check :SPJBusList
23/07/2021 14:23:08	Form Open: ProductPriceList=SplitSJ-SJAdd,0,-1,1
23/07/2021 14:23:08	Open DB Connection
23/07/2021 14:23:08	SQL :EXEC GetCompanyLocationList
23/07/2021 14:23:08	Open DB Connection
23/07/2021 14:23:08	SQL :EXEC GetVhcOutList2 6,1,2,@AllFoward=2,@InOut=1;
23/07/2021 14:23:09	Open DB Connection
23/07/2021 14:23:09	SQL :EXEC GetVhcOutList2 6,1,2,@AllFoward=1,@InOut=1;
23/07/2021 14:23:10	Open DB Connection
23/07/2021 14:23:10	SQL :EXEC GetVhcOutList2 6,1,2,@AllFoward=-23/07/2021 14:35:16	Get Local Settings
23/07/2021 14:35:16	Start Change Local Settings
23/07/2021 14:35:16	Change short date format
23/07/2021 14:35:16	Change Long date format
23/07/2021 14:35:16	Finish Change Local Settings
23/07/2021 14:35:16	Registry Read: Path=SOFTWARE\WEHA\Aplikasi\3
23/07/2021 14:35:16	Registry Read/Write
23/07/2021 14:35:16	Registry Read: Path=SOFTWARE\WEHA\Aplikasi\3
23/07/2021 14:35:16	Setting DB Param
23/07/2021 14:35:16	Create DB Object
23/07/2021 14:35:16	Init DB
23/07/2021 14:35:16	Finish Init DB
23/07/2021 14:35:16	Get File Version
23/07/2021 14:35:16	Change  Caption
23/07/2021 14:35:16	Init Shortkey
23/07/2021 14:35:48	Setting DB Param
23/07/2021 14:35:48	Create DB Object
23/07/2021 14:35:48	Init DB
23/07/2021 14:35:48	Finish Init DB
23/07/2021 14:35:49	Update new version check
23/07/2021 14:35:49	Open DB Connection
23/07/2021 14:35:49	SQL :
23/07/2021 14:35:49	Update check version
23/07/2021 14:35:49	Open DB Connection
23/07/2021 14:35:49	SQL :SELECT version FROM wh_application WHERE application_id=(SELECT MAX(application_id) FROM wh_application);
23/07/2021 14:35:49	Start Login
23/07/2021 14:35:49	Open DB Connection
23/07/2021 14:35:49	SQL :EXEC AuthenticateUser 'pramudyono hadi','6f2b8366efa56f0c06dd6b31fcff8a73';
23/07/2021 14:35:49	SQL :INSERT INTO wh_log (user_id,app_date,app_version,app_version_svr,location_id,company_id,department_id,host_name,ip_address)  VALUES ('pramudyono hadi','23/07/2021','6.1.3.7','6.1.3.2',6,2,13,'DESKTOP-S1PD9OD','192.168.25.214');
23/07/2021 14:35:49	Open DB Connection
23/07/2021 14:35:49	SQL :EXEC GetUserMenu 'pramudyono hadi';
23/07/2021 14:35:50	SQL :EXEC GetUserSubMenu 'pramudyono hadi','11';
23/07/2021 14:35:50	SQL :EXEC GetUserTreeMenu 'pramudyono hadi','1101',@CompanyId=2;
23/07/2021 14:35:50	SQL :EXEC GetUserTreeMenu 'pramudyono hadi','1102',@CompanyId=2;
23/07/2021 14:35:50	SQL :EXEC GetUserTreeMenu 'pramudyono hadi','1103',@CompanyId=2;
23/07/2021 14:35:50	SQL :EXEC GetUserTreeMenu 'pramudyono hadi','1104',@CompanyId=2;
23/07/2021 14:35:50	SQL :EXEC GetUserTreeMenu 'pramudyono hadi','1105',@CompanyId=2;
23/07/2021 14:35:50	SQL :EXEC GetUserTreeMenu 'pramudyono hadi','1106',@CompanyId=2;
23/07/2021 14:35:50	SQL :EXEC GetUserTreeMenu 'pramudyono hadi','1107',@CompanyId=2;
23/07/2021 14:35:50	SQL :EXEC GetUserTreeMenu 'pramudyono hadi','1108',@CompanyId=2;
23/07/2021 14:35:50	SQL :EXEC GetUserTreeMenu 'pramudyono hadi','1109',@CompanyId=2;
23/07/2021 14:35:50	SQL :EXEC GetUserTreeMenu 'pramudyono hadi','1110',@CompanyId=2;
23/07/2021 14:35:50	SQL :EXEC GetUserTreeMenu 'pramudyono hadi','1111',@CompanyId=2;
23/07/2021 14:35:50	SQL :EXEC GetUserTreeMenu 'pramudyono hadi','1112',@CompanyId=2;
23/07/2021 14:35:50	SQL :EXEC GetUserTreeMenu 'pramudyono hadi','1113',@CompanyId=2;
23/07/2021 14:35:50	SQL :EXEC GetUserTreeMenu 'pramudyono hadi','1114',@CompanyId=2;
23/07/2021 14:35:50	SQL :EXEC GetUserTreeMenu 'pramudyono hadi','1115',@CompanyId=2;
23/07/2021 14:35:50	SQL :EXEC GetUserTreeMenu 'pramudyono hadi','1116',@CompanyId=2;
23/07/2021 14:35:50	SQL :EXEC GetUserTreeMenu 'pramudyono hadi','1117',@CompanyId=2;
23/07/2021 14:35:50	SQL :EXEC GetUserTreeMenu 'pramudyono hadi','1198',@CompanyId=2;
23/07/2021 14:35:50	SQL :EXEC GetUserTreeMenu 'pramudyono hadi','1199',@CompanyId=2;
23/07/2021 14:35:50	SQL :EXEC GetUserSubMenu 'pramudyono hadi','12';
23/07/2021 14:35:50	SQL :EXEC GetUserTreeMenu 'pramudyono hadi','1201',@CompanyId=2;
23/07/2021 14:35:50	SQL :EXEC GetUserTreeMenu 'pramudyono hadi','1202',@CompanyId=2;
23/07/2021 14:35:50	SQL :EXEC GetUserTreeMenu 'pramudyono hadi','1203',@CompanyId=2;
23/07/2021 14:35:50	SQL :EXEC GetUserTreeMenu 'pramudyono hadi','1204',@CompanyId=2;
23/07/2021 14:35:50	SQL :EXEC GetUserTreeMenu 'pramudyono hadi','1205',@CompanyId=2;
23/07/2021 14:35:50	SQL :EXEC GetUserTreeMenu 'pramudyono hadi','1206',@CompanyId=2;
23/07/2021 14:35:50	SQL :EXEC GetUserTreeMenu 'pramudyono hadi','1207',@CompanyId=2;
23/07/2021 14:35:50	SQL :EXEC GetUserSubMenu 'pramudyono hadi','13';
23/07/2021 14:35:50	SQL :EXEC GetUserTreeMenu 'pramudyono hadi','1301',@CompanyId=2;
23/07/2021 14:35:50	SQL :EXEC GetUserTreeMenu 'pramudyono hadi','1302',@CompanyId=2;
23/07/2021 14:35:50	SQL :EXEC GetUserTreeMenu 'pramudyono hadi','1303',@CompanyId=2;
23/07/2021 14:35:50	SQL :EXEC GetUserTreeMenu 'pramudyono hadi','1304',@CompanyId=2;
23/07/2021 14:35:50	SQL :EXEC GetUserTreeMenu 'pramudyono hadi','1305',@CompanyId=2;
23/07/2021 14:35:50	SQL :EXEC GetUserTreeMenu 'pramudyono hadi','1306',@CompanyId=2;
23/07/2021 14:35:50	SQL :EXEC GetUserTreeMenu 'pramudyono hadi','1307',@CompanyId=2;
23/07/2021 14:35:50	SQL :EXEC GetUserTreeMenu 'pramudyono hadi','1308',@CompanyId=2;
23/07/2021 14:35:50	SQL :EXEC GetUserTreeMenu 'pramudyono hadi','1309',@CompanyId=2;
23/07/2021 14:35:50	SQL :EXEC GetUserTreeMenu 'pramudyono hadi','1310',@CompanyId=2;
23/07/2021 14:35:50	SQL :EXEC GetUserTreeMenu 'pramudyono hadi','1311',@CompanyId=2;
23/07/2021 14:35:50	SQL :EXEC GetUserTreeMenu 'pramudyono hadi','1312',@CompanyId=2;
23/07/2021 14:35:50	SQL :EXEC GetUserTreeMenu 'pramudyono hadi','1313',@CompanyId=2;
23/07/2021 14:35:50	SQL :EXEC GetUserTreeMenu 'pramudyono hadi','1314',@CompanyId=2;
23/07/2021 14:35:50	SQL :EXEC GetUserTreeMenu 'pramudyono hadi','1315',@CompanyId=2;
23/07/2021 14:35:50	SQL :EXEC GetUserTreeMenu 'pramudyono hadi','1316',@CompanyId=2;
23/07/2021 14:35:50	SQL :EXEC GetUserTreeMenu 'pramudyono hadi','1317',@CompanyId=2;
23/07/2021 14:35:50	SQL :EXEC GetUserTreeMenu 'pramudyono hadi','1318',@CompanyId=2;
23/07/2021 14:35:50	SQL :EXEC GetUserTreeMenu 'pramudyono hadi','1319',@CompanyId=2;
23/07/2021 14:35:50	SQL :EXEC GetUserTreeMenu 'pramudyono hadi','1320',@CompanyId=2;
23/07/2021 14:35:50	SQL :EXEC GetUserTreeMenu 'pramudyono hadi','1321',@CompanyId=2;
23/07/2021 14:35:50	SQL :EXEC GetUserSubMenu 'pramudyono hadi','14';
23/07/2021 14:35:50	SQL :EXEC GetUserTreeMenu 'pramudyono hadi','1401',@CompanyId=2;
23/07/2021 14:35:50	SQL :EXEC GetUserTreeMenu 'pramudyono hadi','1402',@CompanyId=2;
23/07/2021 14:35:50	SQL :EXEC GetUserTreeMenu 'pramudyono hadi','1403',@CompanyId=2;
23/07/2021 14:35:50	SQL :EXEC GetUserTreeMenu 'pramudyono hadi','1404',@CompanyId=2;
23/07/2021 14:35:50	SQL :EXEC GetUserTreeMenu 'pramudyono hadi','1406',@CompanyId=2;
23/07/2021 14:35:50	SQL :EXEC GetUserTreeMenu 'pramudyono hadi','1408',@CompanyId=2;
23/07/2021 14:35:51	SQL :EXEC GetUserTreeMenu 'pramudyono hadi','1410',@CompanyId=2;
23/07/2021 14:35:51	SQL :EXEC GetUserTreeMenu 'pramudyono hadi','1411',@CompanyId=2;
23/07/2021 14:35:51	SQL :EXEC GetUserTreeMenu 'pramudyono hadi','1412',@CompanyId=2;
23/07/2021 14:35:51	SQL :EXEC GetUserTreeMenu 'pramudyono hadi','1413',@CompanyId=2;
23/07/2021 14:35:51	SQL :EXEC GetUserTreeMenu 'pramudyono hadi','1414',@CompanyId=2;
23/07/2021 14:35:51	SQL :EXEC GetUserSubMenu 'pramudyono hadi','15';
23/07/2021 14:35:51	SQL :EXEC GetUserTreeMenu 'pramudyono hadi','1501',@CompanyId=2;
23/07/2021 14:35:51	SQL :EXEC GetUserTreeMenu 'pramudyono hadi','1502',@CompanyId=2;
23/07/2021 14:35:51	SQL :EXEC GetUserTreeMenu 'pramudyono hadi','1503',@CompanyId=2;
23/07/2021 14:35:51	SQL :EXEC GetUserTreeMenu 'pramudyono hadi','1504',@CompanyId=2;
23/07/2021 14:35:51	SQL :EXEC GetUserTreeMenu 'pramudyono hadi','1505',@CompanyId=2;
23/07/2021 14:35:51	SQL :EXEC GetUserTreeMenu 'pramudyono hadi','1506',@CompanyId=2;
23/07/2021 14:35:51	SQL :EXEC GetUserTreeMenu 'pramudyono hadi','1507',@CompanyId=2;
23/07/2021 14:35:51	SQL :EXEC GetUserTreeMenu 'pramudyono hadi','1508',@CompanyId=2;
23/07/2021 14:35:51	SQL :EXEC GetUserTreeMenu 'pramudyono hadi','1509',@CompanyId=2;
23/07/2021 14:35:51	SQL :EXEC GetUserTreeMenu 'pramudyono hadi','1510',@CompanyId=2;
23/07/2021 14:35:51	SQL :EXEC GetUserTreeMenu 'pramudyono hadi','1511',@CompanyId=2;
23/07/2021 14:35:51	SQL :EXEC GetUserSubMenu 'pramudyono hadi','16';
23/07/2021 14:35:51	SQL :EXEC GetUserTreeMenu 'pramudyono hadi','1601',@CompanyId=2;
23/07/2021 14:35:51	SQL :EXEC GetUserTreeMenu 'pramudyono hadi','1602',@CompanyId=2;
23/07/2021 14:35:51	SQL :EXEC GetUserTreeMenu 'pramudyono hadi','1603',@CompanyId=2;
23/07/2021 14:35:51	SQL :EXEC GetUserTreeMenu 'pramudyono hadi','1604',@CompanyId=2;
23/07/2021 14:35:51	SQL :EXEC GetUserTreeMenu 'pramudyono hadi','1605',@CompanyId=2;
23/07/2021 14:35:51	SQL :EXEC GetUserTreeMenu 'pramudyono hadi','1606',@CompanyId=2;
23/07/2021 14:35:51	SQL :EXEC GetUserTreeMenu 'pramudyono hadi','1607',@CompanyId=2;
23/07/2021 14:35:51	SQL :EXEC GetUserTreeMenu 'pramudyono hadi','1608',@CompanyId=2;
23/07/2021 14:35:51	SQL :EXEC GetUserTreeMenu 'pramudyono hadi','1609',@CompanyId=2;
23/07/2021 14:35:51	SQL :EXEC GetUserTreeMenu 'pramudyono hadi','1610',@CompanyId=2;
23/07/2021 14:35:51	SQL :EXEC GetUserTreeMenu 'pramudyono hadi','1611',@CompanyId=2;
23/07/2021 14:35:51	SQL :EXEC GetUserTreeMenu 'pramudyono hadi','1612',@CompanyId=2;
23/07/2021 14:35:51	SQL :EXEC GetUserTreeMenu 'pramudyono hadi','1613',@CompanyId=2;
23/07/2021 14:35:51	SQL :EXEC GetUserTreeMenu 'pramudyono hadi','1614',@CompanyId=2;
23/07/2021 14:35:51	SQL :EXEC GetUserTreeMenu 'pramudyono hadi','1615',@CompanyId=2;
23/07/2021 14:35:51	SQL :EXEC GetUserTreeMenu 'pramudyono hadi','1616',@CompanyId=2;
23/07/2021 14:35:51	SQL :EXEC GetUserTreeMenu 'pramudyono hadi','1619',@CompanyId=2;
23/07/2021 14:35:51	SQL :EXEC GetUserTreeMenu 'pramudyono hadi','1620',@CompanyId=2;
23/07/2021 14:35:51	SQL :EXEC GetUserSubMenu 'pramudyono hadi','17';
23/07/2021 14:35:51	SQL :EXEC GetUserTreeMenu 'pramudyono hadi','1701',@CompanyId=2;
23/07/2021 14:35:51	SQL :EXEC GetUserTreeMenu 'pramudyono hadi','1702',@CompanyId=2;
23/07/2021 14:35:51	SQL :EXEC GetUserTreeMenu 'pramudyono hadi','1703',@CompanyId=2;
23/07/2021 14:35:51	SQL :EXEC GetUserTreeMenu 'pramudyono hadi','1704',@CompanyId=2;
23/07/2021 14:35:51	SQL :EXEC GetUserTreeMenu 'pramudyono hadi','1705',@CompanyId=2;
23/07/2021 14:35:51	SQL :EXEC GetUserTreeMenu 'pramudyono hadi','1706',@CompanyId=2;
23/07/2021 14:35:51	SQL :EXEC GetUserTreeMenu 'pramudyono hadi','1707',@CompanyId=2;
23/07/2021 14:35:51	SQL :EXEC GetUserTreeMenu 'pramudyono hadi','1708',@CompanyId=2;
23/07/2021 14:35:51	SQL :EXEC GetUserTreeMenu 'pramudyono hadi','1709',@CompanyId=2;
23/07/2021 14:35:51	SQL :EXEC GetUserTreeMenu 'pramudyono hadi','1710',@CompanyId=2;
23/07/2021 14:35:51	SQL :EXEC GetUserTreeMenu 'pramudyono hadi','1711',@CompanyId=2;
23/07/2021 14:35:51	SQL :EXEC GetUserTreeMenu 'pramudyono hadi','1712',@CompanyId=2;
23/07/2021 14:35:51	SQL :EXEC GetUserTreeMenu 'pramudyono hadi','1713',@CompanyId=2;
23/07/2021 14:35:51	SQL :EXEC GetUserTreeMenu 'pramudyono hadi','1714',@CompanyId=2;
23/07/2021 14:35:51	SQL :EXEC GetUserTreeMenu 'pramudyono hadi','1715',@CompanyId=2;
23/07/2021 14:35:51	SQL :EXEC GetUserTreeMenu 'pramudyono hadi','1716',@CompanyId=2;
23/07/2021 14:35:51	SQL :EXEC GetUserTreeMenu 'pramudyono hadi','1717',@CompanyId=2;
23/07/2021 14:35:51	SQL :EXEC GetUserSubMenu 'pramudyono hadi','18';
23/07/2021 14:35:51	SQL :EXEC GetUserTreeMenu 'pramudyono hadi','1801',@CompanyId=2;
23/07/2021 14:35:52	SQL :EXEC GetUserSubMenu 'pramudyono hadi','19';
23/07/2021 14:35:52	SQL :EXEC GetUserTreeMenu 'pramudyono hadi','1901',@CompanyId=2;
23/07/2021 14:35:52	SQL :EXEC GetUserTreeMenu 'pramudyono hadi','1902',@CompanyId=2;
23/07/2021 14:35:52	SQL :EXEC GetUserTreeMenu 'pramudyono hadi','1903',@CompanyId=2;
23/07/2021 14:35:52	SQL :EXEC GetUserTreeMenu 'pramudyono hadi','1904',@CompanyId=2;
23/07/2021 14:35:52	SQL :EXEC GetUserTreeMenu 'pramudyono hadi','1905',@CompanyId=2;
23/07/2021 14:35:52	SQL :EXEC GetUserTreeMenu 'pramudyono hadi','1906',@CompanyId=2;
23/07/2021 14:35:52	SQL :EXEC GetUserTreeMenu 'pramudyono hadi','1907',@CompanyId=2;
23/07/2021 14:35:52	SQL :EXEC GetUserTreeMenu 'pramudyono hadi','1908',@CompanyId=2;
23/07/2021 14:35:52	SQL :EXEC GetUserTreeMenu 'pramudyono hadi','1909',@CompanyId=2;
23/07/2021 14:35:52	SQL :EXEC GetUserTreeMenu 'pramudyono hadi','1910',@CompanyId=2;
23/07/2021 14:35:52	SQL :EXEC GetUserTreeMenu 'pramudyono hadi','1911',@CompanyId=2;
23/07/2021 14:35:52	SQL :EXEC GetUserTreeMenu 'pramudyono hadi','1912',@CompanyId=2;
23/07/2021 14:35:52	SQL :SELECT CONVERT(VARCHAR(8),GETDATE(),108) AS hour_minute;
23/07/2021 14:35:52	SQL :SELECT CONVERT(VARCHAR(10),GETDATE(),103) AS date_time;
23/07/2021 14:35:52	Loading Setting
23/07/2021 14:35:52	Open DB Connection
23/07/2021 14:35:52	SQL :SELECT * FROM wh_setting WHERE setting_name='Hold_Less_Deposit';
23/07/2021 14:35:52	SQL :SELECT * FROM wh_setting WHERE setting_name='Max_Less_Deposit';
23/07/2021 14:35:52	SQL :SELECT * FROM wh_setting WHERE setting_name='Dashboard_2';
23/07/2021 14:35:52	Finish Logging
23/07/2021 14:35:52	SQL :SELECT value_string FROM wh_setting WHERE (setting_name='Interval_CheckInDate') AND (active=1);
23/07/2021 14:35:52	SQL :SELECT value_string FROM wh_setting WHERE (setting_name='Interval_CheckInTime') AND (active=1);
23/07/2021 14:35:52	SQL :SELECT value_string FROM wh_setting WHERE (setting_name='ChatEnable') and (active=1);
23/07/2021 14:35:53	Message:Port Check
23/07/2021 14:35:53	Message:Open DB Connection
23/07/2021 14:35:53	SQL :EXEC GetMessage '01','pramudyono hadi';
23/07/2021 14:35:53	SQL :SELECT CONVERT(VARCHAR(8),GETDATE(),108) AS hour_minute;
23/07/2021 14:35:53	SQL :SELECT CONVERT(VARCHAR(10),GETDATE(),103) AS date_time;
23/07/2021 14:35:55	Open Menu :130512
23/07/2021 14:35:55	Open DB Connection
23/07/2021 14:35:55	SQL :EXEC AuthMenu 'pramudyono hadi',130512;
23/07/2021 14:35:55	Form Check :SplitBusSJ
23/07/2021 14:35:58	Form Check :SPJBusList
23/07/2021 14:35:58	Form Open: ProductPriceList=SplitSJ,0,-1,2
23/07/2021 14:35:58	Open DB Connection
23/07/2021 14:35:58	SQL :EXEC GetCompanyLocationList
23/07/2021 14:35:58	Open DB Connection
23/07/2021 14:35:58	SQL :EXEC GetVhcOutList2 6,1,2,@AllFoward=2,@InOut=2;
23/07/2021 14:36:02	Open DB Connection
23/07/2021 14:36:02	SQL :EXEC GetVhcOutList2 6,1,2,@AllFoward=1,@InOut=2;
23/07/2021 14:36:03	Open DB Connection
23/07/2021 14:36:03	SQL :EXEC GetVhcOutList2 6,1,2,@AllFoward=-1,@InOut=2;
23/07/2021 14:38:06	Form Check :SPJBusList
23/07/2021 14:38:06	Form Open: ProductPriceList=SplitSJ-SJAdd,0,-1,1
23/07/2021 14:38:06	Open DB Connection
23/07/2021 14:38:06	SQL :EXEC GetCompanyLocationList
23/07/2021 14:38:06	Open DB Connection
23/07/2021 14:38:06	SQL :EXEC GetVhcOutList2 6,1,2,@AllFoward=2,@InOut=1;
23/07/2021 14:38:07	Open DB Connection
23/07/2021 14:38:07	SQL :EXEC GetVhcOutList2 6,1,2,@AllFoward=-2,@InOut=1;
23/07/2021 14:38:08	Open DB Connection
23/07/2021 14:38:08	SQL :EXEC GetVhcOutList2 6,1,2,@AllFoward=-1,@InOut=1;
23/07/2021 14:38:32	Form Check :SPJBusList
23/07/2021 14:38:32	Form Open: ProductPriceList=SplitSJ-SJAdd,0,-1,1
23/07/2021 14:38:32	Open DB Connection
23/07/2021 14:38:32	SQL :EXEC GetCompanyLocationList
23/07/2021 14:38:32	Open DB Connection
23/07/2021 14:38:32	SQL :EXEC GetVhcOutList2 6,1,2,@AllFoward=2,@InOut=1;
23/07/2021 14:38:33	Open DB Connection
23/07/2021 14:38:33	SQL :EXEC GetVhcOutList2 6,1,2,@AllFoward=-2,@InOut=1;
23/07/2021 14:38:34	Open DB Connection
23/07/2021 14:38:34	SQL :EXEC GetVhcOutList2 6,1,2,@AllFoward=-1,@InOut=1;
23/07/2021 14:39:44	Form Check :SPJBusList
23/07/2021 14:39:44	Form Open: ProductPriceList=SplitSJ-SJAdd,0,-1,1
23/07/2021 14:39:44	Open DB Connection
23/07/2021 14:39:44	SQL :EXEC GetCompanyLocationList
23/07/2021 14:39:44	Open DB Connection
23/07/2021 14:39:44	SQL :EXEC GetVhcOutList2 6,1,2,@AllFoward=2,@InOut=1;
23/07/2021 14:39:45	Open DB Connection
23/07/2021 14:39:45	SQL :EXEC GetVhcOutList2 6,1,2,@AllFoward=-2,@InOut=1;
23/07/2021 14:39:46	Open DB Connection
23/07/2021 14:39:46	SQL :EXEC GetVhcOutList2 6,1,2,@AllFoward=-1,@InOut=1;
23/07/2021 14:40:32	Open DB Connection
23/07/2021 14:46:51	Message:Port Check
23/07/2021 14:46:51	Message:Open DB Connection
23/07/2021 14:46:51	SQL :EXEC GetMessage '01','pramudyono hadi';
23/07/2021 14:46:51	SQL :SELECT CONVERT(VARCHAR(8),GETDATE(),108) AS hour_minute;
23/07/2021 14:46:51	SQL :SELECT CONVERT(VARCH23/07/2021 14:54:47	Get Local Settings
23/07/2021 14:54:47	Start Change Local Settings
23/07/2021 14:54:47	Change short date format
23/07/2021 14:54:47	Change Long date format
23/07/2021 14:54:47	Finish Change Local Settings
23/07/2021 14:54:47	Registry Read: Path=SOFTWARE\WEHA\Aplikasi\3
23/07/2021 14:54:47	Registry Read/Write
23/07/2021 14:54:47	Registry Read: Path=SOFTWARE\WEHA\Aplikasi\3
23/07/2021 14:54:47	Setting DB Param
23/07/2021 14:54:47	Create DB Object
23/07/2021 14:54:47	Init DB
23/07/2021 14:54:47	Finish Init DB
23/07/2021 14:54:47	Get File Version
23/07/2021 14:54:47	Change  Caption
23/07/2021 14:54:47	Init Shortkey
23/07/2021 14:54:50	Setting DB Param
23/07/2021 14:54:50	Create DB Object
23/07/2021 14:54:50	Init DB
23/07/2021 14:54:50	Finish Init DB
23/07/2021 14:54:51	Update new version check
23/07/2021 14:54:51	Open DB Connection
23/07/2021 14:54:51	SQL :
23/07/2021 14:54:51	Update check version
23/07/2021 14:54:51	Open DB Connection
23/07/2021 14:54:51	SQL :SELECT version FROM wh_application WHERE application_id=(SELECT MAX(application_id) FROM wh_application);
23/07/2021 14:54:51	Start Login
23/07/2021 14:54:51	Open DB Connection
23/07/2021 14:54:51	SQL :EXEC AuthenticateUser 'pramudyono hadi','6f2b8366efa56f0c06dd6b31fcff8a73';
23/07/2021 14:54:51	SQL :INSERT INTO wh_log (user_id,app_date,app_version,app_version_svr,location_id,company_id,department_id,host_name,ip_address)  VALUES ('pramudyono hadi','23/07/2021','6.1.3.7','6.1.3.2',6,2,13,'DESKTOP-S1PD9OD','192.168.25.214');
23/07/2021 14:54:51	Open DB Connection
23/07/2021 14:54:51	SQL :EXEC GetUserMenu 'pramudyono hadi';
23/07/2021 14:54:51	SQL :EXEC GetUserSubMenu 'pramudyono hadi','11';
23/07/2021 14:54:51	SQL :EXEC GetUserTreeMenu 'pramudyono hadi','1101',@CompanyId=2;
23/07/2021 14:54:51	SQL :EXEC GetUserTreeMenu 'pramudyono hadi','1102',@CompanyId=2;
23/07/2021 14:54:51	SQL :EXEC GetUserTreeMenu 'pramudyono hadi','1103',@CompanyId=2;
23/07/2021 14:54:51	SQL :EXEC GetUserTreeMenu 'pramudyono hadi','1104',@CompanyId=2;
23/07/2021 14:54:51	SQL :EXEC GetUserTreeMenu 'pramudyono hadi','1105',@CompanyId=2;
23/07/2021 14:54:51	SQL :EXEC GetUserTreeMenu 'pramudyono hadi','1106',@CompanyId=2;
23/07/2021 14:54:51	SQL :EXEC GetUserTreeMenu 'pramudyono hadi','1107',@CompanyId=2;
23/07/2021 14:54:51	SQL :EXEC GetUserTreeMenu 'pramudyono hadi','1108',@CompanyId=2;
23/07/2021 14:54:51	SQL :EXEC GetUserTreeMenu 'pramudyono hadi','1109',@CompanyId=2;
23/07/2021 14:54:51	SQL :EXEC GetUserTreeMenu 'pramudyono hadi','1110',@CompanyId=2;
23/07/2021 14:54:51	SQL :EXEC GetUserTreeMenu 'pramudyono hadi','1111',@CompanyId=2;
23/07/2021 14:54:51	SQL :EXEC GetUserTreeMenu 'pramudyono hadi','1112',@CompanyId=2;
23/07/2021 14:54:52	SQL :EXEC GetUserTreeMenu 'pramudyono hadi','1113',@CompanyId=2;
23/07/2021 14:54:52	SQL :EXEC GetUserTreeMenu 'pramudyono hadi','1114',@CompanyId=2;
23/07/2021 14:54:52	SQL :EXEC GetUserTreeMenu 'pramudyono hadi','1115',@CompanyId=2;
23/07/2021 14:54:52	SQL :EXEC GetUserTreeMenu 'pramudyono hadi','1116',@CompanyId=2;
23/07/2021 14:54:52	SQL :EXEC GetUserTreeMenu 'pramudyono hadi','1117',@CompanyId=2;
23/07/2021 14:54:52	SQL :EXEC GetUserTreeMenu 'pramudyono hadi','1198',@CompanyId=2;
23/07/2021 14:54:52	SQL :EXEC GetUserTreeMenu 'pramudyono hadi','1199',@CompanyId=2;
23/07/2021 14:54:52	SQL :EXEC GetUserSubMenu 'pramudyono hadi','12';
23/07/2021 14:54:52	SQL :EXEC GetUserTreeMenu 'pramudyono hadi','1201',@CompanyId=2;
23/07/2021 14:54:52	SQL :EXEC GetUserTreeMenu 'pramudyono hadi','1202',@CompanyId=2;
23/07/2021 14:54:52	SQL :EXEC GetUserTreeMenu 'pramudyono hadi','1203',@CompanyId=2;
23/07/2021 14:54:52	SQL :EXEC GetUserTreeMenu 'pramudyono hadi','1204',@CompanyId=2;
23/07/2021 14:54:52	SQL :EXEC GetUserTreeMenu 'pramudyono hadi','1205',@CompanyId=2;
23/07/2021 14:54:52	SQL :EXEC GetUserTreeMenu 'pramudyono hadi','1206',@CompanyId=2;
23/07/2021 14:54:52	SQL :EXEC GetUserTreeMenu 'pramudyono hadi','1207',@CompanyId=2;
23/07/2021 14:54:52	SQL :EXEC GetUserSubMenu 'pramudyono hadi','13';
23/07/2021 14:54:52	SQL :EXEC GetUserTreeMenu 'pramudyono hadi','1301',@CompanyId=2;
23/07/2021 14:54:52	SQL :EXEC GetUserTreeMenu 'pramudyono hadi','1302',@CompanyId=2;
23/07/2021 14:54:52	SQL :EXEC GetUserTreeMenu 'pramudyono hadi','1303',@CompanyId=2;
23/07/2021 14:54:52	SQL :EXEC GetUserTreeMenu 'pramudyono hadi','1304',@CompanyId=2;
23/07/2021 14:54:52	SQL :EXEC GetUserTreeMenu 'pramudyono hadi','1305',@CompanyId=2;
23/07/2021 14:54:52	SQL :EXEC GetUserTreeMenu 'pramudyono hadi','1306',@CompanyId=2;
23/07/2021 14:54:52	SQL :EXEC GetUserTreeMenu 'pramudyono hadi','1307',@CompanyId=2;
23/07/2021 14:54:52	SQL :EXEC GetUserTreeMenu 'pramudyono hadi','1308',@CompanyId=2;
23/07/2021 14:54:52	SQL :EXEC GetUserTreeMenu 'pramudyono hadi','1309',@CompanyId=2;
23/07/2021 14:54:52	SQL :EXEC GetUserTreeMenu 'pramudyono hadi','1310',@CompanyId=2;
23/07/2021 14:54:52	SQL :EXEC GetUserTreeMenu 'pramudyono hadi','1311',@CompanyId=2;
23/07/2021 14:54:52	SQL :EXEC GetUserTreeMenu 'pramudyono hadi','1312',@CompanyId=2;
23/07/2021 14:54:52	SQL :EXEC GetUserTreeMenu 'pramudyono hadi','1313',@CompanyId=2;
23/07/2021 14:54:52	SQL :EXEC GetUserTreeMenu 'pramudyono hadi','1314',@CompanyId=2;
23/07/2021 14:54:52	SQL :EXEC GetUserTreeMenu 'pramudyono hadi','1315',@CompanyId=2;
23/07/2021 14:54:52	SQL :EXEC GetUserTreeMenu 'pramudyono hadi','1316',@CompanyId=2;
23/07/2021 14:54:52	SQL :EXEC GetUserTreeMenu 'pramudyono hadi','1317',@CompanyId=2;
23/07/2021 14:54:52	SQL :EXEC GetUserTreeMenu 'pramudyono hadi','1318',@CompanyId=2;
23/07/2021 14:54:52	SQL :EXEC GetUserTreeMenu 'pramudyono hadi','1319',@CompanyId=2;
23/07/2021 14:54:52	SQL :EXEC GetUserTreeMenu 'pramudyono hadi','1320',@CompanyId=2;
23/07/2021 14:54:52	SQL :EXEC GetUserTreeMenu 'pramudyono hadi','1321',@CompanyId=2;
23/07/2021 14:54:52	SQL :EXEC GetUserSubMenu 'pramudyono hadi','14';
23/07/2021 14:54:52	SQL :EXEC GetUserTreeMenu 'pramudyono hadi','1401',@CompanyId=2;
23/07/2021 14:54:52	SQL :EXEC GetUserTreeMenu 'pramudyono hadi','1402',@CompanyId=2;
23/07/2021 14:54:52	SQL :EXEC GetUserTreeMenu 'pramudyono hadi','1403',@CompanyId=2;
23/07/2021 14:54:52	SQL :EXEC GetUserTreeMenu 'pramudyono hadi','1404',@CompanyId=2;
23/07/2021 14:54:52	SQL :EXEC GetUserTreeMenu 'pramudyono hadi','1406',@CompanyId=2;
23/07/2021 14:54:52	SQL :EXEC GetUserTreeMenu 'pramudyono hadi','1408',@CompanyId=2;
23/07/2021 14:54:52	SQL :EXEC GetUserTreeMenu 'pramudyono hadi','1410',@CompanyId=2;
23/07/2021 14:54:52	SQL :EXEC GetUserTreeMenu 'pramudyono hadi','1411',@CompanyId=2;
23/07/2021 14:54:52	SQL :EXEC GetUserTreeMenu 'pramudyono hadi','1412',@CompanyId=2;
23/07/2021 14:54:52	SQL :EXEC GetUserTreeMenu 'pramudyono hadi','1413',@CompanyId=2;
23/07/2021 14:54:52	SQL :EXEC GetUserTreeMenu 'pramudyono hadi','1414',@CompanyId=2;
23/07/2021 14:54:52	SQL :EXEC GetUserSubMenu 'pramudyono hadi','15';
23/07/2021 14:54:52	SQL :EXEC GetUserTreeMenu 'pramudyono hadi','1501',@CompanyId=2;
23/07/2021 14:54:52	SQL :EXEC GetUserTreeMenu 'pramudyono hadi','1502',@CompanyId=2;
23/07/2021 14:54:52	SQL :EXEC GetUserTreeMenu 'pramudyono hadi','1503',@CompanyId=2;
23/07/2021 14:54:52	SQL :EXEC GetUserTreeMenu 'pramudyono hadi','1504',@CompanyId=2;
23/07/2021 14:54:52	SQL :EXEC GetUserTreeMenu 'pramudyono hadi','1505',@CompanyId=2;
23/07/2021 14:54:52	SQL :EXEC GetUserTreeMenu 'pramudyono hadi','1506',@CompanyId=2;
23/07/2021 14:54:52	SQL :EXEC GetUserTreeMenu 'pramudyono hadi','1507',@CompanyId=2;
23/07/2021 14:54:52	SQL :EXEC GetUserTreeMenu 'pramudyono hadi','1508',@CompanyId=2;
23/07/2021 14:54:52	SQL :EXEC GetUserTreeMenu 'pramudyono hadi','1509',@CompanyId=2;
23/07/2021 14:54:52	SQL :EXEC GetUserTreeMenu 'pramudyono hadi','1510',@CompanyId=2;
23/07/2021 14:54:52	SQL :EXEC GetUserTreeMenu 'pramudyono hadi','1511',@CompanyId=2;
23/07/2021 14:54:52	SQL :EXEC GetUserSubMenu 'pramudyono hadi','16';
23/07/2021 14:54:52	SQL :EXEC GetUserTreeMenu 'pramudyono hadi','1601',@CompanyId=2;
23/07/2021 14:54:52	SQL :EXEC GetUserTreeMenu 'pramudyono hadi','1602',@CompanyId=2;
23/07/2021 14:54:52	SQL :EXEC GetUserTreeMenu 'pramudyono hadi','1603',@CompanyId=2;
23/07/2021 14:54:52	SQL :EXEC GetUserTreeMenu 'pramudyono hadi','1604',@CompanyId=2;
23/07/2021 14:54:52	SQL :EXEC GetUserTreeMenu 'pramudyono hadi','1605',@CompanyId=2;
23/07/2021 14:54:52	SQL :EXEC GetUserTreeMenu 'pramudyono hadi','1606',@CompanyId=2;
23/07/2021 14:54:52	SQL :EXEC GetUserTreeMenu 'pramudyono hadi','1607',@CompanyId=2;
23/07/2021 14:54:52	SQL :EXEC GetUserTreeMenu 'pramudyono hadi','1608',@CompanyId=2;
23/07/2021 14:54:52	SQL :EXEC GetUserTreeMenu 'pramudyono hadi','1609',@CompanyId=2;
23/07/2021 14:54:52	SQL :EXEC GetUserTreeMenu 'pramudyono hadi','1610',@CompanyId=2;
23/07/2021 14:54:52	SQL :EXEC GetUserTreeMenu 'pramudyono hadi','1611',@CompanyId=2;
23/07/2021 14:54:52	SQL :EXEC GetUserTreeMenu 'pramudyono hadi','1612',@CompanyId=2;
23/07/2021 14:54:52	SQL :EXEC GetUserTreeMenu 'pramudyono hadi','1613',@CompanyId=2;
23/07/2021 14:54:52	SQL :EXEC GetUserTreeMenu 'pramudyono hadi','1614',@CompanyId=2;
23/07/2021 14:54:52	SQL :EXEC GetUserTreeMenu 'pramudyono hadi','1615',@CompanyId=2;
23/07/2021 14:54:52	SQL :EXEC GetUserTreeMenu 'pramudyono hadi','1616',@CompanyId=2;
23/07/2021 14:54:52	SQL :EXEC GetUserTreeMenu 'pramudyono hadi','1619',@CompanyId=2;
23/07/2021 14:54:52	SQL :EXEC GetUserTreeMenu 'pramudyono hadi','1620',@CompanyId=2;
23/07/2021 14:54:52	SQL :EXEC GetUserSubMenu 'pramudyono hadi','17';
23/07/2021 14:54:52	SQL :EXEC GetUserTreeMenu 'pramudyono hadi','1701',@CompanyId=2;
23/07/2021 14:54:52	SQL :EXEC GetUserTreeMenu 'pramudyono hadi','1702',@CompanyId=2;
23/07/2021 14:54:52	SQL :EXEC GetUserTreeMenu 'pramudyono hadi','1703',@CompanyId=2;
23/07/2021 14:54:52	SQL :EXEC GetUserTreeMenu 'pramudyono hadi','1704',@CompanyId=2;
23/07/2021 14:54:52	SQL :EXEC GetUserTreeMenu 'pramudyono hadi','1705',@CompanyId=2;
23/07/2021 14:54:53	SQL :EXEC GetUserTreeMenu 'pramudyono hadi','1706',@CompanyId=2;
23/07/2021 14:54:53	SQL :EXEC GetUserTreeMenu 'pramudyono hadi','1707',@CompanyId=2;
23/07/2021 14:54:53	SQL :EXEC GetUserTreeMenu 'pramudyono hadi','1708',@CompanyId=2;
23/07/2021 14:54:53	SQL :EXEC GetUserTreeMenu 'pramudyono hadi','1709',@CompanyId=2;
23/07/2021 14:54:53	SQL :EXEC GetUserTreeMenu 'pramudyono hadi','1710',@CompanyId=2;
23/07/2021 14:54:53	SQL :EXEC GetUserTreeMenu 'pramudyono hadi','1711',@CompanyId=2;
23/07/2021 14:54:53	SQL :EXEC GetUserTreeMenu 'pramudyono hadi','1712',@CompanyId=2;
23/07/2021 14:54:53	SQL :EXEC GetUserTreeMenu 'pramudyono hadi','1713',@CompanyId=2;
23/07/2021 14:54:53	SQL :EXEC GetUserTreeMenu 'pramudyono hadi','1714',@CompanyId=2;
23/07/2021 14:54:53	SQL :EXEC GetUserTreeMenu 'pramudyono hadi','1715',@CompanyId=2;
23/07/2021 14:54:53	SQL :EXEC GetUserTreeMenu 'pramudyono hadi','1716',@CompanyId=2;
23/07/2021 14:54:53	SQL :EXEC GetUserTreeMenu 'pramudyono hadi','1717',@CompanyId=2;
23/07/2021 14:54:53	SQL :EXEC GetUserSubMenu 'pramudyono hadi','18';
23/07/2021 14:54:53	SQL :EXEC GetUserTreeMenu 'pramudyono hadi','1801',@CompanyId=2;
23/07/2021 14:54:53	SQL :EXEC GetUserSubMenu 'pramudyono hadi','19';
23/07/2021 14:54:53	SQL :EXEC GetUserTreeMenu 'pramudyono hadi','1901',@CompanyId=2;
23/07/2021 14:54:53	SQL :EXEC GetUserTreeMenu 'pramudyono hadi','1902',@CompanyId=2;
23/07/2021 14:54:53	SQL :EXEC GetUserTreeMenu 'pramudyono hadi','1903',@CompanyId=2;
23/07/2021 14:54:53	SQL :EXEC GetUserTreeMenu 'pramudyono hadi','1904',@CompanyId=2;
23/07/2021 14:54:53	SQL :EXEC GetUserTreeMenu 'pramudyono hadi','1905',@CompanyId=2;
23/07/2021 14:54:53	SQL :EXEC GetUserTreeMenu 'pramudyono hadi','1906',@CompanyId=2;
23/07/2021 14:54:53	SQL :EXEC GetUserTreeMenu 'pramudyono hadi','1907',@CompanyId=2;
23/07/2021 14:54:53	SQL :EXEC GetUserTreeMenu 'pramudyono hadi','1908',@CompanyId=2;
23/07/2021 14:54:53	SQL :EXEC GetUserTreeMenu 'pramudyono hadi','1909',@CompanyId=2;
23/07/2021 14:54:53	SQL :EXEC GetUserTreeMenu 'pramudyono hadi','1910',@CompanyId=2;
23/07/2021 14:54:53	SQL :EXEC GetUserTreeMenu 'pramudyono hadi','1911',@CompanyId=2;
23/07/2021 14:54:53	SQL :EXEC GetUserTreeMenu 'pramudyono hadi','1912',@CompanyId=2;
23/07/2021 14:54:53	SQL :SELECT CONVERT(VARCHAR(8),GETDATE(),108) AS hour_minute;
23/07/2021 14:54:53	SQL :SELECT CONVERT(VARCHAR(10),GETDATE(),103) AS date_time;
23/07/2021 14:54:53	Loading Setting
23/07/2021 14:54:53	Open DB Connection
23/07/2021 14:54:53	SQL :SELECT * FROM wh_setting WHERE setting_name='Hold_Less_Deposit';
23/07/2021 14:54:53	SQL :SELECT * FROM wh_setting WHERE setting_name='Max_Less_Deposit';
23/07/2021 14:54:53	SQL :SELECT * FROM wh_setting WHERE setting_name='Dashboard_2';
23/07/2021 14:54:53	Finish Logging
23/07/2021 14:54:53	SQL :SELECT value_string FROM wh_setting WHERE (setting_name='Interval_CheckInDate') AND (active=1);
23/07/2021 14:54:53	SQL :SELECT value_string FROM wh_setting WHERE (setting_name='Interval_CheckInTime') AND (active=1);
23/07/2021 14:54:53	SQL :SELECT value_string FROM wh_setting WHERE (setting_name='ChatEnable') and (active=1);
23/07/2021 14:54:54	Message:Port Check
23/07/2021 14:54:54	Message:Open DB Connection
23/07/2021 14:54:54	SQL :EXEC GetMessage '01','pramudyono hadi';
23/07/2021 14:54:54	SQL :SELECT CONVERT(VARCHAR(8),GETDATE(),108) AS hour_minute;
23/07/2021 14:54:54	SQL :SELECT CONVERT(VARCHAR(10),GETDATE(),103) AS date_time;
23/07/2021 14:55:02	Open Menu :130512
23/07/2021 14:55:02	Open DB Connection
23/07/2021 14:55:02	SQL :EXEC AuthMenu 'pramudyono hadi',130512;
23/07/2021 14:55:02	Form Check :SplitBusSJ
23/07/2021 14:55:03	Form Check :SPJBusList
23/07/2021 14:55:03	Form Open: ProductPriceList=SplitSJ,0,-1,2
23/07/2021 14:55:03	Open DB Connection
23/07/2021 14:55:03	SQL :EXEC GetCompanyLocationList
23/07/2021 14:55:03	Open DB Connection
23/07/2021 14:55:03	SQL :EXEC GetVhcOutList2 6,1,2,@AllFoward=2,@InOut=2;
23/07/2021 14:55:06	Open DB Connection
23/07/2021 14:55:06	SQL :EXEC GetVhcOutList2 6,1,2,@AllFoward=1,@InOut=2;
23/07/2021 14:55:06	Open DB Connection
23/07/2021 14:55:06	SQL :EXEC GetVhcOutList2 6,1,2,@AllFoward=-1,@InOut=2;
23/07/2021 15:00:25	Form Check :SPJBusList
23/07/2021 15:00:25	Form Open: ProductPriceList=SplitSJ-SJAdd,0,-1,1
23/07/2021 15:00:25	Open DB Connection
23/07/2021 15:00:25	SQL :EXEC GetCompanyLocationList
23/07/2021 15:00:25	Open DB Connection
23/07/2021 15:00:25	SQL :EXEC GetVhcOutList2 6,1,2,@AllFoward=2,@InOut=1;
23/07/2021 15:00:26	Open DB Connection
23/07/2021 15:00:26	SQL :EXEC GetVhcOutList2 6,1,2,@AllFoward=-2,@InOut=1;
23/07/2021 15:00:27	Open DB Connection
23/07/2021 15:00:27	SQL :EXEC GetVhcOutList2 6,1,2,@AllFoward=-1,@InOut=1;
23/07/2021 15:00:44	Form Check :SPJBusList
23/07/2021 15:00:44	Form Open: ProductPriceList=SplitSJ-SJAdd,0,-1,1
23/07/2021 15:00:44	Open DB Connection
23/07/2021 15:00:44	SQL :EXEC GetCompanyLocationList
23/07/2021 15:00:44	Open DB Connection
23/07/2021 15:00:44	SQL :EXEC GetVhcOutList2 6,1,2,@AllFoward=2,@InOut=1;
23/07/2021 15:00:46	Open DB Connection
23/07/2021 15:00:46	SQL :EXEC GetVhcOutList2 6,1,2,@AllFoward=-2,@InOut=1;
23/07/2021 15:00:46	Open DB Connection
23/07/2021 15:00:46	SQL :EXEC GetVhcOutList2 6,1,2,@AllFoward=-1,@InOut=1;
23/07/2021 15:01:33	Open DB Connection
23/07/2021 15:01:56	Open Menu :130512
23/07/2021 15:01:56	Open DB Connection
23/07/2021 15:01:56	SQL :EXEC AuthMenu 'pramudyono hadi',130512;
23/07/2021 15:01:56	Form Check :SplitBusSJ
23/07/2021 15:01:57	Form Check :SPJBusList
23/07/2021 15:01:57	Form Open: ProductPriceList=SplitSJ,0,-1,2
23/07/2021 15:01:57	Open DB Connection
23/07/2021 15:01:57	SQL :EXEC GetCompanyLocationList
23/07/2021 15:01:57	Open DB Connection
23/07/2021 15:01:57	SQL :EXEC GetVhcOutList2 6,1,2,@AllFoward=2,@InOut=2;
23/07/2021 15:01:59	Open DB Connection
23/07/2021 15:01:59	SQL :EXEC GetVhcOutList2 6,1,2,@AllFoward=1,@InOut=2;
23/07/2021 15:02:00	Open DB Connection
23/07/2021 15:02:00	SQL :EXEC GetVhcOutList2 6,1,2,@AllFoward=-1,@InOut=2;
23/07/2021 15:02:48	Form Check :SPJBusList
23/07/2021 15:02:48	Form Open: ProductPriceList=SplitSJ-SJAdd,0,-1,1
23/07/2021 15:02:48	Open DB Connection
23/07/2021 15:02:48	SQL :EXEC GetCompanyLocationList
23/07/2021 15:02:48	Open DB Connection
23/07/2021 15:02:48	SQL :EXEC GetVhcOutList2 6,1,2,@AllFoward=2,@InOut=1;
23/07/2021 15:02:50	Open DB Connection
23/07/2021 15:02:50	SQL :EXEC GetVhcOutList2 6,1,2,@AllFoward=-2,@InOut=1;
23/07/2021 15:02:53	Open DB Connection
23/07/2021 15:02:53	SQL :EXEC GetVhcOutList2 6,1,2,@AllFoward=-1,@InOut=1;
23/07/2021 15:04:55	Form Check :SPJBusList
23/07/2021 15:04:55	Form Open: ProductPriceList=SplitSJ-SJAdd,0,-1,1
23/07/2021 15:04:55	Open DB Connection
23/07/2021 15:04:55	SQL :EXEC GetCompanyLocationList
23/07/2021 15:04:55	Open DB Connection
23/07/2021 15:04:55	SQL :EXEC GetVhcOutList2 6,1,2,@AllFoward=2,@InOut=1;
23/07/2021 15:04:56	Open DB Connection
23/07/2021 15:04:56	SQL :EXEC GetVhcOutList2 6,1,2,@AllFoward=-2,@InOut=1;
23/07/2021 15:04:57	Open DB Connection
23/07/2021 15:04:57	SQL :EXEC GetVhcOutList2 6,1,2,@AllFoward=-1,@InOut=1;
23/07/2021 15:05:40	Open DB Connection
23/07/2021 15:06:20	Message:Port Check
23/07/2021 15:06:20	Message:Open DB Connection
23/07/2021 15:06:20	SQL :EXEC GetMessage '01','pramudyono hadi';
23/07/2021 15:06:20	SQL :SELECT CONVERT(VARCHAR(8),GETDATE(),108) AS hour_mi23/07/2021 15:08:50	Get Local Settings
23/07/2021 15:08:50	Start Change Local Settings
23/07/2021 15:08:50	Change short date format
23/07/2021 15:08:50	Change Long date format
23/07/2021 15:08:50	Finish Change Local Settings
23/07/2021 15:08:50	Registry Read: Path=SOFTWARE\WEHA\Aplikasi\3
23/07/2021 15:08:50	Registry Read/Write
23/07/2021 15:08:50	Registry Read: Path=SOFTWARE\WEHA\Aplikasi\3
23/07/2021 15:08:50	Setting DB Param
23/07/2021 15:08:50	Create DB Object
23/07/2021 15:08:50	Init DB
23/07/2021 15:08:50	Finish Init DB
23/07/2021 15:08:50	Get File Version
23/07/2021 15:08:50	Change  Caption
23/07/2021 15:08:50	Init Shortkey
23/07/2021 15:10:06	Setting DB Param
23/07/2021 15:10:06	Create DB Object
23/07/2021 15:10:06	Init DB
23/07/2021 15:10:06	Finish Init DB
23/07/2021 15:10:08	Update new version check
23/07/2021 15:10:08	Open DB Connection
23/07/2021 15:10:08	SQL :
23/07/2021 15:10:08	Update check version
23/07/2021 15:10:08	Open DB Connection
23/07/2021 15:10:08	SQL :SELECT version FROM wh_application WHERE application_id=(SELECT MAX(application_id) FROM wh_application);
23/07/2021 15:10:08	Start Login
23/07/2021 15:10:08	Open DB Connection
23/07/2021 15:10:08	SQL :EXEC AuthenticateUser 'pramudyono hadi','6f2b8366efa56f0c06dd6b31fcff8a73';
23/07/2021 15:10:08	SQL :INSERT INTO wh_log (user_id,app_date,app_version,app_version_svr,location_id,company_id,department_id,host_name,ip_address)  VALUES ('pramudyono hadi','23/07/2021','6.1.3.7','6.1.3.2',6,2,13,'DESKTOP-S1PD9OD','192.168.25.214');
23/07/2021 15:10:08	Open DB Connection
23/07/2021 15:10:08	SQL :EXEC GetUserMenu 'pramudyono hadi';
23/07/2021 15:10:08	SQL :EXEC GetUserSubMenu 'pramudyono hadi','11';
23/07/2021 15:10:08	SQL :EXEC GetUserTreeMenu 'pramudyono hadi','1101',@CompanyId=2;
23/07/2021 15:10:08	SQL :EXEC GetUserTreeMenu 'pramudyono hadi','1102',@CompanyId=2;
23/07/2021 15:10:08	SQL :EXEC GetUserTreeMenu 'pramudyono hadi','1103',@CompanyId=2;
23/07/2021 15:10:08	SQL :EXEC GetUserTreeMenu 'pramudyono hadi','1104',@CompanyId=2;
23/07/2021 15:10:08	SQL :EXEC GetUserTreeMenu 'pramudyono hadi','1105',@CompanyId=2;
23/07/2021 15:10:08	SQL :EXEC GetUserTreeMenu 'pramudyono hadi','1106',@CompanyId=2;
23/07/2021 15:10:08	SQL :EXEC GetUserTreeMenu 'pramudyono hadi','1107',@CompanyId=2;
23/07/2021 15:10:08	SQL :EXEC GetUserTreeMenu 'pramudyono hadi','1108',@CompanyId=2;
23/07/2021 15:10:08	SQL :EXEC GetUserTreeMenu 'pramudyono hadi','1109',@CompanyId=2;
23/07/2021 15:10:08	SQL :EXEC GetUserTreeMenu 'pramudyono hadi','1110',@CompanyId=2;
23/07/2021 15:10:09	SQL :EXEC GetUserTreeMenu 'pramudyono hadi','1111',@CompanyId=2;
23/07/2021 15:10:09	SQL :EXEC GetUserTreeMenu 'pramudyono hadi','1112',@CompanyId=2;
23/07/2021 15:10:09	SQL :EXEC GetUserTreeMenu 'pramudyono hadi','1113',@CompanyId=2;
23/07/2021 15:10:09	SQL :EXEC GetUserTreeMenu 'pramudyono hadi','1114',@CompanyId=2;
23/07/2021 15:10:09	SQL :EXEC GetUserTreeMenu 'pramudyono hadi','1115',@CompanyId=2;
23/07/2021 15:10:09	SQL :EXEC GetUserTreeMenu 'pramudyono hadi','1116',@CompanyId=2;
23/07/2021 15:10:09	SQL :EXEC GetUserTreeMenu 'pramudyono hadi','1117',@CompanyId=2;
23/07/2021 15:10:09	SQL :EXEC GetUserTreeMenu 'pramudyono hadi','1198',@CompanyId=2;
23/07/2021 15:10:09	SQL :EXEC GetUserTreeMenu 'pramudyono hadi','1199',@CompanyId=2;
23/07/2021 15:10:09	SQL :EXEC GetUserSubMenu 'pramudyono hadi','12';
23/07/2021 15:10:09	SQL :EXEC GetUserTreeMenu 'pramudyono hadi','1201',@CompanyId=2;
23/07/2021 15:10:09	SQL :EXEC GetUserTreeMenu 'pramudyono hadi','1202',@CompanyId=2;
23/07/2021 15:10:09	SQL :EXEC GetUserTreeMenu 'pramudyono hadi','1203',@CompanyId=2;
23/07/2021 15:10:09	SQL :EXEC GetUserTreeMenu 'pramudyono hadi','1204',@CompanyId=2;
23/07/2021 15:10:09	SQL :EXEC GetUserTreeMenu 'pramudyono hadi','1205',@CompanyId=2;
23/07/2021 15:10:09	SQL :EXEC GetUserTreeMenu 'pramudyono hadi','1206',@CompanyId=2;
23/07/2021 15:10:09	SQL :EXEC GetUserTreeMenu 'pramudyono hadi','1207',@CompanyId=2;
23/07/2021 15:10:09	SQL :EXEC GetUserSubMenu 'pramudyono hadi','13';
23/07/2021 15:10:09	SQL :EXEC GetUserTreeMenu 'pramudyono hadi','1301',@CompanyId=2;
23/07/2021 15:10:09	SQL :EXEC GetUserTreeMenu 'pramudyono hadi','1302',@CompanyId=2;
23/07/2021 15:10:09	SQL :EXEC GetUserTreeMenu 'pramudyono hadi','1303',@CompanyId=2;
23/07/2021 15:10:09	SQL :EXEC GetUserTreeMenu 'pramudyono hadi','1304',@CompanyId=2;
23/07/2021 15:10:09	SQL :EXEC GetUserTreeMenu 'pramudyono hadi','1305',@CompanyId=2;
23/07/2021 15:10:09	SQL :EXEC GetUserTreeMenu 'pramudyono hadi','1306',@CompanyId=2;
23/07/2021 15:10:09	SQL :EXEC GetUserTreeMenu 'pramudyono hadi','1307',@CompanyId=2;
23/07/2021 15:10:09	SQL :EXEC GetUserTreeMenu 'pramudyono hadi','1308',@CompanyId=2;
23/07/2021 15:10:09	SQL :EXEC GetUserTreeMenu 'pramudyono hadi','1309',@CompanyId=2;
23/07/2021 15:10:09	SQL :EXEC GetUserTreeMenu 'pramudyono hadi','1310',@CompanyId=2;
23/07/2021 15:10:09	SQL :EXEC GetUserTreeMenu 'pramudyono hadi','1311',@CompanyId=2;
23/07/2021 15:10:09	SQL :EXEC GetUserTreeMenu 'pramudyono hadi','1312',@CompanyId=2;
23/07/2021 15:10:09	SQL :EXEC GetUserTreeMenu 'pramudyono hadi','1313',@CompanyId=2;
23/07/2021 15:10:09	SQL :EXEC GetUserTreeMenu 'pramudyono hadi','1314',@CompanyId=2;
23/07/2021 15:10:09	SQL :EXEC GetUserTreeMenu 'pramudyono hadi','1315',@CompanyId=2;
23/07/2021 15:10:09	SQL :EXEC GetUserTreeMenu 'pramudyono hadi','1316',@CompanyId=2;
23/07/2021 15:10:09	SQL :EXEC GetUserTreeMenu 'pramudyono hadi','1317',@CompanyId=2;
23/07/2021 15:10:09	SQL :EXEC GetUserTreeMenu 'pramudyono hadi','1318',@CompanyId=2;
23/07/2021 15:10:09	SQL :EXEC GetUserTreeMenu 'pramudyono hadi','1319',@CompanyId=2;
23/07/2021 15:10:09	SQL :EXEC GetUserTreeMenu 'pramudyono hadi','1320',@CompanyId=2;
23/07/2021 15:10:09	SQL :EXEC GetUserTreeMenu 'pramudyono hadi','1321',@CompanyId=2;
23/07/2021 15:10:09	SQL :EXEC GetUserSubMenu 'pramudyono hadi','14';
23/07/2021 15:10:09	SQL :EXEC GetUserTreeMenu 'pramudyono hadi','1401',@CompanyId=2;
23/07/2021 15:10:09	SQL :EXEC GetUserTreeMenu 'pramudyono hadi','1402',@CompanyId=2;
23/07/2021 15:10:09	SQL :EXEC GetUserTreeMenu 'pramudyono hadi','1403',@CompanyId=2;
23/07/2021 15:10:09	SQL :EXEC GetUserTreeMenu 'pramudyono hadi','1404',@CompanyId=2;
23/07/2021 15:10:09	SQL :EXEC GetUserTreeMenu 'pramudyono hadi','1406',@CompanyId=2;
23/07/2021 15:10:09	SQL :EXEC GetUserTreeMenu 'pramudyono hadi','1408',@CompanyId=2;
23/07/2021 15:10:09	SQL :EXEC GetUserTreeMenu 'pramudyono hadi','1410',@CompanyId=2;
23/07/2021 15:10:09	SQL :EXEC GetUserTreeMenu 'pramudyono hadi','1411',@CompanyId=2;
23/07/2021 15:10:09	SQL :EXEC GetUserTreeMenu 'pramudyono hadi','1412',@CompanyId=2;
23/07/2021 15:10:09	SQL :EXEC GetUserTreeMenu 'pramudyono hadi','1413',@CompanyId=2;
23/07/2021 15:10:09	SQL :EXEC GetUserTreeMenu 'pramudyono hadi','1414',@CompanyId=2;
23/07/2021 15:10:09	SQL :EXEC GetUserSubMenu 'pramudyono hadi','15';
23/07/2021 15:10:09	SQL :EXEC GetUserTreeMenu 'pramudyono hadi','1501',@CompanyId=2;
23/07/2021 15:10:09	SQL :EXEC GetUserTreeMenu 'pramudyono hadi','1502',@CompanyId=2;
23/07/2021 15:10:09	SQL :EXEC GetUserTreeMenu 'pramudyono hadi','1503',@CompanyId=2;
23/07/2021 15:10:09	SQL :EXEC GetUserTreeMenu 'pramudyono hadi','1504',@CompanyId=2;
23/07/2021 15:10:09	SQL :EXEC GetUserTreeMenu 'pramudyono hadi','1505',@CompanyId=2;
23/07/2021 15:10:09	SQL :EXEC GetUserTreeMenu 'pramudyono hadi','1506',@CompanyId=2;
23/07/2021 15:10:09	SQL :EXEC GetUserTreeMenu 'pramudyono hadi','1507',@CompanyId=2;
23/07/2021 15:10:09	SQL :EXEC GetUserTreeMenu 'pramudyono hadi','1508',@CompanyId=2;
23/07/2021 15:10:09	SQL :EXEC GetUserTreeMenu 'pramudyono hadi','1509',@CompanyId=2;
23/07/2021 15:10:09	SQL :EXEC GetUserTreeMenu 'pramudyono hadi','1510',@CompanyId=2;
23/07/2021 15:10:09	SQL :EXEC GetUserTreeMenu 'pramudyono hadi','1511',@CompanyId=2;
23/07/2021 15:10:09	SQL :EXEC GetUserSubMenu 'pramudyono hadi','16';
23/07/2021 15:10:09	SQL :EXEC GetUserTreeMenu 'pramudyono hadi','1601',@CompanyId=2;
23/07/2021 15:10:09	SQL :EXEC GetUserTreeMenu 'pramudyono hadi','1602',@CompanyId=2;
23/07/2021 15:10:09	SQL :EXEC GetUserTreeMenu 'pramudyono hadi','1603',@CompanyId=2;
23/07/2021 15:10:09	SQL :EXEC GetUserTreeMenu 'pramudyono hadi','1604',@CompanyId=2;
23/07/2021 15:10:09	SQL :EXEC GetUserTreeMenu 'pramudyono hadi','1605',@CompanyId=2;
23/07/2021 15:10:09	SQL :EXEC GetUserTreeMenu 'pramudyono hadi','1606',@CompanyId=2;
23/07/2021 15:10:09	SQL :EXEC GetUserTreeMenu 'pramudyono hadi','1607',@CompanyId=2;
23/07/2021 15:10:10	SQL :EXEC GetUserTreeMenu 'pramudyono hadi','1608',@CompanyId=2;
23/07/2021 15:10:10	SQL :EXEC GetUserTreeMenu 'pramudyono hadi','1609',@CompanyId=2;
23/07/2021 15:10:10	SQL :EXEC GetUserTreeMenu 'pramudyono hadi','1610',@CompanyId=2;
23/07/2021 15:10:10	SQL :EXEC GetUserTreeMenu 'pramudyono hadi','1611',@CompanyId=2;
23/07/2021 15:10:10	SQL :EXEC GetUserTreeMenu 'pramudyono hadi','1612',@CompanyId=2;
23/07/2021 15:10:10	SQL :EXEC GetUserTreeMenu 'pramudyono hadi','1613',@CompanyId=2;
23/07/2021 15:10:10	SQL :EXEC GetUserTreeMenu 'pramudyono hadi','1614',@CompanyId=2;
23/07/2021 15:10:10	SQL :EXEC GetUserTreeMenu 'pramudyono hadi','1615',@CompanyId=2;
23/07/2021 15:10:10	SQL :EXEC GetUserTreeMenu 'pramudyono hadi','1616',@CompanyId=2;
23/07/2021 15:10:10	SQL :EXEC GetUserTreeMenu 'pramudyono hadi','1619',@CompanyId=2;
23/07/2021 15:10:10	SQL :EXEC GetUserTreeMenu 'pramudyono hadi','1620',@CompanyId=2;
23/07/2021 15:10:10	SQL :EXEC GetUserSubMenu 'pramudyono hadi','17';
23/07/2021 15:10:10	SQL :EXEC GetUserTreeMenu 'pramudyono hadi','1701',@CompanyId=2;
23/07/2021 15:10:10	SQL :EXEC GetUserTreeMenu 'pramudyono hadi','1702',@CompanyId=2;
23/07/2021 15:10:10	SQL :EXEC GetUserTreeMenu 'pramudyono hadi','1703',@CompanyId=2;
23/07/2021 15:10:10	SQL :EXEC GetUserTreeMenu 'pramudyono hadi','1704',@CompanyId=2;
23/07/2021 15:10:10	SQL :EXEC GetUserTreeMenu 'pramudyono hadi','1705',@CompanyId=2;
23/07/2021 15:10:10	SQL :EXEC GetUserTreeMenu 'pramudyono hadi','1706',@CompanyId=2;
23/07/2021 15:10:10	SQL :EXEC GetUserTreeMenu 'pramudyono hadi','1707',@CompanyId=2;
23/07/2021 15:10:10	SQL :EXEC GetUserTreeMenu 'pramudyono hadi','1708',@CompanyId=2;
23/07/2021 15:10:10	SQL :EXEC GetUserTreeMenu 'pramudyono hadi','1709',@CompanyId=2;
23/07/2021 15:10:10	SQL :EXEC GetUserTreeMenu 'pramudyono hadi','1710',@CompanyId=2;
23/07/2021 15:10:10	SQL :EXEC GetUserTreeMenu 'pramudyono hadi','1711',@CompanyId=2;
23/07/2021 15:10:10	SQL :EXEC GetUserTreeMenu 'pramudyono hadi','1712',@CompanyId=2;
23/07/2021 15:10:10	SQL :EXEC GetUserTreeMenu 'pramudyono hadi','1713',@CompanyId=2;
23/07/2021 15:10:10	SQL :EXEC GetUserTreeMenu 'pramudyono hadi','1714',@CompanyId=2;
23/07/2021 15:10:10	SQL :EXEC GetUserTreeMenu 'pramudyono hadi','1715',@CompanyId=2;
23/07/2021 15:10:10	SQL :EXEC GetUserTreeMenu 'pramudyono hadi','1716',@CompanyId=2;
23/07/2021 15:10:10	SQL :EXEC GetUserTreeMenu 'pramudyono hadi','1717',@CompanyId=2;
23/07/2021 15:10:10	SQL :EXEC GetUserSubMenu 'pramudyono hadi','18';
23/07/2021 15:10:10	SQL :EXEC GetUserTreeMenu 'pramudyono hadi','1801',@CompanyId=2;
23/07/2021 15:10:10	SQL :EXEC GetUserSubMenu 'pramudyono hadi','19';
23/07/2021 15:10:10	SQL :EXEC GetUserTreeMenu 'pramudyono hadi','1901',@CompanyId=2;
23/07/2021 15:10:10	SQL :EXEC GetUserTreeMenu 'pramudyono hadi','1902',@CompanyId=2;
23/07/2021 15:10:10	SQL :EXEC GetUserTreeMenu 'pramudyono hadi','1903',@CompanyId=2;
23/07/2021 15:10:10	SQL :EXEC GetUserTreeMenu 'pramudyono hadi','1904',@CompanyId=2;
23/07/2021 15:10:10	SQL :EXEC GetUserTreeMenu 'pramudyono hadi','1905',@CompanyId=2;
23/07/2021 15:10:10	SQL :EXEC GetUserTreeMenu 'pramudyono hadi','1906',@CompanyId=2;
23/07/2021 15:10:10	SQL :EXEC GetUserTreeMenu 'pramudyono hadi','1907',@CompanyId=2;
23/07/2021 15:10:10	SQL :EXEC GetUserTreeMenu 'pramudyono hadi','1908',@CompanyId=2;
23/07/2021 15:10:10	SQL :EXEC GetUserTreeMenu 'pramudyono hadi','1909',@CompanyId=2;
23/07/2021 15:10:10	SQL :EXEC GetUserTreeMenu 'pramudyono hadi','1910',@CompanyId=2;
23/07/2021 15:10:10	SQL :EXEC GetUserTreeMenu 'pramudyono hadi','1911',@CompanyId=2;
23/07/2021 15:10:10	SQL :EXEC GetUserTreeMenu 'pramudyono hadi','1912',@CompanyId=2;
23/07/2021 15:10:10	SQL :SELECT CONVERT(VARCHAR(8),GETDATE(),108) AS hour_minute;
23/07/2021 15:10:10	SQL :SELECT CONVERT(VARCHAR(10),GETDATE(),103) AS date_time;
23/07/2021 15:10:10	Loading Setting
23/07/2021 15:10:10	Open DB Connection
23/07/2021 15:10:10	SQL :SELECT * FROM wh_setting WHERE setting_name='Hold_Less_Deposit';
23/07/2021 15:10:10	SQL :SELECT * FROM wh_setting WHERE setting_name='Max_Less_Deposit';
23/07/2021 15:10:10	SQL :SELECT * FROM wh_setting WHERE setting_name='Dashboard_2';
23/07/2021 15:10:10	Finish Logging
23/07/2021 15:10:10	SQL :SELECT value_string FROM wh_setting WHERE (setting_name='Interval_CheckInDate') AND (active=1);
23/07/2021 15:10:10	SQL :SELECT value_string FROM wh_setting WHERE (setting_name='Interval_CheckInTime') AND (active=1);
23/07/2021 15:10:10	SQL :SELECT value_string FROM wh_setting WHERE (setting_name='ChatEnable') and (active=1);
23/07/2021 15:10:11	Message:Port Check
23/07/2021 15:10:11	Message:Open DB Connection
23/07/2021 15:10:11	SQL :EXEC GetMessage '01','pramudyono hadi';
23/07/2021 15:10:11	SQL :SELECT CONVERT(VARCHAR(8),GETDATE(),108) AS hour_minute;
23/07/2021 15:10:11	SQL :SELECT CONVERT(VARCHAR(10),GETDATE(),103) AS date_time;
23/07/2021 15:10:33	Open Menu :130512
23/07/2021 15:10:33	Open DB Connection
23/07/2021 15:10:33	SQL :EXEC AuthMenu 'pramudyono hadi',130512;
23/07/2021 15:10:33	Form Check :SplitBusSJ
23/07/2021 15:10:34	Form Check :SPJBusList
23/07/2021 15:10:34	Form Open: ProductPriceList=SplitSJ,0,-1,2
23/07/2021 15:10:34	Open DB Connection
23/07/2021 15:10:34	SQL :EXEC GetCompanyLocationList
23/07/2021 15:10:34	Open DB Connection
23/07/2021 15:10:34	SQL :EXEC GetVhcOutList2 6,1,2,@AllFoward=2,@InOut=2;
23/07/2021 15:10:35	Open DB Connection
23/07/2021 15:10:35	SQL :EXEC GetVhcOutList2 6,1,2,@AllFoward=-2,@InOut=2;
23/07/2021 15:10:36	Open DB Connection
23/07/2021 15:10:36	SQL :EXEC GetVhcOutList2 6,1,2,@AllFoward=-1,@InOut=2;
23/07/2021 15:11:27	Form Check :SPJBusList
23/07/2021 15:11:27	Form Open: ProductPriceList=SplitSJ-SJAdd,0,-1,1
23/07/2021 15:11:27	Open DB Connection
23/07/2021 15:11:27	SQL :EXEC GetCompanyLocationList
23/07/2021 15:11:27	Open DB Connection
23/07/2021 15:11:27	SQL :EXEC GetVhcOutList2 6,1,2,@AllFoward=2,@InOut=1;
23/07/2021 15:11:28	Open DB Connection
23/07/2021 15:11:28	SQL :EXEC GetVhcOutList2 6,1,2,@AllFoward=-2,@InOut=1;
23/07/2021 15:11:29	Open DB Connection
23/07/2021 15:11:29	SQL :EXEC GetVhcOutList2 6,1,2,@AllFoward=-1,@InOut=1;
23/07/2021 15:12:38	Open DB Connection
23/07/2021 15:13:04	Form Check :ChatClient
23/07/2021 15:13:05	Form Check :AuthorizedForm
23/07/2021 15:13:05	Form Check :RePrintForm
23/07/2021 15:13:05	Form Check :EmployeeSearch
23/07/2021 15:13:05	Form Check :TimeInputForm
23/07/2021 15:13:05	Log Out
23/07/2021 15:15:13	Get Local Settings
23/07/2021 15:15:13	Start Change Local Settings
23/07/2021 15:15:13	Change short date format
23/07/2021 15:15:13	Change Long date format
23/07/2021 15:15:13	Finish Change Local Settings
23/07/2021 15:15:13	Registry Read: Path=SOFTWARE\WEHA\Aplikasi\3
23/07/2021 15:15:13	Registry Read/Write
23/07/2021 15:15:13	Registry Read: Path=SOFTWARE\WEHA\Aplikasi\3
23/07/2021 15:15:13	Setting DB Param
23/07/2021 15:15:13	Create DB Object
23/07/2021 15:15:13	Init DB
23/07/2021 15:15:13	Finish Init DB
23/07/2021 15:15:13	Get File Version
23/07/2021 15:15:13	Change  Caption
23/07/2021 15:15:13	Init Shortkey
23/07/2021 15:15:14	Setting DB Param
23/07/2021 15:15:14	Create DB Object
23/07/2021 15:15:14	Init DB
23/07/2021 15:15:14	Finish Init DB
23/07/2021 15:15:16	Update new version check
23/07/2021 15:15:16	Open DB Connection
23/07/2021 15:15:16	SQL :
23/07/2021 15:15:16	Update check version
23/07/2021 15:15:16	Open DB Connection
23/07/2021 15:15:16	SQL :SELECT version FROM wh_application WHERE application_id=(SELECT MAX(application_id) FROM wh_application);
23/07/2021 15:15:16	Start Login
23/07/2021 15:15:16	Open DB Connection
23/07/2021 15:15:16	SQL :EXEC AuthenticateUser 'pramudyono hadi','6f2b8366efa56f0c06dd6b31fcff8a73';
23/07/2021 15:15:16	SQL :INSERT INTO wh_log (user_id,app_date,app_version,app_version_svr,location_id,company_id,department_id,host_name,ip_address)  VALUES ('pramudyono hadi','23/07/2021','6.1.3.7','6.1.3.2',6,2,13,'DESKTOP-S1PD9OD','192.168.25.214');
23/07/2021 15:15:16	Open DB Connection
23/07/2021 15:15:16	SQL :EXEC GetUserMenu 'pramudyono hadi';
23/07/2021 15:15:16	SQL :EXEC GetUserSubMenu 'pramudyono hadi','11';
23/07/2021 15:15:16	SQL :EXEC GetUserTreeMenu 'pramudyono hadi','1101',@CompanyId=2;
23/07/2021 15:15:16	SQL :EXEC GetUserTreeMenu 'pramudyono hadi','1102',@CompanyId=2;
23/07/2021 15:15:16	SQL :EXEC GetUserTreeMenu 'pramudyono hadi','1103',@CompanyId=2;
23/07/2021 15:15:16	SQL :EXEC GetUserTreeMenu 'pramudyono hadi','1104',@CompanyId=2;
23/07/2021 15:15:16	SQL :EXEC GetUserTreeMenu 'pramudyono hadi','1105',@CompanyId=2;
23/07/2021 15:15:16	SQL :EXEC GetUserTreeMenu 'pramudyono hadi','1106',@CompanyId=2;
23/07/2021 15:15:16	SQL :EXEC GetUserTreeMenu 'pramudyono hadi','1107',@CompanyId=2;
23/07/2021 15:15:16	SQL :EXEC GetUserTreeMenu 'pramudyono hadi','1108',@CompanyId=2;
23/07/2021 15:15:16	SQL :EXEC GetUserTreeMenu 'pramudyono hadi','1109',@CompanyId=2;
23/07/2021 15:15:16	SQL :EXEC GetUserTreeMenu 'pramudyono hadi','1110',@CompanyId=2;
23/07/2021 15:15:16	SQL :EXEC GetUserTreeMenu 'pramudyono hadi','1111',@CompanyId=2;
23/07/2021 15:15:16	SQL :EXEC GetUserTreeMenu 'pramudyono hadi','1112',@CompanyId=2;
23/07/2021 15:15:16	SQL :EXEC GetUserTreeMenu 'pramudyono hadi','1113',@CompanyId=2;
23/07/2021 15:15:16	SQL :EXEC GetUserTreeMenu 'pramudyono hadi','1114',@CompanyId=2;
23/07/2021 15:15:16	SQL :EXEC GetUserTreeMenu 'pramudyono hadi','1115',@CompanyId=2;
23/07/2021 15:15:16	SQL :EXEC GetUserTreeMenu 'pramudyono hadi','1116',@CompanyId=2;
23/07/2021 15:15:16	SQL :EXEC GetUserTreeMenu 'pramudyono hadi','1117',@CompanyId=2;
23/07/2021 15:15:16	SQL :EXEC GetUserTreeMenu 'pramudyono hadi','1198',@CompanyId=2;
23/07/2021 15:15:16	SQL :EXEC GetUserTreeMenu 'pramudyono hadi','1199',@CompanyId=2;
23/07/2021 15:15:16	SQL :EXEC GetUserSubMenu 'pramudyono hadi','12';
23/07/2021 15:15:16	SQL :EXEC GetUserTreeMenu 'pramudyono hadi','1201',@CompanyId=2;
23/07/2021 15:15:16	SQL :EXEC GetUserTreeMenu 'pramudyono hadi','1202',@CompanyId=2;
23/07/2021 15:15:16	SQL :EXEC GetUserTreeMenu 'pramudyono hadi','1203',@CompanyId=2;
23/07/2021 15:15:16	SQL :EXEC GetUserTreeMenu 'pramudyono hadi','1204',@CompanyId=2;
23/07/2021 15:15:16	SQL :EXEC GetUserTreeMenu 'pramudyono hadi','1205',@CompanyId=2;
23/07/2021 15:15:16	SQL :EXEC GetUserTreeMenu 'pramudyono hadi','1206',@CompanyId=2;
23/07/2021 15:15:16	SQL :EXEC GetUserTreeMenu 'pramudyono hadi','1207',@CompanyId=2;
23/07/2021 15:15:16	SQL :EXEC GetUserSubMenu 'pramudyono hadi','13';
23/07/2021 15:15:16	SQL :EXEC GetUserTreeMenu 'pramudyono hadi','1301',@CompanyId=2;
23/07/2021 15:15:16	SQL :EXEC GetUserTreeMenu 'pramudyono hadi','1302',@CompanyId=2;
23/07/2021 15:15:17	SQL :EXEC GetUserTreeMenu 'pramudyono hadi','1303',@CompanyId=2;
23/07/2021 15:15:17	SQL :EXEC GetUserTreeMenu 'pramudyono hadi','1304',@CompanyId=2;
23/07/2021 15:15:17	SQL :EXEC GetUserTreeMenu 'pramudyono hadi','1305',@CompanyId=2;
23/07/2021 15:15:17	SQL :EXEC GetUserTreeMenu 'pramudyono hadi','1306',@CompanyId=2;
23/07/2021 15:15:17	SQL :EXEC GetUserTreeMenu 'pramudyono hadi','1307',@CompanyId=2;
23/07/2021 15:15:17	SQL :EXEC GetUserTreeMenu 'pramudyono hadi','1308',@CompanyId=2;
23/07/2021 15:15:17	SQL :EXEC GetUserTreeMenu 'pramudyono hadi','1309',@CompanyId=2;
23/07/2021 15:15:17	SQL :EXEC GetUserTreeMenu 'pramudyono hadi','1310',@CompanyId=2;
23/07/2021 15:15:17	SQL :EXEC GetUserTreeMenu 'pramudyono hadi','1311',@CompanyId=2;
23/07/2021 15:15:17	SQL :EXEC GetUserTreeMenu 'pramudyono hadi','1312',@CompanyId=2;
23/07/2021 15:15:17	SQL :EXEC GetUserTreeMenu 'pramudyono hadi','1313',@CompanyId=2;
23/07/2021 15:15:17	SQL :EXEC GetUserTreeMenu 'pramudyono hadi','1314',@CompanyId=2;
23/07/2021 15:15:17	SQL :EXEC GetUserTreeMenu 'pramudyono hadi','1315',@CompanyId=2;
23/07/2021 15:15:17	SQL :EXEC GetUserTreeMenu 'pramudyono hadi','1316',@CompanyId=2;
23/07/2021 15:15:17	SQL :EXEC GetUserTreeMenu 'pramudyono hadi','1317',@CompanyId=2;
23/07/2021 15:15:17	SQL :EXEC GetUserTreeMenu 'pramudyono hadi','1318',@CompanyId=2;
23/07/2021 15:15:17	SQL :EXEC GetUserTreeMenu 'pramudyono hadi','1319',@CompanyId=2;
23/07/2021 15:15:17	SQL :EXEC GetUserTreeMenu 'pramudyono hadi','1320',@CompanyId=2;
23/07/2021 15:15:17	SQL :EXEC GetUserTreeMenu 'pramudyono hadi','1321',@CompanyId=2;
23/07/2021 15:15:17	SQL :EXEC GetUserSubMenu 'pramudyono hadi','14';
23/07/2021 15:15:17	SQL :EXEC GetUserTreeMenu 'pramudyono hadi','1401',@CompanyId=2;
23/07/2021 15:15:17	SQL :EXEC GetUserTreeMenu 'pramudyono hadi','1402',@CompanyId=2;
23/07/2021 15:15:17	SQL :EXEC GetUserTreeMenu 'pramudyono hadi','1403',@CompanyId=2;
23/07/2021 15:15:17	SQL :EXEC GetUserTreeMenu 'pramudyono hadi','1404',@CompanyId=2;
23/07/2021 15:15:17	SQL :EXEC GetUserTreeMenu 'pramudyono hadi','1406',@CompanyId=2;
23/07/2021 15:15:17	SQL :EXEC GetUserTreeMenu 'pramudyono hadi','1408',@CompanyId=2;
23/07/2021 15:15:17	SQL :EXEC GetUserTreeMenu 'pramudyono hadi','1410',@CompanyId=2;
23/07/2021 15:15:17	SQL :EXEC GetUserTreeMenu 'pramudyono hadi','1411',@CompanyId=2;
23/07/2021 15:15:17	SQL :EXEC GetUserTreeMenu 'pramudyono hadi','1412',@CompanyId=2;
23/07/2021 15:15:17	SQL :EXEC GetUserTreeMenu 'pramudyono hadi','1413',@CompanyId=2;
23/07/2021 15:15:17	SQL :EXEC GetUserTreeMenu 'pramudyono hadi','1414',@CompanyId=2;
23/07/2021 15:15:17	SQL :EXEC GetUserSubMenu 'pramudyono hadi','15';
23/07/2021 15:15:17	SQL :EXEC GetUserTreeMenu 'pramudyono hadi','1501',@CompanyId=2;
23/07/2021 15:15:17	SQL :EXEC GetUserTreeMenu 'pramudyono hadi','1502',@CompanyId=2;
23/07/2021 15:15:17	SQL :EXEC GetUserTreeMenu 'pramudyono hadi','1503',@CompanyId=2;
23/07/2021 15:15:17	SQL :EXEC GetUserTreeMenu 'pramudyono hadi','1504',@CompanyId=2;
23/07/2021 15:15:17	SQL :EXEC GetUserTreeMenu 'pramudyono hadi','1505',@CompanyId=2;
23/07/2021 15:15:17	SQL :EXEC GetUserTreeMenu 'pramudyono hadi','1506',@CompanyId=2;
23/07/2021 15:15:17	SQL :EXEC GetUserTreeMenu 'pramudyono hadi','1507',@CompanyId=2;
23/07/2021 15:15:17	SQL :EXEC GetUserTreeMenu 'pramudyono hadi','1508',@CompanyId=2;
23/07/2021 15:15:17	SQL :EXEC GetUserTreeMenu 'pramudyono hadi','1509',@CompanyId=2;
23/07/2021 15:15:17	SQL :EXEC GetUserTreeMenu 'pramudyono hadi','1510',@CompanyId=2;
23/07/2021 15:15:17	SQL :EXEC GetUserTreeMenu 'pramudyono hadi','1511',@CompanyId=2;
23/07/2021 15:15:17	SQL :EXEC GetUserSubMenu 'pramudyono hadi','16';
23/07/2021 15:15:17	SQL :EXEC GetUserTreeMenu 'pramudyono hadi','1601',@CompanyId=2;
23/07/2021 15:15:17	SQL :EXEC GetUserTreeMenu 'pramudyono hadi','1602',@CompanyId=2;
23/07/2021 15:15:17	SQL :EXEC GetUserTreeMenu 'pramudyono hadi','1603',@CompanyId=2;
23/07/2021 15:15:17	SQL :EXEC GetUserTreeMenu 'pramudyono hadi','1604',@CompanyId=2;
23/07/2021 15:15:17	SQL :EXEC GetUserTreeMenu 'pramudyono hadi','1605',@CompanyId=2;
23/07/2021 15:15:17	SQL :EXEC GetUserTreeMenu 'pramudyono hadi','1606',@CompanyId=2;
23/07/2021 15:15:17	SQL :EXEC GetUserTreeMenu 'pramudyono hadi','1607',@CompanyId=2;
23/07/2021 15:15:17	SQL :EXEC GetUserTreeMenu 'pramudyono hadi','1608',@CompanyId=2;
23/07/2021 15:15:17	SQL :EXEC GetUserTreeMenu 'pramudyono hadi','1609',@CompanyId=2;
23/07/2021 15:15:18	SQL :EXEC GetUserTreeMenu 'pramudyono hadi','1610',@CompanyId=2;
23/07/2021 15:15:18	SQL :EXEC GetUserTreeMenu 'pramudyono hadi','1611',@CompanyId=2;
23/07/2021 15:15:18	SQL :EXEC GetUserTreeMenu 'pramudyono hadi','1612',@CompanyId=2;
23/07/2021 15:15:18	SQL :EXEC GetUserTreeMenu 'pramudyono hadi','1613',@CompanyId=2;
23/07/2021 15:15:18	SQL :EXEC GetUserTreeMenu 'pramudyono hadi','1614',@CompanyId=2;
23/07/2021 15:15:18	SQL :EXEC GetUserTreeMenu 'pramudyono hadi','1615',@CompanyId=2;
23/07/2021 15:15:18	SQL :EXEC GetUserTreeMenu 'pramudyono hadi','1616',@CompanyId=2;
23/07/2021 15:15:18	SQL :EXEC GetUserTreeMenu 'pramudyono hadi','1619',@CompanyId=2;
23/07/2021 15:15:18	SQL :EXEC GetUserTreeMenu 'pramudyono hadi','1620',@CompanyId=2;
23/07/2021 15:15:18	SQL :EXEC GetUserSubMenu 'pramudyono hadi','17';
23/07/2021 15:15:18	SQL :EXEC GetUserTreeMenu 'pramudyono hadi','1701',@CompanyId=2;
23/07/2021 15:15:18	SQL :EXEC GetUserTreeMenu 'pramudyono hadi','1702',@CompanyId=2;
23/07/2021 15:15:18	SQL :EXEC GetUserTreeMenu 'pramudyono hadi','1703',@CompanyId=2;
23/07/2021 15:15:18	SQL :EXEC GetUserTreeMenu 'pramudyono hadi','1704',@CompanyId=2;
23/07/2021 15:15:18	SQL :EXEC GetUserTreeMenu 'pramudyono hadi','1705',@CompanyId=2;
23/07/2021 15:15:18	SQL :EXEC GetUserTreeMenu 'pramudyono hadi','1706',@CompanyId=2;
23/07/2021 15:15:18	SQL :EXEC GetUserTreeMenu 'pramudyono hadi','1707',@CompanyId=2;
23/07/2021 15:15:18	SQL :EXEC GetUserTreeMenu 'pramudyono hadi','1708',@CompanyId=2;
23/07/2021 15:15:18	SQL :EXEC GetUserTreeMenu 'pramudyono hadi','1709',@CompanyId=2;
23/07/2021 15:15:18	SQL :EXEC GetUserTreeMenu 'pramudyono hadi','1710',@CompanyId=2;
23/07/2021 15:15:18	SQL :EXEC GetUserTreeMenu 'pramudyono hadi','1711',@CompanyId=2;
23/07/2021 15:15:18	SQL :EXEC GetUserTreeMenu 'pramudyono hadi','1712',@CompanyId=2;
23/07/2021 15:15:18	SQL :EXEC GetUserTreeMenu 'pramudyono hadi','1713',@CompanyId=2;
23/07/2021 15:15:18	SQL :EXEC GetUserTreeMenu 'pramudyono hadi','1714',@CompanyId=2;
23/07/2021 15:15:18	SQL :EXEC GetUserTreeMenu 'pramudyono hadi','1715',@CompanyId=2;
23/07/2021 15:15:18	SQL :EXEC GetUserTreeMenu 'pramudyono hadi','1716',@CompanyId=2;
23/07/2021 15:15:18	SQL :EXEC GetUserTreeMenu 'pramudyono hadi','1717',@CompanyId=2;
23/07/2021 15:15:18	SQL :EXEC GetUserSubMenu 'pramudyono hadi','18';
23/07/2021 15:15:18	SQL :EXEC GetUserTreeMenu 'pramudyono hadi','1801',@CompanyId=2;
23/07/2021 15:15:18	SQL :EXEC GetUserSubMenu 'pramudyono hadi','19';
23/07/2021 15:15:18	SQL :EXEC GetUserTreeMenu 'pramudyono hadi','1901',@CompanyId=2;
23/07/2021 15:15:18	SQL :EXEC GetUserTreeMenu 'pramudyono hadi','1902',@CompanyId=2;
23/07/2021 15:15:18	SQL :EXEC GetUserTreeMenu 'pramudyono hadi','1903',@CompanyId=2;
23/07/2021 15:15:18	SQL :EXEC GetUserTreeMenu 'pramudyono hadi','1904',@CompanyId=2;
23/07/2021 15:15:18	SQL :EXEC GetUserTreeMenu 'pramudyono hadi','1905',@CompanyId=2;
23/07/2021 15:15:18	SQL :EXEC GetUserTreeMenu 'pramudyono hadi','1906',@CompanyId=2;
23/07/2021 15:15:18	SQL :EXEC GetUserTreeMenu 'pramudyono hadi','1907',@CompanyId=2;
23/07/2021 15:15:18	SQL :EXEC GetUserTreeMenu 'pramudyono hadi','1908',@CompanyId=2;
23/07/2021 15:15:18	SQL :EXEC GetUserTreeMenu 'pramudyono hadi','1909',@CompanyId=2;
23/07/2021 15:15:18	SQL :EXEC GetUserTreeMenu 'pramudyono hadi','1910',@CompanyId=2;
23/07/2021 15:15:18	SQL :EXEC GetUserTreeMenu 'pramudyono hadi','1911',@CompanyId=2;
23/07/2021 15:15:18	SQL :EXEC GetUserTreeMenu 'pramudyono hadi','1912',@CompanyId=2;
23/07/2021 15:15:18	SQL :SELECT CONVERT(VARCHAR(8),GETDATE(),108) AS hour_minute;
23/07/2021 15:15:18	SQL :SELECT CONVERT(VARCHAR(10),GETDATE(),103) AS date_time;
23/07/2021 15:15:18	Loading Setting
23/07/2021 15:15:18	Open DB Connection
23/07/2021 15:15:18	SQL :SELECT * FROM wh_setting WHERE setting_name='Hold_Less_Deposit';
23/07/2021 15:15:18	SQL :SELECT * FROM wh_setting WHERE setting_name='Max_Less_Deposit';
23/07/2021 15:15:18	SQL :SELECT * FROM wh_setting WHERE setting_name='Dashboard_2';
23/07/2021 15:15:18	Finish Logging
23/07/2021 15:15:18	SQL :SELECT value_string FROM wh_setting WHERE (setting_name='Interval_CheckInDate') AND (active=1);
23/07/2021 15:15:18	SQL :SELECT value_string FROM wh_setting WHERE (setting_name='Interval_CheckInTime') AND (active=1);
23/07/2021 15:15:18	SQL :SELECT value_string FROM wh_setting WHERE (setting_name='ChatEnable') and (active=1);
23/07/2021 15:15:19	Message:Port Check
23/07/2021 15:15:19	Message:Open DB Connection
23/07/2021 15:15:19	SQL :EXEC GetMessage '01','pramudyono hadi';
23/07/2021 15:15:19	SQL :SELECT CONVERT(VARCHAR(8),GETDATE(),108) AS hour_minute;
23/07/2021 15:15:19	SQL :SELECT CONVERT(VARCHAR(10),GETDATE(),103) AS date_time;
23/07/2021 15:15:21	Open Menu :130512
23/07/2021 15:15:21	Open DB Connection
23/07/2021 15:15:21	SQL :EXEC AuthMenu 'pramudyono hadi',130512;
23/07/2021 15:15:21	Form Check :SplitBusSJ
23/07/2021 15:15:22	Form Check :SPJBusList
23/07/2021 15:15:22	Form Open: ProductPriceList=SplitSJ,0,-1,2
23/07/2021 15:15:22	Open DB Connection
23/07/2021 15:15:22	SQL :EXEC GetCompanyLocationList
23/07/2021 15:15:22	Open DB Connection
23/07/2021 15:15:22	SQL :EXEC GetVhcOutList2 6,1,2,@AllFoward=2,@InOut=2;
23/07/2021 15:15:23	Open DB Connection
23/07/2021 15:15:23	SQL :EXEC GetVhcOutList2 6,1,2,@AllFoward=-2,@InOut=2;
23/07/2021 15:15:23	Open DB Connection
23/07/2021 15:15:23	SQL :EXEC GetVhcOutList2 6,1,2,@AllFoward=-1,@InOut=2;
23/07/2021 15:15:44	Form Check :SPJBusList
23/07/2021 15:15:44	Form Open: ProductPriceList=SplitSJ-SJAdd,0,-1,1
23/07/2021 15:15:44	Open DB Connection
23/07/2021 15:15:44	SQL :EXEC GetCompanyLocationList
23/07/2021 15:15:44	Open DB Connection
23/07/2021 15:15:44	SQL :EXEC GetVhcOutList2 6,1,2,@AllFoward=2,@InOut=1;
23/07/2021 15:15:46	Open DB Connection
23/07/2021 15:15:46	SQL :EXEC GetVhcOutList2 6,1,2,@AllFoward=-2,@InOut=1;
23/07/2021 15:15:46	Open DB Connection
23/07/2021 15:15:46	SQL :EXEC GetVhcOutList2 6,1,2,@AllFoward=-1,@InOut=1;
23/07/2021 15:16:03	Ope23/07/2021 15:16:32	Get Local Settings
23/07/2021 15:16:32	Start Change Local Settings
23/07/2021 15:16:32	Change short date format
23/07/2021 15:16:32	Change Long date format
23/07/2021 15:16:32	Finish Change Local Settings
23/07/2021 15:16:32	Registry Read: Path=SOFTWARE\WEHA\Aplikasi\3
23/07/2021 15:16:32	Registry Read/Write
23/07/2021 15:16:32	Registry Read: Path=SOFTWARE\WEHA\Aplikasi\3
23/07/2021 15:16:32	Setting DB Param
23/07/2021 15:16:32	Create DB Object
23/07/2021 15:16:32	Init DB
23/07/2021 15:16:32	Finish Init DB
23/07/2021 15:16:32	Get File Version
23/07/2021 15:16:32	Change  Caption
23/07/2021 15:16:32	Init Shortkey
23/07/2021 15:16:41	Setting DB Param
23/07/2021 15:16:41	Create DB Object
23/07/2021 15:16:41	Init DB
23/07/2021 15:16:41	Finish Init DB
23/07/2021 15:16:43	Update new version check
23/07/2021 15:16:43	Open DB Connection
23/07/2021 15:16:44	SQL :
23/07/2021 15:16:44	Update check version
23/07/2021 15:16:44	Open DB Connection
23/07/2021 15:16:44	SQL :SELECT version FROM wh_application WHERE application_id=(SELECT MAX(application_id) FROM wh_application);
23/07/2021 15:16:44	Start Login
23/07/2021 15:16:44	Open DB Connection
23/07/2021 15:16:44	SQL :EXEC AuthenticateUser 'pramudyono hadi','6f2b8366efa56f0c06dd6b31fcff8a73';
23/07/2021 15:16:44	SQL :INSERT INTO wh_log (user_id,app_date,app_version,app_version_svr,location_id,company_id,department_id,host_name,ip_address)  VALUES ('pramudyono hadi','23/07/2021','6.1.3.7','6.1.3.2',6,2,13,'DESKTOP-S1PD9OD','192.168.25.214');
23/07/2021 15:16:44	Open DB Connection
23/07/2021 15:16:44	SQL :EXEC GetUserMenu 'pramudyono hadi';
23/07/2021 15:16:44	SQL :EXEC GetUserSubMenu 'pramudyono hadi','11';
23/07/2021 15:16:44	SQL :EXEC GetUserTreeMenu 'pramudyono hadi','1101',@CompanyId=2;
23/07/2021 15:16:44	SQL :EXEC GetUserTreeMenu 'pramudyono hadi','1102',@CompanyId=2;
23/07/2021 15:16:44	SQL :EXEC GetUserTreeMenu 'pramudyono hadi','1103',@CompanyId=2;
23/07/2021 15:16:44	SQL :EXEC GetUserTreeMenu 'pramudyono hadi','1104',@CompanyId=2;
23/07/2021 15:16:44	SQL :EXEC GetUserTreeMenu 'pramudyono hadi','1105',@CompanyId=2;
23/07/2021 15:16:44	SQL :EXEC GetUserTreeMenu 'pramudyono hadi','1106',@CompanyId=2;
23/07/2021 15:16:44	SQL :EXEC GetUserTreeMenu 'pramudyono hadi','1107',@CompanyId=2;
23/07/2021 15:16:44	SQL :EXEC GetUserTreeMenu 'pramudyono hadi','1108',@CompanyId=2;
23/07/2021 15:16:44	SQL :EXEC GetUserTreeMenu 'pramudyono hadi','1109',@CompanyId=2;
23/07/2021 15:16:44	SQL :EXEC GetUserTreeMenu 'pramudyono hadi','1110',@CompanyId=2;
23/07/2021 15:16:44	SQL :EXEC GetUserTreeMenu 'pramudyono hadi','1111',@CompanyId=2;
23/07/2021 15:16:44	SQL :EXEC GetUserTreeMenu 'pramudyono hadi','1112',@CompanyId=2;
23/07/2021 15:16:44	SQL :EXEC GetUserTreeMenu 'pramudyono hadi','1113',@CompanyId=2;
23/07/2021 15:16:44	SQL :EXEC GetUserTreeMenu 'pramudyono hadi','1114',@CompanyId=2;
23/07/2021 15:16:44	SQL :EXEC GetUserTreeMenu 'pramudyono hadi','1115',@CompanyId=2;
23/07/2021 15:16:44	SQL :EXEC GetUserTreeMenu 'pramudyono hadi','1116',@CompanyId=2;
23/07/2021 15:16:44	SQL :EXEC GetUserTreeMenu 'pramudyono hadi','1117',@CompanyId=2;
23/07/2021 15:16:44	SQL :EXEC GetUserTreeMenu 'pramudyono hadi','1198',@CompanyId=2;
23/07/2021 15:16:44	SQL :EXEC GetUserTreeMenu 'pramudyono hadi','1199',@CompanyId=2;
23/07/2021 15:16:44	SQL :EXEC GetUserSubMenu 'pramudyono hadi','12';
23/07/2021 15:16:44	SQL :EXEC GetUserTreeMenu 'pramudyono hadi','1201',@CompanyId=2;
23/07/2021 15:16:44	SQL :EXEC GetUserTreeMenu 'pramudyono hadi','1202',@CompanyId=2;
23/07/2021 15:16:44	SQL :EXEC GetUserTreeMenu 'pramudyono hadi','1203',@CompanyId=2;
23/07/2021 15:16:44	SQL :EXEC GetUserTreeMenu 'pramudyono hadi','1204',@CompanyId=2;
23/07/2021 15:16:44	SQL :EXEC GetUserTreeMenu 'pramudyono hadi','1205',@CompanyId=2;
23/07/2021 15:16:44	SQL :EXEC GetUserTreeMenu 'pramudyono hadi','1206',@CompanyId=2;
23/07/2021 15:16:44	SQL :EXEC GetUserTreeMenu 'pramudyono hadi','1207',@CompanyId=2;
23/07/2021 15:16:44	SQL :EXEC GetUserSubMenu 'pramudyono hadi','13';
23/07/2021 15:16:44	SQL :EXEC GetUserTreeMenu 'pramudyono hadi','1301',@CompanyId=2;
23/07/2021 15:16:44	SQL :EXEC GetUserTreeMenu 'pramudyono hadi','1302',@CompanyId=2;
23/07/2021 15:16:44	SQL :EXEC GetUserTreeMenu 'pramudyono hadi','1303',@CompanyId=2;
23/07/2021 15:16:44	SQL :EXEC GetUserTreeMenu 'pramudyono hadi','1304',@CompanyId=2;
23/07/2021 15:16:44	SQL :EXEC GetUserTreeMenu 'pramudyono hadi','1305',@CompanyId=2;
23/07/2021 15:16:44	SQL :EXEC GetUserTreeMenu 'pramudyono hadi','1306',@CompanyId=2;
23/07/2021 15:16:44	SQL :EXEC GetUserTreeMenu 'pramudyono hadi','1307',@CompanyId=2;
23/07/2021 15:16:44	SQL :EXEC GetUserTreeMenu 'pramudyono hadi','1308',@CompanyId=2;
23/07/2021 15:16:44	SQL :EXEC GetUserTreeMenu 'pramudyono hadi','1309',@CompanyId=2;
23/07/2021 15:16:44	SQL :EXEC GetUserTreeMenu 'pramudyono hadi','1310',@CompanyId=2;
23/07/2021 15:16:44	SQL :EXEC GetUserTreeMenu 'pramudyono hadi','1311',@CompanyId=2;
23/07/2021 15:16:44	SQL :EXEC GetUserTreeMenu 'pramudyono hadi','1312',@CompanyId=2;
23/07/2021 15:16:44	SQL :EXEC GetUserTreeMenu 'pramudyono hadi','1313',@CompanyId=2;
23/07/2021 15:16:44	SQL :EXEC GetUserTreeMenu 'pramudyono hadi','1314',@CompanyId=2;
23/07/2021 15:16:44	SQL :EXEC GetUserTreeMenu 'pramudyono hadi','1315',@CompanyId=2;
23/07/2021 15:16:44	SQL :EXEC GetUserTreeMenu 'pramudyono hadi','1316',@CompanyId=2;
23/07/2021 15:16:44	SQL :EXEC GetUserTreeMenu 'pramudyono hadi','1317',@CompanyId=2;
23/07/2021 15:16:44	SQL :EXEC GetUserTreeMenu 'pramudyono hadi','1318',@CompanyId=2;
23/07/2021 15:16:44	SQL :EXEC GetUserTreeMenu 'pramudyono hadi','1319',@CompanyId=2;
23/07/2021 15:16:44	SQL :EXEC GetUserTreeMenu 'pramudyono hadi','1320',@CompanyId=2;
23/07/2021 15:16:44	SQL :EXEC GetUserTreeMenu 'pramudyono hadi','1321',@CompanyId=2;
23/07/2021 15:16:44	SQL :EXEC GetUserSubMenu 'pramudyono hadi','14';
23/07/2021 15:16:44	SQL :EXEC GetUserTreeMenu 'pramudyono hadi','1401',@CompanyId=2;
23/07/2021 15:16:44	SQL :EXEC GetUserTreeMenu 'pramudyono hadi','1402',@CompanyId=2;
23/07/2021 15:16:44	SQL :EXEC GetUserTreeMenu 'pramudyono hadi','1403',@CompanyId=2;
23/07/2021 15:16:44	SQL :EXEC GetUserTreeMenu 'pramudyono hadi','1404',@CompanyId=2;
23/07/2021 15:16:44	SQL :EXEC GetUserTreeMenu 'pramudyono hadi','1406',@CompanyId=2;
23/07/2021 15:16:44	SQL :EXEC GetUserTreeMenu 'pramudyono hadi','1408',@CompanyId=2;
23/07/2021 15:16:44	SQL :EXEC GetUserTreeMenu 'pramudyono hadi','1410',@CompanyId=2;
23/07/2021 15:16:44	SQL :EXEC GetUserTreeMenu 'pramudyono hadi','1411',@CompanyId=2;
23/07/2021 15:16:44	SQL :EXEC GetUserTreeMenu 'pramudyono hadi','1412',@CompanyId=2;
23/07/2021 15:16:44	SQL :EXEC GetUserTreeMenu 'pramudyono hadi','1413',@CompanyId=2;
23/07/2021 15:16:44	SQL :EXEC GetUserTreeMenu 'pramudyono hadi','1414',@CompanyId=2;
23/07/2021 15:16:44	SQL :EXEC GetUserSubMenu 'pramudyono hadi','15';
23/07/2021 15:16:44	SQL :EXEC GetUserTreeMenu 'pramudyono hadi','1501',@CompanyId=2;
23/07/2021 15:16:44	SQL :EXEC GetUserTreeMenu 'pramudyono hadi','1502',@CompanyId=2;
23/07/2021 15:16:44	SQL :EXEC GetUserTreeMenu 'pramudyono hadi','1503',@CompanyId=2;
23/07/2021 15:16:44	SQL :EXEC GetUserTreeMenu 'pramudyono hadi','1504',@CompanyId=2;
23/07/2021 15:16:44	SQL :EXEC GetUserTreeMenu 'pramudyono hadi','1505',@CompanyId=2;
23/07/2021 15:16:44	SQL :EXEC GetUserTreeMenu 'pramudyono hadi','1506',@CompanyId=2;
23/07/2021 15:16:44	SQL :EXEC GetUserTreeMenu 'pramudyono hadi','1507',@CompanyId=2;
23/07/2021 15:16:44	SQL :EXEC GetUserTreeMenu 'pramudyono hadi','1508',@CompanyId=2;
23/07/2021 15:16:44	SQL :EXEC GetUserTreeMenu 'pramudyono hadi','1509',@CompanyId=2;
23/07/2021 15:16:44	SQL :EXEC GetUserTreeMenu 'pramudyono hadi','1510',@CompanyId=2;
23/07/2021 15:16:44	SQL :EXEC GetUserTreeMenu 'pramudyono hadi','1511',@CompanyId=2;
23/07/2021 15:16:45	SQL :EXEC GetUserSubMenu 'pramudyono hadi','16';
23/07/2021 15:16:45	SQL :EXEC GetUserTreeMenu 'pramudyono hadi','1601',@CompanyId=2;
23/07/2021 15:16:45	SQL :EXEC GetUserTreeMenu 'pramudyono hadi','1602',@CompanyId=2;
23/07/2021 15:16:45	SQL :EXEC GetUserTreeMenu 'pramudyono hadi','1603',@CompanyId=2;
23/07/2021 15:16:45	SQL :EXEC GetUserTreeMenu 'pramudyono hadi','1604',@CompanyId=2;
23/07/2021 15:16:45	SQL :EXEC GetUserTreeMenu 'pramudyono hadi','1605',@CompanyId=2;
23/07/2021 15:16:45	SQL :EXEC GetUserTreeMenu 'pramudyono hadi','1606',@CompanyId=2;
23/07/2021 15:16:45	SQL :EXEC GetUserTreeMenu 'pramudyono hadi','1607',@CompanyId=2;
23/07/2021 15:16:45	SQL :EXEC GetUserTreeMenu 'pramudyono hadi','1608',@CompanyId=2;
23/07/2021 15:16:45	SQL :EXEC GetUserTreeMenu 'pramudyono hadi','1609',@CompanyId=2;
23/07/2021 15:16:45	SQL :EXEC GetUserTreeMenu 'pramudyono hadi','1610',@CompanyId=2;
23/07/2021 15:16:45	SQL :EXEC GetUserTreeMenu 'pramudyono hadi','1611',@CompanyId=2;
23/07/2021 15:16:45	SQL :EXEC GetUserTreeMenu 'pramudyono hadi','1612',@CompanyId=2;
23/07/2021 15:16:45	SQL :EXEC GetUserTreeMenu 'pramudyono hadi','1613',@CompanyId=2;
23/07/2021 15:16:45	SQL :EXEC GetUserTreeMenu 'pramudyono hadi','1614',@CompanyId=2;
23/07/2021 15:16:45	SQL :EXEC GetUserTreeMenu 'pramudyono hadi','1615',@CompanyId=2;
23/07/2021 15:16:45	SQL :EXEC GetUserTreeMenu 'pramudyono hadi','1616',@CompanyId=2;
23/07/2021 15:16:45	SQL :EXEC GetUserTreeMenu 'pramudyono hadi','1619',@CompanyId=2;
23/07/2021 15:16:45	SQL :EXEC GetUserTreeMenu 'pramudyono hadi','1620',@CompanyId=2;
23/07/2021 15:16:45	SQL :EXEC GetUserSubMenu 'pramudyono hadi','17';
23/07/2021 15:16:45	SQL :EXEC GetUserTreeMenu 'pramudyono hadi','1701',@CompanyId=2;
23/07/2021 15:16:45	SQL :EXEC GetUserTreeMenu 'pramudyono hadi','1702',@CompanyId=2;
23/07/2021 15:16:45	SQL :EXEC GetUserTreeMenu 'pramudyono hadi','1703',@CompanyId=2;
23/07/2021 15:16:45	SQL :EXEC GetUserTreeMenu 'pramudyono hadi','1704',@CompanyId=2;
23/07/2021 15:16:45	SQL :EXEC GetUserTreeMenu 'pramudyono hadi','1705',@CompanyId=2;
23/07/2021 15:16:45	SQL :EXEC GetUserTreeMenu 'pramudyono hadi','1706',@CompanyId=2;
23/07/2021 15:16:45	SQL :EXEC GetUserTreeMenu 'pramudyono hadi','1707',@CompanyId=2;
23/07/2021 15:16:45	SQL :EXEC GetUserTreeMenu 'pramudyono hadi','1708',@CompanyId=2;
23/07/2021 15:16:45	SQL :EXEC GetUserTreeMenu 'pramudyono hadi','1709',@CompanyId=2;
23/07/2021 15:16:45	SQL :EXEC GetUserTreeMenu 'pramudyono hadi','1710',@CompanyId=2;
23/07/2021 15:16:45	SQL :EXEC GetUserTreeMenu 'pramudyono hadi','1711',@CompanyId=2;
23/07/2021 15:16:45	SQL :EXEC GetUserTreeMenu 'pramudyono hadi','1712',@CompanyId=2;
23/07/2021 15:16:45	SQL :EXEC GetUserTreeMenu 'pramudyono hadi','1713',@CompanyId=2;
23/07/2021 15:16:45	SQL :EXEC GetUserTreeMenu 'pramudyono hadi','1714',@CompanyId=2;
23/07/2021 15:16:45	SQL :EXEC GetUserTreeMenu 'pramudyono hadi','1715',@CompanyId=2;
23/07/2021 15:16:45	SQL :EXEC GetUserTreeMenu 'pramudyono hadi','1716',@CompanyId=2;
23/07/2021 15:16:45	SQL :EXEC GetUserTreeMenu 'pramudyono hadi','1717',@CompanyId=2;
23/07/2021 15:16:45	SQL :EXEC GetUserSubMenu 'pramudyono hadi','18';
23/07/2021 15:16:45	SQL :EXEC GetUserTreeMenu 'pramudyono hadi','1801',@CompanyId=2;
23/07/2021 15:16:45	SQL :EXEC GetUserSubMenu 'pramudyono hadi','19';
23/07/2021 15:16:45	SQL :EXEC GetUserTreeMenu 'pramudyono hadi','1901',@CompanyId=2;
23/07/2021 15:16:45	SQL :EXEC GetUserTreeMenu 'pramudyono hadi','1902',@CompanyId=2;
23/07/2021 15:16:45	SQL :EXEC GetUserTreeMenu 'pramudyono hadi','1903',@CompanyId=2;
23/07/2021 15:16:45	SQL :EXEC GetUserTreeMenu 'pramudyono hadi','1904',@CompanyId=2;
23/07/2021 15:16:45	SQL :EXEC GetUserTreeMenu 'pramudyono hadi','1905',@CompanyId=2;
23/07/2021 15:16:45	SQL :EXEC GetUserTreeMenu 'pramudyono hadi','1906',@CompanyId=2;
23/07/2021 15:16:45	SQL :EXEC GetUserTreeMenu 'pramudyono hadi','1907',@CompanyId=2;
23/07/2021 15:16:45	SQL :EXEC GetUserTreeMenu 'pramudyono hadi','1908',@CompanyId=2;
23/07/2021 15:16:45	SQL :EXEC GetUserTreeMenu 'pramudyono hadi','1909',@CompanyId=2;
23/07/2021 15:16:45	SQL :EXEC GetUserTreeMenu 'pramudyono hadi','1910',@CompanyId=2;
23/07/2021 15:16:45	SQL :EXEC GetUserTreeMenu 'pramudyono hadi','1911',@CompanyId=2;
23/07/2021 15:16:45	SQL :EXEC GetUserTreeMenu 'pramudyono hadi','1912',@CompanyId=2;
23/07/2021 15:16:45	SQL :SELECT CONVERT(VARCHAR(8),GETDATE(),108) AS hour_minute;
23/07/2021 15:16:45	SQL :SELECT CONVERT(VARCHAR(10),GETDATE(),103) AS date_time;
23/07/2021 15:16:45	Loading Setting
23/07/2021 15:16:45	Open DB Connection
23/07/2021 15:16:45	SQL :SELECT * FROM wh_setting WHERE setting_name='Hold_Less_Deposit';
23/07/2021 15:16:45	SQL :SELECT * FROM wh_setting WHERE setting_name='Max_Less_Deposit';
23/07/2021 15:16:45	SQL :SELECT * FROM wh_setting WHERE setting_name='Dashboard_2';
23/07/2021 15:16:45	Finish Logging
23/07/2021 15:16:45	SQL :SELECT value_string FROM wh_setting WHERE (setting_name='Interval_CheckInDate') AND (active=1);
23/07/2021 15:16:45	SQL :SELECT value_string FROM wh_setting WHERE (setting_name='Interval_CheckInTime') AND (active=1);
23/07/2021 15:16:45	SQL :SELECT value_string FROM wh_setting WHERE (setting_name='ChatEnable') and (active=1);
23/07/2021 15:16:46	Message:Port Check
23/07/2021 15:16:46	Message:Open DB Connection
23/07/2021 15:16:46	SQL :EXEC GetMessage '01','pramudyono hadi';
23/07/2021 15:16:46	SQL :SELECT CONVERT(VARCHAR(8),GETDATE(),108) AS hour_minute;
23/07/2021 15:16:46	SQL :SELECT CONVERT(VARCHAR(10),GETDATE(),103) AS date_time;
23/07/2021 15:16:52	Open Menu :130512
23/07/2021 15:16:52	Open DB Connection
23/07/2021 15:16:52	SQL :EXEC AuthMenu 'pramudyono hadi',130512;
23/07/2021 15:16:52	Form Check :SplitBusSJ
23/07/2021 15:16:53	Form Check :SPJBusList
23/07/2021 15:16:53	Form Open: ProductPriceList=SplitSJ,0,-1,2
23/07/2021 15:16:53	Open DB Connection
23/07/2021 15:16:53	SQL :EXEC GetCompanyLocationList
23/07/2021 15:16:53	Open DB Connection
23/07/2021 15:16:53	SQL :EXEC GetVhcOutList2 6,1,2,@AllFoward=2,@InOut=2;
23/07/2021 15:16:57	Open DB Connection
23/07/2021 15:16:57	SQL :EXEC GetVhcOutList2 6,1,2,@AllFoward=-2,@InOut=2;
23/07/2021 15:16:58	Open DB Connection
23/07/2021 15:16:58	SQL :EXEC GetVhcOutList2 6,1,2,@AllFoward=-1,@InOut=2;
23/07/2021 15:17:15	Form Check :SPJBusList
23/07/2021 15:17:15	Form Open: ProductPriceList=SplitSJ-SJAdd,0,-1,1
23/07/2021 15:17:15	Open DB Connection
23/07/2021 15:17:15	SQL :EXEC GetCompanyLocationList
23/07/2021 15:17:15	Open DB Connection
23/07/2021 15:17:15	SQL :EXEC GetVhcOutList2 6,1,2,@AllFoward=2,@InOut=1;
23/07/2021 15:17:53	Open DB Connection
23/07/2021 15:17:53	SQL :EXEC GetVhcOutList2 6,1,2,@AllFoward=-2,@InOut=1;
23/07/2021 15:17:54	Open DB Connection
23/07/2021 15:17:54	SQL :EXEC GetVhcOutList2 6,1,2,@AllFoward=-1,@InOut=1;
23/07/2021 15:20:20	Open DB Connection
26/07/2021 11:06:24	Get Local Settings
26/07/2021 11:06:24	Start Change Local Settings
26/07/2021 11:06:24	Change short date format
26/07/2021 11:06:24	Change Long date format
26/07/2021 11:06:24	Finish Change Local Settings
26/07/2021 11:06:24	Registry Read: Path=SOFTWARE\WEHA\Aplikasi\3
26/07/2021 11:06:24	Registry Read/Write
26/07/2021 11:06:24	Registry Read: Path=SOFTWARE\WEHA\Aplikasi\3
26/07/2021 11:06:24	Create DB Object
26/07/2021 11:06:24	Init DB
26/07/2021 11:06:24	Finish Init DB
26/07/2021 11:06:24	Get File Version
26/07/2021 11:06:24	Change  Caption
26/07/2021 11:06:24	Init Shortkey
26/07/2021 11:06:27	Create DB Object
26/07/2021 11:06:27	Init DB
26/07/2021 11:06:27	Finish Init DB
26/07/2021 11:06:29	Form Check :Setting
26/07/2021 11:06:29	Form Open: Setting
26/07/2021 11:06:34	Setting DB Param
26/07/2021 11:06:34	Create DB Object
26/07/2021 11:06:34	Init DB
26/07/2021 11:06:34	Finish Init DB
26/07/2021 11:06:34	Port Check
26/07/2021 11:06:34	Connection Check
26/07/2021 11:06:35	Check Success
26/07/2021 11:06:37	Registry Write: 192.168.10.247,wh_dev1,sa,SQLNCLI11
26/07/2021 11:06:37	Registry Read: Path=SOFTWARE\WEHA\Aplikasi\3
26/07/2021 11:06:39	Setting DB Param
26/07/2021 11:06:39	Create DB Object
26/07/2021 11:06:39	Init DB
26/07/2021 11:06:39	Finish Init DB
26/07/2021 11:06:40	Update new version check
26/07/2021 11:06:40	Open DB Connection
26/07/2021 11:06:40	SQL :
26/07/2021 11:06:40	Update check version
26/07/2021 11:06:40	Open DB Connection
26/07/2021 11:06:40	SQL :SELECT version FROM wh_application WHERE application_id=(SELECT MAX(application_id) FROM wh_application);
26/07/2021 11:06:40	Start Login
26/07/2021 11:06:40	Open DB Connection
26/07/2021 11:06:40	SQL :EXEC AuthenticateUser 'pramudyono hadi','6f2b8366efa56f0c06dd6b31fcff8a73';
26/07/2021 11:06:42	SQL :INSERT INTO wh_log (user_id,app_date,app_version,app_version_svr,location_id,company_id,department_id,host_name,ip_address)  VALUES ('pramudyono hadi','26/07/2021','6.1.3.8','6.1.3.2',6,2,13,'DESKTOP-S1PD9OD','192.168.25.214');
26/07/2021 11:06:42	Open DB Connection
26/07/2021 11:06:42	SQL :EXEC GetUserMenu 'pramudyono hadi';
26/07/2021 11:06:42	SQL :EXEC GetUserSubMenu 'pramudyono hadi','11';
26/07/2021 11:06:42	SQL :EXEC GetUserTreeMenu 'pramudyono hadi','1101',@CompanyId=2;
26/07/2021 11:06:43	SQL :EXEC GetUserTreeMenu 'pramudyono hadi','1102',@CompanyId=2;
26/07/2021 11:06:43	SQL :EXEC GetUserTreeMenu 'pramudyono hadi','1103',@CompanyId=2;
26/07/2021 11:06:43	SQL :EXEC GetUserTreeMenu 'pramudyono hadi','1104',@CompanyId=2;
26/07/2021 11:06:43	SQL :EXEC GetUserTreeMenu 'pramudyono hadi','1105',@CompanyId=2;
26/07/2021 11:06:43	SQL :EXEC GetUserTreeMenu 'pramudyono hadi','1106',@CompanyId=2;
26/07/2021 11:06:43	SQL :EXEC GetUserTreeMenu 'pramudyono hadi','1107',@CompanyId=2;
26/07/2021 11:06:43	SQL :EXEC GetUserTreeMenu 'pramudyono hadi','1108',@CompanyId=2;
26/07/2021 11:06:43	SQL :EXEC GetUserTreeMenu 'pramudyono hadi','1109',@CompanyId=2;
26/07/2021 11:06:43	SQL :EXEC GetUserTreeMenu 'pramudyono hadi','1110',@CompanyId=2;
26/07/2021 11:06:43	SQL :EXEC GetUserTreeMenu 'pramudyono hadi','1111',@CompanyId=2;
26/07/2021 11:06:43	SQL :EXEC GetUserTreeMenu 'pramudyono hadi','1112',@CompanyId=2;
26/07/2021 11:06:43	SQL :EXEC GetUserTreeMenu 'pramudyono hadi','1113',@CompanyId=2;
26/07/2021 11:06:43	SQL :EXEC GetUserTreeMenu 'pramudyono hadi','1114',@CompanyId=2;
26/07/2021 11:06:43	SQL :EXEC GetUserTreeMenu 'pramudyono hadi','1115',@CompanyId=2;
26/07/2021 11:06:43	SQL :EXEC GetUserTreeMenu 'pramudyono hadi','1116',@CompanyId=2;
26/07/2021 11:06:43	SQL :EXEC GetUserTreeMenu 'pramudyono hadi','1117',@CompanyId=2;
26/07/2021 11:06:43	SQL :EXEC GetUserTreeMenu 'pramudyono hadi','1198',@CompanyId=2;
26/07/2021 11:06:43	SQL :EXEC GetUserTreeMenu 'pramudyono hadi','1199',@CompanyId=2;
26/07/2021 11:06:44	SQL :EXEC GetUserSubMenu 'pramudyono hadi','12';
26/07/2021 11:06:44	SQL :EXEC GetUserTreeMenu 'pramudyono hadi','1201',@CompanyId=2;
26/07/2021 11:06:44	SQL :EXEC GetUserTreeMenu 'pramudyono hadi','1202',@CompanyId=2;
26/07/2021 11:06:44	SQL :EXEC GetUserTreeMenu 'pramudyono hadi','1203',@CompanyId=2;
26/07/2021 11:06:44	SQL :EXEC GetUserTreeMenu 'pramudyono hadi','1204',@CompanyId=2;
26/07/2021 11:06:44	SQL :EXEC GetUserTreeMenu 'pramudyono hadi','1205',@CompanyId=2;
26/07/2021 11:06:44	SQL :EXEC GetUserTreeMenu 'pramudyono hadi','1206',@CompanyId=2;
26/07/2021 11:06:44	SQL :EXEC GetUserTreeMenu 'pramudyono hadi','1207',@CompanyId=2;
26/07/2021 11:06:44	SQL :EXEC GetUserSubMenu 'pramudyono hadi','13';
26/07/2021 11:06:44	SQL :EXEC GetUserTreeMenu 'pramudyono hadi','1301',@CompanyId=2;
26/07/2021 11:06:44	SQL :EXEC GetUserTreeMenu 'pramudyono hadi','1302',@CompanyId=2;
26/07/2021 11:06:44	SQL :EXEC GetUserTreeMenu 'pramudyono hadi','1303',@CompanyId=2;
26/07/2021 11:06:44	SQL :EXEC GetUserTreeMenu 'pramudyono hadi','1304',@CompanyId=2;
26/07/2021 11:06:44	SQL :EXEC GetUserTreeMenu 'pramudyono hadi','1305',@CompanyId=2;
26/07/2021 11:06:44	SQL :EXEC GetUserTreeMenu 'pramudyono hadi','1306',@CompanyId=2;
26/07/2021 11:06:44	SQL :EXEC GetUserTreeMenu 'pramudyono hadi','1307',@CompanyId=2;
26/07/2021 11:06:44	SQL :EXEC GetUserTreeMenu 'pramudyono hadi','1308',@CompanyId=2;
26/07/2021 11:06:44	SQL :EXEC GetUserTreeMenu 'pramudyono hadi','1309',@CompanyId=2;
26/07/2021 11:06:44	SQL :EXEC GetUserTreeMenu 'pramudyono hadi','1310',@CompanyId=2;
26/07/2021 11:06:44	SQL :EXEC GetUserTreeMenu 'pramudyono hadi','1311',@CompanyId=2;
26/07/2021 11:06:44	SQL :EXEC GetUserTreeMenu 'pramudyono hadi','1312',@CompanyId=2;
26/07/2021 11:06:44	SQL :EXEC GetUserTreeMenu 'pramudyono hadi','1313',@CompanyId=2;
26/07/2021 11:06:44	SQL :EXEC GetUserTreeMenu 'pramudyono hadi','1314',@CompanyId=2;
26/07/2021 11:06:44	SQL :EXEC GetUserTreeMenu 'pramudyono hadi','1315',@CompanyId=2;
26/07/2021 11:06:44	SQL :EXEC GetUserTreeMenu 'pramudyono hadi','1316',@CompanyId=2;
26/07/2021 11:06:44	SQL :EXEC GetUserTreeMenu 'pramudyono hadi','1317',@CompanyId=2;
26/07/2021 11:06:44	SQL :EXEC GetUserTreeMenu 'pramudyono hadi','1318',@CompanyId=2;
26/07/2021 11:06:44	SQL :EXEC GetUserTreeMenu 'pramudyono hadi','1319',@CompanyId=2;
26/07/2021 11:06:44	SQL :EXEC GetUserTreeMenu 'pramudyono hadi','1320',@CompanyId=2;
26/07/2021 11:06:44	SQL :EXEC GetUserTreeMenu 'pramudyono hadi','1321',@CompanyId=2;
26/07/2021 11:06:44	SQL :EXEC GetUserSubMenu 'pramudyono hadi','14';
26/07/2021 11:06:45	SQL :EXEC GetUserTreeMenu 'pramudyono hadi','1401',@CompanyId=2;
26/07/2021 11:06:45	SQL :EXEC GetUserTreeMenu 'pramudyono hadi','1402',@CompanyId=2;
26/07/2021 11:06:45	SQL :EXEC GetUserTreeMenu 'pramudyono hadi','1403',@CompanyId=2;
26/07/2021 11:06:45	SQL :EXEC GetUserTreeMenu 'pramudyono hadi','1404',@CompanyId=2;
26/07/2021 11:06:45	SQL :EXEC GetUserTreeMenu 'pramudyono hadi','1406',@CompanyId=2;
26/07/2021 11:06:45	SQL :EXEC GetUserTreeMenu 'pramudyono hadi','1408',@CompanyId=2;
26/07/2021 11:06:45	SQL :EXEC GetUserTreeMenu 'pramudyono hadi','1410',@CompanyId=2;
26/07/2021 11:06:45	SQL :EXEC GetUserTreeMenu 'pramudyono hadi','1411',@CompanyId=2;
26/07/2021 11:06:45	SQL :EXEC GetUserTreeMenu 'pramudyono hadi','1412',@CompanyId=2;
26/07/2021 11:06:45	SQL :EXEC GetUserTreeMenu 'pramudyono hadi','1413',@CompanyId=2;
26/07/2021 11:06:45	SQL :EXEC GetUserTreeMenu 'pramudyono hadi','1414',@CompanyId=2;
26/07/2021 11:06:45	SQL :EXEC GetUserSubMenu 'pramudyono hadi','15';
26/07/2021 11:06:45	SQL :EXEC GetUserTreeMenu 'pramudyono hadi','1501',@CompanyId=2;
26/07/2021 11:06:45	SQL :EXEC GetUserTreeMenu 'pramudyono hadi','1502',@CompanyId=2;
26/07/2021 11:06:45	SQL :EXEC GetUserTreeMenu 'pramudyono hadi','1503',@CompanyId=2;
26/07/2021 11:06:45	SQL :EXEC GetUserTreeMenu 'pramudyono hadi','1504',@CompanyId=2;
26/07/2021 11:06:45	SQL :EXEC GetUserTreeMenu 'pramudyono hadi','1505',@CompanyId=2;
26/07/2021 11:06:45	SQL :EXEC GetUserTreeMenu 'pramudyono hadi','1506',@CompanyId=2;
26/07/2021 11:06:45	SQL :EXEC GetUserTreeMenu 'pramudyono hadi','1507',@CompanyId=2;
26/07/2021 11:06:45	SQL :EXEC GetUserTreeMenu 'pramudyono hadi','1508',@CompanyId=2;
26/07/2021 11:06:45	SQL :EXEC GetUserTreeMenu 'pramudyono hadi','1509',@CompanyId=2;
26/07/2021 11:06:45	SQL :EXEC GetUserTreeMenu 'pramudyono hadi','1510',@CompanyId=2;
26/07/2021 11:06:45	SQL :EXEC GetUserTreeMenu 'pramudyono hadi','1511',@CompanyId=2;
26/07/2021 11:06:45	SQL :EXEC GetUserSubMenu 'pramudyono hadi','16';
26/07/2021 11:06:45	SQL :EXEC GetUserTreeMenu 'pramudyono hadi','1601',@CompanyId=2;
26/07/2021 11:06:45	SQL :EXEC GetUserTreeMenu 'pramudyono hadi','1602',@CompanyId=2;
26/07/2021 11:06:45	SQL :EXEC GetUserTreeMenu 'pramudyono hadi','1603',@CompanyId=2;
26/07/2021 11:06:45	SQL :EXEC GetUserTreeMenu 'pramudyono hadi','1604',@CompanyId=2;
26/07/2021 11:06:45	SQL :EXEC GetUserTreeMenu 'pramudyono hadi','1605',@CompanyId=2;
26/07/2021 11:06:45	SQL :EXEC GetUserTreeMenu 'pramudyono hadi','1606',@CompanyId=2;
26/07/2021 11:06:46	SQL :EXEC GetUserTreeMenu 'pramudyono hadi','1607',@CompanyId=2;
26/07/2021 11:06:46	SQL :EXEC GetUserTreeMenu 'pramudyono hadi','1608',@CompanyId=2;
26/07/2021 11:06:46	SQL :EXEC GetUserTreeMenu 'pramudyono hadi','1609',@CompanyId=2;
26/07/2021 11:06:46	SQL :EXEC GetUserTreeMenu 'pramudyono hadi','1610',@CompanyId=2;
26/07/2021 11:06:46	SQL :EXEC GetUserTreeMenu 'pramudyono hadi','1611',@CompanyId=2;
26/07/2021 11:06:46	SQL :EXEC GetUserTreeMenu 'pramudyono hadi','1612',@CompanyId=2;
26/07/2021 11:06:46	SQL :EXEC GetUserTreeMenu 'pramudyono hadi','1613',@CompanyId=2;
26/07/2021 11:06:46	SQL :EXEC GetUserTreeMenu 'pramudyono hadi','1614',@CompanyId=2;
26/07/2021 11:06:46	SQL :EXEC GetUserTreeMenu 'pramudyono hadi','1615',@CompanyId=2;
26/07/2021 11:06:46	SQL :EXEC GetUserTreeMenu 'pramudyono hadi','1616',@CompanyId=2;
26/07/2021 11:06:46	SQL :EXEC GetUserTreeMenu 'pramudyono hadi','1619',@CompanyId=2;
26/07/2021 11:06:46	SQL :EXEC GetUserTreeMenu 'pramudyono hadi','1620',@CompanyId=2;
26/07/2021 11:06:46	SQL :EXEC GetUserSubMenu 'pramudyono hadi','17';
26/07/2021 11:06:46	SQL :EXEC GetUserTreeMenu 'pramudyono hadi','1701',@CompanyId=2;
26/07/2021 11:06:46	SQL :EXEC GetUserTreeMenu 'pramudyono hadi','1702',@CompanyId=2;
26/07/2021 11:06:46	SQL :EXEC GetUserTreeMenu 'pramudyono hadi','1703',@CompanyId=2;
26/07/2021 11:06:46	SQL :EXEC GetUserTreeMenu 'pramudyono hadi','1704',@CompanyId=2;
26/07/2021 11:06:46	SQL :EXEC GetUserTreeMenu 'pramudyono hadi','1705',@CompanyId=2;
26/07/2021 11:06:46	SQL :EXEC GetUserTreeMenu 'pramudyono hadi','1706',@CompanyId=2;
26/07/2021 11:06:46	SQL :EXEC GetUserTreeMenu 'pramudyono hadi','1707',@CompanyId=2;
26/07/2021 11:06:46	SQL :EXEC GetUserTreeMenu 'pramudyono hadi','1708',@CompanyId=2;
26/07/2021 11:06:46	SQL :EXEC GetUserTreeMenu 'pramudyono hadi','1709',@CompanyId=2;
26/07/2021 11:06:46	SQL :EXEC GetUserTreeMenu 'pramudyono hadi','1710',@CompanyId=2;
26/07/2021 11:06:46	SQL :EXEC GetUserTreeMenu 'pramudyono hadi','1711',@CompanyId=2;
26/07/2021 11:06:46	SQL :EXEC GetUserTreeMenu 'pramudyono hadi','1712',@CompanyId=2;
26/07/2021 11:06:46	SQL :EXEC GetUserTreeMenu 'pramudyono hadi','1713',@CompanyId=2;
26/07/2021 11:06:46	SQL :EXEC GetUserTreeMenu 'pramudyono hadi','1714',@CompanyId=2;
26/07/2021 11:06:46	SQL :EXEC GetUserTreeMenu 'pramudyono hadi','1715',@CompanyId=2;
26/07/2021 11:06:47	SQL :EXEC GetUserTreeMenu 'pramudyono hadi','1716',@CompanyId=2;
26/07/2021 11:06:47	SQL :EXEC GetUserTreeMenu 'pramudyono hadi','1717',@CompanyId=2;
26/07/2021 11:06:47	SQL :EXEC GetUserSubMenu 'pramudyono hadi','18';
26/07/2021 11:06:47	SQL :EXEC GetUserTreeMenu 'pramudyono hadi','1801',@CompanyId=2;
26/07/2021 11:06:47	SQL :EXEC GetUserSubMenu 'pramudyono hadi','19';
26/07/2021 11:06:47	SQL :EXEC GetUserTreeMenu 'pramudyono hadi','1901',@CompanyId=2;
26/07/2021 11:06:47	SQL :EXEC GetUserTreeMenu 'pramudyono hadi','1902',@CompanyId=2;
26/07/2021 11:06:47	SQL :EXEC GetUserTreeMenu 'pramudyono hadi','1903',@CompanyId=2;
26/07/2021 11:06:47	SQL :EXEC GetUserTreeMenu 'pramudyono hadi','1904',@CompanyId=2;
26/07/2021 11:06:47	SQL :EXEC GetUserTreeMenu 'pramudyono hadi','1905',@CompanyId=2;
26/07/2021 11:06:47	SQL :EXEC GetUserTreeMenu 'pramudyono hadi','1906',@CompanyId=2;
26/07/2021 11:06:47	SQL :EXEC GetUserTreeMenu 'pramudyono hadi','1907',@CompanyId=2;
26/07/2021 11:06:47	SQL :EXEC GetUserTreeMenu 'pramudyono hadi','1908',@CompanyId=2;
26/07/2021 11:06:47	SQL :EXEC GetUserTreeMenu 'pramudyono hadi','1909',@CompanyId=2;
26/07/2021 11:06:47	SQL :EXEC GetUserTreeMenu 'pramudyono hadi','1910',@CompanyId=2;
26/07/2021 11:06:47	SQL :EXEC GetUserTreeMenu 'pramudyono hadi','1911',@CompanyId=2;
26/07/2021 11:06:47	SQL :EXEC GetUserTreeMenu 'pramudyono hadi','1912',@CompanyId=2;
26/07/2021 11:06:47	SQL :SELECT CONVERT(VARCHAR(8),GETDATE(),108) AS hour_minute;
26/07/2021 11:06:47	SQL :SELECT CONVERT(VARCHAR(10),GETDATE(),103) AS date_time;
26/07/2021 11:06:47	Loading Setting
26/07/2021 11:06:47	Open DB Connection
26/07/2021 11:06:47	SQL :SELECT * FROM wh_setting WHERE setting_name='Hold_Less_Deposit';
26/07/2021 11:06:47	SQL :SELECT * FROM wh_setting WHERE setting_name='Max_Less_Deposit';
26/07/2021 11:06:47	SQL :SELECT * FROM wh_setting WHERE setting_name='Dashboard_2';
26/07/2021 11:06:47	Finish Logging
26/07/2021 11:06:47	SQL :SELECT value_string FROM wh_setting WHERE (setting_name='Interval_CheckInDate') AND (active=1);
26/07/2021 11:06:47	SQL :SELECT value_string FROM wh_setting WHERE (setting_name='Interval_CheckInTime') AND (active=1);
26/07/2021 11:06:47	SQL :SELECT value_string FROM wh_setting WHERE (setting_name='ChatEnable') and (active=1);
26/07/2021 11:06:48	Message:Port Check
26/07/2021 11:06:48	Message:Open DB Connection
26/07/2021 11:06:48	SQL :EXEC GetMessage '01','pramudyono hadi';
26/07/2021 11:06:49	SQL :SELECT CONVERT(VARCHAR(8),GETDATE(),108) AS hour_minute;
26/07/2021 11:06:49	SQL :SELECT CONVERT(VARCHAR(10),GETDATE(),103) AS date_time;
26/07/2021 11:06:52	Open Menu :131102
26/07/2021 11:06:52	Open DB Connection
26/07/2021 11:06:52	SQL :EXEC AuthMenu 'pramudyono hadi',131102;
26/07/2021 11:06:52	Form Check :BookingList
26/07/2021 11:06:52	Form Open: BookingList=Bus,,Main-Change,0,,0
26/07/2021 11:06:52	Open DB Connection
26/07/2021 11:06:52	SQL :EXEC GetCompanyLocationList
26/07/2021 11:06:52	Open DB Connection
26/07/2021 11:06:52	SQL :EXEC GetReservedOrderList 2,@LocationId=6,@Finish=0,@PaymentDetail=2;
26/07/2021 11:07:25	Form Check :BookingForm
26/07/2021 11:07:25	Form Open: BookingForm=RESWDC21060602,,-1,
26/07/2021 11:07:25	Open DB Connection
26/07/2021 11:07:25	SQL :SELECT * FROM wh_setting WHERE (setting_name='PostingData_API_CompanyId_2') AND (active=1);
26/07/2021 11:07:25	Open DB Connection
26/07/2021 11:07:25	SQL :EXEC GetReservedOrderDetail 'RESWDC21060602';
26/07/2021 11:07:26	Open DB Connection
26/07/2021 11:07:26	SQL :EXEC GetReservedOrderDetailList 'RESWDC21060602';
26/07/2021 11:07:27	SQL :EXEC GetCustomerOrderServiceList 'COWDC21060601';
26/07/2021 11:09:13	Open DB Connection
26/07/2021 11:09:14	Auth Form:131101 -1
26/07/2021 11:09:14	Form Open: VehicleRDList=Bus,,,,Reserved-Create,2021/07/17,2021/07/18,00:00,-1
26/07/2021 11:09:14	Open DB Connection
26/07/2021 11:09:14	SQL :EXEC GetCompanyLocationList
26/07/2021 11:09:14	SQL :SELECT * FROM wh_vhc_batch WHERE (company_id=2);
26/07/2021 11:09:14	Open DB Connection
26/07/2021 11:09:14	SQL :EXEC GetVhcRDList 6,2,@FromDate='2021/07/17',@ToDate='2021/07/18';
26/07/2021 11:09:33	Open DB Connection
26/07/2021 11:09:33	SQL :EXEC GetVehicleDetail 'BU13090043';
26/07/2021 11:10:39	Form Check :VehicleList
26/07/2021 11:10:39	Form Open: VehicleRDList=Bus,18,15,,Reserved-Create,2021/07/17,2021/07/18,00:00,0
26/07/2021 11:10:39	Open DB Connection
26/07/2021 11:10:39	SQL :EXEC GetCompanyLocationList
26/07/2021 11:10:39	SQL :SELECT * FROM wh_vhc_batch WHERE (company_id=2) AND (vhc_batch_id='18');
26/07/2021 11:10:39	Open DB Connection
26/07/2021 11:10:39	SQL :EXEC GetVhcRDList 6,2,18,@Seats='15',@FromDate='2021/07/17',@ToDate='2021/07/18';
26/07/2021 11:10:45	Open DB Connection
26/07/2021 11:10:45	Auth Form:131101 -1
26/07/2021 11:10:45	Form Open: VehicleRDList=Bus,,,,Reserved-Create,2021/07/17,2021/07/18,00:00,-1
26/07/2021 11:10:45	Open DB Connection
26/07/2021 11:10:45	SQL :EXEC GetCompanyLocationList
26/07/2021 11:10:45	SQL :SELECT * FROM wh_vhc_batch WHERE (company_id=2);
26/07/2021 11:10:45	Open DB Connection
26/07/2021 11:10:45	SQL :EXEC GetVhcRDList 6,2,@FromDate='2021/07/17',@ToDate='2021/07/18';
26/07/2021 11:11:28	Open DB Connection
26/07/2021 11:11:28	SQL :EXEC GetVehicleDetail 'BU13090046';
26/07/2021 11:13:23	Open DB Connection
26/07/2021 11:13:24	Auth Form:131101 -1
26/07/2021 11:13:24	Form Open: VehicleRDList=Bus,,,,Reserved-Create,2021/07/17,2021/07/18,00:00,-1
26/07/2021 11:13:24	Open DB Connection
26/07/2021 11:13:24	SQL :EXEC GetCompanyLocationList
26/07/2021 11:13:24	SQL :SELECT * FROM wh_vhc_batch WHERE (company_id=2);
26/07/2021 11:13:24	Open DB Connection
26/07/2021 11:13:24	SQL :EXEC GetVhcRDList 6,2,@FromDate='2021/07/17',@To26/07/2021 11:18:03	Get Local Settings
26/07/2021 11:18:03	Start Change Local Settings
26/07/2021 11:18:03	Change short date format
26/07/2021 11:18:03	Change Long date format
26/07/2021 11:18:03	Finish Change Local Settings
26/07/2021 11:18:03	Registry Read: Path=SOFTWARE\WEHA\Aplikasi\3
26/07/2021 11:18:03	Registry Read/Write
26/07/2021 11:18:03	Registry Read: Path=SOFTWARE\WEHA\Aplikasi\3
26/07/2021 11:18:03	Setting DB Param
26/07/2021 11:18:03	Create DB Object
26/07/2021 11:18:03	Init DB
26/07/2021 11:18:03	Finish Init DB
26/07/2021 11:18:03	Get File Version
26/07/2021 11:18:03	Change  Caption
26/07/2021 11:18:03	Init Shortkey
26/07/2021 11:26:04	Setting DB Param
26/07/2021 11:26:04	Create DB Object
26/07/2021 11:26:04	Init DB
26/07/2021 11:26:04	Finish Init DB
26/07/2021 11:26:06	Update new version check
26/07/2021 11:26:06	Open DB Connection
26/07/2021 11:26:06	SQL :
26/07/2021 11:26:06	Update check version
26/07/2021 11:26:06	Open DB Connection
26/07/2021 11:26:06	SQL :SELECT version FROM wh_application WHERE application_id=(SELECT MAX(application_id) FROM wh_application);
26/07/2021 11:26:06	Start Login
26/07/2021 11:26:06	Open DB Connection
26/07/2021 11:26:06	SQL :EXEC AuthenticateUser 'pramudyono hadi','6f2b8366efa56f0c06dd6b31fcff8a73';
26/07/2021 11:26:06	SQL :INSERT INTO wh_log (user_id,app_date,app_version,app_version_svr,location_id,company_id,department_id,host_name,ip_address)  VALUES ('pramudyono hadi','26/07/2021','6.1.3.8','6.1.3.2',6,2,13,'DESKTOP-S1PD9OD','192.168.25.214');
26/07/2021 11:26:06	Open DB Connection
26/07/2021 11:26:06	SQL :EXEC GetUserMenu 'pramudyono hadi';
26/07/2021 11:26:06	SQL :EXEC GetUserSubMenu 'pramudyono hadi','11';
26/07/2021 11:26:06	SQL :EXEC GetUserTreeMenu 'pramudyono hadi','1101',@CompanyId=2;
26/07/2021 11:26:06	SQL :EXEC GetUserTreeMenu 'pramudyono hadi','1102',@CompanyId=2;
26/07/2021 11:26:06	SQL :EXEC GetUserTreeMenu 'pramudyono hadi','1103',@CompanyId=2;
26/07/2021 11:26:06	SQL :EXEC GetUserTreeMenu 'pramudyono hadi','1104',@CompanyId=2;
26/07/2021 11:26:06	SQL :EXEC GetUserTreeMenu 'pramudyono hadi','1105',@CompanyId=2;
26/07/2021 11:26:06	SQL :EXEC GetUserTreeMenu 'pramudyono hadi','1106',@CompanyId=2;
26/07/2021 11:26:06	SQL :EXEC GetUserTreeMenu 'pramudyono hadi','1107',@CompanyId=2;
26/07/2021 11:26:06	SQL :EXEC GetUserTreeMenu 'pramudyono hadi','1108',@CompanyId=2;
26/07/2021 11:26:06	SQL :EXEC GetUserTreeMenu 'pramudyono hadi','1109',@CompanyId=2;
26/07/2021 11:26:06	SQL :EXEC GetUserTreeMenu 'pramudyono hadi','1110',@CompanyId=2;
26/07/2021 11:26:07	SQL :EXEC GetUserTreeMenu 'pramudyono hadi','1111',@CompanyId=2;
26/07/2021 11:26:07	SQL :EXEC GetUserTreeMenu 'pramudyono hadi','1112',@CompanyId=2;
26/07/2021 11:26:07	SQL :EXEC GetUserTreeMenu 'pramudyono hadi','1113',@CompanyId=2;
26/07/2021 11:26:07	SQL :EXEC GetUserTreeMenu 'pramudyono hadi','1114',@CompanyId=2;
26/07/2021 11:26:07	SQL :EXEC GetUserTreeMenu 'pramudyono hadi','1115',@CompanyId=2;
26/07/2021 11:26:07	SQL :EXEC GetUserTreeMenu 'pramudyono hadi','1116',@CompanyId=2;
26/07/2021 11:26:07	SQL :EXEC GetUserTreeMenu 'pramudyono hadi','1117',@CompanyId=2;
26/07/2021 11:26:07	SQL :EXEC GetUserTreeMenu 'pramudyono hadi','1198',@CompanyId=2;
26/07/2021 11:26:07	SQL :EXEC GetUserTreeMenu 'pramudyono hadi','1199',@CompanyId=2;
26/07/2021 11:26:07	SQL :EXEC GetUserSubMenu 'pramudyono hadi','12';
26/07/2021 11:26:07	SQL :EXEC GetUserTreeMenu 'pramudyono hadi','1201',@CompanyId=2;
26/07/2021 11:26:07	SQL :EXEC GetUserTreeMenu 'pramudyono hadi','1202',@CompanyId=2;
26/07/2021 11:26:07	SQL :EXEC GetUserTreeMenu 'pramudyono hadi','1203',@CompanyId=2;
26/07/2021 11:26:07	SQL :EXEC GetUserTreeMenu 'pramudyono hadi','1204',@CompanyId=2;
26/07/2021 11:26:07	SQL :EXEC GetUserTreeMenu 'pramudyono hadi','1205',@CompanyId=2;
26/07/2021 11:26:07	SQL :EXEC GetUserTreeMenu 'pramudyono hadi','1206',@CompanyId=2;
26/07/2021 11:26:07	SQL :EXEC GetUserTreeMenu 'pramudyono hadi','1207',@CompanyId=2;
26/07/2021 11:26:07	SQL :EXEC GetUserSubMenu 'pramudyono hadi','13';
26/07/2021 11:26:07	SQL :EXEC GetUserTreeMenu 'pramudyono hadi','1301',@CompanyId=2;
26/07/2021 11:26:07	SQL :EXEC GetUserTreeMenu 'pramudyono hadi','1302',@CompanyId=2;
26/07/2021 11:26:07	SQL :EXEC GetUserTreeMenu 'pramudyono hadi','1303',@CompanyId=2;
26/07/2021 11:26:07	SQL :EXEC GetUserTreeMenu 'pramudyono hadi','1304',@CompanyId=2;
26/07/2021 11:26:07	SQL :EXEC GetUserTreeMenu 'pramudyono hadi','1305',@CompanyId=2;
26/07/2021 11:26:07	SQL :EXEC GetUserTreeMenu 'pramudyono hadi','1306',@CompanyId=2;
26/07/2021 11:26:07	SQL :EXEC GetUserTreeMenu 'pramudyono hadi','1307',@CompanyId=2;
26/07/2021 11:26:07	SQL :EXEC GetUserTreeMenu 'pramudyono hadi','1308',@CompanyId=2;
26/07/2021 11:26:07	SQL :EXEC GetUserTreeMenu 'pramudyono hadi','1309',@CompanyId=2;
26/07/2021 11:26:07	SQL :EXEC GetUserTreeMenu 'pramudyono hadi','1310',@CompanyId=2;
26/07/2021 11:26:07	SQL :EXEC GetUserTreeMenu 'pramudyono hadi','1311',@CompanyId=2;
26/07/2021 11:26:07	SQL :EXEC GetUserTreeMenu 'pramudyono hadi','1312',@CompanyId=2;
26/07/2021 11:26:07	SQL :EXEC GetUserTreeMenu 'pramudyono hadi','1313',@CompanyId=2;
26/07/2021 11:26:07	SQL :EXEC GetUserTreeMenu 'pramudyono hadi','1314',@CompanyId=2;
26/07/2021 11:26:07	SQL :EXEC GetUserTreeMenu 'pramudyono hadi','1315',@CompanyId=2;
26/07/2021 11:26:07	SQL :EXEC GetUserTreeMenu 'pramudyono hadi','1316',@CompanyId=2;
26/07/2021 11:26:07	SQL :EXEC GetUserTreeMenu 'pramudyono hadi','1317',@CompanyId=2;
26/07/2021 11:26:07	SQL :EXEC GetUserTreeMenu 'pramudyono hadi','1318',@CompanyId=2;
26/07/2021 11:26:07	SQL :EXEC GetUserTreeMenu 'pramudyono hadi','1319',@CompanyId=2;
26/07/2021 11:26:07	SQL :EXEC GetUserTreeMenu 'pramudyono hadi','1320',@CompanyId=2;
26/07/2021 11:26:07	SQL :EXEC GetUserTreeMenu 'pramudyono hadi','1321',@CompanyId=2;
26/07/2021 11:26:07	SQL :EXEC GetUserSubMenu 'pramudyono hadi','14';
26/07/2021 11:26:07	SQL :EXEC GetUserTreeMenu 'pramudyono hadi','1401',@CompanyId=2;
26/07/2021 11:26:07	SQL :EXEC GetUserTreeMenu 'pramudyono hadi','1402',@CompanyId=2;
26/07/2021 11:26:07	SQL :EXEC GetUserTreeMenu 'pramudyono hadi','1403',@CompanyId=2;
26/07/2021 11:26:07	SQL :EXEC GetUserTreeMenu 'pramudyono hadi','1404',@CompanyId=2;
26/07/2021 11:26:07	SQL :EXEC GetUserTreeMenu 'pramudyono hadi','1406',@CompanyId=2;
26/07/2021 11:26:07	SQL :EXEC GetUserTreeMenu 'pramudyono hadi','1408',@CompanyId=2;
26/07/2021 11:26:07	SQL :EXEC GetUserTreeMenu 'pramudyono hadi','1410',@CompanyId=2;
26/07/2021 11:26:07	SQL :EXEC GetUserTreeMenu 'pramudyono hadi','1411',@CompanyId=2;
26/07/2021 11:26:07	SQL :EXEC GetUserTreeMenu 'pramudyono hadi','1412',@CompanyId=2;
26/07/2021 11:26:07	SQL :EXEC GetUserTreeMenu 'pramudyono hadi','1413',@CompanyId=2;
26/07/2021 11:26:07	SQL :EXEC GetUserTreeMenu 'pramudyono hadi','1414',@CompanyId=2;
26/07/2021 11:26:07	SQL :EXEC GetUserSubMenu 'pramudyono hadi','15';
26/07/2021 11:26:07	SQL :EXEC GetUserTreeMenu 'pramudyono hadi','1501',@CompanyId=2;
26/07/2021 11:26:07	SQL :EXEC GetUserTreeMenu 'pramudyono hadi','1502',@CompanyId=2;
26/07/2021 11:26:07	SQL :EXEC GetUserTreeMenu 'pramudyono hadi','1503',@CompanyId=2;
26/07/2021 11:26:07	SQL :EXEC GetUserTreeMenu 'pramudyono hadi','1504',@CompanyId=2;
26/07/2021 11:26:07	SQL :EXEC GetUserTreeMenu 'pramudyono hadi','1505',@CompanyId=2;
26/07/2021 11:26:07	SQL :EXEC GetUserTreeMenu 'pramudyono hadi','1506',@CompanyId=2;
26/07/2021 11:26:07	SQL :EXEC GetUserTreeMenu 'pramudyono hadi','1507',@CompanyId=2;
26/07/2021 11:26:07	SQL :EXEC GetUserTreeMenu 'pramudyono hadi','1508',@CompanyId=2;
26/07/2021 11:26:07	SQL :EXEC GetUserTreeMenu 'pramudyono hadi','1509',@CompanyId=2;
26/07/2021 11:26:07	SQL :EXEC GetUserTreeMenu 'pramudyono hadi','1510',@CompanyId=2;
26/07/2021 11:26:07	SQL :EXEC GetUserTreeMenu 'pramudyono hadi','1511',@CompanyId=2;
26/07/2021 11:26:07	SQL :EXEC GetUserSubMenu 'pramudyono hadi','16';
26/07/2021 11:26:07	SQL :EXEC GetUserTreeMenu 'pramudyono hadi','1601',@CompanyId=2;
26/07/2021 11:26:07	SQL :EXEC GetUserTreeMenu 'pramudyono hadi','1602',@CompanyId=2;
26/07/2021 11:26:07	SQL :EXEC GetUserTreeMenu 'pramudyono hadi','1603',@CompanyId=2;
26/07/2021 11:26:07	SQL :EXEC GetUserTreeMenu 'pramudyono hadi','1604',@CompanyId=2;
26/07/2021 11:26:07	SQL :EXEC GetUserTreeMenu 'pramudyono hadi','1605',@CompanyId=2;
26/07/2021 11:26:07	SQL :EXEC GetUserTreeMenu 'pramudyono hadi','1606',@CompanyId=2;
26/07/2021 11:26:07	SQL :EXEC GetUserTreeMenu 'pramudyono hadi','1607',@CompanyId=2;
26/07/2021 11:26:07	SQL :EXEC GetUserTreeMenu 'pramudyono hadi','1608',@CompanyId=2;
26/07/2021 11:26:07	SQL :EXEC GetUserTreeMenu 'pramudyono hadi','1609',@CompanyId=2;
26/07/2021 11:26:07	SQL :EXEC GetUserTreeMenu 'pramudyono hadi','1610',@CompanyId=2;
26/07/2021 11:26:07	SQL :EXEC GetUserTreeMenu 'pramudyono hadi','1611',@CompanyId=2;
26/07/2021 11:26:07	SQL :EXEC GetUserTreeMenu 'pramudyono hadi','1612',@CompanyId=2;
26/07/2021 11:26:07	SQL :EXEC GetUserTreeMenu 'pramudyono hadi','1613',@CompanyId=2;
26/07/2021 11:26:07	SQL :EXEC GetUserTreeMenu 'pramudyono hadi','1614',@CompanyId=2;
26/07/2021 11:26:07	SQL :EXEC GetUserTreeMenu 'pramudyono hadi','1615',@CompanyId=2;
26/07/2021 11:26:07	SQL :EXEC GetUserTreeMenu 'pramudyono hadi','1616',@CompanyId=2;
26/07/2021 11:26:07	SQL :EXEC GetUserTreeMenu 'pramudyono hadi','1619',@CompanyId=2;
26/07/2021 11:26:07	SQL :EXEC GetUserTreeMenu 'pramudyono hadi','1620',@CompanyId=2;
26/07/2021 11:26:07	SQL :EXEC GetUserSubMenu 'pramudyono hadi','17';
26/07/2021 11:26:07	SQL :EXEC GetUserTreeMenu 'pramudyono hadi','1701',@CompanyId=2;
26/07/2021 11:26:07	SQL :EXEC GetUserTreeMenu 'pramudyono hadi','1702',@CompanyId=2;
26/07/2021 11:26:07	SQL :EXEC GetUserTreeMenu 'pramudyono hadi','1703',@CompanyId=2;
26/07/2021 11:26:07	SQL :EXEC GetUserTreeMenu 'pramudyono hadi','1704',@CompanyId=2;
26/07/2021 11:26:07	SQL :EXEC GetUserTreeMenu 'pramudyono hadi','1705',@CompanyId=2;
26/07/2021 11:26:08	SQL :EXEC GetUserTreeMenu 'pramudyono hadi','1706',@CompanyId=2;
26/07/2021 11:26:08	SQL :EXEC GetUserTreeMenu 'pramudyono hadi','1707',@CompanyId=2;
26/07/2021 11:26:08	SQL :EXEC GetUserTreeMenu 'pramudyono hadi','1708',@CompanyId=2;
26/07/2021 11:26:08	SQL :EXEC GetUserTreeMenu 'pramudyono hadi','1709',@CompanyId=2;
26/07/2021 11:26:08	SQL :EXEC GetUserTreeMenu 'pramudyono hadi','1710',@CompanyId=2;
26/07/2021 11:26:08	SQL :EXEC GetUserTreeMenu 'pramudyono hadi','1711',@CompanyId=2;
26/07/2021 11:26:08	SQL :EXEC GetUserTreeMenu 'pramudyono hadi','1712',@CompanyId=2;
26/07/2021 11:26:08	SQL :EXEC GetUserTreeMenu 'pramudyono hadi','1713',@CompanyId=2;
26/07/2021 11:26:08	SQL :EXEC GetUserTreeMenu 'pramudyono hadi','1714',@CompanyId=2;
26/07/2021 11:26:08	SQL :EXEC GetUserTreeMenu 'pramudyono hadi','1715',@CompanyId=2;
26/07/2021 11:26:08	SQL :EXEC GetUserTreeMenu 'pramudyono hadi','1716',@CompanyId=2;
26/07/2021 11:26:08	SQL :EXEC GetUserTreeMenu 'pramudyono hadi','1717',@CompanyId=2;
26/07/2021 11:26:08	SQL :EXEC GetUserSubMenu 'pramudyono hadi','18';
26/07/2021 11:26:08	SQL :EXEC GetUserTreeMenu 'pramudyono hadi','1801',@CompanyId=2;
26/07/2021 11:26:08	SQL :EXEC GetUserSubMenu 'pramudyono hadi','19';
26/07/2021 11:26:08	SQL :EXEC GetUserTreeMenu 'pramudyono hadi','1901',@CompanyId=2;
26/07/2021 11:26:08	SQL :EXEC GetUserTreeMenu 'pramudyono hadi','1902',@CompanyId=2;
26/07/2021 11:26:08	SQL :EXEC GetUserTreeMenu 'pramudyono hadi','1903',@CompanyId=2;
26/07/2021 11:26:08	SQL :EXEC GetUserTreeMenu 'pramudyono hadi','1904',@CompanyId=2;
26/07/2021 11:26:08	SQL :EXEC GetUserTreeMenu 'pramudyono hadi','1905',@CompanyId=2;
26/07/2021 11:26:08	SQL :EXEC GetUserTreeMenu 'pramudyono hadi','1906',@CompanyId=2;
26/07/2021 11:26:08	SQL :EXEC GetUserTreeMenu 'pramudyono hadi','1907',@CompanyId=2;
26/07/2021 11:26:08	SQL :EXEC GetUserTreeMenu 'pramudyono hadi','1908',@CompanyId=2;
26/07/2021 11:26:08	SQL :EXEC GetUserTreeMenu 'pramudyono hadi','1909',@CompanyId=2;
26/07/2021 11:26:08	SQL :EXEC GetUserTreeMenu 'pramudyono hadi','1910',@CompanyId=2;
26/07/2021 11:26:08	SQL :EXEC GetUserTreeMenu 'pramudyono hadi','1911',@CompanyId=2;
26/07/2021 11:26:08	SQL :EXEC GetUserTreeMenu 'pramudyono hadi','1912',@CompanyId=2;
26/07/2021 11:26:08	SQL :SELECT CONVERT(VARCHAR(8),GETDATE(),108) AS hour_minute;
26/07/2021 11:26:08	SQL :SELECT CONVERT(VARCHAR(10),GETDATE(),103) AS date_time;
26/07/2021 11:26:08	Loading Setting
26/07/2021 11:26:08	Open DB Connection
26/07/2021 11:26:08	SQL :SELECT * FROM wh_setting WHERE setting_name='Hold_Less_Deposit';
26/07/2021 11:26:08	SQL :SELECT * FROM wh_setting WHERE setting_name='Max_Less_Deposit';
26/07/2021 11:26:08	SQL :SELECT * FROM wh_setting WHERE setting_name='Dashboard_2';
26/07/2021 11:26:08	Finish Logging
26/07/2021 11:26:08	SQL :SELECT value_string FROM wh_setting WHERE (setting_name='Interval_CheckInDate') AND (active=1);
26/07/2021 11:26:08	SQL :SELECT value_string FROM wh_setting WHERE (setting_name='Interval_CheckInTime') AND (active=1);
26/07/2021 11:26:08	SQL :SELECT value_string FROM wh_setting WHERE (setting_name='ChatEnable') and (active=1);
26/07/2021 11:26:09	Message:Port Check
26/07/2021 11:26:09	Message:Open DB Connection
26/07/2021 11:26:09	SQL :EXEC GetMessage '01','pramudyono hadi';
26/07/2021 11:26:09	SQL :SELECT CONVERT(VARCHAR(8),GETDATE(),108) AS hour_minute;
26/07/2021 11:26:09	SQL :SELECT CONVERT(VARCHAR(10),GETDATE(),103) AS date_time;
26/07/2021 11:36:13	Message:Port Check
26/07/2021 11:36:14	Message:Open DB Connection
26/07/2021 11:36:14	SQL :EXEC GetMessage '01','pramudyono hadi';
26/07/2021 11:36:14	SQL :SELECT CONVERT(VARCHAR(8),GETDATE(),108) AS hour_minute;
26/07/2021 11:36:14	SQL :SELECT CONVERT(VARCHAR(10),GETDATE(),103) AS date_time;
26/07/2021 11:45:20	Open Menu :131102
26/07/2021 11:45:20	Open DB Connection
26/07/2021 11:45:20	SQL :EXEC AuthMenu 'pramudyono hadi',131102;
26/07/2021 11:45:20	Form Check :BookingList
26/07/2021 11:45:20	Form Open: BookingList=Bus,,Main-Change,0,,0
26/07/2021 11:45:20	Open DB Connection
26/07/2021 11:45:20	SQL :EXEC GetCompanyLocationList
26/07/2021 11:45:20	Open DB Connection
26/07/2021 11:45:20	SQL :EXEC GetReservedOrderList 2,@LocationId=6,@Finish=0,@PaymentDetail=2;
26/07/2021 11:46:21	Message:Port Check
26/07/2021 11:46:21	Message:Open DB Connection
26/07/2021 11:46:21	SQL :EXEC GetMessage '01','pramudyono hadi';
26/07/2021 11:46:21	SQL :SELECT CONVERT(VARCHAR(8),GETDATE(),108) AS hour_minute;
26/07/2021 11:46:21	SQL :SELECT CONVERT(VARCHAR(10),GETDATE(),103) AS date_time;
26/07/2021 11:51:45	Form Check :BookingForm
26/07/2021 11:51:45	Form Open: BookingForm=RESWDC20090247,,-1,
26/07/2021 11:51:45	Open DB Connection
26/07/2021 11:51:45	SQL :SELECT * FROM wh_setting WHERE (setting_name='PostingData_API_CompanyId_2') AND (active=1);
26/07/2021 11:51:45	Open DB Connection
26/07/2021 11:51:45	SQL :EXEC GetReservedOrderDetail 'RESWDC20090247';
26/07/2021 11:51:45	Open DB Connection
26/07/2021 11:51:45	SQL :EXEC GetReservedOrderDetailList 'RESWDC20090247';
26/07/2021 11:51:45	SQL :EXEC GetCustomerOrderServiceList 'COWDC20090234';
26/07/2021 11:51:48	Form Check :VehicleList
26/07/2021 11:51:55	Form Open: VehicleRDList=Bus,10,47,,Reserved-Create,2022/09/01,2022/09/03,06:00,0
26/07/2021 11:51:55	Open DB Connection
26/07/2021 11:51:55	SQL :EXEC GetCompanyLocationList
26/07/2021 11:51:55	SQL :SELECT * FROM wh_vhc_batch WHERE (company_id=2) AND (vhc_batch_id='10');
26/07/2021 11:51:55	Open DB Connection
26/07/2026/07/2021 11:52:27	Get Local Settings
26/07/2021 11:52:27	Start Change Local Settings
26/07/2021 11:52:27	Change short date format
26/07/2021 11:52:27	Change Long date format
26/07/2021 11:52:27	Finish Change Local Settings
26/07/2021 11:52:27	Registry Read: Path=SOFTWARE\WEHA\Aplikasi\3
26/07/2021 11:52:27	Registry Read/Write
26/07/2021 11:52:27	Registry Read: Path=SOFTWARE\WEHA\Aplikasi\3
26/07/2021 11:52:27	Setting DB Param
26/07/2021 11:52:27	Create DB Object
26/07/2021 11:52:27	Init DB
26/07/2021 11:52:27	Finish Init DB
26/07/2021 11:52:27	Get File Version
26/07/2021 11:52:27	Change  Caption
26/07/2021 11:52:27	Init Shortkey
26/07/2021 11:52:29	Setting DB Param
26/07/2021 11:52:29	Create DB Object
26/07/2021 11:52:29	Init DB
26/07/2021 11:52:29	Finish Init DB
26/07/2021 11:52:30	Update new version check
26/07/2021 11:52:30	Open DB Connection
26/07/2021 11:52:31	SQL :
26/07/2021 11:52:31	Update check version
26/07/2021 11:52:31	Open DB Connection
26/07/2021 11:52:31	SQL :SELECT version FROM wh_application WHERE application_id=(SELECT MAX(application_id) FROM wh_application);
26/07/2021 11:52:31	Start Login
26/07/2021 11:52:31	Open DB Connection
26/07/2021 11:52:31	SQL :EXEC AuthenticateUser 'pramudyono hadi','6f2b8366efa56f0c06dd6b31fcff8a73';
26/07/2021 11:52:31	SQL :INSERT INTO wh_log (user_id,app_date,app_version,app_version_svr,location_id,company_id,department_id,host_name,ip_address)  VALUES ('pramudyono hadi','26/07/2021','6.1.3.8','6.1.3.2',6,2,13,'DESKTOP-S1PD9OD','192.168.25.214');
26/07/2021 11:52:31	Open DB Connection
26/07/2021 11:52:31	SQL :EXEC GetUserMenu 'pramudyono hadi';
26/07/2021 11:52:31	SQL :EXEC GetUserSubMenu 'pramudyono hadi','11';
26/07/2021 11:52:31	SQL :EXEC GetUserTreeMenu 'pramudyono hadi','1101',@CompanyId=2;
26/07/2021 11:52:31	SQL :EXEC GetUserTreeMenu 'pramudyono hadi','1102',@CompanyId=2;
26/07/2021 11:52:31	SQL :EXEC GetUserTreeMenu 'pramudyono hadi','1103',@CompanyId=2;
26/07/2021 11:52:31	SQL :EXEC GetUserTreeMenu 'pramudyono hadi','1104',@CompanyId=2;
26/07/2021 11:52:31	SQL :EXEC GetUserTreeMenu 'pramudyono hadi','1105',@CompanyId=2;
26/07/2021 11:52:31	SQL :EXEC GetUserTreeMenu 'pramudyono hadi','1106',@CompanyId=2;
26/07/2021 11:52:31	SQL :EXEC GetUserTreeMenu 'pramudyono hadi','1107',@CompanyId=2;
26/07/2021 11:52:31	SQL :EXEC GetUserTreeMenu 'pramudyono hadi','1108',@CompanyId=2;
26/07/2021 11:52:31	SQL :EXEC GetUserTreeMenu 'pramudyono hadi','1109',@CompanyId=2;
26/07/2021 11:52:31	SQL :EXEC GetUserTreeMenu 'pramudyono hadi','1110',@CompanyId=2;
26/07/2021 11:52:31	SQL :EXEC GetUserTreeMenu 'pramudyono hadi','1111',@CompanyId=2;
26/07/2021 11:52:31	SQL :EXEC GetUserTreeMenu 'pramudyono hadi','1112',@CompanyId=2;
26/07/2021 11:52:31	SQL :EXEC GetUserTreeMenu 'pramudyono hadi','1113',@CompanyId=2;
26/07/2021 11:52:31	SQL :EXEC GetUserTreeMenu 'pramudyono hadi','1114',@CompanyId=2;
26/07/2021 11:52:31	SQL :EXEC GetUserTreeMenu 'pramudyono hadi','1115',@CompanyId=2;
26/07/2021 11:52:31	SQL :EXEC GetUserTreeMenu 'pramudyono hadi','1116',@CompanyId=2;
26/07/2021 11:52:31	SQL :EXEC GetUserTreeMenu 'pramudyono hadi','1117',@CompanyId=2;
26/07/2021 11:52:31	SQL :EXEC GetUserTreeMenu 'pramudyono hadi','1198',@CompanyId=2;
26/07/2021 11:52:31	SQL :EXEC GetUserTreeMenu 'pramudyono hadi','1199',@CompanyId=2;
26/07/2021 11:52:31	SQL :EXEC GetUserSubMenu 'pramudyono hadi','12';
26/07/2021 11:52:31	SQL :EXEC GetUserTreeMenu 'pramudyono hadi','1201',@CompanyId=2;
26/07/2021 11:52:31	SQL :EXEC GetUserTreeMenu 'pramudyono hadi','1202',@CompanyId=2;
26/07/2021 11:52:31	SQL :EXEC GetUserTreeMenu 'pramudyono hadi','1203',@CompanyId=2;
26/07/2021 11:52:31	SQL :EXEC GetUserTreeMenu 'pramudyono hadi','1204',@CompanyId=2;
26/07/2021 11:52:31	SQL :EXEC GetUserTreeMenu 'pramudyono hadi','1205',@CompanyId=2;
26/07/2021 11:52:31	SQL :EXEC GetUserTreeMenu 'pramudyono hadi','1206',@CompanyId=2;
26/07/2021 11:52:31	SQL :EXEC GetUserTreeMenu 'pramudyono hadi','1207',@CompanyId=2;
26/07/2021 11:52:31	SQL :EXEC GetUserSubMenu 'pramudyono hadi','13';
26/07/2021 11:52:31	SQL :EXEC GetUserTreeMenu 'pramudyono hadi','1301',@CompanyId=2;
26/07/2021 11:52:31	SQL :EXEC GetUserTreeMenu 'pramudyono hadi','1302',@CompanyId=2;
26/07/2021 11:52:31	SQL :EXEC GetUserTreeMenu 'pramudyono hadi','1303',@CompanyId=2;
26/07/2021 11:52:31	SQL :EXEC GetUserTreeMenu 'pramudyono hadi','1304',@CompanyId=2;
26/07/2021 11:52:31	SQL :EXEC GetUserTreeMenu 'pramudyono hadi','1305',@CompanyId=2;
26/07/2021 11:52:31	SQL :EXEC GetUserTreeMenu 'pramudyono hadi','1306',@CompanyId=2;
26/07/2021 11:52:31	SQL :EXEC GetUserTreeMenu 'pramudyono hadi','1307',@CompanyId=2;
26/07/2021 11:52:31	SQL :EXEC GetUserTreeMenu 'pramudyono hadi','1308',@CompanyId=2;
26/07/2021 11:52:31	SQL :EXEC GetUserTreeMenu 'pramudyono hadi','1309',@CompanyId=2;
26/07/2021 11:52:31	SQL :EXEC GetUserTreeMenu 'pramudyono hadi','1310',@CompanyId=2;
26/07/2021 11:52:31	SQL :EXEC GetUserTreeMenu 'pramudyono hadi','1311',@CompanyId=2;
26/07/2021 11:52:31	SQL :EXEC GetUserTreeMenu 'pramudyono hadi','1312',@CompanyId=2;
26/07/2021 11:52:31	SQL :EXEC GetUserTreeMenu 'pramudyono hadi','1313',@CompanyId=2;
26/07/2021 11:52:31	SQL :EXEC GetUserTreeMenu 'pramudyono hadi','1314',@CompanyId=2;
26/07/2021 11:52:31	SQL :EXEC GetUserTreeMenu 'pramudyono hadi','1315',@CompanyId=2;
26/07/2021 11:52:31	SQL :EXEC GetUserTreeMenu 'pramudyono hadi','1316',@CompanyId=2;
26/07/2021 11:52:31	SQL :EXEC GetUserTreeMenu 'pramudyono hadi','1317',@CompanyId=2;
26/07/2021 11:52:31	SQL :EXEC GetUserTreeMenu 'pramudyono hadi','1318',@CompanyId=2;
26/07/2021 11:52:31	SQL :EXEC GetUserTreeMenu 'pramudyono hadi','1319',@CompanyId=2;
26/07/2021 11:52:31	SQL :EXEC GetUserTreeMenu 'pramudyono hadi','1320',@CompanyId=2;
26/07/2021 11:52:31	SQL :EXEC GetUserTreeMenu 'pramudyono hadi','1321',@CompanyId=2;
26/07/2021 11:52:31	SQL :EXEC GetUserSubMenu 'pramudyono hadi','14';
26/07/2021 11:52:31	SQL :EXEC GetUserTreeMenu 'pramudyono hadi','1401',@CompanyId=2;
26/07/2021 11:52:31	SQL :EXEC GetUserTreeMenu 'pramudyono hadi','1402',@CompanyId=2;
26/07/2021 11:52:31	SQL :EXEC GetUserTreeMenu 'pramudyono hadi','1403',@CompanyId=2;
26/07/2021 11:52:31	SQL :EXEC GetUserTreeMenu 'pramudyono hadi','1404',@CompanyId=2;
26/07/2021 11:52:31	SQL :EXEC GetUserTreeMenu 'pramudyono hadi','1406',@CompanyId=2;
26/07/2021 11:52:31	SQL :EXEC GetUserTreeMenu 'pramudyono hadi','1408',@CompanyId=2;
26/07/2021 11:52:31	SQL :EXEC GetUserTreeMenu 'pramudyono hadi','1410',@CompanyId=2;
26/07/2021 11:52:32	SQL :EXEC GetUserTreeMenu 'pramudyono hadi','1411',@CompanyId=2;
26/07/2021 11:52:32	SQL :EXEC GetUserTreeMenu 'pramudyono hadi','1412',@CompanyId=2;
26/07/2021 11:52:32	SQL :EXEC GetUserTreeMenu 'pramudyono hadi','1413',@CompanyId=2;
26/07/2021 11:52:32	SQL :EXEC GetUserTreeMenu 'pramudyono hadi','1414',@CompanyId=2;
26/07/2021 11:52:32	SQL :EXEC GetUserSubMenu 'pramudyono hadi','15';
26/07/2021 11:52:32	SQL :EXEC GetUserTreeMenu 'pramudyono hadi','1501',@CompanyId=2;
26/07/2021 11:52:32	SQL :EXEC GetUserTreeMenu 'pramudyono hadi','1502',@CompanyId=2;
26/07/2021 11:52:32	SQL :EXEC GetUserTreeMenu 'pramudyono hadi','1503',@CompanyId=2;
26/07/2021 11:52:32	SQL :EXEC GetUserTreeMenu 'pramudyono hadi','1504',@CompanyId=2;
26/07/2021 11:52:32	SQL :EXEC GetUserTreeMenu 'pramudyono hadi','1505',@CompanyId=2;
26/07/2021 11:52:32	SQL :EXEC GetUserTreeMenu 'pramudyono hadi','1506',@CompanyId=2;
26/07/2021 11:52:32	SQL :EXEC GetUserTreeMenu 'pramudyono hadi','1507',@CompanyId=2;
26/07/2021 11:52:32	SQL :EXEC GetUserTreeMenu 'pramudyono hadi','1508',@CompanyId=2;
26/07/2021 11:52:32	SQL :EXEC GetUserTreeMenu 'pramudyono hadi','1509',@CompanyId=2;
26/07/2021 11:52:32	SQL :EXEC GetUserTreeMenu 'pramudyono hadi','1510',@CompanyId=2;
26/07/2021 11:52:32	SQL :EXEC GetUserTreeMenu 'pramudyono hadi','1511',@CompanyId=2;
26/07/2021 11:52:32	SQL :EXEC GetUserSubMenu 'pramudyono hadi','16';
26/07/2021 11:52:32	SQL :EXEC GetUserTreeMenu 'pramudyono hadi','1601',@CompanyId=2;
26/07/2021 11:52:32	SQL :EXEC GetUserTreeMenu 'pramudyono hadi','1602',@CompanyId=2;
26/07/2021 11:52:32	SQL :EXEC GetUserTreeMenu 'pramudyono hadi','1603',@CompanyId=2;
26/07/2021 11:52:32	SQL :EXEC GetUserTreeMenu 'pramudyono hadi','1604',@CompanyId=2;
26/07/2021 11:52:32	SQL :EXEC GetUserTreeMenu 'pramudyono hadi','1605',@CompanyId=2;
26/07/2021 11:52:32	SQL :EXEC GetUserTreeMenu 'pramudyono hadi','1606',@CompanyId=2;
26/07/2021 11:52:32	SQL :EXEC GetUserTreeMenu 'pramudyono hadi','1607',@CompanyId=2;
26/07/2021 11:52:32	SQL :EXEC GetUserTreeMenu 'pramudyono hadi','1608',@CompanyId=2;
26/07/2021 11:52:32	SQL :EXEC GetUserTreeMenu 'pramudyono hadi','1609',@CompanyId=2;
26/07/2021 11:52:32	SQL :EXEC GetUserTreeMenu 'pramudyono hadi','1610',@CompanyId=2;
26/07/2021 11:52:32	SQL :EXEC GetUserTreeMenu 'pramudyono hadi','1611',@CompanyId=2;
26/07/2021 11:52:32	SQL :EXEC GetUserTreeMenu 'pramudyono hadi','1612',@CompanyId=2;
26/07/2021 11:52:32	SQL :EXEC GetUserTreeMenu 'pramudyono hadi','1613',@CompanyId=2;
26/07/2021 11:52:32	SQL :EXEC GetUserTreeMenu 'pramudyono hadi','1614',@CompanyId=2;
26/07/2021 11:52:32	SQL :EXEC GetUserTreeMenu 'pramudyono hadi','1615',@CompanyId=2;
26/07/2021 11:52:32	SQL :EXEC GetUserTreeMenu 'pramudyono hadi','1616',@CompanyId=2;
26/07/2021 11:52:32	SQL :EXEC GetUserTreeMenu 'pramudyono hadi','1619',@CompanyId=2;
26/07/2021 11:52:32	SQL :EXEC GetUserTreeMenu 'pramudyono hadi','1620',@CompanyId=2;
26/07/2021 11:52:32	SQL :EXEC GetUserSubMenu 'pramudyono hadi','17';
26/07/2021 11:52:32	SQL :EXEC GetUserTreeMenu 'pramudyono hadi','1701',@CompanyId=2;
26/07/2021 11:52:32	SQL :EXEC GetUserTreeMenu 'pramudyono hadi','1702',@CompanyId=2;
26/07/2021 11:52:32	SQL :EXEC GetUserTreeMenu 'pramudyono hadi','1703',@CompanyId=2;
26/07/2021 11:52:32	SQL :EXEC GetUserTreeMenu 'pramudyono hadi','1704',@CompanyId=2;
26/07/2021 11:52:32	SQL :EXEC GetUserTreeMenu 'pramudyono hadi','1705',@CompanyId=2;
26/07/2021 11:52:32	SQL :EXEC GetUserTreeMenu 'pramudyono hadi','1706',@CompanyId=2;
26/07/2021 11:52:32	SQL :EXEC GetUserTreeMenu 'pramudyono hadi','1707',@CompanyId=2;
26/07/2021 11:52:32	SQL :EXEC GetUserTreeMenu 'pramudyono hadi','1708',@CompanyId=2;
26/07/2021 11:52:32	SQL :EXEC GetUserTreeMenu 'pramudyono hadi','1709',@CompanyId=2;
26/07/2021 11:52:32	SQL :EXEC GetUserTreeMenu 'pramudyono hadi','1710',@CompanyId=2;
26/07/2021 11:52:32	SQL :EXEC GetUserTreeMenu 'pramudyono hadi','1711',@CompanyId=2;
26/07/2021 11:52:32	SQL :EXEC GetUserTreeMenu 'pramudyono hadi','1712',@CompanyId=2;
26/07/2021 11:52:32	SQL :EXEC GetUserTreeMenu 'pramudyono hadi','1713',@CompanyId=2;
26/07/2021 11:52:32	SQL :EXEC GetUserTreeMenu 'pramudyono hadi','1714',@CompanyId=2;
26/07/2021 11:52:32	SQL :EXEC GetUserTreeMenu 'pramudyono hadi','1715',@CompanyId=2;
26/07/2021 11:52:32	SQL :EXEC GetUserTreeMenu 'pramudyono hadi','1716',@CompanyId=2;
26/07/2021 11:52:32	SQL :EXEC GetUserTreeMenu 'pramudyono hadi','1717',@CompanyId=2;
26/07/2021 11:52:32	SQL :EXEC GetUserSubMenu 'pramudyono hadi','18';
26/07/2021 11:52:32	SQL :EXEC GetUserTreeMenu 'pramudyono hadi','1801',@CompanyId=2;
26/07/2021 11:52:32	SQL :EXEC GetUserSubMenu 'pramudyono hadi','19';
26/07/2021 11:52:32	SQL :EXEC GetUserTreeMenu 'pramudyono hadi','1901',@CompanyId=2;
26/07/2021 11:52:32	SQL :EXEC GetUserTreeMenu 'pramudyono hadi','1902',@CompanyId=2;
26/07/2021 11:52:32	SQL :EXEC GetUserTreeMenu 'pramudyono hadi','1903',@CompanyId=2;
26/07/2021 11:52:32	SQL :EXEC GetUserTreeMenu 'pramudyono hadi','1904',@CompanyId=2;
26/07/2021 11:52:32	SQL :EXEC GetUserTreeMenu 'pramudyono hadi','1905',@CompanyId=2;
26/07/2021 11:52:32	SQL :EXEC GetUserTreeMenu 'pramudyono hadi','1906',@CompanyId=2;
26/07/2021 11:52:32	SQL :EXEC GetUserTreeMenu 'pramudyono hadi','1907',@CompanyId=2;
26/07/2021 11:52:32	SQL :EXEC GetUserTreeMenu 'pramudyono hadi','1908',@CompanyId=2;
26/07/2021 11:52:32	SQL :EXEC GetUserTreeMenu 'pramudyono hadi','1909',@CompanyId=2;
26/07/2021 11:52:32	SQL :EXEC GetUserTreeMenu 'pramudyono hadi','1910',@CompanyId=2;
26/07/2021 11:52:32	SQL :EXEC GetUserTreeMenu 'pramudyono hadi','1911',@CompanyId=2;
26/07/2021 11:52:32	SQL :EXEC GetUserTreeMenu 'pramudyono hadi','1912',@CompanyId=2;
26/07/2021 11:52:32	SQL :SELECT CONVERT(VARCHAR(8),GETDATE(),108) AS hour_minute;
26/07/2021 11:52:32	SQL :SELECT CONVERT(VARCHAR(10),GETDATE(),103) AS date_time;
26/07/2021 11:52:32	Loading Setting
26/07/2021 11:52:32	Open DB Connection
26/07/2021 11:52:32	SQL :SELECT * FROM wh_setting WHERE setting_name='Hold_Less_Deposit';
26/07/2021 11:52:32	SQL :SELECT * FROM wh_setting WHERE setting_name='Max_Less_Deposit';
26/07/2021 11:52:32	SQL :SELECT * FROM wh_setting WHERE setting_name='Dashboard_2';
26/07/2021 11:52:32	Finish Logging
26/07/2021 11:52:32	SQL :SELECT value_string FROM wh_setting WHERE (setting_name='Interval_CheckInDate') AND (active=1);
26/07/2021 11:52:32	SQL :SELECT value_string FROM wh_setting WHERE (setting_name='Interval_CheckInTime') AND (active=1);
26/07/2021 11:52:32	SQL :SELECT value_string FROM wh_setting WHERE (setting_name='ChatEnable') and (active=1);
26/07/2021 11:52:33	Message:Port Check
26/07/2021 11:52:33	Message:Open DB Connection
26/07/2021 11:52:33	SQL :EXEC GetMessage '01','pramudyono hadi';
26/07/2021 11:52:33	SQL :SELECT CONVERT(VARCHAR(8),GETDATE(),108) AS hour_minute;
26/07/2021 11:52:33	SQL :SELECT CONVERT(VARCHAR(10),GETDATE(),103) AS date_time;
26/07/2021 11:52:38	Open Menu :131102
26/07/2021 11:52:38	Open DB Connection
26/07/2021 11:52:38	SQL :EXEC AuthMenu 'pramudyono hadi',131102;
26/07/2021 11:52:38	Form Check :BookingList
26/07/2021 11:52:38	Form Open: BookingList=Bus,,Main-Change,0,,0
26/07/2021 11:52:38	Open DB Connection
26/07/2021 11:52:38	SQL :EXEC GetCompanyLocationList
26/07/2021 11:52:38	Open DB Connection
26/07/2021 11:52:38	SQL :EXEC GetReservedOrderList 2,@LocationId=6,@Finish=0,@PaymentDetail=2;
26/07/2021 11:52:42	Form Check :BookingForm
26/07/2021 11:52:42	Form Open: BookingForm=RESWDC21020536,,-1,
26/07/2021 11:52:42	Open DB Connection
26/07/2021 11:52:42	SQL :SELECT * FROM wh_setting WHERE (setting_name='PostingData_API_CompanyId_2') AND (active=1);
26/07/2021 11:52:42	Open DB Connection
26/07/2021 11:52:42	SQL :EXEC GetReservedOrderDetail 'RESWDC21020536';
26/07/2021 11:52:42	Open DB Connection
26/07/2021 11:52:42	SQL :EXEC GetReservedOrderDetailList 'RESWDC21020536';
26/07/2021 11:52:42	SQL :EXEC GetCustomerOrderServiceList 'COWDC21020527';
26/07/2021 11:52:45	Form Check :VehicleList
26/07/2021 11:52:45	Form Open: VehicleRDList=Bus,26,14,,Reserved-Create,2021/03/12,2021/03/12,06:00,0
26/07/2021 11:52:45	Open DB Connection
26/07/2021 11:52:45	SQL :EXEC GetCompanyLocationList
26/07/2021 11:52:45	SQL :SELECT * FROM wh_vhc_batch WHERE (company_id=2) AND (vhc_batch_id='26');
26/07/2021 11:52:45	Open DB Connection
26/07/