18/10/2023 13:40:19	Get Local Settings
18/10/2023 13:40:19	Start Change Local Settings
18/10/2023 13:40:19	Could not change short date format
18/10/2023 13:40:19	Could not change long date format
18/10/2023 13:40:19	Finish Change Local Settings
18/10/2023 13:40:19	Registry Read: Path=SOFTWARE\WEHA\Aplikasi\3
18/10/2023 13:40:19	Registry Read/Write
18/10/2023 13:40:19	Registry Read: Path=SOFTWARE\WEHA\Aplikasi\3
18/10/2023 13:41:03	Get Local Settings
18/10/2023 13:41:03	Start Change Local Settings
18/10/2023 13:41:03	Could not change short date format
18/10/2023 13:41:03	Could not change long date format
18/10/2023 13:41:03	Finish Change Local Settings
18/10/2023 13:41:03	Registry Read: Path=SOFTWARE\WEHA\Aplikasi\3
18/10/2023 13:41:03	Registry Read/Write
18/10/2023 13:41:03	Registry Read: Path=SOFTWARE\WEHA\Aplikasi\3
18/10/2023 13:42:54	Get Local Settings
18/10/2023 13:42:54	Start Change Local Settings
18/10/2023 13:42:54	Could not change short date format
18/10/2023 13:42:54	Could not change long date format
18/10/2023 13:42:54	Finish Change Local Settings
18/10/2023 13:42:54	Registry Read: Path=SOFTWARE\WEHA\Aplikasi\3
18/10/2023 13:42:54	Registry Read/Write
18/10/2023 13:42:54	Registry Read: Path=SOFTWARE\WEHA\Aplikasi\3
18/10/2023 13:45:31	Get Local Settings
18/10/2023 13:45:31	Start Change Local Settings
18/10/2023 13:45:31	Could not change short date format
18/10/2023 13:45:31	Could not change long date format
18/10/2023 13:45:31	Finish Change Local Settings
18/10/2023 13:45:31	Registry Read: Path=SOFTWARE\WEHA\Aplikasi\3
18/10/2023 13:45:31	Registry Read/Write
18/10/2023 13:45:31	Registry Read: Path=SOFTWARE\WEHA\Aplikasi\3
18/10/2023 13:51:28	Get Local Settings
18/10/2023 13:51:28	Start Change Local Settings
18/10/2023 13:51:28	Could not change short date format
18/10/2023 13:51:28	Could not change long date format
18/10/2023 13:51:28	Finish Change Local Settings
18/10/2023 13:51:28	Registry Read: Path=SOFTWARE\WEHA\Aplikasi\3
18/10/2023 13:51:28	Registry Read/Write
18/10/2023 13:51:28	Registry Read: Path=SOFTWARE\WEHA\Aplikasi\3
18/10/2023 14:00:49	Get Local Settings
18/10/2023 14:00:49	Start Change Local Settings
18/10/2023 14:00:49	Could not change short date format
18/10/2023 14:00:49	Could not change long date format
18/10/2023 14:00:49	Finish Change Local Settings
18/10/2023 14:00:49	Registry Read: Path=SOFTWARE\WEHA\Aplikasi\3
18/10/2023 14:00:49	Registry Read/Write
18/10/2023 14:00:49	Registry Read: Path=SOFTWARE\WEHA\Aplikasi\3
18/10/2023 14:09:08	Get Local Settings
18/10/2023 14:09:08	Start Change Local Settings
18/10/2023 14:09:08	Could not change short date format
18/10/2023 14:09:08	Could not change long date format
18/10/2023 14:09:08	Finish Change Local Settings
18/10/2023 14:09:08	Registry Read: Path=SOFTWARE\WEHA\Aplikasi\3
18/10/2023 14:09:08	Registry Read/Write
18/10/2023 14:09:08	Registry Read: Path=SOFTWARE\WEHA\Aplikasi\3
18/10/2023 14:10:41	Get Local Settings
18/10/2023 14:10:41	Start Change Local Settings
18/10/2023 14:10:41	Could not change short date format
18/10/2023 14:10:41	Could not change long date format
18/10/2023 14:10:41	Finish Change Local Settings
18/10/2023 14:10:41	Registry Read: Path=SOFTWARE\WEHA\Aplikasi\3
18/10/2023 14:10:41	Registry Read/Write
18/10/2023 14:10:41	Registry Read: Path=SOFTWARE\WEHA\Aplikasi\3
18/10/2023 14:25:51	Get Local Settings
18/10/2023 14:25:51	Start Change Local Settings
18/10/2023 14:25:51	Could not change short date format
18/10/2023 14:25:51	Could not change long date format
18/10/2023 14:25:51	Finish Change Local Settings
18/10/2023 14:25:51	Registry Read: Path=SOFTWARE\WEHA\Aplikasi\3
18/10/2023 14:25:51	Registry Read/Write
18/10/2023 14:25:51	Registry Read: Path=SOFTWARE\WEHA\Aplikasi\3
18/10/2023 14:33:06	Get Local Settings
18/10/2023 14:33:06	Start Change Local Settings
18/10/2023 14:33:06	Could not change short date format
18/10/2023 14:33:06	Could not change long date format
18/10/2023 14:33:06	Finish Change Local Settings
18/10/2023 14:33:06	Registry Read: Path=SOFTWARE\WEHA\Aplikasi\3
18/10/2023 14:33:06	Registry Read/Write
18/10/2023 14:33:06	Registry Read: Path=SOFTWARE\WEHA\Aplikasi\3
18/10/2023 17:10:47	Get Local Settings
18/10/2023 17:10:47	Start Change Local Settings
18/10/2023 17:10:47	Could not change short date format
18/10/2023 17:10:47	Could not change long date format
18/10/2023 17:10:47	Finish Change Local Settings
18/10/2023 17:10:47	Registry Read: Path=SOFTWARE\WEHA\Aplikasi\3
18/10/2023 17:10:47	Registry Read/Write
18/10/2023 17:10:47	Registry Read: Path=SOFTWARE\WEHA\Aplikasi\3
18/10/2023 17:26:12	Get Local Settings
18/10/2023 17:26:12	Start Change Local Settings
18/10/2023 17:26:12	Could not change short date format
18/10/2023 17:26:12	Could not change long date format
18/10/2023 17:26:12	Finish Change Local Settings
18/10/2023 17:26:12	Registry Read: Path=SOFTWARE\WEHA\Aplikasi\3
18/10/2023 17:26:12	Registry Read/Write
18/10/2023 17:26:12	Registry Read: Path=SOFTWARE\WEHA\Aplikasi\3
18/10/2023 17:44:41	Get Local Settings
18/10/2023 17:44:41	Start Change Local Settings
18/10/2023 17:44:41	Could not change short date format
18/10/2023 17:44:41	Could not change long date format
18/10/2023 17:44:41	Finish Change Local Settings
18/10/2023 17:44:41	Registry Read: Path=SOFTWARE\WEHA\Aplikasi\3
18/10/2023 17:44:41	Registry Read/Write
18/10/2023 17:44:41	Registry Read: Path=SOFTWARE\WEHA\Aplikasi\3
18/10/2023 17:48:30	Get Local Settings
18/10/2023 17:48:30	Start Change Local Settings
18/10/2023 17:48:30	Could not change short date format
18/10/2023 17:48:30	Could not change long date format
18/10/2023 17:48:30	Finish Change Local Settings
18/10/2023 17:48:30	Registry Read: Path=SOFTWARE\WEHA\Aplikasi\3
18/10/2023 17:48:30	Registry Read/Write
18/10/2023 17:48:30	Registry Read: Path=SOFTWARE\WEHA\Aplikasi\3
18/10/2023 17:50:52	Get Local Settings
18/10/2023 17:50:52	Start Change Local Settings
18/10/2023 17:50:52	Could not change short date format
18/10/2023 17:50:52	Could not change long date format
18/10/2023 17:50:52	Finish Change Local Settings
18/10/2023 17:50:52	Registry Read: Path=SOFTWARE\WEHA\Aplikasi\3
18/10/2023 17:50:52	Registry Read/Write
18/10/2023 17:50:52	Registry Read: Path=SOFTWARE\WEHA\Aplikasi\3
20/10/2023 09:46:51	Get Local Settings
20/10/2023 09:46:51	Start Change Local Settings
20/10/2023 09:46:51	Could not change short date format
20/10/2023 09:46:51	Could not change long date format
20/10/2023 09:46:51	Finish Change Local Settings
20/10/2023 09:46:51	Registry Read: Path=SOFTWARE\WEHA\Aplikasi\3
20/10/2023 09:46:51	Registry Read/Write
20/10/2023 09:46:51	Registry Read: Path=SOFTWARE\WEHA\Aplikasi\3
20/10/2023 10:07:09	Get Local Settings
20/10/2023 10:07:09	Start Change Local Settings
20/10/2023 10:07:09	Could not change short date format
20/10/2023 10:07:09	Could not change long date format
20/10/2023 10:07:09	Finish Change Local Settings
20/10/2023 10:07:09	Registry Read: Path=SOFTWARE\WEHA\Aplikasi\3
20/10/2023 10:07:09	Registry Read/Write
20/10/2023 10:07:09	Registry Read: Path=SOFTWARE\WEHA\Aplikasi\3
20/10/2023 10:30:20	Get Local Settings
20/10/2023 10:30:20	Start Change Local Settings
20/10/2023 10:30:20	Could not change short date format
20/10/2023 10:30:20	Could not change long date format
20/10/2023 10:30:20	Finish Change Local Settings
20/10/2023 10:30:20	Registry Read: Path=SOFTWARE\WEHA\Aplikasi\3
20/10/2023 10:30:20	Registry Read/Write
20/10/2023 10:30:20	Registry Read: Path=SOFTWARE\WEHA\Aplikasi\3
20/10/2023 11:00:04	Get Local Settings
20/10/2023 11:00:04	Start Change Local Settings
20/10/2023 11:00:04	Could not change short date format
20/10/2023 11:00:04	Could not change long date format
20/10/2023 11:00:04	Finish Change Local Settings
20/10/2023 11:00:04	Registry Read: Path=SOFTWARE\WEHA\Aplikasi\3
20/10/2023 11:00:04	Registry Read/Write
20/10/2023 11:00:04	Registry Read: Path=SOFTWARE\WEHA\Aplikasi\3
20/10/2023 11:15:09	Get Local Settings
20/10/2023 11:15:09	Start Change Local Settings
20/10/2023 11:15:09	Could not change short date format
20/10/2023 11:15:09	Could not change long date format
20/10/2023 11:15:09	Finish Change Local Settings
20/10/2023 11:15:09	Registry Read: Path=SOFTWARE\WEHA\Aplikasi\3
20/10/2023 11:15:09	Registry Read/Write
20/10/2023 11:15:09	Registry Read: Path=SOFTWARE\WEHA\Aplikasi\3
20/10/2023 11:20:59	Get Local Settings
20/10/2023 11:20:59	Start Change Local Settings
20/10/2023 11:20:59	Could not change short date format
20/10/2023 11:20:59	Could not change long date format
20/10/2023 11:20:59	Finish Change Local Settings
20/10/2023 11:20:59	Registry Read: Path=SOFTWARE\WEHA\Aplikasi\3
20/10/2023 11:20:59	Registry Read/Write
20/10/2023 11:20:59	Registry Read: Path=SOFTWARE\WEHA\Aplikasi\3
20/10/2023 14:08:32	Get Local Settings
20/10/2023 14:08:32	Start Change Local Settings
20/10/2023 14:08:32	Could not change short date format
20/10/2023 14:08:32	Could not change long date format
20/10/2023 14:08:32	Finish Change Local Settings
20/10/2023 14:08:32	Registry Read: Path=SOFTWARE\WEHA\Aplikasi\3
20/10/2023 14:08:32	Registry Read/Write
20/10/2023 14:08:32	Registry Read: Path=SOFTWARE\WEHA\Aplikasi\3
20/10/2023 14:16:53	Get Local Settings
20/10/2023 14:16:53	Start Change Local Settings
20/10/2023 14:16:53	Could not change short date format
20/10/2023 14:16:53	Could not change long date format
20/10/2023 14:16:53	Finish Change Local Settings
20/10/2023 14:16:53	Registry Read: Path=SOFTWARE\WEHA\Aplikasi\3
20/10/2023 14:16:53	Registry Read/Write
20/10/2023 14:16:53	Registry Read: Path=SOFTWARE\WEHA\Aplikasi\3
20/10/2023 15:27:27	Get Local Settings
20/10/2023 15:27:27	Start Change Local Settings
20/10/2023 15:27:27	Could not change short date format
20/10/2023 15:27:27	Could not change long date format
20/10/2023 15:27:27	Finish Change Local Settings
20/10/2023 15:27:27	Registry Read: Path=SOFTWARE\WEHA\Aplikasi\3
20/10/2023 15:27:27	Registry Read/Write
20/10/2023 15:27:27	Registry Read: Path=SOFTWARE\WEHA\Aplikasi\3
20/10/2023 16:55:24	Get Local Settings
20/10/2023 16:55:24	Start Change Local Settings
20/10/2023 16:55:24	Could not change short date format
20/10/2023 16:55:24	Could not change long date format
20/10/2023 16:55:24	Finish Change Local Settings
20/10/2023 16:55:24	Registry Read: Path=SOFTWARE\WEHA\Aplikasi\3
20/10/2023 16:55:24	Registry Read/Write
20/10/2023 16:55:24	Registry Read: Path=SOFTWARE\WEHA\Aplikasi\3
20/10/2023 16:56:21	Get Local Settings
20/10/2023 16:56:21	Start Change Local Settings
20/10/2023 16:56:21	Could not change short date format
20/10/2023 16:56:21	Could not change long date format
20/10/2023 16:56:21	Finish Change Local Settings
20/10/2023 16:56:21	Registry Read: Path=SOFTWARE\WEHA\Aplikasi\3
20/10/2023 16:56:21	Registry Read/Write
20/10/2023 16:56:21	Registry Read: Path=SOFTWARE\WEHA\Aplikasi\3
20/10/2023 17:07:50	Get Local Settings
20/10/2023 17:07:50	Start Change Local Settings
20/10/2023 17:07:50	Could not change short date format
20/10/2023 17:07:50	Could not change long date format
20/10/2023 17:07:50	Finish Change Local Settings
20/10/2023 17:07:50	Registry Read: Path=SOFTWARE\WEHA\Aplikasi\3
20/10/2023 17:07:50	Registry Read/Write
20/10/2023 17:07:50	Registry Read: Path=SOFTWARE\WEHA\Aplikasi\3
20/10/2023 17:20:49	Get Local Settings
20/10/2023 17:20:49	Start Change Local Settings
20/10/2023 17:20:49	Could not change short date format
20/10/2023 17:20:49	Could not change long date format
20/10/2023 17:20:49	Finish Change Local Settings
20/10/2023 17:20:49	Registry Read: Path=SOFTWARE\WEHA\Aplikasi\3
20/10/2023 17:20:49	Registry Read/Write
20/10/2023 17:20:49	Registry Read: Path=SOFTWARE\WEHA\Aplikasi\3
20/10/2023 17:24:52	Get Local Settings
20/10/2023 17:24:52	Start Change Local Settings
20/10/2023 17:24:52	Could not change short date format
20/10/2023 17:24:52	Could not change long date format
20/10/2023 17:24:52	Finish Change Local Settings
20/10/2023 17:24:52	Registry Read: Path=SOFTWARE\WEHA\Aplikasi\3
20/10/2023 17:24:52	Registry Read/Write
20/10/2023 17:24:52	Registry Read: Path=SOFTWARE\WEHA\Aplikasi\3
20/10/2023 17:26:18	Get Local Settings
20/10/2023 17:26:18	Start Change Local Settings
20/10/2023 17:26:18	Could not change short date format
20/10/2023 17:26:18	Could not change long date format
20/10/2023 17:26:18	Finish Change Local Settings
20/10/2023 17:26:18	Registry Read: Path=SOFTWARE\WEHA\Aplikasi\3
20/10/2023 17:26:18	Registry Read/Write
20/10/2023 17:26:18	Registry Read: Path=SOFTWARE\WEHA\Aplikasi\3
20/10/2023 17:41:48	Get Local Settings
20/10/2023 17:41:48	Start Change Local Settings
20/10/2023 17:41:48	Could not change short date format
20/10/2023 17:41:48	Could not change long date format
20/10/2023 17:41:48	Finish Change Local Settings
20/10/2023 17:41:48	Registry Read: Path=SOFTWARE\WEHA\Aplikasi\3
20/10/2023 17:41:48	Registry Read/Write
20/10/2023 17:41:48	Registry Read: Path=SOFTWARE\WEHA\Aplikasi\3
23/10/2023 09:27:53	Get Local Settings
23/10/2023 09:27:53	Start Change Local Settings
23/10/2023 09:27:53	Could not change short date format
23/10/2023 09:27:53	Could not change long date format
23/10/2023 09:27:53	Finish Change Local Settings
23/10/2023 09:27:53	Registry Read: Path=SOFTWARE\WEHA\Aplikasi\3
23/10/2023 09:27:53	Registry Read/Write
23/10/2023 09:27:53	Registry Read: Path=SOFTWARE\WEHA\Aplikasi\3
23/10/2023 09:31:44	Get Local Settings
23/10/2023 09:31:44	Start Change Local Settings
23/10/2023 09:31:44	Could not change short date format
23/10/2023 09:31:44	Could not change long date format
23/10/2023 09:31:44	Finish Change Local Settings
23/10/2023 09:31:44	Registry Read: Path=SOFTWARE\WEHA\Aplikasi\3
23/10/2023 09:31:44	Registry Read/Write
23/10/2023 09:31:44	Registry Read: Path=SOFTWARE\WEHA\Aplikasi\3
23/10/2023 09:45:55	Get Local Settings
23/10/2023 09:45:55	Start Change Local Settings
23/10/2023 09:45:55	Could not change short date format
23/10/2023 09:45:55	Could not change long date format
23/10/2023 09:45:55	Finish Change Local Settings
23/10/2023 09:45:55	Registry Read: Path=SOFTWARE\WEHA\Aplikasi\3
23/10/2023 09:45:55	Registry Read/Write
23/10/2023 09:45:55	Registry Read: Path=SOFTWARE\WEHA\Aplikasi\3
23/10/2023 09:57:45	Get Local Settings
23/10/2023 09:57:45	Start Change Local Settings
23/10/2023 09:57:45	Could not change short date format
23/10/2023 09:57:45	Could not change long date format
23/10/2023 09:57:45	Finish Change Local Settings
23/10/2023 09:57:45	Registry Read: Path=SOFTWARE\WEHA\Aplikasi\3
23/10/2023 09:57:45	Registry Read/Write
23/10/2023 09:57:45	Registry Read: Path=SOFTWARE\WEHA\Aplikasi\3
23/10/2023 10:07:27	Get Local Settings
23/10/2023 10:07:27	Start Change Local Settings
23/10/2023 10:07:27	Could not change short date format
23/10/2023 10:07:27	Could not change long date format
23/10/2023 10:07:27	Finish Change Local Settings
23/10/2023 10:07:27	Registry Read: Path=SOFTWARE\WEHA\Aplikasi\3
23/10/2023 10:07:27	Registry Read/Write
23/10/2023 10:07:27	Registry Read: Path=SOFTWARE\WEHA\Aplikasi\3
23/10/2023 10:48:46	Get Local Settings
23/10/2023 10:48:46	Start Change Local Settings
23/10/2023 10:48:46	Could not change short date format
23/10/2023 10:48:46	Could not change long date format
23/10/2023 10:48:46	Finish Change Local Settings
23/10/2023 10:48:46	Registry Read: Path=SOFTWARE\WEHA\Aplikasi\3
23/10/2023 10:48:46	Registry Read/Write
23/10/2023 10:48:46	Registry Read: Path=SOFTWARE\WEHA\Aplikasi\3
23/10/2023 11:19:35	Get Local Settings
23/10/2023 11:19:35	Start Change Local Settings
23/10/2023 11:19:35	Could not change short date format
23/10/2023 11:19:35	Could not change long date format
23/10/2023 11:19:35	Finish Change Local Settings
23/10/2023 11:19:35	Registry Read: Path=SOFTWARE\WEHA\Aplikasi\3
23/10/2023 11:19:35	Registry Read/Write
23/10/2023 11:19:35	Registry Read: Path=SOFTWARE\WEHA\Aplikasi\3
23/10/2023 12:56:57	Get Local Settings
23/10/2023 12:56:57	Start Change Local Settings
23/10/2023 12:56:57	Could not change short date format
23/10/2023 12:56:57	Could not change long date format
23/10/2023 12:56:57	Finish Change Local Settings
23/10/2023 12:56:57	Registry Read: Path=SOFTWARE\WEHA\Aplikasi\3
23/10/2023 12:56:57	Registry Read/Write
23/10/2023 12:56:57	Registry Read: Path=SOFTWARE\WEHA\Aplikasi\3
23/10/2023 12:58:06	Get Local Settings
23/10/2023 12:58:06	Start Change Local Settings
23/10/2023 12:58:06	Could not change short date format
23/10/2023 12:58:06	Could not change long date format
23/10/2023 12:58:06	Finish Change Local Settings
23/10/2023 12:58:06	Registry Read: Path=SOFTWARE\WEHA\Aplikasi\3
23/10/2023 12:58:06	Registry Read/Write
23/10/2023 12:58:06	Registry Read: Path=SOFTWARE\WEHA\Aplikasi\3
23/10/2023 12:59:51	Get Local Settings
23/10/2023 12:59:51	Start Change Local Settings
23/10/2023 12:59:51	Could not change short date format
23/10/2023 12:59:51	Could not change long date format
23/10/2023 12:59:51	Finish Change Local Settings
23/10/2023 12:59:51	Registry Read: Path=SOFTWARE\WEHA\Aplikasi\3
23/10/2023 12:59:51	Registry Read/Write
23/10/2023 12:59:51	Registry Read: Path=SOFTWARE\WEHA\Aplikasi\3
23/10/2023 13:03:32	Get Local Settings
23/10/2023 13:03:32	Start Change Local Settings
23/10/2023 13:03:32	Could not change short date format
23/10/2023 13:03:32	Could not change long date format
23/10/2023 13:03:32	Finish Change Local Settings
23/10/2023 13:03:32	Registry Read: Path=SOFTWARE\WEHA\Aplikasi\3
23/10/2023 13:03:32	Registry Read/Write
23/10/2023 13:03:32	Registry Read: Path=SOFTWARE\WEHA\Aplikasi\3
23/10/2023 13:16:02	Get Local Settings
23/10/2023 13:16:02	Start Change Local Settings
23/10/2023 13:16:02	Could not change short date format
23/10/2023 13:16:02	Could not change long date format
23/10/2023 13:16:02	Finish Change Local Settings
23/10/2023 13:16:02	Registry Read: Path=SOFTWARE\WEHA\Aplikasi\3
23/10/2023 13:16:02	Registry Read/Write
23/10/2023 13:16:02	Registry Read: Path=SOFTWARE\WEHA\Aplikasi\3
23/10/2023 13:17:14	Get Local Settings
23/10/2023 13:17:14	Start Change Local Settings
23/10/2023 13:17:14	Could not change short date format
23/10/2023 13:17:14	Could not change long date format
23/10/2023 13:17:14	Finish Change Local Settings
23/10/2023 13:17:14	Registry Read: Path=SOFTWARE\WEHA\Aplikasi\3
23/10/2023 13:17:14	Registry Read/Write
23/10/2023 13:17:14	Registry Read: Path=SOFTWARE\WEHA\Aplikasi\3
23/10/2023 13:18:26	Get Local Settings
23/10/2023 13:18:26	Start Change Local Settings
23/10/2023 13:18:26	Could not change short date format
23/10/2023 13:18:26	Could not change long date format
23/10/2023 13:18:26	Finish Change Local Settings
23/10/2023 13:18:26	Registry Read: Path=SOFTWARE\WEHA\Aplikasi\3
23/10/2023 13:18:26	Registry Read/Write
23/10/2023 13:18:26	Registry Read: Path=SOFTWARE\WEHA\Aplikasi\3
23/10/2023 13:19:37	Get Local Settings
23/10/2023 13:19:37	Start Change Local Settings
23/10/2023 13:19:37	Could not change short date format
23/10/2023 13:19:37	Could not change long date format
23/10/2023 13:19:37	Finish Change Local Settings
23/10/2023 13:19:37	Registry Read: Path=SOFTWARE\WEHA\Aplikasi\3
23/10/2023 13:19:37	Registry Read/Write
23/10/2023 13:19:37	Registry Read: Path=SOFTWARE\WEHA\Aplikasi\3
23/10/2023 13:20:36	Get Local Settings
23/10/2023 13:20:36	Start Change Local Settings
23/10/2023 13:20:36	Could not change short date format
23/10/2023 13:20:36	Could not change long date format
23/10/2023 13:20:36	Finish Change Local Settings
23/10/2023 13:20:36	Registry Read: Path=SOFTWARE\WEHA\Aplikasi\3
23/10/2023 13:20:36	Registry Read/Write
23/10/2023 13:20:36	Registry Read: Path=SOFTWARE\WEHA\Aplikasi\3
23/10/2023 13:22:33	Get Local Settings
23/10/2023 13:22:33	Start Change Local Settings
23/10/2023 13:22:33	Could not change short date format
23/10/2023 13:22:33	Could not change long date format
23/10/2023 13:22:33	Finish Change Local Settings
23/10/2023 13:22:33	Registry Read: Path=SOFTWARE\WEHA\Aplikasi\3
23/10/2023 13:22:33	Registry Read/Write
23/10/2023 13:22:33	Registry Read: Path=SOFTWARE\WEHA\Aplikasi\3
23/10/2023 13:25:35	Get Local Settings
23/10/2023 13:25:35	Start Change Local Settings
23/10/2023 13:25:35	Could not change short date format
23/10/2023 13:25:35	Could not change long date format
23/10/2023 13:25:35	Finish Change Local Settings
23/10/2023 13:25:35	Registry Read: Path=SOFTWARE\WEHA\Aplikasi\3
23/10/2023 13:25:35	Registry Read/Write
23/10/2023 13:25:35	Registry Read: Path=SOFTWARE\WEHA\Aplikasi\3
23/10/2023 13:29:58	Get Local Settings
23/10/2023 13:29:58	Start Change Local Settings
23/10/2023 13:29:58	Could not change short date format
23/10/2023 13:29:58	Could not change long date format
23/10/2023 13:29:58	Finish Change Local Settings
23/10/2023 13:29:58	Registry Read: Path=SOFTWARE\WEHA\Aplikasi\3
23/10/2023 13:29:58	Registry Read/Write
23/10/2023 13:29:58	Registry Read: Path=SOFTWARE\WEHA\Aplikasi\3
23/10/2023 13:32:01	Get Local Settings
23/10/2023 13:32:01	Start Change Local Settings
23/10/2023 13:32:01	Could not change short date format
23/10/2023 13:32:01	Could not change long date format
23/10/2023 13:32:01	Finish Change Local Settings
23/10/2023 13:32:01	Registry Read: Path=SOFTWARE\WEHA\Aplikasi\3
23/10/2023 13:32:01	Registry Read/Write
23/10/2023 13:32:01	Registry Read: Path=SOFTWARE\WEHA\Aplikasi\3
23/10/2023 13:34:07	Get Local Settings
23/10/2023 13:34:07	Start Change Local Settings
23/10/2023 13:34:07	Could not change short date format
23/10/2023 13:34:07	Could not change long date format
23/10/2023 13:34:07	Finish Change Local Settings
23/10/2023 13:34:07	Registry Read: Path=SOFTWARE\WEHA\Aplikasi\3
23/10/2023 13:34:07	Registry Read/Write
23/10/2023 13:34:07	Registry Read: Path=SOFTWARE\WEHA\Aplikasi\3
23/10/2023 13:35:22	Get Local Settings
23/10/2023 13:35:22	Start Change Local Settings
23/10/2023 13:35:22	Could not change short date format
23/10/2023 13:35:22	Could not change long date format
23/10/2023 13:35:22	Finish Change Local Settings
23/10/2023 13:35:22	Registry Read: Path=SOFTWARE\WEHA\Aplikasi\3
23/10/2023 13:35:22	Registry Read/Write
23/10/2023 13:35:22	Registry Read: Path=SOFTWARE\WEHA\Aplikasi\3
23/10/2023 13:37:29	Get Local Settings
23/10/2023 13:37:29	Start Change Local Settings
23/10/2023 13:37:29	Could not change short date format
23/10/2023 13:37:29	Could not change long date format
23/10/2023 13:37:29	Finish Change Local Settings
23/10/2023 13:37:29	Registry Read: Path=SOFTWARE\WEHA\Aplikasi\3
23/10/2023 13:37:29	Registry Read/Write
23/10/2023 13:37:29	Registry Read: Path=SOFTWARE\WEHA\Aplikasi\3
23/10/2023 13:38:14	Get Local Settings
23/10/2023 13:38:14	Start Change Local Settings
23/10/2023 13:38:14	Could not change short date format
23/10/2023 13:38:14	Could not change long date format
23/10/2023 13:38:14	Finish Change Local Settings
23/10/2023 13:38:14	Registry Read: Path=SOFTWARE\WEHA\Aplikasi\3
23/10/2023 13:38:14	Registry Read/Write
23/10/2023 13:38:14	Registry Read: Path=SOFTWARE\WEHA\Aplikasi\3
23/10/2023 13:38:57	Get Local Settings
23/10/2023 13:38:57	Start Change Local Settings
23/10/2023 13:38:57	Could not change short date format
23/10/2023 13:38:57	Could not change long date format
23/10/2023 13:38:57	Finish Change Local Settings
23/10/2023 13:38:57	Registry Read: Path=SOFTWARE\WEHA\Aplikasi\3
23/10/2023 13:38:57	Registry Read/Write
23/10/2023 13:38:57	Registry Read: Path=SOFTWARE\WEHA\Aplikasi\3
23/10/2023 13:39:53	Get Local Settings
23/10/2023 13:39:53	Start Change Local Settings
23/10/2023 13:39:53	Could not change short date format
23/10/2023 13:39:53	Could not change long date format
23/10/2023 13:39:53	Finish Change Local Settings
23/10/2023 13:39:53	Registry Read: Path=SOFTWARE\WEHA\Aplikasi\3
23/10/2023 13:39:53	Registry Read/Write
23/10/2023 13:39:53	Registry Read: Path=SOFTWARE\WEHA\Aplikasi\3
23/10/2023 13:41:02	Get Local Settings
23/10/2023 13:41:02	Start Change Local Settings
23/10/2023 13:41:02	Could not change short date format
23/10/2023 13:41:02	Could not change long date format
23/10/2023 13:41:02	Finish Change Local Settings
23/10/2023 13:41:02	Registry Read: Path=SOFTWARE\WEHA\Aplikasi\3
23/10/2023 13:41:02	Registry Read/Write
23/10/2023 13:41:02	Registry Read: Path=SOFTWARE\WEHA\Aplikasi\3
23/10/2023 13:41:49	Get Local Settings
23/10/2023 13:41:49	Start Change Local Settings
23/10/2023 13:41:49	Could not change short date format
23/10/2023 13:41:49	Could not change long date format
23/10/2023 13:41:49	Finish Change Local Settings
23/10/2023 13:41:49	Registry Read: Path=SOFTWARE\WEHA\Aplikasi\3
23/10/2023 13:41:49	Registry Read/Write
23/10/2023 13:41:49	Registry Read: Path=SOFTWARE\WEHA\Aplikasi\3
23/10/2023 13:43:01	Get Local Settings
23/10/2023 13:43:01	Start Change Local Settings
23/10/2023 13:43:01	Could not change short date format
23/10/2023 13:43:01	Could not change long date format
23/10/2023 13:43:01	Finish Change Local Settings
23/10/2023 13:43:01	Registry Read: Path=SOFTWARE\WEHA\Aplikasi\3
23/10/2023 13:43:01	Registry Read/Write
23/10/2023 13:43:01	Registry Read: Path=SOFTWARE\WEHA\Aplikasi\3
23/10/2023 13:44:06	Get Local Settings
23/10/2023 13:44:06	Start Change Local Settings
23/10/2023 13:44:06	Could not change short date format
23/10/2023 13:44:06	Could not change long date format
23/10/2023 13:44:06	Finish Change Local Settings
23/10/2023 13:44:06	Registry Read: Path=SOFTWARE\WEHA\Aplikasi\3
23/10/2023 13:44:06	Registry Read/Write
23/10/2023 13:44:06	Registry Read: Path=SOFTWARE\WEHA\Aplikasi\3
23/10/2023 13:44:51	Get Local Settings
23/10/2023 13:44:51	Start Change Local Settings
23/10/2023 13:44:51	Could not change short date format
23/10/2023 13:44:51	Could not change long date format
23/10/2023 13:44:51	Finish Change Local Settings
23/10/2023 13:44:51	Registry Read: Path=SOFTWARE\WEHA\Aplikasi\3
23/10/2023 13:44:51	Registry Read/Write
23/10/2023 13:44:51	Registry Read: Path=SOFTWARE\WEHA\Aplikasi\3
23/10/2023 13:47:24	Get Local Settings
23/10/2023 13:47:24	Start Change Local Settings
23/10/2023 13:47:24	Could not change short date format
23/10/2023 13:47:24	Could not change long date format
23/10/2023 13:47:24	Finish Change Local Settings
23/10/2023 13:47:24	Registry Read: Path=SOFTWARE\WEHA\Aplikasi\3
23/10/2023 13:47:24	Registry Read/Write
23/10/2023 13:47:24	Registry Read: Path=SOFTWARE\WEHA\Aplikasi\3
23/10/2023 13:50:00	Get Local Settings
23/10/2023 13:50:00	Start Change Local Settings
23/10/2023 13:50:00	Could not change short date format
23/10/2023 13:50:00	Could not change long date format
23/10/2023 13:50:00	Finish Change Local Settings
23/10/2023 13:50:00	Registry Read: Path=SOFTWARE\WEHA\Aplikasi\3
23/10/2023 13:50:00	Registry Read/Write
23/10/2023 13:50:00	Registry Read: Path=SOFTWARE\WEHA\Aplikasi\3
23/10/2023 13:52:40	Get Local Settings
23/10/2023 13:52:40	Start Change Local Settings
23/10/2023 13:52:40	Could not change short date format
23/10/2023 13:52:40	Could not change long date format
23/10/2023 13:52:40	Finish Change Local Settings
23/10/2023 13:52:40	Registry Read: Path=SOFTWARE\WEHA\Aplikasi\3
23/10/2023 13:52:40	Registry Read/Write
23/10/2023 13:52:40	Registry Read: Path=SOFTWARE\WEHA\Aplikasi\3
23/10/2023 13:53:26	Get Local Settings
23/10/2023 13:53:26	Start Change Local Settings
23/10/2023 13:53:26	Could not change short date format
23/10/2023 13:53:26	Could not change long date format
23/10/2023 13:53:26	Finish Change Local Settings
23/10/2023 13:53:26	Registry Read: Path=SOFTWARE\WEHA\Aplikasi\3
23/10/2023 13:53:26	Registry Read/Write
23/10/2023 13:53:26	Registry Read: Path=SOFTWARE\WEHA\Aplikasi\3
23/10/2023 13:54:26	Get Local Settings
23/10/2023 13:54:26	Start Change Local Settings
23/10/2023 13:54:26	Could not change short date format
23/10/2023 13:54:26	Could not change long date format
23/10/2023 13:54:26	Finish Change Local Settings
23/10/2023 13:54:26	Registry Read: Path=SOFTWARE\WEHA\Aplikasi\3
23/10/2023 13:54:26	Registry Read/Write
23/10/2023 13:54:26	Registry Read: Path=SOFTWARE\WEHA\Aplikasi\3
23/10/2023 13:55:14	Get Local Settings
23/10/2023 13:55:14	Start Change Local Settings
23/10/2023 13:55:14	Could not change short date format
23/10/2023 13:55:14	Could not change long date format
23/10/2023 13:55:14	Finish Change Local Settings
23/10/2023 13:55:14	Registry Read: Path=SOFTWARE\WEHA\Aplikasi\3
23/10/2023 13:55:14	Registry Read/Write
23/10/2023 13:55:14	Registry Read: Path=SOFTWARE\WEHA\Aplikasi\3
23/10/2023 13:59:18	Get Local Settings
23/10/2023 13:59:18	Start Change Local Settings
23/10/2023 13:59:18	Could not change short date format
23/10/2023 13:59:18	Could not change long date format
23/10/2023 13:59:18	Finish Change Local Settings
23/10/2023 13:59:18	Registry Read: Path=SOFTWARE\WEHA\Aplikasi\3
23/10/2023 13:59:18	Registry Read/Write
23/10/2023 13:59:18	Registry Read: Path=SOFTWARE\WEHA\Aplikasi\3
23/10/2023 14:02:07	Get Local Settings
23/10/2023 14:02:07	Start Change Local Settings
23/10/2023 14:02:07	Could not change short date format
23/10/2023 14:02:07	Could not change long date format
23/10/2023 14:02:07	Finish Change Local Settings
23/10/2023 14:02:07	Registry Read: Path=SOFTWARE\WEHA\Aplikasi\3
23/10/2023 14:02:07	Registry Read/Write
23/10/2023 14:02:07	Registry Read: Path=SOFTWARE\WEHA\Aplikasi\3
23/10/2023 14:07:25	Get Local Settings
23/10/2023 14:07:25	Start Change Local Settings
23/10/2023 14:07:25	Could not change short date format
23/10/2023 14:07:25	Could not change long date format
23/10/2023 14:07:25	Finish Change Local Settings
23/10/2023 14:07:25	Registry Read: Path=SOFTWARE\WEHA\Aplikasi\3
23/10/2023 14:07:25	Registry Read/Write
23/10/2023 14:07:25	Registry Read: Path=SOFTWARE\WEHA\Aplikasi\3
23/10/2023 14:09:00	Get Local Settings
23/10/2023 14:09:00	Start Change Local Settings
23/10/2023 14:09:00	Could not change short date format
23/10/2023 14:09:00	Could not change long date format
23/10/2023 14:09:00	Finish Change Local Settings
23/10/2023 14:09:00	Registry Read: Path=SOFTWARE\WEHA\Aplikasi\3
23/10/2023 14:09:00	Registry Read/Write
23/10/2023 14:09:00	Registry Read: Path=SOFTWARE\WEHA\Aplikasi\3
23/10/2023 14:13:28	Get Local Settings
23/10/2023 14:13:28	Start Change Local Settings
23/10/2023 14:13:28	Could not change short date format
23/10/2023 14:13:28	Could not change long date format
23/10/2023 14:13:28	Finish Change Local Settings
23/10/2023 14:13:28	Registry Read: Path=SOFTWARE\WEHA\Aplikasi\3
23/10/2023 14:13:28	Registry Read/Write
23/10/2023 14:13:28	Registry Read: Path=SOFTWARE\WEHA\Aplikasi\3
23/10/2023 15:26:50	Get Local Settings
23/10/2023 15:26:50	Start Change Local Settings
23/10/2023 15:26:50	Could not change short date format
23/10/2023 15:26:50	Could not change long date format
23/10/2023 15:26:50	Finish Change Local Settings
23/10/2023 15:26:50	Registry Read: Path=SOFTWARE\WEHA\Aplikasi\3
23/10/2023 15:26:50	Registry Read/Write
23/10/2023 15:26:50	Registry Read: Path=SOFTWARE\WEHA\Aplikasi\3
24/10/2023 10:03:24	Get Local Settings
24/10/2023 10:03:24	Start Change Local Settings
24/10/2023 10:03:24	Could not change short date format
24/10/2023 10:03:24	Could not change long date format
24/10/2023 10:03:24	Finish Change Local Settings
24/10/2023 10:03:24	Registry Read: Path=SOFTWARE\WEHA\Aplikasi\3
24/10/2023 10:03:24	Registry Read/Write
24/10/2023 10:03:24	Registry Read: Path=SOFTWARE\WEHA\Aplikasi\3
24/10/2023 10:18:46	Get Local Settings
24/10/2023 10:18:46	Start Change Local Settings
24/10/2023 10:18:46	Could not change short date format
24/10/2023 10:18:46	Could not change long date format
24/10/2023 10:18:46	Finish Change Local Settings
24/10/2023 10:18:46	Registry Read: Path=SOFTWARE\WEHA\Aplikasi\3
24/10/2023 10:18:46	Registry Read/Write
24/10/2023 10:18:46	Registry Read: Path=SOFTWARE\WEHA\Aplikasi\3
24/10/2023 13:37:19	Get Local Settings
24/10/2023 13:37:19	Start Change Local Settings
24/10/2023 13:37:19	Could not change short date format
24/10/2023 13:37:19	Could not change long date format
24/10/2023 13:37:19	Finish Change Local Settings
24/10/2023 13:37:19	Registry Read: Path=SOFTWARE\WEHA\Aplikasi\3
24/10/2023 13:37:19	Registry Read/Write
24/10/2023 13:37:19	Registry Read: Path=SOFTWARE\WEHA\Aplikasi\3
24/10/2023 13:48:14	Get Local Settings
24/10/2023 13:48:14	Start Change Local Settings
24/10/2023 13:48:14	Could not change short date format
24/10/2023 13:48:14	Could not change long date format
24/10/2023 13:48:14	Finish Change Local Settings
24/10/2023 13:48:14	Registry Read: Path=SOFTWARE\WEHA\Aplikasi\3
24/10/2023 13:48:14	Registry Read/Write
24/10/2023 13:48:14	Registry Read: Path=SOFTWARE\WEHA\Aplikasi\3
24/10/2023 13:50:36	Get Local Settings
24/10/2023 13:50:36	Start Change Local Settings
24/10/2023 13:50:36	Could not change short date format
24/10/2023 13:50:36	Could not change long date format
24/10/2023 13:50:36	Finish Change Local Settings
24/10/2023 13:50:36	Registry Read: Path=SOFTWARE\WEHA\Aplikasi\3
24/10/2023 13:50:36	Registry Read/Write
24/10/2023 13:50:36	Registry Read: Path=SOFTWARE\WEHA\Aplikasi\3
24/10/2023 13:51:56	Get Local Settings
24/10/2023 13:51:56	Start Change Local Settings
24/10/2023 13:51:56	Could not change short date format
24/10/2023 13:51:56	Could not change long date format
24/10/2023 13:51:56	Finish Change Local Settings
24/10/2023 13:51:56	Registry Read: Path=SOFTWARE\WEHA\Aplikasi\3
24/10/2023 13:51:56	Registry Read/Write
24/10/2023 13:51:56	Registry Read: Path=SOFTWARE\WEHA\Aplikasi\3
24/10/2023 13:53:58	Get Local Settings
24/10/2023 13:53:58	Start Change Local Settings
24/10/2023 13:53:58	Could not change short date format
24/10/2023 13:53:58	Could not change long date format
24/10/2023 13:53:58	Finish Change Local Settings
24/10/2023 13:53:58	Registry Read: Path=SOFTWARE\WEHA\Aplikasi\3
24/10/2023 13:53:58	Registry Read/Write
24/10/2023 13:53:58	Registry Read: Path=SOFTWARE\WEHA\Aplikasi\3
24/10/2023 13:56:52	Get Local Settings
24/10/2023 13:56:52	Start Change Local Settings
24/10/2023 13:56:52	Could not change short date format
24/10/2023 13:56:52	Could not change long date format
24/10/2023 13:56:52	Finish Change Local Settings
24/10/2023 13:56:52	Registry Read: Path=SOFTWARE\WEHA\Aplikasi\3
24/10/2023 13:56:52	Registry Read/Write
24/10/2023 13:56:52	Registry Read: Path=SOFTWARE\WEHA\Aplikasi\3
24/10/2023 13:59:48	Get Local Settings
24/10/2023 13:59:48	Start Change Local Settings
24/10/2023 13:59:48	Could not change short date format
24/10/2023 13:59:48	Could not change long date format
24/10/2023 13:59:48	Finish Change Local Settings
24/10/2023 13:59:48	Registry Read: Path=SOFTWARE\WEHA\Aplikasi\3
24/10/2023 13:59:48	Registry Read/Write
24/10/2023 13:59:48	Registry Read: Path=SOFTWARE\WEHA\Aplikasi\3
24/10/2023 14:00:36	Get Local Settings
24/10/2023 14:00:36	Start Change Local Settings
24/10/2023 14:00:36	Could not change short date format
24/10/2023 14:00:36	Could not change long date format
24/10/2023 14:00:36	Finish Change Local Settings
24/10/2023 14:00:36	Registry Read: Path=SOFTWARE\WEHA\Aplikasi\3
24/10/2023 14:00:36	Registry Read/Write
24/10/2023 14:00:36	Registry Read: Path=SOFTWARE\WEHA\Aplikasi\3
24/10/2023 14:02:41	Get Local Settings
24/10/2023 14:02:41	Start Change Local Settings
24/10/2023 14:02:41	Could not change short date format
24/10/2023 14:02:41	Could not change long date format
24/10/2023 14:02:41	Finish Change Local Settings
24/10/2023 14:02:41	Registry Read: Path=SOFTWARE\WEHA\Aplikasi\3
24/10/2023 14:02:41	Registry Read/Write
24/10/2023 14:02:41	Registry Read: Path=SOFTWARE\WEHA\Aplikasi\3
24/10/2023 14:11:35	Get Local Settings
24/10/2023 14:11:35	Start Change Local Settings
24/10/2023 14:11:35	Could not change short date format
24/10/2023 14:11:35	Could not change long date format
24/10/2023 14:11:35	Finish Change Local Settings
24/10/2023 14:11:35	Registry Read: Path=SOFTWARE\WEHA\Aplikasi\3
24/10/2023 14:11:35	Registry Read/Write
24/10/2023 14:11:35	Registry Read: Path=SOFTWARE\WEHA\Aplikasi\3
24/10/2023 14:13:11	Get Local Settings
24/10/2023 14:13:11	Start Change Local Settings
24/10/2023 14:13:11	Could not change short date format
24/10/2023 14:13:11	Could not change long date format
24/10/2023 14:13:11	Finish Change Local Settings
24/10/2023 14:13:11	Registry Read: Path=SOFTWARE\WEHA\Aplikasi\3
24/10/2023 14:13:11	Registry Read/Write
24/10/2023 14:13:11	Registry Read: Path=SOFTWARE\WEHA\Aplikasi\3
24/10/2023 14:17:51	Get Local Settings
24/10/2023 14:17:51	Start Change Local Settings
24/10/2023 14:17:51	Could not change short date format
24/10/2023 14:17:51	Could not change long date format
24/10/2023 14:17:51	Finish Change Local Settings
24/10/2023 14:17:51	Registry Read: Path=SOFTWARE\WEHA\Aplikasi\3
24/10/2023 14:17:51	Registry Read/Write
24/10/2023 14:17:51	Registry Read: Path=SOFTWARE\WEHA\Aplikasi\3
24/10/2023 14:20:38	Get Local Settings
24/10/2023 14:20:38	Start Change Local Settings
24/10/2023 14:20:38	Could not change short date format
24/10/2023 14:20:38	Could not change long date format
24/10/2023 14:20:38	Finish Change Local Settings
24/10/2023 14:20:38	Registry Read: Path=SOFTWARE\WEHA\Aplikasi\3
24/10/2023 14:20:38	Registry Read/Write
24/10/2023 14:20:38	Registry Read: Path=SOFTWARE\WEHA\Aplikasi\3
24/10/2023 14:26:50	Get Local Settings
24/10/2023 14:26:50	Start Change Local Settings
24/10/2023 14:26:50	Could not change short date format
24/10/2023 14:26:50	Could not change long date format
24/10/2023 14:26:50	Finish Change Local Settings
24/10/2023 14:26:50	Registry Read: Path=SOFTWARE\WEHA\Aplikasi\3
24/10/2023 14:26:50	Registry Read/Write
24/10/2023 14:26:50	Registry Read: Path=SOFTWARE\WEHA\Aplikasi\3
24/10/2023 14:28:30	Get Local Settings
24/10/2023 14:28:30	Start Change Local Settings
24/10/2023 14:28:30	Could not change short date format
24/10/2023 14:28:30	Could not change long date format
24/10/2023 14:28:30	Finish Change Local Settings
24/10/2023 14:28:30	Registry Read: Path=SOFTWARE\WEHA\Aplikasi\3
24/10/2023 14:28:30	Registry Read/Write
24/10/2023 14:28:30	Registry Read: Path=SOFTWARE\WEHA\Aplikasi\3
24/10/2023 14:30:17	Get Local Settings
24/10/2023 14:30:17	Start Change Local Settings
24/10/2023 14:30:17	Could not change short date format
24/10/2023 14:30:17	Could not change long date format
24/10/2023 14:30:17	Finish Change Local Settings
24/10/2023 14:30:17	Registry Read: Path=SOFTWARE\WEHA\Aplikasi\3
24/10/2023 14:30:17	Registry Read/Write
24/10/2023 14:30:17	Registry Read: Path=SOFTWARE\WEHA\Aplikasi\3
24/10/2023 17:02:39	Get Local Settings
24/10/2023 17:02:39	Start Change Local Settings
24/10/2023 17:02:39	Could not change short date format
24/10/2023 17:02:39	Could not change long date format
24/10/2023 17:02:39	Finish Change Local Settings
24/10/2023 17:02:39	Registry Read: Path=SOFTWARE\WEHA\Aplikasi\3
24/10/2023 17:02:39	Registry Read/Write
24/10/2023 17:02:39	Registry Read: Path=SOFTWARE\WEHA\Aplikasi\3
28/10/2023 10:03:17	Get Local Settings
28/10/2023 10:03:17	Start Change Local Settings
28/10/2023 10:03:17	Could not change short date format
28/10/2023 10:03:17	Could not change long date format
28/10/2023 10:03:17	Finish Change Local Settings
28/10/2023 10:03:17	Registry Read: Path=SOFTWARE\WEHA\Aplikasi\3
28/10/2023 10:03:17	Registry Read/Write
28/10/2023 10:03:17	Registry Read: Path=SOFTWARE\WEHA\Aplikasi\3
28/10/2023 10:07:35	Get Local Settings
28/10/2023 10:07:35	Start Change Local Settings
28/10/2023 10:07:35	Could not change short date format
28/10/2023 10:07:35	Could not change long date format
28/10/2023 10:07:35	Finish Change Local Settings
28/10/2023 10:07:35	Registry Read: Path=SOFTWARE\WEHA\Aplikasi\3
28/10/2023 10:07:35	Registry Read/Write
28/10/2023 10:07:35	Registry Read: Path=SOFTWARE\WEHA\Aplikasi\3
28/10/2023 10:38:33	Get Local Settings
28/10/2023 10:38:33	Start Change Local Settings
28/10/2023 10:38:33	Could not change short date format
28/10/2023 10:38:33	Could not change long date format
28/10/2023 10:38:33	Finish Change Local Settings
28/10/2023 10:38:33	Registry Read: Path=SOFTWARE\WEHA\Aplikasi\3
28/10/2023 10:38:33	Registry Read/Write
28/10/2023 10:38:33	Registry Read: Path=SOFTWARE\WEHA\Aplikasi\3
28/10/2023 10:50:59	Get Local Settings
28/10/2023 10:50:59	Start Change Local Settings
28/10/2023 10:50:59	Could not change short date format
28/10/2023 10:50:59	Could not change long date format
28/10/2023 10:50:59	Finish Change Local Settings
28/10/2023 10:50:59	Registry Read: Path=SOFTWARE\WEHA\Aplikasi\3
28/10/2023 10:50:59	Registry Read/Write
28/10/2023 10:50:59	Registry Read: Path=SOFTWARE\WEHA\Aplikasi\3
28/10/2023 11:22:15	Get Local Settings
28/10/2023 11:22:15	Start Change Local Settings
28/10/2023 11:22:15	Could not change short date format
28/10/2023 11:22:15	Could not change long date format
28/10/2023 11:22:15	Finish Change Local Settings
28/10/2023 11:22:15	Registry Read: Path=SOFTWARE\WEHA\Aplikasi\3
28/10/2023 11:22:15	Registry Read/Write
28/10/2023 11:22:15	Registry Read: Path=SOFTWARE\WEHA\Aplikasi\3
28/10/2023 11:22:40	Get Local Settings
28/10/2023 11:22:40	Start Change Local Settings
28/10/2023 11:22:40	Could not change short date format
28/10/2023 11:22:40	Could not change long date format
28/10/2023 11:22:40	Finish Change Local Settings
28/10/2023 11:22:40	Registry Read: Path=SOFTWARE\WEHA\Aplikasi\3
28/10/2023 11:22:40	Registry Read/Write
28/10/2023 11:22:40	Registry Read: Path=SOFTWARE\WEHA\Aplikasi\3
30/10/2023 13:49:02	Get Local Settings
30/10/2023 13:49:02	Start Change Local Settings
30/10/2023 13:49:02	Could not change short date format
30/10/2023 13:49:02	Could not change long date format
30/10/2023 13:49:02	Finish Change Local Settings
30/10/2023 13:49:02	Registry Read: Path=SOFTWARE\WEHA\Aplikasi\3
30/10/2023 13:49:02	Registry Read/Write
30/10/2023 13:49:02	Registry Read: Path=SOFTWARE\WEHA\Aplikasi\3
30/10/2023 16:35:15	Get Local Settings
30/10/2023 16:35:15	Start Change Local Settings
30/10/2023 16:35:15	Could not change short date format
30/10/2023 16:35:15	Could not change long date format
30/10/2023 16:35:15	Finish Change Local Settings
30/10/2023 16:35:15	Registry Read: Path=SOFTWARE\WEHA\Aplikasi\3
30/10/2023 16:35:15	Registry Read/Write
30/10/2023 16:35:15	Registry Read: Path=SOFTWARE\WEHA\Aplikasi\3
06/11/2023 14:48:47	Get Local Settings
06/11/2023 14:48:47	Start Change Local Settings
06/11/2023 14:48:47	Could not change short date format
06/11/2023 14:48:47	Could not change long date format
06/11/2023 14:48:47	Finish Change Local Settings
06/11/2023 14:48:47	Registry Read: Path=SOFTWARE\WEHA\Aplikasi\3
06/11/2023 14:48:47	Registry Read/Write
06/11/2023 14:48:47	Registry Read: Path=SOFTWARE\WEHA\Aplikasi\3
06/11/2023 14:56:17	Get Local Settings
06/11/2023 14:56:17	Start Change Local Settings
06/11/2023 14:56:17	Could not change short date format
06/11/2023 14:56:17	Could not change long date format
06/11/2023 14:56:17	Finish Change Local Settings
06/11/2023 14:56:17	Registry Read: Path=SOFTWARE\WEHA\Aplikasi\3
06/11/2023 14:56:17	Registry Read/Write
06/11/2023 14:56:17	Registry Read: Path=SOFTWARE\WEHA\Aplikasi\3
06/11/2023 15:07:25	Get Local Settings
06/11/2023 15:07:25	Start Change Local Settings
06/11/2023 15:07:25	Could not change short date format
06/11/2023 15:07:25	Could not change long date format
06/11/2023 15:07:25	Finish Change Local Settings
06/11/2023 15:07:25	Registry Read: Path=SOFTWARE\WEHA\Aplikasi\3
06/11/2023 15:07:25	Registry Read/Write
06/11/2023 15:07:25	Registry Read: Path=SOFTWARE\WEHA\Aplikasi\3
06/11/2023 15:09:27	Get Local Settings
06/11/2023 15:09:27	Start Change Local Settings
06/11/2023 15:09:27	Could not change short date format
06/11/2023 15:09:27	Could not change long date format
06/11/2023 15:09:27	Finish Change Local Settings
06/11/2023 15:09:27	Registry Read: Path=SOFTWARE\WEHA\Aplikasi\3
06/11/2023 15:09:27	Registry Read/Write
06/11/2023 15:09:27	Registry Read: Path=SOFTWARE\WEHA\Aplikasi\3
06/11/2023 15:29:59	Get Local Settings
06/11/2023 15:29:59	Start Change Local Settings
06/11/2023 15:29:59	Could not change short date format
06/11/2023 15:29:59	Could not change long date format
06/11/2023 15:29:59	Finish Change Local Settings
06/11/2023 15:29:59	Registry Read: Path=SOFTWARE\WEHA\Aplikasi\3
06/11/2023 15:29:59	Registry Read/Write
06/11/2023 15:29:59	Registry Read: Path=SOFTWARE\WEHA\Aplikasi\3
06/11/2023 16:32:26	Get Local Settings
06/11/2023 16:32:26	Start Change Local Settings
06/11/2023 16:32:26	Could not change short date format
06/11/2023 16:32:26	Could not change long date format
06/11/2023 16:32:26	Finish Change Local Settings
06/11/2023 16:32:26	Registry Read: Path=SOFTWARE\WEHA\Aplikasi\3
06/11/2023 16:32:26	Registry Read/Write
06/11/2023 16:32:26	Registry Read: Path=SOFTWARE\WEHA\Aplikasi\3
06/11/2023 16:35:40	Get Local Settings
06/11/2023 16:35:40	Start Change Local Settings
06/11/2023 16:35:40	Could not change short date format
06/11/2023 16:35:40	Could not change long date format
06/11/2023 16:35:40	Finish Change Local Settings
06/11/2023 16:35:40	Registry Read: Path=SOFTWARE\WEHA\Aplikasi\3
06/11/2023 16:35:40	Registry Read/Write
06/11/2023 16:35:40	Registry Read: Path=SOFTWARE\WEHA\Aplikasi\3
06/11/2023 16:37:45	Get Local Settings
06/11/2023 16:37:45	Start Change Local Settings
06/11/2023 16:37:45	Could not change short date format
06/11/2023 16:37:45	Could not change long date format
06/11/2023 16:37:45	Finish Change Local Settings
06/11/2023 16:37:45	Registry Read: Path=SOFTWARE\WEHA\Aplikasi\3
06/11/2023 16:37:45	Registry Read/Write
06/11/2023 16:37:45	Registry Read: Path=SOFTWARE\WEHA\Aplikasi\3
06/11/2023 16:39:23	Get Local Settings
06/11/2023 16:39:23	Start Change Local Settings
06/11/2023 16:39:23	Could not change short date format
06/11/2023 16:39:23	Could not change long date format
06/11/2023 16:39:23	Finish Change Local Settings
06/11/2023 16:39:23	Registry Read: Path=SOFTWARE\WEHA\Aplikasi\3
06/11/2023 16:39:23	Registry Read/Write
06/11/2023 16:39:23	Registry Read: Path=SOFTWARE\WEHA\Aplikasi\3
06/11/2023 16:41:13	Get Local Settings
06/11/2023 16:41:13	Start Change Local Settings
06/11/2023 16:41:13	Could not change short date format
06/11/2023 16:41:13	Could not change long date format
06/11/2023 16:41:13	Finish Change Local Settings
06/11/2023 16:41:13	Registry Read: Path=SOFTWARE\WEHA\Aplikasi\3
06/11/2023 16:41:13	Registry Read/Write
06/11/2023 16:41:13	Registry Read: Path=SOFTWARE\WEHA\Aplikasi\3
06/11/2023 16:42:22	Get Local Settings
06/11/2023 16:42:22	Start Change Local Settings
06/11/2023 16:42:22	Could not change short date format
06/11/2023 16:42:22	Could not change long date format
06/11/2023 16:42:22	Finish Change Local Settings
06/11/2023 16:42:22	Registry Read: Path=SOFTWARE\WEHA\Aplikasi\3
06/11/2023 16:42:22	Registry Read/Write
06/11/2023 16:42:22	Registry Read: Path=SOFTWARE\WEHA\Aplikasi\3
06/11/2023 16:44:04	Get Local Settings
06/11/2023 16:44:04	Start Change Local Settings
06/11/2023 16:44:04	Could not change short date format
06/11/2023 16:44:04	Could not change long date format
06/11/2023 16:44:04	Finish Change Local Settings
06/11/2023 16:44:04	Registry Read: Path=SOFTWARE\WEHA\Aplikasi\3
06/11/2023 16:44:04	Registry Read/Write
06/11/2023 16:44:04	Registry Read: Path=SOFTWARE\WEHA\Aplikasi\3
06/11/2023 16:48:14	Get Local Settings
06/11/2023 16:48:14	Start Change Local Settings
06/11/2023 16:48:14	Could not change short date format
06/11/2023 16:48:14	Could not change long date format
06/11/2023 16:48:14	Finish Change Local Settings
06/11/2023 16:48:14	Registry Read: Path=SOFTWARE\WEHA\Aplikasi\3
06/11/2023 16:48:14	Registry Read/Write
06/11/2023 16:48:14	Registry Read: Path=SOFTWARE\WEHA\Aplikasi\3
06/11/2023 16:50:48	Get Local Settings
06/11/2023 16:50:48	Start Change Local Settings
06/11/2023 16:50:48	Could not change short date format
06/11/2023 16:50:48	Could not change long date format
06/11/2023 16:50:48	Finish Change Local Settings
06/11/2023 16:50:48	Registry Read: Path=SOFTWARE\WEHA\Aplikasi\3
06/11/2023 16:50:48	Registry Read/Write
06/11/2023 16:50:48	Registry Read: Path=SOFTWARE\WEHA\Aplikasi\3
06/11/2023 16:53:01	Get Local Settings
06/11/2023 16:53:01	Start Change Local Settings
06/11/2023 16:53:01	Could not change short date format
06/11/2023 16:53:01	Could not change long date format
06/11/2023 16:53:01	Finish Change Local Settings
06/11/2023 16:53:01	Registry Read: Path=SOFTWARE\WEHA\Aplikasi\3
06/11/2023 16:53:01	Registry Read/Write
06/11/2023 16:53:01	Registry Read: Path=SOFTWARE\WEHA\Aplikasi\3
06/11/2023 17:31:16	Get Local Settings
06/11/2023 17:31:16	Start Change Local Settings
06/11/2023 17:31:16	Could not change short date format
06/11/2023 17:31:16	Could not change long date format
06/11/2023 17:31:16	Finish Change Local Settings
06/11/2023 17:31:16	Registry Read: Path=SOFTWARE\WEHA\Aplikasi\3
06/11/2023 17:31:16	Registry Read/Write
06/11/2023 17:31:16	Registry Read: Path=SOFTWARE\WEHA\Aplikasi\3
06/11/2023 17:33:29	Get Local Settings
06/11/2023 17:33:29	Start Change Local Settings
06/11/2023 17:33:29	Could not change short date format
06/11/2023 17:33:29	Could not change long date format
06/11/2023 17:33:29	Finish Change Local Settings
06/11/2023 17:33:29	Registry Read: Path=SOFTWARE\WEHA\Aplikasi\3
06/11/2023 17:33:29	Registry Read/Write
06/11/2023 17:33:29	Registry Read: Path=SOFTWARE\WEHA\Aplikasi\3
06/11/2023 17:34:47	Get Local Settings
06/11/2023 17:34:47	Start Change Local Settings
06/11/2023 17:34:47	Could not change short date format
06/11/2023 17:34:47	Could not change long date format
06/11/2023 17:34:47	Finish Change Local Settings
06/11/2023 17:34:47	Registry Read: Path=SOFTWARE\WEHA\Aplikasi\3
06/11/2023 17:34:47	Registry Read/Write
06/11/2023 17:34:47	Registry Read: Path=SOFTWARE\WEHA\Aplikasi\3
07/11/2023 11:47:40	Get Local Settings
07/11/2023 11:47:40	Start Change Local Settings
07/11/2023 11:47:40	Could not change short date format
07/11/2023 11:47:40	Could not change long date format
07/11/2023 11:47:40	Finish Change Local Settings
07/11/2023 11:47:40	Registry Read: Path=SOFTWARE\WEHA\Aplikasi\3
07/11/2023 11:47:40	Registry Read/Write
07/11/2023 11:47:40	Registry Read: Path=SOFTWARE\WEHA\Aplikasi\3
07/11/2023 11:54:33	Get Local Settings
07/11/2023 11:54:33	Start Change Local Settings
07/11/2023 11:54:33	Could not change short date format
07/11/2023 11:54:33	Could not change long date format
07/11/2023 11:54:33	Finish Change Local Settings
07/11/2023 11:54:33	Registry Read: Path=SOFTWARE\WEHA\Aplikasi\3
07/11/2023 11:54:33	Registry Read/Write
07/11/2023 11:54:33	Registry Read: Path=SOFTWARE\WEHA\Aplikasi\3
07/11/2023 11:58:08	Get Local Settings
07/11/2023 11:58:08	Start Change Local Settings
07/11/2023 11:58:08	Could not change short date format
07/11/2023 11:58:08	Could not change long date format
07/11/2023 11:58:08	Finish Change Local Settings
07/11/2023 11:58:08	Registry Read: Path=SOFTWARE\WEHA\Aplikasi\3
07/11/2023 11:58:08	Registry Read/Write
07/11/2023 11:58:08	Registry Read: Path=SOFTWARE\WEHA\Aplikasi\3
07/11/2023 12:00:46	Get Local Settings
07/11/2023 12:00:46	Start Change Local Settings
07/11/2023 12:00:46	Could not change short date format
07/11/2023 12:00:46	Could not change long date format
07/11/2023 12:00:46	Finish Change Local Settings
07/11/2023 12:00:46	Registry Read: Path=SOFTWARE\WEHA\Aplikasi\3
07/11/2023 12:00:46	Registry Read/Write
07/11/2023 12:00:46	Registry Read: Path=SOFTWARE\WEHA\Aplikasi\3
11/11/2023 09:36:48	Get Local Settings
11/11/2023 09:36:48	Start Change Local Settings
11/11/2023 09:36:48	Could not change short date format
11/11/2023 09:36:48	Could not change long date format
11/11/2023 09:36:48	Finish Change Local Settings
11/11/2023 09:36:48	Registry Read: Path=SOFTWARE\WEHA\Aplikasi\3
11/11/2023 09:36:48	Registry Read/Write
11/11/2023 09:36:48	Registry Read: Path=SOFTWARE\WEHA\Aplikasi\3
11/11/2023 09:41:44	Get Local Settings
11/11/2023 09:41:44	Start Change Local Settings
11/11/2023 09:41:44	Could not change short date format
11/11/2023 09:41:44	Could not change long date format
11/11/2023 09:41:44	Finish Change Local Settings
11/11/2023 09:41:44	Registry Read: Path=SOFTWARE\WEHA\Aplikasi\3
11/11/2023 09:41:44	Registry Read/Write
11/11/2023 09:41:44	Registry Read: Path=SOFTWARE\WEHA\Aplikasi\3
11/11/2023 09:45:07	Get Local Settings
11/11/2023 09:45:07	Start Change Local Settings
11/11/2023 09:45:07	Could not change short date format
11/11/2023 09:45:07	Could not change long date format
11/11/2023 09:45:07	Finish Change Local Settings
11/11/2023 09:45:07	Registry Read: Path=SOFTWARE\WEHA\Aplikasi\3
11/11/2023 09:45:07	Registry Read/Write
11/11/2023 09:45:07	Registry Read: Path=SOFTWARE\WEHA\Aplikasi\3
11/11/2023 09:46:35	Get Local Settings
11/11/2023 09:46:35	Start Change Local Settings
11/11/2023 09:46:35	Could not change short date format
11/11/2023 09:46:35	Could not change long date format
11/11/2023 09:46:35	Finish Change Local Settings
11/11/2023 09:46:35	Registry Read: Path=SOFTWARE\WEHA\Aplikasi\3
11/11/2023 09:46:35	Registry Read/Write
11/11/2023 09:46:35	Registry Read: Path=SOFTWARE\WEHA\Aplikasi\3
11/11/2023 09:48:07	Get Local Settings
11/11/2023 09:48:07	Start Change Local Settings
11/11/2023 09:48:07	Could not change short date format
11/11/2023 09:48:07	Could not change long date format
11/11/2023 09:48:07	Finish Change Local Settings
11/11/2023 09:48:07	Registry Read: Path=SOFTWARE\WEHA\Aplikasi\3
11/11/2023 09:48:07	Registry Read/Write
11/11/2023 09:48:07	Registry Read: Path=SOFTWARE\WEHA\Aplikasi\3
11/11/2023 09:51:48	Get Local Settings
11/11/2023 09:51:48	Start Change Local Settings
11/11/2023 09:51:48	Could not change short date format
11/11/2023 09:51:48	Could not change long date format
11/11/2023 09:51:48	Finish Change Local Settings
11/11/2023 09:51:48	Registry Read: Path=SOFTWARE\WEHA\Aplikasi\3
11/11/2023 09:51:48	Registry Read/Write
11/11/2023 09:51:48	Registry Read: Path=SOFTWARE\WEHA\Aplikasi\3
11/11/2023 09:56:36	Get Local Settings
11/11/2023 09:56:36	Start Change Local Settings
11/11/2023 09:56:36	Could not change short date format
11/11/2023 09:56:36	Could not change long date format
11/11/2023 09:56:36	Finish Change Local Settings
11/11/2023 09:56:36	Registry Read: Path=SOFTWARE\WEHA\Aplikasi\3
11/11/2023 09:56:36	Registry Read/Write
11/11/2023 09:56:36	Registry Read: Path=SOFTWARE\WEHA\Aplikasi\3
11/11/2023 10:02:06	Get Local Settings
11/11/2023 10:02:06	Start Change Local Settings
11/11/2023 10:02:06	Could not change short date format
11/11/2023 10:02:06	Could not change long date format
11/11/2023 10:02:06	Finish Change Local Settings
11/11/2023 10:02:06	Registry Read: Path=SOFTWARE\WEHA\Aplikasi\3
11/11/2023 10:02:06	Registry Read/Write
11/11/2023 10:02:06	Registry Read: Path=SOFTWARE\WEHA\Aplikasi\3
11/11/2023 10:04:42	Get Local Settings
11/11/2023 10:04:42	Start Change Local Settings
11/11/2023 10:04:42	Could not change short date format
11/11/2023 10:04:42	Could not change long date format
11/11/2023 10:04:42	Finish Change Local Settings
11/11/2023 10:04:42	Registry Read: Path=SOFTWARE\WEHA\Aplikasi\3
11/11/2023 10:04:42	Registry Read/Write
11/11/2023 10:04:42	Registry Read: Path=SOFTWARE\WEHA\Aplikasi\3
11/11/2023 10:17:19	Get Local Settings
11/11/2023 10:17:19	Start Change Local Settings
11/11/2023 10:17:19	Could not change short date format
11/11/2023 10:17:19	Could not change long date format
11/11/2023 10:17:19	Finish Change Local Settings
11/11/2023 10:17:19	Registry Read: Path=SOFTWARE\WEHA\Aplikasi\3
11/11/2023 10:17:19	Registry Read/Write
11/11/2023 10:17:19	Registry Read: Path=SOFTWARE\WEHA\Aplikasi\3
11/11/2023 10:23:51	Get Local Settings
11/11/2023 10:23:51	Start Change Local Settings
11/11/2023 10:23:51	Could not change short date format
11/11/2023 10:23:51	Could not change long date format
11/11/2023 10:23:51	Finish Change Local Settings
11/11/2023 10:23:51	Registry Read: Path=SOFTWARE\WEHA\Aplikasi\3
11/11/2023 10:23:51	Registry Read/Write
11/11/2023 10:23:51	Registry Read: Path=SOFTWARE\WEHA\Aplikasi\3
11/11/2023 10:25:48	Get Local Settings
11/11/2023 10:25:48	Start Change Local Settings
11/11/2023 10:25:48	Could not change short date format
11/11/2023 10:25:48	Could not change long date format
11/11/2023 10:25:48	Finish Change Local Settings
11/11/2023 10:25:48	Registry Read: Path=SOFTWARE\WEHA\Aplikasi\3
11/11/2023 10:25:48	Registry Read/Write
11/11/2023 10:25:48	Registry Read: Path=SOFTWARE\WEHA\Aplikasi\3
11/11/2023 10:27:08	Get Local Settings
11/11/2023 10:27:08	Start Change Local Settings
11/11/2023 10:27:08	Could not change short date format
11/11/2023 10:27:08	Could not change long date format
11/11/2023 10:27:08	Finish Change Local Settings
11/11/2023 10:27:08	Registry Read: Path=SOFTWARE\WEHA\Aplikasi\3
11/11/2023 10:27:08	Registry Read/Write
11/11/2023 10:27:08	Registry Read: Path=SOFTWARE\WEHA\Aplikasi\3
11/11/2023 10:30:28	Get Local Settings
11/11/2023 10:30:28	Start Change Local Settings
11/11/2023 10:30:28	Could not change short date format
11/11/2023 10:30:28	Could not change long date format
11/11/2023 10:30:28	Finish Change Local Settings
11/11/2023 10:30:28	Registry Read: Path=SOFTWARE\WEHA\Aplikasi\3
11/11/2023 10:30:28	Registry Read/Write
11/11/2023 10:30:28	Registry Read: Path=SOFTWARE\WEHA\Aplikasi\3
11/11/2023 10:32:24	Get Local Settings
11/11/2023 10:32:24	Start Change Local Settings
11/11/2023 10:32:24	Could not change short date format
11/11/2023 10:32:24	Could not change long date format
11/11/2023 10:32:24	Finish Change Local Settings
11/11/2023 10:32:24	Registry Read: Path=SOFTWARE\WEHA\Aplikasi\3
11/11/2023 10:32:24	Registry Read/Write
11/11/2023 10:32:24	Registry Read: Path=SOFTWARE\WEHA\Aplikasi\3
11/11/2023 10:34:48	Get Local Settings
11/11/2023 10:34:48	Start Change Local Settings
11/11/2023 10:34:48	Could not change short date format
11/11/2023 10:34:48	Could not change long date format
11/11/2023 10:34:48	Finish Change Local Settings
11/11/2023 10:34:48	Registry Read: Path=SOFTWARE\WEHA\Aplikasi\3
11/11/2023 10:34:48	Registry Read/Write
11/11/2023 10:34:48	Registry Read: Path=SOFTWARE\WEHA\Aplikasi\3
11/11/2023 10:39:08	Get Local Settings
11/11/2023 10:39:08	Start Change Local Settings
11/11/2023 10:39:08	Could not change short date format
11/11/2023 10:39:08	Could not change long date format
11/11/2023 10:39:08	Finish Change Local Settings
11/11/2023 10:39:08	Registry Read: Path=SOFTWARE\WEHA\Aplikasi\3
11/11/2023 10:39:08	Registry Read/Write
11/11/2023 10:39:08	Registry Read: Path=SOFTWARE\WEHA\Aplikasi\3
11/11/2023 10:40:05	Get Local Settings
11/11/2023 10:40:05	Start Change Local Settings
11/11/2023 10:40:05	Could not change short date format
11/11/2023 10:40:05	Could not change long date format
11/11/2023 10:40:05	Finish Change Local Settings
11/11/2023 10:40:05	Registry Read: Path=SOFTWARE\WEHA\Aplikasi\3
11/11/2023 10:40:05	Registry Read/Write
11/11/2023 10:40:05	Registry Read: Path=SOFTWARE\WEHA\Aplikasi\3
11/11/2023 10:41:15	Get Local Settings
11/11/2023 10:41:15	Start Change Local Settings
11/11/2023 10:41:15	Could not change short date format
11/11/2023 10:41:15	Could not change long date format
11/11/2023 10:41:15	Finish Change Local Settings
11/11/2023 10:41:15	Registry Read: Path=SOFTWARE\WEHA\Aplikasi\3
11/11/2023 10:41:15	Registry Read/Write
11/11/2023 10:41:15	Registry Read: Path=SOFTWARE\WEHA\Aplikasi\3
11/11/2023 10:46:09	Get Local Settings
11/11/2023 10:46:09	Start Change Local Settings
11/11/2023 10:46:09	Could not change short date format
11/11/2023 10:46:09	Could not change long date format
11/11/2023 10:46:09	Finish Change Local Settings
11/11/2023 10:46:09	Registry Read: Path=SOFTWARE\WEHA\Aplikasi\3
11/11/2023 10:46:09	Registry Read/Write
11/11/2023 10:46:09	Registry Read: Path=SOFTWARE\WEHA\Aplikasi\3
11/11/2023 10:48:26	Get Local Settings
11/11/2023 10:48:26	Start Change Local Settings
11/11/2023 10:48:26	Could not change short date format
11/11/2023 10:48:26	Could not change long date format
11/11/2023 10:48:26	Finish Change Local Settings
11/11/2023 10:48:26	Registry Read: Path=SOFTWARE\WEHA\Aplikasi\3
11/11/2023 10:48:26	Registry Read/Write
11/11/2023 10:48:26	Registry Read: Path=SOFTWARE\WEHA\Aplikasi\3
11/11/2023 10:50:26	Get Local Settings
11/11/2023 10:50:26	Start Change Local Settings
11/11/2023 10:50:26	Could not change short date format
11/11/2023 10:50:26	Could not change long date format
11/11/2023 10:50:26	Finish Change Local Settings
11/11/2023 10:50:26	Registry Read: Path=SOFTWARE\WEHA\Aplikasi\3
11/11/2023 10:50:26	Registry Read/Write
11/11/2023 10:50:26	Registry Read: Path=SOFTWARE\WEHA\Aplikasi\3
11/11/2023 10:53:27	Get Local Settings
11/11/2023 10:53:27	Start Change Local Settings
11/11/2023 10:53:27	Could not change short date format
11/11/2023 10:53:27	Could not change long date format
11/11/2023 10:53:27	Finish Change Local Settings
11/11/2023 10:53:27	Registry Read: Path=SOFTWARE\WEHA\Aplikasi\3
11/11/2023 10:53:27	Registry Read/Write
11/11/2023 10:53:27	Registry Read: Path=SOFTWARE\WEHA\Aplikasi\3
11/11/2023 10:55:12	Get Local Settings
11/11/2023 10:55:12	Start Change Local Settings
11/11/2023 10:55:12	Could not change short date format
11/11/2023 10:55:12	Could not change long date format
11/11/2023 10:55:12	Finish Change Local Settings
11/11/2023 10:55:12	Registry Read: Path=SOFTWARE\WEHA\Aplikasi\3
11/11/2023 10:55:12	Registry Read/Write
11/11/2023 10:55:12	Registry Read: Path=SOFTWARE\WEHA\Aplikasi\3
11/11/2023 10:56:33	Get Local Settings
11/11/2023 10:56:33	Start Change Local Settings
11/11/2023 10:56:33	Could not change short date format
11/11/2023 10:56:33	Could not change long date format
11/11/2023 10:56:33	Finish Change Local Settings
11/11/2023 10:56:33	Registry Read: Path=SOFTWARE\WEHA\Aplikasi\3
11/11/2023 10:56:33	Registry Read/Write
11/11/2023 10:56:33	Registry Read: Path=SOFTWARE\WEHA\Aplikasi\3
11/11/2023 10:58:49	Get Local Settings
11/11/2023 10:58:49	Start Change Local Settings
11/11/2023 10:58:49	Could not change short date format
11/11/2023 10:58:49	Could not change long date format
11/11/2023 10:58:49	Finish Change Local Settings
11/11/2023 10:58:49	Registry Read: Path=SOFTWARE\WEHA\Aplikasi\3
11/11/2023 10:58:49	Registry Read/Write
11/11/2023 10:58:49	Registry Read: Path=SOFTWARE\WEHA\Aplikasi\3
11/11/2023 10:59:55	Get Local Settings
11/11/2023 10:59:55	Start Change Local Settings
11/11/2023 10:59:55	Could not change short date format
11/11/2023 10:59:55	Could not change long date format
11/11/2023 10:59:55	Finish Change Local Settings
11/11/2023 10:59:55	Registry Read: Path=SOFTWARE\WEHA\Aplikasi\3
11/11/2023 10:59:55	Registry Read/Write
11/11/2023 10:59:55	Registry Read: Path=SOFTWARE\WEHA\Aplikasi\3
11/11/2023 11:07:32	Get Local Settings
11/11/2023 11:07:32	Start Change Local Settings
11/11/2023 11:07:32	Could not change short date format
11/11/2023 11:07:32	Could not change long date format
11/11/2023 11:07:32	Finish Change Local Settings
11/11/2023 11:07:32	Registry Read: Path=SOFTWARE\WEHA\Aplikasi\3
11/11/2023 11:07:32	Registry Read/Write
11/11/2023 11:07:32	Registry Read: Path=SOFTWARE\WEHA\Aplikasi\3
11/11/2023 11:09:54	Get Local Settings
11/11/2023 11:09:54	Start Change Local Settings
11/11/2023 11:09:54	Could not change short date format
11/11/2023 11:09:54	Could not change long date format
11/11/2023 11:09:54	Finish Change Local Settings
11/11/2023 11:09:54	Registry Read: Path=SOFTWARE\WEHA\Aplikasi\3
11/11/2023 11:09:54	Registry Read/Write
11/11/2023 11:09:54	Registry Read: Path=SOFTWARE\WEHA\Aplikasi\3
11/11/2023 11:12:47	Get Local Settings
11/11/2023 11:12:47	Start Change Local Settings
11/11/2023 11:12:47	Could not change short date format
11/11/2023 11:12:47	Could not change long date format
11/11/2023 11:12:47	Finish Change Local Settings
11/11/2023 11:12:47	Registry Read: Path=SOFTWARE\WEHA\Aplikasi\3
11/11/2023 11:12:47	Registry Read/Write
11/11/2023 11:12:47	Registry Read: Path=SOFTWARE\WEHA\Aplikasi\3
11/11/2023 11:16:25	Get Local Settings
11/11/2023 11:16:25	Start Change Local Settings
11/11/2023 11:16:25	Could not change short date format
11/11/2023 11:16:25	Could not change long date format
11/11/2023 11:16:25	Finish Change Local Settings
11/11/2023 11:16:25	Registry Read: Path=SOFTWARE\WEHA\Aplikasi\3
11/11/2023 11:16:25	Registry Read/Write
11/11/2023 11:16:25	Registry Read: Path=SOFTWARE\WEHA\Aplikasi\3
11/11/2023 11:28:20	Get Local Settings
11/11/2023 11:28:20	Start Change Local Settings
11/11/2023 11:28:20	Could not change short date format
11/11/2023 11:28:20	Could not change long date format
11/11/2023 11:28:20	Finish Change Local Settings
11/11/2023 11:28:20	Registry Read: Path=SOFTWARE\WEHA\Aplikasi\3
11/11/2023 11:28:20	Registry Read/Write
11/11/2023 11:28:20	Registry Read: Path=SOFTWARE\WEHA\Aplikasi\3
11/11/2023 11:30:58	Get Local Settings
11/11/2023 11:30:58	Start Change Local Settings
11/11/2023 11:30:58	Could not change short date format
11/11/2023 11:30:58	Could not change long date format
11/11/2023 11:30:58	Finish Change Local Settings
11/11/2023 11:30:58	Registry Read: Path=SOFTWARE\WEHA\Aplikasi\3
11/11/2023 11:30:58	Registry Read/Write
11/11/2023 11:30:58	Registry Read: Path=SOFTWARE\WEHA\Aplikasi\3
11/11/2023 11:32:32	Get Local Settings
11/11/2023 11:32:32	Start Change Local Settings
11/11/2023 11:32:32	Could not change short date format
11/11/2023 11:32:32	Could not change long date format
11/11/2023 11:32:32	Finish Change Local Settings
11/11/2023 11:32:32	Registry Read: Path=SOFTWARE\WEHA\Aplikasi\3
11/11/2023 11:32:32	Registry Read/Write
11/11/2023 11:32:32	Registry Read: Path=SOFTWARE\WEHA\Aplikasi\3
11/11/2023 11:35:54	Get Local Settings
11/11/2023 11:35:54	Start Change Local Settings
11/11/2023 11:35:54	Could not change short date format
11/11/2023 11:35:54	Could not change long date format
11/11/2023 11:35:54	Finish Change Local Settings
11/11/2023 11:35:54	Registry Read: Path=SOFTWARE\WEHA\Aplikasi\3
11/11/2023 11:35:54	Registry Read/Write
11/11/2023 11:35:55	Registry Read: Path=SOFTWARE\WEHA\Aplikasi\3
11/11/2023 11:37:54	Get Local Settings
11/11/2023 11:37:54	Start Change Local Settings
11/11/2023 11:37:54	Could not change short date format
11/11/2023 11:37:54	Could not change long date format
11/11/2023 11:37:54	Finish Change Local Settings
11/11/2023 11:37:54	Registry Read: Path=SOFTWARE\WEHA\Aplikasi\3
11/11/2023 11:37:54	Registry Read/Write
11/11/2023 11:37:54	Registry Read: Path=SOFTWARE\WEHA\Aplikasi\3
11/11/2023 11:48:54	Get Local Settings
11/11/2023 11:48:54	Start Change Local Settings
11/11/2023 11:48:54	Could not change short date format
11/11/2023 11:48:54	Could not change long date format
11/11/2023 11:48:54	Finish Change Local Settings
11/11/2023 11:48:54	Registry Read: Path=SOFTWARE\WEHA\Aplikasi\3
11/11/2023 11:48:54	Registry Read/Write
11/11/2023 11:48:54	Registry Read: Path=SOFTWARE\WEHA\Aplikasi\3
11/11/2023 11:51:25	Get Local Settings
11/11/2023 11:51:25	Start Change Local Settings
11/11/2023 11:51:25	Could not change short date format
11/11/2023 11:51:25	Could not change long date format
11/11/2023 11:51:25	Finish Change Local Settings
11/11/2023 11:51:25	Registry Read: Path=SOFTWARE\WEHA\Aplikasi\3
11/11/2023 11:51:25	Registry Read/Write
11/11/2023 11:51:25	Registry Read: Path=SOFTWARE\WEHA\Aplikasi\3
11/11/2023 11:54:27	Get Local Settings
11/11/2023 11:54:27	Start Change Local Settings
11/11/2023 11:54:27	Could not change short date format
11/11/2023 11:54:27	Could not change long date format
11/11/2023 11:54:27	Finish Change Local Settings
11/11/2023 11:54:27	Registry Read: Path=SOFTWARE\WEHA\Aplikasi\3
11/11/2023 11:54:27	Registry Read/Write
11/11/2023 11:54:27	Registry Read: Path=SOFTWARE\WEHA\Aplikasi\3
11/11/2023 12:09:07	Get Local Settings
11/11/2023 12:09:07	Start Change Local Settings
11/11/2023 12:09:07	Could not change short date format
11/11/2023 12:09:07	Could not change long date format
11/11/2023 12:09:07	Finish Change Local Settings
11/11/2023 12:09:07	Registry Read: Path=SOFTWARE\WEHA\Aplikasi\3
11/11/2023 12:09:07	Registry Read/Write
11/11/2023 12:09:07	Registry Read: Path=SOFTWARE\WEHA\Aplikasi\3
11/11/2023 12:11:10	Get Local Settings
11/11/2023 12:11:10	Start Change Local Settings
11/11/2023 12:11:10	Could not change short date format
11/11/2023 12:11:10	Could not change long date format
11/11/2023 12:11:10	Finish Change Local Settings
11/11/2023 12:11:10	Registry Read: Path=SOFTWARE\WEHA\Aplikasi\3
11/11/2023 12:11:10	Registry Read/Write
11/11/2023 12:11:10	Registry Read: Path=SOFTWARE\WEHA\Aplikasi\3
11/11/2023 12:13:08	Get Local Settings
11/11/2023 12:13:08	Start Change Local Settings
11/11/2023 12:13:08	Could not change short date format
11/11/2023 12:13:08	Could not change long date format
11/11/2023 12:13:08	Finish Change Local Settings
11/11/2023 12:13:08	Registry Read: Path=SOFTWARE\WEHA\Aplikasi\3
11/11/2023 12:13:08	Registry Read/Write
11/11/2023 12:13:08	Registry Read: Path=SOFTWARE\WEHA\Aplikasi\3
11/11/2023 12:22:34	Get Local Settings
11/11/2023 12:22:34	Start Change Local Settings
11/11/2023 12:22:34	Could not change short date format
11/11/2023 12:22:34	Could not change long date format
11/11/2023 12:22:34	Finish Change Local Settings
11/11/2023 12:22:34	Registry Read: Path=SOFTWARE\WEHA\Aplikasi\3
11/11/2023 12:22:34	Registry Read/Write
11/11/2023 12:22:34	Registry Read: Path=SOFTWARE\WEHA\Aplikasi\3
11/11/2023 12:26:29	Get Local Settings
11/11/2023 12:26:29	Start Change Local Settings
11/11/2023 12:26:29	Could not change short date format
11/11/2023 12:26:29	Could not change long date format
11/11/2023 12:26:29	Finish Change Local Settings
11/11/2023 12:26:29	Registry Read: Path=SOFTWARE\WEHA\Aplikasi\3
11/11/2023 12:26:29	Registry Read/Write
11/11/2023 12:26:29	Registry Read: Path=SOFTWARE\WEHA\Aplikasi\3
11/11/2023 12:28:31	Get Local Settings
11/11/2023 12:28:31	Start Change Local Settings
11/11/2023 12:28:31	Could not change short date format
11/11/2023 12:28:31	Could not change long date format
11/11/2023 12:28:31	Finish Change Local Settings
11/11/2023 12:28:31	Registry Read: Path=SOFTWARE\WEHA\Aplikasi\3
11/11/2023 12:28:31	Registry Read/Write
11/11/2023 12:28:31	Registry Read: Path=SOFTWARE\WEHA\Aplikasi\3
11/11/2023 12:55:22	Get Local Settings
11/11/2023 12:55:22	Start Change Local Settings
11/11/2023 12:55:22	Could not change short date format
11/11/2023 12:55:22	Could not change long date format
11/11/2023 12:55:22	Finish Change Local Settings
11/11/2023 12:55:22	Registry Read: Path=SOFTWARE\WEHA\Aplikasi\3
11/11/2023 12:55:22	Registry Read/Write
11/11/2023 12:55:22	Registry Read: Path=SOFTWARE\WEHA\Aplikasi\3
11/11/2023 13:01:47	Get Local Settings
11/11/2023 13:01:47	Start Change Local Settings
11/11/2023 13:01:47	Could not change short date format
11/11/2023 13:01:47	Could not change long date format
11/11/2023 13:01:47	Finish Change Local Settings
11/11/2023 13:01:47	Registry Read: Path=SOFTWARE\WEHA\Aplikasi\3
11/11/2023 13:01:47	Registry Read/Write
11/11/2023 13:01:47	Registry Read: Path=SOFTWARE\WEHA\Aplikasi\3
11/11/2023 13:04:02	Get Local Settings
11/11/2023 13:04:02	Start Change Local Settings
11/11/2023 13:04:02	Could not change short date format
11/11/2023 13:04:02	Could not change long date format
11/11/2023 13:04:02	Finish Change Local Settings
11/11/2023 13:04:02	Registry Read: Path=SOFTWARE\WEHA\Aplikasi\3
11/11/2023 13:04:02	Registry Read/Write
11/11/2023 13:04:02	Registry Read: Path=SOFTWARE\WEHA\Aplikasi\3
11/11/2023 13:08:00	Get Local Settings
11/11/2023 13:08:00	Start Change Local Settings
11/11/2023 13:08:00	Could not change short date format
11/11/2023 13:08:00	Could not change long date format
11/11/2023 13:08:00	Finish Change Local Settings
11/11/2023 13:08:00	Registry Read: Path=SOFTWARE\WEHA\Aplikasi\3
11/11/2023 13:08:00	Registry Read/Write
11/11/2023 13:08:00	Registry Read: Path=SOFTWARE\WEHA\Aplikasi\3
11/11/2023 13:30:27	Get Local Settings
11/11/2023 13:30:27	Start Change Local Settings
11/11/2023 13:30:27	Could not change short date format
11/11/2023 13:30:27	Could not change long date format
11/11/2023 13:30:27	Finish Change Local Settings
11/11/2023 13:30:27	Registry Read: Path=SOFTWARE\WEHA\Aplikasi\3
11/11/2023 13:30:27	Registry Read/Write
11/11/2023 13:30:27	Registry Read: Path=SOFTWARE\WEHA\Aplikasi\3
25/11/2023 11:29:45	Get Local Settings
25/11/2023 11:29:45	Start Change Local Settings
25/11/2023 11:29:45	Could not change short date format
25/11/2023 11:29:45	Could not change long date format
25/11/2023 11:29:45	Finish Change Local Settings
25/11/2023 11:29:45	Registry Read: Path=SOFTWARE\WEHA\Aplikasi\3
25/11/2023 11:29:45	Registry Read/Write
25/11/2023 11:29:45	Registry Read: Path=SOFTWARE\WEHA\Aplikasi\3
25/11/2023 13:01:05	Get Local Settings
25/11/2023 13:01:05	Start Change Local Settings
25/11/2023 13:01:05	Could not change short date format
25/11/2023 13:01:05	Could not change long date format
25/11/2023 13:01:05	Finish Change Local Settings
25/11/2023 13:01:05	Registry Read: Path=SOFTWARE\WEHA\Aplikasi\3
25/11/2023 13:01:05	Registry Read/Write
25/11/2023 13:01:05	Registry Read: Path=SOFTWARE\WEHA\Aplikasi\3
25/11/2023 13:01:40	Get Local Settings
25/11/2023 13:01:40	Start Change Local Settings
25/11/2023 13:01:40	Could not change short date format
25/11/2023 13:01:40	Could not change long date format
25/11/2023 13:01:40	Finish Change Local Settings
25/11/2023 13:01:40	Registry Read: Path=SOFTWARE\WEHA\Aplikasi\3
25/11/2023 13:01:40	Registry Read/Write
25/11/2023 13:01:40	Registry Read: Path=SOFTWARE\WEHA\Aplikasi\3
25/11/2023 13:16:59	Get Local Settings
25/11/2023 13:16:59	Start Change Local Settings
25/11/2023 13:16:59	Could not change short date format
25/11/2023 13:16:59	Could not change long date format
25/11/2023 13:16:59	Finish Change Local Settings
25/11/2023 13:16:59	Registry Read: Path=SOFTWARE\WEHA\Aplikasi\3
25/11/2023 13:16:59	Registry Read/Write
25/11/2023 13:16:59	Registry Read: Path=SOFTWARE\WEHA\Aplikasi\3
25/11/2023 13:20:27	Get Local Settings
25/11/2023 13:20:27	Start Change Local Settings
25/11/2023 13:20:27	Could not change short date format
25/11/2023 13:20:27	Could not change long date format
25/11/2023 13:20:27	Finish Change Local Settings
25/11/2023 13:20:27	Registry Read: Path=SOFTWARE\WEHA\Aplikasi\3
25/11/2023 13:20:27	Registry Read/Write
25/11/2023 13:20:27	Registry Read: Path=SOFTWARE\WEHA\Aplikasi\3
25/11/2023 13:21:37	Get Local Settings
25/11/2023 13:21:37	Start Change Local Settings
25/11/2023 13:21:37	Could not change short date format
25/11/2023 13:21:37	Could not change long date format
25/11/2023 13:21:37	Finish Change Local Settings
25/11/2023 13:21:37	Registry Read: Path=SOFTWARE\WEHA\Aplikasi\3
25/11/2023 13:21:37	Registry Read/Write
25/11/2023 13:21:37	Registry Read: Path=SOFTWARE\WEHA\Aplikasi\3
25/11/2023 13:23:29	Get Local Settings
25/11/2023 13:23:29	Start Change Local Settings
25/11/2023 13:23:29	Could not change short date format
25/11/2023 13:23:29	Could not change long date format
25/11/2023 13:23:29	Finish Change Local Settings
25/11/2023 13:23:29	Registry Read: Path=SOFTWARE\WEHA\Aplikasi\3
25/11/2023 13:23:29	Registry Read/Write
25/11/2023 13:23:29	Registry Read: Path=SOFTWARE\WEHA\Aplikasi\3
25/11/2023 13:25:00	Get Local Settings
25/11/2023 13:25:00	Start Change Local Settings
25/11/2023 13:25:00	Could not change short date format
25/11/2023 13:25:00	Could not change long date format
25/11/2023 13:25:00	Finish Change Local Settings
25/11/2023 13:25:00	Registry Read: Path=SOFTWARE\WEHA\Aplikasi\3
25/11/2023 13:25:00	Registry Read/Write
25/11/2023 13:25:00	Registry Read: Path=SOFTWARE\WEHA\Aplikasi\3
25/11/2023 13:27:50	Get Local Settings
25/11/2023 13:27:50	Start Change Local Settings
25/11/2023 13:27:50	Could not change short date format
25/11/2023 13:27:50	Could not change long date format
25/11/2023 13:27:50	Finish Change Local Settings
25/11/2023 13:27:50	Registry Read: Path=SOFTWARE\WEHA\Aplikasi\3
25/11/2023 13:27:50	Registry Read/Write
25/11/2023 13:27:50	Registry Read: Path=SOFTWARE\WEHA\Aplikasi\3
25/11/2023 13:33:25	Get Local Settings
25/11/2023 13:33:25	Start Change Local Settings
25/11/2023 13:33:25	Could not change short date format
25/11/2023 13:33:25	Could not change long date format
25/11/2023 13:33:25	Finish Change Local Settings
25/11/2023 13:33:25	Registry Read: Path=SOFTWARE\WEHA\Aplikasi\3
25/11/2023 13:33:25	Registry Read/Write
25/11/2023 13:33:25	Registry Read: Path=SOFTWARE\WEHA\Aplikasi\3
25/11/2023 13:34:35	Get Local Settings
25/11/2023 13:34:35	Start Change Local Settings
25/11/2023 13:34:35	Could not change short date format
25/11/2023 13:34:35	Could not change long date format
25/11/2023 13:34:35	Finish Change Local Settings
25/11/2023 13:34:35	Registry Read: Path=SOFTWARE\WEHA\Aplikasi\3
25/11/2023 13:34:35	Registry Read/Write
25/11/2023 13:34:35	Registry Read: Path=SOFTWARE\WEHA\Aplikasi\3
25/11/2023 13:35:39	Get Local Settings
25/11/2023 13:35:39	Start Change Local Settings
25/11/2023 13:35:39	Could not change short date format
25/11/2023 13:35:39	Could not change long date format
25/11/2023 13:35:39	Finish Change Local Settings
25/11/2023 13:35:39	Registry Read: Path=SOFTWARE\WEHA\Aplikasi\3
25/11/2023 13:35:39	Registry Read/Write
25/11/2023 13:35:39	Registry Read: Path=SOFTWARE\WEHA\Aplikasi\3
25/11/2023 13:37:32	Get Local Settings
25/11/2023 13:37:32	Start Change Local Settings
25/11/2023 13:37:32	Could not change short date format
25/11/2023 13:37:32	Could not change long date format
25/11/2023 13:37:32	Finish Change Local Settings
25/11/2023 13:37:32	Registry Read: Path=SOFTWARE\WEHA\Aplikasi\3
25/11/2023 13:37:32	Registry Read/Write
25/11/2023 13:37:32	Registry Read: Path=SOFTWARE\WEHA\Aplikasi\3
25/11/2023 13:38:51	Get Local Settings
25/11/2023 13:38:51	Start Change Local Settings
25/11/2023 13:38:51	Could not change short date format
25/11/2023 13:38:51	Could not change long date format
25/11/2023 13:38:51	Finish Change Local Settings
25/11/2023 13:38:51	Registry Read: Path=SOFTWARE\WEHA\Aplikasi\3
25/11/2023 13:38:51	Registry Read/Write
25/11/2023 13:38:51	Registry Read: Path=SOFTWARE\WEHA\Aplikasi\3
25/11/2023 13:59:18	Get Local Settings
25/11/2023 13:59:18	Start Change Local Settings
25/11/2023 13:59:18	Could not change short date format
25/11/2023 13:59:18	Could not change long date format
25/11/2023 13:59:18	Finish Change Local Settings
25/11/2023 13:59:18	Registry Read: Path=SOFTWARE\WEHA\Aplikasi\3
25/11/2023 13:59:18	Registry Read/Write
25/11/2023 13:59:18	Registry Read: Path=SOFTWARE\WEHA\Aplikasi\3
25/11/2023 13:59:59	Get Local Settings
25/11/2023 13:59:59	Start Change Local Settings
25/11/2023 13:59:59	Could not change short date format
25/11/2023 13:59:59	Could not change long date format
25/11/2023 13:59:59	Finish Change Local Settings
25/11/2023 13:59:59	Registry Read: Path=SOFTWARE\WEHA\Aplikasi\3
25/11/2023 13:59:59	Registry Read/Write
25/11/2023 13:59:59	Registry Read: Path=SOFTWARE\WEHA\Aplikasi\3
25/11/2023 14:23:56	Get Local Settings
25/11/2023 14:23:56	Start Change Local Settings
25/11/2023 14:23:56	Could not change short date format
25/11/2023 14:23:56	Could not change long date format
25/11/2023 14:23:56	Finish Change Local Settings
25/11/2023 14:23:56	Registry Read: Path=SOFTWARE\WEHA\Aplikasi\3
25/11/2023 14:23:56	Registry Read/Write
25/11/2023 14:23:56	Registry Read: Path=SOFTWARE\WEHA\Aplikasi\3
25/11/2023 14:26:48	Get Local Settings
25/11/2023 14:26:48	Start Change Local Settings
25/11/2023 14:26:48	Could not change short date format
25/11/2023 14:26:48	Could not change long date format
25/11/2023 14:26:48	Finish Change Local Settings
25/11/2023 14:26:48	Registry Read: Path=SOFTWARE\WEHA\Aplikasi\3
25/11/2023 14:26:48	Registry Read/Write
25/11/2023 14:26:48	Registry Read: Path=SOFTWARE\WEHA\Aplikasi\3
01/12/2023 09:43:17	Get Local Settings
01/12/2023 09:43:17	Start Change Local Settings
01/12/2023 09:43:17	Could not change short date format
01/12/2023 09:43:17	Could not change long date format
01/12/2023 09:43:17	Finish Change Local Settings
01/12/2023 09:43:17	Registry Read: Path=SOFTWARE\WEHA\Aplikasi\3
01/12/2023 09:43:17	Registry Read/Write
01/12/2023 09:43:17	Registry Read: Path=SOFTWARE\WEHA\Aplikasi\3
01/12/2023 10:40:34	Get Local Settings
01/12/2023 10:40:34	Start Change Local Settings
01/12/2023 10:40:34	Could not change short date format
01/12/2023 10:40:34	Could not change long date format
01/12/2023 10:40:34	Finish Change Local Settings
01/12/2023 10:40:34	Registry Read: Path=SOFTWARE\WEHA\Aplikasi\3
01/12/2023 10:40:34	Registry Read/Write
01/12/2023 10:40:34	Registry Read: Path=SOFTWARE\WEHA\Aplikasi\3
01/12/2023 10:42:17	Get Local Settings
01/12/2023 10:42:17	Start Change Local Settings
01/12/2023 10:42:17	Could not change short date format
01/12/2023 10:42:17	Could not change long date format
01/12/2023 10:42:17	Finish Change Local Settings
01/12/2023 10:42:17	Registry Read: Path=SOFTWARE\WEHA\Aplikasi\3
01/12/2023 10:42:17	Registry Read/Write
01/12/2023 10:42:17	Registry Read: Path=SOFTWARE\WEHA\Aplikasi\3
01/12/2023 10:43:29	Get Local Settings
01/12/2023 10:43:29	Start Change Local Settings
01/12/2023 10:43:29	Could not change short date format
01/12/2023 10:43:29	Could not change long date format
01/12/2023 10:43:29	Finish Change Local Settings
01/12/2023 10:43:29	Registry Read: Path=SOFTWARE\WEHA\Aplikasi\3
01/12/2023 10:43:29	Registry Read/Write
01/12/2023 10:43:29	Registry Read: Path=SOFTWARE\WEHA\Aplikasi\3
01/12/2023 10:44:38	Get Local Settings
01/12/2023 10:44:38	Start Change Local Settings
01/12/2023 10:44:38	Could not change short date format
01/12/2023 10:44:38	Could not change long date format
01/12/2023 10:44:38	Finish Change Local Settings
01/12/2023 10:44:38	Registry Read: Path=SOFTWARE\WEHA\Aplikasi\3
01/12/2023 10:44:38	Registry Read/Write
01/12/2023 10:44:38	Registry Read: Path=SOFTWARE\WEHA\Aplikasi\3
01/12/2023 11:01:03	Get Local Settings
01/12/2023 11:01:03	Start Change Local Settings
01/12/2023 11:01:03	Could not change short date format
01/12/2023 11:01:03	Could not change long date format
01/12/2023 11:01:03	Finish Change Local Settings
01/12/2023 11:01:03	Registry Read: Path=SOFTWARE\WEHA\Aplikasi\3
01/12/2023 11:01:03	Registry Read/Write
01/12/2023 11:01:03	Registry Read: Path=SOFTWARE\WEHA\Aplikasi\3
01/12/2023 11:10:19	Get Local Settings
01/12/2023 11:10:19	Start Change Local Settings
01/12/2023 11:10:19	Could not change short date format
01/12/2023 11:10:19	Could not change long date format
01/12/2023 11:10:19	Finish Change Local Settings
01/12/2023 11:10:19	Registry Read: Path=SOFTWARE\WEHA\Aplikasi\3
01/12/2023 11:10:19	Registry Read/Write
01/12/2023 11:10:19	Registry Read: Path=SOFTWARE\WEHA\Aplikasi\3
01/12/2023 11:17:17	Get Local Settings
01/12/2023 11:17:17	Start Change Local Settings
01/12/2023 11:17:17	Could not change short date format
01/12/2023 11:17:17	Could not change long date format
01/12/2023 11:17:17	Finish Change Local Settings
01/12/2023 11:17:17	Registry Read: Path=SOFTWARE\WEHA\Aplikasi\3
01/12/2023 11:17:17	Registry Read/Write
01/12/2023 11:17:17	Registry Read: Path=SOFTWARE\WEHA\Aplikasi\3
01/12/2023 11:19:40	Get Local Settings
01/12/2023 11:19:40	Start Change Local Settings
01/12/2023 11:19:40	Could not change short date format
01/12/2023 11:19:40	Could not change long date format
01/12/2023 11:19:40	Finish Change Local Settings
01/12/2023 11:19:40	Registry Read: Path=SOFTWARE\WEHA\Aplikasi\3
01/12/2023 11:19:40	Registry Read/Write
01/12/2023 11:19:40	Registry Read: Path=SOFTWARE\WEHA\Aplikasi\3
01/12/2023 11:26:10	Get Local Settings
01/12/2023 11:26:10	Start Change Local Settings
01/12/2023 11:26:10	Could not change short date format
01/12/2023 11:26:10	Could not change long date format
01/12/2023 11:26:10	Finish Change Local Settings
01/12/2023 11:26:10	Registry Read: Path=SOFTWARE\WEHA\Aplikasi\3
01/12/2023 11:26:10	Registry Read/Write
01/12/2023 11:26:10	Registry Read: Path=SOFTWARE\WEHA\Aplikasi\3
01/12/2023 11:29:55	Get Local Settings
01/12/2023 11:29:55	Start Change Local Settings
01/12/2023 11:29:55	Could not change short date format
01/12/2023 11:29:55	Could not change long date format
01/12/2023 11:29:55	Finish Change Local Settings
01/12/2023 11:29:55	Registry Read: Path=SOFTWARE\WEHA\Aplikasi\3
01/12/2023 11:29:55	Registry Read/Write
01/12/2023 11:29:55	Registry Read: Path=SOFTWARE\WEHA\Aplikasi\3
01/12/2023 11:36:42	Get Local Settings
01/12/2023 11:36:42	Start Change Local Settings
01/12/2023 11:36:42	Could not change short date format
01/12/2023 11:36:42	Could not change long date format
01/12/2023 11:36:42	Finish Change Local Settings
01/12/2023 11:36:42	Registry Read: Path=SOFTWARE\WEHA\Aplikasi\3
01/12/2023 11:36:42	Registry Read/Write
01/12/2023 11:36:42	Registry Read: Path=SOFTWARE\WEHA\Aplikasi\3
01/12/2023 11:40:31	Get Local Settings
01/12/2023 11:40:31	Start Change Local Settings
01/12/2023 11:40:31	Could not change short date format
01/12/2023 11:40:31	Could not change long date format
01/12/2023 11:40:31	Finish Change Local Settings
01/12/2023 11:40:31	Registry Read: Path=SOFTWARE\WEHA\Aplikasi\3
01/12/2023 11:40:31	Registry Read/Write
01/12/2023 11:40:31	Registry Read: Path=SOFTWARE\WEHA\Aplikasi\3
01/12/2023 13:21:49	Get Local Settings
01/12/2023 13:21:49	Start Change Local Settings
01/12/2023 13:21:49	Could not change short date format
01/12/2023 13:21:49	Could not change long date format
01/12/2023 13:21:49	Finish Change Local Settings
01/12/2023 13:21:49	Registry Read: Path=SOFTWARE\WEHA\Aplikasi\3
01/12/2023 13:21:49	Registry Read/Write
01/12/2023 13:21:49	Registry Read: Path=SOFTWARE\WEHA\Aplikasi\3
01/12/2023 13:52:14	Get Local Settings
01/12/2023 13:52:14	Start Change Local Settings
01/12/2023 13:52:14	Could not change short date format
01/12/2023 13:52:14	Could not change long date format
01/12/2023 13:52:14	Finish Change Local Settings
01/12/2023 13:52:14	Registry Read: Path=SOFTWARE\WEHA\Aplikasi\3
01/12/2023 13:52:14	Registry Read/Write
01/12/2023 13:52:14	Registry Read: Path=SOFTWARE\WEHA\Aplikasi\3
01/12/2023 16:32:09	Get Local Settings
01/12/2023 16:32:09	Start Change Local Settings
01/12/2023 16:32:09	Could not change short date format
01/12/2023 16:32:09	Could not change long date format
01/12/2023 16:32:09	Finish Change Local Settings
01/12/2023 16:32:09	Registry Read: Path=SOFTWARE\WEHA\Aplikasi\3
01/12/2023 16:32:09	Registry Read/Write
01/12/2023 16:32:09	Registry Read: Path=SOFTWARE\WEHA\Aplikasi\3
04/12/2023 11:05:42	Get Local Settings
04/12/2023 11:05:42	Start Change Local Settings
04/12/2023 11:05:42	Could not change short date format
04/12/2023 11:05:42	Could not change long date format
04/12/2023 11:05:42	Finish Change Local Settings
04/12/2023 11:05:42	Registry Read: Path=SOFTWARE\WEHA\Aplikasi\3
04/12/2023 11:05:42	Registry Read/Write
04/12/2023 11:05:42	Registry Read: Path=SOFTWARE\WEHA\Aplikasi\3
04/12/2023 11:07:51	Get Local Settings
04/12/2023 11:07:51	Start Change Local Settings
04/12/2023 11:07:51	Could not change short date format
04/12/2023 11:07:51	Could not change long date format
04/12/2023 11:07:51	Finish Change Local Settings
04/12/2023 11:07:51	Registry Read: Path=SOFTWARE\WEHA\Aplikasi\3
04/12/2023 11:07:51	Registry Read/Write
04/12/2023 11:07:51	Registry Read: Path=SOFTWARE\WEHA\Aplikasi\3
04/12/2023 11:08:33	Get Local Settings
04/12/2023 11:08:33	Start Change Local Settings
04/12/2023 11:08:33	Could not change short date format
04/12/2023 11:08:33	Could not change long date format
04/12/2023 11:08:33	Finish Change Local Settings
04/12/2023 11:08:33	Registry Read: Path=SOFTWARE\WEHA\Aplikasi\3
04/12/2023 11:08:33	Registry Read/Write
04/12/2023 11:08:33	Registry Read: Path=SOFTWARE\WEHA\Aplikasi\3
04/12/2023 11:30:15	Get Local Settings
04/12/2023 11:30:15	Start Change Local Settings
04/12/2023 11:30:15	Could not change short date format
04/12/2023 11:30:15	Could not change long date format
04/12/2023 11:30:15	Finish Change Local Settings
04/12/2023 11:30:15	Registry Read: Path=SOFTWARE\WEHA\Aplikasi\3
04/12/2023 11:30:15	Registry Read/Write
04/12/2023 11:30:15	Registry Read: Path=SOFTWARE\WEHA\Aplikasi\3
04/12/2023 11:31:33	Get Local Settings
04/12/2023 11:31:33	Start Change Local Settings
04/12/2023 11:31:33	Could not change short date format
04/12/2023 11:31:33	Could not change long date format
04/12/2023 11:31:33	Finish Change Local Settings
04/12/2023 11:31:33	Registry Read: Path=SOFTWARE\WEHA\Aplikasi\3
04/12/2023 11:31:33	Registry Read/Write
04/12/2023 11:31:33	Registry Read: Path=SOFTWARE\WEHA\Aplikasi\3
04/12/2023 11:34:11	Get Local Settings
04/12/2023 11:34:11	Start Change Local Settings
04/12/2023 11:34:11	Could not change short date format
04/12/2023 11:34:11	Could not change long date format
04/12/2023 11:34:11	Finish Change Local Settings
04/12/2023 11:34:11	Registry Read: Path=SOFTWARE\WEHA\Aplikasi\3
04/12/2023 11:34:11	Registry Read/Write
04/12/2023 11:34:11	Registry Read: Path=SOFTWARE\WEHA\Aplikasi\3
04/12/2023 11:43:29	Get Local Settings
04/12/2023 11:43:29	Start Change Local Settings
04/12/2023 11:43:29	Could not change short date format
04/12/2023 11:43:29	Could not change long date format
04/12/2023 11:43:29	Finish Change Local Settings
04/12/2023 11:43:29	Registry Read: Path=SOFTWARE\WEHA\Aplikasi\3
04/12/2023 11:43:29	Registry Read/Write
04/12/2023 11:43:29	Registry Read: Path=SOFTWARE\WEHA\Aplikasi\3
04/12/2023 11:46:24	Get Local Settings
04/12/2023 11:46:24	Start Change Local Settings
04/12/2023 11:46:24	Could not change short date format
04/12/2023 11:46:24	Could not change long date format
04/12/2023 11:46:24	Finish Change Local Settings
04/12/2023 11:46:24	Registry Read: Path=SOFTWARE\WEHA\Aplikasi\3
04/12/2023 11:46:24	Registry Read/Write
04/12/2023 11:46:24	Registry Read: Path=SOFTWARE\WEHA\Aplikasi\3
04/12/2023 12:00:28	Get Local Settings
04/12/2023 12:00:28	Start Change Local Settings
04/12/2023 12:00:28	Could not change short date format
04/12/2023 12:00:28	Could not change long date format
04/12/2023 12:00:28	Finish Change Local Settings
04/12/2023 12:00:28	Registry Read: Path=SOFTWARE\WEHA\Aplikasi\3
04/12/2023 12:00:28	Registry Read/Write
04/12/2023 12:00:28	Registry Read: Path=SOFTWARE\WEHA\Aplikasi\3
04/12/2023 13:29:21	Get Local Settings
04/12/2023 13:29:21	Start Change Local Settings
04/12/2023 13:29:21	Could not change short date format
04/12/2023 13:29:21	Could not change long date format
04/12/2023 13:29:21	Finish Change Local Settings
04/12/2023 13:29:21	Registry Read: Path=SOFTWARE\WEHA\Aplikasi\3
04/12/2023 13:29:21	Registry Read/Write
04/12/2023 13:29:21	Registry Read: Path=SOFTWARE\WEHA\Aplikasi\3
04/12/2023 13:41:28	Get Local Settings
04/12/2023 13:41:28	Start Change Local Settings
04/12/2023 13:41:28	Could not change short date format
04/12/2023 13:41:28	Could not change long date format
04/12/2023 13:41:28	Finish Change Local Settings
04/12/2023 13:41:28	Registry Read: Path=SOFTWARE\WEHA\Aplikasi\3
04/12/2023 13:41:28	Registry Read/Write
04/12/2023 13:41:28	Registry Read: Path=SOFTWARE\WEHA\Aplikasi\3
04/12/2023 13:42:31	Get Local Settings
04/12/2023 13:42:31	Start Change Local Settings
04/12/2023 13:42:31	Could not change short date format
04/12/2023 13:42:31	Could not change long date format
04/12/2023 13:42:31	Finish Change Local Settings
04/12/2023 13:42:31	Registry Read: Path=SOFTWARE\WEHA\Aplikasi\3
04/12/2023 13:42:31	Registry Read/Write
04/12/2023 13:42:31	Registry Read: Path=SOFTWARE\WEHA\Aplikasi\3
04/12/2023 15:00:22	Get Local Settings
04/12/2023 15:00:22	Start Change Local Settings
04/12/2023 15:00:22	Could not change short date format
04/12/2023 15:00:22	Could not change long date format
04/12/2023 15:00:22	Finish Change Local Settings
04/12/2023 15:00:22	Registry Read: Path=SOFTWARE\WEHA\Aplikasi\3
04/12/2023 15:00:22	Registry Read/Write
04/12/2023 15:00:22	Registry Read: Path=SOFTWARE\WEHA\Aplikasi\3
04/12/2023 15:01:40	Get Local Settings
04/12/2023 15:01:40	Start Change Local Settings
04/12/2023 15:01:40	Could not change short date format
04/12/2023 15:01:40	Could not change long date format
04/12/2023 15:01:40	Finish Change Local Settings
04/12/2023 15:01:40	Registry Read: Path=SOFTWARE\WEHA\Aplikasi\3
04/12/2023 15:01:40	Registry Read/Write
04/12/2023 15:01:40	Registry Read: Path=SOFTWARE\WEHA\Aplikasi\3
04/12/2023 15:04:32	Get Local Settings
04/12/2023 15:04:32	Start Change Local Settings
04/12/2023 15:04:32	Could not change short date format
04/12/2023 15:04:32	Could not change long date format
04/12/2023 15:04:32	Finish Change Local Settings
04/12/2023 15:04:32	Registry Read: Path=SOFTWARE\WEHA\Aplikasi\3
04/12/2023 15:04:32	Registry Read/Write
04/12/2023 15:04:32	Registry Read: Path=SOFTWARE\WEHA\Aplikasi\3
04/12/2023 15:06:23	Get Local Settings
04/12/2023 15:06:23	Start Change Local Settings
04/12/2023 15:06:23	Could not change short date format
04/12/2023 15:06:23	Could not change long date format
04/12/2023 15:06:23	Finish Change Local Settings
04/12/2023 15:06:23	Registry Read: Path=SOFTWARE\WEHA\Aplikasi\3
04/12/2023 15:06:23	Registry Read/Write
04/12/2023 15:06:23	Registry Read: Path=SOFTWARE\WEHA\Aplikasi\3
04/12/2023 15:14:13	Get Local Settings
04/12/2023 15:14:13	Start Change Local Settings
04/12/2023 15:14:13	Could not change short date format
04/12/2023 15:14:13	Could not change long date format
04/12/2023 15:14:13	Finish Change Local Settings
04/12/2023 15:14:13	Registry Read: Path=SOFTWARE\WEHA\Aplikasi\3
04/12/2023 15:14:13	Registry Read/Write
04/12/2023 15:14:13	Registry Read: Path=SOFTWARE\WEHA\Aplikasi\3
04/12/2023 15:27:43	Get Local Settings
04/12/2023 15:27:43	Start Change Local Settings
04/12/2023 15:27:43	Could not change short date format
04/12/2023 15:27:43	Could not change long date format
04/12/2023 15:27:43	Finish Change Local Settings
04/12/2023 15:27:43	Registry Read: Path=SOFTWARE\WEHA\Aplikasi\3
04/12/2023 15:27:43	Registry Read/Write
04/12/2023 15:27:43	Registry Read: Path=SOFTWARE\WEHA\Aplikasi\3
04/12/2023 15:29:30	Get Local Settings
04/12/2023 15:29:30	Start Change Local Settings
04/12/2023 15:29:30	Could not change short date format
04/12/2023 15:29:30	Could not change long date format
04/12/2023 15:29:30	Finish Change Local Settings
04/12/2023 15:29:30	Registry Read: Path=SOFTWARE\WEHA\Aplikasi\3
04/12/2023 15:29:30	Registry Read/Write
04/12/2023 15:29:30	Registry Read: Path=SOFTWARE\WEHA\Aplikasi\3
04/12/2023 15:30:53	Get Local Settings
04/12/2023 15:30:53	Start Change Local Settings
04/12/2023 15:30:53	Could not change short date format
04/12/2023 15:30:53	Could not change long date format
04/12/2023 15:30:53	Finish Change Local Settings
04/12/2023 15:30:53	Registry Read: Path=SOFTWARE\WEHA\Aplikasi\3
04/12/2023 15:30:53	Registry Read/Write
04/12/2023 15:30:53	Registry Read: Path=SOFTWARE\WEHA\Aplikasi\3
04/12/2023 15:35:57	Get Local Settings
04/12/2023 15:35:57	Start Change Local Settings
04/12/2023 15:35:57	Could not change short date format
04/12/2023 15:35:57	Could not change long date format
04/12/2023 15:35:57	Finish Change Local Settings
04/12/2023 15:35:57	Registry Read: Path=SOFTWARE\WEHA\Aplikasi\3
04/12/2023 15:35:57	Registry Read/Write
04/12/2023 15:35:57	Registry Read: Path=SOFTWARE\WEHA\Aplikasi\3
04/12/2023 15:36:51	Get Local Settings
04/12/2023 15:36:51	Start Change Local Settings
04/12/2023 15:36:51	Could not change short date format
04/12/2023 15:36:51	Could not change long date format
04/12/2023 15:36:51	Finish Change Local Settings
04/12/2023 15:36:51	Registry Read: Path=SOFTWARE\WEHA\Aplikasi\3
04/12/2023 15:36:51	Registry Read/Write
04/12/2023 15:36:51	Registry Read: Path=SOFTWARE\WEHA\Aplikasi\3
04/12/2023 15:55:17	Get Local Settings
04/12/2023 15:55:17	Start Change Local Settings
04/12/2023 15:55:17	Could not change short date format
04/12/2023 15:55:17	Could not change long date format
04/12/2023 15:55:17	Finish Change Local Settings
04/12/2023 15:55:17	Registry Read: Path=SOFTWARE\WEHA\Aplikasi\3
04/12/2023 15:55:17	Registry Read/Write
04/12/2023 15:55:17	Registry Read: Path=SOFTWARE\WEHA\Aplikasi\3
04/12/2023 15:58:46	Get Local Settings
04/12/2023 15:58:46	Start Change Local Settings
04/12/2023 15:58:46	Could not change short date format
04/12/2023 15:58:46	Could not change long date format
04/12/2023 15:58:46	Finish Change Local Settings
04/12/2023 15:58:46	Registry Read: Path=SOFTWARE\WEHA\Aplikasi\3
04/12/2023 15:58:46	Registry Read/Write
04/12/2023 15:58:46	Registry Read: Path=SOFTWARE\WEHA\Aplikasi\3
04/12/2023 16:02:24	Get Local Settings
04/12/2023 16:02:24	Start Change Local Settings
04/12/2023 16:02:24	Could not change short date format
04/12/2023 16:02:24	Could not change long date format
04/12/2023 16:02:24	Finish Change Local Settings
04/12/2023 16:02:24	Registry Read: Path=SOFTWARE\WEHA\Aplikasi\3
04/12/2023 16:02:24	Registry Read/Write
04/12/2023 16:02:24	Registry Read: Path=SOFTWARE\WEHA\Aplikasi\3
04/12/2023 16:03:42	Get Local Settings
04/12/2023 16:03:42	Start Change Local Settings
04/12/2023 16:03:42	Could not change short date format
04/12/2023 16:03:42	Could not change long date format
04/12/2023 16:03:42	Finish Change Local Settings
04/12/2023 16:03:42	Registry Read: Path=SOFTWARE\WEHA\Aplikasi\3
04/12/2023 16:03:42	Registry Read/Write
04/12/2023 16:03:43	Registry Read: Path=SOFTWARE\WEHA\Aplikasi\3
04/12/2023 16:09:12	Get Local Settings
04/12/2023 16:09:12	Start Change Local Settings
04/12/2023 16:09:12	Could not change short date format
04/12/2023 16:09:12	Could not change long date format
04/12/2023 16:09:12	Finish Change Local Settings
04/12/2023 16:09:12	Registry Read: Path=SOFTWARE\WEHA\Aplikasi\3
04/12/2023 16:09:12	Registry Read/Write
04/12/2023 16:09:12	Registry Read: Path=SOFTWARE\WEHA\Aplikasi\3
04/12/2023 16:22:58	Get Local Settings
04/12/2023 16:22:58	Start Change Local Settings
04/12/2023 16:22:58	Could not change short date format
04/12/2023 16:22:58	Could not change long date format
04/12/2023 16:22:58	Finish Change Local Settings
04/12/2023 16:22:58	Registry Read: Path=SOFTWARE\WEHA\Aplikasi\3
04/12/2023 16:22:58	Registry Read/Write
04/12/2023 16:22:58	Registry Read: Path=SOFTWARE\WEHA\Aplikasi\3
04/12/2023 16:24:52	Get Local Settings
04/12/2023 16:24:52	Start Change Local Settings
04/12/2023 16:24:52	Could not change short date format
04/12/2023 16:24:52	Could not change long date format
04/12/2023 16:24:52	Finish Change Local Settings
04/12/2023 16:24:52	Registry Read: Path=SOFTWARE\WEHA\Aplikasi\3
04/12/2023 16:24:52	Registry Read/Write
04/12/2023 16:24:52	Registry Read: Path=SOFTWARE\WEHA\Aplikasi\3
04/12/2023 16:25:30	Get Local Settings
04/12/2023 16:25:30	Start Change Local Settings
04/12/2023 16:25:30	Could not change short date format
04/12/2023 16:25:30	Could not change long date format
04/12/2023 16:25:30	Finish Change Local Settings
04/12/2023 16:25:30	Registry Read: Path=SOFTWARE\WEHA\Aplikasi\3
04/12/2023 16:25:30	Registry Read/Write
04/12/2023 16:25:30	Registry Read: Path=SOFTWARE\WEHA\Aplikasi\3
04/12/2023 16:26:39	Get Local Settings
04/12/2023 16:26:39	Start Change Local Settings
04/12/2023 16:26:39	Could not change short date format
04/12/2023 16:26:39	Could not change long date format
04/12/2023 16:26:39	Finish Change Local Settings
04/12/2023 16:26:39	Registry Read: Path=SOFTWARE\WEHA\Aplikasi\3
04/12/2023 16:26:39	Registry Read/Write
04/12/2023 16:26:39	Registry Read: Path=SOFTWARE\WEHA\Aplikasi\3
04/12/2023 16:27:52	Get Local Settings
04/12/2023 16:27:52	Start Change Local Settings
04/12/2023 16:27:52	Could not change short date format
04/12/2023 16:27:52	Could not change long date format
04/12/2023 16:27:52	Finish Change Local Settings
04/12/2023 16:27:52	Registry Read: Path=SOFTWARE\WEHA\Aplikasi\3
04/12/2023 16:27:52	Registry Read/Write
04/12/2023 16:27:52	Registry Read: Path=SOFTWARE\WEHA\Aplikasi\3
04/12/2023 16:28:51	Get Local Settings
04/12/2023 16:28:51	Start Change Local Settings
04/12/2023 16:28:51	Could not change short date format
04/12/2023 16:28:51	Could not change long date format
04/12/2023 16:28:51	Finish Change Local Settings
04/12/2023 16:28:51	Registry Read: Path=SOFTWARE\WEHA\Aplikasi\3
04/12/2023 16:28:51	Registry Read/Write
04/12/2023 16:28:51	Registry Read: Path=SOFTWARE\WEHA\Aplikasi\3
04/12/2023 16:30:03	Get Local Settings
04/12/2023 16:30:03	Start Change Local Settings
04/12/2023 16:30:03	Could not change short date format
04/12/2023 16:30:03	Could not change long date format
04/12/2023 16:30:03	Finish Change Local Settings
04/12/2023 16:30:03	Registry Read: Path=SOFTWARE\WEHA\Aplikasi\3
04/12/2023 16:30:03	Registry Read/Write
04/12/2023 16:30:03	Registry Read: Path=SOFTWARE\WEHA\Aplikasi\3
04/12/2023 16:30:41	Get Local Settings
04/12/2023 16:30:41	Start Change Local Settings
04/12/2023 16:30:41	Could not change short date format
04/12/2023 16:30:41	Could not change long date format
04/12/2023 16:30:41	Finish Change Local Settings
04/12/2023 16:30:41	Registry Read: Path=SOFTWARE\WEHA\Aplikasi\3
04/12/2023 16:30:41	Registry Read/Write
04/12/2023 16:30:41	Registry Read: Path=SOFTWARE\WEHA\Aplikasi\3
04/12/2023 16:48:09	Get Local Settings
04/12/2023 16:48:09	Start Change Local Settings
04/12/2023 16:48:09	Could not change short date format
04/12/2023 16:48:09	Could not change long date format
04/12/2023 16:48:09	Finish Change Local Settings
04/12/2023 16:48:09	Registry Read: Path=SOFTWARE\WEHA\Aplikasi\3
04/12/2023 16:48:09	Registry Read/Write
04/12/2023 16:48:09	Registry Read: Path=SOFTWARE\WEHA\Aplikasi\3
04/12/2023 16:48:36	Get Local Settings
04/12/2023 16:48:36	Start Change Local Settings
04/12/2023 16:48:36	Could not change short date format
04/12/2023 16:48:36	Could not change long date format
04/12/2023 16:48:36	Finish Change Local Settings
04/12/2023 16:48:36	Registry Read: Path=SOFTWARE\WEHA\Aplikasi\3
04/12/2023 16:48:36	Registry Read/Write
04/12/2023 16:48:36	Registry Read: Path=SOFTWARE\WEHA\Aplikasi\3
04/12/2023 16:52:50	Get Local Settings
04/12/2023 16:52:50	Start Change Local Settings
04/12/2023 16:52:50	Could not change short date format
04/12/2023 16:52:50	Could not change long date format
04/12/2023 16:52:50	Finish Change Local Settings
04/12/2023 16:52:50	Registry Read: Path=SOFTWARE\WEHA\Aplikasi\3
04/12/2023 16:52:50	Registry Read/Write
04/12/2023 16:52:50	Registry Read: Path=SOFTWARE\WEHA\Aplikasi\3
04/12/2023 16:55:39	Get Local Settings
04/12/2023 16:55:39	Start Change Local Settings
04/12/2023 16:55:39	Could not change short date format
04/12/2023 16:55:39	Could not change long date format
04/12/2023 16:55:39	Finish Change Local Settings
04/12/2023 16:55:39	Registry Read: Path=SOFTWARE\WEHA\Aplikasi\3
04/12/2023 16:55:39	Registry Read/Write
04/12/2023 16:55:39	Registry Read: Path=SOFTWARE\WEHA\Aplikasi\3
04/12/2023 17:07:13	Get Local Settings
04/12/2023 17:07:13	Start Change Local Settings
04/12/2023 17:07:13	Could not change short date format
04/12/2023 17:07:13	Could not change long date format
04/12/2023 17:07:13	Finish Change Local Settings
04/12/2023 17:07:13	Registry Read: Path=SOFTWARE\WEHA\Aplikasi\3
04/12/2023 17:07:13	Registry Read/Write
04/12/2023 17:07:13	Registry Read: Path=SOFTWARE\WEHA\Aplikasi\3
04/12/2023 17:14:06	Get Local Settings
04/12/2023 17:14:06	Start Change Local Settings
04/12/2023 17:14:06	Could not change short date format
04/12/2023 17:14:06	Could not change long date format
04/12/2023 17:14:06	Finish Change Local Settings
04/12/2023 17:14:06	Registry Read: Path=SOFTWARE\WEHA\Aplikasi\3
04/12/2023 17:14:06	Registry Read/Write
04/12/2023 17:14:06	Registry Read: Path=SOFTWARE\WEHA\Aplikasi\3
04/12/2023 17:20:22	Get Local Settings
04/12/2023 17:20:22	Start Change Local Settings
04/12/2023 17:20:22	Could not change short date format
04/12/2023 17:20:22	Could not change long date format
04/12/2023 17:20:22	Finish Change Local Settings
04/12/2023 17:20:22	Registry Read: Path=SOFTWARE\WEHA\Aplikasi\3
04/12/2023 17:20:22	Registry Read/Write
04/12/2023 17:20:22	Registry Read: Path=SOFTWARE\WEHA\Aplikasi\3
04/12/2023 17:25:34	Get Local Settings
04/12/2023 17:25:34	Start Change Local Settings
04/12/2023 17:25:34	Could not change short date format
04/12/2023 17:25:34	Could not change long date format
04/12/2023 17:25:34	Finish Change Local Settings
04/12/2023 17:25:34	Registry Read: Path=SOFTWARE\WEHA\Aplikasi\3
04/12/2023 17:25:34	Registry Read/Write
04/12/2023 17:25:34	Registry Read: Path=SOFTWARE\WEHA\Aplikasi\3
04/12/2023 17:26:41	Get Local Settings
04/12/2023 17:26:41	Start Change Local Settings
04/12/2023 17:26:41	Could not change short date format
04/12/2023 17:26:41	Could not change long date format
04/12/2023 17:26:41	Finish Change Local Settings
04/12/2023 17:26:41	Registry Read: Path=SOFTWARE\WEHA\Aplikasi\3
04/12/2023 17:26:41	Registry Read/Write
04/12/2023 17:26:41	Registry Read: Path=SOFTWARE\WEHA\Aplikasi\3
04/12/2023 17:30:18	Get Local Settings
04/12/2023 17:30:18	Start Change Local Settings
04/12/2023 17:30:18	Could not change short date format
04/12/2023 17:30:18	Could not change long date format
04/12/2023 17:30:18	Finish Change Local Settings
04/12/2023 17:30:18	Registry Read: Path=SOFTWARE\WEHA\Aplikasi\3
04/12/2023 17:30:18	Registry Read/Write
04/12/2023 17:30:18	Registry Read: Path=SOFTWARE\WEHA\Aplikasi\3
04/12/2023 18:00:16	Get Local Settings
04/12/2023 18:00:16	Start Change Local Settings
04/12/2023 18:00:16	Could not change short date format
04/12/2023 18:00:16	Could not change long date format
04/12/2023 18:00:16	Finish Change Local Settings
04/12/2023 18:00:16	Registry Read: Path=SOFTWARE\WEHA\Aplikasi\3
04/12/2023 18:00:16	Registry Read/Write
04/12/2023 18:00:16	Registry Read: Path=SOFTWARE\WEHA\Aplikasi\3
04/12/2023 18:42:59	Get Local Settings
04/12/2023 18:42:59	Start Change Local Settings
04/12/2023 18:42:59	Could not change short date format
04/12/2023 18:42:59	Could not change long date format
04/12/2023 18:42:59	Finish Change Local Settings
04/12/2023 18:42:59	Registry Read: Path=SOFTWARE\WEHA\Aplikasi\3
04/12/2023 18:42:59	Registry Read/Write
04/12/2023 18:42:59	Registry Read: Path=SOFTWARE\WEHA\Aplikasi\3
04/12/2023 18:44:30	Get Local Settings
04/12/2023 18:44:30	Start Change Local Settings
04/12/2023 18:44:30	Could not change short date format
04/12/2023 18:44:30	Could not change long date format
04/12/2023 18:44:30	Finish Change Local Settings
04/12/2023 18:44:30	Registry Read: Path=SOFTWARE\WEHA\Aplikasi\3
04/12/2023 18:44:30	Registry Read/Write
04/12/2023 18:44:30	Registry Read: Path=SOFTWARE\WEHA\Aplikasi\3
05/12/2023 08:58:22	Get Local Settings
05/12/2023 08:58:22	Start Change Local Settings
05/12/2023 08:58:22	Could not change short date format
05/12/2023 08:58:22	Could not change long date format
05/12/2023 08:58:22	Finish Change Local Settings
05/12/2023 08:58:22	Registry Read: Path=SOFTWARE\WEHA\Aplikasi\3
05/12/2023 08:58:22	Registry Read/Write
05/12/2023 08:58:22	Registry Read: Path=SOFTWARE\WEHA\Aplikasi\3
05/12/2023 09:00:46	Get Local Settings
05/12/2023 09:00:46	Start Change Local Settings
05/12/2023 09:00:46	Could not change short date format
05/12/2023 09:00:46	Could not change long date format
05/12/2023 09:00:46	Finish Change Local Settings
05/12/2023 09:00:46	Registry Read: Path=SOFTWARE\WEHA\Aplikasi\3
05/12/2023 09:00:46	Registry Read/Write
05/12/2023 09:00:46	Registry Read: Path=SOFTWARE\WEHA\Aplikasi\3
05/12/2023 09:12:37	Get Local Settings
05/12/2023 09:12:37	Start Change Local Settings
05/12/2023 09:12:37	Could not change short date format
05/12/2023 09:12:37	Could not change long date format
05/12/2023 09:12:37	Finish Change Local Settings
05/12/2023 09:12:37	Registry Read: Path=SOFTWARE\WEHA\Aplikasi\3
05/12/2023 09:12:37	Registry Read/Write
05/12/2023 09:12:37	Registry Read: Path=SOFTWARE\WEHA\Aplikasi\3
05/12/2023 09:14:36	Get Local Settings
05/12/2023 09:14:36	Start Change Local Settings
05/12/2023 09:14:36	Could not change short date format
05/12/2023 09:14:36	Could not change long date format
05/12/2023 09:14:36	Finish Change Local Settings
05/12/2023 09:14:36	Registry Read: Path=SOFTWARE\WEHA\Aplikasi\3
05/12/2023 09:14:36	Registry Read/Write
05/12/2023 09:14:36	Registry Read: Path=SOFTWARE\WEHA\Aplikasi\3
05/12/2023 09:21:12	Get Local Settings
05/12/2023 09:21:12	Start Change Local Settings
05/12/2023 09:21:12	Could not change short date format
05/12/2023 09:21:12	Could not change long date format
05/12/2023 09:21:12	Finish Change Local Settings
05/12/2023 09:21:12	Registry Read: Path=SOFTWARE\WEHA\Aplikasi\3
05/12/2023 09:21:12	Registry Read/Write
05/12/2023 09:21:12	Registry Read: Path=SOFTWARE\WEHA\Aplikasi\3
05/12/2023 10:15:50	Get Local Settings
05/12/2023 10:15:50	Start Change Local Settings
05/12/2023 10:15:50	Could not change short date format
05/12/2023 10:15:50	Could not change long date format
05/12/2023 10:15:50	Finish Change Local Settings
05/12/2023 10:15:50	Registry Read: Path=SOFTWARE\WEHA\Aplikasi\3
05/12/2023 10:15:50	Registry Read/Write
05/12/2023 10:15:50	Registry Read: Path=SOFTWARE\WEHA\Aplikasi\3
05/12/2023 11:15:25	Get Local Settings
05/12/2023 11:15:25	Start Change Local Settings
05/12/2023 11:15:25	Could not change short date format
05/12/2023 11:15:25	Could not change long date format
05/12/2023 11:15:25	Finish Change Local Settings
05/12/2023 11:15:25	Registry Read: Path=SOFTWARE\WEHA\Aplikasi\3
05/12/2023 11:15:25	Registry Read/Write
05/12/2023 11:15:25	Registry Read: Path=SOFTWARE\WEHA\Aplikasi\3
05/12/2023 11:17:55	Get Local Settings
05/12/2023 11:17:55	Start Change Local Settings
05/12/2023 11:17:55	Could not change short date format
05/12/2023 11:17:55	Could not change long date format
05/12/2023 11:17:55	Finish Change Local Settings
05/12/2023 11:17:55	Registry Read: Path=SOFTWARE\WEHA\Aplikasi\3
05/12/2023 11:17:55	Registry Read/Write
05/12/2023 11:17:55	Registry Read: Path=SOFTWARE\WEHA\Aplikasi\3
05/12/2023 14:18:44	Get Local Settings
05/12/2023 14:18:44	Start Change Local Settings
05/12/2023 14:18:44	Could not change short date format
05/12/2023 14:18:44	Could not change long date format
05/12/2023 14:18:44	Finish Change Local Settings
05/12/2023 14:18:44	Registry Read: Path=SOFTWARE\WEHA\Aplikasi\3
05/12/2023 14:18:44	Registry Read/Write
05/12/2023 14:18:44	Registry Read: Path=SOFTWARE\WEHA\Aplikasi\3
05/12/2023 14:38:17	Get Local Settings
05/12/2023 14:38:17	Start Change Local Settings
05/12/2023 14:38:17	Could not change short date format
05/12/2023 14:38:17	Could not change long date format
05/12/2023 14:38:17	Finish Change Local Settings
05/12/2023 14:38:17	Registry Read: Path=SOFTWARE\WEHA\Aplikasi\3
05/12/2023 14:38:17	Registry Read/Write
05/12/2023 14:38:17	Registry Read: Path=SOFTWARE\WEHA\Aplikasi\3
05/12/2023 14:40:10	Get Local Settings
05/12/2023 14:40:10	Start Change Local Settings
05/12/2023 14:40:10	Could not change short date format
05/12/2023 14:40:10	Could not change long date format
05/12/2023 14:40:10	Finish Change Local Settings
05/12/2023 14:40:10	Registry Read: Path=SOFTWARE\WEHA\Aplikasi\3
05/12/2023 14:40:10	Registry Read/Write
05/12/2023 14:40:10	Registry Read: Path=SOFTWARE\WEHA\Aplikasi\3
05/12/2023 14:42:06	Get Local Settings
05/12/2023 14:42:06	Start Change Local Settings
05/12/2023 14:42:06	Could not change short date format
05/12/2023 14:42:06	Could not change long date format
05/12/2023 14:42:06	Finish Change Local Settings
05/12/2023 14:42:06	Registry Read: Path=SOFTWARE\WEHA\Aplikasi\3
05/12/2023 14:42:06	Registry Read/Write
05/12/2023 14:42:06	Registry Read: Path=SOFTWARE\WEHA\Aplikasi\3
05/12/2023 15:01:29	Get Local Settings
05/12/2023 15:01:29	Start Change Local Settings
05/12/2023 15:01:29	Could not change short date format
05/12/2023 15:01:29	Could not change long date format
05/12/2023 15:01:29	Finish Change Local Settings
05/12/2023 15:01:29	Registry Read: Path=SOFTWARE\WEHA\Aplikasi\3
05/12/2023 15:01:29	Registry Read/Write
05/12/2023 15:01:29	Registry Read: Path=SOFTWARE\WEHA\Aplikasi\3
05/12/2023 15:03:27	Get Local Settings
05/12/2023 15:03:27	Start Change Local Settings
05/12/2023 15:03:27	Could not change short date format
05/12/2023 15:03:27	Could not change long date format
05/12/2023 15:03:27	Finish Change Local Settings
05/12/2023 15:03:27	Registry Read: Path=SOFTWARE\WEHA\Aplikasi\3
05/12/2023 15:03:27	Registry Read/Write
05/12/2023 15:03:27	Registry Read: Path=SOFTWARE\WEHA\Aplikasi\3
05/12/2023 15:38:52	Get Local Settings
05/12/2023 15:38:52	Start Change Local Settings
05/12/2023 15:38:52	Could not change short date format
05/12/2023 15:38:52	Could not change long date format
05/12/2023 15:38:52	Finish Change Local Settings
05/12/2023 15:38:52	Registry Read: Path=SOFTWARE\WEHA\Aplikasi\3
05/12/2023 15:38:52	Registry Read/Write
05/12/2023 15:38:52	Registry Read: Path=SOFTWARE\WEHA\Aplikasi\3
05/12/2023 15:56:18	Get Local Settings
05/12/2023 15:56:18	Start Change Local Settings
05/12/2023 15:56:18	Could not change short date format
05/12/2023 15:56:18	Could not change long date format
05/12/2023 15:56:18	Finish Change Local Settings
05/12/2023 15:56:18	Registry Read: Path=SOFTWARE\WEHA\Aplikasi\3
05/12/2023 15:56:18	Registry Read/Write
05/12/2023 15:56:18	Registry Read: Path=SOFTWARE\WEHA\Aplikasi\3
05/12/2023 16:25:55	Get Local Settings
05/12/2023 16:25:55	Start Change Local Settings
05/12/2023 16:25:55	Could not change short date format
05/12/2023 16:25:55	Could not change long date format
05/12/2023 16:25:55	Finish Change Local Settings
05/12/2023 16:25:55	Registry Read: Path=SOFTWARE\WEHA\Aplikasi\3
05/12/2023 16:25:55	Registry Read/Write
05/12/2023 16:25:55	Registry Read: Path=SOFTWARE\WEHA\Aplikasi\3
05/12/2023 16:53:56	Get Local Settings
05/12/2023 16:53:56	Start Change Local Settings
05/12/2023 16:53:56	Could not change short date format
05/12/2023 16:53:56	Could not change long date format
05/12/2023 16:53:56	Finish Change Local Settings
05/12/2023 16:53:56	Registry Read: Path=SOFTWARE\WEHA\Aplikasi\3
05/12/2023 16:53:56	Registry Read/Write
05/12/2023 16:53:56	Registry Read: Path=SOFTWARE\WEHA\Aplikasi\3
07/12/2023 13:54:20	Get Local Settings
07/12/2023 13:54:20	Start Change Local Settings
07/12/2023 13:54:20	Could not change short date format
07/12/2023 13:54:20	Could not change long date format
07/12/2023 13:54:20	Finish Change Local Settings
07/12/2023 13:54:20	Registry Read: Path=SOFTWARE\WEHA\Aplikasi\3
07/12/2023 13:54:20	Registry Read/Write
07/12/2023 13:54:21	Registry Read: Path=SOFTWARE\WEHA\Aplikasi\3
07/12/2023 14:04:58	Get Local Settings
07/12/2023 14:04:58	Start Change Local Settings
07/12/2023 14:04:58	Could not change short date format
07/12/2023 14:04:58	Could not change long date format
07/12/2023 14:04:58	Finish Change Local Settings
07/12/2023 14:04:58	Registry Read: Path=SOFTWARE\WEHA\Aplikasi\3
07/12/2023 14:04:58	Registry Read/Write
07/12/2023 14:04:58	Registry Read: Path=SOFTWARE\WEHA\Aplikasi\3
07/12/2023 14:05:18	Get Local Settings
07/12/2023 14:05:18	Start Change Local Settings
07/12/2023 14:05:18	Could not change short date format
07/12/2023 14:05:18	Could not change long date format
07/12/2023 14:05:18	Finish Change Local Settings
07/12/2023 14:05:18	Registry Read: Path=SOFTWARE\WEHA\Aplikasi\3
07/12/2023 14:05:18	Registry Read/Write
07/12/2023 14:05:18	Registry Read: Path=SOFTWARE\WEHA\Aplikasi\3
11/12/2023 08:59:57	Get Local Settings
11/12/2023 08:59:57	Start Change Local Settings
11/12/2023 08:59:57	Could not change short date format
11/12/2023 08:59:57	Could not change long date format
11/12/2023 08:59:57	Finish Change Local Settings
11/12/2023 08:59:57	Registry Read: Path=SOFTWARE\WEHA\Aplikasi\3
11/12/2023 08:59:57	Registry Read/Write
11/12/2023 08:59:57	Registry Read: Path=SOFTWARE\WEHA\Aplikasi\3
18/12/2023 09:34:58	Get Local Settings
18/12/2023 09:34:58	Start Change Local Settings
18/12/2023 09:34:58	Could not change short date format
18/12/2023 09:34:58	Could not change long date format
18/12/2023 09:34:58	Finish Change Local Settings
18/12/2023 09:34:58	Registry Read: Path=SOFTWARE\WEHA\Aplikasi\3
18/12/2023 09:34:58	Registry Read/Write
18/12/2023 09:34:58	Registry Read: Path=SOFTWARE\WEHA\Aplikasi\3
18/12/2023 09:44:03	Get Local Settings
18/12/2023 09:44:03	Start Change Local Settings
18/12/2023 09:44:03	Could not change short date format
18/12/2023 09:44:03	Could not change long date format
18/12/2023 09:44:03	Finish Change Local Settings
18/12/2023 09:44:03	Registry Read: Path=SOFTWARE\WEHA\Aplikasi\3
18/12/2023 09:44:03	Registry Read/Write
18/12/2023 09:44:03	Registry Read: Path=SOFTWARE\WEHA\Aplikasi\3
18/12/2023 09:45:52	Get Local Settings
18/12/2023 09:45:52	Start Change Local Settings
18/12/2023 09:45:52	Could not change short date format
18/12/2023 09:45:52	Could not change long date format
18/12/2023 09:45:52	Finish Change Local Settings
18/12/2023 09:45:52	Registry Read: Path=SOFTWARE\WEHA\Aplikasi\3
18/12/2023 09:45:52	Registry Read/Write
18/12/2023 09:45:52	Registry Read: Path=SOFTWARE\WEHA\Aplikasi\3
18/12/2023 09:47:05	Get Local Settings
18/12/2023 09:47:05	Start Change Local Settings
18/12/2023 09:47:05	Could not change short date format
18/12/2023 09:47:05	Could not change long date format
18/12/2023 09:47:05	Finish Change Local Settings
18/12/2023 09:47:05	Registry Read: Path=SOFTWARE\WEHA\Aplikasi\3
18/12/2023 09:47:05	Registry Read/Write
18/12/2023 09:47:05	Registry Read: Path=SOFTWARE\WEHA\Aplikasi\3
18/12/2023 09:47:56	Get Local Settings
18/12/2023 09:47:56	Start Change Local Settings
18/12/2023 09:47:56	Could not change short date format
18/12/2023 09:47:56	Could not change long date format
18/12/2023 09:47:56	Finish Change Local Settings
18/12/2023 09:47:56	Registry Read: Path=SOFTWARE\WEHA\Aplikasi\3
18/12/2023 09:47:56	Registry Read/Write
18/12/2023 09:47:56	Registry Read: Path=SOFTWARE\WEHA\Aplikasi\3
18/12/2023 10:03:55	Get Local Settings
18/12/2023 10:03:55	Start Change Local Settings
18/12/2023 10:03:55	Could not change short date format
18/12/2023 10:03:55	Could not change long date format
18/12/2023 10:03:55	Finish Change Local Settings
18/12/2023 10:03:55	Registry Read: Path=SOFTWARE\WEHA\Aplikasi\3
18/12/2023 10:03:55	Registry Read/Write
18/12/2023 10:03:55	Registry Read: Path=SOFTWARE\WEHA\Aplikasi\3
19/12/2023 21:28:13	Get Local Settings
19/12/2023 21:28:13	Start Change Local Settings
19/12/2023 21:28:13	Could not change short date format
19/12/2023 21:28:13	Could not change long date format
19/12/2023 21:28:13	Finish Change Local Settings
19/12/2023 21:28:13	Registry Read: Path=SOFTWARE\WEHA\Aplikasi\3
19/12/2023 21:28:13	Registry Read/Write
19/12/2023 21:28:13	Registry Read: Path=SOFTWARE\WEHA\Aplikasi\3
28/12/2023 14:18:04	Get Local Settings
28/12/2023 14:18:04	Start Change Local Settings
28/12/2023 14:18:04	Could not change short date format
28/12/2023 14:18:04	Could not change long date format
28/12/2023 14:18:04	Finish Change Local Settings
28/12/2023 14:18:04	Registry Read: Path=SOFTWARE\WEHA\Aplikasi\3
28/12/2023 14:18:04	Registry Read/Write
28/12/2023 14:18:04	Registry Read: Path=SOFTWARE\WEHA\Aplikasi\3
28/12/2023 14:44:18	Get Local Settings
28/12/2023 14:44:18	Start Change Local Settings
28/12/2023 14:44:18	Could not change short date format
28/12/2023 14:44:18	Could not change long date format
28/12/2023 14:44:18	Finish Change Local Settings
28/12/2023 14:44:18	Registry Read: Path=SOFTWARE\WEHA\Aplikasi\3
28/12/2023 14:44:18	Registry Read/Write
28/12/2023 14:44:18	Registry Read: Path=SOFTWARE\WEHA\Aplikasi\3
28/12/2023 15:14:59	Get Local Settings
28/12/2023 15:14:59	Start Change Local Settings
28/12/2023 15:14:59	Could not change short date format
28/12/2023 15:14:59	Could not change long date format
28/12/2023 15:14:59	Finish Change Local Settings
28/12/2023 15:14:59	Registry Read: Path=SOFTWARE\WEHA\Aplikasi\3
28/12/2023 15:14:59	Registry Read/Write
28/12/2023 15:14:59	Registry Read: Path=SOFTWARE\WEHA\Aplikasi\3
28/12/2023 15:24:45	Get Local Settings
28/12/2023 15:24:45	Start Change Local Settings
28/12/2023 15:24:45	Could not change short date format
28/12/2023 15:24:45	Could not change long date format
28/12/2023 15:24:45	Finish Change Local Settings
28/12/2023 15:24:45	Registry Read: Path=SOFTWARE\WEHA\Aplikasi\3
28/12/2023 15:24:45	Registry Read/Write
28/12/2023 15:24:45	Registry Read: Path=SOFTWARE\WEHA\Aplikasi\3
28/12/2023 15:25:41	Get Local Settings
28/12/2023 15:25:41	Start Change Local Settings
28/12/2023 15:25:41	Could not change short date format
28/12/2023 15:25:41	Could not change long date format
28/12/2023 15:25:41	Finish Change Local Settings
28/12/2023 15:25:41	Registry Read: Path=SOFTWARE\WEHA\Aplikasi\3
28/12/2023 15:25:41	Registry Read/Write
28/12/2023 15:25:41	Registry Read: Path=SOFTWARE\WEHA\Aplikasi\3
28/12/2023 15:28:12	Get Local Settings
28/12/2023 15:28:12	Start Change Local Settings
28/12/2023 15:28:12	Could not change short date format
28/12/2023 15:28:12	Could not change long date format
28/12/2023 15:28:12	Finish Change Local Settings
28/12/2023 15:28:12	Registry Read: Path=SOFTWARE\WEHA\Aplikasi\3
28/12/2023 15:28:12	Registry Read/Write
28/12/2023 15:28:12	Registry Read: Path=SOFTWARE\WEHA\Aplikasi\3
28/12/2023 15:59:08	Get Local Settings
28/12/2023 15:59:08	Start Change Local Settings
28/12/2023 15:59:08	Could not change short date format
28/12/2023 15:59:08	Could not change long date format
28/12/2023 15:59:08	Finish Change Local Settings
28/12/2023 15:59:08	Registry Read: Path=SOFTWARE\WEHA\Aplikasi\3
28/12/2023 15:59:08	Registry Read/Write
28/12/2023 15:59:08	Registry Read: Path=SOFTWARE\WEHA\Aplikasi\3
28/12/2023 16:07:05	Get Local Settings
28/12/2023 16:07:05	Start Change Local Settings
28/12/2023 16:07:05	Could not change short date format
28/12/2023 16:07:05	Could not change long date format
28/12/2023 16:07:05	Finish Change Local Settings
28/12/2023 16:07:05	Registry Read: Path=SOFTWARE\WEHA\Aplikasi\3
28/12/2023 16:07:05	Registry Read/Write
28/12/2023 16:07:05	Registry Read: Path=SOFTWARE\WEHA\Aplikasi\3
28/12/2023 16:59:32	Get Local Settings
28/12/2023 16:59:32	Start Change Local Settings
28/12/2023 16:59:32	Could not change short date format
28/12/2023 16:59:32	Could not change long date format
28/12/2023 16:59:32	Finish Change Local Settings
28/12/2023 16:59:32	Registry Read: Path=SOFTWARE\WEHA\Aplikasi\3
28/12/2023 16:59:32	Registry Read/Write
28/12/2023 16:59:32	Registry Read: Path=SOFTWARE\WEHA\Aplikasi\3
28/12/2023 17:06:47	Get Local Settings
28/12/2023 17:06:47	Start Change Local Settings
28/12/2023 17:06:47	Could not change short date format
28/12/2023 17:06:47	Could not change long date format
28/12/2023 17:06:47	Finish Change Local Settings
28/12/2023 17:06:47	Registry Read: Path=SOFTWARE\WEHA\Aplikasi\3
28/12/2023 17:06:47	Registry Read/Write
28/12/2023 17:06:47	Registry Read: Path=SOFTWARE\WEHA\Aplikasi\3
28/12/2023 17:16:17	Get Local Settings
28/12/2023 17:16:17	Start Change Local Settings
28/12/2023 17:16:17	Could not change short date format
28/12/2023 17:16:17	Could not change long date format
28/12/2023 17:16:17	Finish Change Local Settings
28/12/2023 17:16:17	Registry Read: Path=SOFTWARE\WEHA\Aplikasi\3
28/12/2023 17:16:17	Registry Read/Write
28/12/2023 17:16:17	Registry Read: Path=SOFTWARE\WEHA\Aplikasi\3
28/12/2023 17:22:52	Get Local Settings
28/12/2023 17:22:52	Start Change Local Settings
28/12/2023 17:22:52	Could not change short date format
28/12/2023 17:22:52	Could not change long date format
28/12/2023 17:22:52	Finish Change Local Settings
28/12/2023 17:22:52	Registry Read: Path=SOFTWARE\WEHA\Aplikasi\3
28/12/2023 17:22:52	Registry Read/Write
28/12/2023 17:22:52	Registry Read: Path=SOFTWARE\WEHA\Aplikasi\3
28/12/2023 17:24:02	Get Local Settings
28/12/2023 17:24:02	Start Change Local Settings
28/12/2023 17:24:02	Could not change short date format
28/12/2023 17:24:02	Could not change long date format
28/12/2023 17:24:02	Finish Change Local Settings
28/12/2023 17:24:02	Registry Read: Path=SOFTWARE\WEHA\Aplikasi\3
28/12/2023 17:24:02	Registry Read/Write
28/12/2023 17:24:02	Registry Read: Path=SOFTWARE\WEHA\Aplikasi\3
28/12/2023 17:36:55	Get Local Settings
28/12/2023 17:36:55	Start Change Local Settings
28/12/2023 17:36:55	Could not change short date format
28/12/2023 17:36:55	Could not change long date format
28/12/2023 17:36:55	Finish Change Local Settings
28/12/2023 17:36:55	Registry Read: Path=SOFTWARE\WEHA\Aplikasi\3
28/12/2023 17:36:55	Registry Read/Write
28/12/2023 17:36:55	Registry Read: Path=SOFTWARE\WEHA\Aplikasi\3
28/12/2023 17:38:35	Get Local Settings
28/12/2023 17:38:35	Start Change Local Settings
28/12/2023 17:38:35	Could not change short date format
28/12/2023 17:38:35	Could not change long date format
28/12/2023 17:38:35	Finish Change Local Settings
28/12/2023 17:38:35	Registry Read: Path=SOFTWARE\WEHA\Aplikasi\3
28/12/2023 17:38:35	Registry Read/Write
28/12/2023 17:38:35	Registry Read: Path=SOFTWARE\WEHA\Aplikasi\3
28/12/2023 17:39:33	Get Local Settings
28/12/2023 17:39:33	Start Change Local Settings
28/12/2023 17:39:33	Could not change short date format
28/12/2023 17:39:33	Could not change long date format
28/12/2023 17:39:33	Finish Change Local Settings
28/12/2023 17:39:33	Registry Read: Path=SOFTWARE\WEHA\Aplikasi\3
28/12/2023 17:39:33	Registry Read/Write
28/12/2023 17:39:33	Registry Read: Path=SOFTWARE\WEHA\Aplikasi\3
28/12/2023 17:41:22	Get Local Settings
28/12/2023 17:41:22	Start Change Local Settings
28/12/2023 17:41:22	Could not change short date format
28/12/2023 17:41:22	Could not change long date format
28/12/2023 17:41:22	Finish Change Local Settings
28/12/2023 17:41:22	Registry Read: Path=SOFTWARE\WEHA\Aplikasi\3
28/12/2023 17:41:22	Registry Read/Write
28/12/2023 17:41:22	Registry Read: Path=SOFTWARE\WEHA\Aplikasi\3
28/12/2023 17:48:04	Get Local Settings
28/12/2023 17:48:04	Start Change Local Settings
28/12/2023 17:48:04	Could not change short date format
28/12/2023 17:48:04	Could not change long date format
28/12/2023 17:48:04	Finish Change Local Settings
28/12/2023 17:48:04	Registry Read: Path=SOFTWARE\WEHA\Aplikasi\3
28/12/2023 17:48:04	Registry Read/Write
28/12/2023 17:48:04	Registry Read: Path=SOFTWARE\WEHA\Aplikasi\3
28/12/2023 17:49:47	Get Local Settings
28/12/2023 17:49:47	Start Change Local Settings
28/12/2023 17:49:47	Could not change short date format
28/12/2023 17:49:47	Could not change long date format
28/12/2023 17:49:47	Finish Change Local Settings
28/12/2023 17:49:47	Registry Read: Path=SOFTWARE\WEHA\Aplikasi\3
28/12/2023 17:49:47	Registry Read/Write
28/12/2023 17:49:47	Registry Read: Path=SOFTWARE\WEHA\Aplikasi\3
28/12/2023 17:52:38	Get Local Settings
28/12/2023 17:52:38	Start Change Local Settings
28/12/2023 17:52:38	Could not change short date format
28/12/2023 17:52:38	Could not change long date format
28/12/2023 17:52:38	Finish Change Local Settings
28/12/2023 17:52:38	Registry Read: Path=SOFTWARE\WEHA\Aplikasi\3
28/12/2023 17:52:38	Registry Read/Write
28/12/2023 17:52:38	Registry Read: Path=SOFTWARE\WEHA\Aplikasi\3
28/12/2023 18:01:29	Get Local Settings
28/12/2023 18:01:29	Start Change Local Settings
28/12/2023 18:01:29	Could not change short date format
28/12/2023 18:01:29	Could not change long date format
28/12/2023 18:01:29	Finish Change Local Settings
28/12/2023 18:01:29	Registry Read: Path=SOFTWARE\WEHA\Aplikasi\3
28/12/2023 18:01:29	Registry Read/Write
28/12/2023 18:01:29	Registry Read: Path=SOFTWARE\WEHA\Aplikasi\3
03/01/2024 15:02:14	Get Local Settings
03/01/2024 15:02:14	Start Change Local Settings
03/01/2024 15:02:14	Could not change short date format
03/01/2024 15:02:14	Could not change long date format
03/01/2024 15:02:14	Finish Change Local Settings
03/01/2024 15:02:14	Registry Read: Path=SOFTWARE\WEHA\Aplikasi\3
03/01/2024 15:02:14	Registry Read/Write
03/01/2024 15:02:14	Registry Read: Path=SOFTWARE\WEHA\Aplikasi\3
04/01/2024 11:50:42	Get Local Settings
04/01/2024 11:50:42	Start Change Local Settings
04/01/2024 11:50:42	Could not change short date format
04/01/2024 11:50:42	Could not change long date format
04/01/2024 11:50:42	Finish Change Local Settings
04/01/2024 11:50:42	Registry Read: Path=SOFTWARE\WEHA\Aplikasi\3
04/01/2024 11:50:42	Registry Read/Write
04/01/2024 11:50:42	Registry Read: Path=SOFTWARE\WEHA\Aplikasi\3
04/01/2024 12:19:25	Get Local Settings
04/01/2024 12:19:25	Start Change Local Settings
04/01/2024 12:19:25	Could not change short date format
04/01/2024 12:19:25	Could not change long date format
04/01/2024 12:19:25	Finish Change Local Settings
04/01/2024 12:19:25	Registry Read: Path=SOFTWARE\WEHA\Aplikasi\3
04/01/2024 12:19:25	Registry Read/Write
04/01/2024 12:19:25	Registry Read: Path=SOFTWARE\WEHA\Aplikasi\3
04/01/2024 12:29:40	Get Local Settings
04/01/2024 12:29:40	Start Change Local Settings
04/01/2024 12:29:40	Could not change short date format
04/01/2024 12:29:40	Could not change long date format
04/01/2024 12:29:40	Finish Change Local Settings
04/01/2024 12:29:40	Registry Read: Path=SOFTWARE\WEHA\Aplikasi\3
04/01/2024 12:29:40	Registry Read/Write
04/01/2024 12:29:40	Registry Read: Path=SOFTWARE\WEHA\Aplikasi\3
06/01/2024 09:48:30	Get Local Settings
06/01/2024 09:48:30	Start Change Local Settings
06/01/2024 09:48:30	Could not change short date format
06/01/2024 09:48:30	Could not change long date format
06/01/2024 09:48:30	Finish Change Local Settings
06/01/2024 09:48:30	Registry Read: Path=SOFTWARE\WEHA\Aplikasi\3
06/01/2024 09:48:30	Registry Read/Write
06/01/2024 09:48:30	Registry Read: Path=SOFTWARE\WEHA\Aplikasi\3
06/01/2024 11:41:37	Get Local Settings
06/01/2024 11:41:37	Start Change Local Settings
06/01/2024 11:41:37	Could not change short date format
06/01/2024 11:41:37	Could not change long date format
06/01/2024 11:41:37	Finish Change Local Settings
06/01/2024 11:41:37	Registry Read: Path=SOFTWARE\WEHA\Aplikasi\3
06/01/2024 11:41:37	Registry Read/Write
06/01/2024 11:41:37	Registry Read: Path=SOFTWARE\WEHA\Aplikasi\3
06/01/2024 11:49:54	Get Local Settings
06/01/2024 11:49:54	Start Change Local Settings
06/01/2024 11:49:54	Could not change short date format
06/01/2024 11:49:54	Could not change long date format
06/01/2024 11:49:54	Finish Change Local Settings
06/01/2024 11:49:54	Registry Read: Path=SOFTWARE\WEHA\Aplikasi\3
06/01/2024 11:49:54	Registry Read/Write
06/01/2024 11:49:54	Registry Read: Path=SOFTWARE\WEHA\Aplikasi\3
06/01/2024 11:54:35	Get Local Settings
06/01/2024 11:54:35	Start Change Local Settings
06/01/2024 11:54:35	Could not change short date format
06/01/2024 11:54:35	Could not change long date format
06/01/2024 11:54:35	Finish Change Local Settings
06/01/2024 11:54:35	Registry Read: Path=SOFTWARE\WEHA\Aplikasi\3
06/01/2024 11:54:35	Registry Read/Write
06/01/2024 11:54:35	Registry Read: Path=SOFTWARE\WEHA\Aplikasi\3
06/01/2024 12:38:34	Get Local Settings
06/01/2024 12:38:34	Start Change Local Settings
06/01/2024 12:38:34	Could not change short date format
06/01/2024 12:38:34	Could not change long date format
06/01/2024 12:38:34	Finish Change Local Settings
06/01/2024 12:38:34	Registry Read: Path=SOFTWARE\WEHA\Aplikasi\3
06/01/2024 12:38:34	Registry Read/Write
06/01/2024 12:38:34	Registry Read: Path=SOFTWARE\WEHA\Aplikasi\3
06/01/2024 12:42:39	Get Local Settings
06/01/2024 12:42:39	Start Change Local Settings
06/01/2024 12:42:39	Could not change short date format
06/01/2024 12:42:39	Could not change long date format
06/01/2024 12:42:39	Finish Change Local Settings
06/01/2024 12:42:39	Registry Read: Path=SOFTWARE\WEHA\Aplikasi\3
06/01/2024 12:42:39	Registry Read/Write
06/01/2024 12:42:39	Registry Read: Path=SOFTWARE\WEHA\Aplikasi\3
06/01/2024 12:50:32	Get Local Settings
06/01/2024 12:50:32	Start Change Local Settings
06/01/2024 12:50:32	Could not change short date format
06/01/2024 12:50:32	Could not change long date format
06/01/2024 12:50:32	Finish Change Local Settings
06/01/2024 12:50:32	Registry Read: Path=SOFTWARE\WEHA\Aplikasi\3
06/01/2024 12:50:32	Registry Read/Write
06/01/2024 12:50:32	Registry Read: Path=SOFTWARE\WEHA\Aplikasi\3
06/01/2024 12:53:40	Get Local Settings
06/01/2024 12:53:40	Start Change Local Settings
06/01/2024 12:53:40	Could not change short date format
06/01/2024 12:53:40	Could not change long date format
06/01/2024 12:53:40	Finish Change Local Settings
06/01/2024 12:53:40	Registry Read: Path=SOFTWARE\WEHA\Aplikasi\3
06/01/2024 12:53:40	Registry Read/Write
06/01/2024 12:53:40	Registry Read: Path=SOFTWARE\WEHA\Aplikasi\3
06/01/2024 13:03:43	Get Local Settings
06/01/2024 13:03:43	Start Change Local Settings
06/01/2024 13:03:43	Could not change short date format
06/01/2024 13:03:43	Could not change long date format
06/01/2024 13:03:43	Finish Change Local Settings
06/01/2024 13:03:43	Registry Read: Path=SOFTWARE\WEHA\Aplikasi\3
06/01/2024 13:03:43	Registry Read/Write
06/01/2024 13:03:43	Registry Read: Path=SOFTWARE\WEHA\Aplikasi\3
06/01/2024 13:05:00	Get Local Settings
06/01/2024 13:05:00	Start Change Local Settings
06/01/2024 13:05:00	Could not change short date format
06/01/2024 13:05:00	Could not change long date format
06/01/2024 13:05:00	Finish Change Local Settings
06/01/2024 13:05:00	Registry Read: Path=SOFTWARE\WEHA\Aplikasi\3
06/01/2024 13:05:00	Registry Read/Write
06/01/2024 13:05:00	Registry Read: Path=SOFTWARE\WEHA\Aplikasi\3
06/01/2024 13:09:47	Get Local Settings
06/01/2024 13:09:47	Start Change Local Settings
06/01/2024 13:09:47	Could not change short date format
06/01/2024 13:09:47	Could not change long date format
06/01/2024 13:09:47	Finish Change Local Settings
06/01/2024 13:09:47	Registry Read: Path=SOFTWARE\WEHA\Aplikasi\3
06/01/2024 13:09:47	Registry Read/Write
06/01/2024 13:09:47	Registry Read: Path=SOFTWARE\WEHA\Aplikasi\3
06/01/2024 13:13:03	Get Local Settings
06/01/2024 13:13:03	Start Change Local Settings
06/01/2024 13:13:03	Could not change short date format
06/01/2024 13:13:03	Could not change long date format
06/01/2024 13:13:03	Finish Change Local Settings
06/01/2024 13:13:03	Registry Read: Path=SOFTWARE\WEHA\Aplikasi\3
06/01/2024 13:13:03	Registry Read/Write
06/01/2024 13:13:03	Registry Read: Path=SOFTWARE\WEHA\Aplikasi\3
06/01/2024 13:14:26	Get Local Settings
06/01/2024 13:14:26	Start Change Local Settings
06/01/2024 13:14:26	Could not change short date format
06/01/2024 13:14:26	Could not change long date format
06/01/2024 13:14:26	Finish Change Local Settings
06/01/2024 13:14:26	Registry Read: Path=SOFTWARE\WEHA\Aplikasi\3
06/01/2024 13:14:26	Registry Read/Write
06/01/2024 13:14:26	Registry Read: Path=SOFTWARE\WEHA\Aplikasi\3
06/01/2024 13:24:49	Get Local Settings
06/01/2024 13:24:49	Start Change Local Settings
06/01/2024 13:24:49	Could not change short date format
06/01/2024 13:24:49	Could not change long date format
06/01/2024 13:24:49	Finish Change Local Settings
06/01/2024 13:24:49	Registry Read: Path=SOFTWARE\WEHA\Aplikasi\3
06/01/2024 13:24:49	Registry Read/Write
06/01/2024 13:24:49	Registry Read: Path=SOFTWARE\WEHA\Aplikasi\3
06/01/2024 14:21:01	Get Local Settings
06/01/2024 14:21:01	Start Change Local Settings
06/01/2024 14:21:01	Could not change short date format
06/01/2024 14:21:01	Could not change long date format
06/01/2024 14:21:01	Finish Change Local Settings
06/01/2024 14:21:01	Registry Read: Path=SOFTWARE\WEHA\Aplikasi\3
06/01/2024 14:21:01	Registry Read/Write
06/01/2024 14:21:01	Registry Read: Path=SOFTWARE\WEHA\Aplikasi\3
16/01/2024 02:15:00	Get Local Settings
16/01/2024 02:15:00	Start Change Local Settings
16/01/2024 02:15:00	Could not change short date format
16/01/2024 02:15:00	Could not change long date format
16/01/2024 02:15:00	Finish Change Local Settings
16/01/2024 02:15:00	Registry Read: Path=SOFTWARE\WEHA\Aplikasi\3
16/01/2024 02:15:00	Registry Read/Write
16/01/2024 02:15:00	Registry Read: Path=SOFTWARE\WEHA\Aplikasi\3
16/01/2024 02:27:21	Get Local Settings
16/01/2024 02:27:21	Start Change Local Settings
16/01/2024 02:27:21	Could not change short date format
16/01/2024 02:27:21	Could not change long date format
16/01/2024 02:27:21	Finish Change Local Settings
16/01/2024 02:27:21	Registry Read: Path=SOFTWARE\WEHA\Aplikasi\3
16/01/2024 02:27:21	Registry Read/Write
16/01/2024 02:27:21	Registry Read: Path=SOFTWARE\WEHA\Aplikasi\3
16/01/2024 02:46:00	Get Local Settings
16/01/2024 02:46:00	Start Change Local Settings
16/01/2024 02:46:00	Could not change short date format
16/01/2024 02:46:00	Could not change long date format
16/01/2024 02:46:00	Finish Change Local Settings
16/01/2024 02:46:00	Registry Read: Path=SOFTWARE\WEHA\Aplikasi\3
16/01/2024 02:46:00	Registry Read/Write
16/01/2024 02:46:00	Registry Read: Path=SOFTWARE\WEHA\Aplikasi\3
16/01/2024 03:02:48	Get Local Settings
16/01/2024 03:02:48	Start Change Local Settings
16/01/2024 03:02:48	Could not change short date format
16/01/2024 03:02:48	Could not change long date format
16/01/2024 03:02:48	Finish Change Local Settings
16/01/2024 03:02:48	Registry Read: Path=SOFTWARE\WEHA\Aplikasi\3
16/01/2024 03:02:48	Registry Read/Write
16/01/2024 03:02:48	Registry Read: Path=SOFTWARE\WEHA\Aplikasi\3
16/01/2024 03:07:18	Get Local Settings
16/01/2024 03:07:18	Start Change Local Settings
16/01/2024 03:07:18	Could not change short date format
16/01/2024 03:07:18	Could not change long date format
16/01/2024 03:07:18	Finish Change Local Settings
16/01/2024 03:07:18	Registry Read: Path=SOFTWARE\WEHA\Aplikasi\3
16/01/2024 03:07:18	Registry Read/Write
16/01/2024 03:07:18	Registry Read: Path=SOFTWARE\WEHA\Aplikasi\3
16/01/2024 03:09:34	Get Local Settings
16/01/2024 03:09:34	Start Change Local Settings
16/01/2024 03:09:34	Could not change short date format
16/01/2024 03:09:34	Could not change long date format
16/01/2024 03:09:34	Finish Change Local Settings
16/01/2024 03:09:34	Registry Read: Path=SOFTWARE\WEHA\Aplikasi\3
16/01/2024 03:09:34	Registry Read/Write
16/01/2024 03:09:34	Registry Read: Path=SOFTWARE\WEHA\Aplikasi\3
16/01/2024 03:11:03	Get Local Settings
16/01/2024 03:11:03	Start Change Local Settings
16/01/2024 03:11:03	Could not change short date format
16/01/2024 03:11:03	Could not change long date format
16/01/2024 03:11:03	Finish Change Local Settings
16/01/2024 03:11:03	Registry Read: Path=SOFTWARE\WEHA\Aplikasi\3
16/01/2024 03:11:03	Registry Read/Write
16/01/2024 03:11:03	Registry Read: Path=SOFTWARE\WEHA\Aplikasi\3
16/01/2024 03:16:38	Get Local Settings
16/01/2024 03:16:38	Start Change Local Settings
16/01/2024 03:16:38	Could not change short date format
16/01/2024 03:16:38	Could not change long date format
16/01/2024 03:16:38	Finish Change Local Settings
16/01/2024 03:16:38	Registry Read: Path=SOFTWARE\WEHA\Aplikasi\3
16/01/2024 03:16:38	Registry Read/Write
16/01/2024 03:16:38	Registry Read: Path=SOFTWARE\WEHA\Aplikasi\3
20/01/2024 11:41:40	Get Local Settings
20/01/2024 11:41:40	Start Change Local Settings
20/01/2024 11:41:40	Could not change short date format
20/01/2024 11:41:40	Could not change long date format
20/01/2024 11:41:40	Finish Change Local Settings
20/01/2024 11:41:40	Registry Read: Path=SOFTWARE\WEHA\Aplikasi\3
20/01/2024 11:41:40	Registry Read/Write
20/01/2024 11:41:40	Registry Read: Path=SOFTWARE\WEHA\Aplikasi\3
20/01/2024 11:52:16	Get Local Settings
20/01/2024 11:52:16	Start Change Local Settings
20/01/2024 11:52:16	Could not change short date format
20/01/2024 11:52:16	Could not change long date format
20/01/2024 11:52:16	Finish Change Local Settings
20/01/2024 11:52:16	Registry Read: Path=SOFTWARE\WEHA\Aplikasi\3
20/01/2024 11:52:16	Registry Read/Write
20/01/2024 11:52:16	Registry Read: Path=SOFTWARE\WEHA\Aplikasi\3
20/01/2024 11:55:39	Get Local Settings
20/01/2024 11:55:39	Start Change Local Settings
20/01/2024 11:55:39	Could not change short date format
20/01/2024 11:55:39	Could not change long date format
20/01/2024 11:55:39	Finish Change Local Settings
20/01/2024 11:55:39	Registry Read: Path=SOFTWARE\WEHA\Aplikasi\3
20/01/2024 11:55:39	Registry Read/Write
20/01/2024 11:55:39	Registry Read: Path=SOFTWARE\WEHA\Aplikasi\3
29/01/2024 10:00:54	Get Local Settings
29/01/2024 10:00:54	Start Change Local Settings
29/01/2024 10:00:54	Could not change short date format
29/01/2024 10:00:54	Could not change long date format
29/01/2024 10:00:54	Finish Change Local Settings
29/01/2024 10:00:54	Registry Read: Path=SOFTWARE\WEHA\Aplikasi\3
29/01/2024 10:00:54	Registry Read/Write
29/01/2024 10:00:54	Registry Read: Path=SOFTWARE\WEHA\Aplikasi\3
29/01/2024 10:02:54	Get Local Settings
29/01/2024 10:02:54	Start Change Local Settings
29/01/2024 10:02:54	Could not change short date format
29/01/2024 10:02:54	Could not change long date format
29/01/2024 10:02:54	Finish Change Local Settings
29/01/2024 10:02:54	Registry Read: Path=SOFTWARE\WEHA\Aplikasi\3
29/01/2024 10:02:54	Registry Read/Write
29/01/2024 10:02:54	Registry Read: Path=SOFTWARE\WEHA\Aplikasi\3
29/01/2024 10:15:53	Get Local Settings
29/01/2024 10:15:53	Start Change Local Settings
29/01/2024 10:15:53	Could not change short date format
29/01/2024 10:15:53	Could not change long date format
29/01/2024 10:15:53	Finish Change Local Settings
29/01/2024 10:15:53	Registry Read: Path=SOFTWARE\WEHA\Aplikasi\3
29/01/2024 10:15:53	Registry Read/Write
29/01/2024 10:15:53	Registry Read: Path=SOFTWARE\WEHA\Aplikasi\3
29/01/2024 10:22:50	Get Local Settings
29/01/2024 10:22:50	Start Change Local Settings
29/01/2024 10:22:50	Could not change short date format
29/01/2024 10:22:50	Could not change long date format
29/01/2024 10:22:50	Finish Change Local Settings
29/01/2024 10:22:50	Registry Read: Path=SOFTWARE\WEHA\Aplikasi\3
29/01/2024 10:22:50	Registry Read/Write
29/01/2024 10:22:50	Registry Read: Path=SOFTWARE\WEHA\Aplikasi\3
29/01/2024 10:27:47	Get Local Settings
29/01/2024 10:27:47	Start Change Local Settings
29/01/2024 10:27:47	Could not change short date format
29/01/2024 10:27:47	Could not change long date format
29/01/2024 10:27:47	Finish Change Local Settings
29/01/2024 10:27:47	Registry Read: Path=SOFTWARE\WEHA\Aplikasi\3
29/01/2024 10:27:47	Registry Read/Write
29/01/2024 10:27:47	Registry Read: Path=SOFTWARE\WEHA\Aplikasi\3
29/01/2024 15:20:45	Get Local Settings
29/01/2024 15:20:45	Start Change Local Settings
29/01/2024 15:20:45	Could not change short date format
29/01/2024 15:20:45	Could not change long date format
29/01/2024 15:20:45	Finish Change Local Settings
29/01/2024 15:20:45	Registry Read: Path=SOFTWARE\WEHA\Aplikasi\3
29/01/2024 15:20:45	Registry Read/Write
29/01/2024 15:20:45	Registry Read: Path=SOFTWARE\WEHA\Aplikasi\3
29/01/2024 16:23:41	Get Local Settings
29/01/2024 16:23:41	Start Change Local Settings
29/01/2024 16:23:41	Could not change short date format
29/01/2024 16:23:41	Could not change long date format
29/01/2024 16:23:41	Finish Change Local Settings
29/01/2024 16:23:41	Registry Read: Path=SOFTWARE\WEHA\Aplikasi\3
29/01/2024 16:23:41	Registry Read/Write
29/01/2024 16:23:41	Registry Read: Path=SOFTWARE\WEHA\Aplikasi\3
29/01/2024 16:47:26	Get Local Settings
29/01/2024 16:47:26	Start Change Local Settings
29/01/2024 16:47:26	Could not change short date format
29/01/2024 16:47:26	Could not change long date format
29/01/2024 16:47:26	Finish Change Local Settings
29/01/2024 16:47:26	Registry Read: Path=SOFTWARE\WEHA\Aplikasi\3
29/01/2024 16:47:26	Registry Read/Write
29/01/2024 16:47:26	Registry Read: Path=SOFTWARE\WEHA\Aplikasi\3
29/01/2024 17:48:52	Get Local Settings
29/01/2024 17:48:52	Start Change Local Settings
29/01/2024 17:48:52	Could not change short date format
29/01/2024 17:48:52	Could not change long date format
29/01/2024 17:48:52	Finish Change Local Settings
29/01/2024 17:48:52	Registry Read: Path=SOFTWARE\WEHA\Aplikasi\3
29/01/2024 17:48:52	Registry Read/Write
29/01/2024 17:48:52	Registry Read: Path=SOFTWARE\WEHA\Aplikasi\3
29/01/2024 17:50:44	Get Local Settings
29/01/2024 17:50:44	Start Change Local Settings
29/01/2024 17:50:44	Could not change short date format
29/01/2024 17:50:44	Could not change long date format
29/01/2024 17:50:44	Finish Change Local Settings
29/01/2024 17:50:44	Registry Read: Path=SOFTWARE\WEHA\Aplikasi\3
29/01/2024 17:50:44	Registry Read/Write
29/01/2024 17:50:44	Registry Read: Path=SOFTWARE\WEHA\Aplikasi\3
30/01/2024 13:56:30	Get Local Settings
30/01/2024 13:56:30	Start Change Local Settings
30/01/2024 13:56:30	Could not change short date format
30/01/2024 13:56:30	Could not change long date format
30/01/2024 13:56:30	Finish Change Local Settings
30/01/2024 13:56:30	Registry Read: Path=SOFTWARE\WEHA\Aplikasi\3
30/01/2024 13:56:30	Registry Read/Write
30/01/2024 13:56:30	Registry Read: Path=SOFTWARE\WEHA\Aplikasi\3
30/01/2024 13:57:35	Get Local Settings
30/01/2024 13:57:35	Start Change Local Settings
30/01/2024 13:57:35	Could not change short date format
30/01/2024 13:57:35	Could not change long date format
30/01/2024 13:57:35	Finish Change Local Settings
30/01/2024 13:57:35	Registry Read: Path=SOFTWARE\WEHA\Aplikasi\3
30/01/2024 13:57:35	Registry Read/Write
30/01/2024 13:57:35	Registry Read: Path=SOFTWARE\WEHA\Aplikasi\3
30/01/2024 13:58:37	Get Local Settings
30/01/2024 13:58:37	Start Change Local Settings
30/01/2024 13:58:37	Could not change short date format
30/01/2024 13:58:37	Could not change long date format
30/01/2024 13:58:37	Finish Change Local Settings
30/01/2024 13:58:37	Registry Read: Path=SOFTWARE\WEHA\Aplikasi\3
30/01/2024 13:58:37	Registry Read/Write
30/01/2024 13:58:37	Registry Read: Path=SOFTWARE\WEHA\Aplikasi\3
30/01/2024 13:59:29	Get Local Settings
30/01/2024 13:59:29	Start Change Local Settings
30/01/2024 13:59:29	Could not change short date format
30/01/2024 13:59:29	Could not change long date format
30/01/2024 13:59:29	Finish Change Local Settings
30/01/2024 13:59:29	Registry Read: Path=SOFTWARE\WEHA\Aplikasi\3
30/01/2024 13:59:29	Registry Read/Write
30/01/2024 13:59:29	Registry Read: Path=SOFTWARE\WEHA\Aplikasi\3
30/01/2024 14:04:16	Get Local Settings
30/01/2024 14:04:16	Start Change Local Settings
30/01/2024 14:04:16	Could not change short date format
30/01/2024 14:04:16	Could not change long date format
30/01/2024 14:04:16	Finish Change Local Settings
30/01/2024 14:04:16	Registry Read: Path=SOFTWARE\WEHA\Aplikasi\3
30/01/2024 14:04:16	Registry Read/Write
30/01/2024 14:04:16	Registry Read: Path=SOFTWARE\WEHA\Aplikasi\3
30/01/2024 14:35:51	Get Local Settings
30/01/2024 14:35:51	Start Change Local Settings
30/01/2024 14:35:51	Could not change short date format
30/01/2024 14:35:51	Could not change long date format
30/01/2024 14:35:51	Finish Change Local Settings
30/01/2024 14:35:51	Registry Read: Path=SOFTWARE\WEHA\Aplikasi\3
30/01/2024 14:35:51	Registry Read/Write
30/01/2024 14:35:51	Registry Read: Path=SOFTWARE\WEHA\Aplikasi\3
31/01/2024 14:41:40	Get Local Settings
31/01/2024 14:41:40	Start Change Local Settings
31/01/2024 14:41:40	Could not change short date format
31/01/2024 14:41:40	Could not change long date format
31/01/2024 14:41:40	Finish Change Local Settings
31/01/2024 14:41:40	Registry Read: Path=SOFTWARE\WEHA\Aplikasi\3
31/01/2024 14:41:40	Registry Read/Write
31/01/2024 14:41:40	Registry Read: Path=SOFTWARE\WEHA\Aplikasi\3
31/01/2024 14:43:34	Get Local Settings
31/01/2024 14:43:34	Start Change Local Settings
31/01/2024 14:43:34	Could not change short date format
31/01/2024 14:43:34	Could not change long date format
31/01/2024 14:43:34	Finish Change Local Settings
31/01/2024 14:43:34	Registry Read: Path=SOFTWARE\WEHA\Aplikasi\3
31/01/2024 14:43:34	Registry Read/Write
31/01/2024 14:43:34	Registry Read: Path=SOFTWARE\WEHA\Aplikasi\3
31/01/2024 14:47:13	Get Local Settings
31/01/2024 14:47:13	Start Change Local Settings
31/01/2024 14:47:13	Could not change short date format
31/01/2024 14:47:13	Could not change long date format
31/01/2024 14:47:13	Finish Change Local Settings
31/01/2024 14:47:13	Registry Read: Path=SOFTWARE\WEHA\Aplikasi\3
31/01/2024 14:47:13	Registry Read/Write
31/01/2024 14:47:13	Registry Read: Path=SOFTWARE\WEHA\Aplikasi\3
31/01/2024 16:35:10	Get Local Settings
31/01/2024 16:35:10	Start Change Local Settings
31/01/2024 16:35:10	Could not change short date format
31/01/2024 16:35:10	Could not change long date format
31/01/2024 16:35:10	Finish Change Local Settings
31/01/2024 16:35:10	Registry Read: Path=SOFTWARE\WEHA\Aplikasi\3
31/01/2024 16:35:10	Registry Read/Write
31/01/2024 16:35:10	Registry Read: Path=SOFTWARE\WEHA\Aplikasi\3
01/02/2024 09:23:29	Get Local Settings
01/02/2024 09:23:29	Start Change Local Settings
01/02/2024 09:23:29	Could not change short date format
01/02/2024 09:23:29	Could not change long date format
01/02/2024 09:23:29	Finish Change Local Settings
01/02/2024 09:23:29	Registry Read: Path=SOFTWARE\WEHA\Aplikasi\3
01/02/2024 09:23:29	Registry Read/Write
01/02/2024 09:23:29	Registry Read: Path=SOFTWARE\WEHA\Aplikasi\3
01/02/2024 14:16:10	Get Local Settings
01/02/2024 14:16:10	Start Change Local Settings
01/02/2024 14:16:10	Could not change short date format
01/02/2024 14:16:10	Could not change long date format
01/02/2024 14:16:10	Finish Change Local Settings
01/02/2024 14:16:10	Registry Read: Path=SOFTWARE\WEHA\Aplikasi\3
01/02/2024 14:16:10	Registry Read/Write
01/02/2024 14:16:10	Registry Read: Path=SOFTWARE\WEHA\Aplikasi\3
01/02/2024 14:34:16	Get Local Settings
01/02/2024 14:34:16	Start Change Local Settings
01/02/2024 14:34:16	Could not change short date format
01/02/2024 14:34:16	Could not change long date format
01/02/2024 14:34:16	Finish Change Local Settings
01/02/2024 14:34:16	Registry Read: Path=SOFTWARE\WEHA\Aplikasi\3
01/02/2024 14:34:16	Registry Read/Write
01/02/2024 14:34:16	Registry Read: Path=SOFTWARE\WEHA\Aplikasi\3
02/02/2024 13:20:31	Get Local Settings
02/02/2024 13:20:31	Start Change Local Settings
02/02/2024 13:20:31	Could not change short date format
02/02/2024 13:20:31	Could not change long date format
02/02/2024 13:20:31	Finish Change Local Settings
02/02/2024 13:20:31	Registry Read: Path=SOFTWARE\WEHA\Aplikasi\3
02/02/2024 13:20:31	Registry Read/Write
02/02/2024 13:20:31	Registry Read: Path=SOFTWARE\WEHA\Aplikasi\3
02/02/2024 13:27:47	Get Local Settings
02/02/2024 13:27:47	Start Change Local Settings
02/02/2024 13:27:47	Could not change short date format
02/02/2024 13:27:47	Could not change long date format
02/02/2024 13:27:47	Finish Change Local Settings
02/02/2024 13:27:47	Registry Read: Path=SOFTWARE\WEHA\Aplikasi\3
02/02/2024 13:27:47	Registry Read/Write
02/02/2024 13:27:47	Registry Read: Path=SOFTWARE\WEHA\Aplikasi\3
02/02/2024 13:52:59	Get Local Settings
02/02/2024 13:52:59	Start Change Local Settings
02/02/2024 13:52:59	Could not change short date format
02/02/2024 13:52:59	Could not change long date format
02/02/2024 13:52:59	Finish Change Local Settings
02/02/2024 13:52:59	Registry Read: Path=SOFTWARE\WEHA\Aplikasi\3
02/02/2024 13:52:59	Registry Read/Write
02/02/2024 13:52:59	Registry Read: Path=SOFTWARE\WEHA\Aplikasi\3
02/02/2024 13:59:00	Get Local Settings
02/02/2024 13:59:00	Start Change Local Settings
02/02/2024 13:59:00	Could not change short date format
02/02/2024 13:59:00	Could not change long date format
02/02/2024 13:59:00	Finish Change Local Settings
02/02/2024 13:59:00	Registry Read: Path=SOFTWARE\WEHA\Aplikasi\3
02/02/2024 13:59:00	Registry Read/Write
02/02/2024 13:59:00	Registry Read: Path=SOFTWARE\WEHA\Aplikasi\3
02/02/2024 16:23:49	Get Local Settings
02/02/2024 16:23:49	Start Change Local Settings
02/02/2024 16:23:49	Could not change short date format
02/02/2024 16:23:49	Could not change long date format
02/02/2024 16:23:49	Finish Change Local Settings
02/02/2024 16:23:49	Registry Read: Path=SOFTWARE\WEHA\Aplikasi\3
02/02/2024 16:23:49	Registry Read/Write
02/02/2024 16:23:49	Registry Read: Path=SOFTWARE\WEHA\Aplikasi\3
03/02/2024 11:51:30	Get Local Settings
03/02/2024 11:51:30	Start Change Local Settings
03/02/2024 11:51:30	Could not change short date format
03/02/2024 11:51:30	Could not change long date format
03/02/2024 11:51:30	Finish Change Local Settings
03/02/2024 11:51:30	Registry Read: Path=SOFTWARE\WEHA\Aplikasi\3
03/02/2024 11:51:30	Registry Read/Write
03/02/2024 11:51:30	Registry Read: Path=SOFTWARE\WEHA\Aplikasi\3
23/02/2024 09:37:26	Get Local Settings
23/02/2024 09:37:26	Start Change Local Settings
23/02/2024 09:37:26	Could not change short date format
23/02/2024 09:37:26	Could not change long date format
23/02/2024 09:37:26	Finish Change Local Settings
23/02/2024 09:37:26	Registry Read: Path=SOFTWARE\WEHA\Aplikasi\3
23/02/2024 09:37:26	Registry Read/Write
23/02/2024 09:37:26	Registry Read: Path=SOFTWARE\WEHA\Aplikasi\3
24/02/2024 09:30:50	Get Local Settings
24/02/2024 09:30:50	Start Change Local Settings
24/02/2024 09:30:50	Could not change short date format
24/02/2024 09:30:50	Could not change long date format
24/02/2024 09:30:50	Finish Change Local Settings
24/02/2024 09:30:50	Registry Read: Path=SOFTWARE\WEHA\Aplikasi\3
24/02/2024 09:30:50	Registry Read/Write
24/02/2024 09:30:50	Registry Read: Path=SOFTWARE\WEHA\Aplikasi\3
01/03/2024 11:07:26	Get Local Settings
01/03/2024 11:07:26	Start Change Local Settings
01/03/2024 11:07:26	Could not change short date format
01/03/2024 11:07:26	Could not change long date format
01/03/2024 11:07:26	Finish Change Local Settings
01/03/2024 11:07:26	Registry Read: Path=SOFTWARE\WEHA\Aplikasi\3
01/03/2024 11:07:26	Registry Read/Write
01/03/2024 11:07:26	Registry Read: Path=SOFTWARE\WEHA\Aplikasi\3
01/03/2024 18:38:12	Get Local Settings
01/03/2024 18:38:12	Start Change Local Settings
01/03/2024 18:38:12	Could not change short date format
01/03/2024 18:38:12	Could not change long date format
01/03/2024 18:38:12	Finish Change Local Settings
01/03/2024 18:38:12	Registry Read: Path=SOFTWARE\WEHA\Aplikasi\3
01/03/2024 18:38:12	Registry Read/Write
01/03/2024 18:38:12	Registry Read: Path=SOFTWARE\WEHA\Aplikasi\3
04/03/2024 14:26:13	Get Local Settings
04/03/2024 14:26:13	Start Change Local Settings
04/03/2024 14:26:13	Could not change short date format
04/03/2024 14:26:13	Could not change long date format
04/03/2024 14:26:13	Finish Change Local Settings
04/03/2024 14:26:13	Registry Read: Path=SOFTWARE\WEHA\Aplikasi\3
04/03/2024 14:26:13	Registry Read/Write
04/03/2024 14:26:13	Registry Read: Path=SOFTWARE\WEHA\Aplikasi\3
04/03/2024 14:50:01	Get Local Settings
04/03/2024 14:50:01	Start Change Local Settings
04/03/2024 14:50:01	Could not change short date format
04/03/2024 14:50:01	Could not change long date format
04/03/2024 14:50:01	Finish Change Local Settings
04/03/2024 14:50:01	Registry Read: Path=SOFTWARE\WEHA\Aplikasi\3
04/03/2024 14:50:01	Registry Read/Write
04/03/2024 14:50:01	Registry Read: Path=SOFTWARE\WEHA\Aplikasi\3
04/03/2024 14:56:05	Get Local Settings
04/03/2024 14:56:05	Start Change Local Settings
04/03/2024 14:56:05	Could not change short date format
04/03/2024 14:56:05	Could not change long date format
04/03/2024 14:56:05	Finish Change Local Settings
04/03/2024 14:56:05	Registry Read: Path=SOFTWARE\WEHA\Aplikasi\3
04/03/2024 14:56:05	Registry Read/Write
04/03/2024 14:56:05	Registry Read: Path=SOFTWARE\WEHA\Aplikasi\3
04/03/2024 17:22:49	Get Local Settings
04/03/2024 17:22:49	Start Change Local Settings
04/03/2024 17:22:49	Could not change short date format
04/03/2024 17:22:49	Could not change long date format
04/03/2024 17:22:49	Finish Change Local Settings
04/03/2024 17:22:49	Registry Read: Path=SOFTWARE\WEHA\Aplikasi\3
04/03/2024 17:22:49	Registry Read/Write
04/03/2024 17:22:49	Registry Read: Path=SOFTWARE\WEHA\Aplikasi\3
04/03/2024 17:25:12	Get Local Settings
04/03/2024 17:25:12	Start Change Local Settings
04/03/2024 17:25:12	Could not change short date format
04/03/2024 17:25:12	Could not change long date format
04/03/2024 17:25:12	Finish Change Local Settings
04/03/2024 17:25:12	Registry Read: Path=SOFTWARE\WEHA\Aplikasi\3
04/03/2024 17:25:12	Registry Read/Write
04/03/2024 17:25:12	Registry Read: Path=SOFTWARE\WEHA\Aplikasi\3
04/03/2024 18:31:16	Get Local Settings
04/03/2024 18:31:16	Start Change Local Settings
04/03/2024 18:31:16	Could not change short date format
04/03/2024 18:31:16	Could not change long date format
04/03/2024 18:31:16	Finish Change Local Settings
04/03/2024 18:31:16	Registry Read: Path=SOFTWARE\WEHA\Aplikasi\3
04/03/2024 18:31:16	Registry Read/Write
04/03/2024 18:31:16	Registry Read: Path=SOFTWARE\WEHA\Aplikasi\3
05/03/2024 11:29:03	Get Local Settings
05/03/2024 11:29:03	Start Change Local Settings
05/03/2024 11:29:03	Could not change short date format
05/03/2024 11:29:03	Could not change long date format
05/03/2024 11:29:03	Finish Change Local Settings
05/03/2024 11:29:03	Registry Read: Path=SOFTWARE\WEHA\Aplikasi\3
05/03/2024 11:29:03	Registry Read/Write
05/03/2024 11:29:03	Registry Read: Path=SOFTWARE\WEHA\Aplikasi\3
05/03/2024 11:30:05	Get Local Settings
05/03/2024 11:30:05	Start Change Local Settings
05/03/2024 11:30:05	Could not change short date format
05/03/2024 11:30:05	Could not change long date format
05/03/2024 11:30:05	Finish Change Local Settings
05/03/2024 11:30:05	Registry Read: Path=SOFTWARE\WEHA\Aplikasi\3
05/03/2024 11:30:05	Registry Read/Write
05/03/2024 11:30:05	Registry Read: Path=SOFTWARE\WEHA\Aplikasi\3
08/03/2024 11:28:35	Get Local Settings
08/03/2024 11:28:35	Start Change Local Settings
08/03/2024 11:28:35	Could not change short date format
08/03/2024 11:28:35	Could not change long date format
08/03/2024 11:28:35	Finish Change Local Settings
08/03/2024 11:28:35	Registry Read: Path=SOFTWARE\WEHA\Aplikasi\3
08/03/2024 11:28:35	Registry Read/Write
08/03/2024 11:28:35	Registry Read: Path=SOFTWARE\WEHA\Aplikasi\3
08/03/2024 11:31:31	Get Local Settings
08/03/2024 11:31:31	Start Change Local Settings
08/03/2024 11:31:31	Could not change short date format
08/03/2024 11:31:31	Could not change long date format
08/03/2024 11:31:31	Finish Change Local Settings
08/03/2024 11:31:31	Registry Read: Path=SOFTWARE\WEHA\Aplikasi\3
08/03/2024 11:31:31	Registry Read/Write
08/03/2024 11:31:31	Registry Read: Path=SOFTWARE\WEHA\Aplikasi\3
08/03/2024 13:41:01	Get Local Settings
08/03/2024 13:41:01	Start Change Local Settings
08/03/2024 13:41:01	Could not change short date format
08/03/2024 13:41:01	Could not change long date format
08/03/2024 13:41:01	Finish Change Local Settings
08/03/2024 13:41:01	Registry Read: Path=SOFTWARE\WEHA\Aplikasi\3
08/03/2024 13:41:01	Registry Read/Write
08/03/2024 13:41:01	Registry Read: Path=SOFTWARE\WEHA\Aplikasi\3
08/03/2024 14:04:03	Get Local Settings
08/03/2024 14:04:03	Start Change Local Settings
08/03/2024 14:04:03	Could not change short date format
08/03/2024 14:04:03	Could not change long date format
08/03/2024 14:04:03	Finish Change Local Settings
08/03/2024 14:04:03	Registry Read: Path=SOFTWARE\WEHA\Aplikasi\3
08/03/2024 14:04:03	Registry Read/Write
08/03/2024 14:04:03	Registry Read: Path=SOFTWARE\WEHA\Aplikasi\3
08/03/2024 14:30:47	Get Local Settings
08/03/2024 14:30:47	Start Change Local Settings
08/03/2024 14:30:47	Could not change short date format
08/03/2024 14:30:47	Could not change long date format
08/03/2024 14:30:47	Finish Change Local Settings
08/03/2024 14:30:47	Registry Read: Path=SOFTWARE\WEHA\Aplikasi\3
08/03/2024 14:30:47	Registry Read/Write
08/03/2024 14:30:47	Registry Read: Path=SOFTWARE\WEHA\Aplikasi\3
08/03/2024 14:43:01	Get Local Settings
08/03/2024 14:43:01	Start Change Local Settings
08/03/2024 14:43:01	Could not change short date format
08/03/2024 14:43:01	Could not change long date format
08/03/2024 14:43:01	Finish Change Local Settings
08/03/2024 14:43:01	Registry Read: Path=SOFTWARE\WEHA\Aplikasi\3
08/03/2024 14:43:01	Registry Read/Write
08/03/2024 14:43:01	Registry Read: Path=SOFTWARE\WEHA\Aplikasi\3
08/03/2024 14:44:54	Get Local Settings
08/03/2024 14:44:54	Start Change Local Settings
08/03/2024 14:44:54	Could not change short date format
08/03/2024 14:44:54	Could not change long date format
08/03/2024 14:44:54	Finish Change Local Settings
08/03/2024 14:44:54	Registry Read: Path=SOFTWARE\WEHA\Aplikasi\3
08/03/2024 14:44:54	Registry Read/Write
08/03/2024 14:44:54	Registry Read: Path=SOFTWARE\WEHA\Aplikasi\3
08/03/2024 14:55:29	Get Local Settings
08/03/2024 14:55:29	Start Change Local Settings
08/03/2024 14:55:29	Could not change short date format
08/03/2024 14:55:29	Could not change long date format
08/03/2024 14:55:29	Finish Change Local Settings
08/03/2024 14:55:29	Registry Read: Path=SOFTWARE\WEHA\Aplikasi\3
08/03/2024 14:55:29	Registry Read/Write
08/03/2024 14:55:29	Registry Read: Path=SOFTWARE\WEHA\Aplikasi\3
08/03/2024 14:59:15	Get Local Settings
08/03/2024 14:59:15	Start Change Local Settings
08/03/2024 14:59:15	Could not change short date format
08/03/2024 14:59:15	Could not change long date format
08/03/2024 14:59:15	Finish Change Local Settings
08/03/2024 14:59:15	Registry Read: Path=SOFTWARE\WEHA\Aplikasi\3
08/03/2024 14:59:15	Registry Read/Write
08/03/2024 14:59:15	Registry Read: Path=SOFTWARE\WEHA\Aplikasi\3
08/03/2024 15:05:05	Get Local Settings
08/03/2024 15:05:05	Start Change Local Settings
08/03/2024 15:05:05	Could not change short date format
08/03/2024 15:05:05	Could not change long date format
08/03/2024 15:05:05	Finish Change Local Settings
08/03/2024 15:05:05	Registry Read: Path=SOFTWARE\WEHA\Aplikasi\3
08/03/2024 15:05:05	Registry Read/Write
08/03/2024 15:05:05	Registry Read: Path=SOFTWARE\WEHA\Aplikasi\3
08/03/2024 15:15:27	Get Local Settings
08/03/2024 15:15:27	Start Change Local Settings
08/03/2024 15:15:27	Could not change short date format
08/03/2024 15:15:27	Could not change long date format
08/03/2024 15:15:27	Finish Change Local Settings
08/03/2024 15:15:27	Registry Read: Path=SOFTWARE\WEHA\Aplikasi\3
08/03/2024 15:15:27	Registry Read/Write
08/03/2024 15:15:27	Registry Read: Path=SOFTWARE\WEHA\Aplikasi\3
08/03/2024 15:18:54	Get Local Settings
08/03/2024 15:18:54	Start Change Local Settings
08/03/2024 15:18:54	Could not change short date format
08/03/2024 15:18:54	Could not change long date format
08/03/2024 15:18:54	Finish Change Local Settings
08/03/2024 15:18:54	Registry Read: Path=SOFTWARE\WEHA\Aplikasi\3
08/03/2024 15:18:54	Registry Read/Write
08/03/2024 15:18:54	Registry Read: Path=SOFTWARE\WEHA\Aplikasi\3
08/03/2024 15:22:00	Get Local Settings
08/03/2024 15:22:00	Start Change Local Settings
08/03/2024 15:22:00	Could not change short date format
08/03/2024 15:22:00	Could not change long date format
08/03/2024 15:22:00	Finish Change Local Settings
08/03/2024 15:22:00	Registry Read: Path=SOFTWARE\WEHA\Aplikasi\3
08/03/2024 15:22:00	Registry Read/Write
08/03/2024 15:22:00	Registry Read: Path=SOFTWARE\WEHA\Aplikasi\3
08/03/2024 15:24:03	Get Local Settings
08/03/2024 15:24:03	Start Change Local Settings
08/03/2024 15:24:03	Could not change short date format
08/03/2024 15:24:03	Could not change long date format
08/03/2024 15:24:03	Finish Change Local Settings
08/03/2024 15:24:03	Registry Read: Path=SOFTWARE\WEHA\Aplikasi\3
08/03/2024 15:24:03	Registry Read/Write
08/03/2024 15:24:03	Registry Read: Path=SOFTWARE\WEHA\Aplikasi\3
08/03/2024 15:30:25	Get Local Settings
08/03/2024 15:30:25	Start Change Local Settings
08/03/2024 15:30:25	Could not change short date format
08/03/2024 15:30:25	Could not change long date format
08/03/2024 15:30:25	Finish Change Local Settings
08/03/2024 15:30:25	Registry Read: Path=SOFTWARE\WEHA\Aplikasi\3
08/03/2024 15:30:25	Registry Read/Write
08/03/2024 15:30:25	Registry Read: Path=SOFTWARE\WEHA\Aplikasi\3
08/03/2024 15:45:45	Get Local Settings
08/03/2024 15:45:45	Start Change Local Settings
08/03/2024 15:45:45	Could not change short date format
08/03/2024 15:45:45	Could not change long date format
08/03/2024 15:45:45	Finish Change Local Settings
08/03/2024 15:45:45	Registry Read: Path=SOFTWARE\WEHA\Aplikasi\3
08/03/2024 15:45:45	Registry Read/Write
08/03/2024 15:45:45	Registry Read: Path=SOFTWARE\WEHA\Aplikasi\3
13/03/2024 09:44:33	Get Local Settings
13/03/2024 09:44:33	Start Change Local Settings
13/03/2024 09:44:33	Could not change short date format
13/03/2024 09:44:33	Could not change long date format
13/03/2024 09:44:33	Finish Change Local Settings
13/03/2024 09:44:33	Registry Read: Path=SOFTWARE\WEHA\Aplikasi\3
13/03/2024 09:44:33	Registry Read/Write
13/03/2024 09:44:33	Registry Read: Path=SOFTWARE\WEHA\Aplikasi\3
13/03/2024 10:15:26	Get Local Settings
13/03/2024 10:15:26	Start Change Local Settings
13/03/2024 10:15:26	Could not change short date format
13/03/2024 10:15:26	Could not change long date format
13/03/2024 10:15:26	Finish Change Local Settings
13/03/2024 10:15:26	Registry Read: Path=SOFTWARE\WEHA\Aplikasi\3
13/03/2024 10:15:26	Registry Read/Write
13/03/2024 10:15:26	Registry Read: Path=SOFTWARE\WEHA\Aplikasi\3
13/03/2024 10:36:50	Get Local Settings
13/03/2024 10:36:50	Start Change Local Settings
13/03/2024 10:36:50	Could not change short date format
13/03/2024 10:36:50	Could not change long date format
13/03/2024 10:36:50	Finish Change Local Settings
13/03/2024 10:36:50	Registry Read: Path=SOFTWARE\WEHA\Aplikasi\3
13/03/2024 10:36:50	Registry Read/Write
13/03/2024 10:36:50	Registry Read: Path=SOFTWARE\WEHA\Aplikasi\3
13/03/2024 10:44:48	Get Local Settings
13/03/2024 10:44:48	Start Change Local Settings
13/03/2024 10:44:48	Could not change short date format
13/03/2024 10:44:48	Could not change long date format
13/03/2024 10:44:48	Finish Change Local Settings
13/03/2024 10:44:48	Registry Read: Path=SOFTWARE\WEHA\Aplikasi\3
13/03/2024 10:44:48	Registry Read/Write
13/03/2024 10:44:48	Registry Read: Path=SOFTWARE\WEHA\Aplikasi\3
13/03/2024 10:46:46	Get Local Settings
13/03/2024 10:46:46	Start Change Local Settings
13/03/2024 10:46:46	Could not change short date format
13/03/2024 10:46:46	Could not change long date format
13/03/2024 10:46:46	Finish Change Local Settings
13/03/2024 10:46:46	Registry Read: Path=SOFTWARE\WEHA\Aplikasi\3
13/03/2024 10:46:46	Registry Read/Write
13/03/2024 10:46:46	Registry Read: Path=SOFTWARE\WEHA\Aplikasi\3
13/03/2024 10:51:28	Get Local Settings
13/03/2024 10:51:28	Start Change Local Settings
13/03/2024 10:51:28	Could not change short date format
13/03/2024 10:51:28	Could not change long date format
13/03/2024 10:51:28	Finish Change Local Settings
13/03/2024 10:51:28	Registry Read: Path=SOFTWARE\WEHA\Aplikasi\3
13/03/2024 10:51:28	Registry Read/Write
13/03/2024 10:51:28	Registry Read: Path=SOFTWARE\WEHA\Aplikasi\3
13/03/2024 10:54:42	Get Local Settings
13/03/2024 10:54:42	Start Change Local Settings
13/03/2024 10:54:42	Could not change short date format
13/03/2024 10:54:42	Could not change long date format
13/03/2024 10:54:42	Finish Change Local Settings
13/03/2024 10:54:42	Registry Read: Path=SOFTWARE\WEHA\Aplikasi\3
13/03/2024 10:54:42	Registry Read/Write
13/03/2024 10:54:42	Registry Read: Path=SOFTWARE\WEHA\Aplikasi\3
13/03/2024 10:58:04	Get Local Settings
13/03/2024 10:58:04	Start Change Local Settings
13/03/2024 10:58:04	Could not change short date format
13/03/2024 10:58:04	Could not change long date format
13/03/2024 10:58:04	Finish Change Local Settings
13/03/2024 10:58:04	Registry Read: Path=SOFTWARE\WEHA\Aplikasi\3
13/03/2024 10:58:04	Registry Read/Write
13/03/2024 10:58:04	Registry Read: Path=SOFTWARE\WEHA\Aplikasi\3
13/03/2024 11:03:51	Get Local Settings
13/03/2024 11:03:51	Start Change Local Settings
13/03/2024 11:03:51	Could not change short date format
13/03/2024 11:03:51	Could not change long date format
13/03/2024 11:03:51	Finish Change Local Settings
13/03/2024 11:03:51	Registry Read: Path=SOFTWARE\WEHA\Aplikasi\3
13/03/2024 11:03:51	Registry Read/Write
13/03/2024 11:03:51	Registry Read: Path=SOFTWARE\WEHA\Aplikasi\3
13/03/2024 11:07:56	Get Local Settings
13/03/2024 11:07:56	Start Change Local Settings
13/03/2024 11:07:56	Could not change short date format
13/03/2024 11:07:56	Could not change long date format
13/03/2024 11:07:56	Finish Change Local Settings
13/03/2024 11:07:56	Registry Read: Path=SOFTWARE\WEHA\Aplikasi\3
13/03/2024 11:07:56	Registry Read/Write
13/03/2024 11:07:56	Registry Read: Path=SOFTWARE\WEHA\Aplikasi\3
13/03/2024 11:15:19	Get Local Settings
13/03/2024 11:15:19	Start Change Local Settings
13/03/2024 11:15:19	Could not change short date format
13/03/2024 11:15:19	Could not change long date format
13/03/2024 11:15:19	Finish Change Local Settings
13/03/2024 11:15:19	Registry Read: Path=SOFTWARE\WEHA\Aplikasi\3
13/03/2024 11:15:19	Registry Read/Write
13/03/2024 11:15:19	Registry Read: Path=SOFTWARE\WEHA\Aplikasi\3
13/03/2024 11:19:04	Get Local Settings
13/03/2024 11:19:04	Start Change Local Settings
13/03/2024 11:19:04	Could not change short date format
13/03/2024 11:19:04	Could not change long date format
13/03/2024 11:19:04	Finish Change Local Settings
13/03/2024 11:19:04	Registry Read: Path=SOFTWARE\WEHA\Aplikasi\3
13/03/2024 11:19:04	Registry Read/Write
13/03/2024 11:19:04	Registry Read: Path=SOFTWARE\WEHA\Aplikasi\3
13/03/2024 11:21:20	Get Local Settings
13/03/2024 11:21:20	Start Change Local Settings
13/03/2024 11:21:20	Could not change short date format
13/03/2024 11:21:20	Could not change long date format
13/03/2024 11:21:20	Finish Change Local Settings
13/03/2024 11:21:20	Registry Read: Path=SOFTWARE\WEHA\Aplikasi\3
13/03/2024 11:21:20	Registry Read/Write
13/03/2024 11:21:20	Registry Read: Path=SOFTWARE\WEHA\Aplikasi\3
13/03/2024 11:32:48	Get Local Settings
13/03/2024 11:32:48	Start Change Local Settings
13/03/2024 11:32:48	Could not change short date format
13/03/2024 11:32:48	Could not change long date format
13/03/2024 11:32:48	Finish Change Local Settings
13/03/2024 11:32:48	Registry Read: Path=SOFTWARE\WEHA\Aplikasi\3
13/03/2024 11:32:48	Registry Read/Write
13/03/2024 11:32:48	Registry Read: Path=SOFTWARE\WEHA\Aplikasi\3
13/03/2024 11:37:08	Get Local Settings
13/03/2024 11:37:08	Start Change Local Settings
13/03/2024 11:37:08	Could not change short date format
13/03/2024 11:37:08	Could not change long date format
13/03/2024 11:37:08	Finish Change Local Settings
13/03/2024 11:37:08	Registry Read: Path=SOFTWARE\WEHA\Aplikasi\3
13/03/2024 11:37:08	Registry Read/Write
13/03/2024 11:37:08	Registry Read: Path=SOFTWARE\WEHA\Aplikasi\3
13/03/2024 11:44:46	Get Local Settings
13/03/2024 11:44:46	Start Change Local Settings
13/03/2024 11:44:46	Could not change short date format
13/03/2024 11:44:46	Could not change long date format
13/03/2024 11:44:46	Finish Change Local Settings
13/03/2024 11:44:46	Registry Read: Path=SOFTWARE\WEHA\Aplikasi\3
13/03/2024 11:44:46	Registry Read/Write
13/03/2024 11:44:46	Registry Read: Path=SOFTWARE\WEHA\Aplikasi\3
13/03/2024 11:59:56	Get Local Settings
13/03/2024 11:59:56	Start Change Local Settings
13/03/2024 11:59:56	Could not change short date format
13/03/2024 11:59:56	Could not change long date format
13/03/2024 11:59:56	Finish Change Local Settings
13/03/2024 11:59:56	Registry Read: Path=SOFTWARE\WEHA\Aplikasi\3
13/03/2024 11:59:56	Registry Read/Write
13/03/2024 11:59:56	Registry Read: Path=SOFTWARE\WEHA\Aplikasi\3
13/03/2024 12:01:56	Get Local Settings
13/03/2024 12:01:56	Start Change Local Settings
13/03/2024 12:01:56	Could not change short date format
13/03/2024 12:01:56	Could not change long date format
13/03/2024 12:01:56	Finish Change Local Settings
13/03/2024 12:01:56	Registry Read: Path=SOFTWARE\WEHA\Aplikasi\3
13/03/2024 12:01:56	Registry Read/Write
13/03/2024 12:01:56	Registry Read: Path=SOFTWARE\WEHA\Aplikasi\3
13/03/2024 13:05:08	Get Local Settings
13/03/2024 13:05:08	Start Change Local Settings
13/03/2024 13:05:08	Could not change short date format
13/03/2024 13:05:08	Could not change long date format
13/03/2024 13:05:08	Finish Change Local Settings
13/03/2024 13:05:08	Registry Read: Path=SOFTWARE\WEHA\Aplikasi\3
13/03/2024 13:05:08	Registry Read/Write
13/03/2024 13:05:08	Registry Read: Path=SOFTWARE\WEHA\Aplikasi\3
13/03/2024 13:09:35	Get Local Settings
13/03/2024 13:09:35	Start Change Local Settings
13/03/2024 13:09:35	Could not change short date format
13/03/2024 13:09:35	Could not change long date format
13/03/2024 13:09:35	Finish Change Local Settings
13/03/2024 13:09:35	Registry Read: Path=SOFTWARE\WEHA\Aplikasi\3
13/03/2024 13:09:35	Registry Read/Write
13/03/2024 13:09:35	Registry Read: Path=SOFTWARE\WEHA\Aplikasi\3
13/03/2024 13:14:39	Get Local Settings
13/03/2024 13:14:39	Start Change Local Settings
13/03/2024 13:14:39	Could not change short date format
13/03/2024 13:14:39	Could not change long date format
13/03/2024 13:14:39	Finish Change Local Settings
13/03/2024 13:14:39	Registry Read: Path=SOFTWARE\WEHA\Aplikasi\3
13/03/2024 13:14:39	Registry Read/Write
13/03/2024 13:14:39	Registry Read: Path=SOFTWARE\WEHA\Aplikasi\3
13/03/2024 13:34:58	Get Local Settings
13/03/2024 13:34:58	Start Change Local Settings
13/03/2024 13:34:58	Could not change short date format
13/03/2024 13:34:58	Could not change long date format
13/03/2024 13:34:58	Finish Change Local Settings
13/03/2024 13:34:58	Registry Read: Path=SOFTWARE\WEHA\Aplikasi\3
13/03/2024 13:34:58	Registry Read/Write
13/03/2024 13:34:58	Registry Read: Path=SOFTWARE\WEHA\Aplikasi\3
13/03/2024 13:53:11	Get Local Settings
13/03/2024 13:53:11	Start Change Local Settings
13/03/2024 13:53:11	Could not change short date format
13/03/2024 13:53:11	Could not change long date format
13/03/2024 13:53:11	Finish Change Local Settings
13/03/2024 13:53:11	Registry Read: Path=SOFTWARE\WEHA\Aplikasi\3
13/03/2024 13:53:11	Registry Read/Write
13/03/2024 13:53:11	Registry Read: Path=SOFTWARE\WEHA\Aplikasi\3
13/03/2024 14:07:27	Get Local Settings
13/03/2024 14:07:27	Start Change Local Settings
13/03/2024 14:07:27	Could not change short date format
13/03/2024 14:07:27	Could not change long date format
13/03/2024 14:07:27	Finish Change Local Settings
13/03/2024 14:07:27	Registry Read: Path=SOFTWARE\WEHA\Aplikasi\3
13/03/2024 14:07:27	Registry Read/Write
13/03/2024 14:07:27	Registry Read: Path=SOFTWARE\WEHA\Aplikasi\3
13/03/2024 14:14:22	Get Local Settings
13/03/2024 14:14:22	Start Change Local Settings
13/03/2024 14:14:22	Could not change short date format
13/03/2024 14:14:22	Could not change long date format
13/03/2024 14:14:22	Finish Change Local Settings
13/03/2024 14:14:22	Registry Read: Path=SOFTWARE\WEHA\Aplikasi\3
13/03/2024 14:14:22	Registry Read/Write
13/03/2024 14:14:22	Registry Read: Path=SOFTWARE\WEHA\Aplikasi\3
13/03/2024 14:19:36	Get Local Settings
13/03/2024 14:19:36	Start Change Local Settings
13/03/2024 14:19:36	Could not change short date format
13/03/2024 14:19:36	Could not change long date format
13/03/2024 14:19:36	Finish Change Local Settings
13/03/2024 14:19:36	Registry Read: Path=SOFTWARE\WEHA\Aplikasi\3
13/03/2024 14:19:36	Registry Read/Write
13/03/2024 14:19:36	Registry Read: Path=SOFTWARE\WEHA\Aplikasi\3
13/03/2024 14:41:07	Get Local Settings
13/03/2024 14:41:07	Start Change Local Settings
13/03/2024 14:41:07	Could not change short date format
13/03/2024 14:41:07	Could not change long date format
13/03/2024 14:41:07	Finish Change Local Settings
13/03/2024 14:41:07	Registry Read: Path=SOFTWARE\WEHA\Aplikasi\3
13/03/2024 14:41:07	Registry Read/Write
13/03/2024 14:41:07	Registry Read: Path=SOFTWARE\WEHA\Aplikasi\3
13/03/2024 14:48:48	Get Local Settings
13/03/2024 14:48:48	Start Change Local Settings
13/03/2024 14:48:48	Could not change short date format
13/03/2024 14:48:48	Could not change long date format
13/03/2024 14:48:48	Finish Change Local Settings
13/03/2024 14:48:48	Registry Read: Path=SOFTWARE\WEHA\Aplikasi\3
13/03/2024 14:48:48	Registry Read/Write
13/03/2024 14:48:48	Registry Read: Path=SOFTWARE\WEHA\Aplikasi\3
13/03/2024 14:53:26	Get Local Settings
13/03/2024 14:53:26	Start Change Local Settings
13/03/2024 14:53:26	Could not change short date format
13/03/2024 14:53:26	Could not change long date format
13/03/2024 14:53:26	Finish Change Local Settings
13/03/2024 14:53:26	Registry Read: Path=SOFTWARE\WEHA\Aplikasi\3
13/03/2024 14:53:26	Registry Read/Write
13/03/2024 14:53:26	Registry Read: Path=SOFTWARE\WEHA\Aplikasi\3
13/03/2024 14:57:52	Get Local Settings
13/03/2024 14:57:52	Start Change Local Settings
13/03/2024 14:57:52	Could not change short date format
13/03/2024 14:57:52	Could not change long date format
13/03/2024 14:57:52	Finish Change Local Settings
13/03/2024 14:57:52	Registry Read: Path=SOFTWARE\WEHA\Aplikasi\3
13/03/2024 14:57:52	Registry Read/Write
13/03/2024 14:57:52	Registry Read: Path=SOFTWARE\WEHA\Aplikasi\3
13/03/2024 15:03:42	Get Local Settings
13/03/2024 15:03:42	Start Change Local Settings
13/03/2024 15:03:42	Could not change short date format
13/03/2024 15:03:42	Could not change long date format
13/03/2024 15:03:42	Finish Change Local Settings
13/03/2024 15:03:42	Registry Read: Path=SOFTWARE\WEHA\Aplikasi\3
13/03/2024 15:03:42	Registry Read/Write
13/03/2024 15:03:42	Registry Read: Path=SOFTWARE\WEHA\Aplikasi\3
13/03/2024 15:20:51	Get Local Settings
13/03/2024 15:20:51	Start Change Local Settings
13/03/2024 15:20:51	Could not change short date format
13/03/2024 15:20:51	Could not change long date format
13/03/2024 15:20:51	Finish Change Local Settings
13/03/2024 15:20:51	Registry Read: Path=SOFTWARE\WEHA\Aplikasi\3
13/03/2024 15:20:51	Registry Read/Write
13/03/2024 15:20:51	Registry Read: Path=SOFTWARE\WEHA\Aplikasi\3
13/03/2024 15:27:05	Get Local Settings
13/03/2024 15:27:05	Start Change Local Settings
13/03/2024 15:27:05	Could not change short date format
13/03/2024 15:27:05	Could not change long date format
13/03/2024 15:27:05	Finish Change Local Settings
13/03/2024 15:27:05	Registry Read: Path=SOFTWARE\WEHA\Aplikasi\3
13/03/2024 15:27:05	Registry Read/Write
13/03/2024 15:27:05	Registry Read: Path=SOFTWARE\WEHA\Aplikasi\3
13/03/2024 15:28:42	Get Local Settings
13/03/2024 15:28:42	Start Change Local Settings
13/03/2024 15:28:42	Could not change short date format
13/03/2024 15:28:42	Could not change long date format
13/03/2024 15:28:42	Finish Change Local Settings
13/03/2024 15:28:42	Registry Read: Path=SOFTWARE\WEHA\Aplikasi\3
13/03/2024 15:28:42	Registry Read/Write
13/03/2024 15:28:43	Registry Read: Path=SOFTWARE\WEHA\Aplikasi\3
13/03/2024 15:31:02	Get Local Settings
13/03/2024 15:31:02	Start Change Local Settings
13/03/2024 15:31:02	Could not change short date format
13/03/2024 15:31:02	Could not change long date format
13/03/2024 15:31:02	Finish Change Local Settings
13/03/2024 15:31:02	Registry Read: Path=SOFTWARE\WEHA\Aplikasi\3
13/03/2024 15:31:02	Registry Read/Write
13/03/2024 15:31:02	Registry Read: Path=SOFTWARE\WEHA\Aplikasi\3
13/03/2024 15:36:05	Get Local Settings
13/03/2024 15:36:05	Start Change Local Settings
13/03/2024 15:36:05	Could not change short date format
13/03/2024 15:36:05	Could not change long date format
13/03/2024 15:36:05	Finish Change Local Settings
13/03/2024 15:36:05	Registry Read: Path=SOFTWARE\WEHA\Aplikasi\3
13/03/2024 15:36:05	Registry Read/Write
13/03/2024 15:36:05	Registry Read: Path=SOFTWARE\WEHA\Aplikasi\3
13/03/2024 15:41:50	Get Local Settings
13/03/2024 15:41:50	Start Change Local Settings
13/03/2024 15:41:50	Could not change short date format
13/03/2024 15:41:50	Could not change long date format
13/03/2024 15:41:50	Finish Change Local Settings
13/03/2024 15:41:50	Registry Read: Path=SOFTWARE\WEHA\Aplikasi\3
13/03/2024 15:41:50	Registry Read/Write
13/03/2024 15:41:50	Registry Read: Path=SOFTWARE\WEHA\Aplikasi\3
13/03/2024 16:14:30	Get Local Settings
13/03/2024 16:14:30	Start Change Local Settings
13/03/2024 16:14:30	Could not change short date format
13/03/2024 16:14:30	Could not change long date format
13/03/2024 16:14:30	Finish Change Local Settings
13/03/2024 16:14:30	Registry Read: Path=SOFTWARE\WEHA\Aplikasi\3
13/03/2024 16:14:30	Registry Read/Write
13/03/2024 16:14:30	Registry Read: Path=SOFTWARE\WEHA\Aplikasi\3
13/03/2024 16:15:49	Get Local Settings
13/03/2024 16:15:49	Start Change Local Settings
13/03/2024 16:15:49	Could not change short date format
13/03/2024 16:15:49	Could not change long date format
13/03/2024 16:15:49	Finish Change Local Settings
13/03/2024 16:15:49	Registry Read: Path=SOFTWARE\WEHA\Aplikasi\3
13/03/2024 16:15:49	Registry Read/Write
13/03/2024 16:15:49	Registry Read: Path=SOFTWARE\WEHA\Aplikasi\3
13/03/2024 16:17:46	Get Local Settings
13/03/2024 16:17:46	Start Change Local Settings
13/03/2024 16:17:46	Could not change short date format
13/03/2024 16:17:46	Could not change long date format
13/03/2024 16:17:46	Finish Change Local Settings
13/03/2024 16:17:46	Registry Read: Path=SOFTWARE\WEHA\Aplikasi\3
13/03/2024 16:17:46	Registry Read/Write
13/03/2024 16:17:46	Registry Read: Path=SOFTWARE\WEHA\Aplikasi\3
13/03/2024 17:30:25	Get Local Settings
13/03/2024 17:30:25	Start Change Local Settings
13/03/2024 17:30:25	Could not change short date format
13/03/2024 17:30:25	Could not change long date format
13/03/2024 17:30:25	Finish Change Local Settings
13/03/2024 17:30:25	Registry Read: Path=SOFTWARE\WEHA\Aplikasi\3
13/03/2024 17:30:25	Registry Read/Write
13/03/2024 17:30:25	Registry Read: Path=SOFTWARE\WEHA\Aplikasi\3
14/03/2024 09:19:16	Get Local Settings
14/03/2024 09:19:16	Start Change Local Settings
14/03/2024 09:19:16	Could not change short date format
14/03/2024 09:19:16	Could not change long date format
14/03/2024 09:19:16	Finish Change Local Settings
14/03/2024 09:19:16	Registry Read: Path=SOFTWARE\WEHA\Aplikasi\3
14/03/2024 09:19:16	Registry Read/Write
14/03/2024 09:19:16	Registry Read: Path=SOFTWARE\WEHA\Aplikasi\3
14/03/2024 09:20:52	Get Local Settings
14/03/2024 09:20:52	Start Change Local Settings
14/03/2024 09:20:52	Could not change short date format
14/03/2024 09:20:52	Could not change long date format
14/03/2024 09:20:52	Finish Change Local Settings
14/03/2024 09:20:52	Registry Read: Path=SOFTWARE\WEHA\Aplikasi\3
14/03/2024 09:20:52	Registry Read/Write
14/03/2024 09:20:52	Registry Read: Path=SOFTWARE\WEHA\Aplikasi\3
14/03/2024 10:33:18	Get Local Settings
14/03/2024 10:33:18	Start Change Local Settings
14/03/2024 10:33:18	Could not change short date format
14/03/2024 10:33:18	Could not change long date format
14/03/2024 10:33:18	Finish Change Local Settings
14/03/2024 10:33:18	Registry Read: Path=SOFTWARE\WEHA\Aplikasi\3
14/03/2024 10:33:18	Registry Read/Write
14/03/2024 10:33:18	Registry Read: Path=SOFTWARE\WEHA\Aplikasi\3
14/03/2024 11:02:52	Get Local Settings
14/03/2024 11:02:52	Start Change Local Settings
14/03/2024 11:02:52	Could not change short date format
14/03/2024 11:02:52	Could not change long date format
14/03/2024 11:02:52	Finish Change Local Settings
14/03/2024 11:02:52	Registry Read: Path=SOFTWARE\WEHA\Aplikasi\3
14/03/2024 11:02:52	Registry Read/Write
14/03/2024 11:02:52	Registry Read: Path=SOFTWARE\WEHA\Aplikasi\3
14/03/2024 11:05:03	Get Local Settings
14/03/2024 11:05:03	Start Change Local Settings
14/03/2024 11:05:03	Could not change short date format
14/03/2024 11:05:03	Could not change long date format
14/03/2024 11:05:03	Finish Change Local Settings
14/03/2024 11:05:03	Registry Read: Path=SOFTWARE\WEHA\Aplikasi\3
14/03/2024 11:05:03	Registry Read/Write
14/03/2024 11:05:03	Registry Read: Path=SOFTWARE\WEHA\Aplikasi\3
14/03/2024 11:07:01	Get Local Settings
14/03/2024 11:07:01	Start Change Local Settings
14/03/2024 11:07:01	Could not change short date format
14/03/2024 11:07:01	Could not change long date format
14/03/2024 11:07:01	Finish Change Local Settings
14/03/2024 11:07:01	Registry Read: Path=SOFTWARE\WEHA\Aplikasi\3
14/03/2024 11:07:01	Registry Read/Write
14/03/2024 11:07:01	Registry Read: Path=SOFTWARE\WEHA\Aplikasi\3
14/03/2024 11:10:55	Get Local Settings
14/03/2024 11:10:55	Start Change Local Settings
14/03/2024 11:10:55	Could not change short date format
14/03/2024 11:10:55	Could not change long date format
14/03/2024 11:10:55	Finish Change Local Settings
14/03/2024 11:10:55	Registry Read: Path=SOFTWARE\WEHA\Aplikasi\3
14/03/2024 11:10:55	Registry Read/Write
14/03/2024 11:10:55	Registry Read: Path=SOFTWARE\WEHA\Aplikasi\3
14/03/2024 11:21:06	Get Local Settings
14/03/2024 11:21:06	Start Change Local Settings
14/03/2024 11:21:06	Could not change short date format
14/03/2024 11:21:06	Could not change long date format
14/03/2024 11:21:06	Finish Change Local Settings
14/03/2024 11:21:06	Registry Read: Path=SOFTWARE\WEHA\Aplikasi\3
14/03/2024 11:21:06	Registry Read/Write
14/03/2024 11:21:06	Registry Read: Path=SOFTWARE\WEHA\Aplikasi\3
14/03/2024 11:36:44	Get Local Settings
14/03/2024 11:36:44	Start Change Local Settings
14/03/2024 11:36:44	Could not change short date format
14/03/2024 11:36:44	Could not change long date format
14/03/2024 11:36:44	Finish Change Local Settings
14/03/2024 11:36:44	Registry Read: Path=SOFTWARE\WEHA\Aplikasi\3
14/03/2024 11:36:44	Registry Read/Write
14/03/2024 11:36:44	Registry Read: Path=SOFTWARE\WEHA\Aplikasi\3
14/03/2024 14:08:46	Get Local Settings
14/03/2024 14:08:46	Start Change Local Settings
14/03/2024 14:08:46	Could not change short date format
14/03/2024 14:08:46	Could not change long date format
14/03/2024 14:08:46	Finish Change Local Settings
14/03/2024 14:08:46	Registry Read: Path=SOFTWARE\WEHA\Aplikasi\3
14/03/2024 14:08:46	Registry Read/Write
14/03/2024 14:08:46	Registry Read: Path=SOFTWARE\WEHA\Aplikasi\3
14/03/2024 15:51:22	Get Local Settings
14/03/2024 15:51:22	Start Change Local Settings
14/03/2024 15:51:22	Could not change short date format
14/03/2024 15:51:22	Could not change long date format
14/03/2024 15:51:22	Finish Change Local Settings
14/03/2024 15:51:22	Registry Read: Path=SOFTWARE\WEHA\Aplikasi\3
14/03/2024 15:51:22	Registry Read/Write
14/03/2024 15:51:22	Registry Read: Path=SOFTWARE\WEHA\Aplikasi\3
14/03/2024 16:06:16	Get Local Settings
14/03/2024 16:06:16	Start Change Local Settings
14/03/2024 16:06:16	Could not change short date format
14/03/2024 16:06:16	Could not change long date format
14/03/2024 16:06:16	Finish Change Local Settings
14/03/2024 16:06:16	Registry Read: Path=SOFTWARE\WEHA\Aplikasi\3
14/03/2024 16:06:16	Registry Read/Write
14/03/2024 16:06:16	Registry Read: Path=SOFTWARE\WEHA\Aplikasi\3
14/03/2024 16:08:21	Get Local Settings
14/03/2024 16:08:21	Start Change Local Settings
14/03/2024 16:08:21	Could not change short date format
14/03/2024 16:08:21	Could not change long date format
14/03/2024 16:08:21	Finish Change Local Settings
14/03/2024 16:08:21	Registry Read: Path=SOFTWARE\WEHA\Aplikasi\3
14/03/2024 16:08:21	Registry Read/Write
14/03/2024 16:08:21	Registry Read: Path=SOFTWARE\WEHA\Aplikasi\3
14/03/2024 16:10:34	Get Local Settings
14/03/2024 16:10:34	Start Change Local Settings
14/03/2024 16:10:34	Could not change short date format
14/03/2024 16:10:34	Could not change long date format
14/03/2024 16:10:34	Finish Change Local Settings
14/03/2024 16:10:34	Registry Read: Path=SOFTWARE\WEHA\Aplikasi\3
14/03/2024 16:10:34	Registry Read/Write
14/03/2024 16:10:34	Registry Read: Path=SOFTWARE\WEHA\Aplikasi\3
14/03/2024 16:16:50	Get Local Settings
14/03/2024 16:16:50	Start Change Local Settings
14/03/2024 16:16:50	Could not change short date format
14/03/2024 16:16:50	Could not change long date format
14/03/2024 16:16:50	Finish Change Local Settings
14/03/2024 16:16:50	Registry Read: Path=SOFTWARE\WEHA\Aplikasi\3
14/03/2024 16:16:50	Registry Read/Write
14/03/2024 16:16:50	Registry Read: Path=SOFTWARE\WEHA\Aplikasi\3
14/03/2024 16:19:01	Get Local Settings
14/03/2024 16:19:01	Start Change Local Settings
14/03/2024 16:19:01	Could not change short date format
14/03/2024 16:19:01	Could not change long date format
14/03/2024 16:19:01	Finish Change Local Settings
14/03/2024 16:19:01	Registry Read: Path=SOFTWARE\WEHA\Aplikasi\3
14/03/2024 16:19:01	Registry Read/Write
14/03/2024 16:19:01	Registry Read: Path=SOFTWARE\WEHA\Aplikasi\3
14/03/2024 16:21:47	Get Local Settings
14/03/2024 16:21:47	Start Change Local Settings
14/03/2024 16:21:47	Could not change short date format
14/03/2024 16:21:47	Could not change long date format
14/03/2024 16:21:47	Finish Change Local Settings
14/03/2024 16:21:47	Registry Read: Path=SOFTWARE\WEHA\Aplikasi\3
14/03/2024 16:21:47	Registry Read/Write
14/03/2024 16:21:47	Registry Read: Path=SOFTWARE\WEHA\Aplikasi\3
14/03/2024 16:22:07	Get Local Settings
14/03/2024 16:22:07	Start Change Local Settings
14/03/2024 16:22:07	Could not change short date format
14/03/2024 16:22:07	Could not change long date format
14/03/2024 16:22:07	Finish Change Local Settings
14/03/2024 16:22:07	Registry Read: Path=SOFTWARE\WEHA\Aplikasi\3
14/03/2024 16:22:07	Registry Read/Write
14/03/2024 16:22:07	Registry Read: Path=SOFTWARE\WEHA\Aplikasi\3
14/03/2024 16:23:27	Get Local Settings
14/03/2024 16:23:27	Start Change Local Settings
14/03/2024 16:23:27	Could not change short date format
14/03/2024 16:23:27	Could not change long date format
14/03/2024 16:23:27	Finish Change Local Settings
14/03/2024 16:23:27	Registry Read: Path=SOFTWARE\WEHA\Aplikasi\3
14/03/2024 16:23:27	Registry Read/Write
14/03/2024 16:23:27	Registry Read: Path=SOFTWARE\WEHA\Aplikasi\3
14/03/2024 16:25:40	Get Local Settings
14/03/2024 16:25:40	Start Change Local Settings
14/03/2024 16:25:40	Could not change short date format
14/03/2024 16:25:40	Could not change long date format
14/03/2024 16:25:40	Finish Change Local Settings
14/03/2024 16:25:40	Registry Read: Path=SOFTWARE\WEHA\Aplikasi\3
14/03/2024 16:25:40	Registry Read/Write
14/03/2024 16:25:40	Registry Read: Path=SOFTWARE\WEHA\Aplikasi\3
14/03/2024 16:29:18	Get Local Settings
14/03/2024 16:29:18	Start Change Local Settings
14/03/2024 16:29:18	Could not change short date format
14/03/2024 16:29:18	Could not change long date format
14/03/2024 16:29:18	Finish Change Local Settings
14/03/2024 16:29:18	Registry Read: Path=SOFTWARE\WEHA\Aplikasi\3
14/03/2024 16:29:18	Registry Read/Write
14/03/2024 16:29:18	Registry Read: Path=SOFTWARE\WEHA\Aplikasi\3
14/03/2024 16:32:26	Get Local Settings
14/03/2024 16:32:26	Start Change Local Settings
14/03/2024 16:32:26	Could not change short date format
14/03/2024 16:32:26	Could not change long date format
14/03/2024 16:32:26	Finish Change Local Settings
14/03/2024 16:32:26	Registry Read: Path=SOFTWARE\WEHA\Aplikasi\3
14/03/2024 16:32:26	Registry Read/Write
14/03/2024 16:32:26	Registry Read: Path=SOFTWARE\WEHA\Aplikasi\3
14/03/2024 16:34:47	Get Local Settings
14/03/2024 16:34:47	Start Change Local Settings
14/03/2024 16:34:47	Could not change short date format
14/03/2024 16:34:47	Could not change long date format
14/03/2024 16:34:47	Finish Change Local Settings
14/03/2024 16:34:47	Registry Read: Path=SOFTWARE\WEHA\Aplikasi\3
14/03/2024 16:34:47	Registry Read/Write
14/03/2024 16:34:47	Registry Read: Path=SOFTWARE\WEHA\Aplikasi\3
15/03/2024 09:01:01	Get Local Settings
15/03/2024 09:01:01	Start Change Local Settings
15/03/2024 09:01:01	Could not change short date format
15/03/2024 09:01:01	Could not change long date format
15/03/2024 09:01:01	Finish Change Local Settings
15/03/2024 09:01:01	Registry Read: Path=SOFTWARE\WEHA\Aplikasi\3
15/03/2024 09:01:01	Registry Read/Write
15/03/2024 09:01:01	Registry Read: Path=SOFTWARE\WEHA\Aplikasi\3
15/03/2024 09:06:02	Get Local Settings
15/03/2024 09:06:02	Start Change Local Settings
15/03/2024 09:06:02	Could not change short date format
15/03/2024 09:06:02	Could not change long date format
15/03/2024 09:06:02	Finish Change Local Settings
15/03/2024 09:06:02	Registry Read: Path=SOFTWARE\WEHA\Aplikasi\3
15/03/2024 09:06:02	Registry Read/Write
15/03/2024 09:06:02	Registry Read: Path=SOFTWARE\WEHA\Aplikasi\3
15/03/2024 09:14:26	Get Local Settings
15/03/2024 09:14:26	Start Change Local Settings
15/03/2024 09:14:26	Could not change short date format
15/03/2024 09:14:26	Could not change long date format
15/03/2024 09:14:26	Finish Change Local Settings
15/03/2024 09:14:26	Registry Read: Path=SOFTWARE\WEHA\Aplikasi\3
15/03/2024 09:14:26	Registry Read/Write
15/03/2024 09:14:26	Registry Read: Path=SOFTWARE\WEHA\Aplikasi\3
15/03/2024 09:16:28	Get Local Settings
15/03/2024 09:16:28	Start Change Local Settings
15/03/2024 09:16:28	Could not change short date format
15/03/2024 09:16:28	Could not change long date format
15/03/2024 09:16:28	Finish Change Local Settings
15/03/2024 09:16:28	Registry Read: Path=SOFTWARE\WEHA\Aplikasi\3
15/03/2024 09:16:28	Registry Read/Write
15/03/2024 09:16:28	Registry Read: Path=SOFTWARE\WEHA\Aplikasi\3
15/03/2024 09:19:05	Get Local Settings
15/03/2024 09:19:05	Start Change Local Settings
15/03/2024 09:19:05	Could not change short date format
15/03/2024 09:19:05	Could not change long date format
15/03/2024 09:19:05	Finish Change Local Settings
15/03/2024 09:19:05	Registry Read: Path=SOFTWARE\WEHA\Aplikasi\3
15/03/2024 09:19:05	Registry Read/Write
15/03/2024 09:19:05	Registry Read: Path=SOFTWARE\WEHA\Aplikasi\3
15/03/2024 09:45:43	Get Local Settings
15/03/2024 09:45:43	Start Change Local Settings
15/03/2024 09:45:43	Could not change short date format
15/03/2024 09:45:43	Could not change long date format
15/03/2024 09:45:43	Finish Change Local Settings
15/03/2024 09:45:43	Registry Read: Path=SOFTWARE\WEHA\Aplikasi\3
15/03/2024 09:45:43	Registry Read/Write
15/03/2024 09:45:43	Registry Read: Path=SOFTWARE\WEHA\Aplikasi\3
15/03/2024 09:55:56	Get Local Settings
15/03/2024 09:55:56	Start Change Local Settings
15/03/2024 09:55:56	Could not change short date format
15/03/2024 09:55:56	Could not change long date format
15/03/2024 09:55:56	Finish Change Local Settings
15/03/2024 09:55:56	Registry Read: Path=SOFTWARE\WEHA\Aplikasi\3
15/03/2024 09:55:56	Registry Read/Write
15/03/2024 09:55:56	Registry Read: Path=SOFTWARE\WEHA\Aplikasi\3
15/03/2024 10:01:45	Get Local Settings
15/03/2024 10:01:45	Start Change Local Settings
15/03/2024 10:01:45	Could not change short date format
15/03/2024 10:01:45	Could not change long date format
15/03/2024 10:01:45	Finish Change Local Settings
15/03/2024 10:01:45	Registry Read: Path=SOFTWARE\WEHA\Aplikasi\3
15/03/2024 10:01:45	Registry Read/Write
15/03/2024 10:01:45	Registry Read: Path=SOFTWARE\WEHA\Aplikasi\3
15/03/2024 10:18:09	Get Local Settings
15/03/2024 10:18:09	Start Change Local Settings
15/03/2024 10:18:09	Could not change short date format
15/03/2024 10:18:09	Could not change long date format
15/03/2024 10:18:09	Finish Change Local Settings
15/03/2024 10:18:09	Registry Read: Path=SOFTWARE\WEHA\Aplikasi\3
15/03/2024 10:18:09	Registry Read/Write
15/03/2024 10:18:09	Registry Read: Path=SOFTWARE\WEHA\Aplikasi\3
15/03/2024 10:33:51	Get Local Settings
15/03/2024 10:33:51	Start Change Local Settings
15/03/2024 10:33:51	Could not change short date format
15/03/2024 10:33:51	Could not change long date format
15/03/2024 10:33:51	Finish Change Local Settings
15/03/2024 10:33:51	Registry Read: Path=SOFTWARE\WEHA\Aplikasi\3
15/03/2024 10:33:51	Registry Read/Write
15/03/2024 10:33:51	Registry Read: Path=SOFTWARE\WEHA\Aplikasi\3
15/03/2024 13:21:03	Get Local Settings
15/03/2024 13:21:03	Start Change Local Settings
15/03/2024 13:21:03	Could not change short date format
15/03/2024 13:21:03	Could not change long date format
15/03/2024 13:21:03	Finish Change Local Settings
15/03/2024 13:21:03	Registry Read: Path=SOFTWARE\WEHA\Aplikasi\3
15/03/2024 13:21:03	Registry Read/Write
15/03/2024 13:21:03	Registry Read: Path=SOFTWARE\WEHA\Aplikasi\3
15/03/2024 13:32:40	Get Local Settings
15/03/2024 13:32:40	Start Change Local Settings
15/03/2024 13:32:40	Could not change short date format
15/03/2024 13:32:40	Could not change long date format
15/03/2024 13:32:40	Finish Change Local Settings
15/03/2024 13:32:40	Registry Read: Path=SOFTWARE\WEHA\Aplikasi\3
15/03/2024 13:32:40	Registry Read/Write
15/03/2024 13:32:40	Registry Read: Path=SOFTWARE\WEHA\Aplikasi\3
15/03/2024 13:32:57	Get Local Settings
15/03/2024 13:32:57	Start Change Local Settings
15/03/2024 13:32:57	Could not change short date format
15/03/2024 13:32:57	Could not change long date format
15/03/2024 13:32:57	Finish Change Local Settings
15/03/2024 13:32:57	Registry Read: Path=SOFTWARE\WEHA\Aplikasi\3
15/03/2024 13:32:57	Registry Read/Write
15/03/2024 13:32:57	Registry Read: Path=SOFTWARE\WEHA\Aplikasi\3
15/03/2024 13:35:53	Get Local Settings
15/03/2024 13:35:53	Start Change Local Settings
15/03/2024 13:35:53	Could not change short date format
15/03/2024 13:35:53	Could not change long date format
15/03/2024 13:35:53	Finish Change Local Settings
15/03/2024 13:35:53	Registry Read: Path=SOFTWARE\WEHA\Aplikasi\3
15/03/2024 13:35:53	Registry Read/Write
15/03/2024 13:35:53	Registry Read: Path=SOFTWARE\WEHA\Aplikasi\3
15/03/2024 13:39:35	Get Local Settings
15/03/2024 13:39:35	Start Change Local Settings
15/03/2024 13:39:35	Could not change short date format
15/03/2024 13:39:35	Could not change long date format
15/03/2024 13:39:35	Finish Change Local Settings
15/03/2024 13:39:35	Registry Read: Path=SOFTWARE\WEHA\Aplikasi\3
15/03/2024 13:39:35	Registry Read/Write
15/03/2024 13:39:35	Registry Read: Path=SOFTWARE\WEHA\Aplikasi\3
15/03/2024 13:43:50	Get Local Settings
15/03/2024 13:43:50	Start Change Local Settings
15/03/2024 13:43:50	Could not change short date format
15/03/2024 13:43:50	Could not change long date format
15/03/2024 13:43:50	Finish Change Local Settings
15/03/2024 13:43:50	Registry Read: Path=SOFTWARE\WEHA\Aplikasi\3
15/03/2024 13:43:50	Registry Read/Write
15/03/2024 13:43:50	Registry Read: Path=SOFTWARE\WEHA\Aplikasi\3
15/03/2024 13:47:43	Get Local Settings
15/03/2024 13:47:43	Start Change Local Settings
15/03/2024 13:47:43	Could not change short date format
15/03/2024 13:47:43	Could not change long date format
15/03/2024 13:47:43	Finish Change Local Settings
15/03/2024 13:47:43	Registry Read: Path=SOFTWARE\WEHA\Aplikasi\3
15/03/2024 13:47:43	Registry Read/Write
15/03/2024 13:47:43	Registry Read: Path=SOFTWARE\WEHA\Aplikasi\3
15/03/2024 13:49:33	Get Local Settings
15/03/2024 13:49:33	Start Change Local Settings
15/03/2024 13:49:33	Could not change short date format
15/03/2024 13:49:33	Could not change long date format
15/03/2024 13:49:33	Finish Change Local Settings
15/03/2024 13:49:33	Registry Read: Path=SOFTWARE\WEHA\Aplikasi\3
15/03/2024 13:49:33	Registry Read/Write
15/03/2024 13:49:33	Registry Read: Path=SOFTWARE\WEHA\Aplikasi\3
15/03/2024 17:03:17	Get Local Settings
15/03/2024 17:03:17	Start Change Local Settings
15/03/2024 17:03:17	Could not change short date format
15/03/2024 17:03:17	Could not change long date format
15/03/2024 17:03:17	Finish Change Local Settings
15/03/2024 17:03:17	Registry Read: Path=SOFTWARE\WEHA\Aplikasi\3
15/03/2024 17:03:17	Registry Read/Write
15/03/2024 17:03:17	Registry Read: Path=SOFTWARE\WEHA\Aplikasi\3
15/03/2024 17:04:18	Get Local Settings
15/03/2024 17:04:18	Start Change Local Settings
15/03/2024 17:04:18	Could not change short date format
15/03/2024 17:04:18	Could not change long date format
15/03/2024 17:04:18	Finish Change Local Settings
15/03/2024 17:04:18	Registry Read: Path=SOFTWARE\WEHA\Aplikasi\3
15/03/2024 17:04:18	Registry Read/Write
15/03/2024 17:04:18	Registry Read: Path=SOFTWARE\WEHA\Aplikasi\3
15/03/2024 17:05:21	Get Local Settings
15/03/2024 17:05:21	Start Change Local Settings
15/03/2024 17:05:21	Could not change short date format
15/03/2024 17:05:21	Could not change long date format
15/03/2024 17:05:21	Finish Change Local Settings
15/03/2024 17:05:21	Registry Read: Path=SOFTWARE\WEHA\Aplikasi\3
15/03/2024 17:05:21	Registry Read/Write
15/03/2024 17:05:21	Registry Read: Path=SOFTWARE\WEHA\Aplikasi\3
18/03/2024 13:05:50	Get Local Settings
18/03/2024 13:05:50	Start Change Local Settings
18/03/2024 13:05:50	Could not change short date format
18/03/2024 13:05:50	Could not change long date format
18/03/2024 13:05:50	Finish Change Local Settings
18/03/2024 13:05:50	Registry Read: Path=SOFTWARE\WEHA\Aplikasi\3
18/03/2024 13:05:50	Registry Read/Write
18/03/2024 13:05:50	Registry Read: Path=SOFTWARE\WEHA\Aplikasi\3
18/03/2024 13:44:46	Get Local Settings
18/03/2024 13:44:46	Start Change Local Settings
18/03/2024 13:44:46	Could not change short date format
18/03/2024 13:44:46	Could not change long date format
18/03/2024 13:44:46	Finish Change Local Settings
18/03/2024 13:44:46	Registry Read: Path=SOFTWARE\WEHA\Aplikasi\3
18/03/2024 13:44:46	Registry Read/Write
18/03/2024 13:44:46	Registry Read: Path=SOFTWARE\WEHA\Aplikasi\3
18/03/2024 14:30:54	Get Local Settings
18/03/2024 14:30:54	Start Change Local Settings
18/03/2024 14:30:54	Could not change short date format
18/03/2024 14:30:54	Could not change long date format
18/03/2024 14:30:54	Finish Change Local Settings
18/03/2024 14:30:54	Registry Read: Path=SOFTWARE\WEHA\Aplikasi\3
18/03/2024 14:30:54	Registry Read/Write
18/03/2024 14:30:54	Registry Read: Path=SOFTWARE\WEHA\Aplikasi\3
19/03/2024 10:43:43	Get Local Settings
19/03/2024 10:43:43	Start Change Local Settings
19/03/2024 10:43:43	Could not change short date format
19/03/2024 10:43:43	Could not change long date format
19/03/2024 10:43:43	Finish Change Local Settings
19/03/2024 10:43:43	Registry Read: Path=SOFTWARE\WEHA\Aplikasi\3
19/03/2024 10:43:43	Registry Read/Write
19/03/2024 10:43:43	Registry Read: Path=SOFTWARE\WEHA\Aplikasi\3
19/03/2024 10:59:58	Get Local Settings
19/03/2024 10:59:58	Start Change Local Settings
19/03/2024 10:59:58	Could not change short date format
19/03/2024 10:59:58	Could not change long date format
19/03/2024 10:59:58	Finish Change Local Settings
19/03/2024 10:59:58	Registry Read: Path=SOFTWARE\WEHA\Aplikasi\3
19/03/2024 10:59:58	Registry Read/Write
19/03/2024 10:59:58	Registry Read: Path=SOFTWARE\WEHA\Aplikasi\3
19/03/2024 11:02:51	Get Local Settings
19/03/2024 11:02:51	Start Change Local Settings
19/03/2024 11:02:51	Could not change short date format
19/03/2024 11:02:51	Could not change long date format
19/03/2024 11:02:51	Finish Change Local Settings
19/03/2024 11:02:51	Registry Read: Path=SOFTWARE\WEHA\Aplikasi\3
19/03/2024 11:02:51	Registry Read/Write
19/03/2024 11:02:51	Registry Read: Path=SOFTWARE\WEHA\Aplikasi\3
19/03/2024 13:06:50	Get Local Settings
19/03/2024 13:06:50	Start Change Local Settings
19/03/2024 13:06:50	Could not change short date format
19/03/2024 13:06:50	Could not change long date format
19/03/2024 13:06:50	Finish Change Local Settings
19/03/2024 13:06:50	Registry Read: Path=SOFTWARE\WEHA\Aplikasi\3
19/03/2024 13:06:50	Registry Read/Write
19/03/2024 13:06:50	Registry Read: Path=SOFTWARE\WEHA\Aplikasi\3
19/03/2024 14:34:43	Get Local Settings
19/03/2024 14:34:43	Start Change Local Settings
19/03/2024 14:34:43	Could not change short date format
19/03/2024 14:34:43	Could not change long date format
19/03/2024 14:34:43	Finish Change Local Settings
19/03/2024 14:34:43	Registry Read: Path=SOFTWARE\WEHA\Aplikasi\3
19/03/2024 14:34:43	Registry Read/Write
19/03/2024 14:34:43	Registry Read: Path=SOFTWARE\WEHA\Aplikasi\3
19/03/2024 15:01:38	Get Local Settings
19/03/2024 15:01:38	Start Change Local Settings
19/03/2024 15:01:38	Could not change short date format
19/03/2024 15:01:38	Could not change long date format
19/03/2024 15:01:38	Finish Change Local Settings
19/03/2024 15:01:38	Registry Read: Path=SOFTWARE\WEHA\Aplikasi\3
19/03/2024 15:01:38	Registry Read/Write
19/03/2024 15:01:38	Registry Read: Path=SOFTWARE\WEHA\Aplikasi\3
19/03/2024 15:13:51	Get Local Settings
19/03/2024 15:13:51	Start Change Local Settings
19/03/2024 15:13:51	Could not change short date format
19/03/2024 15:13:51	Could not change long date format
19/03/2024 15:13:51	Finish Change Local Settings
19/03/2024 15:13:51	Registry Read: Path=SOFTWARE\WEHA\Aplikasi\3
19/03/2024 15:13:51	Registry Read/Write
19/03/2024 15:13:51	Registry Read: Path=SOFTWARE\WEHA\Aplikasi\3
20/03/2024 09:11:25	Get Local Settings
20/03/2024 09:11:25	Start Change Local Settings
20/03/2024 09:11:25	Could not change short date format
20/03/2024 09:11:25	Could not change long date format
20/03/2024 09:11:25	Finish Change Local Settings
20/03/2024 09:11:25	Registry Read: Path=SOFTWARE\WEHA\Aplikasi\3
20/03/2024 09:11:25	Registry Read/Write
20/03/2024 09:11:25	Registry Read: Path=SOFTWARE\WEHA\Aplikasi\3
20/03/2024 10:03:10	Get Local Settings
20/03/2024 10:03:10	Start Change Local Settings
20/03/2024 10:03:10	Could not change short date format
20/03/2024 10:03:10	Could not change long date format
20/03/2024 10:03:10	Finish Change Local Settings
20/03/2024 10:03:10	Registry Read: Path=SOFTWARE\WEHA\Aplikasi\3
20/03/2024 10:03:10	Registry Read/Write
20/03/2024 10:03:10	Registry Read: Path=SOFTWARE\WEHA\Aplikasi\3
20/03/2024 10:06:58	Get Local Settings
20/03/2024 10:06:58	Start Change Local Settings
20/03/2024 10:06:58	Could not change short date format
20/03/2024 10:06:58	Could not change long date format
20/03/2024 10:06:58	Finish Change Local Settings
20/03/2024 10:06:58	Registry Read: Path=SOFTWARE\WEHA\Aplikasi\3
20/03/2024 10:06:58	Registry Read/Write
20/03/2024 10:06:58	Registry Read: Path=SOFTWARE\WEHA\Aplikasi\3
20/03/2024 11:02:40	Get Local Settings
20/03/2024 11:02:40	Start Change Local Settings
20/03/2024 11:02:40	Could not change short date format
20/03/2024 11:02:40	Could not change long date format
20/03/2024 11:02:40	Finish Change Local Settings
20/03/2024 11:02:40	Registry Read: Path=SOFTWARE\WEHA\Aplikasi\3
20/03/2024 11:02:40	Registry Read/Write
20/03/2024 11:02:40	Registry Read: Path=SOFTWARE\WEHA\Aplikasi\3
20/03/2024 11:04:06	Get Local Settings
20/03/2024 11:04:06	Start Change Local Settings
20/03/2024 11:04:06	Could not change short date format
20/03/2024 11:04:06	Could not change long date format
20/03/2024 11:04:06	Finish Change Local Settings
20/03/2024 11:04:06	Registry Read: Path=SOFTWARE\WEHA\Aplikasi\3
20/03/2024 11:04:06	Registry Read/Write
20/03/2024 11:04:06	Registry Read: Path=SOFTWARE\WEHA\Aplikasi\3
20/03/2024 11:12:11	Get Local Settings
20/03/2024 11:12:11	Start Change Local Settings
20/03/2024 11:12:11	Could not change short date format
20/03/2024 11:12:11	Could not change long date format
20/03/2024 11:12:11	Finish Change Local Settings
20/03/2024 11:12:11	Registry Read: Path=SOFTWARE\WEHA\Aplikasi\3
20/03/2024 11:12:11	Registry Read/Write
20/03/2024 11:12:11	Registry Read: Path=SOFTWARE\WEHA\Aplikasi\3
20/03/2024 11:16:43	Get Local Settings
20/03/2024 11:16:43	Start Change Local Settings
20/03/2024 11:16:43	Could not change short date format
20/03/2024 11:16:43	Could not change long date format
20/03/2024 11:16:43	Finish Change Local Settings
20/03/2024 11:16:43	Registry Read: Path=SOFTWARE\WEHA\Aplikasi\3
20/03/2024 11:16:43	Registry Read/Write
20/03/2024 11:16:43	Registry Read: Path=SOFTWARE\WEHA\Aplikasi\3
20/03/2024 11:21:14	Get Local Settings
20/03/2024 11:21:14	Start Change Local Settings
20/03/2024 11:21:14	Could not change short date format
20/03/2024 11:21:14	Could not change long date format
20/03/2024 11:21:14	Finish Change Local Settings
20/03/2024 11:21:14	Registry Read: Path=SOFTWARE\WEHA\Aplikasi\3
20/03/2024 11:21:14	Registry Read/Write
20/03/2024 11:21:14	Registry Read: Path=SOFTWARE\WEHA\Aplikasi\3
20/03/2024 11:26:41	Get Local Settings
20/03/2024 11:26:41	Start Change Local Settings
20/03/2024 11:26:41	Could not change short date format
20/03/2024 11:26:41	Could not change long date format
20/03/2024 11:26:41	Finish Change Local Settings
20/03/2024 11:26:41	Registry Read: Path=SOFTWARE\WEHA\Aplikasi\3
20/03/2024 11:26:41	Registry Read/Write
20/03/2024 11:26:41	Registry Read: Path=SOFTWARE\WEHA\Aplikasi\3
20/03/2024 11:31:28	Get Local Settings
20/03/2024 11:31:28	Start Change Local Settings
20/03/2024 11:31:28	Could not change short date format
20/03/2024 11:31:28	Could not change long date format
20/03/2024 11:31:28	Finish Change Local Settings
20/03/2024 11:31:28	Registry Read: Path=SOFTWARE\WEHA\Aplikasi\3
20/03/2024 11:31:28	Registry Read/Write
20/03/2024 11:31:28	Registry Read: Path=SOFTWARE\WEHA\Aplikasi\3
20/03/2024 11:35:27	Get Local Settings
20/03/2024 11:35:27	Start Change Local Settings
20/03/2024 11:35:27	Could not change short date format
20/03/2024 11:35:27	Could not change long date format
20/03/2024 11:35:27	Finish Change Local Settings
20/03/2024 11:35:27	Registry Read: Path=SOFTWARE\WEHA\Aplikasi\3
20/03/2024 11:35:27	Registry Read/Write
20/03/2024 11:35:27	Registry Read: Path=SOFTWARE\WEHA\Aplikasi\3
20/03/2024 11:36:50	Get Local Settings
20/03/2024 11:36:50	Start Change Local Settings
20/03/2024 11:36:50	Could not change short date format
20/03/2024 11:36:50	Could not change long date format
20/03/2024 11:36:50	Finish Change Local Settings
20/03/2024 11:36:50	Registry Read: Path=SOFTWARE\WEHA\Aplikasi\3
20/03/2024 11:36:50	Registry Read/Write
20/03/2024 11:36:50	Registry Read: Path=SOFTWARE\WEHA\Aplikasi\3
20/03/2024 11:41:00	Get Local Settings
20/03/2024 11:41:00	Start Change Local Settings
20/03/2024 11:41:00	Could not change short date format
20/03/2024 11:41:00	Could not change long date format
20/03/2024 11:41:00	Finish Change Local Settings
20/03/2024 11:41:00	Registry Read: Path=SOFTWARE\WEHA\Aplikasi\3
20/03/2024 11:41:00	Registry Read/Write
20/03/2024 11:41:00	Registry Read: Path=SOFTWARE\WEHA\Aplikasi\3
20/03/2024 11:44:42	Get Local Settings
20/03/2024 11:44:42	Start Change Local Settings
20/03/2024 11:44:42	Could not change short date format
20/03/2024 11:44:42	Could not change long date format
20/03/2024 11:44:42	Finish Change Local Settings
20/03/2024 11:44:42	Registry Read: Path=SOFTWARE\WEHA\Aplikasi\3
20/03/2024 11:44:42	Registry Read/Write
20/03/2024 11:44:42	Registry Read: Path=SOFTWARE\WEHA\Aplikasi\3
20/03/2024 11:45:57	Get Local Settings
20/03/2024 11:45:57	Start Change Local Settings
20/03/2024 11:45:57	Could not change short date format
20/03/2024 11:45:57	Could not change long date format
20/03/2024 11:45:57	Finish Change Local Settings
20/03/2024 11:45:57	Registry Read: Path=SOFTWARE\WEHA\Aplikasi\3
20/03/2024 11:45:57	Registry Read/Write
20/03/2024 11:45:57	Registry Read: Path=SOFTWARE\WEHA\Aplikasi\3
20/03/2024 11:50:08	Get Local Settings
20/03/2024 11:50:08	Start Change Local Settings
20/03/2024 11:50:08	Could not change short date format
20/03/2024 11:50:08	Could not change long date format
20/03/2024 11:50:08	Finish Change Local Settings
20/03/2024 11:50:08	Registry Read: Path=SOFTWARE\WEHA\Aplikasi\3
20/03/2024 11:50:08	Registry Read/Write
20/03/2024 11:50:08	Registry Read: Path=SOFTWARE\WEHA\Aplikasi\3
20/03/2024 11:56:15	Get Local Settings
20/03/2024 11:56:15	Start Change Local Settings
20/03/2024 11:56:15	Could not change short date format
20/03/2024 11:56:15	Could not change long date format
20/03/2024 11:56:15	Finish Change Local Settings
20/03/2024 11:56:15	Registry Read: Path=SOFTWARE\WEHA\Aplikasi\3
20/03/2024 11:56:15	Registry Read/Write
20/03/2024 11:56:15	Registry Read: Path=SOFTWARE\WEHA\Aplikasi\3
20/03/2024 12:00:15	Get Local Settings
20/03/2024 12:00:15	Start Change Local Settings
20/03/2024 12:00:15	Could not change short date format
20/03/2024 12:00:15	Could not change long date format
20/03/2024 12:00:15	Finish Change Local Settings
20/03/2024 12:00:15	Registry Read: Path=SOFTWARE\WEHA\Aplikasi\3
20/03/2024 12:00:15	Registry Read/Write
20/03/2024 12:00:15	Registry Read: Path=SOFTWARE\WEHA\Aplikasi\3
20/03/2024 13:23:27	Get Local Settings
20/03/2024 13:23:27	Start Change Local Settings
20/03/2024 13:23:27	Could not change short date format
20/03/2024 13:23:27	Could not change long date format
20/03/2024 13:23:27	Finish Change Local Settings
20/03/2024 13:23:27	Registry Read: Path=SOFTWARE\WEHA\Aplikasi\3
20/03/2024 13:23:27	Registry Read/Write
20/03/2024 13:23:27	Registry Read: Path=SOFTWARE\WEHA\Aplikasi\3
20/03/2024 13:58:36	Get Local Settings
20/03/2024 13:58:36	Start Change Local Settings
20/03/2024 13:58:36	Could not change short date format
20/03/2024 13:58:36	Could not change long date format
20/03/2024 13:58:36	Finish Change Local Settings
20/03/2024 13:58:36	Registry Read: Path=SOFTWARE\WEHA\Aplikasi\3
20/03/2024 13:58:36	Registry Read/Write
20/03/2024 13:58:36	Registry Read: Path=SOFTWARE\WEHA\Aplikasi\3
20/03/2024 15:17:43	Get Local Settings
20/03/2024 15:17:43	Start Change Local Settings
20/03/2024 15:17:43	Could not change short date format
20/03/2024 15:17:43	Could not change long date format
20/03/2024 15:17:43	Finish Change Local Settings
20/03/2024 15:17:43	Registry Read: Path=SOFTWARE\WEHA\Aplikasi\3
20/03/2024 15:17:43	Registry Read/Write
20/03/2024 15:17:43	Registry Read: Path=SOFTWARE\WEHA\Aplikasi\3
21/03/2024 23:13:44	Get Local Settings
21/03/2024 23:13:44	Start Change Local Settings
21/03/2024 23:13:44	Could not change short date format
21/03/2024 23:13:44	Could not change long date format
21/03/2024 23:13:44	Finish Change Local Settings
21/03/2024 23:13:44	Registry Read: Path=SOFTWARE\WEHA\Aplikasi\3
21/03/2024 23:13:44	Registry Read/Write
21/03/2024 23:13:44	Registry Read: Path=SOFTWARE\WEHA\Aplikasi\3
22/03/2024 13:41:08	Get Local Settings
22/03/2024 13:41:08	Start Change Local Settings
22/03/2024 13:41:08	Could not change short date format
22/03/2024 13:41:08	Could not change long date format
22/03/2024 13:41:08	Finish Change Local Settings
22/03/2024 13:41:08	Registry Read: Path=SOFTWARE\WEHA\Aplikasi\3
22/03/2024 13:41:08	Registry Read/Write
22/03/2024 13:41:08	Registry Read: Path=SOFTWARE\WEHA\Aplikasi\3
22/03/2024 13:53:13	Get Local Settings
22/03/2024 13:53:13	Start Change Local Settings
22/03/2024 13:53:13	Could not change short date format
22/03/2024 13:53:13	Could not change long date format
22/03/2024 13:53:13	Finish Change Local Settings
22/03/2024 13:53:13	Registry Read: Path=SOFTWARE\WEHA\Aplikasi\3
22/03/2024 13:53:13	Registry Read/Write
22/03/2024 13:53:13	Registry Read: Path=SOFTWARE\WEHA\Aplikasi\3
22/03/2024 14:00:28	Get Local Settings
22/03/2024 14:00:28	Start Change Local Settings
22/03/2024 14:00:28	Could not change short date format
22/03/2024 14:00:28	Could not change long date format
22/03/2024 14:00:28	Finish Change Local Settings
22/03/2024 14:00:28	Registry Read: Path=SOFTWARE\WEHA\Aplikasi\3
22/03/2024 14:00:28	Registry Read/Write
22/03/2024 14:00:28	Registry Read: Path=SOFTWARE\WEHA\Aplikasi\3
22/03/2024 14:26:04	Get Local Settings
22/03/2024 14:26:04	Start Change Local Settings
22/03/2024 14:26:04	Could not change short date format
22/03/2024 14:26:04	Could not change long date format
22/03/2024 14:26:04	Finish Change Local Settings
22/03/2024 14:26:04	Registry Read: Path=SOFTWARE\WEHA\Aplikasi\3
22/03/2024 14:26:04	Registry Read/Write
22/03/2024 14:26:04	Registry Read: Path=SOFTWARE\WEHA\Aplikasi\3
23/03/2024 09:26:27	Get Local Settings
23/03/2024 09:26:27	Start Change Local Settings
23/03/2024 09:26:27	Could not change short date format
23/03/2024 09:26:27	Could not change long date format
23/03/2024 09:26:27	Finish Change Local Settings
23/03/2024 09:26:27	Registry Read: Path=SOFTWARE\WEHA\Aplikasi\3
23/03/2024 09:26:27	Registry Read/Write
23/03/2024 09:26:27	Registry Read: Path=SOFTWARE\WEHA\Aplikasi\3
23/03/2024 09:31:33	Get Local Settings
23/03/2024 09:31:33	Start Change Local Settings
23/03/2024 09:31:33	Could not change short date format
23/03/2024 09:31:33	Could not change long date format
23/03/2024 09:31:33	Finish Change Local Settings
23/03/2024 09:31:33	Registry Read: Path=SOFTWARE\WEHA\Aplikasi\3
23/03/2024 09:31:33	Registry Read/Write
23/03/2024 09:31:33	Registry Read: Path=SOFTWARE\WEHA\Aplikasi\3
23/03/2024 10:47:51	Get Local Settings
23/03/2024 10:47:51	Start Change Local Settings
23/03/2024 10:47:51	Could not change short date format
23/03/2024 10:47:51	Could not change long date format
23/03/2024 10:47:51	Finish Change Local Settings
23/03/2024 10:47:51	Registry Read: Path=SOFTWARE\WEHA\Aplikasi\3
23/03/2024 10:47:51	Registry Read/Write
23/03/2024 10:47:51	Registry Read: Path=SOFTWARE\WEHA\Aplikasi\3
23/03/2024 11:07:27	Get Local Settings
23/03/2024 11:07:27	Start Change Local Settings
23/03/2024 11:07:27	Could not change short date format
23/03/2024 11:07:27	Could not change long date format
23/03/2024 11:07:27	Finish Change Local Settings
23/03/2024 11:07:27	Registry Read: Path=SOFTWARE\WEHA\Aplikasi\3
23/03/2024 11:07:27	Registry Read/Write
23/03/2024 11:07:27	Registry Read: Path=SOFTWARE\WEHA\Aplikasi\3
23/03/2024 11:11:34	Get Local Settings
23/03/2024 11:11:34	Start Change Local Settings
23/03/2024 11:11:34	Could not change short date format
23/03/2024 11:11:34	Could not change long date format
23/03/2024 11:11:34	Finish Change Local Settings
23/03/2024 11:11:34	Registry Read: Path=SOFTWARE\WEHA\Aplikasi\3
23/03/2024 11:11:34	Registry Read/Write
23/03/2024 11:11:34	Registry Read: Path=SOFTWARE\WEHA\Aplikasi\3
23/03/2024 11:15:16	Get Local Settings
23/03/2024 11:15:16	Start Change Local Settings
23/03/2024 11:15:16	Could not change short date format
23/03/2024 11:15:16	Could not change long date format
23/03/2024 11:15:16	Finish Change Local Settings
23/03/2024 11:15:16	Registry Read: Path=SOFTWARE\WEHA\Aplikasi\3
23/03/2024 11:15:16	Registry Read/Write
23/03/2024 11:15:16	Registry Read: Path=SOFTWARE\WEHA\Aplikasi\3
23/03/2024 11:36:06	Get Local Settings
23/03/2024 11:36:06	Start Change Local Settings
23/03/2024 11:36:06	Could not change short date format
23/03/2024 11:36:06	Could not change long date format
23/03/2024 11:36:06	Finish Change Local Settings
23/03/2024 11:36:06	Registry Read: Path=SOFTWARE\WEHA\Aplikasi\3
23/03/2024 11:36:06	Registry Read/Write
23/03/2024 11:36:06	Registry Read: Path=SOFTWARE\WEHA\Aplikasi\3
26/03/2024 16:09:33	Get Local Settings
26/03/2024 16:09:33	Start Change Local Settings
26/03/2024 16:09:33	Could not change short date format
26/03/2024 16:09:33	Could not change long date format
26/03/2024 16:09:33	Finish Change Local Settings
26/03/2024 16:09:33	Registry Read: Path=SOFTWARE\WEHA\Aplikasi\3
26/03/2024 16:09:33	Registry Read/Write
26/03/2024 16:09:33	Registry Read: Path=SOFTWARE\WEHA\Aplikasi\3
26/03/2024 16:13:25	Get Local Settings
26/03/2024 16:13:25	Start Change Local Settings
26/03/2024 16:13:25	Could not change short date format
26/03/2024 16:13:25	Could not change long date format
26/03/2024 16:13:25	Finish Change Local Settings
26/03/2024 16:13:25	Registry Read: Path=SOFTWARE\WEHA\Aplikasi\3
26/03/2024 16:13:25	Registry Read/Write
26/03/2024 16:13:25	Registry Read: Path=SOFTWARE\WEHA\Aplikasi\3
26/03/2024 16:15:28	Get Local Settings
26/03/2024 16:15:28	Start Change Local Settings
26/03/2024 16:15:28	Could not change short date format
26/03/2024 16:15:28	Could not change long date format
26/03/2024 16:15:28	Finish Change Local Settings
26/03/2024 16:15:28	Registry Read: Path=SOFTWARE\WEHA\Aplikasi\3
26/03/2024 16:15:28	Registry Read/Write
26/03/2024 16:15:28	Registry Read: Path=SOFTWARE\WEHA\Aplikasi\3
26/03/2024 16:17:00	Get Local Settings
26/03/2024 16:17:00	Start Change Local Settings
26/03/2024 16:17:00	Could not change short date format
26/03/2024 16:17:00	Could not change long date format
26/03/2024 16:17:00	Finish Change Local Settings
26/03/2024 16:17:00	Registry Read: Path=SOFTWARE\WEHA\Aplikasi\3
26/03/2024 16:17:00	Registry Read/Write
26/03/2024 16:17:00	Registry Read: Path=SOFTWARE\WEHA\Aplikasi\3
26/03/2024 16:18:50	Get Local Settings
26/03/2024 16:18:50	Start Change Local Settings
26/03/2024 16:18:50	Could not change short date format
26/03/2024 16:18:50	Could not change long date format
26/03/2024 16:18:50	Finish Change Local Settings
26/03/2024 16:18:50	Registry Read: Path=SOFTWARE\WEHA\Aplikasi\3
26/03/2024 16:18:50	Registry Read/Write
26/03/2024 16:18:50	Registry Read: Path=SOFTWARE\WEHA\Aplikasi\3
26/03/2024 16:29:31	Get Local Settings
26/03/2024 16:29:31	Start Change Local Settings
26/03/2024 16:29:31	Could not change short date format
26/03/2024 16:29:31	Could not change long date format
26/03/2024 16:29:31	Finish Change Local Settings
26/03/2024 16:29:31	Registry Read: Path=SOFTWARE\WEHA\Aplikasi\3
26/03/2024 16:29:31	Registry Read/Write
26/03/2024 16:29:31	Registry Read: Path=SOFTWARE\WEHA\Aplikasi\3
26/03/2024 17:15:39	Get Local Settings
26/03/2024 17:15:39	Start Change Local Settings
26/03/2024 17:15:39	Could not change short date format
26/03/2024 17:15:39	Could not change long date format
26/03/2024 17:15:39	Finish Change Local Settings
26/03/2024 17:15:39	Registry Read: Path=SOFTWARE\WEHA\Aplikasi\3
26/03/2024 17:15:39	Registry Read/Write
26/03/2024 17:15:39	Registry Read: Path=SOFTWARE\WEHA\Aplikasi\3
27/03/2024 09:27:21	Get Local Settings
27/03/2024 09:27:21	Start Change Local Settings
27/03/2024 09:27:21	Could not change short date format
27/03/2024 09:27:21	Could not change long date format
27/03/2024 09:27:21	Finish Change Local Settings
27/03/2024 09:27:21	Registry Read: Path=SOFTWARE\WEHA\Aplikasi\3
27/03/2024 09:27:21	Registry Read/Write
27/03/2024 09:27:21	Registry Read: Path=SOFTWARE\WEHA\Aplikasi\3
27/03/2024 10:31:11	Get Local Settings
27/03/2024 10:31:11	Start Change Local Settings
27/03/2024 10:31:11	Could not change short date format
27/03/2024 10:31:11	Could not change long date format
27/03/2024 10:31:11	Finish Change Local Settings
27/03/2024 10:31:11	Registry Read: Path=SOFTWARE\WEHA\Aplikasi\3
27/03/2024 10:31:11	Registry Read/Write
27/03/2024 10:31:11	Registry Read: Path=SOFTWARE\WEHA\Aplikasi\3
27/03/2024 11:08:37	Get Local Settings
27/03/2024 11:08:37	Start Change Local Settings
27/03/2024 11:08:37	Could not change short date format
27/03/2024 11:08:37	Could not change long date format
27/03/2024 11:08:37	Finish Change Local Settings
27/03/2024 11:08:37	Registry Read: Path=SOFTWARE\WEHA\Aplikasi\3
27/03/2024 11:08:37	Registry Read/Write
27/03/2024 11:08:37	Registry Read: Path=SOFTWARE\WEHA\Aplikasi\3
27/03/2024 13:03:05	Get Local Settings
27/03/2024 13:03:05	Start Change Local Settings
27/03/2024 13:03:05	Could not change short date format
27/03/2024 13:03:05	Could not change long date format
27/03/2024 13:03:05	Finish Change Local Settings
27/03/2024 13:03:05	Registry Read: Path=SOFTWARE\WEHA\Aplikasi\3
27/03/2024 13:03:05	Registry Read/Write
27/03/2024 13:03:05	Registry Read: Path=SOFTWARE\WEHA\Aplikasi\3
27/03/2024 14:27:43	Get Local Settings
27/03/2024 14:27:43	Start Change Local Settings
27/03/2024 14:27:43	Could not change short date format
27/03/2024 14:27:43	Could not change long date format
27/03/2024 14:27:43	Finish Change Local Settings
27/03/2024 14:27:43	Registry Read: Path=SOFTWARE\WEHA\Aplikasi\3
27/03/2024 14:27:43	Registry Read/Write
27/03/2024 14:27:43	Registry Read: Path=SOFTWARE\WEHA\Aplikasi\3
02/04/2024 09:45:31	Get Local Settings
02/04/2024 09:45:31	Start Change Local Settings
02/04/2024 09:45:31	Could not change short date format
02/04/2024 09:45:31	Could not change long date format
02/04/2024 09:45:31	Finish Change Local Settings
02/04/2024 09:45:31	Registry Read: Path=SOFTWARE\WEHA\Aplikasi\3
02/04/2024 09:45:31	Registry Read/Write
02/04/2024 09:45:31	Registry Read: Path=SOFTWARE\WEHA\Aplikasi\3
02/04/2024 10:15:30	Get Local Settings
02/04/2024 10:15:30	Start Change Local Settings
02/04/2024 10:15:30	Could not change short date format
02/04/2024 10:15:30	Could not change long date format
02/04/2024 10:15:30	Finish Change Local Settings
02/04/2024 10:15:30	Registry Read: Path=SOFTWARE\WEHA\Aplikasi\3
02/04/2024 10:15:30	Registry Read/Write
02/04/2024 10:15:30	Registry Read: Path=SOFTWARE\WEHA\Aplikasi\3
02/04/2024 10:18:18	Get Local Settings
02/04/2024 10:18:18	Start Change Local Settings
02/04/2024 10:18:18	Could not change short date format
02/04/2024 10:18:18	Could not change long date format
02/04/2024 10:18:18	Finish Change Local Settings
02/04/2024 10:18:18	Registry Read: Path=SOFTWARE\WEHA\Aplikasi\3
02/04/2024 10:18:18	Registry Read/Write
02/04/2024 10:18:18	Registry Read: Path=SOFTWARE\WEHA\Aplikasi\3
02/04/2024 10:19:46	Get Local Settings
02/04/2024 10:19:46	Start Change Local Settings
02/04/2024 10:19:46	Could not change short date format
02/04/2024 10:19:46	Could not change long date format
02/04/2024 10:19:46	Finish Change Local Settings
02/04/2024 10:19:46	Registry Read: Path=SOFTWARE\WEHA\Aplikasi\3
02/04/2024 10:19:46	Registry Read/Write
02/04/2024 10:19:46	Registry Read: Path=SOFTWARE\WEHA\Aplikasi\3
02/04/2024 10:26:00	Get Local Settings
02/04/2024 10:26:00	Start Change Local Settings
02/04/2024 10:26:00	Could not change short date format
02/04/2024 10:26:00	Could not change long date format
02/04/2024 10:26:00	Finish Change Local Settings
02/04/2024 10:26:00	Registry Read: Path=SOFTWARE\WEHA\Aplikasi\3
02/04/2024 10:26:00	Registry Read/Write
02/04/2024 10:26:00	Registry Read: Path=SOFTWARE\WEHA\Aplikasi\3
02/04/2024 10:27:34	Get Local Settings
02/04/2024 10:27:34	Start Change Local Settings
02/04/2024 10:27:34	Could not change short date format
02/04/2024 10:27:34	Could not change long date format
02/04/2024 10:27:34	Finish Change Local Settings
02/04/2024 10:27:34	Registry Read: Path=SOFTWARE\WEHA\Aplikasi\3
02/04/2024 10:27:34	Registry Read/Write
02/04/2024 10:27:34	Registry Read: Path=SOFTWARE\WEHA\Aplikasi\3
02/04/2024 10:34:04	Get Local Settings
02/04/2024 10:34:04	Start Change Local Settings
02/04/2024 10:34:04	Could not change short date format
02/04/2024 10:34:04	Could not change long date format
02/04/2024 10:34:04	Finish Change Local Settings
02/04/2024 10:34:04	Registry Read: Path=SOFTWARE\WEHA\Aplikasi\3
02/04/2024 10:34:04	Registry Read/Write
02/04/2024 10:34:04	Registry Read: Path=SOFTWARE\WEHA\Aplikasi\3
02/04/2024 10:36:25	Get Local Settings
02/04/2024 10:36:25	Start Change Local Settings
02/04/2024 10:36:25	Could not change short date format
02/04/2024 10:36:25	Could not change long date format
02/04/2024 10:36:25	Finish Change Local Settings
02/04/2024 10:36:25	Registry Read: Path=SOFTWARE\WEHA\Aplikasi\3
02/04/2024 10:36:25	Registry Read/Write
02/04/2024 10:36:26	Registry Read: Path=SOFTWARE\WEHA\Aplikasi\3
02/04/2024 10:38:24	Get Local Settings
02/04/2024 10:38:24	Start Change Local Settings
02/04/2024 10:38:24	Could not change short date format
02/04/2024 10:38:24	Could not change long date format
02/04/2024 10:38:24	Finish Change Local Settings
02/04/2024 10:38:24	Registry Read: Path=SOFTWARE\WEHA\Aplikasi\3
02/04/2024 10:38:24	Registry Read/Write
02/04/2024 10:38:24	Registry Read: Path=SOFTWARE\WEHA\Aplikasi\3
02/04/2024 10:40:21	Get Local Settings
02/04/2024 10:40:21	Start Change Local Settings
02/04/2024 10:40:21	Could not change short date format
02/04/2024 10:40:21	Could not change long date format
02/04/2024 10:40:21	Finish Change Local Settings
02/04/2024 10:40:21	Registry Read: Path=SOFTWARE\WEHA\Aplikasi\3
02/04/2024 10:40:21	Registry Read/Write
02/04/2024 10:40:21	Registry Read: Path=SOFTWARE\WEHA\Aplikasi\3
02/04/2024 10:44:22	Get Local Settings
02/04/2024 10:44:22	Start Change Local Settings
02/04/2024 10:44:22	Could not change short date format
02/04/2024 10:44:22	Could not change long date format
02/04/2024 10:44:22	Finish Change Local Settings
02/04/2024 10:44:22	Registry Read: Path=SOFTWARE\WEHA\Aplikasi\3
02/04/2024 10:44:22	Registry Read/Write
02/04/2024 10:44:22	Registry Read: Path=SOFTWARE\WEHA\Aplikasi\3
02/04/2024 10:48:56	Get Local Settings
02/04/2024 10:48:56	Start Change Local Settings
02/04/2024 10:48:56	Could not change short date format
02/04/2024 10:48:56	Could not change long date format
02/04/2024 10:48:56	Finish Change Local Settings
02/04/2024 10:48:56	Registry Read: Path=SOFTWARE\WEHA\Aplikasi\3
02/04/2024 10:48:56	Registry Read/Write
02/04/2024 10:48:56	Registry Read: Path=SOFTWARE\WEHA\Aplikasi\3
02/04/2024 10:51:46	Get Local Settings
02/04/2024 10:51:46	Start Change Local Settings
02/04/2024 10:51:46	Could not change short date format
02/04/2024 10:51:46	Could not change long date format
02/04/2024 10:51:46	Finish Change Local Settings
02/04/2024 10:51:46	Registry Read: Path=SOFTWARE\WEHA\Aplikasi\3
02/04/2024 10:51:46	Registry Read/Write
02/04/2024 10:51:46	Registry Read: Path=SOFTWARE\WEHA\Aplikasi\3
02/04/2024 10:56:28	Get Local Settings
02/04/2024 10:56:28	Start Change Local Settings
02/04/2024 10:56:28	Could not change short date format
02/04/2024 10:56:28	Could not change long date format
02/04/2024 10:56:28	Finish Change Local Settings
02/04/2024 10:56:28	Registry Read: Path=SOFTWARE\WEHA\Aplikasi\3
02/04/2024 10:56:28	Registry Read/Write
02/04/2024 10:56:28	Registry Read: Path=SOFTWARE\WEHA\Aplikasi\3
02/04/2024 11:49:52	Get Local Settings
02/04/2024 11:49:52	Start Change Local Settings
02/04/2024 11:49:52	Could not change short date format
02/04/2024 11:49:52	Could not change long date format
02/04/2024 11:49:52	Finish Change Local Settings
02/04/2024 11:49:52	Registry Read: Path=SOFTWARE\WEHA\Aplikasi\3
02/04/2024 11:49:52	Registry Read/Write
02/04/2024 11:49:52	Registry Read: Path=SOFTWARE\WEHA\Aplikasi\3
02/04/2024 11:58:24	Get Local Settings
02/04/2024 11:58:24	Start Change Local Settings
02/04/2024 11:58:24	Could not change short date format
02/04/2024 11:58:24	Could not change long date format
02/04/2024 11:58:24	Finish Change Local Settings
02/04/2024 11:58:24	Registry Read: Path=SOFTWARE\WEHA\Aplikasi\3
02/04/2024 11:58:24	Registry Read/Write
02/04/2024 11:58:24	Registry Read: Path=SOFTWARE\WEHA\Aplikasi\3
02/04/2024 12:00:19	Get Local Settings
02/04/2024 12:00:19	Start Change Local Settings
02/04/2024 12:00:19	Could not change short date format
02/04/2024 12:00:19	Could not change long date format
02/04/2024 12:00:19	Finish Change Local Settings
02/04/2024 12:00:19	Registry Read: Path=SOFTWARE\WEHA\Aplikasi\3
02/04/2024 12:00:19	Registry Read/Write
02/04/2024 12:00:19	Registry Read: Path=SOFTWARE\WEHA\Aplikasi\3
02/04/2024 12:02:54	Get Local Settings
02/04/2024 12:02:54	Start Change Local Settings
02/04/2024 12:02:54	Could not change short date format
02/04/2024 12:02:54	Could not change long date format
02/04/2024 12:02:54	Finish Change Local Settings
02/04/2024 12:02:54	Registry Read: Path=SOFTWARE\WEHA\Aplikasi\3
02/04/2024 12:02:54	Registry Read/Write
02/04/2024 12:02:54	Registry Read: Path=SOFTWARE\WEHA\Aplikasi\3
02/04/2024 12:07:43	Get Local Settings
02/04/2024 12:07:43	Start Change Local Settings
02/04/2024 12:07:43	Could not change short date format
02/04/2024 12:07:43	Could not change long date format
02/04/2024 12:07:43	Finish Change Local Settings
02/04/2024 12:07:43	Registry Read: Path=SOFTWARE\WEHA\Aplikasi\3
02/04/2024 12:07:43	Registry Read/Write
02/04/2024 12:07:43	Registry Read: Path=SOFTWARE\WEHA\Aplikasi\3
02/04/2024 12:08:59	Get Local Settings
02/04/2024 12:08:59	Start Change Local Settings
02/04/2024 12:08:59	Could not change short date format
02/04/2024 12:08:59	Could not change long date format
02/04/2024 12:08:59	Finish Change Local Settings
02/04/2024 12:08:59	Registry Read: Path=SOFTWARE\WEHA\Aplikasi\3
02/04/2024 12:08:59	Registry Read/Write
02/04/2024 12:08:59	Registry Read: Path=SOFTWARE\WEHA\Aplikasi\3
02/04/2024 13:06:28	Get Local Settings
02/04/2024 13:06:28	Start Change Local Settings
02/04/2024 13:06:28	Could not change short date format
02/04/2024 13:06:28	Could not change long date format
02/04/2024 13:06:28	Finish Change Local Settings
02/04/2024 13:06:28	Registry Read: Path=SOFTWARE\WEHA\Aplikasi\3
02/04/2024 13:06:28	Registry Read/Write
02/04/2024 13:06:28	Registry Read: Path=SOFTWARE\WEHA\Aplikasi\3
02/04/2024 13:07:42	Get Local Settings
02/04/2024 13:07:42	Start Change Local Settings
02/04/2024 13:07:42	Could not change short date format
02/04/2024 13:07:42	Could not change long date format
02/04/2024 13:07:42	Finish Change Local Settings
02/04/2024 13:07:42	Registry Read: Path=SOFTWARE\WEHA\Aplikasi\3
02/04/2024 13:07:42	Registry Read/Write
02/04/2024 13:07:42	Registry Read: Path=SOFTWARE\WEHA\Aplikasi\3
02/04/2024 13:10:19	Get Local Settings
02/04/2024 13:10:19	Start Change Local Settings
02/04/2024 13:10:19	Could not change short date format
02/04/2024 13:10:19	Could not change long date format
02/04/2024 13:10:19	Finish Change Local Settings
02/04/2024 13:10:19	Registry Read: Path=SOFTWARE\WEHA\Aplikasi\3
02/04/2024 13:10:19	Registry Read/Write
02/04/2024 13:10:19	Registry Read: Path=SOFTWARE\WEHA\Aplikasi\3
02/04/2024 13:26:37	Get Local Settings
02/04/2024 13:26:37	Start Change Local Settings
02/04/2024 13:26:37	Could not change short date format
02/04/2024 13:26:37	Could not change long date format
02/04/2024 13:26:37	Finish Change Local Settings
02/04/2024 13:26:37	Registry Read: Path=SOFTWARE\WEHA\Aplikasi\3
02/04/2024 13:26:37	Registry Read/Write
02/04/2024 13:26:37	Registry Read: Path=SOFTWARE\WEHA\Aplikasi\3
02/04/2024 13:36:36	Get Local Settings
02/04/2024 13:36:36	Start Change Local Settings
02/04/2024 13:36:36	Could not change short date format
02/04/2024 13:36:36	Could not change long date format
02/04/2024 13:36:36	Finish Change Local Settings
02/04/2024 13:36:36	Registry Read: Path=SOFTWARE\WEHA\Aplikasi\3
02/04/2024 13:36:36	Registry Read/Write
02/04/2024 13:36:36	Registry Read: Path=SOFTWARE\WEHA\Aplikasi\3
02/04/2024 13:56:23	Get Local Settings
02/04/2024 13:56:23	Start Change Local Settings
02/04/2024 13:56:23	Could not change short date format
02/04/2024 13:56:23	Could not change long date format
02/04/2024 13:56:23	Finish Change Local Settings
02/04/2024 13:56:23	Registry Read: Path=SOFTWARE\WEHA\Aplikasi\3
02/04/2024 13:56:23	Registry Read/Write
02/04/2024 13:56:23	Registry Read: Path=SOFTWARE\WEHA\Aplikasi\3
02/04/2024 14:28:27	Get Local Settings
02/04/2024 14:28:27	Start Change Local Settings
02/04/2024 14:28:27	Could not change short date format
02/04/2024 14:28:27	Could not change long date format
02/04/2024 14:28:27	Finish Change Local Settings
02/04/2024 14:28:27	Registry Read: Path=SOFTWARE\WEHA\Aplikasi\3
02/04/2024 14:28:27	Registry Read/Write
02/04/2024 14:28:27	Registry Read: Path=SOFTWARE\WEHA\Aplikasi\3
03/04/2024 11:48:34	Get Local Settings
03/04/2024 11:48:34	Start Change Local Settings
03/04/2024 11:48:34	Could not change short date format
03/04/2024 11:48:34	Could not change long date format
03/04/2024 11:48:34	Finish Change Local Settings
03/04/2024 11:48:34	Registry Read: Path=SOFTWARE\WEHA\Aplikasi\3
03/04/2024 11:48:34	Registry Read/Write
03/04/2024 11:48:34	Registry Read: Path=SOFTWARE\WEHA\Aplikasi\3
03/04/2024 11:59:57	Get Local Settings
03/04/2024 11:59:57	Start Change Local Settings
03/04/2024 11:59:57	Could not change short date format
03/04/2024 11:59:57	Could not change long date format
03/04/2024 11:59:57	Finish Change Local Settings
03/04/2024 11:59:57	Registry Read: Path=SOFTWARE\WEHA\Aplikasi\3
03/04/2024 11:59:57	Registry Read/Write
03/04/2024 11:59:57	Registry Read: Path=SOFTWARE\WEHA\Aplikasi\3
05/04/2024 09:27:14	Get Local Settings
05/04/2024 09:27:14	Start Change Local Settings
05/04/2024 09:27:14	Could not change short date format
05/04/2024 09:27:14	Could not change long date format
05/04/2024 09:27:14	Finish Change Local Settings
05/04/2024 09:27:14	Registry Read: Path=SOFTWARE\WEHA\Aplikasi\3
05/04/2024 09:27:14	Registry Read/Write
05/04/2024 09:27:14	Registry Read: Path=SOFTWARE\WEHA\Aplikasi\3
05/04/2024 09:55:28	Get Local Settings
05/04/2024 09:55:28	Start Change Local Settings
05/04/2024 09:55:28	Could not change short date format
05/04/2024 09:55:28	Could not change long date format
05/04/2024 09:55:28	Finish Change Local Settings
05/04/2024 09:55:28	Registry Read: Path=SOFTWARE\WEHA\Aplikasi\3
05/04/2024 09:55:28	Registry Read/Write
05/04/2024 09:55:28	Registry Read: Path=SOFTWARE\WEHA\Aplikasi\3
06/04/2024 10:05:30	Get Local Settings
06/04/2024 10:05:30	Start Change Local Settings
06/04/2024 10:05:30	Could not change short date format
06/04/2024 10:05:30	Could not change long date format
06/04/2024 10:05:30	Finish Change Local Settings
06/04/2024 10:05:30	Registry Read: Path=SOFTWARE\WEHA\Aplikasi\3
06/04/2024 10:05:30	Registry Read/Write
06/04/2024 10:05:30	Registry Read: Path=SOFTWARE\WEHA\Aplikasi\3
06/04/2024 11:57:43	Get Local Settings
06/04/2024 11:57:43	Start Change Local Settings
06/04/2024 11:57:43	Could not change short date format
06/04/2024 11:57:43	Could not change long date format
06/04/2024 11:57:43	Finish Change Local Settings
06/04/2024 11:57:43	Registry Read: Path=SOFTWARE\WEHA\Aplikasi\3
06/04/2024 11:57:43	Registry Read/Write
06/04/2024 11:57:43	Registry Read: Path=SOFTWARE\WEHA\Aplikasi\3
06/04/2024 12:33:23	Get Local Settings
06/04/2024 12:33:23	Start Change Local Settings
06/04/2024 12:33:23	Could not change short date format
06/04/2024 12:33:23	Could not change long date format
06/04/2024 12:33:23	Finish Change Local Settings
06/04/2024 12:33:23	Registry Read: Path=SOFTWARE\WEHA\Aplikasi\3
06/04/2024 12:33:23	Registry Read/Write
06/04/2024 12:33:23	Registry Read: Path=SOFTWARE\WEHA\Aplikasi\3
12/04/2024 09:11:10	Get Local Settings
12/04/2024 09:11:10	Start Change Local Settings
12/04/2024 09:11:10	Could not change short date format
12/04/2024 09:11:10	Could not change long date format
12/04/2024 09:11:10	Finish Change Local Settings
12/04/2024 09:11:10	Registry Read: Path=SOFTWARE\WEHA\Aplikasi\3
12/04/2024 09:11:10	Registry Read/Write
12/04/2024 09:11:10	Registry Read: Path=SOFTWARE\WEHA\Aplikasi\3
20/04/2024 09:37:18	Get Local Settings
20/04/2024 09:37:18	Start Change Local Settings
20/04/2024 09:37:18	Could not change short date format
20/04/2024 09:37:18	Could not change long date format
20/04/2024 09:37:18	Finish Change Local Settings
20/04/2024 09:37:18	Registry Read: Path=SOFTWARE\WEHA\Aplikasi\3
20/04/2024 09:37:18	Registry Read/Write
20/04/2024 09:37:18	Registry Read: Path=SOFTWARE\WEHA\Aplikasi\3
22/04/2024 13:36:20	Get Local Settings
22/04/2024 13:36:20	Start Change Local Settings
22/04/2024 13:36:20	Could not change short date format
22/04/2024 13:36:20	Could not change long date format
22/04/2024 13:36:20	Finish Change Local Settings
22/04/2024 13:36:20	Registry Read: Path=SOFTWARE\WEHA\Aplikasi\3
22/04/2024 13:36:20	Registry Read/Write
22/04/2024 13:36:20	Registry Read: Path=SOFTWARE\WEHA\Aplikasi\3
22/04/2024 14:01:52	Get Local Settings
22/04/2024 14:01:52	Start Change Local Settings
22/04/2024 14:01:52	Could not change short date format
22/04/2024 14:01:52	Could not change long date format
22/04/2024 14:01:52	Finish Change Local Settings
22/04/2024 14:01:52	Registry Read: Path=SOFTWARE\WEHA\Aplikasi\3
22/04/2024 14:01:52	Registry Read/Write
22/04/2024 14:01:52	Registry Read: Path=SOFTWARE\WEHA\Aplikasi\3
22/04/2024 14:03:30	Get Local Settings
22/04/2024 14:03:30	Start Change Local Settings
22/04/2024 14:03:30	Could not change short date format
22/04/2024 14:03:30	Could not change long date format
22/04/2024 14:03:30	Finish Change Local Settings
22/04/2024 14:03:30	Registry Read: Path=SOFTWARE\WEHA\Aplikasi\3
22/04/2024 14:03:30	Registry Read/Write
22/04/2024 14:03:30	Registry Read: Path=SOFTWARE\WEHA\Aplikasi\3
22/04/2024 14:21:34	Get Local Settings
22/04/2024 14:21:34	Start Change Local Settings
22/04/2024 14:21:34	Could not change short date format
22/04/2024 14:21:34	Could not change long date format
22/04/2024 14:21:34	Finish Change Local Settings
22/04/2024 14:21:34	Registry Read: Path=SOFTWARE\WEHA\Aplikasi\3
22/04/2024 14:21:34	Registry Read/Write
22/04/2024 14:21:34	Registry Read: Path=SOFTWARE\WEHA\Aplikasi\3
22/04/2024 14:21:57	Get Local Settings
22/04/2024 14:21:57	Start Change Local Settings
22/04/2024 14:21:57	Could not change short date format
22/04/2024 14:21:57	Could not change long date format
22/04/2024 14:21:57	Finish Change Local Settings
22/04/2024 14:21:57	Registry Read: Path=SOFTWARE\WEHA\Aplikasi\3
22/04/2024 14:21:57	Registry Read/Write
22/04/2024 14:21:57	Registry Read: Path=SOFTWARE\WEHA\Aplikasi\3
22/04/2024 14:22:04	Get Local Settings
22/04/2024 14:22:04	Start Change Local Settings
22/04/2024 14:22:04	Could not change short date format
22/04/2024 14:22:04	Could not change long date format
22/04/2024 14:22:04	Finish Change Local Settings
22/04/2024 14:22:04	Registry Read: Path=SOFTWARE\WEHA\Aplikasi\3
22/04/2024 14:22:04	Registry Read/Write
22/04/2024 14:22:04	Registry Read: Path=SOFTWARE\WEHA\Aplikasi\3
22/04/2024 14:45:28	Get Local Settings
22/04/2024 14:45:28	Start Change Local Settings
22/04/2024 14:45:28	Could not change short date format
22/04/2024 14:45:28	Could not change long date format
22/04/2024 14:45:28	Finish Change Local Settings
22/04/2024 14:45:28	Registry Read: Path=SOFTWARE\WEHA\Aplikasi\3
22/04/2024 14:45:28	Registry Read/Write
22/04/2024 14:45:28	Registry Read: Path=SOFTWARE\WEHA\Aplikasi\3
22/04/2024 14:48:13	Get Local Settings
22/04/2024 14:48:13	Start Change Local Settings
22/04/2024 14:48:13	Could not change short date format
22/04/2024 14:48:13	Could not change long date format
22/04/2024 14:48:13	Finish Change Local Settings
22/04/2024 14:48:13	Registry Read: Path=SOFTWARE\WEHA\Aplikasi\3
22/04/2024 14:48:13	Registry Read/Write
22/04/2024 14:48:13	Registry Read: Path=SOFTWARE\WEHA\Aplikasi\3
22/04/2024 15:23:01	Get Local Settings
22/04/2024 15:23:01	Start Change Local Settings
22/04/2024 15:23:01	Could not change short date format
22/04/2024 15:23:01	Could not change long date format
22/04/2024 15:23:01	Finish Change Local Settings
22/04/2024 15:23:01	Registry Read: Path=SOFTWARE\WEHA\Aplikasi\3
22/04/2024 15:23:01	Registry Read/Write
22/04/2024 15:23:01	Registry Read: Path=SOFTWARE\WEHA\Aplikasi\3
23/04/2024 11:36:35	Get Local Settings
23/04/2024 11:36:35	Start Change Local Settings
23/04/2024 11:36:35	Could not change short date format
23/04/2024 11:36:35	Could not change long date format
23/04/2024 11:36:35	Finish Change Local Settings
23/04/2024 11:36:35	Registry Read: Path=SOFTWARE\WEHA\Aplikasi\3
23/04/2024 11:36:35	Registry Read/Write
23/04/2024 11:36:35	Registry Read: Path=SOFTWARE\WEHA\Aplikasi\3
23/04/2024 15:54:46	Get Local Settings
23/04/2024 15:54:46	Start Change Local Settings
23/04/2024 15:54:46	Could not change short date format
23/04/2024 15:54:46	Could not change long date format
23/04/2024 15:54:46	Finish Change Local Settings
23/04/2024 15:54:46	Registry Read: Path=SOFTWARE\WEHA\Aplikasi\3
23/04/2024 15:54:46	Registry Read/Write
23/04/2024 15:54:46	Registry Read: Path=SOFTWARE\WEHA\Aplikasi\3
23/04/2024 16:28:31	Get Local Settings
23/04/2024 16:28:31	Start Change Local Settings
23/04/2024 16:28:31	Could not change short date format
23/04/2024 16:28:31	Could not change long date format
23/04/2024 16:28:31	Finish Change Local Settings
23/04/2024 16:28:31	Registry Read: Path=SOFTWARE\WEHA\Aplikasi\3
23/04/2024 16:28:31	Registry Read/Write
23/04/2024 16:28:31	Registry Read: Path=SOFTWARE\WEHA\Aplikasi\3
23/04/2024 16:48:12	Get Local Settings
23/04/2024 16:48:12	Start Change Local Settings
23/04/2024 16:48:12	Could not change short date format
23/04/2024 16:48:12	Could not change long date format
23/04/2024 16:48:12	Finish Change Local Settings
23/04/2024 16:48:12	Registry Read: Path=SOFTWARE\WEHA\Aplikasi\3
23/04/2024 16:48:12	Registry Read/Write
23/04/2024 16:48:12	Registry Read: Path=SOFTWARE\WEHA\Aplikasi\3
23/04/2024 17:17:36	Get Local Settings
23/04/2024 17:17:36	Start Change Local Settings
23/04/2024 17:17:36	Could not change short date format
23/04/2024 17:17:36	Could not change long date format
23/04/2024 17:17:36	Finish Change Local Settings
23/04/2024 17:17:36	Registry Read: Path=SOFTWARE\WEHA\Aplikasi\3
23/04/2024 17:17:36	Registry Read/Write
23/04/2024 17:17:36	Registry Read: Path=SOFTWARE\WEHA\Aplikasi\3
23/04/2024 17:29:28	Get Local Settings
23/04/2024 17:29:28	Start Change Local Settings
23/04/2024 17:29:28	Could not change short date format
23/04/2024 17:29:28	Could not change long date format
23/04/2024 17:29:28	Finish Change Local Settings
23/04/2024 17:29:28	Registry Read: Path=SOFTWARE\WEHA\Aplikasi\3
23/04/2024 17:29:28	Registry Read/Write
23/04/2024 17:29:28	Registry Read: Path=SOFTWARE\WEHA\Aplikasi\3
24/04/2024 11:40:26	Get Local Settings
24/04/2024 11:40:26	Start Change Local Settings
24/04/2024 11:40:26	Could not change short date format
24/04/2024 11:40:26	Could not change long date format
24/04/2024 11:40:26	Finish Change Local Settings
24/04/2024 11:40:26	Registry Read: Path=SOFTWARE\WEHA\Aplikasi\3
24/04/2024 11:40:26	Registry Read/Write
24/04/2024 11:40:26	Registry Read: Path=SOFTWARE\WEHA\Aplikasi\3
24/04/2024 11:44:51	Get Local Settings
24/04/2024 11:44:51	Start Change Local Settings
24/04/2024 11:44:51	Could not change short date format
24/04/2024 11:44:51	Could not change long date format
24/04/2024 11:44:51	Finish Change Local Settings
24/04/2024 11:44:51	Registry Read: Path=SOFTWARE\WEHA\Aplikasi\3
24/04/2024 11:44:51	Registry Read/Write
24/04/2024 11:44:51	Registry Read: Path=SOFTWARE\WEHA\Aplikasi\3
25/04/2024 13:33:57	Get Local Settings
25/04/2024 13:33:57	Start Change Local Settings
25/04/2024 13:33:57	Could not change short date format
25/04/2024 13:33:57	Could not change long date format
25/04/2024 13:33:57	Finish Change Local Settings
25/04/2024 13:33:57	Registry Read: Path=SOFTWARE\WEHA\Aplikasi\3
25/04/2024 13:33:57	Registry Read/Write
25/04/2024 13:33:57	Registry Read: Path=SOFTWARE\WEHA\Aplikasi\3
25/04/2024 13:59:37	Get Local Settings
25/04/2024 13:59:37	Start Change Local Settings
25/04/2024 13:59:37	Could not change short date format
25/04/2024 13:59:37	Could not change long date format
25/04/2024 13:59:37	Finish Change Local Settings
25/04/2024 13:59:37	Registry Read: Path=SOFTWARE\WEHA\Aplikasi\3
25/04/2024 13:59:37	Registry Read/Write
25/04/2024 13:59:37	Registry Read: Path=SOFTWARE\WEHA\Aplikasi\3
25/04/2024 21:03:59	Get Local Settings
25/04/2024 21:03:59	Start Change Local Settings
25/04/2024 21:03:59	Could not change short date format
25/04/2024 21:03:59	Could not change long date format
25/04/2024 21:03:59	Finish Change Local Settings
25/04/2024 21:03:59	Registry Read: Path=SOFTWARE\WEHA\Aplikasi\3
25/04/2024 21:03:59	Registry Read/Write
25/04/2024 21:03:59	Registry Read: Path=SOFTWARE\WEHA\Aplikasi\3
26/04/2024 09:07:03	Get Local Settings
26/04/2024 09:07:03	Start Change Local Settings
26/04/2024 09:07:03	Could not change short date format
26/04/2024 09:07:03	Could not change long date format
26/04/2024 09:07:03	Finish Change Local Settings
26/04/2024 09:07:03	Registry Read: Path=SOFTWARE\WEHA\Aplikasi\3
26/04/2024 09:07:03	Registry Read/Write
26/04/2024 09:07:03	Registry Read: Path=SOFTWARE\WEHA\Aplikasi\3
26/04/2024 09:11:49	Get Local Settings
26/04/2024 09:11:49	Start Change Local Settings
26/04/2024 09:11:49	Could not change short date format
26/04/2024 09:11:49	Could not change long date format
26/04/2024 09:11:49	Finish Change Local Settings
26/04/2024 09:11:49	Registry Read: Path=SOFTWARE\WEHA\Aplikasi\3
26/04/2024 09:11:49	Registry Read/Write
26/04/2024 09:11:49	Registry Read: Path=SOFTWARE\WEHA\Aplikasi\3
29/04/2024 10:02:01	Get Local Settings
29/04/2024 10:02:01	Start Change Local Settings
29/04/2024 10:02:01	Could not change short date format
29/04/2024 10:02:01	Could not change long date format
29/04/2024 10:02:01	Finish Change Local Settings
29/04/2024 10:02:01	Registry Read: Path=SOFTWARE\WEHA\Aplikasi\3
29/04/2024 10:02:01	Registry Read/Write
29/04/2024 10:02:01	Registry Read: Path=SOFTWARE\WEHA\Aplikasi\3
30/04/2024 11:10:46	Get Local Settings
30/04/2024 11:10:46	Start Change Local Settings
30/04/2024 11:10:46	Could not change short date format
30/04/2024 11:10:46	Could not change long date format
30/04/2024 11:10:46	Finish Change Local Settings
30/04/2024 11:10:46	Registry Read: Path=SOFTWARE\WEHA\Aplikasi\3
30/04/2024 11:10:46	Registry Read/Write
30/04/2024 11:10:46	Registry Read: Path=SOFTWARE\WEHA\Aplikasi\3
02/05/2024 09:04:25	Get Local Settings
02/05/2024 09:04:25	Start Change Local Settings
02/05/2024 09:04:25	Could not change short date format
02/05/2024 09:04:25	Could not change long date format
02/05/2024 09:04:25	Finish Change Local Settings
02/05/2024 09:04:25	Registry Read: Path=SOFTWARE\WEHA\Aplikasi\3
02/05/2024 09:04:25	Registry Read/Write
02/05/2024 09:04:25	Registry Read: Path=SOFTWARE\WEHA\Aplikasi\3
04/05/2024 12:07:33	Get Local Settings
04/05/2024 12:07:33	Start Change Local Settings
04/05/2024 12:07:33	Could not change short date format
04/05/2024 12:07:33	Could not change long date format
04/05/2024 12:07:33	Finish Change Local Settings
04/05/2024 12:07:33	Registry Read: Path=SOFTWARE\WEHA\Aplikasi\3
04/05/2024 12:07:33	Registry Read/Write
04/05/2024 12:07:33	Registry Read: Path=SOFTWARE\WEHA\Aplikasi\3
04/05/2024 12:10:20	Get Local Settings
04/05/2024 12:10:20	Start Change Local Settings
04/05/2024 12:10:20	Could not change short date format
04/05/2024 12:10:20	Could not change long date format
04/05/2024 12:10:20	Finish Change Local Settings
04/05/2024 12:10:20	Registry Read: Path=SOFTWARE\WEHA\Aplikasi\3
04/05/2024 12:10:20	Registry Read/Write
04/05/2024 12:10:20	Registry Read: Path=SOFTWARE\WEHA\Aplikasi\3
04/05/2024 12:40:46	Get Local Settings
04/05/2024 12:40:46	Start Change Local Settings
04/05/2024 12:40:46	Could not change short date format
04/05/2024 12:40:46	Could not change long date format
04/05/2024 12:40:46	Finish Change Local Settings
04/05/2024 12:40:46	Registry Read: Path=SOFTWARE\WEHA\Aplikasi\3
04/05/2024 12:40:46	Registry Read/Write
04/05/2024 12:40:46	Registry Read: Path=SOFTWARE\WEHA\Aplikasi\3
04/05/2024 12:44:16	Get Local Settings
04/05/2024 12:44:16	Start Change Local Settings
04/05/2024 12:44:16	Could not change short date format
04/05/2024 12:44:16	Could not change long date format
04/05/2024 12:44:16	Finish Change Local Settings
04/05/2024 12:44:16	Registry Read: Path=SOFTWARE\WEHA\Aplikasi\3
04/05/2024 12:44:16	Registry Read/Write
04/05/2024 12:44:16	Registry Read: Path=SOFTWARE\WEHA\Aplikasi\3
04/05/2024 13:03:51	Get Local Settings
04/05/2024 13:03:51	Start Change Local Settings
04/05/2024 13:03:51	Could not change short date format
04/05/2024 13:03:51	Could not change long date format
04/05/2024 13:03:51	Finish Change Local Settings
04/05/2024 13:03:51	Registry Read: Path=SOFTWARE\WEHA\Aplikasi\3
04/05/2024 13:03:51	Registry Read/Write
04/05/2024 13:03:51	Registry Read: Path=SOFTWARE\WEHA\Aplikasi\3
04/05/2024 13:31:16	Get Local Settings
04/05/2024 13:31:16	Start Change Local Settings
04/05/2024 13:31:16	Could not change short date format
04/05/2024 13:31:16	Could not change long date format
04/05/2024 13:31:16	Finish Change Local Settings
04/05/2024 13:31:16	Registry Read: Path=SOFTWARE\WEHA\Aplikasi\3
04/05/2024 13:31:16	Registry Read/Write
04/05/2024 13:31:16	Registry Read: Path=SOFTWARE\WEHA\Aplikasi\3
04/05/2024 13:54:07	Get Local Settings
04/05/2024 13:54:07	Start Change Local Settings
04/05/2024 13:54:07	Could not change short date format
04/05/2024 13:54:07	Could not change long date format
04/05/2024 13:54:07	Finish Change Local Settings
04/05/2024 13:54:07	Registry Read: Path=SOFTWARE\WEHA\Aplikasi\3
04/05/2024 13:54:07	Registry Read/Write
04/05/2024 13:54:07	Registry Read: Path=SOFTWARE\WEHA\Aplikasi\3
04/05/2024 13:54:14	Get Local Settings
04/05/2024 13:54:14	Start Change Local Settings
04/05/2024 13:54:14	Could not change short date format
04/05/2024 13:54:14	Could not change long date format
04/05/2024 13:54:14	Finish Change Local Settings
04/05/2024 13:54:14	Registry Read: Path=SOFTWARE\WEHA\Aplikasi\3
04/05/2024 13:54:14	Registry Read/Write
04/05/2024 13:54:14	Registry Read: Path=SOFTWARE\WEHA\Aplikasi\3
06/05/2024 10:45:42	Get Local Settings
06/05/2024 10:45:42	Start Change Local Settings
06/05/2024 10:45:42	Could not change short date format
06/05/2024 10:45:42	Could not change long date format
06/05/2024 10:45:42	Finish Change Local Settings
06/05/2024 10:45:42	Registry Read: Path=SOFTWARE\WEHA\Aplikasi\3
06/05/2024 10:45:42	Registry Read/Write
06/05/2024 10:45:42	Registry Read: Path=SOFTWARE\WEHA\Aplikasi\3
06/05/2024 10:51:02	Get Local Settings
06/05/2024 10:51:02	Start Change Local Settings
06/05/2024 10:51:02	Could not change short date format
06/05/2024 10:51:02	Could not change long date format
06/05/2024 10:51:02	Finish Change Local Settings
06/05/2024 10:51:02	Registry Read: Path=SOFTWARE\WEHA\Aplikasi\3
06/05/2024 10:51:02	Registry Read/Write
06/05/2024 10:51:02	Registry Read: Path=SOFTWARE\WEHA\Aplikasi\3
06/05/2024 16:39:13	Get Local Settings
06/05/2024 16:39:13	Start Change Local Settings
06/05/2024 16:39:13	Could not change short date format
06/05/2024 16:39:13	Could not change long date format
06/05/2024 16:39:13	Finish Change Local Settings
06/05/2024 16:39:13	Registry Read: Path=SOFTWARE\WEHA\Aplikasi\3
06/05/2024 16:39:13	Registry Read/Write
06/05/2024 16:39:13	Registry Read: Path=SOFTWARE\WEHA\Aplikasi\3
06/05/2024 16:42:40	Get Local Settings
06/05/2024 16:42:40	Start Change Local Settings
06/05/2024 16:42:40	Could not change short date format
06/05/2024 16:42:40	Could not change long date format
06/05/2024 16:42:40	Finish Change Local Settings
06/05/2024 16:42:40	Registry Read: Path=SOFTWARE\WEHA\Aplikasi\3
06/05/2024 16:42:40	Registry Read/Write
06/05/2024 16:42:40	Registry Read: Path=SOFTWARE\WEHA\Aplikasi\3
08/05/2024 14:56:35	Get Local Settings
08/05/2024 14:56:35	Start Change Local Settings
08/05/2024 14:56:35	Could not change short date format
08/05/2024 14:56:35	Could not change long date format
08/05/2024 14:56:35	Finish Change Local Settings
08/05/2024 14:56:35	Registry Read: Path=SOFTWARE\WEHA\Aplikasi\3
08/05/2024 14:56:35	Registry Read/Write
08/05/2024 14:56:35	Registry Read: Path=SOFTWARE\WEHA\Aplikasi\3
08/05/2024 16:36:24	Get Local Settings
08/05/2024 16:36:24	Start Change Local Settings
08/05/2024 16:36:24	Could not change short date format
08/05/2024 16:36:24	Could not change long date format
08/05/2024 16:36:24	Finish Change Local Settings
08/05/2024 16:36:24	Registry Read: Path=SOFTWARE\WEHA\Aplikasi\3
08/05/2024 16:36:24	Registry Read/Write
08/05/2024 16:36:24	Registry Read: Path=SOFTWARE\WEHA\Aplikasi\3
10/05/2024 10:15:22	Get Local Settings
10/05/2024 10:15:22	Start Change Local Settings
10/05/2024 10:15:22	Could not change short date format
10/05/2024 10:15:22	Could not change long date format
10/05/2024 10:15:22	Finish Change Local Settings
10/05/2024 10:15:22	Registry Read: Path=SOFTWARE\WEHA\Aplikasi\3
10/05/2024 10:15:22	Registry Read/Write
10/05/2024 10:15:22	Registry Read: Path=SOFTWARE\WEHA\Aplikasi\3
10/05/2024 13:33:52	Get Local Settings
10/05/2024 13:33:52	Start Change Local Settings
10/05/2024 13:33:52	Could not change short date format
10/05/2024 13:33:52	Could not change long date format
10/05/2024 13:33:52	Finish Change Local Settings
10/05/2024 13:33:52	Registry Read: Path=SOFTWARE\WEHA\Aplikasi\3
10/05/2024 13:33:52	Registry Read/Write
10/05/2024 13:33:52	Registry Read: Path=SOFTWARE\WEHA\Aplikasi\3
13/05/2024 15:33:31	Get Local Settings
13/05/2024 15:33:31	Start Change Local Settings
13/05/2024 15:33:31	Could not change short date format
13/05/2024 15:33:31	Could not change long date format
13/05/2024 15:33:31	Finish Change Local Settings
13/05/2024 15:33:31	Registry Read: Path=SOFTWARE\WEHA\Aplikasi\3
13/05/2024 15:33:31	Registry Read/Write
13/05/2024 15:33:31	Registry Read: Path=SOFTWARE\WEHA\Aplikasi\3
14/05/2024 09:29:03	Get Local Settings
14/05/2024 09:29:03	Start Change Local Settings
14/05/2024 09:29:03	Could not change short date format
14/05/2024 09:29:03	Could not change long date format
14/05/2024 09:29:03	Finish Change Local Settings
14/05/2024 09:29:03	Registry Read: Path=SOFTWARE\WEHA\Aplikasi\3
14/05/2024 09:29:03	Registry Read/Write
14/05/2024 09:29:03	Registry Read: Path=SOFTWARE\WEHA\Aplikasi\3
14/05/2024 09:40:36	Get Local Settings
14/05/2024 09:40:36	Start Change Local Settings
14/05/2024 09:40:36	Could not change short date format
14/05/2024 09:40:36	Could not change long date format
14/05/2024 09:40:36	Finish Change Local Settings
14/05/2024 09:40:36	Registry Read: Path=SOFTWARE\WEHA\Aplikasi\3
14/05/2024 09:40:36	Registry Read/Write
14/05/2024 09:40:36	Registry Read: Path=SOFTWARE\WEHA\Aplikasi\3
14/05/2024 09:49:46	Get Local Settings
14/05/2024 09:49:46	Start Change Local Settings
14/05/2024 09:49:46	Could not change short date format
14/05/2024 09:49:46	Could not change long date format
14/05/2024 09:49:46	Finish Change Local Settings
14/05/2024 09:49:46	Registry Read: Path=SOFTWARE\WEHA\Aplikasi\3
14/05/2024 09:49:46	Registry Read/Write
14/05/2024 09:49:46	Registry Read: Path=SOFTWARE\WEHA\Aplikasi\3
14/05/2024 09:53:56	Get Local Settings
14/05/2024 09:53:56	Start Change Local Settings
14/05/2024 09:53:56	Could not change short date format
14/05/2024 09:53:56	Could not change long date format
14/05/2024 09:53:56	Finish Change Local Settings
14/05/2024 09:53:56	Registry Read: Path=SOFTWARE\WEHA\Aplikasi\3
14/05/2024 09:53:56	Registry Read/Write
14/05/2024 09:53:56	Registry Read: Path=SOFTWARE\WEHA\Aplikasi\3
14/05/2024 09:54:35	Get Local Settings
14/05/2024 09:54:35	Start Change Local Settings
14/05/2024 09:54:35	Could not change short date format
14/05/2024 09:54:35	Could not change long date format
14/05/2024 09:54:35	Finish Change Local Settings
14/05/2024 09:54:35	Registry Read: Path=SOFTWARE\WEHA\Aplikasi\3
14/05/2024 09:54:35	Registry Read/Write
14/05/2024 09:54:35	Registry Read: Path=SOFTWARE\WEHA\Aplikasi\3
14/05/2024 10:06:11	Get Local Settings
14/05/2024 10:06:11	Start Change Local Settings
14/05/2024 10:06:11	Could not change short date format
14/05/2024 10:06:11	Could not change long date format
14/05/2024 10:06:11	Finish Change Local Settings
14/05/2024 10:06:11	Registry Read: Path=SOFTWARE\WEHA\Aplikasi\3
14/05/2024 10:06:11	Registry Read/Write
14/05/2024 10:06:11	Registry Read: Path=SOFTWARE\WEHA\Aplikasi\3
14/05/2024 10:56:00	Get Local Settings
14/05/2024 10:56:00	Start Change Local Settings
14/05/2024 10:56:00	Could not change short date format
14/05/2024 10:56:00	Could not change long date format
14/05/2024 10:56:00	Finish Change Local Settings
14/05/2024 10:56:00	Registry Read: Path=SOFTWARE\WEHA\Aplikasi\3
14/05/2024 10:56:00	Registry Read/Write
14/05/2024 10:56:00	Registry Read: Path=SOFTWARE\WEHA\Aplikasi\3
14/05/2024 11:00:50	Get Local Settings
14/05/2024 11:00:50	Start Change Local Settings
14/05/2024 11:00:50	Could not change short date format
14/05/2024 11:00:50	Could not change long date format
14/05/2024 11:00:50	Finish Change Local Settings
14/05/2024 11:00:50	Registry Read: Path=SOFTWARE\WEHA\Aplikasi\3
14/05/2024 11:00:50	Registry Read/Write
14/05/2024 11:00:50	Registry Read: Path=SOFTWARE\WEHA\Aplikasi\3
14/05/2024 11:10:58	Get Local Settings
14/05/2024 11:10:58	Start Change Local Settings
14/05/2024 11:10:58	Could not change short date format
14/05/2024 11:10:58	Could not change long date format
14/05/2024 11:10:58	Finish Change Local Settings
14/05/2024 11:10:58	Registry Read: Path=SOFTWARE\WEHA\Aplikasi\3
14/05/2024 11:10:58	Registry Read/Write
14/05/2024 11:10:58	Registry Read: Path=SOFTWARE\WEHA\Aplikasi\3
14/05/2024 11:33:41	Get Local Settings
14/05/2024 11:33:41	Start Change Local Settings
14/05/2024 11:33:41	Could not change short date format
14/05/2024 11:33:41	Could not change long date format
14/05/2024 11:33:41	Finish Change Local Settings
14/05/2024 11:33:41	Registry Read: Path=SOFTWARE\WEHA\Aplikasi\3
14/05/2024 11:33:41	Registry Read/Write
14/05/2024 11:33:41	Registry Read: Path=SOFTWARE\WEHA\Aplikasi\3
14/05/2024 11:39:52	Get Local Settings
14/05/2024 11:39:52	Start Change Local Settings
14/05/2024 11:39:52	Could not change short date format
14/05/2024 11:39:52	Could not change long date format
14/05/2024 11:39:52	Finish Change Local Settings
14/05/2024 11:39:52	Registry Read: Path=SOFTWARE\WEHA\Aplikasi\3
14/05/2024 11:39:52	Registry Read/Write
14/05/2024 11:39:52	Registry Read: Path=SOFTWARE\WEHA\Aplikasi\3
14/05/2024 11:42:29	Get Local Settings
14/05/2024 11:42:29	Start Change Local Settings
14/05/2024 11:42:29	Could not change short date format
14/05/2024 11:42:29	Could not change long date format
14/05/2024 11:42:29	Finish Change Local Settings
14/05/2024 11:42:29	Registry Read: Path=SOFTWARE\WEHA\Aplikasi\3
14/05/2024 11:42:29	Registry Read/Write
14/05/2024 11:42:29	Registry Read: Path=SOFTWARE\WEHA\Aplikasi\3
14/05/2024 13:54:11	Get Local Settings
14/05/2024 13:54:11	Start Change Local Settings
14/05/2024 13:54:11	Could not change short date format
14/05/2024 13:54:11	Could not change long date format
14/05/2024 13:54:11	Finish Change Local Settings
14/05/2024 13:54:11	Registry Read: Path=SOFTWARE\WEHA\Aplikasi\3
14/05/2024 13:54:11	Registry Read/Write
14/05/2024 13:54:11	Registry Read: Path=SOFTWARE\WEHA\Aplikasi\3
14/05/2024 13:58:33	Get Local Settings
14/05/2024 13:58:33	Start Change Local Settings
14/05/2024 13:58:33	Could not change short date format
14/05/2024 13:58:33	Could not change long date format
14/05/2024 13:58:33	Finish Change Local Settings
14/05/2024 13:58:33	Registry Read: Path=SOFTWARE\WEHA\Aplikasi\3
14/05/2024 13:58:33	Registry Read/Write
14/05/2024 13:58:34	Registry Read: Path=SOFTWARE\WEHA\Aplikasi\3
14/05/2024 14:01:28	Get Local Settings
14/05/2024 14:01:28	Start Change Local Settings
14/05/2024 14:01:28	Could not change short date format
14/05/2024 14:01:28	Could not change long date format
14/05/2024 14:01:28	Finish Change Local Settings
14/05/2024 14:01:28	Registry Read: Path=SOFTWARE\WEHA\Aplikasi\3
14/05/2024 14:01:28	Registry Read/Write
14/05/2024 14:01:28	Registry Read: Path=SOFTWARE\WEHA\Aplikasi\3
14/05/2024 14:03:02	Get Local Settings
14/05/2024 14:03:02	Start Change Local Settings
14/05/2024 14:03:02	Could not change short date format
14/05/2024 14:03:02	Could not change long date format
14/05/2024 14:03:02	Finish Change Local Settings
14/05/2024 14:03:02	Registry Read: Path=SOFTWARE\WEHA\Aplikasi\3
14/05/2024 14:03:02	Registry Read/Write
14/05/2024 14:03:02	Registry Read: Path=SOFTWARE\WEHA\Aplikasi\3
14/05/2024 14:04:29	Get Local Settings
14/05/2024 14:04:29	Start Change Local Settings
14/05/2024 14:04:29	Could not change short date format
14/05/2024 14:04:29	Could not change long date format
14/05/2024 14:04:29	Finish Change Local Settings
14/05/2024 14:04:29	Registry Read: Path=SOFTWARE\WEHA\Aplikasi\3
14/05/2024 14:04:29	Registry Read/Write
14/05/2024 14:04:29	Registry Read: Path=SOFTWARE\WEHA\Aplikasi\3
14/05/2024 14:07:55	Get Local Settings
14/05/2024 14:07:55	Start Change Local Settings
14/05/2024 14:07:55	Could not change short date format
14/05/2024 14:07:55	Could not change long date format
14/05/2024 14:07:55	Finish Change Local Settings
14/05/2024 14:07:55	Registry Read: Path=SOFTWARE\WEHA\Aplikasi\3
14/05/2024 14:07:55	Registry Read/Write
14/05/2024 14:07:55	Registry Read: Path=SOFTWARE\WEHA\Aplikasi\3
14/05/2024 14:34:54	Get Local Settings
14/05/2024 14:34:54	Start Change Local Settings
14/05/2024 14:34:54	Could not change short date format
14/05/2024 14:34:54	Could not change long date format
14/05/2024 14:34:54	Finish Change Local Settings
14/05/2024 14:34:54	Registry Read: Path=SOFTWARE\WEHA\Aplikasi\3
14/05/2024 14:34:54	Registry Read/Write
14/05/2024 14:34:54	Registry Read: Path=SOFTWARE\WEHA\Aplikasi\3
14/05/2024 14:35:59	Get Local Settings
14/05/2024 14:35:59	Start Change Local Settings
14/05/2024 14:35:59	Could not change short date format
14/05/2024 14:35:59	Could not change long date format
14/05/2024 14:35:59	Finish Change Local Settings
14/05/2024 14:35:59	Registry Read: Path=SOFTWARE\WEHA\Aplikasi\3
14/05/2024 14:35:59	Registry Read/Write
14/05/2024 14:35:59	Registry Read: Path=SOFTWARE\WEHA\Aplikasi\3
14/05/2024 14:50:26	Get Local Settings
14/05/2024 14:50:26	Start Change Local Settings
14/05/2024 14:50:26	Could not change short date format
14/05/2024 14:50:26	Could not change long date format
14/05/2024 14:50:26	Finish Change Local Settings
14/05/2024 14:50:26	Registry Read: Path=SOFTWARE\WEHA\Aplikasi\3
14/05/2024 14:50:26	Registry Read/Write
14/05/2024 14:50:26	Registry Read: Path=SOFTWARE\WEHA\Aplikasi\3
14/05/2024 15:01:18	Get Local Settings
14/05/2024 15:01:18	Start Change Local Settings
14/05/2024 15:01:18	Could not change short date format
14/05/2024 15:01:18	Could not change long date format
14/05/2024 15:01:18	Finish Change Local Settings
14/05/2024 15:01:18	Registry Read: Path=SOFTWARE\WEHA\Aplikasi\3
14/05/2024 15:01:18	Registry Read/Write
14/05/2024 15:01:18	Registry Read: Path=SOFTWARE\WEHA\Aplikasi\3
14/05/2024 15:37:25	Get Local Settings
14/05/2024 15:37:25	Start Change Local Settings
14/05/2024 15:37:25	Could not change short date format
14/05/2024 15:37:25	Could not change long date format
14/05/2024 15:37:25	Finish Change Local Settings
14/05/2024 15:37:25	Registry Read: Path=SOFTWARE\WEHA\Aplikasi\3
14/05/2024 15:37:25	Registry Read/Write
14/05/2024 15:37:25	Registry Read: Path=SOFTWARE\WEHA\Aplikasi\3
14/05/2024 15:40:19	Get Local Settings
14/05/2024 15:40:19	Start Change Local Settings
14/05/2024 15:40:19	Could not change short date format
14/05/2024 15:40:19	Could not change long date format
14/05/2024 15:40:19	Finish Change Local Settings
14/05/2024 15:40:19	Registry Read: Path=SOFTWARE\WEHA\Aplikasi\3
14/05/2024 15:40:19	Registry Read/Write
14/05/2024 15:40:19	Registry Read: Path=SOFTWARE\WEHA\Aplikasi\3
14/05/2024 15:43:42	Get Local Settings
14/05/2024 15:43:42	Start Change Local Settings
14/05/2024 15:43:42	Could not change short date format
14/05/2024 15:43:42	Could not change long date format
14/05/2024 15:43:42	Finish Change Local Settings
14/05/2024 15:43:42	Registry Read: Path=SOFTWARE\WEHA\Aplikasi\3
14/05/2024 15:43:42	Registry Read/Write
14/05/2024 15:43:42	Registry Read: Path=SOFTWARE\WEHA\Aplikasi\3
14/05/2024 15:45:17	Get Local Settings
14/05/2024 15:45:17	Start Change Local Settings
14/05/2024 15:45:17	Could not change short date format
14/05/2024 15:45:17	Could not change long date format
14/05/2024 15:45:17	Finish Change Local Settings
14/05/2024 15:45:17	Registry Read: Path=SOFTWARE\WEHA\Aplikasi\3
14/05/2024 15:45:17	Registry Read/Write
14/05/2024 15:45:17	Registry Read: Path=SOFTWARE\WEHA\Aplikasi\3
14/05/2024 15:51:34	Get Local Settings
14/05/2024 15:51:34	Start Change Local Settings
14/05/2024 15:51:34	Could not change short date format
14/05/2024 15:51:34	Could not change long date format
14/05/2024 15:51:34	Finish Change Local Settings
14/05/2024 15:51:34	Registry Read: Path=SOFTWARE\WEHA\Aplikasi\3
14/05/2024 15:51:34	Registry Read/Write
14/05/2024 15:51:34	Registry Read: Path=SOFTWARE\WEHA\Aplikasi\3
14/05/2024 15:54:32	Get Local Settings
14/05/2024 15:54:32	Start Change Local Settings
14/05/2024 15:54:32	Could not change short date format
14/05/2024 15:54:32	Could not change long date format
14/05/2024 15:54:32	Finish Change Local Settings
14/05/2024 15:54:32	Registry Read: Path=SOFTWARE\WEHA\Aplikasi\3
14/05/2024 15:54:32	Registry Read/Write
14/05/2024 15:54:32	Registry Read: Path=SOFTWARE\WEHA\Aplikasi\3
14/05/2024 17:29:11	Get Local Settings
14/05/2024 17:29:11	Start Change Local Settings
14/05/2024 17:29:11	Could not change short date format
14/05/2024 17:29:11	Could not change long date format
14/05/2024 17:29:11	Finish Change Local Settings
14/05/2024 17:29:11	Registry Read: Path=SOFTWARE\WEHA\Aplikasi\3
14/05/2024 17:29:11	Registry Read/Write
14/05/2024 17:29:11	Registry Read: Path=SOFTWARE\WEHA\Aplikasi\3
14/05/2024 17:33:25	Get Local Settings
14/05/2024 17:33:25	Start Change Local Settings
14/05/2024 17:33:25	Could not change short date format
14/05/2024 17:33:25	Could not change long date format
14/05/2024 17:33:25	Finish Change Local Settings
14/05/2024 17:33:25	Registry Read: Path=SOFTWARE\WEHA\Aplikasi\3
14/05/2024 17:33:25	Registry Read/Write
14/05/2024 17:33:25	Registry Read: Path=SOFTWARE\WEHA\Aplikasi\3
14/05/2024 17:40:21	Get Local Settings
14/05/2024 17:40:21	Start Change Local Settings
14/05/2024 17:40:21	Could not change short date format
14/05/2024 17:40:21	Could not change long date format
14/05/2024 17:40:21	Finish Change Local Settings
14/05/2024 17:40:21	Registry Read: Path=SOFTWARE\WEHA\Aplikasi\3
14/05/2024 17:40:21	Registry Read/Write
14/05/2024 17:40:21	Registry Read: Path=SOFTWARE\WEHA\Aplikasi\3
15/05/2024 13:49:29	Get Local Settings
15/05/2024 13:49:29	Start Change Local Settings
15/05/2024 13:49:29	Could not change short date format
15/05/2024 13:49:29	Could not change long date format
15/05/2024 13:49:29	Finish Change Local Settings
15/05/2024 13:49:29	Registry Read: Path=SOFTWARE\WEHA\Aplikasi\3
15/05/2024 13:49:29	Registry Read/Write
15/05/2024 13:49:29	Registry Read: Path=SOFTWARE\WEHA\Aplikasi\3
17/05/2024 16:12:19	Get Local Settings
17/05/2024 16:12:19	Start Change Local Settings
17/05/2024 16:12:19	Could not change short date format
17/05/2024 16:12:19	Could not change long date format
17/05/2024 16:12:19	Finish Change Local Settings
17/05/2024 16:12:19	Registry Read: Path=SOFTWARE\WEHA\Aplikasi\3
17/05/2024 16:12:19	Registry Read/Write
17/05/2024 16:12:19	Registry Read: Path=SOFTWARE\WEHA\Aplikasi\3
17/05/2024 16:12:59	Get Local Settings
17/05/2024 16:12:59	Start Change Local Settings
17/05/2024 16:12:59	Could not change short date format
17/05/2024 16:12:59	Could not change long date format
17/05/2024 16:12:59	Finish Change Local Settings
17/05/2024 16:12:59	Registry Read: Path=SOFTWARE\WEHA\Aplikasi\3
17/05/2024 16:12:59	Registry Read/Write
17/05/2024 16:12:59	Registry Read: Path=SOFTWARE\WEHA\Aplikasi\3
18/05/2024 12:31:50	Get Local Settings
18/05/2024 12:31:50	Start Change Local Settings
18/05/2024 12:31:50	Could not change short date format
18/05/2024 12:31:50	Could not change long date format
18/05/2024 12:31:50	Finish Change Local Settings
18/05/2024 12:31:50	Registry Read: Path=SOFTWARE\WEHA\Aplikasi\3
18/05/2024 12:31:50	Registry Read/Write
18/05/2024 12:31:50	Registry Read: Path=SOFTWARE\WEHA\Aplikasi\3
18/05/2024 12:32:21	Get Local Settings
18/05/2024 12:32:21	Start Change Local Settings
18/05/2024 12:32:21	Could not change short date format
18/05/2024 12:32:21	Could not change long date format
18/05/2024 12:32:21	Finish Change Local Settings
18/05/2024 12:32:21	Registry Read: Path=SOFTWARE\WEHA\Aplikasi\3
18/05/2024 12:32:21	Registry Read/Write
18/05/2024 12:32:21	Registry Read: Path=SOFTWARE\WEHA\Aplikasi\3
18/05/2024 12:35:47	Get Local Settings
18/05/2024 12:35:47	Start Change Local Settings
18/05/2024 12:35:47	Could not change short date format
18/05/2024 12:35:47	Could not change long date format
18/05/2024 12:35:47	Finish Change Local Settings
18/05/2024 12:35:47	Registry Read: Path=SOFTWARE\WEHA\Aplikasi\3
18/05/2024 12:35:47	Registry Read/Write
18/05/2024 12:35:47	Registry Read: Path=SOFTWARE\WEHA\Aplikasi\3
18/05/2024 12:49:16	Get Local Settings
18/05/2024 12:49:16	Start Change Local Settings
18/05/2024 12:49:16	Could not change short date format
18/05/2024 12:49:16	Could not change long date format
18/05/2024 12:49:16	Finish Change Local Settings
18/05/2024 12:49:16	Registry Read: Path=SOFTWARE\WEHA\Aplikasi\3
18/05/2024 12:49:16	Registry Read/Write
18/05/2024 12:49:16	Registry Read: Path=SOFTWARE\WEHA\Aplikasi\3
18/05/2024 14:14:59	Get Local Settings
18/05/2024 14:14:59	Start Change Local Settings
18/05/2024 14:14:59	Could not change short date format
18/05/2024 14:14:59	Could not change long date format
18/05/2024 14:14:59	Finish Change Local Settings
18/05/2024 14:14:59	Registry Read: Path=SOFTWARE\WEHA\Aplikasi\3
18/05/2024 14:14:59	Registry Read/Write
18/05/2024 14:14:59	Registry Read: Path=SOFTWARE\WEHA\Aplikasi\3
20/05/2024 09:32:37	Get Local Settings
20/05/2024 09:32:37	Start Change Local Settings
20/05/2024 09:32:37	Could not change short date format
20/05/2024 09:32:37	Could not change long date format
20/05/2024 09:32:37	Finish Change Local Settings
20/05/2024 09:32:37	Registry Read: Path=SOFTWARE\WEHA\Aplikasi\3
20/05/2024 09:32:37	Registry Read/Write
20/05/2024 09:32:37	Registry Read: Path=SOFTWARE\WEHA\Aplikasi\3
20/05/2024 09:36:27	Get Local Settings
20/05/2024 09:36:27	Start Change Local Settings
20/05/2024 09:36:27	Could not change short date format
20/05/2024 09:36:27	Could not change long date format
20/05/2024 09:36:27	Finish Change Local Settings
20/05/2024 09:36:27	Registry Read: Path=SOFTWARE\WEHA\Aplikasi\3
20/05/2024 09:36:27	Registry Read/Write
20/05/2024 09:36:27	Registry Read: Path=SOFTWARE\WEHA\Aplikasi\3
20/05/2024 09:47:53	Get Local Settings
20/05/2024 09:47:53	Start Change Local Settings
20/05/2024 09:47:53	Could not change short date format
20/05/2024 09:47:53	Could not change long date format
20/05/2024 09:47:53	Finish Change Local Settings
20/05/2024 09:47:53	Registry Read: Path=SOFTWARE\WEHA\Aplikasi\3
20/05/2024 09:47:53	Registry Read/Write
20/05/2024 09:47:53	Registry Read: Path=SOFTWARE\WEHA\Aplikasi\3
20/05/2024 09:52:46	Get Local Settings
20/05/2024 09:52:46	Start Change Local Settings
20/05/2024 09:52:46	Could not change short date format
20/05/2024 09:52:46	Could not change long date format
20/05/2024 09:52:46	Finish Change Local Settings
20/05/2024 09:52:46	Registry Read: Path=SOFTWARE\WEHA\Aplikasi\3
20/05/2024 09:52:46	Registry Read/Write
20/05/2024 09:52:46	Registry Read: Path=SOFTWARE\WEHA\Aplikasi\3
20/05/2024 09:55:03	Get Local Settings
20/05/2024 09:55:03	Start Change Local Settings
20/05/2024 09:55:03	Could not change short date format
20/05/2024 09:55:03	Could not change long date format
20/05/2024 09:55:03	Finish Change Local Settings
20/05/2024 09:55:03	Registry Read: Path=SOFTWARE\WEHA\Aplikasi\3
20/05/2024 09:55:03	Registry Read/Write
20/05/2024 09:55:03	Registry Read: Path=SOFTWARE\WEHA\Aplikasi\3
20/05/2024 09:55:12	Get Local Settings
20/05/2024 09:55:12	Start Change Local Settings
20/05/2024 09:55:12	Could not change short date format
20/05/2024 09:55:12	Could not change long date format
20/05/2024 09:55:12	Finish Change Local Settings
20/05/2024 09:55:12	Registry Read: Path=SOFTWARE\WEHA\Aplikasi\3
20/05/2024 09:55:12	Registry Read/Write
20/05/2024 09:55:12	Registry Read: Path=SOFTWARE\WEHA\Aplikasi\3
20/05/2024 15:12:15	Get Local Settings
20/05/2024 15:12:15	Start Change Local Settings
20/05/2024 15:12:15	Could not change short date format
20/05/2024 15:12:15	Could not change long date format
20/05/2024 15:12:15	Finish Change Local Settings
20/05/2024 15:12:15	Registry Read: Path=SOFTWARE\WEHA\Aplikasi\3
20/05/2024 15:12:15	Registry Read/Write
20/05/2024 15:12:15	Registry Read: Path=SOFTWARE\WEHA\Aplikasi\3
20/05/2024 15:19:54	Get Local Settings
20/05/2024 15:19:54	Start Change Local Settings
20/05/2024 15:19:54	Could not change short date format
20/05/2024 15:19:54	Could not change long date format
20/05/2024 15:19:54	Finish Change Local Settings
20/05/2024 15:19:54	Registry Read: Path=SOFTWARE\WEHA\Aplikasi\3
20/05/2024 15:19:54	Registry Read/Write
20/05/2024 15:19:54	Registry Read: Path=SOFTWARE\WEHA\Aplikasi\3
20/05/2024 15:23:06	Get Local Settings
20/05/2024 15:23:06	Start Change Local Settings
20/05/2024 15:23:06	Could not change short date format
20/05/2024 15:23:06	Could not change long date format
20/05/2024 15:23:06	Finish Change Local Settings
20/05/2024 15:23:06	Registry Read: Path=SOFTWARE\WEHA\Aplikasi\3
20/05/2024 15:23:06	Registry Read/Write
20/05/2024 15:23:06	Registry Read: Path=SOFTWARE\WEHA\Aplikasi\3
20/05/2024 15:25:58	Get Local Settings
20/05/2024 15:25:58	Start Change Local Settings
20/05/2024 15:25:58	Could not change short date format
20/05/2024 15:25:58	Could not change long date format
20/05/2024 15:25:58	Finish Change Local Settings
20/05/2024 15:25:58	Registry Read: Path=SOFTWARE\WEHA\Aplikasi\3
20/05/2024 15:25:58	Registry Read/Write
20/05/2024 15:25:58	Registry Read: Path=SOFTWARE\WEHA\Aplikasi\3
20/05/2024 15:27:54	Get Local Settings
20/05/2024 15:27:54	Start Change Local Settings
20/05/2024 15:27:54	Could not change short date format
20/05/2024 15:27:54	Could not change long date format
20/05/2024 15:27:54	Finish Change Local Settings
20/05/2024 15:27:54	Registry Read: Path=SOFTWARE\WEHA\Aplikasi\3
20/05/2024 15:27:54	Registry Read/Write
20/05/2024 15:27:54	Registry Read: Path=SOFTWARE\WEHA\Aplikasi\3
21/05/2024 11:01:17	Get Local Settings
21/05/2024 11:01:17	Start Change Local Settings
21/05/2024 11:01:17	Could not change short date format
21/05/2024 11:01:17	Could not change long date format
21/05/2024 11:01:17	Finish Change Local Settings
21/05/2024 11:01:17	Registry Read: Path=SOFTWARE\WEHA\Aplikasi\3
21/05/2024 11:01:17	Registry Read/Write
21/05/2024 11:01:17	Registry Read: Path=SOFTWARE\WEHA\Aplikasi\3
21/05/2024 11:32:55	Get Local Settings
21/05/2024 11:32:55	Start Change Local Settings
21/05/2024 11:32:55	Could not change short date format
21/05/2024 11:32:55	Could not change long date format
21/05/2024 11:32:55	Finish Change Local Settings
21/05/2024 11:32:55	Registry Read: Path=SOFTWARE\WEHA\Aplikasi\3
21/05/2024 11:32:55	Registry Read/Write
21/05/2024 11:32:55	Registry Read: Path=SOFTWARE\WEHA\Aplikasi\3
21/05/2024 11:38:47	Get Local Settings
21/05/2024 11:38:47	Start Change Local Settings
21/05/2024 11:38:47	Could not change short date format
21/05/2024 11:38:47	Could not change long date format
21/05/2024 11:38:47	Finish Change Local Settings
21/05/2024 11:38:47	Registry Read: Path=SOFTWARE\WEHA\Aplikasi\3
21/05/2024 11:38:47	Registry Read/Write
21/05/2024 11:38:47	Registry Read: Path=SOFTWARE\WEHA\Aplikasi\3
21/05/2024 13:57:18	Get Local Settings
21/05/2024 13:57:18	Start Change Local Settings
21/05/2024 13:57:18	Could not change short date format
21/05/2024 13:57:18	Could not change long date format
21/05/2024 13:57:18	Finish Change Local Settings
21/05/2024 13:57:18	Registry Read: Path=SOFTWARE\WEHA\Aplikasi\3
21/05/2024 13:57:18	Registry Read/Write
21/05/2024 13:57:18	Registry Read: Path=SOFTWARE\WEHA\Aplikasi\3
21/05/2024 14:01:28	Get Local Settings
21/05/2024 14:01:28	Start Change Local Settings
21/05/2024 14:01:28	Could not change short date format
21/05/2024 14:01:28	Could not change long date format
21/05/2024 14:01:28	Finish Change Local Settings
21/05/2024 14:01:28	Registry Read: Path=SOFTWARE\WEHA\Aplikasi\3
21/05/2024 14:01:28	Registry Read/Write
21/05/2024 14:01:28	Registry Read: Path=SOFTWARE\WEHA\Aplikasi\3
21/05/2024 14:58:40	Get Local Settings
21/05/2024 14:58:40	Start Change Local Settings
21/05/2024 14:58:40	Could not change short date format
21/05/2024 14:58:40	Could not change long date format
21/05/2024 14:58:40	Finish Change Local Settings
21/05/2024 14:58:40	Registry Read: Path=SOFTWARE\WEHA\Aplikasi\3
21/05/2024 14:58:40	Registry Read/Write
21/05/2024 14:58:40	Registry Read: Path=SOFTWARE\WEHA\Aplikasi\3
22/05/2024 10:29:41	Get Local Settings
22/05/2024 10:29:41	Start Change Local Settings
22/05/2024 10:29:41	Could not change short date format
22/05/2024 10:29:41	Could not change long date format
22/05/2024 10:29:41	Finish Change Local Settings
22/05/2024 10:29:41	Registry Read: Path=SOFTWARE\WEHA\Aplikasi\3
22/05/2024 10:29:41	Registry Read/Write
22/05/2024 10:29:41	Registry Read: Path=SOFTWARE\WEHA\Aplikasi\3
22/05/2024 10:32:11	Get Local Settings
22/05/2024 10:32:11	Start Change Local Settings
22/05/2024 10:32:11	Could not change short date format
22/05/2024 10:32:11	Could not change long date format
22/05/2024 10:32:11	Finish Change Local Settings
22/05/2024 10:32:11	Registry Read: Path=SOFTWARE\WEHA\Aplikasi\3
22/05/2024 10:32:11	Registry Read/Write
22/05/2024 10:32:12	Registry Read: Path=SOFTWARE\WEHA\Aplikasi\3
22/05/2024 10:34:20	Get Local Settings
22/05/2024 10:34:20	Start Change Local Settings
22/05/2024 10:34:20	Could not change short date format
22/05/2024 10:34:20	Could not change long date format
22/05/2024 10:34:20	Finish Change Local Settings
22/05/2024 10:34:20	Registry Read: Path=SOFTWARE\WEHA\Aplikasi\3
22/05/2024 10:34:20	Registry Read/Write
22/05/2024 10:34:20	Registry Read: Path=SOFTWARE\WEHA\Aplikasi\3
22/05/2024 10:48:08	Get Local Settings
22/05/2024 10:48:08	Start Change Local Settings
22/05/2024 10:48:08	Could not change short date format
22/05/2024 10:48:08	Could not change long date format
22/05/2024 10:48:08	Finish Change Local Settings
22/05/2024 10:48:08	Registry Read: Path=SOFTWARE\WEHA\Aplikasi\3
22/05/2024 10:48:08	Registry Read/Write
22/05/2024 10:48:08	Registry Read: Path=SOFTWARE\WEHA\Aplikasi\3
22/05/2024 11:08:01	Get Local Settings
22/05/2024 11:08:01	Start Change Local Settings
22/05/2024 11:08:01	Could not change short date format
22/05/2024 11:08:01	Could not change long date format
22/05/2024 11:08:01	Finish Change Local Settings
22/05/2024 11:08:01	Registry Read: Path=SOFTWARE\WEHA\Aplikasi\3
22/05/2024 11:08:01	Registry Read/Write
22/05/2024 11:08:01	Registry Read: Path=SOFTWARE\WEHA\Aplikasi\3
22/05/2024 11:21:28	Get Local Settings
22/05/2024 11:21:28	Start Change Local Settings
22/05/2024 11:21:28	Could not change short date format
22/05/2024 11:21:28	Could not change long date format
22/05/2024 11:21:28	Finish Change Local Settings
22/05/2024 11:21:28	Registry Read: Path=SOFTWARE\WEHA\Aplikasi\3
22/05/2024 11:21:28	Registry Read/Write
22/05/2024 11:21:28	Registry Read: Path=SOFTWARE\WEHA\Aplikasi\3
22/05/2024 12:02:05	Get Local Settings
22/05/2024 12:02:05	Start Change Local Settings
22/05/2024 12:02:05	Could not change short date format
22/05/2024 12:02:05	Could not change long date format
22/05/2024 12:02:05	Finish Change Local Settings
22/05/2024 12:02:05	Registry Read: Path=SOFTWARE\WEHA\Aplikasi\3
22/05/2024 12:02:05	Registry Read/Write
22/05/2024 12:02:05	Registry Read: Path=SOFTWARE\WEHA\Aplikasi\3
22/05/2024 12:07:49	Get Local Settings
22/05/2024 12:07:49	Start Change Local Settings
22/05/2024 12:07:49	Could not change short date format
22/05/2024 12:07:49	Could not change long date format
22/05/2024 12:07:49	Finish Change Local Settings
22/05/2024 12:07:49	Registry Read: Path=SOFTWARE\WEHA\Aplikasi\3
22/05/2024 12:07:49	Registry Read/Write
22/05/2024 12:07:49	Registry Read: Path=SOFTWARE\WEHA\Aplikasi\3
22/05/2024 13:51:03	Get Local Settings
22/05/2024 13:51:03	Start Change Local Settings
22/05/2024 13:51:03	Could not change short date format
22/05/2024 13:51:03	Could not change long date format
22/05/2024 13:51:03	Finish Change Local Settings
22/05/2024 13:51:03	Registry Read: Path=SOFTWARE\WEHA\Aplikasi\3
22/05/2024 13:51:03	Registry Read/Write
22/05/2024 13:51:03	Registry Read: Path=SOFTWARE\WEHA\Aplikasi\3
22/05/2024 14:08:17	Get Local Settings
22/05/2024 14:08:17	Start Change Local Settings
22/05/2024 14:08:17	Could not change short date format
22/05/2024 14:08:17	Could not change long date format
22/05/2024 14:08:17	Finish Change Local Settings
22/05/2024 14:08:17	Registry Read: Path=SOFTWARE\WEHA\Aplikasi\3
22/05/2024 14:08:17	Registry Read/Write
22/05/2024 14:08:17	Registry Read: Path=SOFTWARE\WEHA\Aplikasi\3
22/05/2024 14:08:58	Get Local Settings
22/05/2024 14:08:58	Start Change Local Settings
22/05/2024 14:08:58	Could not change short date format
22/05/2024 14:08:58	Could not change long date format
22/05/2024 14:08:58	Finish Change Local Settings
22/05/2024 14:08:58	Registry Read: Path=SOFTWARE\WEHA\Aplikasi\3
22/05/2024 14:08:58	Registry Read/Write
22/05/2024 14:08:58	Registry Read: Path=SOFTWARE\WEHA\Aplikasi\3
22/05/2024 14:10:23	Get Local Settings
22/05/2024 14:10:23	Start Change Local Settings
22/05/2024 14:10:23	Could not change short date format
22/05/2024 14:10:23	Could not change long date format
22/05/2024 14:10:23	Finish Change Local Settings
22/05/2024 14:10:23	Registry Read: Path=SOFTWARE\WEHA\Aplikasi\3
22/05/2024 14:10:23	Registry Read/Write
22/05/2024 14:10:23	Registry Read: Path=SOFTWARE\WEHA\Aplikasi\3
22/05/2024 14:12:50	Get Local Settings
22/05/2024 14:12:50	Start Change Local Settings
22/05/2024 14:12:50	Could not change short date format
22/05/2024 14:12:50	Could not change long date format
22/05/2024 14:12:50	Finish Change Local Settings
22/05/2024 14:12:50	Registry Read: Path=SOFTWARE\WEHA\Aplikasi\3
22/05/2024 14:12:50	Registry Read/Write
22/05/2024 14:12:50	Registry Read: Path=SOFTWARE\WEHA\Aplikasi\3
22/05/2024 14:17:46	Get Local Settings
22/05/2024 14:17:46	Start Change Local Settings
22/05/2024 14:17:46	Could not change short date format
22/05/2024 14:17:46	Could not change long date format
22/05/2024 14:17:46	Finish Change Local Settings
22/05/2024 14:17:46	Registry Read: Path=SOFTWARE\WEHA\Aplikasi\3
22/05/2024 14:17:46	Registry Read/Write
22/05/2024 14:17:46	Registry Read: Path=SOFTWARE\WEHA\Aplikasi\3
24/05/2024 13:23:58	Get Local Settings
24/05/2024 13:23:58	Start Change Local Settings
24/05/2024 13:23:58	Could not change short date format
24/05/2024 13:23:58	Could not change long date format
24/05/2024 13:23:58	Finish Change Local Settings
24/05/2024 13:23:58	Registry Read: Path=SOFTWARE\WEHA\Aplikasi\3
24/05/2024 13:23:58	Registry Read/Write
24/05/2024 13:23:58	Registry Read: Path=SOFTWARE\WEHA\Aplikasi\3
27/05/2024 09:21:10	Get Local Settings
27/05/2024 09:21:10	Start Change Local Settings
27/05/2024 09:21:10	Could not change short date format
27/05/2024 09:21:10	Could not change long date format
27/05/2024 09:21:10	Finish Change Local Settings
27/05/2024 09:21:10	Registry Read: Path=SOFTWARE\WEHA\Aplikasi\3
27/05/2024 09:21:10	Registry Read/Write
27/05/2024 09:21:10	Registry Read: Path=SOFTWARE\WEHA\Aplikasi\3
27/05/2024 13:22:45	Get Local Settings
27/05/2024 13:22:45	Start Change Local Settings
27/05/2024 13:22:45	Could not change short date format
27/05/2024 13:22:45	Could not change long date format
27/05/2024 13:22:45	Finish Change Local Settings
27/05/2024 13:22:45	Registry Read: Path=SOFTWARE\WEHA\Aplikasi\3
27/05/2024 13:22:45	Registry Read/Write
27/05/2024 13:22:45	Registry Read: Path=SOFTWARE\WEHA\Aplikasi\3
27/05/2024 13:24:06	Get Local Settings
27/05/2024 13:24:06	Start Change Local Settings
27/05/2024 13:24:06	Could not change short date format
27/05/2024 13:24:06	Could not change long date format
27/05/2024 13:24:06	Finish Change Local Settings
27/05/2024 13:24:06	Registry Read: Path=SOFTWARE\WEHA\Aplikasi\3
27/05/2024 13:24:06	Registry Read/Write
27/05/2024 13:24:06	Registry Read: Path=SOFTWARE\WEHA\Aplikasi\3
27/05/2024 13:24:42	Get Local Settings
27/05/2024 13:24:42	Start Change Local Settings
27/05/2024 13:24:42	Could not change short date format
27/05/2024 13:24:42	Could not change long date format
27/05/2024 13:24:42	Finish Change Local Settings
27/05/2024 13:24:42	Registry Read: Path=SOFTWARE\WEHA\Aplikasi\3
27/05/2024 13:24:42	Registry Read/Write
27/05/2024 13:24:42	Registry Read: Path=SOFTWARE\WEHA\Aplikasi\3
27/05/2024 13:26:34	Get Local Settings
27/05/2024 13:26:34	Start Change Local Settings
27/05/2024 13:26:34	Could not change short date format
27/05/2024 13:26:34	Could not change long date format
27/05/2024 13:26:34	Finish Change Local Settings
27/05/2024 13:26:34	Registry Read: Path=SOFTWARE\WEHA\Aplikasi\3
27/05/2024 13:26:34	Registry Read/Write
27/05/2024 13:26:34	Registry Read: Path=SOFTWARE\WEHA\Aplikasi\3
27/05/2024 13:27:09	Get Local Settings
27/05/2024 13:27:09	Start Change Local Settings
27/05/2024 13:27:09	Could not change short date format
27/05/2024 13:27:09	Could not change long date format
27/05/2024 13:27:09	Finish Change Local Settings
27/05/2024 13:27:09	Registry Read: Path=SOFTWARE\WEHA\Aplikasi\3
27/05/2024 13:27:09	Registry Read/Write
27/05/2024 13:27:09	Registry Read: Path=SOFTWARE\WEHA\Aplikasi\3
27/05/2024 17:33:05	Get Local Settings
27/05/2024 17:33:05	Start Change Local Settings
27/05/2024 17:33:05	Could not change short date format
27/05/2024 17:33:05	Could not change long date format
27/05/2024 17:33:05	Finish Change Local Settings
27/05/2024 17:33:05	Registry Read: Path=SOFTWARE\WEHA\Aplikasi\3
27/05/2024 17:33:05	Registry Read/Write
27/05/2024 17:33:05	Registry Read: Path=SOFTWARE\WEHA\Aplikasi\3
27/05/2024 19:20:37	Get Local Settings
27/05/2024 19:20:37	Start Change Local Settings
27/05/2024 19:20:37	Could not change short date format
27/05/2024 19:20:37	Could not change long date format
27/05/2024 19:20:37	Finish Change Local Settings
27/05/2024 19:20:37	Registry Read: Path=SOFTWARE\WEHA\Aplikasi\3
27/05/2024 19:20:37	Registry Read/Write
27/05/2024 19:20:37	Registry Read: Path=SOFTWARE\WEHA\Aplikasi\3
27/05/2024 21:40:38	Get Local Settings
27/05/2024 21:40:38	Start Change Local Settings
27/05/2024 21:40:38	Could not change short date format
27/05/2024 21:40:38	Could not change long date format
27/05/2024 21:40:38	Finish Change Local Settings
27/05/2024 21:40:38	Registry Read: Path=SOFTWARE\WEHA\Aplikasi\3
27/05/2024 21:40:38	Registry Read/Write
27/05/2024 21:40:38	Registry Read: Path=SOFTWARE\WEHA\Aplikasi\3
27/05/2024 21:46:48	Get Local Settings
27/05/2024 21:46:48	Start Change Local Settings
27/05/2024 21:46:48	Could not change short date format
27/05/2024 21:46:48	Could not change long date format
27/05/2024 21:46:48	Finish Change Local Settings
27/05/2024 21:46:48	Registry Read: Path=SOFTWARE\WEHA\Aplikasi\3
27/05/2024 21:46:48	Registry Read/Write
27/05/2024 21:46:48	Registry Read: Path=SOFTWARE\WEHA\Aplikasi\3
28/05/2024 16:07:31	Get Local Settings
28/05/2024 16:07:31	Start Change Local Settings
28/05/2024 16:07:31	Could not change short date format
28/05/2024 16:07:31	Could not change long date format
28/05/2024 16:07:31	Finish Change Local Settings
28/05/2024 16:07:31	Registry Read: Path=SOFTWARE\WEHA\Aplikasi\3
28/05/2024 16:07:31	Registry Read/Write
28/05/2024 16:07:31	Registry Read: Path=SOFTWARE\WEHA\Aplikasi\3
28/05/2024 16:15:58	Get Local Settings
28/05/2024 16:15:58	Start Change Local Settings
28/05/2024 16:15:58	Could not change short date format
28/05/2024 16:15:58	Could not change long date format
28/05/2024 16:15:58	Finish Change Local Settings
28/05/2024 16:15:58	Registry Read: Path=SOFTWARE\WEHA\Aplikasi\3
28/05/2024 16:15:58	Registry Read/Write
28/05/2024 16:15:58	Registry Read: Path=SOFTWARE\WEHA\Aplikasi\3
28/05/2024 16:17:32	Get Local Settings
28/05/2024 16:17:32	Start Change Local Settings
28/05/2024 16:17:32	Could not change short date format
28/05/2024 16:17:32	Could not change long date format
28/05/2024 16:17:32	Finish Change Local Settings
28/05/2024 16:17:32	Registry Read: Path=SOFTWARE\WEHA\Aplikasi\3
28/05/2024 16:17:32	Registry Read/Write
28/05/2024 16:17:32	Registry Read: Path=SOFTWARE\WEHA\Aplikasi\3
28/05/2024 16:19:53	Get Local Settings
28/05/2024 16:19:53	Start Change Local Settings
28/05/2024 16:19:53	Could not change short date format
28/05/2024 16:19:53	Could not change long date format
28/05/2024 16:19:53	Finish Change Local Settings
28/05/2024 16:19:53	Registry Read: Path=SOFTWARE\WEHA\Aplikasi\3
28/05/2024 16:19:53	Registry Read/Write
28/05/2024 16:19:53	Registry Read: Path=SOFTWARE\WEHA\Aplikasi\3
28/05/2024 16:21:43	Get Local Settings
28/05/2024 16:21:43	Start Change Local Settings
28/05/2024 16:21:43	Could not change short date format
28/05/2024 16:21:43	Could not change long date format
28/05/2024 16:21:43	Finish Change Local Settings
28/05/2024 16:21:43	Registry Read: Path=SOFTWARE\WEHA\Aplikasi\3
28/05/2024 16:21:43	Registry Read/Write
28/05/2024 16:21:43	Registry Read: Path=SOFTWARE\WEHA\Aplikasi\3
28/05/2024 16:22:57	Get Local Settings
28/05/2024 16:22:57	Start Change Local Settings
28/05/2024 16:22:57	Could not change short date format
28/05/2024 16:22:57	Could not change long date format
28/05/2024 16:22:57	Finish Change Local Settings
28/05/2024 16:22:57	Registry Read: Path=SOFTWARE\WEHA\Aplikasi\3
28/05/2024 16:22:57	Registry Read/Write
28/05/2024 16:22:57	Registry Read: Path=SOFTWARE\WEHA\Aplikasi\3
28/05/2024 17:18:39	Get Local Settings
28/05/2024 17:18:39	Start Change Local Settings
28/05/2024 17:18:39	Could not change short date format
28/05/2024 17:18:39	Could not change long date format
28/05/2024 17:18:39	Finish Change Local Settings
28/05/2024 17:18:39	Registry Read: Path=SOFTWARE\WEHA\Aplikasi\3
28/05/2024 17:18:39	Registry Read/Write
28/05/2024 17:18:39	Registry Read: Path=SOFTWARE\WEHA\Aplikasi\3
28/05/2024 17:19:11	Get Local Settings
28/05/2024 17:19:11	Start Change Local Settings
28/05/2024 17:19:11	Could not change short date format
28/05/2024 17:19:11	Could not change long date format
28/05/2024 17:19:11	Finish Change Local Settings
28/05/2024 17:19:11	Registry Read: Path=SOFTWARE\WEHA\Aplikasi\3
28/05/2024 17:19:11	Registry Read/Write
28/05/2024 17:19:11	Registry Read: Path=SOFTWARE\WEHA\Aplikasi\3
29/05/2024 11:02:27	Get Local Settings
29/05/2024 11:02:27	Start Change Local Settings
29/05/2024 11:02:27	Could not change short date format
29/05/2024 11:02:27	Could not change long date format
29/05/2024 11:02:27	Finish Change Local Settings
29/05/2024 11:02:27	Registry Read: Path=SOFTWARE\WEHA\Aplikasi\3
29/05/2024 11:02:27	Registry Read/Write
29/05/2024 11:02:27	Registry Read: Path=SOFTWARE\WEHA\Aplikasi\3
29/05/2024 11:52:49	Get Local Settings
29/05/2024 11:52:49	Start Change Local Settings
29/05/2024 11:52:49	Could not change short date format
29/05/2024 11:52:49	Could not change long date format
29/05/2024 11:52:49	Finish Change Local Settings
29/05/2024 11:52:49	Registry Read: Path=SOFTWARE\WEHA\Aplikasi\3
29/05/2024 11:52:49	Registry Read/Write
29/05/2024 11:52:49	Registry Read: Path=SOFTWARE\WEHA\Aplikasi\3
29/05/2024 12:09:09	Get Local Settings
29/05/2024 12:09:09	Start Change Local Settings
29/05/2024 12:09:09	Could not change short date format
29/05/2024 12:09:09	Could not change long date format
29/05/2024 12:09:09	Finish Change Local Settings
29/05/2024 12:09:09	Registry Read: Path=SOFTWARE\WEHA\Aplikasi\3
29/05/2024 12:09:09	Registry Read/Write
29/05/2024 12:09:09	Registry Read: Path=SOFTWARE\WEHA\Aplikasi\3
29/05/2024 12:12:50	Get Local Settings
29/05/2024 12:12:50	Start Change Local Settings
29/05/2024 12:12:50	Could not change short date format
29/05/2024 12:12:50	Could not change long date format
29/05/2024 12:12:50	Finish Change Local Settings
29/05/2024 12:12:50	Registry Read: Path=SOFTWARE\WEHA\Aplikasi\3
29/05/2024 12:12:50	Registry Read/Write
29/05/2024 12:12:50	Registry Read: Path=SOFTWARE\WEHA\Aplikasi\3
29/05/2024 12:12:54	Get Local Settings
29/05/2024 12:12:54	Start Change Local Settings
29/05/2024 12:12:54	Could not change short date format
29/05/2024 12:12:54	Could not change long date format
29/05/2024 12:12:54	Finish Change Local Settings
29/05/2024 12:12:54	Registry Read: Path=SOFTWARE\WEHA\Aplikasi\3
29/05/2024 12:12:54	Registry Read/Write
29/05/2024 12:12:54	Registry Read: Path=SOFTWARE\WEHA\Aplikasi\3
29/05/2024 13:08:11	Get Local Settings
29/05/2024 13:08:11	Start Change Local Settings
29/05/2024 13:08:11	Could not change short date format
29/05/2024 13:08:11	Could not change long date format
29/05/2024 13:08:11	Finish Change Local Settings
29/05/2024 13:08:11	Registry Read: Path=SOFTWARE\WEHA\Aplikasi\3
29/05/2024 13:08:11	Registry Read/Write
29/05/2024 13:08:11	Registry Read: Path=SOFTWARE\WEHA\Aplikasi\3
29/05/2024 14:07:23	Get Local Settings
29/05/2024 14:07:23	Start Change Local Settings
29/05/2024 14:07:23	Could not change short date format
29/05/2024 14:07:23	Could not change long date format
29/05/2024 14:07:23	Finish Change Local Settings
29/05/2024 14:07:23	Registry Read: Path=SOFTWARE\WEHA\Aplikasi\3
29/05/2024 14:07:23	Registry Read/Write
29/05/2024 14:07:23	Registry Read: Path=SOFTWARE\WEHA\Aplikasi\3
29/05/2024 14:15:26	Get Local Settings
29/05/2024 14:15:26	Start Change Local Settings
29/05/2024 14:15:26	Could not change short date format
29/05/2024 14:15:26	Could not change long date format
29/05/2024 14:15:26	Finish Change Local Settings
29/05/2024 14:15:26	Registry Read: Path=SOFTWARE\WEHA\Aplikasi\3
29/05/2024 14:15:26	Registry Read/Write
29/05/2024 14:15:26	Registry Read: Path=SOFTWARE\WEHA\Aplikasi\3
29/05/2024 14:27:25	Get Local Settings
29/05/2024 14:27:25	Start Change Local Settings
29/05/2024 14:27:25	Could not change short date format
29/05/2024 14:27:25	Could not change long date format
29/05/2024 14:27:25	Finish Change Local Settings
29/05/2024 14:27:25	Registry Read: Path=SOFTWARE\WEHA\Aplikasi\3
29/05/2024 14:27:25	Registry Read/Write
29/05/2024 14:27:25	Registry Read: Path=SOFTWARE\WEHA\Aplikasi\3
29/05/2024 14:28:52	Get Local Settings
29/05/2024 14:28:52	Start Change Local Settings
29/05/2024 14:28:52	Could not change short date format
29/05/2024 14:28:52	Could not change long date format
29/05/2024 14:28:52	Finish Change Local Settings
29/05/2024 14:28:52	Registry Read: Path=SOFTWARE\WEHA\Aplikasi\3
29/05/2024 14:28:52	Registry Read/Write
29/05/2024 14:28:52	Registry Read: Path=SOFTWARE\WEHA\Aplikasi\3
29/05/2024 14:29:00	Get Local Settings
29/05/2024 14:29:00	Start Change Local Settings
29/05/2024 14:29:00	Could not change short date format
29/05/2024 14:29:00	Could not change long date format
29/05/2024 14:29:00	Finish Change Local Settings
29/05/2024 14:29:00	Registry Read: Path=SOFTWARE\WEHA\Aplikasi\3
29/05/2024 14:29:00	Registry Read/Write
29/05/2024 14:29:00	Registry Read: Path=SOFTWARE\WEHA\Aplikasi\3
29/05/2024 14:30:23	Get Local Settings
29/05/2024 14:30:23	Start Change Local Settings
29/05/2024 14:30:23	Could not change short date format
29/05/2024 14:30:23	Could not change long date format
29/05/2024 14:30:23	Finish Change Local Settings
29/05/2024 14:30:23	Registry Read: Path=SOFTWARE\WEHA\Aplikasi\3
29/05/2024 14:30:23	Registry Read/Write
29/05/2024 14:30:23	Registry Read: Path=SOFTWARE\WEHA\Aplikasi\3
29/05/2024 14:30:39	Get Local Settings
29/05/2024 14:30:39	Start Change Local Settings
29/05/2024 14:30:39	Could not change short date format
29/05/2024 14:30:39	Could not change long date format
29/05/2024 14:30:39	Finish Change Local Settings
29/05/2024 14:30:39	Registry Read: Path=SOFTWARE\WEHA\Aplikasi\3
29/05/2024 14:30:39	Registry Read/Write
29/05/2024 14:30:39	Registry Read: Path=SOFTWARE\WEHA\Aplikasi\3
29/05/2024 14:31:12	Get Local Settings
29/05/2024 14:31:12	Start Change Local Settings
29/05/2024 14:31:12	Could not change short date format
29/05/2024 14:31:12	Could not change long date format
29/05/2024 14:31:12	Finish Change Local Settings
29/05/2024 14:31:12	Registry Read: Path=SOFTWARE\WEHA\Aplikasi\3
29/05/2024 14:31:12	Registry Read/Write
29/05/2024 14:31:12	Registry Read: Path=SOFTWARE\WEHA\Aplikasi\3
31/05/2024 10:52:48	Get Local Settings
31/05/2024 10:52:48	Start Change Local Settings
31/05/2024 10:52:48	Could not change short date format
31/05/2024 10:52:48	Could not change long date format
31/05/2024 10:52:48	Finish Change Local Settings
31/05/2024 10:52:48	Registry Read: Path=SOFTWARE\WEHA\Aplikasi\3
31/05/2024 10:52:48	Registry Read/Write
31/05/2024 10:52:48	Registry Read: Path=SOFTWARE\WEHA\Aplikasi\3
31/05/2024 11:08:29	Get Local Settings
31/05/2024 11:08:29	Start Change Local Settings
31/05/2024 11:08:29	Could not change short date format
31/05/2024 11:08:29	Could not change long date format
31/05/2024 11:08:29	Finish Change Local Settings
31/05/2024 11:08:29	Registry Read: Path=SOFTWARE\WEHA\Aplikasi\3
31/05/2024 11:08:29	Registry Read/Write
31/05/2024 11:08:29	Registry Read: Path=SOFTWARE\WEHA\Aplikasi\3
31/05/2024 11:11:05	Get Local Settings
31/05/2024 11:11:05	Start Change Local Settings
31/05/2024 11:11:05	Could not change short date format
31/05/2024 11:11:05	Could not change long date format
31/05/2024 11:11:05	Finish Change Local Settings
31/05/2024 11:11:05	Registry Read: Path=SOFTWARE\WEHA\Aplikasi\3
31/05/2024 11:11:05	Registry Read/Write
31/05/2024 11:11:05	Registry Read: Path=SOFTWARE\WEHA\Aplikasi\3
31/05/2024 11:15:05	Get Local Settings
31/05/2024 11:15:05	Start Change Local Settings
31/05/2024 11:15:05	Could not change short date format
31/05/2024 11:15:05	Could not change long date format
31/05/2024 11:15:05	Finish Change Local Settings
31/05/2024 11:15:05	Registry Read: Path=SOFTWARE\WEHA\Aplikasi\3
31/05/2024 11:15:05	Registry Read/Write
31/05/2024 11:15:05	Registry Read: Path=SOFTWARE\WEHA\Aplikasi\3
31/05/2024 11:19:19	Get Local Settings
31/05/2024 11:19:19	Start Change Local Settings
31/05/2024 11:19:19	Could not change short date format
31/05/2024 11:19:19	Could not change long date format
31/05/2024 11:19:19	Finish Change Local Settings
31/05/2024 11:19:19	Registry Read: Path=SOFTWARE\WEHA\Aplikasi\3
31/05/2024 11:19:19	Registry Read/Write
31/05/2024 11:19:19	Registry Read: Path=SOFTWARE\WEHA\Aplikasi\3
31/05/2024 11:23:09	Get Local Settings
31/05/2024 11:23:09	Start Change Local Settings
31/05/2024 11:23:09	Could not change short date format
31/05/2024 11:23:09	Could not change long date format
31/05/2024 11:23:09	Finish Change Local Settings
31/05/2024 11:23:09	Registry Read: Path=SOFTWARE\WEHA\Aplikasi\3
31/05/2024 11:23:09	Registry Read/Write
31/05/2024 11:23:09	Registry Read: Path=SOFTWARE\WEHA\Aplikasi\3
31/05/2024 11:25:46	Get Local Settings
31/05/2024 11:25:46	Start Change Local Settings
31/05/2024 11:25:46	Could not change short date format
31/05/2024 11:25:46	Could not change long date format
31/05/2024 11:25:46	Finish Change Local Settings
31/05/2024 11:25:46	Registry Read: Path=SOFTWARE\WEHA\Aplikasi\3
31/05/2024 11:25:46	Registry Read/Write
31/05/2024 11:25:46	Registry Read: Path=SOFTWARE\WEHA\Aplikasi\3
31/05/2024 11:34:23	Get Local Settings
31/05/2024 11:34:23	Start Change Local Settings
31/05/2024 11:34:23	Could not change short date format
31/05/2024 11:34:23	Could not change long date format
31/05/2024 11:34:23	Finish Change Local Settings
31/05/2024 11:34:23	Registry Read: Path=SOFTWARE\WEHA\Aplikasi\3
31/05/2024 11:34:23	Registry Read/Write
31/05/2024 11:34:23	Registry Read: Path=SOFTWARE\WEHA\Aplikasi\3
31/05/2024 11:37:43	Get Local Settings
31/05/2024 11:37:43	Start Change Local Settings
31/05/2024 11:37:43	Could not change short date format
31/05/2024 11:37:43	Could not change long date format
31/05/2024 11:37:43	Finish Change Local Settings
31/05/2024 11:37:43	Registry Read: Path=SOFTWARE\WEHA\Aplikasi\3
31/05/2024 11:37:43	Registry Read/Write
31/05/2024 11:37:43	Registry Read: Path=SOFTWARE\WEHA\Aplikasi\3
31/05/2024 11:40:25	Get Local Settings
31/05/2024 11:40:25	Start Change Local Settings
31/05/2024 11:40:25	Could not change short date format
31/05/2024 11:40:25	Could not change long date format
31/05/2024 11:40:25	Finish Change Local Settings
31/05/2024 11:40:25	Registry Read: Path=SOFTWARE\WEHA\Aplikasi\3
31/05/2024 11:40:25	Registry Read/Write
31/05/2024 11:40:25	Registry Read: Path=SOFTWARE\WEHA\Aplikasi\3
31/05/2024 14:38:48	Get Local Settings
31/05/2024 14:38:48	Start Change Local Settings
31/05/2024 14:38:48	Could not change short date format
31/05/2024 14:38:48	Could not change long date format
31/05/2024 14:38:48	Finish Change Local Settings
31/05/2024 14:38:48	Registry Read: Path=SOFTWARE\WEHA\Aplikasi\3
31/05/2024 14:38:48	Registry Read/Write
31/05/2024 14:38:48	Registry Read: Path=SOFTWARE\WEHA\Aplikasi\3
31/05/2024 14:44:13	Get Local Settings
31/05/2024 14:44:13	Start Change Local Settings
31/05/2024 14:44:13	Could not change short date format
31/05/2024 14:44:13	Could not change long date format
31/05/2024 14:44:13	Finish Change Local Settings
31/05/2024 14:44:13	Registry Read: Path=SOFTWARE\WEHA\Aplikasi\3
31/05/2024 14:44:13	Registry Read/Write
31/05/2024 14:44:13	Registry Read: Path=SOFTWARE\WEHA\Aplikasi\3
31/05/2024 14:45:55	Get Local Settings
31/05/2024 14:45:55	Start Change Local Settings
31/05/2024 14:45:55	Could not change short date format
31/05/2024 14:45:55	Could not change long date format
31/05/2024 14:45:55	Finish Change Local Settings
31/05/2024 14:45:55	Registry Read: Path=SOFTWARE\WEHA\Aplikasi\3
31/05/2024 14:45:55	Registry Read/Write
31/05/2024 14:45:55	Registry Read: Path=SOFTWARE\WEHA\Aplikasi\3
31/05/2024 14:49:28	Get Local Settings
31/05/2024 14:49:28	Start Change Local Settings
31/05/2024 14:49:28	Could not change short date format
31/05/2024 14:49:28	Could not change long date format
31/05/2024 14:49:28	Finish Change Local Settings
31/05/2024 14:49:28	Registry Read: Path=SOFTWARE\WEHA\Aplikasi\3
31/05/2024 14:49:28	Registry Read/Write
31/05/2024 14:49:28	Registry Read: Path=SOFTWARE\WEHA\Aplikasi\3
31/05/2024 15:21:49	Get Local Settings
31/05/2024 15:21:49	Start Change Local Settings
31/05/2024 15:21:49	Could not change short date format
31/05/2024 15:21:49	Could not change long date format
31/05/2024 15:21:49	Finish Change Local Settings
31/05/2024 15:21:49	Registry Read: Path=SOFTWARE\WEHA\Aplikasi\3
31/05/2024 15:21:49	Registry Read/Write
31/05/2024 15:21:49	Registry Read: Path=SOFTWARE\WEHA\Aplikasi\3
31/05/2024 15:25:38	Get Local Settings
31/05/2024 15:25:38	Start Change Local Settings
31/05/2024 15:25:38	Could not change short date format
31/05/2024 15:25:38	Could not change long date format
31/05/2024 15:25:38	Finish Change Local Settings
31/05/2024 15:25:38	Registry Read: Path=SOFTWARE\WEHA\Aplikasi\3
31/05/2024 15:25:38	Registry Read/Write
31/05/2024 15:25:38	Registry Read: Path=SOFTWARE\WEHA\Aplikasi\3
31/05/2024 15:28:42	Get Local Settings
31/05/2024 15:28:42	Start Change Local Settings
31/05/2024 15:28:42	Could not change short date format
31/05/2024 15:28:42	Could not change long date format
31/05/2024 15:28:42	Finish Change Local Settings
31/05/2024 15:28:42	Registry Read: Path=SOFTWARE\WEHA\Aplikasi\3
31/05/2024 15:28:42	Registry Read/Write
31/05/2024 15:28:42	Registry Read: Path=SOFTWARE\WEHA\Aplikasi\3
31/05/2024 15:29:12	Get Local Settings
31/05/2024 15:29:12	Start Change Local Settings
31/05/2024 15:29:12	Could not change short date format
31/05/2024 15:29:12	Could not change long date format
31/05/2024 15:29:12	Finish Change Local Settings
31/05/2024 15:29:12	Registry Read: Path=SOFTWARE\WEHA\Aplikasi\3
31/05/2024 15:29:12	Registry Read/Write
31/05/2024 15:29:12	Registry Read: Path=SOFTWARE\WEHA\Aplikasi\3
31/05/2024 15:29:56	Get Local Settings
31/05/2024 15:29:56	Start Change Local Settings
31/05/2024 15:29:56	Could not change short date format
31/05/2024 15:29:56	Could not change long date format
31/05/2024 15:29:56	Finish Change Local Settings
31/05/2024 15:29:56	Registry Read: Path=SOFTWARE\WEHA\Aplikasi\3
31/05/2024 15:29:56	Registry Read/Write
31/05/2024 15:29:56	Registry Read: Path=SOFTWARE\WEHA\Aplikasi\3
03/06/2024 10:54:49	Get Local Settings
03/06/2024 10:54:49	Start Change Local Settings
03/06/2024 10:54:49	Could not change short date format
03/06/2024 10:54:49	Could not change long date format
03/06/2024 10:54:49	Finish Change Local Settings
03/06/2024 10:54:49	Registry Read: Path=SOFTWARE\WEHA\Aplikasi\3
03/06/2024 10:54:49	Registry Read/Write
03/06/2024 10:54:49	Registry Read: Path=SOFTWARE\WEHA\Aplikasi\3
03/06/2024 10:55:11	Get Local Settings
03/06/2024 10:55:11	Start Change Local Settings
03/06/2024 10:55:11	Could not change short date format
03/06/2024 10:55:11	Could not change long date format
03/06/2024 10:55:11	Finish Change Local Settings
03/06/2024 10:55:11	Registry Read: Path=SOFTWARE\WEHA\Aplikasi\3
03/06/2024 10:55:11	Registry Read/Write
03/06/2024 10:55:11	Registry Read: Path=SOFTWARE\WEHA\Aplikasi\3
03/06/2024 10:57:40	Get Local Settings
03/06/2024 10:57:40	Start Change Local Settings
03/06/2024 10:57:40	Could not change short date format
03/06/2024 10:57:40	Could not change long date format
03/06/2024 10:57:40	Finish Change Local Settings
03/06/2024 10:57:40	Registry Read: Path=SOFTWARE\WEHA\Aplikasi\3
03/06/2024 10:57:40	Registry Read/Write
03/06/2024 10:57:40	Registry Read: Path=SOFTWARE\WEHA\Aplikasi\3
03/06/2024 11:15:23	Get Local Settings
03/06/2024 11:15:23	Start Change Local Settings
03/06/2024 11:15:23	Could not change short date format
03/06/2024 11:15:23	Could not change long date format
03/06/2024 11:15:23	Finish Change Local Settings
03/06/2024 11:15:23	Registry Read: Path=SOFTWARE\WEHA\Aplikasi\3
03/06/2024 11:15:23	Registry Read/Write
03/06/2024 11:15:23	Registry Read: Path=SOFTWARE\WEHA\Aplikasi\3
03/06/2024 11:18:13	Get Local Settings
03/06/2024 11:18:13	Start Change Local Settings
03/06/2024 11:18:13	Could not change short date format
03/06/2024 11:18:13	Could not change long date format
03/06/2024 11:18:13	Finish Change Local Settings
03/06/2024 11:18:13	Registry Read: Path=SOFTWARE\WEHA\Aplikasi\3
03/06/2024 11:18:13	Registry Read/Write
03/06/2024 11:18:13	Registry Read: Path=SOFTWARE\WEHA\Aplikasi\3
03/06/2024 11:22:31	Get Local Settings
03/06/2024 11:22:31	Start Change Local Settings
03/06/2024 11:22:31	Could not change short date format
03/06/2024 11:22:31	Could not change long date format
03/06/2024 11:22:31	Finish Change Local Settings
03/06/2024 11:22:31	Registry Read: Path=SOFTWARE\WEHA\Aplikasi\3
03/06/2024 11:22:31	Registry Read/Write
03/06/2024 11:22:31	Registry Read: Path=SOFTWARE\WEHA\Aplikasi\3
03/06/2024 11:25:11	Get Local Settings
03/06/2024 11:25:11	Start Change Local Settings
03/06/2024 11:25:11	Could not change short date format
03/06/2024 11:25:11	Could not change long date format
03/06/2024 11:25:11	Finish Change Local Settings
03/06/2024 11:25:11	Registry Read: Path=SOFTWARE\WEHA\Aplikasi\3
03/06/2024 11:25:11	Registry Read/Write
03/06/2024 11:25:11	Registry Read: Path=SOFTWARE\WEHA\Aplikasi\3
03/06/2024 13:20:34	Get Local Settings
03/06/2024 13:20:34	Start Change Local Settings
03/06/2024 13:20:34	Could not change short date format
03/06/2024 13:20:34	Could not change long date format
03/06/2024 13:20:34	Finish Change Local Settings
03/06/2024 13:20:34	Registry Read: Path=SOFTWARE\WEHA\Aplikasi\3
03/06/2024 13:20:34	Registry Read/Write
03/06/2024 13:20:34	Registry Read: Path=SOFTWARE\WEHA\Aplikasi\3
03/06/2024 13:43:23	Get Local Settings
03/06/2024 13:43:23	Start Change Local Settings
03/06/2024 13:43:23	Could not change short date format
03/06/2024 13:43:23	Could not change long date format
03/06/2024 13:43:23	Finish Change Local Settings
03/06/2024 13:43:23	Registry Read: Path=SOFTWARE\WEHA\Aplikasi\3
03/06/2024 13:43:23	Registry Read/Write
03/06/2024 13:43:23	Registry Read: Path=SOFTWARE\WEHA\Aplikasi\3
03/06/2024 14:23:46	Get Local Settings
03/06/2024 14:23:46	Start Change Local Settings
03/06/2024 14:23:46	Could not change short date format
03/06/2024 14:23:46	Could not change long date format
03/06/2024 14:23:46	Finish Change Local Settings
03/06/2024 14:23:46	Registry Read: Path=SOFTWARE\WEHA\Aplikasi\3
03/06/2024 14:23:46	Registry Read/Write
03/06/2024 14:23:46	Registry Read: Path=SOFTWARE\WEHA\Aplikasi\3
03/06/2024 14:31:08	Get Local Settings
03/06/2024 14:31:08	Start Change Local Settings
03/06/2024 14:31:08	Could not change short date format
03/06/2024 14:31:08	Could not change long date format
03/06/2024 14:31:08	Finish Change Local Settings
03/06/2024 14:31:08	Registry Read: Path=SOFTWARE\WEHA\Aplikasi\3
03/06/2024 14:31:08	Registry Read/Write
03/06/2024 14:31:08	Registry Read: Path=SOFTWARE\WEHA\Aplikasi\3
03/06/2024 14:32:58	Get Local Settings
03/06/2024 14:32:58	Start Change Local Settings
03/06/2024 14:32:58	Could not change short date format
03/06/2024 14:32:58	Could not change long date format
03/06/2024 14:32:58	Finish Change Local Settings
03/06/2024 14:32:58	Registry Read: Path=SOFTWARE\WEHA\Aplikasi\3
03/06/2024 14:32:58	Registry Read/Write
03/06/2024 14:32:58	Registry Read: Path=SOFTWARE\WEHA\Aplikasi\3
03/06/2024 14:43:49	Get Local Settings
03/06/2024 14:43:49	Start Change Local Settings
03/06/2024 14:43:49	Could not change short date format
03/06/2024 14:43:49	Could not change long date format
03/06/2024 14:43:49	Finish Change Local Settings
03/06/2024 14:43:49	Registry Read: Path=SOFTWARE\WEHA\Aplikasi\3
03/06/2024 14:43:49	Registry Read/Write
03/06/2024 14:43:49	Registry Read: Path=SOFTWARE\WEHA\Aplikasi\3
03/06/2024 14:51:52	Get Local Settings
03/06/2024 14:51:52	Start Change Local Settings
03/06/2024 14:51:52	Could not change short date format
03/06/2024 14:51:52	Could not change long date format
03/06/2024 14:51:52	Finish Change Local Settings
03/06/2024 14:51:52	Registry Read: Path=SOFTWARE\WEHA\Aplikasi\3
03/06/2024 14:51:52	Registry Read/Write
03/06/2024 14:51:52	Registry Read: Path=SOFTWARE\WEHA\Aplikasi\3
03/06/2024 15:23:37	Get Local Settings
03/06/2024 15:23:37	Start Change Local Settings
03/06/2024 15:23:37	Could not change short date format
03/06/2024 15:23:37	Could not change long date format
03/06/2024 15:23:37	Finish Change Local Settings
03/06/2024 15:23:37	Registry Read: Path=SOFTWARE\WEHA\Aplikasi\3
03/06/2024 15:23:37	Registry Read/Write
03/06/2024 15:23:37	Registry Read: Path=SOFTWARE\WEHA\Aplikasi\3
03/06/2024 15:35:09	Get Local Settings
03/06/2024 15:35:09	Start Change Local Settings
03/06/2024 15:35:09	Could not change short date format
03/06/2024 15:35:09	Could not change long date format
03/06/2024 15:35:09	Finish Change Local Settings
03/06/2024 15:35:09	Registry Read: Path=SOFTWARE\WEHA\Aplikasi\3
03/06/2024 15:35:09	Registry Read/Write
03/06/2024 15:35:09	Registry Read: Path=SOFTWARE\WEHA\Aplikasi\3
03/06/2024 15:41:33	Get Local Settings
03/06/2024 15:41:33	Start Change Local Settings
03/06/2024 15:41:33	Could not change short date format
03/06/2024 15:41:33	Could not change long date format
03/06/2024 15:41:33	Finish Change Local Settings
03/06/2024 15:41:33	Registry Read: Path=SOFTWARE\WEHA\Aplikasi\3
03/06/2024 15:41:33	Registry Read/Write
03/06/2024 15:41:33	Registry Read: Path=SOFTWARE\WEHA\Aplikasi\3
03/06/2024 16:30:52	Get Local Settings
03/06/2024 16:30:52	Start Change Local Settings
03/06/2024 16:30:52	Could not change short date format
03/06/2024 16:30:52	Could not change long date format
03/06/2024 16:30:52	Finish Change Local Settings
03/06/2024 16:30:52	Registry Read: Path=SOFTWARE\WEHA\Aplikasi\3
03/06/2024 16:30:52	Registry Read/Write
03/06/2024 16:30:52	Registry Read: Path=SOFTWARE\WEHA\Aplikasi\3
03/06/2024 17:08:55	Get Local Settings
03/06/2024 17:08:55	Start Change Local Settings
03/06/2024 17:08:55	Could not change short date format
03/06/2024 17:08:55	Could not change long date format
03/06/2024 17:08:55	Finish Change Local Settings
03/06/2024 17:08:55	Registry Read: Path=SOFTWARE\WEHA\Aplikasi\3
03/06/2024 17:08:55	Registry Read/Write
03/06/2024 17:08:55	Registry Read: Path=SOFTWARE\WEHA\Aplikasi\3
03/06/2024 17:19:35	Get Local Settings
03/06/2024 17:19:35	Start Change Local Settings
03/06/2024 17:19:35	Could not change short date format
03/06/2024 17:19:35	Could not change long date format
03/06/2024 17:19:35	Finish Change Local Settings
03/06/2024 17:19:35	Registry Read: Path=SOFTWARE\WEHA\Aplikasi\3
03/06/2024 17:19:35	Registry Read/Write
03/06/2024 17:19:35	Registry Read: Path=SOFTWARE\WEHA\Aplikasi\3
03/06/2024 17:21:28	Get Local Settings
03/06/2024 17:21:28	Start Change Local Settings
03/06/2024 17:21:28	Could not change short date format
03/06/2024 17:21:28	Could not change long date format
03/06/2024 17:21:28	Finish Change Local Settings
03/06/2024 17:21:28	Registry Read: Path=SOFTWARE\WEHA\Aplikasi\3
03/06/2024 17:21:28	Registry Read/Write
03/06/2024 17:21:28	Registry Read: Path=SOFTWARE\WEHA\Aplikasi\3
03/06/2024 17:24:54	Get Local Settings
03/06/2024 17:24:54	Start Change Local Settings
03/06/2024 17:24:54	Could not change short date format
03/06/2024 17:24:54	Could not change long date format
03/06/2024 17:24:54	Finish Change Local Settings
03/06/2024 17:24:54	Registry Read: Path=SOFTWARE\WEHA\Aplikasi\3
03/06/2024 17:24:54	Registry Read/Write
03/06/2024 17:24:54	Registry Read: Path=SOFTWARE\WEHA\Aplikasi\3
03/06/2024 17:30:14	Get Local Settings
03/06/2024 17:30:14	Start Change Local Settings
03/06/2024 17:30:14	Could not change short date format
03/06/2024 17:30:14	Could not change long date format
03/06/2024 17:30:14	Finish Change Local Settings
03/06/2024 17:30:14	Registry Read: Path=SOFTWARE\WEHA\Aplikasi\3
03/06/2024 17:30:14	Registry Read/Write
03/06/2024 17:30:14	Registry Read: Path=SOFTWARE\WEHA\Aplikasi\3
04/06/2024 09:04:58	Get Local Settings
04/06/2024 09:04:58	Start Change Local Settings
04/06/2024 09:04:58	Could not change short date format
04/06/2024 09:04:58	Could not change long date format
04/06/2024 09:04:58	Finish Change Local Settings
04/06/2024 09:04:58	Registry Read: Path=SOFTWARE\WEHA\Aplikasi\3
04/06/2024 09:04:58	Registry Read/Write
04/06/2024 09:04:58	Registry Read: Path=SOFTWARE\WEHA\Aplikasi\3
04/06/2024 10:34:37	Get Local Settings
04/06/2024 10:34:37	Start Change Local Settings
04/06/2024 10:34:37	Could not change short date format
04/06/2024 10:34:37	Could not change long date format
04/06/2024 10:34:37	Finish Change Local Settings
04/06/2024 10:34:37	Registry Read: Path=SOFTWARE\WEHA\Aplikasi\3
04/06/2024 10:34:37	Registry Read/Write
04/06/2024 10:34:37	Registry Read: Path=SOFTWARE\WEHA\Aplikasi\3
04/06/2024 10:37:38	Get Local Settings
04/06/2024 10:37:38	Start Change Local Settings
04/06/2024 10:37:38	Could not change short date format
04/06/2024 10:37:38	Could not change long date format
04/06/2024 10:37:38	Finish Change Local Settings
04/06/2024 10:37:38	Registry Read: Path=SOFTWARE\WEHA\Aplikasi\3
04/06/2024 10:37:38	Registry Read/Write
04/06/2024 10:37:38	Registry Read: Path=SOFTWARE\WEHA\Aplikasi\3
04/06/2024 10:47:22	Get Local Settings
04/06/2024 10:47:22	Start Change Local Settings
04/06/2024 10:47:22	Could not change short date format
04/06/2024 10:47:22	Could not change long date format
04/06/2024 10:47:22	Finish Change Local Settings
04/06/2024 10:47:22	Registry Read: Path=SOFTWARE\WEHA\Aplikasi\3
04/06/2024 10:47:22	Registry Read/Write
04/06/2024 10:47:22	Registry Read: Path=SOFTWARE\WEHA\Aplikasi\3
04/06/2024 10:50:56	Get Local Settings
04/06/2024 10:50:56	Start Change Local Settings
04/06/2024 10:50:56	Could not change short date format
04/06/2024 10:50:56	Could not change long date format
04/06/2024 10:50:56	Finish Change Local Settings
04/06/2024 10:50:56	Registry Read: Path=SOFTWARE\WEHA\Aplikasi\3
04/06/2024 10:50:56	Registry Read/Write
04/06/2024 10:50:56	Registry Read: Path=SOFTWARE\WEHA\Aplikasi\3
04/06/2024 11:01:49	Get Local Settings
04/06/2024 11:01:49	Start Change Local Settings
04/06/2024 11:01:49	Could not change short date format
04/06/2024 11:01:49	Could not change long date format
04/06/2024 11:01:49	Finish Change Local Settings
04/06/2024 11:01:49	Registry Read: Path=SOFTWARE\WEHA\Aplikasi\3
04/06/2024 11:01:49	Registry Read/Write
04/06/2024 11:01:49	Registry Read: Path=SOFTWARE\WEHA\Aplikasi\3
04/06/2024 11:16:14	Get Local Settings
04/06/2024 11:16:14	Start Change Local Settings
04/06/2024 11:16:14	Could not change short date format
04/06/2024 11:16:14	Could not change long date format
04/06/2024 11:16:14	Finish Change Local Settings
04/06/2024 11:16:14	Registry Read: Path=SOFTWARE\WEHA\Aplikasi\3
04/06/2024 11:16:14	Registry Read/Write
04/06/2024 11:16:14	Registry Read: Path=SOFTWARE\WEHA\Aplikasi\3
04/06/2024 11:18:20	Get Local Settings
04/06/2024 11:18:20	Start Change Local Settings
04/06/2024 11:18:20	Could not change short date format
04/06/2024 11:18:20	Could not change long date format
04/06/2024 11:18:20	Finish Change Local Settings
04/06/2024 11:18:20	Registry Read: Path=SOFTWARE\WEHA\Aplikasi\3
04/06/2024 11:18:20	Registry Read/Write
04/06/2024 11:18:20	Registry Read: Path=SOFTWARE\WEHA\Aplikasi\3
04/06/2024 11:47:22	Get Local Settings
04/06/2024 11:47:22	Start Change Local Settings
04/06/2024 11:47:22	Could not change short date format
04/06/2024 11:47:22	Could not change long date format
04/06/2024 11:47:22	Finish Change Local Settings
04/06/2024 11:47:22	Registry Read: Path=SOFTWARE\WEHA\Aplikasi\3
04/06/2024 11:47:22	Registry Read/Write
04/06/2024 11:47:22	Registry Read: Path=SOFTWARE\WEHA\Aplikasi\3
04/06/2024 13:19:19	Get Local Settings
04/06/2024 13:19:19	Start Change Local Settings
04/06/2024 13:19:19	Could not change short date format
04/06/2024 13:19:19	Could not change long date format
04/06/2024 13:19:19	Finish Change Local Settings
04/06/2024 13:19:19	Registry Read: Path=SOFTWARE\WEHA\Aplikasi\3
04/06/2024 13:19:19	Registry Read/Write
04/06/2024 13:19:19	Registry Read: Path=SOFTWARE\WEHA\Aplikasi\3
04/06/2024 13:30:43	Get Local Settings
04/06/2024 13:30:43	Start Change Local Settings
04/06/2024 13:30:43	Could not change short date format
04/06/2024 13:30:43	Could not change long date format
04/06/2024 13:30:43	Finish Change Local Settings
04/06/2024 13:30:43	Registry Read: Path=SOFTWARE\WEHA\Aplikasi\3
04/06/2024 13:30:43	Registry Read/Write
04/06/2024 13:30:43	Registry Read: Path=SOFTWARE\WEHA\Aplikasi\3
04/06/2024 14:30:55	Get Local Settings
04/06/2024 14:30:55	Start Change Local Settings
04/06/2024 14:30:55	Could not change short date format
04/06/2024 14:30:55	Could not change long date format
04/06/2024 14:30:55	Finish Change Local Settings
04/06/2024 14:30:55	Registry Read: Path=SOFTWARE\WEHA\Aplikasi\3
04/06/2024 14:30:55	Registry Read/Write
04/06/2024 14:30:55	Registry Read: Path=SOFTWARE\WEHA\Aplikasi\3
04/06/2024 14:31:50	Get Local Settings
04/06/2024 14:31:50	Start Change Local Settings
04/06/2024 14:31:50	Could not change short date format
04/06/2024 14:31:50	Could not change long date format
04/06/2024 14:31:50	Finish Change Local Settings
04/06/2024 14:31:50	Registry Read: Path=SOFTWARE\WEHA\Aplikasi\3
04/06/2024 14:31:50	Registry Read/Write
04/06/2024 14:31:50	Registry Read: Path=SOFTWARE\WEHA\Aplikasi\3
04/06/2024 14:51:04	Get Local Settings
04/06/2024 14:51:04	Start Change Local Settings
04/06/2024 14:51:04	Could not change short date format
04/06/2024 14:51:04	Could not change long date format
04/06/2024 14:51:04	Finish Change Local Settings
04/06/2024 14:51:04	Registry Read: Path=SOFTWARE\WEHA\Aplikasi\3
04/06/2024 14:51:04	Registry Read/Write
04/06/2024 14:51:04	Registry Read: Path=SOFTWARE\WEHA\Aplikasi\3
04/06/2024 15:24:09	Get Local Settings
04/06/2024 15:24:09	Start Change Local Settings
04/06/2024 15:24:09	Could not change short date format
04/06/2024 15:24:09	Could not change long date format
04/06/2024 15:24:09	Finish Change Local Settings
04/06/2024 15:24:09	Registry Read: Path=SOFTWARE\WEHA\Aplikasi\3
04/06/2024 15:24:09	Registry Read/Write
04/06/2024 15:24:09	Registry Read: Path=SOFTWARE\WEHA\Aplikasi\3
04/06/2024 15:24:40	Get Local Settings
04/06/2024 15:24:40	Start Change Local Settings
04/06/2024 15:24:40	Could not change short date format
04/06/2024 15:24:40	Could not change long date format
04/06/2024 15:24:40	Finish Change Local Settings
04/06/2024 15:24:40	Registry Read: Path=SOFTWARE\WEHA\Aplikasi\3
04/06/2024 15:24:40	Registry Read/Write
04/06/2024 15:24:40	Registry Read: Path=SOFTWARE\WEHA\Aplikasi\3
04/06/2024 15:26:40	Get Local Settings
04/06/2024 15:26:40	Start Change Local Settings
04/06/2024 15:26:40	Could not change short date format
04/06/2024 15:26:40	Could not change long date format
04/06/2024 15:26:40	Finish Change Local Settings
04/06/2024 15:26:40	Registry Read: Path=SOFTWARE\WEHA\Aplikasi\3
04/06/2024 15:26:40	Registry Read/Write
04/06/2024 15:26:40	Registry Read: Path=SOFTWARE\WEHA\Aplikasi\3
04/06/2024 15:28:03	Get Local Settings
04/06/2024 15:28:03	Start Change Local Settings
04/06/2024 15:28:03	Could not change short date format
04/06/2024 15:28:03	Could not change long date format
04/06/2024 15:28:03	Finish Change Local Settings
04/06/2024 15:28:03	Registry Read: Path=SOFTWARE\WEHA\Aplikasi\3
04/06/2024 15:28:03	Registry Read/Write
04/06/2024 15:28:03	Registry Read: Path=SOFTWARE\WEHA\Aplikasi\3
04/06/2024 15:28:26	Get Local Settings
04/06/2024 15:28:26	Start Change Local Settings
04/06/2024 15:28:26	Could not change short date format
04/06/2024 15:28:26	Could not change long date format
04/06/2024 15:28:26	Finish Change Local Settings
04/06/2024 15:28:26	Registry Read: Path=SOFTWARE\WEHA\Aplikasi\3
04/06/2024 15:28:26	Registry Read/Write
04/06/2024 15:28:26	Registry Read: Path=SOFTWARE\WEHA\Aplikasi\3
04/06/2024 15:40:01	Get Local Settings
04/06/2024 15:40:01	Start Change Local Settings
04/06/2024 15:40:01	Could not change short date format
04/06/2024 15:40:01	Could not change long date format
04/06/2024 15:40:01	Finish Change Local Settings
04/06/2024 15:40:01	Registry Read: Path=SOFTWARE\WEHA\Aplikasi\3
04/06/2024 15:40:01	Registry Read/Write
04/06/2024 15:40:01	Registry Read: Path=SOFTWARE\WEHA\Aplikasi\3
05/06/2024 09:03:01	Get Local Settings
05/06/2024 09:03:01	Start Change Local Settings
05/06/2024 09:03:01	Could not change short date format
05/06/2024 09:03:01	Could not change long date format
05/06/2024 09:03:01	Finish Change Local Settings
05/06/2024 09:03:01	Registry Read: Path=SOFTWARE\WEHA\Aplikasi\3
05/06/2024 09:03:01	Registry Read/Write
05/06/2024 09:03:01	Registry Read: Path=SOFTWARE\WEHA\Aplikasi\3
05/06/2024 09:06:45	Get Local Settings
05/06/2024 09:06:45	Start Change Local Settings
05/06/2024 09:06:45	Could not change short date format
05/06/2024 09:06:45	Could not change long date format
05/06/2024 09:06:45	Finish Change Local Settings
05/06/2024 09:06:45	Registry Read: Path=SOFTWARE\WEHA\Aplikasi\3
05/06/2024 09:06:45	Registry Read/Write
05/06/2024 09:06:45	Registry Read: Path=SOFTWARE\WEHA\Aplikasi\3
05/06/2024 09:08:47	Get Local Settings
05/06/2024 09:08:47	Start Change Local Settings
05/06/2024 09:08:47	Could not change short date format
05/06/2024 09:08:47	Could not change long date format
05/06/2024 09:08:47	Finish Change Local Settings
05/06/2024 09:08:47	Registry Read: Path=SOFTWARE\WEHA\Aplikasi\3
05/06/2024 09:08:47	Registry Read/Write
05/06/2024 09:08:47	Registry Read: Path=SOFTWARE\WEHA\Aplikasi\3
05/06/2024 09:48:44	Get Local Settings
05/06/2024 09:48:44	Start Change Local Settings
05/06/2024 09:48:44	Could not change short date format
05/06/2024 09:48:44	Could not change long date format
05/06/2024 09:48:44	Finish Change Local Settings
05/06/2024 09:48:44	Registry Read: Path=SOFTWARE\WEHA\Aplikasi\3
05/06/2024 09:48:44	Registry Read/Write
05/06/2024 09:48:44	Registry Read: Path=SOFTWARE\WEHA\Aplikasi\3
05/06/2024 10:40:55	Get Local Settings
05/06/2024 10:40:55	Start Change Local Settings
05/06/2024 10:40:55	Could not change short date format
05/06/2024 10:40:55	Could not change long date format
05/06/2024 10:40:55	Finish Change Local Settings
05/06/2024 10:40:55	Registry Read: Path=SOFTWARE\WEHA\Aplikasi\3
05/06/2024 10:40:55	Registry Read/Write
05/06/2024 10:40:55	Registry Read: Path=SOFTWARE\WEHA\Aplikasi\3
05/06/2024 13:37:05	Get Local Settings
05/06/2024 13:37:05	Start Change Local Settings
05/06/2024 13:37:05	Could not change short date format
05/06/2024 13:37:05	Could not change long date format
05/06/2024 13:37:05	Finish Change Local Settings
05/06/2024 13:37:05	Registry Read: Path=SOFTWARE\WEHA\Aplikasi\3
05/06/2024 13:37:05	Registry Read/Write
05/06/2024 13:37:05	Registry Read: Path=SOFTWARE\WEHA\Aplikasi\3
05/06/2024 16:22:48	Get Local Settings
05/06/2024 16:22:48	Start Change Local Settings
05/06/2024 16:22:48	Could not change short date format
05/06/2024 16:22:48	Could not change long date format
05/06/2024 16:22:48	Finish Change Local Settings
05/06/2024 16:22:48	Registry Read: Path=SOFTWARE\WEHA\Aplikasi\3
05/06/2024 16:22:48	Registry Read/Write
05/06/2024 16:22:48	Registry Read: Path=SOFTWARE\WEHA\Aplikasi\3
05/06/2024 16:24:28	Get Local Settings
05/06/2024 16:24:28	Start Change Local Settings
05/06/2024 16:24:28	Could not change short date format
05/06/2024 16:24:28	Could not change long date format
05/06/2024 16:24:28	Finish Change Local Settings
05/06/2024 16:24:28	Registry Read: Path=SOFTWARE\WEHA\Aplikasi\3
05/06/2024 16:24:28	Registry Read/Write
05/06/2024 16:24:28	Registry Read: Path=SOFTWARE\WEHA\Aplikasi\3
05/06/2024 16:42:47	Get Local Settings
05/06/2024 16:42:47	Start Change Local Settings
05/06/2024 16:42:47	Could not change short date format
05/06/2024 16:42:47	Could not change long date format
05/06/2024 16:42:47	Finish Change Local Settings
05/06/2024 16:42:47	Registry Read: Path=SOFTWARE\WEHA\Aplikasi\3
05/06/2024 16:42:47	Registry Read/Write
05/06/2024 16:42:47	Registry Read: Path=SOFTWARE\WEHA\Aplikasi\3
05/06/2024 17:17:24	Get Local Settings
05/06/2024 17:17:24	Start Change Local Settings
05/06/2024 17:17:24	Could not change short date format
05/06/2024 17:17:24	Could not change long date format
05/06/2024 17:17:24	Finish Change Local Settings
05/06/2024 17:17:24	Registry Read: Path=SOFTWARE\WEHA\Aplikasi\3
05/06/2024 17:17:24	Registry Read/Write
05/06/2024 17:17:24	Registry Read: Path=SOFTWARE\WEHA\Aplikasi\3
06/06/2024 09:50:28	Get Local Settings
06/06/2024 09:50:28	Start Change Local Settings
06/06/2024 09:50:28	Could not change short date format
06/06/2024 09:50:28	Could not change long date format
06/06/2024 09:50:28	Finish Change Local Settings
06/06/2024 09:50:28	Registry Read: Path=SOFTWARE\WEHA\Aplikasi\3
06/06/2024 09:50:28	Registry Read/Write
06/06/2024 09:50:28	Registry Read: Path=SOFTWARE\WEHA\Aplikasi\3
06/06/2024 09:52:01	Get Local Settings
06/06/2024 09:52:01	Start Change Local Settings
06/06/2024 09:52:01	Could not change short date format
06/06/2024 09:52:01	Could not change long date format
06/06/2024 09:52:01	Finish Change Local Settings
06/06/2024 09:52:01	Registry Read: Path=SOFTWARE\WEHA\Aplikasi\3
06/06/2024 09:52:01	Registry Read/Write
06/06/2024 09:52:01	Registry Read: Path=SOFTWARE\WEHA\Aplikasi\3
06/06/2024 09:53:41	Get Local Settings
06/06/2024 09:53:41	Start Change Local Settings
06/06/2024 09:53:41	Could not change short date format
06/06/2024 09:53:41	Could not change long date format
06/06/2024 09:53:41	Finish Change Local Settings
06/06/2024 09:53:41	Registry Read: Path=SOFTWARE\WEHA\Aplikasi\3
06/06/2024 09:53:41	Registry Read/Write
06/06/2024 09:53:41	Registry Read: Path=SOFTWARE\WEHA\Aplikasi\3
06/06/2024 09:54:50	Get Local Settings
06/06/2024 09:54:50	Start Change Local Settings
06/06/2024 09:54:50	Could not change short date format
06/06/2024 09:54:50	Could not change long date format
06/06/2024 09:54:50	Finish Change Local Settings
06/06/2024 09:54:50	Registry Read: Path=SOFTWARE\WEHA\Aplikasi\3
06/06/2024 09:54:50	Registry Read/Write
06/06/2024 09:54:50	Registry Read: Path=SOFTWARE\WEHA\Aplikasi\3
06/06/2024 09:57:01	Get Local Settings
06/06/2024 09:57:01	Start Change Local Settings
06/06/2024 09:57:01	Could not change short date format
06/06/2024 09:57:01	Could not change long date format
06/06/2024 09:57:01	Finish Change Local Settings
06/06/2024 09:57:01	Registry Read: Path=SOFTWARE\WEHA\Aplikasi\3
06/06/2024 09:57:01	Registry Read/Write
06/06/2024 09:57:01	Registry Read: Path=SOFTWARE\WEHA\Aplikasi\3
06/06/2024 10:21:12	Get Local Settings
06/06/2024 10:21:12	Start Change Local Settings
06/06/2024 10:21:12	Could not change short date format
06/06/2024 10:21:12	Could not change long date format
06/06/2024 10:21:12	Finish Change Local Settings
06/06/2024 10:21:12	Registry Read: Path=SOFTWARE\WEHA\Aplikasi\3
06/06/2024 10:21:12	Registry Read/Write
06/06/2024 10:21:12	Registry Read: Path=SOFTWARE\WEHA\Aplikasi\3
06/06/2024 10:26:33	Get Local Settings
06/06/2024 10:26:33	Start Change Local Settings
06/06/2024 10:26:33	Could not change short date format
06/06/2024 10:26:33	Could not change long date format
06/06/2024 10:26:33	Finish Change Local Settings
06/06/2024 10:26:33	Registry Read: Path=SOFTWARE\WEHA\Aplikasi\3
06/06/2024 10:26:33	Registry Read/Write
06/06/2024 10:26:33	Registry Read: Path=SOFTWARE\WEHA\Aplikasi\3
06/06/2024 16:18:09	Get Local Settings
06/06/2024 16:18:09	Start Change Local Settings
06/06/2024 16:18:09	Could not change short date format
06/06/2024 16:18:09	Could not change long date format
06/06/2024 16:18:09	Finish Change Local Settings
06/06/2024 16:18:09	Registry Read: Path=SOFTWARE\WEHA\Aplikasi\3
06/06/2024 16:18:09	Registry Read/Write
06/06/2024 16:18:09	Registry Read: Path=SOFTWARE\WEHA\Aplikasi\3
07/06/2024 09:20:04	Get Local Settings
07/06/2024 09:20:04	Start Change Local Settings
07/06/2024 09:20:04	Could not change short date format
07/06/2024 09:20:04	Could not change long date format
07/06/2024 09:20:04	Finish Change Local Settings
07/06/2024 09:20:04	Registry Read: Path=SOFTWARE\WEHA\Aplikasi\3
07/06/2024 09:20:04	Registry Read/Write
07/06/2024 09:20:04	Registry Read: Path=SOFTWARE\WEHA\Aplikasi\3
07/06/2024 09:31:08	Get Local Settings
07/06/2024 09:31:08	Start Change Local Settings
07/06/2024 09:31:08	Could not change short date format
07/06/2024 09:31:08	Could not change long date format
07/06/2024 09:31:08	Finish Change Local Settings
07/06/2024 09:31:08	Registry Read: Path=SOFTWARE\WEHA\Aplikasi\3
07/06/2024 09:31:08	Registry Read/Write
07/06/2024 09:31:08	Registry Read: Path=SOFTWARE\WEHA\Aplikasi\3
07/06/2024 14:00:02	Get Local Settings
07/06/2024 14:00:02	Start Change Local Settings
07/06/2024 14:00:02	Could not change short date format
07/06/2024 14:00:02	Could not change long date format
07/06/2024 14:00:02	Finish Change Local Settings
07/06/2024 14:00:02	Registry Read: Path=SOFTWARE\WEHA\Aplikasi\3
07/06/2024 14:00:02	Registry Read/Write
07/06/2024 14:00:02	Registry Read: Path=SOFTWARE\WEHA\Aplikasi\3
07/06/2024 14:43:20	Get Local Settings
07/06/2024 14:43:20	Start Change Local Settings
07/06/2024 14:43:20	Could not change short date format
07/06/2024 14:43:20	Could not change long date format
07/06/2024 14:43:20	Finish Change Local Settings
07/06/2024 14:43:20	Registry Read: Path=SOFTWARE\WEHA\Aplikasi\3
07/06/2024 14:43:20	Registry Read/Write
07/06/2024 14:43:20	Registry Read: Path=SOFTWARE\WEHA\Aplikasi\3
07/06/2024 15:27:26	Get Local Settings
07/06/2024 15:27:26	Start Change Local Settings
07/06/2024 15:27:26	Could not change short date format
07/06/2024 15:27:26	Could not change long date format
07/06/2024 15:27:26	Finish Change Local Settings
07/06/2024 15:27:26	Registry Read: Path=SOFTWARE\WEHA\Aplikasi\3
07/06/2024 15:27:26	Registry Read/Write
07/06/2024 15:27:26	Registry Read: Path=SOFTWARE\WEHA\Aplikasi\3
07/06/2024 15:28:38	Get Local Settings
07/06/2024 15:28:38	Start Change Local Settings
07/06/2024 15:28:38	Could not change short date format
07/06/2024 15:28:38	Could not change long date format
07/06/2024 15:28:38	Finish Change Local Settings
07/06/2024 15:28:38	Registry Read: Path=SOFTWARE\WEHA\Aplikasi\3
07/06/2024 15:28:38	Registry Read/Write
07/06/2024 15:28:38	Registry Read: Path=SOFTWARE\WEHA\Aplikasi\3
07/06/2024 15:31:19	Get Local Settings
07/06/2024 15:31:19	Start Change Local Settings
07/06/2024 15:31:19	Could not change short date format
07/06/2024 15:31:19	Could not change long date format
07/06/2024 15:31:19	Finish Change Local Settings
07/06/2024 15:31:19	Registry Read: Path=SOFTWARE\WEHA\Aplikasi\3
07/06/2024 15:31:19	Registry Read/Write
07/06/2024 15:31:19	Registry Read: Path=SOFTWARE\WEHA\Aplikasi\3
08/06/2024 09:02:03	Get Local Settings
08/06/2024 09:02:03	Start Change Local Settings
08/06/2024 09:02:03	Could not change short date format
08/06/2024 09:02:03	Could not change long date format
08/06/2024 09:02:03	Finish Change Local Settings
08/06/2024 09:02:03	Registry Read: Path=SOFTWARE\WEHA\Aplikasi\3
08/06/2024 09:02:03	Registry Read/Write
08/06/2024 09:02:03	Registry Read: Path=SOFTWARE\WEHA\Aplikasi\3
08/06/2024 09:05:57	Get Local Settings
08/06/2024 09:05:57	Start Change Local Settings
08/06/2024 09:05:57	Could not change short date format
08/06/2024 09:05:57	Could not change long date format
08/06/2024 09:05:57	Finish Change Local Settings
08/06/2024 09:05:57	Registry Read: Path=SOFTWARE\WEHA\Aplikasi\3
08/06/2024 09:05:57	Registry Read/Write
08/06/2024 09:05:57	Registry Read: Path=SOFTWARE\WEHA\Aplikasi\3
08/06/2024 09:20:06	Get Local Settings
08/06/2024 09:20:06	Start Change Local Settings
08/06/2024 09:20:06	Could not change short date format
08/06/2024 09:20:06	Could not change long date format
08/06/2024 09:20:06	Finish Change Local Settings
08/06/2024 09:20:06	Registry Read: Path=SOFTWARE\WEHA\Aplikasi\3
08/06/2024 09:20:06	Registry Read/Write
08/06/2024 09:20:06	Registry Read: Path=SOFTWARE\WEHA\Aplikasi\3
08/06/2024 10:22:29	Get Local Settings
08/06/2024 10:22:29	Start Change Local Settings
08/06/2024 10:22:29	Could not change short date format
08/06/2024 10:22:29	Could not change long date format
08/06/2024 10:22:29	Finish Change Local Settings
08/06/2024 10:22:29	Registry Read: Path=SOFTWARE\WEHA\Aplikasi\3
08/06/2024 10:22:29	Registry Read/Write
08/06/2024 10:22:29	Registry Read: Path=SOFTWARE\WEHA\Aplikasi\3
08/06/2024 10:26:49	Get Local Settings
08/06/2024 10:26:49	Start Change Local Settings
08/06/2024 10:26:49	Could not change short date format
08/06/2024 10:26:49	Could not change long date format
08/06/2024 10:26:49	Finish Change Local Settings
08/06/2024 10:26:49	Registry Read: Path=SOFTWARE\WEHA\Aplikasi\3
08/06/2024 10:26:49	Registry Read/Write
08/06/2024 10:26:49	Registry Read: Path=SOFTWARE\WEHA\Aplikasi\3
08/06/2024 10:27:56	Get Local Settings
08/06/2024 10:27:56	Start Change Local Settings
08/06/2024 10:27:56	Could not change short date format
08/06/2024 10:27:56	Could not change long date format
08/06/2024 10:27:56	Finish Change Local Settings
08/06/2024 10:27:56	Registry Read: Path=SOFTWARE\WEHA\Aplikasi\3
08/06/2024 10:27:56	Registry Read/Write
08/06/2024 10:27:56	Registry Read: Path=SOFTWARE\WEHA\Aplikasi\3
08/06/2024 10:29:26	Get Local Settings
08/06/2024 10:29:26	Start Change Local Settings
08/06/2024 10:29:26	Could not change short date format
08/06/2024 10:29:26	Could not change long date format
08/06/2024 10:29:26	Finish Change Local Settings
08/06/2024 10:29:26	Registry Read: Path=SOFTWARE\WEHA\Aplikasi\3
08/06/2024 10:29:26	Registry Read/Write
08/06/2024 10:29:26	Registry Read: Path=SOFTWARE\WEHA\Aplikasi\3
08/06/2024 10:30:55	Get Local Settings
08/06/2024 10:30:55	Start Change Local Settings
08/06/2024 10:30:55	Could not change short date format
08/06/2024 10:30:55	Could not change long date format
08/06/2024 10:30:55	Finish Change Local Settings
08/06/2024 10:30:55	Registry Read: Path=SOFTWARE\WEHA\Aplikasi\3
08/06/2024 10:30:55	Registry Read/Write
08/06/2024 10:30:55	Registry Read: Path=SOFTWARE\WEHA\Aplikasi\3
08/06/2024 10:34:40	Get Local Settings
08/06/2024 10:34:40	Start Change Local Settings
08/06/2024 10:34:40	Could not change short date format
08/06/2024 10:34:40	Could not change long date format
08/06/2024 10:34:40	Finish Change Local Settings
08/06/2024 10:34:40	Registry Read: Path=SOFTWARE\WEHA\Aplikasi\3
08/06/2024 10:34:40	Registry Read/Write
08/06/2024 10:34:40	Registry Read: Path=SOFTWARE\WEHA\Aplikasi\3
08/06/2024 10:38:44	Get Local Settings
08/06/2024 10:38:44	Start Change Local Settings
08/06/2024 10:38:44	Could not change short date format
08/06/2024 10:38:44	Could not change long date format
08/06/2024 10:38:44	Finish Change Local Settings
08/06/2024 10:38:44	Registry Read: Path=SOFTWARE\WEHA\Aplikasi\3
08/06/2024 10:38:44	Registry Read/Write
08/06/2024 10:38:44	Registry Read: Path=SOFTWARE\WEHA\Aplikasi\3
08/06/2024 10:41:42	Get Local Settings
08/06/2024 10:41:42	Start Change Local Settings
08/06/2024 10:41:42	Could not change short date format
08/06/2024 10:41:42	Could not change long date format
08/06/2024 10:41:42	Finish Change Local Settings
08/06/2024 10:41:42	Registry Read: Path=SOFTWARE\WEHA\Aplikasi\3
08/06/2024 10:41:42	Registry Read/Write
08/06/2024 10:41:42	Registry Read: Path=SOFTWARE\WEHA\Aplikasi\3
08/06/2024 10:53:08	Get Local Settings
08/06/2024 10:53:08	Start Change Local Settings
08/06/2024 10:53:08	Could not change short date format
08/06/2024 10:53:08	Could not change long date format
08/06/2024 10:53:08	Finish Change Local Settings
08/06/2024 10:53:08	Registry Read: Path=SOFTWARE\WEHA\Aplikasi\3
08/06/2024 10:53:08	Registry Read/Write
08/06/2024 10:53:08	Registry Read: Path=SOFTWARE\WEHA\Aplikasi\3
08/06/2024 11:01:27	Get Local Settings
08/06/2024 11:01:27	Start Change Local Settings
08/06/2024 11:01:27	Could not change short date format
08/06/2024 11:01:27	Could not change long date format
08/06/2024 11:01:27	Finish Change Local Settings
08/06/2024 11:01:27	Registry Read: Path=SOFTWARE\WEHA\Aplikasi\3
08/06/2024 11:01:27	Registry Read/Write
08/06/2024 11:01:27	Registry Read: Path=SOFTWARE\WEHA\Aplikasi\3
08/06/2024 11:26:35	Get Local Settings
08/06/2024 11:26:35	Start Change Local Settings
08/06/2024 11:26:35	Could not change short date format
08/06/2024 11:26:35	Could not change long date format
08/06/2024 11:26:35	Finish Change Local Settings
08/06/2024 11:26:35	Registry Read: Path=SOFTWARE\WEHA\Aplikasi\3
08/06/2024 11:26:35	Registry Read/Write
08/06/2024 11:26:35	Registry Read: Path=SOFTWARE\WEHA\Aplikasi\3
08/06/2024 11:28:24	Get Local Settings
08/06/2024 11:28:24	Start Change Local Settings
08/06/2024 11:28:24	Could not change short date format
08/06/2024 11:28:24	Could not change long date format
08/06/2024 11:28:24	Finish Change Local Settings
08/06/2024 11:28:24	Registry Read: Path=SOFTWARE\WEHA\Aplikasi\3
08/06/2024 11:28:24	Registry Read/Write
08/06/2024 11:28:24	Registry Read: Path=SOFTWARE\WEHA\Aplikasi\3
08/06/2024 11:33:20	Get Local Settings
08/06/2024 11:33:20	Start Change Local Settings
08/06/2024 11:33:20	Could not change short date format
08/06/2024 11:33:20	Could not change long date format
08/06/2024 11:33:20	Finish Change Local Settings
08/06/2024 11:33:20	Registry Read: Path=SOFTWARE\WEHA\Aplikasi\3
08/06/2024 11:33:20	Registry Read/Write
08/06/2024 11:33:21	Registry Read: Path=SOFTWARE\WEHA\Aplikasi\3
08/06/2024 11:35:17	Get Local Settings
08/06/2024 11:35:17	Start Change Local Settings
08/06/2024 11:35:17	Could not change short date format
08/06/2024 11:35:17	Could not change long date format
08/06/2024 11:35:17	Finish Change Local Settings
08/06/2024 11:35:17	Registry Read: Path=SOFTWARE\WEHA\Aplikasi\3
08/06/2024 11:35:17	Registry Read/Write
08/06/2024 11:35:17	Registry Read: Path=SOFTWARE\WEHA\Aplikasi\3
08/06/2024 11:45:22	Get Local Settings
08/06/2024 11:45:22	Start Change Local Settings
08/06/2024 11:45:22	Could not change short date format
08/06/2024 11:45:22	Could not change long date format
08/06/2024 11:45:22	Finish Change Local Settings
08/06/2024 11:45:22	Registry Read: Path=SOFTWARE\WEHA\Aplikasi\3
08/06/2024 11:45:22	Registry Read/Write
08/06/2024 11:45:22	Registry Read: Path=SOFTWARE\WEHA\Aplikasi\3
08/06/2024 11:48:20	Get Local Settings
08/06/2024 11:48:20	Start Change Local Settings
08/06/2024 11:48:20	Could not change short date format
08/06/2024 11:48:20	Could not change long date format
08/06/2024 11:48:20	Finish Change Local Settings
08/06/2024 11:48:20	Registry Read: Path=SOFTWARE\WEHA\Aplikasi\3
08/06/2024 11:48:20	Registry Read/Write
08/06/2024 11:48:20	Registry Read: Path=SOFTWARE\WEHA\Aplikasi\3
08/06/2024 11:49:03	Get Local Settings
08/06/2024 11:49:03	Start Change Local Settings
08/06/2024 11:49:03	Could not change short date format
08/06/2024 11:49:03	Could not change long date format
08/06/2024 11:49:03	Finish Change Local Settings
08/06/2024 11:49:03	Registry Read: Path=SOFTWARE\WEHA\Aplikasi\3
08/06/2024 11:49:03	Registry Read/Write
08/06/2024 11:49:03	Registry Read: Path=SOFTWARE\WEHA\Aplikasi\3
08/06/2024 11:50:40	Get Local Settings
08/06/2024 11:50:40	Start Change Local Settings
08/06/2024 11:50:40	Could not change short date format
08/06/2024 11:50:40	Could not change long date format
08/06/2024 11:50:40	Finish Change Local Settings
08/06/2024 11:50:40	Registry Read: Path=SOFTWARE\WEHA\Aplikasi\3
08/06/2024 11:50:40	Registry Read/Write
08/06/2024 11:50:40	Registry Read: Path=SOFTWARE\WEHA\Aplikasi\3
08/06/2024 11:51:48	Get Local Settings
08/06/2024 11:51:48	Start Change Local Settings
08/06/2024 11:51:48	Could not change short date format
08/06/2024 11:51:48	Could not change long date format
08/06/2024 11:51:48	Finish Change Local Settings
08/06/2024 11:51:48	Registry Read: Path=SOFTWARE\WEHA\Aplikasi\3
08/06/2024 11:51:48	Registry Read/Write
08/06/2024 11:51:48	Registry Read: Path=SOFTWARE\WEHA\Aplikasi\3
08/06/2024 11:54:39	Get Local Settings
08/06/2024 11:54:39	Start Change Local Settings
08/06/2024 11:54:39	Could not change short date format
08/06/2024 11:54:39	Could not change long date format
08/06/2024 11:54:39	Finish Change Local Settings
08/06/2024 11:54:39	Registry Read: Path=SOFTWARE\WEHA\Aplikasi\3
08/06/2024 11:54:39	Registry Read/Write
08/06/2024 11:54:39	Registry Read: Path=SOFTWARE\WEHA\Aplikasi\3
08/06/2024 13:07:18	Get Local Settings
08/06/2024 13:07:18	Start Change Local Settings
08/06/2024 13:07:18	Could not change short date format
08/06/2024 13:07:18	Could not change long date format
08/06/2024 13:07:18	Finish Change Local Settings
08/06/2024 13:07:18	Registry Read: Path=SOFTWARE\WEHA\Aplikasi\3
08/06/2024 13:07:18	Registry Read/Write
08/06/2024 13:07:18	Registry Read: Path=SOFTWARE\WEHA\Aplikasi\3
10/06/2024 00:15:29	Get Local Settings
10/06/2024 00:15:29	Start Change Local Settings
10/06/2024 00:15:29	Could not change short date format
10/06/2024 00:15:29	Could not change long date format
10/06/2024 00:15:29	Finish Change Local Settings
10/06/2024 00:15:29	Registry Read: Path=SOFTWARE\WEHA\Aplikasi\3
10/06/2024 00:15:29	Registry Read/Write
10/06/2024 00:15:29	Registry Read: Path=SOFTWARE\WEHA\Aplikasi\3
10/06/2024 10:33:10	Get Local Settings
10/06/2024 10:33:10	Start Change Local Settings
10/06/2024 10:33:10	Could not change short date format
10/06/2024 10:33:10	Could not change long date format
10/06/2024 10:33:10	Finish Change Local Settings
10/06/2024 10:33:10	Registry Read: Path=SOFTWARE\WEHA\Aplikasi\3
10/06/2024 10:33:10	Registry Read/Write
10/06/2024 10:33:10	Registry Read: Path=SOFTWARE\WEHA\Aplikasi\3
10/06/2024 10:33:33	Get Local Settings
10/06/2024 10:33:33	Start Change Local Settings
10/06/2024 10:33:33	Could not change short date format
10/06/2024 10:33:33	Could not change long date format
10/06/2024 10:33:33	Finish Change Local Settings
10/06/2024 10:33:33	Registry Read: Path=SOFTWARE\WEHA\Aplikasi\3
10/06/2024 10:33:33	Registry Read/Write
10/06/2024 10:33:33	Registry Read: Path=SOFTWARE\WEHA\Aplikasi\3
10/06/2024 17:13:25	Get Local Settings
10/06/2024 17:13:25	Start Change Local Settings
10/06/2024 17:13:25	Could not change short date format
10/06/2024 17:13:25	Could not change long date format
10/06/2024 17:13:25	Finish Change Local Settings
10/06/2024 17:13:25	Registry Read: Path=SOFTWARE\WEHA\Aplikasi\3
10/06/2024 17:13:25	Registry Read/Write
10/06/2024 17:13:25	Registry Read: Path=SOFTWARE\WEHA\Aplikasi\3
10/06/2024 17:54:19	Get Local Settings
10/06/2024 17:54:19	Start Change Local Settings
10/06/2024 17:54:19	Could not change short date format
10/06/2024 17:54:19	Could not change long date format
10/06/2024 17:54:19	Finish Change Local Settings
10/06/2024 17:54:19	Registry Read: Path=SOFTWARE\WEHA\Aplikasi\3
10/06/2024 17:54:19	Registry Read/Write
10/06/2024 17:54:19	Registry Read: Path=SOFTWARE\WEHA\Aplikasi\3
12/06/2024 09:43:43	Get Local Settings
12/06/2024 09:43:43	Start Change Local Settings
12/06/2024 09:43:43	Could not change short date format
12/06/2024 09:43:43	Could not change long date format
12/06/2024 09:43:43	Finish Change Local Settings
12/06/2024 09:43:43	Registry Read: Path=SOFTWARE\WEHA\Aplikasi\3
12/06/2024 09:43:43	Registry Read/Write
12/06/2024 09:43:43	Registry Read: Path=SOFTWARE\WEHA\Aplikasi\3
12/06/2024 09:44:03	Get Local Settings
12/06/2024 09:44:03	Start Change Local Settings
12/06/2024 09:44:03	Could not change short date format
12/06/2024 09:44:03	Could not change long date format
12/06/2024 09:44:03	Finish Change Local Settings
12/06/2024 09:44:03	Registry Read: Path=SOFTWARE\WEHA\Aplikasi\3
12/06/2024 09:44:03	Registry Read/Write
12/06/2024 09:44:03	Registry Read: Path=SOFTWARE\WEHA\Aplikasi\3
12/06/2024 09:52:16	Get Local Settings
12/06/2024 09:52:16	Start Change Local Settings
12/06/2024 09:52:16	Could not change short date format
12/06/2024 09:52:16	Could not change long date format
12/06/2024 09:52:16	Finish Change Local Settings
12/06/2024 09:52:16	Registry Read: Path=SOFTWARE\WEHA\Aplikasi\3
12/06/2024 09:52:16	Registry Read/Write
12/06/2024 09:52:16	Registry Read: Path=SOFTWARE\WEHA\Aplikasi\3
12/06/2024 09:56:43	Get Local Settings
12/06/2024 09:56:43	Start Change Local Settings
12/06/2024 09:56:43	Could not change short date format
12/06/2024 09:56:43	Could not change long date format
12/06/2024 09:56:43	Finish Change Local Settings
12/06/2024 09:56:43	Registry Read: Path=SOFTWARE\WEHA\Aplikasi\3
12/06/2024 09:56:43	Registry Read/Write
12/06/2024 09:56:43	Registry Read: Path=SOFTWARE\WEHA\Aplikasi\3
12/06/2024 09:57:16	Get Local Settings
12/06/2024 09:57:16	Start Change Local Settings
12/06/2024 09:57:16	Could not change short date format
12/06/2024 09:57:16	Could not change long date format
12/06/2024 09:57:16	Finish Change Local Settings
12/06/2024 09:57:16	Registry Read: Path=SOFTWARE\WEHA\Aplikasi\3
12/06/2024 09:57:16	Registry Read/Write
12/06/2024 09:57:16	Registry Read: Path=SOFTWARE\WEHA\Aplikasi\3
12/06/2024 09:58:01	Get Local Settings
12/06/2024 09:58:01	Start Change Local Settings
12/06/2024 09:58:01	Could not change short date format
12/06/2024 09:58:01	Could not change long date format
12/06/2024 09:58:01	Finish Change Local Settings
12/06/2024 09:58:01	Registry Read: Path=SOFTWARE\WEHA\Aplikasi\3
12/06/2024 09:58:01	Registry Read/Write
12/06/2024 09:58:01	Registry Read: Path=SOFTWARE\WEHA\Aplikasi\3
12/06/2024 09:59:33	Get Local Settings
12/06/2024 09:59:33	Start Change Local Settings
12/06/2024 09:59:33	Could not change short date format
12/06/2024 09:59:33	Could not change long date format
12/06/2024 09:59:33	Finish Change Local Settings
12/06/2024 09:59:33	Registry Read: Path=SOFTWARE\WEHA\Aplikasi\3
12/06/2024 09:59:33	Registry Read/Write
12/06/2024 09:59:33	Registry Read: Path=SOFTWARE\WEHA\Aplikasi\3
12/06/2024 10:03:27	Get Local Settings
12/06/2024 10:03:27	Start Change Local Settings
12/06/2024 10:03:27	Could not change short date format
12/06/2024 10:03:27	Could not change long date format
12/06/2024 10:03:27	Finish Change Local Settings
12/06/2024 10:03:27	Registry Read: Path=SOFTWARE\WEHA\Aplikasi\3
12/06/2024 10:03:27	Registry Read/Write
12/06/2024 10:03:27	Registry Read: Path=SOFTWARE\WEHA\Aplikasi\3
12/06/2024 10:07:30	Get Local Settings
12/06/2024 10:07:30	Start Change Local Settings
12/06/2024 10:07:30	Could not change short date format
12/06/2024 10:07:30	Could not change long date format
12/06/2024 10:07:30	Finish Change Local Settings
12/06/2024 10:07:30	Registry Read: Path=SOFTWARE\WEHA\Aplikasi\3
12/06/2024 10:07:30	Registry Read/Write
12/06/2024 10:07:30	Registry Read: Path=SOFTWARE\WEHA\Aplikasi\3
12/06/2024 10:07:36	Get Local Settings
12/06/2024 10:07:36	Start Change Local Settings
12/06/2024 10:07:36	Could not change short date format
12/06/2024 10:07:36	Could not change long date format
12/06/2024 10:07:36	Finish Change Local Settings
12/06/2024 10:07:36	Registry Read: Path=SOFTWARE\WEHA\Aplikasi\3
12/06/2024 10:07:36	Registry Read/Write
12/06/2024 10:07:36	Registry Read: Path=SOFTWARE\WEHA\Aplikasi\3
12/06/2024 10:12:01	Get Local Settings
12/06/2024 10:12:01	Start Change Local Settings
12/06/2024 10:12:01	Could not change short date format
12/06/2024 10:12:01	Could not change long date format
12/06/2024 10:12:01	Finish Change Local Settings
12/06/2024 10:12:01	Registry Read: Path=SOFTWARE\WEHA\Aplikasi\3
12/06/2024 10:12:01	Registry Read/Write
12/06/2024 10:12:01	Registry Read: Path=SOFTWARE\WEHA\Aplikasi\3
12/06/2024 13:08:58	Get Local Settings
12/06/2024 13:08:58	Start Change Local Settings
12/06/2024 13:08:58	Could not change short date format
12/06/2024 13:08:58	Could not change long date format
12/06/2024 13:08:58	Finish Change Local Settings
12/06/2024 13:08:58	Registry Read: Path=SOFTWARE\WEHA\Aplikasi\3
12/06/2024 13:08:58	Registry Read/Write
12/06/2024 13:08:58	Registry Read: Path=SOFTWARE\WEHA\Aplikasi\3
12/06/2024 13:11:21	Get Local Settings
12/06/2024 13:11:21	Start Change Local Settings
12/06/2024 13:11:21	Could not change short date format
12/06/2024 13:11:21	Could not change long date format
12/06/2024 13:11:21	Finish Change Local Settings
12/06/2024 13:11:21	Registry Read: Path=SOFTWARE\WEHA\Aplikasi\3
12/06/2024 13:11:21	Registry Read/Write
12/06/2024 13:11:21	Registry Read: Path=SOFTWARE\WEHA\Aplikasi\3
12/06/2024 13:23:17	Get Local Settings
12/06/2024 13:23:17	Start Change Local Settings
12/06/2024 13:23:17	Could not change short date format
12/06/2024 13:23:17	Could not change long date format
12/06/2024 13:23:17	Finish Change Local Settings
12/06/2024 13:23:17	Registry Read: Path=SOFTWARE\WEHA\Aplikasi\3
12/06/2024 13:23:17	Registry Read/Write
12/06/2024 13:23:17	Registry Read: Path=SOFTWARE\WEHA\Aplikasi\3
12/06/2024 13:33:51	Get Local Settings
12/06/2024 13:33:51	Start Change Local Settings
12/06/2024 13:33:51	Could not change short date format
12/06/2024 13:33:51	Could not change long date format
12/06/2024 13:33:51	Finish Change Local Settings
12/06/2024 13:33:51	Registry Read: Path=SOFTWARE\WEHA\Aplikasi\3
12/06/2024 13:33:51	Registry Read/Write
12/06/2024 13:33:51	Registry Read: Path=SOFTWARE\WEHA\Aplikasi\3
12/06/2024 14:08:48	Get Local Settings
12/06/2024 14:08:48	Start Change Local Settings
12/06/2024 14:08:48	Could not change short date format
12/06/2024 14:08:48	Could not change long date format
12/06/2024 14:08:48	Finish Change Local Settings
12/06/2024 14:08:48	Registry Read: Path=SOFTWARE\WEHA\Aplikasi\3
12/06/2024 14:08:48	Registry Read/Write
12/06/2024 14:08:48	Registry Read: Path=SOFTWARE\WEHA\Aplikasi\3
12/06/2024 14:17:41	Get Local Settings
12/06/2024 14:17:41	Start Change Local Settings
12/06/2024 14:17:41	Could not change short date format
12/06/2024 14:17:41	Could not change long date format
12/06/2024 14:17:41	Finish Change Local Settings
12/06/2024 14:17:41	Registry Read: Path=SOFTWARE\WEHA\Aplikasi\3
12/06/2024 14:17:41	Registry Read/Write
12/06/2024 14:17:41	Registry Read: Path=SOFTWARE\WEHA\Aplikasi\3
12/06/2024 14:19:00	Get Local Settings
12/06/2024 14:19:00	Start Change Local Settings
12/06/2024 14:19:00	Could not change short date format
12/06/2024 14:19:00	Could not change long date format
12/06/2024 14:19:00	Finish Change Local Settings
12/06/2024 14:19:00	Registry Read: Path=SOFTWARE\WEHA\Aplikasi\3
12/06/2024 14:19:00	Registry Read/Write
12/06/2024 14:19:00	Registry Read: Path=SOFTWARE\WEHA\Aplikasi\3
12/06/2024 14:20:34	Get Local Settings
12/06/2024 14:20:34	Start Change Local Settings
12/06/2024 14:20:34	Could not change short date format
12/06/2024 14:20:34	Could not change long date format
12/06/2024 14:20:34	Finish Change Local Settings
12/06/2024 14:20:34	Registry Read: Path=SOFTWARE\WEHA\Aplikasi\3
12/06/2024 14:20:34	Registry Read/Write
12/06/2024 14:20:34	Registry Read: Path=SOFTWARE\WEHA\Aplikasi\3
12/06/2024 14:54:51	Get Local Settings
12/06/2024 14:54:51	Start Change Local Settings
12/06/2024 14:54:51	Could not change short date format
12/06/2024 14:54:51	Could not change long date format
12/06/2024 14:54:51	Finish Change Local Settings
12/06/2024 14:54:51	Registry Read: Path=SOFTWARE\WEHA\Aplikasi\3
12/06/2024 14:54:51	Registry Read/Write
12/06/2024 14:54:51	Registry Read: Path=SOFTWARE\WEHA\Aplikasi\3
12/06/2024 14:56:35	Get Local Settings
12/06/2024 14:56:35	Start Change Local Settings
12/06/2024 14:56:35	Could not change short date format
12/06/2024 14:56:35	Could not change long date format
12/06/2024 14:56:35	Finish Change Local Settings
12/06/2024 14:56:35	Registry Read: Path=SOFTWARE\WEHA\Aplikasi\3
12/06/2024 14:56:35	Registry Read/Write
12/06/2024 14:56:35	Registry Read: Path=SOFTWARE\WEHA\Aplikasi\3
12/06/2024 15:03:47	Get Local Settings
12/06/2024 15:03:47	Start Change Local Settings
12/06/2024 15:03:47	Could not change short date format
12/06/2024 15:03:47	Could not change long date format
12/06/2024 15:03:47	Finish Change Local Settings
12/06/2024 15:03:47	Registry Read: Path=SOFTWARE\WEHA\Aplikasi\3
12/06/2024 15:03:47	Registry Read/Write
12/06/2024 15:03:47	Registry Read: Path=SOFTWARE\WEHA\Aplikasi\3
12/06/2024 15:04:36	Get Local Settings
12/06/2024 15:04:36	Start Change Local Settings
12/06/2024 15:04:36	Could not change short date format
12/06/2024 15:04:36	Could not change long date format
12/06/2024 15:04:36	Finish Change Local Settings
12/06/2024 15:04:36	Registry Read: Path=SOFTWARE\WEHA\Aplikasi\3
12/06/2024 15:04:36	Registry Read/Write
12/06/2024 15:04:36	Registry Read: Path=SOFTWARE\WEHA\Aplikasi\3
12/06/2024 15:07:10	Get Local Settings
12/06/2024 15:07:10	Start Change Local Settings
12/06/2024 15:07:10	Could not change short date format
12/06/2024 15:07:10	Could not change long date format
12/06/2024 15:07:10	Finish Change Local Settings
12/06/2024 15:07:10	Registry Read: Path=SOFTWARE\WEHA\Aplikasi\3
12/06/2024 15:07:10	Registry Read/Write
12/06/2024 15:07:10	Registry Read: Path=SOFTWARE\WEHA\Aplikasi\3
12/06/2024 15:12:07	Get Local Settings
12/06/2024 15:12:07	Start Change Local Settings
12/06/2024 15:12:07	Could not change short date format
12/06/2024 15:12:07	Could not change long date format
12/06/2024 15:12:07	Finish Change Local Settings
12/06/2024 15:12:07	Registry Read: Path=SOFTWARE\WEHA\Aplikasi\3
12/06/2024 15:12:07	Registry Read/Write
12/06/2024 15:12:07	Registry Read: Path=SOFTWARE\WEHA\Aplikasi\3
13/06/2024 11:17:55	Get Local Settings
13/06/2024 11:17:55	Start Change Local Settings
13/06/2024 11:17:55	Could not change short date format
13/06/2024 11:17:55	Could not change long date format
13/06/2024 11:17:55	Finish Change Local Settings
13/06/2024 11:17:55	Registry Read: Path=SOFTWARE\WEHA\Aplikasi\3
13/06/2024 11:17:55	Registry Read/Write
13/06/2024 11:17:55	Registry Read: Path=SOFTWARE\WEHA\Aplikasi\3
13/06/2024 11:18:14	Get Local Settings
13/06/2024 11:18:14	Start Change Local Settings
13/06/2024 11:18:14	Could not change short date format
13/06/2024 11:18:14	Could not change long date format
13/06/2024 11:18:14	Finish Change Local Settings
13/06/2024 11:18:14	Registry Read: Path=SOFTWARE\WEHA\Aplikasi\3
13/06/2024 11:18:14	Registry Read/Write
13/06/2024 11:18:14	Registry Read: Path=SOFTWARE\WEHA\Aplikasi\3
13/06/2024 11:26:53	Get Local Settings
13/06/2024 11:26:53	Start Change Local Settings
13/06/2024 11:26:53	Could not change short date format
13/06/2024 11:26:53	Could not change long date format
13/06/2024 11:26:53	Finish Change Local Settings
13/06/2024 11:26:53	Registry Read: Path=SOFTWARE\WEHA\Aplikasi\3
13/06/2024 11:26:53	Registry Read/Write
13/06/2024 11:26:53	Registry Read: Path=SOFTWARE\WEHA\Aplikasi\3
13/06/2024 11:39:54	Get Local Settings
13/06/2024 11:39:54	Start Change Local Settings
13/06/2024 11:39:54	Could not change short date format
13/06/2024 11:39:54	Could not change long date format
13/06/2024 11:39:54	Finish Change Local Settings
13/06/2024 11:39:54	Registry Read: Path=SOFTWARE\WEHA\Aplikasi\3
13/06/2024 11:39:54	Registry Read/Write
13/06/2024 11:39:54	Registry Read: Path=SOFTWARE\WEHA\Aplikasi\3
13/06/2024 11:50:18	Get Local Settings
13/06/2024 11:50:18	Start Change Local Settings
13/06/2024 11:50:18	Could not change short date format
13/06/2024 11:50:18	Could not change long date format
13/06/2024 11:50:18	Finish Change Local Settings
13/06/2024 11:50:18	Registry Read: Path=SOFTWARE\WEHA\Aplikasi\3
13/06/2024 11:50:18	Registry Read/Write
13/06/2024 11:50:18	Registry Read: Path=SOFTWARE\WEHA\Aplikasi\3
13/06/2024 13:23:49	Get Local Settings
13/06/2024 13:23:49	Start Change Local Settings
13/06/2024 13:23:49	Could not change short date format
13/06/2024 13:23:49	Could not change long date format
13/06/2024 13:23:49	Finish Change Local Settings
13/06/2024 13:23:49	Registry Read: Path=SOFTWARE\WEHA\Aplikasi\3
13/06/2024 13:23:49	Registry Read/Write
13/06/2024 13:23:49	Registry Read: Path=SOFTWARE\WEHA\Aplikasi\3
13/06/2024 13:37:56	Get Local Settings
13/06/2024 13:37:56	Start Change Local Settings
13/06/2024 13:37:56	Could not change short date format
13/06/2024 13:37:56	Could not change long date format
13/06/2024 13:37:56	Finish Change Local Settings
13/06/2024 13:37:56	Registry Read: Path=SOFTWARE\WEHA\Aplikasi\3
13/06/2024 13:37:56	Registry Read/Write
13/06/2024 13:37:56	Registry Read: Path=SOFTWARE\WEHA\Aplikasi\3
13/06/2024 13:58:28	Get Local Settings
13/06/2024 13:58:28	Start Change Local Settings
13/06/2024 13:58:28	Could not change short date format
13/06/2024 13:58:28	Could not change long date format
13/06/2024 13:58:28	Finish Change Local Settings
13/06/2024 13:58:28	Registry Read: Path=SOFTWARE\WEHA\Aplikasi\3
13/06/2024 13:58:28	Registry Read/Write
13/06/2024 13:58:29	Registry Read: Path=SOFTWARE\WEHA\Aplikasi\3
13/06/2024 13:59:03	Get Local Settings
13/06/2024 13:59:03	Start Change Local Settings
13/06/2024 13:59:03	Could not change short date format
13/06/2024 13:59:03	Could not change long date format
13/06/2024 13:59:03	Finish Change Local Settings
13/06/2024 13:59:03	Registry Read: Path=SOFTWARE\WEHA\Aplikasi\3
13/06/2024 13:59:03	Registry Read/Write
13/06/2024 13:59:03	Registry Read: Path=SOFTWARE\WEHA\Aplikasi\3
13/06/2024 14:19:51	Get Local Settings
13/06/2024 14:19:51	Start Change Local Settings
13/06/2024 14:19:51	Could not change short date format
13/06/2024 14:19:51	Could not change long date format
13/06/2024 14:19:51	Finish Change Local Settings
13/06/2024 14:19:51	Registry Read: Path=SOFTWARE\WEHA\Aplikasi\3
13/06/2024 14:19:51	Registry Read/Write
13/06/2024 14:19:51	Registry Read: Path=SOFTWARE\WEHA\Aplikasi\3
13/06/2024 16:22:23	Get Local Settings
13/06/2024 16:22:23	Start Change Local Settings
13/06/2024 16:22:23	Could not change short date format
13/06/2024 16:22:23	Could not change long date format
13/06/2024 16:22:23	Finish Change Local Settings
13/06/2024 16:22:23	Registry Read: Path=SOFTWARE\WEHA\Aplikasi\3
13/06/2024 16:22:23	Registry Read/Write
13/06/2024 16:22:23	Registry Read: Path=SOFTWARE\WEHA\Aplikasi\3
13/06/2024 16:22:36	Get Local Settings
13/06/2024 16:22:36	Start Change Local Settings
13/06/2024 16:22:36	Could not change short date format
13/06/2024 16:22:36	Could not change long date format
13/06/2024 16:22:36	Finish Change Local Settings
13/06/2024 16:22:36	Registry Read: Path=SOFTWARE\WEHA\Aplikasi\3
13/06/2024 16:22:36	Registry Read/Write
13/06/2024 16:22:36	Registry Read: Path=SOFTWARE\WEHA\Aplikasi\3
13/06/2024 16:35:36	Get Local Settings
13/06/2024 16:35:36	Start Change Local Settings
13/06/2024 16:35:36	Could not change short date format
13/06/2024 16:35:36	Could not change long date format
13/06/2024 16:35:36	Finish Change Local Settings
13/06/2024 16:35:36	Registry Read: Path=SOFTWARE\WEHA\Aplikasi\3
13/06/2024 16:35:36	Registry Read/Write
13/06/2024 16:35:36	Registry Read: Path=SOFTWARE\WEHA\Aplikasi\3
13/06/2024 16:43:55	Get Local Settings
13/06/2024 16:43:55	Start Change Local Settings
13/06/2024 16:43:55	Could not change short date format
13/06/2024 16:43:55	Could not change long date format
13/06/2024 16:43:55	Finish Change Local Settings
13/06/2024 16:43:55	Registry Read: Path=SOFTWARE\WEHA\Aplikasi\3
13/06/2024 16:43:55	Registry Read/Write
13/06/2024 16:43:55	Registry Read: Path=SOFTWARE\WEHA\Aplikasi\3
13/06/2024 16:55:27	Get Local Settings
13/06/2024 16:55:27	Start Change Local Settings
13/06/2024 16:55:27	Could not change short date format
13/06/2024 16:55:27	Could not change long date format
13/06/2024 16:55:27	Finish Change Local Settings
13/06/2024 16:55:27	Registry Read: Path=SOFTWARE\WEHA\Aplikasi\3
13/06/2024 16:55:27	Registry Read/Write
13/06/2024 16:55:27	Registry Read: Path=SOFTWARE\WEHA\Aplikasi\3
13/06/2024 16:56:35	Get Local Settings
13/06/2024 16:56:35	Start Change Local Settings
13/06/2024 16:56:35	Could not change short date format
13/06/2024 16:56:35	Could not change long date format
13/06/2024 16:56:35	Finish Change Local Settings
13/06/2024 16:56:35	Registry Read: Path=SOFTWARE\WEHA\Aplikasi\3
13/06/2024 16:56:35	Registry Read/Write
13/06/2024 16:56:35	Registry Read: Path=SOFTWARE\WEHA\Aplikasi\3
13/06/2024 16:58:37	Get Local Settings
13/06/2024 16:58:37	Start Change Local Settings
13/06/2024 16:58:37	Could not change short date format
13/06/2024 16:58:37	Could not change long date format
13/06/2024 16:58:37	Finish Change Local Settings
13/06/2024 16:58:37	Registry Read: Path=SOFTWARE\WEHA\Aplikasi\3
13/06/2024 16:58:37	Registry Read/Write
13/06/2024 16:58:37	Registry Read: Path=SOFTWARE\WEHA\Aplikasi\3
13/06/2024 17:00:24	Get Local Settings
13/06/2024 17:00:24	Start Change Local Settings
13/06/2024 17:00:24	Could not change short date format
13/06/2024 17:00:24	Could not change long date format
13/06/2024 17:00:24	Finish Change Local Settings
13/06/2024 17:00:24	Registry Read: Path=SOFTWARE\WEHA\Aplikasi\3
13/06/2024 17:00:24	Registry Read/Write
13/06/2024 17:00:24	Registry Read: Path=SOFTWARE\WEHA\Aplikasi\3
13/06/2024 17:03:31	Get Local Settings
13/06/2024 17:03:31	Start Change Local Settings
13/06/2024 17:03:31	Could not change short date format
13/06/2024 17:03:31	Could not change long date format
13/06/2024 17:03:31	Finish Change Local Settings
13/06/2024 17:03:31	Registry Read: Path=SOFTWARE\WEHA\Aplikasi\3
13/06/2024 17:03:31	Registry Read/Write
13/06/2024 17:03:31	Registry Read: Path=SOFTWARE\WEHA\Aplikasi\3
14/06/2024 06:14:47	Get Local Settings
14/06/2024 06:14:47	Start Change Local Settings
14/06/2024 06:14:47	Could not change short date format
14/06/2024 06:14:47	Could not change long date format
14/06/2024 06:14:47	Finish Change Local Settings
14/06/2024 06:14:47	Registry Read: Path=SOFTWARE\WEHA\Aplikasi\3
14/06/2024 06:14:47	Registry Read/Write
14/06/2024 06:14:47	Registry Read: Path=SOFTWARE\WEHA\Aplikasi\3
14/06/2024 06:24:27	Get Local Settings
14/06/2024 06:24:27	Start Change Local Settings
14/06/2024 06:24:27	Could not change short date format
14/06/2024 06:24:27	Could not change long date format
14/06/2024 06:24:27	Finish Change Local Settings
14/06/2024 06:24:27	Registry Read: Path=SOFTWARE\WEHA\Aplikasi\3
14/06/2024 06:24:27	Registry Read/Write
14/06/2024 06:24:27	Registry Read: Path=SOFTWARE\WEHA\Aplikasi\3
14/06/2024 06:38:23	Get Local Settings
14/06/2024 06:38:23	Start Change Local Settings
14/06/2024 06:38:23	Could not change short date format
14/06/2024 06:38:23	Could not change long date format
14/06/2024 06:38:23	Finish Change Local Settings
14/06/2024 06:38:23	Registry Read: Path=SOFTWARE\WEHA\Aplikasi\3
14/06/2024 06:38:23	Registry Read/Write
14/06/2024 06:38:23	Registry Read: Path=SOFTWARE\WEHA\Aplikasi\3
14/06/2024 06:41:53	Get Local Settings
14/06/2024 06:41:53	Start Change Local Settings
14/06/2024 06:41:53	Could not change short date format
14/06/2024 06:41:53	Could not change long date format
14/06/2024 06:41:53	Finish Change Local Settings
14/06/2024 06:41:53	Registry Read: Path=SOFTWARE\WEHA\Aplikasi\3
14/06/2024 06:41:53	Registry Read/Write
14/06/2024 06:41:53	Registry Read: Path=SOFTWARE\WEHA\Aplikasi\3
14/06/2024 09:00:20	Get Local Settings
14/06/2024 09:00:20	Start Change Local Settings
14/06/2024 09:00:20	Could not change short date format
14/06/2024 09:00:20	Could not change long date format
14/06/2024 09:00:20	Finish Change Local Settings
14/06/2024 09:00:20	Registry Read: Path=SOFTWARE\WEHA\Aplikasi\3
14/06/2024 09:00:20	Registry Read/Write
14/06/2024 09:00:20	Registry Read: Path=SOFTWARE\WEHA\Aplikasi\3
14/06/2024 09:32:00	Get Local Settings
14/06/2024 09:32:00	Start Change Local Settings
14/06/2024 09:32:00	Could not change short date format
14/06/2024 09:32:00	Could not change long date format
14/06/2024 09:32:00	Finish Change Local Settings
14/06/2024 09:32:00	Registry Read: Path=SOFTWARE\WEHA\Aplikasi\3
14/06/2024 09:32:00	Registry Read/Write
14/06/2024 09:32:00	Registry Read: Path=SOFTWARE\WEHA\Aplikasi\3
14/06/2024 09:43:53	Get Local Settings
14/06/2024 09:43:53	Start Change Local Settings
14/06/2024 09:43:53	Could not change short date format
14/06/2024 09:43:53	Could not change long date format
14/06/2024 09:43:53	Finish Change Local Settings
14/06/2024 09:43:53	Registry Read: Path=SOFTWARE\WEHA\Aplikasi\3
14/06/2024 09:43:53	Registry Read/Write
14/06/2024 09:43:53	Registry Read: Path=SOFTWARE\WEHA\Aplikasi\3
14/06/2024 09:46:06	Get Local Settings
14/06/2024 09:46:06	Start Change Local Settings
14/06/2024 09:46:06	Could not change short date format
14/06/2024 09:46:06	Could not change long date format
14/06/2024 09:46:06	Finish Change Local Settings
14/06/2024 09:46:06	Registry Read: Path=SOFTWARE\WEHA\Aplikasi\3
14/06/2024 09:46:06	Registry Read/Write
14/06/2024 09:46:06	Registry Read: Path=SOFTWARE\WEHA\Aplikasi\3
14/06/2024 09:50:49	Get Local Settings
14/06/2024 09:50:49	Start Change Local Settings
14/06/2024 09:50:49	Could not change short date format
14/06/2024 09:50:49	Could not change long date format
14/06/2024 09:50:49	Finish Change Local Settings
14/06/2024 09:50:49	Registry Read: Path=SOFTWARE\WEHA\Aplikasi\3
14/06/2024 09:50:49	Registry Read/Write
14/06/2024 09:50:49	Registry Read: Path=SOFTWARE\WEHA\Aplikasi\3
14/06/2024 11:21:38	Get Local Settings
14/06/2024 11:21:38	Start Change Local Settings
14/06/2024 11:21:38	Could not change short date format
14/06/2024 11:21:38	Could not change long date format
14/06/2024 11:21:38	Finish Change Local Settings
14/06/2024 11:21:38	Registry Read: Path=SOFTWARE\WEHA\Aplikasi\3
14/06/2024 11:21:38	Registry Read/Write
14/06/2024 11:21:38	Registry Read: Path=SOFTWARE\WEHA\Aplikasi\3
14/06/2024 13:44:26	Get Local Settings
14/06/2024 13:44:26	Start Change Local Settings
14/06/2024 13:44:26	Could not change short date format
14/06/2024 13:44:26	Could not change long date format
14/06/2024 13:44:26	Finish Change Local Settings
14/06/2024 13:44:26	Registry Read: Path=SOFTWARE\WEHA\Aplikasi\3
14/06/2024 13:44:26	Registry Read/Write
14/06/2024 13:44:26	Registry Read: Path=SOFTWARE\WEHA\Aplikasi\3
14/06/2024 13:49:49	Get Local Settings
14/06/2024 13:49:49	Start Change Local Settings
14/06/2024 13:49:49	Could not change short date format
14/06/2024 13:49:49	Could not change long date format
14/06/2024 13:49:49	Finish Change Local Settings
14/06/2024 13:49:49	Registry Read: Path=SOFTWARE\WEHA\Aplikasi\3
14/06/2024 13:49:49	Registry Read/Write
14/06/2024 13:49:49	Registry Read: Path=SOFTWARE\WEHA\Aplikasi\3
14/06/2024 13:56:13	Get Local Settings
14/06/2024 13:56:13	Start Change Local Settings
14/06/2024 13:56:13	Could not change short date format
14/06/2024 13:56:13	Could not change long date format
14/06/2024 13:56:13	Finish Change Local Settings
14/06/2024 13:56:13	Registry Read: Path=SOFTWARE\WEHA\Aplikasi\3
14/06/2024 13:56:13	Registry Read/Write
14/06/2024 13:56:13	Registry Read: Path=SOFTWARE\WEHA\Aplikasi\3
16/06/2024 14:18:55	Get Local Settings
16/06/2024 14:18:55	Start Change Local Settings
16/06/2024 14:18:55	Could not change short date format
16/06/2024 14:18:55	Could not change long date format
16/06/2024 14:18:55	Finish Change Local Settings
16/06/2024 14:18:55	Registry Read: Path=SOFTWARE\WEHA\Aplikasi\3
16/06/2024 14:18:55	Registry Read/Write
16/06/2024 14:18:55	Registry Read: Path=SOFTWARE\WEHA\Aplikasi\3
17/06/2024 00:17:18	Get Local Settings
17/06/2024 00:17:18	Start Change Local Settings
17/06/2024 00:17:18	Could not change short date format
17/06/2024 00:17:18	Could not change long date format
17/06/2024 00:17:18	Finish Change Local Settings
17/06/2024 00:17:18	Registry Read: Path=SOFTWARE\WEHA\Aplikasi\3
17/06/2024 00:17:18	Registry Read/Write
17/06/2024 00:17:18	Registry Read: Path=SOFTWARE\WEHA\Aplikasi\3
17/06/2024 00:59:53	Get Local Settings
17/06/2024 00:59:53	Start Change Local Settings
17/06/2024 00:59:53	Could not change short date format
17/06/2024 00:59:53	Could not change long date format
17/06/2024 00:59:53	Finish Change Local Settings
17/06/2024 00:59:53	Registry Read: Path=SOFTWARE\WEHA\Aplikasi\3
17/06/2024 00:59:53	Registry Read/Write
17/06/2024 00:59:53	Registry Read: Path=SOFTWARE\WEHA\Aplikasi\3
18/06/2024 09:15:08	Get Local Settings
18/06/2024 09:15:08	Start Change Local Settings
18/06/2024 09:15:08	Could not change short date format
18/06/2024 09:15:08	Could not change long date format
18/06/2024 09:15:08	Finish Change Local Settings
18/06/2024 09:15:08	Registry Read: Path=SOFTWARE\WEHA\Aplikasi\3
18/06/2024 09:15:08	Registry Read/Write
18/06/2024 09:15:08	Registry Read: Path=SOFTWARE\WEHA\Aplikasi\3
18/06/2024 09:27:26	Get Local Settings
18/06/2024 09:27:26	Start Change Local Settings
18/06/2024 09:27:26	Could not change short date format
18/06/2024 09:27:26	Could not change long date format
18/06/2024 09:27:26	Finish Change Local Settings
18/06/2024 09:27:26	Registry Read: Path=SOFTWARE\WEHA\Aplikasi\3
18/06/2024 09:27:26	Registry Read/Write
18/06/2024 09:27:26	Registry Read: Path=SOFTWARE\WEHA\Aplikasi\3
18/06/2024 09:33:10	Get Local Settings
18/06/2024 09:33:10	Start Change Local Settings
18/06/2024 09:33:10	Could not change short date format
18/06/2024 09:33:10	Could not change long date format
18/06/2024 09:33:10	Finish Change Local Settings
18/06/2024 09:33:10	Registry Read: Path=SOFTWARE\WEHA\Aplikasi\3
18/06/2024 09:33:10	Registry Read/Write
18/06/2024 09:33:10	Registry Read: Path=SOFTWARE\WEHA\Aplikasi\3
18/06/2024 09:33:35	Get Local Settings
18/06/2024 09:33:35	Start Change Local Settings
18/06/2024 09:33:35	Could not change short date format
18/06/2024 09:33:35	Could not change long date format
18/06/2024 09:33:35	Finish Change Local Settings
18/06/2024 09:33:35	Registry Read: Path=SOFTWARE\WEHA\Aplikasi\3
18/06/2024 09:33:35	Registry Read/Write
18/06/2024 09:33:35	Registry Read: Path=SOFTWARE\WEHA\Aplikasi\3
18/06/2024 10:34:24	Get Local Settings
18/06/2024 10:34:24	Start Change Local Settings
18/06/2024 10:34:24	Could not change short date format
18/06/2024 10:34:24	Could not change long date format
18/06/2024 10:34:24	Finish Change Local Settings
18/06/2024 10:34:24	Registry Read: Path=SOFTWARE\WEHA\Aplikasi\3
18/06/2024 10:34:24	Registry Read/Write
18/06/2024 10:34:24	Registry Read: Path=SOFTWARE\WEHA\Aplikasi\3
18/06/2024 10:47:18	Get Local Settings
18/06/2024 10:47:18	Start Change Local Settings
18/06/2024 10:47:18	Could not change short date format
18/06/2024 10:47:18	Could not change long date format
18/06/2024 10:47:18	Finish Change Local Settings
18/06/2024 10:47:18	Registry Read: Path=SOFTWARE\WEHA\Aplikasi\3
18/06/2024 10:47:18	Registry Read/Write
18/06/2024 10:47:18	Registry Read: Path=SOFTWARE\WEHA\Aplikasi\3
18/06/2024 10:54:42	Get Local Settings
18/06/2024 10:54:42	Start Change Local Settings
18/06/2024 10:54:42	Could not change short date format
18/06/2024 10:54:42	Could not change long date format
18/06/2024 10:54:42	Finish Change Local Settings
18/06/2024 10:54:42	Registry Read: Path=SOFTWARE\WEHA\Aplikasi\3
18/06/2024 10:54:42	Registry Read/Write
18/06/2024 10:54:42	Registry Read: Path=SOFTWARE\WEHA\Aplikasi\3
18/06/2024 11:00:48	Get Local Settings
18/06/2024 11:00:48	Start Change Local Settings
18/06/2024 11:00:48	Could not change short date format
18/06/2024 11:00:48	Could not change long date format
18/06/2024 11:00:48	Finish Change Local Settings
18/06/2024 11:00:48	Registry Read: Path=SOFTWARE\WEHA\Aplikasi\3
18/06/2024 11:00:48	Registry Read/Write
18/06/2024 11:00:48	Registry Read: Path=SOFTWARE\WEHA\Aplikasi\3
18/06/2024 11:12:37	Get Local Settings
18/06/2024 11:12:37	Start Change Local Settings
18/06/2024 11:12:37	Could not change short date format
18/06/2024 11:12:37	Could not change long date format
18/06/2024 11:12:37	Finish Change Local Settings
18/06/2024 11:12:37	Registry Read: Path=SOFTWARE\WEHA\Aplikasi\3
18/06/2024 11:12:37	Registry Read/Write
18/06/2024 11:12:37	Registry Read: Path=SOFTWARE\WEHA\Aplikasi\3
18/06/2024 11:18:43	Get Local Settings
18/06/2024 11:18:43	Start Change Local Settings
18/06/2024 11:18:43	Could not change short date format
18/06/2024 11:18:43	Could not change long date format
18/06/2024 11:18:43	Finish Change Local Settings
18/06/2024 11:18:43	Registry Read: Path=SOFTWARE\WEHA\Aplikasi\3
18/06/2024 11:18:43	Registry Read/Write
18/06/2024 11:18:43	Registry Read: Path=SOFTWARE\WEHA\Aplikasi\3
18/06/2024 11:20:58	Get Local Settings
18/06/2024 11:20:58	Start Change Local Settings
18/06/2024 11:20:58	Could not change short date format
18/06/2024 11:20:58	Could not change long date format
18/06/2024 11:20:58	Finish Change Local Settings
18/06/2024 11:20:58	Registry Read: Path=SOFTWARE\WEHA\Aplikasi\3
18/06/2024 11:20:58	Registry Read/Write
18/06/2024 11:20:58	Registry Read: Path=SOFTWARE\WEHA\Aplikasi\3
18/06/2024 13:32:14	Get Local Settings
18/06/2024 13:32:14	Start Change Local Settings
18/06/2024 13:32:14	Could not change short date format
18/06/2024 13:32:14	Could not change long date format
18/06/2024 13:32:14	Finish Change Local Settings
18/06/2024 13:32:14	Registry Read: Path=SOFTWARE\WEHA\Aplikasi\3
18/06/2024 13:32:14	Registry Read/Write
18/06/2024 13:32:14	Registry Read: Path=SOFTWARE\WEHA\Aplikasi\3
18/06/2024 15:15:27	Get Local Settings
18/06/2024 15:15:27	Start Change Local Settings
18/06/2024 15:15:27	Could not change short date format
18/06/2024 15:15:27	Could not change long date format
18/06/2024 15:15:27	Finish Change Local Settings
18/06/2024 15:15:27	Registry Read: Path=SOFTWARE\WEHA\Aplikasi\3
18/06/2024 15:15:27	Registry Read/Write
18/06/2024 15:15:27	Registry Read: Path=SOFTWARE\WEHA\Aplikasi\3
18/06/2024 15:29:04	Get Local Settings
18/06/2024 15:29:04	Start Change Local Settings
18/06/2024 15:29:04	Could not change short date format
18/06/2024 15:29:04	Could not change long date format
18/06/2024 15:29:04	Finish Change Local Settings
18/06/2024 15:29:04	Registry Read: Path=SOFTWARE\WEHA\Aplikasi\3
18/06/2024 15:29:04	Registry Read/Write
18/06/2024 15:29:04	Registry Read: Path=SOFTWARE\WEHA\Aplikasi\3
18/06/2024 17:19:56	Get Local Settings
18/06/2024 17:19:56	Start Change Local Settings
18/06/2024 17:19:56	Could not change short date format
18/06/2024 17:19:56	Could not change long date format
18/06/2024 17:19:56	Finish Change Local Settings
18/06/2024 17:19:56	Registry Read: Path=SOFTWARE\WEHA\Aplikasi\3
18/06/2024 17:19:56	Registry Read/Write
18/06/2024 17:19:56	Registry Read: Path=SOFTWARE\WEHA\Aplikasi\3
19/06/2024 09:41:34	Get Local Settings
19/06/2024 09:41:34	Start Change Local Settings
19/06/2024 09:41:34	Could not change short date format
19/06/2024 09:41:34	Could not change long date format
19/06/2024 09:41:34	Finish Change Local Settings
19/06/2024 09:41:34	Registry Read: Path=SOFTWARE\WEHA\Aplikasi\3
19/06/2024 09:41:34	Registry Read/Write
19/06/2024 09:41:34	Registry Read: Path=SOFTWARE\WEHA\Aplikasi\3
19/06/2024 13:16:50	Get Local Settings
19/06/2024 13:16:50	Start Change Local Settings
19/06/2024 13:16:50	Could not change short date format
19/06/2024 13:16:50	Could not change long date format
19/06/2024 13:16:50	Finish Change Local Settings
19/06/2024 13:16:50	Registry Read: Path=SOFTWARE\WEHA\Aplikasi\3
19/06/2024 13:16:50	Registry Read/Write
19/06/2024 13:16:50	Registry Read: Path=SOFTWARE\WEHA\Aplikasi\3
19/06/2024 13:16:57	Get Local Settings
19/06/2024 13:16:57	Start Change Local Settings
19/06/2024 13:16:57	Could not change short date format
19/06/2024 13:16:57	Could not change long date format
19/06/2024 13:16:57	Finish Change Local Settings
19/06/2024 13:16:57	Registry Read: Path=SOFTWARE\WEHA\Aplikasi\3
19/06/2024 13:16:57	Registry Read/Write
19/06/2024 13:16:57	Registry Read: Path=SOFTWARE\WEHA\Aplikasi\3
19/06/2024 13:33:32	Get Local Settings
19/06/2024 13:33:32	Start Change Local Settings
19/06/2024 13:33:32	Could not change short date format
19/06/2024 13:33:32	Could not change long date format
19/06/2024 13:33:32	Finish Change Local Settings
19/06/2024 13:33:32	Registry Read: Path=SOFTWARE\WEHA\Aplikasi\3
19/06/2024 13:33:32	Registry Read/Write
19/06/2024 13:33:32	Registry Read: Path=SOFTWARE\WEHA\Aplikasi\3
19/06/2024 13:36:19	Get Local Settings
19/06/2024 13:36:19	Start Change Local Settings
19/06/2024 13:36:19	Could not change short date format
19/06/2024 13:36:19	Could not change long date format
19/06/2024 13:36:19	Finish Change Local Settings
19/06/2024 13:36:19	Registry Read: Path=SOFTWARE\WEHA\Aplikasi\3
19/06/2024 13:36:19	Registry Read/Write
19/06/2024 13:36:19	Registry Read: Path=SOFTWARE\WEHA\Aplikasi\3
19/06/2024 13:38:08	Get Local Settings
19/06/2024 13:38:08	Start Change Local Settings
19/06/2024 13:38:08	Could not change short date format
19/06/2024 13:38:08	Could not change long date format
19/06/2024 13:38:08	Finish Change Local Settings
19/06/2024 13:38:08	Registry Read: Path=SOFTWARE\WEHA\Aplikasi\3
19/06/2024 13:38:08	Registry Read/Write
19/06/2024 13:38:08	Registry Read: Path=SOFTWARE\WEHA\Aplikasi\3
19/06/2024 13:40:17	Get Local Settings
19/06/2024 13:40:17	Start Change Local Settings
19/06/2024 13:40:17	Could not change short date format
19/06/2024 13:40:17	Could not change long date format
19/06/2024 13:40:17	Finish Change Local Settings
19/06/2024 13:40:17	Registry Read: Path=SOFTWARE\WEHA\Aplikasi\3
19/06/2024 13:40:17	Registry Read/Write
19/06/2024 13:40:17	Registry Read: Path=SOFTWARE\WEHA\Aplikasi\3
20/06/2024 13:17:02	Get Local Settings
20/06/2024 13:17:02	Start Change Local Settings
20/06/2024 13:17:02	Could not change short date format
20/06/2024 13:17:02	Could not change long date format
20/06/2024 13:17:02	Finish Change Local Settings
20/06/2024 13:17:02	Registry Read: Path=SOFTWARE\WEHA\Aplikasi\3
20/06/2024 13:17:02	Registry Read/Write
20/06/2024 13:17:02	Registry Read: Path=SOFTWARE\WEHA\Aplikasi\3
21/06/2024 14:01:34	Get Local Settings
21/06/2024 14:01:34	Start Change Local Settings
21/06/2024 14:01:34	Could not change short date format
21/06/2024 14:01:34	Could not change long date format
21/06/2024 14:01:34	Finish Change Local Settings
21/06/2024 14:01:34	Registry Read: Path=SOFTWARE\WEHA\Aplikasi\3
21/06/2024 14:01:34	Registry Read/Write
21/06/2024 14:01:34	Registry Read: Path=SOFTWARE\WEHA\Aplikasi\3
21/06/2024 14:03:31	Get Local Settings
21/06/2024 14:03:31	Start Change Local Settings
21/06/2024 14:03:31	Could not change short date format
21/06/2024 14:03:31	Could not change long date format
21/06/2024 14:03:31	Finish Change Local Settings
21/06/2024 14:03:31	Registry Read: Path=SOFTWARE\WEHA\Aplikasi\3
21/06/2024 14:03:31	Registry Read/Write
21/06/2024 14:03:31	Registry Read: Path=SOFTWARE\WEHA\Aplikasi\3
21/06/2024 14:09:58	Get Local Settings
21/06/2024 14:09:58	Start Change Local Settings
21/06/2024 14:09:58	Could not change short date format
21/06/2024 14:09:58	Could not change long date format
21/06/2024 14:09:58	Finish Change Local Settings
21/06/2024 14:09:58	Registry Read: Path=SOFTWARE\WEHA\Aplikasi\3
21/06/2024 14:09:58	Registry Read/Write
21/06/2024 14:09:58	Registry Read: Path=SOFTWARE\WEHA\Aplikasi\3
21/06/2024 14:19:05	Get Local Settings
21/06/2024 14:19:05	Start Change Local Settings
21/06/2024 14:19:05	Could not change short date format
21/06/2024 14:19:05	Could not change long date format
21/06/2024 14:19:05	Finish Change Local Settings
21/06/2024 14:19:05	Registry Read: Path=SOFTWARE\WEHA\Aplikasi\3
21/06/2024 14:19:05	Registry Read/Write
21/06/2024 14:19:05	Registry Read: Path=SOFTWARE\WEHA\Aplikasi\3
21/06/2024 14:19:34	Get Local Settings
21/06/2024 14:19:34	Start Change Local Settings
21/06/2024 14:19:34	Could not change short date format
21/06/2024 14:19:34	Could not change long date format
21/06/2024 14:19:34	Finish Change Local Settings
21/06/2024 14:19:34	Registry Read: Path=SOFTWARE\WEHA\Aplikasi\3
21/06/2024 14:19:34	Registry Read/Write
21/06/2024 14:19:34	Registry Read: Path=SOFTWARE\WEHA\Aplikasi\3
21/06/2024 14:19:50	Get Local Settings
21/06/2024 14:19:50	Start Change Local Settings
21/06/2024 14:19:50	Could not change short date format
21/06/2024 14:19:50	Could not change long date format
21/06/2024 14:19:50	Finish Change Local Settings
21/06/2024 14:19:50	Registry Read: Path=SOFTWARE\WEHA\Aplikasi\3
21/06/2024 14:19:50	Registry Read/Write
21/06/2024 14:19:50	Registry Read: Path=SOFTWARE\WEHA\Aplikasi\3
21/06/2024 14:21:59	Get Local Settings
21/06/2024 14:21:59	Start Change Local Settings
21/06/2024 14:21:59	Could not change short date format
21/06/2024 14:21:59	Could not change long date format
21/06/2024 14:21:59	Finish Change Local Settings
21/06/2024 14:21:59	Registry Read: Path=SOFTWARE\WEHA\Aplikasi\3
21/06/2024 14:21:59	Registry Read/Write
21/06/2024 14:21:59	Registry Read: Path=SOFTWARE\WEHA\Aplikasi\3
22/06/2024 10:23:23	Get Local Settings
22/06/2024 10:23:23	Start Change Local Settings
22/06/2024 10:23:23	Could not change short date format
22/06/2024 10:23:23	Could not change long date format
22/06/2024 10:23:23	Finish Change Local Settings
22/06/2024 10:23:23	Registry Read: Path=SOFTWARE\WEHA\Aplikasi\3
22/06/2024 10:23:23	Registry Read/Write
22/06/2024 10:23:23	Registry Read: Path=SOFTWARE\WEHA\Aplikasi\3
22/06/2024 10:50:48	Get Local Settings
22/06/2024 10:50:48	Start Change Local Settings
22/06/2024 10:50:48	Could not change short date format
22/06/2024 10:50:48	Could not change long date format
22/06/2024 10:50:48	Finish Change Local Settings
22/06/2024 10:50:48	Registry Read: Path=SOFTWARE\WEHA\Aplikasi\3
22/06/2024 10:50:48	Registry Read/Write
22/06/2024 10:50:48	Registry Read: Path=SOFTWARE\WEHA\Aplikasi\3
24/06/2024 09:55:57	Get Local Settings
24/06/2024 09:55:57	Start Change Local Settings
24/06/2024 09:55:57	Could not change short date format
24/06/2024 09:55:57	Could not change long date format
24/06/2024 09:55:57	Finish Change Local Settings
24/06/2024 09:55:57	Registry Read: Path=SOFTWARE\WEHA\Aplikasi\3
24/06/2024 09:55:57	Registry Read/Write
24/06/2024 09:55:57	Registry Read: Path=SOFTWARE\WEHA\Aplikasi\3
24/06/2024 16:04:12	Get Local Settings
24/06/2024 16:04:12	Start Change Local Settings
24/06/2024 16:04:12	Could not change short date format
24/06/2024 16:04:12	Could not change long date format
24/06/2024 16:04:12	Finish Change Local Settings
24/06/2024 16:04:12	Registry Read: Path=SOFTWARE\WEHA\Aplikasi\3
24/06/2024 16:04:12	Registry Read/Write
24/06/2024 16:04:12	Registry Read: Path=SOFTWARE\WEHA\Aplikasi\3
24/06/2024 16:25:35	Get Local Settings
24/06/2024 16:25:35	Start Change Local Settings
24/06/2024 16:25:35	Could not change short date format
24/06/2024 16:25:35	Could not change long date format
24/06/2024 16:25:35	Finish Change Local Settings
24/06/2024 16:25:35	Registry Read: Path=SOFTWARE\WEHA\Aplikasi\3
24/06/2024 16:25:35	Registry Read/Write
24/06/2024 16:25:35	Registry Read: Path=SOFTWARE\WEHA\Aplikasi\3
24/06/2024 16:27:51	Get Local Settings
24/06/2024 16:27:51	Start Change Local Settings
24/06/2024 16:27:51	Could not change short date format
24/06/2024 16:27:51	Could not change long date format
24/06/2024 16:27:51	Finish Change Local Settings
24/06/2024 16:27:51	Registry Read: Path=SOFTWARE\WEHA\Aplikasi\3
24/06/2024 16:27:51	Registry Read/Write
24/06/2024 16:27:51	Registry Read: Path=SOFTWARE\WEHA\Aplikasi\3
24/06/2024 16:28:49	Get Local Settings
24/06/2024 16:28:49	Start Change Local Settings
24/06/2024 16:28:49	Could not change short date format
24/06/2024 16:28:49	Could not change long date format
24/06/2024 16:28:49	Finish Change Local Settings
24/06/2024 16:28:49	Registry Read: Path=SOFTWARE\WEHA\Aplikasi\3
24/06/2024 16:28:49	Registry Read/Write
24/06/2024 16:28:49	Registry Read: Path=SOFTWARE\WEHA\Aplikasi\3
24/06/2024 16:33:08	Get Local Settings
24/06/2024 16:33:08	Start Change Local Settings
24/06/2024 16:33:08	Could not change short date format
24/06/2024 16:33:08	Could not change long date format
24/06/2024 16:33:08	Finish Change Local Settings
24/06/2024 16:33:08	Registry Read: Path=SOFTWARE\WEHA\Aplikasi\3
24/06/2024 16:33:08	Registry Read/Write
24/06/2024 16:33:08	Registry Read: Path=SOFTWARE\WEHA\Aplikasi\3
24/06/2024 16:35:00	Get Local Settings
24/06/2024 16:35:00	Start Change Local Settings
24/06/2024 16:35:00	Could not change short date format
24/06/2024 16:35:00	Could not change long date format
24/06/2024 16:35:00	Finish Change Local Settings
24/06/2024 16:35:00	Registry Read: Path=SOFTWARE\WEHA\Aplikasi\3
24/06/2024 16:35:00	Registry Read/Write
24/06/2024 16:35:00	Registry Read: Path=SOFTWARE\WEHA\Aplikasi\3
24/06/2024 16:35:15	Get Local Settings
24/06/2024 16:35:15	Start Change Local Settings
24/06/2024 16:35:15	Could not change short date format
24/06/2024 16:35:15	Could not change long date format
24/06/2024 16:35:15	Finish Change Local Settings
24/06/2024 16:35:15	Registry Read: Path=SOFTWARE\WEHA\Aplikasi\3
24/06/2024 16:35:15	Registry Read/Write
24/06/2024 16:35:15	Registry Read: Path=SOFTWARE\WEHA\Aplikasi\3
24/06/2024 16:37:52	Get Local Settings
24/06/2024 16:37:52	Start Change Local Settings
24/06/2024 16:37:52	Could not change short date format
24/06/2024 16:37:52	Could not change long date format
24/06/2024 16:37:52	Finish Change Local Settings
24/06/2024 16:37:52	Registry Read: Path=SOFTWARE\WEHA\Aplikasi\3
24/06/2024 16:37:52	Registry Read/Write
24/06/2024 16:37:52	Registry Read: Path=SOFTWARE\WEHA\Aplikasi\3
24/06/2024 16:38:19	Get Local Settings
24/06/2024 16:38:19	Start Change Local Settings
24/06/2024 16:38:19	Could not change short date format
24/06/2024 16:38:19	Could not change long date format
24/06/2024 16:38:19	Finish Change Local Settings
24/06/2024 16:38:19	Registry Read: Path=SOFTWARE\WEHA\Aplikasi\3
24/06/2024 16:38:19	Registry Read/Write
24/06/2024 16:38:19	Registry Read: Path=SOFTWARE\WEHA\Aplikasi\3
25/06/2024 17:29:46	Get Local Settings
25/06/2024 17:29:46	Start Change Local Settings
25/06/2024 17:29:46	Could not change short date format
25/06/2024 17:29:46	Could not change long date format
25/06/2024 17:29:46	Finish Change Local Settings
25/06/2024 17:29:46	Registry Read: Path=SOFTWARE\WEHA\Aplikasi\3
25/06/2024 17:29:46	Registry Read/Write
25/06/2024 17:29:46	Registry Read: Path=SOFTWARE\WEHA\Aplikasi\3
26/06/2024 17:15:22	Get Local Settings
26/06/2024 17:15:22	Start Change Local Settings
26/06/2024 17:15:22	Could not change short date format
26/06/2024 17:15:22	Could not change long date format
26/06/2024 17:15:22	Finish Change Local Settings
26/06/2024 17:15:22	Registry Read: Path=SOFTWARE\WEHA\Aplikasi\3
26/06/2024 17:15:22	Registry Read/Write
26/06/2024 17:15:22	Registry Read: Path=SOFTWARE\WEHA\Aplikasi\3
26/06/2024 17:15:38	Get Local Settings
26/06/2024 17:15:38	Start Change Local Settings
26/06/2024 17:15:38	Could not change short date format
26/06/2024 17:15:38	Could not change long date format
26/06/2024 17:15:38	Finish Change Local Settings
26/06/2024 17:15:38	Registry Read: Path=SOFTWARE\WEHA\Aplikasi\3
26/06/2024 17:15:38	Registry Read/Write
26/06/2024 17:15:38	Registry Read: Path=SOFTWARE\WEHA\Aplikasi\3
27/06/2024 07:33:24	Get Local Settings
27/06/2024 07:33:24	Start Change Local Settings
27/06/2024 07:33:24	Could not change short date format
27/06/2024 07:33:24	Could not change long date format
27/06/2024 07:33:24	Finish Change Local Settings
27/06/2024 07:33:24	Registry Read: Path=SOFTWARE\WEHA\Aplikasi\3
27/06/2024 07:33:24	Registry Read/Write
27/06/2024 07:33:24	Registry Read: Path=SOFTWARE\WEHA\Aplikasi\3
27/06/2024 07:40:04	Get Local Settings
27/06/2024 07:40:04	Start Change Local Settings
27/06/2024 07:40:04	Could not change short date format
27/06/2024 07:40:04	Could not change long date format
27/06/2024 07:40:04	Finish Change Local Settings
27/06/2024 07:40:04	Registry Read: Path=SOFTWARE\WEHA\Aplikasi\3
27/06/2024 07:40:04	Registry Read/Write
27/06/2024 07:40:04	Registry Read: Path=SOFTWARE\WEHA\Aplikasi\3
27/06/2024 07:42:51	Get Local Settings
27/06/2024 07:42:51	Start Change Local Settings
27/06/2024 07:42:51	Could not change short date format
27/06/2024 07:42:51	Could not change long date format
27/06/2024 07:42:51	Finish Change Local Settings
27/06/2024 07:42:51	Registry Read: Path=SOFTWARE\WEHA\Aplikasi\3
27/06/2024 07:42:51	Registry Read/Write
27/06/2024 07:42:51	Registry Read: Path=SOFTWARE\WEHA\Aplikasi\3
28/06/2024 11:19:36	Get Local Settings
28/06/2024 11:19:36	Start Change Local Settings
28/06/2024 11:19:36	Could not change short date format
28/06/2024 11:19:36	Could not change long date format
28/06/2024 11:19:36	Finish Change Local Settings
28/06/2024 11:19:36	Registry Read: Path=SOFTWARE\WEHA\Aplikasi\3
28/06/2024 11:19:36	Registry Read/Write
28/06/2024 11:19:36	Registry Read: Path=SOFTWARE\WEHA\Aplikasi\3
28/06/2024 11:33:40	Get Local Settings
28/06/2024 11:33:40	Start Change Local Settings
28/06/2024 11:33:40	Could not change short date format
28/06/2024 11:33:40	Could not change long date format
28/06/2024 11:33:40	Finish Change Local Settings
28/06/2024 11:33:40	Registry Read: Path=SOFTWARE\WEHA\Aplikasi\3
28/06/2024 11:33:40	Registry Read/Write
28/06/2024 11:33:40	Registry Read: Path=SOFTWARE\WEHA\Aplikasi\3
28/06/2024 17:43:08	Get Local Settings
28/06/2024 17:43:08	Start Change Local Settings
28/06/2024 17:43:08	Could not change short date format
28/06/2024 17:43:08	Could not change long date format
28/06/2024 17:43:08	Finish Change Local Settings
28/06/2024 17:43:08	Registry Read: Path=SOFTWARE\WEHA\Aplikasi\3
28/06/2024 17:43:08	Registry Read/Write
28/06/2024 17:43:08	Registry Read: Path=SOFTWARE\WEHA\Aplikasi\3
01/07/2024 20:29:08	Get Local Settings
01/07/2024 20:29:08	Start Change Local Settings
01/07/2024 20:29:08	Could not change short date format
01/07/2024 20:29:08	Could not change long date format
01/07/2024 20:29:08	Finish Change Local Settings
01/07/2024 20:29:08	Registry Read: Path=SOFTWARE\WEHA\Aplikasi\3
01/07/2024 20:29:08	Registry Read/Write
01/07/2024 20:29:08	Registry Read: Path=SOFTWARE\WEHA\Aplikasi\3
02/07/2024 11:43:39	Get Local Settings
02/07/2024 11:43:39	Start Change Local Settings
02/07/2024 11:43:39	Could not change short date format
02/07/2024 11:43:39	Could not change long date format
02/07/2024 11:43:39	Finish Change Local Settings
02/07/2024 11:43:39	Registry Read: Path=SOFTWARE\WEHA\Aplikasi\3
02/07/2024 11:43:39	Registry Read/Write
02/07/2024 11:43:39	Registry Read: Path=SOFTWARE\WEHA\Aplikasi\3
02/07/2024 13:13:30	Get Local Settings
02/07/2024 13:13:30	Start Change Local Settings
02/07/2024 13:13:30	Could not change short date format
02/07/2024 13:13:30	Could not change long date format
02/07/2024 13:13:30	Finish Change Local Settings
02/07/2024 13:13:30	Registry Read: Path=SOFTWARE\WEHA\Aplikasi\3
02/07/2024 13:13:30	Registry Read/Write
02/07/2024 13:13:30	Registry Read: Path=SOFTWARE\WEHA\Aplikasi\3
02/07/2024 13:20:10	Get Local Settings
02/07/2024 13:20:10	Start Change Local Settings
02/07/2024 13:20:10	Could not change short date format
02/07/2024 13:20:10	Could not change long date format
02/07/2024 13:20:10	Finish Change Local Settings
02/07/2024 13:20:10	Registry Read: Path=SOFTWARE\WEHA\Aplikasi\3
02/07/2024 13:20:10	Registry Read/Write
02/07/2024 13:20:10	Registry Read: Path=SOFTWARE\WEHA\Aplikasi\3
03/07/2024 10:01:56	Get Local Settings
03/07/2024 10:01:56	Start Change Local Settings
03/07/2024 10:01:56	Could not change short date format
03/07/2024 10:01:56	Could not change long date format
03/07/2024 10:01:56	Finish Change Local Settings
03/07/2024 10:01:56	Registry Read: Path=SOFTWARE\WEHA\Aplikasi\3
03/07/2024 10:01:56	Registry Read/Write
03/07/2024 10:01:56	Registry Read: Path=SOFTWARE\WEHA\Aplikasi\3
03/07/2024 14:20:59	Get Local Settings
03/07/2024 14:20:59	Start Change Local Settings
03/07/2024 14:20:59	Could not change short date format
03/07/2024 14:20:59	Could not change long date format
03/07/2024 14:20:59	Finish Change Local Settings
03/07/2024 14:20:59	Registry Read: Path=SOFTWARE\WEHA\Aplikasi\3
03/07/2024 14:20:59	Registry Read/Write
03/07/2024 14:20:59	Registry Read: Path=SOFTWARE\WEHA\Aplikasi\3
03/07/2024 16:42:36	Get Local Settings
03/07/2024 16:42:36	Start Change Local Settings
03/07/2024 16:42:36	Could not change short date format
03/07/2024 16:42:36	Could not change long date format
03/07/2024 16:42:36	Finish Change Local Settings
03/07/2024 16:42:36	Registry Read: Path=SOFTWARE\WEHA\Aplikasi\3
03/07/2024 16:42:36	Registry Read/Write
03/07/2024 16:42:36	Registry Read: Path=SOFTWARE\WEHA\Aplikasi\3
04/07/2024 11:21:50	Get Local Settings
04/07/2024 11:21:50	Start Change Local Settings
04/07/2024 11:21:50	Could not change short date format
04/07/2024 11:21:50	Could not change long date format
04/07/2024 11:21:50	Finish Change Local Settings
04/07/2024 11:21:50	Registry Read: Path=SOFTWARE\WEHA\Aplikasi\3
04/07/2024 11:21:50	Registry Read/Write
04/07/2024 11:21:50	Registry Read: Path=SOFTWARE\WEHA\Aplikasi\3
04/07/2024 11:29:33	Get Local Settings
04/07/2024 11:29:33	Start Change Local Settings
04/07/2024 11:29:33	Could not change short date format
04/07/2024 11:29:33	Could not change long date format
04/07/2024 11:29:33	Finish Change Local Settings
04/07/2024 11:29:33	Registry Read: Path=SOFTWARE\WEHA\Aplikasi\3
04/07/2024 11:29:33	Registry Read/Write
04/07/2024 11:29:33	Registry Read: Path=SOFTWARE\WEHA\Aplikasi\3
04/07/2024 11:54:34	Get Local Settings
04/07/2024 11:54:34	Start Change Local Settings
04/07/2024 11:54:34	Could not change short date format
04/07/2024 11:54:34	Could not change long date format
04/07/2024 11:54:34	Finish Change Local Settings
04/07/2024 11:54:34	Registry Read: Path=SOFTWARE\WEHA\Aplikasi\3
04/07/2024 11:54:34	Registry Read/Write
04/07/2024 11:54:34	Registry Read: Path=SOFTWARE\WEHA\Aplikasi\3
04/07/2024 13:28:14	Get Local Settings
04/07/2024 13:28:14	Start Change Local Settings
04/07/2024 13:28:14	Could not change short date format
04/07/2024 13:28:14	Could not change long date format
04/07/2024 13:28:14	Finish Change Local Settings
04/07/2024 13:28:14	Registry Read: Path=SOFTWARE\WEHA\Aplikasi\3
04/07/2024 13:28:14	Registry Read/Write
04/07/2024 13:28:14	Registry Read: Path=SOFTWARE\WEHA\Aplikasi\3
04/07/2024 15:40:40	Get Local Settings
04/07/2024 15:40:40	Start Change Local Settings
04/07/2024 15:40:40	Could not change short date format
04/07/2024 15:40:40	Could not change long date format
04/07/2024 15:40:40	Finish Change Local Settings
04/07/2024 15:40:40	Registry Read: Path=SOFTWARE\WEHA\Aplikasi\3
04/07/2024 15:40:40	Registry Read/Write
04/07/2024 15:40:40	Registry Read: Path=SOFTWARE\WEHA\Aplikasi\3
04/07/2024 15:44:31	Get Local Settings
04/07/2024 15:44:31	Start Change Local Settings
04/07/2024 15:44:31	Could not change short date format
04/07/2024 15:44:31	Could not change long date format
04/07/2024 15:44:31	Finish Change Local Settings
04/07/2024 15:44:31	Registry Read: Path=SOFTWARE\WEHA\Aplikasi\3
04/07/2024 15:44:31	Registry Read/Write
04/07/2024 15:44:31	Registry Read: Path=SOFTWARE\WEHA\Aplikasi\3
04/07/2024 15:46:55	Get Local Settings
04/07/2024 15:46:55	Start Change Local Settings
04/07/2024 15:46:55	Could not change short date format
04/07/2024 15:46:55	Could not change long date format
04/07/2024 15:46:55	Finish Change Local Settings
04/07/2024 15:46:55	Registry Read: Path=SOFTWARE\WEHA\Aplikasi\3
04/07/2024 15:46:55	Registry Read/Write
04/07/2024 15:46:55	Registry Read: Path=SOFTWARE\WEHA\Aplikasi\3
04/07/2024 15:59:25	Get Local Settings
04/07/2024 15:59:25	Start Change Local Settings
04/07/2024 15:59:25	Could not change short date format
04/07/2024 15:59:25	Could not change long date format
04/07/2024 15:59:25	Finish Change Local Settings
04/07/2024 15:59:25	Registry Read: Path=SOFTWARE\WEHA\Aplikasi\3
04/07/2024 15:59:25	Registry Read/Write
04/07/2024 15:59:25	Registry Read: Path=SOFTWARE\WEHA\Aplikasi\3
04/07/2024 16:02:13	Get Local Settings
04/07/2024 16:02:13	Start Change Local Settings
04/07/2024 16:02:13	Could not change short date format
04/07/2024 16:02:13	Could not change long date format
04/07/2024 16:02:13	Finish Change Local Settings
04/07/2024 16:02:13	Registry Read: Path=SOFTWARE\WEHA\Aplikasi\3
04/07/2024 16:02:13	Registry Read/Write
04/07/2024 16:02:13	Registry Read: Path=SOFTWARE\WEHA\Aplikasi\3
06/07/2024 11:28:54	Get Local Settings
06/07/2024 11:28:54	Start Change Local Settings
06/07/2024 11:28:54	Could not change short date format
06/07/2024 11:28:54	Could not change long date format
06/07/2024 11:28:54	Finish Change Local Settings
06/07/2024 11:28:54	Registry Read: Path=SOFTWARE\WEHA\Aplikasi\3
06/07/2024 11:28:54	Registry Read/Write
06/07/2024 11:28:54	Registry Read: Path=SOFTWARE\WEHA\Aplikasi\3
06/07/2024 13:00:16	Get Local Settings
06/07/2024 13:00:16	Start Change Local Settings
06/07/2024 13:00:16	Could not change short date format
06/07/2024 13:00:16	Could not change long date format
06/07/2024 13:00:16	Finish Change Local Settings
06/07/2024 13:00:16	Registry Read: Path=SOFTWARE\WEHA\Aplikasi\3
06/07/2024 13:00:16	Registry Read/Write
06/07/2024 13:00:16	Registry Read: Path=SOFTWARE\WEHA\Aplikasi\3
08/07/2024 09:58:28	Get Local Settings
08/07/2024 09:58:28	Start Change Local Settings
08/07/2024 09:58:28	Could not change short date format
08/07/2024 09:58:28	Could not change long date format
08/07/2024 09:58:28	Finish Change Local Settings
08/07/2024 09:58:28	Registry Read: Path=SOFTWARE\WEHA\Aplikasi\3
08/07/2024 09:58:28	Registry Read/Write
08/07/2024 09:58:28	Registry Read: Path=SOFTWARE\WEHA\Aplikasi\3
08/07/2024 10:55:05	Get Local Settings
08/07/2024 10:55:05	Start Change Local Settings
08/07/2024 10:55:05	Could not change short date format
08/07/2024 10:55:05	Could not change long date format
08/07/2024 10:55:05	Finish Change Local Settings
08/07/2024 10:55:05	Registry Read: Path=SOFTWARE\WEHA\Aplikasi\3
08/07/2024 10:55:05	Registry Read/Write
08/07/2024 10:55:05	Registry Read: Path=SOFTWARE\WEHA\Aplikasi\3
08/07/2024 10:58:20	Get Local Settings
08/07/2024 10:58:20	Start Change Local Settings
08/07/2024 10:58:20	Could not change short date format
08/07/2024 10:58:20	Could not change long date format
08/07/2024 10:58:20	Finish Change Local Settings
08/07/2024 10:58:20	Registry Read: Path=SOFTWARE\WEHA\Aplikasi\3
08/07/2024 10:58:20	Registry Read/Write
08/07/2024 10:58:21	Registry Read: Path=SOFTWARE\WEHA\Aplikasi\3
08/07/2024 11:28:26	Get Local Settings
08/07/2024 11:28:26	Start Change Local Settings
08/07/2024 11:28:26	Could not change short date format
08/07/2024 11:28:26	Could not change long date format
08/07/2024 11:28:26	Finish Change Local Settings
08/07/2024 11:28:26	Registry Read: Path=SOFTWARE\WEHA\Aplikasi\3
08/07/2024 11:28:26	Registry Read/Write
08/07/2024 11:28:26	Registry Read: Path=SOFTWARE\WEHA\Aplikasi\3
08/07/2024 13:19:49	Get Local Settings
08/07/2024 13:19:49	Start Change Local Settings
08/07/2024 13:19:49	Could not change short date format
08/07/2024 13:19:49	Could not change long date format
08/07/2024 13:19:49	Finish Change Local Settings
08/07/2024 13:19:49	Registry Read: Path=SOFTWARE\WEHA\Aplikasi\3
08/07/2024 13:19:49	Registry Read/Write
08/07/2024 13:19:49	Registry Read: Path=SOFTWARE\WEHA\Aplikasi\3
08/07/2024 13:23:25	Get Local Settings
08/07/2024 13:23:25	Start Change Local Settings
08/07/2024 13:23:25	Could not change short date format
08/07/2024 13:23:25	Could not change long date format
08/07/2024 13:23:25	Finish Change Local Settings
08/07/2024 13:23:25	Registry Read: Path=SOFTWARE\WEHA\Aplikasi\3
08/07/2024 13:23:25	Registry Read/Write
08/07/2024 13:23:25	Registry Read: Path=SOFTWARE\WEHA\Aplikasi\3
08/07/2024 13:54:19	Get Local Settings
08/07/2024 13:54:19	Start Change Local Settings
08/07/2024 13:54:19	Could not change short date format
08/07/2024 13:54:19	Could not change long date format
08/07/2024 13:54:19	Finish Change Local Settings
08/07/2024 13:54:19	Registry Read: Path=SOFTWARE\WEHA\Aplikasi\3
08/07/2024 13:54:19	Registry Read/Write
08/07/2024 13:54:19	Registry Read: Path=SOFTWARE\WEHA\Aplikasi\3
08/07/2024 13:55:22	Get Local Settings
08/07/2024 13:55:22	Start Change Local Settings
08/07/2024 13:55:22	Could not change short date format
08/07/2024 13:55:22	Could not change long date format
08/07/2024 13:55:22	Finish Change Local Settings
08/07/2024 13:55:22	Registry Read: Path=SOFTWARE\WEHA\Aplikasi\3
08/07/2024 13:55:22	Registry Read/Write
08/07/2024 13:55:22	Registry Read: Path=SOFTWARE\WEHA\Aplikasi\3
10/07/2024 10:38:54	Get Local Settings
10/07/2024 10:38:54	Start Change Local Settings
10/07/2024 10:38:54	Could not change short date format
10/07/2024 10:38:54	Could not change long date format
10/07/2024 10:38:54	Finish Change Local Settings
10/07/2024 10:38:54	Registry Read: Path=SOFTWARE\WEHA\Aplikasi\3
10/07/2024 10:38:54	Registry Read/Write
10/07/2024 10:38:54	Registry Read: Path=SOFTWARE\WEHA\Aplikasi\3
10/07/2024 11:14:02	Get Local Settings
10/07/2024 11:14:02	Start Change Local Settings
10/07/2024 11:14:02	Could not change short date format
10/07/2024 11:14:02	Could not change long date format
10/07/2024 11:14:02	Finish Change Local Settings
10/07/2024 11:14:02	Registry Read: Path=SOFTWARE\WEHA\Aplikasi\3
10/07/2024 11:14:02	Registry Read/Write
10/07/2024 11:14:02	Registry Read: Path=SOFTWARE\WEHA\Aplikasi\3
10/07/2024 13:29:43	Get Local Settings
10/07/2024 13:29:43	Start Change Local Settings
10/07/2024 13:29:43	Could not change short date format
10/07/2024 13:29:43	Could not change long date format
10/07/2024 13:29:43	Finish Change Local Settings
10/07/2024 13:29:43	Registry Read: Path=SOFTWARE\WEHA\Aplikasi\3
10/07/2024 13:29:43	Registry Read/Write
10/07/2024 13:29:43	Registry Read: Path=SOFTWARE\WEHA\Aplikasi\3
10/07/2024 14:22:15	Get Local Settings
10/07/2024 14:22:15	Start Change Local Settings
10/07/2024 14:22:15	Could not change short date format
10/07/2024 14:22:15	Could not change long date format
10/07/2024 14:22:15	Finish Change Local Settings
10/07/2024 14:22:15	Registry Read: Path=SOFTWARE\WEHA\Aplikasi\3
10/07/2024 14:22:15	Registry Read/Write
10/07/2024 14:22:15	Registry Read: Path=SOFTWARE\WEHA\Aplikasi\3
17/07/2024 10:19:55	Get Local Settings
17/07/2024 10:19:55	Start Change Local Settings
17/07/2024 10:19:55	Could not change short date format
17/07/2024 10:19:55	Could not change long date format
17/07/2024 10:19:55	Finish Change Local Settings
17/07/2024 10:19:55	Registry Read: Path=SOFTWARE\WEHA\Aplikasi\3
17/07/2024 10:19:55	Registry Read/Write
17/07/2024 10:19:55	Registry Read: Path=SOFTWARE\WEHA\Aplikasi\3
19/07/2024 16:12:15	Get Local Settings
19/07/2024 16:12:15	Start Change Local Settings
19/07/2024 16:12:15	Could not change short date format
19/07/2024 16:12:15	Could not change long date format
19/07/2024 16:12:15	Finish Change Local Settings
19/07/2024 16:12:15	Registry Read: Path=SOFTWARE\WEHA\Aplikasi\3
19/07/2024 16:12:15	Registry Read/Write
19/07/2024 16:12:15	Registry Read: Path=SOFTWARE\WEHA\Aplikasi\3
19/07/2024 16:12:30	Get Local Settings
19/07/2024 16:12:30	Start Change Local Settings
19/07/2024 16:12:30	Could not change short date format
19/07/2024 16:12:30	Could not change long date format
19/07/2024 16:12:30	Finish Change Local Settings
19/07/2024 16:12:30	Registry Read: Path=SOFTWARE\WEHA\Aplikasi\3
19/07/2024 16:12:30	Registry Read/Write
19/07/2024 16:12:30	Registry Read: Path=SOFTWARE\WEHA\Aplikasi\3
02/08/2024 13:51:23	Get Local Settings
02/08/2024 13:51:23	Start Change Local Settings
02/08/2024 13:51:23	Could not change short date format
02/08/2024 13:51:23	Could not change long date format
02/08/2024 13:51:23	Finish Change Local Settings
02/08/2024 13:51:23	Registry Read: Path=SOFTWARE\WEHA\Aplikasi\3
02/08/2024 13:51:23	Registry Read/Write
02/08/2024 13:51:23	Registry Read: Path=SOFTWARE\WEHA\Aplikasi\3
02/08/2024 13:59:48	Get Local Settings
02/08/2024 13:59:48	Start Change Local Settings
02/08/2024 13:59:48	Could not change short date format
02/08/2024 13:59:48	Could not change long date format
02/08/2024 13:59:48	Finish Change Local Settings
02/08/2024 13:59:48	Registry Read: Path=SOFTWARE\WEHA\Aplikasi\3
02/08/2024 13:59:48	Registry Read/Write
02/08/2024 13:59:48	Registry Read: Path=SOFTWARE\WEHA\Aplikasi\3
02/08/2024 14:05:26	Get Local Settings
02/08/2024 14:05:26	Start Change Local Settings
02/08/2024 14:05:26	Could not change short date format
02/08/2024 14:05:26	Could not change long date format
02/08/2024 14:05:26	Finish Change Local Settings
02/08/2024 14:05:26	Registry Read: Path=SOFTWARE\WEHA\Aplikasi\3
02/08/2024 14:05:26	Registry Read/Write
02/08/2024 14:05:26	Registry Read: Path=SOFTWARE\WEHA\Aplikasi\3
02/08/2024 14:26:37	Get Local Settings
02/08/2024 14:26:37	Start Change Local Settings
02/08/2024 14:26:37	Could not change short date format
02/08/2024 14:26:37	Could not change long date format
02/08/2024 14:26:37	Finish Change Local Settings
02/08/2024 14:26:37	Registry Read: Path=SOFTWARE\WEHA\Aplikasi\3
02/08/2024 14:26:37	Registry Read/Write
02/08/2024 14:26:37	Registry Read: Path=SOFTWARE\WEHA\Aplikasi\3
02/08/2024 14:29:08	Get Local Settings
02/08/2024 14:29:08	Start Change Local Settings
02/08/2024 14:29:08	Could not change short date format
02/08/2024 14:29:08	Could not change long date format
02/08/2024 14:29:08	Finish Change Local Settings
02/08/2024 14:29:08	Registry Read: Path=SOFTWARE\WEHA\Aplikasi\3
02/08/2024 14:29:08	Registry Read/Write
02/08/2024 14:29:08	Registry Read: Path=SOFTWARE\WEHA\Aplikasi\3
02/08/2024 14:40:01	Get Local Settings
02/08/2024 14:40:01	Start Change Local Settings
02/08/2024 14:40:01	Could not change short date format
02/08/2024 14:40:01	Could not change long date format
02/08/2024 14:40:01	Finish Change Local Settings
02/08/2024 14:40:01	Registry Read: Path=SOFTWARE\WEHA\Aplikasi\3
02/08/2024 14:40:01	Registry Read/Write
02/08/2024 14:40:01	Registry Read: Path=SOFTWARE\WEHA\Aplikasi\3
02/08/2024 16:09:12	Get Local Settings
02/08/2024 16:09:12	Start Change Local Settings
02/08/2024 16:09:12	Could not change short date format
02/08/2024 16:09:12	Could not change long date format
02/08/2024 16:09:12	Finish Change Local Settings
02/08/2024 16:09:12	Registry Read: Path=SOFTWARE\WEHA\Aplikasi\3
02/08/2024 16:09:12	Registry Read/Write
02/08/2024 16:09:12	Registry Read: Path=SOFTWARE\WEHA\Aplikasi\3
02/08/2024 16:40:11	Get Local Settings
02/08/2024 16:40:11	Start Change Local Settings
02/08/2024 16:40:11	Could not change short date format
02/08/2024 16:40:11	Could not change long date format
02/08/2024 16:40:11	Finish Change Local Settings
02/08/2024 16:40:11	Registry Read: Path=SOFTWARE\WEHA\Aplikasi\3
02/08/2024 16:40:11	Registry Read/Write
02/08/2024 16:40:11	Registry Read: Path=SOFTWARE\WEHA\Aplikasi\3
05/08/2024 10:51:51	Get Local Settings
05/08/2024 10:51:51	Start Change Local Settings
05/08/2024 10:51:51	Could not change short date format
05/08/2024 10:51:51	Could not change long date format
05/08/2024 10:51:51	Finish Change Local Settings
05/08/2024 10:51:51	Registry Read: Path=SOFTWARE\WEHA\Aplikasi\3
05/08/2024 10:51:51	Registry Read/Write
05/08/2024 10:51:51	Registry Read: Path=SOFTWARE\WEHA\Aplikasi\3
06/08/2024 09:03:09	Get Local Settings
06/08/2024 09:03:09	Start Change Local Settings
06/08/2024 09:03:09	Could not change short date format
06/08/2024 09:03:09	Could not change long date format
06/08/2024 09:03:09	Finish Change Local Settings
06/08/2024 09:03:09	Registry Read: Path=SOFTWARE\WEHA\Aplikasi\3
06/08/2024 09:03:09	Registry Read/Write
06/08/2024 09:03:09	Registry Read: Path=SOFTWARE\WEHA\Aplikasi\3
06/08/2024 09:04:14	Get Local Settings
06/08/2024 09:04:14	Start Change Local Settings
06/08/2024 09:04:14	Could not change short date format
06/08/2024 09:04:14	Could not change long date format
06/08/2024 09:04:14	Finish Change Local Settings
06/08/2024 09:04:14	Registry Read: Path=SOFTWARE\WEHA\Aplikasi\3
06/08/2024 09:04:14	Registry Read/Write
06/08/2024 09:04:14	Registry Read: Path=SOFTWARE\WEHA\Aplikasi\3
06/08/2024 14:00:22	Get Local Settings
06/08/2024 14:00:22	Start Change Local Settings
06/08/2024 14:00:22	Could not change short date format
06/08/2024 14:00:22	Could not change long date format
06/08/2024 14:00:22	Finish Change Local Settings
06/08/2024 14:00:22	Registry Read: Path=SOFTWARE\WEHA\Aplikasi\3
06/08/2024 14:00:22	Registry Read/Write
06/08/2024 14:00:22	Registry Read: Path=SOFTWARE\WEHA\Aplikasi\3
06/08/2024 15:21:25	Get Local Settings
06/08/2024 15:21:25	Start Change Local Settings
06/08/2024 15:21:25	Could not change short date format
06/08/2024 15:21:25	Could not change long date format
06/08/2024 15:21:25	Finish Change Local Settings
06/08/2024 15:21:25	Registry Read: Path=SOFTWARE\WEHA\Aplikasi\3
06/08/2024 15:21:25	Registry Read/Write
06/08/2024 15:21:25	Registry Read: Path=SOFTWARE\WEHA\Aplikasi\3
07/08/2024 09:41:02	Get Local Settings
07/08/2024 09:41:02	Start Change Local Settings
07/08/2024 09:41:02	Could not change short date format
07/08/2024 09:41:02	Could not change long date format
07/08/2024 09:41:02	Finish Change Local Settings
07/08/2024 09:41:02	Registry Read: Path=SOFTWARE\WEHA\Aplikasi\3
07/08/2024 09:41:02	Registry Read/Write
07/08/2024 09:41:02	Registry Read: Path=SOFTWARE\WEHA\Aplikasi\3
07/08/2024 11:06:42	Get Local Settings
07/08/2024 11:06:42	Start Change Local Settings
07/08/2024 11:06:42	Could not change short date format
07/08/2024 11:06:42	Could not change long date format
07/08/2024 11:06:42	Finish Change Local Settings
07/08/2024 11:06:42	Registry Read: Path=SOFTWARE\WEHA\Aplikasi\3
07/08/2024 11:06:42	Registry Read/Write
07/08/2024 11:06:42	Registry Read: Path=SOFTWARE\WEHA\Aplikasi\3
07/08/2024 11:17:05	Get Local Settings
07/08/2024 11:17:05	Start Change Local Settings
07/08/2024 11:17:05	Could not change short date format
07/08/2024 11:17:05	Could not change long date format
07/08/2024 11:17:05	Finish Change Local Settings
07/08/2024 11:17:05	Registry Read: Path=SOFTWARE\WEHA\Aplikasi\3
07/08/2024 11:17:05	Registry Read/Write
07/08/2024 11:17:05	Registry Read: Path=SOFTWARE\WEHA\Aplikasi\3
07/08/2024 11:17:13	Get Local Settings
07/08/2024 11:17:13	Start Change Local Settings
07/08/2024 11:17:13	Could not change short date format
07/08/2024 11:17:13	Could not change long date format
07/08/2024 11:17:13	Finish Change Local Settings
07/08/2024 11:17:13	Registry Read: Path=SOFTWARE\WEHA\Aplikasi\3
07/08/2024 11:17:13	Registry Read/Write
07/08/2024 11:17:13	Registry Read: Path=SOFTWARE\WEHA\Aplikasi\3
07/08/2024 11:19:11	Get Local Settings
07/08/2024 11:19:11	Start Change Local Settings
07/08/2024 11:19:11	Could not change short date format
07/08/2024 11:19:11	Could not change long date format
07/08/2024 11:19:11	Finish Change Local Settings
07/08/2024 11:19:11	Registry Read: Path=SOFTWARE\WEHA\Aplikasi\3
07/08/2024 11:19:11	Registry Read/Write
07/08/2024 11:19:11	Registry Read: Path=SOFTWARE\WEHA\Aplikasi\3
07/08/2024 11:36:46	Get Local Settings
07/08/2024 11:36:46	Start Change Local Settings
07/08/2024 11:36:46	Could not change short date format
07/08/2024 11:36:46	Could not change long date format
07/08/2024 11:36:46	Finish Change Local Settings
07/08/2024 11:36:46	Registry Read: Path=SOFTWARE\WEHA\Aplikasi\3
07/08/2024 11:36:46	Registry Read/Write
07/08/2024 11:36:46	Registry Read: Path=SOFTWARE\WEHA\Aplikasi\3
07/08/2024 11:45:44	Get Local Settings
07/08/2024 11:45:44	Start Change Local Settings
07/08/2024 11:45:44	Could not change short date format
07/08/2024 11:45:44	Could not change long date format
07/08/2024 11:45:44	Finish Change Local Settings
07/08/2024 11:45:44	Registry Read: Path=SOFTWARE\WEHA\Aplikasi\3
07/08/2024 11:45:44	Registry Read/Write
07/08/2024 11:45:44	Registry Read: Path=SOFTWARE\WEHA\Aplikasi\3
07/08/2024 13:45:57	Get Local Settings
07/08/2024 13:45:57	Start Change Local Settings
07/08/2024 13:45:57	Could not change short date format
07/08/2024 13:45:57	Could not change long date format
07/08/2024 13:45:57	Finish Change Local Settings
07/08/2024 13:45:57	Registry Read: Path=SOFTWARE\WEHA\Aplikasi\3
07/08/2024 13:45:57	Registry Read/Write
07/08/2024 13:45:57	Registry Read: Path=SOFTWARE\WEHA\Aplikasi\3
07/08/2024 15:48:14	Get Local Settings
07/08/2024 15:48:14	Start Change Local Settings
07/08/2024 15:48:14	Could not change short date format
07/08/2024 15:48:14	Could not change long date format
07/08/2024 15:48:14	Finish Change Local Settings
07/08/2024 15:48:14	Registry Read: Path=SOFTWARE\WEHA\Aplikasi\3
07/08/2024 15:48:14	Registry Read/Write
07/08/2024 15:48:14	Registry Read: Path=SOFTWARE\WEHA\Aplikasi\3
07/08/2024 17:14:31	Get Local Settings
07/08/2024 17:14:31	Start Change Local Settings
07/08/2024 17:14:31	Could not change short date format
07/08/2024 17:14:31	Could not change long date format
07/08/2024 17:14:31	Finish Change Local Settings
07/08/2024 17:14:31	Registry Read: Path=SOFTWARE\WEHA\Aplikasi\3
07/08/2024 17:14:31	Registry Read/Write
07/08/2024 17:14:31	Registry Read: Path=SOFTWARE\WEHA\Aplikasi\3
07/08/2024 17:16:51	Get Local Settings
07/08/2024 17:16:51	Start Change Local Settings
07/08/2024 17:16:51	Could not change short date format
07/08/2024 17:16:51	Could not change long date format
07/08/2024 17:16:51	Finish Change Local Settings
07/08/2024 17:16:51	Registry Read: Path=SOFTWARE\WEHA\Aplikasi\3
07/08/2024 17:16:51	Registry Read/Write
07/08/2024 17:16:51	Registry Read: Path=SOFTWARE\WEHA\Aplikasi\3
07/08/2024 17:18:32	Get Local Settings
07/08/2024 17:18:32	Start Change Local Settings
07/08/2024 17:18:32	Could not change short date format
07/08/2024 17:18:32	Could not change long date format
07/08/2024 17:18:32	Finish Change Local Settings
07/08/2024 17:18:32	Registry Read: Path=SOFTWARE\WEHA\Aplikasi\3
07/08/2024 17:18:32	Registry Read/Write
07/08/2024 17:18:32	Registry Read: Path=SOFTWARE\WEHA\Aplikasi\3
07/08/2024 17:19:31	Get Local Settings
07/08/2024 17:19:31	Start Change Local Settings
07/08/2024 17:19:31	Could not change short date format
07/08/2024 17:19:31	Could not change long date format
07/08/2024 17:19:31	Finish Change Local Settings
07/08/2024 17:19:31	Registry Read: Path=SOFTWARE\WEHA\Aplikasi\3
07/08/2024 17:19:31	Registry Read/Write
07/08/2024 17:19:31	Registry Read: Path=SOFTWARE\WEHA\Aplikasi\3
07/08/2024 17:21:09	Get Local Settings
07/08/2024 17:21:09	Start Change Local Settings
07/08/2024 17:21:09	Could not change short date format
07/08/2024 17:21:09	Could not change long date format
07/08/2024 17:21:09	Finish Change Local Settings
07/08/2024 17:21:09	Registry Read: Path=SOFTWARE\WEHA\Aplikasi\3
07/08/2024 17:21:09	Registry Read/Write
07/08/2024 17:21:09	Registry Read: Path=SOFTWARE\WEHA\Aplikasi\3
07/08/2024 17:22:18	Get Local Settings
07/08/2024 17:22:18	Start Change Local Settings
07/08/2024 17:22:18	Could not change short date format
07/08/2024 17:22:18	Could not change long date format
07/08/2024 17:22:18	Finish Change Local Settings
07/08/2024 17:22:18	Registry Read: Path=SOFTWARE\WEHA\Aplikasi\3
07/08/2024 17:22:18	Registry Read/Write
07/08/2024 17:22:18	Registry Read: Path=SOFTWARE\WEHA\Aplikasi\3
07/08/2024 17:29:18	Get Local Settings
07/08/2024 17:29:18	Start Change Local Settings
07/08/2024 17:29:18	Could not change short date format
07/08/2024 17:29:18	Could not change long date format
07/08/2024 17:29:18	Finish Change Local Settings
07/08/2024 17:29:18	Registry Read: Path=SOFTWARE\WEHA\Aplikasi\3
07/08/2024 17:29:18	Registry Read/Write
07/08/2024 17:29:18	Registry Read: Path=SOFTWARE\WEHA\Aplikasi\3
08/08/2024 09:06:58	Get Local Settings
08/08/2024 09:06:58	Start Change Local Settings
08/08/2024 09:06:58	Could not change short date format
08/08/2024 09:06:58	Could not change long date format
08/08/2024 09:06:58	Finish Change Local Settings
08/08/2024 09:06:58	Registry Read: Path=SOFTWARE\WEHA\Aplikasi\3
08/08/2024 09:06:58	Registry Read/Write
08/08/2024 09:06:58	Registry Read: Path=SOFTWARE\WEHA\Aplikasi\3
08/08/2024 11:53:15	Get Local Settings
08/08/2024 11:53:15	Start Change Local Settings
08/08/2024 11:53:15	Could not change short date format
08/08/2024 11:53:15	Could not change long date format
08/08/2024 11:53:15	Finish Change Local Settings
08/08/2024 11:53:15	Registry Read: Path=SOFTWARE\WEHA\Aplikasi\3
08/08/2024 11:53:15	Registry Read/Write
08/08/2024 11:53:15	Registry Read: Path=SOFTWARE\WEHA\Aplikasi\3
08/08/2024 15:28:56	Get Local Settings
08/08/2024 15:28:56	Start Change Local Settings
08/08/2024 15:28:56	Could not change short date format
08/08/2024 15:28:56	Could not change long date format
08/08/2024 15:28:56	Finish Change Local Settings
08/08/2024 15:28:56	Registry Read: Path=SOFTWARE\WEHA\Aplikasi\3
08/08/2024 15:28:56	Registry Read/Write
08/08/2024 15:28:56	Registry Read: Path=SOFTWARE\WEHA\Aplikasi\3
08/08/2024 15:30:02	Get Local Settings
08/08/2024 15:30:02	Start Change Local Settings
08/08/2024 15:30:02	Could not change short date format
08/08/2024 15:30:02	Could not change long date format
08/08/2024 15:30:02	Finish Change Local Settings
08/08/2024 15:30:02	Registry Read: Path=SOFTWARE\WEHA\Aplikasi\3
08/08/2024 15:30:02	Registry Read/Write
08/08/2024 15:30:02	Registry Read: Path=SOFTWARE\WEHA\Aplikasi\3
08/08/2024 15:35:43	Get Local Settings
08/08/2024 15:35:43	Start Change Local Settings
08/08/2024 15:35:43	Could not change short date format
08/08/2024 15:35:43	Could not change long date format
08/08/2024 15:35:43	Finish Change Local Settings
08/08/2024 15:35:43	Registry Read: Path=SOFTWARE\WEHA\Aplikasi\3
08/08/2024 15:35:43	Registry Read/Write
08/08/2024 15:35:43	Registry Read: Path=SOFTWARE\WEHA\Aplikasi\3
08/08/2024 15:56:30	Get Local Settings
08/08/2024 15:56:30	Start Change Local Settings
08/08/2024 15:56:30	Could not change short date format
08/08/2024 15:56:30	Could not change long date format
08/08/2024 15:56:30	Finish Change Local Settings
08/08/2024 15:56:30	Registry Read: Path=SOFTWARE\WEHA\Aplikasi\3
08/08/2024 15:56:30	Registry Read/Write
08/08/2024 15:56:30	Registry Read: Path=SOFTWARE\WEHA\Aplikasi\3
08/08/2024 15:57:46	Get Local Settings
08/08/2024 15:57:46	Start Change Local Settings
08/08/2024 15:57:46	Could not change short date format
08/08/2024 15:57:46	Could not change long date format
08/08/2024 15:57:46	Finish Change Local Settings
08/08/2024 15:57:46	Registry Read: Path=SOFTWARE\WEHA\Aplikasi\3
08/08/2024 15:57:46	Registry Read/Write
08/08/2024 15:57:46	Registry Read: Path=SOFTWARE\WEHA\Aplikasi\3
08/08/2024 15:59:17	Get Local Settings
08/08/2024 15:59:17	Start Change Local Settings
08/08/2024 15:59:17	Could not change short date format
08/08/2024 15:59:17	Could not change long date format
08/08/2024 15:59:17	Finish Change Local Settings
08/08/2024 15:59:17	Registry Read: Path=SOFTWARE\WEHA\Aplikasi\3
08/08/2024 15:59:17	Registry Read/Write
08/08/2024 15:59:17	Registry Read: Path=SOFTWARE\WEHA\Aplikasi\3
08/08/2024 16:00:27	Get Local Settings
08/08/2024 16:00:27	Start Change Local Settings
08/08/2024 16:00:27	Could not change short date format
08/08/2024 16:00:27	Could not change long date format
08/08/2024 16:00:27	Finish Change Local Settings
08/08/2024 16:00:27	Registry Read: Path=SOFTWARE\WEHA\Aplikasi\3
08/08/2024 16:00:27	Registry Read/Write
08/08/2024 16:00:27	Registry Read: Path=SOFTWARE\WEHA\Aplikasi\3
08/08/2024 16:44:45	Get Local Settings
08/08/2024 16:44:45	Start Change Local Settings
08/08/2024 16:44:45	Could not change short date format
08/08/2024 16:44:45	Could not change long date format
08/08/2024 16:44:45	Finish Change Local Settings
08/08/2024 16:44:45	Registry Read: Path=SOFTWARE\WEHA\Aplikasi\3
08/08/2024 16:44:45	Registry Read/Write
08/08/2024 16:44:45	Registry Read: Path=SOFTWARE\WEHA\Aplikasi\3
08/08/2024 16:50:47	Get Local Settings
08/08/2024 16:50:47	Start Change Local Settings
08/08/2024 16:50:47	Could not change short date format
08/08/2024 16:50:47	Could not change long date format
08/08/2024 16:50:47	Finish Change Local Settings
08/08/2024 16:50:47	Registry Read: Path=SOFTWARE\WEHA\Aplikasi\3
08/08/2024 16:50:47	Registry Read/Write
08/08/2024 16:50:47	Registry Read: Path=SOFTWARE\WEHA\Aplikasi\3
08/08/2024 16:59:20	Get Local Settings
08/08/2024 16:59:20	Start Change Local Settings
08/08/2024 16:59:20	Could not change short date format
08/08/2024 16:59:20	Could not change long date format
08/08/2024 16:59:20	Finish Change Local Settings
08/08/2024 16:59:20	Registry Read: Path=SOFTWARE\WEHA\Aplikasi\3
08/08/2024 16:59:20	Registry Read/Write
08/08/2024 16:59:20	Registry Read: Path=SOFTWARE\WEHA\Aplikasi\3
08/08/2024 17:06:52	Get Local Settings
08/08/2024 17:06:52	Start Change Local Settings
08/08/2024 17:06:52	Could not change short date format
08/08/2024 17:06:52	Could not change long date format
08/08/2024 17:06:52	Finish Change Local Settings
08/08/2024 17:06:52	Registry Read: Path=SOFTWARE\WEHA\Aplikasi\3
08/08/2024 17:06:52	Registry Read/Write
08/08/2024 17:06:52	Registry Read: Path=SOFTWARE\WEHA\Aplikasi\3
08/08/2024 17:08:50	Get Local Settings
08/08/2024 17:08:50	Start Change Local Settings
08/08/2024 17:08:50	Could not change short date format
08/08/2024 17:08:50	Could not change long date format
08/08/2024 17:08:50	Finish Change Local Settings
08/08/2024 17:08:50	Registry Read: Path=SOFTWARE\WEHA\Aplikasi\3
08/08/2024 17:08:50	Registry Read/Write
08/08/2024 17:08:50	Registry Read: Path=SOFTWARE\WEHA\Aplikasi\3
08/08/2024 17:10:40	Get Local Settings
08/08/2024 17:10:40	Start Change Local Settings
08/08/2024 17:10:40	Could not change short date format
08/08/2024 17:10:40	Could not change long date format
08/08/2024 17:10:40	Finish Change Local Settings
08/08/2024 17:10:40	Registry Read: Path=SOFTWARE\WEHA\Aplikasi\3
08/08/2024 17:10:40	Registry Read/Write
08/08/2024 17:10:40	Registry Read: Path=SOFTWARE\WEHA\Aplikasi\3
09/08/2024 09:07:14	Get Local Settings
09/08/2024 09:07:14	Start Change Local Settings
09/08/2024 09:07:14	Could not change short date format
09/08/2024 09:07:14	Could not change long date format
09/08/2024 09:07:14	Finish Change Local Settings
09/08/2024 09:07:14	Registry Read: Path=SOFTWARE\WEHA\Aplikasi\3
09/08/2024 09:07:14	Registry Read/Write
09/08/2024 09:07:14	Registry Read: Path=SOFTWARE\WEHA\Aplikasi\3
09/08/2024 09:33:15	Get Local Settings
09/08/2024 09:33:15	Start Change Local Settings
09/08/2024 09:33:15	Could not change short date format
09/08/2024 09:33:15	Could not change long date format
09/08/2024 09:33:15	Finish Change Local Settings
09/08/2024 09:33:15	Registry Read: Path=SOFTWARE\WEHA\Aplikasi\3
09/08/2024 09:33:15	Registry Read/Write
09/08/2024 09:33:15	Registry Read: Path=SOFTWARE\WEHA\Aplikasi\3
09/08/2024 09:36:20	Get Local Settings
09/08/2024 09:36:20	Start Change Local Settings
09/08/2024 09:36:20	Could not change short date format
09/08/2024 09:36:20	Could not change long date format
09/08/2024 09:36:20	Finish Change Local Settings
09/08/2024 09:36:20	Registry Read: Path=SOFTWARE\WEHA\Aplikasi\3
09/08/2024 09:36:20	Registry Read/Write
09/08/2024 09:36:20	Registry Read: Path=SOFTWARE\WEHA\Aplikasi\3
09/08/2024 09:39:52	Get Local Settings
09/08/2024 09:39:52	Start Change Local Settings
09/08/2024 09:39:52	Could not change short date format
09/08/2024 09:39:52	Could not change long date format
09/08/2024 09:39:52	Finish Change Local Settings
09/08/2024 09:39:52	Registry Read: Path=SOFTWARE\WEHA\Aplikasi\3
09/08/2024 09:39:52	Registry Read/Write
09/08/2024 09:39:52	Registry Read: Path=SOFTWARE\WEHA\Aplikasi\3
09/08/2024 09:49:00	Get Local Settings
09/08/2024 09:49:00	Start Change Local Settings
09/08/2024 09:49:00	Could not change short date format
09/08/2024 09:49:00	Could not change long date format
09/08/2024 09:49:00	Finish Change Local Settings
09/08/2024 09:49:00	Registry Read: Path=SOFTWARE\WEHA\Aplikasi\3
09/08/2024 09:49:00	Registry Read/Write
09/08/2024 09:49:00	Registry Read: Path=SOFTWARE\WEHA\Aplikasi\3
09/08/2024 09:55:03	Get Local Settings
09/08/2024 09:55:03	Start Change Local Settings
09/08/2024 09:55:03	Could not change short date format
09/08/2024 09:55:03	Could not change long date format
09/08/2024 09:55:03	Finish Change Local Settings
09/08/2024 09:55:03	Registry Read: Path=SOFTWARE\WEHA\Aplikasi\3
09/08/2024 09:55:03	Registry Read/Write
09/08/2024 09:55:03	Registry Read: Path=SOFTWARE\WEHA\Aplikasi\3
09/08/2024 10:17:46	Get Local Settings
09/08/2024 10:17:46	Start Change Local Settings
09/08/2024 10:17:46	Could not change short date format
09/08/2024 10:17:46	Could not change long date format
09/08/2024 10:17:46	Finish Change Local Settings
09/08/2024 10:17:46	Registry Read: Path=SOFTWARE\WEHA\Aplikasi\3
09/08/2024 10:17:46	Registry Read/Write
09/08/2024 10:17:46	Registry Read: Path=SOFTWARE\WEHA\Aplikasi\3
09/08/2024 10:20:29	Get Local Settings
09/08/2024 10:20:29	Start Change Local Settings
09/08/2024 10:20:29	Could not change short date format
09/08/2024 10:20:29	Could not change long date format
09/08/2024 10:20:29	Finish Change Local Settings
09/08/2024 10:20:29	Registry Read: Path=SOFTWARE\WEHA\Aplikasi\3
09/08/2024 10:20:29	Registry Read/Write
09/08/2024 10:20:29	Registry Read: Path=SOFTWARE\WEHA\Aplikasi\3
09/08/2024 10:23:46	Get Local Settings
09/08/2024 10:23:46	Start Change Local Settings
09/08/2024 10:23:46	Could not change short date format
09/08/2024 10:23:46	Could not change long date format
09/08/2024 10:23:46	Finish Change Local Settings
09/08/2024 10:23:46	Registry Read: Path=SOFTWARE\WEHA\Aplikasi\3
09/08/2024 10:23:46	Registry Read/Write
09/08/2024 10:23:46	Registry Read: Path=SOFTWARE\WEHA\Aplikasi\3
09/08/2024 10:30:39	Get Local Settings
09/08/2024 10:30:39	Start Change Local Settings
09/08/2024 10:30:39	Could not change short date format
09/08/2024 10:30:39	Could not change long date format
09/08/2024 10:30:39	Finish Change Local Settings
09/08/2024 10:30:39	Registry Read: Path=SOFTWARE\WEHA\Aplikasi\3
09/08/2024 10:30:39	Registry Read/Write
09/08/2024 10:30:39	Registry Read: Path=SOFTWARE\WEHA\Aplikasi\3
09/08/2024 10:36:47	Get Local Settings
09/08/2024 10:36:47	Start Change Local Settings
09/08/2024 10:36:47	Could not change short date format
09/08/2024 10:36:47	Could not change long date format
09/08/2024 10:36:47	Finish Change Local Settings
09/08/2024 10:36:47	Registry Read: Path=SOFTWARE\WEHA\Aplikasi\3
09/08/2024 10:36:47	Registry Read/Write
09/08/2024 10:36:47	Registry Read: Path=SOFTWARE\WEHA\Aplikasi\3
09/08/2024 10:54:45	Get Local Settings
09/08/2024 10:54:45	Start Change Local Settings
09/08/2024 10:54:45	Could not change short date format
09/08/2024 10:54:45	Could not change long date format
09/08/2024 10:54:45	Finish Change Local Settings
09/08/2024 10:54:45	Registry Read: Path=SOFTWARE\WEHA\Aplikasi\3
09/08/2024 10:54:45	Registry Read/Write
09/08/2024 10:54:45	Registry Read: Path=SOFTWARE\WEHA\Aplikasi\3
09/08/2024 13:14:45	Get Local Settings
09/08/2024 13:14:45	Start Change Local Settings
09/08/2024 13:14:45	Could not change short date format
09/08/2024 13:14:45	Could not change long date format
09/08/2024 13:14:45	Finish Change Local Settings
09/08/2024 13:14:45	Registry Read: Path=SOFTWARE\WEHA\Aplikasi\3
09/08/2024 13:14:45	Registry Read/Write
09/08/2024 13:14:45	Registry Read: Path=SOFTWARE\WEHA\Aplikasi\3
09/08/2024 13:42:26	Get Local Settings
09/08/2024 13:42:26	Start Change Local Settings
09/08/2024 13:42:26	Could not change short date format
09/08/2024 13:42:26	Could not change long date format
09/08/2024 13:42:26	Finish Change Local Settings
09/08/2024 13:42:26	Registry Read: Path=SOFTWARE\WEHA\Aplikasi\3
09/08/2024 13:42:26	Registry Read/Write
09/08/2024 13:42:26	Registry Read: Path=SOFTWARE\WEHA\Aplikasi\3
09/08/2024 14:30:28	Get Local Settings
09/08/2024 14:30:28	Start Change Local Settings
09/08/2024 14:30:28	Could not change short date format
09/08/2024 14:30:28	Could not change long date format
09/08/2024 14:30:28	Finish Change Local Settings
09/08/2024 14:30:28	Registry Read: Path=SOFTWARE\WEHA\Aplikasi\3
09/08/2024 14:30:28	Registry Read/Write
09/08/2024 14:30:28	Registry Read: Path=SOFTWARE\WEHA\Aplikasi\3
09/08/2024 14:41:19	Get Local Settings
09/08/2024 14:41:19	Start Change Local Settings
09/08/2024 14:41:19	Could not change short date format
09/08/2024 14:41:19	Could not change long date format
09/08/2024 14:41:19	Finish Change Local Settings
09/08/2024 14:41:19	Registry Read: Path=SOFTWARE\WEHA\Aplikasi\3
09/08/2024 14:41:19	Registry Read/Write
09/08/2024 14:41:19	Registry Read: Path=SOFTWARE\WEHA\Aplikasi\3
09/08/2024 15:09:10	Get Local Settings
09/08/2024 15:09:10	Start Change Local Settings
09/08/2024 15:09:10	Could not change short date format
09/08/2024 15:09:10	Could not change long date format
09/08/2024 15:09:10	Finish Change Local Settings
09/08/2024 15:09:10	Registry Read: Path=SOFTWARE\WEHA\Aplikasi\3
09/08/2024 15:09:10	Registry Read/Write
09/08/2024 15:09:10	Registry Read: Path=SOFTWARE\WEHA\Aplikasi\3
09/08/2024 15:15:04	Get Local Settings
09/08/2024 15:15:04	Start Change Local Settings
09/08/2024 15:15:04	Could not change short date format
09/08/2024 15:15:04	Could not change long date format
09/08/2024 15:15:04	Finish Change Local Settings
09/08/2024 15:15:04	Registry Read: Path=SOFTWARE\WEHA\Aplikasi\3
09/08/2024 15:15:04	Registry Read/Write
09/08/2024 15:15:04	Registry Read: Path=SOFTWARE\WEHA\Aplikasi\3
09/08/2024 15:21:36	Get Local Settings
09/08/2024 15:21:36	Start Change Local Settings
09/08/2024 15:21:36	Could not change short date format
09/08/2024 15:21:36	Could not change long date format
09/08/2024 15:21:36	Finish Change Local Settings
09/08/2024 15:21:36	Registry Read: Path=SOFTWARE\WEHA\Aplikasi\3
09/08/2024 15:21:36	Registry Read/Write
09/08/2024 15:21:36	Registry Read: Path=SOFTWARE\WEHA\Aplikasi\3
09/08/2024 15:22:54	Get Local Settings
09/08/2024 15:22:54	Start Change Local Settings
09/08/2024 15:22:54	Could not change short date format
09/08/2024 15:22:54	Could not change long date format
09/08/2024 15:22:54	Finish Change Local Settings
09/08/2024 15:22:54	Registry Read: Path=SOFTWARE\WEHA\Aplikasi\3
09/08/2024 15:22:54	Registry Read/Write
09/08/2024 15:22:54	Registry Read: Path=SOFTWARE\WEHA\Aplikasi\3
09/08/2024 15:26:17	Get Local Settings
09/08/2024 15:26:17	Start Change Local Settings
09/08/2024 15:26:17	Could not change short date format
09/08/2024 15:26:17	Could not change long date format
09/08/2024 15:26:17	Finish Change Local Settings
09/08/2024 15:26:17	Registry Read: Path=SOFTWARE\WEHA\Aplikasi\3
09/08/2024 15:26:17	Registry Read/Write
09/08/2024 15:26:17	Registry Read: Path=SOFTWARE\WEHA\Aplikasi\3
09/08/2024 15:27:48	Get Local Settings
09/08/2024 15:27:48	Start Change Local Settings
09/08/2024 15:27:48	Could not change short date format
09/08/2024 15:27:48	Could not change long date format
09/08/2024 15:27:48	Finish Change Local Settings
09/08/2024 15:27:48	Registry Read: Path=SOFTWARE\WEHA\Aplikasi\3
09/08/2024 15:27:48	Registry Read/Write
09/08/2024 15:27:48	Registry Read: Path=SOFTWARE\WEHA\Aplikasi\3
12/08/2024 08:59:38	Get Local Settings
12/08/2024 08:59:38	Start Change Local Settings
12/08/2024 08:59:38	Could not change short date format
12/08/2024 08:59:38	Could not change long date format
12/08/2024 08:59:38	Finish Change Local Settings
12/08/2024 08:59:38	Registry Read: Path=SOFTWARE\WEHA\Aplikasi\3
12/08/2024 08:59:38	Registry Read/Write
12/08/2024 08:59:38	Registry Read: Path=SOFTWARE\WEHA\Aplikasi\3
12/08/2024 09:01:43	Get Local Settings
12/08/2024 09:01:43	Start Change Local Settings
12/08/2024 09:01:43	Could not change short date format
12/08/2024 09:01:43	Could not change long date format
12/08/2024 09:01:43	Finish Change Local Settings
12/08/2024 09:01:43	Registry Read: Path=SOFTWARE\WEHA\Aplikasi\3
12/08/2024 09:01:43	Registry Read/Write
12/08/2024 09:01:43	Registry Read: Path=SOFTWARE\WEHA\Aplikasi\3
12/08/2024 09:04:34	Get Local Settings
12/08/2024 09:04:34	Start Change Local Settings
12/08/2024 09:04:34	Could not change short date format
12/08/2024 09:04:34	Could not change long date format
12/08/2024 09:04:34	Finish Change Local Settings
12/08/2024 09:04:34	Registry Read: Path=SOFTWARE\WEHA\Aplikasi\3
12/08/2024 09:04:34	Registry Read/Write
12/08/2024 09:04:34	Registry Read: Path=SOFTWARE\WEHA\Aplikasi\3
12/08/2024 09:06:04	Get Local Settings
12/08/2024 09:06:04	Start Change Local Settings
12/08/2024 09:06:04	Could not change short date format
12/08/2024 09:06:04	Could not change long date format
12/08/2024 09:06:04	Finish Change Local Settings
12/08/2024 09:06:04	Registry Read: Path=SOFTWARE\WEHA\Aplikasi\3
12/08/2024 09:06:04	Registry Read/Write
12/08/2024 09:06:04	Registry Read: Path=SOFTWARE\WEHA\Aplikasi\3
12/08/2024 09:06:40	Get Local Settings
12/08/2024 09:06:40	Start Change Local Settings
12/08/2024 09:06:40	Could not change short date format
12/08/2024 09:06:40	Could not change long date format
12/08/2024 09:06:40	Finish Change Local Settings
12/08/2024 09:06:40	Registry Read: Path=SOFTWARE\WEHA\Aplikasi\3
12/08/2024 09:06:40	Registry Read/Write
12/08/2024 09:06:40	Registry Read: Path=SOFTWARE\WEHA\Aplikasi\3
12/08/2024 09:09:08	Get Local Settings
12/08/2024 09:09:08	Start Change Local Settings
12/08/2024 09:09:08	Could not change short date format
12/08/2024 09:09:08	Could not change long date format
12/08/2024 09:09:08	Finish Change Local Settings
12/08/2024 09:09:08	Registry Read: Path=SOFTWARE\WEHA\Aplikasi\3
12/08/2024 09:09:08	Registry Read/Write
12/08/2024 09:09:08	Registry Read: Path=SOFTWARE\WEHA\Aplikasi\3
12/08/2024 09:13:09	Get Local Settings
12/08/2024 09:13:09	Start Change Local Settings
12/08/2024 09:13:09	Could not change short date format
12/08/2024 09:13:09	Could not change long date format
12/08/2024 09:13:09	Finish Change Local Settings
12/08/2024 09:13:09	Registry Read: Path=SOFTWARE\WEHA\Aplikasi\3
12/08/2024 09:13:09	Registry Read/Write
12/08/2024 09:13:09	Registry Read: Path=SOFTWARE\WEHA\Aplikasi\3
12/08/2024 09:16:28	Get Local Settings
12/08/2024 09:16:28	Start Change Local Settings
12/08/2024 09:16:28	Could not change short date format
12/08/2024 09:16:28	Could not change long date format
12/08/2024 09:16:28	Finish Change Local Settings
12/08/2024 09:16:28	Registry Read: Path=SOFTWARE\WEHA\Aplikasi\3
12/08/2024 09:16:28	Registry Read/Write
12/08/2024 09:16:28	Registry Read: Path=SOFTWARE\WEHA\Aplikasi\3
12/08/2024 09:18:50	Get Local Settings
12/08/2024 09:18:50	Start Change Local Settings
12/08/2024 09:18:50	Could not change short date format
12/08/2024 09:18:50	Could not change long date format
12/08/2024 09:18:50	Finish Change Local Settings
12/08/2024 09:18:50	Registry Read: Path=SOFTWARE\WEHA\Aplikasi\3
12/08/2024 09:18:50	Registry Read/Write
12/08/2024 09:18:50	Registry Read: Path=SOFTWARE\WEHA\Aplikasi\3
12/08/2024 09:21:21	Get Local Settings
12/08/2024 09:21:21	Start Change Local Settings
12/08/2024 09:21:21	Could not change short date format
12/08/2024 09:21:21	Could not change long date format
12/08/2024 09:21:21	Finish Change Local Settings
12/08/2024 09:21:21	Registry Read: Path=SOFTWARE\WEHA\Aplikasi\3
12/08/2024 09:21:21	Registry Read/Write
12/08/2024 09:21:21	Registry Read: Path=SOFTWARE\WEHA\Aplikasi\3
12/08/2024 09:25:00	Get Local Settings
12/08/2024 09:25:00	Start Change Local Settings
12/08/2024 09:25:00	Could not change short date format
12/08/2024 09:25:00	Could not change long date format
12/08/2024 09:25:00	Finish Change Local Settings
12/08/2024 09:25:00	Registry Read: Path=SOFTWARE\WEHA\Aplikasi\3
12/08/2024 09:25:00	Registry Read/Write
12/08/2024 09:25:00	Registry Read: Path=SOFTWARE\WEHA\Aplikasi\3
12/08/2024 09:28:22	Get Local Settings
12/08/2024 09:28:22	Start Change Local Settings
12/08/2024 09:28:22	Could not change short date format
12/08/2024 09:28:22	Could not change long date format
12/08/2024 09:28:22	Finish Change Local Settings
12/08/2024 09:28:22	Registry Read: Path=SOFTWARE\WEHA\Aplikasi\3
12/08/2024 09:28:22	Registry Read/Write
12/08/2024 09:28:22	Registry Read: Path=SOFTWARE\WEHA\Aplikasi\3
12/08/2024 09:29:48	Get Local Settings
12/08/2024 09:29:48	Start Change Local Settings
12/08/2024 09:29:48	Could not change short date format
12/08/2024 09:29:48	Could not change long date format
12/08/2024 09:29:48	Finish Change Local Settings
12/08/2024 09:29:48	Registry Read: Path=SOFTWARE\WEHA\Aplikasi\3
12/08/2024 09:29:48	Registry Read/Write
12/08/2024 09:29:48	Registry Read: Path=SOFTWARE\WEHA\Aplikasi\3
12/08/2024 09:32:00	Get Local Settings
12/08/2024 09:32:00	Start Change Local Settings
12/08/2024 09:32:00	Could not change short date format
12/08/2024 09:32:00	Could not change long date format
12/08/2024 09:32:00	Finish Change Local Settings
12/08/2024 09:32:00	Registry Read: Path=SOFTWARE\WEHA\Aplikasi\3
12/08/2024 09:32:00	Registry Read/Write
12/08/2024 09:32:00	Registry Read: Path=SOFTWARE\WEHA\Aplikasi\3
12/08/2024 09:39:56	Get Local Settings
12/08/2024 09:39:56	Start Change Local Settings
12/08/2024 09:39:56	Could not change short date format
12/08/2024 09:39:56	Could not change long date format
12/08/2024 09:39:56	Finish Change Local Settings
12/08/2024 09:39:56	Registry Read: Path=SOFTWARE\WEHA\Aplikasi\3
12/08/2024 09:39:56	Registry Read/Write
12/08/2024 09:39:56	Registry Read: Path=SOFTWARE\WEHA\Aplikasi\3
12/08/2024 09:46:29	Get Local Settings
12/08/2024 09:46:29	Start Change Local Settings
12/08/2024 09:46:29	Could not change short date format
12/08/2024 09:46:29	Could not change long date format
12/08/2024 09:46:29	Finish Change Local Settings
12/08/2024 09:46:29	Registry Read: Path=SOFTWARE\WEHA\Aplikasi\3
12/08/2024 09:46:29	Registry Read/Write
12/08/2024 09:46:29	Registry Read: Path=SOFTWARE\WEHA\Aplikasi\3
12/08/2024 09:48:39	Get Local Settings
12/08/2024 09:48:39	Start Change Local Settings
12/08/2024 09:48:39	Could not change short date format
12/08/2024 09:48:39	Could not change long date format
12/08/2024 09:48:39	Finish Change Local Settings
12/08/2024 09:48:39	Registry Read: Path=SOFTWARE\WEHA\Aplikasi\3
12/08/2024 09:48:39	Registry Read/Write
12/08/2024 09:48:39	Registry Read: Path=SOFTWARE\WEHA\Aplikasi\3
12/08/2024 09:56:02	Get Local Settings
12/08/2024 09:56:02	Start Change Local Settings
12/08/2024 09:56:02	Could not change short date format
12/08/2024 09:56:02	Could not change long date format
12/08/2024 09:56:02	Finish Change Local Settings
12/08/2024 09:56:02	Registry Read: Path=SOFTWARE\WEHA\Aplikasi\3
12/08/2024 09:56:02	Registry Read/Write
12/08/2024 09:56:02	Registry Read: Path=SOFTWARE\WEHA\Aplikasi\3
12/08/2024 10:04:49	Get Local Settings
12/08/2024 10:04:49	Start Change Local Settings
12/08/2024 10:04:49	Could not change short date format
12/08/2024 10:04:49	Could not change long date format
12/08/2024 10:04:49	Finish Change Local Settings
12/08/2024 10:04:49	Registry Read: Path=SOFTWARE\WEHA\Aplikasi\3
12/08/2024 10:04:49	Registry Read/Write
12/08/2024 10:04:49	Registry Read: Path=SOFTWARE\WEHA\Aplikasi\3
12/08/2024 10:11:03	Get Local Settings
12/08/2024 10:11:03	Start Change Local Settings
12/08/2024 10:11:03	Could not change short date format
12/08/2024 10:11:03	Could not change long date format
12/08/2024 10:11:03	Finish Change Local Settings
12/08/2024 10:11:03	Registry Read: Path=SOFTWARE\WEHA\Aplikasi\3
12/08/2024 10:11:03	Registry Read/Write
12/08/2024 10:11:03	Registry Read: Path=SOFTWARE\WEHA\Aplikasi\3
12/08/2024 10:12:39	Get Local Settings
12/08/2024 10:12:39	Start Change Local Settings
12/08/2024 10:12:39	Could not change short date format
12/08/2024 10:12:39	Could not change long date format
12/08/2024 10:12:39	Finish Change Local Settings
12/08/2024 10:12:39	Registry Read: Path=SOFTWARE\WEHA\Aplikasi\3
12/08/2024 10:12:39	Registry Read/Write
12/08/2024 10:12:39	Registry Read: Path=SOFTWARE\WEHA\Aplikasi\3
12/08/2024 10:16:04	Get Local Settings
12/08/2024 10:16:04	Start Change Local Settings
12/08/2024 10:16:04	Could not change short date format
12/08/2024 10:16:04	Could not change long date format
12/08/2024 10:16:04	Finish Change Local Settings
12/08/2024 10:16:04	Registry Read: Path=SOFTWARE\WEHA\Aplikasi\3
12/08/2024 10:16:04	Registry Read/Write
12/08/2024 10:16:04	Registry Read: Path=SOFTWARE\WEHA\Aplikasi\3
12/08/2024 10:19:43	Get Local Settings
12/08/2024 10:19:43	Start Change Local Settings
12/08/2024 10:19:43	Could not change short date format
12/08/2024 10:19:43	Could not change long date format
12/08/2024 10:19:43	Finish Change Local Settings
12/08/2024 10:19:43	Registry Read: Path=SOFTWARE\WEHA\Aplikasi\3
12/08/2024 10:19:43	Registry Read/Write
12/08/2024 10:19:43	Registry Read: Path=SOFTWARE\WEHA\Aplikasi\3
12/08/2024 10:34:28	Get Local Settings
12/08/2024 10:34:28	Start Change Local Settings
12/08/2024 10:34:28	Could not change short date format
12/08/2024 10:34:28	Could not change long date format
12/08/2024 10:34:28	Finish Change Local Settings
12/08/2024 10:34:28	Registry Read: Path=SOFTWARE\WEHA\Aplikasi\3
12/08/2024 10:34:28	Registry Read/Write
12/08/2024 10:34:28	Registry Read: Path=SOFTWARE\WEHA\Aplikasi\3
12/08/2024 11:54:31	Get Local Settings
12/08/2024 11:54:31	Start Change Local Settings
12/08/2024 11:54:31	Could not change short date format
12/08/2024 11:54:31	Could not change long date format
12/08/2024 11:54:31	Finish Change Local Settings
12/08/2024 11:54:31	Registry Read: Path=SOFTWARE\WEHA\Aplikasi\3
12/08/2024 11:54:31	Registry Read/Write
12/08/2024 11:54:31	Registry Read: Path=SOFTWARE\WEHA\Aplikasi\3
12/08/2024 11:55:57	Get Local Settings
12/08/2024 11:55:57	Start Change Local Settings
12/08/2024 11:55:57	Could not change short date format
12/08/2024 11:55:57	Could not change long date format
12/08/2024 11:55:57	Finish Change Local Settings
12/08/2024 11:55:57	Registry Read: Path=SOFTWARE\WEHA\Aplikasi\3
12/08/2024 11:55:57	Registry Read/Write
12/08/2024 11:55:57	Registry Read: Path=SOFTWARE\WEHA\Aplikasi\3
12/08/2024 14:05:45	Get Local Settings
12/08/2024 14:05:45	Start Change Local Settings
12/08/2024 14:05:45	Could not change short date format
12/08/2024 14:05:45	Could not change long date format
12/08/2024 14:05:45	Finish Change Local Settings
12/08/2024 14:05:45	Registry Read: Path=SOFTWARE\WEHA\Aplikasi\3
12/08/2024 14:05:45	Registry Read/Write
12/08/2024 14:05:45	Registry Read: Path=SOFTWARE\WEHA\Aplikasi\3
12/08/2024 14:07:32	Get Local Settings
12/08/2024 14:07:32	Start Change Local Settings
12/08/2024 14:07:32	Could not change short date format
12/08/2024 14:07:32	Could not change long date format
12/08/2024 14:07:32	Finish Change Local Settings
12/08/2024 14:07:32	Registry Read: Path=SOFTWARE\WEHA\Aplikasi\3
12/08/2024 14:07:32	Registry Read/Write
12/08/2024 14:07:32	Registry Read: Path=SOFTWARE\WEHA\Aplikasi\3
12/08/2024 14:19:08	Get Local Settings
12/08/2024 14:19:08	Start Change Local Settings
12/08/2024 14:19:08	Could not change short date format
12/08/2024 14:19:08	Could not change long date format
12/08/2024 14:19:08	Finish Change Local Settings
12/08/2024 14:19:08	Registry Read: Path=SOFTWARE\WEHA\Aplikasi\3
12/08/2024 14:19:08	Registry Read/Write
12/08/2024 14:19:08	Registry Read: Path=SOFTWARE\WEHA\Aplikasi\3
12/08/2024 14:23:14	Get Local Settings
12/08/2024 14:23:14	Start Change Local Settings
12/08/2024 14:23:14	Could not change short date format
12/08/2024 14:23:14	Could not change long date format
12/08/2024 14:23:14	Finish Change Local Settings
12/08/2024 14:23:14	Registry Read: Path=SOFTWARE\WEHA\Aplikasi\3
12/08/2024 14:23:14	Registry Read/Write
12/08/2024 14:23:14	Registry Read: Path=SOFTWARE\WEHA\Aplikasi\3
12/08/2024 14:26:15	Get Local Settings
12/08/2024 14:26:15	Start Change Local Settings
12/08/2024 14:26:15	Could not change short date format
12/08/2024 14:26:15	Could not change long date format
12/08/2024 14:26:15	Finish Change Local Settings
12/08/2024 14:26:15	Registry Read: Path=SOFTWARE\WEHA\Aplikasi\3
12/08/2024 14:26:15	Registry Read/Write
12/08/2024 14:26:15	Registry Read: Path=SOFTWARE\WEHA\Aplikasi\3
12/08/2024 14:26:27	Get Local Settings
12/08/2024 14:26:27	Start Change Local Settings
12/08/2024 14:26:27	Could not change short date format
12/08/2024 14:26:27	Could not change long date format
12/08/2024 14:26:27	Finish Change Local Settings
12/08/2024 14:26:27	Registry Read: Path=SOFTWARE\WEHA\Aplikasi\3
12/08/2024 14:26:27	Registry Read/Write
12/08/2024 14:26:27	Registry Read: Path=SOFTWARE\WEHA\Aplikasi\3
12/08/2024 14:27:58	Get Local Settings
12/08/2024 14:27:58	Start Change Local Settings
12/08/2024 14:27:58	Could not change short date format
12/08/2024 14:27:58	Could not change long date format
12/08/2024 14:27:58	Finish Change Local Settings
12/08/2024 14:27:58	Registry Read: Path=SOFTWARE\WEHA\Aplikasi\3
12/08/2024 14:27:58	Registry Read/Write
12/08/2024 14:27:58	Registry Read: Path=SOFTWARE\WEHA\Aplikasi\3
12/08/2024 16:19:43	Get Local Settings
12/08/2024 16:19:43	Start Change Local Settings
12/08/2024 16:19:43	Could not change short date format
12/08/2024 16:19:43	Could not change long date format
12/08/2024 16:19:43	Finish Change Local Settings
12/08/2024 16:19:43	Registry Read: Path=SOFTWARE\WEHA\Aplikasi\3
12/08/2024 16:19:43	Registry Read/Write
12/08/2024 16:19:43	Registry Read: Path=SOFTWARE\WEHA\Aplikasi\3
12/08/2024 16:22:01	Get Local Settings
12/08/2024 16:22:01	Start Change Local Settings
12/08/2024 16:22:01	Could not change short date format
12/08/2024 16:22:01	Could not change long date format
12/08/2024 16:22:01	Finish Change Local Settings
12/08/2024 16:22:01	Registry Read: Path=SOFTWARE\WEHA\Aplikasi\3
12/08/2024 16:22:01	Registry Read/Write
12/08/2024 16:22:01	Registry Read: Path=SOFTWARE\WEHA\Aplikasi\3
12/08/2024 16:43:19	Get Local Settings
12/08/2024 16:43:19	Start Change Local Settings
12/08/2024 16:43:19	Could not change short date format
12/08/2024 16:43:19	Could not change long date format
12/08/2024 16:43:19	Finish Change Local Settings
12/08/2024 16:43:19	Registry Read: Path=SOFTWARE\WEHA\Aplikasi\3
12/08/2024 16:43:19	Registry Read/Write
12/08/2024 16:43:19	Registry Read: Path=SOFTWARE\WEHA\Aplikasi\3
12/08/2024 16:44:48	Get Local Settings
12/08/2024 16:44:48	Start Change Local Settings
12/08/2024 16:44:48	Could not change short date format
12/08/2024 16:44:48	Could not change long date format
12/08/2024 16:44:48	Finish Change Local Settings
12/08/2024 16:44:48	Registry Read: Path=SOFTWARE\WEHA\Aplikasi\3
12/08/2024 16:44:48	Registry Read/Write
12/08/2024 16:44:48	Registry Read: Path=SOFTWARE\WEHA\Aplikasi\3
13/08/2024 13:56:28	Get Local Settings
13/08/2024 13:56:28	Start Change Local Settings
13/08/2024 13:56:28	Could not change short date format
13/08/2024 13:56:28	Could not change long date format
13/08/2024 13:56:28	Finish Change Local Settings
13/08/2024 13:56:28	Registry Read: Path=SOFTWARE\WEHA\Aplikasi\3
13/08/2024 13:56:28	Registry Read/Write
13/08/2024 13:56:28	Registry Read: Path=SOFTWARE\WEHA\Aplikasi\3
13/08/2024 14:38:57	Get Local Settings
13/08/2024 14:38:57	Start Change Local Settings
13/08/2024 14:38:57	Could not change short date format
13/08/2024 14:38:57	Could not change long date format
13/08/2024 14:38:57	Finish Change Local Settings
13/08/2024 14:38:57	Registry Read: Path=SOFTWARE\WEHA\Aplikasi\3
13/08/2024 14:38:57	Registry Read/Write
13/08/2024 14:38:57	Registry Read: Path=SOFTWARE\WEHA\Aplikasi\3
13/08/2024 14:43:41	Get Local Settings
13/08/2024 14:43:41	Start Change Local Settings
13/08/2024 14:43:41	Could not change short date format
13/08/2024 14:43:41	Could not change long date format
13/08/2024 14:43:41	Finish Change Local Settings
13/08/2024 14:43:41	Registry Read: Path=SOFTWARE\WEHA\Aplikasi\3
13/08/2024 14:43:41	Registry Read/Write
13/08/2024 14:43:41	Registry Read: Path=SOFTWARE\WEHA\Aplikasi\3
13/08/2024 15:25:07	Get Local Settings
13/08/2024 15:25:07	Start Change Local Settings
13/08/2024 15:25:07	Could not change short date format
13/08/2024 15:25:07	Could not change long date format
13/08/2024 15:25:07	Finish Change Local Settings
13/08/2024 15:25:07	Registry Read: Path=SOFTWARE\WEHA\Aplikasi\3
13/08/2024 15:25:07	Registry Read/Write
13/08/2024 15:25:07	Registry Read: Path=SOFTWARE\WEHA\Aplikasi\3
14/08/2024 09:42:21	Get Local Settings
14/08/2024 09:42:21	Start Change Local Settings
14/08/2024 09:42:21	Could not change short date format
14/08/2024 09:42:21	Could not change long date format
14/08/2024 09:42:21	Finish Change Local Settings
14/08/2024 09:42:21	Registry Read: Path=SOFTWARE\WEHA\Aplikasi\3
14/08/2024 09:42:21	Registry Read/Write
14/08/2024 09:42:21	Registry Read: Path=SOFTWARE\WEHA\Aplikasi\3
14/08/2024 09:46:17	Get Local Settings
14/08/2024 09:46:17	Start Change Local Settings
14/08/2024 09:46:17	Could not change short date format
14/08/2024 09:46:17	Could not change long date format
14/08/2024 09:46:17	Finish Change Local Settings
14/08/2024 09:46:17	Registry Read: Path=SOFTWARE\WEHA\Aplikasi\3
14/08/2024 09:46:17	Registry Read/Write
14/08/2024 09:46:17	Registry Read: Path=SOFTWARE\WEHA\Aplikasi\3
14/08/2024 09:48:07	Get Local Settings
14/08/2024 09:48:07	Start Change Local Settings
14/08/2024 09:48:07	Could not change short date format
14/08/2024 09:48:07	Could not change long date format
14/08/2024 09:48:07	Finish Change Local Settings
14/08/2024 09:48:07	Registry Read: Path=SOFTWARE\WEHA\Aplikasi\3
14/08/2024 09:48:07	Registry Read/Write
14/08/2024 09:48:07	Registry Read: Path=SOFTWARE\WEHA\Aplikasi\3
14/08/2024 09:50:24	Get Local Settings
14/08/2024 09:50:24	Start Change Local Settings
14/08/2024 09:50:24	Could not change short date format
14/08/2024 09:50:24	Could not change long date format
14/08/2024 09:50:24	Finish Change Local Settings
14/08/2024 09:50:24	Registry Read: Path=SOFTWARE\WEHA\Aplikasi\3
14/08/2024 09:50:24	Registry Read/Write
14/08/2024 09:50:24	Registry Read: Path=SOFTWARE\WEHA\Aplikasi\3
14/08/2024 09:51:37	Get Local Settings
14/08/2024 09:51:37	Start Change Local Settings
14/08/2024 09:51:37	Could not change short date format
14/08/2024 09:51:37	Could not change long date format
14/08/2024 09:51:37	Finish Change Local Settings
14/08/2024 09:51:37	Registry Read: Path=SOFTWARE\WEHA\Aplikasi\3
14/08/2024 09:51:37	Registry Read/Write
14/08/2024 09:51:37	Registry Read: Path=SOFTWARE\WEHA\Aplikasi\3
14/08/2024 09:51:57	Get Local Settings
14/08/2024 09:51:57	Start Change Local Settings
14/08/2024 09:51:57	Could not change short date format
14/08/2024 09:51:57	Could not change long date format
14/08/2024 09:51:57	Finish Change Local Settings
14/08/2024 09:51:57	Registry Read: Path=SOFTWARE\WEHA\Aplikasi\3
14/08/2024 09:51:57	Registry Read/Write
14/08/2024 09:51:57	Registry Read: Path=SOFTWARE\WEHA\Aplikasi\3
14/08/2024 10:05:16	Get Local Settings
14/08/2024 10:05:16	Start Change Local Settings
14/08/2024 10:05:16	Could not change short date format
14/08/2024 10:05:16	Could not change long date format
14/08/2024 10:05:16	Finish Change Local Settings
14/08/2024 10:05:16	Registry Read: Path=SOFTWARE\WEHA\Aplikasi\3
14/08/2024 10:05:16	Registry Read/Write
14/08/2024 10:05:16	Registry Read: Path=SOFTWARE\WEHA\Aplikasi\3
14/08/2024 10:31:57	Get Local Settings
14/08/2024 10:31:57	Start Change Local Settings
14/08/2024 10:31:57	Could not change short date format
14/08/2024 10:31:57	Could not change long date format
14/08/2024 10:31:57	Finish Change Local Settings
14/08/2024 10:31:57	Registry Read: Path=SOFTWARE\WEHA\Aplikasi\3
14/08/2024 10:31:57	Registry Read/Write
14/08/2024 10:31:57	Registry Read: Path=SOFTWARE\WEHA\Aplikasi\3
14/08/2024 10:32:15	Get Local Settings
14/08/2024 10:32:15	Start Change Local Settings
14/08/2024 10:32:15	Could not change short date format
14/08/2024 10:32:15	Could not change long date format
14/08/2024 10:32:15	Finish Change Local Settings
14/08/2024 10:32:15	Registry Read: Path=SOFTWARE\WEHA\Aplikasi\3
14/08/2024 10:32:15	Registry Read/Write
14/08/2024 10:32:15	Registry Read: Path=SOFTWARE\WEHA\Aplikasi\3
14/08/2024 10:32:27	Get Local Settings
14/08/2024 10:32:27	Start Change Local Settings
14/08/2024 10:32:27	Could not change short date format
14/08/2024 10:32:27	Could not change long date format
14/08/2024 10:32:27	Finish Change Local Settings
14/08/2024 10:32:27	Registry Read: Path=SOFTWARE\WEHA\Aplikasi\3
14/08/2024 10:32:27	Registry Read/Write
14/08/2024 10:32:27	Registry Read: Path=SOFTWARE\WEHA\Aplikasi\3
14/08/2024 10:36:44	Get Local Settings
14/08/2024 10:36:44	Start Change Local Settings
14/08/2024 10:36:44	Could not change short date format
14/08/2024 10:36:44	Could not change long date format
14/08/2024 10:36:44	Finish Change Local Settings
14/08/2024 10:36:44	Registry Read: Path=SOFTWARE\WEHA\Aplikasi\3
14/08/2024 10:36:44	Registry Read/Write
14/08/2024 10:36:44	Registry Read: Path=SOFTWARE\WEHA\Aplikasi\3
14/08/2024 11:01:50	Get Local Settings
14/08/2024 11:01:50	Start Change Local Settings
14/08/2024 11:01:50	Could not change short date format
14/08/2024 11:01:50	Could not change long date format
14/08/2024 11:01:50	Finish Change Local Settings
14/08/2024 11:01:50	Registry Read: Path=SOFTWARE\WEHA\Aplikasi\3
14/08/2024 11:01:50	Registry Read/Write
14/08/2024 11:01:50	Registry Read: Path=SOFTWARE\WEHA\Aplikasi\3
14/08/2024 11:02:27	Get Local Settings
14/08/2024 11:02:27	Start Change Local Settings
14/08/2024 11:02:27	Could not change short date format
14/08/2024 11:02:27	Could not change long date format
14/08/2024 11:02:27	Finish Change Local Settings
14/08/2024 11:02:27	Registry Read: Path=SOFTWARE\WEHA\Aplikasi\3
14/08/2024 11:02:27	Registry Read/Write
14/08/2024 11:02:27	Registry Read: Path=SOFTWARE\WEHA\Aplikasi\3
15/08/2024 11:21:12	Get Local Settings
15/08/2024 11:21:12	Start Change Local Settings
15/08/2024 11:21:12	Could not change short date format
15/08/2024 11:21:12	Could not change long date format
15/08/2024 11:21:12	Finish Change Local Settings
15/08/2024 11:21:12	Registry Read: Path=SOFTWARE\WEHA\Aplikasi\3
15/08/2024 11:21:12	Registry Read/Write
15/08/2024 11:21:12	Registry Read: Path=SOFTWARE\WEHA\Aplikasi\3
15/08/2024 11:22:37	Get Local Settings
15/08/2024 11:22:37	Start Change Local Settings
15/08/2024 11:22:37	Could not change short date format
15/08/2024 11:22:37	Could not change long date format
15/08/2024 11:22:37	Finish Change Local Settings
15/08/2024 11:22:37	Registry Read: Path=SOFTWARE\WEHA\Aplikasi\3
15/08/2024 11:22:37	Registry Read/Write
15/08/2024 11:22:37	Registry Read: Path=SOFTWARE\WEHA\Aplikasi\3
15/08/2024 11:23:13	Get Local Settings
15/08/2024 11:23:13	Start Change Local Settings
15/08/2024 11:23:13	Could not change short date format
15/08/2024 11:23:13	Could not change long date format
15/08/2024 11:23:13	Finish Change Local Settings
15/08/2024 11:23:13	Registry Read: Path=SOFTWARE\WEHA\Aplikasi\3
15/08/2024 11:23:13	Registry Read/Write
15/08/2024 11:23:13	Registry Read: Path=SOFTWARE\WEHA\Aplikasi\3
15/08/2024 15:17:37	Get Local Settings
15/08/2024 15:17:37	Start Change Local Settings
15/08/2024 15:17:37	Could not change short date format
15/08/2024 15:17:37	Could not change long date format
15/08/2024 15:17:37	Finish Change Local Settings
15/08/2024 15:17:37	Registry Read: Path=SOFTWARE\WEHA\Aplikasi\3
15/08/2024 15:17:37	Registry Read/Write
15/08/2024 15:17:37	Registry Read: Path=SOFTWARE\WEHA\Aplikasi\3
15/08/2024 15:25:58	Get Local Settings
15/08/2024 15:25:58	Start Change Local Settings
15/08/2024 15:25:58	Could not change short date format
15/08/2024 15:25:58	Could not change long date format
15/08/2024 15:25:58	Finish Change Local Settings
15/08/2024 15:25:58	Registry Read: Path=SOFTWARE\WEHA\Aplikasi\3
15/08/2024 15:25:58	Registry Read/Write
15/08/2024 15:25:58	Registry Read: Path=SOFTWARE\WEHA\Aplikasi\3
15/08/2024 15:28:46	Get Local Settings
15/08/2024 15:28:46	Start Change Local Settings
15/08/2024 15:28:46	Could not change short date format
15/08/2024 15:28:46	Could not change long date format
15/08/2024 15:28:46	Finish Change Local Settings
15/08/2024 15:28:46	Registry Read: Path=SOFTWARE\WEHA\Aplikasi\3
15/08/2024 15:28:46	Registry Read/Write
15/08/2024 15:28:46	Registry Read: Path=SOFTWARE\WEHA\Aplikasi\3
16/08/2024 13:33:41	Get Local Settings
16/08/2024 13:33:41	Start Change Local Settings
16/08/2024 13:33:41	Could not change short date format
16/08/2024 13:33:41	Could not change long date format
16/08/2024 13:33:41	Finish Change Local Settings
16/08/2024 13:33:41	Registry Read: Path=SOFTWARE\WEHA\Aplikasi\3
16/08/2024 13:33:41	Registry Read/Write
16/08/2024 13:33:41	Registry Read: Path=SOFTWARE\WEHA\Aplikasi\3
16/08/2024 13:39:05	Get Local Settings
16/08/2024 13:39:05	Start Change Local Settings
16/08/2024 13:39:05	Could not change short date format
16/08/2024 13:39:05	Could not change long date format
16/08/2024 13:39:05	Finish Change Local Settings
16/08/2024 13:39:05	Registry Read: Path=SOFTWARE\WEHA\Aplikasi\3
16/08/2024 13:39:05	Registry Read/Write
16/08/2024 13:39:05	Registry Read: Path=SOFTWARE\WEHA\Aplikasi\3
16/08/2024 13:40:53	Get Local Settings
16/08/2024 13:40:53	Start Change Local Settings
16/08/2024 13:40:53	Could not change short date format
16/08/2024 13:40:53	Could not change long date format
16/08/2024 13:40:53	Finish Change Local Settings
16/08/2024 13:40:53	Registry Read: Path=SOFTWARE\WEHA\Aplikasi\3
16/08/2024 13:40:53	Registry Read/Write
16/08/2024 13:40:53	Registry Read: Path=SOFTWARE\WEHA\Aplikasi\3
16/08/2024 13:42:14	Get Local Settings
16/08/2024 13:42:14	Start Change Local Settings
16/08/2024 13:42:14	Could not change short date format
16/08/2024 13:42:14	Could not change long date format
16/08/2024 13:42:14	Finish Change Local Settings
16/08/2024 13:42:14	Registry Read: Path=SOFTWARE\WEHA\Aplikasi\3
16/08/2024 13:42:14	Registry Read/Write
16/08/2024 13:42:14	Registry Read: Path=SOFTWARE\WEHA\Aplikasi\3
16/08/2024 13:44:46	Get Local Settings
16/08/2024 13:44:46	Start Change Local Settings
16/08/2024 13:44:46	Could not change short date format
16/08/2024 13:44:46	Could not change long date format
16/08/2024 13:44:46	Finish Change Local Settings
16/08/2024 13:44:46	Registry Read: Path=SOFTWARE\WEHA\Aplikasi\3
16/08/2024 13:44:46	Registry Read/Write
16/08/2024 13:44:46	Registry Read: Path=SOFTWARE\WEHA\Aplikasi\3
16/08/2024 13:46:23	Get Local Settings
16/08/2024 13:46:23	Start Change Local Settings
16/08/2024 13:46:23	Could not change short date format
16/08/2024 13:46:23	Could not change long date format
16/08/2024 13:46:23	Finish Change Local Settings
16/08/2024 13:46:23	Registry Read: Path=SOFTWARE\WEHA\Aplikasi\3
16/08/2024 13:46:23	Registry Read/Write
16/08/2024 13:46:23	Registry Read: Path=SOFTWARE\WEHA\Aplikasi\3
16/08/2024 13:53:01	Get Local Settings
16/08/2024 13:53:01	Start Change Local Settings
16/08/2024 13:53:01	Could not change short date format
16/08/2024 13:53:01	Could not change long date format
16/08/2024 13:53:01	Finish Change Local Settings
16/08/2024 13:53:01	Registry Read: Path=SOFTWARE\WEHA\Aplikasi\3
16/08/2024 13:53:01	Registry Read/Write
16/08/2024 13:53:01	Registry Read: Path=SOFTWARE\WEHA\Aplikasi\3
16/08/2024 14:02:16	Get Local Settings
16/08/2024 14:02:16	Start Change Local Settings
16/08/2024 14:02:16	Could not change short date format
16/08/2024 14:02:16	Could not change long date format
16/08/2024 14:02:16	Finish Change Local Settings
16/08/2024 14:02:16	Registry Read: Path=SOFTWARE\WEHA\Aplikasi\3
16/08/2024 14:02:16	Registry Read/Write
16/08/2024 14:02:16	Registry Read: Path=SOFTWARE\WEHA\Aplikasi\3
16/08/2024 14:07:04	Get Local Settings
16/08/2024 14:07:04	Start Change Local Settings
16/08/2024 14:07:04	Could not change short date format
16/08/2024 14:07:04	Could not change long date format
16/08/2024 14:07:04	Finish Change Local Settings
16/08/2024 14:07:04	Registry Read: Path=SOFTWARE\WEHA\Aplikasi\3
16/08/2024 14:07:04	Registry Read/Write
16/08/2024 14:07:04	Registry Read: Path=SOFTWARE\WEHA\Aplikasi\3
19/08/2024 11:19:50	Get Local Settings
19/08/2024 11:19:50	Start Change Local Settings
19/08/2024 11:19:50	Could not change short date format
19/08/2024 11:19:50	Could not change long date format
19/08/2024 11:19:50	Finish Change Local Settings
19/08/2024 11:19:50	Registry Read: Path=SOFTWARE\WEHA\Aplikasi\3
19/08/2024 11:19:50	Registry Read/Write
19/08/2024 11:19:50	Registry Read: Path=SOFTWARE\WEHA\Aplikasi\3
19/08/2024 11:21:07	Get Local Settings
19/08/2024 11:21:07	Start Change Local Settings
19/08/2024 11:21:07	Could not change short date format
19/08/2024 11:21:07	Could not change long date format
19/08/2024 11:21:07	Finish Change Local Settings
19/08/2024 11:21:07	Registry Read: Path=SOFTWARE\WEHA\Aplikasi\3
19/08/2024 11:21:07	Registry Read/Write
19/08/2024 11:21:07	Registry Read: Path=SOFTWARE\WEHA\Aplikasi\3
19/08/2024 11:24:18	Get Local Settings
19/08/2024 11:24:18	Start Change Local Settings
19/08/2024 11:24:18	Could not change short date format
19/08/2024 11:24:18	Could not change long date format
19/08/2024 11:24:18	Finish Change Local Settings
19/08/2024 11:24:18	Registry Read: Path=SOFTWARE\WEHA\Aplikasi\3
19/08/2024 11:24:18	Registry Read/Write
19/08/2024 11:24:18	Registry Read: Path=SOFTWARE\WEHA\Aplikasi\3
19/08/2024 11:27:00	Get Local Settings
19/08/2024 11:27:00	Start Change Local Settings
19/08/2024 11:27:00	Could not change short date format
19/08/2024 11:27:00	Could not change long date format
19/08/2024 11:27:00	Finish Change Local Settings
19/08/2024 11:27:00	Registry Read: Path=SOFTWARE\WEHA\Aplikasi\3
19/08/2024 11:27:00	Registry Read/Write
19/08/2024 11:27:00	Registry Read: Path=SOFTWARE\WEHA\Aplikasi\3
20/08/2024 10:59:46	Get Local Settings
20/08/2024 10:59:46	Start Change Local Settings
20/08/2024 10:59:46	Could not change short date format
20/08/2024 10:59:46	Could not change long date format
20/08/2024 10:59:46	Finish Change Local Settings
20/08/2024 10:59:46	Registry Read: Path=SOFTWARE\WEHA\Aplikasi\3
20/08/2024 10:59:46	Registry Read/Write
20/08/2024 10:59:46	Registry Read: Path=SOFTWARE\WEHA\Aplikasi\3
20/08/2024 11:01:53	Get Local Settings
20/08/2024 11:01:53	Start Change Local Settings
20/08/2024 11:01:53	Could not change short date format
20/08/2024 11:01:53	Could not change long date format
20/08/2024 11:01:53	Finish Change Local Settings
20/08/2024 11:01:53	Registry Read: Path=SOFTWARE\WEHA\Aplikasi\3
20/08/2024 11:01:53	Registry Read/Write
20/08/2024 11:01:53	Registry Read: Path=SOFTWARE\WEHA\Aplikasi\3
20/08/2024 11:04:45	Get Local Settings
20/08/2024 11:04:45	Start Change Local Settings
20/08/2024 11:04:45	Could not change short date format
20/08/2024 11:04:45	Could not change long date format
20/08/2024 11:04:45	Finish Change Local Settings
20/08/2024 11:04:45	Registry Read: Path=SOFTWARE\WEHA\Aplikasi\3
20/08/2024 11:04:45	Registry Read/Write
20/08/2024 11:04:45	Registry Read: Path=SOFTWARE\WEHA\Aplikasi\3
20/08/2024 11:06:10	Get Local Settings
20/08/2024 11:06:10	Start Change Local Settings
20/08/2024 11:06:10	Could not change short date format
20/08/2024 11:06:10	Could not change long date format
20/08/2024 11:06:10	Finish Change Local Settings
20/08/2024 11:06:10	Registry Read: Path=SOFTWARE\WEHA\Aplikasi\3
20/08/2024 11:06:10	Registry Read/Write
20/08/2024 11:06:10	Registry Read: Path=SOFTWARE\WEHA\Aplikasi\3
20/08/2024 11:06:32	Get Local Settings
20/08/2024 11:06:32	Start Change Local Settings
20/08/2024 11:06:32	Could not change short date format
20/08/2024 11:06:32	Could not change long date format
20/08/2024 11:06:32	Finish Change Local Settings
20/08/2024 11:06:32	Registry Read: Path=SOFTWARE\WEHA\Aplikasi\3
20/08/2024 11:06:32	Registry Read/Write
20/08/2024 11:06:32	Registry Read: Path=SOFTWARE\WEHA\Aplikasi\3
20/08/2024 14:01:52	Get Local Settings
20/08/2024 14:01:52	Start Change Local Settings
20/08/2024 14:01:52	Could not change short date format
20/08/2024 14:01:52	Could not change long date format
20/08/2024 14:01:52	Finish Change Local Settings
20/08/2024 14:01:52	Registry Read: Path=SOFTWARE\WEHA\Aplikasi\3
20/08/2024 14:01:52	Registry Read/Write
20/08/2024 14:01:52	Registry Read: Path=SOFTWARE\WEHA\Aplikasi\3
20/08/2024 14:10:42	Get Local Settings
20/08/2024 14:10:42	Start Change Local Settings
20/08/2024 14:10:42	Could not change short date format
20/08/2024 14:10:42	Could not change long date format
20/08/2024 14:10:42	Finish Change Local Settings
20/08/2024 14:10:42	Registry Read: Path=SOFTWARE\WEHA\Aplikasi\3
20/08/2024 14:10:42	Registry Read/Write
20/08/2024 14:10:42	Registry Read: Path=SOFTWARE\WEHA\Aplikasi\3
21/08/2024 08:55:24	Get Local Settings
21/08/2024 08:55:24	Start Change Local Settings
21/08/2024 08:55:24	Could not change short date format
21/08/2024 08:55:24	Could not change long date format
21/08/2024 08:55:24	Finish Change Local Settings
21/08/2024 08:55:24	Registry Read: Path=SOFTWARE\WEHA\Aplikasi\3
21/08/2024 08:55:24	Registry Read/Write
21/08/2024 08:55:24	Registry Read: Path=SOFTWARE\WEHA\Aplikasi\3
21/08/2024 11:05:27	Get Local Settings
21/08/2024 11:05:27	Start Change Local Settings
21/08/2024 11:05:27	Could not change short date format
21/08/2024 11:05:27	Could not change long date format
21/08/2024 11:05:27	Finish Change Local Settings
21/08/2024 11:05:27	Registry Read: Path=SOFTWARE\WEHA\Aplikasi\3
21/08/2024 11:05:27	Registry Read/Write
21/08/2024 11:05:28	Registry Read: Path=SOFTWARE\WEHA\Aplikasi\3
21/08/2024 11:06:07	Get Local Settings
21/08/2024 11:06:07	Start Change Local Settings
21/08/2024 11:06:07	Could not change short date format
21/08/2024 11:06:07	Could not change long date format
21/08/2024 11:06:07	Finish Change Local Settings
21/08/2024 11:06:07	Registry Read: Path=SOFTWARE\WEHA\Aplikasi\3
21/08/2024 11:06:07	Registry Read/Write
21/08/2024 11:06:07	Registry Read: Path=SOFTWARE\WEHA\Aplikasi\3
21/08/2024 11:08:28	Get Local Settings
21/08/2024 11:08:28	Start Change Local Settings
21/08/2024 11:08:28	Could not change short date format
21/08/2024 11:08:28	Could not change long date format
21/08/2024 11:08:28	Finish Change Local Settings
21/08/2024 11:08:28	Registry Read: Path=SOFTWARE\WEHA\Aplikasi\3
21/08/2024 11:08:28	Registry Read/Write
21/08/2024 11:08:28	Registry Read: Path=SOFTWARE\WEHA\Aplikasi\3
21/08/2024 11:15:28	Get Local Settings
21/08/2024 11:15:28	Start Change Local Settings
21/08/2024 11:15:28	Could not change short date format
21/08/2024 11:15:28	Could not change long date format
21/08/2024 11:15:28	Finish Change Local Settings
21/08/2024 11:15:28	Registry Read: Path=SOFTWARE\WEHA\Aplikasi\3
21/08/2024 11:15:28	Registry Read/Write
21/08/2024 11:15:28	Registry Read: Path=SOFTWARE\WEHA\Aplikasi\3
21/08/2024 11:25:35	Get Local Settings
21/08/2024 11:25:35	Start Change Local Settings
21/08/2024 11:25:35	Could not change short date format
21/08/2024 11:25:35	Could not change long date format
21/08/2024 11:25:35	Finish Change Local Settings
21/08/2024 11:25:35	Registry Read: Path=SOFTWARE\WEHA\Aplikasi\3
21/08/2024 11:25:35	Registry Read/Write
21/08/2024 11:25:35	Registry Read: Path=SOFTWARE\WEHA\Aplikasi\3
21/08/2024 11:30:49	Get Local Settings
21/08/2024 11:30:49	Start Change Local Settings
21/08/2024 11:30:49	Could not change short date format
21/08/2024 11:30:49	Could not change long date format
21/08/2024 11:30:49	Finish Change Local Settings
21/08/2024 11:30:49	Registry Read: Path=SOFTWARE\WEHA\Aplikasi\3
21/08/2024 11:30:49	Registry Read/Write
21/08/2024 11:30:49	Registry Read: Path=SOFTWARE\WEHA\Aplikasi\3
21/08/2024 11:33:45	Get Local Settings
21/08/2024 11:33:45	Start Change Local Settings
21/08/2024 11:33:45	Could not change short date format
21/08/2024 11:33:45	Could not change long date format
21/08/2024 11:33:45	Finish Change Local Settings
21/08/2024 11:33:45	Registry Read: Path=SOFTWARE\WEHA\Aplikasi\3
21/08/2024 11:33:45	Registry Read/Write
21/08/2024 11:33:45	Registry Read: Path=SOFTWARE\WEHA\Aplikasi\3
21/08/2024 14:09:49	Get Local Settings
21/08/2024 14:09:49	Start Change Local Settings
21/08/2024 14:09:49	Could not change short date format
21/08/2024 14:09:49	Could not change long date format
21/08/2024 14:09:49	Finish Change Local Settings
21/08/2024 14:09:49	Registry Read: Path=SOFTWARE\WEHA\Aplikasi\3
21/08/2024 14:09:49	Registry Read/Write
21/08/2024 14:09:49	Registry Read: Path=SOFTWARE\WEHA\Aplikasi\3
21/08/2024 14:14:28	Get Local Settings
21/08/2024 14:14:28	Start Change Local Settings
21/08/2024 14:14:28	Could not change short date format
21/08/2024 14:14:28	Could not change long date format
21/08/2024 14:14:28	Finish Change Local Settings
21/08/2024 14:14:28	Registry Read: Path=SOFTWARE\WEHA\Aplikasi\3
21/08/2024 14:14:28	Registry Read/Write
21/08/2024 14:14:28	Registry Read: Path=SOFTWARE\WEHA\Aplikasi\3
21/08/2024 14:17:48	Get Local Settings
21/08/2024 14:17:48	Start Change Local Settings
21/08/2024 14:17:48	Could not change short date format
21/08/2024 14:17:48	Could not change long date format
21/08/2024 14:17:48	Finish Change Local Settings
21/08/2024 14:17:48	Registry Read: Path=SOFTWARE\WEHA\Aplikasi\3
21/08/2024 14:17:48	Registry Read/Write
21/08/2024 14:17:48	Registry Read: Path=SOFTWARE\WEHA\Aplikasi\3
21/08/2024 14:19:00	Get Local Settings
21/08/2024 14:19:00	Start Change Local Settings
21/08/2024 14:19:00	Could not change short date format
21/08/2024 14:19:00	Could not change long date format
21/08/2024 14:19:00	Finish Change Local Settings
21/08/2024 14:19:00	Registry Read: Path=SOFTWARE\WEHA\Aplikasi\3
21/08/2024 14:19:00	Registry Read/Write
21/08/2024 14:19:00	Registry Read: Path=SOFTWARE\WEHA\Aplikasi\3
21/08/2024 14:39:48	Get Local Settings
21/08/2024 14:39:48	Start Change Local Settings
21/08/2024 14:39:48	Could not change short date format
21/08/2024 14:39:48	Could not change long date format
21/08/2024 14:39:48	Finish Change Local Settings
21/08/2024 14:39:48	Registry Read: Path=SOFTWARE\WEHA\Aplikasi\3
21/08/2024 14:39:48	Registry Read/Write
21/08/2024 14:39:48	Registry Read: Path=SOFTWARE\WEHA\Aplikasi\3
21/08/2024 15:38:07	Get Local Settings
21/08/2024 15:38:07	Start Change Local Settings
21/08/2024 15:38:07	Could not change short date format
21/08/2024 15:38:07	Could not change long date format
21/08/2024 15:38:07	Finish Change Local Settings
21/08/2024 15:38:07	Registry Read: Path=SOFTWARE\WEHA\Aplikasi\3
21/08/2024 15:38:07	Registry Read/Write
21/08/2024 15:38:07	Registry Read: Path=SOFTWARE\WEHA\Aplikasi\3
21/08/2024 15:41:18	Get Local Settings
21/08/2024 15:41:18	Start Change Local Settings
21/08/2024 15:41:18	Could not change short date format
21/08/2024 15:41:18	Could not change long date format
21/08/2024 15:41:18	Finish Change Local Settings
21/08/2024 15:41:18	Registry Read: Path=SOFTWARE\WEHA\Aplikasi\3
21/08/2024 15:41:18	Registry Read/Write
21/08/2024 15:41:18	Registry Read: Path=SOFTWARE\WEHA\Aplikasi\3
21/08/2024 16:27:48	Get Local Settings
21/08/2024 16:27:48	Start Change Local Settings
21/08/2024 16:27:48	Could not change short date format
21/08/2024 16:27:48	Could not change long date format
21/08/2024 16:27:48	Finish Change Local Settings
21/08/2024 16:27:48	Registry Read: Path=SOFTWARE\WEHA\Aplikasi\3
21/08/2024 16:27:48	Registry Read/Write
21/08/2024 16:27:48	Registry Read: Path=SOFTWARE\WEHA\Aplikasi\3
21/08/2024 16:32:47	Get Local Settings
21/08/2024 16:32:47	Start Change Local Settings
21/08/2024 16:32:47	Could not change short date format
21/08/2024 16:32:47	Could not change long date format
21/08/2024 16:32:47	Finish Change Local Settings
21/08/2024 16:32:47	Registry Read: Path=SOFTWARE\WEHA\Aplikasi\3
21/08/2024 16:32:47	Registry Read/Write
21/08/2024 16:32:47	Registry Read: Path=SOFTWARE\WEHA\Aplikasi\3
21/08/2024 16:34:23	Get Local Settings
21/08/2024 16:34:23	Start Change Local Settings
21/08/2024 16:34:23	Could not change short date format
21/08/2024 16:34:23	Could not change long date format
21/08/2024 16:34:23	Finish Change Local Settings
21/08/2024 16:34:23	Registry Read: Path=SOFTWARE\WEHA\Aplikasi\3
21/08/2024 16:34:23	Registry Read/Write
21/08/2024 16:34:23	Registry Read: Path=SOFTWARE\WEHA\Aplikasi\3
21/08/2024 16:38:39	Get Local Settings
21/08/2024 16:38:39	Start Change Local Settings
21/08/2024 16:38:39	Could not change short date format
21/08/2024 16:38:39	Could not change long date format
21/08/2024 16:38:39	Finish Change Local Settings
21/08/2024 16:38:39	Registry Read: Path=SOFTWARE\WEHA\Aplikasi\3
21/08/2024 16:38:39	Registry Read/Write
21/08/2024 16:38:39	Registry Read: Path=SOFTWARE\WEHA\Aplikasi\3
21/08/2024 16:43:59	Get Local Settings
21/08/2024 16:43:59	Start Change Local Settings
21/08/2024 16:43:59	Could not change short date format
21/08/2024 16:43:59	Could not change long date format
21/08/2024 16:43:59	Finish Change Local Settings
21/08/2024 16:43:59	Registry Read: Path=SOFTWARE\WEHA\Aplikasi\3
21/08/2024 16:43:59	Registry Read/Write
21/08/2024 16:43:59	Registry Read: Path=SOFTWARE\WEHA\Aplikasi\3
21/08/2024 16:44:39	Get Local Settings
21/08/2024 16:44:39	Start Change Local Settings
21/08/2024 16:44:39	Could not change short date format
21/08/2024 16:44:39	Could not change long date format
21/08/2024 16:44:39	Finish Change Local Settings
21/08/2024 16:44:39	Registry Read: Path=SOFTWARE\WEHA\Aplikasi\3
21/08/2024 16:44:39	Registry Read/Write
21/08/2024 16:44:39	Registry Read: Path=SOFTWARE\WEHA\Aplikasi\3
21/08/2024 16:46:13	Get Local Settings
21/08/2024 16:46:13	Start Change Local Settings
21/08/2024 16:46:13	Could not change short date format
21/08/2024 16:46:13	Could not change long date format
21/08/2024 16:46:13	Finish Change Local Settings
21/08/2024 16:46:13	Registry Read: Path=SOFTWARE\WEHA\Aplikasi\3
21/08/2024 16:46:13	Registry Read/Write
21/08/2024 16:46:13	Registry Read: Path=SOFTWARE\WEHA\Aplikasi\3
21/08/2024 16:51:31	Get Local Settings
21/08/2024 16:51:31	Start Change Local Settings
21/08/2024 16:51:31	Could not change short date format
21/08/2024 16:51:31	Could not change long date format
21/08/2024 16:51:31	Finish Change Local Settings
21/08/2024 16:51:31	Registry Read: Path=SOFTWARE\WEHA\Aplikasi\3
21/08/2024 16:51:31	Registry Read/Write
21/08/2024 16:51:31	Registry Read: Path=SOFTWARE\WEHA\Aplikasi\3
21/08/2024 16:54:37	Get Local Settings
21/08/2024 16:54:37	Start Change Local Settings
21/08/2024 16:54:37	Could not change short date format
21/08/2024 16:54:37	Could not change long date format
21/08/2024 16:54:37	Finish Change Local Settings
21/08/2024 16:54:37	Registry Read: Path=SOFTWARE\WEHA\Aplikasi\3
21/08/2024 16:54:37	Registry Read/Write
21/08/2024 16:54:37	Registry Read: Path=SOFTWARE\WEHA\Aplikasi\3
21/08/2024 16:57:47	Get Local Settings
21/08/2024 16:57:47	Start Change Local Settings
21/08/2024 16:57:47	Could not change short date format
21/08/2024 16:57:47	Could not change long date format
21/08/2024 16:57:47	Finish Change Local Settings
21/08/2024 16:57:47	Registry Read: Path=SOFTWARE\WEHA\Aplikasi\3
21/08/2024 16:57:47	Registry Read/Write
21/08/2024 16:57:47	Registry Read: Path=SOFTWARE\WEHA\Aplikasi\3
21/08/2024 17:05:39	Get Local Settings
21/08/2024 17:05:39	Start Change Local Settings
21/08/2024 17:05:39	Could not change short date format
21/08/2024 17:05:39	Could not change long date format
21/08/2024 17:05:39	Finish Change Local Settings
21/08/2024 17:05:39	Registry Read: Path=SOFTWARE\WEHA\Aplikasi\3
21/08/2024 17:05:39	Registry Read/Write
21/08/2024 17:05:39	Registry Read: Path=SOFTWARE\WEHA\Aplikasi\3
21/08/2024 17:14:35	Get Local Settings
21/08/2024 17:14:35	Start Change Local Settings
21/08/2024 17:14:35	Could not change short date format
21/08/2024 17:14:35	Could not change long date format
21/08/2024 17:14:35	Finish Change Local Settings
21/08/2024 17:14:35	Registry Read: Path=SOFTWARE\WEHA\Aplikasi\3
21/08/2024 17:14:35	Registry Read/Write
21/08/2024 17:14:35	Registry Read: Path=SOFTWARE\WEHA\Aplikasi\3
21/08/2024 17:15:59	Get Local Settings
21/08/2024 17:15:59	Start Change Local Settings
21/08/2024 17:15:59	Could not change short date format
21/08/2024 17:15:59	Could not change long date format
21/08/2024 17:15:59	Finish Change Local Settings
21/08/2024 17:15:59	Registry Read: Path=SOFTWARE\WEHA\Aplikasi\3
21/08/2024 17:15:59	Registry Read/Write
21/08/2024 17:15:59	Registry Read: Path=SOFTWARE\WEHA\Aplikasi\3
22/08/2024 09:27:59	Get Local Settings
22/08/2024 09:27:59	Start Change Local Settings
22/08/2024 09:27:59	Could not change short date format
22/08/2024 09:27:59	Could not change long date format
22/08/2024 09:27:59	Finish Change Local Settings
22/08/2024 09:27:59	Registry Read: Path=SOFTWARE\WEHA\Aplikasi\3
22/08/2024 09:27:59	Registry Read/Write
22/08/2024 09:27:59	Registry Read: Path=SOFTWARE\WEHA\Aplikasi\3
22/08/2024 09:28:19	Get Local Settings
22/08/2024 09:28:19	Start Change Local Settings
22/08/2024 09:28:19	Could not change short date format
22/08/2024 09:28:19	Could not change long date format
22/08/2024 09:28:19	Finish Change Local Settings
22/08/2024 09:28:19	Registry Read: Path=SOFTWARE\WEHA\Aplikasi\3
22/08/2024 09:28:19	Registry Read/Write
22/08/2024 09:28:19	Registry Read: Path=SOFTWARE\WEHA\Aplikasi\3
22/08/2024 09:52:56	Get Local Settings
22/08/2024 09:52:56	Start Change Local Settings
22/08/2024 09:52:56	Could not change short date format
22/08/2024 09:52:56	Could not change long date format
22/08/2024 09:52:56	Finish Change Local Settings
22/08/2024 09:52:56	Registry Read: Path=SOFTWARE\WEHA\Aplikasi\3
22/08/2024 09:52:56	Registry Read/Write
22/08/2024 09:52:56	Registry Read: Path=SOFTWARE\WEHA\Aplikasi\3
22/08/2024 09:56:02	Get Local Settings
22/08/2024 09:56:02	Start Change Local Settings
22/08/2024 09:56:02	Could not change short date format
22/08/2024 09:56:02	Could not change long date format
22/08/2024 09:56:02	Finish Change Local Settings
22/08/2024 09:56:02	Registry Read: Path=SOFTWARE\WEHA\Aplikasi\3
22/08/2024 09:56:02	Registry Read/Write
22/08/2024 09:56:02	Registry Read: Path=SOFTWARE\WEHA\Aplikasi\3
22/08/2024 10:30:42	Get Local Settings
22/08/2024 10:30:42	Start Change Local Settings
22/08/2024 10:30:42	Could not change short date format
22/08/2024 10:30:42	Could not change long date format
22/08/2024 10:30:42	Finish Change Local Settings
22/08/2024 10:30:42	Registry Read: Path=SOFTWARE\WEHA\Aplikasi\3
22/08/2024 10:30:42	Registry Read/Write
22/08/2024 10:30:42	Registry Read: Path=SOFTWARE\WEHA\Aplikasi\3
22/08/2024 13:33:53	Get Local Settings
22/08/2024 13:33:53	Start Change Local Settings
22/08/2024 13:33:53	Could not change short date format
22/08/2024 13:33:53	Could not change long date format
22/08/2024 13:33:53	Finish Change Local Settings
22/08/2024 13:33:53	Registry Read: Path=SOFTWARE\WEHA\Aplikasi\3
22/08/2024 13:33:53	Registry Read/Write
22/08/2024 13:33:53	Registry Read: Path=SOFTWARE\WEHA\Aplikasi\3
22/08/2024 14:05:18	Get Local Settings
22/08/2024 14:05:18	Start Change Local Settings
22/08/2024 14:05:18	Could not change short date format
22/08/2024 14:05:18	Could not change long date format
22/08/2024 14:05:18	Finish Change Local Settings
22/08/2024 14:05:18	Registry Read: Path=SOFTWARE\WEHA\Aplikasi\3
22/08/2024 14:05:18	Registry Read/Write
22/08/2024 14:05:18	Registry Read: Path=SOFTWARE\WEHA\Aplikasi\3
22/08/2024 14:10:03	Get Local Settings
22/08/2024 14:10:03	Start Change Local Settings
22/08/2024 14:10:03	Could not change short date format
22/08/2024 14:10:03	Could not change long date format
22/08/2024 14:10:03	Finish Change Local Settings
22/08/2024 14:10:03	Registry Read: Path=SOFTWARE\WEHA\Aplikasi\3
22/08/2024 14:10:03	Registry Read/Write
22/08/2024 14:10:03	Registry Read: Path=SOFTWARE\WEHA\Aplikasi\3
22/08/2024 14:34:53	Get Local Settings
22/08/2024 14:34:53	Start Change Local Settings
22/08/2024 14:34:53	Could not change short date format
22/08/2024 14:34:53	Could not change long date format
22/08/2024 14:34:53	Finish Change Local Settings
22/08/2024 14:34:53	Registry Read: Path=SOFTWARE\WEHA\Aplikasi\3
22/08/2024 14:34:53	Registry Read/Write
22/08/2024 14:34:53	Registry Read: Path=SOFTWARE\WEHA\Aplikasi\3
22/08/2024 14:36:31	Get Local Settings
22/08/2024 14:36:31	Start Change Local Settings
22/08/2024 14:36:31	Could not change short date format
22/08/2024 14:36:31	Could not change long date format
22/08/2024 14:36:31	Finish Change Local Settings
22/08/2024 14:36:31	Registry Read: Path=SOFTWARE\WEHA\Aplikasi\3
22/08/2024 14:36:31	Registry Read/Write
22/08/2024 14:36:31	Registry Read: Path=SOFTWARE\WEHA\Aplikasi\3
22/08/2024 14:38:18	Get Local Settings
22/08/2024 14:38:18	Start Change Local Settings
22/08/2024 14:38:18	Could not change short date format
22/08/2024 14:38:18	Could not change long date format
22/08/2024 14:38:18	Finish Change Local Settings
22/08/2024 14:38:18	Registry Read: Path=SOFTWARE\WEHA\Aplikasi\3
22/08/2024 14:38:18	Registry Read/Write
22/08/2024 14:38:18	Registry Read: Path=SOFTWARE\WEHA\Aplikasi\3
22/08/2024 14:48:11	Get Local Settings
22/08/2024 14:48:11	Start Change Local Settings
22/08/2024 14:48:11	Could not change short date format
22/08/2024 14:48:11	Could not change long date format
22/08/2024 14:48:11	Finish Change Local Settings
22/08/2024 14:48:11	Registry Read: Path=SOFTWARE\WEHA\Aplikasi\3
22/08/2024 14:48:11	Registry Read/Write
22/08/2024 14:48:11	Registry Read: Path=SOFTWARE\WEHA\Aplikasi\3
22/08/2024 14:50:04	Get Local Settings
22/08/2024 14:50:04	Start Change Local Settings
22/08/2024 14:50:04	Could not change short date format
22/08/2024 14:50:04	Could not change long date format
22/08/2024 14:50:04	Finish Change Local Settings
22/08/2024 14:50:04	Registry Read: Path=SOFTWARE\WEHA\Aplikasi\3
22/08/2024 14:50:04	Registry Read/Write
22/08/2024 14:50:04	Registry Read: Path=SOFTWARE\WEHA\Aplikasi\3
22/08/2024 15:09:57	Get Local Settings
22/08/2024 15:09:57	Start Change Local Settings
22/08/2024 15:09:57	Could not change short date format
22/08/2024 15:09:57	Could not change long date format
22/08/2024 15:09:57	Finish Change Local Settings
22/08/2024 15:09:57	Registry Read: Path=SOFTWARE\WEHA\Aplikasi\3
22/08/2024 15:09:57	Registry Read/Write
22/08/2024 15:09:57	Registry Read: Path=SOFTWARE\WEHA\Aplikasi\3
22/08/2024 17:32:31	Get Local Settings
22/08/2024 17:32:31	Start Change Local Settings
22/08/2024 17:32:31	Could not change short date format
22/08/2024 17:32:31	Could not change long date format
22/08/2024 17:32:31	Finish Change Local Settings
22/08/2024 17:32:31	Registry Read: Path=SOFTWARE\WEHA\Aplikasi\3
22/08/2024 17:32:31	Registry Read/Write
22/08/2024 17:32:31	Registry Read: Path=SOFTWARE\WEHA\Aplikasi\3
23/08/2024 09:14:33	Get Local Settings
23/08/2024 09:14:33	Start Change Local Settings
23/08/2024 09:14:33	Could not change short date format
23/08/2024 09:14:33	Could not change long date format
23/08/2024 09:14:33	Finish Change Local Settings
23/08/2024 09:14:33	Registry Read: Path=SOFTWARE\WEHA\Aplikasi\3
23/08/2024 09:14:33	Registry Read/Write
23/08/2024 09:14:33	Registry Read: Path=SOFTWARE\WEHA\Aplikasi\3
23/08/2024 09:15:56	Get Local Settings
23/08/2024 09:15:56	Start Change Local Settings
23/08/2024 09:15:56	Could not change short date format
23/08/2024 09:15:56	Could not change long date format
23/08/2024 09:15:56	Finish Change Local Settings
23/08/2024 09:15:56	Registry Read: Path=SOFTWARE\WEHA\Aplikasi\3
23/08/2024 09:15:56	Registry Read/Write
23/08/2024 09:15:56	Registry Read: Path=SOFTWARE\WEHA\Aplikasi\3
23/08/2024 09:17:33	Get Local Settings
23/08/2024 09:17:33	Start Change Local Settings
23/08/2024 09:17:33	Could not change short date format
23/08/2024 09:17:33	Could not change long date format
23/08/2024 09:17:33	Finish Change Local Settings
23/08/2024 09:17:33	Registry Read: Path=SOFTWARE\WEHA\Aplikasi\3
23/08/2024 09:17:33	Registry Read/Write
23/08/2024 09:17:33	Registry Read: Path=SOFTWARE\WEHA\Aplikasi\3
23/08/2024 09:18:21	Get Local Settings
23/08/2024 09:18:21	Start Change Local Settings
23/08/2024 09:18:21	Could not change short date format
23/08/2024 09:18:21	Could not change long date format
23/08/2024 09:18:21	Finish Change Local Settings
23/08/2024 09:18:21	Registry Read: Path=SOFTWARE\WEHA\Aplikasi\3
23/08/2024 09:18:21	Registry Read/Write
23/08/2024 09:18:22	Registry Read: Path=SOFTWARE\WEHA\Aplikasi\3
23/08/2024 09:19:59	Get Local Settings
23/08/2024 09:19:59	Start Change Local Settings
23/08/2024 09:19:59	Could not change short date format
23/08/2024 09:19:59	Could not change long date format
23/08/2024 09:19:59	Finish Change Local Settings
23/08/2024 09:19:59	Registry Read: Path=SOFTWARE\WEHA\Aplikasi\3
23/08/2024 09:19:59	Registry Read/Write
23/08/2024 09:19:59	Registry Read: Path=SOFTWARE\WEHA\Aplikasi\3
23/08/2024 09:24:24	Get Local Settings
23/08/2024 09:24:24	Start Change Local Settings
23/08/2024 09:24:24	Could not change short date format
23/08/2024 09:24:24	Could not change long date format
23/08/2024 09:24:24	Finish Change Local Settings
23/08/2024 09:24:24	Registry Read: Path=SOFTWARE\WEHA\Aplikasi\3
23/08/2024 09:24:24	Registry Read/Write
23/08/2024 09:24:24	Registry Read: Path=SOFTWARE\WEHA\Aplikasi\3
23/08/2024 09:30:33	Get Local Settings
23/08/2024 09:30:33	Start Change Local Settings
23/08/2024 09:30:33	Could not change short date format
23/08/2024 09:30:33	Could not change long date format
23/08/2024 09:30:33	Finish Change Local Settings
23/08/2024 09:30:33	Registry Read: Path=SOFTWARE\WEHA\Aplikasi\3
23/08/2024 09:30:33	Registry Read/Write
23/08/2024 09:30:33	Registry Read: Path=SOFTWARE\WEHA\Aplikasi\3
23/08/2024 09:32:26	Get Local Settings
23/08/2024 09:32:26	Start Change Local Settings
23/08/2024 09:32:26	Could not change short date format
23/08/2024 09:32:26	Could not change long date format
23/08/2024 09:32:26	Finish Change Local Settings
23/08/2024 09:32:26	Registry Read: Path=SOFTWARE\WEHA\Aplikasi\3
23/08/2024 09:32:26	Registry Read/Write
23/08/2024 09:32:26	Registry Read: Path=SOFTWARE\WEHA\Aplikasi\3
23/08/2024 09:38:23	Get Local Settings
23/08/2024 09:38:23	Start Change Local Settings
23/08/2024 09:38:23	Could not change short date format
23/08/2024 09:38:23	Could not change long date format
23/08/2024 09:38:23	Finish Change Local Settings
23/08/2024 09:38:23	Registry Read: Path=SOFTWARE\WEHA\Aplikasi\3
23/08/2024 09:38:23	Registry Read/Write
23/08/2024 09:38:23	Registry Read: Path=SOFTWARE\WEHA\Aplikasi\3
23/08/2024 09:41:04	Get Local Settings
23/08/2024 09:41:04	Start Change Local Settings
23/08/2024 09:41:04	Could not change short date format
23/08/2024 09:41:04	Could not change long date format
23/08/2024 09:41:04	Finish Change Local Settings
23/08/2024 09:41:04	Registry Read: Path=SOFTWARE\WEHA\Aplikasi\3
23/08/2024 09:41:04	Registry Read/Write
23/08/2024 09:41:04	Registry Read: Path=SOFTWARE\WEHA\Aplikasi\3
23/08/2024 09:43:12	Get Local Settings
23/08/2024 09:43:12	Start Change Local Settings
23/08/2024 09:43:12	Could not change short date format
23/08/2024 09:43:12	Could not change long date format
23/08/2024 09:43:12	Finish Change Local Settings
23/08/2024 09:43:12	Registry Read: Path=SOFTWARE\WEHA\Aplikasi\3
23/08/2024 09:43:12	Registry Read/Write
23/08/2024 09:43:12	Registry Read: Path=SOFTWARE\WEHA\Aplikasi\3
23/08/2024 09:48:01	Get Local Settings
23/08/2024 09:48:01	Start Change Local Settings
23/08/2024 09:48:01	Could not change short date format
23/08/2024 09:48:01	Could not change long date format
23/08/2024 09:48:01	Finish Change Local Settings
23/08/2024 09:48:01	Registry Read: Path=SOFTWARE\WEHA\Aplikasi\3
23/08/2024 09:48:01	Registry Read/Write
23/08/2024 09:48:01	Registry Read: Path=SOFTWARE\WEHA\Aplikasi\3
23/08/2024 09:51:57	Get Local Settings
23/08/2024 09:51:57	Start Change Local Settings
23/08/2024 09:51:57	Could not change short date format
23/08/2024 09:51:57	Could not change long date format
23/08/2024 09:51:57	Finish Change Local Settings
23/08/2024 09:51:57	Registry Read: Path=SOFTWARE\WEHA\Aplikasi\3
23/08/2024 09:51:57	Registry Read/Write
23/08/2024 09:51:57	Registry Read: Path=SOFTWARE\WEHA\Aplikasi\3
23/08/2024 10:02:03	Get Local Settings
23/08/2024 10:02:03	Start Change Local Settings
23/08/2024 10:02:03	Could not change short date format
23/08/2024 10:02:03	Could not change long date format
23/08/2024 10:02:03	Finish Change Local Settings
23/08/2024 10:02:03	Registry Read: Path=SOFTWARE\WEHA\Aplikasi\3
23/08/2024 10:02:03	Registry Read/Write
23/08/2024 10:02:03	Registry Read: Path=SOFTWARE\WEHA\Aplikasi\3
23/08/2024 10:02:36	Get Local Settings
23/08/2024 10:02:36	Start Change Local Settings
23/08/2024 10:02:36	Could not change short date format
23/08/2024 10:02:36	Could not change long date format
23/08/2024 10:02:36	Finish Change Local Settings
23/08/2024 10:02:36	Registry Read: Path=SOFTWARE\WEHA\Aplikasi\3
23/08/2024 10:02:36	Registry Read/Write
23/08/2024 10:02:36	Registry Read: Path=SOFTWARE\WEHA\Aplikasi\3
23/08/2024 10:04:32	Get Local Settings
23/08/2024 10:04:32	Start Change Local Settings
23/08/2024 10:04:32	Could not change short date format
23/08/2024 10:04:32	Could not change long date format
23/08/2024 10:04:32	Finish Change Local Settings
23/08/2024 10:04:32	Registry Read: Path=SOFTWARE\WEHA\Aplikasi\3
23/08/2024 10:04:32	Registry Read/Write
23/08/2024 10:04:32	Registry Read: Path=SOFTWARE\WEHA\Aplikasi\3
23/08/2024 10:16:47	Get Local Settings
23/08/2024 10:16:47	Start Change Local Settings
23/08/2024 10:16:47	Could not change short date format
23/08/2024 10:16:47	Could not change long date format
23/08/2024 10:16:47	Finish Change Local Settings
23/08/2024 10:16:47	Registry Read: Path=SOFTWARE\WEHA\Aplikasi\3
23/08/2024 10:16:47	Registry Read/Write
23/08/2024 10:16:47	Registry Read: Path=SOFTWARE\WEHA\Aplikasi\3
23/08/2024 10:18:27	Get Local Settings
23/08/2024 10:18:27	Start Change Local Settings
23/08/2024 10:18:27	Could not change short date format
23/08/2024 10:18:27	Could not change long date format
23/08/2024 10:18:27	Finish Change Local Settings
23/08/2024 10:18:27	Registry Read: Path=SOFTWARE\WEHA\Aplikasi\3
23/08/2024 10:18:27	Registry Read/Write
23/08/2024 10:18:27	Registry Read: Path=SOFTWARE\WEHA\Aplikasi\3
23/08/2024 10:19:49	Get Local Settings
23/08/2024 10:19:49	Start Change Local Settings
23/08/2024 10:19:49	Could not change short date format
23/08/2024 10:19:49	Could not change long date format
23/08/2024 10:19:49	Finish Change Local Settings
23/08/2024 10:19:49	Registry Read: Path=SOFTWARE\WEHA\Aplikasi\3
23/08/2024 10:19:49	Registry Read/Write
23/08/2024 10:19:49	Registry Read: Path=SOFTWARE\WEHA\Aplikasi\3
23/08/2024 10:20:30	Get Local Settings
23/08/2024 10:20:30	Start Change Local Settings
23/08/2024 10:20:30	Could not change short date format
23/08/2024 10:20:30	Could not change long date format
23/08/2024 10:20:30	Finish Change Local Settings
23/08/2024 10:20:30	Registry Read: Path=SOFTWARE\WEHA\Aplikasi\3
23/08/2024 10:20:30	Registry Read/Write
23/08/2024 10:20:30	Registry Read: Path=SOFTWARE\WEHA\Aplikasi\3
23/08/2024 10:42:24	Get Local Settings
23/08/2024 10:42:24	Start Change Local Settings
23/08/2024 10:42:24	Could not change short date format
23/08/2024 10:42:24	Could not change long date format
23/08/2024 10:42:24	Finish Change Local Settings
23/08/2024 10:42:24	Registry Read: Path=SOFTWARE\WEHA\Aplikasi\3
23/08/2024 10:42:24	Registry Read/Write
23/08/2024 10:42:24	Registry Read: Path=SOFTWARE\WEHA\Aplikasi\3
23/08/2024 10:45:24	Get Local Settings
23/08/2024 10:45:24	Start Change Local Settings
23/08/2024 10:45:24	Could not change short date format
23/08/2024 10:45:24	Could not change long date format
23/08/2024 10:45:24	Finish Change Local Settings
23/08/2024 10:45:24	Registry Read: Path=SOFTWARE\WEHA\Aplikasi\3
23/08/2024 10:45:24	Registry Read/Write
23/08/2024 10:45:24	Registry Read: Path=SOFTWARE\WEHA\Aplikasi\3
23/08/2024 10:47:52	Get Local Settings
23/08/2024 10:47:52	Start Change Local Settings
23/08/2024 10:47:52	Could not change short date format
23/08/2024 10:47:52	Could not change long date format
23/08/2024 10:47:52	Finish Change Local Settings
23/08/2024 10:47:52	Registry Read: Path=SOFTWARE\WEHA\Aplikasi\3
23/08/2024 10:47:52	Registry Read/Write
23/08/2024 10:47:52	Registry Read: Path=SOFTWARE\WEHA\Aplikasi\3
23/08/2024 11:32:05	Get Local Settings
23/08/2024 11:32:05	Start Change Local Settings
23/08/2024 11:32:05	Could not change short date format
23/08/2024 11:32:05	Could not change long date format
23/08/2024 11:32:05	Finish Change Local Settings
23/08/2024 11:32:05	Registry Read: Path=SOFTWARE\WEHA\Aplikasi\3
23/08/2024 11:32:05	Registry Read/Write
23/08/2024 11:32:05	Registry Read: Path=SOFTWARE\WEHA\Aplikasi\3
23/08/2024 14:18:25	Get Local Settings
23/08/2024 14:18:25	Start Change Local Settings
23/08/2024 14:18:25	Could not change short date format
23/08/2024 14:18:25	Could not change long date format
23/08/2024 14:18:25	Finish Change Local Settings
23/08/2024 14:18:25	Registry Read: Path=SOFTWARE\WEHA\Aplikasi\3
23/08/2024 14:18:25	Registry Read/Write
23/08/2024 14:18:25	Registry Read: Path=SOFTWARE\WEHA\Aplikasi\3
23/08/2024 14:20:44	Get Local Settings
23/08/2024 14:20:44	Start Change Local Settings
23/08/2024 14:20:44	Could not change short date format
23/08/2024 14:20:44	Could not change long date format
23/08/2024 14:20:44	Finish Change Local Settings
23/08/2024 14:20:44	Registry Read: Path=SOFTWARE\WEHA\Aplikasi\3
23/08/2024 14:20:44	Registry Read/Write
23/08/2024 14:20:44	Registry Read: Path=SOFTWARE\WEHA\Aplikasi\3
26/08/2024 09:06:11	Get Local Settings
26/08/2024 09:06:11	Start Change Local Settings
26/08/2024 09:06:11	Could not change short date format
26/08/2024 09:06:11	Could not change long date format
26/08/2024 09:06:11	Finish Change Local Settings
26/08/2024 09:06:11	Registry Read: Path=SOFTWARE\WEHA\Aplikasi\3
26/08/2024 09:06:11	Registry Read/Write
26/08/2024 09:06:11	Registry Read: Path=SOFTWARE\WEHA\Aplikasi\3
26/08/2024 09:11:53	Get Local Settings
26/08/2024 09:11:53	Start Change Local Settings
26/08/2024 09:11:53	Could not change short date format
26/08/2024 09:11:53	Could not change long date format
26/08/2024 09:11:53	Finish Change Local Settings
26/08/2024 09:11:53	Registry Read: Path=SOFTWARE\WEHA\Aplikasi\3
26/08/2024 09:11:53	Registry Read/Write
26/08/2024 09:11:53	Registry Read: Path=SOFTWARE\WEHA\Aplikasi\3
26/08/2024 09:12:37	Get Local Settings
26/08/2024 09:12:37	Start Change Local Settings
26/08/2024 09:12:37	Could not change short date format
26/08/2024 09:12:37	Could not change long date format
26/08/2024 09:12:37	Finish Change Local Settings
26/08/2024 09:12:37	Registry Read: Path=SOFTWARE\WEHA\Aplikasi\3
26/08/2024 09:12:37	Registry Read/Write
26/08/2024 09:12:37	Registry Read: Path=SOFTWARE\WEHA\Aplikasi\3
26/08/2024 13:55:49	Get Local Settings
26/08/2024 13:55:49	Start Change Local Settings
26/08/2024 13:55:49	Could not change short date format
26/08/2024 13:55:49	Could not change long date format
26/08/2024 13:55:49	Finish Change Local Settings
26/08/2024 13:55:49	Registry Read: Path=SOFTWARE\WEHA\Aplikasi\3
26/08/2024 13:55:49	Registry Read/Write
26/08/2024 13:55:49	Registry Read: Path=SOFTWARE\WEHA\Aplikasi\3
26/08/2024 14:09:00	Get Local Settings
26/08/2024 14:09:00	Start Change Local Settings
26/08/2024 14:09:00	Could not change short date format
26/08/2024 14:09:00	Could not change long date format
26/08/2024 14:09:00	Finish Change Local Settings
26/08/2024 14:09:00	Registry Read: Path=SOFTWARE\WEHA\Aplikasi\3
26/08/2024 14:09:00	Registry Read/Write
26/08/2024 14:09:00	Registry Read: Path=SOFTWARE\WEHA\Aplikasi\3
26/08/2024 14:15:44	Get Local Settings
26/08/2024 14:15:44	Start Change Local Settings
26/08/2024 14:15:44	Could not change short date format
26/08/2024 14:15:44	Could not change long date format
26/08/2024 14:15:44	Finish Change Local Settings
26/08/2024 14:15:44	Registry Read: Path=SOFTWARE\WEHA\Aplikasi\3
26/08/2024 14:15:44	Registry Read/Write
26/08/2024 14:15:44	Registry Read: Path=SOFTWARE\WEHA\Aplikasi\3
26/08/2024 14:17:55	Get Local Settings
26/08/2024 14:17:55	Start Change Local Settings
26/08/2024 14:17:55	Could not change short date format
26/08/2024 14:17:55	Could not change long date format
26/08/2024 14:17:55	Finish Change Local Settings
26/08/2024 14:17:55	Registry Read: Path=SOFTWARE\WEHA\Aplikasi\3
26/08/2024 14:17:55	Registry Read/Write
26/08/2024 14:17:55	Registry Read: Path=SOFTWARE\WEHA\Aplikasi\3
26/08/2024 14:24:53	Get Local Settings
26/08/2024 14:24:53	Start Change Local Settings
26/08/2024 14:24:53	Could not change short date format
26/08/2024 14:24:53	Could not change long date format
26/08/2024 14:24:53	Finish Change Local Settings
26/08/2024 14:24:53	Registry Read: Path=SOFTWARE\WEHA\Aplikasi\3
26/08/2024 14:24:53	Registry Read/Write
26/08/2024 14:24:53	Registry Read: Path=SOFTWARE\WEHA\Aplikasi\3
26/08/2024 14:30:28	Get Local Settings
26/08/2024 14:30:28	Start Change Local Settings
26/08/2024 14:30:28	Could not change short date format
26/08/2024 14:30:28	Could not change long date format
26/08/2024 14:30:28	Finish Change Local Settings
26/08/2024 14:30:28	Registry Read: Path=SOFTWARE\WEHA\Aplikasi\3
26/08/2024 14:30:28	Registry Read/Write
26/08/2024 14:30:28	Registry Read: Path=SOFTWARE\WEHA\Aplikasi\3
26/08/2024 14:33:44	Get Local Settings
26/08/2024 14:33:44	Start Change Local Settings
26/08/2024 14:33:44	Could not change short date format
26/08/2024 14:33:44	Could not change long date format
26/08/2024 14:33:44	Finish Change Local Settings
26/08/2024 14:33:44	Registry Read: Path=SOFTWARE\WEHA\Aplikasi\3
26/08/2024 14:33:44	Registry Read/Write
26/08/2024 14:33:44	Registry Read: Path=SOFTWARE\WEHA\Aplikasi\3
26/08/2024 14:36:28	Get Local Settings
26/08/2024 14:36:28	Start Change Local Settings
26/08/2024 14:36:28	Could not change short date format
26/08/2024 14:36:28	Could not change long date format
26/08/2024 14:36:28	Finish Change Local Settings
26/08/2024 14:36:28	Registry Read: Path=SOFTWARE\WEHA\Aplikasi\3
26/08/2024 14:36:28	Registry Read/Write
26/08/2024 14:36:28	Registry Read: Path=SOFTWARE\WEHA\Aplikasi\3
27/08/2024 11:06:29	Get Local Settings
27/08/2024 11:06:29	Start Change Local Settings
27/08/2024 11:06:29	Could not change short date format
27/08/2024 11:06:29	Could not change long date format
27/08/2024 11:06:29	Finish Change Local Settings
27/08/2024 11:06:29	Registry Read: Path=SOFTWARE\WEHA\Aplikasi\3
27/08/2024 11:06:29	Registry Read/Write
27/08/2024 11:06:29	Registry Read: Path=SOFTWARE\WEHA\Aplikasi\3
27/08/2024 11:55:24	Get Local Settings
27/08/2024 11:55:24	Start Change Local Settings
27/08/2024 11:55:24	Could not change short date format
27/08/2024 11:55:24	Could not change long date format
27/08/2024 11:55:24	Finish Change Local Settings
27/08/2024 11:55:24	Registry Read: Path=SOFTWARE\WEHA\Aplikasi\3
27/08/2024 11:55:24	Registry Read/Write
27/08/2024 11:55:24	Registry Read: Path=SOFTWARE\WEHA\Aplikasi\3
27/08/2024 14:49:05	Get Local Settings
27/08/2024 14:49:05	Start Change Local Settings
27/08/2024 14:49:05	Could not change short date format
27/08/2024 14:49:05	Could not change long date format
27/08/2024 14:49:05	Finish Change Local Settings
27/08/2024 14:49:05	Registry Read: Path=SOFTWARE\WEHA\Aplikasi\3
27/08/2024 14:49:05	Registry Read/Write
27/08/2024 14:49:05	Registry Read: Path=SOFTWARE\WEHA\Aplikasi\3
27/08/2024 17:33:31	Get Local Settings
27/08/2024 17:33:31	Start Change Local Settings
27/08/2024 17:33:31	Could not change short date format
27/08/2024 17:33:31	Could not change long date format
27/08/2024 17:33:31	Finish Change Local Settings
27/08/2024 17:33:31	Registry Read: Path=SOFTWARE\WEHA\Aplikasi\3
27/08/2024 17:33:31	Registry Read/Write
27/08/2024 17:33:31	Registry Read: Path=SOFTWARE\WEHA\Aplikasi\3
27/08/2024 17:38:26	Get Local Settings
27/08/2024 17:38:26	Start Change Local Settings
27/08/2024 17:38:26	Could not change short date format
27/08/2024 17:38:26	Could not change long date format
27/08/2024 17:38:26	Finish Change Local Settings
27/08/2024 17:38:26	Registry Read: Path=SOFTWARE\WEHA\Aplikasi\3
27/08/2024 17:38:26	Registry Read/Write
27/08/2024 17:38:26	Registry Read: Path=SOFTWARE\WEHA\Aplikasi\3
28/08/2024 09:34:41	Get Local Settings
28/08/2024 09:34:41	Start Change Local Settings
28/08/2024 09:34:41	Could not change short date format
28/08/2024 09:34:41	Could not change long date format
28/08/2024 09:34:41	Finish Change Local Settings
28/08/2024 09:34:41	Registry Read: Path=SOFTWARE\WEHA\Aplikasi\3
28/08/2024 09:34:41	Registry Read/Write
28/08/2024 09:34:41	Registry Read: Path=SOFTWARE\WEHA\Aplikasi\3
28/08/2024 11:15:29	Get Local Settings
28/08/2024 11:15:29	Start Change Local Settings
28/08/2024 11:15:29	Could not change short date format
28/08/2024 11:15:29	Could not change long date format
28/08/2024 11:15:29	Finish Change Local Settings
28/08/2024 11:15:29	Registry Read: Path=SOFTWARE\WEHA\Aplikasi\3
28/08/2024 11:15:29	Registry Read/Write
28/08/2024 11:15:29	Registry Read: Path=SOFTWARE\WEHA\Aplikasi\3
28/08/2024 11:17:28	Get Local Settings
28/08/2024 11:17:28	Start Change Local Settings
28/08/2024 11:17:28	Could not change short date format
28/08/2024 11:17:28	Could not change long date format
28/08/2024 11:17:28	Finish Change Local Settings
28/08/2024 11:17:28	Registry Read: Path=SOFTWARE\WEHA\Aplikasi\3
28/08/2024 11:17:28	Registry Read/Write
28/08/2024 11:17:28	Registry Read: Path=SOFTWARE\WEHA\Aplikasi\3
28/08/2024 11:20:50	Get Local Settings
28/08/2024 11:20:50	Start Change Local Settings
28/08/2024 11:20:50	Could not change short date format
28/08/2024 11:20:50	Could not change long date format
28/08/2024 11:20:50	Finish Change Local Settings
28/08/2024 11:20:50	Registry Read: Path=SOFTWARE\WEHA\Aplikasi\3
28/08/2024 11:20:50	Registry Read/Write
28/08/2024 11:20:50	Registry Read: Path=SOFTWARE\WEHA\Aplikasi\3
28/08/2024 14:03:51	Get Local Settings
28/08/2024 14:03:51	Start Change Local Settings
28/08/2024 14:03:51	Could not change short date format
28/08/2024 14:03:51	Could not change long date format
28/08/2024 14:03:51	Finish Change Local Settings
28/08/2024 14:03:51	Registry Read: Path=SOFTWARE\WEHA\Aplikasi\3
28/08/2024 14:03:51	Registry Read/Write
28/08/2024 14:03:51	Registry Read: Path=SOFTWARE\WEHA\Aplikasi\3
28/08/2024 16:20:50	Get Local Settings
28/08/2024 16:20:50	Start Change Local Settings
28/08/2024 16:20:50	Could not change short date format
28/08/2024 16:20:50	Could not change long date format
28/08/2024 16:20:50	Finish Change Local Settings
28/08/2024 16:20:50	Registry Read: Path=SOFTWARE\WEHA\Aplikasi\3
28/08/2024 16:20:50	Registry Read/Write
28/08/2024 16:20:50	Registry Read: Path=SOFTWARE\WEHA\Aplikasi\3
28/08/2024 17:00:32	Get Local Settings
28/08/2024 17:00:32	Start Change Local Settings
28/08/2024 17:00:32	Could not change short date format
28/08/2024 17:00:32	Could not change long date format
28/08/2024 17:00:32	Finish Change Local Settings
28/08/2024 17:00:32	Registry Read: Path=SOFTWARE\WEHA\Aplikasi\3
28/08/2024 17:00:32	Registry Read/Write
28/08/2024 17:00:32	Registry Read: Path=SOFTWARE\WEHA\Aplikasi\3
28/08/2024 17:02:30	Get Local Settings
28/08/2024 17:02:30	Start Change Local Settings
28/08/2024 17:02:30	Could not change short date format
28/08/2024 17:02:30	Could not change long date format
28/08/2024 17:02:30	Finish Change Local Settings
28/08/2024 17:02:30	Registry Read: Path=SOFTWARE\WEHA\Aplikasi\3
28/08/2024 17:02:30	Registry Read/Write
28/08/2024 17:02:30	Registry Read: Path=SOFTWARE\WEHA\Aplikasi\3
05/09/2024 11:56:52	Get Local Settings
05/09/2024 11:56:52	Start Change Local Settings
05/09/2024 11:56:52	Change short date format
05/09/2024 11:56:52	Change Long date format
05/09/2024 11:56:52	Finish Change Local Settings
05/09/2024 11:56:52	Registry Read: Path=SOFTWARE\WEHA\Aplikasi\3
05/09/2024 11:56:52	Registry Read/Write
05/09/2024 11:56:52	Registry Read: Path=SOFTWARE\WEHA\Aplikasi\3
05/09/2024 11:56:52	Setting DB Param
05/09/2024 11:56:52	Create DB Object
05/09/2024 11:56:52	Create DB Object
05/09/2024 11:56:52	Init DB
05/09/2024 11:56:52	Finish Init DB
05/09/2024 11:56:52	Get File Version
05/09/2024 11:56:52	Change  Caption
05/09/2024 11:56:52	Init Shortkey
05/09/2024 11:58:39	Form Check :Setting
05/09/2024 11:58:39	Form Open: Setting
05/09/2024 11:58:43	Setting DB Param
05/09/2024 11:58:43	Create DB Object
05/09/2024 11:58:43	Create DB Object
05/09/2024 11:58:43	Init DB
05/09/2024 11:58:43	Finish Init DB
05/09/2024 11:58:57	Update new version check
05/09/2024 11:58:57	Open DB Connection
05/09/2024 11:59:19	SQL :
05/09/2024 11:59:19	Update check version
05/09/2024 11:59:19	Open DB Connection
05/09/2024 11:59:19	SQL :SELECT version FROM wh_application WHERE application_id=(SELECT MAX(application_id) FROM wh_application);
05/09/2024 11:59:19	Start Login
05/09/2024 11:59:19	Open DB Connection
05/09/2024 11:59:19	SQL :EXEC AuthenticateUser 'irvan.ruswanto','0b1dd5fabd221ef63c58c026bce4cf6b';
05/09/2024 11:59:19	SQL :INSERT INTO wh_log (user_id,app_date,app_version,app_version_svr,location_id,company_id,department_id,host_name,ip_address)  VALUES ('irvan.ruswanto','05/09/2024','6.1.5.42','6.1.5.41',6,2,00,'IT-WEHA','192.168.25.215');
05/09/2024 11:59:19	Open DB Connection
05/09/2024 11:59:19	SQL :EXEC GetUserMenu 'irvan.ruswanto';
05/09/2024 11:59:19	SQL :EXEC GetUserSubMenu 'irvan.ruswanto','11';
05/09/2024 11:59:19	SQL :EXEC GetUserTreeMenu 'irvan.ruswanto','1101',@CompanyId=2;
05/09/2024 11:59:19	SQL :EXEC GetUserTreeMenu 'irvan.ruswanto','1102',@CompanyId=2;
05/09/2024 11:59:19	SQL :EXEC GetUserTreeMenu 'irvan.ruswanto','1103',@CompanyId=2;
05/09/2024 11:59:19	SQL :EXEC GetUserTreeMenu 'irvan.ruswanto','1104',@CompanyId=2;
05/09/2024 11:59:20	SQL :EXEC GetUserTreeMenu 'irvan.ruswanto','1105',@CompanyId=2;
05/09/2024 11:59:20	SQL :EXEC GetUserTreeMenu 'irvan.ruswanto','1106',@CompanyId=2;
05/09/2024 11:59:20	SQL :EXEC GetUserTreeMenu 'irvan.ruswanto','1107',@CompanyId=2;
05/09/2024 11:59:20	SQL :EXEC GetUserTreeMenu 'irvan.ruswanto','1108',@CompanyId=2;
05/09/2024 11:59:20	SQL :EXEC GetUserTreeMenu 'irvan.ruswanto','1109',@CompanyId=2;
05/09/2024 11:59:20	SQL :EXEC GetUserTreeMenu 'irvan.ruswanto','1110',@CompanyId=2;
05/09/2024 11:59:20	SQL :EXEC GetUserTreeMenu 'irvan.ruswanto','1111',@CompanyId=2;
05/09/2024 11:59:20	SQL :EXEC GetUserTreeMenu 'irvan.ruswanto','1112',@CompanyId=2;
05/09/2024 11:59:20	SQL :EXEC GetUserTreeMenu 'irvan.ruswanto','1113',@CompanyId=2;
05/09/2024 11:59:20	SQL :EXEC GetUserTreeMenu 'irvan.ruswanto','1114',@CompanyId=2;
05/09/2024 11:59:20	SQL :EXEC GetUserTreeMenu 'irvan.ruswanto','1115',@CompanyId=2;
05/09/2024 11:59:20	SQL :EXEC GetUserTreeMenu 'irvan.ruswanto','1116',@CompanyId=2;
05/09/2024 11:59:20	SQL :EXEC GetUserTreeMenu 'irvan.ruswanto','1117',@CompanyId=2;
05/09/2024 11:59:20	SQL :EXEC GetUserTreeMenu 'irvan.ruswanto','1198',@CompanyId=2;
05/09/2024 11:59:20	SQL :EXEC GetUserTreeMenu 'irvan.ruswanto','1199',@CompanyId=2;
05/09/2024 11:59:20	SQL :EXEC GetUserSubMenu 'irvan.ruswanto','12';
05/09/2024 11:59:20	SQL :EXEC GetUserTreeMenu 'irvan.ruswanto','1201',@CompanyId=2;
05/09/2024 11:59:20	SQL :EXEC GetUserTreeMenu 'irvan.ruswanto','1202',@CompanyId=2;
05/09/2024 11:59:20	SQL :EXEC GetUserTreeMenu 'irvan.ruswanto','1203',@CompanyId=2;
05/09/2024 11:59:20	SQL :EXEC GetUserTreeMenu 'irvan.ruswanto','1204',@CompanyId=2;
05/09/2024 11:59:20	SQL :EXEC GetUserTreeMenu 'irvan.ruswanto','1205',@CompanyId=2;
05/09/2024 11:59:20	SQL :EXEC GetUserTreeMenu 'irvan.ruswanto','1206',@CompanyId=2;
05/09/2024 11:59:20	SQL :EXEC GetUserTreeMenu 'irvan.ruswanto','1207',@CompanyId=2;
05/09/2024 11:59:20	SQL :EXEC GetUserSubMenu 'irvan.ruswanto','13';
05/09/2024 11:59:21	SQL :EXEC GetUserTreeMenu 'irvan.ruswanto','1301',@CompanyId=2;
05/09/2024 11:59:21	SQL :EXEC GetUserTreeMenu 'irvan.ruswanto','1302',@CompanyId=2;
05/09/2024 11:59:21	SQL :EXEC GetUserTreeMenu 'irvan.ruswanto','1303',@CompanyId=2;
05/09/2024 11:59:21	SQL :EXEC GetUserTreeMenu 'irvan.ruswanto','1304',@CompanyId=2;
05/09/2024 11:59:21	SQL :EXEC GetUserTreeMenu 'irvan.ruswanto','1305',@CompanyId=2;
05/09/2024 11:59:21	SQL :EXEC GetUserTreeMenu 'irvan.ruswanto','1306',@CompanyId=2;
05/09/2024 11:59:21	SQL :EXEC GetUserTreeMenu 'irvan.ruswanto','1307',@CompanyId=2;
05/09/2024 11:59:21	SQL :EXEC GetUserTreeMenu 'irvan.ruswanto','1308',@CompanyId=2;
05/09/2024 11:59:21	SQL :EXEC GetUserTreeMenu 'irvan.ruswanto','1309',@CompanyId=2;
05/09/2024 11:59:21	SQL :EXEC GetUserTreeMenu 'irvan.ruswanto','1310',@CompanyId=2;
05/09/2024 11:59:21	SQL :EXEC GetUserTreeMenu 'irvan.ruswanto','1311',@CompanyId=2;
05/09/2024 11:59:21	SQL :EXEC GetUserTreeMenu 'irvan.ruswanto','1312',@CompanyId=2;
05/09/2024 11:59:21	SQL :EXEC GetUserTreeMenu 'irvan.ruswanto','1313',@CompanyId=2;
05/09/2024 11:59:21	SQL :EXEC GetUserTreeMenu 'irvan.ruswanto','1314',@CompanyId=2;
05/09/2024 11:59:21	SQL :EXEC GetUserTreeMenu 'irvan.ruswanto','1315',@CompanyId=2;
05/09/2024 11:59:21	SQL :EXEC GetUserTreeMenu 'irvan.ruswanto','1316',@CompanyId=2;
05/09/2024 11:59:21	SQL :EXEC GetUserTreeMenu 'irvan.ruswanto','1317',@CompanyId=2;
05/09/2024 11:59:21	SQL :EXEC GetUserTreeMenu 'irvan.ruswanto','1318',@CompanyId=2;
05/09/2024 11:59:21	SQL :EXEC GetUserTreeMenu 'irvan.ruswanto','1319',@CompanyId=2;
05/09/2024 11:59:21	SQL :EXEC GetUserTreeMenu 'irvan.ruswanto','1320',@CompanyId=2;
05/09/2024 11:59:21	SQL :EXEC GetUserTreeMenu 'irvan.ruswanto','1321',@CompanyId=2;
05/09/2024 11:59:21	SQL :EXEC GetUserTreeMenu 'irvan.ruswanto','1322',@CompanyId=2;
05/09/2024 11:59:21	SQL :EXEC GetUserSubMenu 'irvan.ruswanto','14';
05/09/2024 11:59:22	SQL :EXEC GetUserTreeMenu 'irvan.ruswanto','1401',@CompanyId=2;
05/09/2024 11:59:22	SQL :EXEC GetUserTreeMenu 'irvan.ruswanto','1402',@CompanyId=2;
05/09/2024 11:59:22	SQL :EXEC GetUserTreeMenu 'irvan.ruswanto','1403',@CompanyId=2;
05/09/2024 11:59:22	SQL :EXEC GetUserTreeMenu 'irvan.ruswanto','1404',@CompanyId=2;
05/09/2024 11:59:22	SQL :EXEC GetUserTreeMenu 'irvan.ruswanto','1406',@CompanyId=2;
05/09/2024 11:59:22	SQL :EXEC GetUserTreeMenu 'irvan.ruswanto','1408',@CompanyId=2;
05/09/2024 11:59:22	SQL :EXEC GetUserTreeMenu 'irvan.ruswanto','1410',@CompanyId=2;
05/09/2024 11:59:22	SQL :EXEC GetUserTreeMenu 'irvan.ruswanto','1411',@CompanyId=2;
05/09/2024 11:59:22	SQL :EXEC GetUserTreeMenu 'irvan.ruswanto','1412',@CompanyId=2;
05/09/2024 11:59:22	SQL :EXEC GetUserTreeMenu 'irvan.ruswanto','1413',@CompanyId=2;
05/09/2024 11:59:22	SQL :EXEC GetUserTreeMenu 'irvan.ruswanto','1414',@CompanyId=2;
05/09/2024 11:59:22	SQL :EXEC GetUserSubMenu 'irvan.ruswanto','15';
05/09/2024 11:59:22	SQL :EXEC GetUserTreeMenu 'irvan.ruswanto','1501',@CompanyId=2;
05/09/2024 11:59:22	SQL :EXEC GetUserTreeMenu 'irvan.ruswanto','1502',@CompanyId=2;
05/09/2024 11:59:22	SQL :EXEC GetUserTreeMenu 'irvan.ruswanto','1503',@CompanyId=2;
05/09/2024 11:59:22	SQL :EXEC GetUserTreeMenu 'irvan.ruswanto','1504',@CompanyId=2;
05/09/2024 11:59:22	SQL :EXEC GetUserTreeMenu 'irvan.ruswanto','1505',@CompanyId=2;
05/09/2024 11:59:22	SQL :EXEC GetUserTreeMenu 'irvan.ruswanto','1506',@CompanyId=2;
05/09/2024 11:59:22	SQL :EXEC GetUserTreeMenu 'irvan.ruswanto','1507',@CompanyId=2;
05/09/2024 11:59:22	SQL :EXEC GetUserTreeMenu 'irvan.ruswanto','1508',@CompanyId=2;
05/09/2024 11:59:22	SQL :EXEC GetUserTreeMenu 'irvan.ruswanto','1509',@CompanyId=2;
05/09/2024 11:59:22	SQL :EXEC GetUserTreeMenu 'irvan.ruswanto','1510',@CompanyId=2;
05/09/2024 11:59:22	SQL :EXEC GetUserTreeMenu 'irvan.ruswanto','1511',@CompanyId=2;
05/09/2024 11:59:22	SQL :EXEC GetUserSubMenu 'irvan.ruswanto','16';
05/09/2024 11:59:22	SQL :EXEC GetUserTreeMenu 'irvan.ruswanto','1601',@CompanyId=2;
05/09/2024 11:59:22	SQL :EXEC GetUserTreeMenu 'irvan.ruswanto','1602',@CompanyId=2;
05/09/2024 11:59:22	SQL :EXEC GetUserTreeMenu 'irvan.ruswanto','1603',@CompanyId=2;
05/09/2024 11:59:23	SQL :EXEC GetUserTreeMenu 'irvan.ruswanto','1604',@CompanyId=2;
05/09/2024 11:59:23	SQL :EXEC GetUserTreeMenu 'irvan.ruswanto','1605',@CompanyId=2;
05/09/2024 11:59:23	SQL :EXEC GetUserTreeMenu 'irvan.ruswanto','1606',@CompanyId=2;
05/09/2024 11:59:23	SQL :EXEC GetUserTreeMenu 'irvan.ruswanto','1607',@CompanyId=2;
05/09/2024 11:59:23	SQL :EXEC GetUserTreeMenu 'irvan.ruswanto','1608',@CompanyId=2;
05/09/2024 11:59:23	SQL :EXEC GetUserTreeMenu 'irvan.ruswanto','1609',@CompanyId=2;
05/09/2024 11:59:23	SQL :EXEC GetUserTreeMenu 'irvan.ruswanto','1610',@CompanyId=2;
05/09/2024 11:59:23	SQL :EXEC GetUserTreeMenu 'irvan.ruswanto','1611',@CompanyId=2;
05/09/2024 11:59:23	SQL :EXEC GetUserTreeMenu 'irvan.ruswanto','1612',@CompanyId=2;
05/09/2024 11:59:23	SQL :EXEC GetUserTreeMenu 'irvan.ruswanto','1613',@CompanyId=2;
05/09/2024 11:59:23	SQL :EXEC GetUserTreeMenu 'irvan.ruswanto','1614',@CompanyId=2;
05/09/2024 11:59:23	SQL :EXEC GetUserTreeMenu 'irvan.ruswanto','1615',@CompanyId=2;
05/09/2024 11:59:23	SQL :EXEC GetUserTreeMenu 'irvan.ruswanto','1616',@CompanyId=2;
05/09/2024 11:59:23	SQL :EXEC GetUserTreeMenu 'irvan.ruswanto','1619',@CompanyId=2;
05/09/2024 11:59:23	SQL :EXEC GetUserTreeMenu 'irvan.ruswanto','1620',@CompanyId=2;
05/09/2024 11:59:23	SQL :EXEC GetUserSubMenu 'irvan.ruswanto','17';
05/09/2024 11:59:23	SQL :EXEC GetUserTreeMenu 'irvan.ruswanto','1701',@CompanyId=2;
05/09/2024 11:59:23	SQL :EXEC GetUserTreeMenu 'irvan.ruswanto','1702',@CompanyId=2;
05/09/2024 11:59:23	SQL :EXEC GetUserTreeMenu 'irvan.ruswanto','1703',@CompanyId=2;
05/09/2024 11:59:23	SQL :EXEC GetUserTreeMenu 'irvan.ruswanto','1704',@CompanyId=2;
05/09/2024 11:59:23	SQL :EXEC GetUserTreeMenu 'irvan.ruswanto','1705',@CompanyId=2;
05/09/2024 11:59:23	SQL :EXEC GetUserTreeMenu 'irvan.ruswanto','1706',@CompanyId=2;
05/09/2024 11:59:23	SQL :EXEC GetUserTreeMenu 'irvan.ruswanto','1707',@CompanyId=2;
05/09/2024 11:59:23	SQL :EXEC GetUserTreeMenu 'irvan.ruswanto','1708',@CompanyId=2;
05/09/2024 11:59:23	SQL :EXEC GetUserTreeMenu 'irvan.ruswanto','1709',@CompanyId=2;
05/09/2024 11:59:23	SQL :EXEC GetUserTreeMenu 'irvan.ruswanto','1710',@CompanyId=2;
05/09/2024 11:59:23	SQL :EXEC GetUserTreeMenu 'irvan.ruswanto','1711',@CompanyId=2;
05/09/2024 11:59:23	SQL :EXEC GetUserTreeMenu 'irvan.ruswanto','1712',@CompanyId=2;
05/09/2024 11:59:23	SQL :EXEC GetUserTreeMenu 'irvan.ruswanto','1713',@CompanyId=2;
05/09/2024 11:59:23	SQL :EXEC GetUserTreeMenu 'irvan.ruswanto','1714',@CompanyId=2;
05/09/2024 11:59:23	SQL :EXEC GetUserTreeMenu 'irvan.ruswanto','1715',@CompanyId=2;
05/09/2024 11:59:23	SQL :EXEC GetUserTreeMenu 'irvan.ruswanto','1716',@CompanyId=2;
05/09/2024 11:59:23	SQL :EXEC GetUserTreeMenu 'irvan.ruswanto','1717',@CompanyId=2;
05/09/2024 11:59:23	SQL :EXEC GetUserSubMenu 'irvan.ruswanto','18';
05/09/2024 11:59:23	SQL :EXEC GetUserTreeMenu 'irvan.ruswanto','1801',@CompanyId=2;
05/09/2024 11:59:23	SQL :EXEC GetUserSubMenu 'irvan.ruswanto','19';
05/09/2024 11:59:23	SQL :EXEC GetUserTreeMenu 'irvan.ruswanto','1901',@CompanyId=2;
05/09/2024 11:59:24	SQL :EXEC GetUserTreeMenu 'irvan.ruswanto','1902',@CompanyId=2;
05/09/2024 11:59:24	SQL :EXEC GetUserTreeMenu 'irvan.ruswanto','1903',@CompanyId=2;
05/09/2024 11:59:24	SQL :EXEC GetUserTreeMenu 'irvan.ruswanto','1904',@CompanyId=2;
05/09/2024 11:59:24	SQL :EXEC GetUserTreeMenu 'irvan.ruswanto','1905',@CompanyId=2;
05/09/2024 11:59:24	SQL :EXEC GetUserTreeMenu 'irvan.ruswanto','1906',@CompanyId=2;
05/09/2024 11:59:24	SQL :EXEC GetUserTreeMenu 'irvan.ruswanto','1907',@CompanyId=2;
05/09/2024 11:59:24	SQL :EXEC GetUserTreeMenu 'irvan.ruswanto','1908',@CompanyId=2;
05/09/2024 11:59:24	SQL :EXEC GetUserTreeMenu 'irvan.ruswanto','1909',@CompanyId=2;
05/09/2024 11:59:24	SQL :EXEC GetUserTreeMenu 'irvan.ruswanto','1910',@CompanyId=2;
05/09/2024 11:59:24	SQL :EXEC GetUserTreeMenu 'irvan.ruswanto','1911',@CompanyId=2;
05/09/2024 11:59:24	SQL :EXEC GetUserTreeMenu 'irvan.ruswanto','1912',@CompanyId=2;
05/09/2024 11:59:24	SQL :SELECT CONVERT(VARCHAR(8),GETDATE(),108) AS hour_minute;
05/09/2024 11:59:24	SQL :SELECT CONVERT(VARCHAR(10),GETDATE(),103) AS date_time;
05/09/2024 11:59:24	Loading Setting
05/09/2024 11:59:24	Open DB Connection
05/09/2024 11:59:24	SQL :SELECT * FROM wh_setting WHERE setting_name='Hold_Less_Deposit';
05/09/2024 11:59:24	SQL :SELECT * FROM wh_setting WHERE setting_name='Max_Less_Deposit';
05/09/2024 11:59:24	SQL :SELECT * FROM wh_setting WHERE setting_name='Dashboard_2';
05/09/2024 11:59:24	Finish Logging
05/09/2024 11:59:24	SQL :SELECT value_string FROM wh_setting WHERE (setting_name='Interval_CheckInDate') AND (active=1);
05/09/2024 11:59:24	SQL :SELECT value_string FROM wh_setting WHERE (setting_name='Interval_CheckInTime') AND (active=1);
05/09/2024 11:59:25	SQL :SELECT value_string FROM wh_setting WHERE (setting_name='ChatEnable') and (active=1);
05/09/2024 11:59:25	Message:Port Check
05/09/2024 11:59:25	Message:Open DB Connection
05/09/2024 11:59:25	SQL :EXEC GetMessage '01','irvan.ruswanto';
05/09/2024 11:59:25	SQL :SELECT CONVERT(VARCHAR(8),GETDATE(),108) AS hour_minute;
05/09/2024 11:59:25	SQL :SELECT CONVERT(VARCHAR(10),GETDATE(),103) AS date_time;
05/09/2024 11:59:35	Form Check :ChatClient
05/09/2024 11:59:36	Form Check :AuthorizedForm
05/09/2024 11:59:36	Form Check :RePrintForm
05/09/2024 11:59:36	Form Check :EmployeeSearch
05/09/2024 11:59:36	Form Check :TimeInputForm
05/09/2024 11:59:36	Log Out
05/09/2024 11:59:37	Start Return Local Settings
05/09/2024 11:59:37	Finish Return Local Settings
05/09/2024 11:59:37	Destroying Object
05/09/2024 11:59:37	Closing Apps
05/09/2024 12:01:36	Get Local Settings
05/09/2024 12:01:36	Start Change Local Settings
05/09/2024 12:01:36	Change short date format
05/09/2024 12:01:36	Change Long date format
05/09/2024 12:01:36	Finish Change Local Settings
05/09/2024 12:01:36	Registry Read: Path=SOFTWARE\WEHA\Aplikasi\3
05/09/2024 12:01:36	Registry Read/Write
05/09/2024 12:01:36	Registry Read: Path=SOFTWARE\WEHA\Aplikasi\3
05/09/2024 12:01:36	Setting DB Param
05/09/2024 12:01:36	Create DB Object
05/09/2024 12:01:36	Create DB Object
05/09/2024 12:01:36	Init DB
05/09/2024 12:01:36	Finish Init DB
05/09/2024 12:01:36	Get File Version
05/09/2024 12:01:36	Change  Caption
05/09/2024 12:01:36	Init Shortkey
05/09/2024 12:01:39	Setting DB Param
05/09/2024 12:01:39	Create DB Object
05/09/2024 12:01:39	Create DB Object
05/09/2024 12:01:39	Init DB
05/09/2024 12:01:39	Finish Init DB
05/09/2024 12:01:47	Update new version check
05/09/2024 12:01:47	Open DB Connection
05/09/2024 12:02:09	SQL :
05/09/2024 12:02:09	Update check version
05/09/2024 12:02:09	Open DB Connection
05/09/2024 12:02:09	SQL :SELECT version FROM wh_application WHERE application_id=(SELECT MAX(application_id) FROM wh_application);
05/09/2024 12:02:09	Start Login
05/09/2024 12:02:09	Open DB Connection
05/09/2024 12:02:09	SQL :EXEC AuthenticateUser 'irvan.ruswanto','0b1dd5fabd221ef63c58c026bce4cf6b';
05/09/2024 12:02:09	SQL :INSERT INTO wh_log (user_id,app_date,app_version,app_version_svr,location_id,company_id,department_id,host_name,ip_address)  VALUES ('irvan.ruswanto','05/09/2024','6.1.5.42','6.1.5.41',6,2,00,'IT-WEHA','192.168.25.215');
05/09/2024 12:02:09	Open DB Connection
05/09/2024 12:02:09	SQL :EXEC GetUserMenu 'irvan.ruswanto';
05/09/2024 12:02:09	SQL :EXEC GetUserSubMenu 'irvan.ruswanto','11';
05/09/2024 12:02:09	SQL :EXEC GetUserTreeMenu 'irvan.ruswanto','1101',@CompanyId=2;
05/09/2024 12:02:09	SQL :EXEC GetUserTreeMenu 'irvan.ruswanto','1102',@CompanyId=2;
05/09/2024 12:02:09	SQL :EXEC GetUserTreeMenu 'irvan.ruswanto','1103',@CompanyId=2;
05/09/2024 12:02:09	SQL :EXEC GetUserTreeMenu 'irvan.ruswanto','1104',@CompanyId=2;
05/09/2024 12:02:10	SQL :EXEC GetUserTreeMenu 'irvan.ruswanto','1105',@CompanyId=2;
05/09/2024 12:02:10	SQL :EXEC GetUserTreeMenu 'irvan.ruswanto','1106',@CompanyId=2;
05/09/2024 12:02:10	SQL :EXEC GetUserTreeMenu 'irvan.ruswanto','1107',@CompanyId=2;
05/09/2024 12:02:10	SQL :EXEC GetUserTreeMenu 'irvan.ruswanto','1108',@CompanyId=2;
05/09/2024 12:02:10	SQL :EXEC GetUserTreeMenu 'irvan.ruswanto','1109',@CompanyId=2;
05/09/2024 12:02:10	SQL :EXEC GetUserTreeMenu 'irvan.ruswanto','1110',@CompanyId=2;
05/09/2024 12:02:10	SQL :EXEC GetUserTreeMenu 'irvan.ruswanto','1111',@CompanyId=2;
05/09/2024 12:02:10	SQL :EXEC GetUserTreeMenu 'irvan.ruswanto','1112',@CompanyId=2;
05/09/2024 12:02:10	SQL :EXEC GetUserTreeMenu 'irvan.ruswanto','1113',@CompanyId=2;
05/09/2024 12:02:10	SQL :EXEC GetUserTreeMenu 'irvan.ruswanto','1114',@CompanyId=2;
05/09/2024 12:02:10	SQL :EXEC GetUserTreeMenu 'irvan.ruswanto','1115',@CompanyId=2;
05/09/2024 12:02:10	SQL :EXEC GetUserTreeMenu 'irvan.ruswanto','1116',@CompanyId=2;
05/09/2024 12:02:10	SQL :EXEC GetUserTreeMenu 'irvan.ruswanto','1117',@CompanyId=2;
05/09/2024 12:02:10	SQL :EXEC GetUserTreeMenu 'irvan.ruswanto','1198',@CompanyId=2;
05/09/2024 12:02:10	SQL :EXEC GetUserTreeMenu 'irvan.ruswanto','1199',@CompanyId=2;
05/09/2024 12:02:10	SQL :EXEC GetUserSubMenu 'irvan.ruswanto','12';
05/09/2024 12:02:10	SQL :EXEC GetUserTreeMenu 'irvan.ruswanto','1201',@CompanyId=2;
05/09/2024 12:02:10	SQL :EXEC GetUserTreeMenu 'irvan.ruswanto','1202',@CompanyId=2;
05/09/2024 12:02:10	SQL :EXEC GetUserTreeMenu 'irvan.ruswanto','1203',@CompanyId=2;
05/09/2024 12:02:10	SQL :EXEC GetUserTreeMenu 'irvan.ruswanto','1204',@CompanyId=2;
05/09/2024 12:02:10	SQL :EXEC GetUserTreeMenu 'irvan.ruswanto','1205',@CompanyId=2;
05/09/2024 12:02:10	SQL :EXEC GetUserTreeMenu 'irvan.ruswanto','1206',@CompanyId=2;
05/09/2024 12:02:10	SQL :EXEC GetUserTreeMenu 'irvan.ruswanto','1207',@CompanyId=2;
05/09/2024 12:02:10	SQL :EXEC GetUserSubMenu 'irvan.ruswanto','13';
05/09/2024 12:02:10	SQL :EXEC GetUserTreeMenu 'irvan.ruswanto','1301',@CompanyId=2;
05/09/2024 12:02:10	SQL :EXEC GetUserTreeMenu 'irvan.ruswanto','1302',@CompanyId=2;
05/09/2024 12:02:10	SQL :EXEC GetUserTreeMenu 'irvan.ruswanto','1303',@CompanyId=2;
05/09/2024 12:02:10	SQL :EXEC GetUserTreeMenu 'irvan.ruswanto','1304',@CompanyId=2;
05/09/2024 12:02:10	SQL :EXEC GetUserTreeMenu 'irvan.ruswanto','1305',@CompanyId=2;
05/09/2024 12:02:10	SQL :EXEC GetUserTreeMenu 'irvan.ruswanto','1306',@CompanyId=2;
05/09/2024 12:02:10	SQL :EXEC GetUserTreeMenu 'irvan.ruswanto','1307',@CompanyId=2;
05/09/2024 12:02:10	SQL :EXEC GetUserTreeMenu 'irvan.ruswanto','1308',@CompanyId=2;
05/09/2024 12:02:10	SQL :EXEC GetUserTreeMenu 'irvan.ruswanto','1309',@CompanyId=2;
05/09/2024 12:02:10	SQL :EXEC GetUserTreeMenu 'irvan.ruswanto','1310',@CompanyId=2;
05/09/2024 12:02:10	SQL :EXEC GetUserTreeMenu 'irvan.ruswanto','1311',@CompanyId=2;
05/09/2024 12:02:10	SQL :EXEC GetUserTreeMenu 'irvan.ruswanto','1312',@CompanyId=2;
05/09/2024 12:02:10	SQL :EXEC GetUserTreeMenu 'irvan.ruswanto','1313',@CompanyId=2;
05/09/2024 12:02:10	SQL :EXEC GetUserTreeMenu 'irvan.ruswanto','1314',@CompanyId=2;
05/09/2024 12:02:11	SQL :EXEC GetUserTreeMenu 'irvan.ruswanto','1315',@CompanyId=2;
05/09/2024 12:02:11	SQL :EXEC GetUserTreeMenu 'irvan.ruswanto','1316',@CompanyId=2;
05/09/2024 12:02:11	SQL :EXEC GetUserTreeMenu 'irvan.ruswanto','1317',@CompanyId=2;
05/09/2024 12:02:11	SQL :EXEC GetUserTreeMenu 'irvan.ruswanto','1318',@CompanyId=2;
05/09/2024 12:02:11	SQL :EXEC GetUserTreeMenu 'irvan.ruswanto','1319',@CompanyId=2;
05/09/2024 12:02:11	SQL :EXEC GetUserTreeMenu 'irvan.ruswanto','1320',@CompanyId=2;
05/09/2024 12:02:11	SQL :EXEC GetUserTreeMenu 'irvan.ruswanto','1321',@CompanyId=2;
05/09/2024 12:02:11	SQL :EXEC GetUserTreeMenu 'irvan.ruswanto','1322',@CompanyId=2;
05/09/2024 12:02:11	SQL :EXEC GetUserSubMenu 'irvan.ruswanto','14';
05/09/2024 12:02:11	SQL :EXEC GetUserTreeMenu 'irvan.ruswanto','1401',@CompanyId=2;
05/09/2024 12:02:11	SQL :EXEC GetUserTreeMenu 'irvan.ruswanto','1402',@CompanyId=2;
05/09/2024 12:02:11	SQL :EXEC GetUserTreeMenu 'irvan.ruswanto','1403',@CompanyId=2;
05/09/2024 12:02:11	SQL :EXEC GetUserTreeMenu 'irvan.ruswanto','1404',@CompanyId=2;
05/09/2024 12:02:11	SQL :EXEC GetUserTreeMenu 'irvan.ruswanto','1406',@CompanyId=2;
05/09/2024 12:02:11	SQL :EXEC GetUserTreeMenu 'irvan.ruswanto','1408',@CompanyId=2;
05/09/2024 12:02:11	SQL :EXEC GetUserTreeMenu 'irvan.ruswanto','1410',@CompanyId=2;
05/09/2024 12:02:11	SQL :EXEC GetUserTreeMenu 'irvan.ruswanto','1411',@CompanyId=2;
05/09/2024 12:02:11	SQL :EXEC GetUserTreeMenu 'irvan.ruswanto','1412',@CompanyId=2;
05/09/2024 12:02:11	SQL :EXEC GetUserTreeMenu 'irvan.ruswanto','1413',@CompanyId=2;
05/09/2024 12:02:11	SQL :EXEC GetUserTreeMenu 'irvan.ruswanto','1414',@CompanyId=2;
05/09/2024 12:02:11	SQL :EXEC GetUserSubMenu 'irvan.ruswanto','15';
05/09/2024 12:02:11	SQL :EXEC GetUserTreeMenu 'irvan.ruswanto','1501',@CompanyId=2;
05/09/2024 12:02:11	SQL :EXEC GetUserTreeMenu 'irvan.ruswanto','1502',@CompanyId=2;
05/09/2024 12:02:11	SQL :EXEC GetUserTreeMenu 'irvan.ruswanto','1503',@CompanyId=2;
05/09/2024 12:02:11	SQL :EXEC GetUserTreeMenu 'irvan.ruswanto','1504',@CompanyId=2;
05/09/2024 12:02:11	SQL :EXEC GetUserTreeMenu 'irvan.ruswanto','1505',@CompanyId=2;
05/09/2024 12:02:11	SQL :EXEC GetUserTreeMenu 'irvan.ruswanto','1506',@CompanyId=2;
05/09/2024 12:02:11	SQL :EXEC GetUserTreeMenu 'irvan.ruswanto','1507',@CompanyId=2;
05/09/2024 12:02:11	SQL :EXEC GetUserTreeMenu 'irvan.ruswanto','1508',@CompanyId=2;
05/09/2024 12:02:11	SQL :EXEC GetUserTreeMenu 'irvan.ruswanto','1509',@CompanyId=2;
05/09/2024 12:02:11	SQL :EXEC GetUserTreeMenu 'irvan.ruswanto','1510',@CompanyId=2;
05/09/2024 12:02:11	SQL :EXEC GetUserTreeMenu 'irvan.ruswanto','1511',@CompanyId=2;
05/09/2024 12:02:11	SQL :EXEC GetUserSubMenu 'irvan.ruswanto','16';
05/09/2024 12:02:11	SQL :EXEC GetUserTreeMenu 'irvan.ruswanto','1601',@CompanyId=2;
05/09/2024 12:02:11	SQL :EXEC GetUserTreeMenu 'irvan.ruswanto','1602',@CompanyId=2;
05/09/2024 12:02:11	SQL :EXEC GetUserTreeMenu 'irvan.ruswanto','1603',@CompanyId=2;
05/09/2024 12:02:11	SQL :EXEC GetUserTreeMenu 'irvan.ruswanto','1604',@CompanyId=2;
05/09/2024 12:02:11	SQL :EXEC GetUserTreeMenu 'irvan.ruswanto','1605',@CompanyId=2;
05/09/2024 12:02:11	SQL :EXEC GetUserTreeMenu 'irvan.ruswanto','1606',@CompanyId=2;
05/09/2024 12:02:12	SQL :EXEC GetUserTreeMenu 'irvan.ruswanto','1607',@CompanyId=2;
05/09/2024 12:02:12	SQL :EXEC GetUserTreeMenu 'irvan.ruswanto','1608',@CompanyId=2;
05/09/2024 12:02:12	SQL :EXEC GetUserTreeMenu 'irvan.ruswanto','1609',@CompanyId=2;
05/09/2024 12:02:12	SQL :EXEC GetUserTreeMenu 'irvan.ruswanto','1610',@CompanyId=2;
05/09/2024 12:02:12	SQL :EXEC GetUserTreeMenu 'irvan.ruswanto','1611',@CompanyId=2;
05/09/2024 12:02:12	SQL :EXEC GetUserTreeMenu 'irvan.ruswanto','1612',@CompanyId=2;
05/09/2024 12:02:12	SQL :EXEC GetUserTreeMenu 'irvan.ruswanto','1613',@CompanyId=2;
05/09/2024 12:02:12	SQL :EXEC GetUserTreeMenu 'irvan.ruswanto','1614',@CompanyId=2;
05/09/2024 12:02:12	SQL :EXEC GetUserTreeMenu 'irvan.ruswanto','1615',@CompanyId=2;
05/09/2024 12:02:12	SQL :EXEC GetUserTreeMenu 'irvan.ruswanto','1616',@CompanyId=2;
05/09/2024 12:02:12	SQL :EXEC GetUserTreeMenu 'irvan.ruswanto','1619',@CompanyId=2;
05/09/2024 12:02:12	SQL :EXEC GetUserTreeMenu 'irvan.ruswanto','1620',@CompanyId=2;
05/09/2024 12:02:12	SQL :EXEC GetUserSubMenu 'irvan.ruswanto','17';
05/09/2024 12:02:12	SQL :EXEC GetUserTreeMenu 'irvan.ruswanto','1701',@CompanyId=2;
05/09/2024 12:02:12	SQL :EXEC GetUserTreeMenu 'irvan.ruswanto','1702',@CompanyId=2;
05/09/2024 12:02:12	SQL :EXEC GetUserTreeMenu 'irvan.ruswanto','1703',@CompanyId=2;
05/09/2024 12:02:12	SQL :EXEC GetUserTreeMenu 'irvan.ruswanto','1704',@CompanyId=2;
05/09/2024 12:02:12	SQL :EXEC GetUserTreeMenu 'irvan.ruswanto','1705',@CompanyId=2;
05/09/2024 12:02:12	SQL :EXEC GetUserTreeMenu 'irvan.ruswanto','1706',@CompanyId=2;
05/09/2024 12:02:12	SQL :EXEC GetUserTreeMenu 'irvan.ruswanto','1707',@CompanyId=2;
05/09/2024 12:02:12	SQL :EXEC GetUserTreeMenu 'irvan.ruswanto','1708',@CompanyId=2;
05/09/2024 12:02:12	SQL :EXEC GetUserTreeMenu 'irvan.ruswanto','1709',@CompanyId=2;
05/09/2024 12:02:12	SQL :EXEC GetUserTreeMenu 'irvan.ruswanto','1710',@CompanyId=2;
05/09/2024 12:02:12	SQL :EXEC GetUserTreeMenu 'irvan.ruswanto','1711',@CompanyId=2;
05/09/2024 12:02:12	SQL :EXEC GetUserTreeMenu 'irvan.ruswanto','1712',@CompanyId=2;
05/09/2024 12:02:12	SQL :EXEC GetUserTreeMenu 'irvan.ruswanto','1713',@CompanyId=2;
05/09/2024 12:02:12	SQL :EXEC GetUserTreeMenu 'irvan.ruswanto','1714',@CompanyId=2;
05/09/2024 12:02:12	SQL :EXEC GetUserTreeMenu 'irvan.ruswanto','1715',@CompanyId=2;
05/09/2024 12:02:12	SQL :EXEC GetUserTreeMenu 'irvan.ruswanto','1716',@CompanyId=2;
05/09/2024 12:02:12	SQL :EXEC GetUserTreeMenu 'irvan.ruswanto','1717',@CompanyId=2;
05/09/2024 12:02:12	SQL :EXEC GetUserSubMenu 'irvan.ruswanto','18';
05/09/2024 12:02:12	SQL :EXEC GetUserTreeMenu 'irvan.ruswanto','1801',@CompanyId=2;
05/09/2024 12:02:12	SQL :EXEC GetUserSubMenu 'irvan.ruswanto','19';
05/09/2024 12:02:12	SQL :EXEC GetUserTreeMenu 'irvan.ruswanto','1901',@CompanyId=2;
05/09/2024 12:02:12	SQL :EXEC GetUserTreeMenu 'irvan.ruswanto','1902',@CompanyId=2;
05/09/2024 12:02:12	SQL :EXEC GetUserTreeMenu 'irvan.ruswanto','1903',@CompanyId=2;
05/09/2024 12:02:12	SQL :EXEC GetUserTreeMenu 'irvan.ruswanto','1904',@CompanyId=2;
05/09/2024 12:02:12	SQL :EXEC GetUserTreeMenu 'irvan.ruswanto','1905',@CompanyId=2;
05/09/2024 12:02:12	SQL :EXEC GetUserTreeMenu 'irvan.ruswanto','1906',@CompanyId=2;
05/09/2024 12:02:12	SQL :EXEC GetUserTreeMenu 'irvan.ruswanto','1907',@CompanyId=2;
05/09/2024 12:02:13	SQL :EXEC GetUserTreeMenu 'irvan.ruswanto','1908',@CompanyId=2;
05/09/2024 12:02:13	SQL :EXEC GetUserTreeMenu 'irvan.ruswanto','1909',@CompanyId=2;
05/09/2024 12:02:13	SQL :EXEC GetUserTreeMenu 'irvan.ruswanto','1910',@CompanyId=2;
05/09/2024 12:02:13	SQL :EXEC GetUserTreeMenu 'irvan.ruswanto','1911',@CompanyId=2;
05/09/2024 12:02:13	SQL :EXEC GetUserTreeMenu 'irvan.ruswanto','1912',@CompanyId=2;
05/09/2024 12:02:13	SQL :SELECT CONVERT(VARCHAR(8),GETDATE(),108) AS hour_minute;
05/09/2024 12:02:13	SQL :SELECT CONVERT(VARCHAR(10),GETDATE(),103) AS date_time;
05/09/2024 12:02:13	Loading Setting
05/09/2024 12:02:13	Open DB Connection
05/09/2024 12:02:13	SQL :SELECT * FROM wh_setting WHERE setting_name='Hold_Less_Deposit';
05/09/2024 12:02:13	SQL :SELECT * FROM wh_setting WHERE setting_name='Max_Less_Deposit';
05/09/2024 12:02:13	SQL :SELECT * FROM wh_setting WHERE setting_name='Dashboard_2';
05/09/2024 12:02:13	Finish Logging
05/09/2024 12:02:13	SQL :SELECT value_string FROM wh_setting WHERE (setting_name='Interval_CheckInDate') AND (active=1);
05/09/2024 12:02:13	SQL :SELECT value_string FROM wh_setting WHERE (setting_name='Interval_CheckInTime') AND (active=1);
05/09/2024 12:02:13	SQL :SELECT value_string FROM wh_setting WHERE (setting_name='ChatEnable') and (active=1);
05/09/2024 12:02:14	Message:Port Check
05/09/2024 12:02:14	Message:Open DB Connection
05/09/2024 12:02:14	SQL :EXEC GetMessage '01','irvan.ruswanto';
05/09/2024 12:02:14	SQL :SELECT CONVERT(VARCHAR(8),GETDATE(),108) AS hour_minute;
05/09/2024 12:02:14	SQL :SELECT CONVERT(VARCHAR(10),GETDATE(),103) AS date_time;
05/09/2024 12:02:19	Open Menu :180101
05/09/2024 12:02:19	Open DB Connection
05/09/2024 12:02:19	SQL :EXEC AuthMenu 'irvan.ruswanto',180101;
05/09/2024 12:02:19	Form Check :EmployeeForm
05/09/2024 12:02:19	Open DB Connection
05/09/2024 12:02:19	SQL :SELECT * FROM wh_education
05/09/2024 12:02:19	SQL :SELECT * FROM wh_religion
05/09/2024 12:02:20	SQL :SELECT * FROM wh_reference WHERE company_id=2
05/09/2024 12:02:20	SQL :EXEC GetCompanyLocationList
05/09/2024 12:02:20	SQL :SELECT * FROM wh_license_type
05/09/2024 12:02:20	SQL :SELECT * FROM wh_department WHERE active=1
05/09/2024 12:03:29	SQL :SELECT nik_karyawan from wh_employee where nik_karyawan='78787878'
05/09/2024 12:06:05	SQL :SELECT nik_karyawan from wh_employee where nik_karyawan='78787878'
05/09/2024 12:06:28	Open DB Connection
05/09/2024 12:06:28	SQL :SELECT dbo.LicenseExist('36363636112233');
05/09/2024 12:06:28	SQL :SELECT RIGHT(MAX(employee_id),4) AS employee_id FROM wh_employee WHERE employee_id LIKE 'OF2409____';
05/09/2024 12:06:28	SQL :INSERT INTO wh_employee (employee_id,id_number,name,sex,birth_town,birth_date,education_id,education_institution,religion_id,join_date,reference_id,reference,old_id_reference,rating, account_number, account_name,no_etoll,id_attandance_mapping,update_user,phone_login,no_bpjs_kes,no_bpjs_ket,gol_darah,nik_karyawan,status_karyawan,no_npwp,account_bank,education_entry_year,education_out_year,education_major,education_ipk,date_bpjs_kes,date_bpjs_ket,npp_bpjs_ket,email,family_card_no,height,weight,pin_login) VALUES ('OF24090001','32767676666','Admin Testing',2,'Jakarta','2000-01-01',NULL,NULL,1,'2024-09-05',NULL,NULL,NULL,0,NULL,NULL,NULL,'','irvan.ruswanto',628787878787,'','','','78787878','1','','','','','','','2012-10-28','2012-10-28','','','','','','$2b$10$4a7dCnP8XJnYsikhZzoiPOzBZ36gBr/e4mnYo8tdVwiGWMcEc5y/a');
05/09/2024 12:06:28	SQL :INSERT INTO wh_empl_detail (employee_id,address,phone_no,cellular_no,cellular_no2,marital_status_id,children,update_user,cellular_emergency,address2,name_emergency,relationship_emergency) VALUES ('OF24090001','Jakarta',NULL,'08787878787','',3,NULL,'irvan.ruswanto','','Jakarta','','');
05/09/2024 12:06:28	SQL :INSERT INTO wh_empl_mutation (employee_id,employment_type_id,company_id,location_id,from_date,reguler,department_id,update_user,job_position,job_level)VALUES ('OF24090001',3,'2','6','2024-09-05','0',17,'irvan.ruswanto','','Staff');
05/09/2024 13:06:46	Open DB Connection
05/09/2024 13:07:08	SQL :SELECT * FROM wh_education
05/09/2024 13:07:08	SQL :SELECT * FROM wh_religion
05/09/2024 13:07:08	SQL :SELECT * FROM wh_reference WHERE company_id=2
05/09/2024 13:07:08	SQL :EXEC GetCompanyLocationList
05/09/2024 13:07:08	SQL :SELECT * FROM wh_license_type
05/09/2024 13:07:08	SQL :SELECT * FROM wh_department WHERE active=1
05/09/2024 13:08:25	Form Check :ChatClient
05/09/2024 13:08:26	Form Check :AuthorizedForm
05/09/2024 13:08:26	Form Check :RePrintForm
05/09/2024 13:08:26	Form Check :EmployeeSearch
05/09/2024 13:08:26	Form Check :TimeInputForm
05/09/2024 13:08:26	Log Out
05/09/2024 13:08:28	Start Return Local Settings
05/09/2024 13:08:28	Finish Return Local Settings
05/09/2024 13:08:28	Destroying Object
05/09/2024 13:08:28	Closing Apps
06/09/2024 15:11:28	Get Local Settings
06/09/2024 15:11:28	Start Change Local Settings
06/09/2024 15:11:28	Change short date format
06/09/2024 15:11:28	Change Long date format
06/09/2024 15:11:28	Finish Change Local Settings
06/09/2024 15:11:28	Registry Read: Path=SOFTWARE\WEHA\Aplikasi\3
06/09/2024 15:11:28	Registry Read/Write
06/09/2024 15:11:28	Registry Read: Path=SOFTWARE\WEHA\Aplikasi\3
06/09/2024 15:11:28	Create DB Object
06/09/2024 15:11:28	Create DB Object
06/09/2024 15:11:28	Init DB
06/09/2024 15:11:28	Finish Init DB
06/09/2024 15:11:28	Get File Version
06/09/2024 15:11:28	Change  Caption
06/09/2024 15:11:28	Init Shortkey
06/09/2024 15:11:34	Create DB Object
06/09/2024 15:11:34	Create DB Object
06/09/2024 15:11:34	Init DB
06/09/2024 15:11:34	Finish Init DB
06/09/2024 15:11:36	Form Check :Setting
06/09/2024 15:11:36	Form Open: Setting
06/09/2024 15:11:51	Setting DB Param
06/09/2024 15:11:51	Create DB Object
06/09/2024 15:11:51	Create DB Object
06/09/2024 15:11:51	Init DB
06/09/2024 15:11:51	Finish Init DB
06/09/2024 15:11:51	Port Check
06/09/2024 15:11:51	Connection Check
06/09/2024 15:12:14	Check Success
06/09/2024 15:13:46	Registry Write: 192.168.10.247,wh_dev,sa,SQLNCLI11
06/09/2024 15:13:46	Registry Read: Path=SOFTWARE\WEHA\Aplikasi\3
06/09/2024 15:13:49	Setting DB Param
06/09/2024 15:13:49	Create DB Object
06/09/2024 15:13:49	Create DB Object
06/09/2024 15:13:49	Init DB
06/09/2024 15:13:49	Finish Init DB
06/09/2024 15:13:55	Update new version check
06/09/2024 15:13:55	Open DB Connection
06/09/2024 15:14:18	SQL :
06/09/2024 15:14:18	Update check version
06/09/2024 15:14:18	Open DB Connection
06/09/2024 15:14:18	SQL :SELECT version FROM wh_application WHERE application_id=(SELECT MAX(application_id) FROM wh_application);
06/09/2024 15:14:18	Start Login
06/09/2024 15:14:18	Open DB Connection
06/09/2024 15:14:18	SQL :EXEC AuthenticateUser 'irvan.ruswanto','0b1dd5fabd221ef63c58c026bce4cf6b';
06/09/2024 15:14:18	SQL :INSERT INTO wh_log (user_id,app_date,app_version,app_version_svr,location_id,company_id,department_id,host_name,ip_address)  VALUES ('irvan.ruswanto','06/09/2024','6.1.5.42','6.1.5.41',6,2,00,'IT-WEHA','192.168.25.215');
06/09/2024 15:14:18	Open DB Connection
06/09/2024 15:14:18	SQL :EXEC GetUserMenu 'irvan.ruswanto';
06/09/2024 15:14:18	SQL :EXEC GetUserSubMenu 'irvan.ruswanto','11';
06/09/2024 15:14:18	SQL :EXEC GetUserTreeMenu 'irvan.ruswanto','1101',@CompanyId=2;
06/09/2024 15:14:18	SQL :EXEC GetUserTreeMenu 'irvan.ruswanto','1102',@CompanyId=2;
06/09/2024 15:14:18	SQL :EXEC GetUserTreeMenu 'irvan.ruswanto','1103',@CompanyId=2;
06/09/2024 15:14:18	SQL :EXEC GetUserTreeMenu 'irvan.ruswanto','1104',@CompanyId=2;
06/09/2024 15:14:18	SQL :EXEC GetUserTreeMenu 'irvan.ruswanto','1105',@CompanyId=2;
06/09/2024 15:14:18	SQL :EXEC GetUserTreeMenu 'irvan.ruswanto','1106',@CompanyId=2;
06/09/2024 15:14:18	SQL :EXEC GetUserTreeMenu 'irvan.ruswanto','1107',@CompanyId=2;
06/09/2024 15:14:18	SQL :EXEC GetUserTreeMenu 'irvan.ruswanto','1108',@CompanyId=2;
06/09/2024 15:14:18	SQL :EXEC GetUserTreeMenu 'irvan.ruswanto','1109',@CompanyId=2;
06/09/2024 15:14:18	SQL :EXEC GetUserTreeMenu 'irvan.ruswanto','1110',@CompanyId=2;
06/09/2024 15:14:18	SQL :EXEC GetUserTreeMenu 'irvan.ruswanto','1111',@CompanyId=2;
06/09/2024 15:14:18	SQL :EXEC GetUserTreeMenu 'irvan.ruswanto','1112',@CompanyId=2;
06/09/2024 15:14:18	SQL :EXEC GetUserTreeMenu 'irvan.ruswanto','1113',@CompanyId=2;
06/09/2024 15:14:19	SQL :EXEC GetUserTreeMenu 'irvan.ruswanto','1114',@CompanyId=2;
06/09/2024 15:14:19	SQL :EXEC GetUserTreeMenu 'irvan.ruswanto','1115',@CompanyId=2;
06/09/2024 15:14:19	SQL :EXEC GetUserTreeMenu 'irvan.ruswanto','1116',@CompanyId=2;
06/09/2024 15:14:19	SQL :EXEC GetUserTreeMenu 'irvan.ruswanto','1117',@CompanyId=2;
06/09/2024 15:14:19	SQL :EXEC GetUserTreeMenu 'irvan.ruswanto','1198',@CompanyId=2;
06/09/2024 15:14:19	SQL :EXEC GetUserTreeMenu 'irvan.ruswanto','1199',@CompanyId=2;
06/09/2024 15:14:19	SQL :EXEC GetUserSubMenu 'irvan.ruswanto','12';
06/09/2024 15:14:19	SQL :EXEC GetUserTreeMenu 'irvan.ruswanto','1201',@CompanyId=2;
06/09/2024 15:14:19	SQL :EXEC GetUserTreeMenu 'irvan.ruswanto','1202',@CompanyId=2;
06/09/2024 15:14:19	SQL :EXEC GetUserTreeMenu 'irvan.ruswanto','1203',@CompanyId=2;
06/09/2024 15:14:19	SQL :EXEC GetUserTreeMenu 'irvan.ruswanto','1204',@CompanyId=2;
06/09/2024 15:14:19	SQL :EXEC GetUserTreeMenu 'irvan.ruswanto','1205',@CompanyId=2;
06/09/2024 15:14:19	SQL :EXEC GetUserTreeMenu 'irvan.ruswanto','1206',@CompanyId=2;
06/09/2024 15:14:19	SQL :EXEC GetUserTreeMenu 'irvan.ruswanto','1207',@CompanyId=2;
06/09/2024 15:14:19	SQL :EXEC GetUserSubMenu 'irvan.ruswanto','13';
06/09/2024 15:14:19	SQL :EXEC GetUserTreeMenu 'irvan.ruswanto','1301',@CompanyId=2;
06/09/2024 15:14:19	SQL :EXEC GetUserTreeMenu 'irvan.ruswanto','1302',@CompanyId=2;
06/09/2024 15:14:19	SQL :EXEC GetUserTreeMenu 'irvan.ruswanto','1303',@CompanyId=2;
06/09/2024 15:14:19	SQL :EXEC GetUserTreeMenu 'irvan.ruswanto','1304',@CompanyId=2;
06/09/2024 15:14:19	SQL :EXEC GetUserTreeMenu 'irvan.ruswanto','1305',@CompanyId=2;
06/09/2024 15:14:19	SQL :EXEC GetUserTreeMenu 'irvan.ruswanto','1306',@CompanyId=2;
06/09/2024 15:14:19	SQL :EXEC GetUserTreeMenu 'irvan.ruswanto','1307',@CompanyId=2;
06/09/2024 15:14:19	SQL :EXEC GetUserTreeMenu 'irvan.ruswanto','1308',@CompanyId=2;
06/09/2024 15:14:19	SQL :EXEC GetUserTreeMenu 'irvan.ruswanto','1309',@CompanyId=2;
06/09/2024 15:14:19	SQL :EXEC GetUserTreeMenu 'irvan.ruswanto','1310',@CompanyId=2;
06/09/2024 15:14:19	SQL :EXEC GetUserTreeMenu 'irvan.ruswanto','1311',@CompanyId=2;
06/09/2024 15:14:19	SQL :EXEC GetUserTreeMenu 'irvan.ruswanto','1312',@CompanyId=2;
06/09/2024 15:14:19	SQL :EXEC GetUserTreeMenu 'irvan.ruswanto','1313',@CompanyId=2;
06/09/2024 15:14:19	SQL :EXEC GetUserTreeMenu 'irvan.ruswanto','1314',@CompanyId=2;
06/09/2024 15:14:19	SQL :EXEC GetUserTreeMenu 'irvan.ruswanto','1315',@CompanyId=2;
06/09/2024 15:14:19	SQL :EXEC GetUserTreeMenu 'irvan.ruswanto','1316',@CompanyId=2;
06/09/2024 15:14:19	SQL :EXEC GetUserTreeMenu 'irvan.ruswanto','1317',@CompanyId=2;
06/09/2024 15:14:20	SQL :EXEC GetUserTreeMenu 'irvan.ruswanto','1318',@CompanyId=2;
06/09/2024 15:14:20	SQL :EXEC GetUserTreeMenu 'irvan.ruswanto','1319',@CompanyId=2;
06/09/2024 15:14:20	SQL :EXEC GetUserTreeMenu 'irvan.ruswanto','1320',@CompanyId=2;
06/09/2024 15:14:20	SQL :EXEC GetUserTreeMenu 'irvan.ruswanto','1321',@CompanyId=2;
06/09/2024 15:14:20	SQL :EXEC GetUserTreeMenu 'irvan.ruswanto','1322',@CompanyId=2;
06/09/2024 15:14:20	SQL :EXEC GetUserSubMenu 'irvan.ruswanto','14';
06/09/2024 15:14:20	SQL :EXEC GetUserTreeMenu 'irvan.ruswanto','1401',@CompanyId=2;
06/09/2024 15:14:20	SQL :EXEC GetUserTreeMenu 'irvan.ruswanto','1402',@CompanyId=2;
06/09/2024 15:14:20	SQL :EXEC GetUserTreeMenu 'irvan.ruswanto','1403',@CompanyId=2;
06/09/2024 15:14:20	SQL :EXEC GetUserTreeMenu 'irvan.ruswanto','1404',@CompanyId=2;
06/09/2024 15:14:20	SQL :EXEC GetUserTreeMenu 'irvan.ruswanto','1406',@CompanyId=2;
06/09/2024 15:14:20	SQL :EXEC GetUserTreeMenu 'irvan.ruswanto','1408',@CompanyId=2;
06/09/2024 15:14:20	SQL :EXEC GetUserTreeMenu 'irvan.ruswanto','1410',@CompanyId=2;
06/09/2024 15:14:20	SQL :EXEC GetUserTreeMenu 'irvan.ruswanto','1411',@CompanyId=2;
06/09/2024 15:14:20	SQL :EXEC GetUserTreeMenu 'irvan.ruswanto','1412',@CompanyId=2;
06/09/2024 15:14:20	SQL :EXEC GetUserTreeMenu 'irvan.ruswanto','1413',@CompanyId=2;
06/09/2024 15:14:20	SQL :EXEC GetUserTreeMenu 'irvan.ruswanto','1414',@CompanyId=2;
06/09/2024 15:14:20	SQL :EXEC GetUserSubMenu 'irvan.ruswanto','15';
06/09/2024 15:14:20	SQL :EXEC GetUserTreeMenu 'irvan.ruswanto','1501',@CompanyId=2;
06/09/2024 15:14:20	SQL :EXEC GetUserTreeMenu 'irvan.ruswanto','1502',@CompanyId=2;
06/09/2024 15:14:20	SQL :EXEC GetUserTreeMenu 'irvan.ruswanto','1503',@CompanyId=2;
06/09/2024 15:14:20	SQL :EXEC GetUserTreeMenu 'irvan.ruswanto','1504',@CompanyId=2;
06/09/2024 15:14:20	SQL :EXEC GetUserTreeMenu 'irvan.ruswanto','1505',@CompanyId=2;
06/09/2024 15:14:20	SQL :EXEC GetUserTreeMenu 'irvan.ruswanto','1506',@CompanyId=2;
06/09/2024 15:14:20	SQL :EXEC GetUserTreeMenu 'irvan.ruswanto','1507',@CompanyId=2;
06/09/2024 15:14:20	SQL :EXEC GetUserTreeMenu 'irvan.ruswanto','1508',@CompanyId=2;
06/09/2024 15:14:20	SQL :EXEC GetUserTreeMenu 'irvan.ruswanto','1509',@CompanyId=2;
06/09/2024 15:14:20	SQL :EXEC GetUserTreeMenu 'irvan.ruswanto','1510',@CompanyId=2;
06/09/2024 15:14:20	SQL :EXEC GetUserTreeMenu 'irvan.ruswanto','1511',@CompanyId=2;
06/09/2024 15:14:20	SQL :EXEC GetUserSubMenu 'irvan.ruswanto','16';
06/09/2024 15:14:20	SQL :EXEC GetUserTreeMenu 'irvan.ruswanto','1601',@CompanyId=2;
06/09/2024 15:14:20	SQL :EXEC GetUserTreeMenu 'irvan.ruswanto','1602',@CompanyId=2;
06/09/2024 15:14:21	SQL :EXEC GetUserTreeMenu 'irvan.ruswanto','1603',@CompanyId=2;
06/09/2024 15:14:21	SQL :EXEC GetUserTreeMenu 'irvan.ruswanto','1604',@CompanyId=2;
06/09/2024 15:14:21	SQL :EXEC GetUserTreeMenu 'irvan.ruswanto','1605',@CompanyId=2;
06/09/2024 15:14:21	SQL :EXEC GetUserTreeMenu 'irvan.ruswanto','1606',@CompanyId=2;
06/09/2024 15:14:21	SQL :EXEC GetUserTreeMenu 'irvan.ruswanto','1607',@CompanyId=2;
06/09/2024 15:14:21	SQL :EXEC GetUserTreeMenu 'irvan.ruswanto','1608',@CompanyId=2;
06/09/2024 15:14:21	SQL :EXEC GetUserTreeMenu 'irvan.ruswanto','1609',@CompanyId=2;
06/09/2024 15:14:21	SQL :EXEC GetUserTreeMenu 'irvan.ruswanto','1610',@CompanyId=2;
06/09/2024 15:14:21	SQL :EXEC GetUserTreeMenu 'irvan.ruswanto','1611',@CompanyId=2;
06/09/2024 15:14:21	SQL :EXEC GetUserTreeMenu 'irvan.ruswanto','1612',@CompanyId=2;
06/09/2024 15:14:21	SQL :EXEC GetUserTreeMenu 'irvan.ruswanto','1613',@CompanyId=2;
06/09/2024 15:14:21	SQL :EXEC GetUserTreeMenu 'irvan.ruswanto','1614',@CompanyId=2;
06/09/2024 15:14:21	SQL :EXEC GetUserTreeMenu 'irvan.ruswanto','1615',@CompanyId=2;
06/09/2024 15:14:21	SQL :EXEC GetUserTreeMenu 'irvan.ruswanto','1616',@CompanyId=2;
06/09/2024 15:14:21	SQL :EXEC GetUserTreeMenu 'irvan.ruswanto','1619',@CompanyId=2;
06/09/2024 15:14:21	SQL :EXEC GetUserTreeMenu 'irvan.ruswanto','1620',@CompanyId=2;
06/09/2024 15:14:21	SQL :EXEC GetUserSubMenu 'irvan.ruswanto','17';
06/09/2024 15:14:21	SQL :EXEC GetUserTreeMenu 'irvan.ruswanto','1701',@CompanyId=2;
06/09/2024 15:14:21	SQL :EXEC GetUserTreeMenu 'irvan.ruswanto','1702',@CompanyId=2;
06/09/2024 15:14:21	SQL :EXEC GetUserTreeMenu 'irvan.ruswanto','1703',@CompanyId=2;
06/09/2024 15:14:21	SQL :EXEC GetUserTreeMenu 'irvan.ruswanto','1704',@CompanyId=2;
06/09/2024 15:14:21	SQL :EXEC GetUserTreeMenu 'irvan.ruswanto','1705',@CompanyId=2;
06/09/2024 15:14:21	SQL :EXEC GetUserTreeMenu 'irvan.ruswanto','1706',@CompanyId=2;
06/09/2024 15:14:21	SQL :EXEC GetUserTreeMenu 'irvan.ruswanto','1707',@CompanyId=2;
06/09/2024 15:14:21	SQL :EXEC GetUserTreeMenu 'irvan.ruswanto','1708',@CompanyId=2;
06/09/2024 15:14:21	SQL :EXEC GetUserTreeMenu 'irvan.ruswanto','1709',@CompanyId=2;
06/09/2024 15:14:21	SQL :EXEC GetUserTreeMenu 'irvan.ruswanto','1710',@CompanyId=2;
06/09/2024 15:14:21	SQL :EXEC GetUserTreeMenu 'irvan.ruswanto','1711',@CompanyId=2;
06/09/2024 15:14:21	SQL :EXEC GetUserTreeMenu 'irvan.ruswanto','1712',@CompanyId=2;
06/09/2024 15:14:21	SQL :EXEC GetUserTreeMenu 'irvan.ruswanto','1713',@CompanyId=2;
06/09/2024 15:14:21	SQL :EXEC GetUserTreeMenu 'irvan.ruswanto','1714',@CompanyId=2;
06/09/2024 15:14:21	SQL :EXEC GetUserTreeMenu 'irvan.ruswanto','1715',@CompanyId=2;
06/09/2024 15:14:21	SQL :EXEC GetUserTreeMenu 'irvan.ruswanto','1716',@CompanyId=2;
06/09/2024 15:14:21	SQL :EXEC GetUserTreeMenu 'irvan.ruswanto','1717',@CompanyId=2;
06/09/2024 15:14:21	SQL :EXEC GetUserSubMenu 'irvan.ruswanto','18';
06/09/2024 15:14:21	SQL :EXEC GetUserTreeMenu 'irvan.ruswanto','1801',@CompanyId=2;
06/09/2024 15:14:22	SQL :EXEC GetUserSubMenu 'irvan.ruswanto','19';
06/09/2024 15:14:22	SQL :EXEC GetUserTreeMenu 'irvan.ruswanto','1901',@CompanyId=2;
06/09/2024 15:14:22	SQL :EXEC GetUserTreeMenu 'irvan.ruswanto','1902',@CompanyId=2;
06/09/2024 15:14:22	SQL :EXEC GetUserTreeMenu 'irvan.ruswanto','1903',@CompanyId=2;
06/09/2024 15:14:22	SQL :EXEC GetUserTreeMenu 'irvan.ruswanto','1904',@CompanyId=2;
06/09/2024 15:14:22	SQL :EXEC GetUserTreeMenu 'irvan.ruswanto','1905',@CompanyId=2;
06/09/2024 15:14:22	SQL :EXEC GetUserTreeMenu 'irvan.ruswanto','1906',@CompanyId=2;
06/09/2024 15:14:22	SQL :EXEC GetUserTreeMenu 'irvan.ruswanto','1907',@CompanyId=2;
06/09/2024 15:14:22	SQL :EXEC GetUserTreeMenu 'irvan.ruswanto','1908',@CompanyId=2;
06/09/2024 15:14:22	SQL :EXEC GetUserTreeMenu 'irvan.ruswanto','1909',@CompanyId=2;
06/09/2024 15:14:22	SQL :EXEC GetUserTreeMenu 'irvan.ruswanto','1910',@CompanyId=2;
06/09/2024 15:14:22	SQL :EXEC GetUserTreeMenu 'irvan.ruswanto','1911',@CompanyId=2;
06/09/2024 15:14:22	SQL :EXEC GetUserTreeMenu 'irvan.ruswanto','1912',@CompanyId=2;
06/09/2024 15:14:22	SQL :SELECT CONVERT(VARCHAR(8),GETDATE(),108) AS hour_minute;
06/09/2024 15:14:22	SQL :SELECT CONVERT(VARCHAR(10),GETDATE(),103) AS date_time;
06/09/2024 15:14:22	Loading Setting
06/09/2024 15:14:22	Open DB Connection
06/09/2024 15:14:22	SQL :SELECT * FROM wh_setting WHERE setting_name='Hold_Less_Deposit';
06/09/2024 15:14:22	SQL :SELECT * FROM wh_setting WHERE setting_name='Max_Less_Deposit';
06/09/2024 15:14:22	SQL :SELECT * FROM wh_setting WHERE setting_name='Dashboard_2';
06/09/2024 15:14:22	Finish Logging
06/09/2024 15:14:22	SQL :SELECT value_string FROM wh_setting WHERE (setting_name='Interval_CheckInDate') AND (active=1);
06/09/2024 15:14:22	SQL :SELECT value_string FROM wh_setting WHERE (setting_name='Interval_CheckInTime') AND (active=1);
06/09/2024 15:14:22	SQL :SELECT value_string FROM wh_setting WHERE (setting_name='ChatEnable') and (active=1);
06/09/2024 15:14:23	Message:Port Check
06/09/2024 15:14:23	Message:Open DB Connection
06/09/2024 15:14:23	SQL :EXEC GetMessage '01','irvan.ruswanto';
06/09/2024 15:14:23	SQL :SELECT CONVERT(VARCHAR(8),GETDATE(),108) AS hour_minute;
06/09/2024 15:14:23	SQL :SELECT CONVERT(VARCHAR(10),GETDATE(),103) AS date_time;
06/09/2024 15:17:26	Open Menu :130501
06/09/2024 15:17:26	Open DB Connection
06/09/2024 15:17:49	SQL :EXEC AuthMenu 'irvan.ruswanto',130501;
06/09/2024 15:17:49	Form Check :SPJFormBus
06/09/2024 15:17:49	Open DB Connection
06/09/2024 15:17:49	SQL :SELECT * FROM wh_setting WHERE (setting_name='Full_Payment_CompanyId_2') AND (active=1);
06/09/2024 15:17:49	SQL :SELECT value_string FROM wh_setting WHERE setting_name='SJ_Range_CompanyId_2';
06/09/2024 15:17:49	SQL :SELECT * FROM wh_setting WHERE (setting_name='PostingData_API_CompanyId_2') AND (active=1);
06/09/2024 15:17:49	Open DB Connection
06/09/2024 15:17:49	SQL :EXEC GetHelperList 6,2;
06/09/2024 15:17:49	SQL :SELECT * FROM wh_setting WHERE (setting_name='Full_Payment_CompanyId2') AND (active=1);
06/09/2024 15:17:50	SQL :SELECT * FROM wh_setting WHERE (setting_name='Sent_WA_DriverInfo_CompanyId_2') AND (active=1);
06/09/2024 15:17:50	SQL :SELECT * FROM wh_setting WHERE (setting_name='Choose_WA_Number_CompanyId_2') AND (active=1);
06/09/2024 15:17:50	SQL :SELECT * FROM wh_setting WHERE (setting_name='URL_Webwhatsapp') AND (active=1);
06/09/2024 15:17:50	SQL :SELECT value_string FROM wh_setting WHERE (setting_name='SPJ_Form_CompanyId_2') and (active=1);
06/09/2024 15:18:10	Form Check :FSJPenjadwalanList
06/09/2024 15:18:10	Form Open: FSJPenjadwalanList=Bus,,SJBus-Create,4,a.from_date,30
06/09/2024 15:18:10	Open DB Connection
06/09/2024 15:18:10	SQL :EXEC GetCompanyLocationList
06/09/2024 15:18:10	Open DB Connection
06/09/2024 15:18:10	SQL :EXEC GetReservedOrderList 2,@LocationId=6,@Finish=4,@OutDate='2024/09/06',@ToDate='2024/09/09',@PaymentDetail=2,@OrderBy='a.from_date',@Range=30,@Formname='SJ'
06/09/2024 15:18:24	Open DB Connection
06/09/2024 15:18:24	SQL :EXEC GetReservedOrderList 2,@LocationId=6,@Finish=4,@OutDate='2024/09/01',@ToDate='2024/09/09',@PaymentDetail=2,@OrderBy='a.from_date',@Range=30,@Formname='SJ'
06/09/2024 15:18:26	Open DB Connection
06/09/2024 15:18:26	SQL :EXEC GetReservedOrderList 2,@LocationId=6,@Finish=4,@OutDate='2024/09/01',@ToDate='2024/09/09',@PaymentDetail=2,@OrderBy='a.from_date',@Range=30,@Formname='SJ'
06/09/2024 15:18:40	Open Menu :130301
06/09/2024 15:18:40	Open DB Connection
06/09/2024 15:18:40	SQL :EXEC AuthMenu 'irvan.ruswanto',130301;
06/09/2024 15:18:40	Form Check :ScheduleForm
06/09/2024 15:18:50	Open Menu :131101
06/09/2024 15:18:50	Open DB Connection
06/09/2024 15:18:50	SQL :EXEC AuthMenu 'irvan.ruswanto',131101;
06/09/2024 15:18:50	Form Check :BookingForm
06/09/2024 15:18:50	Form Open: BookingForm=,,-1,
06/09/2024 15:18:50	Open DB Connection
06/09/2024 15:18:50	Open DB Connection
06/09/2024 15:18:50	SQL :SELECT * FROM wh_setting WHERE (setting_name='PostingData_API_CompanyId_2') AND (active=1);
06/09/2024 15:18:52	Form Open: OrderList=Bus,Reserved-Create,,0,from_datetime,30,1,0
06/09/2024 15:18:52	Open DB Connection
06/09/2024 15:18:52	Open DB Connection
06/09/2024 15:18:52	SQL :EXEC GetCompanyLocationList
06/09/2024 15:19:03	Open DB Connection
06/09/2024 15:19:03	SQL :EXEC GetCustomerOrderList 2,@LocationId=6,@Finish=0,@OrderBy=from_datetime,@Range=30 ;
06/09/2024 15:20:06	Open DB Connection
06/09/2024 15:20:06	SQL :EXEC GetCustomerOrderList 2,@OutDates='2024/09/06',@LocationId=6,@Finish=0,@OrderBy=from_datetime,@Range=30 ;
06/09/2024 15:20:51	Open DB Connection
06/09/2024 15:20:51	SQL :EXEC GetCustomerOrderList 2,@LocationId=6,@Finish=0,@OrderBy=from_datetime,@Range=30 ;
06/09/2024 15:21:21	Open DB Connection
06/09/2024 15:21:21	SQL :EXEC GetCustomerOrderList 2,@LocationId=6,@Finish=0,@OrderBy=from_datetime,@Range=30 ;
06/09/2024 15:22:40	Form Open: OrderList=Bus,Reserved-Create,,0,from_datetime,30,1,0
06/09/2024 15:22:40	Open DB Connection
06/09/2024 15:22:40	Open DB Connection
06/09/2024 15:22:40	SQL :EXEC GetCompanyLocationList
06/09/2024 15:23:01	Open Menu :130501
06/09/2024 15:23:01	Open DB Connection
06/09/2024 15:23:01	SQL :EXEC AuthMenu 'irvan.ruswanto',130501;
06/09/2024 15:23:01	Form Check :SPJFormBus
06/09/2024 15:23:01	Open DB Connection
06/09/2024 15:23:01	SQL :SELECT * FROM wh_setting WHERE (setting_name='Full_Payment_CompanyId_2') AND (active=1);
06/09/2024 15:23:01	SQL :SELECT value_string FROM wh_setting WHERE setting_name='SJ_Range_CompanyId_2';
06/09/2024 15:23:01	SQL :SELECT * FROM wh_setting WHERE (setting_name='PostingData_API_CompanyId_2') AND (active=1);
06/09/2024 15:23:01	Open DB Connection
06/09/2024 15:23:01	SQL :EXEC GetHelperList 6,2;
06/09/2024 15:23:01	SQL :SELECT * FROM wh_setting WHERE (setting_name='Full_Payment_CompanyId2') AND (active=1);
06/09/2024 15:23:02	SQL :SELECT * FROM wh_setting WHERE (setting_name='Sent_WA_DriverInfo_CompanyId_2') AND (active=1);
06/09/2024 15:23:02	SQL :SELECT * FROM wh_setting WHERE (setting_name='Choose_WA_Number_CompanyId_2') AND (active=1);
06/09/2024 15:23:02	SQL :SELECT * FROM wh_setting WHERE (setting_name='URL_Webwhatsapp') AND (active=1);
06/09/2024 15:23:02	SQL :SELECT value_string FROM wh_setting WHERE (setting_name='SPJ_Form_CompanyId_2') and (active=1);
06/09/2024 15:23:23	Form Check :FSJPenjadwalanList
06/09/2024 15:23:23	Form Open: FSJPenjadwalanList=Bus,,SJBus-Create,4,a.from_date,30
06/09/2024 15:23:23	Open DB Connection
06/09/2024 15:23:23	SQL :EXEC GetCompanyLocationList
06/09/2024 15:23:23	Open DB Connection
06/09/2024 15:23:23	SQL :EXEC GetReservedOrderList 2,@LocationId=6,@Finish=4,@OutDate='2024/09/06',@ToDate='2024/09/09',@PaymentDetail=2,@OrderBy='a.from_date',@Range=30,@Formname='SJ'
06/09/2024 15:23:34	Open DB Connection
06/09/2024 15:23:34	SQL :EXEC GetReservedOrderList 2,@LocationId=6,@Finish=4,@OutDate='2024/09/06',@PaymentDetail=2,@OrderBy='a.from_date',@Range=30,@Formname='SJ'
06/09/2024 15:23:36	Open DB Connection
06/09/2024 15:23:36	SQL :EXEC GetReservedOrderList 2,@LocationId=6,@Finish=4,@OutDate='2024/09/06',@PaymentDetail=2,@OrderBy='a.from_date',@Range=30,@Formname='SJ'
06/09/2024 15:23:42	Open DB Connection
06/09/2024 15:23:42	SQL :EXEC GetReservedOrderList 2,@LocationId=6,@Finish=4,@OutDate='2024/09/06',@PaymentDetail=2,@OrderBy='a.from_date',@Range=30,@Formname='SJ'
06/09/2024 15:24:34	Open DB Connection
06/09/2024 15:24:34	SQL :EXEC GetReservedOrderList 2,@LocationId=6,@Finish=4,@OutDate='2024/09/01',@ToDate='2024/09/06',@PaymentDetail=2,@OrderBy='a.from_date',@Range=30,@Formname='SJ'
06/09/2024 15:24:36	Open DB Connection
06/09/2024 15:24:36	SQL :EXEC GetReservedOrderList 2,@LocationId=6,@Finish=4,@OutDate='2024/09/01',@ToDate='2024/09/06',@PaymentDetail=2,@OrderBy='a.from_date',@Range=30,@Formname='SJ'
06/09/2024 15:25:01	Open Menu :130704
06/09/2024 15:25:01	Open DB Connection
06/09/2024 15:25:01	SQL :EXEC AuthMenu 'irvan.ruswanto',130704;
06/09/2024 15:25:02	Form Check :LeadList
06/09/2024 15:25:02	Open DB Connection
06/09/2024 15:25:02	Open DB Connection
06/09/2024 15:25:22	Open Menu :130501
06/09/2024 15:25:22	Open DB Connection
06/09/2024 15:25:22	SQL :EXEC AuthMenu 'irvan.ruswanto',130501;
06/09/2024 15:25:22	Form Check :SPJFormBus
06/09/2024 15:25:22	Open DB Connection
06/09/2024 15:25:22	SQL :SELECT * FROM wh_setting WHERE (setting_name='Full_Payment_CompanyId_2') AND (active=1);
06/09/2024 15:25:22	SQL :SELECT value_string FROM wh_setting WHERE setting_name='SJ_Range_CompanyId_2';
06/09/2024 15:25:22	SQL :SELECT * FROM wh_setting WHERE (setting_name='PostingData_API_CompanyId_2') AND (active=1);
06/09/2024 15:25:22	Open DB Connection
06/09/2024 15:25:22	SQL :EXEC GetHelperList 6,2;
06/09/2024 15:25:22	SQL :SELECT * FROM wh_setting WHERE (setting_name='Full_Payment_CompanyId2') AND (active=1);
06/09/2024 15:25:22	SQL :SELECT * FROM wh_setting WHERE (setting_name='Sent_WA_DriverInfo_CompanyId_2') AND (active=1);
06/09/2024 15:25:22	SQL :SELECT * FROM wh_setting WHERE (setting_name='Choose_WA_Number_CompanyId_2') AND (active=1);
06/09/2024 15:25:22	SQL :SELECT * FROM wh_setting WHERE (setting_name='URL_Webwhatsapp') AND (active=1);
06/09/2024 15:25:23	SQL :SELECT value_string FROM wh_setting WHERE (setting_name='SPJ_Form_CompanyId_2') and (active=1);
06/09/2024 15:25:25	Form Check :FSJPenjadwalanList
06/09/2024 15:25:25	Form Open: FSJPenjadwalanList=Bus,,SJBus-Create,4,a.from_date,30
06/09/2024 15:25:25	Open DB Connection
06/09/2024 15:25:25	SQL :EXEC GetCompanyLocationList
06/09/2024 15:25:25	Open DB Connection
06/09/2024 15:25:25	SQL :EXEC GetReservedOrderList 2,@LocationId=6,@Finish=4,@OutDate='2024/09/06',@ToDate='2024/09/09',@PaymentDetail=2,@OrderBy='a.from_date',@Range=30,@Formname='SJ'
06/09/2024 15:25:54	Open DB Connection
06/09/2024 15:25:54	SQL :EXEC GetReservedOrderList 2,@LocationId=6,@Finish=4,@OutDate='2024/09/01',@ToDate='2024/09/09',@PaymentDetail=2,@OrderBy='a.from_date',@Range=30,@Formname='SJ'
06/09/2024 15:25:55	Open DB Connection
06/09/2024 15:25:55	SQL :EXEC GetReservedOrderList 2,@LocationId=6,@Finish=4,@OutDate='2024/09/01',@ToDate='2024/09/09',@PaymentDetail=2,@OrderBy='a.from_date',@Range=30,@Formname='SJ'
06/09/2024 15:26:51	Message:Port Check
06/09/2024 15:28:12	Open Menu :130502
06/09/2024 15:28:12	Open DB Connection
06/09/2024 15:28:34	SQL :EXEC AuthMenu 'irvan.ruswanto',130502;
06/09/2024 15:28:34	Form Open: ProductPriceList=Main-Change,0,-1,0
06/09/2024 15:28:34	Open DB Connection
06/09/2024 15:28:34	SQL :EXEC GetCompanyLocationList
06/09/2024 15:28:35	Open DB Connection
06/09/2024 15:28:35	SQL :EXEC GetVhcOutList2 6,1,2,@AllFoward=2;
06/09/2024 15:30:20	Open DB Connection
06/09/2024 15:30:42	SQL :EXEC GetVhcOutList2 6,1,2,@AllFoward=1;
06/09/2024 15:32:05	Form Check :ChatClient
06/09/2024 15:32:05	Form Check :AuthorizedForm
06/09/2024 15:32:05	Form Check :RePrintForm
06/09/2024 15:32:05	Form Check :EmployeeSearch
06/09/2024 15:32:05	Form Check :TimeInputForm
06/09/2024 15:32:05	Log Out
06/09/2024 15:32:08	Start Return Local Settings
06/09/2024 15:32:08	Finish Return Local Settings
06/09/2024 15:32:08	Destroying Object
06/09/2024 15:32:08	Closing Apps
06/09/2024 15:32:10	Get Local Settings
06/09/2024 15:32:10	Start Change Local Settings
06/09/2024 15:32:10	Change short date format
06/09/2024 15:32:10	Change Long date format
06/09/2024 15:32:10	Finish Change Local Settings
06/09/2024 15:32:10	Registry Read: Path=SOFTWARE\WEHA\Aplikasi\3
06/09/2024 15:32:10	Registry Read/Write
06/09/2024 15:32:10	Registry Read: Path=SOFTWARE\WEHA\Aplikasi\3
06/09/2024 15:32:10	Setting DB Param
06/09/2024 15:32:10	Create DB Object
06/09/2024 15:32:10	Create DB Object
06/09/2024 15:32:10	Init DB
06/09/2024 15:32:10	Finish Init DB
06/09/2024 15:32:10	Get File Version
06/09/2024 15:32:10	Change  Caption
06/09/2024 15:32:10	Init Shortkey
06/09/2024 15:32:12	Form Check :Setting
06/09/2024 15:32:12	Form Open: Setting
06/09/2024 15:32:27	Create DB Object
06/09/2024 15:32:27	Create DB Object
06/09/2024 15:32:27	Init DB
06/09/2024 15:32:27	Finish Init DB
06/09/2024 15:32:27	Port Check
06/09/2024 15:32:27	Connection Check
06/09/2024 15:32:50	Check Success
06/09/2024 15:32:55	Registry Write: whapsdb.whitehorse.co.id,wh_prod,sa,SQLNCLI11
06/09/2024 15:32:55	Registry Read: Path=SOFTWARE\WEHA\Aplikasi\3
06/09/2024 15:32:58	Create DB Object
06/09/2024 15:32:58	Create DB Object
06/09/2024 15:32:58	Init DB
06/09/2024 15:32:58	Finish Init DB
06/09/2024 15:33:04	Update new version check
06/09/2024 15:33:04	Open DB Connection
06/09/2024 15:33:26	SQL :
06/09/2024 15:33:26	Update check version
06/09/2024 15:33:26	Open DB Connection
06/09/2024 15:33:26	SQL :SELECT version FROM wh_application WHERE application_id=(SELECT MAX(application_id) FROM wh_application);
06/09/2024 15:33:26	Start Login
06/09/2024 15:33:26	Open DB Connection
06/09/2024 15:33:26	SQL :EXEC AuthenticateUser 'irvan.ruswanto','0b1dd5fabd221ef63c58c026bce4cf6b';
06/09/2024 15:33:26	SQL :INSERT INTO wh_log (user_id,app_date,app_version,app_version_svr,location_id,company_id,department_id,host_name,ip_address)  VALUES ('irvan.ruswanto','06/09/2024','6.1.5.42','6.1.5.41',6,2,00,'IT-WEHA','192.168.25.215');
06/09/2024 15:33:26	Open DB Connection
06/09/2024 15:33:26	SQL :EXEC GetUserMenu 'irvan.ruswanto';
06/09/2024 15:33:27	SQL :EXEC GetUserSubMenu 'irvan.ruswanto','11';
06/09/2024 15:33:27	SQL :EXEC GetUserTreeMenu 'irvan.ruswanto','1101',@CompanyId=2;
06/09/2024 15:33:27	SQL :EXEC GetUserTreeMenu 'irvan.ruswanto','1102',@CompanyId=2;
06/09/2024 15:33:27	SQL :EXEC GetUserTreeMenu 'irvan.ruswanto','1103',@CompanyId=2;
06/09/2024 15:33:27	SQL :EXEC GetUserTreeMenu 'irvan.ruswanto','1104',@CompanyId=2;
06/09/2024 15:33:27	SQL :EXEC GetUserTreeMenu 'irvan.ruswanto','1105',@CompanyId=2;
06/09/2024 15:33:27	SQL :EXEC GetUserTreeMenu 'irvan.ruswanto','1106',@CompanyId=2;
06/09/2024 15:33:27	SQL :EXEC GetUserTreeMenu 'irvan.ruswanto','1107',@CompanyId=2;
06/09/2024 15:33:27	SQL :EXEC GetUserTreeMenu 'irvan.ruswanto','1108',@CompanyId=2;
06/09/2024 15:33:27	SQL :EXEC GetUserTreeMenu 'irvan.ruswanto','1109',@CompanyId=2;
06/09/2024 15:33:27	SQL :EXEC GetUserTreeMenu 'irvan.ruswanto','1110',@CompanyId=2;
06/09/2024 15:33:27	SQL :EXEC GetUserTreeMenu 'irvan.ruswanto','1111',@CompanyId=2;
06/09/2024 15:33:27	SQL :EXEC GetUserTreeMenu 'irvan.ruswanto','1112',@CompanyId=2;
06/09/2024 15:33:27	SQL :EXEC GetUserTreeMenu 'irvan.ruswanto','1113',@CompanyId=2;
06/09/2024 15:33:27	SQL :EXEC GetUserTreeMenu 'irvan.ruswanto','1114',@CompanyId=2;
06/09/2024 15:33:27	SQL :EXEC GetUserTreeMenu 'irvan.ruswanto','1115',@CompanyId=2;
06/09/2024 15:33:28	SQL :EXEC GetUserTreeMenu 'irvan.ruswanto','1116',@CompanyId=2;
06/09/2024 15:33:28	SQL :EXEC GetUserTreeMenu 'irvan.ruswanto','1117',@CompanyId=2;
06/09/2024 15:33:28	SQL :EXEC GetUserTreeMenu 'irvan.ruswanto','1198',@CompanyId=2;
06/09/2024 15:33:28	SQL :EXEC GetUserTreeMenu 'irvan.ruswanto','1199',@CompanyId=2;
06/09/2024 15:33:28	SQL :EXEC GetUserSubMenu 'irvan.ruswanto','12';
06/09/2024 15:33:28	SQL :EXEC GetUserTreeMenu 'irvan.ruswanto','1201',@CompanyId=2;
06/09/2024 15:33:28	SQL :EXEC GetUserTreeMenu 'irvan.ruswanto','1202',@CompanyId=2;
06/09/2024 15:33:28	SQL :EXEC GetUserTreeMenu 'irvan.ruswanto','1203',@CompanyId=2;
06/09/2024 15:33:28	SQL :EXEC GetUserTreeMenu 'irvan.ruswanto','1204',@CompanyId=2;
06/09/2024 15:33:28	SQL :EXEC GetUserTreeMenu 'irvan.ruswanto','1205',@CompanyId=2;
06/09/2024 15:33:28	SQL :EXEC GetUserTreeMenu 'irvan.ruswanto','1206',@CompanyId=2;
06/09/2024 15:33:28	SQL :EXEC GetUserTreeMenu 'irvan.ruswanto','1207',@CompanyId=2;
06/09/2024 15:33:28	SQL :EXEC GetUserSubMenu 'irvan.ruswanto','13';
06/09/2024 15:33:28	SQL :EXEC GetUserTreeMenu 'irvan.ruswanto','1301',@CompanyId=2;
06/09/2024 15:33:28	SQL :EXEC GetUserTreeMenu 'irvan.ruswanto','1302',@CompanyId=2;
06/09/2024 15:33:28	SQL :EXEC GetUserTreeMenu 'irvan.ruswanto','1303',@CompanyId=2;
06/09/2024 15:33:28	SQL :EXEC GetUserTreeMenu 'irvan.ruswanto','1304',@CompanyId=2;
06/09/2024 15:33:28	SQL :EXEC GetUserTreeMenu 'irvan.ruswanto','1305',@CompanyId=2;
06/09/2024 15:33:29	SQL :EXEC GetUserTreeMenu 'irvan.ruswanto','1306',@CompanyId=2;
06/09/2024 15:33:29	SQL :EXEC GetUserTreeMenu 'irvan.ruswanto','1307',@CompanyId=2;
06/09/2024 15:33:29	SQL :EXEC GetUserTreeMenu 'irvan.ruswanto','1308',@CompanyId=2;
06/09/2024 15:33:29	SQL :EXEC GetUserTreeMenu 'irvan.ruswanto','1309',@CompanyId=2;
06/09/2024 15:33:29	SQL :EXEC GetUserTreeMenu 'irvan.ruswanto','1310',@CompanyId=2;
06/09/2024 15:33:29	SQL :EXEC GetUserTreeMenu 'irvan.ruswanto','1311',@CompanyId=2;
06/09/2024 15:33:29	SQL :EXEC GetUserTreeMenu 'irvan.ruswanto','1312',@CompanyId=2;
06/09/2024 15:33:29	SQL :EXEC GetUserTreeMenu 'irvan.ruswanto','1313',@CompanyId=2;
06/09/2024 15:33:29	SQL :EXEC GetUserTreeMenu 'irvan.ruswanto','1314',@CompanyId=2;
06/09/2024 15:33:29	SQL :EXEC GetUserTreeMenu 'irvan.ruswanto','1315',@CompanyId=2;
06/09/2024 15:33:29	SQL :EXEC GetUserTreeMenu 'irvan.ruswanto','1316',@CompanyId=2;
06/09/2024 15:33:29	SQL :EXEC GetUserTreeMenu 'irvan.ruswanto','1317',@CompanyId=2;
06/09/2024 15:33:29	SQL :EXEC GetUserTreeMenu 'irvan.ruswanto','1318',@CompanyId=2;
06/09/2024 15:33:29	SQL :EXEC GetUserTreeMenu 'irvan.ruswanto','1319',@CompanyId=2;
06/09/2024 15:33:29	SQL :EXEC GetUserTreeMenu 'irvan.ruswanto','1320',@CompanyId=2;
06/09/2024 15:33:29	SQL :EXEC GetUserTreeMenu 'irvan.ruswanto','1321',@CompanyId=2;
06/09/2024 15:33:29	SQL :EXEC GetUserTreeMenu 'irvan.ruswanto','1322',@CompanyId=2;
06/09/2024 15:33:30	SQL :EXEC GetUserSubMenu 'irvan.ruswanto','14';
06/09/2024 15:33:30	SQL :EXEC GetUserTreeMenu 'irvan.ruswanto','1401',@CompanyId=2;
06/09/2024 15:33:30	SQL :EXEC GetUserTreeMenu 'irvan.ruswanto','1402',@CompanyId=2;
06/09/2024 15:33:30	SQL :EXEC GetUserTreeMenu 'irvan.ruswanto','1403',@CompanyId=2;
06/09/2024 15:33:30	SQL :EXEC GetUserTreeMenu 'irvan.ruswanto','1404',@CompanyId=2;
06/09/2024 15:33:30	SQL :EXEC GetUserTreeMenu 'irvan.ruswanto','1406',@CompanyId=2;
06/09/2024 15:33:30	SQL :EXEC GetUserTreeMenu 'irvan.ruswanto','1408',@CompanyId=2;
06/09/2024 15:33:30	SQL :EXEC GetUserTreeMenu 'irvan.ruswanto','1410',@CompanyId=2;
06/09/2024 15:33:30	SQL :EXEC GetUserTreeMenu 'irvan.ruswanto','1411',@CompanyId=2;
06/09/2024 15:33:30	SQL :EXEC GetUserTreeMenu 'irvan.ruswanto','1412',@CompanyId=2;
06/09/2024 15:33:30	SQL :EXEC GetUserTreeMenu 'irvan.ruswanto','1413',@CompanyId=2;
06/09/2024 15:33:30	SQL :EXEC GetUserTreeMenu 'irvan.ruswanto','1414',@CompanyId=2;
06/09/2024 15:33:30	SQL :EXEC GetUserSubMenu 'irvan.ruswanto','15';
06/09/2024 15:33:30	SQL :EXEC GetUserTreeMenu 'irvan.ruswanto','1501',@CompanyId=2;
06/09/2024 15:33:30	SQL :EXEC GetUserTreeMenu 'irvan.ruswanto','1502',@CompanyId=2;
06/09/2024 15:33:30	SQL :EXEC GetUserTreeMenu 'irvan.ruswanto','1503',@CompanyId=2;
06/09/2024 15:33:30	SQL :EXEC GetUserTreeMenu 'irvan.ruswanto','1504',@CompanyId=2;
06/09/2024 15:33:30	SQL :EXEC GetUserTreeMenu 'irvan.ruswanto','1505',@CompanyId=2;
06/09/2024 15:33:30	SQL :EXEC GetUserTreeMenu 'irvan.ruswanto','1506',@CompanyId=2;
06/09/2024 15:33:30	SQL :EXEC GetUserTreeMenu 'irvan.ruswanto','1507',@CompanyId=2;
06/09/2024 15:33:31	SQL :EXEC GetUserTreeMenu 'irvan.ruswanto','1508',@CompanyId=2;
06/09/2024 15:33:31	SQL :EXEC GetUserTreeMenu 'irvan.ruswanto','1509',@CompanyId=2;
06/09/2024 15:33:31	SQL :EXEC GetUserTreeMenu 'irvan.ruswanto','1510',@CompanyId=2;
06/09/2024 15:33:31	SQL :EXEC GetUserTreeMenu 'irvan.ruswanto','1511',@CompanyId=2;
06/09/2024 15:33:31	SQL :EXEC GetUserSubMenu 'irvan.ruswanto','16';
06/09/2024 15:33:31	SQL :EXEC GetUserTreeMenu 'irvan.ruswanto','1601',@CompanyId=2;
06/09/2024 15:33:31	SQL :EXEC GetUserTreeMenu 'irvan.ruswanto','1602',@CompanyId=2;
06/09/2024 15:33:31	SQL :EXEC GetUserTreeMenu 'irvan.ruswanto','1603',@CompanyId=2;
06/09/2024 15:33:31	SQL :EXEC GetUserTreeMenu 'irvan.ruswanto','1604',@CompanyId=2;
06/09/2024 15:33:31	SQL :EXEC GetUserTreeMenu 'irvan.ruswanto','1605',@CompanyId=2;
06/09/2024 15:33:31	SQL :EXEC GetUserTreeMenu 'irvan.ruswanto','1606',@CompanyId=2;
06/09/2024 15:33:31	SQL :EXEC GetUserTreeMenu 'irvan.ruswanto','1607',@CompanyId=2;
06/09/2024 15:33:31	SQL :EXEC GetUserTreeMenu 'irvan.ruswanto','1608',@CompanyId=2;
06/09/2024 15:33:31	SQL :EXEC GetUserTreeMenu 'irvan.ruswanto','1609',@CompanyId=2;
06/09/2024 15:33:31	SQL :EXEC GetUserTreeMenu 'irvan.ruswanto','1610',@CompanyId=2;
06/09/2024 15:33:31	SQL :EXEC GetUserTreeMenu 'irvan.ruswanto','1611',@CompanyId=2;
06/09/2024 15:33:31	SQL :EXEC GetUserTreeMenu 'irvan.ruswanto','1612',@CompanyId=2;
06/09/2024 15:33:31	SQL :EXEC GetUserTreeMenu 'irvan.ruswanto','1613',@CompanyId=2;
06/09/2024 15:33:31	SQL :EXEC GetUserTreeMenu 'irvan.ruswanto','1614',@CompanyId=2;
06/09/2024 15:33:31	SQL :EXEC GetUserTreeMenu 'irvan.ruswanto','1615',@CompanyId=2;
06/09/2024 15:33:32	SQL :EXEC GetUserTreeMenu 'irvan.ruswanto','1616',@CompanyId=2;
06/09/2024 15:33:32	SQL :EXEC GetUserTreeMenu 'irvan.ruswanto','1619',@CompanyId=2;
06/09/2024 15:33:32	SQL :EXEC GetUserTreeMenu 'irvan.ruswanto','1620',@CompanyId=2;
06/09/2024 15:33:32	SQL :EXEC GetUserSubMenu 'irvan.ruswanto','17';
06/09/2024 15:33:32	SQL :EXEC GetUserTreeMenu 'irvan.ruswanto','1701',@CompanyId=2;
06/09/2024 15:33:32	SQL :EXEC GetUserTreeMenu 'irvan.ruswanto','1702',@CompanyId=2;
06/09/2024 15:33:32	SQL :EXEC GetUserTreeMenu 'irvan.ruswanto','1703',@CompanyId=2;
06/09/2024 15:33:32	SQL :EXEC GetUserTreeMenu 'irvan.ruswanto','1704',@CompanyId=2;
06/09/2024 15:33:32	SQL :EXEC GetUserTreeMenu 'irvan.ruswanto','1705',@CompanyId=2;
06/09/2024 15:33:32	SQL :EXEC GetUserTreeMenu 'irvan.ruswanto','1706',@CompanyId=2;
06/09/2024 15:33:32	SQL :EXEC GetUserTreeMenu 'irvan.ruswanto','1707',@CompanyId=2;
06/09/2024 15:33:32	SQL :EXEC GetUserTreeMenu 'irvan.ruswanto','1708',@CompanyId=2;
06/09/2024 15:33:32	SQL :EXEC GetUserTreeMenu 'irvan.ruswanto','1709',@CompanyId=2;
06/09/2024 15:33:32	SQL :EXEC GetUserTreeMenu 'irvan.ruswanto','1710',@CompanyId=2;
06/09/2024 15:33:32	SQL :EXEC GetUserTreeMenu 'irvan.ruswanto','1711',@CompanyId=2;
06/09/2024 15:33:32	SQL :EXEC GetUserTreeMenu 'irvan.ruswanto','1712',@CompanyId=2;
06/09/2024 15:33:32	SQL :EXEC GetUserTreeMenu 'irvan.ruswanto','1713',@CompanyId=2;
06/09/2024 15:33:32	SQL :EXEC GetUserTreeMenu 'irvan.ruswanto','1714',@CompanyId=2;
06/09/2024 15:33:32	SQL :EXEC GetUserTreeMenu 'irvan.ruswanto','1715',@CompanyId=2;
06/09/2024 15:33:32	SQL :EXEC GetUserTreeMenu 'irvan.ruswanto','1716',@CompanyId=2;
06/09/2024 15:33:32	SQL :EXEC GetUserTreeMenu 'irvan.ruswanto','1717',@CompanyId=2;
06/09/2024 15:33:32	SQL :EXEC GetUserSubMenu 'irvan.ruswanto','18';
06/09/2024 15:33:32	SQL :EXEC GetUserTreeMenu 'irvan.ruswanto','1801',@CompanyId=2;
06/09/2024 15:33:33	SQL :EXEC GetUserSubMenu 'irvan.ruswanto','19';
06/09/2024 15:33:33	SQL :EXEC GetUserTreeMenu 'irvan.ruswanto','1901',@CompanyId=2;
06/09/2024 15:33:33	SQL :EXEC GetUserTreeMenu 'irvan.ruswanto','1902',@CompanyId=2;
06/09/2024 15:33:33	SQL :EXEC GetUserTreeMenu 'irvan.ruswanto','1903',@CompanyId=2;
06/09/2024 15:33:33	SQL :EXEC GetUserTreeMenu 'irvan.ruswanto','1904',@CompanyId=2;
06/09/2024 15:33:33	SQL :EXEC GetUserTreeMenu 'irvan.ruswanto','1905',@CompanyId=2;
06/09/2024 15:33:33	SQL :EXEC GetUserTreeMenu 'irvan.ruswanto','1906',@CompanyId=2;
06/09/2024 15:33:33	SQL :EXEC GetUserTreeMenu 'irvan.ruswanto','1907',@CompanyId=2;
06/09/2024 15:33:33	SQL :EXEC GetUserTreeMenu 'irvan.ruswanto','1908',@CompanyId=2;
06/09/2024 15:33:33	SQL :EXEC GetUserTreeMenu 'irvan.ruswanto','1909',@CompanyId=2;
06/09/2024 15:33:33	SQL :EXEC GetUserTreeMenu 'irvan.ruswanto','1910',@CompanyId=2;
06/09/2024 15:33:33	SQL :EXEC GetUserTreeMenu 'irvan.ruswanto','1911',@CompanyId=2;
06/09/2024 15:33:33	SQL :EXEC GetUserTreeMenu 'irvan.ruswanto','1912',@CompanyId=2;
06/09/2024 15:33:33	SQL :SELECT CONVERT(VARCHAR(8),GETDATE(),108) AS hour_minute;
06/09/2024 15:33:33	SQL :SELECT CONVERT(VARCHAR(10),GETDATE(),103) AS date_time;
06/09/2024 15:33:33	Loading Setting
06/09/2024 15:33:33	Open DB Connection
06/09/2024 15:33:33	SQL :SELECT * FROM wh_setting WHERE setting_name='Hold_Less_Deposit';
06/09/2024 15:33:34	SQL :SELECT * FROM wh_setting WHERE setting_name='Max_Less_Deposit';
06/09/2024 15:33:34	SQL :SELECT * FROM wh_setting WHERE setting_name='Dashboard_2';
06/09/2024 15:33:34	Finish Logging
06/09/2024 15:33:34	SQL :SELECT value_string FROM wh_setting WHERE (setting_name='Interval_CheckInDate') AND (active=1);
06/09/2024 15:33:34	SQL :SELECT value_string FROM wh_setting WHERE (setting_name='Interval_CheckInTime') AND (active=1);
06/09/2024 15:33:34	SQL :SELECT value_string FROM wh_setting WHERE (setting_name='ChatEnable') and (active=1);
06/09/2024 15:33:34	Message:Port Check
06/09/2024 15:34:07	Open Menu :190404
06/09/2024 15:34:08	Open DB Connection
06/09/2024 15:34:08	SQL :EXEC AuthMenu 'irvan.ruswanto',190404;
06/09/2024 15:34:08	Form Check :DailyInvoiceRpt
06/09/2024 15:34:08	Open DB Connection
06/09/2024 15:34:08	Open DB Connection
06/09/2024 15:34:08	SQL :EXEC GetTransactionList 2,@Dates='2024/09/06',@Finish=2;
06/09/2024 15:34:29	Open DB Connection
06/09/2024 15:34:29	SQL :EXEC GetTransactionList 2,@FromDate='2024/06/01',@ToDate='2024/09/06',@Finish=2;
06/09/2024 15:36:08	Form Check :BusInvoice
06/09/2024 15:36:08	Open DB Connection
06/09/2024 15:36:30	SQL :SELECT * FROM wh_setting WHERE (setting_name='Invoice_Form_CompanyId_2') AND (active=1);
06/09/2024 15:36:30	Open DB Connection
06/09/2024 15:36:31	Open DB Connection
06/09/2024 15:36:37	Init DB WO
06/09/2024 15:36:37	Finish Init DB WO
06/09/2024 15:36:37	Open DB Connection
06/09/2024 15:36:42	Open DB Connection
06/09/2024 15:36:42	Open DB Connection
06/09/2024 15:36:42	Open DB Connection
06/09/2024 15:37:01	Form Check :ChatClient
06/09/2024 15:37:02	Form Check :AuthorizedForm
06/09/2024 15:37:02	Form Check :RePrintForm
06/09/2024 15:37:02	Form Check :EmployeeSearch
06/09/2024 15:37:02	Form Check :TimeInputForm
06/09/2024 15:37:02	Log Out
06/09/2024 15:37:04	Start Return Local Settings
06/09/2024 15:37:04	Finish Return Local Settings
06/09/2024 15:37:04	Destroying Object
06/09/2024 15:37:04	Closing Apps
06/09/2024 15:57:30	Get Local Settings
06/09/2024 15:57:30	Start Change Local Settings
06/09/2024 15:57:30	Change short date format
06/09/2024 15:57:30	Change Long date format
06/09/2024 15:57:30	Finish Change Local Settings
06/09/2024 15:57:30	Registry Read: Path=SOFTWARE\WEHA\Aplikasi\3
06/09/2024 15:57:30	Registry Read/Write
06/09/2024 15:57:30	Registry Read: Path=SOFTWARE\WEHA\Aplikasi\3
06/09/2024 15:57:30	Create DB Object
06/09/2024 15:57:30	Create DB Object
06/09/2024 15:57:30	Init DB
06/09/2024 15:57:30	Finish Init DB
06/09/2024 15:57:30	Get File Version
06/09/2024 15:57:30	Change  Caption
06/09/2024 15:57:30	Init Shortkey
06/09/2024 15:57:31	Form Check :Setting
06/09/2024 15:57:31	Form Open: Setting
06/09/2024 15:57:47	Setting DB Param
06/09/2024 15:57:47	Create DB Object
06/09/2024 15:57:47	Create DB Object
06/09/2024 15:57:47	Init DB
06/09/2024 15:57:47	Finish Init DB
06/09/2024 15:57:47	Port Check
06/09/2024 15:57:47	Connection Check
06/09/2024 15:58:10	Check Success
06/09/2024 15:59:35	Registry Write: 192.168.10.247,wh_dev,sa,SQLNCLI11
06/09/2024 15:59:35	Registry Read: Path=SOFTWARE\WEHA\Aplikasi\3
06/09/2024 16:02:54	Setting DB Param
06/09/2024 16:02:54	Create DB Object
06/09/2024 16:02:54	Create DB Object
06/09/2024 16:02:54	Init DB
06/09/2024 16:02:54	Finish Init DB
06/09/2024 16:04:18	Setting DB Param
06/09/2024 16:04:18	Create DB Object
06/09/2024 16:04:18	Create DB Object
06/09/2024 16:04:18	Init DB
06/09/2024 16:04:18	Finish Init DB
06/09/2024 16:04:33	Update new version check
06/09/2024 16:04:33	Open DB Connection
06/09/2024 16:04:55	SQL :
06/09/2024 16:04:55	Update check version
06/09/2024 16:04:55	Open DB Connection
06/09/2024 16:04:55	SQL :SELECT version FROM wh_application WHERE application_id=(SELECT MAX(application_id) FROM wh_application);
06/09/2024 16:04:55	Start Login
06/09/2024 16:04:55	Open DB Connection
06/09/2024 16:04:55	SQL :EXEC AuthenticateUser 'irvan.ruswanto','0b1dd5fabd221ef63c58c026bce4cf6b';
06/09/2024 16:04:55	SQL :INSERT INTO wh_log (user_id,app_date,app_version,app_version_svr,location_id,company_id,department_id,host_name,ip_address)  VALUES ('irvan.ruswanto','06/09/2024','6.1.5.42','6.1.5.41',6,2,00,'IT-WEHA','192.168.25.215');
06/09/2024 16:04:55	Open DB Connection
06/09/2024 16:04:55	SQL :EXEC GetUserMenu 'irvan.ruswanto';
06/09/2024 16:04:55	SQL :EXEC GetUserSubMenu 'irvan.ruswanto','11';
06/09/2024 16:04:56	SQL :EXEC GetUserTreeMenu 'irvan.ruswanto','1101',@CompanyId=2;
06/09/2024 16:04:56	SQL :EXEC GetUserTreeMenu 'irvan.ruswanto','1102',@CompanyId=2;
06/09/2024 16:04:56	SQL :EXEC GetUserTreeMenu 'irvan.ruswanto','1103',@CompanyId=2;
06/09/2024 16:04:56	SQL :EXEC GetUserTreeMenu 'irvan.ruswanto','1104',@CompanyId=2;
06/09/2024 16:04:56	SQL :EXEC GetUserTreeMenu 'irvan.ruswanto','1105',@CompanyId=2;
06/09/2024 16:04:56	SQL :EXEC GetUserTreeMenu 'irvan.ruswanto','1106',@CompanyId=2;
06/09/2024 16:04:56	SQL :EXEC GetUserTreeMenu 'irvan.ruswanto','1107',@CompanyId=2;
06/09/2024 16:04:56	SQL :EXEC GetUserTreeMenu 'irvan.ruswanto','1108',@CompanyId=2;
06/09/2024 16:04:56	SQL :EXEC GetUserTreeMenu 'irvan.ruswanto','1109',@CompanyId=2;
06/09/2024 16:04:56	SQL :EXEC GetUserTreeMenu 'irvan.ruswanto','1110',@CompanyId=2;
06/09/2024 16:04:56	SQL :EXEC GetUserTreeMenu 'irvan.ruswanto','1111',@CompanyId=2;
06/09/2024 16:04:56	SQL :EXEC GetUserTreeMenu 'irvan.ruswanto','1112',@CompanyId=2;
06/09/2024 16:04:56	SQL :EXEC GetUserTreeMenu 'irvan.ruswanto','1113',@CompanyId=2;
06/09/2024 16:04:56	SQL :EXEC GetUserTreeMenu 'irvan.ruswanto','1114',@CompanyId=2;
06/09/2024 16:04:56	SQL :EXEC GetUserTreeMenu 'irvan.ruswanto','1115',@CompanyId=2;
06/09/2024 16:04:56	SQL :EXEC GetUserTreeMenu 'irvan.ruswanto','1116',@CompanyId=2;
06/09/2024 16:04:56	SQL :EXEC GetUserTreeMenu 'irvan.ruswanto','1117',@CompanyId=2;
06/09/2024 16:04:56	SQL :EXEC GetUserTreeMenu 'irvan.ruswanto','1198',@CompanyId=2;
06/09/2024 16:04:56	SQL :EXEC GetUserTreeMenu 'irvan.ruswanto','1199',@CompanyId=2;
06/09/2024 16:04:56	SQL :EXEC GetUserSubMenu 'irvan.ruswanto','12';
06/09/2024 16:04:56	SQL :EXEC GetUserTreeMenu 'irvan.ruswanto','1201',@CompanyId=2;
06/09/2024 16:04:56	SQL :EXEC GetUserTreeMenu 'irvan.ruswanto','1202',@CompanyId=2;
06/09/2024 16:04:56	SQL :EXEC GetUserTreeMenu 'irvan.ruswanto','1203',@CompanyId=2;
06/09/2024 16:04:56	SQL :EXEC GetUserTreeMenu 'irvan.ruswanto','1204',@CompanyId=2;
06/09/2024 16:04:56	SQL :EXEC GetUserTreeMenu 'irvan.ruswanto','1205',@CompanyId=2;
06/09/2024 16:04:56	SQL :EXEC GetUserTreeMenu 'irvan.ruswanto','1206',@CompanyId=2;
06/09/2024 16:04:56	SQL :EXEC GetUserTreeMenu 'irvan.ruswanto','1207',@CompanyId=2;
06/09/2024 16:04:56	SQL :EXEC GetUserSubMenu 'irvan.ruswanto','13';
06/09/2024 16:04:56	SQL :EXEC GetUserTreeMenu 'irvan.ruswanto','1301',@CompanyId=2;
06/09/2024 16:04:57	SQL :EXEC GetUserTreeMenu 'irvan.ruswanto','1302',@CompanyId=2;
06/09/2024 16:04:57	SQL :EXEC GetUserTreeMenu 'irvan.ruswanto','1303',@CompanyId=2;
06/09/2024 16:04:57	SQL :EXEC GetUserTreeMenu 'irvan.ruswanto','1304',@CompanyId=2;
06/09/2024 16:04:57	SQL :EXEC GetUserTreeMenu 'irvan.ruswanto','1305',@CompanyId=2;
06/09/2024 16:04:57	SQL :EXEC GetUserTreeMenu 'irvan.ruswanto','1306',@CompanyId=2;
06/09/2024 16:04:57	SQL :EXEC GetUserTreeMenu 'irvan.ruswanto','1307',@CompanyId=2;
06/09/2024 16:04:57	SQL :EXEC GetUserTreeMenu 'irvan.ruswanto','1308',@CompanyId=2;
06/09/2024 16:04:57	SQL :EXEC GetUserTreeMenu 'irvan.ruswanto','1309',@CompanyId=2;
06/09/2024 16:04:57	SQL :EXEC GetUserTreeMenu 'irvan.ruswanto','1310',@CompanyId=2;
06/09/2024 16:04:57	SQL :EXEC GetUserTreeMenu 'irvan.ruswanto','1311',@CompanyId=2;
06/09/2024 16:04:57	SQL :EXEC GetUserTreeMenu 'irvan.ruswanto','1312',@CompanyId=2;
06/09/2024 16:04:57	SQL :EXEC GetUserTreeMenu 'irvan.ruswanto','1313',@CompanyId=2;
06/09/2024 16:04:57	SQL :EXEC GetUserTreeMenu 'irvan.ruswanto','1314',@CompanyId=2;
06/09/2024 16:04:57	SQL :EXEC GetUserTreeMenu 'irvan.ruswanto','1315',@CompanyId=2;
06/09/2024 16:04:57	SQL :EXEC GetUserTreeMenu 'irvan.ruswanto','1316',@CompanyId=2;
06/09/2024 16:04:57	SQL :EXEC GetUserTreeMenu 'irvan.ruswanto','1317',@CompanyId=2;
06/09/2024 16:04:57	SQL :EXEC GetUserTreeMenu 'irvan.ruswanto','1318',@CompanyId=2;
06/09/2024 16:04:57	SQL :EXEC GetUserTreeMenu 'irvan.ruswanto','1319',@CompanyId=2;
06/09/2024 16:04:57	SQL :EXEC GetUserTreeMenu 'irvan.ruswanto','1320',@CompanyId=2;
06/09/2024 16:04:57	SQL :EXEC GetUserTreeMenu 'irvan.ruswanto','1321',@CompanyId=2;
06/09/2024 16:04:57	SQL :EXEC GetUserTreeMenu 'irvan.ruswanto','1322',@CompanyId=2;
06/09/2024 16:04:57	SQL :EXEC GetUserSubMenu 'irvan.ruswanto','14';
06/09/2024 16:04:57	SQL :EXEC GetUserTreeMenu 'irvan.ruswanto','1401',@CompanyId=2;
06/09/2024 16:04:57	SQL :EXEC GetUserTreeMenu 'irvan.ruswanto','1402',@CompanyId=2;
06/09/2024 16:04:57	SQL :EXEC GetUserTreeMenu 'irvan.ruswanto','1403',@CompanyId=2;
06/09/2024 16:04:57	SQL :EXEC GetUserTreeMenu 'irvan.ruswanto','1404',@CompanyId=2;
06/09/2024 16:04:57	SQL :EXEC GetUserTreeMenu 'irvan.ruswanto','1406',@CompanyId=2;
06/09/2024 16:04:57	SQL :EXEC GetUserTreeMenu 'irvan.ruswanto','1408',@CompanyId=2;
06/09/2024 16:04:57	SQL :EXEC GetUserTreeMenu 'irvan.ruswanto','1410',@CompanyId=2;
06/09/2024 16:04:57	SQL :EXEC GetUserTreeMenu 'irvan.ruswanto','1411',@CompanyId=2;
06/09/2024 16:04:57	SQL :EXEC GetUserTreeMenu 'irvan.ruswanto','1412',@CompanyId=2;
06/09/2024 16:04:57	SQL :EXEC GetUserTreeMenu 'irvan.ruswanto','1413',@CompanyId=2;
06/09/2024 16:04:57	SQL :EXEC GetUserTreeMenu 'irvan.ruswanto','1414',@CompanyId=2;
06/09/2024 16:04:58	SQL :EXEC GetUserSubMenu 'irvan.ruswanto','15';
06/09/2024 16:04:58	SQL :EXEC GetUserTreeMenu 'irvan.ruswanto','1501',@CompanyId=2;
06/09/2024 16:04:58	SQL :EXEC GetUserTreeMenu 'irvan.ruswanto','1502',@CompanyId=2;
06/09/2024 16:04:58	SQL :EXEC GetUserTreeMenu 'irvan.ruswanto','1503',@CompanyId=2;
06/09/2024 16:04:58	SQL :EXEC GetUserTreeMenu 'irvan.ruswanto','1504',@CompanyId=2;
06/09/2024 16:04:58	SQL :EXEC GetUserTreeMenu 'irvan.ruswanto','1505',@CompanyId=2;
06/09/2024 16:04:59	SQL :EXEC GetUserTreeMenu 'irvan.ruswanto','1506',@CompanyId=2;
06/09/2024 16:04:59	SQL :EXEC GetUserTreeMenu 'irvan.ruswanto','1507',@CompanyId=2;
06/09/2024 16:04:59	SQL :EXEC GetUserTreeMenu 'irvan.ruswanto','1508',@CompanyId=2;
06/09/2024 16:04:59	SQL :EXEC GetUserTreeMenu 'irvan.ruswanto','1509',@CompanyId=2;
06/09/2024 16:04:59	SQL :EXEC GetUserTreeMenu 'irvan.ruswanto','1510',@CompanyId=2;
06/09/2024 16:04:59	SQL :EXEC GetUserTreeMenu 'irvan.ruswanto','1511',@CompanyId=2;
06/09/2024 16:04:59	SQL :EXEC GetUserSubMenu 'irvan.ruswanto','16';
06/09/2024 16:04:59	SQL :EXEC GetUserTreeMenu 'irvan.ruswanto','1601',@CompanyId=2;
06/09/2024 16:04:59	SQL :EXEC GetUserTreeMenu 'irvan.ruswanto','1602',@CompanyId=2;
06/09/2024 16:04:59	SQL :EXEC GetUserTreeMenu 'irvan.ruswanto','1603',@CompanyId=2;
06/09/2024 16:04:59	SQL :EXEC GetUserTreeMenu 'irvan.ruswanto','1604',@CompanyId=2;
06/09/2024 16:04:59	SQL :EXEC GetUserTreeMenu 'irvan.ruswanto','1605',@CompanyId=2;
06/09/2024 16:04:59	SQL :EXEC GetUserTreeMenu 'irvan.ruswanto','1606',@CompanyId=2;
06/09/2024 16:04:59	SQL :EXEC GetUserTreeMenu 'irvan.ruswanto','1607',@CompanyId=2;
06/09/2024 16:04:59	SQL :EXEC GetUserTreeMenu 'irvan.ruswanto','1608',@CompanyId=2;
06/09/2024 16:04:59	SQL :EXEC GetUserTreeMenu 'irvan.ruswanto','1609',@CompanyId=2;
06/09/2024 16:04:59	SQL :EXEC GetUserTreeMenu 'irvan.ruswanto','1610',@CompanyId=2;
06/09/2024 16:04:59	SQL :EXEC GetUserTreeMenu 'irvan.ruswanto','1611',@CompanyId=2;
06/09/2024 16:04:59	SQL :EXEC GetUserTreeMenu 'irvan.ruswanto','1612',@CompanyId=2;
06/09/2024 16:04:59	SQL :EXEC GetUserTreeMenu 'irvan.ruswanto','1613',@CompanyId=2;
06/09/2024 16:04:59	SQL :EXEC GetUserTreeMenu 'irvan.ruswanto','1614',@CompanyId=2;
06/09/2024 16:04:59	SQL :EXEC GetUserTreeMenu 'irvan.ruswanto','1615',@CompanyId=2;
06/09/2024 16:04:59	SQL :EXEC GetUserTreeMenu 'irvan.ruswanto','1616',@CompanyId=2;
06/09/2024 16:04:59	SQL :EXEC GetUserTreeMenu 'irvan.ruswanto','1619',@CompanyId=2;
06/09/2024 16:04:59	SQL :EXEC GetUserTreeMenu 'irvan.ruswanto','1620',@CompanyId=2;
06/09/2024 16:04:59	SQL :EXEC GetUserSubMenu 'irvan.ruswanto','17';
06/09/2024 16:05:00	SQL :EXEC GetUserTreeMenu 'irvan.ruswanto','1701',@CompanyId=2;
06/09/2024 16:05:00	SQL :EXEC GetUserTreeMenu 'irvan.ruswanto','1702',@CompanyId=2;
06/09/2024 16:05:00	SQL :EXEC GetUserTreeMenu 'irvan.ruswanto','1703',@CompanyId=2;
06/09/2024 16:05:00	SQL :EXEC GetUserTreeMenu 'irvan.ruswanto','1704',@CompanyId=2;
06/09/2024 16:05:00	SQL :EXEC GetUserTreeMenu 'irvan.ruswanto','1705',@CompanyId=2;
06/09/2024 16:05:00	SQL :EXEC GetUserTreeMenu 'irvan.ruswanto','1706',@CompanyId=2;
06/09/2024 16:05:00	SQL :EXEC GetUserTreeMenu 'irvan.ruswanto','1707',@CompanyId=2;
06/09/2024 16:05:00	SQL :EXEC GetUserTreeMenu 'irvan.ruswanto','1708',@CompanyId=2;
06/09/2024 16:05:00	SQL :EXEC GetUserTreeMenu 'irvan.ruswanto','1709',@CompanyId=2;
06/09/2024 16:05:00	SQL :EXEC GetUserTreeMenu 'irvan.ruswanto','1710',@CompanyId=2;
06/09/2024 16:05:00	SQL :EXEC GetUserTreeMenu 'irvan.ruswanto','1711',@CompanyId=2;
06/09/2024 16:05:00	SQL :EXEC GetUserTreeMenu 'irvan.ruswanto','1712',@CompanyId=2;
06/09/2024 16:05:00	SQL :EXEC GetUserTreeMenu 'irvan.ruswanto','1713',@CompanyId=2;
06/09/2024 16:05:00	SQL :EXEC GetUserTreeMenu 'irvan.ruswanto','1714',@CompanyId=2;
06/09/2024 16:05:00	SQL :EXEC GetUserTreeMenu 'irvan.ruswanto','1715',@CompanyId=2;
06/09/2024 16:05:00	SQL :EXEC GetUserTreeMenu 'irvan.ruswanto','1716',@CompanyId=2;
06/09/2024 16:05:00	SQL :EXEC GetUserTreeMenu 'irvan.ruswanto','1717',@CompanyId=2;
06/09/2024 16:05:00	SQL :EXEC GetUserSubMenu 'irvan.ruswanto','18';
06/09/2024 16:05:00	SQL :EXEC GetUserTreeMenu 'irvan.ruswanto','1801',@CompanyId=2;
06/09/2024 16:05:00	SQL :EXEC GetUserSubMenu 'irvan.ruswanto','19';
06/09/2024 16:05:00	SQL :EXEC GetUserTreeMenu 'irvan.ruswanto','1901',@CompanyId=2;
06/09/2024 16:05:00	SQL :EXEC GetUserTreeMenu 'irvan.ruswanto','1902',@CompanyId=2;
06/09/2024 16:05:00	SQL :EXEC GetUserTreeMenu 'irvan.ruswanto','1903',@CompanyId=2;
06/09/2024 16:05:00	SQL :EXEC GetUserTreeMenu 'irvan.ruswanto','1904',@CompanyId=2;
06/09/2024 16:05:00	SQL :EXEC GetUserTreeMenu 'irvan.ruswanto','1905',@CompanyId=2;
06/09/2024 16:05:00	SQL :EXEC GetUserTreeMenu 'irvan.ruswanto','1906',@CompanyId=2;
06/09/2024 16:05:00	SQL :EXEC GetUserTreeMenu 'irvan.ruswanto','1907',@CompanyId=2;
06/09/2024 16:05:00	SQL :EXEC GetUserTreeMenu 'irvan.ruswanto','1908',@CompanyId=2;
06/09/2024 16:05:00	SQL :EXEC GetUserTreeMenu 'irvan.ruswanto','1909',@CompanyId=2;
06/09/2024 16:05:00	SQL :EXEC GetUserTreeMenu 'irvan.ruswanto','1910',@CompanyId=2;
06/09/2024 16:05:00	SQL :EXEC GetUserTreeMenu 'irvan.ruswanto','1911',@CompanyId=2;
06/09/2024 16:05:00	SQL :EXEC GetUserTreeMenu 'irvan.ruswanto','1912',@CompanyId=2;
06/09/2024 16:05:01	SQL :SELECT CONVERT(VARCHAR(8),GETDATE(),108) AS hour_minute;
06/09/2024 16:05:01	SQL :SELECT CONVERT(VARCHAR(10),GETDATE(),103) AS date_time;
06/09/2024 16:05:01	Loading Setting
06/09/2024 16:05:01	Open DB Connection
06/09/2024 16:05:01	SQL :SELECT * FROM wh_setting WHERE setting_name='Hold_Less_Deposit';
06/09/2024 16:05:01	SQL :SELECT * FROM wh_setting WHERE setting_name='Max_Less_Deposit';
06/09/2024 16:05:01	SQL :SELECT * FROM wh_setting WHERE setting_name='Dashboard_2';
06/09/2024 16:05:01	Finish Logging
06/09/2024 16:05:01	SQL :SELECT value_string FROM wh_setting WHERE (setting_name='Interval_CheckInDate') AND (active=1);
06/09/2024 16:05:01	SQL :SELECT value_string FROM wh_setting WHERE (setting_name='Interval_CheckInTime') AND (active=1);
06/09/2024 16:05:01	SQL :SELECT value_string FROM wh_setting WHERE (setting_name='ChatEnable') and (active=1);
06/09/2024 16:05:02	Message:Port Check
06/09/2024 16:05:02	Message:Open DB Connection
06/09/2024 16:05:02	SQL :EXEC GetMessage '01','irvan.ruswanto';
06/09/2024 16:05:02	SQL :SELECT CONVERT(VARCHAR(8),GETDATE(),108) AS hour_minute;
06/09/2024 16:05:02	SQL :SELECT CONVERT(VARCHAR(10),GETDATE(),103) AS date_time;
06/09/2024 16:15:07	Message:Port Check
06/09/2024 16:19:30	Open Menu :131104
06/09/2024 16:19:30	Open DB Connection
06/09/2024 16:19:53	SQL :EXEC AuthMenu 'irvan.ruswanto',131104;
06/09/2024 16:19:53	Form Check :BookingList
06/09/2024 16:19:53	Form Open: BookingList=Bus,,,0,,0
06/09/2024 16:19:53	Open DB Connection
06/09/2024 16:19:53	SQL :EXEC GetCompanyLocationList
06/09/2024 16:19:53	Open DB Connection
06/09/2024 16:19:53	SQL :EXEC GetReservedOrderList 2,@LocationId=6,@Finish=0,@PaymentDetail=2;
06/09/2024 16:20:33	Open DB Connection
06/09/2024 16:20:33	SQL :EXEC GetReservedOrderList 2,@LocationId=6,@Finish=0,@PaymentDetail=2;
06/09/2024 16:20:58	Open DB Connection
06/09/2024 16:20:58	SQL :EXEC GetReservedOrderList 2,@LocationId=6,@Finish=0,@PaymentDetail=2;
06/09/2024 17:42:45	Message:Port Check
06/09/2024 17:44:44	Form Check :ChatClient
06/09/2024 17:44:45	Form Check :AuthorizedForm
06/09/2024 17:44:45	Form Check :RePrintForm
06/09/2024 17:44:45	Form Check :EmployeeSearch
06/09/2024 17:44:45	Form Check :TimeInputForm
06/09/2024 17:44:45	Log Out
06/09/2024 17:44:46	Start Return Local Settings
06/09/2024 17:44:46	Finish Return Local Settings
06/09/2024 17:44:46	Destroying Object
06/09/2024 17:44:46	Closing Apps
06/09/2024 17:53:07	Get Local Settings
06/09/2024 17:53:07	Start Change Local Settings
06/09/2024 17:53:07	Change short date format
06/09/2024 17:53:07	Change Long date format
06/09/2024 17:53:07	Finish Change Local Settings
06/09/2024 17:53:07	Registry Read: Path=SOFTWARE\WEHA\Aplikasi\3
06/09/2024 17:53:07	Registry Read/Write
06/09/2024 17:53:07	Registry Read: Path=SOFTWARE\WEHA\Aplikasi\3
06/09/2024 17:53:07	Setting DB Param
06/09/2024 17:53:07	Create DB Object
06/09/2024 17:53:07	Create DB Object
06/09/2024 17:53:07	Init DB
06/09/2024 17:53:07	Finish Init DB
06/09/2024 17:53:07	Get File Version
06/09/2024 17:53:07	Change  Caption
06/09/2024 17:53:07	Init Shortkey
06/09/2024 17:53:09	Setting DB Param
06/09/2024 17:53:09	Create DB Object
06/09/2024 17:53:09	Create DB Object
06/09/2024 17:53:09	Init DB
06/09/2024 17:53:09	Finish Init DB
06/09/2024 18:14:03	Start Return Local Settings
06/09/2024 18:14:03	Finish Return Local Settings
06/09/2024 18:14:03	Destroying Object
06/09/2024 18:14:03	Closing Apps
09/09/2024 11:17:57	Get Local Settings
09/09/2024 11:17:57	Start Change Local Settings
09/09/2024 11:17:57	Change short date format
09/09/2024 11:17:57	Change Long date format
09/09/2024 11:17:57	Finish Change Local Settings
09/09/2024 11:17:57	Registry Read: Path=SOFTWARE\WEHA\Aplikasi\3
09/09/2024 11:17:57	Registry Read/Write
09/09/2024 11:17:57	Registry Read: Path=SOFTWARE\WEHA\Aplikasi\3
09/09/2024 11:17:57	Create DB Object
09/09/2024 11:17:57	Create DB Object
09/09/2024 11:17:57	Init DB
09/09/2024 11:17:57	Finish Init DB
09/09/2024 11:17:57	Get File Version
09/09/2024 11:17:57	Change  Caption
09/09/2024 11:17:57	Init Shortkey
09/09/2024 11:18:03	Form Check :Setting
09/09/2024 11:18:03	Form Open: Setting
09/09/2024 11:18:06	Create DB Object
09/09/2024 11:18:06	Create DB Object
09/09/2024 11:18:06	Init DB
09/09/2024 11:18:06	Finish Init DB
09/09/2024 11:18:12	Update new version check
09/09/2024 11:18:13	Open DB Connection
09/09/2024 11:18:58	SQL :
09/09/2024 11:18:58	Update check version
09/09/2024 11:18:58	Open DB Connection
09/09/2024 11:18:58	SQL :SELECT version FROM wh_application WHERE application_id=(SELECT MAX(application_id) FROM wh_application);
09/09/2024 11:18:58	Start Login
09/09/2024 11:18:58	Open DB Connection
09/09/2024 11:18:58	SQL :EXEC AuthenticateUser 'irvan.ruswanto','0b1dd5fabd221ef63c58c026bce4cf6b';
09/09/2024 11:18:58	SQL :INSERT INTO wh_log (user_id,app_date,app_version,app_version_svr,location_id,company_id,department_id,host_name,ip_address)  VALUES ('irvan.ruswanto','09/09/2024','6.1.5.42','6.1.5.41',22,11,00,'IT-WEHA','192.168.25.215');
09/09/2024 11:18:58	Open DB Connection
09/09/2024 11:18:58	SQL :EXEC GetUserMenu 'irvan.ruswanto';
09/09/2024 11:18:58	SQL :EXEC GetUserSubMenu 'irvan.ruswanto','11';
09/09/2024 11:18:58	SQL :EXEC GetUserTreeMenu 'irvan.ruswanto','1101',@CompanyId=11;
09/09/2024 11:18:58	SQL :EXEC GetUserTreeMenu 'irvan.ruswanto','1102',@CompanyId=11;
09/09/2024 11:18:58	SQL :EXEC GetUserTreeMenu 'irvan.ruswanto','1103',@CompanyId=11;
09/09/2024 11:18:58	SQL :EXEC GetUserTreeMenu 'irvan.ruswanto','1104',@CompanyId=11;
09/09/2024 11:18:58	SQL :EXEC GetUserTreeMenu 'irvan.ruswanto','1105',@CompanyId=11;
09/09/2024 11:18:58	SQL :EXEC GetUserTreeMenu 'irvan.ruswanto','1106',@CompanyId=11;
09/09/2024 11:18:59	SQL :EXEC GetUserTreeMenu 'irvan.ruswanto','1107',@CompanyId=11;
09/09/2024 11:18:59	SQL :EXEC GetUserTreeMenu 'irvan.ruswanto','1108',@CompanyId=11;
09/09/2024 11:18:59	SQL :EXEC GetUserTreeMenu 'irvan.ruswanto','1109',@CompanyId=11;
09/09/2024 11:18:59	SQL :EXEC GetUserTreeMenu 'irvan.ruswanto','1110',@CompanyId=11;
09/09/2024 11:18:59	SQL :EXEC GetUserTreeMenu 'irvan.ruswanto','1111',@CompanyId=11;
09/09/2024 11:18:59	SQL :EXEC GetUserTreeMenu 'irvan.ruswanto','1112',@CompanyId=11;
09/09/2024 11:18:59	SQL :EXEC GetUserTreeMenu 'irvan.ruswanto','1113',@CompanyId=11;
09/09/2024 11:18:59	SQL :EXEC GetUserTreeMenu 'irvan.ruswanto','1114',@CompanyId=11;
09/09/2024 11:18:59	SQL :EXEC GetUserTreeMenu 'irvan.ruswanto','1115',@CompanyId=11;
09/09/2024 11:18:59	SQL :EXEC GetUserTreeMenu 'irvan.ruswanto','1116',@CompanyId=11;
09/09/2024 11:18:59	SQL :EXEC GetUserTreeMenu 'irvan.ruswanto','1117',@CompanyId=11;
09/09/2024 11:18:59	SQL :EXEC GetUserTreeMenu 'irvan.ruswanto','1198',@CompanyId=11;
09/09/2024 11:18:59	SQL :EXEC GetUserTreeMenu 'irvan.ruswanto','1199',@CompanyId=11;
09/09/2024 11:18:59	SQL :EXEC GetUserSubMenu 'irvan.ruswanto','12';
09/09/2024 11:18:59	SQL :EXEC GetUserTreeMenu 'irvan.ruswanto','1201',@CompanyId=11;
09/09/2024 11:18:59	SQL :EXEC GetUserTreeMenu 'irvan.ruswanto','1202',@CompanyId=11;
09/09/2024 11:18:59	SQL :EXEC GetUserTreeMenu 'irvan.ruswanto','1203',@CompanyId=11;
09/09/2024 11:18:59	SQL :EXEC GetUserTreeMenu 'irvan.ruswanto','1204',@CompanyId=11;
09/09/2024 11:18:59	SQL :EXEC GetUserTreeMenu 'irvan.ruswanto','1205',@CompanyId=11;
09/09/2024 11:18:59	SQL :EXEC GetUserTreeMenu 'irvan.ruswanto','1206',@CompanyId=11;
09/09/2024 11:19:00	SQL :EXEC GetUserTreeMenu 'irvan.ruswanto','1207',@CompanyId=11;
09/09/2024 11:19:00	SQL :EXEC GetUserSubMenu 'irvan.ruswanto','13';
09/09/2024 11:19:00	SQL :EXEC GetUserTreeMenu 'irvan.ruswanto','1301',@CompanyId=11;
09/09/2024 11:19:00	SQL :EXEC GetUserTreeMenu 'irvan.ruswanto','1302',@CompanyId=11;
09/09/2024 11:19:00	SQL :EXEC GetUserTreeMenu 'irvan.ruswanto','1303',@CompanyId=11;
09/09/2024 11:19:00	SQL :EXEC GetUserTreeMenu 'irvan.ruswanto','1304',@CompanyId=11;
09/09/2024 11:19:00	SQL :EXEC GetUserTreeMenu 'irvan.ruswanto','1305',@CompanyId=11;
09/09/2024 11:19:00	SQL :EXEC GetUserTreeMenu 'irvan.ruswanto','1306',@CompanyId=11;
09/09/2024 11:19:00	SQL :EXEC GetUserTreeMenu 'irvan.ruswanto','1307',@CompanyId=11;
09/09/2024 11:19:00	SQL :EXEC GetUserTreeMenu 'irvan.ruswanto','1308',@CompanyId=11;
09/09/2024 11:19:00	SQL :EXEC GetUserTreeMenu 'irvan.ruswanto','1309',@CompanyId=11;
09/09/2024 11:19:00	SQL :EXEC GetUserTreeMenu 'irvan.ruswanto','1310',@CompanyId=11;
09/09/2024 11:19:00	SQL :EXEC GetUserTreeMenu 'irvan.ruswanto','1311',@CompanyId=11;
09/09/2024 11:19:00	SQL :EXEC GetUserTreeMenu 'irvan.ruswanto','1312',@CompanyId=11;
09/09/2024 11:19:00	SQL :EXEC GetUserTreeMenu 'irvan.ruswanto','1313',@CompanyId=11;
09/09/2024 11:19:00	SQL :EXEC GetUserTreeMenu 'irvan.ruswanto','1314',@CompanyId=11;
09/09/2024 11:19:00	SQL :EXEC GetUserTreeMenu 'irvan.ruswanto','1315',@CompanyId=11;
09/09/2024 11:19:00	SQL :EXEC GetUserTreeMenu 'irvan.ruswanto','1316',@CompanyId=11;
09/09/2024 11:19:00	SQL :EXEC GetUserTreeMenu 'irvan.ruswanto','1317',@CompanyId=11;
09/09/2024 11:19:00	SQL :EXEC GetUserTreeMenu 'irvan.ruswanto','1318',@CompanyId=11;
09/09/2024 11:19:00	SQL :EXEC GetUserTreeMenu 'irvan.ruswanto','1319',@CompanyId=11;
09/09/2024 11:19:01	SQL :EXEC GetUserTreeMenu 'irvan.ruswanto','1320',@CompanyId=11;
09/09/2024 11:19:01	SQL :EXEC GetUserTreeMenu 'irvan.ruswanto','1321',@CompanyId=11;
09/09/2024 11:19:01	SQL :EXEC GetUserTreeMenu 'irvan.ruswanto','1322',@CompanyId=11;
09/09/2024 11:19:01	SQL :EXEC GetUserSubMenu 'irvan.ruswanto','14';
09/09/2024 11:19:01	SQL :EXEC GetUserTreeMenu 'irvan.ruswanto','1401',@CompanyId=11;
09/09/2024 11:19:01	SQL :EXEC GetUserTreeMenu 'irvan.ruswanto','1402',@CompanyId=11;
09/09/2024 11:19:01	SQL :EXEC GetUserTreeMenu 'irvan.ruswanto','1403',@CompanyId=11;
09/09/2024 11:19:01	SQL :EXEC GetUserTreeMenu 'irvan.ruswanto','1404',@CompanyId=11;
09/09/2024 11:19:01	SQL :EXEC GetUserTreeMenu 'irvan.ruswanto','1406',@CompanyId=11;
09/09/2024 11:19:01	SQL :EXEC GetUserTreeMenu 'irvan.ruswanto','1408',@CompanyId=11;
09/09/2024 11:19:01	SQL :EXEC GetUserTreeMenu 'irvan.ruswanto','1410',@CompanyId=11;
09/09/2024 11:19:01	SQL :EXEC GetUserTreeMenu 'irvan.ruswanto','1411',@CompanyId=11;
09/09/2024 11:19:01	SQL :EXEC GetUserTreeMenu 'irvan.ruswanto','1412',@CompanyId=11;
09/09/2024 11:19:01	SQL :EXEC GetUserTreeMenu 'irvan.ruswanto','1413',@CompanyId=11;
09/09/2024 11:19:01	SQL :EXEC GetUserTreeMenu 'irvan.ruswanto','1414',@CompanyId=11;
09/09/2024 11:19:01	SQL :EXEC GetUserSubMenu 'irvan.ruswanto','15';
09/09/2024 11:19:01	SQL :EXEC GetUserTreeMenu 'irvan.ruswanto','1501',@CompanyId=11;
09/09/2024 11:19:01	SQL :EXEC GetUserTreeMenu 'irvan.ruswanto','1502',@CompanyId=11;
09/09/2024 11:19:01	SQL :EXEC GetUserTreeMenu 'irvan.ruswanto','1503',@CompanyId=11;
09/09/2024 11:19:01	SQL :EXEC GetUserTreeMenu 'irvan.ruswanto','1504',@CompanyId=11;
09/09/2024 11:19:02	SQL :EXEC GetUserTreeMenu 'irvan.ruswanto','1505',@CompanyId=11;
09/09/2024 11:19:02	SQL :EXEC GetUserTreeMenu 'irvan.ruswanto','1506',@CompanyId=11;
09/09/2024 11:19:02	SQL :EXEC GetUserTreeMenu 'irvan.ruswanto','1507',@CompanyId=11;
09/09/2024 11:19:02	SQL :EXEC GetUserTreeMenu 'irvan.ruswanto','1508',@CompanyId=11;
09/09/2024 11:19:02	SQL :EXEC GetUserTreeMenu 'irvan.ruswanto','1509',@CompanyId=11;
09/09/2024 11:19:02	SQL :EXEC GetUserTreeMenu 'irvan.ruswanto','1510',@CompanyId=11;
09/09/2024 11:19:02	SQL :EXEC GetUserTreeMenu 'irvan.ruswanto','1511',@CompanyId=11;
09/09/2024 11:19:02	SQL :EXEC GetUserSubMenu 'irvan.ruswanto','16';
09/09/2024 11:19:02	SQL :EXEC GetUserTreeMenu 'irvan.ruswanto','1601',@CompanyId=11;
09/09/2024 11:19:02	SQL :EXEC GetUserTreeMenu 'irvan.ruswanto','1602',@CompanyId=11;
09/09/2024 11:19:02	SQL :EXEC GetUserTreeMenu 'irvan.ruswanto','1603',@CompanyId=11;
09/09/2024 11:19:02	SQL :EXEC GetUserTreeMenu 'irvan.ruswanto','1604',@CompanyId=11;
09/09/2024 11:19:02	SQL :EXEC GetUserTreeMenu 'irvan.ruswanto','1605',@CompanyId=11;
09/09/2024 11:19:02	SQL :EXEC GetUserTreeMenu 'irvan.ruswanto','1606',@CompanyId=11;
09/09/2024 11:19:02	SQL :EXEC GetUserTreeMenu 'irvan.ruswanto','1607',@CompanyId=11;
09/09/2024 11:19:02	SQL :EXEC GetUserTreeMenu 'irvan.ruswanto','1608',@CompanyId=11;
09/09/2024 11:19:03	SQL :EXEC GetUserTreeMenu 'irvan.ruswanto','1609',@CompanyId=11;
09/09/2024 11:19:03	SQL :EXEC GetUserTreeMenu 'irvan.ruswanto','1610',@CompanyId=11;
09/09/2024 11:19:03	SQL :EXEC GetUserTreeMenu 'irvan.ruswanto','1611',@CompanyId=11;
09/09/2024 11:19:03	SQL :EXEC GetUserTreeMenu 'irvan.ruswanto','1612',@CompanyId=11;
09/09/2024 11:19:03	SQL :EXEC GetUserTreeMenu 'irvan.ruswanto','1613',@CompanyId=11;
09/09/2024 11:19:03	SQL :EXEC GetUserTreeMenu 'irvan.ruswanto','1614',@CompanyId=11;
09/09/2024 11:19:03	SQL :EXEC GetUserTreeMenu 'irvan.ruswanto','1615',@CompanyId=11;
09/09/2024 11:19:03	SQL :EXEC GetUserTreeMenu 'irvan.ruswanto','1616',@CompanyId=11;
09/09/2024 11:19:03	SQL :EXEC GetUserTreeMenu 'irvan.ruswanto','1619',@CompanyId=11;
09/09/2024 11:19:03	SQL :EXEC GetUserTreeMenu 'irvan.ruswanto','1620',@CompanyId=11;
09/09/2024 11:19:03	SQL :EXEC GetUserSubMenu 'irvan.ruswanto','17';
09/09/2024 11:19:03	SQL :EXEC GetUserTreeMenu 'irvan.ruswanto','1701',@CompanyId=11;
09/09/2024 11:19:03	SQL :EXEC GetUserTreeMenu 'irvan.ruswanto','1702',@CompanyId=11;
09/09/2024 11:19:03	SQL :EXEC GetUserTreeMenu 'irvan.ruswanto','1703',@CompanyId=11;
09/09/2024 11:19:03	SQL :EXEC GetUserTreeMenu 'irvan.ruswanto','1704',@CompanyId=11;
09/09/2024 11:19:03	SQL :EXEC GetUserTreeMenu 'irvan.ruswanto','1705',@CompanyId=11;
09/09/2024 11:19:03	SQL :EXEC GetUserTreeMenu 'irvan.ruswanto','1706',@CompanyId=11;
09/09/2024 11:19:03	SQL :EXEC GetUserTreeMenu 'irvan.ruswanto','1707',@CompanyId=11;
09/09/2024 11:19:03	SQL :EXEC GetUserTreeMenu 'irvan.ruswanto','1708',@CompanyId=11;
09/09/2024 11:19:03	SQL :EXEC GetUserTreeMenu 'irvan.ruswanto','1709',@CompanyId=11;
09/09/2024 11:19:03	SQL :EXEC GetUserTreeMenu 'irvan.ruswanto','1710',@CompanyId=11;
09/09/2024 11:19:03	SQL :EXEC GetUserTreeMenu 'irvan.ruswanto','1711',@CompanyId=11;
09/09/2024 11:19:03	SQL :EXEC GetUserTreeMenu 'irvan.ruswanto','1712',@CompanyId=11;
09/09/2024 11:19:03	SQL :EXEC GetUserTreeMenu 'irvan.ruswanto','1713',@CompanyId=11;
09/09/2024 11:19:03	SQL :EXEC GetUserTreeMenu 'irvan.ruswanto','1714',@CompanyId=11;
09/09/2024 11:19:04	SQL :EXEC GetUserTreeMenu 'irvan.ruswanto','1715',@CompanyId=11;
09/09/2024 11:19:04	SQL :EXEC GetUserTreeMenu 'irvan.ruswanto','1716',@CompanyId=11;
09/09/2024 11:19:04	SQL :EXEC GetUserTreeMenu 'irvan.ruswanto','1717',@CompanyId=11;
09/09/2024 11:19:04	SQL :EXEC GetUserSubMenu 'irvan.ruswanto','18';
09/09/2024 11:19:04	SQL :EXEC GetUserTreeMenu 'irvan.ruswanto','1801',@CompanyId=11;
09/09/2024 11:19:04	SQL :EXEC GetUserSubMenu 'irvan.ruswanto','19';
09/09/2024 11:19:04	SQL :EXEC GetUserTreeMenu 'irvan.ruswanto','1901',@CompanyId=11;
09/09/2024 11:19:04	SQL :EXEC GetUserTreeMenu 'irvan.ruswanto','1902',@CompanyId=11;
09/09/2024 11:19:04	SQL :EXEC GetUserTreeMenu 'irvan.ruswanto','1903',@CompanyId=11;
09/09/2024 11:19:04	SQL :EXEC GetUserTreeMenu 'irvan.ruswanto','1904',@CompanyId=11;
09/09/2024 11:19:04	SQL :EXEC GetUserTreeMenu 'irvan.ruswanto','1905',@CompanyId=11;
09/09/2024 11:19:04	SQL :EXEC GetUserTreeMenu 'irvan.ruswanto','1906',@CompanyId=11;
09/09/2024 11:19:04	SQL :EXEC GetUserTreeMenu 'irvan.ruswanto','1907',@CompanyId=11;
09/09/2024 11:19:04	SQL :EXEC GetUserTreeMenu 'irvan.ruswanto','1908',@CompanyId=11;
09/09/2024 11:19:04	SQL :EXEC GetUserTreeMenu 'irvan.ruswanto','1909',@CompanyId=11;
09/09/2024 11:19:04	SQL :EXEC GetUserTreeMenu 'irvan.ruswanto','1910',@CompanyId=11;
09/09/2024 11:19:04	SQL :EXEC GetUserTreeMenu 'irvan.ruswanto','1911',@CompanyId=11;
09/09/2024 11:19:04	SQL :EXEC GetUserTreeMenu 'irvan.ruswanto','1912',@CompanyId=11;
09/09/2024 11:19:04	SQL :SELECT CONVERT(VARCHAR(8),GETDATE(),108) AS hour_minute;
09/09/2024 11:19:04	SQL :SELECT CONVERT(VARCHAR(10),GETDATE(),103) AS date_time;
09/09/2024 11:19:05	Loading Setting
09/09/2024 11:19:05	Open DB Connection
09/09/2024 11:19:05	SQL :SELECT * FROM wh_setting WHERE setting_name='Hold_Less_Deposit';
09/09/2024 11:19:05	SQL :SELECT * FROM wh_setting WHERE setting_name='Max_Less_Deposit';
09/09/2024 11:19:05	SQL :SELECT * FROM wh_setting WHERE setting_name='Dashboard_11';
09/09/2024 11:19:05	Finish Logging
09/09/2024 11:19:05	SQL :SELECT value_string FROM wh_setting WHERE (setting_name='Interval_CheckInDate') AND (active=1);
09/09/2024 11:19:05	SQL :SELECT value_string FROM wh_setting WHERE (setting_name='Interval_CheckInTime') AND (active=1);
09/09/2024 11:19:05	SQL :SELECT value_string FROM wh_setting WHERE (setting_name='ChatEnable') and (active=1);
09/09/2024 11:19:05	Message:Port Check
09/09/2024 11:19:41	Open Menu :150304
09/09/2024 11:19:41	Open DB Connection
09/09/2024 11:19:41	SQL :EXEC AuthMenu 'irvan.ruswanto',150304;
09/09/2024 11:19:41	Form Check :WorkOrderList
09/09/2024 11:19:41	Form Open: WorkOrderList=,,9,0
09/09/2024 11:19:41	Open DB Connection
09/09/2024 11:19:41	SQL :EXEC GetCompanyLocationList
09/09/2024 11:19:41	Open DB Connection
09/09/2024 11:26:36	Open Menu :190502
09/09/2024 11:26:36	Open DB Connection
09/09/2024 11:26:36	SQL :EXEC AuthMenu 'irvan.ruswanto',190502;
09/09/2024 11:26:36	Form Check :BusRunningDaysRpt
09/09/2024 11:26:36	Form Open: BusRunningDaysRpt=,0
09/09/2024 11:26:36	Open DB Connection
09/09/2024 11:26:36	SQL :EXEC GetCompanyLocationList
09/09/2024 11:26:36	SQL :SELECT * FROM wh_vhc_batch WHERE (active=1) AND (company_id=11);
09/09/2024 11:26:36	Open DB Connection
09/09/2024 11:26:42	Open DB Connection
09/09/2024 11:26:42	SQL :EXEC GetVhcList 22,@CompanyId=11;
09/09/2024 11:26:43	SQL :EXEC GetRunningDaysDetail 'BS1118070001',@FromDate='2024-09-01',@ToDate='2024-09-30';
09/09/2024 11:26:44	SQL :EXEC GetRunningDaysDetail 'BS1118070002',@FromDate='2024-09-01',@ToDate='2024-09-30';
09/09/2024 11:26:45	SQL :EXEC GetRunningDaysDetail 'BS221070028',@FromDate='2024-09-01',@ToDate='2024-09-30';
09/09/2024 11:26:46	SQL :EXEC GetRunningDaysDetail 'BS221070035',@FromDate='2024-09-01',@ToDate='2024-09-30';
09/09/2024 11:26:46	SQL :EXEC GetRunningDaysDetail 'BS221070039',@FromDate='2024-09-01',@ToDate='2024-09-30';
09/09/2024 11:26:47	SQL :EXEC GetRunningDaysDetail 'BS221070040',@FromDate='2024-09-01',@ToDate='2024-09-30';
09/09/2024 11:26:48	SQL :EXEC GetRunningDaysDetail 'BS221070059',@FromDate='2024-09-01',@ToDate='2024-09-30';
09/09/2024 11:26:49	SQL :EXEC GetRunningDaysDetail 'BS1122010003',@FromDate='2024-09-01',@ToDate='2024-09-30';
09/09/2024 11:26:51	SQL :EXEC GetRunningDaysDetail 'BS17100017',@FromDate='2024-09-01',@ToDate='2024-09-30';
09/09/2024 11:26:52	SQL :EXEC GetRunningDaysDetail 'BS17100016',@FromDate='2024-09-01',@ToDate='2024-09-30';
09/09/2024 11:26:53	SQL :EXEC GetRunningDaysDetail 'BS17100019',@FromDate='2024-09-01',@ToDate='2024-09-30';
09/09/2024 11:26:54	SQL :EXEC GetRunningDaysDetail 'BS1118070004',@FromDate='2024-09-01',@ToDate='2024-09-30';
09/09/2024 11:26:55	SQL :EXEC GetRunningDaysDetail 'BS1118070005',@FromDate='2024-09-01',@ToDate='2024-09-30';
09/09/2024 11:26:57	SQL :EXEC GetRunningDaysDetail 'BS1118040003',@FromDate='2024-09-01',@ToDate='2024-09-30';
09/09/2024 11:26:58	SQL :EXEC GetRunningDaysDetail 'BS1118050001',@FromDate='2024-09-01',@ToDate='2024-09-30';
09/09/2024 11:26:59	SQL :EXEC GetRunningDaysDetail 'BS1118040001',@FromDate='2024-09-01',@ToDate='2024-09-30';
09/09/2024 11:27:00	SQL :EXEC GetRunningDaysDetail 'BS1118040002',@FromDate='2024-09-01',@ToDate='2024-09-30';
09/09/2024 11:27:01	SQL :EXEC GetRunningDaysDetail 'BS1118040004',@FromDate='2024-09-01',@ToDate='2024-09-30';
09/09/2024 11:27:02	SQL :EXEC GetRunningDaysDetail 'BS17100018',@FromDate='2024-09-01',@ToDate='2024-09-30';
09/09/2024 11:27:04	SQL :EXEC GetRunningDaysDetail 'BS1118050002',@FromDate='2024-09-01',@ToDate='2024-09-30';
09/09/2024 11:27:05	SQL :EXEC GetRunningDaysDetail 'BS1118070003',@FromDate='2024-09-01',@ToDate='2024-09-30';
09/09/2024 11:27:06	SQL :EXEC GetRunningDaysDetail 'BS15070004',@FromDate='2024-09-01',@ToDate='2024-09-30';
09/09/2024 11:27:07	SQL :EXEC GetRunningDaysDetail 'BU00000004',@FromDate='2024-09-01',@ToDate='2024-09-30';
09/09/2024 11:27:08	SQL :EXEC GetRunningDaysDetail 'BS1121090001',@FromDate='2024-09-01',@ToDate='2024-09-30';
09/09/2024 11:32:13	Open DB Connection
09/09/2024 11:32:36	SQL :EXEC GetVhcList 22,@CompanyId=11;
09/09/2024 11:32:57	Form Check :ChatClient
09/09/2024 11:32:57	Form Check :AuthorizedForm
09/09/2024 11:32:57	Form Check :RePrintForm
09/09/2024 11:32:57	Form Check :EmployeeSearch
09/09/2024 11:32:57	Form Check :TimeInputForm
09/09/2024 11:32:57	Log Out
09/09/2024 11:32:59	Start Return Local Settings
09/09/2024 11:32:59	Finish Return Local Settings
09/09/2024 11:32:59	Destroying Object
09/09/2024 11:32:59	Closing Apps
09/09/2024 11:35:09	Get Local Settings
09/09/2024 11:35:09	Start Change Local Settings
09/09/2024 11:35:09	Change short date format
09/09/2024 11:35:09	Change Long date format
09/09/2024 11:35:09	Finish Change Local Settings
09/09/2024 11:35:09	Registry Read: Path=SOFTWARE\WEHA\Aplikasi\3
09/09/2024 11:35:09	Registry Read/Write
09/09/2024 11:35:09	Registry Read: Path=SOFTWARE\WEHA\Aplikasi\3
09/09/2024 11:35:09	Create DB Object
09/09/2024 11:35:09	Create DB Object
09/09/2024 11:35:09	Init DB
09/09/2024 11:35:09	Finish Init DB
09/09/2024 11:35:09	Get File Version
09/09/2024 11:35:09	Change  Caption
09/09/2024 11:35:09	Init Shortkey
09/09/2024 11:35:12	Create DB Object
09/09/2024 11:35:12	Create DB Object
09/09/2024 11:35:12	Init DB
09/09/2024 11:35:12	Finish Init DB
09/09/2024 11:35:27	Update new version check
09/09/2024 11:35:27	Open DB Connection
09/09/2024 11:36:12	SQL :
09/09/2024 11:36:12	Update check version
09/09/2024 11:36:12	Open DB Connection
09/09/2024 11:36:12	SQL :SELECT version FROM wh_application WHERE application_id=(SELECT MAX(application_id) FROM wh_application);
09/09/2024 11:36:12	Start Login
09/09/2024 11:36:12	Open DB Connection
09/09/2024 11:36:12	SQL :EXEC AuthenticateUser 'irvan.ruswanto','0b1dd5fabd221ef63c58c026bce4cf6b';
09/09/2024 11:36:12	SQL :INSERT INTO wh_log (user_id,app_date,app_version,app_version_svr,location_id,company_id,department_id,host_name,ip_address)  VALUES ('irvan.ruswanto','09/09/2024','6.1.5.42','6.1.5.41',22,11,00,'IT-WEHA','192.168.25.215');
09/09/2024 11:36:12	Open DB Connection
09/09/2024 11:36:12	SQL :EXEC GetUserMenu 'irvan.ruswanto';
09/09/2024 11:36:12	SQL :EXEC GetUserSubMenu 'irvan.ruswanto','11';
09/09/2024 11:36:13	SQL :EXEC GetUserTreeMenu 'irvan.ruswanto','1101',@CompanyId=11;
09/09/2024 11:36:13	SQL :EXEC GetUserTreeMenu 'irvan.ruswanto','1102',@CompanyId=11;
09/09/2024 11:36:13	SQL :EXEC GetUserTreeMenu 'irvan.ruswanto','1103',@CompanyId=11;
09/09/2024 11:36:13	SQL :EXEC GetUserTreeMenu 'irvan.ruswanto','1104',@CompanyId=11;
09/09/2024 11:36:13	SQL :EXEC GetUserTreeMenu 'irvan.ruswanto','1105',@CompanyId=11;
09/09/2024 11:36:13	SQL :EXEC GetUserTreeMenu 'irvan.ruswanto','1106',@CompanyId=11;
09/09/2024 11:36:13	SQL :EXEC GetUserTreeMenu 'irvan.ruswanto','1107',@CompanyId=11;
09/09/2024 11:36:13	SQL :EXEC GetUserTreeMenu 'irvan.ruswanto','1108',@CompanyId=11;
09/09/2024 11:36:13	SQL :EXEC GetUserTreeMenu 'irvan.ruswanto','1109',@CompanyId=11;
09/09/2024 11:36:13	SQL :EXEC GetUserTreeMenu 'irvan.ruswanto','1110',@CompanyId=11;
09/09/2024 11:36:13	SQL :EXEC GetUserTreeMenu 'irvan.ruswanto','1111',@CompanyId=11;
09/09/2024 11:36:13	SQL :EXEC GetUserTreeMenu 'irvan.ruswanto','1112',@CompanyId=11;
09/09/2024 11:36:13	SQL :EXEC GetUserTreeMenu 'irvan.ruswanto','1113',@CompanyId=11;
09/09/2024 11:36:13	SQL :EXEC GetUserTreeMenu 'irvan.ruswanto','1114',@CompanyId=11;
09/09/2024 11:36:13	SQL :EXEC GetUserTreeMenu 'irvan.ruswanto','1115',@CompanyId=11;
09/09/2024 11:36:13	SQL :EXEC GetUserTreeMenu 'irvan.ruswanto','1116',@CompanyId=11;
09/09/2024 11:36:13	SQL :EXEC GetUserTreeMenu 'irvan.ruswanto','1117',@CompanyId=11;
09/09/2024 11:36:13	SQL :EXEC GetUserTreeMenu 'irvan.ruswanto','1198',@CompanyId=11;
09/09/2024 11:36:13	SQL :EXEC GetUserTreeMenu 'irvan.ruswanto','1199',@CompanyId=11;
09/09/2024 11:36:13	SQL :EXEC GetUserSubMenu 'irvan.ruswanto','12';
09/09/2024 11:36:13	SQL :EXEC GetUserTreeMenu 'irvan.ruswanto','1201',@CompanyId=11;
09/09/2024 11:36:13	SQL :EXEC GetUserTreeMenu 'irvan.ruswanto','1202',@CompanyId=11;
09/09/2024 11:36:13	SQL :EXEC GetUserTreeMenu 'irvan.ruswanto','1203',@CompanyId=11;
09/09/2024 11:36:13	SQL :EXEC GetUserTreeMenu 'irvan.ruswanto','1204',@CompanyId=11;
09/09/2024 11:36:13	SQL :EXEC GetUserTreeMenu 'irvan.ruswanto','1205',@CompanyId=11;
09/09/2024 11:36:14	SQL :EXEC GetUserTreeMenu 'irvan.ruswanto','1206',@CompanyId=11;
09/09/2024 11:36:14	SQL :EXEC GetUserTreeMenu 'irvan.ruswanto','1207',@CompanyId=11;
09/09/2024 11:36:14	SQL :EXEC GetUserSubMenu 'irvan.ruswanto','13';
09/09/2024 11:36:14	SQL :EXEC GetUserTreeMenu 'irvan.ruswanto','1301',@CompanyId=11;
09/09/2024 11:36:14	SQL :EXEC GetUserTreeMenu 'irvan.ruswanto','1302',@CompanyId=11;
09/09/2024 11:36:14	SQL :EXEC GetUserTreeMenu 'irvan.ruswanto','1303',@CompanyId=11;
09/09/2024 11:36:14	SQL :EXEC GetUserTreeMenu 'irvan.ruswanto','1304',@CompanyId=11;
09/09/2024 11:36:14	SQL :EXEC GetUserTreeMenu 'irvan.ruswanto','1305',@CompanyId=11;
09/09/2024 11:36:14	SQL :EXEC GetUserTreeMenu 'irvan.ruswanto','1306',@CompanyId=11;
09/09/2024 11:36:14	SQL :EXEC GetUserTreeMenu 'irvan.ruswanto','1307',@CompanyId=11;
09/09/2024 11:36:14	SQL :EXEC GetUserTreeMenu 'irvan.ruswanto','1308',@CompanyId=11;
09/09/2024 11:36:14	SQL :EXEC GetUserTreeMenu 'irvan.ruswanto','1309',@CompanyId=11;
09/09/2024 11:36:14	SQL :EXEC GetUserTreeMenu 'irvan.ruswanto','1310',@CompanyId=11;
09/09/2024 11:36:14	SQL :EXEC GetUserTreeMenu 'irvan.ruswanto','1311',@CompanyId=11;
09/09/2024 11:36:14	SQL :EXEC GetUserTreeMenu 'irvan.ruswanto','1312',@CompanyId=11;
09/09/2024 11:36:14	SQL :EXEC GetUserTreeMenu 'irvan.ruswanto','1313',@CompanyId=11;
09/09/2024 11:36:14	SQL :EXEC GetUserTreeMenu 'irvan.ruswanto','1314',@CompanyId=11;
09/09/2024 11:36:14	SQL :EXEC GetUserTreeMenu 'irvan.ruswanto','1315',@CompanyId=11;
09/09/2024 11:36:14	SQL :EXEC GetUserTreeMenu 'irvan.ruswanto','1316',@CompanyId=11;
09/09/2024 11:36:14	SQL :EXEC GetUserTreeMenu 'irvan.ruswanto','1317',@CompanyId=11;
09/09/2024 11:36:14	SQL :EXEC GetUserTreeMenu 'irvan.ruswanto','1318',@CompanyId=11;
09/09/2024 11:36:15	SQL :EXEC GetUserTreeMenu 'irvan.ruswanto','1319',@CompanyId=11;
09/09/2024 11:36:15	SQL :EXEC GetUserTreeMenu 'irvan.ruswanto','1320',@CompanyId=11;
09/09/2024 11:36:15	SQL :EXEC GetUserTreeMenu 'irvan.ruswanto','1321',@CompanyId=11;
09/09/2024 11:36:15	SQL :EXEC GetUserTreeMenu 'irvan.ruswanto','1322',@CompanyId=11;
09/09/2024 11:36:15	SQL :EXEC GetUserSubMenu 'irvan.ruswanto','14';
09/09/2024 11:36:15	SQL :EXEC GetUserTreeMenu 'irvan.ruswanto','1401',@CompanyId=11;
09/09/2024 11:36:15	SQL :EXEC GetUserTreeMenu 'irvan.ruswanto','1402',@CompanyId=11;
09/09/2024 11:36:15	SQL :EXEC GetUserTreeMenu 'irvan.ruswanto','1403',@CompanyId=11;
09/09/2024 11:36:15	SQL :EXEC GetUserTreeMenu 'irvan.ruswanto','1404',@CompanyId=11;
09/09/2024 11:36:15	SQL :EXEC GetUserTreeMenu 'irvan.ruswanto','1406',@CompanyId=11;
09/09/2024 11:36:15	SQL :EXEC GetUserTreeMenu 'irvan.ruswanto','1408',@CompanyId=11;
09/09/2024 11:36:15	SQL :EXEC GetUserTreeMenu 'irvan.ruswanto','1410',@CompanyId=11;
09/09/2024 11:36:15	SQL :EXEC GetUserTreeMenu 'irvan.ruswanto','1411',@CompanyId=11;
09/09/2024 11:36:15	SQL :EXEC GetUserTreeMenu 'irvan.ruswanto','1412',@CompanyId=11;
09/09/2024 11:36:15	SQL :EXEC GetUserTreeMenu 'irvan.ruswanto','1413',@CompanyId=11;
09/09/2024 11:36:15	SQL :EXEC GetUserTreeMenu 'irvan.ruswanto','1414',@CompanyId=11;
09/09/2024 11:36:15	SQL :EXEC GetUserSubMenu 'irvan.ruswanto','15';
09/09/2024 11:36:15	SQL :EXEC GetUserTreeMenu 'irvan.ruswanto','1501',@CompanyId=11;
09/09/2024 11:36:15	SQL :EXEC GetUserTreeMenu 'irvan.ruswanto','1502',@CompanyId=11;
09/09/2024 11:36:15	SQL :EXEC GetUserTreeMenu 'irvan.ruswanto','1503',@CompanyId=11;
09/09/2024 11:36:15	SQL :EXEC GetUserTreeMenu 'irvan.ruswanto','1504',@CompanyId=11;
09/09/2024 11:36:15	SQL :EXEC GetUserTreeMenu 'irvan.ruswanto','1505',@CompanyId=11;
09/09/2024 11:36:15	SQL :EXEC GetUserTreeMenu 'irvan.ruswanto','1506',@CompanyId=11;
09/09/2024 11:36:15	SQL :EXEC GetUserTreeMenu 'irvan.ruswanto','1507',@CompanyId=11;
09/09/2024 11:36:15	SQL :EXEC GetUserTreeMenu 'irvan.ruswanto','1508',@CompanyId=11;
09/09/2024 11:36:15	SQL :EXEC GetUserTreeMenu 'irvan.ruswanto','1509',@CompanyId=11;
09/09/2024 11:36:15	SQL :EXEC GetUserTreeMenu 'irvan.ruswanto','1510',@CompanyId=11;
09/09/2024 11:36:15	SQL :EXEC GetUserTreeMenu 'irvan.ruswanto','1511',@CompanyId=11;
09/09/2024 11:36:15	SQL :EXEC GetUserSubMenu 'irvan.ruswanto','16';
09/09/2024 11:36:15	SQL :EXEC GetUserTreeMenu 'irvan.ruswanto','1601',@CompanyId=11;
09/09/2024 11:36:15	SQL :EXEC GetUserTreeMenu 'irvan.ruswanto','1602',@CompanyId=11;
09/09/2024 11:36:15	SQL :EXEC GetUserTreeMenu 'irvan.ruswanto','1603',@CompanyId=11;
09/09/2024 11:36:15	SQL :EXEC GetUserTreeMenu 'irvan.ruswanto','1604',@CompanyId=11;
09/09/2024 11:36:15	SQL :EXEC GetUserTreeMenu 'irvan.ruswanto','1605',@CompanyId=11;
09/09/2024 11:36:15	SQL :EXEC GetUserTreeMenu 'irvan.ruswanto','1606',@CompanyId=11;
09/09/2024 11:36:15	SQL :EXEC GetUserTreeMenu 'irvan.ruswanto','1607',@CompanyId=11;
09/09/2024 11:36:15	SQL :EXEC GetUserTreeMenu 'irvan.ruswanto','1608',@CompanyId=11;
09/09/2024 11:36:15	SQL :EXEC GetUserTreeMenu 'irvan.ruswanto','1609',@CompanyId=11;
09/09/2024 11:36:16	SQL :EXEC GetUserTreeMenu 'irvan.ruswanto','1610',@CompanyId=11;
09/09/2024 11:36:16	SQL :EXEC GetUserTreeMenu 'irvan.ruswanto','1611',@CompanyId=11;
09/09/2024 11:36:16	SQL :EXEC GetUserTreeMenu 'irvan.ruswanto','1612',@CompanyId=11;
09/09/2024 11:36:16	SQL :EXEC GetUserTreeMenu 'irvan.ruswanto','1613',@CompanyId=11;
09/09/2024 11:36:16	SQL :EXEC GetUserTreeMenu 'irvan.ruswanto','1614',@CompanyId=11;
09/09/2024 11:36:16	SQL :EXEC GetUserTreeMenu 'irvan.ruswanto','1615',@CompanyId=11;
09/09/2024 11:36:16	SQL :EXEC GetUserTreeMenu 'irvan.ruswanto','1616',@CompanyId=11;
09/09/2024 11:36:16	SQL :EXEC GetUserTreeMenu 'irvan.ruswanto','1619',@CompanyId=11;
09/09/2024 11:36:16	SQL :EXEC GetUserTreeMenu 'irvan.ruswanto','1620',@CompanyId=11;
09/09/2024 11:36:16	SQL :EXEC GetUserSubMenu 'irvan.ruswanto','17';
09/09/2024 11:36:16	SQL :EXEC GetUserTreeMenu 'irvan.ruswanto','1701',@CompanyId=11;
09/09/2024 11:36:16	SQL :EXEC GetUserTreeMenu 'irvan.ruswanto','1702',@CompanyId=11;
09/09/2024 11:36:16	SQL :EXEC GetUserTreeMenu 'irvan.ruswanto','1703',@CompanyId=11;
09/09/2024 11:36:16	SQL :EXEC GetUserTreeMenu 'irvan.ruswanto','1704',@CompanyId=11;
09/09/2024 11:36:16	SQL :EXEC GetUserTreeMenu 'irvan.ruswanto','1705',@CompanyId=11;
09/09/2024 11:36:16	SQL :EXEC GetUserTreeMenu 'irvan.ruswanto','1706',@CompanyId=11;
09/09/2024 11:36:16	SQL :EXEC GetUserTreeMenu 'irvan.ruswanto','1707',@CompanyId=11;
09/09/2024 11:36:16	SQL :EXEC GetUserTreeMenu 'irvan.ruswanto','1708',@CompanyId=11;
09/09/2024 11:36:16	SQL :EXEC GetUserTreeMenu 'irvan.ruswanto','1709',@CompanyId=11;
09/09/2024 11:36:16	SQL :EXEC GetUserTreeMenu 'irvan.ruswanto','1710',@CompanyId=11;
09/09/2024 11:36:16	SQL :EXEC GetUserTreeMenu 'irvan.ruswanto','1711',@CompanyId=11;
09/09/2024 11:36:16	SQL :EXEC GetUserTreeMenu 'irvan.ruswanto','1712',@CompanyId=11;
09/09/2024 11:36:16	SQL :EXEC GetUserTreeMenu 'irvan.ruswanto','1713',@CompanyId=11;
09/09/2024 11:36:16	SQL :EXEC GetUserTreeMenu 'irvan.ruswanto','1714',@CompanyId=11;
09/09/2024 11:36:16	SQL :EXEC GetUserTreeMenu 'irvan.ruswanto','1715',@CompanyId=11;
09/09/2024 11:36:16	SQL :EXEC GetUserTreeMenu 'irvan.ruswanto','1716',@CompanyId=11;
09/09/2024 11:36:16	SQL :EXEC GetUserTreeMenu 'irvan.ruswanto','1717',@CompanyId=11;
09/09/2024 11:36:16	SQL :EXEC GetUserSubMenu 'irvan.ruswanto','18';
09/09/2024 11:36:16	SQL :EXEC GetUserTreeMenu 'irvan.ruswanto','1801',@CompanyId=11;
09/09/2024 11:36:16	SQL :EXEC GetUserSubMenu 'irvan.ruswanto','19';
09/09/2024 11:36:16	SQL :EXEC GetUserTreeMenu 'irvan.ruswanto','1901',@CompanyId=11;
09/09/2024 11:36:16	SQL :EXEC GetUserTreeMenu 'irvan.ruswanto','1902',@CompanyId=11;
09/09/2024 11:36:16	SQL :EXEC GetUserTreeMenu 'irvan.ruswanto','1903',@CompanyId=11;
09/09/2024 11:36:16	SQL :EXEC GetUserTreeMenu 'irvan.ruswanto','1904',@CompanyId=11;
09/09/2024 11:36:17	SQL :EXEC GetUserTreeMenu 'irvan.ruswanto','1905',@CompanyId=11;
09/09/2024 11:36:17	SQL :EXEC GetUserTreeMenu 'irvan.ruswanto','1906',@CompanyId=11;
09/09/2024 11:36:17	SQL :EXEC GetUserTreeMenu 'irvan.ruswanto','1907',@CompanyId=11;
09/09/2024 11:36:17	SQL :EXEC GetUserTreeMenu 'irvan.ruswanto','1908',@CompanyId=11;
09/09/2024 11:36:17	SQL :EXEC GetUserTreeMenu 'irvan.ruswanto','1909',@CompanyId=11;
09/09/2024 11:36:17	SQL :EXEC GetUserTreeMenu 'irvan.ruswanto','1910',@CompanyId=11;
09/09/2024 11:36:17	SQL :EXEC GetUserTreeMenu 'irvan.ruswanto','1911',@CompanyId=11;
09/09/2024 11:36:17	SQL :EXEC GetUserTreeMenu 'irvan.ruswanto','1912',@CompanyId=11;
09/09/2024 11:36:17	SQL :SELECT CONVERT(VARCHAR(8),GETDATE(),108) AS hour_minute;
09/09/2024 11:36:17	SQL :SELECT CONVERT(VARCHAR(10),GETDATE(),103) AS date_time;
09/09/2024 11:36:17	Loading Setting
09/09/2024 11:36:17	Open DB Connection
09/09/2024 11:36:17	SQL :SELECT * FROM wh_setting WHERE setting_name='Hold_Less_Deposit';
09/09/2024 11:36:17	SQL :SELECT * FROM wh_setting WHERE setting_name='Max_Less_Deposit';
09/09/2024 11:36:17	SQL :SELECT * FROM wh_setting WHERE setting_name='Dashboard_11';
09/09/2024 11:36:17	Finish Logging
09/09/2024 11:36:17	SQL :SELECT value_string FROM wh_setting WHERE (setting_name='Interval_CheckInDate') AND (active=1);
09/09/2024 11:36:17	SQL :SELECT value_string FROM wh_setting WHERE (setting_name='Interval_CheckInTime') AND (active=1);
09/09/2024 11:36:17	SQL :SELECT value_string FROM wh_setting WHERE (setting_name='ChatEnable') and (active=1);
09/09/2024 11:36:18	Message:Port Check
09/09/2024 11:36:18	Message:Open DB Connection
09/09/2024 11:36:18	SQL :EXEC GetMessage '01','irvan.ruswanto';
09/09/2024 11:36:18	SQL :SELECT CONVERT(VARCHAR(8),GETDATE(),108) AS hour_minute;
09/09/2024 11:36:18	SQL :SELECT CONVERT(VARCHAR(10),GETDATE(),103) AS date_time;
09/09/2024 11:36:27	Open Menu :190502
09/09/2024 11:36:27	Open DB Connection
09/09/2024 11:36:27	SQL :EXEC AuthMenu 'irvan.ruswanto',190502;
09/09/2024 11:36:27	Form Check :BusRunningDaysRpt
09/09/2024 11:36:27	Form Open: BusRunningDaysRpt=,0
09/09/2024 11:36:27	Open DB Connection
09/09/2024 11:36:27	SQL :EXEC GetCompanyLocationList
09/09/2024 11:37:04	SQL :SELECT * FROM wh_vhc_batch WHERE (active=1) AND (company_id=11);
09/09/2024 11:37:04	Open DB Connection
09/09/2024 11:37:22	Open DB Connection
09/09/2024 11:37:22	SQL :EXEC GetVhcList 22,@CompanyId=11;
09/09/2024 11:37:22	SQL :EXEC GetRunningDaysDetail 'BS1118070001',@FromDate='2024-09-01',@ToDate='2024-09-30';
09/09/2024 11:37:23	SQL :EXEC GetRunningDaysDetail 'BS1118070002',@FromDate='2024-09-01',@ToDate='2024-09-30';
09/09/2024 11:37:24	SQL :EXEC GetRunningDaysDetail 'BS221070028',@FromDate='2024-09-01',@ToDate='2024-09-30';
09/09/2024 11:37:24	SQL :EXEC GetRunningDaysDetail 'BS221070035',@FromDate='2024-09-01',@ToDate='2024-09-30';
09/09/2024 11:37:25	SQL :EXEC GetRunningDaysDetail 'BS221070039',@FromDate='2024-09-01',@ToDate='2024-09-30';
09/09/2024 11:37:26	SQL :EXEC GetRunningDaysDetail 'BS221070040',@FromDate='2024-09-01',@ToDate='2024-09-30';
09/09/2024 11:37:26	SQL :EXEC GetRunningDaysDetail 'BS221070059',@FromDate='2024-09-01',@ToDate='2024-09-30';
09/09/2024 11:37:27	SQL :EXEC GetRunningDaysDetail 'BS1122010003',@FromDate='2024-09-01',@ToDate='2024-09-30';
09/09/2024 11:37:28	SQL :EXEC GetRunningDaysDetail 'BS17100017',@FromDate='2024-09-01',@ToDate='2024-09-30';
09/09/2024 11:37:29	SQL :EXEC GetRunningDaysDetail 'BS17100016',@FromDate='2024-09-01',@ToDate='2024-09-30';
09/09/2024 11:37:30	SQL :EXEC GetRunningDaysDetail 'BS17100019',@FromDate='2024-09-01',@ToDate='2024-09-30';
09/09/2024 11:37:31	SQL :EXEC GetRunningDaysDetail 'BS1118070004',@FromDate='2024-09-01',@ToDate='2024-09-30';
09/09/2024 11:37:32	SQL :EXEC GetRunningDaysDetail 'BS1118070005',@FromDate='2024-09-01',@ToDate='2024-09-30';
09/09/2024 11:37:32	SQL :EXEC GetRunningDaysDetail 'BS1118040003',@FromDate='2024-09-01',@ToDate='2024-09-30';
09/09/2024 11:37:33	SQL :EXEC GetRunningDaysDetail 'BS1118050001',@FromDate='2024-09-01',@ToDate='2024-09-30';
09/09/2024 11:37:34	SQL :EXEC GetRunningDaysDetail 'BS1118040001',@FromDate='2024-09-01',@ToDate='2024-09-30';
09/09/2024 11:37:35	SQL :EXEC GetRunningDaysDetail 'BS1118040002',@FromDate='2024-09-01',@ToDate='2024-09-30';
09/09/2024 11:37:36	SQL :EXEC GetRunningDaysDetail 'BS1118040004',@FromDate='2024-09-01',@ToDate='2024-09-30';
09/09/2024 11:37:37	SQL :EXEC GetRunningDaysDetail 'BS17100018',@FromDate='2024-09-01',@ToDate='2024-09-30';
09/09/2024 11:37:38	SQL :EXEC GetRunningDaysDetail 'BS1118050002',@FromDate='2024-09-01',@ToDate='2024-09-30';
09/09/2024 11:37:38	SQL :EXEC GetRunningDaysDetail 'BS1118070003',@FromDate='2024-09-01',@ToDate='2024-09-30';
09/09/2024 11:37:39	SQL :EXEC GetRunningDaysDetail 'BS15070004',@FromDate='2024-09-01',@ToDate='2024-09-30';
09/09/2024 11:37:40	SQL :EXEC GetRunningDaysDetail 'BU00000004',@FromDate='2024-09-01',@ToDate='2024-09-30';
09/09/2024 11:37:41	SQL :EXEC GetRunningDaysDetail 'BS1121090001',@FromDate='2024-09-01',@ToDate='2024-09-30';
09/09/2024 11:41:02	Form Check :ChatClient
09/09/2024 11:41:03	Form Check :AuthorizedForm
09/09/2024 11:41:03	Form Check :RePrintForm
09/09/2024 11:41:03	Form Check :EmployeeSearch
09/09/2024 11:41:03	Form Check :TimeInputForm
09/09/2024 11:41:03	Log Out
09/09/2024 11:41:05	Start Return Local Settings
09/09/2024 11:41:05	Finish Return Local Settings
09/09/2024 11:41:05	Destroying Object
09/09/2024 11:41:05	Closing Apps
09/09/2024 11:55:35	Get Local Settings
09/09/2024 11:55:35	Start Change Local Settings
09/09/2024 11:55:35	Change short date format
09/09/2024 11:55:35	Change Long date format
09/09/2024 11:55:35	Finish Change Local Settings
09/09/2024 11:55:35	Registry Read: Path=SOFTWARE\WEHA\Aplikasi\3
09/09/2024 11:55:35	Registry Read/Write
09/09/2024 11:55:35	Registry Read: Path=SOFTWARE\WEHA\Aplikasi\3
09/09/2024 11:55:35	Create DB Object
09/09/2024 11:55:35	Create DB Object
09/09/2024 11:55:35	Init DB
09/09/2024 11:55:35	Finish Init DB
09/09/2024 11:55:35	Get File Version
09/09/2024 11:55:35	Change  Caption
09/09/2024 11:55:35	Init Shortkey
09/09/2024 11:55:37	Create DB Object
09/09/2024 11:55:37	Create DB Object
09/09/2024 11:55:37	Init DB
09/09/2024 11:55:37	Finish Init DB
09/09/2024 11:55:45	Update new version check
09/09/2024 11:55:45	Open DB Connection
09/09/2024 11:56:30	SQL :
09/09/2024 11:56:30	Update check version
09/09/2024 11:56:30	Open DB Connection
09/09/2024 11:56:30	SQL :SELECT version FROM wh_application WHERE application_id=(SELECT MAX(application_id) FROM wh_application);
09/09/2024 11:56:30	Start Login
09/09/2024 11:56:30	Open DB Connection
09/09/2024 11:56:30	SQL :EXEC AuthenticateUser 'irvan.ruswanto','0b1dd5fabd221ef63c58c026bce4cf6b';
09/09/2024 11:56:30	SQL :INSERT INTO wh_log (user_id,app_date,app_version,app_version_svr,location_id,company_id,department_id,host_name,ip_address)  VALUES ('irvan.ruswanto','09/09/2024','6.1.5.42','6.1.5.41',22,11,00,'IT-WEHA','192.168.25.215');
09/09/2024 11:56:30	Open DB Connection
09/09/2024 11:56:30	SQL :EXEC GetUserMenu 'irvan.ruswanto';
09/09/2024 11:56:31	SQL :EXEC GetUserSubMenu 'irvan.ruswanto','11';
09/09/2024 11:56:31	SQL :EXEC GetUserTreeMenu 'irvan.ruswanto','1101',@CompanyId=11;
09/09/2024 11:56:31	SQL :EXEC GetUserTreeMenu 'irvan.ruswanto','1102',@CompanyId=11;
09/09/2024 11:56:31	SQL :EXEC GetUserTreeMenu 'irvan.ruswanto','1103',@CompanyId=11;
09/09/2024 11:56:31	SQL :EXEC GetUserTreeMenu 'irvan.ruswanto','1104',@CompanyId=11;
09/09/2024 11:56:31	SQL :EXEC GetUserTreeMenu 'irvan.ruswanto','1105',@CompanyId=11;
09/09/2024 11:56:31	SQL :EXEC GetUserTreeMenu 'irvan.ruswanto','1106',@CompanyId=11;
09/09/2024 11:56:31	SQL :EXEC GetUserTreeMenu 'irvan.ruswanto','1107',@CompanyId=11;
09/09/2024 11:56:31	SQL :EXEC GetUserTreeMenu 'irvan.ruswanto','1108',@CompanyId=11;
09/09/2024 11:56:31	SQL :EXEC GetUserTreeMenu 'irvan.ruswanto','1109',@CompanyId=11;
09/09/2024 11:56:31	SQL :EXEC GetUserTreeMenu 'irvan.ruswanto','1110',@CompanyId=11;
09/09/2024 11:56:31	SQL :EXEC GetUserTreeMenu 'irvan.ruswanto','1111',@CompanyId=11;
09/09/2024 11:56:31	SQL :EXEC GetUserTreeMenu 'irvan.ruswanto','1112',@CompanyId=11;
09/09/2024 11:56:31	SQL :EXEC GetUserTreeMenu 'irvan.ruswanto','1113',@CompanyId=11;
09/09/2024 11:56:31	SQL :EXEC GetUserTreeMenu 'irvan.ruswanto','1114',@CompanyId=11;
09/09/2024 11:56:31	SQL :EXEC GetUserTreeMenu 'irvan.ruswanto','1115',@CompanyId=11;
09/09/2024 11:56:31	SQL :EXEC GetUserTreeMenu 'irvan.ruswanto','1116',@CompanyId=11;
09/09/2024 11:56:31	SQL :EXEC GetUserTreeMenu 'irvan.ruswanto','1117',@CompanyId=11;
09/09/2024 11:56:31	SQL :EXEC GetUserTreeMenu 'irvan.ruswanto','1198',@CompanyId=11;
09/09/2024 11:56:31	SQL :EXEC GetUserTreeMenu 'irvan.ruswanto','1199',@CompanyId=11;
09/09/2024 11:56:31	SQL :EXEC GetUserSubMenu 'irvan.ruswanto','12';
09/09/2024 11:56:31	SQL :EXEC GetUserTreeMenu 'irvan.ruswanto','1201',@CompanyId=11;
09/09/2024 11:56:31	SQL :EXEC GetUserTreeMenu 'irvan.ruswanto','1202',@CompanyId=11;
09/09/2024 11:56:31	SQL :EXEC GetUserTreeMenu 'irvan.ruswanto','1203',@CompanyId=11;
09/09/2024 11:56:31	SQL :EXEC GetUserTreeMenu 'irvan.ruswanto','1204',@CompanyId=11;
09/09/2024 11:56:31	SQL :EXEC GetUserTreeMenu 'irvan.ruswanto','1205',@CompanyId=11;
09/09/2024 11:56:31	SQL :EXEC GetUserTreeMenu 'irvan.ruswanto','1206',@CompanyId=11;
09/09/2024 11:56:31	SQL :EXEC GetUserTreeMenu 'irvan.ruswanto','1207',@CompanyId=11;
09/09/2024 11:56:31	SQL :EXEC GetUserSubMenu 'irvan.ruswanto','13';
09/09/2024 11:56:31	SQL :EXEC GetUserTreeMenu 'irvan.ruswanto','1301',@CompanyId=11;
09/09/2024 11:56:31	SQL :EXEC GetUserTreeMenu 'irvan.ruswanto','1302',@CompanyId=11;
09/09/2024 11:56:31	SQL :EXEC GetUserTreeMenu 'irvan.ruswanto','1303',@CompanyId=11;
09/09/2024 11:56:31	SQL :EXEC GetUserTreeMenu 'irvan.ruswanto','1304',@CompanyId=11;
09/09/2024 11:56:31	SQL :EXEC GetUserTreeMenu 'irvan.ruswanto','1305',@CompanyId=11;
09/09/2024 11:56:31	SQL :EXEC GetUserTreeMenu 'irvan.ruswanto','1306',@CompanyId=11;
09/09/2024 11:56:31	SQL :EXEC GetUserTreeMenu 'irvan.ruswanto','1307',@CompanyId=11;
09/09/2024 11:56:31	SQL :EXEC GetUserTreeMenu 'irvan.ruswanto','1308',@CompanyId=11;
09/09/2024 11:56:31	SQL :EXEC GetUserTreeMenu 'irvan.ruswanto','1309',@CompanyId=11;
09/09/2024 11:56:31	SQL :EXEC GetUserTreeMenu 'irvan.ruswanto','1310',@CompanyId=11;
09/09/2024 11:56:31	SQL :EXEC GetUserTreeMenu 'irvan.ruswanto','1311',@CompanyId=11;
09/09/2024 11:56:31	SQL :EXEC GetUserTreeMenu 'irvan.ruswanto','1312',@CompanyId=11;
09/09/2024 11:56:31	SQL :EXEC GetUserTreeMenu 'irvan.ruswanto','1313',@CompanyId=11;
09/09/2024 11:56:32	SQL :EXEC GetUserTreeMenu 'irvan.ruswanto','1314',@CompanyId=11;
09/09/2024 11:56:32	SQL :EXEC GetUserTreeMenu 'irvan.ruswanto','1315',@CompanyId=11;
09/09/2024 11:56:32	SQL :EXEC GetUserTreeMenu 'irvan.ruswanto','1316',@CompanyId=11;
09/09/2024 11:56:32	SQL :EXEC GetUserTreeMenu 'irvan.ruswanto','1317',@CompanyId=11;
09/09/2024 11:56:32	SQL :EXEC GetUserTreeMenu 'irvan.ruswanto','1318',@CompanyId=11;
09/09/2024 11:56:32	SQL :EXEC GetUserTreeMenu 'irvan.ruswanto','1319',@CompanyId=11;
09/09/2024 11:56:32	SQL :EXEC GetUserTreeMenu 'irvan.ruswanto','1320',@CompanyId=11;
09/09/2024 11:56:32	SQL :EXEC GetUserTreeMenu 'irvan.ruswanto','1321',@CompanyId=11;
09/09/2024 11:56:32	SQL :EXEC GetUserTreeMenu 'irvan.ruswanto','1322',@CompanyId=11;
09/09/2024 11:56:32	SQL :EXEC GetUserSubMenu 'irvan.ruswanto','14';
09/09/2024 11:56:32	SQL :EXEC GetUserTreeMenu 'irvan.ruswanto','1401',@CompanyId=11;
09/09/2024 11:56:32	SQL :EXEC GetUserTreeMenu 'irvan.ruswanto','1402',@CompanyId=11;
09/09/2024 11:56:32	SQL :EXEC GetUserTreeMenu 'irvan.ruswanto','1403',@CompanyId=11;
09/09/2024 11:56:32	SQL :EXEC GetUserTreeMenu 'irvan.ruswanto','1404',@CompanyId=11;
09/09/2024 11:56:32	SQL :EXEC GetUserTreeMenu 'irvan.ruswanto','1406',@CompanyId=11;
09/09/2024 11:56:32	SQL :EXEC GetUserTreeMenu 'irvan.ruswanto','1408',@CompanyId=11;
09/09/2024 11:56:32	SQL :EXEC GetUserTreeMenu 'irvan.ruswanto','1410',@CompanyId=11;
09/09/2024 11:56:32	SQL :EXEC GetUserTreeMenu 'irvan.ruswanto','1411',@CompanyId=11;
09/09/2024 11:56:32	SQL :EXEC GetUserTreeMenu 'irvan.ruswanto','1412',@CompanyId=11;
09/09/2024 11:56:32	SQL :EXEC GetUserTreeMenu 'irvan.ruswanto','1413',@CompanyId=11;
09/09/2024 11:56:32	SQL :EXEC GetUserTreeMenu 'irvan.ruswanto','1414',@CompanyId=11;
09/09/2024 11:56:32	SQL :EXEC GetUserSubMenu 'irvan.ruswanto','15';
09/09/2024 11:56:32	SQL :EXEC GetUserTreeMenu 'irvan.ruswanto','1501',@CompanyId=11;
09/09/2024 11:56:32	SQL :EXEC GetUserTreeMenu 'irvan.ruswanto','1502',@CompanyId=11;
09/09/2024 11:56:32	SQL :EXEC GetUserTreeMenu 'irvan.ruswanto','1503',@CompanyId=11;
09/09/2024 11:56:32	SQL :EXEC GetUserTreeMenu 'irvan.ruswanto','1504',@CompanyId=11;
09/09/2024 11:56:32	SQL :EXEC GetUserTreeMenu 'irvan.ruswanto','1505',@CompanyId=11;
09/09/2024 11:56:32	SQL :EXEC GetUserTreeMenu 'irvan.ruswanto','1506',@CompanyId=11;
09/09/2024 11:56:32	SQL :EXEC GetUserTreeMenu 'irvan.ruswanto','1507',@CompanyId=11;
09/09/2024 11:56:32	SQL :EXEC GetUserTreeMenu 'irvan.ruswanto','1508',@CompanyId=11;
09/09/2024 11:56:32	SQL :EXEC GetUserTreeMenu 'irvan.ruswanto','1509',@CompanyId=11;
09/09/2024 11:56:32	SQL :EXEC GetUserTreeMenu 'irvan.ruswanto','1510',@CompanyId=11;
09/09/2024 11:56:32	SQL :EXEC GetUserTreeMenu 'irvan.ruswanto','1511',@CompanyId=11;
09/09/2024 11:56:32	SQL :EXEC GetUserSubMenu 'irvan.ruswanto','16';
09/09/2024 11:56:33	SQL :EXEC GetUserTreeMenu 'irvan.ruswanto','1601',@CompanyId=11;
09/09/2024 11:56:33	SQL :EXEC GetUserTreeMenu 'irvan.ruswanto','1602',@CompanyId=11;
09/09/2024 11:56:33	SQL :EXEC GetUserTreeMenu 'irvan.ruswanto','1603',@CompanyId=11;
09/09/2024 11:56:33	SQL :EXEC GetUserTreeMenu 'irvan.ruswanto','1604',@CompanyId=11;
09/09/2024 11:56:33	SQL :EXEC GetUserTreeMenu 'irvan.ruswanto','1605',@CompanyId=11;
09/09/2024 11:56:33	SQL :EXEC GetUserTreeMenu 'irvan.ruswanto','1606',@CompanyId=11;
09/09/2024 11:56:33	SQL :EXEC GetUserTreeMenu 'irvan.ruswanto','1607',@CompanyId=11;
09/09/2024 11:56:33	SQL :EXEC GetUserTreeMenu 'irvan.ruswanto','1608',@CompanyId=11;
09/09/2024 11:56:33	SQL :EXEC GetUserTreeMenu 'irvan.ruswanto','1609',@CompanyId=11;
09/09/2024 11:56:33	SQL :EXEC GetUserTreeMenu 'irvan.ruswanto','1610',@CompanyId=11;
09/09/2024 11:56:33	SQL :EXEC GetUserTreeMenu 'irvan.ruswanto','1611',@CompanyId=11;
09/09/2024 11:56:33	SQL :EXEC GetUserTreeMenu 'irvan.ruswanto','1612',@CompanyId=11;
09/09/2024 11:56:33	SQL :EXEC GetUserTreeMenu 'irvan.ruswanto','1613',@CompanyId=11;
09/09/2024 11:56:33	SQL :EXEC GetUserTreeMenu 'irvan.ruswanto','1614',@CompanyId=11;
09/09/2024 11:56:33	SQL :EXEC GetUserTreeMenu 'irvan.ruswanto','1615',@CompanyId=11;
09/09/2024 11:56:33	SQL :EXEC GetUserTreeMenu 'irvan.ruswanto','1616',@CompanyId=11;
09/09/2024 11:56:33	SQL :EXEC GetUserTreeMenu 'irvan.ruswanto','1619',@CompanyId=11;
09/09/2024 11:56:33	SQL :EXEC GetUserTreeMenu 'irvan.ruswanto','1620',@CompanyId=11;
09/09/2024 11:56:33	SQL :EXEC GetUserSubMenu 'irvan.ruswanto','17';
09/09/2024 11:56:33	SQL :EXEC GetUserTreeMenu 'irvan.ruswanto','1701',@CompanyId=11;
09/09/2024 11:56:33	SQL :EXEC GetUserTreeMenu 'irvan.ruswanto','1702',@CompanyId=11;
09/09/2024 11:56:33	SQL :EXEC GetUserTreeMenu 'irvan.ruswanto','1703',@CompanyId=11;
09/09/2024 11:56:33	SQL :EXEC GetUserTreeMenu 'irvan.ruswanto','1704',@CompanyId=11;
09/09/2024 11:56:33	SQL :EXEC GetUserTreeMenu 'irvan.ruswanto','1705',@CompanyId=11;
09/09/2024 11:56:33	SQL :EXEC GetUserTreeMenu 'irvan.ruswanto','1706',@CompanyId=11;
09/09/2024 11:56:33	SQL :EXEC GetUserTreeMenu 'irvan.ruswanto','1707',@CompanyId=11;
09/09/2024 11:56:33	SQL :EXEC GetUserTreeMenu 'irvan.ruswanto','1708',@CompanyId=11;
09/09/2024 11:56:33	SQL :EXEC GetUserTreeMenu 'irvan.ruswanto','1709',@CompanyId=11;
09/09/2024 11:56:33	SQL :EXEC GetUserTreeMenu 'irvan.ruswanto','1710',@CompanyId=11;
09/09/2024 11:56:33	SQL :EXEC GetUserTreeMenu 'irvan.ruswanto','1711',@CompanyId=11;
09/09/2024 11:56:33	SQL :EXEC GetUserTreeMenu 'irvan.ruswanto','1712',@CompanyId=11;
09/09/2024 11:56:33	SQL :EXEC GetUserTreeMenu 'irvan.ruswanto','1713',@CompanyId=11;
09/09/2024 11:56:33	SQL :EXEC GetUserTreeMenu 'irvan.ruswanto','1714',@CompanyId=11;
09/09/2024 11:56:34	SQL :EXEC GetUserTreeMenu 'irvan.ruswanto','1715',@CompanyId=11;
09/09/2024 11:56:34	SQL :EXEC GetUserTreeMenu 'irvan.ruswanto','1716',@CompanyId=11;
09/09/2024 11:56:34	SQL :EXEC GetUserTreeMenu 'irvan.ruswanto','1717',@CompanyId=11;
09/09/2024 11:56:34	SQL :EXEC GetUserSubMenu 'irvan.ruswanto','18';
09/09/2024 11:56:34	SQL :EXEC GetUserTreeMenu 'irvan.ruswanto','1801',@CompanyId=11;
09/09/2024 11:56:34	SQL :EXEC GetUserSubMenu 'irvan.ruswanto','19';
09/09/2024 11:56:34	SQL :EXEC GetUserTreeMenu 'irvan.ruswanto','1901',@CompanyId=11;
09/09/2024 11:56:34	SQL :EXEC GetUserTreeMenu 'irvan.ruswanto','1902',@CompanyId=11;
09/09/2024 11:56:34	SQL :EXEC GetUserTreeMenu 'irvan.ruswanto','1903',@CompanyId=11;
09/09/2024 11:56:34	SQL :EXEC GetUserTreeMenu 'irvan.ruswanto','1904',@CompanyId=11;
09/09/2024 11:56:34	SQL :EXEC GetUserTreeMenu 'irvan.ruswanto','1905',@CompanyId=11;
09/09/2024 11:56:34	SQL :EXEC GetUserTreeMenu 'irvan.ruswanto','1906',@CompanyId=11;
09/09/2024 11:56:34	SQL :EXEC GetUserTreeMenu 'irvan.ruswanto','1907',@CompanyId=11;
09/09/2024 11:56:34	SQL :EXEC GetUserTreeMenu 'irvan.ruswanto','1908',@CompanyId=11;
09/09/2024 11:56:34	SQL :EXEC GetUserTreeMenu 'irvan.ruswanto','1909',@CompanyId=11;
09/09/2024 11:56:34	SQL :EXEC GetUserTreeMenu 'irvan.ruswanto','1910',@CompanyId=11;
09/09/2024 11:56:34	SQL :EXEC GetUserTreeMenu 'irvan.ruswanto','1911',@CompanyId=11;
09/09/2024 11:56:34	SQL :EXEC GetUserTreeMenu 'irvan.ruswanto','1912',@CompanyId=11;
09/09/2024 11:56:34	SQL :SELECT CONVERT(VARCHAR(8),GETDATE(),108) AS hour_minute;
09/09/2024 11:56:34	SQL :SELECT CONVERT(VARCHAR(10),GETDATE(),103) AS date_time;
09/09/2024 11:56:34	Loading Setting
09/09/2024 11:56:34	Open DB Connection
09/09/2024 11:56:34	SQL :SELECT * FROM wh_setting WHERE setting_name='Hold_Less_Deposit';
09/09/2024 11:56:35	SQL :SELECT * FROM wh_setting WHERE setting_name='Max_Less_Deposit';
09/09/2024 11:56:35	SQL :SELECT * FROM wh_setting WHERE setting_name='Dashboard_11';
09/09/2024 11:56:35	Finish Logging
09/09/2024 11:56:35	SQL :SELECT value_string FROM wh_setting WHERE (setting_name='Interval_CheckInDate') AND (active=1);
09/09/2024 11:56:35	SQL :SELECT value_string FROM wh_setting WHERE (setting_name='Interval_CheckInTime') AND (active=1);
09/09/2024 11:56:35	SQL :SELECT value_string FROM wh_setting WHERE (setting_name='ChatEnable') and (active=1);
09/09/2024 11:56:35	Message:Port Check
09/09/2024 11:56:36	Message:Open DB Connection
09/09/2024 11:56:36	SQL :EXEC GetMessage '01','irvan.ruswanto';
09/09/2024 11:56:36	SQL :SELECT CONVERT(VARCHAR(8),GETDATE(),108) AS hour_minute;
09/09/2024 11:56:36	SQL :SELECT CONVERT(VARCHAR(10),GETDATE(),103) AS date_time;
09/09/2024 11:56:41	Open Menu :190502
09/09/2024 11:56:41	Open DB Connection
09/09/2024 11:56:41	SQL :EXEC AuthMenu 'irvan.ruswanto',190502;
09/09/2024 11:56:41	Form Check :BusRunningDaysRpt
09/09/2024 11:56:41	Form Open: BusRunningDaysRpt=,0
09/09/2024 11:56:41	Open DB Connection
09/09/2024 11:56:41	SQL :EXEC GetCompanyLocationList
09/09/2024 11:56:41	SQL :SELECT * FROM wh_vhc_batch WHERE (active=1) AND (company_id=11);
09/09/2024 11:56:41	Open DB Connection
09/09/2024 11:56:56	Open DB Connection
09/09/2024 11:56:56	SQL :EXEC GetVhcList 22,@CompanyId=11;
09/09/2024 11:57:02	SQL :EXEC GetRunningDaysDetail 'BS1118070001',@FromDate='2024-09-01',@ToDate='2024-09-30';
09/09/2024 11:57:03	SQL :EXEC GetRunningDaysDetail 'BS1118070002',@FromDate='2024-09-01',@ToDate='2024-09-30';
09/09/2024 11:57:03	SQL :EXEC GetRunningDaysDetail 'BS221070028',@FromDate='2024-09-01',@ToDate='2024-09-30';
09/09/2024 11:57:04	SQL :EXEC GetRunningDaysDetail 'BS221070035',@FromDate='2024-09-01',@ToDate='2024-09-30';
09/09/2024 11:57:04	SQL :EXEC GetRunningDaysDetail 'BS221070039',@FromDate='2024-09-01',@ToDate='2024-09-30';
09/09/2024 11:57:05	SQL :EXEC GetRunningDaysDetail 'BS221070040',@FromDate='2024-09-01',@ToDate='2024-09-30';
09/09/2024 11:57:06	SQL :EXEC GetRunningDaysDetail 'BS221070059',@FromDate='2024-09-01',@ToDate='2024-09-30';
09/09/2024 11:57:07	SQL :EXEC GetRunningDaysDetail 'BS1122010003',@FromDate='2024-09-01',@ToDate='2024-09-30';
09/09/2024 11:57:07	SQL :EXEC GetRunningDaysDetail 'BS17100017',@FromDate='2024-09-01',@ToDate='2024-09-30';
09/09/2024 11:57:08	SQL :EXEC GetRunningDaysDetail 'BS17100016',@FromDate='2024-09-01',@ToDate='2024-09-30';
09/09/2024 11:57:09	SQL :EXEC GetRunningDaysDetail 'BS17100019',@FromDate='2024-09-01',@ToDate='2024-09-30';
09/09/2024 11:57:10	SQL :EXEC GetRunningDaysDetail 'BS1118070004',@FromDate='2024-09-01',@ToDate='2024-09-30';
09/09/2024 11:57:10	SQL :EXEC GetRunningDaysDetail 'BS1118070005',@FromDate='2024-09-01',@ToDate='2024-09-30';
09/09/2024 11:57:11	SQL :EXEC GetRunningDaysDetail 'BS1118040003',@FromDate='2024-09-01',@ToDate='2024-09-30';
09/09/2024 11:57:12	SQL :EXEC GetRunningDaysDetail 'BS1118050001',@FromDate='2024-09-01',@ToDate='2024-09-30';
09/09/2024 11:57:13	SQL :EXEC GetRunningDaysDetail 'BS1118040001',@FromDate='2024-09-01',@ToDate='2024-09-30';
09/09/2024 11:57:14	SQL :EXEC GetRunningDaysDetail 'BS1118040002',@FromDate='2024-09-01',@ToDate='2024-09-30';
09/09/2024 11:57:14	SQL :EXEC GetRunningDaysDetail 'BS1118040004',@FromDate='2024-09-01',@ToDate='2024-09-30';
09/09/2024 11:57:15	SQL :EXEC GetRunningDaysDetail 'BS17100018',@FromDate='2024-09-01',@ToDate='2024-09-30';
09/09/2024 11:57:16	SQL :EXEC GetRunningDaysDetail 'BS1118050002',@FromDate='2024-09-01',@ToDate='2024-09-30';
09/09/2024 11:57:17	SQL :EXEC GetRunningDaysDetail 'BS1118070003',@FromDate='2024-09-01',@ToDate='2024-09-30';
09/09/2024 11:57:17	SQL :EXEC GetRunningDaysDetail 'BS15070004',@FromDate='2024-09-01',@ToDate='2024-09-30';
09/09/2024 11:57:18	SQL :EXEC GetRunningDaysDetail 'BU00000004',@FromDate='2024-09-01',@ToDate='2024-09-30';
09/09/2024 11:57:19	SQL :EXEC GetRunningDaysDetail 'BS1121090001',@FromDate='2024-09-01',@ToDate='2024-09-30';
09/09/2024 12:06:48	Message:Port Check
09/09/2024 14:19:05	Open DB Connection
09/09/2024 14:19:27	SQL :EXEC GetVhcList 22,@CompanyId=11;
09/09/2024 14:19:28	SQL :EXEC GetRunningDaysDetail 'BS1118070001',@FromDate='2024-09-01',@ToDate='2024-09-30';
09/09/2024 14:19:28	SQL :EXEC GetRunningDaysDetail 'BS1118070002',@FromDate='2024-09-01',@ToDate='2024-09-30';
09/09/2024 14:19:29	SQL :EXEC GetRunningDaysDetail 'BS221070028',@FromDate='2024-09-01',@ToDate='2024-09-30';
09/09/2024 14:19:29	SQL :EXEC GetRunningDaysDetail 'BS221070035',@FromDate='2024-09-01',@ToDate='2024-09-30';
09/09/2024 14:19:29	SQL :EXEC GetRunningDaysDetail 'BS221070039',@FromDate='2024-09-01',@ToDate='2024-09-30';
09/09/2024 14:19:30	SQL :EXEC GetRunningDaysDetail 'BS221070040',@FromDate='2024-09-01',@ToDate='2024-09-30';
09/09/2024 14:19:30	SQL :EXEC GetRunningDaysDetail 'BS221070059',@FromDate='2024-09-01',@ToDate='2024-09-30';
09/09/2024 14:19:31	SQL :EXEC GetRunningDaysDetail 'BS1122010003',@FromDate='2024-09-01',@ToDate='2024-09-30';
09/09/2024 14:19:31	SQL :EXEC GetRunningDaysDetail 'BS17100017',@FromDate='2024-09-01',@ToDate='2024-09-30';
09/09/2024 14:19:31	SQL :EXEC GetRunningDaysDetail 'BS17100016',@FromDate='2024-09-01',@ToDate='2024-09-30';
09/09/2024 14:19:32	SQL :EXEC GetRunningDaysDetail 'BS17100019',@FromDate='2024-09-01',@ToDate='2024-09-30';
09/09/2024 14:19:32	SQL :EXEC GetRunningDaysDetail 'BS1118070004',@FromDate='2024-09-01',@ToDate='2024-09-30';
09/09/2024 14:19:32	SQL :EXEC GetRunningDaysDetail 'BS1118070005',@FromDate='2024-09-01',@ToDate='2024-09-30';
09/09/2024 14:19:33	SQL :EXEC GetRunningDaysDetail 'BS1118040003',@FromDate='2024-09-01',@ToDate='2024-09-30';
09/09/2024 14:19:33	SQL :EXEC GetRunningDaysDetail 'BS1118050001',@FromDate='2024-09-01',@ToDate='2024-09-30';
09/09/2024 14:19:34	SQL :EXEC GetRunningDaysDetail 'BS1118040001',@FromDate='2024-09-01',@ToDate='2024-09-30';
09/09/2024 14:19:34	SQL :EXEC GetRunningDaysDetail 'BS1118040002',@FromDate='2024-09-01',@ToDate='2024-09-30';
09/09/2024 14:19:34	SQL :EXEC GetRunningDaysDetail 'BS1118040004',@FromDate='2024-09-01',@ToDate='2024-09-30';
09/09/2024 14:19:35	SQL :EXEC GetRunningDaysDetail 'BS17100018',@FromDate='2024-09-01',@ToDate='2024-09-30';
09/09/2024 14:19:35	SQL :EXEC GetRunningDaysDetail 'BS1118050002',@FromDate='2024-09-01',@ToDate='2024-09-30';
09/09/2024 14:19:36	SQL :EXEC GetRunningDaysDetail 'BS1118070003',@FromDate='2024-09-01',@ToDate='2024-09-30';
09/09/2024 14:19:36	SQL :EXEC GetRunningDaysDetail 'BS15070004',@FromDate='2024-09-01',@ToDate='2024-09-30';
09/09/2024 14:19:36	SQL :EXEC GetRunningDaysDetail 'BU00000004',@FromDate='2024-09-01',@ToDate='2024-09-30';
09/09/2024 14:19:37	SQL :EXEC GetRunningDaysDetail 'BS1121090001',@FromDate='2024-09-01',@ToDate='2024-09-30';
09/09/2024 14:29:33	Message:Port Check
09/09/2024 14:39:09	Open DB Connection
09/09/2024 14:39:31	SQL :EXEC GetVhcList 22,@CompanyId=11;
09/09/2024 14:42:12	SQL :EXEC GetRunningDaysDetail 'BS1118070001',@FromDate='2024-09-01',@ToDate='2024-09-30';
09/09/2024 14:48:38	SQL :EXEC GetRunningDaysDetail 'BS1118070002',@FromDate='2024-09-01',@ToDate='2024-09-30';
09/09/2024 14:57:29	SQL :EXEC GetRunningDaysDetail 'BS221070028',@FromDate='2024-09-01',@ToDate='2024-09-30';
09/09/2024 15:10:47	SQL :EXEC GetRunningDaysDetail 'BS221070035',@FromDate='2024-09-01',@ToDate='2024-09-30';
09/09/2024 15:17:51	SQL :EXEC GetRunningDaysDetail 'BS221070039',@FromDate='2024-09-01',@ToDate='2024-09-30';
09/09/2024 15:17:55	SQL :EXEC GetRunningDaysDetail 'BS221070040',@FromDate='2024-09-01',@ToDate='2024-09-30';
09/09/2024 15:17:56	SQL :EXEC GetRunningDaysDetail 'BS221070059',@FromDate='2024-09-01',@ToDate='2024-09-30';
09/09/2024 15:17:56	SQL :EXEC GetRunningDaysDetail 'BS1122010003',@FromDate='2024-09-01',@ToDate='2024-09-30';
09/09/2024 15:17:57	SQL :EXEC GetRunningDaysDetail 'BS17100017',@FromDate='2024-09-01',@ToDate='2024-09-30';
09/09/2024 15:17:57	SQL :EXEC GetRunningDaysDetail 'BS17100016',@FromDate='2024-09-01',@ToDate='2024-09-30';
09/09/2024 15:17:57	SQL :EXEC GetRunningDaysDetail 'BS17100019',@FromDate='2024-09-01',@ToDate='2024-09-30';
09/09/2024 15:17:58	SQL :EXEC GetRunningDaysDetail 'BS1118070004',@FromDate='2024-09-01',@ToDate='2024-09-30';
09/09/2024 15:17:58	SQL :EXEC GetRunningDaysDetail 'BS1118070005',@FromDate='2024-09-01',@ToDate='2024-09-30';
09/09/2024 15:17:58	SQL :EXEC GetRunningDaysDetail 'BS1118040003',@FromDate='2024-09-01',@ToDate='2024-09-30';
09/09/2024 15:17:59	SQL :EXEC GetRunningDaysDetail 'BS1118050001',@FromDate='2024-09-01',@ToDate='2024-09-30';
09/09/2024 15:17:59	SQL :EXEC GetRunningDaysDetail 'BS1118040001',@FromDate='2024-09-01',@ToDate='2024-09-30';
09/09/2024 15:18:00	SQL :EXEC GetRunningDaysDetail 'BS1118040002',@FromDate='2024-09-01',@ToDate='2024-09-30';
09/09/2024 15:18:00	SQL :EXEC GetRunningDaysDetail 'BS1118040004',@FromDate='2024-09-01',@ToDate='2024-09-30';
09/09/2024 15:18:01	SQL :EXEC GetRunningDaysDetail 'BS17100018',@FromDate='2024-09-01',@ToDate='2024-09-30';
09/09/2024 15:18:01	SQL :EXEC GetRunningDaysDetail 'BS1118050002',@FromDate='2024-09-01',@ToDate='2024-09-30';
09/09/2024 15:18:01	SQL :EXEC GetRunningDaysDetail 'BS1118070003',@FromDate='2024-09-01',@ToDate='2024-09-30';
09/09/2024 15:18:02	SQL :EXEC GetRunningDaysDetail 'BS15070004',@FromDate='2024-09-01',@ToDate='2024-09-30';
09/09/2024 15:18:02	SQL :EXEC GetRunningDaysDetail 'BU00000004',@FromDate='2024-09-01',@ToDate='2024-09-30';
09/09/2024 15:18:03	SQL :EXEC GetRunningDaysDetail 'BS1121090001',@FromDate='2024-09-01',@ToDate='2024-09-30';
09/09/2024 15:18:11	Form Check :OrderForm
09/09/2024 15:18:11	Form Open: SelectBooking=Out Of Order   PKBYG24090013,FormRequest=,0
09/09/2024 15:20:43	Message:Port Check
09/09/2024 15:27:07	Open DB Connection
09/09/2024 15:27:29	SQL :EXEC GetVhcList 22,@CompanyId=11;
09/09/2024 15:27:34	SQL :EXEC GetRunningDaysDetail 'BS1118070001',@FromDate='2024-09-01',@ToDate='2024-09-30';
09/09/2024 15:27:34	SQL :EXEC GetRunningDaysDetail 'BS1118070002',@FromDate='2024-09-01',@ToDate='2024-09-30';
09/09/2024 15:27:35	SQL :EXEC GetRunningDaysDetail 'BS221070028',@FromDate='2024-09-01',@ToDate='2024-09-30';
09/09/2024 15:27:35	SQL :EXEC GetRunningDaysDetail 'BS221070035',@FromDate='2024-09-01',@ToDate='2024-09-30';
09/09/2024 15:27:35	SQL :EXEC GetRunningDaysDetail 'BS221070039',@FromDate='2024-09-01',@ToDate='2024-09-30';
09/09/2024 15:27:36	SQL :EXEC GetRunningDaysDetail 'BS221070040',@FromDate='2024-09-01',@ToDate='2024-09-30';
09/09/2024 15:27:36	SQL :EXEC GetRunningDaysDetail 'BS221070059',@FromDate='2024-09-01',@ToDate='2024-09-30';
09/09/2024 15:27:37	SQL :EXEC GetRunningDaysDetail 'BS1122010003',@FromDate='2024-09-01',@ToDate='2024-09-30';
09/09/2024 15:27:37	SQL :EXEC GetRunningDaysDetail 'BS17100017',@FromDate='2024-09-01',@ToDate='2024-09-30';
09/09/2024 15:27:37	SQL :EXEC GetRunningDaysDetail 'BS17100016',@FromDate='2024-09-01',@ToDate='2024-09-30';
09/09/2024 15:27:38	SQL :EXEC GetRunningDaysDetail 'BS17100019',@FromDate='2024-09-01',@ToDate='2024-09-30';
09/09/2024 15:27:38	SQL :EXEC GetRunningDaysDetail 'BS1118070004',@FromDate='2024-09-01',@ToDate='2024-09-30';
09/09/2024 15:27:39	SQL :EXEC GetRunningDaysDetail 'BS1118070005',@FromDate='2024-09-01',@ToDate='2024-09-30';
09/09/2024 15:27:39	SQL :EXEC GetRunningDaysDetail 'BS1118040003',@FromDate='2024-09-01',@ToDate='2024-09-30';
09/09/2024 15:27:39	SQL :EXEC GetRunningDaysDetail 'BS1118050001',@FromDate='2024-09-01',@ToDate='2024-09-30';
09/09/2024 15:27:40	SQL :EXEC GetRunningDaysDetail 'BS1118040001',@FromDate='2024-09-01',@ToDate='2024-09-30';
09/09/2024 15:27:40	SQL :EXEC GetRunningDaysDetail 'BS1118040002',@FromDate='2024-09-01',@ToDate='2024-09-30';
09/09/2024 15:27:40	SQL :EXEC GetRunningDaysDetail 'BS1118040004',@FromDate='2024-09-01',@ToDate='2024-09-30';
09/09/2024 15:27:41	SQL :EXEC GetRunningDaysDetail 'BS17100018',@FromDate='2024-09-01',@ToDate='2024-09-30';
09/09/2024 15:27:41	SQL :EXEC GetRunningDaysDetail 'BS1118050002',@FromDate='2024-09-01',@ToDate='2024-09-30';
09/09/2024 15:27:42	SQL :EXEC GetRunningDaysDetail 'BS1118070003',@FromDate='2024-09-01',@ToDate='2024-09-30';
09/09/2024 15:27:42	SQL :EXEC GetRunningDaysDetail 'BS15070004',@FromDate='2024-09-01',@ToDate='2024-09-30';
09/09/2024 15:27:43	SQL :EXEC GetRunningDaysDetail 'BU00000004',@FromDate='2024-09-01',@ToDate='2024-09-30';
09/09/2024 15:27:43	SQL :EXEC GetRunningDaysDetail 'BS1121090001',@FromDate='2024-09-01',@ToDate='2024-09-30';
09/09/2024 15:31:46	Message:Port Check
09/09/2024 15:33:04	Open Menu :150304
09/09/2024 15:33:04	Open DB Connection
09/09/2024 15:33:26	SQL :EXEC AuthMenu 'irvan.ruswanto',150304;
09/09/2024 15:33:26	Form Check :WorkOrderList
09/09/2024 15:33:26	Form Open: WorkOrderList=,,9,0
09/09/2024 15:33:26	Open DB Connection
09/09/2024 15:33:26	SQL :EXEC GetCompanyLocationList
09/09/2024 15:33:26	Open DB Connection
09/09/2024 15:35:05	Open DB Connection
09/09/2024 15:40:03	Form Check :ChatClient
09/09/2024 15:40:04	Form Check :AuthorizedForm
09/09/2024 15:40:04	Form Check :RePrintForm
09/09/2024 15:40:04	Form Check :EmployeeSearch
09/09/2024 15:40:04	Form Check :TimeInputForm
09/09/2024 15:40:04	Log Out
09/09/2024 15:40:06	Start Return Local Settings
09/09/2024 15:40:06	Finish Return Local Settings
09/09/2024 15:40:06	Destroying Object
09/09/2024 15:40:06	Closing Apps
